ISO-10303-21;
HEADER;
/* Generated by software containing HOOPS Exchange Step
 * from HOOPS Exchange, Inc. (www.tiangong.cloud) 
 */

FILE_DESCRIPTION(
/* description */ ('Unknown'),
/* implementation_level */ '2;1');

FILE_NAME(
/* name */ 'T\X2\94F890206ED157575EA7\X0\',
/* time_stamp */ '2025-09-21T13:48:01+08:00',
/* author */ ('Unknown'),
/* organization */ ('Unknown'),
/* preprocessor_version */ 'ST-DEVELOPER v19.4',
/* originating_system */ 'TianGong',
/* authorisation */ 'Unknown');

FILE_SCHEMA (('AUTOMOTIVE_DESIGN {1 0 10303 214 3 1 1}'));
ENDSEC;

DATA;
#10=PROPERTY_DEFINITION_REPRESENTATION(#14,#12);
#11=PROPERTY_DEFINITION_REPRESENTATION(#15,#13);
#12=REPRESENTATION('',(#16),#2486);
#13=REPRESENTATION('',(#17),#2486);
#14=PROPERTY_DEFINITION('pmi validation property','',#2491);
#15=PROPERTY_DEFINITION('pmi validation property','',#2491);
#16=VALUE_REPRESENTATION_ITEM('number of annotations',COUNT_MEASURE(0.));
#17=VALUE_REPRESENTATION_ITEM('number of views',COUNT_MEASURE(0.));
#18=SHAPE_REPRESENTATION_RELATIONSHIP('','',#1424,#19);
#19=ADVANCED_BREP_SHAPE_REPRESENTATION('',(#1421,#1422),#2486);
#20=ELLIPSE('',#1505,1.56466181368938,1.1063829787234);
#21=ELLIPSE('',#1511,1.56466181368938,1.1063829787234);
#22=ELLIPSE('',#1521,1.56466181368938,1.1063829787234);
#23=ELLIPSE('',#1524,1.56466181368938,1.1063829787234);
#24=TOROIDAL_SURFACE('',#1467,24.8947785690092,2.21276595744681);
#25=TOROIDAL_SURFACE('',#1472,24.8947785690092,2.21276595744681);
#26=TOROIDAL_SURFACE('',#1545,24.3936170212766,1.1063829787234);
#27=TOROIDAL_SURFACE('',#1546,24.3936170212766,1.1063829787234);
#28=TOROIDAL_SURFACE('',#1565,33.8936170212766,1.1063829787234);
#29=TOROIDAL_SURFACE('',#1576,33.8936170212766,1.1063829787234);
#30=SPHERICAL_SURFACE('',#1464,26.);
#31=SPHERICAL_SURFACE('',#1507,1.1063829787234);
#32=SPHERICAL_SURFACE('',#1513,1.1063829787234);
#33=SPHERICAL_SURFACE('',#1518,1.1063829787234);
#34=SPHERICAL_SURFACE('',#1525,1.1063829787234);
#35=SPHERICAL_SURFACE('',#1539,1.1063829787234);
#36=SPHERICAL_SURFACE('',#1541,1.1063829787234);
#37=SPHERICAL_SURFACE('',#1551,1.1063829787234);
#38=SPHERICAL_SURFACE('',#1553,1.1063829787234);
#39=SPHERICAL_SURFACE('',#1562,1.1063829787234);
#40=SPHERICAL_SURFACE('',#1568,1.1063829787234);
#41=SPHERICAL_SURFACE('',#1573,1.1063829787234);
#42=SPHERICAL_SURFACE('',#1579,1.1063829787234);
#43=PLANE('',#1429);
#44=PLANE('',#1436);
#45=PLANE('',#1443);
#46=PLANE('',#1444);
#47=PLANE('',#1445);
#48=PLANE('',#1446);
#49=PLANE('',#1447);
#50=PLANE('',#1448);
#51=PLANE('',#1449);
#52=PLANE('',#1450);
#53=PLANE('',#1451);
#54=PLANE('',#1452);
#55=PLANE('',#1453);
#56=PLANE('',#1457);
#57=PLANE('',#1458);
#58=PLANE('',#1459);
#59=PLANE('',#1460);
#60=PLANE('',#1473);
#61=PLANE('',#1476);
#62=PLANE('',#1477);
#63=PLANE('',#1480);
#64=PLANE('',#1483);
#65=PLANE('',#1484);
#66=PLANE('',#1586);
#67=PLANE('',#1590);
#68=PLANE('',#1591);
#69=B_SPLINE_CURVE_WITH_KNOTS('',3,(#2042,#2043,#2044,#2045,#2046,#2047,
#2048,#2049,#2050,#2051,#2052),.UNSPECIFIED.,.T.,.F.,(1,1,1,1,1,1,1,1,1,
1,1,1,1,1,1),(-0.00351726665266239,-0.00234484443510826,-0.00117242221755413,
0.,0.00117242221755413,0.00234484443510826,0.00351726665266239,0.00468968887021652,
0.00586211108777064,0.00703453330532477,0.0082069555228789,0.00937937774043303,
0.0105517999579872,0.0117242221755413,0.0128966443930954),.UNSPECIFIED.);
#70=B_SPLINE_CURVE_WITH_KNOTS('',3,(#2298,#2299,#2300,#2301,#2302,#2303,
#2304,#2305,#2306,#2307,#2308),.UNSPECIFIED.,.T.,.F.,(1,1,1,1,1,1,1,1,1,
1,1,1,1,1,1),(-0.00352523475302025,-0.0023501565020135,-0.00117507825100675,
0.,0.00117507825100675,0.0023501565020135,0.00352523475302025,0.004700313004027,
0.00587539125503375,0.0070504695060405,0.00822554775704724,0.00940062600805399,
0.0105757042590607,0.0117507825100675,0.0129258607610742),.UNSPECIFIED.);
#71=B_SPLINE_CURVE_WITH_KNOTS('',3,(#2393,#2394,#2395,#2396,#2397),
 .UNSPECIFIED.,.F.,.F.,(4,1,4),(0.,0.000895858618085144,0.00179171723617029),
 .UNSPECIFIED.);
#72=B_SPLINE_CURVE_WITH_KNOTS('',3,(#2399,#2400,#2401,#2402,#2403),
 .UNSPECIFIED.,.F.,.F.,(4,1,4),(0.,0.000895858618085148,0.0017917172361703),
 .UNSPECIFIED.);
#73=B_SPLINE_CURVE_WITH_KNOTS('',3,(#2405,#2406,#2407,#2408,#2409),
 .UNSPECIFIED.,.F.,.F.,(4,1,4),(0.,0.000895858618085148,0.0017917172361703),
 .UNSPECIFIED.);
#74=B_SPLINE_CURVE_WITH_KNOTS('',3,(#2411,#2412,#2413,#2414,#2415),
 .UNSPECIFIED.,.F.,.F.,(4,1,4),(0.,0.000895858618085148,0.0017917172361703),
 .UNSPECIFIED.);
#75=B_SPLINE_CURVE_WITH_KNOTS('',3,(#2434,#2435,#2436,#2437,#2438),
 .UNSPECIFIED.,.F.,.F.,(4,1,4),(0.,0.00088268627123715,0.0017653725424743),
 .UNSPECIFIED.);
#76=B_SPLINE_CURVE_WITH_KNOTS('',3,(#2440,#2441,#2442,#2443,#2444),
 .UNSPECIFIED.,.F.,.F.,(4,1,4),(0.,0.00088268627123715,0.0017653725424743),
 .UNSPECIFIED.);
#77=B_SPLINE_CURVE_WITH_KNOTS('',3,(#2455,#2456,#2457,#2458,#2459),
 .UNSPECIFIED.,.F.,.F.,(4,1,4),(0.,0.000882686271237152,0.0017653725424743),
 .UNSPECIFIED.);
#78=B_SPLINE_CURVE_WITH_KNOTS('',3,(#2461,#2462,#2463,#2464,#2465),
 .UNSPECIFIED.,.F.,.F.,(4,1,4),(0.,0.000882686271237152,0.0017653725424743),
 .UNSPECIFIED.);
#79=CIRCLE('',#1427,35.);
#80=CIRCLE('',#1428,35.);
#81=CIRCLE('',#1430,27.107544526456);
#82=CIRCLE('',#1431,33.8936170212766);
#83=CIRCLE('',#1432,1.1063829787234);
#84=CIRCLE('',#1433,1.1063829787234);
#85=CIRCLE('',#1434,1.1063829787234);
#86=CIRCLE('',#1435,1.1063829787234);
#87=CIRCLE('',#1437,27.107544526456);
#88=CIRCLE('',#1438,33.8936170212766);
#89=CIRCLE('',#1439,1.1063829787234);
#90=CIRCLE('',#1440,1.1063829787234);
#91=CIRCLE('',#1441,1.1063829787234);
#92=CIRCLE('',#1442,1.1063829787234);
#93=CIRCLE('',#1454,9.);
#94=CIRCLE('',#1455,25.5);
#95=CIRCLE('',#1456,25.5);
#96=CIRCLE('',#1461,24.3936170212766);
#97=CIRCLE('',#1462,24.3936170212766);
#98=CIRCLE('',#1463,9.);
#99=CIRCLE('',#1465,24.8947785690092);
#100=CIRCLE('',#1466,24.8947785690092);
#101=CIRCLE('',#1468,27.107544526456);
#102=CIRCLE('',#1471,27.107544526456);
#103=CIRCLE('',#1474,1.1063829787234);
#104=CIRCLE('',#1475,1.1063829787234);
#105=CIRCLE('',#1478,1.1063829787234);
#106=CIRCLE('',#1479,1.1063829787234);
#107=CIRCLE('',#1481,1.1063829787234);
#108=CIRCLE('',#1482,1.1063829787234);
#109=CIRCLE('',#1485,1.1063829787234);
#110=CIRCLE('',#1486,1.1063829787234);
#111=CIRCLE('',#1488,25.5);
#112=CIRCLE('',#1490,25.5);
#113=CIRCLE('',#1493,1.1063829787234);
#114=CIRCLE('',#1494,1.1063829787234);
#115=CIRCLE('',#1496,1.1063829787234);
#116=CIRCLE('',#1497,1.1063829787234);
#117=CIRCLE('',#1499,1.1063829787234);
#118=CIRCLE('',#1500,1.1063829787234);
#119=CIRCLE('',#1502,1.1063829787234);
#120=CIRCLE('',#1503,1.1063829787234);
#121=CIRCLE('',#1506,1.1063829787234);
#122=CIRCLE('',#1508,1.1063829787234);
#123=CIRCLE('',#1512,1.1063829787234);
#124=CIRCLE('',#1514,1.1063829787234);
#125=CIRCLE('',#1517,1.1063829787234);
#126=CIRCLE('',#1519,1.1063829787234);
#127=CIRCLE('',#1523,1.1063829787234);
#128=CIRCLE('',#1526,1.1063829787234);
#129=CIRCLE('',#1529,1.1063829787234);
#130=CIRCLE('',#1531,1.1063829787234);
#131=CIRCLE('',#1533,1.1063829787234);
#132=CIRCLE('',#1535,1.1063829787234);
#133=CIRCLE('',#1537,1.1063829787234);
#134=CIRCLE('',#1538,1.1063829787234);
#135=CIRCLE('',#1540,1.1063829787234);
#136=CIRCLE('',#1542,1.1063829787234);
#137=CIRCLE('',#1548,1.1063829787234);
#138=CIRCLE('',#1550,1.1063829787234);
#139=CIRCLE('',#1552,1.1063829787234);
#140=CIRCLE('',#1554,1.1063829787234);
#141=CIRCLE('',#1561,1.1063829787234);
#142=CIRCLE('',#1563,1.1063829787234);
#143=CIRCLE('',#1567,1.1063829787234);
#144=CIRCLE('',#1569,1.1063829787234);
#145=CIRCLE('',#1572,1.1063829787234);
#146=CIRCLE('',#1574,1.1063829787234);
#147=CIRCLE('',#1578,1.1063829787234);
#148=CIRCLE('',#1580,1.1063829787234);
#149=CIRCLE('',#1584,2.50000000000096);
#150=CIRCLE('',#1585,2.50000000000096);
#151=CIRCLE('',#1587,1.45000000000097);
#152=CIRCLE('',#1589,1.45000000000096);
#153=ORIENTED_EDGE('',*,*,#541,.F.);
#154=ORIENTED_EDGE('',*,*,#542,.T.);
#155=ORIENTED_EDGE('',*,*,#543,.F.);
#156=ORIENTED_EDGE('',*,*,#544,.T.);
#157=ORIENTED_EDGE('',*,*,#545,.T.);
#158=ORIENTED_EDGE('',*,*,#546,.F.);
#159=ORIENTED_EDGE('',*,*,#547,.T.);
#160=ORIENTED_EDGE('',*,*,#548,.T.);
#161=ORIENTED_EDGE('',*,*,#549,.T.);
#162=ORIENTED_EDGE('',*,*,#550,.T.);
#163=ORIENTED_EDGE('',*,*,#551,.T.);
#164=ORIENTED_EDGE('',*,*,#552,.T.);
#165=ORIENTED_EDGE('',*,*,#553,.F.);
#166=ORIENTED_EDGE('',*,*,#554,.T.);
#167=ORIENTED_EDGE('',*,*,#555,.T.);
#168=ORIENTED_EDGE('',*,*,#556,.T.);
#169=ORIENTED_EDGE('',*,*,#557,.T.);
#170=ORIENTED_EDGE('',*,*,#558,.T.);
#171=ORIENTED_EDGE('',*,*,#559,.T.);
#172=ORIENTED_EDGE('',*,*,#560,.T.);
#173=ORIENTED_EDGE('',*,*,#561,.T.);
#174=ORIENTED_EDGE('',*,*,#562,.T.);
#175=ORIENTED_EDGE('',*,*,#563,.F.);
#176=ORIENTED_EDGE('',*,*,#564,.T.);
#177=ORIENTED_EDGE('',*,*,#565,.T.);
#178=ORIENTED_EDGE('',*,*,#566,.T.);
#179=ORIENTED_EDGE('',*,*,#567,.T.);
#180=ORIENTED_EDGE('',*,*,#568,.T.);
#181=ORIENTED_EDGE('',*,*,#569,.T.);
#182=ORIENTED_EDGE('',*,*,#570,.T.);
#183=ORIENTED_EDGE('',*,*,#571,.T.);
#184=ORIENTED_EDGE('',*,*,#572,.T.);
#185=ORIENTED_EDGE('',*,*,#573,.T.);
#186=ORIENTED_EDGE('',*,*,#574,.T.);
#187=ORIENTED_EDGE('',*,*,#575,.T.);
#188=ORIENTED_EDGE('',*,*,#576,.T.);
#189=ORIENTED_EDGE('',*,*,#577,.F.);
#190=ORIENTED_EDGE('',*,*,#578,.T.);
#191=ORIENTED_EDGE('',*,*,#579,.F.);
#192=ORIENTED_EDGE('',*,*,#580,.T.);
#193=ORIENTED_EDGE('',*,*,#581,.F.);
#194=ORIENTED_EDGE('',*,*,#582,.T.);
#195=ORIENTED_EDGE('',*,*,#583,.F.);
#196=ORIENTED_EDGE('',*,*,#584,.T.);
#197=ORIENTED_EDGE('',*,*,#585,.F.);
#198=ORIENTED_EDGE('',*,*,#586,.T.);
#199=ORIENTED_EDGE('',*,*,#587,.T.);
#200=ORIENTED_EDGE('',*,*,#588,.T.);
#201=ORIENTED_EDGE('',*,*,#589,.T.);
#202=ORIENTED_EDGE('',*,*,#590,.T.);
#203=ORIENTED_EDGE('',*,*,#591,.T.);
#204=ORIENTED_EDGE('',*,*,#592,.F.);
#205=ORIENTED_EDGE('',*,*,#593,.T.);
#206=ORIENTED_EDGE('',*,*,#594,.T.);
#207=ORIENTED_EDGE('',*,*,#595,.T.);
#208=ORIENTED_EDGE('',*,*,#596,.T.);
#209=ORIENTED_EDGE('',*,*,#597,.T.);
#210=ORIENTED_EDGE('',*,*,#598,.T.);
#211=ORIENTED_EDGE('',*,*,#599,.T.);
#212=ORIENTED_EDGE('',*,*,#600,.T.);
#213=ORIENTED_EDGE('',*,*,#601,.T.);
#214=ORIENTED_EDGE('',*,*,#602,.T.);
#215=ORIENTED_EDGE('',*,*,#603,.T.);
#216=ORIENTED_EDGE('',*,*,#604,.T.);
#217=ORIENTED_EDGE('',*,*,#605,.T.);
#218=ORIENTED_EDGE('',*,*,#606,.T.);
#219=ORIENTED_EDGE('',*,*,#607,.T.);
#220=ORIENTED_EDGE('',*,*,#608,.F.);
#221=ORIENTED_EDGE('',*,*,#609,.T.);
#222=ORIENTED_EDGE('',*,*,#610,.T.);
#223=ORIENTED_EDGE('',*,*,#611,.T.);
#224=ORIENTED_EDGE('',*,*,#612,.F.);
#225=ORIENTED_EDGE('',*,*,#613,.T.);
#226=ORIENTED_EDGE('',*,*,#614,.T.);
#227=ORIENTED_EDGE('',*,*,#541,.T.);
#228=ORIENTED_EDGE('',*,*,#615,.T.);
#229=ORIENTED_EDGE('',*,*,#616,.T.);
#230=ORIENTED_EDGE('',*,*,#617,.F.);
#231=ORIENTED_EDGE('',*,*,#618,.F.);
#232=ORIENTED_EDGE('',*,*,#619,.T.);
#233=ORIENTED_EDGE('',*,*,#620,.T.);
#234=ORIENTED_EDGE('',*,*,#621,.T.);
#235=ORIENTED_EDGE('',*,*,#622,.T.);
#236=ORIENTED_EDGE('',*,*,#623,.T.);
#237=ORIENTED_EDGE('',*,*,#624,.T.);
#238=ORIENTED_EDGE('',*,*,#625,.T.);
#239=ORIENTED_EDGE('',*,*,#543,.T.);
#240=ORIENTED_EDGE('',*,*,#626,.T.);
#241=ORIENTED_EDGE('',*,*,#627,.T.);
#242=ORIENTED_EDGE('',*,*,#628,.T.);
#243=ORIENTED_EDGE('',*,*,#598,.F.);
#244=ORIENTED_EDGE('',*,*,#629,.T.);
#245=ORIENTED_EDGE('',*,*,#630,.T.);
#246=ORIENTED_EDGE('',*,*,#631,.T.);
#247=ORIENTED_EDGE('',*,*,#632,.T.);
#248=ORIENTED_EDGE('',*,*,#633,.F.);
#249=ORIENTED_EDGE('',*,*,#634,.T.);
#250=ORIENTED_EDGE('',*,*,#635,.T.);
#251=ORIENTED_EDGE('',*,*,#636,.F.);
#252=ORIENTED_EDGE('',*,*,#637,.T.);
#253=ORIENTED_EDGE('',*,*,#638,.T.);
#254=ORIENTED_EDGE('',*,*,#639,.F.);
#255=ORIENTED_EDGE('',*,*,#640,.F.);
#256=ORIENTED_EDGE('',*,*,#641,.T.);
#257=ORIENTED_EDGE('',*,*,#642,.T.);
#258=ORIENTED_EDGE('',*,*,#643,.T.);
#259=ORIENTED_EDGE('',*,*,#636,.T.);
#260=ORIENTED_EDGE('',*,*,#644,.F.);
#261=ORIENTED_EDGE('',*,*,#585,.T.);
#262=ORIENTED_EDGE('',*,*,#645,.T.);
#263=ORIENTED_EDGE('',*,*,#554,.F.);
#264=ORIENTED_EDGE('',*,*,#646,.T.);
#265=ORIENTED_EDGE('',*,*,#562,.F.);
#266=ORIENTED_EDGE('',*,*,#647,.T.);
#267=ORIENTED_EDGE('',*,*,#577,.T.);
#268=ORIENTED_EDGE('',*,*,#648,.T.);
#269=ORIENTED_EDGE('',*,*,#556,.F.);
#270=ORIENTED_EDGE('',*,*,#649,.T.);
#271=ORIENTED_EDGE('',*,*,#583,.T.);
#272=ORIENTED_EDGE('',*,*,#650,.T.);
#273=ORIENTED_EDGE('',*,*,#581,.T.);
#274=ORIENTED_EDGE('',*,*,#651,.T.);
#275=ORIENTED_EDGE('',*,*,#558,.F.);
#276=ORIENTED_EDGE('',*,*,#652,.T.);
#277=ORIENTED_EDGE('',*,*,#560,.F.);
#278=ORIENTED_EDGE('',*,*,#653,.T.);
#279=ORIENTED_EDGE('',*,*,#579,.T.);
#280=ORIENTED_EDGE('',*,*,#654,.T.);
#281=ORIENTED_EDGE('',*,*,#655,.T.);
#282=ORIENTED_EDGE('',*,*,#656,.T.);
#283=ORIENTED_EDGE('',*,*,#657,.T.);
#284=ORIENTED_EDGE('',*,*,#658,.T.);
#285=ORIENTED_EDGE('',*,*,#659,.T.);
#286=ORIENTED_EDGE('',*,*,#660,.T.);
#287=ORIENTED_EDGE('',*,*,#661,.T.);
#288=ORIENTED_EDGE('',*,*,#662,.T.);
#289=ORIENTED_EDGE('',*,*,#663,.T.);
#290=ORIENTED_EDGE('',*,*,#664,.T.);
#291=ORIENTED_EDGE('',*,*,#665,.F.);
#292=ORIENTED_EDGE('',*,*,#666,.T.);
#293=ORIENTED_EDGE('',*,*,#667,.T.);
#294=ORIENTED_EDGE('',*,*,#664,.F.);
#295=ORIENTED_EDGE('',*,*,#546,.T.);
#296=ORIENTED_EDGE('',*,*,#667,.F.);
#297=ORIENTED_EDGE('',*,*,#668,.T.);
#298=ORIENTED_EDGE('',*,*,#569,.F.);
#299=ORIENTED_EDGE('',*,*,#665,.T.);
#300=ORIENTED_EDGE('',*,*,#668,.F.);
#301=ORIENTED_EDGE('',*,*,#606,.F.);
#302=ORIENTED_EDGE('',*,*,#669,.T.);
#303=ORIENTED_EDGE('',*,*,#612,.T.);
#304=ORIENTED_EDGE('',*,*,#670,.T.);
#305=ORIENTED_EDGE('',*,*,#601,.F.);
#306=ORIENTED_EDGE('',*,*,#671,.T.);
#307=ORIENTED_EDGE('',*,*,#618,.T.);
#308=ORIENTED_EDGE('',*,*,#672,.T.);
#309=ORIENTED_EDGE('',*,*,#602,.F.);
#310=ORIENTED_EDGE('',*,*,#670,.F.);
#311=ORIENTED_EDGE('',*,*,#617,.T.);
#312=ORIENTED_EDGE('',*,*,#673,.T.);
#313=ORIENTED_EDGE('',*,*,#608,.T.);
#314=ORIENTED_EDGE('',*,*,#674,.T.);
#315=ORIENTED_EDGE('',*,*,#603,.F.);
#316=ORIENTED_EDGE('',*,*,#672,.F.);
#317=ORIENTED_EDGE('',*,*,#621,.F.);
#318=ORIENTED_EDGE('',*,*,#675,.T.);
#319=ORIENTED_EDGE('',*,*,#592,.T.);
#320=ORIENTED_EDGE('',*,*,#676,.T.);
#321=ORIENTED_EDGE('',*,*,#633,.T.);
#322=ORIENTED_EDGE('',*,*,#677,.F.);
#323=ORIENTED_EDGE('',*,*,#677,.T.);
#324=ORIENTED_EDGE('',*,*,#640,.T.);
#325=ORIENTED_EDGE('',*,*,#678,.F.);
#326=ORIENTED_EDGE('',*,*,#622,.F.);
#327=ORIENTED_EDGE('',*,*,#631,.F.);
#328=ORIENTED_EDGE('',*,*,#679,.T.);
#329=ORIENTED_EDGE('',*,*,#623,.F.);
#330=ORIENTED_EDGE('',*,*,#678,.T.);
#331=ORIENTED_EDGE('',*,*,#639,.T.);
#332=ORIENTED_EDGE('',*,*,#680,.T.);
#333=ORIENTED_EDGE('',*,*,#576,.F.);
#334=ORIENTED_EDGE('',*,*,#681,.T.);
#335=ORIENTED_EDGE('',*,*,#586,.F.);
#336=ORIENTED_EDGE('',*,*,#648,.F.);
#337=ORIENTED_EDGE('',*,*,#553,.T.);
#338=ORIENTED_EDGE('',*,*,#682,.T.);
#339=ORIENTED_EDGE('',*,*,#563,.T.);
#340=ORIENTED_EDGE('',*,*,#646,.F.);
#341=ORIENTED_EDGE('',*,*,#644,.T.);
#342=ORIENTED_EDGE('',*,*,#663,.F.);
#343=ORIENTED_EDGE('',*,*,#610,.F.);
#344=ORIENTED_EDGE('',*,*,#683,.T.);
#345=ORIENTED_EDGE('',*,*,#567,.F.);
#346=ORIENTED_EDGE('',*,*,#684,.T.);
#347=ORIENTED_EDGE('',*,*,#594,.F.);
#348=ORIENTED_EDGE('',*,*,#685,.T.);
#349=ORIENTED_EDGE('',*,*,#590,.F.);
#350=ORIENTED_EDGE('',*,*,#686,.T.);
#351=ORIENTED_EDGE('',*,*,#549,.F.);
#352=ORIENTED_EDGE('',*,*,#687,.T.);
#353=ORIENTED_EDGE('',*,*,#629,.F.);
#354=ORIENTED_EDGE('',*,*,#688,.T.);
#355=ORIENTED_EDGE('',*,*,#572,.F.);
#356=ORIENTED_EDGE('',*,*,#689,.T.);
#357=ORIENTED_EDGE('',*,*,#604,.F.);
#358=ORIENTED_EDGE('',*,*,#690,.T.);
#359=ORIENTED_EDGE('',*,*,#637,.F.);
#360=ORIENTED_EDGE('',*,*,#691,.T.);
#361=ORIENTED_EDGE('',*,*,#550,.F.);
#362=ORIENTED_EDGE('',*,*,#692,.F.);
#363=ORIENTED_EDGE('',*,*,#692,.T.);
#364=ORIENTED_EDGE('',*,*,#688,.F.);
#365=ORIENTED_EDGE('',*,*,#693,.F.);
#366=ORIENTED_EDGE('',*,*,#693,.T.);
#367=ORIENTED_EDGE('',*,*,#632,.F.);
#368=ORIENTED_EDGE('',*,*,#680,.F.);
#369=ORIENTED_EDGE('',*,*,#638,.F.);
#370=ORIENTED_EDGE('',*,*,#599,.F.);
#371=ORIENTED_EDGE('',*,*,#694,.T.);
#372=ORIENTED_EDGE('',*,*,#573,.F.);
#373=ORIENTED_EDGE('',*,*,#695,.F.);
#374=ORIENTED_EDGE('',*,*,#695,.T.);
#375=ORIENTED_EDGE('',*,*,#690,.F.);
#376=ORIENTED_EDGE('',*,*,#696,.F.);
#377=ORIENTED_EDGE('',*,*,#671,.F.);
#378=ORIENTED_EDGE('',*,*,#600,.F.);
#379=ORIENTED_EDGE('',*,*,#696,.T.);
#380=ORIENTED_EDGE('',*,*,#607,.F.);
#381=ORIENTED_EDGE('',*,*,#674,.F.);
#382=ORIENTED_EDGE('',*,*,#611,.F.);
#383=ORIENTED_EDGE('',*,*,#697,.F.);
#384=ORIENTED_EDGE('',*,*,#596,.F.);
#385=ORIENTED_EDGE('',*,*,#697,.T.);
#386=ORIENTED_EDGE('',*,*,#684,.F.);
#387=ORIENTED_EDGE('',*,*,#698,.F.);
#388=ORIENTED_EDGE('',*,*,#566,.F.);
#389=ORIENTED_EDGE('',*,*,#699,.T.);
#390=ORIENTED_EDGE('',*,*,#597,.F.);
#391=ORIENTED_EDGE('',*,*,#698,.T.);
#392=ORIENTED_EDGE('',*,*,#700,.F.);
#393=ORIENTED_EDGE('',*,*,#589,.F.);
#394=ORIENTED_EDGE('',*,*,#701,.T.);
#395=ORIENTED_EDGE('',*,*,#635,.F.);
#396=ORIENTED_EDGE('',*,*,#686,.F.);
#397=ORIENTED_EDGE('',*,*,#700,.T.);
#398=ORIENTED_EDGE('',*,*,#702,.F.);
#399=ORIENTED_EDGE('',*,*,#676,.F.);
#400=ORIENTED_EDGE('',*,*,#595,.F.);
#401=ORIENTED_EDGE('',*,*,#702,.T.);
#402=ORIENTED_EDGE('',*,*,#634,.F.);
#403=ORIENTED_EDGE('',*,*,#628,.F.);
#404=ORIENTED_EDGE('',*,*,#703,.T.);
#405=ORIENTED_EDGE('',*,*,#574,.F.);
#406=ORIENTED_EDGE('',*,*,#694,.F.);
#407=ORIENTED_EDGE('',*,*,#588,.F.);
#408=ORIENTED_EDGE('',*,*,#704,.T.);
#409=ORIENTED_EDGE('',*,*,#641,.F.);
#410=ORIENTED_EDGE('',*,*,#701,.F.);
#411=ORIENTED_EDGE('',*,*,#643,.F.);
#412=ORIENTED_EDGE('',*,*,#705,.T.);
#413=ORIENTED_EDGE('',*,*,#551,.F.);
#414=ORIENTED_EDGE('',*,*,#691,.F.);
#415=ORIENTED_EDGE('',*,*,#565,.F.);
#416=ORIENTED_EDGE('',*,*,#706,.T.);
#417=ORIENTED_EDGE('',*,*,#626,.F.);
#418=ORIENTED_EDGE('',*,*,#699,.F.);
#419=ORIENTED_EDGE('',*,*,#707,.F.);
#420=ORIENTED_EDGE('',*,*,#627,.F.);
#421=ORIENTED_EDGE('',*,*,#708,.F.);
#422=ORIENTED_EDGE('',*,*,#660,.F.);
#423=ORIENTED_EDGE('',*,*,#708,.T.);
#424=ORIENTED_EDGE('',*,*,#706,.F.);
#425=ORIENTED_EDGE('',*,*,#709,.F.);
#426=ORIENTED_EDGE('',*,*,#703,.F.);
#427=ORIENTED_EDGE('',*,*,#707,.T.);
#428=ORIENTED_EDGE('',*,*,#710,.F.);
#429=ORIENTED_EDGE('',*,*,#709,.T.);
#430=ORIENTED_EDGE('',*,*,#564,.F.);
#431=ORIENTED_EDGE('',*,*,#711,.F.);
#432=ORIENTED_EDGE('',*,*,#661,.F.);
#433=ORIENTED_EDGE('',*,*,#710,.T.);
#434=ORIENTED_EDGE('',*,*,#659,.F.);
#435=ORIENTED_EDGE('',*,*,#712,.F.);
#436=ORIENTED_EDGE('',*,*,#575,.F.);
#437=ORIENTED_EDGE('',*,*,#711,.T.);
#438=ORIENTED_EDGE('',*,*,#682,.F.);
#439=ORIENTED_EDGE('',*,*,#713,.F.);
#440=ORIENTED_EDGE('',*,*,#662,.F.);
#441=ORIENTED_EDGE('',*,*,#712,.T.);
#442=ORIENTED_EDGE('',*,*,#658,.F.);
#443=ORIENTED_EDGE('',*,*,#714,.F.);
#444=ORIENTED_EDGE('',*,*,#681,.F.);
#445=ORIENTED_EDGE('',*,*,#713,.T.);
#446=ORIENTED_EDGE('',*,*,#552,.F.);
#447=ORIENTED_EDGE('',*,*,#715,.F.);
#448=ORIENTED_EDGE('',*,*,#655,.F.);
#449=ORIENTED_EDGE('',*,*,#714,.T.);
#450=ORIENTED_EDGE('',*,*,#657,.F.);
#451=ORIENTED_EDGE('',*,*,#716,.F.);
#452=ORIENTED_EDGE('',*,*,#587,.F.);
#453=ORIENTED_EDGE('',*,*,#715,.T.);
#454=ORIENTED_EDGE('',*,*,#705,.F.);
#455=ORIENTED_EDGE('',*,*,#717,.F.);
#456=ORIENTED_EDGE('',*,*,#704,.F.);
#457=ORIENTED_EDGE('',*,*,#716,.T.);
#458=ORIENTED_EDGE('',*,*,#718,.F.);
#459=ORIENTED_EDGE('',*,*,#717,.T.);
#460=ORIENTED_EDGE('',*,*,#642,.F.);
#461=ORIENTED_EDGE('',*,*,#718,.T.);
#462=ORIENTED_EDGE('',*,*,#656,.F.);
#463=ORIENTED_EDGE('',*,*,#561,.F.);
#464=ORIENTED_EDGE('',*,*,#654,.F.);
#465=ORIENTED_EDGE('',*,*,#578,.F.);
#466=ORIENTED_EDGE('',*,*,#647,.F.);
#467=ORIENTED_EDGE('',*,*,#557,.F.);
#468=ORIENTED_EDGE('',*,*,#650,.F.);
#469=ORIENTED_EDGE('',*,*,#582,.F.);
#470=ORIENTED_EDGE('',*,*,#652,.F.);
#471=ORIENTED_EDGE('',*,*,#555,.F.);
#472=ORIENTED_EDGE('',*,*,#645,.F.);
#473=ORIENTED_EDGE('',*,*,#584,.F.);
#474=ORIENTED_EDGE('',*,*,#649,.F.);
#475=ORIENTED_EDGE('',*,*,#559,.F.);
#476=ORIENTED_EDGE('',*,*,#651,.F.);
#477=ORIENTED_EDGE('',*,*,#580,.F.);
#478=ORIENTED_EDGE('',*,*,#653,.F.);
#479=ORIENTED_EDGE('',*,*,#719,.F.);
#480=ORIENTED_EDGE('',*,*,#609,.F.);
#481=ORIENTED_EDGE('',*,*,#673,.F.);
#482=ORIENTED_EDGE('',*,*,#616,.F.);
#483=ORIENTED_EDGE('',*,*,#683,.F.);
#484=ORIENTED_EDGE('',*,*,#719,.T.);
#485=ORIENTED_EDGE('',*,*,#720,.F.);
#486=ORIENTED_EDGE('',*,*,#720,.T.);
#487=ORIENTED_EDGE('',*,*,#615,.F.);
#488=ORIENTED_EDGE('',*,*,#721,.F.);
#489=ORIENTED_EDGE('',*,*,#568,.F.);
#490=ORIENTED_EDGE('',*,*,#721,.T.);
#491=ORIENTED_EDGE('',*,*,#544,.F.);
#492=ORIENTED_EDGE('',*,*,#722,.F.);
#493=ORIENTED_EDGE('',*,*,#547,.F.);
#494=ORIENTED_EDGE('',*,*,#723,.F.);
#495=ORIENTED_EDGE('',*,*,#548,.F.);
#496=ORIENTED_EDGE('',*,*,#722,.T.);
#497=ORIENTED_EDGE('',*,*,#625,.F.);
#498=ORIENTED_EDGE('',*,*,#687,.F.);
#499=ORIENTED_EDGE('',*,*,#723,.T.);
#500=ORIENTED_EDGE('',*,*,#724,.F.);
#501=ORIENTED_EDGE('',*,*,#724,.T.);
#502=ORIENTED_EDGE('',*,*,#624,.F.);
#503=ORIENTED_EDGE('',*,*,#679,.F.);
#504=ORIENTED_EDGE('',*,*,#630,.F.);
#505=ORIENTED_EDGE('',*,*,#725,.F.);
#506=ORIENTED_EDGE('',*,*,#593,.F.);
#507=ORIENTED_EDGE('',*,*,#675,.F.);
#508=ORIENTED_EDGE('',*,*,#620,.F.);
#509=ORIENTED_EDGE('',*,*,#685,.F.);
#510=ORIENTED_EDGE('',*,*,#725,.T.);
#511=ORIENTED_EDGE('',*,*,#726,.F.);
#512=ORIENTED_EDGE('',*,*,#726,.T.);
#513=ORIENTED_EDGE('',*,*,#619,.F.);
#514=ORIENTED_EDGE('',*,*,#727,.F.);
#515=ORIENTED_EDGE('',*,*,#591,.F.);
#516=ORIENTED_EDGE('',*,*,#727,.T.);
#517=ORIENTED_EDGE('',*,*,#542,.F.);
#518=ORIENTED_EDGE('',*,*,#728,.F.);
#519=ORIENTED_EDGE('',*,*,#570,.F.);
#520=ORIENTED_EDGE('',*,*,#729,.F.);
#521=ORIENTED_EDGE('',*,*,#571,.F.);
#522=ORIENTED_EDGE('',*,*,#728,.T.);
#523=ORIENTED_EDGE('',*,*,#614,.F.);
#524=ORIENTED_EDGE('',*,*,#689,.F.);
#525=ORIENTED_EDGE('',*,*,#729,.T.);
#526=ORIENTED_EDGE('',*,*,#730,.F.);
#527=ORIENTED_EDGE('',*,*,#669,.F.);
#528=ORIENTED_EDGE('',*,*,#605,.F.);
#529=ORIENTED_EDGE('',*,*,#730,.T.);
#530=ORIENTED_EDGE('',*,*,#613,.F.);
#531=ORIENTED_EDGE('',*,*,#666,.F.);
#532=ORIENTED_EDGE('',*,*,#545,.F.);
#533=ORIENTED_EDGE('',*,*,#731,.T.);
#534=ORIENTED_EDGE('',*,*,#732,.F.);
#535=ORIENTED_EDGE('',*,*,#733,.T.);
#536=ORIENTED_EDGE('',*,*,#731,.F.);
#537=ORIENTED_EDGE('',*,*,#734,.T.);
#538=ORIENTED_EDGE('',*,*,#733,.F.);
#539=ORIENTED_EDGE('',*,*,#734,.F.);
#540=ORIENTED_EDGE('',*,*,#732,.T.);
#541=EDGE_CURVE('',#735,#736,#853,.F.);
#542=EDGE_CURVE('',#735,#737,#79,.F.);
#543=EDGE_CURVE('',#738,#737,#854,.T.);
#544=EDGE_CURVE('',#738,#736,#80,.T.);
#545=EDGE_CURVE('',#739,#739,#69,.T.);
#546=EDGE_CURVE('',#740,#740,#81,.T.);
#547=EDGE_CURVE('',#741,#742,#82,.F.);
#548=EDGE_CURVE('',#742,#743,#855,.T.);
#549=EDGE_CURVE('',#743,#744,#856,.T.);
#550=EDGE_CURVE('',#744,#745,#857,.T.);
#551=EDGE_CURVE('',#745,#746,#858,.T.);
#552=EDGE_CURVE('',#746,#747,#859,.T.);
#553=EDGE_CURVE('',#748,#747,#860,.T.);
#554=EDGE_CURVE('',#748,#749,#861,.T.);
#555=EDGE_CURVE('',#749,#750,#83,.T.);
#556=EDGE_CURVE('',#750,#751,#862,.T.);
#557=EDGE_CURVE('',#751,#752,#84,.T.);
#558=EDGE_CURVE('',#752,#753,#863,.T.);
#559=EDGE_CURVE('',#753,#754,#85,.T.);
#560=EDGE_CURVE('',#754,#755,#864,.T.);
#561=EDGE_CURVE('',#755,#756,#86,.T.);
#562=EDGE_CURVE('',#756,#757,#865,.T.);
#563=EDGE_CURVE('',#758,#757,#866,.F.);
#564=EDGE_CURVE('',#758,#759,#867,.T.);
#565=EDGE_CURVE('',#759,#760,#868,.T.);
#566=EDGE_CURVE('',#760,#761,#869,.T.);
#567=EDGE_CURVE('',#761,#762,#870,.T.);
#568=EDGE_CURVE('',#762,#741,#871,.T.);
#569=EDGE_CURVE('',#763,#763,#87,.T.);
#570=EDGE_CURVE('',#764,#765,#88,.T.);
#571=EDGE_CURVE('',#765,#766,#872,.F.);
#572=EDGE_CURVE('',#766,#767,#873,.F.);
#573=EDGE_CURVE('',#767,#768,#874,.F.);
#574=EDGE_CURVE('',#768,#769,#875,.F.);
#575=EDGE_CURVE('',#769,#770,#876,.F.);
#576=EDGE_CURVE('',#770,#771,#877,.F.);
#577=EDGE_CURVE('',#772,#771,#878,.T.);
#578=EDGE_CURVE('',#772,#773,#89,.F.);
#579=EDGE_CURVE('',#774,#773,#879,.T.);
#580=EDGE_CURVE('',#774,#775,#90,.F.);
#581=EDGE_CURVE('',#776,#775,#880,.T.);
#582=EDGE_CURVE('',#776,#777,#91,.F.);
#583=EDGE_CURVE('',#778,#777,#881,.T.);
#584=EDGE_CURVE('',#778,#779,#92,.F.);
#585=EDGE_CURVE('',#780,#779,#882,.T.);
#586=EDGE_CURVE('',#780,#781,#883,.T.);
#587=EDGE_CURVE('',#781,#782,#884,.F.);
#588=EDGE_CURVE('',#782,#783,#885,.F.);
#589=EDGE_CURVE('',#783,#784,#886,.F.);
#590=EDGE_CURVE('',#784,#785,#887,.F.);
#591=EDGE_CURVE('',#785,#764,#888,.F.);
#592=EDGE_CURVE('',#786,#787,#889,.T.);
#593=EDGE_CURVE('',#786,#788,#890,.T.);
#594=EDGE_CURVE('',#788,#789,#891,.T.);
#595=EDGE_CURVE('',#789,#787,#892,.F.);
#596=EDGE_CURVE('',#790,#791,#893,.F.);
#597=EDGE_CURVE('',#791,#792,#894,.F.);
#598=EDGE_CURVE('',#792,#793,#895,.T.);
#599=EDGE_CURVE('',#793,#794,#896,.T.);
#600=EDGE_CURVE('',#794,#795,#897,.F.);
#601=EDGE_CURVE('',#795,#796,#898,.T.);
#602=EDGE_CURVE('',#796,#797,#899,.T.);
#603=EDGE_CURVE('',#797,#790,#900,.T.);
#604=EDGE_CURVE('',#798,#799,#901,.T.);
#605=EDGE_CURVE('',#799,#800,#902,.F.);
#606=EDGE_CURVE('',#800,#801,#903,.T.);
#607=EDGE_CURVE('',#801,#798,#904,.T.);
#608=EDGE_CURVE('',#802,#803,#905,.T.);
#609=EDGE_CURVE('',#802,#804,#906,.F.);
#610=EDGE_CURVE('',#804,#805,#907,.F.);
#611=EDGE_CURVE('',#805,#803,#908,.T.);
#612=EDGE_CURVE('',#806,#807,#909,.T.);
#613=EDGE_CURVE('',#806,#808,#910,.T.);
#614=EDGE_CURVE('',#808,#735,#911,.T.);
#615=EDGE_CURVE('',#736,#809,#912,.F.);
#616=EDGE_CURVE('',#809,#810,#913,.T.);
#617=EDGE_CURVE('',#811,#810,#914,.T.);
#618=EDGE_CURVE('',#807,#811,#915,.T.);
#619=EDGE_CURVE('',#737,#812,#916,.T.);
#620=EDGE_CURVE('',#812,#813,#917,.F.);
#621=EDGE_CURVE('',#813,#814,#918,.T.);
#622=EDGE_CURVE('',#814,#815,#919,.T.);
#623=EDGE_CURVE('',#815,#816,#920,.T.);
#624=EDGE_CURVE('',#816,#817,#921,.F.);
#625=EDGE_CURVE('',#817,#738,#922,.F.);
#626=EDGE_CURVE('',#792,#818,#923,.F.);
#627=EDGE_CURVE('',#818,#819,#924,.T.);
#628=EDGE_CURVE('',#819,#793,#925,.T.);
#629=EDGE_CURVE('',#820,#821,#926,.F.);
#630=EDGE_CURVE('',#821,#822,#927,.T.);
#631=EDGE_CURVE('',#822,#823,#928,.T.);
#632=EDGE_CURVE('',#823,#820,#929,.F.);
#633=EDGE_CURVE('',#824,#825,#930,.T.);
#634=EDGE_CURVE('',#824,#826,#931,.T.);
#635=EDGE_CURVE('',#826,#827,#932,.T.);
#636=EDGE_CURVE('',#828,#827,#933,.T.);
#637=EDGE_CURVE('',#828,#829,#934,.F.);
#638=EDGE_CURVE('',#829,#830,#935,.T.);
#639=EDGE_CURVE('',#831,#830,#936,.T.);
#640=EDGE_CURVE('',#825,#831,#937,.T.);
#641=EDGE_CURVE('',#827,#832,#938,.T.);
#642=EDGE_CURVE('',#832,#833,#939,.F.);
#643=EDGE_CURVE('',#833,#828,#940,.F.);
#644=EDGE_CURVE('',#834,#834,#93,.T.);
#645=EDGE_CURVE('',#779,#749,#941,.F.);
#646=EDGE_CURVE('',#748,#757,#94,.T.);
#647=EDGE_CURVE('',#756,#772,#942,.T.);
#648=EDGE_CURVE('',#771,#780,#95,.T.);
#649=EDGE_CURVE('',#750,#778,#943,.T.);
#650=EDGE_CURVE('',#777,#751,#944,.F.);
#651=EDGE_CURVE('',#775,#753,#945,.F.);
#652=EDGE_CURVE('',#752,#776,#946,.T.);
#653=EDGE_CURVE('',#754,#774,#947,.T.);
#654=EDGE_CURVE('',#773,#755,#948,.F.);
#655=EDGE_CURVE('',#835,#836,#949,.F.);
#656=EDGE_CURVE('',#836,#837,#950,.T.);
#657=EDGE_CURVE('',#837,#838,#951,.T.);
#658=EDGE_CURVE('',#838,#839,#96,.F.);
#659=EDGE_CURVE('',#839,#840,#952,.T.);
#660=EDGE_CURVE('',#840,#841,#953,.F.);
#661=EDGE_CURVE('',#841,#842,#954,.F.);
#662=EDGE_CURVE('',#842,#835,#97,.F.);
#663=EDGE_CURVE('',#843,#843,#98,.T.);
#664=EDGE_CURVE('',#844,#844,#99,.T.);
#665=EDGE_CURVE('',#845,#845,#100,.T.);
#666=EDGE_CURVE('',#846,#846,#70,.T.);
#667=EDGE_CURVE('',#847,#847,#101,.T.);
#668=EDGE_CURVE('',#848,#848,#102,.T.);
#669=EDGE_CURVE('',#800,#806,#103,.T.);
#670=EDGE_CURVE('',#807,#796,#955,.T.);
#671=EDGE_CURVE('',#795,#801,#104,.T.);
#672=EDGE_CURVE('',#811,#797,#956,.T.);
#673=EDGE_CURVE('',#810,#802,#105,.T.);
#674=EDGE_CURVE('',#803,#790,#106,.T.);
#675=EDGE_CURVE('',#813,#786,#107,.F.);
#676=EDGE_CURVE('',#787,#824,#108,.F.);
#677=EDGE_CURVE('',#814,#825,#957,.T.);
#678=EDGE_CURVE('',#815,#831,#958,.T.);
#679=EDGE_CURVE('',#822,#816,#109,.F.);
#680=EDGE_CURVE('',#830,#823,#110,.F.);
#681=EDGE_CURVE('',#770,#781,#111,.T.);
#682=EDGE_CURVE('',#747,#758,#112,.T.);
#683=EDGE_CURVE('',#804,#762,#113,.F.);
#684=EDGE_CURVE('',#761,#805,#114,.T.);
#685=EDGE_CURVE('',#788,#785,#115,.F.);
#686=EDGE_CURVE('',#784,#789,#116,.T.);
#687=EDGE_CURVE('',#743,#821,#117,.T.);
#688=EDGE_CURVE('',#820,#744,#118,.F.);
#689=EDGE_CURVE('',#766,#799,#119,.T.);
#690=EDGE_CURVE('',#798,#767,#120,.F.);
#691=EDGE_CURVE('',#828,#745,#20,.F.);
#692=EDGE_CURVE('',#829,#744,#121,.T.);
#693=EDGE_CURVE('',#829,#820,#122,.T.);
#694=EDGE_CURVE('',#793,#768,#21,.F.);
#695=EDGE_CURVE('',#794,#767,#123,.T.);
#696=EDGE_CURVE('',#794,#798,#124,.T.);
#697=EDGE_CURVE('',#791,#805,#125,.T.);
#698=EDGE_CURVE('',#791,#761,#126,.T.);
#699=EDGE_CURVE('',#760,#792,#22,.T.);
#700=EDGE_CURVE('',#784,#826,#127,.T.);
#701=EDGE_CURVE('',#783,#827,#23,.T.);
#702=EDGE_CURVE('',#789,#826,#128,.T.);
#703=EDGE_CURVE('',#819,#769,#129,.F.);
#704=EDGE_CURVE('',#782,#832,#130,.T.);
#705=EDGE_CURVE('',#833,#746,#131,.F.);
#706=EDGE_CURVE('',#759,#818,#132,.T.);
#707=EDGE_CURVE('',#819,#840,#133,.T.);
#708=EDGE_CURVE('',#841,#818,#134,.T.);
#709=EDGE_CURVE('',#841,#759,#135,.T.);
#710=EDGE_CURVE('',#769,#840,#136,.T.);
#711=EDGE_CURVE('',#842,#758,#71,.F.);
#712=EDGE_CURVE('',#770,#839,#72,.T.);
#713=EDGE_CURVE('',#835,#747,#73,.F.);
#714=EDGE_CURVE('',#781,#838,#74,.T.);
#715=EDGE_CURVE('',#836,#746,#137,.T.);
#716=EDGE_CURVE('',#782,#837,#138,.T.);
#717=EDGE_CURVE('',#836,#833,#139,.T.);
#718=EDGE_CURVE('',#832,#837,#140,.T.);
#719=EDGE_CURVE('',#804,#809,#141,.T.);
#720=EDGE_CURVE('',#762,#809,#142,.T.);
#721=EDGE_CURVE('',#741,#736,#75,.F.);
#722=EDGE_CURVE('',#742,#738,#76,.F.);
#723=EDGE_CURVE('',#743,#817,#143,.T.);
#724=EDGE_CURVE('',#821,#817,#144,.T.);
#725=EDGE_CURVE('',#788,#812,#145,.T.);
#726=EDGE_CURVE('',#785,#812,#146,.T.);
#727=EDGE_CURVE('',#764,#737,#77,.F.);
#728=EDGE_CURVE('',#765,#735,#78,.F.);
#729=EDGE_CURVE('',#766,#808,#147,.T.);
#730=EDGE_CURVE('',#799,#808,#148,.T.);
#731=EDGE_CURVE('',#849,#849,#149,.T.);
#732=EDGE_CURVE('',#850,#850,#150,.T.);
#733=EDGE_CURVE('',#851,#851,#151,.T.);
#734=EDGE_CURVE('',#852,#852,#152,.T.);
#735=VERTEX_POINT('',#2035);
#736=VERTEX_POINT('',#2036);
#737=VERTEX_POINT('',#2038);
#738=VERTEX_POINT('',#2040);
#739=VERTEX_POINT('',#2053);
#740=VERTEX_POINT('',#2056);
#741=VERTEX_POINT('',#2058);
#742=VERTEX_POINT('',#2059);
#743=VERTEX_POINT('',#2061);
#744=VERTEX_POINT('',#2063);
#745=VERTEX_POINT('',#2065);
#746=VERTEX_POINT('',#2067);
#747=VERTEX_POINT('',#2069);
#748=VERTEX_POINT('',#2071);
#749=VERTEX_POINT('',#2073);
#750=VERTEX_POINT('',#2075);
#751=VERTEX_POINT('',#2077);
#752=VERTEX_POINT('',#2079);
#753=VERTEX_POINT('',#2081);
#754=VERTEX_POINT('',#2083);
#755=VERTEX_POINT('',#2085);
#756=VERTEX_POINT('',#2087);
#757=VERTEX_POINT('',#2089);
#758=VERTEX_POINT('',#2091);
#759=VERTEX_POINT('',#2093);
#760=VERTEX_POINT('',#2095);
#761=VERTEX_POINT('',#2097);
#762=VERTEX_POINT('',#2099);
#763=VERTEX_POINT('',#2103);
#764=VERTEX_POINT('',#2105);
#765=VERTEX_POINT('',#2106);
#766=VERTEX_POINT('',#2108);
#767=VERTEX_POINT('',#2110);
#768=VERTEX_POINT('',#2112);
#769=VERTEX_POINT('',#2114);
#770=VERTEX_POINT('',#2116);
#771=VERTEX_POINT('',#2118);
#772=VERTEX_POINT('',#2120);
#773=VERTEX_POINT('',#2122);
#774=VERTEX_POINT('',#2124);
#775=VERTEX_POINT('',#2126);
#776=VERTEX_POINT('',#2128);
#777=VERTEX_POINT('',#2130);
#778=VERTEX_POINT('',#2132);
#779=VERTEX_POINT('',#2134);
#780=VERTEX_POINT('',#2136);
#781=VERTEX_POINT('',#2138);
#782=VERTEX_POINT('',#2140);
#783=VERTEX_POINT('',#2142);
#784=VERTEX_POINT('',#2144);
#785=VERTEX_POINT('',#2146);
#786=VERTEX_POINT('',#2150);
#787=VERTEX_POINT('',#2151);
#788=VERTEX_POINT('',#2153);
#789=VERTEX_POINT('',#2155);
#790=VERTEX_POINT('',#2159);
#791=VERTEX_POINT('',#2160);
#792=VERTEX_POINT('',#2162);
#793=VERTEX_POINT('',#2164);
#794=VERTEX_POINT('',#2166);
#795=VERTEX_POINT('',#2168);
#796=VERTEX_POINT('',#2170);
#797=VERTEX_POINT('',#2172);
#798=VERTEX_POINT('',#2176);
#799=VERTEX_POINT('',#2177);
#800=VERTEX_POINT('',#2179);
#801=VERTEX_POINT('',#2181);
#802=VERTEX_POINT('',#2185);
#803=VERTEX_POINT('',#2186);
#804=VERTEX_POINT('',#2188);
#805=VERTEX_POINT('',#2190);
#806=VERTEX_POINT('',#2194);
#807=VERTEX_POINT('',#2195);
#808=VERTEX_POINT('',#2197);
#809=VERTEX_POINT('',#2200);
#810=VERTEX_POINT('',#2202);
#811=VERTEX_POINT('',#2204);
#812=VERTEX_POINT('',#2208);
#813=VERTEX_POINT('',#2210);
#814=VERTEX_POINT('',#2212);
#815=VERTEX_POINT('',#2214);
#816=VERTEX_POINT('',#2216);
#817=VERTEX_POINT('',#2218);
#818=VERTEX_POINT('',#2222);
#819=VERTEX_POINT('',#2224);
#820=VERTEX_POINT('',#2228);
#821=VERTEX_POINT('',#2229);
#822=VERTEX_POINT('',#2231);
#823=VERTEX_POINT('',#2233);
#824=VERTEX_POINT('',#2237);
#825=VERTEX_POINT('',#2238);
#826=VERTEX_POINT('',#2240);
#827=VERTEX_POINT('',#2242);
#828=VERTEX_POINT('',#2244);
#829=VERTEX_POINT('',#2246);
#830=VERTEX_POINT('',#2248);
#831=VERTEX_POINT('',#2250);
#832=VERTEX_POINT('',#2254);
#833=VERTEX_POINT('',#2256);
#834=VERTEX_POINT('',#2260);
#835=VERTEX_POINT('',#2276);
#836=VERTEX_POINT('',#2277);
#837=VERTEX_POINT('',#2279);
#838=VERTEX_POINT('',#2281);
#839=VERTEX_POINT('',#2283);
#840=VERTEX_POINT('',#2285);
#841=VERTEX_POINT('',#2287);
#842=VERTEX_POINT('',#2289);
#843=VERTEX_POINT('',#2292);
#844=VERTEX_POINT('',#2295);
#845=VERTEX_POINT('',#2297);
#846=VERTEX_POINT('',#2309);
#847=VERTEX_POINT('',#2312);
#848=VERTEX_POINT('',#2316);
#849=VERTEX_POINT('',#2474);
#850=VERTEX_POINT('',#2476);
#851=VERTEX_POINT('',#2479);
#852=VERTEX_POINT('',#2482);
#853=LINE('',#2034,#959);
#854=LINE('',#2039,#960);
#855=LINE('',#2060,#961);
#856=LINE('',#2062,#962);
#857=LINE('',#2064,#963);
#858=LINE('',#2066,#964);
#859=LINE('',#2068,#965);
#860=LINE('',#2070,#966);
#861=LINE('',#2072,#967);
#862=LINE('',#2076,#968);
#863=LINE('',#2080,#969);
#864=LINE('',#2084,#970);
#865=LINE('',#2088,#971);
#866=LINE('',#2090,#972);
#867=LINE('',#2092,#973);
#868=LINE('',#2094,#974);
#869=LINE('',#2096,#975);
#870=LINE('',#2098,#976);
#871=LINE('',#2100,#977);
#872=LINE('',#2107,#978);
#873=LINE('',#2109,#979);
#874=LINE('',#2111,#980);
#875=LINE('',#2113,#981);
#876=LINE('',#2115,#982);
#877=LINE('',#2117,#983);
#878=LINE('',#2119,#984);
#879=LINE('',#2123,#985);
#880=LINE('',#2127,#986);
#881=LINE('',#2131,#987);
#882=LINE('',#2135,#988);
#883=LINE('',#2137,#989);
#884=LINE('',#2139,#990);
#885=LINE('',#2141,#991);
#886=LINE('',#2143,#992);
#887=LINE('',#2145,#993);
#888=LINE('',#2147,#994);
#889=LINE('',#2149,#995);
#890=LINE('',#2152,#996);
#891=LINE('',#2154,#997);
#892=LINE('',#2156,#998);
#893=LINE('',#2158,#999);
#894=LINE('',#2161,#1000);
#895=LINE('',#2163,#1001);
#896=LINE('',#2165,#1002);
#897=LINE('',#2167,#1003);
#898=LINE('',#2169,#1004);
#899=LINE('',#2171,#1005);
#900=LINE('',#2173,#1006);
#901=LINE('',#2175,#1007);
#902=LINE('',#2178,#1008);
#903=LINE('',#2180,#1009);
#904=LINE('',#2182,#1010);
#905=LINE('',#2184,#1011);
#906=LINE('',#2187,#1012);
#907=LINE('',#2189,#1013);
#908=LINE('',#2191,#1014);
#909=LINE('',#2193,#1015);
#910=LINE('',#2196,#1016);
#911=LINE('',#2198,#1017);
#912=LINE('',#2199,#1018);
#913=LINE('',#2201,#1019);
#914=LINE('',#2203,#1020);
#915=LINE('',#2205,#1021);
#916=LINE('',#2207,#1022);
#917=LINE('',#2209,#1023);
#918=LINE('',#2211,#1024);
#919=LINE('',#2213,#1025);
#920=LINE('',#2215,#1026);
#921=LINE('',#2217,#1027);
#922=LINE('',#2219,#1028);
#923=LINE('',#2221,#1029);
#924=LINE('',#2223,#1030);
#925=LINE('',#2225,#1031);
#926=LINE('',#2227,#1032);
#927=LINE('',#2230,#1033);
#928=LINE('',#2232,#1034);
#929=LINE('',#2234,#1035);
#930=LINE('',#2236,#1036);
#931=LINE('',#2239,#1037);
#932=LINE('',#2241,#1038);
#933=LINE('',#2243,#1039);
#934=LINE('',#2245,#1040);
#935=LINE('',#2247,#1041);
#936=LINE('',#2249,#1042);
#937=LINE('',#2251,#1043);
#938=LINE('',#2253,#1044);
#939=LINE('',#2255,#1045);
#940=LINE('',#2257,#1046);
#941=LINE('',#2261,#1047);
#942=LINE('',#2263,#1048);
#943=LINE('',#2266,#1049);
#944=LINE('',#2267,#1050);
#945=LINE('',#2269,#1051);
#946=LINE('',#2270,#1052);
#947=LINE('',#2272,#1053);
#948=LINE('',#2273,#1054);
#949=LINE('',#2275,#1055);
#950=LINE('',#2278,#1056);
#951=LINE('',#2280,#1057);
#952=LINE('',#2284,#1058);
#953=LINE('',#2286,#1059);
#954=LINE('',#2288,#1060);
#955=LINE('',#2320,#1061);
#956=LINE('',#2323,#1062);
#957=LINE('',#2330,#1063);
#958=LINE('',#2332,#1064);
#959=VECTOR('',#1596,1000.);
#960=VECTOR('',#1599,1000.);
#961=VECTOR('',#1608,1000.);
#962=VECTOR('',#1609,1000.);
#963=VECTOR('',#1610,1000.);
#964=VECTOR('',#1611,1000.);
#965=VECTOR('',#1612,1000.);
#966=VECTOR('',#1613,1000.);
#967=VECTOR('',#1614,1000.);
#968=VECTOR('',#1617,1000.);
#969=VECTOR('',#1620,1000.);
#970=VECTOR('',#1623,1000.);
#971=VECTOR('',#1626,1000.);
#972=VECTOR('',#1627,1000.);
#973=VECTOR('',#1628,1000.);
#974=VECTOR('',#1629,1000.);
#975=VECTOR('',#1630,1000.);
#976=VECTOR('',#1631,1000.);
#977=VECTOR('',#1632,1000.);
#978=VECTOR('',#1639,1000.);
#979=VECTOR('',#1640,1000.);
#980=VECTOR('',#1641,1000.);
#981=VECTOR('',#1642,1000.);
#982=VECTOR('',#1643,1000.);
#983=VECTOR('',#1644,1000.);
#984=VECTOR('',#1645,1000.);
#985=VECTOR('',#1648,1000.);
#986=VECTOR('',#1651,1000.);
#987=VECTOR('',#1654,1000.);
#988=VECTOR('',#1657,1000.);
#989=VECTOR('',#1658,1000.);
#990=VECTOR('',#1659,1000.);
#991=VECTOR('',#1660,1000.);
#992=VECTOR('',#1661,1000.);
#993=VECTOR('',#1662,1000.);
#994=VECTOR('',#1663,1000.);
#995=VECTOR('',#1666,1000.);
#996=VECTOR('',#1667,1000.);
#997=VECTOR('',#1668,1000.);
#998=VECTOR('',#1669,1000.);
#999=VECTOR('',#1672,1000.);
#1000=VECTOR('',#1673,1000.);
#1001=VECTOR('',#1674,1000.);
#1002=VECTOR('',#1675,1000.);
#1003=VECTOR('',#1676,1000.);
#1004=VECTOR('',#1677,1000.);
#1005=VECTOR('',#1678,1000.);
#1006=VECTOR('',#1679,1000.);
#1007=VECTOR('',#1682,1000.);
#1008=VECTOR('',#1683,1000.);
#1009=VECTOR('',#1684,1000.);
#1010=VECTOR('',#1685,1000.);
#1011=VECTOR('',#1688,1000.);
#1012=VECTOR('',#1689,1000.);
#1013=VECTOR('',#1690,1000.);
#1014=VECTOR('',#1691,1000.);
#1015=VECTOR('',#1694,1000.);
#1016=VECTOR('',#1695,1000.);
#1017=VECTOR('',#1696,1000.);
#1018=VECTOR('',#1697,1000.);
#1019=VECTOR('',#1698,1000.);
#1020=VECTOR('',#1699,1000.);
#1021=VECTOR('',#1700,1000.);
#1022=VECTOR('',#1703,1000.);
#1023=VECTOR('',#1704,1000.);
#1024=VECTOR('',#1705,1000.);
#1025=VECTOR('',#1706,1000.);
#1026=VECTOR('',#1707,1000.);
#1027=VECTOR('',#1708,1000.);
#1028=VECTOR('',#1709,1000.);
#1029=VECTOR('',#1712,1000.);
#1030=VECTOR('',#1713,1000.);
#1031=VECTOR('',#1714,1000.);
#1032=VECTOR('',#1717,1000.);
#1033=VECTOR('',#1718,1000.);
#1034=VECTOR('',#1719,1000.);
#1035=VECTOR('',#1720,1000.);
#1036=VECTOR('',#1723,1000.);
#1037=VECTOR('',#1724,1000.);
#1038=VECTOR('',#1725,1000.);
#1039=VECTOR('',#1726,1000.);
#1040=VECTOR('',#1727,1000.);
#1041=VECTOR('',#1728,1000.);
#1042=VECTOR('',#1729,1000.);
#1043=VECTOR('',#1730,1000.);
#1044=VECTOR('',#1733,1000.);
#1045=VECTOR('',#1734,1000.);
#1046=VECTOR('',#1735,1000.);
#1047=VECTOR('',#1740,1000.);
#1048=VECTOR('',#1743,1000.);
#1049=VECTOR('',#1748,1000.);
#1050=VECTOR('',#1749,1000.);
#1051=VECTOR('',#1752,1000.);
#1052=VECTOR('',#1753,1000.);
#1053=VECTOR('',#1756,1000.);
#1054=VECTOR('',#1757,1000.);
#1055=VECTOR('',#1760,1000.);
#1056=VECTOR('',#1761,1000.);
#1057=VECTOR('',#1762,1000.);
#1058=VECTOR('',#1765,1000.);
#1059=VECTOR('',#1766,1000.);
#1060=VECTOR('',#1767,1000.);
#1061=VECTOR('',#1794,1000.);
#1062=VECTOR('',#1799,1000.);
#1063=VECTOR('',#1812,1000.);
#1064=VECTOR('',#1815,1000.);
#1065=EDGE_LOOP('',(#153,#154,#155,#156));
#1066=EDGE_LOOP('',(#157));
#1067=EDGE_LOOP('',(#158));
#1068=EDGE_LOOP('',(#159,#160,#161,#162,#163,#164,#165,#166,#167,#168,#169,
#170,#171,#172,#173,#174,#175,#176,#177,#178,#179,#180));
#1069=EDGE_LOOP('',(#181));
#1070=EDGE_LOOP('',(#182,#183,#184,#185,#186,#187,#188,#189,#190,#191,#192,
#193,#194,#195,#196,#197,#198,#199,#200,#201,#202,#203));
#1071=EDGE_LOOP('',(#204,#205,#206,#207));
#1072=EDGE_LOOP('',(#208,#209,#210,#211,#212,#213,#214,#215));
#1073=EDGE_LOOP('',(#216,#217,#218,#219));
#1074=EDGE_LOOP('',(#220,#221,#222,#223));
#1075=EDGE_LOOP('',(#224,#225,#226,#227,#228,#229,#230,#231));
#1076=EDGE_LOOP('',(#232,#233,#234,#235,#236,#237,#238,#239));
#1077=EDGE_LOOP('',(#240,#241,#242,#243));
#1078=EDGE_LOOP('',(#244,#245,#246,#247));
#1079=EDGE_LOOP('',(#248,#249,#250,#251,#252,#253,#254,#255));
#1080=EDGE_LOOP('',(#256,#257,#258,#259));
#1081=EDGE_LOOP('',(#260));
#1082=EDGE_LOOP('',(#261,#262,#263,#264,#265,#266,#267,#268));
#1083=EDGE_LOOP('',(#269,#270,#271,#272));
#1084=EDGE_LOOP('',(#273,#274,#275,#276));
#1085=EDGE_LOOP('',(#277,#278,#279,#280));
#1086=EDGE_LOOP('',(#281,#282,#283,#284,#285,#286,#287,#288));
#1087=EDGE_LOOP('',(#289));
#1088=EDGE_LOOP('',(#290));
#1089=EDGE_LOOP('',(#291));
#1090=EDGE_LOOP('',(#292));
#1091=EDGE_LOOP('',(#293));
#1092=EDGE_LOOP('',(#294));
#1093=EDGE_LOOP('',(#295));
#1094=EDGE_LOOP('',(#296));
#1095=EDGE_LOOP('',(#297));
#1096=EDGE_LOOP('',(#298));
#1097=EDGE_LOOP('',(#299));
#1098=EDGE_LOOP('',(#300));
#1099=EDGE_LOOP('',(#301,#302,#303,#304,#305,#306));
#1100=EDGE_LOOP('',(#307,#308,#309,#310));
#1101=EDGE_LOOP('',(#311,#312,#313,#314,#315,#316));
#1102=EDGE_LOOP('',(#317,#318,#319,#320,#321,#322));
#1103=EDGE_LOOP('',(#323,#324,#325,#326));
#1104=EDGE_LOOP('',(#327,#328,#329,#330,#331,#332));
#1105=EDGE_LOOP('',(#333,#334,#335,#336));
#1106=EDGE_LOOP('',(#337,#338,#339,#340));
#1107=EDGE_LOOP('',(#341));
#1108=EDGE_LOOP('',(#342));
#1109=EDGE_LOOP('',(#343,#344,#345,#346));
#1110=EDGE_LOOP('',(#347,#348,#349,#350));
#1111=EDGE_LOOP('',(#351,#352,#353,#354));
#1112=EDGE_LOOP('',(#355,#356,#357,#358));
#1113=EDGE_LOOP('',(#359,#360,#361,#362));
#1114=EDGE_LOOP('',(#363,#364,#365));
#1115=EDGE_LOOP('',(#366,#367,#368,#369));
#1116=EDGE_LOOP('',(#370,#371,#372,#373));
#1117=EDGE_LOOP('',(#374,#375,#376));
#1118=EDGE_LOOP('',(#377,#378,#379,#380));
#1119=EDGE_LOOP('',(#381,#382,#383,#384));
#1120=EDGE_LOOP('',(#385,#386,#387));
#1121=EDGE_LOOP('',(#388,#389,#390,#391));
#1122=EDGE_LOOP('',(#392,#393,#394,#395));
#1123=EDGE_LOOP('',(#396,#397,#398));
#1124=EDGE_LOOP('',(#399,#400,#401,#402));
#1125=EDGE_LOOP('',(#403,#404,#405,#406));
#1126=EDGE_LOOP('',(#407,#408,#409,#410));
#1127=EDGE_LOOP('',(#411,#412,#413,#414));
#1128=EDGE_LOOP('',(#415,#416,#417,#418));
#1129=EDGE_LOOP('',(#419,#420,#421,#422));
#1130=EDGE_LOOP('',(#423,#424,#425));
#1131=EDGE_LOOP('',(#426,#427,#428));
#1132=EDGE_LOOP('',(#429,#430,#431,#432));
#1133=EDGE_LOOP('',(#433,#434,#435,#436));
#1134=EDGE_LOOP('',(#437,#438,#439,#440));
#1135=EDGE_LOOP('',(#441,#442,#443,#444));
#1136=EDGE_LOOP('',(#445,#446,#447,#448));
#1137=EDGE_LOOP('',(#449,#450,#451,#452));
#1138=EDGE_LOOP('',(#453,#454,#455));
#1139=EDGE_LOOP('',(#456,#457,#458));
#1140=EDGE_LOOP('',(#459,#460,#461,#462));
#1141=EDGE_LOOP('',(#463,#464,#465,#466));
#1142=EDGE_LOOP('',(#467,#468,#469,#470));
#1143=EDGE_LOOP('',(#471,#472,#473,#474));
#1144=EDGE_LOOP('',(#475,#476,#477,#478));
#1145=EDGE_LOOP('',(#479,#480,#481,#482));
#1146=EDGE_LOOP('',(#483,#484,#485));
#1147=EDGE_LOOP('',(#486,#487,#488,#489));
#1148=EDGE_LOOP('',(#490,#491,#492,#493));
#1149=EDGE_LOOP('',(#494,#495,#496,#497));
#1150=EDGE_LOOP('',(#498,#499,#500));
#1151=EDGE_LOOP('',(#501,#502,#503,#504));
#1152=EDGE_LOOP('',(#505,#506,#507,#508));
#1153=EDGE_LOOP('',(#509,#510,#511));
#1154=EDGE_LOOP('',(#512,#513,#514,#515));
#1155=EDGE_LOOP('',(#516,#517,#518,#519));
#1156=EDGE_LOOP('',(#520,#521,#522,#523));
#1157=EDGE_LOOP('',(#524,#525,#526));
#1158=EDGE_LOOP('',(#527,#528,#529,#530));
#1159=EDGE_LOOP('',(#531));
#1160=EDGE_LOOP('',(#532));
#1161=EDGE_LOOP('',(#533));
#1162=EDGE_LOOP('',(#534));
#1163=EDGE_LOOP('',(#535));
#1164=EDGE_LOOP('',(#536));
#1165=EDGE_LOOP('',(#537));
#1166=EDGE_LOOP('',(#538));
#1167=EDGE_LOOP('',(#539));
#1168=EDGE_LOOP('',(#540));
#1169=FACE_BOUND('',#1065,.T.);
#1170=FACE_BOUND('',#1066,.T.);
#1171=FACE_BOUND('',#1067,.T.);
#1172=FACE_BOUND('',#1068,.T.);
#1173=FACE_BOUND('',#1069,.T.);
#1174=FACE_BOUND('',#1070,.T.);
#1175=FACE_BOUND('',#1071,.T.);
#1176=FACE_BOUND('',#1072,.T.);
#1177=FACE_BOUND('',#1073,.T.);
#1178=FACE_BOUND('',#1074,.T.);
#1179=FACE_BOUND('',#1075,.T.);
#1180=FACE_BOUND('',#1076,.T.);
#1181=FACE_BOUND('',#1077,.T.);
#1182=FACE_BOUND('',#1078,.T.);
#1183=FACE_BOUND('',#1079,.T.);
#1184=FACE_BOUND('',#1080,.T.);
#1185=FACE_BOUND('',#1081,.T.);
#1186=FACE_BOUND('',#1082,.T.);
#1187=FACE_BOUND('',#1083,.T.);
#1188=FACE_BOUND('',#1084,.T.);
#1189=FACE_BOUND('',#1085,.T.);
#1190=FACE_BOUND('',#1086,.T.);
#1191=FACE_BOUND('',#1087,.T.);
#1192=FACE_BOUND('',#1088,.T.);
#1193=FACE_BOUND('',#1089,.T.);
#1194=FACE_BOUND('',#1090,.T.);
#1195=FACE_BOUND('',#1091,.T.);
#1196=FACE_BOUND('',#1092,.T.);
#1197=FACE_BOUND('',#1093,.T.);
#1198=FACE_BOUND('',#1094,.T.);
#1199=FACE_BOUND('',#1095,.T.);
#1200=FACE_BOUND('',#1096,.T.);
#1201=FACE_BOUND('',#1097,.T.);
#1202=FACE_BOUND('',#1098,.T.);
#1203=FACE_BOUND('',#1099,.T.);
#1204=FACE_BOUND('',#1100,.T.);
#1205=FACE_BOUND('',#1101,.T.);
#1206=FACE_BOUND('',#1102,.T.);
#1207=FACE_BOUND('',#1103,.T.);
#1208=FACE_BOUND('',#1104,.T.);
#1209=FACE_BOUND('',#1105,.T.);
#1210=FACE_BOUND('',#1106,.T.);
#1211=FACE_BOUND('',#1107,.T.);
#1212=FACE_BOUND('',#1108,.T.);
#1213=FACE_BOUND('',#1109,.T.);
#1214=FACE_BOUND('',#1110,.T.);
#1215=FACE_BOUND('',#1111,.T.);
#1216=FACE_BOUND('',#1112,.T.);
#1217=FACE_BOUND('',#1113,.T.);
#1218=FACE_BOUND('',#1114,.T.);
#1219=FACE_BOUND('',#1115,.T.);
#1220=FACE_BOUND('',#1116,.T.);
#1221=FACE_BOUND('',#1117,.T.);
#1222=FACE_BOUND('',#1118,.T.);
#1223=FACE_BOUND('',#1119,.T.);
#1224=FACE_BOUND('',#1120,.T.);
#1225=FACE_BOUND('',#1121,.T.);
#1226=FACE_BOUND('',#1122,.T.);
#1227=FACE_BOUND('',#1123,.T.);
#1228=FACE_BOUND('',#1124,.T.);
#1229=FACE_BOUND('',#1125,.T.);
#1230=FACE_BOUND('',#1126,.T.);
#1231=FACE_BOUND('',#1127,.T.);
#1232=FACE_BOUND('',#1128,.T.);
#1233=FACE_BOUND('',#1129,.T.);
#1234=FACE_BOUND('',#1130,.T.);
#1235=FACE_BOUND('',#1131,.T.);
#1236=FACE_BOUND('',#1132,.T.);
#1237=FACE_BOUND('',#1133,.T.);
#1238=FACE_BOUND('',#1134,.T.);
#1239=FACE_BOUND('',#1135,.T.);
#1240=FACE_BOUND('',#1136,.T.);
#1241=FACE_BOUND('',#1137,.T.);
#1242=FACE_BOUND('',#1138,.T.);
#1243=FACE_BOUND('',#1139,.T.);
#1244=FACE_BOUND('',#1140,.T.);
#1245=FACE_BOUND('',#1141,.T.);
#1246=FACE_BOUND('',#1142,.T.);
#1247=FACE_BOUND('',#1143,.T.);
#1248=FACE_BOUND('',#1144,.T.);
#1249=FACE_BOUND('',#1145,.T.);
#1250=FACE_BOUND('',#1146,.T.);
#1251=FACE_BOUND('',#1147,.T.);
#1252=FACE_BOUND('',#1148,.T.);
#1253=FACE_BOUND('',#1149,.T.);
#1254=FACE_BOUND('',#1150,.T.);
#1255=FACE_BOUND('',#1151,.T.);
#1256=FACE_BOUND('',#1152,.T.);
#1257=FACE_BOUND('',#1153,.T.);
#1258=FACE_BOUND('',#1154,.T.);
#1259=FACE_BOUND('',#1155,.T.);
#1260=FACE_BOUND('',#1156,.T.);
#1261=FACE_BOUND('',#1157,.T.);
#1262=FACE_BOUND('',#1158,.T.);
#1263=FACE_BOUND('',#1159,.T.);
#1264=FACE_BOUND('',#1160,.T.);
#1265=FACE_BOUND('',#1161,.T.);
#1266=FACE_BOUND('',#1162,.T.);
#1267=FACE_BOUND('',#1163,.T.);
#1268=FACE_BOUND('',#1164,.T.);
#1269=FACE_BOUND('',#1165,.T.);
#1270=FACE_BOUND('',#1166,.T.);
#1271=FACE_BOUND('',#1167,.T.);
#1272=FACE_BOUND('',#1168,.T.);
#1273=CYLINDRICAL_SURFACE('',#1426,35.);
#1274=CYLINDRICAL_SURFACE('',#1469,27.107544526456);
#1275=CYLINDRICAL_SURFACE('',#1470,27.107544526456);
#1276=CYLINDRICAL_SURFACE('',#1487,25.5);
#1277=CYLINDRICAL_SURFACE('',#1489,25.5);
#1278=CYLINDRICAL_SURFACE('',#1491,9.);
#1279=CYLINDRICAL_SURFACE('',#1492,1.1063829787234);
#1280=CYLINDRICAL_SURFACE('',#1495,1.1063829787234);
#1281=CYLINDRICAL_SURFACE('',#1498,1.1063829787234);
#1282=CYLINDRICAL_SURFACE('',#1501,1.1063829787234);
#1283=CYLINDRICAL_SURFACE('',#1504,1.1063829787234);
#1284=CYLINDRICAL_SURFACE('',#1509,1.1063829787234);
#1285=CYLINDRICAL_SURFACE('',#1510,1.1063829787234);
#1286=CYLINDRICAL_SURFACE('',#1515,1.1063829787234);
#1287=CYLINDRICAL_SURFACE('',#1516,1.1063829787234);
#1288=CYLINDRICAL_SURFACE('',#1520,1.1063829787234);
#1289=CYLINDRICAL_SURFACE('',#1522,1.1063829787234);
#1290=CYLINDRICAL_SURFACE('',#1527,1.1063829787234);
#1291=CYLINDRICAL_SURFACE('',#1528,1.1063829787234);
#1292=CYLINDRICAL_SURFACE('',#1530,1.1063829787234);
#1293=CYLINDRICAL_SURFACE('',#1532,1.1063829787234);
#1294=CYLINDRICAL_SURFACE('',#1534,1.1063829787234);
#1295=CYLINDRICAL_SURFACE('',#1536,1.1063829787234);
#1296=CYLINDRICAL_SURFACE('',#1543,1.1063829787234);
#1297=CYLINDRICAL_SURFACE('',#1544,1.1063829787234);
#1298=CYLINDRICAL_SURFACE('',#1547,1.1063829787234);
#1299=CYLINDRICAL_SURFACE('',#1549,1.1063829787234);
#1300=CYLINDRICAL_SURFACE('',#1555,1.1063829787234);
#1301=CYLINDRICAL_SURFACE('',#1556,1.1063829787234);
#1302=CYLINDRICAL_SURFACE('',#1557,1.1063829787234);
#1303=CYLINDRICAL_SURFACE('',#1558,1.1063829787234);
#1304=CYLINDRICAL_SURFACE('',#1559,1.1063829787234);
#1305=CYLINDRICAL_SURFACE('',#1560,1.1063829787234);
#1306=CYLINDRICAL_SURFACE('',#1564,1.1063829787234);
#1307=CYLINDRICAL_SURFACE('',#1566,1.1063829787234);
#1308=CYLINDRICAL_SURFACE('',#1570,1.1063829787234);
#1309=CYLINDRICAL_SURFACE('',#1571,1.1063829787234);
#1310=CYLINDRICAL_SURFACE('',#1575,1.1063829787234);
#1311=CYLINDRICAL_SURFACE('',#1577,1.1063829787234);
#1312=CYLINDRICAL_SURFACE('',#1581,1.1063829787234);
#1313=CYLINDRICAL_SURFACE('',#1582,1.5);
#1314=CYLINDRICAL_SURFACE('',#1583,2.50000000000096);
#1315=CYLINDRICAL_SURFACE('',#1588,1.45000000000096);
#1316=ADVANCED_FACE('',(#1169,#1170),#1273,.T.);
#1317=ADVANCED_FACE('',(#1171,#1172),#43,.F.);
#1318=ADVANCED_FACE('',(#1173,#1174),#44,.T.);
#1319=ADVANCED_FACE('',(#1175),#45,.F.);
#1320=ADVANCED_FACE('',(#1176),#46,.F.);
#1321=ADVANCED_FACE('',(#1177),#47,.F.);
#1322=ADVANCED_FACE('',(#1178),#48,.F.);
#1323=ADVANCED_FACE('',(#1179),#49,.F.);
#1324=ADVANCED_FACE('',(#1180),#50,.F.);
#1325=ADVANCED_FACE('',(#1181),#51,.F.);
#1326=ADVANCED_FACE('',(#1182),#52,.F.);
#1327=ADVANCED_FACE('',(#1183),#53,.F.);
#1328=ADVANCED_FACE('',(#1184),#54,.F.);
#1329=ADVANCED_FACE('',(#1185,#1186),#55,.F.);
#1330=ADVANCED_FACE('',(#1187),#56,.F.);
#1331=ADVANCED_FACE('',(#1188),#57,.F.);
#1332=ADVANCED_FACE('',(#1189),#58,.F.);
#1333=ADVANCED_FACE('',(#1190,#1191),#59,.F.);
#1334=ADVANCED_FACE('',(#1192,#1193,#1194),#30,.F.);
#1335=ADVANCED_FACE('',(#1195,#1196),#24,.F.);
#1336=ADVANCED_FACE('',(#1197,#1198),#1274,.F.);
#1337=ADVANCED_FACE('',(#1199,#1200),#1275,.F.);
#1338=ADVANCED_FACE('',(#1201,#1202),#25,.F.);
#1339=ADVANCED_FACE('',(#1203),#60,.T.);
#1340=ADVANCED_FACE('',(#1204),#61,.T.);
#1341=ADVANCED_FACE('',(#1205),#62,.T.);
#1342=ADVANCED_FACE('',(#1206),#63,.F.);
#1343=ADVANCED_FACE('',(#1207),#64,.F.);
#1344=ADVANCED_FACE('',(#1208),#65,.F.);
#1345=ADVANCED_FACE('',(#1209),#1276,.T.);
#1346=ADVANCED_FACE('',(#1210),#1277,.T.);
#1347=ADVANCED_FACE('',(#1211,#1212),#1278,.F.);
#1348=ADVANCED_FACE('',(#1213),#1279,.T.);
#1349=ADVANCED_FACE('',(#1214),#1280,.T.);
#1350=ADVANCED_FACE('',(#1215),#1281,.T.);
#1351=ADVANCED_FACE('',(#1216),#1282,.T.);
#1352=ADVANCED_FACE('',(#1217),#1283,.T.);
#1353=ADVANCED_FACE('',(#1218),#31,.T.);
#1354=ADVANCED_FACE('',(#1219),#1284,.T.);
#1355=ADVANCED_FACE('',(#1220),#1285,.T.);
#1356=ADVANCED_FACE('',(#1221),#32,.T.);
#1357=ADVANCED_FACE('',(#1222),#1286,.T.);
#1358=ADVANCED_FACE('',(#1223),#1287,.T.);
#1359=ADVANCED_FACE('',(#1224),#33,.T.);
#1360=ADVANCED_FACE('',(#1225),#1288,.T.);
#1361=ADVANCED_FACE('',(#1226),#1289,.T.);
#1362=ADVANCED_FACE('',(#1227),#34,.T.);
#1363=ADVANCED_FACE('',(#1228),#1290,.T.);
#1364=ADVANCED_FACE('',(#1229),#1291,.T.);
#1365=ADVANCED_FACE('',(#1230),#1292,.T.);
#1366=ADVANCED_FACE('',(#1231),#1293,.T.);
#1367=ADVANCED_FACE('',(#1232),#1294,.T.);
#1368=ADVANCED_FACE('',(#1233),#1295,.T.);
#1369=ADVANCED_FACE('',(#1234),#35,.T.);
#1370=ADVANCED_FACE('',(#1235),#36,.T.);
#1371=ADVANCED_FACE('',(#1236),#1296,.T.);
#1372=ADVANCED_FACE('',(#1237),#1297,.T.);
#1373=ADVANCED_FACE('',(#1238),#26,.T.);
#1374=ADVANCED_FACE('',(#1239),#27,.T.);
#1375=ADVANCED_FACE('',(#1240),#1298,.T.);
#1376=ADVANCED_FACE('',(#1241),#1299,.T.);
#1377=ADVANCED_FACE('',(#1242),#37,.T.);
#1378=ADVANCED_FACE('',(#1243),#38,.T.);
#1379=ADVANCED_FACE('',(#1244),#1300,.T.);
#1380=ADVANCED_FACE('',(#1245),#1301,.F.);
#1381=ADVANCED_FACE('',(#1246),#1302,.F.);
#1382=ADVANCED_FACE('',(#1247),#1303,.F.);
#1383=ADVANCED_FACE('',(#1248),#1304,.F.);
#1384=ADVANCED_FACE('',(#1249),#1305,.T.);
#1385=ADVANCED_FACE('',(#1250),#39,.T.);
#1386=ADVANCED_FACE('',(#1251),#1306,.T.);
#1387=ADVANCED_FACE('',(#1252),#28,.T.);
#1388=ADVANCED_FACE('',(#1253),#1307,.T.);
#1389=ADVANCED_FACE('',(#1254),#40,.T.);
#1390=ADVANCED_FACE('',(#1255),#1308,.T.);
#1391=ADVANCED_FACE('',(#1256),#1309,.T.);
#1392=ADVANCED_FACE('',(#1257),#41,.T.);
#1393=ADVANCED_FACE('',(#1258),#1310,.T.);
#1394=ADVANCED_FACE('',(#1259),#29,.T.);
#1395=ADVANCED_FACE('',(#1260),#1311,.T.);
#1396=ADVANCED_FACE('',(#1261),#42,.T.);
#1397=ADVANCED_FACE('',(#1262),#1312,.T.);
#1398=ADVANCED_FACE('',(#1263,#1264),#1313,.F.);
#1399=ADVANCED_FACE('',(#1265,#1266),#1314,.T.);
#1400=ADVANCED_FACE('',(#1267,#1268),#66,.T.);
#1401=ADVANCED_FACE('',(#1269,#1270),#1315,.T.);
#1402=ADVANCED_FACE('',(#1271),#67,.T.);
#1403=ADVANCED_FACE('',(#1272),#68,.T.);
#1404=CLOSED_SHELL('',(#1316,#1317,#1318,#1319,#1320,#1321,#1322,#1323,
#1324,#1325,#1326,#1327,#1328,#1329,#1330,#1331,#1332,#1333,#1334,#1335,
#1336,#1337,#1338,#1339,#1340,#1341,#1342,#1343,#1344,#1345,#1346,#1347,
#1348,#1349,#1350,#1351,#1352,#1353,#1354,#1355,#1356,#1357,#1358,#1359,
#1360,#1361,#1362,#1363,#1364,#1365,#1366,#1367,#1368,#1369,#1370,#1371,
#1372,#1373,#1374,#1375,#1376,#1377,#1378,#1379,#1380,#1381,#1382,#1383,
#1384,#1385,#1386,#1387,#1388,#1389,#1390,#1391,#1392,#1393,#1394,#1395,
#1396,#1397,#1398));
#1405=CLOSED_SHELL('',(#1399,#1400,#1401,#1402,#1403));
#1406=STYLED_ITEM('',(#1408),#1421);
#1407=STYLED_ITEM('',(#1409),#1422);
#1408=PRESENTATION_STYLE_ASSIGNMENT((#1410));
#1409=PRESENTATION_STYLE_ASSIGNMENT((#1411));
#1410=SURFACE_STYLE_USAGE(.BOTH.,#1412);
#1411=SURFACE_STYLE_USAGE(.BOTH.,#1413);
#1412=SURFACE_SIDE_STYLE('',(#1414));
#1413=SURFACE_SIDE_STYLE('',(#1415));
#1414=SURFACE_STYLE_FILL_AREA(#1416);
#1415=SURFACE_STYLE_FILL_AREA(#1417);
#1416=FILL_AREA_STYLE('',(#1418));
#1417=FILL_AREA_STYLE('',(#1419));
#1418=FILL_AREA_STYLE_COLOUR('',#1420);
#1419=FILL_AREA_STYLE_COLOUR('',#1420);
#1420=COLOUR_RGB('',0.506983280181885,0.531564235687256,0.550000011920929);
#1421=MANIFOLD_SOLID_BREP('',#1404);
#1422=MANIFOLD_SOLID_BREP('',#1405);
#1423=SHAPE_DEFINITION_REPRESENTATION(#2491,#1424);
#1424=SHAPE_REPRESENTATION('T\X2\94F890206ED157575EA7\X0\',(#1425),#2486);
#1425=AXIS2_PLACEMENT_3D('',#2032,#1592,#1593);
#1426=AXIS2_PLACEMENT_3D('',#2033,#1594,#1595);
#1427=AXIS2_PLACEMENT_3D('',#2037,#1597,#1598);
#1428=AXIS2_PLACEMENT_3D('',#2041,#1600,#1601);
#1429=AXIS2_PLACEMENT_3D('',#2054,#1602,#1603);
#1430=AXIS2_PLACEMENT_3D('',#2055,#1604,#1605);
#1431=AXIS2_PLACEMENT_3D('',#2057,#1606,#1607);
#1432=AXIS2_PLACEMENT_3D('',#2074,#1615,#1616);
#1433=AXIS2_PLACEMENT_3D('',#2078,#1618,#1619);
#1434=AXIS2_PLACEMENT_3D('',#2082,#1621,#1622);
#1435=AXIS2_PLACEMENT_3D('',#2086,#1624,#1625);
#1436=AXIS2_PLACEMENT_3D('',#2101,#1633,#1634);
#1437=AXIS2_PLACEMENT_3D('',#2102,#1635,#1636);
#1438=AXIS2_PLACEMENT_3D('',#2104,#1637,#1638);
#1439=AXIS2_PLACEMENT_3D('',#2121,#1646,#1647);
#1440=AXIS2_PLACEMENT_3D('',#2125,#1649,#1650);
#1441=AXIS2_PLACEMENT_3D('',#2129,#1652,#1653);
#1442=AXIS2_PLACEMENT_3D('',#2133,#1655,#1656);
#1443=AXIS2_PLACEMENT_3D('',#2148,#1664,#1665);
#1444=AXIS2_PLACEMENT_3D('',#2157,#1670,#1671);
#1445=AXIS2_PLACEMENT_3D('',#2174,#1680,#1681);
#1446=AXIS2_PLACEMENT_3D('',#2183,#1686,#1687);
#1447=AXIS2_PLACEMENT_3D('',#2192,#1692,#1693);
#1448=AXIS2_PLACEMENT_3D('',#2206,#1701,#1702);
#1449=AXIS2_PLACEMENT_3D('',#2220,#1710,#1711);
#1450=AXIS2_PLACEMENT_3D('',#2226,#1715,#1716);
#1451=AXIS2_PLACEMENT_3D('',#2235,#1721,#1722);
#1452=AXIS2_PLACEMENT_3D('',#2252,#1731,#1732);
#1453=AXIS2_PLACEMENT_3D('',#2258,#1736,#1737);
#1454=AXIS2_PLACEMENT_3D('',#2259,#1738,#1739);
#1455=AXIS2_PLACEMENT_3D('',#2262,#1741,#1742);
#1456=AXIS2_PLACEMENT_3D('',#2264,#1744,#1745);
#1457=AXIS2_PLACEMENT_3D('',#2265,#1746,#1747);
#1458=AXIS2_PLACEMENT_3D('',#2268,#1750,#1751);
#1459=AXIS2_PLACEMENT_3D('',#2271,#1754,#1755);
#1460=AXIS2_PLACEMENT_3D('',#2274,#1758,#1759);
#1461=AXIS2_PLACEMENT_3D('',#2282,#1763,#1764);
#1462=AXIS2_PLACEMENT_3D('',#2290,#1768,#1769);
#1463=AXIS2_PLACEMENT_3D('',#2291,#1770,#1771);
#1464=AXIS2_PLACEMENT_3D('',#2293,#1772,#1773);
#1465=AXIS2_PLACEMENT_3D('',#2294,#1774,#1775);
#1466=AXIS2_PLACEMENT_3D('',#2296,#1776,#1777);
#1467=AXIS2_PLACEMENT_3D('',#2310,#1778,#1779);
#1468=AXIS2_PLACEMENT_3D('',#2311,#1780,#1781);
#1469=AXIS2_PLACEMENT_3D('',#2313,#1782,#1783);
#1470=AXIS2_PLACEMENT_3D('',#2314,#1784,#1785);
#1471=AXIS2_PLACEMENT_3D('',#2315,#1786,#1787);
#1472=AXIS2_PLACEMENT_3D('',#2317,#1788,#1789);
#1473=AXIS2_PLACEMENT_3D('',#2318,#1790,#1791);
#1474=AXIS2_PLACEMENT_3D('',#2319,#1792,#1793);
#1475=AXIS2_PLACEMENT_3D('',#2321,#1795,#1796);
#1476=AXIS2_PLACEMENT_3D('',#2322,#1797,#1798);
#1477=AXIS2_PLACEMENT_3D('',#2324,#1800,#1801);
#1478=AXIS2_PLACEMENT_3D('',#2325,#1802,#1803);
#1479=AXIS2_PLACEMENT_3D('',#2326,#1804,#1805);
#1480=AXIS2_PLACEMENT_3D('',#2327,#1806,#1807);
#1481=AXIS2_PLACEMENT_3D('',#2328,#1808,#1809);
#1482=AXIS2_PLACEMENT_3D('',#2329,#1810,#1811);
#1483=AXIS2_PLACEMENT_3D('',#2331,#1813,#1814);
#1484=AXIS2_PLACEMENT_3D('',#2333,#1816,#1817);
#1485=AXIS2_PLACEMENT_3D('',#2334,#1818,#1819);
#1486=AXIS2_PLACEMENT_3D('',#2335,#1820,#1821);
#1487=AXIS2_PLACEMENT_3D('',#2336,#1822,#1823);
#1488=AXIS2_PLACEMENT_3D('',#2337,#1824,#1825);
#1489=AXIS2_PLACEMENT_3D('',#2338,#1826,#1827);
#1490=AXIS2_PLACEMENT_3D('',#2339,#1828,#1829);
#1491=AXIS2_PLACEMENT_3D('',#2340,#1830,#1831);
#1492=AXIS2_PLACEMENT_3D('',#2341,#1832,#1833);
#1493=AXIS2_PLACEMENT_3D('',#2342,#1834,#1835);
#1494=AXIS2_PLACEMENT_3D('',#2343,#1836,#1837);
#1495=AXIS2_PLACEMENT_3D('',#2344,#1838,#1839);
#1496=AXIS2_PLACEMENT_3D('',#2345,#1840,#1841);
#1497=AXIS2_PLACEMENT_3D('',#2346,#1842,#1843);
#1498=AXIS2_PLACEMENT_3D('',#2347,#1844,#1845);
#1499=AXIS2_PLACEMENT_3D('',#2348,#1846,#1847);
#1500=AXIS2_PLACEMENT_3D('',#2349,#1848,#1849);
#1501=AXIS2_PLACEMENT_3D('',#2350,#1850,#1851);
#1502=AXIS2_PLACEMENT_3D('',#2351,#1852,#1853);
#1503=AXIS2_PLACEMENT_3D('',#2352,#1854,#1855);
#1504=AXIS2_PLACEMENT_3D('',#2353,#1856,#1857);
#1505=AXIS2_PLACEMENT_3D('',#2354,#1858,#1859);
#1506=AXIS2_PLACEMENT_3D('',#2355,#1860,#1861);
#1507=AXIS2_PLACEMENT_3D('',#2356,#1862,#1863);
#1508=AXIS2_PLACEMENT_3D('',#2357,#1864,#1865);
#1509=AXIS2_PLACEMENT_3D('',#2358,#1866,#1867);
#1510=AXIS2_PLACEMENT_3D('',#2359,#1868,#1869);
#1511=AXIS2_PLACEMENT_3D('',#2360,#1870,#1871);
#1512=AXIS2_PLACEMENT_3D('',#2361,#1872,#1873);
#1513=AXIS2_PLACEMENT_3D('',#2362,#1874,#1875);
#1514=AXIS2_PLACEMENT_3D('',#2363,#1876,#1877);
#1515=AXIS2_PLACEMENT_3D('',#2364,#1878,#1879);
#1516=AXIS2_PLACEMENT_3D('',#2365,#1880,#1881);
#1517=AXIS2_PLACEMENT_3D('',#2366,#1882,#1883);
#1518=AXIS2_PLACEMENT_3D('',#2367,#1884,#1885);
#1519=AXIS2_PLACEMENT_3D('',#2368,#1886,#1887);
#1520=AXIS2_PLACEMENT_3D('',#2369,#1888,#1889);
#1521=AXIS2_PLACEMENT_3D('',#2370,#1890,#1891);
#1522=AXIS2_PLACEMENT_3D('',#2371,#1892,#1893);
#1523=AXIS2_PLACEMENT_3D('',#2372,#1894,#1895);
#1524=AXIS2_PLACEMENT_3D('',#2373,#1896,#1897);
#1525=AXIS2_PLACEMENT_3D('',#2374,#1898,#1899);
#1526=AXIS2_PLACEMENT_3D('',#2375,#1900,#1901);
#1527=AXIS2_PLACEMENT_3D('',#2376,#1902,#1903);
#1528=AXIS2_PLACEMENT_3D('',#2377,#1904,#1905);
#1529=AXIS2_PLACEMENT_3D('',#2378,#1906,#1907);
#1530=AXIS2_PLACEMENT_3D('',#2379,#1908,#1909);
#1531=AXIS2_PLACEMENT_3D('',#2380,#1910,#1911);
#1532=AXIS2_PLACEMENT_3D('',#2381,#1912,#1913);
#1533=AXIS2_PLACEMENT_3D('',#2382,#1914,#1915);
#1534=AXIS2_PLACEMENT_3D('',#2383,#1916,#1917);
#1535=AXIS2_PLACEMENT_3D('',#2384,#1918,#1919);
#1536=AXIS2_PLACEMENT_3D('',#2385,#1920,#1921);
#1537=AXIS2_PLACEMENT_3D('',#2386,#1922,#1923);
#1538=AXIS2_PLACEMENT_3D('',#2387,#1924,#1925);
#1539=AXIS2_PLACEMENT_3D('',#2388,#1926,#1927);
#1540=AXIS2_PLACEMENT_3D('',#2389,#1928,#1929);
#1541=AXIS2_PLACEMENT_3D('',#2390,#1930,#1931);
#1542=AXIS2_PLACEMENT_3D('',#2391,#1932,#1933);
#1543=AXIS2_PLACEMENT_3D('',#2392,#1934,#1935);
#1544=AXIS2_PLACEMENT_3D('',#2398,#1936,#1937);
#1545=AXIS2_PLACEMENT_3D('',#2404,#1938,#1939);
#1546=AXIS2_PLACEMENT_3D('',#2410,#1940,#1941);
#1547=AXIS2_PLACEMENT_3D('',#2416,#1942,#1943);
#1548=AXIS2_PLACEMENT_3D('',#2417,#1944,#1945);
#1549=AXIS2_PLACEMENT_3D('',#2418,#1946,#1947);
#1550=AXIS2_PLACEMENT_3D('',#2419,#1948,#1949);
#1551=AXIS2_PLACEMENT_3D('',#2420,#1950,#1951);
#1552=AXIS2_PLACEMENT_3D('',#2421,#1952,#1953);
#1553=AXIS2_PLACEMENT_3D('',#2422,#1954,#1955);
#1554=AXIS2_PLACEMENT_3D('',#2423,#1956,#1957);
#1555=AXIS2_PLACEMENT_3D('',#2424,#1958,#1959);
#1556=AXIS2_PLACEMENT_3D('',#2425,#1960,#1961);
#1557=AXIS2_PLACEMENT_3D('',#2426,#1962,#1963);
#1558=AXIS2_PLACEMENT_3D('',#2427,#1964,#1965);
#1559=AXIS2_PLACEMENT_3D('',#2428,#1966,#1967);
#1560=AXIS2_PLACEMENT_3D('',#2429,#1968,#1969);
#1561=AXIS2_PLACEMENT_3D('',#2430,#1970,#1971);
#1562=AXIS2_PLACEMENT_3D('',#2431,#1972,#1973);
#1563=AXIS2_PLACEMENT_3D('',#2432,#1974,#1975);
#1564=AXIS2_PLACEMENT_3D('',#2433,#1976,#1977);
#1565=AXIS2_PLACEMENT_3D('',#2439,#1978,#1979);
#1566=AXIS2_PLACEMENT_3D('',#2445,#1980,#1981);
#1567=AXIS2_PLACEMENT_3D('',#2446,#1982,#1983);
#1568=AXIS2_PLACEMENT_3D('',#2447,#1984,#1985);
#1569=AXIS2_PLACEMENT_3D('',#2448,#1986,#1987);
#1570=AXIS2_PLACEMENT_3D('',#2449,#1988,#1989);
#1571=AXIS2_PLACEMENT_3D('',#2450,#1990,#1991);
#1572=AXIS2_PLACEMENT_3D('',#2451,#1992,#1993);
#1573=AXIS2_PLACEMENT_3D('',#2452,#1994,#1995);
#1574=AXIS2_PLACEMENT_3D('',#2453,#1996,#1997);
#1575=AXIS2_PLACEMENT_3D('',#2454,#1998,#1999);
#1576=AXIS2_PLACEMENT_3D('',#2460,#2000,#2001);
#1577=AXIS2_PLACEMENT_3D('',#2466,#2002,#2003);
#1578=AXIS2_PLACEMENT_3D('',#2467,#2004,#2005);
#1579=AXIS2_PLACEMENT_3D('',#2468,#2006,#2007);
#1580=AXIS2_PLACEMENT_3D('',#2469,#2008,#2009);
#1581=AXIS2_PLACEMENT_3D('',#2470,#2010,#2011);
#1582=AXIS2_PLACEMENT_3D('',#2471,#2012,#2013);
#1583=AXIS2_PLACEMENT_3D('',#2472,#2014,#2015);
#1584=AXIS2_PLACEMENT_3D('',#2473,#2016,#2017);
#1585=AXIS2_PLACEMENT_3D('',#2475,#2018,#2019);
#1586=AXIS2_PLACEMENT_3D('',#2477,#2020,#2021);
#1587=AXIS2_PLACEMENT_3D('',#2478,#2022,#2023);
#1588=AXIS2_PLACEMENT_3D('',#2480,#2024,#2025);
#1589=AXIS2_PLACEMENT_3D('',#2481,#2026,#2027);
#1590=AXIS2_PLACEMENT_3D('',#2483,#2028,#2029);
#1591=AXIS2_PLACEMENT_3D('',#2484,#2030,#2031);
#1592=DIRECTION('',(0.,0.,1.));
#1593=DIRECTION('',(1.,0.,0.));
#1594=DIRECTION('',(6.12303176911189E-17,1.,0.));
#1595=DIRECTION('',(-1.,6.12303176911189E-17,0.));
#1596=DIRECTION('',(6.12303176911189E-17,1.,0.));
#1597=DIRECTION('',(0.,1.,0.));
#1598=DIRECTION('',(0.,0.,1.));
#1599=DIRECTION('',(6.12303176911189E-17,1.,0.));
#1600=DIRECTION('',(0.,1.,0.));
#1601=DIRECTION('',(0.,0.,1.));
#1602=DIRECTION('',(0.,1.,0.));
#1603=DIRECTION('',(0.,0.,1.));
#1604=DIRECTION('',(-6.12303176911189E-17,-1.,0.));
#1605=DIRECTION('',(1.,-6.12303176911189E-17,0.));
#1606=DIRECTION('',(0.,1.,0.));
#1607=DIRECTION('',(0.,0.,1.));
#1608=DIRECTION('',(0.,0.,-1.));
#1609=DIRECTION('',(1.,0.,0.));
#1610=DIRECTION('',(-4.62592926927148E-16,0.,1.));
#1611=DIRECTION('',(1.,0.,0.));
#1612=DIRECTION('',(0.,0.,1.));
#1613=DIRECTION('',(1.,0.,0.));
#1614=DIRECTION('',(0.,0.,1.));
#1615=DIRECTION('',(0.,1.,0.));
#1616=DIRECTION('',(0.,0.,1.));
#1617=DIRECTION('',(-1.,0.,-1.15648231731787E-16));
#1618=DIRECTION('',(0.,1.,0.));
#1619=DIRECTION('',(0.,0.,1.));
#1620=DIRECTION('',(0.,0.,1.));
#1621=DIRECTION('',(0.,1.,0.));
#1622=DIRECTION('',(0.,0.,1.));
#1623=DIRECTION('',(1.,0.,-1.15648231731787E-16));
#1624=DIRECTION('',(0.,1.,0.));
#1625=DIRECTION('',(0.,0.,1.));
#1626=DIRECTION('',(0.,0.,1.));
#1627=DIRECTION('',(1.,0.,0.));
#1628=DIRECTION('',(0.,0.,1.));
#1629=DIRECTION('',(-1.,0.,0.));
#1630=DIRECTION('',(2.31296463463574E-16,0.,1.));
#1631=DIRECTION('',(-1.,0.,0.));
#1632=DIRECTION('',(0.,0.,-1.));
#1633=DIRECTION('',(0.,1.,0.));
#1634=DIRECTION('',(0.,0.,1.));
#1635=DIRECTION('',(-6.12303176911189E-17,-1.,0.));
#1636=DIRECTION('',(1.,-6.12303176911189E-17,0.));
#1637=DIRECTION('',(0.,1.,0.));
#1638=DIRECTION('',(0.,0.,1.));
#1639=DIRECTION('',(0.,0.,-1.));
#1640=DIRECTION('',(-1.,0.,0.));
#1641=DIRECTION('',(2.31296463463574E-16,0.,1.));
#1642=DIRECTION('',(-1.,0.,0.));
#1643=DIRECTION('',(0.,0.,1.));
#1644=DIRECTION('',(1.,0.,0.));
#1645=DIRECTION('',(0.,0.,1.));
#1646=DIRECTION('',(0.,1.,0.));
#1647=DIRECTION('',(0.,0.,1.));
#1648=DIRECTION('',(1.,0.,-1.15648231731787E-16));
#1649=DIRECTION('',(0.,1.,0.));
#1650=DIRECTION('',(0.,0.,1.));
#1651=DIRECTION('',(0.,0.,1.));
#1652=DIRECTION('',(0.,1.,0.));
#1653=DIRECTION('',(0.,0.,1.));
#1654=DIRECTION('',(-1.,0.,-1.15648231731787E-16));
#1655=DIRECTION('',(0.,1.,0.));
#1656=DIRECTION('',(0.,0.,1.));
#1657=DIRECTION('',(0.,0.,1.));
#1658=DIRECTION('',(1.,0.,0.));
#1659=DIRECTION('',(0.,0.,1.));
#1660=DIRECTION('',(1.,0.,0.));
#1661=DIRECTION('',(-4.62592926927148E-16,0.,1.));
#1662=DIRECTION('',(1.,0.,0.));
#1663=DIRECTION('',(0.,0.,-1.));
#1664=DIRECTION('',(0.,0.,1.));
#1665=DIRECTION('',(1.,0.,0.));
#1666=DIRECTION('',(1.,0.,4.62592926927148E-16));
#1667=DIRECTION('',(0.,1.,0.));
#1668=DIRECTION('',(1.,0.,0.));
#1669=DIRECTION('',(0.,1.,0.));
#1670=DIRECTION('',(-1.,0.,2.31296463463574E-16));
#1671=DIRECTION('',(2.31296463463574E-16,0.,1.));
#1672=DIRECTION('',(0.,1.,0.));
#1673=DIRECTION('',(2.31296463463574E-16,0.,1.));
#1674=DIRECTION('',(0.,1.,0.));
#1675=DIRECTION('',(2.31296463463574E-16,0.,1.));
#1676=DIRECTION('',(0.,1.,0.));
#1677=DIRECTION('',(4.62592926927148E-16,-1.92747052886311E-16,-1.));
#1678=DIRECTION('',(0.,-1.,0.));
#1679=DIRECTION('',(-4.62592926927148E-16,0.,1.));
#1680=DIRECTION('',(0.,0.,-1.));
#1681=DIRECTION('',(-1.,0.,0.));
#1682=DIRECTION('',(-1.,0.,0.));
#1683=DIRECTION('',(0.,1.,0.));
#1684=DIRECTION('',(1.,0.,4.62592926927148E-16));
#1685=DIRECTION('',(0.,1.,0.));
#1686=DIRECTION('',(0.,0.,-1.));
#1687=DIRECTION('',(-1.,0.,0.));
#1688=DIRECTION('',(1.,0.,4.62592926927148E-16));
#1689=DIRECTION('',(0.,1.,0.));
#1690=DIRECTION('',(-1.,0.,0.));
#1691=DIRECTION('',(0.,1.,0.));
#1692=DIRECTION('',(1.,0.,0.));
#1693=DIRECTION('',(0.,0.,-1.));
#1694=DIRECTION('',(0.,-1.92747052886311E-16,-1.));
#1695=DIRECTION('',(0.,1.,0.));
#1696=DIRECTION('',(0.,0.,-1.));
#1697=DIRECTION('',(0.,0.,-1.));
#1698=DIRECTION('',(0.,1.,0.));
#1699=DIRECTION('',(0.,0.,1.));
#1700=DIRECTION('',(0.,-1.,0.));
#1701=DIRECTION('',(1.,0.,0.));
#1702=DIRECTION('',(0.,0.,-1.));
#1703=DIRECTION('',(0.,0.,-1.));
#1704=DIRECTION('',(0.,1.,0.));
#1705=DIRECTION('',(0.,-1.92747052886312E-16,1.));
#1706=DIRECTION('',(0.,-1.,0.));
#1707=DIRECTION('',(0.,0.,-1.));
#1708=DIRECTION('',(0.,1.,0.));
#1709=DIRECTION('',(0.,0.,-1.));
#1710=DIRECTION('',(0.,0.,-1.));
#1711=DIRECTION('',(-1.,0.,0.));
#1712=DIRECTION('',(-1.,0.,0.));
#1713=DIRECTION('',(0.,1.,0.));
#1714=DIRECTION('',(-1.,0.,0.));
#1715=DIRECTION('',(0.,0.,1.));
#1716=DIRECTION('',(1.,0.,0.));
#1717=DIRECTION('',(1.,0.,0.));
#1718=DIRECTION('',(0.,1.,0.));
#1719=DIRECTION('',(1.,0.,4.62592926927148E-16));
#1720=DIRECTION('',(0.,1.,0.));
#1721=DIRECTION('',(-1.,0.,-4.62592926927148E-16));
#1722=DIRECTION('',(-4.62592926927148E-16,0.,1.));
#1723=DIRECTION('',(-4.62592926927148E-16,-1.92747052886312E-16,1.));
#1724=DIRECTION('',(0.,1.,0.));
#1725=DIRECTION('',(-4.62592926927148E-16,0.,1.));
#1726=DIRECTION('',(0.,1.,0.));
#1727=DIRECTION('',(-4.62592926927148E-16,0.,1.));
#1728=DIRECTION('',(0.,1.,0.));
#1729=DIRECTION('',(4.62592926927148E-16,0.,-1.));
#1730=DIRECTION('',(0.,-1.,0.));
#1731=DIRECTION('',(0.,0.,1.));
#1732=DIRECTION('',(1.,0.,0.));
#1733=DIRECTION('',(1.,0.,0.));
#1734=DIRECTION('',(0.,1.,0.));
#1735=DIRECTION('',(1.,0.,0.));
#1736=DIRECTION('',(1.,0.,0.));
#1737=DIRECTION('',(0.,0.,-1.));
#1738=DIRECTION('',(-1.,0.,0.));
#1739=DIRECTION('',(0.,1.,0.));
#1740=DIRECTION('',(0.,1.,0.));
#1741=DIRECTION('',(-1.,0.,0.));
#1742=DIRECTION('',(0.,1.,0.));
#1743=DIRECTION('',(0.,1.,0.));
#1744=DIRECTION('',(-1.,0.,0.));
#1745=DIRECTION('',(0.,1.,0.));
#1746=DIRECTION('',(1.15648231731787E-16,0.,-1.));
#1747=DIRECTION('',(-1.,0.,-1.15648231731787E-16));
#1748=DIRECTION('',(0.,1.,0.));
#1749=DIRECTION('',(0.,1.,0.));
#1750=DIRECTION('',(-1.,0.,0.));
#1751=DIRECTION('',(0.,0.,1.));
#1752=DIRECTION('',(0.,1.,0.));
#1753=DIRECTION('',(0.,1.,0.));
#1754=DIRECTION('',(1.15648231731787E-16,0.,1.));
#1755=DIRECTION('',(1.,0.,-1.15648231731787E-16));
#1756=DIRECTION('',(0.,1.,0.));
#1757=DIRECTION('',(0.,1.,0.));
#1758=DIRECTION('',(-1.,0.,0.));
#1759=DIRECTION('',(0.,0.,1.));
#1760=DIRECTION('',(0.,0.,1.));
#1761=DIRECTION('',(0.,1.,0.));
#1762=DIRECTION('',(0.,0.,1.));
#1763=DIRECTION('',(-1.,0.,0.));
#1764=DIRECTION('',(0.,0.,1.));
#1765=DIRECTION('',(0.,0.,1.));
#1766=DIRECTION('',(0.,1.,0.));
#1767=DIRECTION('',(0.,0.,1.));
#1768=DIRECTION('',(-1.,0.,0.));
#1769=DIRECTION('',(0.,0.,1.));
#1770=DIRECTION('',(-1.,0.,0.));
#1771=DIRECTION('',(0.,1.,0.));
#1772=DIRECTION('',(-6.12303176911189E-17,-1.,0.));
#1773=DIRECTION('',(0.,0.,1.));
#1774=DIRECTION('',(-6.12303176911189E-17,-1.,0.));
#1775=DIRECTION('',(1.,-6.12303176911189E-17,0.));
#1776=DIRECTION('',(-6.12303176911189E-17,-1.,0.));
#1777=DIRECTION('',(1.,-6.12303176911189E-17,0.));
#1778=DIRECTION('',(-6.12303176911189E-17,-1.,0.));
#1779=DIRECTION('',(1.,-6.12303176911189E-17,0.));
#1780=DIRECTION('',(-6.12303176911189E-17,-1.,0.));
#1781=DIRECTION('',(1.,-6.12303176911189E-17,0.));
#1782=DIRECTION('',(-6.12303176911189E-17,-1.,0.));
#1783=DIRECTION('',(1.,-6.12303176911189E-17,0.));
#1784=DIRECTION('',(-6.12303176911189E-17,-1.,0.));
#1785=DIRECTION('',(1.,-6.12303176911189E-17,0.));
#1786=DIRECTION('',(-6.12303176911189E-17,-1.,0.));
#1787=DIRECTION('',(1.,-6.12303176911189E-17,0.));
#1788=DIRECTION('',(-6.12303176911189E-17,-1.,0.));
#1789=DIRECTION('',(1.,-6.12303176911189E-17,0.));
#1790=DIRECTION('',(-8.91634233512606E-32,-1.,1.92747052886311E-16));
#1791=DIRECTION('',(0.,-1.92747052886311E-16,-1.));
#1792=DIRECTION('',(-8.91634233512606E-32,-1.,1.92747052886311E-16));
#1793=DIRECTION('',(0.,-1.92747052886311E-16,-1.));
#1794=DIRECTION('',(1.,0.,4.62592926927148E-16));
#1795=DIRECTION('',(-8.91634233512606E-32,-1.,1.92747052886311E-16));
#1796=DIRECTION('',(0.,-1.92747052886311E-16,-1.));
#1797=DIRECTION('',(-4.62592926927148E-16,0.,1.));
#1798=DIRECTION('',(1.,0.,4.62592926927148E-16));
#1799=DIRECTION('',(1.,0.,4.62592926927148E-16));
#1800=DIRECTION('',(0.,1.,0.));
#1801=DIRECTION('',(0.,0.,1.));
#1802=DIRECTION('',(0.,1.,0.));
#1803=DIRECTION('',(0.,0.,1.));
#1804=DIRECTION('',(0.,1.,0.));
#1805=DIRECTION('',(0.,0.,1.));
#1806=DIRECTION('',(-8.91634233512609E-32,1.,1.92747052886312E-16));
#1807=DIRECTION('',(0.,-1.92747052886312E-16,1.));
#1808=DIRECTION('',(-8.91634233512609E-32,1.,1.92747052886312E-16));
#1809=DIRECTION('',(0.,-1.92747052886312E-16,1.));
#1810=DIRECTION('',(-8.91634233512609E-32,1.,1.92747052886312E-16));
#1811=DIRECTION('',(0.,-1.92747052886312E-16,1.));
#1812=DIRECTION('',(1.,0.,4.62592926927148E-16));
#1813=DIRECTION('',(-4.62592926927148E-16,0.,1.));
#1814=DIRECTION('',(1.,0.,4.62592926927148E-16));
#1815=DIRECTION('',(1.,0.,4.62592926927148E-16));
#1816=DIRECTION('',(0.,-1.,0.));
#1817=DIRECTION('',(0.,0.,-1.));
#1818=DIRECTION('',(0.,-1.,0.));
#1819=DIRECTION('',(0.,0.,-1.));
#1820=DIRECTION('',(0.,-1.,0.));
#1821=DIRECTION('',(0.,0.,-1.));
#1822=DIRECTION('',(1.,0.,0.));
#1823=DIRECTION('',(0.,0.,-1.));
#1824=DIRECTION('',(-1.,0.,0.));
#1825=DIRECTION('',(0.,0.,1.));
#1826=DIRECTION('',(1.,0.,0.));
#1827=DIRECTION('',(0.,0.,-1.));
#1828=DIRECTION('',(-1.,0.,0.));
#1829=DIRECTION('',(0.,0.,1.));
#1830=DIRECTION('',(1.,0.,0.));
#1831=DIRECTION('',(0.,0.,-1.));
#1832=DIRECTION('',(-1.,0.,0.));
#1833=DIRECTION('',(0.,0.,1.));
#1834=DIRECTION('',(-1.,0.,0.));
#1835=DIRECTION('',(0.,0.,1.));
#1836=DIRECTION('',(-1.,0.,0.));
#1837=DIRECTION('',(0.,0.,1.));
#1838=DIRECTION('',(-1.,0.,0.));
#1839=DIRECTION('',(0.,0.,1.));
#1840=DIRECTION('',(-1.,0.,0.));
#1841=DIRECTION('',(0.,0.,1.));
#1842=DIRECTION('',(-1.,0.,0.));
#1843=DIRECTION('',(0.,0.,1.));
#1844=DIRECTION('',(1.,0.,0.));
#1845=DIRECTION('',(0.,0.,-1.));
#1846=DIRECTION('',(1.,0.,0.));
#1847=DIRECTION('',(0.,0.,-1.));
#1848=DIRECTION('',(1.,0.,0.));
#1849=DIRECTION('',(0.,0.,-1.));
#1850=DIRECTION('',(1.,0.,0.));
#1851=DIRECTION('',(0.,0.,-1.));
#1852=DIRECTION('',(1.,0.,0.));
#1853=DIRECTION('',(0.,0.,-1.));
#1854=DIRECTION('',(1.,0.,0.));
#1855=DIRECTION('',(0.,0.,-1.));
#1856=DIRECTION('',(-4.62592926927148E-16,0.,1.));
#1857=DIRECTION('',(1.,0.,4.62592926927148E-16));
#1858=DIRECTION('',(0.707106781186547,0.,0.707106781186548));
#1859=DIRECTION('',(0.707106781186548,0.,-0.707106781186547));
#1860=DIRECTION('',(0.,0.,-1.));
#1861=DIRECTION('',(-1.,0.,0.));
#1862=DIRECTION('',(-1.,0.,-4.62592926927148E-16));
#1863=DIRECTION('',(-4.62592926927148E-16,0.,1.));
#1864=DIRECTION('',(0.,1.,0.));
#1865=DIRECTION('',(0.,0.,1.));
#1866=DIRECTION('',(0.,1.,0.));
#1867=DIRECTION('',(0.,0.,1.));
#1868=DIRECTION('',(-2.31296463463574E-16,0.,-1.));
#1869=DIRECTION('',(-1.,0.,2.31296463463574E-16));
#1870=DIRECTION('',(0.707106781186547,0.,-0.707106781186548));
#1871=DIRECTION('',(0.707106781186548,0.,0.707106781186547));
#1872=DIRECTION('',(0.,0.,1.));
#1873=DIRECTION('',(1.,0.,0.));
#1874=DIRECTION('',(-1.,0.,2.31296463463574E-16));
#1875=DIRECTION('',(2.31296463463574E-16,0.,1.));
#1876=DIRECTION('',(0.,-1.,0.));
#1877=DIRECTION('',(0.,0.,-1.));
#1878=DIRECTION('',(0.,1.,0.));
#1879=DIRECTION('',(0.,0.,1.));
#1880=DIRECTION('',(0.,1.,0.));
#1881=DIRECTION('',(0.,0.,1.));
#1882=DIRECTION('',(0.,-1.,0.));
#1883=DIRECTION('',(0.,0.,-1.));
#1884=DIRECTION('',(-1.,0.,2.31296463463574E-16));
#1885=DIRECTION('',(2.31296463463574E-16,0.,1.));
#1886=DIRECTION('',(0.,0.,-1.));
#1887=DIRECTION('',(-1.,0.,0.));
#1888=DIRECTION('',(2.31296463463574E-16,0.,1.));
#1889=DIRECTION('',(1.,0.,-2.31296463463574E-16));
#1890=DIRECTION('',(-0.707106781186547,0.,0.707106781186548));
#1891=DIRECTION('',(-0.707106781186548,0.,-0.707106781186547));
#1892=DIRECTION('',(4.62592926927148E-16,0.,-1.));
#1893=DIRECTION('',(-1.,0.,-4.62592926927148E-16));
#1894=DIRECTION('',(0.,0.,-1.));
#1895=DIRECTION('',(-1.,0.,0.));
#1896=DIRECTION('',(-0.707106781186547,0.,-0.707106781186548));
#1897=DIRECTION('',(-0.707106781186548,0.,0.707106781186547));
#1898=DIRECTION('',(-1.,0.,-4.62592926927148E-16));
#1899=DIRECTION('',(-4.62592926927148E-16,0.,1.));
#1900=DIRECTION('',(0.,-1.,0.));
#1901=DIRECTION('',(0.,0.,-1.));
#1902=DIRECTION('',(0.,1.,0.));
#1903=DIRECTION('',(0.,0.,1.));
#1904=DIRECTION('',(1.,0.,0.));
#1905=DIRECTION('',(0.,0.,-1.));
#1906=DIRECTION('',(1.,0.,0.));
#1907=DIRECTION('',(0.,0.,-1.));
#1908=DIRECTION('',(-1.,0.,0.));
#1909=DIRECTION('',(0.,0.,1.));
#1910=DIRECTION('',(-1.,0.,0.));
#1911=DIRECTION('',(0.,0.,1.));
#1912=DIRECTION('',(1.,0.,0.));
#1913=DIRECTION('',(0.,0.,-1.));
#1914=DIRECTION('',(1.,0.,0.));
#1915=DIRECTION('',(0.,0.,-1.));
#1916=DIRECTION('',(-1.,0.,0.));
#1917=DIRECTION('',(0.,0.,1.));
#1918=DIRECTION('',(-1.,0.,0.));
#1919=DIRECTION('',(0.,0.,1.));
#1920=DIRECTION('',(0.,1.,0.));
#1921=DIRECTION('',(0.,0.,1.));
#1922=DIRECTION('',(0.,1.,0.));
#1923=DIRECTION('',(0.,0.,1.));
#1924=DIRECTION('',(0.,-1.,0.));
#1925=DIRECTION('',(0.,0.,-1.));
#1926=DIRECTION('',(-1.,0.,0.));
#1927=DIRECTION('',(0.,0.,1.));
#1928=DIRECTION('',(0.,0.,-1.));
#1929=DIRECTION('',(-1.,0.,0.));
#1930=DIRECTION('',(-1.,0.,0.));
#1931=DIRECTION('',(0.,0.,1.));
#1932=DIRECTION('',(0.,0.,-1.));
#1933=DIRECTION('',(-1.,0.,0.));
#1934=DIRECTION('',(0.,0.,1.));
#1935=DIRECTION('',(1.,0.,0.));
#1936=DIRECTION('',(0.,0.,-1.));
#1937=DIRECTION('',(-1.,0.,0.));
#1938=DIRECTION('',(-1.,0.,0.));
#1939=DIRECTION('',(0.,0.,1.));
#1940=DIRECTION('',(-1.,0.,0.));
#1941=DIRECTION('',(0.,0.,1.));
#1942=DIRECTION('',(0.,0.,1.));
#1943=DIRECTION('',(1.,0.,0.));
#1944=DIRECTION('',(0.,0.,-1.));
#1945=DIRECTION('',(-1.,0.,0.));
#1946=DIRECTION('',(0.,0.,-1.));
#1947=DIRECTION('',(-1.,0.,0.));
#1948=DIRECTION('',(0.,0.,-1.));
#1949=DIRECTION('',(-1.,0.,0.));
#1950=DIRECTION('',(-1.,0.,0.));
#1951=DIRECTION('',(0.,0.,1.));
#1952=DIRECTION('',(0.,1.,0.));
#1953=DIRECTION('',(0.,0.,1.));
#1954=DIRECTION('',(-1.,0.,0.));
#1955=DIRECTION('',(0.,0.,1.));
#1956=DIRECTION('',(0.,-1.,0.));
#1957=DIRECTION('',(0.,0.,-1.));
#1958=DIRECTION('',(0.,1.,0.));
#1959=DIRECTION('',(0.,0.,1.));
#1960=DIRECTION('',(0.,-1.,0.));
#1961=DIRECTION('',(0.,0.,-1.));
#1962=DIRECTION('',(0.,-1.,0.));
#1963=DIRECTION('',(0.,0.,-1.));
#1964=DIRECTION('',(0.,-1.,0.));
#1965=DIRECTION('',(0.,0.,-1.));
#1966=DIRECTION('',(0.,-1.,0.));
#1967=DIRECTION('',(0.,0.,-1.));
#1968=DIRECTION('',(0.,1.,0.));
#1969=DIRECTION('',(0.,0.,1.));
#1970=DIRECTION('',(0.,-1.,0.));
#1971=DIRECTION('',(0.,0.,-1.));
#1972=DIRECTION('',(1.,0.,0.));
#1973=DIRECTION('',(0.,0.,-1.));
#1974=DIRECTION('',(0.,0.,-1.));
#1975=DIRECTION('',(-1.,0.,0.));
#1976=DIRECTION('',(0.,0.,-1.));
#1977=DIRECTION('',(-1.,0.,0.));
#1978=DIRECTION('',(0.,1.,0.));
#1979=DIRECTION('',(0.,0.,1.));
#1980=DIRECTION('',(0.,0.,-1.));
#1981=DIRECTION('',(-1.,0.,0.));
#1982=DIRECTION('',(0.,0.,-1.));
#1983=DIRECTION('',(-1.,0.,0.));
#1984=DIRECTION('',(1.,0.,0.));
#1985=DIRECTION('',(0.,0.,-1.));
#1986=DIRECTION('',(0.,1.,0.));
#1987=DIRECTION('',(0.,0.,1.));
#1988=DIRECTION('',(0.,1.,0.));
#1989=DIRECTION('',(0.,0.,1.));
#1990=DIRECTION('',(0.,1.,0.));
#1991=DIRECTION('',(0.,0.,1.));
#1992=DIRECTION('',(0.,1.,0.));
#1993=DIRECTION('',(0.,0.,1.));
#1994=DIRECTION('',(1.,0.,0.));
#1995=DIRECTION('',(0.,0.,-1.));
#1996=DIRECTION('',(0.,0.,1.));
#1997=DIRECTION('',(1.,0.,0.));
#1998=DIRECTION('',(0.,0.,1.));
#1999=DIRECTION('',(1.,0.,0.));
#2000=DIRECTION('',(0.,1.,0.));
#2001=DIRECTION('',(0.,0.,1.));
#2002=DIRECTION('',(0.,0.,1.));
#2003=DIRECTION('',(1.,0.,0.));
#2004=DIRECTION('',(0.,0.,1.));
#2005=DIRECTION('',(1.,0.,0.));
#2006=DIRECTION('',(1.,0.,0.));
#2007=DIRECTION('',(0.,0.,-1.));
#2008=DIRECTION('',(0.,-1.,0.));
#2009=DIRECTION('',(0.,0.,-1.));
#2010=DIRECTION('',(0.,1.,0.));
#2011=DIRECTION('',(0.,0.,1.));
#2012=DIRECTION('',(-1.,0.,0.));
#2013=DIRECTION('',(0.,0.,1.));
#2014=DIRECTION('',(-1.,-1.18643698505519E-16,0.));
#2015=DIRECTION('',(1.18643698505519E-16,-1.,0.));
#2016=DIRECTION('',(-1.,-1.18643698505519E-16,0.));
#2017=DIRECTION('',(1.18643698505519E-16,-1.,0.));
#2018=DIRECTION('',(-1.,-1.18643698505519E-16,0.));
#2019=DIRECTION('',(1.18643698505519E-16,-1.,0.));
#2020=DIRECTION('',(1.,1.18643698505519E-16,0.));
#2021=DIRECTION('',(-1.18643698505519E-16,1.,0.));
#2022=DIRECTION('',(-1.,-1.18643698505519E-16,0.));
#2023=DIRECTION('',(1.18643698505519E-16,-1.,0.));
#2024=DIRECTION('',(-1.,-1.18643698505519E-16,0.));
#2025=DIRECTION('',(1.18643698505519E-16,-1.,0.));
#2026=DIRECTION('',(-1.,-1.18643698505519E-16,0.));
#2027=DIRECTION('',(1.18643698505519E-16,-1.,0.));
#2028=DIRECTION('',(1.,1.18643698505519E-16,0.));
#2029=DIRECTION('',(-1.18643698505519E-16,1.,0.));
#2030=DIRECTION('',(-1.,-1.18643698505519E-16,0.));
#2031=DIRECTION('',(1.18643698505519E-16,-1.,0.));
#2032=CARTESIAN_POINT('',(0.,0.,0.));
#2033=CARTESIAN_POINT('',(-1.10214571844014E-15,-18.,0.));
#2034=CARTESIAN_POINT('',(-29.5,-18.,18.8348082018373));
#2035=CARTESIAN_POINT('',(-29.5,17.8936170212766,18.8348082018373));
#2036=CARTESIAN_POINT('',(-29.5,-17.8936170212766,18.8348082018373));
#2037=CARTESIAN_POINT('',(1.09563185485598E-15,17.8936170212766,0.));
#2038=CARTESIAN_POINT('',(-29.5,17.8936170212766,-18.8348082018373));
#2039=CARTESIAN_POINT('',(-29.5,-18.,-18.8348082018373));
#2040=CARTESIAN_POINT('',(-29.5,-17.8936170212766,-18.8348082018373));
#2041=CARTESIAN_POINT('',(-1.09563185485598E-15,-17.8936170212766,0.));
#2042=CARTESIAN_POINT('',(-34.9839697286522,-1.32325017425653,1.1744962205453));
#2043=CARTESIAN_POINT('',(-34.9597865348743,-2.50030091022748,1.66265769452278));
#2044=CARTESIAN_POINT('',(-34.9839383507209,-3.67554618483351,1.17487300136357));
#2045=CARTESIAN_POINT('',(-35.0080270747477,-4.16206025516868,0.00122640289328365));
#2046=CARTESIAN_POINT('',(-34.9839532953301,-3.67621151213756,-1.17497420108468));
#2047=CARTESIAN_POINT('',(-34.9598052751246,-2.50022863161333,-1.66211514086546));
#2048=CARTESIAN_POINT('',(-34.9838798475146,-1.326078523354,-1.17656466494138));
#2049=CARTESIAN_POINT('',(-35.008037556836,-0.837668971783664,-0.00175397609839898));
#2050=CARTESIAN_POINT('',(-34.9839697286522,-1.32325017425653,1.1744962205453));
#2051=CARTESIAN_POINT('',(-34.9597865348743,-2.50030091022748,1.66265769452278));
#2052=CARTESIAN_POINT('',(-34.9839383507209,-3.67554618483351,1.17487300136357));
#2053=CARTESIAN_POINT('',(-34.9678423698117,-2.49999999999999,1.5));
#2054=CARTESIAN_POINT('',(0.,-19.,0.));
#2055=CARTESIAN_POINT('',(-1.16337603613126E-15,-19.,0.));
#2056=CARTESIAN_POINT('',(27.107544526456,-19.,0.));
#2057=CARTESIAN_POINT('',(-1.09563185485598E-15,-19.,0.));
#2058=CARTESIAN_POINT('',(-28.3936170212766,-19.,18.5089110223708));
#2059=CARTESIAN_POINT('',(-28.3936170212766,-19.,-18.5089110223708));
#2060=CARTESIAN_POINT('',(-28.3936170212766,-19.,0.));
#2061=CARTESIAN_POINT('',(-28.3936170212766,-19.,-45.8936170212766));
#2062=CARTESIAN_POINT('',(0.,-19.,-45.8936170212766));
#2063=CARTESIAN_POINT('',(28.3936170212766,-19.,-45.8936170212766));
#2064=CARTESIAN_POINT('',(28.3936170212766,-19.,1.31346864039208E-14));
#2065=CARTESIAN_POINT('',(28.3936170212766,-19.,-30.8936170212766));
#2066=CARTESIAN_POINT('',(0.,-19.,-30.8936170212766));
#2067=CARTESIAN_POINT('',(67.8936170212766,-19.,-30.8936170212766));
#2068=CARTESIAN_POINT('',(67.8936170212766,-19.,0.));
#2069=CARTESIAN_POINT('',(67.8936170212766,-19.,-17.007351351695));
#2070=CARTESIAN_POINT('',(60.,-19.,-17.007351351695));
#2071=CARTESIAN_POINT('',(60.,-19.,-17.007351351695));
#2072=CARTESIAN_POINT('',(60.,-19.,0.));
#2073=CARTESIAN_POINT('',(60.,-19.,-13.8936170212766));
#2074=CARTESIAN_POINT('',(58.8936170212766,-19.,-13.8936170212766));
#2075=CARTESIAN_POINT('',(58.8936170212766,-19.,-15.));
#2076=CARTESIAN_POINT('',(60.,-19.,-15.));
#2077=CARTESIAN_POINT('',(46.1063829787234,-19.,-15.));
#2078=CARTESIAN_POINT('',(46.1063829787234,-19.,-13.8936170212766));
#2079=CARTESIAN_POINT('',(45.,-19.,-13.8936170212766));
#2080=CARTESIAN_POINT('',(45.,-19.,-15.));
#2081=CARTESIAN_POINT('',(45.,-19.,13.8936170212766));
#2082=CARTESIAN_POINT('',(46.1063829787234,-19.,13.8936170212766));
#2083=CARTESIAN_POINT('',(46.1063829787234,-19.,15.));
#2084=CARTESIAN_POINT('',(45.,-19.,15.));
#2085=CARTESIAN_POINT('',(58.8936170212766,-19.,15.));
#2086=CARTESIAN_POINT('',(58.8936170212766,-19.,13.8936170212766));
#2087=CARTESIAN_POINT('',(60.,-19.,13.8936170212766));
#2088=CARTESIAN_POINT('',(60.,-19.,0.));
#2089=CARTESIAN_POINT('',(60.,-19.,17.007351351695));
#2090=CARTESIAN_POINT('',(60.,-19.,17.007351351695));
#2091=CARTESIAN_POINT('',(67.8936170212766,-19.,17.007351351695));
#2092=CARTESIAN_POINT('',(67.8936170212766,-19.,0.));
#2093=CARTESIAN_POINT('',(67.8936170212766,-19.,30.8936170212766));
#2094=CARTESIAN_POINT('',(0.,-19.,30.8936170212766));
#2095=CARTESIAN_POINT('',(28.3936170212766,-19.,30.8936170212766));
#2096=CARTESIAN_POINT('',(28.3936170212766,-19.,-6.56734320196042E-15));
#2097=CARTESIAN_POINT('',(28.3936170212766,-19.,45.8936170212766));
#2098=CARTESIAN_POINT('',(0.,-19.,45.8936170212766));
#2099=CARTESIAN_POINT('',(-28.3936170212766,-19.,45.8936170212766));
#2100=CARTESIAN_POINT('',(-28.3936170212766,-19.,0.));
#2101=CARTESIAN_POINT('',(0.,19.,0.));
#2102=CARTESIAN_POINT('',(1.16337603613126E-15,19.,0.));
#2103=CARTESIAN_POINT('',(27.107544526456,19.,0.));
#2104=CARTESIAN_POINT('',(1.09563185485598E-15,19.,0.));
#2105=CARTESIAN_POINT('',(-28.3936170212766,19.,-18.5089110223708));
#2106=CARTESIAN_POINT('',(-28.3936170212766,19.,18.5089110223708));
#2107=CARTESIAN_POINT('',(-28.3936170212766,19.,45.8936170212766));
#2108=CARTESIAN_POINT('',(-28.3936170212766,19.,45.8936170212766));
#2109=CARTESIAN_POINT('',(29.5,19.,45.8936170212766));
#2110=CARTESIAN_POINT('',(28.3936170212766,19.,45.8936170212766));
#2111=CARTESIAN_POINT('',(28.3936170212766,19.,32.));
#2112=CARTESIAN_POINT('',(28.3936170212766,19.,30.8936170212766));
#2113=CARTESIAN_POINT('',(69.,19.,30.8936170212766));
#2114=CARTESIAN_POINT('',(67.8936170212766,19.,30.8936170212766));
#2115=CARTESIAN_POINT('',(67.8936170212766,19.,17.007351351695));
#2116=CARTESIAN_POINT('',(67.8936170212766,19.,17.007351351695));
#2117=CARTESIAN_POINT('',(60.,19.,17.007351351695));
#2118=CARTESIAN_POINT('',(60.,19.,17.007351351695));
#2119=CARTESIAN_POINT('',(60.,19.,0.));
#2120=CARTESIAN_POINT('',(60.,19.,13.8936170212766));
#2121=CARTESIAN_POINT('',(58.8936170212766,19.,13.8936170212766));
#2122=CARTESIAN_POINT('',(58.8936170212766,19.,15.));
#2123=CARTESIAN_POINT('',(45.,19.,15.));
#2124=CARTESIAN_POINT('',(46.1063829787234,19.,15.));
#2125=CARTESIAN_POINT('',(46.1063829787234,19.,13.8936170212766));
#2126=CARTESIAN_POINT('',(45.,19.,13.8936170212766));
#2127=CARTESIAN_POINT('',(45.,19.,-15.));
#2128=CARTESIAN_POINT('',(45.,19.,-13.8936170212766));
#2129=CARTESIAN_POINT('',(46.1063829787234,19.,-13.8936170212766));
#2130=CARTESIAN_POINT('',(46.1063829787234,19.,-15.));
#2131=CARTESIAN_POINT('',(60.,19.,-15.));
#2132=CARTESIAN_POINT('',(58.8936170212766,19.,-15.));
#2133=CARTESIAN_POINT('',(58.8936170212766,19.,-13.8936170212766));
#2134=CARTESIAN_POINT('',(60.,19.,-13.8936170212766));
#2135=CARTESIAN_POINT('',(60.,19.,0.));
#2136=CARTESIAN_POINT('',(60.,19.,-17.007351351695));
#2137=CARTESIAN_POINT('',(60.,19.,-17.007351351695));
#2138=CARTESIAN_POINT('',(67.8936170212766,19.,-17.007351351695));
#2139=CARTESIAN_POINT('',(67.8936170212766,19.,-30.8936170212766));
#2140=CARTESIAN_POINT('',(67.8936170212766,19.,-30.8936170212766));
#2141=CARTESIAN_POINT('',(28.3936170212766,19.,-30.8936170212766));
#2142=CARTESIAN_POINT('',(28.3936170212766,19.,-30.8936170212766));
#2143=CARTESIAN_POINT('',(28.3936170212766,19.,-45.8936170212766));
#2144=CARTESIAN_POINT('',(28.3936170212766,19.,-45.8936170212766));
#2145=CARTESIAN_POINT('',(-29.5,19.,-45.8936170212766));
#2146=CARTESIAN_POINT('',(-28.3936170212766,19.,-45.8936170212766));
#2147=CARTESIAN_POINT('',(-28.3936170212766,19.,-18.8348082018373));
#2148=CARTESIAN_POINT('',(-29.5,-19.,-47.));
#2149=CARTESIAN_POINT('',(-379.762751786673,6.,-47.0000000000002));
#2150=CARTESIAN_POINT('',(-28.3936170212767,6.,-47.));
#2151=CARTESIAN_POINT('',(28.3936170212765,6.,-47.));
#2152=CARTESIAN_POINT('',(-28.3936170212766,-19.,-47.));
#2153=CARTESIAN_POINT('',(-28.3936170212766,17.8936170212766,-47.));
#2154=CARTESIAN_POINT('',(29.5,17.8936170212766,-47.));
#2155=CARTESIAN_POINT('',(28.3936170212766,17.8936170212766,-47.));
#2156=CARTESIAN_POINT('',(28.3936170212766,-19.,-47.));
#2157=CARTESIAN_POINT('',(29.5,-19.,32.));
#2158=CARTESIAN_POINT('',(29.5,-19.,45.8936170212766));
#2159=CARTESIAN_POINT('',(29.5,-6.,45.8936170212766));
#2160=CARTESIAN_POINT('',(29.5,-17.8936170212766,45.8936170212766));
#2161=CARTESIAN_POINT('',(29.5,-17.8936170212766,32.));
#2162=CARTESIAN_POINT('',(29.5,-17.8936170212766,32.));
#2163=CARTESIAN_POINT('',(29.5,-19.,32.));
#2164=CARTESIAN_POINT('',(29.5,17.8936170212766,32.));
#2165=CARTESIAN_POINT('',(29.5,17.8936170212766,45.8936170212766));
#2166=CARTESIAN_POINT('',(29.5,17.8936170212766,45.8936170212766));
#2167=CARTESIAN_POINT('',(29.5,-19.,45.8936170212766));
#2168=CARTESIAN_POINT('',(29.5,6.,45.8936170212766));
#2169=CARTESIAN_POINT('',(29.5,6.,47.));
#2170=CARTESIAN_POINT('',(29.5,6.,38.));
#2171=CARTESIAN_POINT('',(29.5,6.,38.));
#2172=CARTESIAN_POINT('',(29.5,-6.,38.));
#2173=CARTESIAN_POINT('',(29.5,-6.,38.));
#2174=CARTESIAN_POINT('',(29.5,-19.,47.));
#2175=CARTESIAN_POINT('',(-29.5,17.8936170212766,47.));
#2176=CARTESIAN_POINT('',(28.3936170212766,17.8936170212766,47.));
#2177=CARTESIAN_POINT('',(-28.3936170212766,17.8936170212766,47.));
#2178=CARTESIAN_POINT('',(-28.3936170212766,-19.,47.));
#2179=CARTESIAN_POINT('',(-28.3936170212766,6.,47.));
#2180=CARTESIAN_POINT('',(-379.762751786673,6.,46.9999999999998));
#2181=CARTESIAN_POINT('',(28.3936170212766,6.,47.));
#2182=CARTESIAN_POINT('',(28.3936170212766,-19.,47.));
#2183=CARTESIAN_POINT('',(29.5,-19.,47.));
#2184=CARTESIAN_POINT('',(-379.762751786673,-6.,46.9999999999998));
#2185=CARTESIAN_POINT('',(-28.3936170212766,-6.,47.));
#2186=CARTESIAN_POINT('',(28.3936170212766,-6.,47.));
#2187=CARTESIAN_POINT('',(-28.3936170212766,-19.,47.));
#2188=CARTESIAN_POINT('',(-28.3936170212766,-17.8936170212766,47.));
#2189=CARTESIAN_POINT('',(29.5,-17.8936170212766,47.));
#2190=CARTESIAN_POINT('',(28.3936170212766,-17.8936170212766,47.));
#2191=CARTESIAN_POINT('',(28.3936170212766,-19.,47.));
#2192=CARTESIAN_POINT('',(-29.5,-19.,47.));
#2193=CARTESIAN_POINT('',(-29.5,6.,47.));
#2194=CARTESIAN_POINT('',(-29.5,6.,45.8936170212766));
#2195=CARTESIAN_POINT('',(-29.5,6.,38.));
#2196=CARTESIAN_POINT('',(-29.5,-19.,45.8936170212766));
#2197=CARTESIAN_POINT('',(-29.5,17.8936170212766,45.8936170212766));
#2198=CARTESIAN_POINT('',(-29.5,17.8936170212766,18.8348082018373));
#2199=CARTESIAN_POINT('',(-29.5,-17.8936170212766,47.));
#2200=CARTESIAN_POINT('',(-29.5,-17.8936170212766,45.8936170212766));
#2201=CARTESIAN_POINT('',(-29.5,-19.,45.8936170212766));
#2202=CARTESIAN_POINT('',(-29.5,-6.,45.8936170212766));
#2203=CARTESIAN_POINT('',(-29.5,-6.,47.));
#2204=CARTESIAN_POINT('',(-29.5,-6.,38.));
#2205=CARTESIAN_POINT('',(-29.5,-19.,38.));
#2206=CARTESIAN_POINT('',(-29.5,-19.,47.));
#2207=CARTESIAN_POINT('',(-29.5,17.8936170212766,-45.8936170212766));
#2208=CARTESIAN_POINT('',(-29.5,17.8936170212766,-45.8936170212766));
#2209=CARTESIAN_POINT('',(-29.5,-19.,-45.8936170212766));
#2210=CARTESIAN_POINT('',(-29.5,6.,-45.8936170212766));
#2211=CARTESIAN_POINT('',(-29.5,5.99999999999998,47.));
#2212=CARTESIAN_POINT('',(-29.5,6.,-38.));
#2213=CARTESIAN_POINT('',(-29.5,-19.,-38.));
#2214=CARTESIAN_POINT('',(-29.5000000000001,-6.,-38.));
#2215=CARTESIAN_POINT('',(-29.5,-6.,47.));
#2216=CARTESIAN_POINT('',(-29.5,-6.,-45.8936170212766));
#2217=CARTESIAN_POINT('',(-29.5,-19.,-45.8936170212766));
#2218=CARTESIAN_POINT('',(-29.5,-17.8936170212766,-45.8936170212766));
#2219=CARTESIAN_POINT('',(-29.5,-17.8936170212766,47.));
#2220=CARTESIAN_POINT('',(69.,-19.,32.));
#2221=CARTESIAN_POINT('',(69.,-17.8936170212766,32.));
#2222=CARTESIAN_POINT('',(67.8936170212766,-17.8936170212766,32.));
#2223=CARTESIAN_POINT('',(67.8936170212766,-19.,32.));
#2224=CARTESIAN_POINT('',(67.8936170212766,17.8936170212766,32.));
#2225=CARTESIAN_POINT('',(28.3936170212766,17.8936170212766,32.));
#2226=CARTESIAN_POINT('',(-29.5,-19.,-47.));
#2227=CARTESIAN_POINT('',(-29.5,-17.8936170212766,-47.));
#2228=CARTESIAN_POINT('',(28.3936170212766,-17.8936170212766,-47.));
#2229=CARTESIAN_POINT('',(-28.3936170212766,-17.8936170212766,-47.));
#2230=CARTESIAN_POINT('',(-28.3936170212766,-19.,-47.));
#2231=CARTESIAN_POINT('',(-28.3936170212767,-6.,-47.));
#2232=CARTESIAN_POINT('',(-379.762751786673,-6.,-47.0000000000002));
#2233=CARTESIAN_POINT('',(28.3936170212765,-6.,-47.));
#2234=CARTESIAN_POINT('',(28.3936170212766,-19.,-47.));
#2235=CARTESIAN_POINT('',(29.5,-19.,-47.));
#2236=CARTESIAN_POINT('',(29.5,6.,-47.));
#2237=CARTESIAN_POINT('',(29.5,6.,-45.8936170212766));
#2238=CARTESIAN_POINT('',(29.5,6.,-38.));
#2239=CARTESIAN_POINT('',(29.5,-19.,-45.8936170212766));
#2240=CARTESIAN_POINT('',(29.5,17.8936170212766,-45.8936170212766));
#2241=CARTESIAN_POINT('',(29.5,17.8936170212766,-32.));
#2242=CARTESIAN_POINT('',(29.5,17.8936170212766,-32.));
#2243=CARTESIAN_POINT('',(29.5,-19.,-32.));
#2244=CARTESIAN_POINT('',(29.5,-17.8936170212766,-32.));
#2245=CARTESIAN_POINT('',(29.5,-17.8936170212766,-47.));
#2246=CARTESIAN_POINT('',(29.5,-17.8936170212766,-45.8936170212766));
#2247=CARTESIAN_POINT('',(29.5,-19.,-45.8936170212766));
#2248=CARTESIAN_POINT('',(29.5,-6.,-45.8936170212766));
#2249=CARTESIAN_POINT('',(29.5,-6.,-38.));
#2250=CARTESIAN_POINT('',(29.5,-6.,-38.));
#2251=CARTESIAN_POINT('',(29.5,6.,-38.));
#2252=CARTESIAN_POINT('',(29.5,-19.,-32.));
#2253=CARTESIAN_POINT('',(69.,17.8936170212766,-32.));
#2254=CARTESIAN_POINT('',(67.8936170212766,17.8936170212766,-32.));
#2255=CARTESIAN_POINT('',(67.8936170212766,-19.,-32.));
#2256=CARTESIAN_POINT('',(67.8936170212766,-17.8936170212766,-32.));
#2257=CARTESIAN_POINT('',(29.5,-17.8936170212766,-32.));
#2258=CARTESIAN_POINT('',(60.,-19.,15.));
#2259=CARTESIAN_POINT('',(60.,0.,0.));
#2260=CARTESIAN_POINT('',(60.,9.,0.));
#2261=CARTESIAN_POINT('',(60.,-19.,-13.8936170212766));
#2262=CARTESIAN_POINT('',(60.,0.,0.));
#2263=CARTESIAN_POINT('',(60.,19.,13.8936170212766));
#2264=CARTESIAN_POINT('',(60.,0.,0.));
#2265=CARTESIAN_POINT('',(60.,-19.,-15.));
#2266=CARTESIAN_POINT('',(58.8936170212766,19.,-15.));
#2267=CARTESIAN_POINT('',(46.1063829787234,-19.,-15.));
#2268=CARTESIAN_POINT('',(45.,-19.,-15.));
#2269=CARTESIAN_POINT('',(45.,-19.,13.8936170212766));
#2270=CARTESIAN_POINT('',(45.,19.,-13.8936170212766));
#2271=CARTESIAN_POINT('',(45.,-19.,15.));
#2272=CARTESIAN_POINT('',(46.1063829787234,19.,15.));
#2273=CARTESIAN_POINT('',(58.8936170212766,-19.,15.));
#2274=CARTESIAN_POINT('',(69.,-19.,-32.));
#2275=CARTESIAN_POINT('',(69.,-17.8936170212766,-32.));
#2276=CARTESIAN_POINT('',(69.,-17.8936170212766,-16.5791140075879));
#2277=CARTESIAN_POINT('',(69.,-17.8936170212766,-30.8936170212766));
#2278=CARTESIAN_POINT('',(69.,-19.,-30.8936170212766));
#2279=CARTESIAN_POINT('',(69.,17.8936170212766,-30.8936170212766));
#2280=CARTESIAN_POINT('',(69.,17.8936170212766,-17.007351351695));
#2281=CARTESIAN_POINT('',(69.,17.8936170212766,-16.5791140075879));
#2282=CARTESIAN_POINT('',(69.,0.,0.));
#2283=CARTESIAN_POINT('',(69.,17.8936170212766,16.5791140075879));
#2284=CARTESIAN_POINT('',(69.,17.8936170212766,30.8936170212766));
#2285=CARTESIAN_POINT('',(69.,17.8936170212766,30.8936170212766));
#2286=CARTESIAN_POINT('',(69.,-19.,30.8936170212766));
#2287=CARTESIAN_POINT('',(69.,-17.8936170212766,30.8936170212766));
#2288=CARTESIAN_POINT('',(69.,-17.8936170212766,-32.));
#2289=CARTESIAN_POINT('',(69.,-17.8936170212766,16.5791140075879));
#2290=CARTESIAN_POINT('',(69.,0.,0.));
#2291=CARTESIAN_POINT('',(69.,0.,0.));
#2292=CARTESIAN_POINT('',(69.,9.,0.));
#2293=CARTESIAN_POINT('',(0.,0.,-1.73472347597681E-15));
#2294=CARTESIAN_POINT('',(-4.59227382683391E-16,-7.5,0.));
#2295=CARTESIAN_POINT('',(24.8947785690092,-7.5,0.));
#2296=CARTESIAN_POINT('',(4.59227382683391E-16,7.5,0.));
#2297=CARTESIAN_POINT('',(24.8947785690092,7.5,0.));
#2298=CARTESIAN_POINT('',(-25.8351084846491,-2.51048425329117,-1.66144224827307));
#2299=CARTESIAN_POINT('',(-25.7214124215559,-3.68226769752873,-1.16905717510352));
#2300=CARTESIAN_POINT('',(-25.6745883806411,-4.16301039786053,0.0125499403342091));
#2301=CARTESIAN_POINT('',(-25.7230486770587,-3.66544739972388,1.18503553926135));
#2302=CARTESIAN_POINT('',(-25.8372262812454,-2.48859635096015,1.66143501054733));
#2303=CARTESIAN_POINT('',(-25.9501362708842,-1.31855351050617,1.16901351350628));
#2304=CARTESIAN_POINT('',(-25.9964458196647,-0.836870986495137,-0.0100945331855328));
#2305=CARTESIAN_POINT('',(-25.9486361571342,-1.3341389479085,-1.18498471967851));
#2306=CARTESIAN_POINT('',(-25.8351084846491,-2.51048425329117,-1.66144224827307));
#2307=CARTESIAN_POINT('',(-25.7214124215559,-3.68226769752873,-1.16905717510352));
#2308=CARTESIAN_POINT('',(-25.6745883806411,-4.16301039786053,0.0125499403342091));
#2309=CARTESIAN_POINT('',(-25.7325577585856,-3.5670942402111,-1.05418683472549));
#2310=CARTESIAN_POINT('',(-5.94715745233952E-16,-9.71276595744681,0.));
#2311=CARTESIAN_POINT('',(-5.94715745233952E-16,-9.71276595744681,0.));
#2312=CARTESIAN_POINT('',(27.107544526456,-9.71276595744681,0.));
#2313=CARTESIAN_POINT('',(-1.10214571844014E-15,-18.,0.));
#2314=CARTESIAN_POINT('',(-1.10214571844014E-15,-18.,0.));
#2315=CARTESIAN_POINT('',(5.94715745233952E-16,9.71276595744681,0.));
#2316=CARTESIAN_POINT('',(27.107544526456,9.71276595744681,0.));
#2317=CARTESIAN_POINT('',(5.94715745233952E-16,9.71276595744681,0.));
#2318=CARTESIAN_POINT('',(-379.762751786673,6.,46.9999999999998));
#2319=CARTESIAN_POINT('',(-28.3936170212766,6.,45.8936170212766));
#2320=CARTESIAN_POINT('',(-379.762751786673,6.,37.9999999999998));
#2321=CARTESIAN_POINT('',(28.3936170212766,6.,45.8936170212766));
#2322=CARTESIAN_POINT('',(-379.762751786673,6.,37.9999999999998));
#2323=CARTESIAN_POINT('',(-379.762751786673,-6.,37.9999999999998));
#2324=CARTESIAN_POINT('',(-379.762751786673,-6.,37.9999999999998));
#2325=CARTESIAN_POINT('',(-28.3936170212766,-6.,45.8936170212766));
#2326=CARTESIAN_POINT('',(28.3936170212766,-6.,45.8936170212766));
#2327=CARTESIAN_POINT('',(-379.762751786673,6.,-47.0000000000002));
#2328=CARTESIAN_POINT('',(-28.3936170212766,6.,-45.8936170212766));
#2329=CARTESIAN_POINT('',(28.3936170212766,6.,-45.8936170212766));
#2330=CARTESIAN_POINT('',(-379.762751786673,6.,-38.0000000000002));
#2331=CARTESIAN_POINT('',(-379.762751786673,6.,-38.0000000000002));
#2332=CARTESIAN_POINT('',(-379.762751786673,-6.,-38.0000000000002));
#2333=CARTESIAN_POINT('',(-379.762751786673,-6.,-38.0000000000002));
#2334=CARTESIAN_POINT('',(-28.3936170212766,-6.,-45.8936170212766));
#2335=CARTESIAN_POINT('',(28.3936170212766,-6.,-45.8936170212766));
#2336=CARTESIAN_POINT('',(60.,0.,0.));
#2337=CARTESIAN_POINT('',(67.8936170212766,0.,0.));
#2338=CARTESIAN_POINT('',(60.,0.,0.));
#2339=CARTESIAN_POINT('',(67.8936170212766,0.,0.));
#2340=CARTESIAN_POINT('',(60.,0.,0.));
#2341=CARTESIAN_POINT('',(0.,-17.8936170212766,45.8936170212766));
#2342=CARTESIAN_POINT('',(-28.3936170212766,-17.8936170212766,45.8936170212766));
#2343=CARTESIAN_POINT('',(28.3936170212766,-17.8936170212766,45.8936170212766));
#2344=CARTESIAN_POINT('',(-29.5,17.8936170212766,-45.8936170212766));
#2345=CARTESIAN_POINT('',(-28.3936170212766,17.8936170212766,-45.8936170212766));
#2346=CARTESIAN_POINT('',(28.3936170212766,17.8936170212766,-45.8936170212766));
#2347=CARTESIAN_POINT('',(0.,-17.8936170212766,-45.8936170212766));
#2348=CARTESIAN_POINT('',(-28.3936170212766,-17.8936170212766,-45.8936170212766));
#2349=CARTESIAN_POINT('',(28.3936170212766,-17.8936170212766,-45.8936170212766));
#2350=CARTESIAN_POINT('',(29.5,17.8936170212766,45.8936170212766));
#2351=CARTESIAN_POINT('',(-28.3936170212766,17.8936170212766,45.8936170212766));
#2352=CARTESIAN_POINT('',(28.3936170212766,17.8936170212766,45.8936170212766));
#2353=CARTESIAN_POINT('',(28.3936170212766,-17.8936170212766,1.31346864039208E-14));
#2354=CARTESIAN_POINT('',(28.3936170212766,-17.8936170212766,-30.8936170212766));
#2355=CARTESIAN_POINT('',(28.3936170212766,-17.8936170212766,-45.8936170212766));
#2356=CARTESIAN_POINT('',(28.3936170212766,-17.8936170212766,-45.8936170212766));
#2357=CARTESIAN_POINT('',(28.3936170212766,-17.8936170212766,-45.8936170212766));
#2358=CARTESIAN_POINT('',(28.3936170212766,-19.,-45.8936170212766));
#2359=CARTESIAN_POINT('',(28.3936170212766,17.8936170212766,32.));
#2360=CARTESIAN_POINT('',(28.3936170212766,17.8936170212766,30.8936170212766));
#2361=CARTESIAN_POINT('',(28.3936170212766,17.8936170212766,45.8936170212766));
#2362=CARTESIAN_POINT('',(28.3936170212766,17.8936170212766,45.8936170212766));
#2363=CARTESIAN_POINT('',(28.3936170212766,17.8936170212766,45.8936170212766));
#2364=CARTESIAN_POINT('',(28.3936170212766,-19.,45.8936170212766));
#2365=CARTESIAN_POINT('',(28.3936170212766,-19.,45.8936170212766));
#2366=CARTESIAN_POINT('',(28.3936170212766,-17.8936170212766,45.8936170212766));
#2367=CARTESIAN_POINT('',(28.3936170212766,-17.8936170212766,45.8936170212766));
#2368=CARTESIAN_POINT('',(28.3936170212766,-17.8936170212766,45.8936170212766));
#2369=CARTESIAN_POINT('',(28.3936170212766,-17.8936170212766,-6.56734320196042E-15));
#2370=CARTESIAN_POINT('',(28.3936170212766,-17.8936170212766,30.8936170212766));
#2371=CARTESIAN_POINT('',(28.3936170212766,17.8936170212766,-47.));
#2372=CARTESIAN_POINT('',(28.3936170212766,17.8936170212766,-45.8936170212766));
#2373=CARTESIAN_POINT('',(28.3936170212766,17.8936170212766,-30.8936170212766));
#2374=CARTESIAN_POINT('',(28.3936170212766,17.8936170212766,-45.8936170212766));
#2375=CARTESIAN_POINT('',(28.3936170212766,17.8936170212766,-45.8936170212766));
#2376=CARTESIAN_POINT('',(28.3936170212766,-19.,-45.8936170212766));
#2377=CARTESIAN_POINT('',(69.,17.8936170212766,30.8936170212766));
#2378=CARTESIAN_POINT('',(67.8936170212766,17.8936170212766,30.8936170212766));
#2379=CARTESIAN_POINT('',(29.5,17.8936170212766,-30.8936170212766));
#2380=CARTESIAN_POINT('',(67.8936170212766,17.8936170212766,-30.8936170212766));
#2381=CARTESIAN_POINT('',(0.,-17.8936170212766,-30.8936170212766));
#2382=CARTESIAN_POINT('',(67.8936170212766,-17.8936170212766,-30.8936170212766));
#2383=CARTESIAN_POINT('',(0.,-17.8936170212766,30.8936170212766));
#2384=CARTESIAN_POINT('',(67.8936170212766,-17.8936170212766,30.8936170212766));
#2385=CARTESIAN_POINT('',(67.8936170212766,-19.,30.8936170212766));
#2386=CARTESIAN_POINT('',(67.8936170212766,17.8936170212766,30.8936170212766));
#2387=CARTESIAN_POINT('',(67.8936170212766,-17.8936170212766,30.8936170212766));
#2388=CARTESIAN_POINT('',(67.8936170212766,-17.8936170212766,30.8936170212766));
#2389=CARTESIAN_POINT('',(67.8936170212766,-17.8936170212766,30.8936170212766));
#2390=CARTESIAN_POINT('',(67.8936170212766,17.8936170212766,30.8936170212766));
#2391=CARTESIAN_POINT('',(67.8936170212766,17.8936170212766,30.8936170212766));
#2392=CARTESIAN_POINT('',(67.8936170212766,-17.8936170212766,0.));
#2393=CARTESIAN_POINT('',(67.8936170212766,-19.,17.007351351695));
#2394=CARTESIAN_POINT('',(68.1966646702358,-19.,17.007351351695));
#2395=CARTESIAN_POINT('',(68.7805664816288,-18.7385997803178,16.9077881844495));
#2396=CARTESIAN_POINT('',(69.,-18.1716376818928,16.688104982302));
#2397=CARTESIAN_POINT('',(69.,-17.8936170212766,16.5791140075879));
#2398=CARTESIAN_POINT('',(67.8936170212766,17.8936170212766,-32.));
#2399=CARTESIAN_POINT('',(67.8936170212766,19.,17.007351351695));
#2400=CARTESIAN_POINT('',(68.1966646702358,19.,17.007351351695));
#2401=CARTESIAN_POINT('',(68.7805664816288,18.7385997803176,16.90778818445));
#2402=CARTESIAN_POINT('',(69.,18.1716376818932,16.688104982301));
#2403=CARTESIAN_POINT('',(69.,17.8936170212766,16.5791140075879));
#2404=CARTESIAN_POINT('',(67.8936170212766,0.,0.));
#2405=CARTESIAN_POINT('',(67.8936170212766,-19.,-17.007351351695));
#2406=CARTESIAN_POINT('',(68.1966646702358,-19.,-17.007351351695));
#2407=CARTESIAN_POINT('',(68.7805664816288,-18.7385997803176,-16.9077881844499));
#2408=CARTESIAN_POINT('',(69.,-18.1716376818931,-16.6881049823011));
#2409=CARTESIAN_POINT('',(69.,-17.8936170212766,-16.5791140075879));
#2410=CARTESIAN_POINT('',(67.8936170212766,0.,0.));
#2411=CARTESIAN_POINT('',(67.8936170212766,19.,-17.007351351695));
#2412=CARTESIAN_POINT('',(68.1966646702358,19.,-17.007351351695));
#2413=CARTESIAN_POINT('',(68.7805664816288,18.7385997803176,-16.9077881844499));
#2414=CARTESIAN_POINT('',(69.,18.1716376818931,-16.6881049823011));
#2415=CARTESIAN_POINT('',(69.,17.8936170212766,-16.5791140075879));
#2416=CARTESIAN_POINT('',(67.8936170212766,-17.8936170212766,0.));
#2417=CARTESIAN_POINT('',(67.8936170212766,-17.8936170212766,-30.8936170212766));
#2418=CARTESIAN_POINT('',(67.8936170212766,17.8936170212766,-32.));
#2419=CARTESIAN_POINT('',(67.8936170212766,17.8936170212766,-30.8936170212766));
#2420=CARTESIAN_POINT('',(67.8936170212766,-17.8936170212766,-30.8936170212766));
#2421=CARTESIAN_POINT('',(67.8936170212766,-17.8936170212766,-30.8936170212766));
#2422=CARTESIAN_POINT('',(67.8936170212766,17.8936170212766,-30.8936170212766));
#2423=CARTESIAN_POINT('',(67.8936170212766,17.8936170212766,-30.8936170212766));
#2424=CARTESIAN_POINT('',(67.8936170212766,-19.,-30.8936170212766));
#2425=CARTESIAN_POINT('',(58.8936170212766,-19.,13.8936170212766));
#2426=CARTESIAN_POINT('',(46.1063829787234,-19.,-13.8936170212766));
#2427=CARTESIAN_POINT('',(58.8936170212766,-19.,-13.8936170212766));
#2428=CARTESIAN_POINT('',(46.1063829787234,-19.,13.8936170212766));
#2429=CARTESIAN_POINT('',(-28.3936170212766,-19.,45.8936170212766));
#2430=CARTESIAN_POINT('',(-28.3936170212766,-17.8936170212766,45.8936170212766));
#2431=CARTESIAN_POINT('',(-28.3936170212766,-17.8936170212766,45.8936170212766));
#2432=CARTESIAN_POINT('',(-28.3936170212766,-17.8936170212766,45.8936170212766));
#2433=CARTESIAN_POINT('',(-28.3936170212766,-17.8936170212766,0.));
#2434=CARTESIAN_POINT('',(-29.5,-17.8936170212766,18.8348082018373));
#2435=CARTESIAN_POINT('',(-29.5,-18.1921557544928,18.8348082018373));
#2436=CARTESIAN_POINT('',(-29.2480668865698,-18.771654728197,18.7614263780917));
#2437=CARTESIAN_POINT('',(-28.6756605622267,-19.,18.5927156304667));
#2438=CARTESIAN_POINT('',(-28.3936170212766,-19.,18.5089110223708));
#2439=CARTESIAN_POINT('',(-1.09563185485598E-15,-17.8936170212766,0.));
#2440=CARTESIAN_POINT('',(-29.5,-17.8936170212766,-18.8348082018373));
#2441=CARTESIAN_POINT('',(-29.5,-18.1921557544928,-18.8348082018373));
#2442=CARTESIAN_POINT('',(-29.2480668865698,-18.771654728197,-18.7614263780917));
#2443=CARTESIAN_POINT('',(-28.6756605622267,-19.,-18.5927156304667));
#2444=CARTESIAN_POINT('',(-28.3936170212766,-19.,-18.5089110223708));
#2445=CARTESIAN_POINT('',(-28.3936170212766,-17.8936170212766,0.));
#2446=CARTESIAN_POINT('',(-28.3936170212766,-17.8936170212766,-45.8936170212766));
#2447=CARTESIAN_POINT('',(-28.3936170212766,-17.8936170212766,-45.8936170212766));
#2448=CARTESIAN_POINT('',(-28.3936170212766,-17.8936170212766,-45.8936170212766));
#2449=CARTESIAN_POINT('',(-28.3936170212766,-19.,-45.8936170212766));
#2450=CARTESIAN_POINT('',(-28.3936170212766,-19.,-45.8936170212766));
#2451=CARTESIAN_POINT('',(-28.3936170212766,17.8936170212766,-45.8936170212766));
#2452=CARTESIAN_POINT('',(-28.3936170212766,17.8936170212766,-45.8936170212766));
#2453=CARTESIAN_POINT('',(-28.3936170212766,17.8936170212766,-45.8936170212766));
#2454=CARTESIAN_POINT('',(-28.3936170212766,17.8936170212766,47.));
#2455=CARTESIAN_POINT('',(-29.5,17.8936170212766,-18.8348082018373));
#2456=CARTESIAN_POINT('',(-29.5,18.1921557544928,-18.8348082018373));
#2457=CARTESIAN_POINT('',(-29.2480668865661,18.771654728197,-18.7614263781042));
#2458=CARTESIAN_POINT('',(-28.6756605622341,19.,-18.5927156304418));
#2459=CARTESIAN_POINT('',(-28.3936170212766,19.,-18.5089110223708));
#2460=CARTESIAN_POINT('',(1.09563185485598E-15,17.8936170212766,0.));
#2461=CARTESIAN_POINT('',(-29.5,17.8936170212766,18.8348082018373));
#2462=CARTESIAN_POINT('',(-29.5,18.1921557544928,18.8348082018373));
#2463=CARTESIAN_POINT('',(-29.2480668865661,18.771654728197,18.7614263781042));
#2464=CARTESIAN_POINT('',(-28.6756605622341,19.,18.5927156304418));
#2465=CARTESIAN_POINT('',(-28.3936170212766,19.,18.5089110223708));
#2466=CARTESIAN_POINT('',(-28.3936170212766,17.8936170212766,47.));
#2467=CARTESIAN_POINT('',(-28.3936170212766,17.8936170212766,45.8936170212766));
#2468=CARTESIAN_POINT('',(-28.3936170212766,17.8936170212766,45.8936170212766));
#2469=CARTESIAN_POINT('',(-28.3936170212766,17.8936170212766,45.8936170212766));
#2470=CARTESIAN_POINT('',(-28.3936170212766,-19.,45.8936170212766));
#2471=CARTESIAN_POINT('',(114.174394585666,-2.49999999999999,0.));
#2472=CARTESIAN_POINT('',(-23.4787137637478,-2.50000000000096,0.));
#2473=CARTESIAN_POINT('',(-35.1,-2.50000000000096,0.));
#2474=CARTESIAN_POINT('',(-35.1,-5.00000000000192,0.));
#2475=CARTESIAN_POINT('',(-38.1,-2.50000000000096,0.));
#2476=CARTESIAN_POINT('',(-38.1,-5.00000000000192,0.));
#2477=CARTESIAN_POINT('',(-35.1,-7.39007177741097E-33,0.));
#2478=CARTESIAN_POINT('',(-35.1,-2.50000000000096,0.));
#2479=CARTESIAN_POINT('',(-35.1,-3.95000000000192,0.));
#2480=CARTESIAN_POINT('',(-23.4787137637478,-2.50000000000096,0.));
#2481=CARTESIAN_POINT('',(-25.9807621135332,-2.50000000000096,0.));
#2482=CARTESIAN_POINT('',(-25.9807621135332,-3.95000000000192,0.));
#2483=CARTESIAN_POINT('',(-25.9807621135332,-1.04999999999999,0.));
#2484=CARTESIAN_POINT('',(-38.1,-2.50000000000096,0.));
#2485=MECHANICAL_DESIGN_GEOMETRIC_PRESENTATION_REPRESENTATION('',(#1406,
#1407),#2486);
#2486=(
GEOMETRIC_REPRESENTATION_CONTEXT(3)
GLOBAL_UNCERTAINTY_ASSIGNED_CONTEXT((#2487))
GLOBAL_UNIT_ASSIGNED_CONTEXT((#2490,#2489,#2488))
REPRESENTATION_CONTEXT('T\X2\94F890206ED157575EA7\X0\',
'TOP_LEVEL_ASSEMBLY_PART')
);
#2487=UNCERTAINTY_MEASURE_WITH_UNIT(LENGTH_MEASURE(0.005),#2490,
'DISTANCE_ACCURACY_VALUE','Maximum Tolerance applied to model');
#2488=(
NAMED_UNIT(*)
SI_UNIT($,.STERADIAN.)
SOLID_ANGLE_UNIT()
);
#2489=(
NAMED_UNIT(*)
PLANE_ANGLE_UNIT()
SI_UNIT($,.RADIAN.)
);
#2490=(
LENGTH_UNIT()
NAMED_UNIT(*)
SI_UNIT(.MILLI.,.METRE.)
);
#2491=PRODUCT_DEFINITION_SHAPE('','',#2492);
#2492=PRODUCT_DEFINITION('','',#2494,#2493);
#2493=PRODUCT_DEFINITION_CONTEXT('',#2500,'design');
#2494=PRODUCT_DEFINITION_FORMATION_WITH_SPECIFIED_SOURCE('','',#2496,
 .NOT_KNOWN.);
#2495=PRODUCT_RELATED_PRODUCT_CATEGORY('','',(#2496));
#2496=PRODUCT('T\X2\94F890206ED157575EA7\X0\','T\X2\94F890206ED157575EA7\X0\',
'T\X2\94F890206ED157575EA7\X0\',(#2498));
#2497=PRODUCT_CATEGORY('','');
#2498=PRODUCT_CONTEXT('',#2500,'mechanical');
#2499=APPLICATION_PROTOCOL_DEFINITION('international standard',
'automotive_design',2010,#2500);
#2500=APPLICATION_CONTEXT(
'core data for automotive mechanical design processes');
ENDSEC;
END-ISO-10303-21;
