ISO-10303-21;
HEADER;
/* Generated by software containing HOOPS Exchange Step
 * from HOOPS Exchange, Inc. (www.tiangong.cloud) 
 */

FILE_DESCRIPTION(
/* description */ ('Unknown'),
/* implementation_level */ '2;1');

FILE_NAME(
/* name */ '\X2\51B2538B591657086EE188C56EDA94888F74627F7A7F5B54578B\X0\ 
GBT12764-2019',
/* time_stamp */ '2025-12-15T14:43:12+08:00',
/* author */ ('Unknown'),
/* organization */ ('Unknown'),
/* preprocessor_version */ 'ST-DEVELOPER v19.4',
/* originating_system */ 'TianGong',
/* authorisation */ 'Unknown');

FILE_SCHEMA (('AUTOMOTIVE_DESIGN {1 0 10303 214 3 1 1}'));
ENDSEC;

DATA;
#10=PROPERTY_DEFINITION_REPRESENTATION(#14,#12);
#11=PROPERTY_DEFINITION_REPRESENTATION(#15,#13);
#12=REPRESENTATION('',(#16),#2217);
#13=REPRESENTATION('',(#17),#2217);
#14=PROPERTY_DEFINITION('pmi validation property','',#2222);
#15=PROPERTY_DEFINITION('pmi validation property','',#2222);
#16=VALUE_REPRESENTATION_ITEM('number of annotations',COUNT_MEASURE(0.));
#17=VALUE_REPRESENTATION_ITEM('number of views',COUNT_MEASURE(0.));
#18=SHAPE_REPRESENTATION_RELATIONSHIP('','',#1221,#19);
#19=ADVANCED_BREP_SHAPE_REPRESENTATION('',(#1219),#2217);
#20=TOROIDAL_SURFACE('',#1412,7.09999999999999,0.4);
#21=TOROIDAL_SURFACE('',#1413,7.09999999999999,0.4);
#22=LINE('',#1862,#76);
#23=LINE('',#1863,#77);
#24=LINE('',#1874,#78);
#25=LINE('',#1875,#79);
#26=LINE('',#1886,#80);
#27=LINE('',#1887,#81);
#28=LINE('',#1899,#82);
#29=LINE('',#1900,#83);
#30=LINE('',#1911,#84);
#31=LINE('',#1912,#85);
#32=LINE('',#1923,#86);
#33=LINE('',#1924,#87);
#34=LINE('',#1936,#88);
#35=LINE('',#1937,#89);
#36=LINE('',#1948,#90);
#37=LINE('',#1949,#91);
#38=LINE('',#1960,#92);
#39=LINE('',#1961,#93);
#40=LINE('',#1973,#94);
#41=LINE('',#1974,#95);
#42=LINE('',#1985,#96);
#43=LINE('',#1986,#97);
#44=LINE('',#1997,#98);
#45=LINE('',#1998,#99);
#46=LINE('',#2010,#100);
#47=LINE('',#2011,#101);
#48=LINE('',#2022,#102);
#49=LINE('',#2023,#103);
#50=LINE('',#2034,#104);
#51=LINE('',#2035,#105);
#52=LINE('',#2047,#106);
#53=LINE('',#2048,#107);
#54=LINE('',#2059,#108);
#55=LINE('',#2060,#109);
#56=LINE('',#2071,#110);
#57=LINE('',#2072,#111);
#58=LINE('',#2084,#112);
#59=LINE('',#2085,#113);
#60=LINE('',#2096,#114);
#61=LINE('',#2097,#115);
#62=LINE('',#2108,#116);
#63=LINE('',#2109,#117);
#64=LINE('',#2121,#118);
#65=LINE('',#2122,#119);
#66=LINE('',#2133,#120);
#67=LINE('',#2134,#121);
#68=LINE('',#2145,#122);
#69=LINE('',#2146,#123);
#70=LINE('',#2174,#124);
#71=LINE('',#2178,#125);
#72=LINE('',#2182,#126);
#73=LINE('',#2186,#127);
#74=LINE('',#2190,#128);
#75=LINE('',#2194,#129);
#76=VECTOR('',#1426,1000.);
#77=VECTOR('',#1427,1000.);
#78=VECTOR('',#1440,1000.);
#79=VECTOR('',#1441,1000.);
#80=VECTOR('',#1454,1000.);
#81=VECTOR('',#1455,1000.);
#82=VECTOR('',#1470,1000.);
#83=VECTOR('',#1471,1000.);
#84=VECTOR('',#1484,1000.);
#85=VECTOR('',#1485,1000.);
#86=VECTOR('',#1498,1000.);
#87=VECTOR('',#1499,1000.);
#88=VECTOR('',#1514,1000.);
#89=VECTOR('',#1515,1000.);
#90=VECTOR('',#1528,1000.);
#91=VECTOR('',#1529,1000.);
#92=VECTOR('',#1542,1000.);
#93=VECTOR('',#1543,1000.);
#94=VECTOR('',#1558,1000.);
#95=VECTOR('',#1559,1000.);
#96=VECTOR('',#1572,1000.);
#97=VECTOR('',#1573,1000.);
#98=VECTOR('',#1586,1000.);
#99=VECTOR('',#1587,1000.);
#100=VECTOR('',#1602,1000.);
#101=VECTOR('',#1603,1000.);
#102=VECTOR('',#1616,1000.);
#103=VECTOR('',#1617,1000.);
#104=VECTOR('',#1630,1000.);
#105=VECTOR('',#1631,1000.);
#106=VECTOR('',#1646,1000.);
#107=VECTOR('',#1647,1000.);
#108=VECTOR('',#1660,1000.);
#109=VECTOR('',#1661,1000.);
#110=VECTOR('',#1674,1000.);
#111=VECTOR('',#1675,1000.);
#112=VECTOR('',#1690,1000.);
#113=VECTOR('',#1691,1000.);
#114=VECTOR('',#1704,1000.);
#115=VECTOR('',#1705,1000.);
#116=VECTOR('',#1718,1000.);
#117=VECTOR('',#1719,1000.);
#118=VECTOR('',#1734,1000.);
#119=VECTOR('',#1735,1000.);
#120=VECTOR('',#1748,1000.);
#121=VECTOR('',#1749,1000.);
#122=VECTOR('',#1762,1000.);
#123=VECTOR('',#1763,1000.);
#124=VECTOR('',#1798,1000.);
#125=VECTOR('',#1801,1000.);
#126=VECTOR('',#1804,1000.);
#127=VECTOR('',#1807,1000.);
#128=VECTOR('',#1810,1000.);
#129=VECTOR('',#1813,1000.);
#130=CYLINDRICAL_SURFACE('',#1226,0.599999999999999);
#131=CYLINDRICAL_SURFACE('',#1232,1.2);
#132=CYLINDRICAL_SURFACE('',#1238,0.599999999999997);
#133=CYLINDRICAL_SURFACE('',#1245,0.599999999999999);
#134=CYLINDRICAL_SURFACE('',#1251,1.2);
#135=CYLINDRICAL_SURFACE('',#1257,0.599999999999997);
#136=CYLINDRICAL_SURFACE('',#1264,0.599999999999999);
#137=CYLINDRICAL_SURFACE('',#1270,1.2);
#138=CYLINDRICAL_SURFACE('',#1276,0.599999999999997);
#139=CYLINDRICAL_SURFACE('',#1283,0.599999999999999);
#140=CYLINDRICAL_SURFACE('',#1289,1.2);
#141=CYLINDRICAL_SURFACE('',#1295,0.599999999999997);
#142=CYLINDRICAL_SURFACE('',#1302,0.599999999999999);
#143=CYLINDRICAL_SURFACE('',#1308,1.2);
#144=CYLINDRICAL_SURFACE('',#1314,0.599999999999997);
#145=CYLINDRICAL_SURFACE('',#1321,0.599999999999999);
#146=CYLINDRICAL_SURFACE('',#1327,1.2);
#147=CYLINDRICAL_SURFACE('',#1333,0.599999999999997);
#148=CYLINDRICAL_SURFACE('',#1340,0.599999999999999);
#149=CYLINDRICAL_SURFACE('',#1346,1.2);
#150=CYLINDRICAL_SURFACE('',#1352,0.599999999999997);
#151=CYLINDRICAL_SURFACE('',#1359,0.599999999999999);
#152=CYLINDRICAL_SURFACE('',#1365,1.2);
#153=CYLINDRICAL_SURFACE('',#1371,0.599999999999997);
#154=CYLINDRICAL_SURFACE('',#1378,7.49999999999999);
#155=CYLINDRICAL_SURFACE('',#1384,4.49999999999999);
#156=CYLINDRICAL_SURFACE('',#1388,5.69999999999999);
#157=CYLINDRICAL_SURFACE('',#1398,4.49999999999999);
#158=CYLINDRICAL_SURFACE('',#1401,0.599999999999999);
#159=CYLINDRICAL_SURFACE('',#1405,1.2);
#160=CYLINDRICAL_SURFACE('',#1409,0.599999999999997);
#161=ORIENTED_EDGE('',*,*,#505,.T.);
#162=ORIENTED_EDGE('',*,*,#506,.T.);
#163=ORIENTED_EDGE('',*,*,#507,.T.);
#164=ORIENTED_EDGE('',*,*,#508,.T.);
#165=ORIENTED_EDGE('',*,*,#505,.F.);
#166=ORIENTED_EDGE('',*,*,#509,.T.);
#167=ORIENTED_EDGE('',*,*,#510,.T.);
#168=ORIENTED_EDGE('',*,*,#511,.T.);
#169=ORIENTED_EDGE('',*,*,#507,.F.);
#170=ORIENTED_EDGE('',*,*,#512,.T.);
#171=ORIENTED_EDGE('',*,*,#513,.T.);
#172=ORIENTED_EDGE('',*,*,#514,.T.);
#173=ORIENTED_EDGE('',*,*,#510,.F.);
#174=ORIENTED_EDGE('',*,*,#515,.T.);
#175=ORIENTED_EDGE('',*,*,#516,.T.);
#176=ORIENTED_EDGE('',*,*,#517,.T.);
#177=ORIENTED_EDGE('',*,*,#513,.F.);
#178=ORIENTED_EDGE('',*,*,#518,.T.);
#179=ORIENTED_EDGE('',*,*,#519,.T.);
#180=ORIENTED_EDGE('',*,*,#520,.T.);
#181=ORIENTED_EDGE('',*,*,#516,.F.);
#182=ORIENTED_EDGE('',*,*,#521,.T.);
#183=ORIENTED_EDGE('',*,*,#519,.F.);
#184=ORIENTED_EDGE('',*,*,#522,.T.);
#185=ORIENTED_EDGE('',*,*,#523,.T.);
#186=ORIENTED_EDGE('',*,*,#524,.T.);
#187=ORIENTED_EDGE('',*,*,#525,.T.);
#188=ORIENTED_EDGE('',*,*,#526,.T.);
#189=ORIENTED_EDGE('',*,*,#523,.F.);
#190=ORIENTED_EDGE('',*,*,#527,.T.);
#191=ORIENTED_EDGE('',*,*,#528,.T.);
#192=ORIENTED_EDGE('',*,*,#529,.T.);
#193=ORIENTED_EDGE('',*,*,#525,.F.);
#194=ORIENTED_EDGE('',*,*,#530,.T.);
#195=ORIENTED_EDGE('',*,*,#531,.T.);
#196=ORIENTED_EDGE('',*,*,#532,.T.);
#197=ORIENTED_EDGE('',*,*,#528,.F.);
#198=ORIENTED_EDGE('',*,*,#533,.T.);
#199=ORIENTED_EDGE('',*,*,#534,.T.);
#200=ORIENTED_EDGE('',*,*,#535,.T.);
#201=ORIENTED_EDGE('',*,*,#531,.F.);
#202=ORIENTED_EDGE('',*,*,#536,.T.);
#203=ORIENTED_EDGE('',*,*,#537,.T.);
#204=ORIENTED_EDGE('',*,*,#538,.T.);
#205=ORIENTED_EDGE('',*,*,#534,.F.);
#206=ORIENTED_EDGE('',*,*,#539,.T.);
#207=ORIENTED_EDGE('',*,*,#537,.F.);
#208=ORIENTED_EDGE('',*,*,#540,.T.);
#209=ORIENTED_EDGE('',*,*,#541,.T.);
#210=ORIENTED_EDGE('',*,*,#542,.T.);
#211=ORIENTED_EDGE('',*,*,#543,.T.);
#212=ORIENTED_EDGE('',*,*,#544,.T.);
#213=ORIENTED_EDGE('',*,*,#541,.F.);
#214=ORIENTED_EDGE('',*,*,#545,.T.);
#215=ORIENTED_EDGE('',*,*,#546,.T.);
#216=ORIENTED_EDGE('',*,*,#547,.T.);
#217=ORIENTED_EDGE('',*,*,#543,.F.);
#218=ORIENTED_EDGE('',*,*,#548,.T.);
#219=ORIENTED_EDGE('',*,*,#549,.T.);
#220=ORIENTED_EDGE('',*,*,#550,.T.);
#221=ORIENTED_EDGE('',*,*,#546,.F.);
#222=ORIENTED_EDGE('',*,*,#551,.T.);
#223=ORIENTED_EDGE('',*,*,#552,.T.);
#224=ORIENTED_EDGE('',*,*,#553,.T.);
#225=ORIENTED_EDGE('',*,*,#549,.F.);
#226=ORIENTED_EDGE('',*,*,#554,.T.);
#227=ORIENTED_EDGE('',*,*,#555,.T.);
#228=ORIENTED_EDGE('',*,*,#556,.T.);
#229=ORIENTED_EDGE('',*,*,#552,.F.);
#230=ORIENTED_EDGE('',*,*,#557,.T.);
#231=ORIENTED_EDGE('',*,*,#555,.F.);
#232=ORIENTED_EDGE('',*,*,#558,.T.);
#233=ORIENTED_EDGE('',*,*,#559,.T.);
#234=ORIENTED_EDGE('',*,*,#560,.T.);
#235=ORIENTED_EDGE('',*,*,#561,.T.);
#236=ORIENTED_EDGE('',*,*,#562,.T.);
#237=ORIENTED_EDGE('',*,*,#559,.F.);
#238=ORIENTED_EDGE('',*,*,#563,.T.);
#239=ORIENTED_EDGE('',*,*,#564,.T.);
#240=ORIENTED_EDGE('',*,*,#565,.T.);
#241=ORIENTED_EDGE('',*,*,#561,.F.);
#242=ORIENTED_EDGE('',*,*,#566,.T.);
#243=ORIENTED_EDGE('',*,*,#567,.T.);
#244=ORIENTED_EDGE('',*,*,#568,.T.);
#245=ORIENTED_EDGE('',*,*,#564,.F.);
#246=ORIENTED_EDGE('',*,*,#569,.T.);
#247=ORIENTED_EDGE('',*,*,#570,.T.);
#248=ORIENTED_EDGE('',*,*,#571,.T.);
#249=ORIENTED_EDGE('',*,*,#567,.F.);
#250=ORIENTED_EDGE('',*,*,#572,.T.);
#251=ORIENTED_EDGE('',*,*,#573,.T.);
#252=ORIENTED_EDGE('',*,*,#574,.T.);
#253=ORIENTED_EDGE('',*,*,#570,.F.);
#254=ORIENTED_EDGE('',*,*,#575,.T.);
#255=ORIENTED_EDGE('',*,*,#573,.F.);
#256=ORIENTED_EDGE('',*,*,#576,.T.);
#257=ORIENTED_EDGE('',*,*,#577,.T.);
#258=ORIENTED_EDGE('',*,*,#578,.T.);
#259=ORIENTED_EDGE('',*,*,#579,.T.);
#260=ORIENTED_EDGE('',*,*,#580,.T.);
#261=ORIENTED_EDGE('',*,*,#577,.F.);
#262=ORIENTED_EDGE('',*,*,#581,.T.);
#263=ORIENTED_EDGE('',*,*,#582,.T.);
#264=ORIENTED_EDGE('',*,*,#583,.T.);
#265=ORIENTED_EDGE('',*,*,#579,.F.);
#266=ORIENTED_EDGE('',*,*,#584,.T.);
#267=ORIENTED_EDGE('',*,*,#585,.T.);
#268=ORIENTED_EDGE('',*,*,#586,.T.);
#269=ORIENTED_EDGE('',*,*,#582,.F.);
#270=ORIENTED_EDGE('',*,*,#587,.T.);
#271=ORIENTED_EDGE('',*,*,#588,.T.);
#272=ORIENTED_EDGE('',*,*,#589,.T.);
#273=ORIENTED_EDGE('',*,*,#585,.F.);
#274=ORIENTED_EDGE('',*,*,#590,.T.);
#275=ORIENTED_EDGE('',*,*,#591,.T.);
#276=ORIENTED_EDGE('',*,*,#592,.T.);
#277=ORIENTED_EDGE('',*,*,#588,.F.);
#278=ORIENTED_EDGE('',*,*,#593,.T.);
#279=ORIENTED_EDGE('',*,*,#591,.F.);
#280=ORIENTED_EDGE('',*,*,#594,.T.);
#281=ORIENTED_EDGE('',*,*,#595,.T.);
#282=ORIENTED_EDGE('',*,*,#596,.T.);
#283=ORIENTED_EDGE('',*,*,#597,.T.);
#284=ORIENTED_EDGE('',*,*,#598,.T.);
#285=ORIENTED_EDGE('',*,*,#595,.F.);
#286=ORIENTED_EDGE('',*,*,#599,.T.);
#287=ORIENTED_EDGE('',*,*,#600,.T.);
#288=ORIENTED_EDGE('',*,*,#601,.T.);
#289=ORIENTED_EDGE('',*,*,#597,.F.);
#290=ORIENTED_EDGE('',*,*,#602,.T.);
#291=ORIENTED_EDGE('',*,*,#603,.T.);
#292=ORIENTED_EDGE('',*,*,#604,.T.);
#293=ORIENTED_EDGE('',*,*,#600,.F.);
#294=ORIENTED_EDGE('',*,*,#605,.T.);
#295=ORIENTED_EDGE('',*,*,#606,.T.);
#296=ORIENTED_EDGE('',*,*,#607,.T.);
#297=ORIENTED_EDGE('',*,*,#603,.F.);
#298=ORIENTED_EDGE('',*,*,#608,.T.);
#299=ORIENTED_EDGE('',*,*,#609,.T.);
#300=ORIENTED_EDGE('',*,*,#610,.T.);
#301=ORIENTED_EDGE('',*,*,#606,.F.);
#302=ORIENTED_EDGE('',*,*,#611,.T.);
#303=ORIENTED_EDGE('',*,*,#609,.F.);
#304=ORIENTED_EDGE('',*,*,#612,.T.);
#305=ORIENTED_EDGE('',*,*,#613,.T.);
#306=ORIENTED_EDGE('',*,*,#614,.T.);
#307=ORIENTED_EDGE('',*,*,#615,.T.);
#308=ORIENTED_EDGE('',*,*,#616,.T.);
#309=ORIENTED_EDGE('',*,*,#613,.F.);
#310=ORIENTED_EDGE('',*,*,#617,.T.);
#311=ORIENTED_EDGE('',*,*,#618,.T.);
#312=ORIENTED_EDGE('',*,*,#619,.T.);
#313=ORIENTED_EDGE('',*,*,#615,.F.);
#314=ORIENTED_EDGE('',*,*,#620,.T.);
#315=ORIENTED_EDGE('',*,*,#621,.T.);
#316=ORIENTED_EDGE('',*,*,#622,.T.);
#317=ORIENTED_EDGE('',*,*,#618,.F.);
#318=ORIENTED_EDGE('',*,*,#623,.T.);
#319=ORIENTED_EDGE('',*,*,#624,.T.);
#320=ORIENTED_EDGE('',*,*,#625,.T.);
#321=ORIENTED_EDGE('',*,*,#621,.F.);
#322=ORIENTED_EDGE('',*,*,#626,.T.);
#323=ORIENTED_EDGE('',*,*,#627,.T.);
#324=ORIENTED_EDGE('',*,*,#628,.T.);
#325=ORIENTED_EDGE('',*,*,#624,.F.);
#326=ORIENTED_EDGE('',*,*,#629,.T.);
#327=ORIENTED_EDGE('',*,*,#627,.F.);
#328=ORIENTED_EDGE('',*,*,#630,.T.);
#329=ORIENTED_EDGE('',*,*,#631,.T.);
#330=ORIENTED_EDGE('',*,*,#632,.T.);
#331=ORIENTED_EDGE('',*,*,#633,.T.);
#332=ORIENTED_EDGE('',*,*,#634,.T.);
#333=ORIENTED_EDGE('',*,*,#631,.F.);
#334=ORIENTED_EDGE('',*,*,#635,.T.);
#335=ORIENTED_EDGE('',*,*,#636,.T.);
#336=ORIENTED_EDGE('',*,*,#637,.T.);
#337=ORIENTED_EDGE('',*,*,#633,.F.);
#338=ORIENTED_EDGE('',*,*,#638,.T.);
#339=ORIENTED_EDGE('',*,*,#639,.T.);
#340=ORIENTED_EDGE('',*,*,#640,.T.);
#341=ORIENTED_EDGE('',*,*,#636,.F.);
#342=ORIENTED_EDGE('',*,*,#641,.T.);
#343=ORIENTED_EDGE('',*,*,#642,.T.);
#344=ORIENTED_EDGE('',*,*,#643,.T.);
#345=ORIENTED_EDGE('',*,*,#639,.F.);
#346=ORIENTED_EDGE('',*,*,#644,.T.);
#347=ORIENTED_EDGE('',*,*,#645,.T.);
#348=ORIENTED_EDGE('',*,*,#646,.T.);
#349=ORIENTED_EDGE('',*,*,#642,.F.);
#350=ORIENTED_EDGE('',*,*,#647,.T.);
#351=ORIENTED_EDGE('',*,*,#645,.F.);
#352=ORIENTED_EDGE('',*,*,#648,.T.);
#353=ORIENTED_EDGE('',*,*,#649,.T.);
#354=ORIENTED_EDGE('',*,*,#650,.F.);
#355=ORIENTED_EDGE('',*,*,#651,.T.);
#356=ORIENTED_EDGE('',*,*,#652,.T.);
#357=ORIENTED_EDGE('',*,*,#653,.T.);
#358=ORIENTED_EDGE('',*,*,#654,.T.);
#359=ORIENTED_EDGE('',*,*,#655,.T.);
#360=ORIENTED_EDGE('',*,*,#654,.F.);
#361=ORIENTED_EDGE('',*,*,#656,.T.);
#362=ORIENTED_EDGE('',*,*,#655,.F.);
#363=ORIENTED_EDGE('',*,*,#506,.F.);
#364=ORIENTED_EDGE('',*,*,#508,.F.);
#365=ORIENTED_EDGE('',*,*,#511,.F.);
#366=ORIENTED_EDGE('',*,*,#514,.F.);
#367=ORIENTED_EDGE('',*,*,#517,.F.);
#368=ORIENTED_EDGE('',*,*,#520,.F.);
#369=ORIENTED_EDGE('',*,*,#522,.F.);
#370=ORIENTED_EDGE('',*,*,#521,.F.);
#371=ORIENTED_EDGE('',*,*,#518,.F.);
#372=ORIENTED_EDGE('',*,*,#515,.F.);
#373=ORIENTED_EDGE('',*,*,#512,.F.);
#374=ORIENTED_EDGE('',*,*,#509,.F.);
#375=ORIENTED_EDGE('',*,*,#524,.F.);
#376=ORIENTED_EDGE('',*,*,#526,.F.);
#377=ORIENTED_EDGE('',*,*,#529,.F.);
#378=ORIENTED_EDGE('',*,*,#532,.F.);
#379=ORIENTED_EDGE('',*,*,#535,.F.);
#380=ORIENTED_EDGE('',*,*,#538,.F.);
#381=ORIENTED_EDGE('',*,*,#540,.F.);
#382=ORIENTED_EDGE('',*,*,#539,.F.);
#383=ORIENTED_EDGE('',*,*,#536,.F.);
#384=ORIENTED_EDGE('',*,*,#533,.F.);
#385=ORIENTED_EDGE('',*,*,#530,.F.);
#386=ORIENTED_EDGE('',*,*,#527,.F.);
#387=ORIENTED_EDGE('',*,*,#542,.F.);
#388=ORIENTED_EDGE('',*,*,#544,.F.);
#389=ORIENTED_EDGE('',*,*,#547,.F.);
#390=ORIENTED_EDGE('',*,*,#550,.F.);
#391=ORIENTED_EDGE('',*,*,#553,.F.);
#392=ORIENTED_EDGE('',*,*,#556,.F.);
#393=ORIENTED_EDGE('',*,*,#558,.F.);
#394=ORIENTED_EDGE('',*,*,#557,.F.);
#395=ORIENTED_EDGE('',*,*,#554,.F.);
#396=ORIENTED_EDGE('',*,*,#551,.F.);
#397=ORIENTED_EDGE('',*,*,#548,.F.);
#398=ORIENTED_EDGE('',*,*,#545,.F.);
#399=ORIENTED_EDGE('',*,*,#560,.F.);
#400=ORIENTED_EDGE('',*,*,#562,.F.);
#401=ORIENTED_EDGE('',*,*,#565,.F.);
#402=ORIENTED_EDGE('',*,*,#568,.F.);
#403=ORIENTED_EDGE('',*,*,#571,.F.);
#404=ORIENTED_EDGE('',*,*,#574,.F.);
#405=ORIENTED_EDGE('',*,*,#576,.F.);
#406=ORIENTED_EDGE('',*,*,#575,.F.);
#407=ORIENTED_EDGE('',*,*,#572,.F.);
#408=ORIENTED_EDGE('',*,*,#569,.F.);
#409=ORIENTED_EDGE('',*,*,#566,.F.);
#410=ORIENTED_EDGE('',*,*,#563,.F.);
#411=ORIENTED_EDGE('',*,*,#578,.F.);
#412=ORIENTED_EDGE('',*,*,#580,.F.);
#413=ORIENTED_EDGE('',*,*,#583,.F.);
#414=ORIENTED_EDGE('',*,*,#586,.F.);
#415=ORIENTED_EDGE('',*,*,#589,.F.);
#416=ORIENTED_EDGE('',*,*,#592,.F.);
#417=ORIENTED_EDGE('',*,*,#594,.F.);
#418=ORIENTED_EDGE('',*,*,#593,.F.);
#419=ORIENTED_EDGE('',*,*,#590,.F.);
#420=ORIENTED_EDGE('',*,*,#587,.F.);
#421=ORIENTED_EDGE('',*,*,#584,.F.);
#422=ORIENTED_EDGE('',*,*,#581,.F.);
#423=ORIENTED_EDGE('',*,*,#596,.F.);
#424=ORIENTED_EDGE('',*,*,#598,.F.);
#425=ORIENTED_EDGE('',*,*,#601,.F.);
#426=ORIENTED_EDGE('',*,*,#604,.F.);
#427=ORIENTED_EDGE('',*,*,#607,.F.);
#428=ORIENTED_EDGE('',*,*,#610,.F.);
#429=ORIENTED_EDGE('',*,*,#612,.F.);
#430=ORIENTED_EDGE('',*,*,#611,.F.);
#431=ORIENTED_EDGE('',*,*,#608,.F.);
#432=ORIENTED_EDGE('',*,*,#605,.F.);
#433=ORIENTED_EDGE('',*,*,#602,.F.);
#434=ORIENTED_EDGE('',*,*,#599,.F.);
#435=ORIENTED_EDGE('',*,*,#614,.F.);
#436=ORIENTED_EDGE('',*,*,#616,.F.);
#437=ORIENTED_EDGE('',*,*,#619,.F.);
#438=ORIENTED_EDGE('',*,*,#622,.F.);
#439=ORIENTED_EDGE('',*,*,#625,.F.);
#440=ORIENTED_EDGE('',*,*,#628,.F.);
#441=ORIENTED_EDGE('',*,*,#630,.F.);
#442=ORIENTED_EDGE('',*,*,#629,.F.);
#443=ORIENTED_EDGE('',*,*,#626,.F.);
#444=ORIENTED_EDGE('',*,*,#623,.F.);
#445=ORIENTED_EDGE('',*,*,#620,.F.);
#446=ORIENTED_EDGE('',*,*,#617,.F.);
#447=ORIENTED_EDGE('',*,*,#632,.F.);
#448=ORIENTED_EDGE('',*,*,#634,.F.);
#449=ORIENTED_EDGE('',*,*,#637,.F.);
#450=ORIENTED_EDGE('',*,*,#640,.F.);
#451=ORIENTED_EDGE('',*,*,#643,.F.);
#452=ORIENTED_EDGE('',*,*,#646,.F.);
#453=ORIENTED_EDGE('',*,*,#648,.F.);
#454=ORIENTED_EDGE('',*,*,#647,.F.);
#455=ORIENTED_EDGE('',*,*,#644,.F.);
#456=ORIENTED_EDGE('',*,*,#641,.F.);
#457=ORIENTED_EDGE('',*,*,#638,.F.);
#458=ORIENTED_EDGE('',*,*,#635,.F.);
#459=ORIENTED_EDGE('',*,*,#657,.F.);
#460=ORIENTED_EDGE('',*,*,#658,.F.);
#461=ORIENTED_EDGE('',*,*,#659,.F.);
#462=ORIENTED_EDGE('',*,*,#660,.F.);
#463=ORIENTED_EDGE('',*,*,#661,.F.);
#464=ORIENTED_EDGE('',*,*,#662,.F.);
#465=ORIENTED_EDGE('',*,*,#663,.F.);
#466=ORIENTED_EDGE('',*,*,#664,.F.);
#467=ORIENTED_EDGE('',*,*,#665,.F.);
#468=ORIENTED_EDGE('',*,*,#666,.F.);
#469=ORIENTED_EDGE('',*,*,#667,.F.);
#470=ORIENTED_EDGE('',*,*,#668,.F.);
#471=ORIENTED_EDGE('',*,*,#669,.T.);
#472=ORIENTED_EDGE('',*,*,#656,.F.);
#473=ORIENTED_EDGE('',*,*,#670,.T.);
#474=ORIENTED_EDGE('',*,*,#669,.F.);
#475=ORIENTED_EDGE('',*,*,#650,.T.);
#476=ORIENTED_EDGE('',*,*,#670,.F.);
#477=ORIENTED_EDGE('',*,*,#671,.T.);
#478=ORIENTED_EDGE('',*,*,#657,.T.);
#479=ORIENTED_EDGE('',*,*,#672,.T.);
#480=ORIENTED_EDGE('',*,*,#658,.T.);
#481=ORIENTED_EDGE('',*,*,#671,.F.);
#482=ORIENTED_EDGE('',*,*,#668,.T.);
#483=ORIENTED_EDGE('',*,*,#673,.T.);
#484=ORIENTED_EDGE('',*,*,#659,.T.);
#485=ORIENTED_EDGE('',*,*,#672,.F.);
#486=ORIENTED_EDGE('',*,*,#667,.T.);
#487=ORIENTED_EDGE('',*,*,#674,.T.);
#488=ORIENTED_EDGE('',*,*,#660,.T.);
#489=ORIENTED_EDGE('',*,*,#673,.F.);
#490=ORIENTED_EDGE('',*,*,#666,.T.);
#491=ORIENTED_EDGE('',*,*,#675,.T.);
#492=ORIENTED_EDGE('',*,*,#661,.T.);
#493=ORIENTED_EDGE('',*,*,#674,.F.);
#494=ORIENTED_EDGE('',*,*,#665,.T.);
#495=ORIENTED_EDGE('',*,*,#676,.T.);
#496=ORIENTED_EDGE('',*,*,#662,.T.);
#497=ORIENTED_EDGE('',*,*,#675,.F.);
#498=ORIENTED_EDGE('',*,*,#664,.T.);
#499=ORIENTED_EDGE('',*,*,#676,.F.);
#500=ORIENTED_EDGE('',*,*,#663,.T.);
#501=ORIENTED_EDGE('',*,*,#653,.F.);
#502=ORIENTED_EDGE('',*,*,#652,.F.);
#503=ORIENTED_EDGE('',*,*,#651,.F.);
#504=ORIENTED_EDGE('',*,*,#649,.F.);
#505=EDGE_CURVE('',#677,#678,#795,.T.);
#506=EDGE_CURVE('',#678,#677,#796,.T.);
#507=EDGE_CURVE('',#679,#680,#797,.T.);
#508=EDGE_CURVE('',#680,#678,#22,.T.);
#509=EDGE_CURVE('',#677,#679,#23,.F.);
#510=EDGE_CURVE('',#681,#682,#798,.T.);
#511=EDGE_CURVE('',#682,#680,#799,.T.);
#512=EDGE_CURVE('',#679,#681,#800,.T.);
#513=EDGE_CURVE('',#683,#684,#801,.T.);
#514=EDGE_CURVE('',#684,#682,#24,.T.);
#515=EDGE_CURVE('',#681,#683,#25,.F.);
#516=EDGE_CURVE('',#685,#686,#802,.T.);
#517=EDGE_CURVE('',#686,#684,#803,.T.);
#518=EDGE_CURVE('',#683,#685,#804,.T.);
#519=EDGE_CURVE('',#687,#688,#805,.T.);
#520=EDGE_CURVE('',#688,#686,#26,.T.);
#521=EDGE_CURVE('',#685,#687,#27,.F.);
#522=EDGE_CURVE('',#687,#688,#806,.T.);
#523=EDGE_CURVE('',#689,#690,#807,.T.);
#524=EDGE_CURVE('',#690,#689,#808,.T.);
#525=EDGE_CURVE('',#691,#692,#809,.T.);
#526=EDGE_CURVE('',#692,#690,#28,.T.);
#527=EDGE_CURVE('',#689,#691,#29,.F.);
#528=EDGE_CURVE('',#693,#694,#810,.T.);
#529=EDGE_CURVE('',#694,#692,#811,.T.);
#530=EDGE_CURVE('',#691,#693,#812,.T.);
#531=EDGE_CURVE('',#695,#696,#813,.T.);
#532=EDGE_CURVE('',#696,#694,#30,.T.);
#533=EDGE_CURVE('',#693,#695,#31,.F.);
#534=EDGE_CURVE('',#697,#698,#814,.T.);
#535=EDGE_CURVE('',#698,#696,#815,.T.);
#536=EDGE_CURVE('',#695,#697,#816,.T.);
#537=EDGE_CURVE('',#699,#700,#817,.T.);
#538=EDGE_CURVE('',#700,#698,#32,.T.);
#539=EDGE_CURVE('',#697,#699,#33,.F.);
#540=EDGE_CURVE('',#699,#700,#818,.T.);
#541=EDGE_CURVE('',#701,#702,#819,.T.);
#542=EDGE_CURVE('',#702,#701,#820,.T.);
#543=EDGE_CURVE('',#703,#704,#821,.T.);
#544=EDGE_CURVE('',#704,#702,#34,.T.);
#545=EDGE_CURVE('',#701,#703,#35,.F.);
#546=EDGE_CURVE('',#705,#706,#822,.T.);
#547=EDGE_CURVE('',#706,#704,#823,.T.);
#548=EDGE_CURVE('',#703,#705,#824,.T.);
#549=EDGE_CURVE('',#707,#708,#825,.T.);
#550=EDGE_CURVE('',#708,#706,#36,.T.);
#551=EDGE_CURVE('',#705,#707,#37,.F.);
#552=EDGE_CURVE('',#709,#710,#826,.T.);
#553=EDGE_CURVE('',#710,#708,#827,.T.);
#554=EDGE_CURVE('',#707,#709,#828,.T.);
#555=EDGE_CURVE('',#711,#712,#829,.T.);
#556=EDGE_CURVE('',#712,#710,#38,.T.);
#557=EDGE_CURVE('',#709,#711,#39,.F.);
#558=EDGE_CURVE('',#711,#712,#830,.T.);
#559=EDGE_CURVE('',#713,#714,#831,.T.);
#560=EDGE_CURVE('',#714,#713,#832,.T.);
#561=EDGE_CURVE('',#715,#716,#833,.T.);
#562=EDGE_CURVE('',#716,#714,#40,.T.);
#563=EDGE_CURVE('',#713,#715,#41,.F.);
#564=EDGE_CURVE('',#717,#718,#834,.T.);
#565=EDGE_CURVE('',#718,#716,#835,.T.);
#566=EDGE_CURVE('',#715,#717,#836,.T.);
#567=EDGE_CURVE('',#719,#720,#837,.T.);
#568=EDGE_CURVE('',#720,#718,#42,.T.);
#569=EDGE_CURVE('',#717,#719,#43,.F.);
#570=EDGE_CURVE('',#721,#722,#838,.T.);
#571=EDGE_CURVE('',#722,#720,#839,.T.);
#572=EDGE_CURVE('',#719,#721,#840,.T.);
#573=EDGE_CURVE('',#723,#724,#841,.T.);
#574=EDGE_CURVE('',#724,#722,#44,.T.);
#575=EDGE_CURVE('',#721,#723,#45,.F.);
#576=EDGE_CURVE('',#723,#724,#842,.T.);
#577=EDGE_CURVE('',#725,#726,#843,.T.);
#578=EDGE_CURVE('',#726,#725,#844,.T.);
#579=EDGE_CURVE('',#727,#728,#845,.T.);
#580=EDGE_CURVE('',#728,#726,#46,.T.);
#581=EDGE_CURVE('',#725,#727,#47,.F.);
#582=EDGE_CURVE('',#729,#730,#846,.T.);
#583=EDGE_CURVE('',#730,#728,#847,.T.);
#584=EDGE_CURVE('',#727,#729,#848,.T.);
#585=EDGE_CURVE('',#731,#732,#849,.T.);
#586=EDGE_CURVE('',#732,#730,#48,.T.);
#587=EDGE_CURVE('',#729,#731,#49,.F.);
#588=EDGE_CURVE('',#733,#734,#850,.T.);
#589=EDGE_CURVE('',#734,#732,#851,.T.);
#590=EDGE_CURVE('',#731,#733,#852,.T.);
#591=EDGE_CURVE('',#735,#736,#853,.T.);
#592=EDGE_CURVE('',#736,#734,#50,.T.);
#593=EDGE_CURVE('',#733,#735,#51,.F.);
#594=EDGE_CURVE('',#735,#736,#854,.T.);
#595=EDGE_CURVE('',#737,#738,#855,.T.);
#596=EDGE_CURVE('',#738,#737,#856,.T.);
#597=EDGE_CURVE('',#739,#740,#857,.T.);
#598=EDGE_CURVE('',#740,#738,#52,.T.);
#599=EDGE_CURVE('',#737,#739,#53,.F.);
#600=EDGE_CURVE('',#741,#742,#858,.T.);
#601=EDGE_CURVE('',#742,#740,#859,.T.);
#602=EDGE_CURVE('',#739,#741,#860,.T.);
#603=EDGE_CURVE('',#743,#744,#861,.T.);
#604=EDGE_CURVE('',#744,#742,#54,.T.);
#605=EDGE_CURVE('',#741,#743,#55,.F.);
#606=EDGE_CURVE('',#745,#746,#862,.T.);
#607=EDGE_CURVE('',#746,#744,#863,.T.);
#608=EDGE_CURVE('',#743,#745,#864,.T.);
#609=EDGE_CURVE('',#747,#748,#865,.T.);
#610=EDGE_CURVE('',#748,#746,#56,.T.);
#611=EDGE_CURVE('',#745,#747,#57,.F.);
#612=EDGE_CURVE('',#747,#748,#866,.T.);
#613=EDGE_CURVE('',#749,#750,#867,.T.);
#614=EDGE_CURVE('',#750,#749,#868,.T.);
#615=EDGE_CURVE('',#751,#752,#869,.T.);
#616=EDGE_CURVE('',#752,#750,#58,.T.);
#617=EDGE_CURVE('',#749,#751,#59,.F.);
#618=EDGE_CURVE('',#753,#754,#870,.T.);
#619=EDGE_CURVE('',#754,#752,#871,.T.);
#620=EDGE_CURVE('',#751,#753,#872,.T.);
#621=EDGE_CURVE('',#755,#756,#873,.T.);
#622=EDGE_CURVE('',#756,#754,#60,.T.);
#623=EDGE_CURVE('',#753,#755,#61,.F.);
#624=EDGE_CURVE('',#757,#758,#874,.T.);
#625=EDGE_CURVE('',#758,#756,#875,.T.);
#626=EDGE_CURVE('',#755,#757,#876,.T.);
#627=EDGE_CURVE('',#759,#760,#877,.T.);
#628=EDGE_CURVE('',#760,#758,#62,.T.);
#629=EDGE_CURVE('',#757,#759,#63,.F.);
#630=EDGE_CURVE('',#759,#760,#878,.T.);
#631=EDGE_CURVE('',#761,#762,#879,.T.);
#632=EDGE_CURVE('',#762,#761,#880,.T.);
#633=EDGE_CURVE('',#763,#764,#881,.T.);
#634=EDGE_CURVE('',#764,#762,#64,.T.);
#635=EDGE_CURVE('',#761,#763,#65,.F.);
#636=EDGE_CURVE('',#765,#766,#882,.T.);
#637=EDGE_CURVE('',#766,#764,#883,.T.);
#638=EDGE_CURVE('',#763,#765,#884,.T.);
#639=EDGE_CURVE('',#767,#768,#885,.T.);
#640=EDGE_CURVE('',#768,#766,#66,.T.);
#641=EDGE_CURVE('',#765,#767,#67,.F.);
#642=EDGE_CURVE('',#769,#770,#886,.T.);
#643=EDGE_CURVE('',#770,#768,#887,.T.);
#644=EDGE_CURVE('',#767,#769,#888,.T.);
#645=EDGE_CURVE('',#771,#772,#889,.T.);
#646=EDGE_CURVE('',#772,#770,#68,.T.);
#647=EDGE_CURVE('',#769,#771,#69,.F.);
#648=EDGE_CURVE('',#771,#772,#890,.T.);
#649=EDGE_CURVE('',#773,#773,#891,.T.);
#650=EDGE_CURVE('',#774,#774,#892,.T.);
#651=EDGE_CURVE('',#775,#775,#893,.F.);
#652=EDGE_CURVE('',#776,#776,#894,.F.);
#653=EDGE_CURVE('',#777,#777,#895,.T.);
#654=EDGE_CURVE('',#778,#778,#896,.T.);
#655=EDGE_CURVE('',#779,#779,#897,.T.);
#656=EDGE_CURVE('',#780,#780,#898,.T.);
#657=EDGE_CURVE('',#781,#782,#899,.T.);
#658=EDGE_CURVE('',#783,#781,#70,.T.);
#659=EDGE_CURVE('',#784,#783,#900,.T.);
#660=EDGE_CURVE('',#785,#784,#71,.T.);
#661=EDGE_CURVE('',#786,#785,#901,.T.);
#662=EDGE_CURVE('',#787,#786,#72,.T.);
#663=EDGE_CURVE('',#788,#787,#902,.T.);
#664=EDGE_CURVE('',#789,#788,#73,.F.);
#665=EDGE_CURVE('',#790,#789,#903,.T.);
#666=EDGE_CURVE('',#791,#790,#74,.F.);
#667=EDGE_CURVE('',#792,#791,#904,.T.);
#668=EDGE_CURVE('',#782,#792,#75,.F.);
#669=EDGE_CURVE('',#793,#793,#905,.T.);
#670=EDGE_CURVE('',#794,#794,#906,.T.);
#671=EDGE_CURVE('',#782,#781,#907,.T.);
#672=EDGE_CURVE('',#792,#783,#908,.T.);
#673=EDGE_CURVE('',#791,#784,#909,.T.);
#674=EDGE_CURVE('',#790,#785,#910,.T.);
#675=EDGE_CURVE('',#789,#786,#911,.T.);
#676=EDGE_CURVE('',#788,#787,#912,.T.);
#677=VERTEX_POINT('',#1855);
#678=VERTEX_POINT('',#1856);
#679=VERTEX_POINT('',#1860);
#680=VERTEX_POINT('',#1861);
#681=VERTEX_POINT('',#1866);
#682=VERTEX_POINT('',#1867);
#683=VERTEX_POINT('',#1872);
#684=VERTEX_POINT('',#1873);
#685=VERTEX_POINT('',#1878);
#686=VERTEX_POINT('',#1879);
#687=VERTEX_POINT('',#1884);
#688=VERTEX_POINT('',#1885);
#689=VERTEX_POINT('',#1892);
#690=VERTEX_POINT('',#1893);
#691=VERTEX_POINT('',#1897);
#692=VERTEX_POINT('',#1898);
#693=VERTEX_POINT('',#1903);
#694=VERTEX_POINT('',#1904);
#695=VERTEX_POINT('',#1909);
#696=VERTEX_POINT('',#1910);
#697=VERTEX_POINT('',#1915);
#698=VERTEX_POINT('',#1916);
#699=VERTEX_POINT('',#1921);
#700=VERTEX_POINT('',#1922);
#701=VERTEX_POINT('',#1929);
#702=VERTEX_POINT('',#1930);
#703=VERTEX_POINT('',#1934);
#704=VERTEX_POINT('',#1935);
#705=VERTEX_POINT('',#1940);
#706=VERTEX_POINT('',#1941);
#707=VERTEX_POINT('',#1946);
#708=VERTEX_POINT('',#1947);
#709=VERTEX_POINT('',#1952);
#710=VERTEX_POINT('',#1953);
#711=VERTEX_POINT('',#1958);
#712=VERTEX_POINT('',#1959);
#713=VERTEX_POINT('',#1966);
#714=VERTEX_POINT('',#1967);
#715=VERTEX_POINT('',#1971);
#716=VERTEX_POINT('',#1972);
#717=VERTEX_POINT('',#1977);
#718=VERTEX_POINT('',#1978);
#719=VERTEX_POINT('',#1983);
#720=VERTEX_POINT('',#1984);
#721=VERTEX_POINT('',#1989);
#722=VERTEX_POINT('',#1990);
#723=VERTEX_POINT('',#1995);
#724=VERTEX_POINT('',#1996);
#725=VERTEX_POINT('',#2003);
#726=VERTEX_POINT('',#2004);
#727=VERTEX_POINT('',#2008);
#728=VERTEX_POINT('',#2009);
#729=VERTEX_POINT('',#2014);
#730=VERTEX_POINT('',#2015);
#731=VERTEX_POINT('',#2020);
#732=VERTEX_POINT('',#2021);
#733=VERTEX_POINT('',#2026);
#734=VERTEX_POINT('',#2027);
#735=VERTEX_POINT('',#2032);
#736=VERTEX_POINT('',#2033);
#737=VERTEX_POINT('',#2040);
#738=VERTEX_POINT('',#2041);
#739=VERTEX_POINT('',#2045);
#740=VERTEX_POINT('',#2046);
#741=VERTEX_POINT('',#2051);
#742=VERTEX_POINT('',#2052);
#743=VERTEX_POINT('',#2057);
#744=VERTEX_POINT('',#2058);
#745=VERTEX_POINT('',#2063);
#746=VERTEX_POINT('',#2064);
#747=VERTEX_POINT('',#2069);
#748=VERTEX_POINT('',#2070);
#749=VERTEX_POINT('',#2077);
#750=VERTEX_POINT('',#2078);
#751=VERTEX_POINT('',#2082);
#752=VERTEX_POINT('',#2083);
#753=VERTEX_POINT('',#2088);
#754=VERTEX_POINT('',#2089);
#755=VERTEX_POINT('',#2094);
#756=VERTEX_POINT('',#2095);
#757=VERTEX_POINT('',#2100);
#758=VERTEX_POINT('',#2101);
#759=VERTEX_POINT('',#2106);
#760=VERTEX_POINT('',#2107);
#761=VERTEX_POINT('',#2114);
#762=VERTEX_POINT('',#2115);
#763=VERTEX_POINT('',#2119);
#764=VERTEX_POINT('',#2120);
#765=VERTEX_POINT('',#2125);
#766=VERTEX_POINT('',#2126);
#767=VERTEX_POINT('',#2131);
#768=VERTEX_POINT('',#2132);
#769=VERTEX_POINT('',#2137);
#770=VERTEX_POINT('',#2138);
#771=VERTEX_POINT('',#2143);
#772=VERTEX_POINT('',#2144);
#773=VERTEX_POINT('',#2151);
#774=VERTEX_POINT('',#2153);
#775=VERTEX_POINT('',#2156);
#776=VERTEX_POINT('',#2158);
#777=VERTEX_POINT('',#2161);
#778=VERTEX_POINT('',#2163);
#779=VERTEX_POINT('',#2166);
#780=VERTEX_POINT('',#2169);
#781=VERTEX_POINT('',#2172);
#782=VERTEX_POINT('',#2173);
#783=VERTEX_POINT('',#2175);
#784=VERTEX_POINT('',#2177);
#785=VERTEX_POINT('',#2179);
#786=VERTEX_POINT('',#2181);
#787=VERTEX_POINT('',#2183);
#788=VERTEX_POINT('',#2185);
#789=VERTEX_POINT('',#2187);
#790=VERTEX_POINT('',#2189);
#791=VERTEX_POINT('',#2191);
#792=VERTEX_POINT('',#2193);
#793=VERTEX_POINT('',#2196);
#794=VERTEX_POINT('',#2199);
#795=CIRCLE('',#1224,0.599999999999999);
#796=CIRCLE('',#1225,5.69999999999999);
#797=CIRCLE('',#1227,0.599999999999999);
#798=CIRCLE('',#1229,1.2);
#799=CIRCLE('',#1230,5.69999999999999);
#800=CIRCLE('',#1231,5.69999999999999);
#801=CIRCLE('',#1233,1.2);
#802=CIRCLE('',#1235,0.599999999999997);
#803=CIRCLE('',#1236,5.69999999999999);
#804=CIRCLE('',#1237,5.69999999999999);
#805=CIRCLE('',#1239,0.599999999999997);
#806=CIRCLE('',#1241,5.69999999999999);
#807=CIRCLE('',#1243,0.599999999999999);
#808=CIRCLE('',#1244,5.69999999999999);
#809=CIRCLE('',#1246,0.599999999999999);
#810=CIRCLE('',#1248,1.2);
#811=CIRCLE('',#1249,5.69999999999999);
#812=CIRCLE('',#1250,5.69999999999999);
#813=CIRCLE('',#1252,1.2);
#814=CIRCLE('',#1254,0.599999999999997);
#815=CIRCLE('',#1255,5.69999999999999);
#816=CIRCLE('',#1256,5.69999999999999);
#817=CIRCLE('',#1258,0.599999999999997);
#818=CIRCLE('',#1260,5.69999999999999);
#819=CIRCLE('',#1262,0.599999999999999);
#820=CIRCLE('',#1263,5.69999999999999);
#821=CIRCLE('',#1265,0.599999999999999);
#822=CIRCLE('',#1267,1.2);
#823=CIRCLE('',#1268,5.69999999999999);
#824=CIRCLE('',#1269,5.69999999999999);
#825=CIRCLE('',#1271,1.2);
#826=CIRCLE('',#1273,0.599999999999997);
#827=CIRCLE('',#1274,5.69999999999999);
#828=CIRCLE('',#1275,5.69999999999999);
#829=CIRCLE('',#1277,0.599999999999997);
#830=CIRCLE('',#1279,5.69999999999999);
#831=CIRCLE('',#1281,0.599999999999999);
#832=CIRCLE('',#1282,5.69999999999999);
#833=CIRCLE('',#1284,0.599999999999999);
#834=CIRCLE('',#1286,1.2);
#835=CIRCLE('',#1287,5.69999999999999);
#836=CIRCLE('',#1288,5.69999999999999);
#837=CIRCLE('',#1290,1.2);
#838=CIRCLE('',#1292,0.599999999999997);
#839=CIRCLE('',#1293,5.69999999999999);
#840=CIRCLE('',#1294,5.69999999999999);
#841=CIRCLE('',#1296,0.599999999999997);
#842=CIRCLE('',#1298,5.69999999999999);
#843=CIRCLE('',#1300,0.599999999999999);
#844=CIRCLE('',#1301,5.69999999999999);
#845=CIRCLE('',#1303,0.599999999999999);
#846=CIRCLE('',#1305,1.2);
#847=CIRCLE('',#1306,5.69999999999999);
#848=CIRCLE('',#1307,5.69999999999999);
#849=CIRCLE('',#1309,1.2);
#850=CIRCLE('',#1311,0.599999999999997);
#851=CIRCLE('',#1312,5.69999999999999);
#852=CIRCLE('',#1313,5.69999999999999);
#853=CIRCLE('',#1315,0.599999999999997);
#854=CIRCLE('',#1317,5.69999999999999);
#855=CIRCLE('',#1319,0.599999999999999);
#856=CIRCLE('',#1320,5.69999999999999);
#857=CIRCLE('',#1322,0.599999999999999);
#858=CIRCLE('',#1324,1.2);
#859=CIRCLE('',#1325,5.69999999999999);
#860=CIRCLE('',#1326,5.69999999999999);
#861=CIRCLE('',#1328,1.2);
#862=CIRCLE('',#1330,0.599999999999997);
#863=CIRCLE('',#1331,5.69999999999999);
#864=CIRCLE('',#1332,5.69999999999999);
#865=CIRCLE('',#1334,0.599999999999997);
#866=CIRCLE('',#1336,5.69999999999999);
#867=CIRCLE('',#1338,0.599999999999999);
#868=CIRCLE('',#1339,5.69999999999999);
#869=CIRCLE('',#1341,0.599999999999999);
#870=CIRCLE('',#1343,1.2);
#871=CIRCLE('',#1344,5.69999999999999);
#872=CIRCLE('',#1345,5.69999999999999);
#873=CIRCLE('',#1347,1.2);
#874=CIRCLE('',#1349,0.599999999999997);
#875=CIRCLE('',#1350,5.69999999999999);
#876=CIRCLE('',#1351,5.69999999999999);
#877=CIRCLE('',#1353,0.599999999999997);
#878=CIRCLE('',#1355,5.69999999999999);
#879=CIRCLE('',#1357,0.599999999999999);
#880=CIRCLE('',#1358,5.69999999999999);
#881=CIRCLE('',#1360,0.599999999999999);
#882=CIRCLE('',#1362,1.2);
#883=CIRCLE('',#1363,5.69999999999999);
#884=CIRCLE('',#1364,5.69999999999999);
#885=CIRCLE('',#1366,1.2);
#886=CIRCLE('',#1368,0.599999999999997);
#887=CIRCLE('',#1369,5.69999999999999);
#888=CIRCLE('',#1370,5.69999999999999);
#889=CIRCLE('',#1372,0.599999999999997);
#890=CIRCLE('',#1374,5.69999999999999);
#891=CIRCLE('',#1376,7.09999999999999);
#892=CIRCLE('',#1377,4.49999999999999);
#893=CIRCLE('',#1379,7.49999999999999);
#894=CIRCLE('',#1380,7.49999999999999);
#895=CIRCLE('',#1382,7.09999999999999);
#896=CIRCLE('',#1383,4.49999999999999);
#897=CIRCLE('',#1385,4.49999999999999);
#898=CIRCLE('',#1387,5.69999999999999);
#899=CIRCLE('',#1389,5.69999999999999);
#900=CIRCLE('',#1390,5.69999999999999);
#901=CIRCLE('',#1391,5.69999999999999);
#902=CIRCLE('',#1392,5.69999999999999);
#903=CIRCLE('',#1393,5.69999999999999);
#904=CIRCLE('',#1394,5.69999999999999);
#905=CIRCLE('',#1395,5.69999999999999);
#906=CIRCLE('',#1397,4.49999999999999);
#907=CIRCLE('',#1400,0.599999999999999);
#908=CIRCLE('',#1402,0.599999999999999);
#909=CIRCLE('',#1404,1.2);
#910=CIRCLE('',#1406,1.2);
#911=CIRCLE('',#1408,0.599999999999997);
#912=CIRCLE('',#1410,0.599999999999997);
#913=EDGE_LOOP('',(#161,#162));
#914=EDGE_LOOP('',(#163,#164,#165,#166));
#915=EDGE_LOOP('',(#167,#168,#169,#170));
#916=EDGE_LOOP('',(#171,#172,#173,#174));
#917=EDGE_LOOP('',(#175,#176,#177,#178));
#918=EDGE_LOOP('',(#179,#180,#181,#182));
#919=EDGE_LOOP('',(#183,#184));
#920=EDGE_LOOP('',(#185,#186));
#921=EDGE_LOOP('',(#187,#188,#189,#190));
#922=EDGE_LOOP('',(#191,#192,#193,#194));
#923=EDGE_LOOP('',(#195,#196,#197,#198));
#924=EDGE_LOOP('',(#199,#200,#201,#202));
#925=EDGE_LOOP('',(#203,#204,#205,#206));
#926=EDGE_LOOP('',(#207,#208));
#927=EDGE_LOOP('',(#209,#210));
#928=EDGE_LOOP('',(#211,#212,#213,#214));
#929=EDGE_LOOP('',(#215,#216,#217,#218));
#930=EDGE_LOOP('',(#219,#220,#221,#222));
#931=EDGE_LOOP('',(#223,#224,#225,#226));
#932=EDGE_LOOP('',(#227,#228,#229,#230));
#933=EDGE_LOOP('',(#231,#232));
#934=EDGE_LOOP('',(#233,#234));
#935=EDGE_LOOP('',(#235,#236,#237,#238));
#936=EDGE_LOOP('',(#239,#240,#241,#242));
#937=EDGE_LOOP('',(#243,#244,#245,#246));
#938=EDGE_LOOP('',(#247,#248,#249,#250));
#939=EDGE_LOOP('',(#251,#252,#253,#254));
#940=EDGE_LOOP('',(#255,#256));
#941=EDGE_LOOP('',(#257,#258));
#942=EDGE_LOOP('',(#259,#260,#261,#262));
#943=EDGE_LOOP('',(#263,#264,#265,#266));
#944=EDGE_LOOP('',(#267,#268,#269,#270));
#945=EDGE_LOOP('',(#271,#272,#273,#274));
#946=EDGE_LOOP('',(#275,#276,#277,#278));
#947=EDGE_LOOP('',(#279,#280));
#948=EDGE_LOOP('',(#281,#282));
#949=EDGE_LOOP('',(#283,#284,#285,#286));
#950=EDGE_LOOP('',(#287,#288,#289,#290));
#951=EDGE_LOOP('',(#291,#292,#293,#294));
#952=EDGE_LOOP('',(#295,#296,#297,#298));
#953=EDGE_LOOP('',(#299,#300,#301,#302));
#954=EDGE_LOOP('',(#303,#304));
#955=EDGE_LOOP('',(#305,#306));
#956=EDGE_LOOP('',(#307,#308,#309,#310));
#957=EDGE_LOOP('',(#311,#312,#313,#314));
#958=EDGE_LOOP('',(#315,#316,#317,#318));
#959=EDGE_LOOP('',(#319,#320,#321,#322));
#960=EDGE_LOOP('',(#323,#324,#325,#326));
#961=EDGE_LOOP('',(#327,#328));
#962=EDGE_LOOP('',(#329,#330));
#963=EDGE_LOOP('',(#331,#332,#333,#334));
#964=EDGE_LOOP('',(#335,#336,#337,#338));
#965=EDGE_LOOP('',(#339,#340,#341,#342));
#966=EDGE_LOOP('',(#343,#344,#345,#346));
#967=EDGE_LOOP('',(#347,#348,#349,#350));
#968=EDGE_LOOP('',(#351,#352));
#969=EDGE_LOOP('',(#353));
#970=EDGE_LOOP('',(#354));
#971=EDGE_LOOP('',(#355));
#972=EDGE_LOOP('',(#356));
#973=EDGE_LOOP('',(#357));
#974=EDGE_LOOP('',(#358));
#975=EDGE_LOOP('',(#359));
#976=EDGE_LOOP('',(#360));
#977=EDGE_LOOP('',(#361));
#978=EDGE_LOOP('',(#362));
#979=EDGE_LOOP('',(#363,#364,#365,#366,#367,#368,#369,#370,#371,#372,#373,
#374));
#980=EDGE_LOOP('',(#375,#376,#377,#378,#379,#380,#381,#382,#383,#384,#385,
#386));
#981=EDGE_LOOP('',(#387,#388,#389,#390,#391,#392,#393,#394,#395,#396,#397,
#398));
#982=EDGE_LOOP('',(#399,#400,#401,#402,#403,#404,#405,#406,#407,#408,#409,
#410));
#983=EDGE_LOOP('',(#411,#412,#413,#414,#415,#416,#417,#418,#419,#420,#421,
#422));
#984=EDGE_LOOP('',(#423,#424,#425,#426,#427,#428,#429,#430,#431,#432,#433,
#434));
#985=EDGE_LOOP('',(#435,#436,#437,#438,#439,#440,#441,#442,#443,#444,#445,
#446));
#986=EDGE_LOOP('',(#447,#448,#449,#450,#451,#452,#453,#454,#455,#456,#457,
#458));
#987=EDGE_LOOP('',(#459,#460,#461,#462,#463,#464,#465,#466,#467,#468,#469,
#470));
#988=EDGE_LOOP('',(#471));
#989=EDGE_LOOP('',(#472));
#990=EDGE_LOOP('',(#473));
#991=EDGE_LOOP('',(#474));
#992=EDGE_LOOP('',(#475));
#993=EDGE_LOOP('',(#476));
#994=EDGE_LOOP('',(#477,#478));
#995=EDGE_LOOP('',(#479,#480,#481,#482));
#996=EDGE_LOOP('',(#483,#484,#485,#486));
#997=EDGE_LOOP('',(#487,#488,#489,#490));
#998=EDGE_LOOP('',(#491,#492,#493,#494));
#999=EDGE_LOOP('',(#495,#496,#497,#498));
#1000=EDGE_LOOP('',(#499,#500));
#1001=EDGE_LOOP('',(#501));
#1002=EDGE_LOOP('',(#502));
#1003=EDGE_LOOP('',(#503));
#1004=EDGE_LOOP('',(#504));
#1005=FACE_BOUND('',#913,.T.);
#1006=FACE_BOUND('',#914,.T.);
#1007=FACE_BOUND('',#915,.T.);
#1008=FACE_BOUND('',#916,.T.);
#1009=FACE_BOUND('',#917,.T.);
#1010=FACE_BOUND('',#918,.T.);
#1011=FACE_BOUND('',#919,.T.);
#1012=FACE_BOUND('',#920,.T.);
#1013=FACE_BOUND('',#921,.T.);
#1014=FACE_BOUND('',#922,.T.);
#1015=FACE_BOUND('',#923,.T.);
#1016=FACE_BOUND('',#924,.T.);
#1017=FACE_BOUND('',#925,.T.);
#1018=FACE_BOUND('',#926,.T.);
#1019=FACE_BOUND('',#927,.T.);
#1020=FACE_BOUND('',#928,.T.);
#1021=FACE_BOUND('',#929,.T.);
#1022=FACE_BOUND('',#930,.T.);
#1023=FACE_BOUND('',#931,.T.);
#1024=FACE_BOUND('',#932,.T.);
#1025=FACE_BOUND('',#933,.T.);
#1026=FACE_BOUND('',#934,.T.);
#1027=FACE_BOUND('',#935,.T.);
#1028=FACE_BOUND('',#936,.T.);
#1029=FACE_BOUND('',#937,.T.);
#1030=FACE_BOUND('',#938,.T.);
#1031=FACE_BOUND('',#939,.T.);
#1032=FACE_BOUND('',#940,.T.);
#1033=FACE_BOUND('',#941,.T.);
#1034=FACE_BOUND('',#942,.T.);
#1035=FACE_BOUND('',#943,.T.);
#1036=FACE_BOUND('',#944,.T.);
#1037=FACE_BOUND('',#945,.T.);
#1038=FACE_BOUND('',#946,.T.);
#1039=FACE_BOUND('',#947,.T.);
#1040=FACE_BOUND('',#948,.T.);
#1041=FACE_BOUND('',#949,.T.);
#1042=FACE_BOUND('',#950,.T.);
#1043=FACE_BOUND('',#951,.T.);
#1044=FACE_BOUND('',#952,.T.);
#1045=FACE_BOUND('',#953,.T.);
#1046=FACE_BOUND('',#954,.T.);
#1047=FACE_BOUND('',#955,.T.);
#1048=FACE_BOUND('',#956,.T.);
#1049=FACE_BOUND('',#957,.T.);
#1050=FACE_BOUND('',#958,.T.);
#1051=FACE_BOUND('',#959,.T.);
#1052=FACE_BOUND('',#960,.T.);
#1053=FACE_BOUND('',#961,.T.);
#1054=FACE_BOUND('',#962,.T.);
#1055=FACE_BOUND('',#963,.T.);
#1056=FACE_BOUND('',#964,.T.);
#1057=FACE_BOUND('',#965,.T.);
#1058=FACE_BOUND('',#966,.T.);
#1059=FACE_BOUND('',#967,.T.);
#1060=FACE_BOUND('',#968,.T.);
#1061=FACE_BOUND('',#969,.T.);
#1062=FACE_BOUND('',#970,.T.);
#1063=FACE_BOUND('',#971,.T.);
#1064=FACE_BOUND('',#972,.T.);
#1065=FACE_BOUND('',#973,.T.);
#1066=FACE_BOUND('',#974,.T.);
#1067=FACE_BOUND('',#975,.T.);
#1068=FACE_BOUND('',#976,.T.);
#1069=FACE_BOUND('',#977,.T.);
#1070=FACE_BOUND('',#978,.T.);
#1071=FACE_BOUND('',#979,.T.);
#1072=FACE_BOUND('',#980,.T.);
#1073=FACE_BOUND('',#981,.T.);
#1074=FACE_BOUND('',#982,.T.);
#1075=FACE_BOUND('',#983,.T.);
#1076=FACE_BOUND('',#984,.T.);
#1077=FACE_BOUND('',#985,.T.);
#1078=FACE_BOUND('',#986,.T.);
#1079=FACE_BOUND('',#987,.T.);
#1080=FACE_BOUND('',#988,.T.);
#1081=FACE_BOUND('',#989,.T.);
#1082=FACE_BOUND('',#990,.T.);
#1083=FACE_BOUND('',#991,.T.);
#1084=FACE_BOUND('',#992,.T.);
#1085=FACE_BOUND('',#993,.T.);
#1086=FACE_BOUND('',#994,.T.);
#1087=FACE_BOUND('',#995,.T.);
#1088=FACE_BOUND('',#996,.T.);
#1089=FACE_BOUND('',#997,.T.);
#1090=FACE_BOUND('',#998,.T.);
#1091=FACE_BOUND('',#999,.T.);
#1092=FACE_BOUND('',#1000,.T.);
#1093=FACE_BOUND('',#1001,.T.);
#1094=FACE_BOUND('',#1002,.T.);
#1095=FACE_BOUND('',#1003,.T.);
#1096=FACE_BOUND('',#1004,.T.);
#1097=PLANE('',#1223);
#1098=PLANE('',#1228);
#1099=PLANE('',#1234);
#1100=PLANE('',#1240);
#1101=PLANE('',#1242);
#1102=PLANE('',#1247);
#1103=PLANE('',#1253);
#1104=PLANE('',#1259);
#1105=PLANE('',#1261);
#1106=PLANE('',#1266);
#1107=PLANE('',#1272);
#1108=PLANE('',#1278);
#1109=PLANE('',#1280);
#1110=PLANE('',#1285);
#1111=PLANE('',#1291);
#1112=PLANE('',#1297);
#1113=PLANE('',#1299);
#1114=PLANE('',#1304);
#1115=PLANE('',#1310);
#1116=PLANE('',#1316);
#1117=PLANE('',#1318);
#1118=PLANE('',#1323);
#1119=PLANE('',#1329);
#1120=PLANE('',#1335);
#1121=PLANE('',#1337);
#1122=PLANE('',#1342);
#1123=PLANE('',#1348);
#1124=PLANE('',#1354);
#1125=PLANE('',#1356);
#1126=PLANE('',#1361);
#1127=PLANE('',#1367);
#1128=PLANE('',#1373);
#1129=PLANE('',#1375);
#1130=PLANE('',#1381);
#1131=PLANE('',#1386);
#1132=PLANE('',#1396);
#1133=PLANE('',#1399);
#1134=PLANE('',#1403);
#1135=PLANE('',#1407);
#1136=PLANE('',#1411);
#1137=ADVANCED_FACE('',(#1005),#1097,.T.);
#1138=ADVANCED_FACE('',(#1006),#130,.T.);
#1139=ADVANCED_FACE('',(#1007),#1098,.T.);
#1140=ADVANCED_FACE('',(#1008),#131,.T.);
#1141=ADVANCED_FACE('',(#1009),#1099,.T.);
#1142=ADVANCED_FACE('',(#1010),#132,.T.);
#1143=ADVANCED_FACE('',(#1011),#1100,.T.);
#1144=ADVANCED_FACE('',(#1012),#1101,.T.);
#1145=ADVANCED_FACE('',(#1013),#133,.T.);
#1146=ADVANCED_FACE('',(#1014),#1102,.T.);
#1147=ADVANCED_FACE('',(#1015),#134,.T.);
#1148=ADVANCED_FACE('',(#1016),#1103,.T.);
#1149=ADVANCED_FACE('',(#1017),#135,.T.);
#1150=ADVANCED_FACE('',(#1018),#1104,.T.);
#1151=ADVANCED_FACE('',(#1019),#1105,.T.);
#1152=ADVANCED_FACE('',(#1020),#136,.T.);
#1153=ADVANCED_FACE('',(#1021),#1106,.T.);
#1154=ADVANCED_FACE('',(#1022),#137,.T.);
#1155=ADVANCED_FACE('',(#1023),#1107,.T.);
#1156=ADVANCED_FACE('',(#1024),#138,.T.);
#1157=ADVANCED_FACE('',(#1025),#1108,.T.);
#1158=ADVANCED_FACE('',(#1026),#1109,.T.);
#1159=ADVANCED_FACE('',(#1027),#139,.T.);
#1160=ADVANCED_FACE('',(#1028),#1110,.T.);
#1161=ADVANCED_FACE('',(#1029),#140,.T.);
#1162=ADVANCED_FACE('',(#1030),#1111,.T.);
#1163=ADVANCED_FACE('',(#1031),#141,.T.);
#1164=ADVANCED_FACE('',(#1032),#1112,.T.);
#1165=ADVANCED_FACE('',(#1033),#1113,.T.);
#1166=ADVANCED_FACE('',(#1034),#142,.T.);
#1167=ADVANCED_FACE('',(#1035),#1114,.T.);
#1168=ADVANCED_FACE('',(#1036),#143,.T.);
#1169=ADVANCED_FACE('',(#1037),#1115,.T.);
#1170=ADVANCED_FACE('',(#1038),#144,.T.);
#1171=ADVANCED_FACE('',(#1039),#1116,.T.);
#1172=ADVANCED_FACE('',(#1040),#1117,.T.);
#1173=ADVANCED_FACE('',(#1041),#145,.T.);
#1174=ADVANCED_FACE('',(#1042),#1118,.T.);
#1175=ADVANCED_FACE('',(#1043),#146,.T.);
#1176=ADVANCED_FACE('',(#1044),#1119,.T.);
#1177=ADVANCED_FACE('',(#1045),#147,.T.);
#1178=ADVANCED_FACE('',(#1046),#1120,.T.);
#1179=ADVANCED_FACE('',(#1047),#1121,.T.);
#1180=ADVANCED_FACE('',(#1048),#148,.T.);
#1181=ADVANCED_FACE('',(#1049),#1122,.T.);
#1182=ADVANCED_FACE('',(#1050),#149,.T.);
#1183=ADVANCED_FACE('',(#1051),#1123,.T.);
#1184=ADVANCED_FACE('',(#1052),#150,.T.);
#1185=ADVANCED_FACE('',(#1053),#1124,.T.);
#1186=ADVANCED_FACE('',(#1054),#1125,.T.);
#1187=ADVANCED_FACE('',(#1055),#151,.T.);
#1188=ADVANCED_FACE('',(#1056),#1126,.T.);
#1189=ADVANCED_FACE('',(#1057),#152,.T.);
#1190=ADVANCED_FACE('',(#1058),#1127,.T.);
#1191=ADVANCED_FACE('',(#1059),#153,.T.);
#1192=ADVANCED_FACE('',(#1060),#1128,.T.);
#1193=ADVANCED_FACE('',(#1061,#1062),#1129,.T.);
#1194=ADVANCED_FACE('',(#1063,#1064),#154,.T.);
#1195=ADVANCED_FACE('',(#1065,#1066),#1130,.T.);
#1196=ADVANCED_FACE('',(#1067,#1068),#155,.F.);
#1197=ADVANCED_FACE('',(#1069,#1070),#1131,.T.);
#1198=ADVANCED_FACE('',(#1071,#1072,#1073,#1074,#1075,#1076,#1077,#1078,
#1079,#1080,#1081),#156,.F.);
#1199=ADVANCED_FACE('',(#1082,#1083),#1132,.T.);
#1200=ADVANCED_FACE('',(#1084,#1085),#157,.F.);
#1201=ADVANCED_FACE('',(#1086),#1133,.T.);
#1202=ADVANCED_FACE('',(#1087),#158,.T.);
#1203=ADVANCED_FACE('',(#1088),#1134,.T.);
#1204=ADVANCED_FACE('',(#1089),#159,.T.);
#1205=ADVANCED_FACE('',(#1090),#1135,.T.);
#1206=ADVANCED_FACE('',(#1091),#160,.T.);
#1207=ADVANCED_FACE('',(#1092),#1136,.T.);
#1208=ADVANCED_FACE('',(#1093,#1094),#20,.T.);
#1209=ADVANCED_FACE('',(#1095,#1096),#21,.T.);
#1210=CLOSED_SHELL('',(#1137,#1138,#1139,#1140,#1141,#1142,#1143,#1144,
#1145,#1146,#1147,#1148,#1149,#1150,#1151,#1152,#1153,#1154,#1155,#1156,
#1157,#1158,#1159,#1160,#1161,#1162,#1163,#1164,#1165,#1166,#1167,#1168,
#1169,#1170,#1171,#1172,#1173,#1174,#1175,#1176,#1177,#1178,#1179,#1180,
#1181,#1182,#1183,#1184,#1185,#1186,#1187,#1188,#1189,#1190,#1191,#1192,
#1193,#1194,#1195,#1196,#1197,#1198,#1199,#1200,#1201,#1202,#1203,#1204,
#1205,#1206,#1207,#1208,#1209));
#1211=STYLED_ITEM('',(#1212),#1219);
#1212=PRESENTATION_STYLE_ASSIGNMENT((#1213));
#1213=SURFACE_STYLE_USAGE(.BOTH.,#1214);
#1214=SURFACE_SIDE_STYLE('',(#1215));
#1215=SURFACE_STYLE_FILL_AREA(#1216);
#1216=FILL_AREA_STYLE('',(#1217));
#1217=FILL_AREA_STYLE_COLOUR('',#1218);
#1218=COLOUR_RGB('',0.506983280181885,0.531564235687256,0.550000011920929);
#1219=MANIFOLD_SOLID_BREP('',#1210);
#1220=SHAPE_DEFINITION_REPRESENTATION(#2222,#1221);
#1221=SHAPE_REPRESENTATION(
'\X2\51B2538B591657086EE188C56EDA94888F74627F7A7F5B54578B\X0\ GBT12764
-2019',(#1222),#2217);
#1222=AXIS2_PLACEMENT_3D('',#1852,#1414,#1415);
#1223=AXIS2_PLACEMENT_3D('',#1853,#1416,#1417);
#1224=AXIS2_PLACEMENT_3D('',#1854,#1418,#1419);
#1225=AXIS2_PLACEMENT_3D('',#1857,#1420,#1421);
#1226=AXIS2_PLACEMENT_3D('',#1858,#1422,#1423);
#1227=AXIS2_PLACEMENT_3D('',#1859,#1424,#1425);
#1228=AXIS2_PLACEMENT_3D('',#1864,#1428,#1429);
#1229=AXIS2_PLACEMENT_3D('',#1865,#1430,#1431);
#1230=AXIS2_PLACEMENT_3D('',#1868,#1432,#1433);
#1231=AXIS2_PLACEMENT_3D('',#1869,#1434,#1435);
#1232=AXIS2_PLACEMENT_3D('',#1870,#1436,#1437);
#1233=AXIS2_PLACEMENT_3D('',#1871,#1438,#1439);
#1234=AXIS2_PLACEMENT_3D('',#1876,#1442,#1443);
#1235=AXIS2_PLACEMENT_3D('',#1877,#1444,#1445);
#1236=AXIS2_PLACEMENT_3D('',#1880,#1446,#1447);
#1237=AXIS2_PLACEMENT_3D('',#1881,#1448,#1449);
#1238=AXIS2_PLACEMENT_3D('',#1882,#1450,#1451);
#1239=AXIS2_PLACEMENT_3D('',#1883,#1452,#1453);
#1240=AXIS2_PLACEMENT_3D('',#1888,#1456,#1457);
#1241=AXIS2_PLACEMENT_3D('',#1889,#1458,#1459);
#1242=AXIS2_PLACEMENT_3D('',#1890,#1460,#1461);
#1243=AXIS2_PLACEMENT_3D('',#1891,#1462,#1463);
#1244=AXIS2_PLACEMENT_3D('',#1894,#1464,#1465);
#1245=AXIS2_PLACEMENT_3D('',#1895,#1466,#1467);
#1246=AXIS2_PLACEMENT_3D('',#1896,#1468,#1469);
#1247=AXIS2_PLACEMENT_3D('',#1901,#1472,#1473);
#1248=AXIS2_PLACEMENT_3D('',#1902,#1474,#1475);
#1249=AXIS2_PLACEMENT_3D('',#1905,#1476,#1477);
#1250=AXIS2_PLACEMENT_3D('',#1906,#1478,#1479);
#1251=AXIS2_PLACEMENT_3D('',#1907,#1480,#1481);
#1252=AXIS2_PLACEMENT_3D('',#1908,#1482,#1483);
#1253=AXIS2_PLACEMENT_3D('',#1913,#1486,#1487);
#1254=AXIS2_PLACEMENT_3D('',#1914,#1488,#1489);
#1255=AXIS2_PLACEMENT_3D('',#1917,#1490,#1491);
#1256=AXIS2_PLACEMENT_3D('',#1918,#1492,#1493);
#1257=AXIS2_PLACEMENT_3D('',#1919,#1494,#1495);
#1258=AXIS2_PLACEMENT_3D('',#1920,#1496,#1497);
#1259=AXIS2_PLACEMENT_3D('',#1925,#1500,#1501);
#1260=AXIS2_PLACEMENT_3D('',#1926,#1502,#1503);
#1261=AXIS2_PLACEMENT_3D('',#1927,#1504,#1505);
#1262=AXIS2_PLACEMENT_3D('',#1928,#1506,#1507);
#1263=AXIS2_PLACEMENT_3D('',#1931,#1508,#1509);
#1264=AXIS2_PLACEMENT_3D('',#1932,#1510,#1511);
#1265=AXIS2_PLACEMENT_3D('',#1933,#1512,#1513);
#1266=AXIS2_PLACEMENT_3D('',#1938,#1516,#1517);
#1267=AXIS2_PLACEMENT_3D('',#1939,#1518,#1519);
#1268=AXIS2_PLACEMENT_3D('',#1942,#1520,#1521);
#1269=AXIS2_PLACEMENT_3D('',#1943,#1522,#1523);
#1270=AXIS2_PLACEMENT_3D('',#1944,#1524,#1525);
#1271=AXIS2_PLACEMENT_3D('',#1945,#1526,#1527);
#1272=AXIS2_PLACEMENT_3D('',#1950,#1530,#1531);
#1273=AXIS2_PLACEMENT_3D('',#1951,#1532,#1533);
#1274=AXIS2_PLACEMENT_3D('',#1954,#1534,#1535);
#1275=AXIS2_PLACEMENT_3D('',#1955,#1536,#1537);
#1276=AXIS2_PLACEMENT_3D('',#1956,#1538,#1539);
#1277=AXIS2_PLACEMENT_3D('',#1957,#1540,#1541);
#1278=AXIS2_PLACEMENT_3D('',#1962,#1544,#1545);
#1279=AXIS2_PLACEMENT_3D('',#1963,#1546,#1547);
#1280=AXIS2_PLACEMENT_3D('',#1964,#1548,#1549);
#1281=AXIS2_PLACEMENT_3D('',#1965,#1550,#1551);
#1282=AXIS2_PLACEMENT_3D('',#1968,#1552,#1553);
#1283=AXIS2_PLACEMENT_3D('',#1969,#1554,#1555);
#1284=AXIS2_PLACEMENT_3D('',#1970,#1556,#1557);
#1285=AXIS2_PLACEMENT_3D('',#1975,#1560,#1561);
#1286=AXIS2_PLACEMENT_3D('',#1976,#1562,#1563);
#1287=AXIS2_PLACEMENT_3D('',#1979,#1564,#1565);
#1288=AXIS2_PLACEMENT_3D('',#1980,#1566,#1567);
#1289=AXIS2_PLACEMENT_3D('',#1981,#1568,#1569);
#1290=AXIS2_PLACEMENT_3D('',#1982,#1570,#1571);
#1291=AXIS2_PLACEMENT_3D('',#1987,#1574,#1575);
#1292=AXIS2_PLACEMENT_3D('',#1988,#1576,#1577);
#1293=AXIS2_PLACEMENT_3D('',#1991,#1578,#1579);
#1294=AXIS2_PLACEMENT_3D('',#1992,#1580,#1581);
#1295=AXIS2_PLACEMENT_3D('',#1993,#1582,#1583);
#1296=AXIS2_PLACEMENT_3D('',#1994,#1584,#1585);
#1297=AXIS2_PLACEMENT_3D('',#1999,#1588,#1589);
#1298=AXIS2_PLACEMENT_3D('',#2000,#1590,#1591);
#1299=AXIS2_PLACEMENT_3D('',#2001,#1592,#1593);
#1300=AXIS2_PLACEMENT_3D('',#2002,#1594,#1595);
#1301=AXIS2_PLACEMENT_3D('',#2005,#1596,#1597);
#1302=AXIS2_PLACEMENT_3D('',#2006,#1598,#1599);
#1303=AXIS2_PLACEMENT_3D('',#2007,#1600,#1601);
#1304=AXIS2_PLACEMENT_3D('',#2012,#1604,#1605);
#1305=AXIS2_PLACEMENT_3D('',#2013,#1606,#1607);
#1306=AXIS2_PLACEMENT_3D('',#2016,#1608,#1609);
#1307=AXIS2_PLACEMENT_3D('',#2017,#1610,#1611);
#1308=AXIS2_PLACEMENT_3D('',#2018,#1612,#1613);
#1309=AXIS2_PLACEMENT_3D('',#2019,#1614,#1615);
#1310=AXIS2_PLACEMENT_3D('',#2024,#1618,#1619);
#1311=AXIS2_PLACEMENT_3D('',#2025,#1620,#1621);
#1312=AXIS2_PLACEMENT_3D('',#2028,#1622,#1623);
#1313=AXIS2_PLACEMENT_3D('',#2029,#1624,#1625);
#1314=AXIS2_PLACEMENT_3D('',#2030,#1626,#1627);
#1315=AXIS2_PLACEMENT_3D('',#2031,#1628,#1629);
#1316=AXIS2_PLACEMENT_3D('',#2036,#1632,#1633);
#1317=AXIS2_PLACEMENT_3D('',#2037,#1634,#1635);
#1318=AXIS2_PLACEMENT_3D('',#2038,#1636,#1637);
#1319=AXIS2_PLACEMENT_3D('',#2039,#1638,#1639);
#1320=AXIS2_PLACEMENT_3D('',#2042,#1640,#1641);
#1321=AXIS2_PLACEMENT_3D('',#2043,#1642,#1643);
#1322=AXIS2_PLACEMENT_3D('',#2044,#1644,#1645);
#1323=AXIS2_PLACEMENT_3D('',#2049,#1648,#1649);
#1324=AXIS2_PLACEMENT_3D('',#2050,#1650,#1651);
#1325=AXIS2_PLACEMENT_3D('',#2053,#1652,#1653);
#1326=AXIS2_PLACEMENT_3D('',#2054,#1654,#1655);
#1327=AXIS2_PLACEMENT_3D('',#2055,#1656,#1657);
#1328=AXIS2_PLACEMENT_3D('',#2056,#1658,#1659);
#1329=AXIS2_PLACEMENT_3D('',#2061,#1662,#1663);
#1330=AXIS2_PLACEMENT_3D('',#2062,#1664,#1665);
#1331=AXIS2_PLACEMENT_3D('',#2065,#1666,#1667);
#1332=AXIS2_PLACEMENT_3D('',#2066,#1668,#1669);
#1333=AXIS2_PLACEMENT_3D('',#2067,#1670,#1671);
#1334=AXIS2_PLACEMENT_3D('',#2068,#1672,#1673);
#1335=AXIS2_PLACEMENT_3D('',#2073,#1676,#1677);
#1336=AXIS2_PLACEMENT_3D('',#2074,#1678,#1679);
#1337=AXIS2_PLACEMENT_3D('',#2075,#1680,#1681);
#1338=AXIS2_PLACEMENT_3D('',#2076,#1682,#1683);
#1339=AXIS2_PLACEMENT_3D('',#2079,#1684,#1685);
#1340=AXIS2_PLACEMENT_3D('',#2080,#1686,#1687);
#1341=AXIS2_PLACEMENT_3D('',#2081,#1688,#1689);
#1342=AXIS2_PLACEMENT_3D('',#2086,#1692,#1693);
#1343=AXIS2_PLACEMENT_3D('',#2087,#1694,#1695);
#1344=AXIS2_PLACEMENT_3D('',#2090,#1696,#1697);
#1345=AXIS2_PLACEMENT_3D('',#2091,#1698,#1699);
#1346=AXIS2_PLACEMENT_3D('',#2092,#1700,#1701);
#1347=AXIS2_PLACEMENT_3D('',#2093,#1702,#1703);
#1348=AXIS2_PLACEMENT_3D('',#2098,#1706,#1707);
#1349=AXIS2_PLACEMENT_3D('',#2099,#1708,#1709);
#1350=AXIS2_PLACEMENT_3D('',#2102,#1710,#1711);
#1351=AXIS2_PLACEMENT_3D('',#2103,#1712,#1713);
#1352=AXIS2_PLACEMENT_3D('',#2104,#1714,#1715);
#1353=AXIS2_PLACEMENT_3D('',#2105,#1716,#1717);
#1354=AXIS2_PLACEMENT_3D('',#2110,#1720,#1721);
#1355=AXIS2_PLACEMENT_3D('',#2111,#1722,#1723);
#1356=AXIS2_PLACEMENT_3D('',#2112,#1724,#1725);
#1357=AXIS2_PLACEMENT_3D('',#2113,#1726,#1727);
#1358=AXIS2_PLACEMENT_3D('',#2116,#1728,#1729);
#1359=AXIS2_PLACEMENT_3D('',#2117,#1730,#1731);
#1360=AXIS2_PLACEMENT_3D('',#2118,#1732,#1733);
#1361=AXIS2_PLACEMENT_3D('',#2123,#1736,#1737);
#1362=AXIS2_PLACEMENT_3D('',#2124,#1738,#1739);
#1363=AXIS2_PLACEMENT_3D('',#2127,#1740,#1741);
#1364=AXIS2_PLACEMENT_3D('',#2128,#1742,#1743);
#1365=AXIS2_PLACEMENT_3D('',#2129,#1744,#1745);
#1366=AXIS2_PLACEMENT_3D('',#2130,#1746,#1747);
#1367=AXIS2_PLACEMENT_3D('',#2135,#1750,#1751);
#1368=AXIS2_PLACEMENT_3D('',#2136,#1752,#1753);
#1369=AXIS2_PLACEMENT_3D('',#2139,#1754,#1755);
#1370=AXIS2_PLACEMENT_3D('',#2140,#1756,#1757);
#1371=AXIS2_PLACEMENT_3D('',#2141,#1758,#1759);
#1372=AXIS2_PLACEMENT_3D('',#2142,#1760,#1761);
#1373=AXIS2_PLACEMENT_3D('',#2147,#1764,#1765);
#1374=AXIS2_PLACEMENT_3D('',#2148,#1766,#1767);
#1375=AXIS2_PLACEMENT_3D('',#2149,#1768,#1769);
#1376=AXIS2_PLACEMENT_3D('',#2150,#1770,#1771);
#1377=AXIS2_PLACEMENT_3D('',#2152,#1772,#1773);
#1378=AXIS2_PLACEMENT_3D('',#2154,#1774,#1775);
#1379=AXIS2_PLACEMENT_3D('',#2155,#1776,#1777);
#1380=AXIS2_PLACEMENT_3D('',#2157,#1778,#1779);
#1381=AXIS2_PLACEMENT_3D('',#2159,#1780,#1781);
#1382=AXIS2_PLACEMENT_3D('',#2160,#1782,#1783);
#1383=AXIS2_PLACEMENT_3D('',#2162,#1784,#1785);
#1384=AXIS2_PLACEMENT_3D('',#2164,#1786,#1787);
#1385=AXIS2_PLACEMENT_3D('',#2165,#1788,#1789);
#1386=AXIS2_PLACEMENT_3D('',#2167,#1790,#1791);
#1387=AXIS2_PLACEMENT_3D('',#2168,#1792,#1793);
#1388=AXIS2_PLACEMENT_3D('',#2170,#1794,#1795);
#1389=AXIS2_PLACEMENT_3D('',#2171,#1796,#1797);
#1390=AXIS2_PLACEMENT_3D('',#2176,#1799,#1800);
#1391=AXIS2_PLACEMENT_3D('',#2180,#1802,#1803);
#1392=AXIS2_PLACEMENT_3D('',#2184,#1805,#1806);
#1393=AXIS2_PLACEMENT_3D('',#2188,#1808,#1809);
#1394=AXIS2_PLACEMENT_3D('',#2192,#1811,#1812);
#1395=AXIS2_PLACEMENT_3D('',#2195,#1814,#1815);
#1396=AXIS2_PLACEMENT_3D('',#2197,#1816,#1817);
#1397=AXIS2_PLACEMENT_3D('',#2198,#1818,#1819);
#1398=AXIS2_PLACEMENT_3D('',#2200,#1820,#1821);
#1399=AXIS2_PLACEMENT_3D('',#2201,#1822,#1823);
#1400=AXIS2_PLACEMENT_3D('',#2202,#1824,#1825);
#1401=AXIS2_PLACEMENT_3D('',#2203,#1826,#1827);
#1402=AXIS2_PLACEMENT_3D('',#2204,#1828,#1829);
#1403=AXIS2_PLACEMENT_3D('',#2205,#1830,#1831);
#1404=AXIS2_PLACEMENT_3D('',#2206,#1832,#1833);
#1405=AXIS2_PLACEMENT_3D('',#2207,#1834,#1835);
#1406=AXIS2_PLACEMENT_3D('',#2208,#1836,#1837);
#1407=AXIS2_PLACEMENT_3D('',#2209,#1838,#1839);
#1408=AXIS2_PLACEMENT_3D('',#2210,#1840,#1841);
#1409=AXIS2_PLACEMENT_3D('',#2211,#1842,#1843);
#1410=AXIS2_PLACEMENT_3D('',#2212,#1844,#1845);
#1411=AXIS2_PLACEMENT_3D('',#2213,#1846,#1847);
#1412=AXIS2_PLACEMENT_3D('',#2214,#1848,#1849);
#1413=AXIS2_PLACEMENT_3D('',#2215,#1850,#1851);
#1414=DIRECTION('',(0.,0.,1.));
#1415=DIRECTION('',(1.,0.,0.));
#1416=DIRECTION('',(1.,-1.16152791420486E-16,1.38423805399952E-16));
#1417=DIRECTION('',(1.80700362080917E-16,0.6427922450342,-0.766040553576567));
#1418=DIRECTION('',(1.,-1.16152791420486E-16,1.38423805399952E-16));
#1419=DIRECTION('',(1.80700362080917E-16,0.6427922450342,-0.766040553576567));
#1420=DIRECTION('',(1.,-1.16152791420486E-16,1.38423805399952E-16));
#1421=DIRECTION('',(1.80700362080917E-16,0.6427922450342,-0.766040553576567));
#1422=DIRECTION('',(1.,-1.16152791420486E-16,1.38423805399952E-16));
#1423=DIRECTION('',(1.80700362080917E-16,0.6427922450342,-0.766040553576567));
#1424=DIRECTION('',(1.,-1.16152791420486E-16,1.38423805399952E-16));
#1425=DIRECTION('',(1.80700362080917E-16,0.6427922450342,-0.766040553576567));
#1426=DIRECTION('',(1.,-1.16152791420486E-16,1.38423805399952E-16));
#1427=DIRECTION('',(1.,-1.16152791420486E-16,1.38423805399952E-16));
#1428=DIRECTION('',(1.,-1.16152791420486E-16,1.38423805399952E-16));
#1429=DIRECTION('',(1.80700362080917E-16,0.6427922450342,-0.766040553576567));
#1430=DIRECTION('',(1.,-1.16152791420486E-16,1.38423805399952E-16));
#1431=DIRECTION('',(1.80700362080917E-16,0.6427922450342,-0.766040553576567));
#1432=DIRECTION('',(1.,-1.16152791420486E-16,1.38423805399952E-16));
#1433=DIRECTION('',(1.80700362080917E-16,0.6427922450342,-0.766040553576567));
#1434=DIRECTION('',(1.,-1.16152791420486E-16,1.38423805399952E-16));
#1435=DIRECTION('',(1.80700362080917E-16,0.6427922450342,-0.766040553576567));
#1436=DIRECTION('',(1.,-1.16152791420486E-16,1.38423805399952E-16));
#1437=DIRECTION('',(1.80700362080917E-16,0.6427922450342,-0.766040553576567));
#1438=DIRECTION('',(1.,-1.16152791420486E-16,1.38423805399952E-16));
#1439=DIRECTION('',(1.80700362080917E-16,0.6427922450342,-0.766040553576567));
#1440=DIRECTION('',(1.,-1.16152791420486E-16,1.38423805399952E-16));
#1441=DIRECTION('',(1.,-1.16152791420486E-16,1.38423805399952E-16));
#1442=DIRECTION('',(-1.,1.16152791420486E-16,-1.38423805399952E-16));
#1443=DIRECTION('',(-1.80700362080917E-16,-0.6427922450342,0.766040553576567));
#1444=DIRECTION('',(1.,-1.16152791420486E-16,1.38423805399952E-16));
#1445=DIRECTION('',(1.80700362080917E-16,0.6427922450342,-0.766040553576567));
#1446=DIRECTION('',(-1.,1.16152791420486E-16,-1.38423805399952E-16));
#1447=DIRECTION('',(-1.80700362080917E-16,-0.6427922450342,0.766040553576567));
#1448=DIRECTION('',(-1.,1.16152791420486E-16,-1.38423805399952E-16));
#1449=DIRECTION('',(-1.80700362080917E-16,-0.6427922450342,0.766040553576567));
#1450=DIRECTION('',(1.,-1.16152791420486E-16,1.38423805399952E-16));
#1451=DIRECTION('',(1.80700362080917E-16,0.6427922450342,-0.766040553576567));
#1452=DIRECTION('',(1.,-1.16152791420486E-16,1.38423805399952E-16));
#1453=DIRECTION('',(1.80700362080917E-16,0.6427922450342,-0.766040553576567));
#1454=DIRECTION('',(1.,-1.16152791420486E-16,1.38423805399952E-16));
#1455=DIRECTION('',(1.,-1.16152791420486E-16,1.38423805399952E-16));
#1456=DIRECTION('',(-1.,1.16152791420486E-16,-1.38423805399952E-16));
#1457=DIRECTION('',(-1.80700362080917E-16,-0.6427922450342,0.766040553576567));
#1458=DIRECTION('',(-1.,1.16152791420486E-16,-1.38423805399952E-16));
#1459=DIRECTION('',(-1.80700362080917E-16,-0.6427922450342,0.766040553576567));
#1460=DIRECTION('',(1.,-1.77955354962836E-16,3.13769421108205E-17));
#1461=DIRECTION('',(1.80700362080917E-16,0.984809066863671,-0.173640726280172));
#1462=DIRECTION('',(1.,-1.77955354962836E-16,3.13769421108205E-17));
#1463=DIRECTION('',(1.80700362080917E-16,0.984809066863671,-0.173640726280172));
#1464=DIRECTION('',(1.,-1.77955354962836E-16,3.13769421108205E-17));
#1465=DIRECTION('',(1.80700362080917E-16,0.984809066863671,-0.173640726280172));
#1466=DIRECTION('',(1.,-1.77955354962836E-16,3.13769421108205E-17));
#1467=DIRECTION('',(1.80700362080917E-16,0.984809066863671,-0.173640726280172));
#1468=DIRECTION('',(1.,-1.77955354962836E-16,3.13769421108205E-17));
#1469=DIRECTION('',(1.80700362080917E-16,0.984809066863671,-0.173640726280172));
#1470=DIRECTION('',(1.,-1.77955354962836E-16,3.13769421108205E-17));
#1471=DIRECTION('',(1.,-1.77955354962836E-16,3.13769421108205E-17));
#1472=DIRECTION('',(1.,-1.77955354962836E-16,3.13769421108205E-17));
#1473=DIRECTION('',(1.80700362080917E-16,0.984809066863671,-0.173640726280172));
#1474=DIRECTION('',(1.,-1.77955354962836E-16,3.13769421108205E-17));
#1475=DIRECTION('',(1.80700362080917E-16,0.984809066863671,-0.173640726280172));
#1476=DIRECTION('',(1.,-1.77955354962836E-16,3.13769421108205E-17));
#1477=DIRECTION('',(1.80700362080917E-16,0.984809066863671,-0.173640726280172));
#1478=DIRECTION('',(1.,-1.77955354962836E-16,3.13769421108205E-17));
#1479=DIRECTION('',(1.80700362080917E-16,0.984809066863671,-0.173640726280172));
#1480=DIRECTION('',(1.,-1.77955354962836E-16,3.13769421108205E-17));
#1481=DIRECTION('',(1.80700362080917E-16,0.984809066863671,-0.173640726280172));
#1482=DIRECTION('',(1.,-1.77955354962836E-16,3.13769421108205E-17));
#1483=DIRECTION('',(1.80700362080917E-16,0.984809066863671,-0.173640726280172));
#1484=DIRECTION('',(1.,-1.77955354962836E-16,3.13769421108205E-17));
#1485=DIRECTION('',(1.,-1.77955354962836E-16,3.13769421108205E-17));
#1486=DIRECTION('',(-1.,1.77955354962836E-16,-3.13769421108205E-17));
#1487=DIRECTION('',(-1.80700362080917E-16,-0.984809066863671,0.173640726280172));
#1488=DIRECTION('',(1.,-1.77955354962836E-16,3.13769421108205E-17));
#1489=DIRECTION('',(1.80700362080917E-16,0.984809066863671,-0.173640726280172));
#1490=DIRECTION('',(-1.,1.77955354962836E-16,-3.13769421108205E-17));
#1491=DIRECTION('',(-1.80700362080917E-16,-0.984809066863671,0.173640726280172));
#1492=DIRECTION('',(-1.,1.77955354962836E-16,-3.13769421108205E-17));
#1493=DIRECTION('',(-1.80700362080917E-16,-0.984809066863671,0.173640726280172));
#1494=DIRECTION('',(1.,-1.77955354962836E-16,3.13769421108205E-17));
#1495=DIRECTION('',(1.80700362080917E-16,0.984809066863671,-0.173640726280172));
#1496=DIRECTION('',(1.,-1.77955354962836E-16,3.13769421108205E-17));
#1497=DIRECTION('',(1.80700362080917E-16,0.984809066863671,-0.173640726280172));
#1498=DIRECTION('',(1.,-1.77955354962836E-16,3.13769421108205E-17));
#1499=DIRECTION('',(1.,-1.77955354962836E-16,3.13769421108205E-17));
#1500=DIRECTION('',(-1.,1.77955354962836E-16,-3.13769421108205E-17));
#1501=DIRECTION('',(-1.80700362080917E-16,-0.984809066863671,0.173640726280172));
#1502=DIRECTION('',(-1.,1.77955354962836E-16,-3.13769421108205E-17));
#1503=DIRECTION('',(-1.80700362080917E-16,-0.984809066863671,0.173640726280172));
#1504=DIRECTION('',(1.,-1.56490576610244E-16,-9.0351094560985E-17));
#1505=DIRECTION('',(1.80700362080917E-16,0.866022485002922,0.500005055443807));
#1506=DIRECTION('',(1.,-1.56490576610244E-16,-9.0351094560985E-17));
#1507=DIRECTION('',(1.80700362080917E-16,0.866022485002922,0.500005055443807));
#1508=DIRECTION('',(1.,-1.56490576610244E-16,-9.0351094560985E-17));
#1509=DIRECTION('',(1.80700362080917E-16,0.866022485002922,0.500005055443807));
#1510=DIRECTION('',(1.,-1.56490576610244E-16,-9.0351094560985E-17));
#1511=DIRECTION('',(1.80700362080917E-16,0.866022485002922,0.500005055443807));
#1512=DIRECTION('',(1.,-1.56490576610244E-16,-9.0351094560985E-17));
#1513=DIRECTION('',(1.80700362080917E-16,0.866022485002922,0.500005055443807));
#1514=DIRECTION('',(1.,-1.56490576610244E-16,-9.0351094560985E-17));
#1515=DIRECTION('',(1.,-1.56490576610244E-16,-9.0351094560985E-17));
#1516=DIRECTION('',(1.,-1.56490576610244E-16,-9.0351094560985E-17));
#1517=DIRECTION('',(1.80700362080917E-16,0.866022485002922,0.500005055443807));
#1518=DIRECTION('',(1.,-1.56490576610244E-16,-9.0351094560985E-17));
#1519=DIRECTION('',(1.80700362080917E-16,0.866022485002922,0.500005055443807));
#1520=DIRECTION('',(1.,-1.56490576610244E-16,-9.0351094560985E-17));
#1521=DIRECTION('',(1.80700362080917E-16,0.866022485002922,0.500005055443807));
#1522=DIRECTION('',(1.,-1.56490576610244E-16,-9.0351094560985E-17));
#1523=DIRECTION('',(1.80700362080917E-16,0.866022485002922,0.500005055443807));
#1524=DIRECTION('',(1.,-1.56490576610244E-16,-9.0351094560985E-17));
#1525=DIRECTION('',(1.80700362080917E-16,0.866022485002922,0.500005055443807));
#1526=DIRECTION('',(1.,-1.56490576610244E-16,-9.0351094560985E-17));
#1527=DIRECTION('',(1.80700362080917E-16,0.866022485002922,0.500005055443807));
#1528=DIRECTION('',(1.,-1.56490576610244E-16,-9.0351094560985E-17));
#1529=DIRECTION('',(1.,-1.56490576610244E-16,-9.0351094560985E-17));
#1530=DIRECTION('',(-1.,1.56490576610244E-16,9.0351094560985E-17));
#1531=DIRECTION('',(-1.80700362080917E-16,-0.866022485002922,-0.500005055443807));
#1532=DIRECTION('',(1.,-1.56490576610244E-16,-9.0351094560985E-17));
#1533=DIRECTION('',(1.80700362080917E-16,0.866022485002922,0.500005055443807));
#1534=DIRECTION('',(-1.,1.56490576610244E-16,9.0351094560985E-17));
#1535=DIRECTION('',(-1.80700362080917E-16,-0.866022485002922,-0.500005055443807));
#1536=DIRECTION('',(-1.,1.56490576610244E-16,9.0351094560985E-17));
#1537=DIRECTION('',(-1.80700362080917E-16,-0.866022485002922,-0.500005055443807));
#1538=DIRECTION('',(1.,-1.56490576610244E-16,-9.0351094560985E-17));
#1539=DIRECTION('',(1.80700362080917E-16,0.866022485002922,0.500005055443807));
#1540=DIRECTION('',(1.,-1.56490576610244E-16,-9.0351094560985E-17));
#1541=DIRECTION('',(1.80700362080917E-16,0.866022485002922,0.500005055443807));
#1542=DIRECTION('',(1.,-1.56490576610244E-16,-9.0351094560985E-17));
#1543=DIRECTION('',(1.,-1.56490576610244E-16,-9.0351094560985E-17));
#1544=DIRECTION('',(-1.,1.56490576610244E-16,9.0351094560985E-17));
#1545=DIRECTION('',(-1.80700362080917E-16,-0.866022485002922,-0.500005055443807));
#1546=DIRECTION('',(-1.,1.56490576610244E-16,9.0351094560985E-17));
#1547=DIRECTION('',(-1.80700362080917E-16,-0.866022485002922,-0.500005055443807));
#1548=DIRECTION('',(1.,-6.18027967342147E-17,-1.69802930398754E-16));
#1549=DIRECTION('',(1.80700362080917E-16,0.342018112318666,0.939693360009518));
#1550=DIRECTION('',(1.,-6.18027967342147E-17,-1.69802930398754E-16));
#1551=DIRECTION('',(1.80700362080917E-16,0.342018112318666,0.939693360009518));
#1552=DIRECTION('',(1.,-6.18027967342147E-17,-1.69802930398754E-16));
#1553=DIRECTION('',(1.80700362080917E-16,0.342018112318666,0.939693360009518));
#1554=DIRECTION('',(1.,-6.18027967342147E-17,-1.69802930398754E-16));
#1555=DIRECTION('',(1.80700362080917E-16,0.342018112318666,0.939693360009518));
#1556=DIRECTION('',(1.,-6.18027967342147E-17,-1.69802930398754E-16));
#1557=DIRECTION('',(1.80700362080917E-16,0.342018112318666,0.939693360009518));
#1558=DIRECTION('',(1.,-6.18027967342147E-17,-1.69802930398754E-16));
#1559=DIRECTION('',(1.,-6.18027967342147E-17,-1.69802930398754E-16));
#1560=DIRECTION('',(1.,-6.18027967342147E-17,-1.69802930398754E-16));
#1561=DIRECTION('',(1.80700362080917E-16,0.342018112318666,0.939693360009518));
#1562=DIRECTION('',(1.,-6.18027967342147E-17,-1.69802930398754E-16));
#1563=DIRECTION('',(1.80700362080917E-16,0.342018112318666,0.939693360009518));
#1564=DIRECTION('',(1.,-6.18027967342147E-17,-1.69802930398754E-16));
#1565=DIRECTION('',(1.80700362080917E-16,0.342018112318666,0.939693360009518));
#1566=DIRECTION('',(1.,-6.18027967342147E-17,-1.69802930398754E-16));
#1567=DIRECTION('',(1.80700362080917E-16,0.342018112318666,0.939693360009518));
#1568=DIRECTION('',(1.,-6.18027967342147E-17,-1.69802930398754E-16));
#1569=DIRECTION('',(1.80700362080917E-16,0.342018112318666,0.939693360009518));
#1570=DIRECTION('',(1.,-6.18027967342147E-17,-1.69802930398754E-16));
#1571=DIRECTION('',(1.80700362080917E-16,0.342018112318666,0.939693360009518));
#1572=DIRECTION('',(1.,-6.18027967342147E-17,-1.69802930398754E-16));
#1573=DIRECTION('',(1.,-6.18027967342147E-17,-1.69802930398754E-16));
#1574=DIRECTION('',(-1.,6.18027967342147E-17,1.69802930398754E-16));
#1575=DIRECTION('',(-1.80700362080917E-16,-0.342018112318666,-0.939693360009518));
#1576=DIRECTION('',(1.,-6.18027967342147E-17,-1.69802930398754E-16));
#1577=DIRECTION('',(1.80700362080917E-16,0.342018112318666,0.939693360009518));
#1578=DIRECTION('',(-1.,6.18027967342147E-17,1.69802930398754E-16));
#1579=DIRECTION('',(-1.80700362080917E-16,-0.342018112318666,-0.939693360009518));
#1580=DIRECTION('',(-1.,6.18027967342147E-17,1.69802930398754E-16));
#1581=DIRECTION('',(-1.80700362080917E-16,-0.342018112318666,-0.939693360009518));
#1582=DIRECTION('',(1.,-6.18027967342147E-17,-1.69802930398754E-16));
#1583=DIRECTION('',(1.80700362080917E-16,0.342018112318666,0.939693360009518));
#1584=DIRECTION('',(1.,-6.18027967342147E-17,-1.69802930398754E-16));
#1585=DIRECTION('',(1.80700362080917E-16,0.342018112318666,0.939693360009518));
#1586=DIRECTION('',(1.,-6.18027967342147E-17,-1.69802930398754E-16));
#1587=DIRECTION('',(1.,-6.18027967342147E-17,-1.69802930398754E-16));
#1588=DIRECTION('',(-1.,6.18027967342147E-17,1.69802930398754E-16));
#1589=DIRECTION('',(-1.80700362080917E-16,-0.342018112318666,-0.939693360009518));
#1590=DIRECTION('',(-1.,6.18027967342147E-17,1.69802930398754E-16));
#1591=DIRECTION('',(-1.80700362080917E-16,-0.342018112318666,-0.939693360009518));
#1592=DIRECTION('',(1.,6.18027962654282E-17,-1.69802930569377E-16));
#1593=DIRECTION('',(1.80700362080917E-16,-0.34201810972439,0.93969336095375));
#1594=DIRECTION('',(1.,6.18027962654282E-17,-1.69802930569377E-16));
#1595=DIRECTION('',(1.80700362080917E-16,-0.34201810972439,0.93969336095375));
#1596=DIRECTION('',(1.,6.18027962654282E-17,-1.69802930569377E-16));
#1597=DIRECTION('',(1.80700362080917E-16,-0.34201810972439,0.93969336095375));
#1598=DIRECTION('',(1.,6.18027962654282E-17,-1.69802930569377E-16));
#1599=DIRECTION('',(1.80700362080917E-16,-0.34201810972439,0.93969336095375));
#1600=DIRECTION('',(1.,6.18027962654282E-17,-1.69802930569377E-16));
#1601=DIRECTION('',(1.80700362080917E-16,-0.34201810972439,0.93969336095375));
#1602=DIRECTION('',(1.,6.18027962654282E-17,-1.69802930569377E-16));
#1603=DIRECTION('',(1.,6.18027962654282E-17,-1.69802930569377E-16));
#1604=DIRECTION('',(1.,6.18027962654282E-17,-1.69802930569377E-16));
#1605=DIRECTION('',(1.80700362080917E-16,-0.34201810972439,0.93969336095375));
#1606=DIRECTION('',(1.,6.18027962654282E-17,-1.69802930569377E-16));
#1607=DIRECTION('',(1.80700362080917E-16,-0.34201810972439,0.93969336095375));
#1608=DIRECTION('',(1.,6.18027962654282E-17,-1.69802930569377E-16));
#1609=DIRECTION('',(1.80700362080917E-16,-0.34201810972439,0.93969336095375));
#1610=DIRECTION('',(1.,6.18027962654282E-17,-1.69802930569377E-16));
#1611=DIRECTION('',(1.80700362080917E-16,-0.34201810972439,0.93969336095375));
#1612=DIRECTION('',(1.,6.18027962654282E-17,-1.69802930569377E-16));
#1613=DIRECTION('',(1.80700362080917E-16,-0.34201810972439,0.93969336095375));
#1614=DIRECTION('',(1.,6.18027962654282E-17,-1.69802930569377E-16));
#1615=DIRECTION('',(1.80700362080917E-16,-0.34201810972439,0.93969336095375));
#1616=DIRECTION('',(1.,6.18027962654282E-17,-1.69802930569377E-16));
#1617=DIRECTION('',(1.,6.18027962654282E-17,-1.69802930569377E-16));
#1618=DIRECTION('',(-1.,-6.18027962654282E-17,1.69802930569377E-16));
#1619=DIRECTION('',(-1.80700362080917E-16,0.34201810972439,-0.93969336095375));
#1620=DIRECTION('',(1.,6.18027962654282E-17,-1.69802930569377E-16));
#1621=DIRECTION('',(1.80700362080917E-16,-0.34201810972439,0.93969336095375));
#1622=DIRECTION('',(-1.,-6.18027962654282E-17,1.69802930569377E-16));
#1623=DIRECTION('',(-1.80700362080917E-16,0.34201810972439,-0.93969336095375));
#1624=DIRECTION('',(-1.,-6.18027962654282E-17,1.69802930569377E-16));
#1625=DIRECTION('',(-1.80700362080917E-16,0.34201810972439,-0.93969336095375));
#1626=DIRECTION('',(1.,6.18027962654282E-17,-1.69802930569377E-16));
#1627=DIRECTION('',(1.80700362080917E-16,-0.34201810972439,0.93969336095375));
#1628=DIRECTION('',(1.,6.18027962654282E-17,-1.69802930569377E-16));
#1629=DIRECTION('',(1.80700362080917E-16,-0.34201810972439,0.93969336095375));
#1630=DIRECTION('',(1.,6.18027962654282E-17,-1.69802930569377E-16));
#1631=DIRECTION('',(1.,6.18027962654282E-17,-1.69802930569377E-16));
#1632=DIRECTION('',(-1.,-6.18027962654282E-17,1.69802930569377E-16));
#1633=DIRECTION('',(-1.80700362080917E-16,0.34201810972439,-0.93969336095375));
#1634=DIRECTION('',(-1.,-6.18027962654282E-17,1.69802930569377E-16));
#1635=DIRECTION('',(-1.80700362080917E-16,0.34201810972439,-0.93969336095375));
#1636=DIRECTION('',(1.,1.56490576360806E-16,-9.0351094993019E-17));
#1637=DIRECTION('',(1.80700362080917E-16,-0.866022483622524,0.500005057834693));
#1638=DIRECTION('',(1.,1.56490576360806E-16,-9.0351094993019E-17));
#1639=DIRECTION('',(1.80700362080917E-16,-0.866022483622524,0.500005057834693));
#1640=DIRECTION('',(1.,1.56490576360806E-16,-9.0351094993019E-17));
#1641=DIRECTION('',(1.80700362080917E-16,-0.866022483622524,0.500005057834693));
#1642=DIRECTION('',(1.,1.56490576360806E-16,-9.0351094993019E-17));
#1643=DIRECTION('',(1.80700362080917E-16,-0.866022483622524,0.500005057834693));
#1644=DIRECTION('',(1.,1.56490576360806E-16,-9.0351094993019E-17));
#1645=DIRECTION('',(1.80700362080917E-16,-0.866022483622524,0.500005057834693));
#1646=DIRECTION('',(1.,1.56490576360806E-16,-9.0351094993019E-17));
#1647=DIRECTION('',(1.,1.56490576360806E-16,-9.0351094993019E-17));
#1648=DIRECTION('',(1.,1.56490576360806E-16,-9.0351094993019E-17));
#1649=DIRECTION('',(1.80700362080917E-16,-0.866022483622524,0.500005057834693));
#1650=DIRECTION('',(1.,1.56490576360806E-16,-9.0351094993019E-17));
#1651=DIRECTION('',(1.80700362080917E-16,-0.866022483622524,0.500005057834693));
#1652=DIRECTION('',(1.,1.56490576360806E-16,-9.0351094993019E-17));
#1653=DIRECTION('',(1.80700362080917E-16,-0.866022483622524,0.500005057834693));
#1654=DIRECTION('',(1.,1.56490576360806E-16,-9.0351094993019E-17));
#1655=DIRECTION('',(1.80700362080917E-16,-0.866022483622524,0.500005057834693));
#1656=DIRECTION('',(1.,1.56490576360806E-16,-9.0351094993019E-17));
#1657=DIRECTION('',(1.80700362080917E-16,-0.866022483622524,0.500005057834693));
#1658=DIRECTION('',(1.,1.56490576360806E-16,-9.0351094993019E-17));
#1659=DIRECTION('',(1.80700362080917E-16,-0.866022483622524,0.500005057834693));
#1660=DIRECTION('',(1.,1.56490576360806E-16,-9.0351094993019E-17));
#1661=DIRECTION('',(1.,1.56490576360806E-16,-9.0351094993019E-17));
#1662=DIRECTION('',(-1.,-1.56490576360806E-16,9.0351094993019E-17));
#1663=DIRECTION('',(-1.80700362080917E-16,0.866022483622524,-0.500005057834693));
#1664=DIRECTION('',(1.,1.56490576360806E-16,-9.0351094993019E-17));
#1665=DIRECTION('',(1.80700362080917E-16,-0.866022483622524,0.500005057834693));
#1666=DIRECTION('',(-1.,-1.56490576360806E-16,9.0351094993019E-17));
#1667=DIRECTION('',(-1.80700362080917E-16,0.866022483622524,-0.500005057834693));
#1668=DIRECTION('',(-1.,-1.56490576360806E-16,9.0351094993019E-17));
#1669=DIRECTION('',(-1.80700362080917E-16,0.866022483622524,-0.500005057834693));
#1670=DIRECTION('',(1.,1.56490576360806E-16,-9.0351094993019E-17));
#1671=DIRECTION('',(1.80700362080917E-16,-0.866022483622524,0.500005057834693));
#1672=DIRECTION('',(1.,1.56490576360806E-16,-9.0351094993019E-17));
#1673=DIRECTION('',(1.80700362080917E-16,-0.866022483622524,0.500005057834693));
#1674=DIRECTION('',(1.,1.56490576360806E-16,-9.0351094993019E-17));
#1675=DIRECTION('',(1.,1.56490576360806E-16,-9.0351094993019E-17));
#1676=DIRECTION('',(-1.,-1.56490576360806E-16,9.0351094993019E-17));
#1677=DIRECTION('',(-1.80700362080917E-16,0.866022483622524,-0.500005057834693));
#1678=DIRECTION('',(-1.,-1.56490576360806E-16,9.0351094993019E-17));
#1679=DIRECTION('',(-1.80700362080917E-16,0.866022483622524,-0.500005057834693));
#1680=DIRECTION('',(1.,1.7795535504946E-16,3.13769416195263E-17));
#1681=DIRECTION('',(1.80700362080917E-16,-0.984809067343054,-0.173640723561338));
#1682=DIRECTION('',(1.,1.7795535504946E-16,3.13769416195263E-17));
#1683=DIRECTION('',(1.80700362080917E-16,-0.984809067343054,-0.173640723561338));
#1684=DIRECTION('',(1.,1.7795535504946E-16,3.13769416195263E-17));
#1685=DIRECTION('',(1.80700362080917E-16,-0.984809067343054,-0.173640723561338));
#1686=DIRECTION('',(1.,1.7795535504946E-16,3.13769416195263E-17));
#1687=DIRECTION('',(1.80700362080917E-16,-0.984809067343054,-0.173640723561338));
#1688=DIRECTION('',(1.,1.7795535504946E-16,3.13769416195263E-17));
#1689=DIRECTION('',(1.80700362080917E-16,-0.984809067343054,-0.173640723561338));
#1690=DIRECTION('',(1.,1.7795535504946E-16,3.13769416195263E-17));
#1691=DIRECTION('',(1.,1.7795535504946E-16,3.13769416195263E-17));
#1692=DIRECTION('',(1.,1.7795535504946E-16,3.13769416195263E-17));
#1693=DIRECTION('',(1.80700362080917E-16,-0.984809067343054,-0.173640723561338));
#1694=DIRECTION('',(1.,1.7795535504946E-16,3.13769416195263E-17));
#1695=DIRECTION('',(1.80700362080917E-16,-0.984809067343054,-0.173640723561338));
#1696=DIRECTION('',(1.,1.7795535504946E-16,3.13769416195263E-17));
#1697=DIRECTION('',(1.80700362080917E-16,-0.984809067343054,-0.173640723561338));
#1698=DIRECTION('',(1.,1.7795535504946E-16,3.13769416195263E-17));
#1699=DIRECTION('',(1.80700362080917E-16,-0.984809067343054,-0.173640723561338));
#1700=DIRECTION('',(1.,1.7795535504946E-16,3.13769416195263E-17));
#1701=DIRECTION('',(1.80700362080917E-16,-0.984809067343054,-0.173640723561338));
#1702=DIRECTION('',(1.,1.7795535504946E-16,3.13769416195263E-17));
#1703=DIRECTION('',(1.80700362080917E-16,-0.984809067343054,-0.173640723561338));
#1704=DIRECTION('',(1.,1.7795535504946E-16,3.13769416195263E-17));
#1705=DIRECTION('',(1.,1.7795535504946E-16,3.13769416195263E-17));
#1706=DIRECTION('',(-1.,-1.7795535504946E-16,-3.13769416195263E-17));
#1707=DIRECTION('',(-1.80700362080917E-16,0.984809067343054,0.173640723561338));
#1708=DIRECTION('',(1.,1.7795535504946E-16,3.13769416195263E-17));
#1709=DIRECTION('',(1.80700362080917E-16,-0.984809067343054,-0.173640723561338));
#1710=DIRECTION('',(-1.,-1.7795535504946E-16,-3.13769416195263E-17));
#1711=DIRECTION('',(-1.80700362080917E-16,0.984809067343054,0.173640723561338));
#1712=DIRECTION('',(-1.,-1.7795535504946E-16,-3.13769416195263E-17));
#1713=DIRECTION('',(-1.80700362080917E-16,0.984809067343054,0.173640723561338));
#1714=DIRECTION('',(1.,1.7795535504946E-16,3.13769416195263E-17));
#1715=DIRECTION('',(1.80700362080917E-16,-0.984809067343054,-0.173640723561338));
#1716=DIRECTION('',(1.,1.7795535504946E-16,3.13769416195263E-17));
#1717=DIRECTION('',(1.80700362080917E-16,-0.984809067343054,-0.173640723561338));
#1718=DIRECTION('',(1.,1.7795535504946E-16,3.13769416195263E-17));
#1719=DIRECTION('',(1.,1.7795535504946E-16,3.13769416195263E-17));
#1720=DIRECTION('',(-1.,-1.7795535504946E-16,-3.13769416195263E-17));
#1721=DIRECTION('',(-1.80700362080917E-16,0.984809067343054,0.173640723561338));
#1722=DIRECTION('',(-1.,-1.7795535504946E-16,-3.13769416195263E-17));
#1723=DIRECTION('',(-1.80700362080917E-16,0.984809067343054,0.173640723561338));
#1724=DIRECTION('',(1.,1.1615279180264E-16,1.38423805079282E-16));
#1725=DIRECTION('',(1.80700362080917E-16,-0.642792247149052,-0.766040551801973));
#1726=DIRECTION('',(1.,1.1615279180264E-16,1.38423805079282E-16));
#1727=DIRECTION('',(1.80700362080917E-16,-0.642792247149052,-0.766040551801973));
#1728=DIRECTION('',(1.,1.1615279180264E-16,1.38423805079282E-16));
#1729=DIRECTION('',(1.80700362080917E-16,-0.642792247149052,-0.766040551801973));
#1730=DIRECTION('',(1.,1.1615279180264E-16,1.38423805079282E-16));
#1731=DIRECTION('',(1.80700362080917E-16,-0.642792247149052,-0.766040551801973));
#1732=DIRECTION('',(1.,1.1615279180264E-16,1.38423805079282E-16));
#1733=DIRECTION('',(1.80700362080917E-16,-0.642792247149052,-0.766040551801973));
#1734=DIRECTION('',(1.,1.1615279180264E-16,1.38423805079282E-16));
#1735=DIRECTION('',(1.,1.1615279180264E-16,1.38423805079282E-16));
#1736=DIRECTION('',(1.,1.1615279180264E-16,1.38423805079282E-16));
#1737=DIRECTION('',(1.80700362080917E-16,-0.642792247149052,-0.766040551801973));
#1738=DIRECTION('',(1.,1.1615279180264E-16,1.38423805079282E-16));
#1739=DIRECTION('',(1.80700362080917E-16,-0.642792247149052,-0.766040551801973));
#1740=DIRECTION('',(1.,1.1615279180264E-16,1.38423805079282E-16));
#1741=DIRECTION('',(1.80700362080917E-16,-0.642792247149052,-0.766040551801973));
#1742=DIRECTION('',(1.,1.1615279180264E-16,1.38423805079282E-16));
#1743=DIRECTION('',(1.80700362080917E-16,-0.642792247149052,-0.766040551801973));
#1744=DIRECTION('',(1.,1.1615279180264E-16,1.38423805079282E-16));
#1745=DIRECTION('',(1.80700362080917E-16,-0.642792247149052,-0.766040551801973));
#1746=DIRECTION('',(1.,1.1615279180264E-16,1.38423805079282E-16));
#1747=DIRECTION('',(1.80700362080917E-16,-0.642792247149052,-0.766040551801973));
#1748=DIRECTION('',(1.,1.1615279180264E-16,1.38423805079282E-16));
#1749=DIRECTION('',(1.,1.1615279180264E-16,1.38423805079282E-16));
#1750=DIRECTION('',(-1.,-1.1615279180264E-16,-1.38423805079282E-16));
#1751=DIRECTION('',(-1.80700362080917E-16,0.642792247149052,0.766040551801973));
#1752=DIRECTION('',(1.,1.1615279180264E-16,1.38423805079282E-16));
#1753=DIRECTION('',(1.80700362080917E-16,-0.642792247149052,-0.766040551801973));
#1754=DIRECTION('',(-1.,-1.1615279180264E-16,-1.38423805079282E-16));
#1755=DIRECTION('',(-1.80700362080917E-16,0.642792247149052,0.766040551801973));
#1756=DIRECTION('',(-1.,-1.1615279180264E-16,-1.38423805079282E-16));
#1757=DIRECTION('',(-1.80700362080917E-16,0.642792247149052,0.766040551801973));
#1758=DIRECTION('',(1.,1.1615279180264E-16,1.38423805079282E-16));
#1759=DIRECTION('',(1.80700362080917E-16,-0.642792247149052,-0.766040551801973));
#1760=DIRECTION('',(1.,1.1615279180264E-16,1.38423805079282E-16));
#1761=DIRECTION('',(1.80700362080917E-16,-0.642792247149052,-0.766040551801973));
#1762=DIRECTION('',(1.,1.1615279180264E-16,1.38423805079282E-16));
#1763=DIRECTION('',(1.,1.1615279180264E-16,1.38423805079282E-16));
#1764=DIRECTION('',(-1.,-1.1615279180264E-16,-1.38423805079282E-16));
#1765=DIRECTION('',(-1.80700362080917E-16,0.642792247149052,0.766040551801973));
#1766=DIRECTION('',(-1.,-1.1615279180264E-16,-1.38423805079282E-16));
#1767=DIRECTION('',(-1.80700362080917E-16,0.642792247149052,0.766040551801973));
#1768=DIRECTION('',(-1.,0.,0.));
#1769=DIRECTION('',(0.,0.,1.));
#1770=DIRECTION('',(-1.,0.,0.));
#1771=DIRECTION('',(0.,0.,1.));
#1772=DIRECTION('',(-1.,0.,0.));
#1773=DIRECTION('',(0.,0.,1.));
#1774=DIRECTION('',(-1.,0.,0.));
#1775=DIRECTION('',(0.,0.,1.));
#1776=DIRECTION('',(-1.,0.,0.));
#1777=DIRECTION('',(0.,0.,1.));
#1778=DIRECTION('',(1.,0.,0.));
#1779=DIRECTION('',(0.,0.,-1.));
#1780=DIRECTION('',(1.,0.,0.));
#1781=DIRECTION('',(0.,0.,-1.));
#1782=DIRECTION('',(1.,0.,0.));
#1783=DIRECTION('',(0.,0.,-1.));
#1784=DIRECTION('',(-1.,0.,0.));
#1785=DIRECTION('',(0.,0.,1.));
#1786=DIRECTION('',(-1.,0.,0.));
#1787=DIRECTION('',(0.,0.,1.));
#1788=DIRECTION('',(-1.,0.,0.));
#1789=DIRECTION('',(0.,0.,1.));
#1790=DIRECTION('',(-1.,0.,0.));
#1791=DIRECTION('',(0.,0.,1.));
#1792=DIRECTION('',(-1.,0.,0.));
#1793=DIRECTION('',(0.,0.,1.));
#1794=DIRECTION('',(-1.,0.,0.));
#1795=DIRECTION('',(0.,0.,1.));
#1796=DIRECTION('',(1.,0.,1.80700362080917E-16));
#1797=DIRECTION('',(1.80700362080917E-16,0.,-1.));
#1798=DIRECTION('',(1.,0.,1.80700362080917E-16));
#1799=DIRECTION('',(1.,0.,1.80700362080917E-16));
#1800=DIRECTION('',(1.80700362080917E-16,0.,-1.));
#1801=DIRECTION('',(1.,0.,1.80700362080917E-16));
#1802=DIRECTION('',(-1.,0.,-1.80700362080917E-16));
#1803=DIRECTION('',(-1.80700362080917E-16,0.,1.));
#1804=DIRECTION('',(1.,0.,1.80700362080917E-16));
#1805=DIRECTION('',(-1.,0.,-1.80700362080917E-16));
#1806=DIRECTION('',(-1.80700362080917E-16,0.,1.));
#1807=DIRECTION('',(1.,0.,1.80700362080917E-16));
#1808=DIRECTION('',(-1.,0.,-1.80700362080917E-16));
#1809=DIRECTION('',(-1.80700362080917E-16,0.,1.));
#1810=DIRECTION('',(1.,0.,1.80700362080917E-16));
#1811=DIRECTION('',(1.,0.,1.80700362080917E-16));
#1812=DIRECTION('',(1.80700362080917E-16,0.,-1.));
#1813=DIRECTION('',(1.,0.,1.80700362080917E-16));
#1814=DIRECTION('',(-1.,0.,0.));
#1815=DIRECTION('',(0.,0.,1.));
#1816=DIRECTION('',(1.,0.,0.));
#1817=DIRECTION('',(0.,0.,-1.));
#1818=DIRECTION('',(-1.,0.,0.));
#1819=DIRECTION('',(0.,0.,1.));
#1820=DIRECTION('',(-1.,0.,0.));
#1821=DIRECTION('',(0.,0.,1.));
#1822=DIRECTION('',(1.,0.,1.80700362080917E-16));
#1823=DIRECTION('',(1.80700362080917E-16,0.,-1.));
#1824=DIRECTION('',(1.,0.,1.80700362080917E-16));
#1825=DIRECTION('',(1.80700362080917E-16,0.,-1.));
#1826=DIRECTION('',(1.,0.,1.80700362080917E-16));
#1827=DIRECTION('',(1.80700362080917E-16,0.,-1.));
#1828=DIRECTION('',(1.,0.,1.80700362080917E-16));
#1829=DIRECTION('',(1.80700362080917E-16,0.,-1.));
#1830=DIRECTION('',(1.,0.,1.80700362080917E-16));
#1831=DIRECTION('',(1.80700362080917E-16,0.,-1.));
#1832=DIRECTION('',(1.,0.,1.80700362080917E-16));
#1833=DIRECTION('',(1.80700362080917E-16,0.,-1.));
#1834=DIRECTION('',(1.,0.,1.80700362080917E-16));
#1835=DIRECTION('',(1.80700362080917E-16,0.,-1.));
#1836=DIRECTION('',(1.,0.,1.80700362080917E-16));
#1837=DIRECTION('',(1.80700362080917E-16,0.,-1.));
#1838=DIRECTION('',(-1.,0.,-1.80700362080917E-16));
#1839=DIRECTION('',(-1.80700362080917E-16,0.,1.));
#1840=DIRECTION('',(1.,0.,1.80700362080917E-16));
#1841=DIRECTION('',(1.80700362080917E-16,0.,-1.));
#1842=DIRECTION('',(1.,0.,1.80700362080917E-16));
#1843=DIRECTION('',(1.80700362080917E-16,0.,-1.));
#1844=DIRECTION('',(1.,0.,1.80700362080917E-16));
#1845=DIRECTION('',(1.80700362080917E-16,0.,-1.));
#1846=DIRECTION('',(-1.,0.,-1.80700362080917E-16));
#1847=DIRECTION('',(-1.80700362080917E-16,0.,1.));
#1848=DIRECTION('',(1.,0.,0.));
#1849=DIRECTION('',(0.,0.,-1.));
#1850=DIRECTION('',(-1.,0.,0.));
#1851=DIRECTION('',(0.,0.,1.));
#1852=CARTESIAN_POINT('',(0.,0.,0.));
#1853=CARTESIAN_POINT('',(4.8,-3.66389481570784,4.3664485389639));
#1854=CARTESIAN_POINT('',(4.8,-3.66389481570784,4.3664485389639));
#1855=CARTESIAN_POINT('',(4.8,-4.10258340511147,3.95711698444232));
#1856=CARTESIAN_POINT('',(4.8,-3.18460882135469,4.72739858483854));
#1857=CARTESIAN_POINT('',(4.8,2.09809870894018E-5,1.73835774767983E-5));
#1858=CARTESIAN_POINT('',(-4.8,-3.66389481570784,4.3664485389639));
#1859=CARTESIAN_POINT('',(4.2,-3.66389481570784,4.3664485389639));
#1860=CARTESIAN_POINT('',(4.2,-4.10258340511147,3.95711698444232));
#1861=CARTESIAN_POINT('',(4.2,-3.18460882135469,4.72739858483854));
#1862=CARTESIAN_POINT('',(4.5,-3.18460882135469,4.72739858483854));
#1863=CARTESIAN_POINT('',(4.5,-4.10258340511147,3.95711698444232));
#1864=CARTESIAN_POINT('',(4.2,-3.27821946868732,3.90682420681796));
#1865=CARTESIAN_POINT('',(4.2,-3.66389481570784,4.3664485389639));
#1866=CARTESIAN_POINT('',(4.2,-4.49684169356107,3.50262014242061));
#1867=CARTESIAN_POINT('',(4.2,-2.66855831805651,5.03675090091943));
#1868=CARTESIAN_POINT('',(4.2,2.09809870894018E-5,1.73835774767983E-5));
#1869=CARTESIAN_POINT('',(4.2,2.09809870894018E-5,1.73835774767983E-5));
#1870=CARTESIAN_POINT('',(-4.8,-3.66389481570784,4.3664485389639));
#1871=CARTESIAN_POINT('',(-4.2,-3.66389481570784,4.3664485389639));
#1872=CARTESIAN_POINT('',(-4.2,-4.49684169356107,3.5026201424206));
#1873=CARTESIAN_POINT('',(-4.2,-2.66855831805651,5.03675090091943));
#1874=CARTESIAN_POINT('',(2.28253088944315E-17,-2.66855831805651,5.03675090091943));
#1875=CARTESIAN_POINT('',(2.28253088944315E-17,-4.49684169356107,3.5026201424206));
#1876=CARTESIAN_POINT('',(-4.2,-3.27821946868732,3.90682420681796));
#1877=CARTESIAN_POINT('',(-4.2,-3.66389481570784,4.3664485389639));
#1878=CARTESIAN_POINT('',(-4.2,-4.10258340511147,3.95711698444233));
#1879=CARTESIAN_POINT('',(-4.2,-3.18460882135469,4.72739858483854));
#1880=CARTESIAN_POINT('',(-4.2,2.09809870894018E-5,1.73835774767983E-5));
#1881=CARTESIAN_POINT('',(-4.2,2.09809870894018E-5,1.73835774767983E-5));
#1882=CARTESIAN_POINT('',(-4.8,-3.66389481570784,4.3664485389639));
#1883=CARTESIAN_POINT('',(-4.8,-3.66389481570784,4.3664485389639));
#1884=CARTESIAN_POINT('',(-4.8,-4.10258340511147,3.95711698444233));
#1885=CARTESIAN_POINT('',(-4.8,-3.18460882135469,4.72739858483854));
#1886=CARTESIAN_POINT('',(-4.5,-3.18460882135469,4.72739858483854));
#1887=CARTESIAN_POINT('',(-4.5,-4.10258340511147,3.95711698444233));
#1888=CARTESIAN_POINT('',(-4.8,-3.66389481570784,4.3664485389639));
#1889=CARTESIAN_POINT('',(-4.8,2.09809870894018E-5,1.73835774767983E-5));
#1890=CARTESIAN_POINT('',(4.8,-5.61340525278831,0.989785601949361));
#1891=CARTESIAN_POINT('',(4.8,-5.61340525278831,0.989785601949362));
#1892=CARTESIAN_POINT('',(4.8,-5.68634605502421,0.394235738907499));
#1893=CARTESIAN_POINT('',(4.8,-5.47826598317155,1.57436868227879));
#1894=CARTESIAN_POINT('',(4.8,6.42833460420822E-6,3.34621523831805E-5));
#1895=CARTESIAN_POINT('',(-4.8,-5.61340525278831,0.989785601949361));
#1896=CARTESIAN_POINT('',(4.2,-5.61340525278831,0.989785601949362));
#1897=CARTESIAN_POINT('',(4.2,-5.68634605502421,0.394235738907498));
#1898=CARTESIAN_POINT('',(4.2,-5.47826598317155,1.57436868227879));
#1899=CARTESIAN_POINT('',(4.5,-5.47826598317155,1.57436868227879));
#1900=CARTESIAN_POINT('',(4.5,-5.68634605502421,0.394235738907499));
#1901=CARTESIAN_POINT('',(4.2,-5.02251981267011,0.885601166181259));
#1902=CARTESIAN_POINT('',(4.2,-5.61340525278831,0.989785601949362));
#1903=CARTESIAN_POINT('',(4.2,-5.69621957576377,-0.207353399132014));
#1904=CARTESIAN_POINT('',(4.2,-5.2817970602894,2.14305747218101));
#1905=CARTESIAN_POINT('',(4.2,6.42833460420822E-6,3.34621523831805E-5));
#1906=CARTESIAN_POINT('',(4.2,6.42833460420822E-6,3.34621523831805E-5));
#1907=CARTESIAN_POINT('',(-4.8,-5.61340525278831,0.989785601949361));
#1908=CARTESIAN_POINT('',(-4.2,-5.61340525278831,0.989785601949361));
#1909=CARTESIAN_POINT('',(-4.2,-5.69621957576377,-0.207353399132015));
#1910=CARTESIAN_POINT('',(-4.2,-5.2817970602894,2.14305747218101));
#1911=CARTESIAN_POINT('',(2.28253088944315E-17,-5.2817970602894,2.14305747218101));
#1912=CARTESIAN_POINT('',(2.28253088944315E-17,-5.69621957576377,-0.207353399132014));
#1913=CARTESIAN_POINT('',(-4.2,-5.02251981267011,0.885601166181259));
#1914=CARTESIAN_POINT('',(-4.2,-5.61340525278831,0.989785601949361));
#1915=CARTESIAN_POINT('',(-4.2,-5.68634605502421,0.3942357389075));
#1916=CARTESIAN_POINT('',(-4.2,-5.47826598317155,1.57436868227879));
#1917=CARTESIAN_POINT('',(-4.2,6.42833460420822E-6,3.34621523831805E-5));
#1918=CARTESIAN_POINT('',(-4.2,6.42833460420822E-6,3.34621523831805E-5));
#1919=CARTESIAN_POINT('',(-4.8,-5.61340525278831,0.989785601949361));
#1920=CARTESIAN_POINT('',(-4.8,-5.61340525278831,0.989785601949361));
#1921=CARTESIAN_POINT('',(-4.8,-5.68634605502421,0.3942357389075));
#1922=CARTESIAN_POINT('',(-4.8,-5.47826598317155,1.57436868227879));
#1923=CARTESIAN_POINT('',(-4.5,-5.47826598317155,1.57436868227879));
#1924=CARTESIAN_POINT('',(-4.5,-5.68634605502421,0.3942357389075));
#1925=CARTESIAN_POINT('',(-4.8,-5.61340525278831,0.989785601949362));
#1926=CARTESIAN_POINT('',(-4.8,6.42833460420822E-6,3.34621523831805E-5));
#1927=CARTESIAN_POINT('',(4.8,-4.93634056423973,-2.85000561924453));
#1928=CARTESIAN_POINT('',(4.8,-4.93634056423973,-2.85000561924453));
#1929=CARTESIAN_POINT('',(4.8,-4.60940525731941,-3.35310929155166));
#1930=CARTESIAN_POINT('',(4.8,-5.2085797142125,-2.3153226802778));
#1931=CARTESIAN_POINT('',(4.8,-1.23997230859832E-5,2.31967851611198E-5));
#1932=CARTESIAN_POINT('',(-4.8,-4.93634056423973,-2.85000561924453));
#1933=CARTESIAN_POINT('',(4.2,-4.93634056423973,-2.85000561924453));
#1934=CARTESIAN_POINT('',(4.2,-4.60940525731941,-3.35310929155166));
#1935=CARTESIAN_POINT('',(4.2,-5.2085797142125,-2.3153226802778));
#1936=CARTESIAN_POINT('',(4.5,-5.2085797142125,-2.3153226802778));
#1937=CARTESIAN_POINT('',(4.5,-4.60940525731941,-3.35310929155166));
#1938=CARTESIAN_POINT('',(4.2,-4.41672707323798,-2.55000258597825));
#1939=CARTESIAN_POINT('',(4.2,-4.93634056423973,-2.85000561924453));
#1940=CARTESIAN_POINT('',(4.2,-4.23027557664082,-3.8203005400222));
#1941=CARTESIAN_POINT('',(4.2,-5.42362092404843,-1.75339363182843));
#1942=CARTESIAN_POINT('',(4.2,-1.23997230859832E-5,2.31967851611198E-5));
#1943=CARTESIAN_POINT('',(4.2,-1.23997230859832E-5,2.31967851611198E-5));
#1944=CARTESIAN_POINT('',(-4.8,-4.93634056423973,-2.85000561924453));
#1945=CARTESIAN_POINT('',(-4.2,-4.93634056423973,-2.85000561924453));
#1946=CARTESIAN_POINT('',(-4.2,-4.23027557664082,-3.8203005400222));
#1947=CARTESIAN_POINT('',(-4.2,-5.42362092404843,-1.75339363182843));
#1948=CARTESIAN_POINT('',(8.90187046882835E-16,-5.42362092404843,-1.75339363182843));
#1949=CARTESIAN_POINT('',(8.90187046882835E-16,-4.23027557664082,-3.8203005400222));
#1950=CARTESIAN_POINT('',(-4.2,-4.41672707323798,-2.55000258597825));
#1951=CARTESIAN_POINT('',(-4.2,-4.93634056423973,-2.85000561924453));
#1952=CARTESIAN_POINT('',(-4.2,-4.60940525731941,-3.35310929155166));
#1953=CARTESIAN_POINT('',(-4.2,-5.2085797142125,-2.3153226802778));
#1954=CARTESIAN_POINT('',(-4.2,-1.23997230859832E-5,2.31967851611198E-5));
#1955=CARTESIAN_POINT('',(-4.2,-1.23997230859832E-5,2.31967851611198E-5));
#1956=CARTESIAN_POINT('',(-4.8,-4.93634056423973,-2.85000561924453));
#1957=CARTESIAN_POINT('',(-4.8,-4.93634056423973,-2.85000561924453));
#1958=CARTESIAN_POINT('',(-4.8,-4.60940525731941,-3.35310929155166));
#1959=CARTESIAN_POINT('',(-4.8,-5.2085797142125,-2.3153226802778));
#1960=CARTESIAN_POINT('',(-4.5,-5.2085797142125,-2.3153226802778));
#1961=CARTESIAN_POINT('',(-4.5,-4.60940525731941,-3.35310929155166));
#1962=CARTESIAN_POINT('',(-4.8,-4.93634056423973,-2.85000561924453));
#1963=CARTESIAN_POINT('',(-4.8,-1.23997230859832E-5,2.31967851611198E-5));
#1964=CARTESIAN_POINT('',(4.8,-1.94950324021639,-5.35625215205424));
#1965=CARTESIAN_POINT('',(4.8,-1.94950324021639,-5.35625215205424));
#1966=CARTESIAN_POINT('',(4.8,-1.37566810239791,-5.53150406960393));
#1967=CARTESIAN_POINT('',(4.8,-2.50173723409896,-5.12165118018816));
#1968=CARTESIAN_POINT('',(4.8,0.,0.));
#1969=CARTESIAN_POINT('',(-4.8,-1.94950324021639,-5.35625215205424));
#1970=CARTESIAN_POINT('',(4.2,-1.94950324021639,-5.35625215205424));
#1971=CARTESIAN_POINT('',(4.2,-1.37566810239791,-5.53150406960393));
#1972=CARTESIAN_POINT('',(4.2,-2.50173723409896,-5.12165118018816));
#1973=CARTESIAN_POINT('',(4.5,-2.50173723409896,-5.12165118018816));
#1974=CARTESIAN_POINT('',(4.5,-1.37566810239791,-5.53150406960393));
#1975=CARTESIAN_POINT('',(4.2,-1.74429237282519,-4.79243613604853));
#1976=CARTESIAN_POINT('',(4.2,-1.94950324021639,-5.35625215205424));
#1977=CARTESIAN_POINT('',(4.2,-0.784933591206737,-5.64569563981226));
#1978=CARTESIAN_POINT('',(4.2,-3.02766831348238,-4.82941244703066));
#1979=CARTESIAN_POINT('',(4.2,0.,0.));
#1980=CARTESIAN_POINT('',(4.2,0.,0.));
#1981=CARTESIAN_POINT('',(-4.8,-1.94950324021639,-5.35625215205424));
#1982=CARTESIAN_POINT('',(-4.2,-1.94950324021639,-5.35625215205424));
#1983=CARTESIAN_POINT('',(-4.2,-0.784933591206736,-5.64569563981226));
#1984=CARTESIAN_POINT('',(-4.2,-3.02766831348238,-4.82941244703066));
#1985=CARTESIAN_POINT('',(2.28253088944315E-17,-3.02766831348238,-4.82941244703066));
#1986=CARTESIAN_POINT('',(2.28253088944315E-17,-0.784933591206736,-5.64569563981226));
#1987=CARTESIAN_POINT('',(-4.2,-1.74429237282519,-4.79243613604853));
#1988=CARTESIAN_POINT('',(-4.2,-1.94950324021639,-5.35625215205424));
#1989=CARTESIAN_POINT('',(-4.2,-1.37566810239791,-5.53150406960393));
#1990=CARTESIAN_POINT('',(-4.2,-2.50173723409896,-5.12165118018816));
#1991=CARTESIAN_POINT('',(-4.2,0.,0.));
#1992=CARTESIAN_POINT('',(-4.2,0.,0.));
#1993=CARTESIAN_POINT('',(-4.8,-1.94950324021639,-5.35625215205424));
#1994=CARTESIAN_POINT('',(-4.8,-1.94950324021639,-5.35625215205424));
#1995=CARTESIAN_POINT('',(-4.8,-1.37566810239791,-5.53150406960393));
#1996=CARTESIAN_POINT('',(-4.8,-2.50173723409896,-5.12165118018816));
#1997=CARTESIAN_POINT('',(-4.5,-2.50173723409896,-5.12165118018816));
#1998=CARTESIAN_POINT('',(-4.5,-1.37566810239791,-5.53150406960393));
#1999=CARTESIAN_POINT('',(-4.8,-1.94950324021639,-5.35625215205424));
#2000=CARTESIAN_POINT('',(-4.8,0.,0.));
#2001=CARTESIAN_POINT('',(4.8,1.94950322542902,-5.35625215743637));
#2002=CARTESIAN_POINT('',(4.8,1.94950322542902,-5.35625215743637));
#2003=CARTESIAN_POINT('',(4.8,2.50173721995927,-5.12165118709488));
#2004=CARTESIAN_POINT('',(4.8,1.37566808712671,-5.53150407340183));
#2005=CARTESIAN_POINT('',(4.8,0.,0.));
#2006=CARTESIAN_POINT('',(-4.8,1.94950322542902,-5.35625215743637));
#2007=CARTESIAN_POINT('',(4.2,1.94950322542902,-5.35625215743637));
#2008=CARTESIAN_POINT('',(4.2,2.50173721995927,-5.12165118709488));
#2009=CARTESIAN_POINT('',(4.2,1.37566808712671,-5.53150407340183));
#2010=CARTESIAN_POINT('',(4.5,1.37566808712671,-5.53150407340183));
#2011=CARTESIAN_POINT('',(4.5,2.50173721995927,-5.12165118709488));
#2012=CARTESIAN_POINT('',(4.2,1.74429235959439,-4.79243614086412));
#2013=CARTESIAN_POINT('',(4.2,1.94950322542902,-5.35625215743637));
#2014=CARTESIAN_POINT('',(4.2,3.02766830014949,-4.82941245538935));
#2015=CARTESIAN_POINT('',(4.2,0.784933575620281,-5.64569564197928));
#2016=CARTESIAN_POINT('',(4.2,0.,0.));
#2017=CARTESIAN_POINT('',(4.2,0.,0.));
#2018=CARTESIAN_POINT('',(-4.8,1.94950322542902,-5.35625215743637));
#2019=CARTESIAN_POINT('',(-4.2,1.94950322542902,-5.35625215743637));
#2020=CARTESIAN_POINT('',(-4.2,3.02766830014949,-4.82941245538935));
#2021=CARTESIAN_POINT('',(-4.2,0.78493357562028,-5.64569564197928));
#2022=CARTESIAN_POINT('',(2.28253088944315E-17,0.78493357562028,-5.64569564197928));
#2023=CARTESIAN_POINT('',(2.28253088944315E-17,3.02766830014949,-4.82941245538935));
#2024=CARTESIAN_POINT('',(-4.2,1.74429235959439,-4.79243614086412));
#2025=CARTESIAN_POINT('',(-4.2,1.94950322542902,-5.35625215743637));
#2026=CARTESIAN_POINT('',(-4.2,2.50173721995926,-5.12165118709488));
#2027=CARTESIAN_POINT('',(-4.2,1.37566808712671,-5.53150407340183));
#2028=CARTESIAN_POINT('',(-4.2,0.,0.));
#2029=CARTESIAN_POINT('',(-4.2,0.,0.));
#2030=CARTESIAN_POINT('',(-4.8,1.94950322542902,-5.35625215743637));
#2031=CARTESIAN_POINT('',(-4.8,1.94950322542902,-5.35625215743637));
#2032=CARTESIAN_POINT('',(-4.8,2.50173721995926,-5.12165118709488));
#2033=CARTESIAN_POINT('',(-4.8,1.37566808712671,-5.53150407340183));
#2034=CARTESIAN_POINT('',(-4.5,1.37566808712671,-5.53150407340183));
#2035=CARTESIAN_POINT('',(-4.5,2.50173721995926,-5.12165118709488));
#2036=CARTESIAN_POINT('',(-4.8,1.94950322542902,-5.35625215743637));
#2037=CARTESIAN_POINT('',(-4.8,0.,0.));
#2038=CARTESIAN_POINT('',(4.8,4.93634055637152,-2.85000563287263));
#2039=CARTESIAN_POINT('',(4.8,4.93634055637152,-2.85000563287263));
#2040=CARTESIAN_POINT('',(4.8,5.20857970782042,-2.31532269465749));
#2041=CARTESIAN_POINT('',(4.8,4.60940524806225,-3.35310930427717));
#2042=CARTESIAN_POINT('',(4.8,1.23997231388923E-5,2.31967851112465E-5));
#2043=CARTESIAN_POINT('',(-4.8,4.93634055637152,-2.85000563287263));
#2044=CARTESIAN_POINT('',(4.2,4.93634055637152,-2.85000563287263));
#2045=CARTESIAN_POINT('',(4.2,5.20857970782042,-2.31532269465749));
#2046=CARTESIAN_POINT('',(4.2,4.60940524806225,-3.35310930427717));
#2047=CARTESIAN_POINT('',(4.5,4.60940524806225,-3.35310930427717));
#2048=CARTESIAN_POINT('',(4.5,5.20857970782042,-2.31532269465749));
#2049=CARTESIAN_POINT('',(4.2,4.41672706619801,-2.55000259817182));
#2050=CARTESIAN_POINT('',(4.2,4.93634055637152,-2.85000563287263));
#2051=CARTESIAN_POINT('',(4.2,5.42362091920771,-1.7533936468018));
#2052=CARTESIAN_POINT('',(4.2,4.23027556609385,-3.82030055170102));
#2053=CARTESIAN_POINT('',(4.2,1.23997231388923E-5,2.31967851112465E-5));
#2054=CARTESIAN_POINT('',(4.2,1.23997231388923E-5,2.31967851112465E-5));
#2055=CARTESIAN_POINT('',(-4.8,4.93634055637152,-2.85000563287263));
#2056=CARTESIAN_POINT('',(-4.2,4.93634055637152,-2.85000563287263));
#2057=CARTESIAN_POINT('',(-4.2,5.42362091920771,-1.75339364680179));
#2058=CARTESIAN_POINT('',(-4.2,4.23027556609385,-3.82030055170102));
#2059=CARTESIAN_POINT('',(2.28253088944315E-17,4.23027556609385,-3.82030055170102));
#2060=CARTESIAN_POINT('',(2.28253088944315E-17,5.42362091920771,-1.7533936468018));
#2061=CARTESIAN_POINT('',(-4.2,4.41672706619801,-2.55000259817182));
#2062=CARTESIAN_POINT('',(-4.2,4.93634055637152,-2.85000563287263));
#2063=CARTESIAN_POINT('',(-4.2,5.20857970782042,-2.31532269465749));
#2064=CARTESIAN_POINT('',(-4.2,4.60940524806225,-3.35310930427717));
#2065=CARTESIAN_POINT('',(-4.2,1.23997231388923E-5,2.31967851112465E-5));
#2066=CARTESIAN_POINT('',(-4.2,1.23997231388923E-5,2.31967851112465E-5));
#2067=CARTESIAN_POINT('',(-4.8,4.93634055637152,-2.85000563287263));
#2068=CARTESIAN_POINT('',(-4.8,4.93634055637152,-2.85000563287263));
#2069=CARTESIAN_POINT('',(-4.8,5.20857970782042,-2.31532269465749));
#2070=CARTESIAN_POINT('',(-4.8,4.60940524806225,-3.35310930427717));
#2071=CARTESIAN_POINT('',(-4.5,4.60940524806225,-3.35310930427717));
#2072=CARTESIAN_POINT('',(-4.5,5.20857970782042,-2.31532269465749));
#2073=CARTESIAN_POINT('',(-4.8,4.93634055637152,-2.85000563287263));
#2074=CARTESIAN_POINT('',(-4.8,1.23997231388923E-5,2.31967851112465E-5));
#2075=CARTESIAN_POINT('',(4.8,5.61340525552088,0.98978558645204));
#2076=CARTESIAN_POINT('',(4.8,5.61340525552088,0.98978558645204));
#2077=CARTESIAN_POINT('',(4.8,5.47826598751802,1.57436866715456));
#2078=CARTESIAN_POINT('',(4.8,5.68634605611261,0.394235723208804));
#2079=CARTESIAN_POINT('',(4.8,-6.42833451226787E-6,3.34621524144055E-5));
#2080=CARTESIAN_POINT('',(-4.8,5.61340525552088,0.98978558645204));
#2081=CARTESIAN_POINT('',(4.2,5.61340525552088,0.98978558645204));
#2082=CARTESIAN_POINT('',(4.2,5.47826598751802,1.57436866715456));
#2083=CARTESIAN_POINT('',(4.2,5.68634605611261,0.394235723208804));
#2084=CARTESIAN_POINT('',(4.5,5.68634605611261,0.394235723208804));
#2085=CARTESIAN_POINT('',(4.5,5.47826598751802,1.57436866715456));
#2086=CARTESIAN_POINT('',(4.2,5.02251981511505,0.885601152315238));
#2087=CARTESIAN_POINT('',(4.2,5.61340525552088,0.98978558645204));
#2088=CARTESIAN_POINT('',(4.2,5.2817970662059,2.14305745759918));
#2089=CARTESIAN_POINT('',(4.2,5.69621957519131,-0.207353414857966));
#2090=CARTESIAN_POINT('',(4.2,-6.42833451226787E-6,3.34621524144055E-5));
#2091=CARTESIAN_POINT('',(4.2,-6.42833451226787E-6,3.34621524144055E-5));
#2092=CARTESIAN_POINT('',(-4.8,5.61340525552088,0.98978558645204));
#2093=CARTESIAN_POINT('',(-4.2,5.61340525552088,0.98978558645204));
#2094=CARTESIAN_POINT('',(-4.2,5.2817970662059,2.14305745759918));
#2095=CARTESIAN_POINT('',(-4.2,5.69621957519131,-0.207353414857967));
#2096=CARTESIAN_POINT('',(2.28253088944315E-17,5.69621957519131,-0.207353414857967));
#2097=CARTESIAN_POINT('',(2.28253088944315E-17,5.2817970662059,2.14305745759918));
#2098=CARTESIAN_POINT('',(-4.2,5.02251981511505,0.885601152315238));
#2099=CARTESIAN_POINT('',(-4.2,5.61340525552088,0.98978558645204));
#2100=CARTESIAN_POINT('',(-4.2,5.47826598751802,1.57436866715456));
#2101=CARTESIAN_POINT('',(-4.2,5.68634605611261,0.394235723208806));
#2102=CARTESIAN_POINT('',(-4.2,-6.42833451226787E-6,3.34621524144055E-5));
#2103=CARTESIAN_POINT('',(-4.2,-6.42833451226787E-6,3.34621524144055E-5));
#2104=CARTESIAN_POINT('',(-4.8,5.61340525552088,0.98978558645204));
#2105=CARTESIAN_POINT('',(-4.8,5.61340525552088,0.98978558645204));
#2106=CARTESIAN_POINT('',(-4.8,5.47826598751802,1.57436866715456));
#2107=CARTESIAN_POINT('',(-4.8,5.68634605611261,0.394235723208806));
#2108=CARTESIAN_POINT('',(-4.5,5.68634605611261,0.394235723208806));
#2109=CARTESIAN_POINT('',(-4.5,5.47826598751802,1.57436866715456));
#2110=CARTESIAN_POINT('',(-4.8,5.61340525552088,0.989785586452041));
#2111=CARTESIAN_POINT('',(-4.8,-6.42833451226787E-6,3.34621524144055E-5));
#2112=CARTESIAN_POINT('',(4.8,3.66389482776258,4.36644852884875));
#2113=CARTESIAN_POINT('',(4.8,3.66389482776258,4.36644852884875));
#2114=CARTESIAN_POINT('',(4.8,3.18460883440592,4.72739857604658));
#2115=CARTESIAN_POINT('',(4.8,4.10258341603615,3.95711697311606));
#2116=CARTESIAN_POINT('',(4.8,-2.0980987008954E-5,1.73835775058549E-5));
#2117=CARTESIAN_POINT('',(-4.8,3.66389482776258,4.36644852884875));
#2118=CARTESIAN_POINT('',(4.2,3.66389482776258,4.36644852884875));
#2119=CARTESIAN_POINT('',(4.2,3.18460883440592,4.72739857604658));
#2120=CARTESIAN_POINT('',(4.2,4.10258341603615,3.95711697311606));
#2121=CARTESIAN_POINT('',(4.5,4.10258341603615,3.95711697311606));
#2122=CARTESIAN_POINT('',(4.5,3.18460883440592,4.72739857604658));
#2123=CARTESIAN_POINT('',(4.2,3.27821947947315,3.90682419776756));
#2124=CARTESIAN_POINT('',(4.2,3.66389482776258,4.36644852884875));
#2125=CARTESIAN_POINT('',(4.2,2.66855833196179,5.03675089355216));
#2126=CARTESIAN_POINT('',(4.2,4.49684170323099,3.50262013000589));
#2127=CARTESIAN_POINT('',(4.2,-2.0980987008954E-5,1.73835775058549E-5));
#2128=CARTESIAN_POINT('',(4.2,-2.0980987008954E-5,1.73835775058549E-5));
#2129=CARTESIAN_POINT('',(-4.8,3.66389482776258,4.36644852884875));
#2130=CARTESIAN_POINT('',(-4.2,3.66389482776258,4.36644852884875));
#2131=CARTESIAN_POINT('',(-4.2,2.66855833196179,5.03675089355216));
#2132=CARTESIAN_POINT('',(-4.2,4.49684170323099,3.50262013000588));
#2133=CARTESIAN_POINT('',(2.28253088944315E-17,4.49684170323099,3.50262013000589));
#2134=CARTESIAN_POINT('',(2.28253088944315E-17,2.66855833196179,5.03675089355216));
#2135=CARTESIAN_POINT('',(-4.2,3.27821947947315,3.90682419776756));
#2136=CARTESIAN_POINT('',(-4.2,3.66389482776258,4.36644852884875));
#2137=CARTESIAN_POINT('',(-4.2,3.18460883440592,4.72739857604658));
#2138=CARTESIAN_POINT('',(-4.2,4.10258341603615,3.95711697311606));
#2139=CARTESIAN_POINT('',(-4.2,-2.0980987008954E-5,1.73835775058549E-5));
#2140=CARTESIAN_POINT('',(-4.2,-2.0980987008954E-5,1.73835775058549E-5));
#2141=CARTESIAN_POINT('',(-4.8,3.66389482776258,4.36644852884875));
#2142=CARTESIAN_POINT('',(-4.8,3.66389482776258,4.36644852884875));
#2143=CARTESIAN_POINT('',(-4.8,3.18460883440592,4.72739857604658));
#2144=CARTESIAN_POINT('',(-4.8,4.10258341603615,3.95711697311606));
#2145=CARTESIAN_POINT('',(-4.5,4.10258341603615,3.95711697311606));
#2146=CARTESIAN_POINT('',(-4.5,3.18460883440592,4.72739857604658));
#2147=CARTESIAN_POINT('',(-4.8,3.66389482776258,4.36644852884875));
#2148=CARTESIAN_POINT('',(-4.8,-2.0980987008954E-5,1.73835775058549E-5));
#2149=CARTESIAN_POINT('',(-6.,0.,7.49999999999999));
#2150=CARTESIAN_POINT('',(-6.,0.,0.));
#2151=CARTESIAN_POINT('',(-6.,0.,7.09999999999999));
#2152=CARTESIAN_POINT('',(-6.,0.,0.));
#2153=CARTESIAN_POINT('',(-6.,0.,4.49999999999999));
#2154=CARTESIAN_POINT('',(0.,0.,0.));
#2155=CARTESIAN_POINT('',(-5.6,0.,0.));
#2156=CARTESIAN_POINT('',(-5.6,0.,7.49999999999999));
#2157=CARTESIAN_POINT('',(5.6,0.,0.));
#2158=CARTESIAN_POINT('',(5.6,0.,-7.49999999999999));
#2159=CARTESIAN_POINT('',(6.,0.,7.49999999999999));
#2160=CARTESIAN_POINT('',(6.,0.,0.));
#2161=CARTESIAN_POINT('',(6.,0.,-7.09999999999999));
#2162=CARTESIAN_POINT('',(6.,0.,0.));
#2163=CARTESIAN_POINT('',(6.,0.,4.49999999999999));
#2164=CARTESIAN_POINT('',(0.,0.,0.));
#2165=CARTESIAN_POINT('',(5.4,0.,0.));
#2166=CARTESIAN_POINT('',(5.4,0.,4.49999999999999));
#2167=CARTESIAN_POINT('',(5.4,0.,5.69999999999999));
#2168=CARTESIAN_POINT('',(5.4,0.,0.));
#2169=CARTESIAN_POINT('',(5.4,0.,5.69999999999999));
#2170=CARTESIAN_POINT('',(0.,0.,0.));
#2171=CARTESIAN_POINT('',(4.8,0.,0.));
#2172=CARTESIAN_POINT('',(4.8,0.599168398768745,5.66842105263157));
#2173=CARTESIAN_POINT('',(4.8,-0.599168398768745,5.66842105263157));
#2174=CARTESIAN_POINT('',(4.5,0.599168398768745,5.66842105263157));
#2175=CARTESIAN_POINT('',(4.2,0.599168398768745,5.66842105263157));
#2176=CARTESIAN_POINT('',(4.2,0.,0.));
#2177=CARTESIAN_POINT('',(4.2,1.19333328174892,5.57368421052631));
#2178=CARTESIAN_POINT('',(2.28253088944315E-17,1.19333328174892,5.57368421052631));
#2179=CARTESIAN_POINT('',(-4.2,1.19333328174892,5.57368421052631));
#2180=CARTESIAN_POINT('',(-4.2,0.,0.));
#2181=CARTESIAN_POINT('',(-4.2,0.599168398768743,5.66842105263157));
#2182=CARTESIAN_POINT('',(-4.5,0.599168398768743,5.66842105263157));
#2183=CARTESIAN_POINT('',(-4.8,0.599168398768743,5.66842105263157));
#2184=CARTESIAN_POINT('',(-4.8,0.,0.));
#2185=CARTESIAN_POINT('',(-4.8,-0.599168398768743,5.66842105263157));
#2186=CARTESIAN_POINT('',(-4.5,-0.599168398768743,5.66842105263157));
#2187=CARTESIAN_POINT('',(-4.2,-0.599168398768743,5.66842105263157));
#2188=CARTESIAN_POINT('',(-4.2,0.,0.));
#2189=CARTESIAN_POINT('',(-4.2,-1.19333328174892,5.57368421052631));
#2190=CARTESIAN_POINT('',(2.28253088944315E-17,-1.19333328174892,5.57368421052631));
#2191=CARTESIAN_POINT('',(4.2,-1.19333328174892,5.57368421052631));
#2192=CARTESIAN_POINT('',(4.2,0.,0.));
#2193=CARTESIAN_POINT('',(4.2,-0.599168398768745,5.66842105263157));
#2194=CARTESIAN_POINT('',(4.5,-0.599168398768745,5.66842105263157));
#2195=CARTESIAN_POINT('',(-5.4,0.,0.));
#2196=CARTESIAN_POINT('',(-5.4,0.,5.69999999999999));
#2197=CARTESIAN_POINT('',(-5.4,0.,5.69999999999999));
#2198=CARTESIAN_POINT('',(-5.4,0.,0.));
#2199=CARTESIAN_POINT('',(-5.4,0.,4.49999999999999));
#2200=CARTESIAN_POINT('',(0.,0.,0.));
#2201=CARTESIAN_POINT('',(4.8,0.,5.69999999999999));
#2202=CARTESIAN_POINT('',(4.8,0.,5.69999999999999));
#2203=CARTESIAN_POINT('',(-4.8,0.,5.69999999999999));
#2204=CARTESIAN_POINT('',(4.2,0.,5.69999999999999));
#2205=CARTESIAN_POINT('',(4.2,0.,5.09999999999999));
#2206=CARTESIAN_POINT('',(4.2,0.,5.69999999999999));
#2207=CARTESIAN_POINT('',(-4.8,0.,5.69999999999999));
#2208=CARTESIAN_POINT('',(-4.2,0.,5.69999999999999));
#2209=CARTESIAN_POINT('',(-4.2,0.,5.09999999999999));
#2210=CARTESIAN_POINT('',(-4.2,0.,5.69999999999999));
#2211=CARTESIAN_POINT('',(-4.8,0.,5.69999999999999));
#2212=CARTESIAN_POINT('',(-4.8,0.,5.69999999999999));
#2213=CARTESIAN_POINT('',(-4.8,0.,5.69999999999999));
#2214=CARTESIAN_POINT('',(5.6,0.,0.));
#2215=CARTESIAN_POINT('',(-5.6,0.,0.));
#2216=MECHANICAL_DESIGN_GEOMETRIC_PRESENTATION_REPRESENTATION('',(#1211),
#2217);
#2217=(
GEOMETRIC_REPRESENTATION_CONTEXT(3)
GLOBAL_UNCERTAINTY_ASSIGNED_CONTEXT((#2218))
GLOBAL_UNIT_ASSIGNED_CONTEXT((#2221,#2220,#2219))
REPRESENTATION_CONTEXT(
'\X2\51B2538B591657086EE188C56EDA94888F74627F7A7F5B54578B\X0\ GBT12764
-2019','TOP_LEVEL_ASSEMBLY_PART')
);
#2218=UNCERTAINTY_MEASURE_WITH_UNIT(LENGTH_MEASURE(0.005),#2221,
'DISTANCE_ACCURACY_VALUE','Maximum Tolerance applied to model');
#2219=(
NAMED_UNIT(*)
SI_UNIT($,.STERADIAN.)
SOLID_ANGLE_UNIT()
);
#2220=(
NAMED_UNIT(*)
PLANE_ANGLE_UNIT()
SI_UNIT($,.RADIAN.)
);
#2221=(
LENGTH_UNIT()
NAMED_UNIT(*)
SI_UNIT(.MILLI.,.METRE.)
);
#2222=PRODUCT_DEFINITION_SHAPE('','',#2223);
#2223=PRODUCT_DEFINITION('','',#2225,#2224);
#2224=PRODUCT_DEFINITION_CONTEXT('',#2231,'design');
#2225=PRODUCT_DEFINITION_FORMATION_WITH_SPECIFIED_SOURCE('','',#2227,
 .NOT_KNOWN.);
#2226=PRODUCT_RELATED_PRODUCT_CATEGORY('','',(#2227));
#2227=PRODUCT('\X2\51B2538B591657086EE188C56EDA94888F74627F7A7F5B54578B\X0\ 
GBT12764-2019','\X2\51B2538B591657086EE188C56EDA94888F74627F7A7F5B54578B\X0\ 
GBT12764-2019','\X2\51B2538B591657086EE188C56EDA94888F74627F7A7F5B54578B\X0\ 
GBT12764-2019',(#2229));
#2228=PRODUCT_CATEGORY('','');
#2229=PRODUCT_CONTEXT('',#2231,'mechanical');
#2230=APPLICATION_PROTOCOL_DEFINITION('international standard',
'automotive_design',2010,#2231);
#2231=APPLICATION_CONTEXT(
'core data for automotive mechanical design processes');
ENDSEC;
END-ISO-10303-21;
