ISO-10303-21;
HEADER;
/* Generated by software containing HOOPS Exchange Step
 * from HOOPS Exchange, Inc. (www.tiangong.cloud) 
 */

FILE_DESCRIPTION(
/* description */ ('Unknown'),
/* implementation_level */ '2;1');

FILE_NAME(
/* name */ 'ucflu\X2\5E2683F15F625EA798764E1D59167403976274038F74627F\X0\',

/* time_stamp */ '2025-02-06T17:58:27+08:00',
/* author */ ('Unknown'),
/* organization */ ('Unknown'),
/* preprocessor_version */ 'ST-DEVELOPER v19.4',
/* originating_system */ 'TianGong',
/* authorisation */ 'Unknown');

FILE_SCHEMA (('AUTOMOTIVE_DESIGN {1 0 10303 214 3 1 1}'));
ENDSEC;

DATA;
#10=PROPERTY_DEFINITION_REPRESENTATION(#14,#12);
#11=PROPERTY_DEFINITION_REPRESENTATION(#15,#13);
#12=REPRESENTATION('',(#16),#2562);
#13=REPRESENTATION('',(#17),#2562);
#14=PROPERTY_DEFINITION('pmi validation property','',#2575);
#15=PROPERTY_DEFINITION('pmi validation property','',#2575);
#16=VALUE_REPRESENTATION_ITEM('number of annotations',COUNT_MEASURE(0.));
#17=VALUE_REPRESENTATION_ITEM('number of views',COUNT_MEASURE(0.));
#18=(
BOUNDED_SURFACE()
B_SPLINE_SURFACE(3,2,((#2354,#2355,#2356),(#2357,#2358,#2359),(#2360,#2361,
#2362),(#2363,#2364,#2365),(#2366,#2367,#2368),(#2369,#2370,#2371)),
 .UNSPECIFIED.,.F.,.F.,.F.)
B_SPLINE_SURFACE_WITH_KNOTS((4,1,1,4),(3,3),(0.,0.0028727753588367,0.00574555071767341,
0.0114911014353468),(0.,1.),.UNSPECIFIED.)
GEOMETRIC_REPRESENTATION_ITEM()
RATIONAL_B_SPLINE_SURFACE(((1.,0.707106781186547,1.),(1.,0.76304956249012,
1.),(1.,0.851760609435414,1.),(1.,0.968660263808499,1.),(1.,0.999999999999787,
1.),(1.,1.,1.)))
REPRESENTATION_ITEM('')
SURFACE()
);
#19=(
BOUNDED_SURFACE()
B_SPLINE_SURFACE(3,2,((#2381,#2382,#2383),(#2384,#2385,#2386),(#2387,#2388,
#2389),(#2390,#2391,#2392),(#2393,#2394,#2395)),.UNSPECIFIED.,.F.,.F.,.F.)
B_SPLINE_SURFACE_WITH_KNOTS((4,1,4),(3,3),(0.,0.00161648963121478,0.00323297926242955),
(0.,1.),.UNSPECIFIED.)
GEOMETRIC_REPRESENTATION_ITEM()
RATIONAL_B_SPLINE_SURFACE(((1.,0.833333333333333,1.),(1.,0.833333331586193,
1.),(1.,0.800798328661359,1.),(1.,0.736803589010301,1.),(1.,0.707106781186547,
1.)))
REPRESENTATION_ITEM('')
SURFACE()
);
#20=(
BOUNDED_SURFACE()
B_SPLINE_SURFACE(3,2,((#2399,#2400,#2401),(#2402,#2403,#2404),(#2405,#2406,
#2407),(#2408,#2409,#2410),(#2411,#2412,#2413)),.UNSPECIFIED.,.F.,.F.,.F.)
B_SPLINE_SURFACE_WITH_KNOTS((4,1,4),(3,3),(0.,0.00161657909572302,0.00323315819144604),
(0.,1.),.UNSPECIFIED.)
GEOMETRIC_REPRESENTATION_ITEM()
RATIONAL_B_SPLINE_SURFACE(((1.,0.707106781186547,1.),(1.,0.736837137496052,
1.),(1.,0.800680980815995,1.),(1.,0.833333332504794,1.),(1.,0.833333333333333,
1.)))
REPRESENTATION_ITEM('')
SURFACE()
);
#21=(
BOUNDED_SURFACE()
B_SPLINE_SURFACE(3,2,((#2423,#2424,#2425),(#2426,#2427,#2428),(#2429,#2430,
#2431),(#2432,#2433,#2434),(#2435,#2436,#2437),(#2438,#2439,#2440)),
 .UNSPECIFIED.,.F.,.F.,.F.)
B_SPLINE_SURFACE_WITH_KNOTS((4,1,1,4),(3,3),(0.,0.00287277535883675,0.00574555071767349,
0.011491101435347),(0.,1.),.UNSPECIFIED.)
GEOMETRIC_REPRESENTATION_ITEM()
RATIONAL_B_SPLINE_SURFACE(((1.,0.707106781186548,1.),(1.,0.763049562488838,
1.),(1.,0.851760609435999,1.),(1.,0.968660263808149,1.),(1.,0.999999999999787,
1.),(1.,1.,1.)))
REPRESENTATION_ITEM('')
SURFACE()
);
#22=(
BOUNDED_SURFACE()
B_SPLINE_SURFACE(3,2,((#2453,#2454,#2455),(#2456,#2457,#2458),(#2459,#2460,
#2461),(#2462,#2463,#2464),(#2465,#2466,#2467),(#2468,#2469,#2470)),
 .UNSPECIFIED.,.F.,.F.,.F.)
B_SPLINE_SURFACE_WITH_KNOTS((4,1,1,4),(3,3),(0.,0.00287277535883677,0.00574555071767354,
0.0114911014353471),(0.,1.),.UNSPECIFIED.)
GEOMETRIC_REPRESENTATION_ITEM()
RATIONAL_B_SPLINE_SURFACE(((1.,0.707106781186545,1.),(1.,0.763049562494399,
1.),(1.,0.851760609433471,1.),(1.,0.96866026380967,1.),(1.,0.999999999999787,
1.),(1.,1.,1.)))
REPRESENTATION_ITEM('')
SURFACE()
);
#23=(
BOUNDED_SURFACE()
B_SPLINE_SURFACE(3,2,((#2480,#2481,#2482),(#2483,#2484,#2485),(#2486,#2487,
#2488),(#2489,#2490,#2491),(#2492,#2493,#2494)),.UNSPECIFIED.,.F.,.F.,.F.)
B_SPLINE_SURFACE_WITH_KNOTS((4,1,4),(3,3),(0.,0.00161648963121478,0.00323297926242955),
(0.,1.),.UNSPECIFIED.)
GEOMETRIC_REPRESENTATION_ITEM()
RATIONAL_B_SPLINE_SURFACE(((1.,0.833333333333333,1.),(1.,0.83333333158677,
1.),(1.,0.800798328660525,1.),(1.,0.736803589011393,1.),(1.,0.707106781186547,
1.)))
REPRESENTATION_ITEM('')
SURFACE()
);
#24=(
BOUNDED_SURFACE()
B_SPLINE_SURFACE(3,2,((#2498,#2499,#2500),(#2501,#2502,#2503),(#2504,#2505,
#2506),(#2507,#2508,#2509),(#2510,#2511,#2512)),.UNSPECIFIED.,.F.,.F.,.F.)
B_SPLINE_SURFACE_WITH_KNOTS((4,1,4),(3,3),(0.,0.00161657909572302,0.00323315819144604),
(0.,1.),.UNSPECIFIED.)
GEOMETRIC_REPRESENTATION_ITEM()
RATIONAL_B_SPLINE_SURFACE(((1.,0.707106781186547,1.),(1.,0.736837137495991,
1.),(1.,0.800680980816466,1.),(1.,0.833333332503913,1.),(1.,0.833333333333333,
1.)))
REPRESENTATION_ITEM('')
SURFACE()
);
#25=(
BOUNDED_SURFACE()
B_SPLINE_SURFACE(3,2,((#2522,#2523,#2524),(#2525,#2526,#2527),(#2528,#2529,
#2530),(#2531,#2532,#2533),(#2534,#2535,#2536),(#2537,#2538,#2539)),
 .UNSPECIFIED.,.F.,.F.,.F.)
B_SPLINE_SURFACE_WITH_KNOTS((4,1,1,4),(3,3),(0.,0.00287277535883676,0.00574555071767351,
0.011491101435347),(0.,1.),.UNSPECIFIED.)
GEOMETRIC_REPRESENTATION_ITEM()
RATIONAL_B_SPLINE_SURFACE(((1.,0.707106781186548,1.),(1.,0.763049562490924,
1.),(1.,0.85176060943505,1.),(1.,0.96866026380872,1.),(1.,0.999999999999787,
1.),(1.,1.,1.)))
REPRESENTATION_ITEM('')
SURFACE()
);
#26=LINE('',#2043,#66);
#27=LINE('',#2047,#67);
#28=LINE('',#2049,#68);
#29=LINE('',#2054,#69);
#30=LINE('',#2061,#70);
#31=LINE('',#2065,#71);
#32=LINE('',#2095,#72);
#33=LINE('',#2099,#73);
#34=LINE('',#2131,#74);
#35=LINE('',#2135,#75);
#36=LINE('',#2159,#76);
#37=LINE('',#2163,#77);
#38=LINE('',#2164,#78);
#39=LINE('',#2168,#79);
#40=LINE('',#2204,#80);
#41=LINE('',#2208,#81);
#42=LINE('',#2210,#82);
#43=LINE('',#2214,#83);
#44=LINE('',#2221,#84);
#45=LINE('',#2222,#85);
#46=LINE('',#2230,#86);
#47=LINE('',#2232,#87);
#48=LINE('',#2237,#88);
#49=LINE('',#2241,#89);
#50=LINE('',#2248,#90);
#51=LINE('',#2249,#91);
#52=LINE('',#2257,#92);
#53=LINE('',#2259,#93);
#54=LINE('',#2264,#94);
#55=LINE('',#2269,#95);
#56=LINE('',#2278,#96);
#57=LINE('',#2280,#97);
#58=LINE('',#2282,#98);
#59=LINE('',#2289,#99);
#60=LINE('',#2291,#100);
#61=LINE('',#2296,#101);
#62=LINE('',#2300,#102);
#63=LINE('',#2307,#103);
#64=LINE('',#2314,#104);
#65=LINE('',#2316,#105);
#66=VECTOR('',#1654,1000.);
#67=VECTOR('',#1657,1000.);
#68=VECTOR('',#1660,1000.);
#69=VECTOR('',#1663,1000.);
#70=VECTOR('',#1670,1000.);
#71=VECTOR('',#1673,1000.);
#72=VECTOR('',#1686,1000.);
#73=VECTOR('',#1689,1000.);
#74=VECTOR('',#1696,1000.);
#75=VECTOR('',#1699,1000.);
#76=VECTOR('',#1706,1000.);
#77=VECTOR('',#1709,1000.);
#78=VECTOR('',#1710,1000.);
#79=VECTOR('',#1713,1000.);
#80=VECTOR('',#1742,1000.);
#81=VECTOR('',#1745,1000.);
#82=VECTOR('',#1748,1000.);
#83=VECTOR('',#1751,1000.);
#84=VECTOR('',#1752,1000.);
#85=VECTOR('',#1753,1000.);
#86=VECTOR('',#1756,1000.);
#87=VECTOR('',#1759,1000.);
#88=VECTOR('',#1766,1000.);
#89=VECTOR('',#1769,1000.);
#90=VECTOR('',#1770,1000.);
#91=VECTOR('',#1771,1000.);
#92=VECTOR('',#1774,1000.);
#93=VECTOR('',#1777,1000.);
#94=VECTOR('',#1784,1000.);
#95=VECTOR('',#1787,1000.);
#96=VECTOR('',#1792,1000.);
#97=VECTOR('',#1793,1000.);
#98=VECTOR('',#1796,1000.);
#99=VECTOR('',#1797,1000.);
#100=VECTOR('',#1800,1000.);
#101=VECTOR('',#1803,1000.);
#102=VECTOR('',#1808,1000.);
#103=VECTOR('',#1809,1000.);
#104=VECTOR('',#1812,1000.);
#105=VECTOR('',#1813,1000.);
#106=CONTEXT_DEPENDENT_SHAPE_REPRESENTATION(#116,#2578);
#107=CONTEXT_DEPENDENT_SHAPE_REPRESENTATION(#117,#2580);
#108=CONTEXT_DEPENDENT_SHAPE_REPRESENTATION(#118,#2581);
#109=CONTEXT_DEPENDENT_SHAPE_REPRESENTATION(#119,#2582);
#110=CONTEXT_DEPENDENT_SHAPE_REPRESENTATION(#120,#2584);
#111=NEXT_ASSEMBLY_USAGE_OCCURRENCE('UC\X2\941E51AD917193B5\X0\?',
'UC\X2\941E51AD917193B5\X0\?','UC\X2\941E51AD917193B5\X0\?',#2586,#2587,
'');
#112=NEXT_ASSEMBLY_USAGE_OCCURRENCE('\X2\692467357B23\X0\','\X2\692467357B23\X0\',
'\X2\692467357B23\X0\',#2586,#2588,'');
#113=NEXT_ASSEMBLY_USAGE_OCCURRENCE('\X2\692467357B23\X0\','\X2\692467357B23\X0\',
'\X2\692467357B23\X0\',#2586,#2588,'');
#114=NEXT_ASSEMBLY_USAGE_OCCURRENCE('UC\X2\7441547453A46D63\X0\?',
'UC\X2\7441547453A46D63\X0\?','UC\X2\7441547453A46D63\X0\?',#2585,#2586,
'');
#115=NEXT_ASSEMBLY_USAGE_OCCURRENCE(
'FLU\X2\95BE640120AC72B256AB7F026A3A9A87947F535E8230\X0\',
'FLU\X2\95BE640120AC72B256AB7F026A3A9A87947F535E8230\X0\',
'FLU\X2\95BE640120AC72B256AB7F026A3A9A87947F535E8230\X0\',#2585,#2589,
'');
#116=(
REPRESENTATION_RELATIONSHIP(' ',' ',#1370,#1371)
REPRESENTATION_RELATIONSHIP_WITH_TRANSFORMATION(#121)
SHAPE_REPRESENTATION_RELATIONSHIP()
);
#117=(
REPRESENTATION_RELATIONSHIP(' ',' ',#1372,#1371)
REPRESENTATION_RELATIONSHIP_WITH_TRANSFORMATION(#122)
SHAPE_REPRESENTATION_RELATIONSHIP()
);
#118=(
REPRESENTATION_RELATIONSHIP(' ',' ',#1372,#1371)
REPRESENTATION_RELATIONSHIP_WITH_TRANSFORMATION(#123)
SHAPE_REPRESENTATION_RELATIONSHIP()
);
#119=(
REPRESENTATION_RELATIONSHIP(' ',' ',#1371,#1373)
REPRESENTATION_RELATIONSHIP_WITH_TRANSFORMATION(#124)
SHAPE_REPRESENTATION_RELATIONSHIP()
);
#120=(
REPRESENTATION_RELATIONSHIP(' ',' ',#1374,#1373)
REPRESENTATION_RELATIONSHIP_WITH_TRANSFORMATION(#125)
SHAPE_REPRESENTATION_RELATIONSHIP()
);
#121=ITEM_DEFINED_TRANSFORMATION(' ',' ',#1375,#1417);
#122=ITEM_DEFINED_TRANSFORMATION(' ',' ',#1375,#1427);
#123=ITEM_DEFINED_TRANSFORMATION(' ',' ',#1375,#1428);
#124=ITEM_DEFINED_TRANSFORMATION(' ',' ',#1375,#1429);
#125=ITEM_DEFINED_TRANSFORMATION(' ',' ',#1375,#1539);
#126=CONICAL_SURFACE('',#1413,9.5,0.785398163397448);
#127=CONICAL_SURFACE('',#1414,12.3333333333333,0.785398163397447);
#128=CONICAL_SURFACE('',#1415,11.3333333333333,0.785398163397448);
#129=CONICAL_SURFACE('',#1425,1.5,0.785398163397448);
#130=CONICAL_SURFACE('',#1426,2.5,0.785398163397448);
#131=B_SPLINE_CURVE_WITH_KNOTS('',3,(#1944,#1945,#1946,#1947,#1948,#1949,
#1950,#1951,#1952,#1953,#1954),.UNSPECIFIED.,.T.,.F.,(1,1,1,1,1,1,1,1,1,
1,1,1,1,1,1),(-0.00195737598213565,1.48172514411252E-6,0.00196033943242387,
0.00391919713970363,0.00587805484698339,0.00783691255426315,0.00979577026154291,
0.0117546279688227,0.0137134856761024,0.0156723433833822,0.0176312010906619,
0.0195900587979417,0.0215489165052215,0.0235077742125012,0.025466631919781),
 .UNSPECIFIED.);
#132=B_SPLINE_CURVE_WITH_KNOTS('',3,(#1956,#1957,#1958,#1959,#1960,#1961,
#1962,#1963,#1964,#1965,#1966),.UNSPECIFIED.,.T.,.F.,(1,1,1,1,1,1,1,1,1,
1,1,1,1,1,1),(-0.00589397384881686,-0.00392931589921124,-0.00196465794960562,
0.,0.00196465794960562,0.00392931589921124,0.00589397384881686,0.00785863179842248,
0.0098232897480281,0.0117879476976337,0.0137526056472393,0.015717263596845,
0.0176819215464506,0.0196465794960562,0.0216112374456618),.UNSPECIFIED.);
#133=B_SPLINE_CURVE_WITH_KNOTS('',3,(#1976,#1977,#1978,#1979,#1980,#1981,
#1982,#1983,#1984,#1985,#1986),.UNSPECIFIED.,.T.,.F.,(1,1,1,1,1,1,1,1,1,
1,1,1,1,1,1),(-0.00195737598213564,1.48172514411599E-6,0.00196033943242388,
0.00391919713970363,0.00587805484698339,0.00783691255426315,0.00979577026154291,
0.0117546279688227,0.0137134856761024,0.0156723433833822,0.0176312010906619,
0.0195900587979417,0.0215489165052215,0.0235077742125012,0.025466631919781),
 .UNSPECIFIED.);
#134=B_SPLINE_CURVE_WITH_KNOTS('',3,(#2004,#2005,#2006,#2007,#2008,#2009,
#2010,#2011,#2012,#2013,#2014),.UNSPECIFIED.,.T.,.F.,(1,1,1,1,1,1,1,1,1,
1,1,1,1,1,1),(-0.00589397384881686,-0.00392931589921124,-0.00196465794960562,
0.,0.00196465794960562,0.00392931589921124,0.00589397384881686,0.00785863179842248,
0.0098232897480281,0.0117879476976337,0.0137526056472393,0.015717263596845,
0.0176819215464506,0.0196465794960562,0.0216112374456618),.UNSPECIFIED.);
#135=B_SPLINE_CURVE_WITH_KNOTS('',3,(#2072,#2073,#2074,#2075,#2076,#2077,
#2078,#2079,#2080,#2081,#2082),.UNSPECIFIED.,.T.,.F.,(1,1,1,1,1,1,1,1,1,
1,1,1,1,1,1),(-0.00351739321664172,-0.00234492881109448,-0.00117246440554724,
0.,0.00117246440554724,0.00234492881109448,0.00351739321664172,0.00468985762218896,
0.00586232202773621,0.00703478643328345,0.00820725083883069,0.00937971524437793,
0.0105521796499252,0.0117246440554724,0.0128971084610197),.UNSPECIFIED.);
#136=B_SPLINE_CURVE_WITH_KNOTS('',3,(#2089,#2090,#2091,#2092,#2093),
 .UNSPECIFIED.,.F.,.F.,(4,1,4),(0.,0.00556362482077956,0.0111272496415591),
 .UNSPECIFIED.);
#137=B_SPLINE_CURVE_WITH_KNOTS('',3,(#2101,#2102,#2103,#2104,#2105),
 .UNSPECIFIED.,.F.,.F.,(4,1,4),(0.,0.00556362482077965,0.0111272496415593),
 .UNSPECIFIED.);
#138=B_SPLINE_CURVE_WITH_KNOTS('',3,(#2109,#2110,#2111,#2112,#2113),
 .UNSPECIFIED.,.F.,.F.,(4,1,4),(0.,0.00160985739323552,0.00321971478647105),
 .UNSPECIFIED.);
#139=B_SPLINE_CURVE_WITH_KNOTS('',3,(#2117,#2118,#2119,#2120,#2121),
 .UNSPECIFIED.,.F.,.F.,(4,1,4),(0.,0.00159544647627739,0.00319089295255477),
 .UNSPECIFIED.);
#140=B_SPLINE_CURVE_WITH_KNOTS('',3,(#2125,#2126,#2127,#2128,#2129),
 .UNSPECIFIED.,.F.,.F.,(4,1,4),(0.,0.00556362482077967,0.0111272496415593),
 .UNSPECIFIED.);
#141=B_SPLINE_CURVE_WITH_KNOTS('',3,(#2137,#2138,#2139,#2140,#2141),
 .UNSPECIFIED.,.F.,.F.,(4,1,4),(0.,0.00556362482077965,0.0111272496415593),
 .UNSPECIFIED.);
#142=B_SPLINE_CURVE_WITH_KNOTS('',3,(#2145,#2146,#2147,#2148,#2149),
 .UNSPECIFIED.,.F.,.F.,(4,1,4),(0.,0.00160985739323552,0.00321971478647105),
 .UNSPECIFIED.);
#143=B_SPLINE_CURVE_WITH_KNOTS('',3,(#2153,#2154,#2155,#2156,#2157),
 .UNSPECIFIED.,.F.,.F.,(4,1,4),(0.,0.00159544647627739,0.00319089295255477),
 .UNSPECIFIED.);
#144=B_SPLINE_CURVE_WITH_KNOTS('',3,(#2182,#2183,#2184,#2185,#2186,#2187,
#2188,#2189,#2190,#2191,#2192),.UNSPECIFIED.,.T.,.F.,(1,1,1,1,1,1,1,1,1,
1,1,1,1,1,1),(-0.0035306048594104,-0.00235373657294027,-0.00117686828647013,
0.,0.00117686828647013,0.00235373657294026,0.0035306048594104,0.00470747314588053,
0.00588434143235066,0.00706120971882079,0.00823807800529093,0.00941494629176106,
0.0105918145782312,0.0117686828647013,0.0129455511511715),.UNSPECIFIED.);
#145=B_SPLINE_CURVE_WITH_KNOTS('',3,(#2215,#2216,#2217,#2218,#2219),
 .UNSPECIFIED.,.F.,.F.,(4,1,4),(0.,0.00244375679811041,0.00488751359622083),
 .UNSPECIFIED.);
#146=B_SPLINE_CURVE_WITH_KNOTS('',3,(#2224,#2225,#2226,#2227,#2228),
 .UNSPECIFIED.,.F.,.F.,(4,1,4),(0.,0.0024437567981104,0.0048875135962208),
 .UNSPECIFIED.);
#147=B_SPLINE_CURVE_WITH_KNOTS('',3,(#2242,#2243,#2244,#2245,#2246),
 .UNSPECIFIED.,.F.,.F.,(4,1,4),(0.,0.00244375679811041,0.00488751359622081),
 .UNSPECIFIED.);
#148=B_SPLINE_CURVE_WITH_KNOTS('',3,(#2251,#2252,#2253,#2254,#2255),
 .UNSPECIFIED.,.F.,.F.,(4,1,4),(0.,0.00244375679811046,0.00488751359622092),
 .UNSPECIFIED.);
#149=B_SPLINE_CURVE_WITH_KNOTS('',3,(#2273,#2274,#2275,#2276),
 .UNSPECIFIED.,.F.,.F.,(4,4),(0.,0.000408687399178901),.UNSPECIFIED.);
#150=B_SPLINE_CURVE_WITH_KNOTS('',3,(#2285,#2286,#2287,#2288),
 .UNSPECIFIED.,.F.,.F.,(4,4),(0.,0.000408687399178897),.UNSPECIFIED.);
#151=B_SPLINE_CURVE_WITH_KNOTS('',3,(#2303,#2304,#2305,#2306),
 .UNSPECIFIED.,.F.,.F.,(4,4),(0.,0.000408687399178898),.UNSPECIFIED.);
#152=B_SPLINE_CURVE_WITH_KNOTS('',3,(#2309,#2310,#2311,#2312),
 .UNSPECIFIED.,.F.,.F.,(4,4),(0.,0.000408687399178901),.UNSPECIFIED.);
#153=B_SPLINE_CURVE_WITH_KNOTS('',3,(#2319,#2320,#2321,#2322,#2323),
 .UNSPECIFIED.,.F.,.F.,(4,1,4),(0.,0.000883340094626887,0.00176668018925377),
 .UNSPECIFIED.);
#154=B_SPLINE_CURVE_WITH_KNOTS('',3,(#2328,#2329,#2330,#2331,#2332),
 .UNSPECIFIED.,.F.,.F.,(4,1,4),(0.,0.000883245373034972,0.00176649074606994),
 .UNSPECIFIED.);
#155=B_SPLINE_CURVE_WITH_KNOTS('',3,(#2334,#2335,#2336,#2337,#2338),
 .UNSPECIFIED.,.F.,.F.,(4,1,4),(0.,0.000883245373034971,0.00176649074606994),
 .UNSPECIFIED.);
#156=B_SPLINE_CURVE_WITH_KNOTS('',3,(#2343,#2344,#2345,#2346,#2347),
 .UNSPECIFIED.,.F.,.F.,(4,1,4),(0.,0.000883340094626888,0.00176668018925378),
 .UNSPECIFIED.);
#157=B_SPLINE_CURVE_WITH_KNOTS('',3,(#2349,#2350,#2351,#2352,#2353),
 .UNSPECIFIED.,.F.,.F.,(4,1,4),(4.9065389333868E-18,0.00557742842430713,
0.0111548568486143),.UNSPECIFIED.);
#158=B_SPLINE_CURVE_WITH_KNOTS('',3,(#2374,#2375,#2376,#2377,#2378),
 .UNSPECIFIED.,.F.,.F.,(4,1,4),(0.,0.000750548887571441,0.00150109777514288),
 .UNSPECIFIED.);
#159=B_SPLINE_CURVE_WITH_KNOTS('',3,(#2416,#2417,#2418,#2419,#2420),
 .UNSPECIFIED.,.F.,.F.,(4,1,4),(0.,0.00075054888757144,0.00150109777514288),
 .UNSPECIFIED.);
#160=B_SPLINE_CURVE_WITH_KNOTS('',3,(#2441,#2442,#2443,#2444,#2445),
 .UNSPECIFIED.,.F.,.F.,(4,1,4),(0.,0.00557742842430722,0.0111548568486144),
 .UNSPECIFIED.);
#161=B_SPLINE_CURVE_WITH_KNOTS('',3,(#2448,#2449,#2450,#2451,#2452),
 .UNSPECIFIED.,.F.,.F.,(4,1,4),(0.,0.00557742842430724,0.0111548568486145),
 .UNSPECIFIED.);
#162=B_SPLINE_CURVE_WITH_KNOTS('',3,(#2473,#2474,#2475,#2476,#2477),
 .UNSPECIFIED.,.F.,.F.,(4,1,4),(0.,0.000750548887571441,0.00150109777514288),
 .UNSPECIFIED.);
#163=B_SPLINE_CURVE_WITH_KNOTS('',3,(#2515,#2516,#2517,#2518,#2519),
 .UNSPECIFIED.,.F.,.F.,(4,1,4),(0.,0.000750548887571441,0.00150109777514288),
 .UNSPECIFIED.);
#164=B_SPLINE_CURVE_WITH_KNOTS('',3,(#2540,#2541,#2542,#2543,#2544),
 .UNSPECIFIED.,.F.,.F.,(4,1,4),(0.,0.00557742842430721,0.0111548568486144),
 .UNSPECIFIED.);
#165=TOROIDAL_SURFACE('',#1392,14.25,3.14793004996432);
#166=TOROIDAL_SURFACE('',#1403,14.25,3.14793004996432);
#167=TOROIDAL_SURFACE('',#1460,19.0787840283389,2.);
#168=TOROIDAL_SURFACE('',#1464,19.0787840283389,2.);
#169=TOROIDAL_SURFACE('',#1492,29.5,1.);
#170=TOROIDAL_SURFACE('',#1495,10.25,1.);
#171=TOROIDAL_SURFACE('',#1500,10.25,1.);
#172=TOROIDAL_SURFACE('',#1505,31.5,1.);
#173=TOROIDAL_SURFACE('',#1509,31.5,1.);
#174=TOROIDAL_SURFACE('',#1513,31.5,1.);
#175=TOROIDAL_SURFACE('',#1518,31.5,1.);
#176=TOROIDAL_SURFACE('',#1522,31.5,1.);
#177=TOROIDAL_SURFACE('',#1526,31.5,1.);
#178=CYLINDRICAL_SURFACE('',#1390,16.1666666666667);
#179=CYLINDRICAL_SURFACE('',#1394,16.1666666666667);
#180=CYLINDRICAL_SURFACE('',#1395,2.5);
#181=CYLINDRICAL_SURFACE('',#1399,12.3333333333333);
#182=CYLINDRICAL_SURFACE('',#1405,12.3333333333333);
#183=CYLINDRICAL_SURFACE('',#1410,8.5);
#184=CYLINDRICAL_SURFACE('',#1412,2.5);
#185=CYLINDRICAL_SURFACE('',#1418,2.5);
#186=CYLINDRICAL_SURFACE('',#1442,30.5);
#187=CYLINDRICAL_SURFACE('',#1458,21.0787840283389);
#188=CYLINDRICAL_SURFACE('',#1466,21.0787840283389);
#189=CYLINDRICAL_SURFACE('',#1470,11.25);
#190=CYLINDRICAL_SURFACE('',#1474,5.25);
#191=CYLINDRICAL_SURFACE('',#1476,11.25);
#192=CYLINDRICAL_SURFACE('',#1480,5.25);
#193=CYLINDRICAL_SURFACE('',#1493,1.);
#194=CYLINDRICAL_SURFACE('',#1497,1.);
#195=CYLINDRICAL_SURFACE('',#1498,1.);
#196=CYLINDRICAL_SURFACE('',#1502,1.);
#197=CYLINDRICAL_SURFACE('',#1503,1.);
#198=CYLINDRICAL_SURFACE('',#1506,1.);
#199=CYLINDRICAL_SURFACE('',#1512,1.);
#200=CYLINDRICAL_SURFACE('',#1515,1.);
#201=CYLINDRICAL_SURFACE('',#1516,1.);
#202=CYLINDRICAL_SURFACE('',#1519,1.);
#203=CYLINDRICAL_SURFACE('',#1525,1.);
#204=CYLINDRICAL_SURFACE('',#1528,1.);
#205=CYLINDRICAL_SURFACE('',#1529,1.5);
#206=CYLINDRICAL_SURFACE('',#1530,2.5);
#207=CYLINDRICAL_SURFACE('',#1536,1.45);
#208=ORIENTED_EDGE('',*,*,#508,.F.);
#209=ORIENTED_EDGE('',*,*,#509,.T.);
#210=ORIENTED_EDGE('',*,*,#510,.F.);
#211=ORIENTED_EDGE('',*,*,#508,.T.);
#212=ORIENTED_EDGE('',*,*,#511,.F.);
#213=ORIENTED_EDGE('',*,*,#510,.T.);
#214=ORIENTED_EDGE('',*,*,#512,.F.);
#215=ORIENTED_EDGE('',*,*,#511,.T.);
#216=ORIENTED_EDGE('',*,*,#513,.F.);
#217=ORIENTED_EDGE('',*,*,#512,.T.);
#218=ORIENTED_EDGE('',*,*,#509,.F.);
#219=ORIENTED_EDGE('',*,*,#513,.T.);
#220=ORIENTED_EDGE('',*,*,#514,.T.);
#221=ORIENTED_EDGE('',*,*,#515,.T.);
#222=ORIENTED_EDGE('',*,*,#516,.T.);
#223=ORIENTED_EDGE('',*,*,#517,.F.);
#224=ORIENTED_EDGE('',*,*,#514,.F.);
#225=ORIENTED_EDGE('',*,*,#518,.T.);
#226=ORIENTED_EDGE('',*,*,#519,.F.);
#227=ORIENTED_EDGE('',*,*,#520,.T.);
#228=ORIENTED_EDGE('',*,*,#521,.T.);
#229=ORIENTED_EDGE('',*,*,#522,.T.);
#230=ORIENTED_EDGE('',*,*,#521,.F.);
#231=ORIENTED_EDGE('',*,*,#523,.T.);
#232=ORIENTED_EDGE('',*,*,#522,.F.);
#233=ORIENTED_EDGE('',*,*,#524,.T.);
#234=ORIENTED_EDGE('',*,*,#525,.T.);
#235=ORIENTED_EDGE('',*,*,#526,.T.);
#236=ORIENTED_EDGE('',*,*,#515,.F.);
#237=ORIENTED_EDGE('',*,*,#527,.F.);
#238=ORIENTED_EDGE('',*,*,#517,.T.);
#239=ORIENTED_EDGE('',*,*,#519,.T.);
#240=ORIENTED_EDGE('',*,*,#527,.T.);
#241=ORIENTED_EDGE('',*,*,#526,.F.);
#242=ORIENTED_EDGE('',*,*,#524,.F.);
#243=ORIENTED_EDGE('',*,*,#525,.F.);
#244=ORIENTED_EDGE('',*,*,#523,.F.);
#245=ORIENTED_EDGE('',*,*,#520,.F.);
#246=ORIENTED_EDGE('',*,*,#518,.F.);
#247=ORIENTED_EDGE('',*,*,#516,.F.);
#248=ORIENTED_EDGE('',*,*,#528,.T.);
#249=ORIENTED_EDGE('',*,*,#529,.T.);
#250=ORIENTED_EDGE('',*,*,#530,.T.);
#251=ORIENTED_EDGE('',*,*,#531,.T.);
#252=ORIENTED_EDGE('',*,*,#528,.F.);
#253=ORIENTED_EDGE('',*,*,#531,.F.);
#254=ORIENTED_EDGE('',*,*,#530,.F.);
#255=ORIENTED_EDGE('',*,*,#529,.F.);
#256=ORIENTED_EDGE('',*,*,#532,.T.);
#257=ORIENTED_EDGE('',*,*,#533,.T.);
#258=ORIENTED_EDGE('',*,*,#534,.F.);
#259=ORIENTED_EDGE('',*,*,#535,.F.);
#260=ORIENTED_EDGE('',*,*,#536,.T.);
#261=ORIENTED_EDGE('',*,*,#537,.T.);
#262=ORIENTED_EDGE('',*,*,#538,.T.);
#263=ORIENTED_EDGE('',*,*,#539,.T.);
#264=ORIENTED_EDGE('',*,*,#540,.T.);
#265=ORIENTED_EDGE('',*,*,#541,.T.);
#266=ORIENTED_EDGE('',*,*,#542,.T.);
#267=ORIENTED_EDGE('',*,*,#543,.T.);
#268=ORIENTED_EDGE('',*,*,#544,.T.);
#269=ORIENTED_EDGE('',*,*,#545,.F.);
#270=ORIENTED_EDGE('',*,*,#546,.F.);
#271=ORIENTED_EDGE('',*,*,#547,.T.);
#272=ORIENTED_EDGE('',*,*,#548,.T.);
#273=ORIENTED_EDGE('',*,*,#549,.T.);
#274=ORIENTED_EDGE('',*,*,#550,.T.);
#275=ORIENTED_EDGE('',*,*,#551,.T.);
#276=ORIENTED_EDGE('',*,*,#552,.F.);
#277=ORIENTED_EDGE('',*,*,#553,.T.);
#278=ORIENTED_EDGE('',*,*,#554,.T.);
#279=ORIENTED_EDGE('',*,*,#555,.T.);
#280=ORIENTED_EDGE('',*,*,#556,.T.);
#281=ORIENTED_EDGE('',*,*,#557,.T.);
#282=ORIENTED_EDGE('',*,*,#558,.T.);
#283=ORIENTED_EDGE('',*,*,#559,.T.);
#284=ORIENTED_EDGE('',*,*,#560,.T.);
#285=ORIENTED_EDGE('',*,*,#561,.T.);
#286=ORIENTED_EDGE('',*,*,#562,.F.);
#287=ORIENTED_EDGE('',*,*,#563,.T.);
#288=ORIENTED_EDGE('',*,*,#564,.T.);
#289=ORIENTED_EDGE('',*,*,#565,.T.);
#290=ORIENTED_EDGE('',*,*,#566,.T.);
#291=ORIENTED_EDGE('',*,*,#567,.T.);
#292=ORIENTED_EDGE('',*,*,#568,.F.);
#293=ORIENTED_EDGE('',*,*,#569,.F.);
#294=ORIENTED_EDGE('',*,*,#570,.F.);
#295=ORIENTED_EDGE('',*,*,#561,.F.);
#296=ORIENTED_EDGE('',*,*,#571,.F.);
#297=ORIENTED_EDGE('',*,*,#572,.F.);
#298=ORIENTED_EDGE('',*,*,#573,.F.);
#299=ORIENTED_EDGE('',*,*,#551,.F.);
#300=ORIENTED_EDGE('',*,*,#574,.T.);
#301=ORIENTED_EDGE('',*,*,#575,.T.);
#302=ORIENTED_EDGE('',*,*,#576,.F.);
#303=ORIENTED_EDGE('',*,*,#577,.T.);
#304=ORIENTED_EDGE('',*,*,#575,.F.);
#305=ORIENTED_EDGE('',*,*,#578,.T.);
#306=ORIENTED_EDGE('',*,*,#577,.F.);
#307=ORIENTED_EDGE('',*,*,#579,.F.);
#308=ORIENTED_EDGE('',*,*,#580,.T.);
#309=ORIENTED_EDGE('',*,*,#578,.F.);
#310=ORIENTED_EDGE('',*,*,#581,.T.);
#311=ORIENTED_EDGE('',*,*,#580,.F.);
#312=ORIENTED_EDGE('',*,*,#545,.T.);
#313=ORIENTED_EDGE('',*,*,#581,.F.);
#314=ORIENTED_EDGE('',*,*,#582,.F.);
#315=ORIENTED_EDGE('',*,*,#583,.T.);
#316=ORIENTED_EDGE('',*,*,#584,.T.);
#317=ORIENTED_EDGE('',*,*,#585,.F.);
#318=ORIENTED_EDGE('',*,*,#586,.F.);
#319=ORIENTED_EDGE('',*,*,#587,.T.);
#320=ORIENTED_EDGE('',*,*,#588,.T.);
#321=ORIENTED_EDGE('',*,*,#534,.T.);
#322=ORIENTED_EDGE('',*,*,#589,.T.);
#323=ORIENTED_EDGE('',*,*,#590,.T.);
#324=ORIENTED_EDGE('',*,*,#569,.T.);
#325=ORIENTED_EDGE('',*,*,#591,.F.);
#326=ORIENTED_EDGE('',*,*,#592,.T.);
#327=ORIENTED_EDGE('',*,*,#582,.T.);
#328=ORIENTED_EDGE('',*,*,#550,.F.);
#329=ORIENTED_EDGE('',*,*,#593,.T.);
#330=ORIENTED_EDGE('',*,*,#591,.T.);
#331=ORIENTED_EDGE('',*,*,#568,.T.);
#332=ORIENTED_EDGE('',*,*,#590,.F.);
#333=ORIENTED_EDGE('',*,*,#594,.T.);
#334=ORIENTED_EDGE('',*,*,#562,.T.);
#335=ORIENTED_EDGE('',*,*,#570,.T.);
#336=ORIENTED_EDGE('',*,*,#576,.T.);
#337=ORIENTED_EDGE('',*,*,#595,.T.);
#338=ORIENTED_EDGE('',*,*,#596,.F.);
#339=ORIENTED_EDGE('',*,*,#597,.T.);
#340=ORIENTED_EDGE('',*,*,#598,.T.);
#341=ORIENTED_EDGE('',*,*,#542,.F.);
#342=ORIENTED_EDGE('',*,*,#599,.T.);
#343=ORIENTED_EDGE('',*,*,#600,.T.);
#344=ORIENTED_EDGE('',*,*,#572,.T.);
#345=ORIENTED_EDGE('',*,*,#601,.F.);
#346=ORIENTED_EDGE('',*,*,#602,.T.);
#347=ORIENTED_EDGE('',*,*,#539,.F.);
#348=ORIENTED_EDGE('',*,*,#560,.F.);
#349=ORIENTED_EDGE('',*,*,#603,.T.);
#350=ORIENTED_EDGE('',*,*,#601,.T.);
#351=ORIENTED_EDGE('',*,*,#571,.T.);
#352=ORIENTED_EDGE('',*,*,#600,.F.);
#353=ORIENTED_EDGE('',*,*,#604,.T.);
#354=ORIENTED_EDGE('',*,*,#552,.T.);
#355=ORIENTED_EDGE('',*,*,#573,.T.);
#356=ORIENTED_EDGE('',*,*,#574,.F.);
#357=ORIENTED_EDGE('',*,*,#605,.F.);
#358=ORIENTED_EDGE('',*,*,#605,.T.);
#359=ORIENTED_EDGE('',*,*,#606,.T.);
#360=ORIENTED_EDGE('',*,*,#607,.T.);
#361=ORIENTED_EDGE('',*,*,#608,.T.);
#362=ORIENTED_EDGE('',*,*,#609,.T.);
#363=ORIENTED_EDGE('',*,*,#610,.T.);
#364=ORIENTED_EDGE('',*,*,#611,.T.);
#365=ORIENTED_EDGE('',*,*,#612,.T.);
#366=ORIENTED_EDGE('',*,*,#596,.T.);
#367=ORIENTED_EDGE('',*,*,#538,.F.);
#368=ORIENTED_EDGE('',*,*,#613,.T.);
#369=ORIENTED_EDGE('',*,*,#614,.T.);
#370=ORIENTED_EDGE('',*,*,#543,.F.);
#371=ORIENTED_EDGE('',*,*,#598,.F.);
#372=ORIENTED_EDGE('',*,*,#615,.T.);
#373=ORIENTED_EDGE('',*,*,#595,.F.);
#374=ORIENTED_EDGE('',*,*,#616,.T.);
#375=ORIENTED_EDGE('',*,*,#617,.T.);
#376=ORIENTED_EDGE('',*,*,#618,.T.);
#377=ORIENTED_EDGE('',*,*,#619,.T.);
#378=ORIENTED_EDGE('',*,*,#620,.T.);
#379=ORIENTED_EDGE('',*,*,#621,.T.);
#380=ORIENTED_EDGE('',*,*,#535,.T.);
#381=ORIENTED_EDGE('',*,*,#588,.F.);
#382=ORIENTED_EDGE('',*,*,#622,.T.);
#383=ORIENTED_EDGE('',*,*,#623,.T.);
#384=ORIENTED_EDGE('',*,*,#624,.T.);
#385=ORIENTED_EDGE('',*,*,#625,.T.);
#386=ORIENTED_EDGE('',*,*,#586,.T.);
#387=ORIENTED_EDGE('',*,*,#585,.T.);
#388=ORIENTED_EDGE('',*,*,#547,.F.);
#389=ORIENTED_EDGE('',*,*,#544,.F.);
#390=ORIENTED_EDGE('',*,*,#608,.F.);
#391=ORIENTED_EDGE('',*,*,#626,.T.);
#392=ORIENTED_EDGE('',*,*,#615,.F.);
#393=ORIENTED_EDGE('',*,*,#627,.F.);
#394=ORIENTED_EDGE('',*,*,#627,.T.);
#395=ORIENTED_EDGE('',*,*,#597,.F.);
#396=ORIENTED_EDGE('',*,*,#628,.F.);
#397=ORIENTED_EDGE('',*,*,#609,.F.);
#398=ORIENTED_EDGE('',*,*,#612,.F.);
#399=ORIENTED_EDGE('',*,*,#629,.T.);
#400=ORIENTED_EDGE('',*,*,#606,.F.);
#401=ORIENTED_EDGE('',*,*,#628,.T.);
#402=ORIENTED_EDGE('',*,*,#625,.F.);
#403=ORIENTED_EDGE('',*,*,#630,.T.);
#404=ORIENTED_EDGE('',*,*,#616,.F.);
#405=ORIENTED_EDGE('',*,*,#631,.F.);
#406=ORIENTED_EDGE('',*,*,#631,.T.);
#407=ORIENTED_EDGE('',*,*,#619,.F.);
#408=ORIENTED_EDGE('',*,*,#632,.F.);
#409=ORIENTED_EDGE('',*,*,#587,.F.);
#410=ORIENTED_EDGE('',*,*,#618,.F.);
#411=ORIENTED_EDGE('',*,*,#633,.T.);
#412=ORIENTED_EDGE('',*,*,#622,.F.);
#413=ORIENTED_EDGE('',*,*,#632,.T.);
#414=ORIENTED_EDGE('',*,*,#592,.F.);
#415=ORIENTED_EDGE('',*,*,#593,.F.);
#416=ORIENTED_EDGE('',*,*,#634,.F.);
#417=ORIENTED_EDGE('',*,*,#583,.F.);
#418=ORIENTED_EDGE('',*,*,#634,.T.);
#419=ORIENTED_EDGE('',*,*,#549,.F.);
#420=ORIENTED_EDGE('',*,*,#635,.F.);
#421=ORIENTED_EDGE('',*,*,#636,.F.);
#422=ORIENTED_EDGE('',*,*,#623,.F.);
#423=ORIENTED_EDGE('',*,*,#584,.F.);
#424=ORIENTED_EDGE('',*,*,#635,.T.);
#425=ORIENTED_EDGE('',*,*,#548,.F.);
#426=ORIENTED_EDGE('',*,*,#624,.F.);
#427=ORIENTED_EDGE('',*,*,#636,.T.);
#428=ORIENTED_EDGE('',*,*,#637,.F.);
#429=ORIENTED_EDGE('',*,*,#637,.T.);
#430=ORIENTED_EDGE('',*,*,#567,.F.);
#431=ORIENTED_EDGE('',*,*,#638,.F.);
#432=ORIENTED_EDGE('',*,*,#630,.F.);
#433=ORIENTED_EDGE('',*,*,#638,.T.);
#434=ORIENTED_EDGE('',*,*,#566,.F.);
#435=ORIENTED_EDGE('',*,*,#639,.F.);
#436=ORIENTED_EDGE('',*,*,#617,.F.);
#437=ORIENTED_EDGE('',*,*,#640,.F.);
#438=ORIENTED_EDGE('',*,*,#633,.F.);
#439=ORIENTED_EDGE('',*,*,#639,.T.);
#440=ORIENTED_EDGE('',*,*,#565,.F.);
#441=ORIENTED_EDGE('',*,*,#620,.F.);
#442=ORIENTED_EDGE('',*,*,#640,.T.);
#443=ORIENTED_EDGE('',*,*,#641,.F.);
#444=ORIENTED_EDGE('',*,*,#641,.T.);
#445=ORIENTED_EDGE('',*,*,#564,.F.);
#446=ORIENTED_EDGE('',*,*,#642,.F.);
#447=ORIENTED_EDGE('',*,*,#532,.F.);
#448=ORIENTED_EDGE('',*,*,#621,.F.);
#449=ORIENTED_EDGE('',*,*,#642,.T.);
#450=ORIENTED_EDGE('',*,*,#563,.F.);
#451=ORIENTED_EDGE('',*,*,#643,.F.);
#452=ORIENTED_EDGE('',*,*,#643,.T.);
#453=ORIENTED_EDGE('',*,*,#594,.F.);
#454=ORIENTED_EDGE('',*,*,#589,.F.);
#455=ORIENTED_EDGE('',*,*,#533,.F.);
#456=ORIENTED_EDGE('',*,*,#602,.F.);
#457=ORIENTED_EDGE('',*,*,#603,.F.);
#458=ORIENTED_EDGE('',*,*,#644,.F.);
#459=ORIENTED_EDGE('',*,*,#536,.F.);
#460=ORIENTED_EDGE('',*,*,#644,.T.);
#461=ORIENTED_EDGE('',*,*,#559,.F.);
#462=ORIENTED_EDGE('',*,*,#645,.F.);
#463=ORIENTED_EDGE('',*,*,#646,.F.);
#464=ORIENTED_EDGE('',*,*,#610,.F.);
#465=ORIENTED_EDGE('',*,*,#537,.F.);
#466=ORIENTED_EDGE('',*,*,#645,.T.);
#467=ORIENTED_EDGE('',*,*,#558,.F.);
#468=ORIENTED_EDGE('',*,*,#611,.F.);
#469=ORIENTED_EDGE('',*,*,#646,.T.);
#470=ORIENTED_EDGE('',*,*,#647,.F.);
#471=ORIENTED_EDGE('',*,*,#647,.T.);
#472=ORIENTED_EDGE('',*,*,#557,.F.);
#473=ORIENTED_EDGE('',*,*,#648,.F.);
#474=ORIENTED_EDGE('',*,*,#629,.F.);
#475=ORIENTED_EDGE('',*,*,#648,.T.);
#476=ORIENTED_EDGE('',*,*,#556,.F.);
#477=ORIENTED_EDGE('',*,*,#649,.F.);
#478=ORIENTED_EDGE('',*,*,#607,.F.);
#479=ORIENTED_EDGE('',*,*,#650,.F.);
#480=ORIENTED_EDGE('',*,*,#626,.F.);
#481=ORIENTED_EDGE('',*,*,#649,.T.);
#482=ORIENTED_EDGE('',*,*,#555,.F.);
#483=ORIENTED_EDGE('',*,*,#613,.F.);
#484=ORIENTED_EDGE('',*,*,#650,.T.);
#485=ORIENTED_EDGE('',*,*,#651,.F.);
#486=ORIENTED_EDGE('',*,*,#651,.T.);
#487=ORIENTED_EDGE('',*,*,#554,.F.);
#488=ORIENTED_EDGE('',*,*,#652,.F.);
#489=ORIENTED_EDGE('',*,*,#540,.F.);
#490=ORIENTED_EDGE('',*,*,#614,.F.);
#491=ORIENTED_EDGE('',*,*,#652,.T.);
#492=ORIENTED_EDGE('',*,*,#553,.F.);
#493=ORIENTED_EDGE('',*,*,#653,.F.);
#494=ORIENTED_EDGE('',*,*,#653,.T.);
#495=ORIENTED_EDGE('',*,*,#604,.F.);
#496=ORIENTED_EDGE('',*,*,#599,.F.);
#497=ORIENTED_EDGE('',*,*,#541,.F.);
#498=ORIENTED_EDGE('',*,*,#579,.T.);
#499=ORIENTED_EDGE('',*,*,#546,.T.);
#500=ORIENTED_EDGE('',*,*,#654,.F.);
#501=ORIENTED_EDGE('',*,*,#655,.T.);
#502=ORIENTED_EDGE('',*,*,#654,.T.);
#503=ORIENTED_EDGE('',*,*,#656,.F.);
#504=ORIENTED_EDGE('',*,*,#657,.F.);
#505=ORIENTED_EDGE('',*,*,#656,.T.);
#506=ORIENTED_EDGE('',*,*,#655,.F.);
#507=ORIENTED_EDGE('',*,*,#657,.T.);
#508=EDGE_CURVE('',#898,#898,#658,.T.);
#509=EDGE_CURVE('',#899,#899,#659,.T.);
#510=EDGE_CURVE('',#900,#900,#660,.T.);
#511=EDGE_CURVE('',#901,#901,#661,.T.);
#512=EDGE_CURVE('',#902,#902,#662,.T.);
#513=EDGE_CURVE('',#903,#903,#663,.T.);
#514=EDGE_CURVE('',#904,#904,#131,.T.);
#515=EDGE_CURVE('',#905,#905,#132,.T.);
#516=EDGE_CURVE('',#906,#906,#664,.T.);
#517=EDGE_CURVE('',#907,#907,#665,.T.);
#518=EDGE_CURVE('',#904,#908,#666,.F.);
#519=EDGE_CURVE('',#908,#908,#133,.T.);
#520=EDGE_CURVE('',#908,#904,#667,.F.);
#521=EDGE_CURVE('',#909,#909,#668,.T.);
#522=EDGE_CURVE('',#910,#910,#669,.T.);
#523=EDGE_CURVE('',#911,#911,#670,.F.);
#524=EDGE_CURVE('',#912,#912,#671,.F.);
#525=EDGE_CURVE('',#913,#913,#672,.T.);
#526=EDGE_CURVE('',#914,#914,#673,.T.);
#527=EDGE_CURVE('',#915,#915,#134,.T.);
#528=EDGE_CURVE('',#917,#917,#674,.F.);
#529=EDGE_CURVE('',#918,#918,#675,.T.);
#530=EDGE_CURVE('',#919,#919,#676,.F.);
#531=EDGE_CURVE('',#920,#920,#677,.T.);
#532=EDGE_CURVE('',#921,#922,#678,.F.);
#533=EDGE_CURVE('',#922,#923,#26,.T.);
#534=EDGE_CURVE('',#924,#923,#679,.T.);
#535=EDGE_CURVE('',#921,#924,#27,.T.);
#536=EDGE_CURVE('',#925,#926,#28,.T.);
#537=EDGE_CURVE('',#926,#927,#680,.F.);
#538=EDGE_CURVE('',#927,#928,#29,.T.);
#539=EDGE_CURVE('',#928,#925,#681,.F.);
#540=EDGE_CURVE('',#929,#930,#682,.F.);
#541=EDGE_CURVE('',#930,#931,#30,.T.);
#542=EDGE_CURVE('',#931,#932,#683,.F.);
#543=EDGE_CURVE('',#932,#929,#31,.T.);
#544=EDGE_CURVE('',#933,#933,#684,.T.);
#545=EDGE_CURVE('',#934,#934,#685,.T.);
#546=EDGE_CURVE('',#935,#935,#135,.T.);
#547=EDGE_CURVE('',#936,#936,#686,.F.);
#548=EDGE_CURVE('',#937,#938,#687,.T.);
#549=EDGE_CURVE('',#938,#939,#136,.T.);
#550=EDGE_CURVE('',#939,#940,#32,.T.);
#551=EDGE_CURVE('',#940,#941,#688,.T.);
#552=EDGE_CURVE('',#942,#941,#33,.T.);
#553=EDGE_CURVE('',#942,#943,#137,.F.);
#554=EDGE_CURVE('',#943,#944,#689,.T.);
#555=EDGE_CURVE('',#944,#945,#138,.T.);
#556=EDGE_CURVE('',#945,#946,#690,.T.);
#557=EDGE_CURVE('',#946,#947,#139,.T.);
#558=EDGE_CURVE('',#947,#948,#691,.T.);
#559=EDGE_CURVE('',#948,#949,#140,.T.);
#560=EDGE_CURVE('',#949,#950,#34,.T.);
#561=EDGE_CURVE('',#950,#951,#692,.T.);
#562=EDGE_CURVE('',#952,#951,#35,.T.);
#563=EDGE_CURVE('',#952,#953,#141,.F.);
#564=EDGE_CURVE('',#953,#954,#693,.T.);
#565=EDGE_CURVE('',#954,#955,#142,.T.);
#566=EDGE_CURVE('',#955,#956,#694,.F.);
#567=EDGE_CURVE('',#956,#937,#143,.T.);
#568=EDGE_CURVE('',#957,#940,#36,.T.);
#569=EDGE_CURVE('',#958,#957,#695,.T.);
#570=EDGE_CURVE('',#951,#958,#37,.T.);
#571=EDGE_CURVE('',#959,#950,#38,.T.);
#572=EDGE_CURVE('',#960,#959,#696,.T.);
#573=EDGE_CURVE('',#941,#960,#39,.T.);
#574=EDGE_CURVE('',#961,#961,#697,.T.);
#575=EDGE_CURVE('',#962,#962,#698,.T.);
#576=EDGE_CURVE('',#963,#963,#699,.T.);
#577=EDGE_CURVE('',#964,#964,#700,.T.);
#578=EDGE_CURVE('',#965,#965,#701,.T.);
#579=EDGE_CURVE('',#966,#966,#144,.T.);
#580=EDGE_CURVE('',#967,#967,#702,.T.);
#581=EDGE_CURVE('',#968,#968,#703,.T.);
#582=EDGE_CURVE('',#969,#970,#704,.T.);
#583=EDGE_CURVE('',#969,#971,#40,.T.);
#584=EDGE_CURVE('',#971,#972,#705,.F.);
#585=EDGE_CURVE('',#970,#972,#41,.T.);
#586=EDGE_CURVE('',#973,#970,#42,.T.);
#587=EDGE_CURVE('',#973,#974,#706,.T.);
#588=EDGE_CURVE('',#974,#924,#43,.T.);
#589=EDGE_CURVE('',#923,#975,#145,.T.);
#590=EDGE_CURVE('',#975,#958,#44,.T.);
#591=EDGE_CURVE('',#976,#957,#45,.T.);
#592=EDGE_CURVE('',#976,#969,#146,.F.);
#593=EDGE_CURVE('',#939,#976,#46,.F.);
#594=EDGE_CURVE('',#975,#952,#47,.F.);
#595=EDGE_CURVE('',#977,#977,#707,.T.);
#596=EDGE_CURVE('',#978,#928,#48,.T.);
#597=EDGE_CURVE('',#978,#979,#708,.F.);
#598=EDGE_CURVE('',#979,#932,#49,.T.);
#599=EDGE_CURVE('',#931,#980,#147,.T.);
#600=EDGE_CURVE('',#980,#960,#50,.T.);
#601=EDGE_CURVE('',#981,#959,#51,.T.);
#602=EDGE_CURVE('',#981,#925,#148,.F.);
#603=EDGE_CURVE('',#949,#981,#52,.F.);
#604=EDGE_CURVE('',#980,#942,#53,.F.);
#605=EDGE_CURVE('',#982,#982,#709,.T.);
#606=EDGE_CURVE('',#983,#984,#54,.T.);
#607=EDGE_CURVE('',#984,#985,#710,.F.);
#608=EDGE_CURVE('',#985,#986,#55,.T.);
#609=EDGE_CURVE('',#986,#983,#711,.T.);
#610=EDGE_CURVE('',#927,#987,#149,.T.);
#611=EDGE_CURVE('',#987,#988,#56,.T.);
#612=EDGE_CURVE('',#988,#978,#57,.F.);
#613=EDGE_CURVE('',#989,#990,#58,.F.);
#614=EDGE_CURVE('',#990,#929,#150,.T.);
#615=EDGE_CURVE('',#979,#989,#59,.F.);
#616=EDGE_CURVE('',#991,#992,#60,.F.);
#617=EDGE_CURVE('',#992,#993,#712,.T.);
#618=EDGE_CURVE('',#993,#994,#61,.F.);
#619=EDGE_CURVE('',#994,#991,#713,.F.);
#620=EDGE_CURVE('',#995,#996,#62,.T.);
#621=EDGE_CURVE('',#996,#921,#151,.T.);
#622=EDGE_CURVE('',#974,#995,#63,.T.);
#623=EDGE_CURVE('',#972,#997,#152,.T.);
#624=EDGE_CURVE('',#997,#998,#64,.F.);
#625=EDGE_CURVE('',#998,#973,#65,.T.);
#626=EDGE_CURVE('',#985,#989,#153,.T.);
#627=EDGE_CURVE('',#986,#979,#714,.T.);
#628=EDGE_CURVE('',#983,#978,#715,.T.);
#629=EDGE_CURVE('',#988,#984,#154,.T.);
#630=EDGE_CURVE('',#998,#992,#155,.T.);
#631=EDGE_CURVE('',#973,#991,#716,.T.);
#632=EDGE_CURVE('',#974,#994,#717,.T.);
#633=EDGE_CURVE('',#993,#995,#156,.T.);
#634=EDGE_CURVE('',#971,#939,#157,.T.);
#635=EDGE_CURVE('',#971,#938,#718,.T.);
#636=EDGE_CURVE('',#997,#937,#158,.T.);
#637=EDGE_CURVE('',#998,#937,#719,.T.);
#638=EDGE_CURVE('',#992,#956,#720,.T.);
#639=EDGE_CURVE('',#993,#955,#721,.T.);
#640=EDGE_CURVE('',#995,#954,#722,.T.);
#641=EDGE_CURVE('',#996,#954,#159,.T.);
#642=EDGE_CURVE('',#922,#953,#723,.T.);
#643=EDGE_CURVE('',#922,#952,#160,.T.);
#644=EDGE_CURVE('',#926,#949,#161,.T.);
#645=EDGE_CURVE('',#926,#948,#724,.T.);
#646=EDGE_CURVE('',#987,#947,#162,.T.);
#647=EDGE_CURVE('',#988,#947,#725,.T.);
#648=EDGE_CURVE('',#984,#946,#726,.T.);
#649=EDGE_CURVE('',#985,#945,#727,.T.);
#650=EDGE_CURVE('',#989,#944,#728,.T.);
#651=EDGE_CURVE('',#990,#944,#163,.T.);
#652=EDGE_CURVE('',#930,#943,#729,.T.);
#653=EDGE_CURVE('',#930,#942,#164,.T.);
#654=EDGE_CURVE('',#999,#999,#730,.T.);
#655=EDGE_CURVE('',#1000,#1000,#731,.T.);
#656=EDGE_CURVE('',#1001,#1001,#732,.T.);
#657=EDGE_CURVE('',#1002,#1002,#733,.T.);
#658=CIRCLE('',#1384,19.0787840283389);
#659=CIRCLE('',#1385,16.1666666666667);
#660=CIRCLE('',#1387,19.0787840283389);
#661=CIRCLE('',#1389,16.1666666666667);
#662=CIRCLE('',#1391,16.1666666666667);
#663=CIRCLE('',#1393,16.1666666666667);
#664=CIRCLE('',#1397,11.3333333333333);
#665=CIRCLE('',#1398,8.5);
#666=CIRCLE('',#1400,12.3333333333333);
#667=CIRCLE('',#1401,12.3333333333333);
#668=CIRCLE('',#1402,12.3333333333333);
#669=CIRCLE('',#1404,12.3333333333333);
#670=CIRCLE('',#1406,12.3333333333333);
#671=CIRCLE('',#1408,9.5);
#672=CIRCLE('',#1409,11.3333333333333);
#673=CIRCLE('',#1411,8.5);
#674=CIRCLE('',#1419,2.5);
#675=CIRCLE('',#1420,2.5);
#676=CIRCLE('',#1422,1.5);
#677=CIRCLE('',#1424,1.5);
#678=CIRCLE('',#1431,31.5);
#679=CIRCLE('',#1432,11.25);
#680=CIRCLE('',#1434,31.5);
#681=CIRCLE('',#1435,11.25);
#682=CIRCLE('',#1437,31.5);
#683=CIRCLE('',#1438,11.25);
#684=CIRCLE('',#1440,29.5);
#685=CIRCLE('',#1441,21.0787840283389);
#686=CIRCLE('',#1443,30.5);
#687=CIRCLE('',#1444,30.5);
#688=CIRCLE('',#1445,30.5);
#689=CIRCLE('',#1446,30.5);
#690=CIRCLE('',#1447,30.5);
#691=CIRCLE('',#1448,30.5);
#692=CIRCLE('',#1449,30.5);
#693=CIRCLE('',#1450,30.5);
#694=CIRCLE('',#1451,30.5);
#695=CIRCLE('',#1453,11.25);
#696=CIRCLE('',#1454,11.25);
#697=CIRCLE('',#1455,5.25);
#698=CIRCLE('',#1456,21.0787840283389);
#699=CIRCLE('',#1457,5.25);
#700=CIRCLE('',#1459,21.0787840283389);
#701=CIRCLE('',#1461,19.0787840283389);
#702=CIRCLE('',#1463,19.0787840283389);
#703=CIRCLE('',#1465,21.0787840283389);
#704=CIRCLE('',#1468,11.25);
#705=CIRCLE('',#1469,31.5);
#706=CIRCLE('',#1471,11.25);
#707=CIRCLE('',#1475,5.25);
#708=CIRCLE('',#1477,11.25);
#709=CIRCLE('',#1481,5.25);
#710=CIRCLE('',#1483,31.5);
#711=CIRCLE('',#1484,10.25);
#712=CIRCLE('',#1488,31.5);
#713=CIRCLE('',#1489,10.25);
#714=CIRCLE('',#1494,1.);
#715=CIRCLE('',#1496,1.);
#716=CIRCLE('',#1499,1.);
#717=CIRCLE('',#1501,1.);
#718=CIRCLE('',#1504,1.);
#719=CIRCLE('',#1507,1.);
#720=CIRCLE('',#1508,1.);
#721=CIRCLE('',#1510,1.);
#722=CIRCLE('',#1511,1.);
#723=CIRCLE('',#1514,1.);
#724=CIRCLE('',#1517,1.);
#725=CIRCLE('',#1520,1.);
#726=CIRCLE('',#1521,1.);
#727=CIRCLE('',#1523,1.);
#728=CIRCLE('',#1524,1.);
#729=CIRCLE('',#1527,1.);
#730=CIRCLE('',#1531,2.5);
#731=CIRCLE('',#1532,2.5);
#732=CIRCLE('',#1535,1.45);
#733=CIRCLE('',#1537,1.45);
#734=EDGE_LOOP('',(#208));
#735=EDGE_LOOP('',(#209));
#736=EDGE_LOOP('',(#210));
#737=EDGE_LOOP('',(#211));
#738=EDGE_LOOP('',(#212));
#739=EDGE_LOOP('',(#213));
#740=EDGE_LOOP('',(#214));
#741=EDGE_LOOP('',(#215));
#742=EDGE_LOOP('',(#216));
#743=EDGE_LOOP('',(#217));
#744=EDGE_LOOP('',(#218));
#745=EDGE_LOOP('',(#219));
#746=EDGE_LOOP('',(#220));
#747=EDGE_LOOP('',(#221));
#748=EDGE_LOOP('',(#222));
#749=EDGE_LOOP('',(#223));
#750=EDGE_LOOP('',(#224,#225,#226,#227));
#751=EDGE_LOOP('',(#228));
#752=EDGE_LOOP('',(#229));
#753=EDGE_LOOP('',(#230));
#754=EDGE_LOOP('',(#231));
#755=EDGE_LOOP('',(#232));
#756=EDGE_LOOP('',(#233));
#757=EDGE_LOOP('',(#234));
#758=EDGE_LOOP('',(#235));
#759=EDGE_LOOP('',(#236));
#760=EDGE_LOOP('',(#237));
#761=EDGE_LOOP('',(#238));
#762=EDGE_LOOP('',(#239));
#763=EDGE_LOOP('',(#240));
#764=EDGE_LOOP('',(#241));
#765=EDGE_LOOP('',(#242));
#766=EDGE_LOOP('',(#243));
#767=EDGE_LOOP('',(#244));
#768=EDGE_LOOP('',(#245,#246));
#769=EDGE_LOOP('',(#247));
#770=EDGE_LOOP('',(#248));
#771=EDGE_LOOP('',(#249));
#772=EDGE_LOOP('',(#250));
#773=EDGE_LOOP('',(#251));
#774=EDGE_LOOP('',(#252));
#775=EDGE_LOOP('',(#253));
#776=EDGE_LOOP('',(#254));
#777=EDGE_LOOP('',(#255));
#778=EDGE_LOOP('',(#256,#257,#258,#259));
#779=EDGE_LOOP('',(#260,#261,#262,#263));
#780=EDGE_LOOP('',(#264,#265,#266,#267));
#781=EDGE_LOOP('',(#268));
#782=EDGE_LOOP('',(#269));
#783=EDGE_LOOP('',(#270));
#784=EDGE_LOOP('',(#271));
#785=EDGE_LOOP('',(#272,#273,#274,#275,#276,#277,#278,#279,#280,#281,#282,
#283,#284,#285,#286,#287,#288,#289,#290,#291));
#786=EDGE_LOOP('',(#292,#293,#294,#295,#296,#297,#298,#299));
#787=EDGE_LOOP('',(#300));
#788=EDGE_LOOP('',(#301));
#789=EDGE_LOOP('',(#302));
#790=EDGE_LOOP('',(#303));
#791=EDGE_LOOP('',(#304));
#792=EDGE_LOOP('',(#305));
#793=EDGE_LOOP('',(#306));
#794=EDGE_LOOP('',(#307));
#795=EDGE_LOOP('',(#308));
#796=EDGE_LOOP('',(#309));
#797=EDGE_LOOP('',(#310));
#798=EDGE_LOOP('',(#311));
#799=EDGE_LOOP('',(#312));
#800=EDGE_LOOP('',(#313));
#801=EDGE_LOOP('',(#314,#315,#316,#317));
#802=EDGE_LOOP('',(#318,#319,#320,#321,#322,#323,#324,#325,#326,#327));
#803=EDGE_LOOP('',(#328,#329,#330,#331));
#804=EDGE_LOOP('',(#332,#333,#334,#335));
#805=EDGE_LOOP('',(#336));
#806=EDGE_LOOP('',(#337));
#807=EDGE_LOOP('',(#338,#339,#340,#341,#342,#343,#344,#345,#346,#347));
#808=EDGE_LOOP('',(#348,#349,#350,#351));
#809=EDGE_LOOP('',(#352,#353,#354,#355));
#810=EDGE_LOOP('',(#356));
#811=EDGE_LOOP('',(#357));
#812=EDGE_LOOP('',(#358));
#813=EDGE_LOOP('',(#359,#360,#361,#362));
#814=EDGE_LOOP('',(#363,#364,#365,#366,#367));
#815=EDGE_LOOP('',(#368,#369,#370,#371,#372));
#816=EDGE_LOOP('',(#373));
#817=EDGE_LOOP('',(#374,#375,#376,#377));
#818=EDGE_LOOP('',(#378,#379,#380,#381,#382));
#819=EDGE_LOOP('',(#383,#384,#385,#386,#387));
#820=EDGE_LOOP('',(#388));
#821=EDGE_LOOP('',(#389));
#822=EDGE_LOOP('',(#390,#391,#392,#393));
#823=EDGE_LOOP('',(#394,#395,#396,#397));
#824=EDGE_LOOP('',(#398,#399,#400,#401));
#825=EDGE_LOOP('',(#402,#403,#404,#405));
#826=EDGE_LOOP('',(#406,#407,#408,#409));
#827=EDGE_LOOP('',(#410,#411,#412,#413));
#828=EDGE_LOOP('',(#414,#415,#416,#417));
#829=EDGE_LOOP('',(#418,#419,#420));
#830=EDGE_LOOP('',(#421,#422,#423,#424,#425));
#831=EDGE_LOOP('',(#426,#427,#428));
#832=EDGE_LOOP('',(#429,#430,#431,#432));
#833=EDGE_LOOP('',(#433,#434,#435,#436));
#834=EDGE_LOOP('',(#437,#438,#439,#440));
#835=EDGE_LOOP('',(#441,#442,#443));
#836=EDGE_LOOP('',(#444,#445,#446,#447,#448));
#837=EDGE_LOOP('',(#449,#450,#451));
#838=EDGE_LOOP('',(#452,#453,#454,#455));
#839=EDGE_LOOP('',(#456,#457,#458,#459));
#840=EDGE_LOOP('',(#460,#461,#462));
#841=EDGE_LOOP('',(#463,#464,#465,#466,#467));
#842=EDGE_LOOP('',(#468,#469,#470));
#843=EDGE_LOOP('',(#471,#472,#473,#474));
#844=EDGE_LOOP('',(#475,#476,#477,#478));
#845=EDGE_LOOP('',(#479,#480,#481,#482));
#846=EDGE_LOOP('',(#483,#484,#485));
#847=EDGE_LOOP('',(#486,#487,#488,#489,#490));
#848=EDGE_LOOP('',(#491,#492,#493));
#849=EDGE_LOOP('',(#494,#495,#496,#497));
#850=EDGE_LOOP('',(#498));
#851=EDGE_LOOP('',(#499));
#852=EDGE_LOOP('',(#500));
#853=EDGE_LOOP('',(#501));
#854=EDGE_LOOP('',(#502));
#855=EDGE_LOOP('',(#503));
#856=EDGE_LOOP('',(#504));
#857=EDGE_LOOP('',(#505));
#858=EDGE_LOOP('',(#506));
#859=EDGE_LOOP('',(#507));
#860=PLANE('',#1383);
#861=PLANE('',#1388);
#862=PLANE('',#1396);
#863=PLANE('',#1407);
#864=PLANE('',#1421);
#865=PLANE('',#1423);
#866=PLANE('',#1430);
#867=PLANE('',#1433);
#868=PLANE('',#1436);
#869=PLANE('',#1439);
#870=PLANE('',#1452);
#871=PLANE('',#1467);
#872=PLANE('',#1472);
#873=PLANE('',#1473);
#874=PLANE('',#1478);
#875=PLANE('',#1479);
#876=PLANE('',#1482);
#877=PLANE('',#1485);
#878=PLANE('',#1486);
#879=PLANE('',#1487);
#880=PLANE('',#1490);
#881=PLANE('',#1491);
#882=PLANE('',#1533);
#883=PLANE('',#1534);
#884=PLANE('',#1538);
#885=SHAPE_REPRESENTATION_RELATIONSHIP('','',#1370,#888);
#886=SHAPE_REPRESENTATION_RELATIONSHIP('','',#1372,#889);
#887=SHAPE_REPRESENTATION_RELATIONSHIP('','',#1374,#890);
#888=ADVANCED_BREP_SHAPE_REPRESENTATION('',(#1352,#1353,#1354,#1355,#1356,
#1357,#1358,#1359,#1360,#1361),#2564);
#889=ADVANCED_BREP_SHAPE_REPRESENTATION('',(#1362),#2565);
#890=ADVANCED_BREP_SHAPE_REPRESENTATION('',(#1363,#1364),#2566);
#891=VERTEX_POINT('',#1912);
#892=VERTEX_POINT('',#1914);
#893=VERTEX_POINT('',#1916);
#894=VERTEX_POINT('',#1918);
#895=VERTEX_POINT('',#1920);
#896=VERTEX_POINT('',#1922);
#897=VERTEX_POINT('',#1924);
#898=VERTEX_POINT('',#1927);
#899=VERTEX_POINT('',#1929);
#900=VERTEX_POINT('',#1932);
#901=VERTEX_POINT('',#1935);
#902=VERTEX_POINT('',#1938);
#903=VERTEX_POINT('',#1941);
#904=VERTEX_POINT('',#1955);
#905=VERTEX_POINT('',#1967);
#906=VERTEX_POINT('',#1970);
#907=VERTEX_POINT('',#1972);
#908=VERTEX_POINT('',#1975);
#909=VERTEX_POINT('',#1989);
#910=VERTEX_POINT('',#1992);
#911=VERTEX_POINT('',#1995);
#912=VERTEX_POINT('',#1998);
#913=VERTEX_POINT('',#2000);
#914=VERTEX_POINT('',#2003);
#915=VERTEX_POINT('',#2015);
#916=VERTEX_POINT('',#2021);
#917=VERTEX_POINT('',#2025);
#918=VERTEX_POINT('',#2027);
#919=VERTEX_POINT('',#2030);
#920=VERTEX_POINT('',#2033);
#921=VERTEX_POINT('',#2041);
#922=VERTEX_POINT('',#2042);
#923=VERTEX_POINT('',#2044);
#924=VERTEX_POINT('',#2046);
#925=VERTEX_POINT('',#2050);
#926=VERTEX_POINT('',#2051);
#927=VERTEX_POINT('',#2053);
#928=VERTEX_POINT('',#2055);
#929=VERTEX_POINT('',#2059);
#930=VERTEX_POINT('',#2060);
#931=VERTEX_POINT('',#2062);
#932=VERTEX_POINT('',#2064);
#933=VERTEX_POINT('',#2068);
#934=VERTEX_POINT('',#2070);
#935=VERTEX_POINT('',#2083);
#936=VERTEX_POINT('',#2085);
#937=VERTEX_POINT('',#2087);
#938=VERTEX_POINT('',#2088);
#939=VERTEX_POINT('',#2094);
#940=VERTEX_POINT('',#2096);
#941=VERTEX_POINT('',#2098);
#942=VERTEX_POINT('',#2100);
#943=VERTEX_POINT('',#2106);
#944=VERTEX_POINT('',#2108);
#945=VERTEX_POINT('',#2114);
#946=VERTEX_POINT('',#2116);
#947=VERTEX_POINT('',#2122);
#948=VERTEX_POINT('',#2124);
#949=VERTEX_POINT('',#2130);
#950=VERTEX_POINT('',#2132);
#951=VERTEX_POINT('',#2134);
#952=VERTEX_POINT('',#2136);
#953=VERTEX_POINT('',#2142);
#954=VERTEX_POINT('',#2144);
#955=VERTEX_POINT('',#2150);
#956=VERTEX_POINT('',#2152);
#957=VERTEX_POINT('',#2160);
#958=VERTEX_POINT('',#2162);
#959=VERTEX_POINT('',#2165);
#960=VERTEX_POINT('',#2167);
#961=VERTEX_POINT('',#2170);
#962=VERTEX_POINT('',#2172);
#963=VERTEX_POINT('',#2174);
#964=VERTEX_POINT('',#2177);
#965=VERTEX_POINT('',#2180);
#966=VERTEX_POINT('',#2193);
#967=VERTEX_POINT('',#2195);
#968=VERTEX_POINT('',#2198);
#969=VERTEX_POINT('',#2202);
#970=VERTEX_POINT('',#2203);
#971=VERTEX_POINT('',#2205);
#972=VERTEX_POINT('',#2207);
#973=VERTEX_POINT('',#2211);
#974=VERTEX_POINT('',#2213);
#975=VERTEX_POINT('',#2220);
#976=VERTEX_POINT('',#2223);
#977=VERTEX_POINT('',#2235);
#978=VERTEX_POINT('',#2238);
#979=VERTEX_POINT('',#2240);
#980=VERTEX_POINT('',#2247);
#981=VERTEX_POINT('',#2250);
#982=VERTEX_POINT('',#2262);
#983=VERTEX_POINT('',#2265);
#984=VERTEX_POINT('',#2266);
#985=VERTEX_POINT('',#2268);
#986=VERTEX_POINT('',#2270);
#987=VERTEX_POINT('',#2277);
#988=VERTEX_POINT('',#2279);
#989=VERTEX_POINT('',#2283);
#990=VERTEX_POINT('',#2284);
#991=VERTEX_POINT('',#2292);
#992=VERTEX_POINT('',#2293);
#993=VERTEX_POINT('',#2295);
#994=VERTEX_POINT('',#2297);
#995=VERTEX_POINT('',#2301);
#996=VERTEX_POINT('',#2302);
#997=VERTEX_POINT('',#2313);
#998=VERTEX_POINT('',#2315);
#999=VERTEX_POINT('',#2549);
#1000=VERTEX_POINT('',#2551);
#1001=VERTEX_POINT('',#2555);
#1002=VERTEX_POINT('',#2558);
#1003=VERTEX_LOOP('',#891);
#1004=VERTEX_LOOP('',#892);
#1005=VERTEX_LOOP('',#893);
#1006=VERTEX_LOOP('',#894);
#1007=VERTEX_LOOP('',#895);
#1008=VERTEX_LOOP('',#896);
#1009=VERTEX_LOOP('',#897);
#1010=VERTEX_LOOP('',#916);
#1011=FACE_BOUND('',#1003,.T.);
#1012=FACE_BOUND('',#1004,.T.);
#1013=FACE_BOUND('',#1005,.T.);
#1014=FACE_BOUND('',#1006,.T.);
#1015=FACE_BOUND('',#1007,.T.);
#1016=FACE_BOUND('',#1008,.T.);
#1017=FACE_BOUND('',#1009,.T.);
#1018=FACE_BOUND('',#734,.T.);
#1019=FACE_BOUND('',#735,.T.);
#1020=FACE_BOUND('',#736,.T.);
#1021=FACE_BOUND('',#737,.T.);
#1022=FACE_BOUND('',#738,.T.);
#1023=FACE_BOUND('',#739,.T.);
#1024=FACE_BOUND('',#740,.T.);
#1025=FACE_BOUND('',#741,.T.);
#1026=FACE_BOUND('',#742,.T.);
#1027=FACE_BOUND('',#743,.T.);
#1028=FACE_BOUND('',#744,.T.);
#1029=FACE_BOUND('',#745,.T.);
#1030=FACE_BOUND('',#746,.T.);
#1031=FACE_BOUND('',#747,.T.);
#1032=FACE_BOUND('',#748,.T.);
#1033=FACE_BOUND('',#749,.T.);
#1034=FACE_BOUND('',#750,.T.);
#1035=FACE_BOUND('',#751,.T.);
#1036=FACE_BOUND('',#752,.T.);
#1037=FACE_BOUND('',#753,.T.);
#1038=FACE_BOUND('',#754,.T.);
#1039=FACE_BOUND('',#755,.T.);
#1040=FACE_BOUND('',#756,.T.);
#1041=FACE_BOUND('',#757,.T.);
#1042=FACE_BOUND('',#758,.T.);
#1043=FACE_BOUND('',#759,.T.);
#1044=FACE_BOUND('',#760,.T.);
#1045=FACE_BOUND('',#761,.T.);
#1046=FACE_BOUND('',#762,.T.);
#1047=FACE_BOUND('',#763,.T.);
#1048=FACE_BOUND('',#764,.T.);
#1049=FACE_BOUND('',#765,.T.);
#1050=FACE_BOUND('',#766,.T.);
#1051=FACE_BOUND('',#767,.T.);
#1052=FACE_BOUND('',#768,.T.);
#1053=FACE_BOUND('',#769,.T.);
#1054=FACE_BOUND('',#1010,.T.);
#1055=FACE_BOUND('',#770,.T.);
#1056=FACE_BOUND('',#771,.T.);
#1057=FACE_BOUND('',#772,.T.);
#1058=FACE_BOUND('',#773,.T.);
#1059=FACE_BOUND('',#774,.T.);
#1060=FACE_BOUND('',#775,.T.);
#1061=FACE_BOUND('',#776,.T.);
#1062=FACE_BOUND('',#777,.T.);
#1063=FACE_BOUND('',#778,.T.);
#1064=FACE_BOUND('',#779,.T.);
#1065=FACE_BOUND('',#780,.T.);
#1066=FACE_BOUND('',#781,.T.);
#1067=FACE_BOUND('',#782,.T.);
#1068=FACE_BOUND('',#783,.T.);
#1069=FACE_BOUND('',#784,.T.);
#1070=FACE_BOUND('',#785,.T.);
#1071=FACE_BOUND('',#786,.T.);
#1072=FACE_BOUND('',#787,.T.);
#1073=FACE_BOUND('',#788,.T.);
#1074=FACE_BOUND('',#789,.T.);
#1075=FACE_BOUND('',#790,.T.);
#1076=FACE_BOUND('',#791,.T.);
#1077=FACE_BOUND('',#792,.T.);
#1078=FACE_BOUND('',#793,.T.);
#1079=FACE_BOUND('',#794,.T.);
#1080=FACE_BOUND('',#795,.T.);
#1081=FACE_BOUND('',#796,.T.);
#1082=FACE_BOUND('',#797,.T.);
#1083=FACE_BOUND('',#798,.T.);
#1084=FACE_BOUND('',#799,.T.);
#1085=FACE_BOUND('',#800,.T.);
#1086=FACE_BOUND('',#801,.T.);
#1087=FACE_BOUND('',#802,.T.);
#1088=FACE_BOUND('',#803,.T.);
#1089=FACE_BOUND('',#804,.T.);
#1090=FACE_BOUND('',#805,.T.);
#1091=FACE_BOUND('',#806,.T.);
#1092=FACE_BOUND('',#807,.T.);
#1093=FACE_BOUND('',#808,.T.);
#1094=FACE_BOUND('',#809,.T.);
#1095=FACE_BOUND('',#810,.T.);
#1096=FACE_BOUND('',#811,.T.);
#1097=FACE_BOUND('',#812,.T.);
#1098=FACE_BOUND('',#813,.T.);
#1099=FACE_BOUND('',#814,.T.);
#1100=FACE_BOUND('',#815,.T.);
#1101=FACE_BOUND('',#816,.T.);
#1102=FACE_BOUND('',#817,.T.);
#1103=FACE_BOUND('',#818,.T.);
#1104=FACE_BOUND('',#819,.T.);
#1105=FACE_BOUND('',#820,.T.);
#1106=FACE_BOUND('',#821,.T.);
#1107=FACE_BOUND('',#822,.T.);
#1108=FACE_BOUND('',#823,.T.);
#1109=FACE_BOUND('',#824,.T.);
#1110=FACE_BOUND('',#825,.T.);
#1111=FACE_BOUND('',#826,.T.);
#1112=FACE_BOUND('',#827,.T.);
#1113=FACE_BOUND('',#828,.T.);
#1114=FACE_BOUND('',#829,.T.);
#1115=FACE_BOUND('',#830,.T.);
#1116=FACE_BOUND('',#831,.T.);
#1117=FACE_BOUND('',#832,.T.);
#1118=FACE_BOUND('',#833,.T.);
#1119=FACE_BOUND('',#834,.T.);
#1120=FACE_BOUND('',#835,.T.);
#1121=FACE_BOUND('',#836,.T.);
#1122=FACE_BOUND('',#837,.T.);
#1123=FACE_BOUND('',#838,.T.);
#1124=FACE_BOUND('',#839,.T.);
#1125=FACE_BOUND('',#840,.T.);
#1126=FACE_BOUND('',#841,.T.);
#1127=FACE_BOUND('',#842,.T.);
#1128=FACE_BOUND('',#843,.T.);
#1129=FACE_BOUND('',#844,.T.);
#1130=FACE_BOUND('',#845,.T.);
#1131=FACE_BOUND('',#846,.T.);
#1132=FACE_BOUND('',#847,.T.);
#1133=FACE_BOUND('',#848,.T.);
#1134=FACE_BOUND('',#849,.T.);
#1135=FACE_BOUND('',#850,.T.);
#1136=FACE_BOUND('',#851,.T.);
#1137=FACE_BOUND('',#852,.T.);
#1138=FACE_BOUND('',#853,.T.);
#1139=FACE_BOUND('',#854,.T.);
#1140=FACE_BOUND('',#855,.T.);
#1141=FACE_BOUND('',#856,.T.);
#1142=FACE_BOUND('',#857,.T.);
#1143=FACE_BOUND('',#858,.T.);
#1144=FACE_BOUND('',#859,.T.);
#1145=SPHERICAL_SURFACE('',#1376,3.04793004996432);
#1146=SPHERICAL_SURFACE('',#1377,3.04793004996432);
#1147=SPHERICAL_SURFACE('',#1378,3.04793004996432);
#1148=SPHERICAL_SURFACE('',#1379,3.04793004996432);
#1149=SPHERICAL_SURFACE('',#1380,3.04793004996432);
#1150=SPHERICAL_SURFACE('',#1381,3.04793004996432);
#1151=SPHERICAL_SURFACE('',#1382,3.04793004996432);
#1152=SPHERICAL_SURFACE('',#1386,20.);
#1153=SPHERICAL_SURFACE('',#1416,3.04793004996432);
#1154=SPHERICAL_SURFACE('',#1462,20.);
#1155=ADVANCED_FACE('',(#1011),#1145,.T.);
#1156=ADVANCED_FACE('',(#1012),#1146,.T.);
#1157=ADVANCED_FACE('',(#1013),#1147,.T.);
#1158=ADVANCED_FACE('',(#1014),#1148,.T.);
#1159=ADVANCED_FACE('',(#1015),#1149,.T.);
#1160=ADVANCED_FACE('',(#1016),#1150,.T.);
#1161=ADVANCED_FACE('',(#1017),#1151,.T.);
#1162=ADVANCED_FACE('',(#1018,#1019),#860,.F.);
#1163=ADVANCED_FACE('',(#1020,#1021),#1152,.T.);
#1164=ADVANCED_FACE('',(#1022,#1023),#861,.F.);
#1165=ADVANCED_FACE('',(#1024,#1025),#178,.F.);
#1166=ADVANCED_FACE('',(#1026,#1027),#165,.F.);
#1167=ADVANCED_FACE('',(#1028,#1029),#179,.F.);
#1168=ADVANCED_FACE('',(#1030,#1031),#180,.F.);
#1169=ADVANCED_FACE('',(#1032,#1033),#862,.T.);
#1170=ADVANCED_FACE('',(#1034,#1035),#181,.T.);
#1171=ADVANCED_FACE('',(#1036,#1037),#166,.F.);
#1172=ADVANCED_FACE('',(#1038,#1039),#182,.T.);
#1173=ADVANCED_FACE('',(#1040,#1041),#863,.T.);
#1174=ADVANCED_FACE('',(#1042,#1043,#1044,#1045),#183,.F.);
#1175=ADVANCED_FACE('',(#1046,#1047),#184,.F.);
#1176=ADVANCED_FACE('',(#1048,#1049),#126,.F.);
#1177=ADVANCED_FACE('',(#1050,#1051),#127,.T.);
#1178=ADVANCED_FACE('',(#1052,#1053),#128,.T.);
#1179=ADVANCED_FACE('',(#1054),#1153,.T.);
#1180=ADVANCED_FACE('',(#1055,#1056),#185,.T.);
#1181=ADVANCED_FACE('',(#1057),#864,.F.);
#1182=ADVANCED_FACE('',(#1058),#865,.T.);
#1183=ADVANCED_FACE('',(#1059,#1060),#129,.T.);
#1184=ADVANCED_FACE('',(#1061,#1062),#130,.T.);
#1185=ADVANCED_FACE('',(#1063),#866,.T.);
#1186=ADVANCED_FACE('',(#1064),#867,.T.);
#1187=ADVANCED_FACE('',(#1065),#868,.T.);
#1188=ADVANCED_FACE('',(#1066,#1067),#869,.T.);
#1189=ADVANCED_FACE('',(#1068,#1069,#1070),#186,.T.);
#1190=ADVANCED_FACE('',(#1071,#1072,#1073,#1074),#870,.T.);
#1191=ADVANCED_FACE('',(#1075,#1076),#187,.F.);
#1192=ADVANCED_FACE('',(#1077,#1078),#167,.F.);
#1193=ADVANCED_FACE('',(#1079,#1080,#1081),#1154,.F.);
#1194=ADVANCED_FACE('',(#1082,#1083),#168,.F.);
#1195=ADVANCED_FACE('',(#1084,#1085),#188,.F.);
#1196=ADVANCED_FACE('',(#1086),#871,.T.);
#1197=ADVANCED_FACE('',(#1087),#189,.T.);
#1198=ADVANCED_FACE('',(#1088),#872,.F.);
#1199=ADVANCED_FACE('',(#1089),#873,.F.);
#1200=ADVANCED_FACE('',(#1090,#1091),#190,.F.);
#1201=ADVANCED_FACE('',(#1092),#191,.T.);
#1202=ADVANCED_FACE('',(#1093),#874,.F.);
#1203=ADVANCED_FACE('',(#1094),#875,.F.);
#1204=ADVANCED_FACE('',(#1095,#1096),#192,.F.);
#1205=ADVANCED_FACE('',(#1097,#1098),#876,.T.);
#1206=ADVANCED_FACE('',(#1099),#877,.F.);
#1207=ADVANCED_FACE('',(#1100),#878,.F.);
#1208=ADVANCED_FACE('',(#1101,#1102),#879,.F.);
#1209=ADVANCED_FACE('',(#1103),#880,.T.);
#1210=ADVANCED_FACE('',(#1104),#881,.T.);
#1211=ADVANCED_FACE('',(#1105,#1106),#169,.T.);
#1212=ADVANCED_FACE('',(#1107),#193,.T.);
#1213=ADVANCED_FACE('',(#1108),#170,.T.);
#1214=ADVANCED_FACE('',(#1109),#194,.T.);
#1215=ADVANCED_FACE('',(#1110),#195,.T.);
#1216=ADVANCED_FACE('',(#1111),#171,.T.);
#1217=ADVANCED_FACE('',(#1112),#196,.T.);
#1218=ADVANCED_FACE('',(#1113),#197,.T.);
#1219=ADVANCED_FACE('',(#1114),#18,.F.);
#1220=ADVANCED_FACE('',(#1115),#172,.F.);
#1221=ADVANCED_FACE('',(#1116),#198,.F.);
#1222=ADVANCED_FACE('',(#1117),#19,.F.);
#1223=ADVANCED_FACE('',(#1118),#173,.F.);
#1224=ADVANCED_FACE('',(#1119),#20,.F.);
#1225=ADVANCED_FACE('',(#1120),#199,.F.);
#1226=ADVANCED_FACE('',(#1121),#174,.F.);
#1227=ADVANCED_FACE('',(#1122),#21,.F.);
#1228=ADVANCED_FACE('',(#1123),#200,.T.);
#1229=ADVANCED_FACE('',(#1124),#201,.T.);
#1230=ADVANCED_FACE('',(#1125),#22,.F.);
#1231=ADVANCED_FACE('',(#1126),#175,.F.);
#1232=ADVANCED_FACE('',(#1127),#202,.F.);
#1233=ADVANCED_FACE('',(#1128),#23,.F.);
#1234=ADVANCED_FACE('',(#1129),#176,.F.);
#1235=ADVANCED_FACE('',(#1130),#24,.F.);
#1236=ADVANCED_FACE('',(#1131),#203,.F.);
#1237=ADVANCED_FACE('',(#1132),#177,.F.);
#1238=ADVANCED_FACE('',(#1133),#25,.F.);
#1239=ADVANCED_FACE('',(#1134),#204,.T.);
#1240=ADVANCED_FACE('',(#1135,#1136),#205,.F.);
#1241=ADVANCED_FACE('',(#1137,#1138),#206,.T.);
#1242=ADVANCED_FACE('',(#1139),#882,.F.);
#1243=ADVANCED_FACE('',(#1140),#883,.F.);
#1244=ADVANCED_FACE('',(#1141,#1142),#207,.T.);
#1245=ADVANCED_FACE('',(#1143,#1144),#884,.F.);
#1246=CLOSED_SHELL('',(#1155));
#1247=CLOSED_SHELL('',(#1156));
#1248=CLOSED_SHELL('',(#1157));
#1249=CLOSED_SHELL('',(#1158));
#1250=CLOSED_SHELL('',(#1159));
#1251=CLOSED_SHELL('',(#1160));
#1252=CLOSED_SHELL('',(#1161));
#1253=CLOSED_SHELL('',(#1162,#1163,#1164,#1165,#1166,#1167));
#1254=CLOSED_SHELL('',(#1168,#1169,#1170,#1171,#1172,#1173,#1174,#1175,
#1176,#1177,#1178));
#1255=CLOSED_SHELL('',(#1179));
#1256=CLOSED_SHELL('',(#1180,#1181,#1182,#1183,#1184));
#1257=CLOSED_SHELL('',(#1185,#1186,#1187,#1188,#1189,#1190,#1191,#1192,
#1193,#1194,#1195,#1196,#1197,#1198,#1199,#1200,#1201,#1202,#1203,#1204,
#1205,#1206,#1207,#1208,#1209,#1210,#1211,#1212,#1213,#1214,#1215,#1216,
#1217,#1218,#1219,#1220,#1221,#1222,#1223,#1224,#1225,#1226,#1227,#1228,
#1229,#1230,#1231,#1232,#1233,#1234,#1235,#1236,#1237,#1238,#1239,#1240));
#1258=CLOSED_SHELL('',(#1241,#1242,#1243,#1244,#1245));
#1259=STYLED_ITEM('',(#1272),#1352);
#1260=STYLED_ITEM('',(#1273),#1353);
#1261=STYLED_ITEM('',(#1274),#1354);
#1262=STYLED_ITEM('',(#1275),#1355);
#1263=STYLED_ITEM('',(#1276),#1356);
#1264=STYLED_ITEM('',(#1277),#1357);
#1265=STYLED_ITEM('',(#1278),#1358);
#1266=STYLED_ITEM('',(#1279),#1359);
#1267=STYLED_ITEM('',(#1280),#1360);
#1268=STYLED_ITEM('',(#1281),#1361);
#1269=STYLED_ITEM('',(#1282),#1362);
#1270=STYLED_ITEM('',(#1283),#1363);
#1271=STYLED_ITEM('',(#1284),#1364);
#1272=PRESENTATION_STYLE_ASSIGNMENT((#1285));
#1273=PRESENTATION_STYLE_ASSIGNMENT((#1286));
#1274=PRESENTATION_STYLE_ASSIGNMENT((#1287));
#1275=PRESENTATION_STYLE_ASSIGNMENT((#1288));
#1276=PRESENTATION_STYLE_ASSIGNMENT((#1289));
#1277=PRESENTATION_STYLE_ASSIGNMENT((#1290));
#1278=PRESENTATION_STYLE_ASSIGNMENT((#1291));
#1279=PRESENTATION_STYLE_ASSIGNMENT((#1292));
#1280=PRESENTATION_STYLE_ASSIGNMENT((#1293));
#1281=PRESENTATION_STYLE_ASSIGNMENT((#1294));
#1282=PRESENTATION_STYLE_ASSIGNMENT((#1295));
#1283=PRESENTATION_STYLE_ASSIGNMENT((#1296));
#1284=PRESENTATION_STYLE_ASSIGNMENT((#1297));
#1285=SURFACE_STYLE_USAGE(.BOTH.,#1298);
#1286=SURFACE_STYLE_USAGE(.BOTH.,#1299);
#1287=SURFACE_STYLE_USAGE(.BOTH.,#1300);
#1288=SURFACE_STYLE_USAGE(.BOTH.,#1301);
#1289=SURFACE_STYLE_USAGE(.BOTH.,#1302);
#1290=SURFACE_STYLE_USAGE(.BOTH.,#1303);
#1291=SURFACE_STYLE_USAGE(.BOTH.,#1304);
#1292=SURFACE_STYLE_USAGE(.BOTH.,#1305);
#1293=SURFACE_STYLE_USAGE(.BOTH.,#1306);
#1294=SURFACE_STYLE_USAGE(.BOTH.,#1307);
#1295=SURFACE_STYLE_USAGE(.BOTH.,#1308);
#1296=SURFACE_STYLE_USAGE(.BOTH.,#1309);
#1297=SURFACE_STYLE_USAGE(.BOTH.,#1310);
#1298=SURFACE_SIDE_STYLE('',(#1311));
#1299=SURFACE_SIDE_STYLE('',(#1312));
#1300=SURFACE_SIDE_STYLE('',(#1313));
#1301=SURFACE_SIDE_STYLE('',(#1314));
#1302=SURFACE_SIDE_STYLE('',(#1315));
#1303=SURFACE_SIDE_STYLE('',(#1316));
#1304=SURFACE_SIDE_STYLE('',(#1317));
#1305=SURFACE_SIDE_STYLE('',(#1318));
#1306=SURFACE_SIDE_STYLE('',(#1319));
#1307=SURFACE_SIDE_STYLE('',(#1320));
#1308=SURFACE_SIDE_STYLE('',(#1321));
#1309=SURFACE_SIDE_STYLE('',(#1322));
#1310=SURFACE_SIDE_STYLE('',(#1323));
#1311=SURFACE_STYLE_FILL_AREA(#1324);
#1312=SURFACE_STYLE_FILL_AREA(#1325);
#1313=SURFACE_STYLE_FILL_AREA(#1326);
#1314=SURFACE_STYLE_FILL_AREA(#1327);
#1315=SURFACE_STYLE_FILL_AREA(#1328);
#1316=SURFACE_STYLE_FILL_AREA(#1329);
#1317=SURFACE_STYLE_FILL_AREA(#1330);
#1318=SURFACE_STYLE_FILL_AREA(#1331);
#1319=SURFACE_STYLE_FILL_AREA(#1332);
#1320=SURFACE_STYLE_FILL_AREA(#1333);
#1321=SURFACE_STYLE_FILL_AREA(#1334);
#1322=SURFACE_STYLE_FILL_AREA(#1335);
#1323=SURFACE_STYLE_FILL_AREA(#1336);
#1324=FILL_AREA_STYLE('',(#1337));
#1325=FILL_AREA_STYLE('',(#1338));
#1326=FILL_AREA_STYLE('',(#1339));
#1327=FILL_AREA_STYLE('',(#1340));
#1328=FILL_AREA_STYLE('',(#1341));
#1329=FILL_AREA_STYLE('',(#1342));
#1330=FILL_AREA_STYLE('',(#1343));
#1331=FILL_AREA_STYLE('',(#1344));
#1332=FILL_AREA_STYLE('',(#1345));
#1333=FILL_AREA_STYLE('',(#1346));
#1334=FILL_AREA_STYLE('',(#1347));
#1335=FILL_AREA_STYLE('',(#1348));
#1336=FILL_AREA_STYLE('',(#1349));
#1337=FILL_AREA_STYLE_COLOUR('',#1350);
#1338=FILL_AREA_STYLE_COLOUR('',#1350);
#1339=FILL_AREA_STYLE_COLOUR('',#1350);
#1340=FILL_AREA_STYLE_COLOUR('',#1350);
#1341=FILL_AREA_STYLE_COLOUR('',#1350);
#1342=FILL_AREA_STYLE_COLOUR('',#1350);
#1343=FILL_AREA_STYLE_COLOUR('',#1350);
#1344=FILL_AREA_STYLE_COLOUR('',#1350);
#1345=FILL_AREA_STYLE_COLOUR('',#1350);
#1346=FILL_AREA_STYLE_COLOUR('',#1350);
#1347=FILL_AREA_STYLE_COLOUR('',#1350);
#1348=FILL_AREA_STYLE_COLOUR('',#1351);
#1349=FILL_AREA_STYLE_COLOUR('',#1351);
#1350=COLOUR_RGB('',0.331739127635956,0.340869575738907,0.349999994039536);
#1351=COLOUR_RGB('',0.506983280181885,0.531564235687256,0.550000011920929);
#1352=MANIFOLD_SOLID_BREP('',#1246);
#1353=MANIFOLD_SOLID_BREP('',#1247);
#1354=MANIFOLD_SOLID_BREP('',#1248);
#1355=MANIFOLD_SOLID_BREP('',#1249);
#1356=MANIFOLD_SOLID_BREP('',#1250);
#1357=MANIFOLD_SOLID_BREP('',#1251);
#1358=MANIFOLD_SOLID_BREP('',#1252);
#1359=MANIFOLD_SOLID_BREP('',#1253);
#1360=MANIFOLD_SOLID_BREP('',#1254);
#1361=MANIFOLD_SOLID_BREP('',#1255);
#1362=MANIFOLD_SOLID_BREP('',#1256);
#1363=MANIFOLD_SOLID_BREP('',#1257);
#1364=MANIFOLD_SOLID_BREP('',#1258);
#1365=SHAPE_DEFINITION_REPRESENTATION(#2577,#1370);
#1366=SHAPE_DEFINITION_REPRESENTATION(#2576,#1371);
#1367=SHAPE_DEFINITION_REPRESENTATION(#2579,#1372);
#1368=SHAPE_DEFINITION_REPRESENTATION(#2575,#1373);
#1369=SHAPE_DEFINITION_REPRESENTATION(#2583,#1374);
#1370=SHAPE_REPRESENTATION('UC\X2\74038F74627F\X0\',(#1375),#2564);
#1371=SHAPE_REPRESENTATION('UC\X2\7441547453A46D63\X0\?',(#1375,#1417,#1427,
#1428),#2563);
#1372=SHAPE_REPRESENTATION('\X2\98764E1D\X0\',(#1375),#2565);
#1373=SHAPE_REPRESENTATION(
'ucflu\X2\752FFE415F75893032209A87692467357B236FB6682B608695C832226086675E5B5858D9\X0\',
(#1375,#1429,#1539),#2562);
#1374=SHAPE_REPRESENTATION('FLU\X2\94F8902051F87F185EA783F15F62\X0\',(#1375),
#2566);
#1375=AXIS2_PLACEMENT_3D('',#1910,#1540,#1541);
#1376=AXIS2_PLACEMENT_3D('',#1911,#1542,#1543);
#1377=AXIS2_PLACEMENT_3D('',#1913,#1544,#1545);
#1378=AXIS2_PLACEMENT_3D('',#1915,#1546,#1547);
#1379=AXIS2_PLACEMENT_3D('',#1917,#1548,#1549);
#1380=AXIS2_PLACEMENT_3D('',#1919,#1550,#1551);
#1381=AXIS2_PLACEMENT_3D('',#1921,#1552,#1553);
#1382=AXIS2_PLACEMENT_3D('',#1923,#1554,#1555);
#1383=AXIS2_PLACEMENT_3D('',#1925,#1556,#1557);
#1384=AXIS2_PLACEMENT_3D('',#1926,#1558,#1559);
#1385=AXIS2_PLACEMENT_3D('',#1928,#1560,#1561);
#1386=AXIS2_PLACEMENT_3D('',#1930,#1562,#1563);
#1387=AXIS2_PLACEMENT_3D('',#1931,#1564,#1565);
#1388=AXIS2_PLACEMENT_3D('',#1933,#1566,#1567);
#1389=AXIS2_PLACEMENT_3D('',#1934,#1568,#1569);
#1390=AXIS2_PLACEMENT_3D('',#1936,#1570,#1571);
#1391=AXIS2_PLACEMENT_3D('',#1937,#1572,#1573);
#1392=AXIS2_PLACEMENT_3D('',#1939,#1574,#1575);
#1393=AXIS2_PLACEMENT_3D('',#1940,#1576,#1577);
#1394=AXIS2_PLACEMENT_3D('',#1942,#1578,#1579);
#1395=AXIS2_PLACEMENT_3D('',#1943,#1580,#1581);
#1396=AXIS2_PLACEMENT_3D('',#1968,#1582,#1583);
#1397=AXIS2_PLACEMENT_3D('',#1969,#1584,#1585);
#1398=AXIS2_PLACEMENT_3D('',#1971,#1586,#1587);
#1399=AXIS2_PLACEMENT_3D('',#1973,#1588,#1589);
#1400=AXIS2_PLACEMENT_3D('',#1974,#1590,#1591);
#1401=AXIS2_PLACEMENT_3D('',#1987,#1592,#1593);
#1402=AXIS2_PLACEMENT_3D('',#1988,#1594,#1595);
#1403=AXIS2_PLACEMENT_3D('',#1990,#1596,#1597);
#1404=AXIS2_PLACEMENT_3D('',#1991,#1598,#1599);
#1405=AXIS2_PLACEMENT_3D('',#1993,#1600,#1601);
#1406=AXIS2_PLACEMENT_3D('',#1994,#1602,#1603);
#1407=AXIS2_PLACEMENT_3D('',#1996,#1604,#1605);
#1408=AXIS2_PLACEMENT_3D('',#1997,#1606,#1607);
#1409=AXIS2_PLACEMENT_3D('',#1999,#1608,#1609);
#1410=AXIS2_PLACEMENT_3D('',#2001,#1610,#1611);
#1411=AXIS2_PLACEMENT_3D('',#2002,#1612,#1613);
#1412=AXIS2_PLACEMENT_3D('',#2016,#1614,#1615);
#1413=AXIS2_PLACEMENT_3D('',#2017,#1616,#1617);
#1414=AXIS2_PLACEMENT_3D('',#2018,#1618,#1619);
#1415=AXIS2_PLACEMENT_3D('',#2019,#1620,#1621);
#1416=AXIS2_PLACEMENT_3D('',#2020,#1622,#1623);
#1417=AXIS2_PLACEMENT_3D('',#2022,#1624,#1625);
#1418=AXIS2_PLACEMENT_3D('',#2023,#1626,#1627);
#1419=AXIS2_PLACEMENT_3D('',#2024,#1628,#1629);
#1420=AXIS2_PLACEMENT_3D('',#2026,#1630,#1631);
#1421=AXIS2_PLACEMENT_3D('',#2028,#1632,#1633);
#1422=AXIS2_PLACEMENT_3D('',#2029,#1634,#1635);
#1423=AXIS2_PLACEMENT_3D('',#2031,#1636,#1637);
#1424=AXIS2_PLACEMENT_3D('',#2032,#1638,#1639);
#1425=AXIS2_PLACEMENT_3D('',#2034,#1640,#1641);
#1426=AXIS2_PLACEMENT_3D('',#2035,#1642,#1643);
#1427=AXIS2_PLACEMENT_3D('',#2036,#1644,#1645);
#1428=AXIS2_PLACEMENT_3D('',#2037,#1646,#1647);
#1429=AXIS2_PLACEMENT_3D('',#2038,#1648,#1649);
#1430=AXIS2_PLACEMENT_3D('',#2039,#1650,#1651);
#1431=AXIS2_PLACEMENT_3D('',#2040,#1652,#1653);
#1432=AXIS2_PLACEMENT_3D('',#2045,#1655,#1656);
#1433=AXIS2_PLACEMENT_3D('',#2048,#1658,#1659);
#1434=AXIS2_PLACEMENT_3D('',#2052,#1661,#1662);
#1435=AXIS2_PLACEMENT_3D('',#2056,#1664,#1665);
#1436=AXIS2_PLACEMENT_3D('',#2057,#1666,#1667);
#1437=AXIS2_PLACEMENT_3D('',#2058,#1668,#1669);
#1438=AXIS2_PLACEMENT_3D('',#2063,#1671,#1672);
#1439=AXIS2_PLACEMENT_3D('',#2066,#1674,#1675);
#1440=AXIS2_PLACEMENT_3D('',#2067,#1676,#1677);
#1441=AXIS2_PLACEMENT_3D('',#2069,#1678,#1679);
#1442=AXIS2_PLACEMENT_3D('',#2071,#1680,#1681);
#1443=AXIS2_PLACEMENT_3D('',#2084,#1682,#1683);
#1444=AXIS2_PLACEMENT_3D('',#2086,#1684,#1685);
#1445=AXIS2_PLACEMENT_3D('',#2097,#1687,#1688);
#1446=AXIS2_PLACEMENT_3D('',#2107,#1690,#1691);
#1447=AXIS2_PLACEMENT_3D('',#2115,#1692,#1693);
#1448=AXIS2_PLACEMENT_3D('',#2123,#1694,#1695);
#1449=AXIS2_PLACEMENT_3D('',#2133,#1697,#1698);
#1450=AXIS2_PLACEMENT_3D('',#2143,#1700,#1701);
#1451=AXIS2_PLACEMENT_3D('',#2151,#1702,#1703);
#1452=AXIS2_PLACEMENT_3D('',#2158,#1704,#1705);
#1453=AXIS2_PLACEMENT_3D('',#2161,#1707,#1708);
#1454=AXIS2_PLACEMENT_3D('',#2166,#1711,#1712);
#1455=AXIS2_PLACEMENT_3D('',#2169,#1714,#1715);
#1456=AXIS2_PLACEMENT_3D('',#2171,#1716,#1717);
#1457=AXIS2_PLACEMENT_3D('',#2173,#1718,#1719);
#1458=AXIS2_PLACEMENT_3D('',#2175,#1720,#1721);
#1459=AXIS2_PLACEMENT_3D('',#2176,#1722,#1723);
#1460=AXIS2_PLACEMENT_3D('',#2178,#1724,#1725);
#1461=AXIS2_PLACEMENT_3D('',#2179,#1726,#1727);
#1462=AXIS2_PLACEMENT_3D('',#2181,#1728,#1729);
#1463=AXIS2_PLACEMENT_3D('',#2194,#1730,#1731);
#1464=AXIS2_PLACEMENT_3D('',#2196,#1732,#1733);
#1465=AXIS2_PLACEMENT_3D('',#2197,#1734,#1735);
#1466=AXIS2_PLACEMENT_3D('',#2199,#1736,#1737);
#1467=AXIS2_PLACEMENT_3D('',#2200,#1738,#1739);
#1468=AXIS2_PLACEMENT_3D('',#2201,#1740,#1741);
#1469=AXIS2_PLACEMENT_3D('',#2206,#1743,#1744);
#1470=AXIS2_PLACEMENT_3D('',#2209,#1746,#1747);
#1471=AXIS2_PLACEMENT_3D('',#2212,#1749,#1750);
#1472=AXIS2_PLACEMENT_3D('',#2229,#1754,#1755);
#1473=AXIS2_PLACEMENT_3D('',#2231,#1757,#1758);
#1474=AXIS2_PLACEMENT_3D('',#2233,#1760,#1761);
#1475=AXIS2_PLACEMENT_3D('',#2234,#1762,#1763);
#1476=AXIS2_PLACEMENT_3D('',#2236,#1764,#1765);
#1477=AXIS2_PLACEMENT_3D('',#2239,#1767,#1768);
#1478=AXIS2_PLACEMENT_3D('',#2256,#1772,#1773);
#1479=AXIS2_PLACEMENT_3D('',#2258,#1775,#1776);
#1480=AXIS2_PLACEMENT_3D('',#2260,#1778,#1779);
#1481=AXIS2_PLACEMENT_3D('',#2261,#1780,#1781);
#1482=AXIS2_PLACEMENT_3D('',#2263,#1782,#1783);
#1483=AXIS2_PLACEMENT_3D('',#2267,#1785,#1786);
#1484=AXIS2_PLACEMENT_3D('',#2271,#1788,#1789);
#1485=AXIS2_PLACEMENT_3D('',#2272,#1790,#1791);
#1486=AXIS2_PLACEMENT_3D('',#2281,#1794,#1795);
#1487=AXIS2_PLACEMENT_3D('',#2290,#1798,#1799);
#1488=AXIS2_PLACEMENT_3D('',#2294,#1801,#1802);
#1489=AXIS2_PLACEMENT_3D('',#2298,#1804,#1805);
#1490=AXIS2_PLACEMENT_3D('',#2299,#1806,#1807);
#1491=AXIS2_PLACEMENT_3D('',#2308,#1810,#1811);
#1492=AXIS2_PLACEMENT_3D('',#2317,#1814,#1815);
#1493=AXIS2_PLACEMENT_3D('',#2318,#1816,#1817);
#1494=AXIS2_PLACEMENT_3D('',#2324,#1818,#1819);
#1495=AXIS2_PLACEMENT_3D('',#2325,#1820,#1821);
#1496=AXIS2_PLACEMENT_3D('',#2326,#1822,#1823);
#1497=AXIS2_PLACEMENT_3D('',#2327,#1824,#1825);
#1498=AXIS2_PLACEMENT_3D('',#2333,#1826,#1827);
#1499=AXIS2_PLACEMENT_3D('',#2339,#1828,#1829);
#1500=AXIS2_PLACEMENT_3D('',#2340,#1830,#1831);
#1501=AXIS2_PLACEMENT_3D('',#2341,#1832,#1833);
#1502=AXIS2_PLACEMENT_3D('',#2342,#1834,#1835);
#1503=AXIS2_PLACEMENT_3D('',#2348,#1836,#1837);
#1504=AXIS2_PLACEMENT_3D('',#2372,#1838,#1839);
#1505=AXIS2_PLACEMENT_3D('',#2373,#1840,#1841);
#1506=AXIS2_PLACEMENT_3D('',#2379,#1842,#1843);
#1507=AXIS2_PLACEMENT_3D('',#2380,#1844,#1845);
#1508=AXIS2_PLACEMENT_3D('',#2396,#1846,#1847);
#1509=AXIS2_PLACEMENT_3D('',#2397,#1848,#1849);
#1510=AXIS2_PLACEMENT_3D('',#2398,#1850,#1851);
#1511=AXIS2_PLACEMENT_3D('',#2414,#1852,#1853);
#1512=AXIS2_PLACEMENT_3D('',#2415,#1854,#1855);
#1513=AXIS2_PLACEMENT_3D('',#2421,#1856,#1857);
#1514=AXIS2_PLACEMENT_3D('',#2422,#1858,#1859);
#1515=AXIS2_PLACEMENT_3D('',#2446,#1860,#1861);
#1516=AXIS2_PLACEMENT_3D('',#2447,#1862,#1863);
#1517=AXIS2_PLACEMENT_3D('',#2471,#1864,#1865);
#1518=AXIS2_PLACEMENT_3D('',#2472,#1866,#1867);
#1519=AXIS2_PLACEMENT_3D('',#2478,#1868,#1869);
#1520=AXIS2_PLACEMENT_3D('',#2479,#1870,#1871);
#1521=AXIS2_PLACEMENT_3D('',#2495,#1872,#1873);
#1522=AXIS2_PLACEMENT_3D('',#2496,#1874,#1875);
#1523=AXIS2_PLACEMENT_3D('',#2497,#1876,#1877);
#1524=AXIS2_PLACEMENT_3D('',#2513,#1878,#1879);
#1525=AXIS2_PLACEMENT_3D('',#2514,#1880,#1881);
#1526=AXIS2_PLACEMENT_3D('',#2520,#1882,#1883);
#1527=AXIS2_PLACEMENT_3D('',#2521,#1884,#1885);
#1528=AXIS2_PLACEMENT_3D('',#2545,#1886,#1887);
#1529=AXIS2_PLACEMENT_3D('',#2546,#1888,#1889);
#1530=AXIS2_PLACEMENT_3D('',#2547,#1890,#1891);
#1531=AXIS2_PLACEMENT_3D('',#2548,#1892,#1893);
#1532=AXIS2_PLACEMENT_3D('',#2550,#1894,#1895);
#1533=AXIS2_PLACEMENT_3D('',#2552,#1896,#1897);
#1534=AXIS2_PLACEMENT_3D('',#2553,#1898,#1899);
#1535=AXIS2_PLACEMENT_3D('',#2554,#1900,#1901);
#1536=AXIS2_PLACEMENT_3D('',#2556,#1902,#1903);
#1537=AXIS2_PLACEMENT_3D('',#2557,#1904,#1905);
#1538=AXIS2_PLACEMENT_3D('',#2559,#1906,#1907);
#1539=AXIS2_PLACEMENT_3D('',#2560,#1908,#1909);
#1540=DIRECTION('',(0.,0.,1.));
#1541=DIRECTION('',(1.,0.,0.));
#1542=DIRECTION('',(-0.707106781186548,-1.22464679914735E-16,0.707106781186547));
#1543=DIRECTION('',(-4.32992327699526E-17,1.,1.29891978477146E-16));
#1544=DIRECTION('',(-1.,-1.22464679914735E-16,-1.60812264967664E-16));
#1545=DIRECTION('',(-1.22464679914735E-16,1.,6.12303176911188E-17));
#1546=DIRECTION('',(-0.707106781186547,-1.22464679914735E-16,-0.707106781186548));
#1547=DIRECTION('',(-1.29891978477146E-16,1.,-4.32992327699527E-17));
#1548=DIRECTION('',(-1.22464679914735E-16,-1.22464679914735E-16,-1.));
#1549=DIRECTION('',(-6.12303176911189E-17,1.,-1.22464679914735E-16));
#1550=DIRECTION('',(0.707106781186547,-1.22464679914735E-16,-0.707106781186548));
#1551=DIRECTION('',(4.32992327699526E-17,1.,-1.29891978477146E-16));
#1552=DIRECTION('',(1.,-1.22464679914735E-16,-1.83697019872103E-16));
#1553=DIRECTION('',(1.22464679914735E-16,1.,-6.12303176911189E-17));
#1554=DIRECTION('',(0.707106781186548,-1.22464679914735E-16,0.707106781186547));
#1555=DIRECTION('',(1.29891978477146E-16,1.,4.32992327699526E-17));
#1556=DIRECTION('',(-6.12303176911189E-17,-1.,0.));
#1557=DIRECTION('',(1.,-6.12303176911189E-17,0.));
#1558=DIRECTION('',(-6.12303176911189E-17,-1.,0.));
#1559=DIRECTION('',(1.,-6.12303176911189E-17,0.));
#1560=DIRECTION('',(-6.12303176911189E-17,-1.,0.));
#1561=DIRECTION('',(1.,-6.12303176911189E-17,0.));
#1562=DIRECTION('',(-6.12303176911189E-17,-1.,0.));
#1563=DIRECTION('',(0.,0.,1.));
#1564=DIRECTION('',(-6.12303176911189E-17,-1.,0.));
#1565=DIRECTION('',(1.,-6.12303176911189E-17,0.));
#1566=DIRECTION('',(6.12303176911189E-17,1.,0.));
#1567=DIRECTION('',(-1.,6.12303176911189E-17,0.));
#1568=DIRECTION('',(-6.12303176911189E-17,-1.,0.));
#1569=DIRECTION('',(1.,-6.12303176911189E-17,0.));
#1570=DIRECTION('',(-6.12303176911189E-17,-1.,0.));
#1571=DIRECTION('',(1.,-6.12303176911189E-17,0.));
#1572=DIRECTION('',(-6.12303176911189E-17,-1.,0.));
#1573=DIRECTION('',(1.,-6.12303176911189E-17,0.));
#1574=DIRECTION('',(-6.12303176911189E-17,-1.,0.));
#1575=DIRECTION('',(1.,-6.12303176911189E-17,0.));
#1576=DIRECTION('',(-6.12303176911189E-17,-1.,0.));
#1577=DIRECTION('',(1.,-6.12303176911189E-17,0.));
#1578=DIRECTION('',(-6.12303176911189E-17,-1.,0.));
#1579=DIRECTION('',(1.,-6.12303176911189E-17,0.));
#1580=DIRECTION('',(-0.866025403784439,5.30270106023007E-17,0.5));
#1581=DIRECTION('',(0.5,-9.18454765366783E-17,0.866025403784439));
#1582=DIRECTION('',(-6.12303176911189E-17,-1.,0.));
#1583=DIRECTION('',(1.,-6.12303176911189E-17,0.));
#1584=DIRECTION('',(-6.12303176911189E-17,-1.,0.));
#1585=DIRECTION('',(1.,-6.12303176911189E-17,0.));
#1586=DIRECTION('',(-6.12303176911189E-17,-1.,0.));
#1587=DIRECTION('',(1.,-6.12303176911189E-17,0.));
#1588=DIRECTION('',(-6.12303176911189E-17,-1.,0.));
#1589=DIRECTION('',(1.,-6.12303176911189E-17,0.));
#1590=DIRECTION('',(-6.12303176911189E-17,-1.,0.));
#1591=DIRECTION('',(1.,-6.12303176911189E-17,0.));
#1592=DIRECTION('',(-6.12303176911189E-17,-1.,0.));
#1593=DIRECTION('',(1.,-6.12303176911189E-17,0.));
#1594=DIRECTION('',(-6.12303176911189E-17,-1.,0.));
#1595=DIRECTION('',(1.,-6.12303176911189E-17,0.));
#1596=DIRECTION('',(-6.12303176911189E-17,-1.,0.));
#1597=DIRECTION('',(1.,-6.12303176911189E-17,0.));
#1598=DIRECTION('',(-6.12303176911189E-17,-1.,0.));
#1599=DIRECTION('',(1.,-6.12303176911189E-17,0.));
#1600=DIRECTION('',(-6.12303176911189E-17,-1.,0.));
#1601=DIRECTION('',(1.,-6.12303176911189E-17,0.));
#1602=DIRECTION('',(6.12303176911188E-17,1.,0.));
#1603=DIRECTION('',(-1.,6.12303176911188E-17,0.));
#1604=DIRECTION('',(6.12303176911189E-17,1.,0.));
#1605=DIRECTION('',(-1.,6.12303176911189E-17,0.));
#1606=DIRECTION('',(6.12303176911189E-17,1.,0.));
#1607=DIRECTION('',(-1.,6.12303176911189E-17,0.));
#1608=DIRECTION('',(6.12303176911189E-17,1.,0.));
#1609=DIRECTION('',(-1.,6.12303176911189E-17,0.));
#1610=DIRECTION('',(-6.12303176911189E-17,-1.,0.));
#1611=DIRECTION('',(1.,-6.12303176911189E-17,0.));
#1612=DIRECTION('',(6.12303176911188E-17,1.,0.));
#1613=DIRECTION('',(-1.,6.12303176911188E-17,0.));
#1614=DIRECTION('',(0.,0.,-1.));
#1615=DIRECTION('',(-1.,0.,0.));
#1616=DIRECTION('',(6.12303176911188E-17,1.,0.));
#1617=DIRECTION('',(-1.,6.12303176911188E-17,0.));
#1618=DIRECTION('',(-6.12303176911188E-17,-1.,0.));
#1619=DIRECTION('',(1.,-6.12303176911188E-17,0.));
#1620=DIRECTION('',(6.12303176911189E-17,1.,0.));
#1621=DIRECTION('',(-1.,6.12303176911189E-17,0.));
#1622=DIRECTION('',(-7.49855125712043E-33,-1.22464679914735E-16,1.));
#1623=DIRECTION('',(6.12303176911189E-17,1.,1.22464679914735E-16));
#1624=DIRECTION('',(0.,0.,1.));
#1625=DIRECTION('',(1.,0.,0.));
#1626=DIRECTION('',(0.,0.,-1.));
#1627=DIRECTION('',(-1.,0.,0.));
#1628=DIRECTION('',(0.,0.,-1.));
#1629=DIRECTION('',(-1.,0.,0.));
#1630=DIRECTION('',(0.,0.,-1.));
#1631=DIRECTION('',(-1.,0.,0.));
#1632=DIRECTION('',(0.,0.,-1.));
#1633=DIRECTION('',(-1.,0.,0.));
#1634=DIRECTION('',(0.,0.,-1.));
#1635=DIRECTION('',(-1.,0.,0.));
#1636=DIRECTION('',(0.,0.,-1.));
#1637=DIRECTION('',(-1.,0.,0.));
#1638=DIRECTION('',(0.,0.,-1.));
#1639=DIRECTION('',(-1.,0.,0.));
#1640=DIRECTION('',(0.,0.,1.));
#1641=DIRECTION('',(1.,0.,0.));
#1642=DIRECTION('',(0.,0.,-1.));
#1643=DIRECTION('',(-1.,0.,0.));
#1644=DIRECTION('',(0.,0.,1.));
#1645=DIRECTION('',(1.,0.,0.));
#1646=DIRECTION('',(0.866025406594013,0.,-0.499999995133675));
#1647=DIRECTION('',(-0.499999995133675,0.,-0.866025406594013));
#1648=DIRECTION('',(0.,0.,1.));
#1649=DIRECTION('',(1.,0.,0.));
#1650=DIRECTION('',(-5.68761795402232E-17,-1.,0.));
#1651=DIRECTION('',(1.,-5.68761795402232E-17,0.));
#1652=DIRECTION('',(-5.68761795402232E-17,-1.,0.));
#1653=DIRECTION('',(1.,-5.68761795402232E-17,0.));
#1654=DIRECTION('',(0.503267973856209,-2.86239596378901E-17,-0.864130399008544));
#1655=DIRECTION('',(-5.68761795402232E-17,-1.,0.));
#1656=DIRECTION('',(1.,-5.68761795402232E-17,0.));
#1657=DIRECTION('',(-3.50427337012889E-16,1.99309681357474E-32,-1.));
#1658=DIRECTION('',(-5.68761795402232E-17,-1.,0.));
#1659=DIRECTION('',(1.,-5.68761795402232E-17,0.));
#1660=DIRECTION('',(-0.50326797385621,2.86239596378902E-17,-0.864130399008544));
#1661=DIRECTION('',(-5.68761795402232E-17,-1.,0.));
#1662=DIRECTION('',(1.,-5.68761795402232E-17,0.));
#1663=DIRECTION('',(1.75213668506444E-16,-9.96548406787369E-33,1.));
#1664=DIRECTION('',(-5.68761795402232E-17,-1.,0.));
#1665=DIRECTION('',(1.,-5.68761795402232E-17,0.));
#1666=DIRECTION('',(-5.68761795402232E-17,-1.,0.));
#1667=DIRECTION('',(1.,-5.68761795402232E-17,0.));
#1668=DIRECTION('',(-5.68761795402232E-17,-1.,0.));
#1669=DIRECTION('',(1.,-5.68761795402232E-17,0.));
#1670=DIRECTION('',(-0.503267973856209,2.86239596378901E-17,0.864130399008544));
#1671=DIRECTION('',(-5.68761795402232E-17,-1.,0.));
#1672=DIRECTION('',(1.,-5.68761795402232E-17,0.));
#1673=DIRECTION('',(-3.50427337012889E-16,1.99309681357474E-32,-1.));
#1674=DIRECTION('',(-6.12303176911189E-17,-1.,0.));
#1675=DIRECTION('',(1.,-6.12303176911189E-17,0.));
#1676=DIRECTION('',(-6.12303176911189E-17,-1.,0.));
#1677=DIRECTION('',(1.,-6.12303176911189E-17,0.));
#1678=DIRECTION('',(-6.12303176911189E-17,-1.,0.));
#1679=DIRECTION('',(1.,-6.12303176911189E-17,0.));
#1680=DIRECTION('',(-6.12303176911189E-17,-1.,0.));
#1681=DIRECTION('',(1.,-6.12303176911189E-17,0.));
#1682=DIRECTION('',(-6.12303176911189E-17,-1.,0.));
#1683=DIRECTION('',(1.,-6.12303176911189E-17,0.));
#1684=DIRECTION('',(-5.68761795402232E-17,-1.,0.));
#1685=DIRECTION('',(1.,-5.68761795402232E-17,0.));
#1686=DIRECTION('',(6.12303176911189E-17,1.,0.));
#1687=DIRECTION('',(-6.12303176911189E-17,-1.,0.));
#1688=DIRECTION('',(1.,-6.12303176911189E-17,0.));
#1689=DIRECTION('',(6.12303176911189E-17,1.,0.));
#1690=DIRECTION('',(-5.68761795402232E-17,-1.,0.));
#1691=DIRECTION('',(1.,-5.68761795402232E-17,0.));
#1692=DIRECTION('',(0.,-1.,0.));
#1693=DIRECTION('',(0.,0.,-1.));
#1694=DIRECTION('',(-5.68761795402232E-17,-1.,0.));
#1695=DIRECTION('',(1.,-5.68761795402232E-17,0.));
#1696=DIRECTION('',(6.12303176911189E-17,1.,0.));
#1697=DIRECTION('',(-6.12303176911189E-17,-1.,0.));
#1698=DIRECTION('',(1.,-6.12303176911189E-17,0.));
#1699=DIRECTION('',(6.12303176911189E-17,1.,0.));
#1700=DIRECTION('',(-5.68761795402232E-17,-1.,0.));
#1701=DIRECTION('',(1.,-5.68761795402232E-17,0.));
#1702=DIRECTION('',(0.,1.,0.));
#1703=DIRECTION('',(0.,0.,1.));
#1704=DIRECTION('',(6.12303176911189E-17,1.,0.));
#1705=DIRECTION('',(-1.,6.12303176911189E-17,0.));
#1706=DIRECTION('',(0.503267973856209,-2.86239596378901E-17,0.864130399008544));
#1707=DIRECTION('',(-5.68761795402232E-17,-1.,0.));
#1708=DIRECTION('',(-1.,5.68761795402232E-17,0.));
#1709=DIRECTION('',(0.503267973856209,-2.86239596378901E-17,-0.864130399008544));
#1710=DIRECTION('',(-0.50326797385621,2.86239596378902E-17,-0.864130399008544));
#1711=DIRECTION('',(-5.68761795402232E-17,-1.,0.));
#1712=DIRECTION('',(-1.,5.68761795402232E-17,0.));
#1713=DIRECTION('',(-0.503267973856209,2.86239596378901E-17,0.864130399008544));
#1714=DIRECTION('',(-5.68761795402232E-17,-1.,0.));
#1715=DIRECTION('',(-1.,5.68761795402232E-17,0.));
#1716=DIRECTION('',(-6.12303176911189E-17,-1.,0.));
#1717=DIRECTION('',(1.,-6.12303176911189E-17,0.));
#1718=DIRECTION('',(5.68761795402232E-17,1.,0.));
#1719=DIRECTION('',(-1.,5.68761795402232E-17,0.));
#1720=DIRECTION('',(-6.12303176911189E-17,-1.,0.));
#1721=DIRECTION('',(1.,-6.12303176911189E-17,0.));
#1722=DIRECTION('',(-6.12303176911189E-17,-1.,0.));
#1723=DIRECTION('',(1.,-6.12303176911189E-17,0.));
#1724=DIRECTION('',(-6.12303176911189E-17,-1.,0.));
#1725=DIRECTION('',(1.,-6.12303176911189E-17,0.));
#1726=DIRECTION('',(-6.12303176911189E-17,-1.,0.));
#1727=DIRECTION('',(1.,-6.12303176911189E-17,0.));
#1728=DIRECTION('',(-6.12303176911189E-17,-1.,0.));
#1729=DIRECTION('',(0.,0.,1.));
#1730=DIRECTION('',(-6.12303176911189E-17,-1.,0.));
#1731=DIRECTION('',(1.,-6.12303176911189E-17,0.));
#1732=DIRECTION('',(-6.12303176911189E-17,-1.,0.));
#1733=DIRECTION('',(1.,-6.12303176911189E-17,0.));
#1734=DIRECTION('',(-6.12303176911189E-17,-1.,0.));
#1735=DIRECTION('',(1.,-6.12303176911189E-17,0.));
#1736=DIRECTION('',(-6.12303176911189E-17,-1.,0.));
#1737=DIRECTION('',(1.,-6.12303176911189E-17,0.));
#1738=DIRECTION('',(-5.68761795402232E-17,-1.,0.));
#1739=DIRECTION('',(1.,-5.68761795402232E-17,0.));
#1740=DIRECTION('',(-5.68761795402232E-17,-1.,0.));
#1741=DIRECTION('',(1.,-5.68761795402232E-17,0.));
#1742=DIRECTION('',(0.503267973856209,-2.86239596378901E-17,0.864130399008544));
#1743=DIRECTION('',(-5.68761795402232E-17,-1.,0.));
#1744=DIRECTION('',(1.,-5.68761795402232E-17,0.));
#1745=DIRECTION('',(1.75213668506444E-16,-9.96548406787369E-33,1.));
#1746=DIRECTION('',(6.12303176911189E-17,1.,0.));
#1747=DIRECTION('',(-1.,6.12303176911189E-17,0.));
#1748=DIRECTION('',(0.,1.,0.));
#1749=DIRECTION('',(0.,1.,0.));
#1750=DIRECTION('',(0.,0.,1.));
#1751=DIRECTION('',(0.,1.,0.));
#1752=DIRECTION('',(6.12303176911189E-17,1.,0.));
#1753=DIRECTION('',(6.12303176911189E-17,1.,0.));
#1754=DIRECTION('',(-0.864130399008544,5.29109788578465E-17,0.503267973856209));
#1755=DIRECTION('',(0.503267973856209,0.,0.864130399008544));
#1756=DIRECTION('',(0.503267973856209,-2.86239596378901E-17,0.864130399008544));
#1757=DIRECTION('',(0.864130399008544,-5.29109788578465E-17,0.503267973856209));
#1758=DIRECTION('',(0.503267973856209,0.,-0.864130399008544));
#1759=DIRECTION('',(0.503267973856209,-2.86239596378902E-17,-0.864130399008544));
#1760=DIRECTION('',(6.12303176911189E-17,1.,0.));
#1761=DIRECTION('',(-1.,6.12303176911189E-17,0.));
#1762=DIRECTION('',(0.,-1.,0.));
#1763=DIRECTION('',(1.,0.,0.));
#1764=DIRECTION('',(6.12303176911189E-17,1.,0.));
#1765=DIRECTION('',(-1.,6.12303176911189E-17,0.));
#1766=DIRECTION('',(0.,1.,0.));
#1767=DIRECTION('',(0.,-1.,0.));
#1768=DIRECTION('',(0.,0.,-1.));
#1769=DIRECTION('',(0.,1.,0.));
#1770=DIRECTION('',(6.12303176911189E-17,1.,0.));
#1771=DIRECTION('',(6.12303176911189E-17,1.,0.));
#1772=DIRECTION('',(0.864130399008544,-5.29109788578465E-17,-0.50326797385621));
#1773=DIRECTION('',(-0.50326797385621,0.,-0.864130399008544));
#1774=DIRECTION('',(-0.50326797385621,2.86239596378902E-17,-0.864130399008544));
#1775=DIRECTION('',(-0.864130399008544,5.29109788578465E-17,-0.503267973856209));
#1776=DIRECTION('',(-0.503267973856209,0.,0.864130399008544));
#1777=DIRECTION('',(-0.503267973856209,2.86239596378902E-17,0.864130399008544));
#1778=DIRECTION('',(6.12303176911189E-17,1.,0.));
#1779=DIRECTION('',(-1.,6.12303176911189E-17,0.));
#1780=DIRECTION('',(0.,1.,0.));
#1781=DIRECTION('',(1.,0.,0.));
#1782=DIRECTION('',(0.,-1.,0.));
#1783=DIRECTION('',(0.,0.,-1.));
#1784=DIRECTION('',(-1.75213668506444E-16,0.,-1.));
#1785=DIRECTION('',(0.,-1.,0.));
#1786=DIRECTION('',(0.,0.,-1.));
#1787=DIRECTION('',(3.50427337012889E-16,0.,1.));
#1788=DIRECTION('',(0.,-1.,0.));
#1789=DIRECTION('',(0.,0.,-1.));
#1790=DIRECTION('',(1.,0.,-1.75213668506444E-16));
#1791=DIRECTION('',(-1.75213668506444E-16,0.,-1.));
#1792=DIRECTION('',(-1.87976032139912E-48,-1.,-1.0728388586476E-32));
#1793=DIRECTION('',(-1.75213668506444E-16,0.,-1.));
#1794=DIRECTION('',(-1.,0.,3.50427337012889E-16));
#1795=DIRECTION('',(3.50427337012889E-16,0.,1.));
#1796=DIRECTION('',(-7.5190412855965E-48,-1.,-2.1456777172952E-32));
#1797=DIRECTION('',(3.50427337012889E-16,0.,1.));
#1798=DIRECTION('',(0.,1.,0.));
#1799=DIRECTION('',(0.,0.,1.));
#1800=DIRECTION('',(-1.75213668506444E-16,0.,-1.));
#1801=DIRECTION('',(0.,1.,0.));
#1802=DIRECTION('',(0.,0.,1.));
#1803=DIRECTION('',(3.50427337012889E-16,0.,1.));
#1804=DIRECTION('',(0.,1.,0.));
#1805=DIRECTION('',(0.,0.,1.));
#1806=DIRECTION('',(-1.,0.,3.50427337012889E-16));
#1807=DIRECTION('',(3.50427337012889E-16,0.,1.));
#1808=DIRECTION('',(7.5190412855965E-48,1.,2.1456777172952E-32));
#1809=DIRECTION('',(3.50427337012889E-16,0.,1.));
#1810=DIRECTION('',(1.,0.,-1.75213668506444E-16));
#1811=DIRECTION('',(-1.75213668506444E-16,0.,-1.));
#1812=DIRECTION('',(1.87976032139912E-48,1.,1.0728388586476E-32));
#1813=DIRECTION('',(-1.75213668506444E-16,0.,-1.));
#1814=DIRECTION('',(-6.12303176911189E-17,-1.,0.));
#1815=DIRECTION('',(1.,-6.12303176911189E-17,0.));
#1816=DIRECTION('',(-3.50427337012889E-16,0.,-1.));
#1817=DIRECTION('',(-1.,0.,3.50427337012889E-16));
#1818=DIRECTION('',(0.,0.,1.));
#1819=DIRECTION('',(1.,0.,0.));
#1820=DIRECTION('',(0.,-1.,0.));
#1821=DIRECTION('',(0.,0.,-1.));
#1822=DIRECTION('',(0.,0.,-1.));
#1823=DIRECTION('',(-1.,0.,0.));
#1824=DIRECTION('',(1.75213668506444E-16,0.,1.));
#1825=DIRECTION('',(1.,0.,-1.75213668506444E-16));
#1826=DIRECTION('',(1.75213668506444E-16,0.,1.));
#1827=DIRECTION('',(1.,0.,-1.75213668506444E-16));
#1828=DIRECTION('',(0.,0.,-1.));
#1829=DIRECTION('',(-1.,0.,0.));
#1830=DIRECTION('',(0.,1.,0.));
#1831=DIRECTION('',(0.,0.,1.));
#1832=DIRECTION('',(0.,0.,1.));
#1833=DIRECTION('',(1.,0.,0.));
#1834=DIRECTION('',(-3.50427337012889E-16,0.,-1.));
#1835=DIRECTION('',(-1.,0.,3.50427337012889E-16));
#1836=DIRECTION('',(-0.503267973856209,2.86239596378901E-17,-0.864130399008544));
#1837=DIRECTION('',(-0.864130399008544,0.,0.503267973856209));
#1838=DIRECTION('',(0.774318649261384,0.,0.632795882892758));
#1839=DIRECTION('',(0.632795882892758,0.,-0.774318649261384));
#1840=DIRECTION('',(-5.68761795402232E-17,-1.,0.));
#1841=DIRECTION('',(1.,-5.68761795402232E-17,0.));
#1842=DIRECTION('',(-6.12303176911189E-17,-1.,0.));
#1843=DIRECTION('',(1.,-6.12303176911189E-17,0.));
#1844=DIRECTION('',(0.,1.,0.));
#1845=DIRECTION('',(0.,0.,1.));
#1846=DIRECTION('',(0.945577551563946,0.,0.325396825396826));
#1847=DIRECTION('',(0.325396825396826,0.,-0.945577551563946));
#1848=DIRECTION('',(0.,1.,0.));
#1849=DIRECTION('',(0.,0.,1.));
#1850=DIRECTION('',(0.945577551563946,0.,-0.325396825396826));
#1851=DIRECTION('',(-0.325396825396826,0.,-0.945577551563946));
#1852=DIRECTION('',(0.,-1.,0.));
#1853=DIRECTION('',(0.,0.,-1.));
#1854=DIRECTION('',(-6.12303176911189E-17,-1.,0.));
#1855=DIRECTION('',(1.,-6.12303176911189E-17,0.));
#1856=DIRECTION('',(-5.68761795402232E-17,-1.,0.));
#1857=DIRECTION('',(1.,-5.68761795402232E-17,0.));
#1858=DIRECTION('',(0.774318649261384,0.,-0.632795882892758));
#1859=DIRECTION('',(-0.632795882892758,0.,-0.774318649261384));
#1860=DIRECTION('',(-0.503267973856209,2.86239596378901E-17,0.864130399008544));
#1861=DIRECTION('',(0.864130399008544,0.,0.503267973856209));
#1862=DIRECTION('',(0.50326797385621,-2.86239596378902E-17,0.864130399008544));
#1863=DIRECTION('',(0.864130399008544,0.,-0.50326797385621));
#1864=DIRECTION('',(-0.774318649261386,0.,-0.632795882892756));
#1865=DIRECTION('',(-0.632795882892756,0.,0.774318649261386));
#1866=DIRECTION('',(-5.68761795402232E-17,-1.,0.));
#1867=DIRECTION('',(1.,-5.68761795402232E-17,0.));
#1868=DIRECTION('',(-6.12303176911189E-17,-1.,0.));
#1869=DIRECTION('',(1.,-6.12303176911189E-17,0.));
#1870=DIRECTION('',(0.,1.,0.));
#1871=DIRECTION('',(0.,0.,1.));
#1872=DIRECTION('',(-0.945577551563947,0.,-0.325396825396826));
#1873=DIRECTION('',(-0.325396825396826,0.,0.945577551563947));
#1874=DIRECTION('',(0.,-1.,0.));
#1875=DIRECTION('',(0.,0.,-1.));
#1876=DIRECTION('',(-0.945577551563947,0.,0.325396825396826));
#1877=DIRECTION('',(0.325396825396826,0.,0.945577551563947));
#1878=DIRECTION('',(0.,-1.,0.));
#1879=DIRECTION('',(0.,0.,-1.));
#1880=DIRECTION('',(-6.12303176911189E-17,-1.,0.));
#1881=DIRECTION('',(1.,-6.12303176911189E-17,0.));
#1882=DIRECTION('',(-5.68761795402232E-17,-1.,0.));
#1883=DIRECTION('',(1.,-5.68761795402232E-17,0.));
#1884=DIRECTION('',(-0.774318649261384,0.,0.632795882892759));
#1885=DIRECTION('',(0.632795882892759,0.,0.774318649261384));
#1886=DIRECTION('',(0.503267973856209,-2.86239596378901E-17,-0.864130399008544));
#1887=DIRECTION('',(-0.864130399008544,0.,-0.503267973856209));
#1888=DIRECTION('',(0.,0.,1.));
#1889=DIRECTION('',(1.,0.,0.));
#1890=DIRECTION('',(-5.84683748139567E-33,-9.54892560069752E-17,1.));
#1891=DIRECTION('',(0.,-1.,-9.54892560069752E-17));
#1892=DIRECTION('',(-5.84683748139567E-33,-9.54892560069752E-17,1.));
#1893=DIRECTION('',(0.,-1.,-9.54892560069752E-17));
#1894=DIRECTION('',(-5.84683748139567E-33,-9.54892560069752E-17,1.));
#1895=DIRECTION('',(0.,-1.,-9.54892560069752E-17));
#1896=DIRECTION('',(5.84683748139567E-33,9.54892560069752E-17,-1.));
#1897=DIRECTION('',(0.,1.,9.54892560069752E-17));
#1898=DIRECTION('',(-5.84683748139567E-33,-9.54892560069752E-17,1.));
#1899=DIRECTION('',(0.,-1.,-9.54892560069752E-17));
#1900=DIRECTION('',(-5.84683748139567E-33,-9.54892560069752E-17,1.));
#1901=DIRECTION('',(0.,-1.,-9.54892560069752E-17));
#1902=DIRECTION('',(-5.84683748139567E-33,-9.54892560069752E-17,1.));
#1903=DIRECTION('',(0.,-1.,-9.54892560069752E-17));
#1904=DIRECTION('',(-5.84683748139567E-33,-9.54892560069752E-17,1.));
#1905=DIRECTION('',(0.,-1.,-9.54892560069752E-17));
#1906=DIRECTION('',(-5.84683748139567E-33,-9.54892560069752E-17,1.));
#1907=DIRECTION('',(0.,-1.,-9.54892560069752E-17));
#1908=DIRECTION('',(0.,0.,1.));
#1909=DIRECTION('',(1.,0.,0.));
#1910=CARTESIAN_POINT('',(0.,0.,0.));
#1911=CARTESIAN_POINT('',(-10.0762716319083,0.,10.0762716319083));
#1912=CARTESIAN_POINT('',(-7.92105962499628,5.59895666957075E-16,7.92105962499628));
#1913=CARTESIAN_POINT('',(-14.25,0.,-2.29157477578921E-15));
#1914=CARTESIAN_POINT('',(-11.2020699500357,5.59895666957075E-16,-1.80143024099144E-15));
#1915=CARTESIAN_POINT('',(-10.0762716319083,0.,-10.0762716319083));
#1916=CARTESIAN_POINT('',(-7.92105962499627,5.59895666957075E-16,-7.92105962499628));
#1917=CARTESIAN_POINT('',(-1.74512168878498E-15,0.,-14.25));
#1918=CARTESIAN_POINT('',(-1.37185791081359E-15,5.59895666957075E-16,-11.2020699500357));
#1919=CARTESIAN_POINT('',(10.0762716319083,0.,-10.0762716319083));
#1920=CARTESIAN_POINT('',(7.92105962499628,5.59895666957075E-16,-7.92105962499628));
#1921=CARTESIAN_POINT('',(14.25,0.,-2.61768253317747E-15));
#1922=CARTESIAN_POINT('',(11.2020699500357,5.59895666957075E-16,-2.05778686622039E-15));
#1923=CARTESIAN_POINT('',(10.0762716319083,0.,10.0762716319083));
#1924=CARTESIAN_POINT('',(7.92105962499628,5.59895666957075E-16,7.92105962499628));
#1925=CARTESIAN_POINT('',(3.67381906146713E-16,6.,19.0787840283389));
#1926=CARTESIAN_POINT('',(3.67381906146713E-16,6.,0.));
#1927=CARTESIAN_POINT('',(19.0787840283389,6.,0.));
#1928=CARTESIAN_POINT('',(3.67381906146713E-16,6.,0.));
#1929=CARTESIAN_POINT('',(16.1666666666667,6.,0.));
#1930=CARTESIAN_POINT('',(0.,0.,-1.73472347597681E-15));
#1931=CARTESIAN_POINT('',(-3.67381906146713E-16,-6.,0.));
#1932=CARTESIAN_POINT('',(19.0787840283389,-6.,0.));
#1933=CARTESIAN_POINT('',(-3.67381906146713E-16,-6.,19.0787840283389));
#1934=CARTESIAN_POINT('',(-3.67381906146713E-16,-6.,0.));
#1935=CARTESIAN_POINT('',(16.1666666666667,-6.,0.));
#1936=CARTESIAN_POINT('',(-1.53159860666952E-15,-25.0137295448276,0.));
#1937=CARTESIAN_POINT('',(-1.52902444747184E-16,-2.49716889463994,0.));
#1938=CARTESIAN_POINT('',(16.1666666666667,-2.49716889463994,0.));
#1939=CARTESIAN_POINT('',(0.,0.,0.));
#1940=CARTESIAN_POINT('',(1.52902444747183E-16,2.49716889463993,0.));
#1941=CARTESIAN_POINT('',(16.1666666666667,2.49716889463993,0.));
#1942=CARTESIAN_POINT('',(-1.53159860666952E-15,-25.0137295448276,0.));
#1943=CARTESIAN_POINT('',(54.4340885842686,-12.4,-31.4275356972194));
#1944=CARTESIAN_POINT('',(11.5499091643393,-14.360407525331,-4.40889293806427));
#1945=CARTESIAN_POINT('',(10.736274708193,-15.1703621194459,-6.1975020337248));
#1946=CARTESIAN_POINT('',(9.59087188293727,-14.3581439968852,-7.80109892703649));
#1947=CARTESIAN_POINT('',(9.01836207932035,-12.399277538045,-8.40512819968932));
#1948=CARTESIAN_POINT('',(9.59115782296024,-10.4419687167473,-7.80066116392551));
#1949=CARTESIAN_POINT('',(10.7358552033537,-9.62947318200883,-6.19833416509882));
#1950=CARTESIAN_POINT('',(11.5506005084396,-10.4401386206858,-4.40721585816594));
#1951=CARTESIAN_POINT('',(11.7887418264968,-12.4021184033583,-3.60635120130338));
#1952=CARTESIAN_POINT('',(11.5499091643393,-14.360407525331,-4.40889293806427));
#1953=CARTESIAN_POINT('',(10.736274708193,-15.1703621194459,-6.1975020337248));
#1954=CARTESIAN_POINT('',(9.59087188293727,-14.3581439968852,-7.80109892703649));
#1955=CARTESIAN_POINT('',(10.6809799800081,-14.9,-6.16666666666666));
#1956=CARTESIAN_POINT('',(8.18130538652952,-14.3600270630817,-2.46252654449518));
#1957=CARTESIAN_POINT('',(8.33783644646395,-12.3997958789254,-1.61414679856844));
#1958=CARTESIAN_POINT('',(8.18109066602556,-10.4407894212167,-2.46262041837234));
#1959=CARTESIAN_POINT('',(7.44231954859307,-9.62935366360617,-4.29327968998171));
#1960=CARTESIAN_POINT('',(6.22179049012847,-10.441799079553,-5.85583469056406));
#1961=CARTESIAN_POINT('',(5.56764786186753,-12.3985035182863,-6.41265908830808));
#1962=CARTESIAN_POINT('',(6.22136097404542,-14.3577057085561,-5.85602422973003));
#1963=CARTESIAN_POINT('',(7.44058266329811,-15.1705666310025,-4.29635751686927));
#1964=CARTESIAN_POINT('',(8.18130538652952,-14.3600270630817,-2.46252654449518));
#1965=CARTESIAN_POINT('',(8.33783644646395,-12.3997958789254,-1.61414679856844));
#1966=CARTESIAN_POINT('',(8.18109066602556,-10.4407894212167,-2.46262041837234));
#1967=CARTESIAN_POINT('',(8.28562363973514,-12.4,-1.89695569285688));
#1968=CARTESIAN_POINT('',(-9.73562051288789E-16,-15.9,12.3333333333333));
#1969=CARTESIAN_POINT('',(-9.73562051288789E-16,-15.9,0.));
#1970=CARTESIAN_POINT('',(11.3333333333333,-15.9,0.));
#1971=CARTESIAN_POINT('',(-9.73562051288789E-16,-15.9,0.));
#1972=CARTESIAN_POINT('',(8.5,-15.9,0.));
#1973=CARTESIAN_POINT('',(-1.53159860666952E-15,-25.0137295448276,0.));
#1974=CARTESIAN_POINT('',(-9.12331733597671E-16,-14.9,0.));
#1975=CARTESIAN_POINT('',(-1.53075806455709E-16,-14.9,12.3333333333333));
#1976=CARTESIAN_POINT('',(-1.95674129524019,-14.360407525331,12.2069612167527));
#1977=CARTESIAN_POINT('',(-0.00094315288507753,-15.1703621194459,12.3966376561659));
#1978=CARTESIAN_POINT('',(1.9605139067805,-14.3581439968852,12.2064881585838));
#1979=CARTESIAN_POINT('',(2.76987350333574,-12.399277538045,12.0126947610623));
#1980=CARTESIAN_POINT('',(1.95999182279406,-10.4419687167473,12.2065169083522));
#1981=CARTESIAN_POINT('',(-1.27535562441151E-5,-9.62947318200884,12.396690420005));
#1982=CARTESIAN_POINT('',(-1.95853936108645,-10.4401386206858,12.2067213983571));
#1983=CARTESIAN_POINT('',(-2.77117915795111,-12.4021184033583,12.012525501054));
#1984=CARTESIAN_POINT('',(-1.95674129524019,-14.360407525331,12.2069612167527));
#1985=CARTESIAN_POINT('',(-0.00094315288507753,-15.1703621194459,12.3966376561659));
#1986=CARTESIAN_POINT('',(1.9605139067805,-14.3581439968852,12.2064881585838));
#1987=CARTESIAN_POINT('',(-9.12331733597671E-16,-14.9,0.));
#1988=CARTESIAN_POINT('',(-1.52902444747184E-16,-2.49716889463994,0.));
#1989=CARTESIAN_POINT('',(12.3333333333333,-2.49716889463994,0.));
#1990=CARTESIAN_POINT('',(0.,0.,0.));
#1991=CARTESIAN_POINT('',(1.52902444747184E-16,2.49716889463994,0.));
#1992=CARTESIAN_POINT('',(12.3333333333333,2.49716889463994,0.));
#1993=CARTESIAN_POINT('',(-1.53159860666952E-15,-25.0137295448276,0.));
#1994=CARTESIAN_POINT('',(6.42918335756749E-16,10.5,0.));
#1995=CARTESIAN_POINT('',(-12.3333333333333,10.5,0.));
#1996=CARTESIAN_POINT('',(7.04148653447867E-16,11.5,12.3333333333333));
#1997=CARTESIAN_POINT('',(7.04148653447867E-16,11.5,0.));
#1998=CARTESIAN_POINT('',(-9.5,11.5,0.));
#1999=CARTESIAN_POINT('',(7.04148653447867E-16,11.5,0.));
#2000=CARTESIAN_POINT('',(-11.3333333333333,11.5,0.));
#2001=CARTESIAN_POINT('',(-1.53159860666952E-15,-25.0137295448276,0.));
#2002=CARTESIAN_POINT('',(6.42918335756749E-16,10.5,0.));
#2003=CARTESIAN_POINT('',(-8.5,10.5,0.));
#2004=CARTESIAN_POINT('',(-1.95804214823841,-14.3600270630817,8.31648157310063));
#2005=CARTESIAN_POINT('',(-2.77102609023438,-12.3997958789254,8.02785157452177));
#2006=CARTESIAN_POINT('',(-1.95785349082406,-10.4407894212167,8.31634255662806));
#2007=CARTESIAN_POINT('',(-0.00307049722059622,-9.62935366360617,8.59187763715399));
#2008=CARTESIAN_POINT('',(1.96040635732644,-10.441799079553,8.31614596675772));
#2009=CARTESIAN_POINT('',(2.7697017453502,-12.3985035182863,8.02805403185743));
#2010=CARTESIAN_POINT('',(1.9607852611007,-14.3577057085561,8.31586876450145));
#2011=CARTESIAN_POINT('',(0.000463421699957775,-15.1705666310025,8.59191236380888));
#2012=CARTESIAN_POINT('',(-1.95804214823841,-14.3600270630817,8.31648157310063));
#2013=CARTESIAN_POINT('',(-2.77102609023438,-12.3997958789254,8.02785157452177));
#2014=CARTESIAN_POINT('',(-1.95785349082406,-10.4407894212167,8.31634255662806));
#2015=CARTESIAN_POINT('',(-2.5,-12.4,8.12403840463596));
#2016=CARTESIAN_POINT('',(0.,-12.4,62.8550713944388));
#2017=CARTESIAN_POINT('',(7.04148653447868E-16,11.5,0.));
#2018=CARTESIAN_POINT('',(6.42918335756749E-16,10.5,0.));
#2019=CARTESIAN_POINT('',(-9.73562051288789E-16,-15.9,0.));
#2020=CARTESIAN_POINT('',(0.,0.,14.25));
#2021=CARTESIAN_POINT('',(3.42825895616626E-32,5.59895666957075E-16,11.2020699500357));
#2022=CARTESIAN_POINT('',(0.,0.,0.));
#2023=CARTESIAN_POINT('',(0.,0.,5.));
#2024=CARTESIAN_POINT('',(0.,0.,1.));
#2025=CARTESIAN_POINT('',(-2.5,0.,1.));
#2026=CARTESIAN_POINT('',(0.,0.,4.));
#2027=CARTESIAN_POINT('',(-2.5,0.,4.));
#2028=CARTESIAN_POINT('',(0.,0.,5.));
#2029=CARTESIAN_POINT('',(0.,0.,5.));
#2030=CARTESIAN_POINT('',(-1.5,0.,5.));
#2031=CARTESIAN_POINT('',(0.,0.,0.));
#2032=CARTESIAN_POINT('',(0.,0.,0.));
#2033=CARTESIAN_POINT('',(-1.5,0.,0.));
#2034=CARTESIAN_POINT('',(0.,0.,0.));
#2035=CARTESIAN_POINT('',(0.,0.,4.));
#2036=CARTESIAN_POINT('',(0.,-12.4,8.5));
#2037=CARTESIAN_POINT('',(7.36121595605935,-12.4,-4.24999995863635));
#2038=CARTESIAN_POINT('',(0.,0.,0.));
#2039=CARTESIAN_POINT('',(-2.93905524917371E-15,6.00000000000001,-38.25));
#2040=CARTESIAN_POINT('',(3.63027767995818E-16,6.00000000000001,0.));
#2041=CARTESIAN_POINT('',(-11.25,6.00000000000001,-29.4225678688995));
#2042=CARTESIAN_POINT('',(-19.9330703111219,6.00000000000001,-24.3910374517336));
#2043=CARTESIAN_POINT('',(-8.85733658983758,6.00000000000001,-43.4084967320261));
#2044=CARTESIAN_POINT('',(-11.1908941851094,6.00000000000001,-39.4016889066433));
#2045=CARTESIAN_POINT('',(-2.2655217545714E-15,6.00000000000001,-38.25));
#2046=CARTESIAN_POINT('',(-11.25,6.00000000000001,-38.25));
#2047=CARTESIAN_POINT('',(-11.25,6.00000000000001,-38.25));
#2048=CARTESIAN_POINT('',(-2.93905524917371E-15,6.00000000000001,38.25));
#2049=CARTESIAN_POINT('',(-25.4918467707521,6.00000000000001,14.8464052287582));
#2050=CARTESIAN_POINT('',(-11.1908941851094,6.00000000000001,39.4016889066432));
#2051=CARTESIAN_POINT('',(-19.9330703111219,6.00000000000001,24.3910374517336));
#2052=CARTESIAN_POINT('',(3.63027767995818E-16,6.00000000000001,0.));
#2053=CARTESIAN_POINT('',(-11.25,6.00000000000001,29.4225678688995));
#2054=CARTESIAN_POINT('',(-11.25,6.00000000000001,38.25));
#2055=CARTESIAN_POINT('',(-11.25,6.00000000000001,38.25));
#2056=CARTESIAN_POINT('',(-2.2655217545714E-15,6.00000000000001,38.25));
#2057=CARTESIAN_POINT('',(-2.93905524917371E-15,6.00000000000001,38.25));
#2058=CARTESIAN_POINT('',(3.63027767995818E-16,6.00000000000001,0.));
#2059=CARTESIAN_POINT('',(11.25,6.00000000000001,29.4225678688995));
#2060=CARTESIAN_POINT('',(19.9330703111219,6.00000000000001,24.3910374517336));
#2061=CARTESIAN_POINT('',(8.85733658983758,6.00000000000001,43.4084967320261));
#2062=CARTESIAN_POINT('',(11.1908941851094,6.00000000000001,39.4016889066433));
#2063=CARTESIAN_POINT('',(-2.2655217545714E-15,6.00000000000001,38.25));
#2064=CARTESIAN_POINT('',(11.25,6.00000000000001,38.25));
#2065=CARTESIAN_POINT('',(11.25,6.00000000000001,38.25));
#2066=CARTESIAN_POINT('',(-9.18454765366783E-16,-15.,21.0787840283389));
#2067=CARTESIAN_POINT('',(-9.18454765366783E-16,-15.,0.));
#2068=CARTESIAN_POINT('',(29.5,-15.,0.));
#2069=CARTESIAN_POINT('',(-9.18454765366783E-16,-15.,0.));
#2070=CARTESIAN_POINT('',(21.0787840283389,-15.,0.));
#2071=CARTESIAN_POINT('',(0.,0.,0.));
#2072=CARTESIAN_POINT('',(1.17449469279965,-3.67674864396097,30.4816045737524));
#2073=CARTESIAN_POINT('',(1.66265872009533,-2.49969955017687,30.4538453361856));
#2074=CARTESIAN_POINT('',(1.17487042681905,-1.32445315533157,30.4815686222392));
#2075=CARTESIAN_POINT('',(0.00123141267300655,-0.837937661727141,30.5092114624571));
#2076=CARTESIAN_POINT('',(-1.17498355130193,-1.32379748444932,30.4815854646525));
#2077=CARTESIAN_POINT('',(-1.66211216123916,-2.49976684741249,30.4538669118262));
#2078=CARTESIAN_POINT('',(-1.1765672306004,-3.67392318905489,30.481501456998));
#2079=CARTESIAN_POINT('',(-0.00174449283013043,-4.16233090408304,30.5092234363618));
#2080=CARTESIAN_POINT('',(1.17449469279965,-3.67674864396097,30.4816045737524));
#2081=CARTESIAN_POINT('',(1.66265872009533,-2.49969955017687,30.4538453361856));
#2082=CARTESIAN_POINT('',(1.17487042681905,-1.32445315533157,30.4815686222392));
#2083=CARTESIAN_POINT('',(1.5,-2.5,30.4630924234556));
#2084=CARTESIAN_POINT('',(-8.57224447675664E-16,-14.,0.));
#2085=CARTESIAN_POINT('',(30.5,-14.,0.));
#2086=CARTESIAN_POINT('',(3.06151588455595E-16,5.00000000000001,0.));
#2087=CARTESIAN_POINT('',(11.8611111111111,5.00000000000001,-28.0991822516221));
#2088=CARTESIAN_POINT('',(19.3002744282291,5.00000000000001,-23.6167188024722));
#2089=CARTESIAN_POINT('',(19.3002744282291,5.00000000000001,-23.6167188024722));
#2090=CARTESIAN_POINT('',(20.7458428225966,5.,-22.4353579644397));
#2091=CARTESIAN_POINT('',(23.3745840723954,5.60277881325057,-19.8437917724152));
#2092=CARTESIAN_POINT('',(25.4527301175442,6.53293566001543,-16.9005830084866));
#2093=CARTESIAN_POINT('',(26.3559771697605,7.00000000000001,-15.3496732026146));
#2094=CARTESIAN_POINT('',(26.3559771697606,7.00000000000001,-15.3496732026144));
#2095=CARTESIAN_POINT('',(26.3559771697606,6.00000000000001,-15.3496732026144));
#2096=CARTESIAN_POINT('',(26.3559771697606,17.,-15.3496732026144));
#2097=CARTESIAN_POINT('',(1.04091540074902E-15,17.,0.));
#2098=CARTESIAN_POINT('',(26.3559771697606,17.,15.3496732026144));
#2099=CARTESIAN_POINT('',(26.3559771697606,6.00000000000001,15.3496732026144));
#2100=CARTESIAN_POINT('',(26.3559771697606,7.00000000000001,15.3496732026144));
#2101=CARTESIAN_POINT('',(19.3002744282291,5.00000000000001,23.6167188024722));
#2102=CARTESIAN_POINT('',(20.7458428225966,5.,22.4353579644397));
#2103=CARTESIAN_POINT('',(23.3745840723982,5.60277881322981,19.8437917724105));
#2104=CARTESIAN_POINT('',(25.4527301175388,6.53293566005703,16.9005830084958));
#2105=CARTESIAN_POINT('',(26.3559771697606,7.00000000000001,15.3496732026144));
#2106=CARTESIAN_POINT('',(19.3002744282291,5.00000000000001,23.6167188024722));
#2107=CARTESIAN_POINT('',(3.06151588455595E-16,5.00000000000001,0.));
#2108=CARTESIAN_POINT('',(11.8611111111111,5.,28.0991822516221));
#2109=CARTESIAN_POINT('',(11.8611111111111,5.,28.0991822516221));
#2110=CARTESIAN_POINT('',(11.8611111111111,4.46167033972854,28.0991822516221));
#2111=CARTESIAN_POINT('',(11.4205736930543,3.42008026676162,28.2897048857949));
#2112=CARTESIAN_POINT('',(10.4331281604026,3.,28.6651191886018));
#2113=CARTESIAN_POINT('',(9.92460317460317,3.,28.8401153227004));
#2114=CARTESIAN_POINT('',(9.92460317460317,3.,28.8401153227004));
#2115=CARTESIAN_POINT('',(1.83690953073357E-16,3.,0.));
#2116=CARTESIAN_POINT('',(-9.92460317460318,3.,28.8401153227004));
#2117=CARTESIAN_POINT('',(-9.92460317460318,3.,28.8401153227004));
#2118=CARTESIAN_POINT('',(-10.4324743445625,3.,28.6653441829435));
#2119=CARTESIAN_POINT('',(-11.4222339609521,3.42105371049756,28.2890614039111));
#2120=CARTESIAN_POINT('',(-11.8611111111111,4.46243883304554,28.0991822516221));
#2121=CARTESIAN_POINT('',(-11.8611111111111,5.,28.0991822516221));
#2122=CARTESIAN_POINT('',(-11.8611111111111,5.00000000000001,28.0991822516221));
#2123=CARTESIAN_POINT('',(3.06151588455595E-16,5.00000000000001,0.));
#2124=CARTESIAN_POINT('',(-19.3002744282291,5.00000000000001,23.6167188024722));
#2125=CARTESIAN_POINT('',(-19.3002744282291,5.00000000000001,23.6167188024722));
#2126=CARTESIAN_POINT('',(-20.7458428225966,5.00000000000001,22.4353579644397));
#2127=CARTESIAN_POINT('',(-23.3745840724004,5.60277881321295,19.8437917724067));
#2128=CARTESIAN_POINT('',(-25.4527301175344,6.53293566009078,16.9005830085034));
#2129=CARTESIAN_POINT('',(-26.3559771697606,7.00000000000001,15.3496732026144));
#2130=CARTESIAN_POINT('',(-26.3559771697606,7.00000000000001,15.3496732026144));
#2131=CARTESIAN_POINT('',(-26.3559771697606,6.00000000000001,15.3496732026144));
#2132=CARTESIAN_POINT('',(-26.3559771697606,17.,15.3496732026144));
#2133=CARTESIAN_POINT('',(1.04091540074902E-15,17.,0.));
#2134=CARTESIAN_POINT('',(-26.3559771697606,17.,-15.3496732026144));
#2135=CARTESIAN_POINT('',(-26.3559771697606,6.00000000000001,-15.3496732026144));
#2136=CARTESIAN_POINT('',(-26.3559771697606,7.00000000000001,-15.3496732026144));
#2137=CARTESIAN_POINT('',(-19.3002744282291,5.00000000000001,-23.6167188024722));
#2138=CARTESIAN_POINT('',(-20.7458428225966,5.00000000000001,-22.4353579644397));
#2139=CARTESIAN_POINT('',(-23.3745840723933,5.60277881326745,-19.8437917724189));
#2140=CARTESIAN_POINT('',(-25.4527301175487,6.53293565998174,-16.9005830084789));
#2141=CARTESIAN_POINT('',(-26.3559771697606,7.00000000000001,-15.3496732026144));
#2142=CARTESIAN_POINT('',(-19.3002744282291,5.00000000000001,-23.6167188024722));
#2143=CARTESIAN_POINT('',(3.06151588455595E-16,5.00000000000001,0.));
#2144=CARTESIAN_POINT('',(-11.8611111111111,5.,-28.0991822516221));
#2145=CARTESIAN_POINT('',(-11.8611111111111,5.,-28.0991822516221));
#2146=CARTESIAN_POINT('',(-11.8611111111111,4.46167033972854,-28.0991822516221));
#2147=CARTESIAN_POINT('',(-11.4205736930543,3.42008026676162,-28.2897048857949));
#2148=CARTESIAN_POINT('',(-10.4331281604026,3.,-28.6651191886018));
#2149=CARTESIAN_POINT('',(-9.92460317460317,3.,-28.8401153227004));
#2150=CARTESIAN_POINT('',(-9.92460317460317,3.,-28.8401153227004));
#2151=CARTESIAN_POINT('',(1.83690953073357E-16,3.,0.));
#2152=CARTESIAN_POINT('',(9.92460317460318,3.,-28.8401153227004));
#2153=CARTESIAN_POINT('',(9.92460317460318,3.,-28.8401153227004));
#2154=CARTESIAN_POINT('',(10.4324743445625,3.,-28.6653441829435));
#2155=CARTESIAN_POINT('',(11.4222339609521,3.42105371049756,-28.2890614039111));
#2156=CARTESIAN_POINT('',(11.8611111111111,4.46243883304554,-28.0991822516221));
#2157=CARTESIAN_POINT('',(11.8611111111111,5.,-28.0991822516221));
#2158=CARTESIAN_POINT('',(1.04091540074902E-15,17.,30.5));
#2159=CARTESIAN_POINT('',(9.72146698884613,17.,-43.9117647058824));
#2160=CARTESIAN_POINT('',(9.72146698884613,17.,-43.9117647058824));
#2161=CARTESIAN_POINT('',(-2.2655217545714E-15,17.,-38.25));
#2162=CARTESIAN_POINT('',(-9.72146698884612,17.,-43.9117647058824));
#2163=CARTESIAN_POINT('',(-9.72146698884612,17.,-43.9117647058824));
#2164=CARTESIAN_POINT('',(-9.72146698884612,17.,43.9117647058824));
#2165=CARTESIAN_POINT('',(-9.72146698884612,17.,43.9117647058824));
#2166=CARTESIAN_POINT('',(-2.2655217545714E-15,17.,38.25));
#2167=CARTESIAN_POINT('',(9.72146698884612,17.,43.9117647058824));
#2168=CARTESIAN_POINT('',(9.72146698884612,17.,43.9117647058824));
#2169=CARTESIAN_POINT('',(-2.2655217545714E-15,17.,38.25));
#2170=CARTESIAN_POINT('',(-5.25,17.,38.25));
#2171=CARTESIAN_POINT('',(1.04091540074902E-15,17.,0.));
#2172=CARTESIAN_POINT('',(21.0787840283389,17.,0.));
#2173=CARTESIAN_POINT('',(-2.2655217545714E-15,17.,-38.25));
#2174=CARTESIAN_POINT('',(-5.25,17.,-38.25));
#2175=CARTESIAN_POINT('',(0.,0.,0.));
#2176=CARTESIAN_POINT('',(4.89842541528951E-16,8.,0.));
#2177=CARTESIAN_POINT('',(21.0787840283389,8.,0.));
#2178=CARTESIAN_POINT('',(4.89842541528951E-16,8.,0.));
#2179=CARTESIAN_POINT('',(3.67381906146713E-16,6.,0.));
#2180=CARTESIAN_POINT('',(19.0787840283389,6.,0.));
#2181=CARTESIAN_POINT('',(0.,0.,-1.73472347597681E-15));
#2182=CARTESIAN_POINT('',(0.0314728422460731,-4.16417575674291,19.574942027951));
#2183=CARTESIAN_POINT('',(-1.15852528345957,-3.69265452836857,19.6351913419101));
#2184=CARTESIAN_POINT('',(-1.65995437969497,-2.52895568289193,19.7829249688542));
#2185=CARTESIAN_POINT('',(-1.2002528169459,-1.35050979104116,19.931172745278));
#2186=CARTESIAN_POINT('',(-0.0312632605480796,-0.835951021477597,19.9954870388013));
#2187=CARTESIAN_POINT('',(1.15792721570295,-1.30724268044562,19.9365904186437));
#2188=CARTESIAN_POINT('',(1.65986535283555,-2.46912846220361,19.7904837069196));
#2189=CARTESIAN_POINT('',(1.20105856216196,-3.64906636988422,19.6407492715291));
#2190=CARTESIAN_POINT('',(0.0314728422460731,-4.16417575674291,19.574942027951));
#2191=CARTESIAN_POINT('',(-1.15852528345957,-3.69265452836857,19.6351913419101));
#2192=CARTESIAN_POINT('',(-1.65995437969497,-2.52895568289193,19.7829249688542));
#2193=CARTESIAN_POINT('',(-1.04376377854786,-3.57729159218486,19.6497720607409));
#2194=CARTESIAN_POINT('',(-3.67381906146713E-16,-6.,0.));
#2195=CARTESIAN_POINT('',(19.0787840283389,-6.00000000000001,0.));
#2196=CARTESIAN_POINT('',(-4.89842541528951E-16,-8.,0.));
#2197=CARTESIAN_POINT('',(-4.89842541528951E-16,-8.,0.));
#2198=CARTESIAN_POINT('',(21.0787840283389,-8.,0.));
#2199=CARTESIAN_POINT('',(0.,0.,0.));
#2200=CARTESIAN_POINT('',(-2.93905524917371E-15,6.00000000000001,-38.25));
#2201=CARTESIAN_POINT('',(-2.2655217545714E-15,6.00000000000001,-38.25));
#2202=CARTESIAN_POINT('',(11.1908941851094,6.00000000000001,-39.4016889066433));
#2203=CARTESIAN_POINT('',(11.25,6.00000000000001,-38.25));
#2204=CARTESIAN_POINT('',(25.4918467707521,6.00000000000001,-14.8464052287582));
#2205=CARTESIAN_POINT('',(19.9330703111219,6.00000000000001,-24.3910374517336));
#2206=CARTESIAN_POINT('',(3.63027767995818E-16,6.00000000000001,0.));
#2207=CARTESIAN_POINT('',(11.25,6.00000000000001,-29.4225678688995));
#2208=CARTESIAN_POINT('',(11.25,6.00000000000001,-38.25));
#2209=CARTESIAN_POINT('',(-2.93905524917371E-15,6.00000000000001,-38.25));
#2210=CARTESIAN_POINT('',(11.25,4.,-38.25));
#2211=CARTESIAN_POINT('',(11.25,5.,-38.25));
#2212=CARTESIAN_POINT('',(-3.00028556686482E-15,5.,-38.25));
#2213=CARTESIAN_POINT('',(-11.25,5.,-38.25));
#2214=CARTESIAN_POINT('',(-11.25,4.,-38.25));
#2215=CARTESIAN_POINT('',(-11.1908941851094,6.00000000000001,-39.4016889066433));
#2216=CARTESIAN_POINT('',(-11.1065244379933,6.00000000000001,-40.2215048369295));
#2217=CARTESIAN_POINT('',(-10.7621655130557,6.30280469886291,-41.8035860922494));
#2218=CARTESIAN_POINT('',(-10.114333084218,6.76726206432096,-43.2371985634168));
#2219=CARTESIAN_POINT('',(-9.72146698884613,7.00000000000001,-43.9117647058824));
#2220=CARTESIAN_POINT('',(-9.72146698884612,7.00000000000001,-43.9117647058824));
#2221=CARTESIAN_POINT('',(-9.72146698884612,6.00000000000001,-43.9117647058824));
#2222=CARTESIAN_POINT('',(9.72146698884613,6.00000000000001,-43.9117647058824));
#2223=CARTESIAN_POINT('',(9.72146698884613,7.00000000000001,-43.9117647058824));
#2224=CARTESIAN_POINT('',(11.1908941851094,6.00000000000001,-39.4016889066433));
#2225=CARTESIAN_POINT('',(11.1065244379933,6.00000000000001,-40.2215048369295));
#2226=CARTESIAN_POINT('',(10.7621655130575,6.30280469887485,-41.8035860922463));
#2227=CARTESIAN_POINT('',(10.1143330842144,6.76726206429705,-43.237198563423));
#2228=CARTESIAN_POINT('',(9.72146698884612,7.00000000000001,-43.9117647058824));
#2229=CARTESIAN_POINT('',(9.72146698884613,6.00000000000001,-43.9117647058824));
#2230=CARTESIAN_POINT('',(9.72146698884613,7.00000000000001,-43.9117647058824));
#2231=CARTESIAN_POINT('',(-9.72146698884612,6.00000000000001,-43.9117647058824));
#2232=CARTESIAN_POINT('',(-26.3559771697606,7.00000000000001,-15.3496732026144));
#2233=CARTESIAN_POINT('',(-2.93905524917371E-15,6.00000000000001,-38.25));
#2234=CARTESIAN_POINT('',(-2.2655217545714E-15,4.,-38.25));
#2235=CARTESIAN_POINT('',(5.25,4.,-38.25));
#2236=CARTESIAN_POINT('',(-2.93905524917371E-15,6.00000000000001,38.25));
#2237=CARTESIAN_POINT('',(-11.25,4.,38.25));
#2238=CARTESIAN_POINT('',(-11.25,5.,38.25));
#2239=CARTESIAN_POINT('',(-3.00028556686482E-15,5.,38.25));
#2240=CARTESIAN_POINT('',(11.25,5.,38.25));
#2241=CARTESIAN_POINT('',(11.25,4.,38.25));
#2242=CARTESIAN_POINT('',(11.1908941851094,6.00000000000001,39.4016889066433));
#2243=CARTESIAN_POINT('',(11.1065244379933,6.00000000000001,40.2215048369295));
#2244=CARTESIAN_POINT('',(10.7621655130566,6.30280469886875,41.8035860922479));
#2245=CARTESIAN_POINT('',(10.1143330842162,6.76726206430924,43.2371985634199));
#2246=CARTESIAN_POINT('',(9.72146698884612,7.00000000000001,43.9117647058824));
#2247=CARTESIAN_POINT('',(9.72146698884612,7.00000000000001,43.9117647058824));
#2248=CARTESIAN_POINT('',(9.72146698884612,6.00000000000001,43.9117647058824));
#2249=CARTESIAN_POINT('',(-9.72146698884612,6.00000000000001,43.9117647058824));
#2250=CARTESIAN_POINT('',(-9.72146698884612,7.00000000000001,43.9117647058824));
#2251=CARTESIAN_POINT('',(-11.1908941851094,6.00000000000001,39.4016889066432));
#2252=CARTESIAN_POINT('',(-11.1065244379933,6.00000000000001,40.2215048369295));
#2253=CARTESIAN_POINT('',(-10.7621655130502,6.3028046988264,41.8035860922588));
#2254=CARTESIAN_POINT('',(-10.114333084229,6.76726206439403,43.237198563398));
#2255=CARTESIAN_POINT('',(-9.72146698884611,7.00000000000001,43.9117647058824));
#2256=CARTESIAN_POINT('',(-9.72146698884612,6.00000000000001,43.9117647058824));
#2257=CARTESIAN_POINT('',(-9.72146698884612,7.00000000000001,43.9117647058824));
#2258=CARTESIAN_POINT('',(9.72146698884612,6.00000000000001,43.9117647058824));
#2259=CARTESIAN_POINT('',(26.3559771697606,7.00000000000001,15.3496732026144));
#2260=CARTESIAN_POINT('',(-2.93905524917371E-15,6.00000000000001,38.25));
#2261=CARTESIAN_POINT('',(-2.2655217545714E-15,4.,38.25));
#2262=CARTESIAN_POINT('',(5.25,4.,38.25));
#2263=CARTESIAN_POINT('',(-2.2655217545714E-15,4.,38.25));
#2264=CARTESIAN_POINT('',(-10.25,4.,28.349382709329));
#2265=CARTESIAN_POINT('',(-10.25,4.,38.25));
#2266=CARTESIAN_POINT('',(-10.25,4.,29.7856928742643));
#2267=CARTESIAN_POINT('',(1.83690953073357E-16,4.,0.));
#2268=CARTESIAN_POINT('',(10.25,4.,29.7856928742643));
#2269=CARTESIAN_POINT('',(10.25,4.,38.25));
#2270=CARTESIAN_POINT('',(10.25,4.,38.25));
#2271=CARTESIAN_POINT('',(-3.00028556686482E-15,4.,38.25));
#2272=CARTESIAN_POINT('',(-11.25,4.,38.25));
#2273=CARTESIAN_POINT('',(-11.25,6.00000000000001,29.4225678688995));
#2274=CARTESIAN_POINT('',(-11.25,6.00000000000001,29.2841072917061));
#2275=CARTESIAN_POINT('',(-11.25,5.9758321253296,29.1500389202213));
#2276=CARTESIAN_POINT('',(-11.25,5.92692323480716,29.0204669156098));
#2277=CARTESIAN_POINT('',(-11.25,5.92692323480716,29.0204669156097));
#2278=CARTESIAN_POINT('',(-11.25,4.,29.0204669156097));
#2279=CARTESIAN_POINT('',(-11.25,5.,29.0204669156097));
#2280=CARTESIAN_POINT('',(-11.25,5.,38.25));
#2281=CARTESIAN_POINT('',(11.25,4.,38.25));
#2282=CARTESIAN_POINT('',(11.25,4.,29.0204669156098));
#2283=CARTESIAN_POINT('',(11.25,5.,29.0204669156098));
#2284=CARTESIAN_POINT('',(11.25,5.92692323480716,29.0204669156098));
#2285=CARTESIAN_POINT('',(11.25,5.92692323480716,29.0204669156098));
#2286=CARTESIAN_POINT('',(11.25,5.9758321253296,29.1500389202213));
#2287=CARTESIAN_POINT('',(11.25,6.00000000000001,29.2841072917061));
#2288=CARTESIAN_POINT('',(11.25,6.00000000000001,29.4225678688996));
#2289=CARTESIAN_POINT('',(11.25,5.,28.349382709329));
#2290=CARTESIAN_POINT('',(-2.2655217545714E-15,4.,-38.25));
#2291=CARTESIAN_POINT('',(10.25,4.,-28.349382709329));
#2292=CARTESIAN_POINT('',(10.25,4.,-38.25));
#2293=CARTESIAN_POINT('',(10.25,4.,-29.7856928742643));
#2294=CARTESIAN_POINT('',(1.83690953073357E-16,4.,0.));
#2295=CARTESIAN_POINT('',(-10.25,4.,-29.7856928742643));
#2296=CARTESIAN_POINT('',(-10.25,4.,-38.25));
#2297=CARTESIAN_POINT('',(-10.25,4.,-38.25));
#2298=CARTESIAN_POINT('',(-3.00028556686482E-15,4.,-38.25));
#2299=CARTESIAN_POINT('',(-11.25,4.,-38.25));
#2300=CARTESIAN_POINT('',(-11.25,6.00000000000001,-29.0204669156097));
#2301=CARTESIAN_POINT('',(-11.25,5.,-29.0204669156097));
#2302=CARTESIAN_POINT('',(-11.25,5.92692323480716,-29.0204669156097));
#2303=CARTESIAN_POINT('',(-11.25,5.92692323480716,-29.0204669156097));
#2304=CARTESIAN_POINT('',(-11.25,5.9758321253296,-29.1500389202213));
#2305=CARTESIAN_POINT('',(-11.25,6.00000000000001,-29.2841072917061));
#2306=CARTESIAN_POINT('',(-11.25,6.00000000000001,-29.4225678688995));
#2307=CARTESIAN_POINT('',(-11.25,5.,-28.349382709329));
#2308=CARTESIAN_POINT('',(11.25,4.,-38.25));
#2309=CARTESIAN_POINT('',(11.25,6.00000000000001,-29.4225678688995));
#2310=CARTESIAN_POINT('',(11.25,6.00000000000001,-29.2841072917061));
#2311=CARTESIAN_POINT('',(11.25,5.9758321253296,-29.1500389202213));
#2312=CARTESIAN_POINT('',(11.25,5.92692323480716,-29.0204669156097));
#2313=CARTESIAN_POINT('',(11.25,5.92692323480716,-29.0204669156097));
#2314=CARTESIAN_POINT('',(11.25,5.,-29.0204669156097));
#2315=CARTESIAN_POINT('',(11.25,5.,-29.0204669156097));
#2316=CARTESIAN_POINT('',(11.25,5.,-38.25));
#2317=CARTESIAN_POINT('',(-8.57224447675664E-16,-14.,0.));
#2318=CARTESIAN_POINT('',(10.25,5.,38.25));
#2319=CARTESIAN_POINT('',(10.25,4.,29.7856928742643));
#2320=CARTESIAN_POINT('',(10.4951803811074,4.,29.6169475026552));
#2321=CARTESIAN_POINT('',(10.9681473150786,4.16563100728292,29.2613168289481));
#2322=CARTESIAN_POINT('',(11.2500000000002,4.70062549363708,29.0204669156098));
#2323=CARTESIAN_POINT('',(11.2500000000002,4.99999999999998,29.0204669156098));
#2324=CARTESIAN_POINT('',(10.25,5.,38.25));
#2325=CARTESIAN_POINT('',(-3.00028556686482E-15,5.,38.25));
#2326=CARTESIAN_POINT('',(-10.25,5.,38.25));
#2327=CARTESIAN_POINT('',(-10.25,5.,38.25));
#2328=CARTESIAN_POINT('',(-11.25,5.,29.0204669156097));
#2329=CARTESIAN_POINT('',(-11.25,4.7006333463484,29.0204669156097));
#2330=CARTESIAN_POINT('',(-10.9701050493946,4.16740819279398,29.2597660842912));
#2331=CARTESIAN_POINT('',(-10.4952026642929,4.,29.6169321662551));
#2332=CARTESIAN_POINT('',(-10.25,4.,29.7856928742643));
#2333=CARTESIAN_POINT('',(10.25,5.,-38.25));
#2334=CARTESIAN_POINT('',(11.25,5.,-29.0204669156097));
#2335=CARTESIAN_POINT('',(11.25,4.7006333463484,-29.0204669156097));
#2336=CARTESIAN_POINT('',(10.9701050493945,4.16740819279398,-29.2597660842913));
#2337=CARTESIAN_POINT('',(10.4952026642929,4.,-29.6169321662551));
#2338=CARTESIAN_POINT('',(10.25,4.,-29.7856928742643));
#2339=CARTESIAN_POINT('',(10.25,5.,-38.25));
#2340=CARTESIAN_POINT('',(-3.00028556686482E-15,5.,-38.25));
#2341=CARTESIAN_POINT('',(-10.25,5.,-38.25));
#2342=CARTESIAN_POINT('',(-10.25,5.,-38.25));
#2343=CARTESIAN_POINT('',(-10.25,4.,-29.7856928742643));
#2344=CARTESIAN_POINT('',(-10.4951803811074,4.,-29.6169475026552));
#2345=CARTESIAN_POINT('',(-10.9681473150786,4.16563100728292,-29.2613168289481));
#2346=CARTESIAN_POINT('',(-11.2500000000002,4.70062549363709,-29.0204669156098));
#2347=CARTESIAN_POINT('',(-11.2500000000002,4.99999999999998,-29.0204669156098));
#2348=CARTESIAN_POINT('',(8.85733658983758,7.00000000000001,-43.4084967320261));
#2349=CARTESIAN_POINT('',(19.9330703111219,6.00000000000001,-24.3910374517336));
#2350=CARTESIAN_POINT('',(21.1504958223227,5.99999999999999,-22.9816323243411));
#2351=CARTESIAN_POINT('',(23.4316770372265,6.30524768346604,-20.0510626419973));
#2352=CARTESIAN_POINT('',(25.4276685877342,6.76760766850809,-16.943614615661));
#2353=CARTESIAN_POINT('',(26.3559771697605,7.00000000000001,-15.3496732026146));
#2354=CARTESIAN_POINT('',(19.3002744282291,5.00000000000001,-23.6167188024722));
#2355=CARTESIAN_POINT('',(19.3002744282291,6.00000000000001,-23.6167188024722));
#2356=CARTESIAN_POINT('',(19.9330703111219,6.00000000000001,-24.3910374517336));
#2357=CARTESIAN_POINT('',(20.0227900296163,5.00000000548164,-23.0262578878091));
#2358=CARTESIAN_POINT('',(19.9273082324653,5.85337051590653,-23.1042884130629));
#2359=CARTESIAN_POINT('',(20.5332735978223,6.,-23.6961862413736));
#2360=CARTESIAN_POINT('',(21.3988459677887,5.16210614627607,-21.7919605014762));
#2361=CARTESIAN_POINT('',(21.2495225759856,5.76839054123361,-21.9385155903039));
#2362=CARTESIAN_POINT('',(21.7010271805973,6.08105307438381,-22.2738293562762));
#2363=CARTESIAN_POINT('',(23.8987606052583,5.82922431361395,-19.102600992296));
#2364=CARTESIAN_POINT('',(23.7474821734808,6.09652946767735,-19.2867212347391));
#2365=CARTESIAN_POINT('',(23.9228941061757,6.41461215605976,-19.2866237174108));
#2366=CARTESIAN_POINT('',(25.4510117607684,6.53204707706741,-16.9035334929272));
#2367=CARTESIAN_POINT('',(25.4361762585905,6.64903530640639,-16.929006618698));
#2368=CARTESIAN_POINT('',(25.42134076376,6.76602353853246,-16.9544797319405));
#2369=CARTESIAN_POINT('',(26.3559771697605,7.00000000000001,-15.3496732026146));
#2370=CARTESIAN_POINT('',(26.3559771697605,7.00000000000001,-15.3496732026146));
#2371=CARTESIAN_POINT('',(26.3559771697605,7.00000000000001,-15.3496732026146));
#2372=CARTESIAN_POINT('',(19.9330703111219,5.00000000000001,-24.3910374517336));
#2373=CARTESIAN_POINT('',(3.06151588455595E-16,5.00000000000001,0.));
#2374=CARTESIAN_POINT('',(11.25,5.92692323480716,-29.0204669156097));
#2375=CARTESIAN_POINT('',(11.25,5.83694196359652,-28.7820838003168));
#2376=CARTESIAN_POINT('',(11.410362995997,5.53558768222641,-28.3863254658838));
#2377=CARTESIAN_POINT('',(11.6994497581053,5.17832722586058,-28.1674220762976));
#2378=CARTESIAN_POINT('',(11.8611111111111,5.00000000000001,-28.0991822516221));
#2379=CARTESIAN_POINT('',(12.25,3.11342846031631E-31,-29.0204669156097));
#2380=CARTESIAN_POINT('',(12.25,5.,-29.0204669156097));
#2381=CARTESIAN_POINT('',(11.25,5.,-29.0204669156097));
#2382=CARTESIAN_POINT('',(11.25,5.,-28.3571419575387));
#2383=CARTESIAN_POINT('',(11.8611111111111,5.,-28.0991822516221));
#2384=CARTESIAN_POINT('',(11.25,4.72654419405898,-29.0204669264719));
#2385=CARTESIAN_POINT('',(11.2499999798997,4.64997653739143,-28.3571419653768));
#2386=CARTESIAN_POINT('',(11.8611110861903,4.4530883881189,-28.0991822621416));
#2387=CARTESIAN_POINT('',(11.0141615918379,4.20183515055137,-29.2241218472062));
#2388=CARTESIAN_POINT('',(10.8405023486573,3.96752189632915,-28.518684352039));
#2389=CARTESIAN_POINT('',(11.4044081742647,3.4036702923054,-28.2963719468093));
#2390=CARTESIAN_POINT('',(10.508131760556,4.,-29.6080337159871));
#2391=CARTESIAN_POINT('',(10.1828323974009,3.91939014680235,-28.7512522076338));
#2392=CARTESIAN_POINT('',(10.4244773779186,3.00000001759499,-28.6680961386709));
#2393=CARTESIAN_POINT('',(10.25,4.,-29.7856928742643));
#2394=CARTESIAN_POINT('',(9.92460317460318,4.,-28.8401153227004));
#2395=CARTESIAN_POINT('',(9.92460317460318,3.,-28.8401153227004));
#2396=CARTESIAN_POINT('',(10.25,3.,-29.7856928742643));
#2397=CARTESIAN_POINT('',(1.83690953073357E-16,3.,0.));
#2398=CARTESIAN_POINT('',(-10.25,3.,-29.7856928742643));
#2399=CARTESIAN_POINT('',(-10.25,4.,-29.7856928742643));
#2400=CARTESIAN_POINT('',(-9.92460317460318,4.,-28.8401153227004));
#2401=CARTESIAN_POINT('',(-9.92460317460318,3.,-28.8401153227004));
#2402=CARTESIAN_POINT('',(-10.5084233716116,4.,-29.6078330144331));
#2403=CARTESIAN_POINT('',(-10.1831123497476,3.91930275802575,-28.7511558690256));
#2404=CARTESIAN_POINT('',(-10.4250420851236,3.00000002124335,-28.6679018088336));
#2405=CARTESIAN_POINT('',(-11.0132449863617,4.20128653880376,-29.2248354228789));
#2406=CARTESIAN_POINT('',(-10.8392989977737,3.96705864695374,-28.5191286366528));
#2407=CARTESIAN_POINT('',(-11.4026331538983,3.4025730669859,-28.2970628691691));
#2408=CARTESIAN_POINT('',(-11.25,4.72614538542183,-29.0204669207689));
#2409=CARTESIAN_POINT('',(-11.2499999904528,4.64946606266962,-28.3571419612719));
#2410=CARTESIAN_POINT('',(-11.8611110992838,4.4522907708439,-28.0991822566146));
#2411=CARTESIAN_POINT('',(-11.25,5.,-29.0204669156097));
#2412=CARTESIAN_POINT('',(-11.25,5.,-28.3571419575387));
#2413=CARTESIAN_POINT('',(-11.8611111111111,5.,-28.0991822516221));
#2414=CARTESIAN_POINT('',(-12.25,5.,-29.0204669156097));
#2415=CARTESIAN_POINT('',(-12.25,6.22685692063263E-31,-29.0204669156097));
#2416=CARTESIAN_POINT('',(-11.25,5.92692323480716,-29.0204669156097));
#2417=CARTESIAN_POINT('',(-11.25,5.83694196359652,-28.7820838003168));
#2418=CARTESIAN_POINT('',(-11.4103629959999,5.53558768222948,-28.3863254658826));
#2419=CARTESIAN_POINT('',(-11.6994497580996,5.17832722585446,-28.1674220763));
#2420=CARTESIAN_POINT('',(-11.8611111111111,5.00000000000001,-28.0991822516221));
#2421=CARTESIAN_POINT('',(3.06151588455595E-16,5.00000000000001,0.));
#2422=CARTESIAN_POINT('',(-19.9330703111219,5.00000000000001,-24.3910374517336));
#2423=CARTESIAN_POINT('',(-19.9330703111219,6.00000000000001,-24.3910374517336));
#2424=CARTESIAN_POINT('',(-19.3002744282291,6.00000000000001,-23.6167188024722));
#2425=CARTESIAN_POINT('',(-19.3002744282291,5.00000000000001,-23.6167188024722));
#2426=CARTESIAN_POINT('',(-20.5332735978173,6.00000000000001,-23.6961862413702));
#2427=CARTESIAN_POINT('',(-19.9273082324583,5.8533705159109,-23.1042884130646));
#2428=CARTESIAN_POINT('',(-20.0227900296117,5.00000000548164,-23.0262578878129));
#2429=CARTESIAN_POINT('',(-21.7010271805995,6.08105307438268,-22.2738293562779));
#2430=CARTESIAN_POINT('',(-21.2495225759876,5.76839054122985,-21.9385155903034));
#2431=CARTESIAN_POINT('',(-21.398845967791,5.16210614627374,-21.7919605014741));
#2432=CARTESIAN_POINT('',(-23.9228941061751,6.41461215606544,-19.2866237174086));
#2433=CARTESIAN_POINT('',(-23.7474821734808,6.09652946768736,-19.2867212347403));
#2434=CARTESIAN_POINT('',(-23.8987606052561,5.82922431362568,-19.1026009922986));
#2435=CARTESIAN_POINT('',(-25.4213407637569,6.76602353850754,-16.9544797319459));
#2436=CARTESIAN_POINT('',(-25.4361762585906,6.64903530636819,-16.9290066186879));
#2437=CARTESIAN_POINT('',(-25.4510117607728,6.53204707701591,-16.9035334929196));
#2438=CARTESIAN_POINT('',(-26.3559771697606,7.00000000000001,-15.3496732026144));
#2439=CARTESIAN_POINT('',(-26.3559771697606,7.00000000000001,-15.3496732026144));
#2440=CARTESIAN_POINT('',(-26.3559771697606,7.00000000000001,-15.3496732026144));
#2441=CARTESIAN_POINT('',(-19.9330703111219,6.00000000000001,-24.3910374517336));
#2442=CARTESIAN_POINT('',(-21.1504958223227,6.00000000000001,-22.9816323243411));
#2443=CARTESIAN_POINT('',(-23.4316770372258,6.30524768347757,-20.0510626419985));
#2444=CARTESIAN_POINT('',(-25.4276685877358,6.76760766848508,-16.9436146156584));
#2445=CARTESIAN_POINT('',(-26.3559771697606,7.00000000000001,-15.3496732026144));
#2446=CARTESIAN_POINT('',(-8.85733658983758,7.00000000000001,-43.4084967320261));
#2447=CARTESIAN_POINT('',(-8.85733658983757,7.00000000000001,43.4084967320261));
#2448=CARTESIAN_POINT('',(-19.9330703111219,6.00000000000001,24.3910374517336));
#2449=CARTESIAN_POINT('',(-21.1504958223227,6.00000000000001,22.9816323243411));
#2450=CARTESIAN_POINT('',(-23.4316770372271,6.30524768345725,20.0510626419963));
#2451=CARTESIAN_POINT('',(-25.4276685877332,6.76760766852572,16.9436146156628));
#2452=CARTESIAN_POINT('',(-26.3559771697606,7.00000000000001,15.3496732026144));
#2453=CARTESIAN_POINT('',(-19.3002744282291,5.00000000000001,23.6167188024722));
#2454=CARTESIAN_POINT('',(-19.3002744282291,6.00000000000002,23.6167188024722));
#2455=CARTESIAN_POINT('',(-19.9330703111219,6.00000000000001,24.3910374517336));
#2456=CARTESIAN_POINT('',(-20.0227900296153,5.00000000548039,23.0262578878099));
#2457=CARTESIAN_POINT('',(-19.9273082324653,5.85337051589671,23.1042884130714));
#2458=CARTESIAN_POINT('',(-20.5332735978173,6.00000000000001,23.6961862413669));
#2459=CARTESIAN_POINT('',(-21.3988459677887,5.16210614627861,21.7919605014765));
#2460=CARTESIAN_POINT('',(-21.2495225759901,5.76839054123905,21.9385155902993));
#2461=CARTESIAN_POINT('',(-21.701027180599,6.08105307438483,22.2738293562804));
#2462=CARTESIAN_POINT('',(-23.8987606052604,5.82922431360384,19.1026009922922));
#2463=CARTESIAN_POINT('',(-23.74748217347,6.09652946766777,19.2867212347384));
#2464=CARTESIAN_POINT('',(-23.9228941061778,6.4146121560547,19.2866237174031));
#2465=CARTESIAN_POINT('',(-25.4510117607585,6.53204707711059,16.9035334929442));
#2466=CARTESIAN_POINT('',(-25.4361762586172,6.64903530643712,16.9290066187278));
#2467=CARTESIAN_POINT('',(-25.4213407637451,6.76602353855489,16.9544797319662));
#2468=CARTESIAN_POINT('',(-26.3559771697606,7.00000000000001,15.3496732026144));
#2469=CARTESIAN_POINT('',(-26.3559771697606,7.00000000000001,15.3496732026144));
#2470=CARTESIAN_POINT('',(-26.3559771697606,7.00000000000001,15.3496732026144));
#2471=CARTESIAN_POINT('',(-19.9330703111219,5.00000000000001,24.3910374517336));
#2472=CARTESIAN_POINT('',(3.06151588455595E-16,5.00000000000001,0.));
#2473=CARTESIAN_POINT('',(-11.25,5.92692323480716,29.0204669156097));
#2474=CARTESIAN_POINT('',(-11.25,5.83694196359653,28.7820838003168));
#2475=CARTESIAN_POINT('',(-11.4103629959995,5.53558768222913,28.3863254658827));
#2476=CARTESIAN_POINT('',(-11.6994497581003,5.17832722585516,28.1674220762997));
#2477=CARTESIAN_POINT('',(-11.8611111111111,5.00000000000001,28.0991822516221));
#2478=CARTESIAN_POINT('',(-12.25,-3.11342846031631E-31,29.0204669156097));
#2479=CARTESIAN_POINT('',(-12.25,5.,29.0204669156097));
#2480=CARTESIAN_POINT('',(-11.25,5.,29.0204669156097));
#2481=CARTESIAN_POINT('',(-11.25,5.,28.3571419575387));
#2482=CARTESIAN_POINT('',(-11.8611111111111,5.,28.0991822516221));
#2483=CARTESIAN_POINT('',(-11.25,4.72654419405993,29.0204669264795));
#2484=CARTESIAN_POINT('',(-11.2499999799022,4.64997653739248,28.3571419653845));
#2485=CARTESIAN_POINT('',(-11.8611110861888,4.45308838811985,28.0991822621423));
#2486=CARTESIAN_POINT('',(-11.0141615918379,4.2018351505509,29.2241218472062));
#2487=CARTESIAN_POINT('',(-10.8405023486555,3.96752189632958,28.5186843520379));
#2488=CARTESIAN_POINT('',(-11.4044081742651,3.40367029230493,28.2963719468091));
#2489=CARTESIAN_POINT('',(-10.508131760556,4.,29.6080337159795));
#2490=CARTESIAN_POINT('',(-10.1828323974025,3.91939014679975,28.7512522076272));
#2491=CARTESIAN_POINT('',(-10.4244773779193,3.00000001759499,28.6680961386707));
#2492=CARTESIAN_POINT('',(-10.25,4.,29.7856928742643));
#2493=CARTESIAN_POINT('',(-9.92460317460318,4.,28.8401153227004));
#2494=CARTESIAN_POINT('',(-9.92460317460318,3.,28.8401153227004));
#2495=CARTESIAN_POINT('',(-10.25,3.,29.7856928742643));
#2496=CARTESIAN_POINT('',(1.83690953073357E-16,3.,0.));
#2497=CARTESIAN_POINT('',(10.25,3.,29.7856928742643));
#2498=CARTESIAN_POINT('',(10.25,4.,29.7856928742643));
#2499=CARTESIAN_POINT('',(9.92460317460317,4.,28.8401153227004));
#2500=CARTESIAN_POINT('',(9.92460317460317,3.,28.8401153227004));
#2501=CARTESIAN_POINT('',(10.5084233716111,4.,29.6078330144312));
#2502=CARTESIAN_POINT('',(10.1831123497472,3.91930275802591,28.751155869028));
#2503=CARTESIAN_POINT('',(10.4250420851233,3.00000002124335,28.6679018088337));
#2504=CARTESIAN_POINT('',(11.013244986362,4.20128653880411,29.2248354228798));
#2505=CARTESIAN_POINT('',(10.8392989977754,3.96705864695445,28.5191286366485));
#2506=CARTESIAN_POINT('',(11.4026331538984,3.40257306698625,28.2970628691691));
#2507=CARTESIAN_POINT('',(11.25,4.72614538542112,29.0204669207689));
#2508=CARTESIAN_POINT('',(11.2499999904505,4.64946606266883,28.357141961278));
#2509=CARTESIAN_POINT('',(11.8611110992838,4.45229077084318,28.0991822566146));
#2510=CARTESIAN_POINT('',(11.25,5.,29.0204669156097));
#2511=CARTESIAN_POINT('',(11.25,5.,28.3571419575387));
#2512=CARTESIAN_POINT('',(11.8611111111111,5.,28.0991822516221));
#2513=CARTESIAN_POINT('',(12.25,5.,29.0204669156098));
#2514=CARTESIAN_POINT('',(12.25,-6.22685692063263E-31,29.0204669156098));
#2515=CARTESIAN_POINT('',(11.25,5.92692323480716,29.0204669156098));
#2516=CARTESIAN_POINT('',(11.25,5.83694196359652,28.7820838003168));
#2517=CARTESIAN_POINT('',(11.4103629959973,5.53558768222671,28.3863254658837));
#2518=CARTESIAN_POINT('',(11.6994497581048,5.17832722585999,28.1674220762978));
#2519=CARTESIAN_POINT('',(11.8611111111111,5.00000000000001,28.0991822516221));
#2520=CARTESIAN_POINT('',(3.06151588455595E-16,5.00000000000001,0.));
#2521=CARTESIAN_POINT('',(19.9330703111219,5.00000000000001,24.3910374517336));
#2522=CARTESIAN_POINT('',(19.9330703111219,6.00000000000001,24.3910374517336));
#2523=CARTESIAN_POINT('',(19.3002744282291,6.00000000000001,23.6167188024722));
#2524=CARTESIAN_POINT('',(19.3002744282291,5.00000000000001,23.6167188024722));
#2525=CARTESIAN_POINT('',(20.5332735978223,6.00000000000001,23.6961862413735));
#2526=CARTESIAN_POINT('',(19.9273082324685,5.85337051590475,23.1042884130627));
#2527=CARTESIAN_POINT('',(20.0227900296165,5.00000000548164,23.026257887809));
#2528=CARTESIAN_POINT('',(21.7010271805973,6.08105307438449,22.2738293562763));
#2529=CARTESIAN_POINT('',(21.249522575985,5.76839054123559,21.9385155903031));
#2530=CARTESIAN_POINT('',(21.3988459677889,5.16210614627747,21.7919605014758));
#2531=CARTESIAN_POINT('',(23.9228941061763,6.41461215605638,19.2866237174098));
#2532=CARTESIAN_POINT('',(23.7474821734807,6.09652946767128,19.2867212347414));
#2533=CARTESIAN_POINT('',(23.8987606052572,5.829224313607,19.1026009922978));
#2534=CARTESIAN_POINT('',(25.4213407637576,6.76602353854741,16.9544797319447));
#2535=CARTESIAN_POINT('',(25.4361762585906,6.64903530643048,16.9290066186912));
#2536=CARTESIAN_POINT('',(25.4510117607735,6.53204707709813,16.9035334929184));
#2537=CARTESIAN_POINT('',(26.3559771697606,7.00000000000001,15.3496732026144));
#2538=CARTESIAN_POINT('',(26.3559771697606,7.00000000000001,15.3496732026144));
#2539=CARTESIAN_POINT('',(26.3559771697606,7.00000000000001,15.3496732026144));
#2540=CARTESIAN_POINT('',(19.9330703111219,6.00000000000001,24.3910374517336));
#2541=CARTESIAN_POINT('',(21.1504958223227,6.,22.9816323243411));
#2542=CARTESIAN_POINT('',(23.4316770372269,6.30524768346123,20.0510626419967));
#2543=CARTESIAN_POINT('',(25.4276685877337,6.76760766851775,16.943614615662));
#2544=CARTESIAN_POINT('',(26.3559771697606,7.00000000000001,15.3496732026144));
#2545=CARTESIAN_POINT('',(8.85733658983758,7.00000000000001,43.4084967320261));
#2546=CARTESIAN_POINT('',(0.,-2.5,-90.1067991449902));
#2547=CARTESIAN_POINT('',(-1.53075794227797E-16,-2.5,33.6));
#2548=CARTESIAN_POINT('',(-1.53075794227797E-16,-2.5,33.6));
#2549=CARTESIAN_POINT('',(-1.53075794227797E-16,-5.,33.6));
#2550=CARTESIAN_POINT('',(-1.53075794227797E-16,-2.5,30.6));
#2551=CARTESIAN_POINT('',(-1.53075794227797E-16,-5.,30.6));
#2552=CARTESIAN_POINT('',(-6.97887701365212E-49,-1.13977475159571E-32,33.6));
#2553=CARTESIAN_POINT('',(-1.53075794227797E-16,-2.5,19.9749843554382));
#2554=CARTESIAN_POINT('',(-1.53075794227797E-16,-2.5,19.9749843554382));
#2555=CARTESIAN_POINT('',(-1.53075794227797E-16,-3.95,19.9749843554382));
#2556=CARTESIAN_POINT('',(-1.53075794227797E-16,-2.5,33.6));
#2557=CARTESIAN_POINT('',(-1.53075794227797E-16,-2.5,30.6));
#2558=CARTESIAN_POINT('',(-1.53075794227797E-16,-3.95,30.6));
#2559=CARTESIAN_POINT('',(-6.42918335756748E-17,-1.05,30.6));
#2560=CARTESIAN_POINT('',(0.,0.,0.));
#2561=MECHANICAL_DESIGN_GEOMETRIC_PRESENTATION_REPRESENTATION('',(#1259,
#1260,#1261,#1262,#1263,#1264,#1265,#1266,#1267,#1268,#1269,#1270,#1271),
#2562);
#2562=(
GEOMETRIC_REPRESENTATION_CONTEXT(3)
GLOBAL_UNCERTAINTY_ASSIGNED_CONTEXT((#2567))
GLOBAL_UNIT_ASSIGNED_CONTEXT((#2574,#2573,#2572))
REPRESENTATION_CONTEXT('ucflu\X2\5E2683F15F625EA798764E1D59167403976274038F74627F\X0\',
'TOP_LEVEL_ASSEMBLY_PART')
);
#2563=(
GEOMETRIC_REPRESENTATION_CONTEXT(3)
GLOBAL_UNCERTAINTY_ASSIGNED_CONTEXT((#2568))
GLOBAL_UNIT_ASSIGNED_CONTEXT((#2574,#2573,#2572))
REPRESENTATION_CONTEXT('UC\X2\88C5914D4F53\X0\','COMPONENT_PART')
);
#2564=(
GEOMETRIC_REPRESENTATION_CONTEXT(3)
GLOBAL_UNCERTAINTY_ASSIGNED_CONTEXT((#2569))
GLOBAL_UNIT_ASSIGNED_CONTEXT((#2574,#2573,#2572))
REPRESENTATION_CONTEXT('UC\X2\74038F74627F\X0\','COMPONENT_PART')
);
#2565=(
GEOMETRIC_REPRESENTATION_CONTEXT(3)
GLOBAL_UNCERTAINTY_ASSIGNED_CONTEXT((#2570))
GLOBAL_UNIT_ASSIGNED_CONTEXT((#2574,#2573,#2572))
REPRESENTATION_CONTEXT('\X2\98764E1D\X0\','COMPONENT_PART')
);
#2566=(
GEOMETRIC_REPRESENTATION_CONTEXT(3)
GLOBAL_UNCERTAINTY_ASSIGNED_CONTEXT((#2571))
GLOBAL_UNIT_ASSIGNED_CONTEXT((#2574,#2573,#2572))
REPRESENTATION_CONTEXT('FLU\X2\94F8902051F87F185EA783F15F62\X0\',
'COMPONENT_PART')
);
#2567=UNCERTAINTY_MEASURE_WITH_UNIT(LENGTH_MEASURE(0.005),#2574,
'DISTANCE_ACCURACY_VALUE','Maximum Tolerance applied to model');
#2568=UNCERTAINTY_MEASURE_WITH_UNIT(LENGTH_MEASURE(0.005),#2574,
'DISTANCE_ACCURACY_VALUE','Maximum Tolerance applied to model');
#2569=UNCERTAINTY_MEASURE_WITH_UNIT(LENGTH_MEASURE(0.005),#2574,
'DISTANCE_ACCURACY_VALUE','Maximum Tolerance applied to model');
#2570=UNCERTAINTY_MEASURE_WITH_UNIT(LENGTH_MEASURE(0.005),#2574,
'DISTANCE_ACCURACY_VALUE','Maximum Tolerance applied to model');
#2571=UNCERTAINTY_MEASURE_WITH_UNIT(LENGTH_MEASURE(0.005),#2574,
'DISTANCE_ACCURACY_VALUE','Maximum Tolerance applied to model');
#2572=(
NAMED_UNIT(*)
SI_UNIT($,.STERADIAN.)
SOLID_ANGLE_UNIT()
);
#2573=(
NAMED_UNIT(*)
PLANE_ANGLE_UNIT()
SI_UNIT($,.RADIAN.)
);
#2574=(
LENGTH_UNIT()
NAMED_UNIT(*)
SI_UNIT(.MILLI.,.METRE.)
);
#2575=PRODUCT_DEFINITION_SHAPE('','',#2585);
#2576=PRODUCT_DEFINITION_SHAPE('','',#2586);
#2577=PRODUCT_DEFINITION_SHAPE('','',#2587);
#2578=PRODUCT_DEFINITION_SHAPE(' ','NAUO PRDDFN',#111);
#2579=PRODUCT_DEFINITION_SHAPE('','',#2588);
#2580=PRODUCT_DEFINITION_SHAPE(' ','NAUO PRDDFN',#112);
#2581=PRODUCT_DEFINITION_SHAPE(' ','NAUO PRDDFN',#113);
#2582=PRODUCT_DEFINITION_SHAPE(' ','NAUO PRDDFN',#114);
#2583=PRODUCT_DEFINITION_SHAPE('','',#2589);
#2584=PRODUCT_DEFINITION_SHAPE(' ','NAUO PRDDFN',#115);
#2585=PRODUCT_DEFINITION('','',#2595,#2590);
#2586=PRODUCT_DEFINITION('','',#2596,#2591);
#2587=PRODUCT_DEFINITION('','',#2597,#2592);
#2588=PRODUCT_DEFINITION('','',#2598,#2593);
#2589=PRODUCT_DEFINITION('','',#2599,#2594);
#2590=PRODUCT_DEFINITION_CONTEXT('',#2621,'design');
#2591=PRODUCT_DEFINITION_CONTEXT('',#2621,'design');
#2592=PRODUCT_DEFINITION_CONTEXT('',#2621,'design');
#2593=PRODUCT_DEFINITION_CONTEXT('',#2621,'design');
#2594=PRODUCT_DEFINITION_CONTEXT('',#2621,'design');
#2595=PRODUCT_DEFINITION_FORMATION_WITH_SPECIFIED_SOURCE('','',#2605,
 .NOT_KNOWN.);
#2596=PRODUCT_DEFINITION_FORMATION_WITH_SPECIFIED_SOURCE('','',#2606,
 .NOT_KNOWN.);
#2597=PRODUCT_DEFINITION_FORMATION_WITH_SPECIFIED_SOURCE('','',#2607,
 .NOT_KNOWN.);
#2598=PRODUCT_DEFINITION_FORMATION_WITH_SPECIFIED_SOURCE('','',#2608,
 .NOT_KNOWN.);
#2599=PRODUCT_DEFINITION_FORMATION_WITH_SPECIFIED_SOURCE('','',#2609,
 .NOT_KNOWN.);
#2600=PRODUCT_RELATED_PRODUCT_CATEGORY('','',(#2605));
#2601=PRODUCT_RELATED_PRODUCT_CATEGORY('','',(#2606));
#2602=PRODUCT_RELATED_PRODUCT_CATEGORY('','',(#2607));
#2603=PRODUCT_RELATED_PRODUCT_CATEGORY('','',(#2608));
#2604=PRODUCT_RELATED_PRODUCT_CATEGORY('','',(#2609));
#2605=PRODUCT('ucflu\X2\5E2683F15F625EA798764E1D59167403976274038F74627F\X0\',
'ucflu\X2\5E2683F15F625EA798764E1D59167403976274038F74627F\X0\',
'ucflu\X2\5E2683F15F625EA798764E1D59167403976274038F74627F\X0\',(#2615));
#2606=PRODUCT('UC\X2\88C5914D4F53\X0\','UC\X2\88C5914D4F53\X0\',
'UC\X2\88C5914D4F53\X0\',(#2616));
#2607=PRODUCT('UC\X2\74038F74627F\X0\','UC\X2\74038F74627F\X0\',
'UC\X2\74038F74627F\X0\',(#2617));
#2608=PRODUCT('\X2\98764E1D\X0\','\X2\98764E1D\X0\','\X2\98764E1D\X0\',
(#2618));
#2609=PRODUCT('FLU\X2\94F8902051F87F185EA783F15F62\X0\',
'FLU\X2\94F8902051F87F185EA783F15F62\X0\','FLU\X2\94F8902051F87F185EA783F15F62\X0\',
(#2619));
#2610=PRODUCT_CATEGORY('','');
#2611=PRODUCT_CATEGORY('','');
#2612=PRODUCT_CATEGORY('','');
#2613=PRODUCT_CATEGORY('','');
#2614=PRODUCT_CATEGORY('','');
#2615=PRODUCT_CONTEXT('',#2621,'mechanical');
#2616=PRODUCT_CONTEXT('',#2621,'mechanical');
#2617=PRODUCT_CONTEXT('',#2621,'mechanical');
#2618=PRODUCT_CONTEXT('',#2621,'mechanical');
#2619=PRODUCT_CONTEXT('',#2621,'mechanical');
#2620=APPLICATION_PROTOCOL_DEFINITION('international standard',
'automotive_design',2010,#2621);
#2621=APPLICATION_CONTEXT(
'core data for automotive mechanical design processes');
ENDSEC;
END-ISO-10303-21;
