ISO-10303-21;
HEADER;
/* Generated by software containing HOOPS Exchange Step
 * from HOOPS Exchange, Inc. (www.tiangong.cloud) 
 */

FILE_DESCRIPTION(
/* description */ ('Unknown'),
/* implementation_level */ '2;1');

FILE_NAME(
/* name */ 
'\X2\4E2497625E2696325C1876D6768453CC521789D263A589E674038F74627F\X0\ 
00000 A-2Z\X2\578B\X0\(a=30\X\B0) GBT296-2015',
/* time_stamp */ '2025-05-14T14:43:47+08:00',
/* author */ ('Unknown'),
/* organization */ ('Unknown'),
/* preprocessor_version */ 'ST-DEVELOPER v19.4',
/* originating_system */ 'TianGong',
/* authorisation */ 'Unknown');

FILE_SCHEMA (('AUTOMOTIVE_DESIGN {1 0 10303 214 3 1 1}'));
ENDSEC;

DATA;
#10=PROPERTY_DEFINITION_REPRESENTATION(#14,#12);
#11=PROPERTY_DEFINITION_REPRESENTATION(#15,#13);
#12=REPRESENTATION('',(#16),#3239);
#13=REPRESENTATION('',(#17),#3239);
#14=PROPERTY_DEFINITION('pmi validation property','',#3244);
#15=PROPERTY_DEFINITION('pmi validation property','',#3244);
#16=VALUE_REPRESENTATION_ITEM('number of annotations',COUNT_MEASURE(0.));
#17=VALUE_REPRESENTATION_ITEM('number of views',COUNT_MEASURE(0.));
#18=SHAPE_REPRESENTATION_RELATIONSHIP('','',#1677,#19);
#19=ADVANCED_BREP_SHAPE_REPRESENTATION('',(#1675),#3239);
#20=ORIENTED_CLOSED_SHELL('',*,#1666,.F.);
#21=SPHERICAL_SURFACE('',#1762,1.74205080756887);
#22=SPHERICAL_SURFACE('',#1765,1.74205080756887);
#23=SPHERICAL_SURFACE('',#1768,1.74205080756887);
#24=SPHERICAL_SURFACE('',#1771,1.74205080756887);
#25=SPHERICAL_SURFACE('',#1774,1.74205080756887);
#26=SPHERICAL_SURFACE('',#1777,1.74205080756887);
#27=SPHERICAL_SURFACE('',#1780,1.74205080756887);
#28=SPHERICAL_SURFACE('',#1783,1.74205080756887);
#29=SPHERICAL_SURFACE('',#1786,1.74205080756887);
#30=SPHERICAL_SURFACE('',#1791,1.74205080756887);
#31=SPHERICAL_SURFACE('',#1827,1.74205080756887);
#32=SPHERICAL_SURFACE('',#1830,1.74205080756887);
#33=SPHERICAL_SURFACE('',#1833,1.74205080756887);
#34=SPHERICAL_SURFACE('',#1836,1.74205080756887);
#35=SPHERICAL_SURFACE('',#1839,1.74205080756887);
#36=SPHERICAL_SURFACE('',#1842,1.74205080756887);
#37=SPHERICAL_SURFACE('',#1845,1.74205080756887);
#38=SPHERICAL_SURFACE('',#1848,1.74205080756887);
#39=SPHERICAL_SURFACE('',#1851,1.74205080756887);
#40=SPHERICAL_SURFACE('',#1856,1.74205080756887);
#41=B_SPLINE_CURVE_WITH_KNOTS('',3,(#2286,#2287,#2288,#2289),
 .UNSPECIFIED.,.F.,.F.,(4,4),(9.93871381682484E-7,0.000398560653778014),
 .UNSPECIFIED.);
#42=B_SPLINE_CURVE_WITH_KNOTS('',3,(#2293,#2294,#2295,#2296),
 .UNSPECIFIED.,.F.,.F.,(4,4),(9.93871381682567E-7,0.000398560653778015),
 .UNSPECIFIED.);
#43=B_SPLINE_CURVE_WITH_KNOTS('',3,(#2300,#2301,#2302,#2303),
 .UNSPECIFIED.,.F.,.F.,(4,4),(9.93871381681364E-7,0.000398560653778014),
 .UNSPECIFIED.);
#44=B_SPLINE_CURVE_WITH_KNOTS('',3,(#2307,#2308,#2309,#2310),
 .UNSPECIFIED.,.F.,.F.,(4,4),(9.93871381683087E-7,0.000398560653778014),
 .UNSPECIFIED.);
#45=B_SPLINE_CURVE_WITH_KNOTS('',3,(#2314,#2315,#2316,#2317),
 .UNSPECIFIED.,.F.,.F.,(4,4),(9.93871381683365E-7,0.000398560653778015),
 .UNSPECIFIED.);
#46=B_SPLINE_CURVE_WITH_KNOTS('',3,(#2321,#2322,#2323,#2324),
 .UNSPECIFIED.,.F.,.F.,(4,4),(9.93871381683307E-7,0.000398560653778015),
 .UNSPECIFIED.);
#47=B_SPLINE_CURVE_WITH_KNOTS('',3,(#2328,#2329,#2330,#2331),
 .UNSPECIFIED.,.F.,.F.,(4,4),(9.9387138168339E-7,0.000398560653778015),
 .UNSPECIFIED.);
#48=B_SPLINE_CURVE_WITH_KNOTS('',3,(#2335,#2336,#2337,#2338),
 .UNSPECIFIED.,.F.,.F.,(4,4),(9.93871381683081E-7,0.000398560653778014),
 .UNSPECIFIED.);
#49=B_SPLINE_CURVE_WITH_KNOTS('',3,(#2342,#2343,#2344,#2345),
 .UNSPECIFIED.,.F.,.F.,(4,4),(9.93871381683087E-7,0.000398560653778014),
 .UNSPECIFIED.);
#50=B_SPLINE_CURVE_WITH_KNOTS('',3,(#2349,#2350,#2351,#2352),
 .UNSPECIFIED.,.F.,.F.,(4,4),(9.93871381683365E-7,0.000398560653778015),
 .UNSPECIFIED.);
#51=B_SPLINE_CURVE_WITH_KNOTS('',3,(#2356,#2357,#2358,#2359),
 .UNSPECIFIED.,.F.,.F.,(4,4),(9.93871381667414E-7,0.000398560653778013),
 .UNSPECIFIED.);
#52=B_SPLINE_CURVE_WITH_KNOTS('',3,(#2363,#2364,#2365,#2366),
 .UNSPECIFIED.,.F.,.F.,(4,4),(9.93871381667468E-7,0.000398560653778012),
 .UNSPECIFIED.);
#53=B_SPLINE_CURVE_WITH_KNOTS('',3,(#2370,#2371,#2372,#2373),
 .UNSPECIFIED.,.F.,.F.,(4,4),(9.93871381668152E-7,0.000398560653778011),
 .UNSPECIFIED.);
#54=B_SPLINE_CURVE_WITH_KNOTS('',3,(#2377,#2378,#2379,#2380),
 .UNSPECIFIED.,.F.,.F.,(4,4),(9.93871381667751E-7,0.000398560653778012),
 .UNSPECIFIED.);
#55=B_SPLINE_CURVE_WITH_KNOTS('',3,(#2384,#2385,#2386,#2387),
 .UNSPECIFIED.,.F.,.F.,(4,4),(9.93871381666846E-7,0.000398560653778012),
 .UNSPECIFIED.);
#56=B_SPLINE_CURVE_WITH_KNOTS('',3,(#2391,#2392,#2393,#2394),
 .UNSPECIFIED.,.F.,.F.,(4,4),(9.93871381667414E-7,0.000398560653778013),
 .UNSPECIFIED.);
#57=B_SPLINE_CURVE_WITH_KNOTS('',3,(#2398,#2399,#2400,#2401),
 .UNSPECIFIED.,.F.,.F.,(4,4),(9.93871381667468E-7,0.000398560653778012),
 .UNSPECIFIED.);
#58=B_SPLINE_CURVE_WITH_KNOTS('',3,(#2405,#2406,#2407,#2408),
 .UNSPECIFIED.,.F.,.F.,(4,4),(9.93871381666435E-7,0.000398560653778011),
 .UNSPECIFIED.);
#59=B_SPLINE_CURVE_WITH_KNOTS('',3,(#2412,#2413,#2414,#2415),
 .UNSPECIFIED.,.F.,.F.,(4,4),(9.93871381666929E-7,0.000398560653778012),
 .UNSPECIFIED.);
#60=B_SPLINE_CURVE_WITH_KNOTS('',3,(#2419,#2420,#2421,#2422),
 .UNSPECIFIED.,.F.,.F.,(4,4),(9.93871381666434E-7,0.000398560653778011),
 .UNSPECIFIED.);
#61=B_SPLINE_CURVE_WITH_KNOTS('',3,(#2427,#2428,#2429,#2430),
 .UNSPECIFIED.,.F.,.F.,(4,4),(2.27676035737544E-7,0.0018068160101342),
 .UNSPECIFIED.);
#62=B_SPLINE_CURVE_WITH_KNOTS('',3,(#2434,#2435,#2436,#2437),
 .UNSPECIFIED.,.F.,.F.,(4,4),(2.27676035674253E-7,0.00180681601013414),
 .UNSPECIFIED.);
#63=B_SPLINE_CURVE_WITH_KNOTS('',3,(#2442,#2443,#2444,#2445),
 .UNSPECIFIED.,.F.,.F.,(4,4),(2.27676035736509E-7,0.0018068160101342),
 .UNSPECIFIED.);
#64=B_SPLINE_CURVE_WITH_KNOTS('',3,(#2449,#2450,#2451,#2452),
 .UNSPECIFIED.,.F.,.F.,(4,4),(2.27676035674174E-7,0.00180681601013414),
 .UNSPECIFIED.);
#65=B_SPLINE_CURVE_WITH_KNOTS('',3,(#2457,#2458,#2459,#2460),
 .UNSPECIFIED.,.F.,.F.,(4,4),(2.2767603573675E-7,0.0018068160101342),
 .UNSPECIFIED.);
#66=B_SPLINE_CURVE_WITH_KNOTS('',3,(#2464,#2465,#2466,#2467),
 .UNSPECIFIED.,.F.,.F.,(4,4),(2.27676035674091E-7,0.00180681601013414),
 .UNSPECIFIED.);
#67=B_SPLINE_CURVE_WITH_KNOTS('',3,(#2472,#2473,#2474,#2475),
 .UNSPECIFIED.,.F.,.F.,(4,4),(2.27676035737E-7,0.0018068160101342),
 .UNSPECIFIED.);
#68=B_SPLINE_CURVE_WITH_KNOTS('',3,(#2479,#2480,#2481,#2482),
 .UNSPECIFIED.,.F.,.F.,(4,4),(2.27676035674211E-7,0.00180681601013413),
 .UNSPECIFIED.);
#69=B_SPLINE_CURVE_WITH_KNOTS('',3,(#2487,#2488,#2489,#2490),
 .UNSPECIFIED.,.F.,.F.,(4,4),(2.2767603573751E-7,0.0018068160101342),
 .UNSPECIFIED.);
#70=B_SPLINE_CURVE_WITH_KNOTS('',3,(#2494,#2495,#2496,#2497),
 .UNSPECIFIED.,.F.,.F.,(4,4),(2.27676035674076E-7,0.00180681601013414),
 .UNSPECIFIED.);
#71=B_SPLINE_CURVE_WITH_KNOTS('',3,(#2502,#2503,#2504,#2505),
 .UNSPECIFIED.,.F.,.F.,(4,4),(2.27676035737137E-7,0.0018068160101342),
 .UNSPECIFIED.);
#72=B_SPLINE_CURVE_WITH_KNOTS('',3,(#2509,#2510,#2511,#2512),
 .UNSPECIFIED.,.F.,.F.,(4,4),(2.27676035674253E-7,0.00180681601013414),
 .UNSPECIFIED.);
#73=B_SPLINE_CURVE_WITH_KNOTS('',3,(#2517,#2518,#2519,#2520),
 .UNSPECIFIED.,.F.,.F.,(4,4),(2.27676035736509E-7,0.0018068160101342),
 .UNSPECIFIED.);
#74=B_SPLINE_CURVE_WITH_KNOTS('',3,(#2524,#2525,#2526,#2527),
 .UNSPECIFIED.,.F.,.F.,(4,4),(2.27676035674174E-7,0.00180681601013413),
 .UNSPECIFIED.);
#75=B_SPLINE_CURVE_WITH_KNOTS('',3,(#2532,#2533,#2534,#2535),
 .UNSPECIFIED.,.F.,.F.,(4,4),(2.2767603573675E-7,0.0018068160101342),
 .UNSPECIFIED.);
#76=B_SPLINE_CURVE_WITH_KNOTS('',3,(#2539,#2540,#2541,#2542),
 .UNSPECIFIED.,.F.,.F.,(4,4),(2.27676035674091E-7,0.00180681601013413),
 .UNSPECIFIED.);
#77=B_SPLINE_CURVE_WITH_KNOTS('',3,(#2547,#2548,#2549,#2550),
 .UNSPECIFIED.,.F.,.F.,(4,4),(2.27676035737E-7,0.0018068160101342),
 .UNSPECIFIED.);
#78=B_SPLINE_CURVE_WITH_KNOTS('',3,(#2554,#2555,#2556,#2557),
 .UNSPECIFIED.,.F.,.F.,(4,4),(2.27676035674211E-7,0.00180681601013413),
 .UNSPECIFIED.);
#79=B_SPLINE_CURVE_WITH_KNOTS('',3,(#2562,#2563,#2564,#2565),
 .UNSPECIFIED.,.F.,.F.,(4,4),(2.27676035736697E-7,0.0018068160101342),
 .UNSPECIFIED.);
#80=B_SPLINE_CURVE_WITH_KNOTS('',3,(#2569,#2570,#2571,#2572),
 .UNSPECIFIED.,.F.,.F.,(4,4),(2.27676035674075E-7,0.00180681601013414),
 .UNSPECIFIED.);
#81=B_SPLINE_CURVE_WITH_KNOTS('',3,(#2574,#2575,#2576,#2577),
 .UNSPECIFIED.,.F.,.F.,(4,4),(8.71840242035104E-7,0.000347909376573854),
 .UNSPECIFIED.);
#82=B_SPLINE_CURVE_WITH_KNOTS('',3,(#2578,#2579,#2580,#2581),
 .UNSPECIFIED.,.F.,.F.,(4,4),(8.7184024204666E-7,0.000347909376573863),
 .UNSPECIFIED.);
#83=B_SPLINE_CURVE_WITH_KNOTS('',3,(#2582,#2583,#2584,#2585),
 .UNSPECIFIED.,.F.,.F.,(4,4),(9.93871381685516E-7,0.000398560653778044),
 .UNSPECIFIED.);
#84=B_SPLINE_CURVE_WITH_KNOTS('',3,(#2588,#2589,#2590,#2591),
 .UNSPECIFIED.,.F.,.F.,(4,4),(2.27675443692641E-7,0.00180681390582318),
 .UNSPECIFIED.);
#85=B_SPLINE_CURVE_WITH_KNOTS('',3,(#2592,#2593,#2594,#2595),
 .UNSPECIFIED.,.F.,.F.,(4,4),(2.27675443713559E-7,0.00180681390582319),
 .UNSPECIFIED.);
#86=B_SPLINE_CURVE_WITH_KNOTS('',3,(#2599,#2600,#2601,#2602),
 .UNSPECIFIED.,.F.,.F.,(4,4),(2.27675443714325E-7,0.00180681390582319),
 .UNSPECIFIED.);
#87=B_SPLINE_CURVE_WITH_KNOTS('',3,(#2604,#2605,#2606,#2607),
 .UNSPECIFIED.,.F.,.F.,(4,4),(8.71840242034651E-7,0.000347909376573854),
 .UNSPECIFIED.);
#88=B_SPLINE_CURVE_WITH_KNOTS('',3,(#2608,#2609,#2610,#2611),
 .UNSPECIFIED.,.F.,.F.,(4,4),(8.71840242046663E-7,0.000347909376573863),
 .UNSPECIFIED.);
#89=B_SPLINE_CURVE_WITH_KNOTS('',3,(#2612,#2613,#2614,#2615),
 .UNSPECIFIED.,.F.,.F.,(4,4),(9.9387138168459E-7,0.000398560653778044),
 .UNSPECIFIED.);
#90=B_SPLINE_CURVE_WITH_KNOTS('',3,(#2617,#2618,#2619,#2620),
 .UNSPECIFIED.,.F.,.F.,(4,4),(2.27675443693207E-7,0.00180681390582318),
 .UNSPECIFIED.);
#91=B_SPLINE_CURVE_WITH_KNOTS('',3,(#2624,#2625,#2626,#2627),
 .UNSPECIFIED.,.F.,.F.,(4,4),(2.27675443713112E-7,0.00180681390582319),
 .UNSPECIFIED.);
#92=B_SPLINE_CURVE_WITH_KNOTS('',3,(#2629,#2630,#2631,#2632),
 .UNSPECIFIED.,.F.,.F.,(4,4),(8.71840242034162E-7,0.000347909376573853),
 .UNSPECIFIED.);
#93=B_SPLINE_CURVE_WITH_KNOTS('',3,(#2633,#2634,#2635,#2636),
 .UNSPECIFIED.,.F.,.F.,(4,4),(8.71840242046906E-7,0.000347909376573863),
 .UNSPECIFIED.);
#94=B_SPLINE_CURVE_WITH_KNOTS('',3,(#2637,#2638,#2639,#2640),
 .UNSPECIFIED.,.F.,.F.,(4,4),(9.93871381685476E-7,0.000398560653778044),
 .UNSPECIFIED.);
#95=B_SPLINE_CURVE_WITH_KNOTS('',3,(#2642,#2643,#2644,#2645),
 .UNSPECIFIED.,.F.,.F.,(4,4),(2.27675443693723E-7,0.00180681390582318),
 .UNSPECIFIED.);
#96=B_SPLINE_CURVE_WITH_KNOTS('',3,(#2649,#2650,#2651,#2652),
 .UNSPECIFIED.,.F.,.F.,(4,4),(2.27675443714475E-7,0.00180681390582318),
 .UNSPECIFIED.);
#97=B_SPLINE_CURVE_WITH_KNOTS('',3,(#2654,#2655,#2656,#2657),
 .UNSPECIFIED.,.F.,.F.,(4,4),(8.7184024203424E-7,0.000347909376573854),
 .UNSPECIFIED.);
#98=B_SPLINE_CURVE_WITH_KNOTS('',3,(#2658,#2659,#2660,#2661),
 .UNSPECIFIED.,.F.,.F.,(4,4),(8.71840242046395E-7,0.000347909376573863),
 .UNSPECIFIED.);
#99=B_SPLINE_CURVE_WITH_KNOTS('',3,(#2662,#2663,#2664,#2665),
 .UNSPECIFIED.,.F.,.F.,(4,4),(9.93871381684147E-7,0.000398560653778043),
 .UNSPECIFIED.);
#100=B_SPLINE_CURVE_WITH_KNOTS('',3,(#2667,#2668,#2669,#2670),
 .UNSPECIFIED.,.F.,.F.,(4,4),(2.27675443694134E-7,0.00180681390582318),
 .UNSPECIFIED.);
#101=B_SPLINE_CURVE_WITH_KNOTS('',3,(#2674,#2675,#2676,#2677),
 .UNSPECIFIED.,.F.,.F.,(4,4),(2.2767544371374E-7,0.00180681390582319),
 .UNSPECIFIED.);
#102=B_SPLINE_CURVE_WITH_KNOTS('',3,(#2679,#2680,#2681,#2682),
 .UNSPECIFIED.,.F.,.F.,(4,4),(8.71840242034592E-7,0.000347909376573854),
 .UNSPECIFIED.);
#103=B_SPLINE_CURVE_WITH_KNOTS('',3,(#2683,#2684,#2685,#2686),
 .UNSPECIFIED.,.F.,.F.,(4,4),(8.71840242046457E-7,0.000347909376573863),
 .UNSPECIFIED.);
#104=B_SPLINE_CURVE_WITH_KNOTS('',3,(#2687,#2688,#2689,#2690),
 .UNSPECIFIED.,.F.,.F.,(4,4),(9.93871381684229E-7,0.000398560653778044),
 .UNSPECIFIED.);
#105=B_SPLINE_CURVE_WITH_KNOTS('',3,(#2692,#2693,#2694,#2695),
 .UNSPECIFIED.,.F.,.F.,(4,4),(2.27675443693602E-7,0.00180681390582318),
 .UNSPECIFIED.);
#106=B_SPLINE_CURVE_WITH_KNOTS('',3,(#2699,#2700,#2701,#2702),
 .UNSPECIFIED.,.F.,.F.,(4,4),(2.27675443714372E-7,0.00180681390582318),
 .UNSPECIFIED.);
#107=B_SPLINE_CURVE_WITH_KNOTS('',3,(#2704,#2705,#2706,#2707),
 .UNSPECIFIED.,.F.,.F.,(4,4),(8.71840242035106E-7,0.000347909376573854),
 .UNSPECIFIED.);
#108=B_SPLINE_CURVE_WITH_KNOTS('',3,(#2708,#2709,#2710,#2711),
 .UNSPECIFIED.,.F.,.F.,(4,4),(8.71840242046657E-7,0.000347909376573863),
 .UNSPECIFIED.);
#109=B_SPLINE_CURVE_WITH_KNOTS('',3,(#2712,#2713,#2714,#2715),
 .UNSPECIFIED.,.F.,.F.,(4,4),(9.93871381685516E-7,0.000398560653778044),
 .UNSPECIFIED.);
#110=B_SPLINE_CURVE_WITH_KNOTS('',3,(#2717,#2718,#2719,#2720),
 .UNSPECIFIED.,.F.,.F.,(4,4),(2.27675443693047E-7,0.00180681390582318),
 .UNSPECIFIED.);
#111=B_SPLINE_CURVE_WITH_KNOTS('',3,(#2724,#2725,#2726,#2727),
 .UNSPECIFIED.,.F.,.F.,(4,4),(2.27675443714325E-7,0.00180681390582319),
 .UNSPECIFIED.);
#112=B_SPLINE_CURVE_WITH_KNOTS('',3,(#2729,#2730,#2731,#2732),
 .UNSPECIFIED.,.F.,.F.,(4,4),(8.71840242034651E-7,0.000347909376573854),
 .UNSPECIFIED.);
#113=B_SPLINE_CURVE_WITH_KNOTS('',3,(#2733,#2734,#2735,#2736),
 .UNSPECIFIED.,.F.,.F.,(4,4),(8.71840242046663E-7,0.000347909376573863),
 .UNSPECIFIED.);
#114=B_SPLINE_CURVE_WITH_KNOTS('',3,(#2737,#2738,#2739,#2740),
 .UNSPECIFIED.,.F.,.F.,(4,4),(9.9387138168459E-7,0.000398560653778044),
 .UNSPECIFIED.);
#115=B_SPLINE_CURVE_WITH_KNOTS('',3,(#2742,#2743,#2744,#2745),
 .UNSPECIFIED.,.F.,.F.,(4,4),(2.27675443693207E-7,0.00180681390582318),
 .UNSPECIFIED.);
#116=B_SPLINE_CURVE_WITH_KNOTS('',3,(#2749,#2750,#2751,#2752),
 .UNSPECIFIED.,.F.,.F.,(4,4),(2.27675443713112E-7,0.00180681390582319),
 .UNSPECIFIED.);
#117=B_SPLINE_CURVE_WITH_KNOTS('',3,(#2754,#2755,#2756,#2757),
 .UNSPECIFIED.,.F.,.F.,(4,4),(8.71840242034858E-7,0.000347909376573855),
 .UNSPECIFIED.);
#118=B_SPLINE_CURVE_WITH_KNOTS('',3,(#2758,#2759,#2760,#2761),
 .UNSPECIFIED.,.F.,.F.,(4,4),(8.71840242046906E-7,0.000347909376573863),
 .UNSPECIFIED.);
#119=B_SPLINE_CURVE_WITH_KNOTS('',3,(#2762,#2763,#2764,#2765),
 .UNSPECIFIED.,.F.,.F.,(4,4),(9.93871381685478E-7,0.000398560653778044),
 .UNSPECIFIED.);
#120=B_SPLINE_CURVE_WITH_KNOTS('',3,(#2767,#2768,#2769,#2770),
 .UNSPECIFIED.,.F.,.F.,(4,4),(2.27675443693238E-7,0.00180681390582318),
 .UNSPECIFIED.);
#121=B_SPLINE_CURVE_WITH_KNOTS('',3,(#2774,#2775,#2776,#2777),
 .UNSPECIFIED.,.F.,.F.,(4,4),(2.27675443714475E-7,0.00180681390582319),
 .UNSPECIFIED.);
#122=B_SPLINE_CURVE_WITH_KNOTS('',3,(#2779,#2780,#2781,#2782),
 .UNSPECIFIED.,.F.,.F.,(4,4),(8.71840242034654E-7,0.000347909376573854),
 .UNSPECIFIED.);
#123=B_SPLINE_CURVE_WITH_KNOTS('',3,(#2783,#2784,#2785,#2786),
 .UNSPECIFIED.,.F.,.F.,(4,4),(8.71840242046394E-7,0.000347909376573863),
 .UNSPECIFIED.);
#124=B_SPLINE_CURVE_WITH_KNOTS('',3,(#2787,#2788,#2789,#2790),
 .UNSPECIFIED.,.F.,.F.,(4,4),(9.93871381684558E-7,0.000398560653778044),
 .UNSPECIFIED.);
#125=B_SPLINE_CURVE_WITH_KNOTS('',3,(#2792,#2793,#2794,#2795),
 .UNSPECIFIED.,.F.,.F.,(4,4),(2.27675443692294E-7,0.00180681390582318),
 .UNSPECIFIED.);
#126=B_SPLINE_CURVE_WITH_KNOTS('',3,(#2799,#2800,#2801,#2802),
 .UNSPECIFIED.,.F.,.F.,(4,4),(2.27675443713694E-7,0.00180681390582318),
 .UNSPECIFIED.);
#127=B_SPLINE_CURVE_WITH_KNOTS('',3,(#2806,#2807,#2808,#2809),
 .UNSPECIFIED.,.F.,.F.,(4,4),(8.71840242034594E-7,0.000347909376573854),
 .UNSPECIFIED.);
#128=B_SPLINE_CURVE_WITH_KNOTS('',3,(#2811,#2812,#2813,#2814),
 .UNSPECIFIED.,.F.,.F.,(4,4),(8.71840242046454E-7,0.000347909376573863),
 .UNSPECIFIED.);
#129=B_SPLINE_CURVE_WITH_KNOTS('',3,(#2815,#2816,#2817,#2818),
 .UNSPECIFIED.,.F.,.F.,(4,4),(9.93871381684227E-7,0.000398560653778045),
 .UNSPECIFIED.);
#130=B_SPLINE_CURVE_WITH_KNOTS('',3,(#2820,#2821,#2822,#2823),
 .UNSPECIFIED.,.F.,.F.,(4,4),(2.27675443693602E-7,0.00180681390582318),
 .UNSPECIFIED.);
#131=B_SPLINE_CURVE_WITH_KNOTS('',3,(#2833,#2834,#2835,#2836),
 .UNSPECIFIED.,.F.,.F.,(4,4),(8.71840242042843E-7,0.000347909376573861),
 .UNSPECIFIED.);
#132=B_SPLINE_CURVE_WITH_KNOTS('',3,(#2840,#2841,#2842,#2843),
 .UNSPECIFIED.,.F.,.F.,(4,4),(8.71840242042956E-7,0.000347909376573861),
 .UNSPECIFIED.);
#133=B_SPLINE_CURVE_WITH_KNOTS('',3,(#2847,#2848,#2849,#2850),
 .UNSPECIFIED.,.F.,.F.,(4,4),(8.71840242042578E-7,0.000347909376573862),
 .UNSPECIFIED.);
#134=B_SPLINE_CURVE_WITH_KNOTS('',3,(#2854,#2855,#2856,#2857),
 .UNSPECIFIED.,.F.,.F.,(4,4),(8.71840242043107E-7,0.000347909376573862),
 .UNSPECIFIED.);
#135=B_SPLINE_CURVE_WITH_KNOTS('',3,(#2861,#2862,#2863,#2864),
 .UNSPECIFIED.,.F.,.F.,(4,4),(8.71840242043044E-7,0.000347909376573862),
 .UNSPECIFIED.);
#136=B_SPLINE_CURVE_WITH_KNOTS('',3,(#2868,#2869,#2870,#2871),
 .UNSPECIFIED.,.F.,.F.,(4,4),(8.71840242042841E-7,0.000347909376573861),
 .UNSPECIFIED.);
#137=B_SPLINE_CURVE_WITH_KNOTS('',3,(#2875,#2876,#2877,#2878),
 .UNSPECIFIED.,.F.,.F.,(4,4),(8.71840242042956E-7,0.000347909376573861),
 .UNSPECIFIED.);
#138=B_SPLINE_CURVE_WITH_KNOTS('',3,(#2882,#2883,#2884,#2885),
 .UNSPECIFIED.,.F.,.F.,(4,4),(8.71840242042578E-7,0.000347909376573862),
 .UNSPECIFIED.);
#139=B_SPLINE_CURVE_WITH_KNOTS('',3,(#2889,#2890,#2891,#2892),
 .UNSPECIFIED.,.F.,.F.,(4,4),(8.71840242043516E-7,0.000347909376573862),
 .UNSPECIFIED.);
#140=B_SPLINE_CURVE_WITH_KNOTS('',3,(#2896,#2897,#2898,#2899),
 .UNSPECIFIED.,.F.,.F.,(4,4),(8.71840242043041E-7,0.000347909376573862),
 .UNSPECIFIED.);
#141=B_SPLINE_CURVE_WITH_KNOTS('',3,(#2904,#2905,#2906,#2907),
 .UNSPECIFIED.,.F.,.F.,(4,4),(2.27675443691887E-7,0.00180681390582318),
 .UNSPECIFIED.);
#142=B_SPLINE_CURVE_WITH_KNOTS('',3,(#2908,#2909,#2910,#2911),
 .UNSPECIFIED.,.F.,.F.,(4,4),(2.27675443698821E-7,0.00180681390582319),
 .UNSPECIFIED.);
#143=B_SPLINE_CURVE_WITH_KNOTS('',3,(#2916,#2917,#2918,#2919),
 .UNSPECIFIED.,.F.,.F.,(4,4),(2.27675443692424E-7,0.00180681390582318),
 .UNSPECIFIED.);
#144=B_SPLINE_CURVE_WITH_KNOTS('',3,(#2920,#2921,#2922,#2923),
 .UNSPECIFIED.,.F.,.F.,(4,4),(2.27675443699556E-7,0.00180681390582319),
 .UNSPECIFIED.);
#145=B_SPLINE_CURVE_WITH_KNOTS('',3,(#2928,#2929,#2930,#2931),
 .UNSPECIFIED.,.F.,.F.,(4,4),(2.27675443692801E-7,0.00180681390582318),
 .UNSPECIFIED.);
#146=B_SPLINE_CURVE_WITH_KNOTS('',3,(#2932,#2933,#2934,#2935),
 .UNSPECIFIED.,.F.,.F.,(4,4),(2.27675443699406E-7,0.00180681390582319),
 .UNSPECIFIED.);
#147=B_SPLINE_CURVE_WITH_KNOTS('',3,(#2940,#2941,#2942,#2943),
 .UNSPECIFIED.,.F.,.F.,(4,4),(2.2767544369264E-7,0.00180681390582318),
 .UNSPECIFIED.);
#148=B_SPLINE_CURVE_WITH_KNOTS('',3,(#2944,#2945,#2946,#2947),
 .UNSPECIFIED.,.F.,.F.,(4,4),(2.27675443699503E-7,0.00180681390582319),
 .UNSPECIFIED.);
#149=B_SPLINE_CURVE_WITH_KNOTS('',3,(#2952,#2953,#2954,#2955),
 .UNSPECIFIED.,.F.,.F.,(4,4),(2.27675443692382E-7,0.00180681390582318),
 .UNSPECIFIED.);
#150=B_SPLINE_CURVE_WITH_KNOTS('',3,(#2956,#2957,#2958,#2959),
 .UNSPECIFIED.,.F.,.F.,(4,4),(2.27675443699188E-7,0.00180681390582319),
 .UNSPECIFIED.);
#151=B_SPLINE_CURVE_WITH_KNOTS('',3,(#2964,#2965,#2966,#2967),
 .UNSPECIFIED.,.F.,.F.,(4,4),(2.27675443693727E-7,0.00180681390582318),
 .UNSPECIFIED.);
#152=B_SPLINE_CURVE_WITH_KNOTS('',3,(#2968,#2969,#2970,#2971),
 .UNSPECIFIED.,.F.,.F.,(4,4),(2.27675443698821E-7,0.00180681390582319),
 .UNSPECIFIED.);
#153=B_SPLINE_CURVE_WITH_KNOTS('',3,(#2976,#2977,#2978,#2979),
 .UNSPECIFIED.,.F.,.F.,(4,4),(2.27675443692424E-7,0.00180681390582318),
 .UNSPECIFIED.);
#154=B_SPLINE_CURVE_WITH_KNOTS('',3,(#2980,#2981,#2982,#2983),
 .UNSPECIFIED.,.F.,.F.,(4,4),(2.27675443699556E-7,0.00180681390582319),
 .UNSPECIFIED.);
#155=B_SPLINE_CURVE_WITH_KNOTS('',3,(#2988,#2989,#2990,#2991),
 .UNSPECIFIED.,.F.,.F.,(4,4),(2.27675443692801E-7,0.00180681390582318),
 .UNSPECIFIED.);
#156=B_SPLINE_CURVE_WITH_KNOTS('',3,(#2992,#2993,#2994,#2995),
 .UNSPECIFIED.,.F.,.F.,(4,4),(2.27675443699406E-7,0.00180681390582319),
 .UNSPECIFIED.);
#157=B_SPLINE_CURVE_WITH_KNOTS('',3,(#3000,#3001,#3002,#3003),
 .UNSPECIFIED.,.F.,.F.,(4,4),(2.27675443692059E-7,0.00180681390582318),
 .UNSPECIFIED.);
#158=B_SPLINE_CURVE_WITH_KNOTS('',3,(#3004,#3005,#3006,#3007),
 .UNSPECIFIED.,.F.,.F.,(4,4),(2.27675443699503E-7,0.00180681390582319),
 .UNSPECIFIED.);
#159=B_SPLINE_CURVE_WITH_KNOTS('',3,(#3012,#3013,#3014,#3015),
 .UNSPECIFIED.,.F.,.F.,(4,4),(2.27675443692382E-7,0.00180681390582318),
 .UNSPECIFIED.);
#160=B_SPLINE_CURVE_WITH_KNOTS('',3,(#3016,#3017,#3018,#3019),
 .UNSPECIFIED.,.F.,.F.,(4,4),(2.27675443699188E-7,0.00180681390582319),
 .UNSPECIFIED.);
#161=B_SPLINE_CURVE_WITH_KNOTS('',3,(#3021,#3022,#3023,#3024),
 .UNSPECIFIED.,.F.,.F.,(4,4),(2.27676035737E-7,0.0018068160101342),
 .UNSPECIFIED.);
#162=B_SPLINE_CURVE_WITH_KNOTS('',3,(#3026,#3027,#3028,#3029),
 .UNSPECIFIED.,.F.,.F.,(4,4),(2.27676035674075E-7,0.00180681601013413),
 .UNSPECIFIED.);
#163=B_SPLINE_CURVE_WITH_KNOTS('',3,(#3031,#3032,#3033,#3034),
 .UNSPECIFIED.,.F.,.F.,(4,4),(8.71840242044463E-7,0.000347909376573862),
 .UNSPECIFIED.);
#164=B_SPLINE_CURVE_WITH_KNOTS('',3,(#3035,#3036,#3037,#3038),
 .UNSPECIFIED.,.F.,.F.,(4,4),(9.93871381686219E-7,0.000398560653778041),
 .UNSPECIFIED.);
#165=B_SPLINE_CURVE_WITH_KNOTS('',3,(#3042,#3043,#3044,#3045),
 .UNSPECIFIED.,.F.,.F.,(4,4),(2.27676035674211E-7,0.00180681601013413),
 .UNSPECIFIED.);
#166=B_SPLINE_CURVE_WITH_KNOTS('',3,(#3047,#3048,#3049,#3050),
 .UNSPECIFIED.,.F.,.F.,(4,4),(2.2767603573675E-7,0.0018068160101342),
 .UNSPECIFIED.);
#167=B_SPLINE_CURVE_WITH_KNOTS('',3,(#3052,#3053,#3054,#3055),
 .UNSPECIFIED.,.F.,.F.,(4,4),(8.71840242043417E-7,0.000347909376573862),
 .UNSPECIFIED.);
#168=B_SPLINE_CURVE_WITH_KNOTS('',3,(#3056,#3057,#3058,#3059),
 .UNSPECIFIED.,.F.,.F.,(4,4),(9.93871381685891E-7,0.000398560653778042),
 .UNSPECIFIED.);
#169=B_SPLINE_CURVE_WITH_KNOTS('',3,(#3063,#3064,#3065,#3066),
 .UNSPECIFIED.,.F.,.F.,(4,4),(2.27676035674091E-7,0.00180681601013414),
 .UNSPECIFIED.);
#170=B_SPLINE_CURVE_WITH_KNOTS('',3,(#3068,#3069,#3070,#3071),
 .UNSPECIFIED.,.F.,.F.,(4,4),(2.27676035736509E-7,0.0018068160101342),
 .UNSPECIFIED.);
#171=B_SPLINE_CURVE_WITH_KNOTS('',3,(#3073,#3074,#3075,#3076),
 .UNSPECIFIED.,.F.,.F.,(4,4),(8.71840242043517E-7,0.000347909376573861),
 .UNSPECIFIED.);
#172=B_SPLINE_CURVE_WITH_KNOTS('',3,(#3077,#3078,#3079,#3080),
 .UNSPECIFIED.,.F.,.F.,(4,4),(9.93871381687199E-7,0.000398560653778042),
 .UNSPECIFIED.);
#173=B_SPLINE_CURVE_WITH_KNOTS('',3,(#3084,#3085,#3086,#3087),
 .UNSPECIFIED.,.F.,.F.,(4,4),(2.27676035674174E-7,0.00180681601013413),
 .UNSPECIFIED.);
#174=B_SPLINE_CURVE_WITH_KNOTS('',3,(#3089,#3090,#3091,#3092),
 .UNSPECIFIED.,.F.,.F.,(4,4),(2.2767603573673E-7,0.0018068160101342),
 .UNSPECIFIED.);
#175=B_SPLINE_CURVE_WITH_KNOTS('',3,(#3094,#3095,#3096,#3097),
 .UNSPECIFIED.,.F.,.F.,(4,4),(8.71840242043014E-7,0.000347909376573861),
 .UNSPECIFIED.);
#176=B_SPLINE_CURVE_WITH_KNOTS('',3,(#3098,#3099,#3100,#3101),
 .UNSPECIFIED.,.F.,.F.,(4,4),(9.93871381685504E-7,0.000398560653778041),
 .UNSPECIFIED.);
#177=B_SPLINE_CURVE_WITH_KNOTS('',3,(#3105,#3106,#3107,#3108),
 .UNSPECIFIED.,.F.,.F.,(4,4),(2.27676035674253E-7,0.00180681601013413),
 .UNSPECIFIED.);
#178=B_SPLINE_CURVE_WITH_KNOTS('',3,(#3110,#3111,#3112,#3113),
 .UNSPECIFIED.,.F.,.F.,(4,4),(2.2767603573751E-7,0.0018068160101342),
 .UNSPECIFIED.);
#179=B_SPLINE_CURVE_WITH_KNOTS('',3,(#3115,#3116,#3117,#3118),
 .UNSPECIFIED.,.F.,.F.,(4,4),(8.71840242043899E-7,0.000347909376573861),
 .UNSPECIFIED.);
#180=B_SPLINE_CURVE_WITH_KNOTS('',3,(#3119,#3120,#3121,#3122),
 .UNSPECIFIED.,.F.,.F.,(4,4),(9.93871381685052E-7,0.000398560653778042),
 .UNSPECIFIED.);
#181=B_SPLINE_CURVE_WITH_KNOTS('',3,(#3126,#3127,#3128,#3129),
 .UNSPECIFIED.,.F.,.F.,(4,4),(2.27676035673262E-7,0.00180681601013413),
 .UNSPECIFIED.);
#182=B_SPLINE_CURVE_WITH_KNOTS('',3,(#3131,#3132,#3133,#3134),
 .UNSPECIFIED.,.F.,.F.,(4,4),(2.27676035737E-7,0.0018068160101342),
 .UNSPECIFIED.);
#183=B_SPLINE_CURVE_WITH_KNOTS('',3,(#3136,#3137,#3138,#3139),
 .UNSPECIFIED.,.F.,.F.,(4,4),(8.71840242044465E-7,0.000347909376573862),
 .UNSPECIFIED.);
#184=B_SPLINE_CURVE_WITH_KNOTS('',3,(#3140,#3141,#3142,#3143),
 .UNSPECIFIED.,.F.,.F.,(4,4),(9.93871381686219E-7,0.000398560653778041),
 .UNSPECIFIED.);
#185=B_SPLINE_CURVE_WITH_KNOTS('',3,(#3147,#3148,#3149,#3150),
 .UNSPECIFIED.,.F.,.F.,(4,4),(2.27676035674211E-7,0.00180681601013413),
 .UNSPECIFIED.);
#186=B_SPLINE_CURVE_WITH_KNOTS('',3,(#3152,#3153,#3154,#3155),
 .UNSPECIFIED.,.F.,.F.,(4,4),(2.2767603573675E-7,0.0018068160101342),
 .UNSPECIFIED.);
#187=B_SPLINE_CURVE_WITH_KNOTS('',3,(#3157,#3158,#3159,#3160),
 .UNSPECIFIED.,.F.,.F.,(4,4),(8.71840242043417E-7,0.000347909376573862),
 .UNSPECIFIED.);
#188=B_SPLINE_CURVE_WITH_KNOTS('',3,(#3161,#3162,#3163,#3164),
 .UNSPECIFIED.,.F.,.F.,(4,4),(9.93871381685891E-7,0.000398560653778042),
 .UNSPECIFIED.);
#189=B_SPLINE_CURVE_WITH_KNOTS('',3,(#3168,#3169,#3170,#3171),
 .UNSPECIFIED.,.F.,.F.,(4,4),(2.27676035674091E-7,0.00180681601013414),
 .UNSPECIFIED.);
#190=B_SPLINE_CURVE_WITH_KNOTS('',3,(#3173,#3174,#3175,#3176),
 .UNSPECIFIED.,.F.,.F.,(4,4),(2.27676035736509E-7,0.0018068160101342),
 .UNSPECIFIED.);
#191=B_SPLINE_CURVE_WITH_KNOTS('',3,(#3178,#3179,#3180,#3181),
 .UNSPECIFIED.,.F.,.F.,(4,4),(8.71840242043515E-7,0.000347909376573862),
 .UNSPECIFIED.);
#192=B_SPLINE_CURVE_WITH_KNOTS('',3,(#3182,#3183,#3184,#3185),
 .UNSPECIFIED.,.F.,.F.,(4,4),(9.93871381687201E-7,0.000398560653778042),
 .UNSPECIFIED.);
#193=B_SPLINE_CURVE_WITH_KNOTS('',3,(#3189,#3190,#3191,#3192),
 .UNSPECIFIED.,.F.,.F.,(4,4),(2.27676035673361E-7,0.00180681601013414),
 .UNSPECIFIED.);
#194=B_SPLINE_CURVE_WITH_KNOTS('',3,(#3194,#3195,#3196,#3197),
 .UNSPECIFIED.,.F.,.F.,(4,4),(2.27676035737544E-7,0.0018068160101342),
 .UNSPECIFIED.);
#195=B_SPLINE_CURVE_WITH_KNOTS('',3,(#3199,#3200,#3201,#3202),
 .UNSPECIFIED.,.F.,.F.,(4,4),(8.71840242043016E-7,0.000347909376573861),
 .UNSPECIFIED.);
#196=B_SPLINE_CURVE_WITH_KNOTS('',3,(#3203,#3204,#3205,#3206),
 .UNSPECIFIED.,.F.,.F.,(4,4),(9.93871381685915E-7,0.000398560653778041),
 .UNSPECIFIED.);
#197=B_SPLINE_CURVE_WITH_KNOTS('',3,(#3210,#3211,#3212,#3213),
 .UNSPECIFIED.,.F.,.F.,(4,4),(2.27676035674253E-7,0.00180681601013414),
 .UNSPECIFIED.);
#198=B_SPLINE_CURVE_WITH_KNOTS('',3,(#3217,#3218,#3219,#3220),
 .UNSPECIFIED.,.F.,.F.,(4,4),(9.93871381685875E-7,0.000398560653778043),
 .UNSPECIFIED.);
#199=B_SPLINE_CURVE_WITH_KNOTS('',3,(#3222,#3223,#3224,#3225),
 .UNSPECIFIED.,.F.,.F.,(4,4),(2.27676035737104E-7,0.0018068160101342),
 .UNSPECIFIED.);
#200=B_SPLINE_CURVE_WITH_KNOTS('',3,(#3227,#3228,#3229,#3230),
 .UNSPECIFIED.,.F.,.F.,(4,4),(8.71840242043901E-7,0.000347909376573861),
 .UNSPECIFIED.);
#201=TOROIDAL_SURFACE('',#1692,15.4,0.6);
#202=TOROIDAL_SURFACE('',#1693,15.4,0.6);
#203=TOROIDAL_SURFACE('',#1698,6.59999999999999,0.6);
#204=TOROIDAL_SURFACE('',#1706,6.59999999999999,0.6);
#205=TOROIDAL_SURFACE('',#1732,11.,1.73205080756888);
#206=TOROIDAL_SURFACE('',#1735,11.,1.73205080756888);
#207=TOROIDAL_SURFACE('',#1738,11.,1.73205080756888);
#208=TOROIDAL_SURFACE('',#1741,11.,1.73205080756888);
#209=TOROIDAL_SURFACE('',#1744,11.,1.73205080756888);
#210=TOROIDAL_SURFACE('',#1747,11.,1.73205080756888);
#211=TOROIDAL_SURFACE('',#1750,11.,1.73205080756888);
#212=TOROIDAL_SURFACE('',#1753,11.,1.73205080756888);
#213=TOROIDAL_SURFACE('',#1756,11.,1.73205080756888);
#214=TOROIDAL_SURFACE('',#1759,11.,1.73205080756888);
#215=TOROIDAL_SURFACE('',#1763,11.,1.73205080756888);
#216=TOROIDAL_SURFACE('',#1766,11.,1.73205080756888);
#217=TOROIDAL_SURFACE('',#1769,11.,1.73205080756888);
#218=TOROIDAL_SURFACE('',#1772,11.,1.73205080756888);
#219=TOROIDAL_SURFACE('',#1775,11.,1.73205080756888);
#220=TOROIDAL_SURFACE('',#1778,11.,1.73205080756888);
#221=TOROIDAL_SURFACE('',#1781,11.,1.73205080756888);
#222=TOROIDAL_SURFACE('',#1784,11.,1.73205080756888);
#223=TOROIDAL_SURFACE('',#1787,11.,1.73205080756888);
#224=TOROIDAL_SURFACE('',#1792,11.,1.73205080756888);
#225=TOROIDAL_SURFACE('',#1807,11.,1.73205080756888);
#226=TOROIDAL_SURFACE('',#1809,11.,1.73205080756888);
#227=TOROIDAL_SURFACE('',#1811,11.,1.73205080756888);
#228=TOROIDAL_SURFACE('',#1813,11.,1.73205080756888);
#229=TOROIDAL_SURFACE('',#1815,11.,1.73205080756888);
#230=TOROIDAL_SURFACE('',#1817,11.,1.73205080756888);
#231=TOROIDAL_SURFACE('',#1819,11.,1.73205080756888);
#232=TOROIDAL_SURFACE('',#1821,11.,1.73205080756888);
#233=TOROIDAL_SURFACE('',#1823,11.,1.73205080756888);
#234=TOROIDAL_SURFACE('',#1825,11.,1.73205080756888);
#235=TOROIDAL_SURFACE('',#1828,11.,1.73205080756888);
#236=TOROIDAL_SURFACE('',#1831,11.,1.73205080756888);
#237=TOROIDAL_SURFACE('',#1834,11.,1.73205080756888);
#238=TOROIDAL_SURFACE('',#1837,11.,1.73205080756888);
#239=TOROIDAL_SURFACE('',#1840,11.,1.73205080756888);
#240=TOROIDAL_SURFACE('',#1843,11.,1.73205080756888);
#241=TOROIDAL_SURFACE('',#1846,11.,1.73205080756888);
#242=TOROIDAL_SURFACE('',#1849,11.,1.73205080756888);
#243=TOROIDAL_SURFACE('',#1852,11.,1.73205080756888);
#244=TOROIDAL_SURFACE('',#1857,11.,1.73205080756888);
#245=CYLINDRICAL_SURFACE('',#1682,12.5);
#246=CYLINDRICAL_SURFACE('',#1684,16.);
#247=CYLINDRICAL_SURFACE('',#1690,12.5);
#248=CYLINDRICAL_SURFACE('',#1703,9.49999999999999);
#249=CYLINDRICAL_SURFACE('',#1704,5.99999999999999);
#250=CYLINDRICAL_SURFACE('',#1710,9.49999999999999);
#251=CYLINDRICAL_SURFACE('',#1711,12.5);
#252=CYLINDRICAL_SURFACE('',#1789,9.49999999999999);
#253=CYLINDRICAL_SURFACE('',#1794,12.5);
#254=CYLINDRICAL_SURFACE('',#1796,9.49999999999999);
#255=CYLINDRICAL_SURFACE('',#1854,12.5);
#256=CYLINDRICAL_SURFACE('',#1859,9.49999999999999);
#257=ORIENTED_EDGE('',*,*,#777,.T.);
#258=ORIENTED_EDGE('',*,*,#778,.F.);
#259=ORIENTED_EDGE('',*,*,#779,.F.);
#260=ORIENTED_EDGE('',*,*,#778,.T.);
#261=ORIENTED_EDGE('',*,*,#780,.T.);
#262=ORIENTED_EDGE('',*,*,#781,.T.);
#263=ORIENTED_EDGE('',*,*,#782,.T.);
#264=ORIENTED_EDGE('',*,*,#783,.T.);
#265=ORIENTED_EDGE('',*,*,#784,.F.);
#266=ORIENTED_EDGE('',*,*,#783,.F.);
#267=ORIENTED_EDGE('',*,*,#782,.F.);
#268=ORIENTED_EDGE('',*,*,#781,.F.);
#269=ORIENTED_EDGE('',*,*,#780,.F.);
#270=ORIENTED_EDGE('',*,*,#777,.F.);
#271=ORIENTED_EDGE('',*,*,#785,.T.);
#272=ORIENTED_EDGE('',*,*,#784,.T.);
#273=ORIENTED_EDGE('',*,*,#779,.T.);
#274=ORIENTED_EDGE('',*,*,#786,.F.);
#275=ORIENTED_EDGE('',*,*,#787,.F.);
#276=ORIENTED_EDGE('',*,*,#788,.F.);
#277=ORIENTED_EDGE('',*,*,#787,.T.);
#278=ORIENTED_EDGE('',*,*,#789,.T.);
#279=ORIENTED_EDGE('',*,*,#786,.T.);
#280=ORIENTED_EDGE('',*,*,#789,.F.);
#281=ORIENTED_EDGE('',*,*,#788,.T.);
#282=ORIENTED_EDGE('',*,*,#790,.T.);
#283=ORIENTED_EDGE('',*,*,#790,.F.);
#284=ORIENTED_EDGE('',*,*,#791,.F.);
#285=ORIENTED_EDGE('',*,*,#791,.T.);
#286=ORIENTED_EDGE('',*,*,#792,.F.);
#287=ORIENTED_EDGE('',*,*,#785,.F.);
#288=ORIENTED_EDGE('',*,*,#792,.T.);
#289=ORIENTED_EDGE('',*,*,#793,.F.);
#290=ORIENTED_EDGE('',*,*,#794,.F.);
#291=ORIENTED_EDGE('',*,*,#795,.F.);
#292=ORIENTED_EDGE('',*,*,#796,.F.);
#293=ORIENTED_EDGE('',*,*,#797,.F.);
#294=ORIENTED_EDGE('',*,*,#798,.F.);
#295=ORIENTED_EDGE('',*,*,#799,.F.);
#296=ORIENTED_EDGE('',*,*,#800,.F.);
#297=ORIENTED_EDGE('',*,*,#801,.F.);
#298=ORIENTED_EDGE('',*,*,#802,.F.);
#299=ORIENTED_EDGE('',*,*,#803,.F.);
#300=ORIENTED_EDGE('',*,*,#804,.F.);
#301=ORIENTED_EDGE('',*,*,#805,.F.);
#302=ORIENTED_EDGE('',*,*,#806,.F.);
#303=ORIENTED_EDGE('',*,*,#807,.F.);
#304=ORIENTED_EDGE('',*,*,#808,.F.);
#305=ORIENTED_EDGE('',*,*,#809,.F.);
#306=ORIENTED_EDGE('',*,*,#810,.F.);
#307=ORIENTED_EDGE('',*,*,#811,.F.);
#308=ORIENTED_EDGE('',*,*,#812,.F.);
#309=ORIENTED_EDGE('',*,*,#813,.T.);
#310=ORIENTED_EDGE('',*,*,#814,.T.);
#311=ORIENTED_EDGE('',*,*,#815,.T.);
#312=ORIENTED_EDGE('',*,*,#816,.T.);
#313=ORIENTED_EDGE('',*,*,#817,.T.);
#314=ORIENTED_EDGE('',*,*,#818,.T.);
#315=ORIENTED_EDGE('',*,*,#819,.T.);
#316=ORIENTED_EDGE('',*,*,#820,.T.);
#317=ORIENTED_EDGE('',*,*,#821,.T.);
#318=ORIENTED_EDGE('',*,*,#822,.T.);
#319=ORIENTED_EDGE('',*,*,#823,.T.);
#320=ORIENTED_EDGE('',*,*,#824,.T.);
#321=ORIENTED_EDGE('',*,*,#825,.T.);
#322=ORIENTED_EDGE('',*,*,#826,.T.);
#323=ORIENTED_EDGE('',*,*,#827,.T.);
#324=ORIENTED_EDGE('',*,*,#828,.T.);
#325=ORIENTED_EDGE('',*,*,#829,.T.);
#326=ORIENTED_EDGE('',*,*,#830,.T.);
#327=ORIENTED_EDGE('',*,*,#831,.T.);
#328=ORIENTED_EDGE('',*,*,#832,.T.);
#329=ORIENTED_EDGE('',*,*,#833,.F.);
#330=ORIENTED_EDGE('',*,*,#834,.F.);
#331=ORIENTED_EDGE('',*,*,#835,.T.);
#332=ORIENTED_EDGE('',*,*,#836,.F.);
#333=ORIENTED_EDGE('',*,*,#837,.F.);
#334=ORIENTED_EDGE('',*,*,#838,.F.);
#335=ORIENTED_EDGE('',*,*,#839,.T.);
#336=ORIENTED_EDGE('',*,*,#840,.F.);
#337=ORIENTED_EDGE('',*,*,#841,.F.);
#338=ORIENTED_EDGE('',*,*,#842,.F.);
#339=ORIENTED_EDGE('',*,*,#843,.T.);
#340=ORIENTED_EDGE('',*,*,#844,.F.);
#341=ORIENTED_EDGE('',*,*,#845,.F.);
#342=ORIENTED_EDGE('',*,*,#846,.F.);
#343=ORIENTED_EDGE('',*,*,#847,.T.);
#344=ORIENTED_EDGE('',*,*,#848,.F.);
#345=ORIENTED_EDGE('',*,*,#849,.F.);
#346=ORIENTED_EDGE('',*,*,#850,.F.);
#347=ORIENTED_EDGE('',*,*,#851,.T.);
#348=ORIENTED_EDGE('',*,*,#852,.F.);
#349=ORIENTED_EDGE('',*,*,#853,.F.);
#350=ORIENTED_EDGE('',*,*,#854,.F.);
#351=ORIENTED_EDGE('',*,*,#855,.T.);
#352=ORIENTED_EDGE('',*,*,#856,.F.);
#353=ORIENTED_EDGE('',*,*,#857,.F.);
#354=ORIENTED_EDGE('',*,*,#858,.F.);
#355=ORIENTED_EDGE('',*,*,#859,.T.);
#356=ORIENTED_EDGE('',*,*,#860,.F.);
#357=ORIENTED_EDGE('',*,*,#861,.F.);
#358=ORIENTED_EDGE('',*,*,#862,.F.);
#359=ORIENTED_EDGE('',*,*,#863,.T.);
#360=ORIENTED_EDGE('',*,*,#864,.F.);
#361=ORIENTED_EDGE('',*,*,#865,.F.);
#362=ORIENTED_EDGE('',*,*,#866,.F.);
#363=ORIENTED_EDGE('',*,*,#867,.T.);
#364=ORIENTED_EDGE('',*,*,#868,.F.);
#365=ORIENTED_EDGE('',*,*,#869,.F.);
#366=ORIENTED_EDGE('',*,*,#870,.F.);
#367=ORIENTED_EDGE('',*,*,#871,.T.);
#368=ORIENTED_EDGE('',*,*,#872,.F.);
#369=ORIENTED_EDGE('',*,*,#866,.T.);
#370=ORIENTED_EDGE('',*,*,#873,.T.);
#371=ORIENTED_EDGE('',*,*,#872,.T.);
#372=ORIENTED_EDGE('',*,*,#874,.T.);
#373=ORIENTED_EDGE('',*,*,#875,.F.);
#374=ORIENTED_EDGE('',*,*,#876,.F.);
#375=ORIENTED_EDGE('',*,*,#814,.F.);
#376=ORIENTED_EDGE('',*,*,#877,.F.);
#377=ORIENTED_EDGE('',*,*,#878,.T.);
#378=ORIENTED_EDGE('',*,*,#879,.T.);
#379=ORIENTED_EDGE('',*,*,#815,.F.);
#380=ORIENTED_EDGE('',*,*,#876,.T.);
#381=ORIENTED_EDGE('',*,*,#862,.T.);
#382=ORIENTED_EDGE('',*,*,#880,.T.);
#383=ORIENTED_EDGE('',*,*,#868,.T.);
#384=ORIENTED_EDGE('',*,*,#881,.T.);
#385=ORIENTED_EDGE('',*,*,#882,.F.);
#386=ORIENTED_EDGE('',*,*,#883,.F.);
#387=ORIENTED_EDGE('',*,*,#816,.F.);
#388=ORIENTED_EDGE('',*,*,#879,.F.);
#389=ORIENTED_EDGE('',*,*,#884,.T.);
#390=ORIENTED_EDGE('',*,*,#885,.T.);
#391=ORIENTED_EDGE('',*,*,#817,.F.);
#392=ORIENTED_EDGE('',*,*,#883,.T.);
#393=ORIENTED_EDGE('',*,*,#858,.T.);
#394=ORIENTED_EDGE('',*,*,#886,.T.);
#395=ORIENTED_EDGE('',*,*,#864,.T.);
#396=ORIENTED_EDGE('',*,*,#887,.T.);
#397=ORIENTED_EDGE('',*,*,#888,.F.);
#398=ORIENTED_EDGE('',*,*,#889,.F.);
#399=ORIENTED_EDGE('',*,*,#818,.F.);
#400=ORIENTED_EDGE('',*,*,#885,.F.);
#401=ORIENTED_EDGE('',*,*,#890,.T.);
#402=ORIENTED_EDGE('',*,*,#891,.T.);
#403=ORIENTED_EDGE('',*,*,#819,.F.);
#404=ORIENTED_EDGE('',*,*,#889,.T.);
#405=ORIENTED_EDGE('',*,*,#854,.T.);
#406=ORIENTED_EDGE('',*,*,#892,.T.);
#407=ORIENTED_EDGE('',*,*,#860,.T.);
#408=ORIENTED_EDGE('',*,*,#893,.T.);
#409=ORIENTED_EDGE('',*,*,#894,.F.);
#410=ORIENTED_EDGE('',*,*,#895,.F.);
#411=ORIENTED_EDGE('',*,*,#820,.F.);
#412=ORIENTED_EDGE('',*,*,#891,.F.);
#413=ORIENTED_EDGE('',*,*,#896,.T.);
#414=ORIENTED_EDGE('',*,*,#897,.T.);
#415=ORIENTED_EDGE('',*,*,#821,.F.);
#416=ORIENTED_EDGE('',*,*,#895,.T.);
#417=ORIENTED_EDGE('',*,*,#850,.T.);
#418=ORIENTED_EDGE('',*,*,#898,.T.);
#419=ORIENTED_EDGE('',*,*,#856,.T.);
#420=ORIENTED_EDGE('',*,*,#899,.T.);
#421=ORIENTED_EDGE('',*,*,#900,.F.);
#422=ORIENTED_EDGE('',*,*,#901,.F.);
#423=ORIENTED_EDGE('',*,*,#822,.F.);
#424=ORIENTED_EDGE('',*,*,#897,.F.);
#425=ORIENTED_EDGE('',*,*,#902,.T.);
#426=ORIENTED_EDGE('',*,*,#903,.T.);
#427=ORIENTED_EDGE('',*,*,#823,.F.);
#428=ORIENTED_EDGE('',*,*,#901,.T.);
#429=ORIENTED_EDGE('',*,*,#846,.T.);
#430=ORIENTED_EDGE('',*,*,#904,.T.);
#431=ORIENTED_EDGE('',*,*,#852,.T.);
#432=ORIENTED_EDGE('',*,*,#905,.T.);
#433=ORIENTED_EDGE('',*,*,#906,.F.);
#434=ORIENTED_EDGE('',*,*,#907,.F.);
#435=ORIENTED_EDGE('',*,*,#824,.F.);
#436=ORIENTED_EDGE('',*,*,#903,.F.);
#437=ORIENTED_EDGE('',*,*,#908,.T.);
#438=ORIENTED_EDGE('',*,*,#909,.T.);
#439=ORIENTED_EDGE('',*,*,#825,.F.);
#440=ORIENTED_EDGE('',*,*,#907,.T.);
#441=ORIENTED_EDGE('',*,*,#842,.T.);
#442=ORIENTED_EDGE('',*,*,#910,.T.);
#443=ORIENTED_EDGE('',*,*,#848,.T.);
#444=ORIENTED_EDGE('',*,*,#911,.T.);
#445=ORIENTED_EDGE('',*,*,#912,.F.);
#446=ORIENTED_EDGE('',*,*,#913,.F.);
#447=ORIENTED_EDGE('',*,*,#826,.F.);
#448=ORIENTED_EDGE('',*,*,#909,.F.);
#449=ORIENTED_EDGE('',*,*,#914,.T.);
#450=ORIENTED_EDGE('',*,*,#915,.T.);
#451=ORIENTED_EDGE('',*,*,#827,.F.);
#452=ORIENTED_EDGE('',*,*,#913,.T.);
#453=ORIENTED_EDGE('',*,*,#838,.T.);
#454=ORIENTED_EDGE('',*,*,#916,.T.);
#455=ORIENTED_EDGE('',*,*,#844,.T.);
#456=ORIENTED_EDGE('',*,*,#917,.T.);
#457=ORIENTED_EDGE('',*,*,#918,.F.);
#458=ORIENTED_EDGE('',*,*,#919,.F.);
#459=ORIENTED_EDGE('',*,*,#828,.F.);
#460=ORIENTED_EDGE('',*,*,#915,.F.);
#461=ORIENTED_EDGE('',*,*,#920,.T.);
#462=ORIENTED_EDGE('',*,*,#921,.T.);
#463=ORIENTED_EDGE('',*,*,#829,.F.);
#464=ORIENTED_EDGE('',*,*,#919,.T.);
#465=ORIENTED_EDGE('',*,*,#834,.T.);
#466=ORIENTED_EDGE('',*,*,#922,.T.);
#467=ORIENTED_EDGE('',*,*,#840,.T.);
#468=ORIENTED_EDGE('',*,*,#923,.T.);
#469=ORIENTED_EDGE('',*,*,#924,.F.);
#470=ORIENTED_EDGE('',*,*,#925,.F.);
#471=ORIENTED_EDGE('',*,*,#830,.F.);
#472=ORIENTED_EDGE('',*,*,#921,.F.);
#473=ORIENTED_EDGE('',*,*,#926,.T.);
#474=ORIENTED_EDGE('',*,*,#927,.T.);
#475=ORIENTED_EDGE('',*,*,#831,.F.);
#476=ORIENTED_EDGE('',*,*,#925,.T.);
#477=ORIENTED_EDGE('',*,*,#928,.F.);
#478=ORIENTED_EDGE('',*,*,#869,.T.);
#479=ORIENTED_EDGE('',*,*,#873,.F.);
#480=ORIENTED_EDGE('',*,*,#865,.T.);
#481=ORIENTED_EDGE('',*,*,#880,.F.);
#482=ORIENTED_EDGE('',*,*,#861,.T.);
#483=ORIENTED_EDGE('',*,*,#886,.F.);
#484=ORIENTED_EDGE('',*,*,#857,.T.);
#485=ORIENTED_EDGE('',*,*,#892,.F.);
#486=ORIENTED_EDGE('',*,*,#853,.T.);
#487=ORIENTED_EDGE('',*,*,#898,.F.);
#488=ORIENTED_EDGE('',*,*,#849,.T.);
#489=ORIENTED_EDGE('',*,*,#904,.F.);
#490=ORIENTED_EDGE('',*,*,#845,.T.);
#491=ORIENTED_EDGE('',*,*,#910,.F.);
#492=ORIENTED_EDGE('',*,*,#841,.T.);
#493=ORIENTED_EDGE('',*,*,#916,.F.);
#494=ORIENTED_EDGE('',*,*,#837,.T.);
#495=ORIENTED_EDGE('',*,*,#922,.F.);
#496=ORIENTED_EDGE('',*,*,#833,.T.);
#497=ORIENTED_EDGE('',*,*,#929,.F.);
#498=ORIENTED_EDGE('',*,*,#870,.T.);
#499=ORIENTED_EDGE('',*,*,#929,.T.);
#500=ORIENTED_EDGE('',*,*,#836,.T.);
#501=ORIENTED_EDGE('',*,*,#930,.T.);
#502=ORIENTED_EDGE('',*,*,#931,.F.);
#503=ORIENTED_EDGE('',*,*,#932,.F.);
#504=ORIENTED_EDGE('',*,*,#832,.F.);
#505=ORIENTED_EDGE('',*,*,#927,.F.);
#506=ORIENTED_EDGE('',*,*,#933,.T.);
#507=ORIENTED_EDGE('',*,*,#877,.T.);
#508=ORIENTED_EDGE('',*,*,#813,.F.);
#509=ORIENTED_EDGE('',*,*,#932,.T.);
#510=ORIENTED_EDGE('',*,*,#934,.F.);
#511=ORIENTED_EDGE('',*,*,#933,.F.);
#512=ORIENTED_EDGE('',*,*,#931,.T.);
#513=ORIENTED_EDGE('',*,*,#926,.F.);
#514=ORIENTED_EDGE('',*,*,#924,.T.);
#515=ORIENTED_EDGE('',*,*,#920,.F.);
#516=ORIENTED_EDGE('',*,*,#918,.T.);
#517=ORIENTED_EDGE('',*,*,#914,.F.);
#518=ORIENTED_EDGE('',*,*,#912,.T.);
#519=ORIENTED_EDGE('',*,*,#908,.F.);
#520=ORIENTED_EDGE('',*,*,#906,.T.);
#521=ORIENTED_EDGE('',*,*,#902,.F.);
#522=ORIENTED_EDGE('',*,*,#900,.T.);
#523=ORIENTED_EDGE('',*,*,#896,.F.);
#524=ORIENTED_EDGE('',*,*,#894,.T.);
#525=ORIENTED_EDGE('',*,*,#890,.F.);
#526=ORIENTED_EDGE('',*,*,#888,.T.);
#527=ORIENTED_EDGE('',*,*,#884,.F.);
#528=ORIENTED_EDGE('',*,*,#882,.T.);
#529=ORIENTED_EDGE('',*,*,#878,.F.);
#530=ORIENTED_EDGE('',*,*,#875,.T.);
#531=ORIENTED_EDGE('',*,*,#935,.T.);
#532=ORIENTED_EDGE('',*,*,#936,.T.);
#533=ORIENTED_EDGE('',*,*,#937,.T.);
#534=ORIENTED_EDGE('',*,*,#938,.T.);
#535=ORIENTED_EDGE('',*,*,#939,.T.);
#536=ORIENTED_EDGE('',*,*,#940,.T.);
#537=ORIENTED_EDGE('',*,*,#941,.T.);
#538=ORIENTED_EDGE('',*,*,#942,.T.);
#539=ORIENTED_EDGE('',*,*,#943,.T.);
#540=ORIENTED_EDGE('',*,*,#944,.T.);
#541=ORIENTED_EDGE('',*,*,#945,.T.);
#542=ORIENTED_EDGE('',*,*,#946,.T.);
#543=ORIENTED_EDGE('',*,*,#947,.T.);
#544=ORIENTED_EDGE('',*,*,#948,.T.);
#545=ORIENTED_EDGE('',*,*,#949,.T.);
#546=ORIENTED_EDGE('',*,*,#950,.T.);
#547=ORIENTED_EDGE('',*,*,#951,.T.);
#548=ORIENTED_EDGE('',*,*,#952,.T.);
#549=ORIENTED_EDGE('',*,*,#953,.T.);
#550=ORIENTED_EDGE('',*,*,#954,.T.);
#551=ORIENTED_EDGE('',*,*,#871,.F.);
#552=ORIENTED_EDGE('',*,*,#930,.F.);
#553=ORIENTED_EDGE('',*,*,#835,.F.);
#554=ORIENTED_EDGE('',*,*,#923,.F.);
#555=ORIENTED_EDGE('',*,*,#839,.F.);
#556=ORIENTED_EDGE('',*,*,#917,.F.);
#557=ORIENTED_EDGE('',*,*,#843,.F.);
#558=ORIENTED_EDGE('',*,*,#911,.F.);
#559=ORIENTED_EDGE('',*,*,#847,.F.);
#560=ORIENTED_EDGE('',*,*,#905,.F.);
#561=ORIENTED_EDGE('',*,*,#851,.F.);
#562=ORIENTED_EDGE('',*,*,#899,.F.);
#563=ORIENTED_EDGE('',*,*,#855,.F.);
#564=ORIENTED_EDGE('',*,*,#893,.F.);
#565=ORIENTED_EDGE('',*,*,#859,.F.);
#566=ORIENTED_EDGE('',*,*,#887,.F.);
#567=ORIENTED_EDGE('',*,*,#863,.F.);
#568=ORIENTED_EDGE('',*,*,#881,.F.);
#569=ORIENTED_EDGE('',*,*,#867,.F.);
#570=ORIENTED_EDGE('',*,*,#874,.F.);
#571=ORIENTED_EDGE('',*,*,#955,.F.);
#572=ORIENTED_EDGE('',*,*,#956,.F.);
#573=ORIENTED_EDGE('',*,*,#795,.T.);
#574=ORIENTED_EDGE('',*,*,#957,.F.);
#575=ORIENTED_EDGE('',*,*,#958,.F.);
#576=ORIENTED_EDGE('',*,*,#959,.F.);
#577=ORIENTED_EDGE('',*,*,#797,.T.);
#578=ORIENTED_EDGE('',*,*,#960,.F.);
#579=ORIENTED_EDGE('',*,*,#961,.F.);
#580=ORIENTED_EDGE('',*,*,#962,.F.);
#581=ORIENTED_EDGE('',*,*,#799,.T.);
#582=ORIENTED_EDGE('',*,*,#963,.F.);
#583=ORIENTED_EDGE('',*,*,#964,.F.);
#584=ORIENTED_EDGE('',*,*,#965,.F.);
#585=ORIENTED_EDGE('',*,*,#801,.T.);
#586=ORIENTED_EDGE('',*,*,#966,.F.);
#587=ORIENTED_EDGE('',*,*,#967,.F.);
#588=ORIENTED_EDGE('',*,*,#968,.F.);
#589=ORIENTED_EDGE('',*,*,#803,.T.);
#590=ORIENTED_EDGE('',*,*,#969,.F.);
#591=ORIENTED_EDGE('',*,*,#970,.F.);
#592=ORIENTED_EDGE('',*,*,#971,.F.);
#593=ORIENTED_EDGE('',*,*,#805,.T.);
#594=ORIENTED_EDGE('',*,*,#972,.F.);
#595=ORIENTED_EDGE('',*,*,#973,.F.);
#596=ORIENTED_EDGE('',*,*,#974,.F.);
#597=ORIENTED_EDGE('',*,*,#807,.T.);
#598=ORIENTED_EDGE('',*,*,#975,.F.);
#599=ORIENTED_EDGE('',*,*,#976,.F.);
#600=ORIENTED_EDGE('',*,*,#977,.F.);
#601=ORIENTED_EDGE('',*,*,#809,.T.);
#602=ORIENTED_EDGE('',*,*,#978,.F.);
#603=ORIENTED_EDGE('',*,*,#979,.F.);
#604=ORIENTED_EDGE('',*,*,#980,.F.);
#605=ORIENTED_EDGE('',*,*,#811,.T.);
#606=ORIENTED_EDGE('',*,*,#981,.F.);
#607=ORIENTED_EDGE('',*,*,#982,.F.);
#608=ORIENTED_EDGE('',*,*,#983,.F.);
#609=ORIENTED_EDGE('',*,*,#793,.T.);
#610=ORIENTED_EDGE('',*,*,#984,.F.);
#611=ORIENTED_EDGE('',*,*,#985,.F.);
#612=ORIENTED_EDGE('',*,*,#936,.F.);
#613=ORIENTED_EDGE('',*,*,#986,.F.);
#614=ORIENTED_EDGE('',*,*,#987,.F.);
#615=ORIENTED_EDGE('',*,*,#988,.T.);
#616=ORIENTED_EDGE('',*,*,#984,.T.);
#617=ORIENTED_EDGE('',*,*,#812,.T.);
#618=ORIENTED_EDGE('',*,*,#980,.T.);
#619=ORIENTED_EDGE('',*,*,#937,.F.);
#620=ORIENTED_EDGE('',*,*,#985,.T.);
#621=ORIENTED_EDGE('',*,*,#989,.T.);
#622=ORIENTED_EDGE('',*,*,#990,.T.);
#623=ORIENTED_EDGE('',*,*,#991,.F.);
#624=ORIENTED_EDGE('',*,*,#938,.F.);
#625=ORIENTED_EDGE('',*,*,#990,.F.);
#626=ORIENTED_EDGE('',*,*,#992,.F.);
#627=ORIENTED_EDGE('',*,*,#993,.T.);
#628=ORIENTED_EDGE('',*,*,#981,.T.);
#629=ORIENTED_EDGE('',*,*,#810,.T.);
#630=ORIENTED_EDGE('',*,*,#977,.T.);
#631=ORIENTED_EDGE('',*,*,#939,.F.);
#632=ORIENTED_EDGE('',*,*,#991,.T.);
#633=ORIENTED_EDGE('',*,*,#994,.T.);
#634=ORIENTED_EDGE('',*,*,#995,.T.);
#635=ORIENTED_EDGE('',*,*,#996,.F.);
#636=ORIENTED_EDGE('',*,*,#940,.F.);
#637=ORIENTED_EDGE('',*,*,#995,.F.);
#638=ORIENTED_EDGE('',*,*,#997,.F.);
#639=ORIENTED_EDGE('',*,*,#998,.T.);
#640=ORIENTED_EDGE('',*,*,#978,.T.);
#641=ORIENTED_EDGE('',*,*,#808,.T.);
#642=ORIENTED_EDGE('',*,*,#974,.T.);
#643=ORIENTED_EDGE('',*,*,#941,.F.);
#644=ORIENTED_EDGE('',*,*,#996,.T.);
#645=ORIENTED_EDGE('',*,*,#999,.T.);
#646=ORIENTED_EDGE('',*,*,#1000,.T.);
#647=ORIENTED_EDGE('',*,*,#1001,.F.);
#648=ORIENTED_EDGE('',*,*,#942,.F.);
#649=ORIENTED_EDGE('',*,*,#1000,.F.);
#650=ORIENTED_EDGE('',*,*,#1002,.F.);
#651=ORIENTED_EDGE('',*,*,#1003,.T.);
#652=ORIENTED_EDGE('',*,*,#975,.T.);
#653=ORIENTED_EDGE('',*,*,#806,.T.);
#654=ORIENTED_EDGE('',*,*,#971,.T.);
#655=ORIENTED_EDGE('',*,*,#943,.F.);
#656=ORIENTED_EDGE('',*,*,#1001,.T.);
#657=ORIENTED_EDGE('',*,*,#1004,.T.);
#658=ORIENTED_EDGE('',*,*,#1005,.T.);
#659=ORIENTED_EDGE('',*,*,#1006,.F.);
#660=ORIENTED_EDGE('',*,*,#944,.F.);
#661=ORIENTED_EDGE('',*,*,#1005,.F.);
#662=ORIENTED_EDGE('',*,*,#1007,.F.);
#663=ORIENTED_EDGE('',*,*,#1008,.T.);
#664=ORIENTED_EDGE('',*,*,#972,.T.);
#665=ORIENTED_EDGE('',*,*,#804,.T.);
#666=ORIENTED_EDGE('',*,*,#968,.T.);
#667=ORIENTED_EDGE('',*,*,#945,.F.);
#668=ORIENTED_EDGE('',*,*,#1006,.T.);
#669=ORIENTED_EDGE('',*,*,#1009,.T.);
#670=ORIENTED_EDGE('',*,*,#1010,.T.);
#671=ORIENTED_EDGE('',*,*,#1011,.F.);
#672=ORIENTED_EDGE('',*,*,#946,.F.);
#673=ORIENTED_EDGE('',*,*,#1010,.F.);
#674=ORIENTED_EDGE('',*,*,#1012,.F.);
#675=ORIENTED_EDGE('',*,*,#1013,.T.);
#676=ORIENTED_EDGE('',*,*,#969,.T.);
#677=ORIENTED_EDGE('',*,*,#802,.T.);
#678=ORIENTED_EDGE('',*,*,#965,.T.);
#679=ORIENTED_EDGE('',*,*,#947,.F.);
#680=ORIENTED_EDGE('',*,*,#1011,.T.);
#681=ORIENTED_EDGE('',*,*,#1014,.T.);
#682=ORIENTED_EDGE('',*,*,#1015,.T.);
#683=ORIENTED_EDGE('',*,*,#1016,.F.);
#684=ORIENTED_EDGE('',*,*,#948,.F.);
#685=ORIENTED_EDGE('',*,*,#1015,.F.);
#686=ORIENTED_EDGE('',*,*,#1017,.F.);
#687=ORIENTED_EDGE('',*,*,#1018,.T.);
#688=ORIENTED_EDGE('',*,*,#966,.T.);
#689=ORIENTED_EDGE('',*,*,#800,.T.);
#690=ORIENTED_EDGE('',*,*,#962,.T.);
#691=ORIENTED_EDGE('',*,*,#949,.F.);
#692=ORIENTED_EDGE('',*,*,#1016,.T.);
#693=ORIENTED_EDGE('',*,*,#1019,.T.);
#694=ORIENTED_EDGE('',*,*,#1020,.T.);
#695=ORIENTED_EDGE('',*,*,#1021,.F.);
#696=ORIENTED_EDGE('',*,*,#950,.F.);
#697=ORIENTED_EDGE('',*,*,#1020,.F.);
#698=ORIENTED_EDGE('',*,*,#1022,.F.);
#699=ORIENTED_EDGE('',*,*,#1023,.T.);
#700=ORIENTED_EDGE('',*,*,#963,.T.);
#701=ORIENTED_EDGE('',*,*,#798,.T.);
#702=ORIENTED_EDGE('',*,*,#959,.T.);
#703=ORIENTED_EDGE('',*,*,#951,.F.);
#704=ORIENTED_EDGE('',*,*,#1021,.T.);
#705=ORIENTED_EDGE('',*,*,#1024,.T.);
#706=ORIENTED_EDGE('',*,*,#1025,.T.);
#707=ORIENTED_EDGE('',*,*,#1026,.F.);
#708=ORIENTED_EDGE('',*,*,#952,.F.);
#709=ORIENTED_EDGE('',*,*,#1025,.F.);
#710=ORIENTED_EDGE('',*,*,#1027,.F.);
#711=ORIENTED_EDGE('',*,*,#1028,.T.);
#712=ORIENTED_EDGE('',*,*,#960,.T.);
#713=ORIENTED_EDGE('',*,*,#796,.T.);
#714=ORIENTED_EDGE('',*,*,#956,.T.);
#715=ORIENTED_EDGE('',*,*,#953,.F.);
#716=ORIENTED_EDGE('',*,*,#1026,.T.);
#717=ORIENTED_EDGE('',*,*,#1029,.T.);
#718=ORIENTED_EDGE('',*,*,#1030,.T.);
#719=ORIENTED_EDGE('',*,*,#1031,.F.);
#720=ORIENTED_EDGE('',*,*,#982,.T.);
#721=ORIENTED_EDGE('',*,*,#988,.F.);
#722=ORIENTED_EDGE('',*,*,#979,.T.);
#723=ORIENTED_EDGE('',*,*,#993,.F.);
#724=ORIENTED_EDGE('',*,*,#976,.T.);
#725=ORIENTED_EDGE('',*,*,#998,.F.);
#726=ORIENTED_EDGE('',*,*,#973,.T.);
#727=ORIENTED_EDGE('',*,*,#1003,.F.);
#728=ORIENTED_EDGE('',*,*,#970,.T.);
#729=ORIENTED_EDGE('',*,*,#1008,.F.);
#730=ORIENTED_EDGE('',*,*,#967,.T.);
#731=ORIENTED_EDGE('',*,*,#1013,.F.);
#732=ORIENTED_EDGE('',*,*,#964,.T.);
#733=ORIENTED_EDGE('',*,*,#1018,.F.);
#734=ORIENTED_EDGE('',*,*,#961,.T.);
#735=ORIENTED_EDGE('',*,*,#1023,.F.);
#736=ORIENTED_EDGE('',*,*,#958,.T.);
#737=ORIENTED_EDGE('',*,*,#1028,.F.);
#738=ORIENTED_EDGE('',*,*,#955,.T.);
#739=ORIENTED_EDGE('',*,*,#1032,.F.);
#740=ORIENTED_EDGE('',*,*,#1033,.F.);
#741=ORIENTED_EDGE('',*,*,#954,.F.);
#742=ORIENTED_EDGE('',*,*,#1030,.F.);
#743=ORIENTED_EDGE('',*,*,#1034,.F.);
#744=ORIENTED_EDGE('',*,*,#1032,.T.);
#745=ORIENTED_EDGE('',*,*,#957,.T.);
#746=ORIENTED_EDGE('',*,*,#794,.T.);
#747=ORIENTED_EDGE('',*,*,#983,.T.);
#748=ORIENTED_EDGE('',*,*,#935,.F.);
#749=ORIENTED_EDGE('',*,*,#1033,.T.);
#750=ORIENTED_EDGE('',*,*,#1035,.T.);
#751=ORIENTED_EDGE('',*,*,#986,.T.);
#752=ORIENTED_EDGE('',*,*,#1036,.T.);
#753=ORIENTED_EDGE('',*,*,#1035,.F.);
#754=ORIENTED_EDGE('',*,*,#1034,.T.);
#755=ORIENTED_EDGE('',*,*,#1029,.F.);
#756=ORIENTED_EDGE('',*,*,#1027,.T.);
#757=ORIENTED_EDGE('',*,*,#1024,.F.);
#758=ORIENTED_EDGE('',*,*,#1022,.T.);
#759=ORIENTED_EDGE('',*,*,#1019,.F.);
#760=ORIENTED_EDGE('',*,*,#1017,.T.);
#761=ORIENTED_EDGE('',*,*,#1014,.F.);
#762=ORIENTED_EDGE('',*,*,#1012,.T.);
#763=ORIENTED_EDGE('',*,*,#1009,.F.);
#764=ORIENTED_EDGE('',*,*,#1007,.T.);
#765=ORIENTED_EDGE('',*,*,#1004,.F.);
#766=ORIENTED_EDGE('',*,*,#1002,.T.);
#767=ORIENTED_EDGE('',*,*,#999,.F.);
#768=ORIENTED_EDGE('',*,*,#997,.T.);
#769=ORIENTED_EDGE('',*,*,#994,.F.);
#770=ORIENTED_EDGE('',*,*,#992,.T.);
#771=ORIENTED_EDGE('',*,*,#989,.F.);
#772=ORIENTED_EDGE('',*,*,#987,.T.);
#773=ORIENTED_EDGE('',*,*,#1031,.T.);
#774=ORIENTED_EDGE('',*,*,#1036,.F.);
#775=ORIENTED_EDGE('',*,*,#928,.T.);
#776=ORIENTED_EDGE('',*,*,#934,.T.);
#777=EDGE_CURVE('',#1037,#1037,#1217,.T.);
#778=EDGE_CURVE('',#1038,#1038,#1218,.T.);
#779=EDGE_CURVE('',#1039,#1039,#1219,.T.);
#780=EDGE_CURVE('',#1040,#1040,#1220,.F.);
#781=EDGE_CURVE('',#1041,#1041,#1221,.F.);
#782=EDGE_CURVE('',#1042,#1042,#1222,.T.);
#783=EDGE_CURVE('',#1043,#1043,#1223,.T.);
#784=EDGE_CURVE('',#1044,#1044,#1224,.T.);
#785=EDGE_CURVE('',#1045,#1045,#1225,.T.);
#786=EDGE_CURVE('',#1046,#1046,#1226,.T.);
#787=EDGE_CURVE('',#1047,#1047,#1227,.T.);
#788=EDGE_CURVE('',#1048,#1048,#1228,.F.);
#789=EDGE_CURVE('',#1049,#1049,#1229,.T.);
#790=EDGE_CURVE('',#1050,#1050,#1230,.F.);
#791=EDGE_CURVE('',#1051,#1051,#1231,.T.);
#792=EDGE_CURVE('',#1052,#1052,#1232,.T.);
#793=EDGE_CURVE('',#1053,#1054,#1233,.T.);
#794=EDGE_CURVE('',#1055,#1053,#41,.T.);
#795=EDGE_CURVE('',#1056,#1055,#1234,.T.);
#796=EDGE_CURVE('',#1057,#1056,#42,.T.);
#797=EDGE_CURVE('',#1058,#1057,#1235,.T.);
#798=EDGE_CURVE('',#1059,#1058,#43,.T.);
#799=EDGE_CURVE('',#1060,#1059,#1236,.T.);
#800=EDGE_CURVE('',#1061,#1060,#44,.T.);
#801=EDGE_CURVE('',#1062,#1061,#1237,.T.);
#802=EDGE_CURVE('',#1063,#1062,#45,.T.);
#803=EDGE_CURVE('',#1064,#1063,#1238,.T.);
#804=EDGE_CURVE('',#1065,#1064,#46,.T.);
#805=EDGE_CURVE('',#1066,#1065,#1239,.T.);
#806=EDGE_CURVE('',#1067,#1066,#47,.T.);
#807=EDGE_CURVE('',#1068,#1067,#1240,.T.);
#808=EDGE_CURVE('',#1069,#1068,#48,.T.);
#809=EDGE_CURVE('',#1070,#1069,#1241,.T.);
#810=EDGE_CURVE('',#1071,#1070,#49,.T.);
#811=EDGE_CURVE('',#1072,#1071,#1242,.T.);
#812=EDGE_CURVE('',#1054,#1072,#50,.T.);
#813=EDGE_CURVE('',#1073,#1074,#1243,.T.);
#814=EDGE_CURVE('',#1074,#1075,#51,.T.);
#815=EDGE_CURVE('',#1075,#1076,#1244,.T.);
#816=EDGE_CURVE('',#1076,#1077,#52,.T.);
#817=EDGE_CURVE('',#1077,#1078,#1245,.T.);
#818=EDGE_CURVE('',#1078,#1079,#53,.T.);
#819=EDGE_CURVE('',#1079,#1080,#1246,.T.);
#820=EDGE_CURVE('',#1080,#1081,#54,.T.);
#821=EDGE_CURVE('',#1081,#1082,#1247,.T.);
#822=EDGE_CURVE('',#1082,#1083,#55,.T.);
#823=EDGE_CURVE('',#1083,#1084,#1248,.T.);
#824=EDGE_CURVE('',#1084,#1085,#56,.T.);
#825=EDGE_CURVE('',#1085,#1086,#1249,.T.);
#826=EDGE_CURVE('',#1086,#1087,#57,.T.);
#827=EDGE_CURVE('',#1087,#1088,#1250,.T.);
#828=EDGE_CURVE('',#1088,#1089,#58,.T.);
#829=EDGE_CURVE('',#1089,#1090,#1251,.T.);
#830=EDGE_CURVE('',#1090,#1091,#59,.T.);
#831=EDGE_CURVE('',#1091,#1092,#1252,.T.);
#832=EDGE_CURVE('',#1092,#1073,#60,.T.);
#833=EDGE_CURVE('',#1093,#1094,#1253,.T.);
#834=EDGE_CURVE('',#1095,#1093,#61,.T.);
#835=EDGE_CURVE('',#1095,#1096,#1254,.T.);
#836=EDGE_CURVE('',#1094,#1096,#62,.T.);
#837=EDGE_CURVE('',#1097,#1098,#1255,.T.);
#838=EDGE_CURVE('',#1099,#1097,#63,.T.);
#839=EDGE_CURVE('',#1099,#1100,#1256,.T.);
#840=EDGE_CURVE('',#1098,#1100,#64,.T.);
#841=EDGE_CURVE('',#1101,#1102,#1257,.T.);
#842=EDGE_CURVE('',#1103,#1101,#65,.T.);
#843=EDGE_CURVE('',#1103,#1104,#1258,.T.);
#844=EDGE_CURVE('',#1102,#1104,#66,.T.);
#845=EDGE_CURVE('',#1105,#1106,#1259,.T.);
#846=EDGE_CURVE('',#1107,#1105,#67,.T.);
#847=EDGE_CURVE('',#1107,#1108,#1260,.T.);
#848=EDGE_CURVE('',#1106,#1108,#68,.T.);
#849=EDGE_CURVE('',#1109,#1110,#1261,.T.);
#850=EDGE_CURVE('',#1111,#1109,#69,.T.);
#851=EDGE_CURVE('',#1111,#1112,#1262,.T.);
#852=EDGE_CURVE('',#1110,#1112,#70,.T.);
#853=EDGE_CURVE('',#1113,#1114,#1263,.T.);
#854=EDGE_CURVE('',#1115,#1113,#71,.T.);
#855=EDGE_CURVE('',#1115,#1116,#1264,.T.);
#856=EDGE_CURVE('',#1114,#1116,#72,.T.);
#857=EDGE_CURVE('',#1117,#1118,#1265,.T.);
#858=EDGE_CURVE('',#1119,#1117,#73,.T.);
#859=EDGE_CURVE('',#1119,#1120,#1266,.T.);
#860=EDGE_CURVE('',#1118,#1120,#74,.T.);
#861=EDGE_CURVE('',#1121,#1122,#1267,.T.);
#862=EDGE_CURVE('',#1123,#1121,#75,.T.);
#863=EDGE_CURVE('',#1123,#1124,#1268,.T.);
#864=EDGE_CURVE('',#1122,#1124,#76,.T.);
#865=EDGE_CURVE('',#1125,#1126,#1269,.T.);
#866=EDGE_CURVE('',#1127,#1125,#77,.T.);
#867=EDGE_CURVE('',#1127,#1128,#1270,.T.);
#868=EDGE_CURVE('',#1126,#1128,#78,.T.);
#869=EDGE_CURVE('',#1129,#1130,#1271,.T.);
#870=EDGE_CURVE('',#1131,#1129,#79,.T.);
#871=EDGE_CURVE('',#1131,#1132,#1272,.T.);
#872=EDGE_CURVE('',#1130,#1132,#80,.T.);
#873=EDGE_CURVE('',#1125,#1130,#81,.T.);
#874=EDGE_CURVE('',#1132,#1127,#82,.T.);
#875=EDGE_CURVE('',#1133,#1134,#83,.T.);
#876=EDGE_CURVE('',#1075,#1133,#84,.T.);
#877=EDGE_CURVE('',#1134,#1074,#85,.T.);
#878=EDGE_CURVE('',#1133,#1135,#1273,.T.);
#879=EDGE_CURVE('',#1135,#1076,#86,.T.);
#880=EDGE_CURVE('',#1121,#1126,#87,.T.);
#881=EDGE_CURVE('',#1128,#1123,#88,.T.);
#882=EDGE_CURVE('',#1136,#1135,#89,.T.);
#883=EDGE_CURVE('',#1077,#1136,#90,.T.);
#884=EDGE_CURVE('',#1136,#1137,#1274,.T.);
#885=EDGE_CURVE('',#1137,#1078,#91,.T.);
#886=EDGE_CURVE('',#1117,#1122,#92,.T.);
#887=EDGE_CURVE('',#1124,#1119,#93,.T.);
#888=EDGE_CURVE('',#1138,#1137,#94,.T.);
#889=EDGE_CURVE('',#1079,#1138,#95,.T.);
#890=EDGE_CURVE('',#1138,#1139,#1275,.T.);
#891=EDGE_CURVE('',#1139,#1080,#96,.T.);
#892=EDGE_CURVE('',#1113,#1118,#97,.T.);
#893=EDGE_CURVE('',#1120,#1115,#98,.T.);
#894=EDGE_CURVE('',#1140,#1139,#99,.T.);
#895=EDGE_CURVE('',#1081,#1140,#100,.T.);
#896=EDGE_CURVE('',#1140,#1141,#1276,.T.);
#897=EDGE_CURVE('',#1141,#1082,#101,.T.);
#898=EDGE_CURVE('',#1109,#1114,#102,.T.);
#899=EDGE_CURVE('',#1116,#1111,#103,.T.);
#900=EDGE_CURVE('',#1142,#1141,#104,.T.);
#901=EDGE_CURVE('',#1083,#1142,#105,.T.);
#902=EDGE_CURVE('',#1142,#1143,#1277,.T.);
#903=EDGE_CURVE('',#1143,#1084,#106,.T.);
#904=EDGE_CURVE('',#1105,#1110,#107,.T.);
#905=EDGE_CURVE('',#1112,#1107,#108,.T.);
#906=EDGE_CURVE('',#1144,#1143,#109,.T.);
#907=EDGE_CURVE('',#1085,#1144,#110,.T.);
#908=EDGE_CURVE('',#1144,#1145,#1278,.T.);
#909=EDGE_CURVE('',#1145,#1086,#111,.T.);
#910=EDGE_CURVE('',#1101,#1106,#112,.T.);
#911=EDGE_CURVE('',#1108,#1103,#113,.T.);
#912=EDGE_CURVE('',#1146,#1145,#114,.T.);
#913=EDGE_CURVE('',#1087,#1146,#115,.T.);
#914=EDGE_CURVE('',#1146,#1147,#1279,.T.);
#915=EDGE_CURVE('',#1147,#1088,#116,.T.);
#916=EDGE_CURVE('',#1097,#1102,#117,.T.);
#917=EDGE_CURVE('',#1104,#1099,#118,.T.);
#918=EDGE_CURVE('',#1148,#1147,#119,.T.);
#919=EDGE_CURVE('',#1089,#1148,#120,.T.);
#920=EDGE_CURVE('',#1148,#1149,#1280,.T.);
#921=EDGE_CURVE('',#1149,#1090,#121,.T.);
#922=EDGE_CURVE('',#1093,#1098,#122,.T.);
#923=EDGE_CURVE('',#1100,#1095,#123,.T.);
#924=EDGE_CURVE('',#1150,#1149,#124,.T.);
#925=EDGE_CURVE('',#1091,#1150,#125,.T.);
#926=EDGE_CURVE('',#1150,#1151,#1281,.T.);
#927=EDGE_CURVE('',#1151,#1092,#126,.T.);
#928=EDGE_CURVE('',#1152,#1152,#1282,.T.);
#929=EDGE_CURVE('',#1129,#1094,#127,.T.);
#930=EDGE_CURVE('',#1096,#1131,#128,.T.);
#931=EDGE_CURVE('',#1153,#1151,#129,.T.);
#932=EDGE_CURVE('',#1073,#1153,#130,.T.);
#933=EDGE_CURVE('',#1153,#1134,#1283,.T.);
#934=EDGE_CURVE('',#1154,#1154,#1284,.T.);
#935=EDGE_CURVE('',#1155,#1156,#1285,.T.);
#936=EDGE_CURVE('',#1156,#1157,#131,.T.);
#937=EDGE_CURVE('',#1157,#1158,#1286,.T.);
#938=EDGE_CURVE('',#1158,#1159,#132,.T.);
#939=EDGE_CURVE('',#1159,#1160,#1287,.T.);
#940=EDGE_CURVE('',#1160,#1161,#133,.T.);
#941=EDGE_CURVE('',#1161,#1162,#1288,.T.);
#942=EDGE_CURVE('',#1162,#1163,#134,.T.);
#943=EDGE_CURVE('',#1163,#1164,#1289,.T.);
#944=EDGE_CURVE('',#1164,#1165,#135,.T.);
#945=EDGE_CURVE('',#1165,#1166,#1290,.T.);
#946=EDGE_CURVE('',#1166,#1167,#136,.T.);
#947=EDGE_CURVE('',#1167,#1168,#1291,.T.);
#948=EDGE_CURVE('',#1168,#1169,#137,.T.);
#949=EDGE_CURVE('',#1169,#1170,#1292,.T.);
#950=EDGE_CURVE('',#1170,#1171,#138,.T.);
#951=EDGE_CURVE('',#1171,#1172,#1293,.T.);
#952=EDGE_CURVE('',#1172,#1173,#139,.T.);
#953=EDGE_CURVE('',#1173,#1174,#1294,.T.);
#954=EDGE_CURVE('',#1174,#1155,#140,.T.);
#955=EDGE_CURVE('',#1175,#1176,#1295,.T.);
#956=EDGE_CURVE('',#1056,#1175,#141,.T.);
#957=EDGE_CURVE('',#1176,#1055,#142,.T.);
#958=EDGE_CURVE('',#1177,#1178,#1296,.T.);
#959=EDGE_CURVE('',#1058,#1177,#143,.T.);
#960=EDGE_CURVE('',#1178,#1057,#144,.T.);
#961=EDGE_CURVE('',#1179,#1180,#1297,.T.);
#962=EDGE_CURVE('',#1060,#1179,#145,.T.);
#963=EDGE_CURVE('',#1180,#1059,#146,.T.);
#964=EDGE_CURVE('',#1181,#1182,#1298,.T.);
#965=EDGE_CURVE('',#1062,#1181,#147,.T.);
#966=EDGE_CURVE('',#1182,#1061,#148,.T.);
#967=EDGE_CURVE('',#1183,#1184,#1299,.T.);
#968=EDGE_CURVE('',#1064,#1183,#149,.T.);
#969=EDGE_CURVE('',#1184,#1063,#150,.T.);
#970=EDGE_CURVE('',#1185,#1186,#1300,.T.);
#971=EDGE_CURVE('',#1066,#1185,#151,.T.);
#972=EDGE_CURVE('',#1186,#1065,#152,.T.);
#973=EDGE_CURVE('',#1187,#1188,#1301,.T.);
#974=EDGE_CURVE('',#1068,#1187,#153,.T.);
#975=EDGE_CURVE('',#1188,#1067,#154,.T.);
#976=EDGE_CURVE('',#1189,#1190,#1302,.T.);
#977=EDGE_CURVE('',#1070,#1189,#155,.T.);
#978=EDGE_CURVE('',#1190,#1069,#156,.T.);
#979=EDGE_CURVE('',#1191,#1192,#1303,.T.);
#980=EDGE_CURVE('',#1072,#1191,#157,.T.);
#981=EDGE_CURVE('',#1192,#1071,#158,.T.);
#982=EDGE_CURVE('',#1193,#1194,#1304,.T.);
#983=EDGE_CURVE('',#1053,#1193,#159,.T.);
#984=EDGE_CURVE('',#1194,#1054,#160,.T.);
#985=EDGE_CURVE('',#1157,#1195,#161,.T.);
#986=EDGE_CURVE('',#1196,#1156,#162,.T.);
#987=EDGE_CURVE('',#1195,#1196,#163,.T.);
#988=EDGE_CURVE('',#1191,#1194,#164,.T.);
#989=EDGE_CURVE('',#1195,#1197,#1305,.T.);
#990=EDGE_CURVE('',#1197,#1158,#165,.T.);
#991=EDGE_CURVE('',#1159,#1198,#166,.T.);
#992=EDGE_CURVE('',#1198,#1197,#167,.T.);
#993=EDGE_CURVE('',#1189,#1192,#168,.T.);
#994=EDGE_CURVE('',#1198,#1199,#1306,.T.);
#995=EDGE_CURVE('',#1199,#1160,#169,.T.);
#996=EDGE_CURVE('',#1161,#1200,#170,.T.);
#997=EDGE_CURVE('',#1200,#1199,#171,.T.);
#998=EDGE_CURVE('',#1187,#1190,#172,.T.);
#999=EDGE_CURVE('',#1200,#1201,#1307,.T.);
#1000=EDGE_CURVE('',#1201,#1162,#173,.T.);
#1001=EDGE_CURVE('',#1163,#1202,#174,.T.);
#1002=EDGE_CURVE('',#1202,#1201,#175,.T.);
#1003=EDGE_CURVE('',#1185,#1188,#176,.T.);
#1004=EDGE_CURVE('',#1202,#1203,#1308,.T.);
#1005=EDGE_CURVE('',#1203,#1164,#177,.T.);
#1006=EDGE_CURVE('',#1165,#1204,#178,.T.);
#1007=EDGE_CURVE('',#1204,#1203,#179,.T.);
#1008=EDGE_CURVE('',#1183,#1186,#180,.T.);
#1009=EDGE_CURVE('',#1204,#1205,#1309,.T.);
#1010=EDGE_CURVE('',#1205,#1166,#181,.T.);
#1011=EDGE_CURVE('',#1167,#1206,#182,.T.);
#1012=EDGE_CURVE('',#1206,#1205,#183,.T.);
#1013=EDGE_CURVE('',#1181,#1184,#184,.T.);
#1014=EDGE_CURVE('',#1206,#1207,#1310,.T.);
#1015=EDGE_CURVE('',#1207,#1168,#185,.T.);
#1016=EDGE_CURVE('',#1169,#1208,#186,.T.);
#1017=EDGE_CURVE('',#1208,#1207,#187,.T.);
#1018=EDGE_CURVE('',#1179,#1182,#188,.T.);
#1019=EDGE_CURVE('',#1208,#1209,#1311,.T.);
#1020=EDGE_CURVE('',#1209,#1170,#189,.T.);
#1021=EDGE_CURVE('',#1171,#1210,#190,.T.);
#1022=EDGE_CURVE('',#1210,#1209,#191,.T.);
#1023=EDGE_CURVE('',#1177,#1180,#192,.T.);
#1024=EDGE_CURVE('',#1210,#1211,#1312,.T.);
#1025=EDGE_CURVE('',#1211,#1172,#193,.T.);
#1026=EDGE_CURVE('',#1173,#1212,#194,.T.);
#1027=EDGE_CURVE('',#1212,#1211,#195,.T.);
#1028=EDGE_CURVE('',#1175,#1178,#196,.T.);
#1029=EDGE_CURVE('',#1212,#1213,#1313,.T.);
#1030=EDGE_CURVE('',#1213,#1174,#197,.T.);
#1031=EDGE_CURVE('',#1214,#1214,#1314,.T.);
#1032=EDGE_CURVE('',#1193,#1176,#198,.T.);
#1033=EDGE_CURVE('',#1155,#1215,#199,.T.);
#1034=EDGE_CURVE('',#1215,#1213,#200,.T.);
#1035=EDGE_CURVE('',#1215,#1196,#1315,.T.);
#1036=EDGE_CURVE('',#1216,#1216,#1316,.T.);
#1037=VERTEX_POINT('',#2236);
#1038=VERTEX_POINT('',#2238);
#1039=VERTEX_POINT('',#2241);
#1040=VERTEX_POINT('',#2244);
#1041=VERTEX_POINT('',#2246);
#1042=VERTEX_POINT('',#2249);
#1043=VERTEX_POINT('',#2251);
#1044=VERTEX_POINT('',#2254);
#1045=VERTEX_POINT('',#2259);
#1046=VERTEX_POINT('',#2262);
#1047=VERTEX_POINT('',#2265);
#1048=VERTEX_POINT('',#2267);
#1049=VERTEX_POINT('',#2270);
#1050=VERTEX_POINT('',#2274);
#1051=VERTEX_POINT('',#2277);
#1052=VERTEX_POINT('',#2280);
#1053=VERTEX_POINT('',#2284);
#1054=VERTEX_POINT('',#2285);
#1055=VERTEX_POINT('',#2290);
#1056=VERTEX_POINT('',#2292);
#1057=VERTEX_POINT('',#2297);
#1058=VERTEX_POINT('',#2299);
#1059=VERTEX_POINT('',#2304);
#1060=VERTEX_POINT('',#2306);
#1061=VERTEX_POINT('',#2311);
#1062=VERTEX_POINT('',#2313);
#1063=VERTEX_POINT('',#2318);
#1064=VERTEX_POINT('',#2320);
#1065=VERTEX_POINT('',#2325);
#1066=VERTEX_POINT('',#2327);
#1067=VERTEX_POINT('',#2332);
#1068=VERTEX_POINT('',#2334);
#1069=VERTEX_POINT('',#2339);
#1070=VERTEX_POINT('',#2341);
#1071=VERTEX_POINT('',#2346);
#1072=VERTEX_POINT('',#2348);
#1073=VERTEX_POINT('',#2354);
#1074=VERTEX_POINT('',#2355);
#1075=VERTEX_POINT('',#2360);
#1076=VERTEX_POINT('',#2362);
#1077=VERTEX_POINT('',#2367);
#1078=VERTEX_POINT('',#2369);
#1079=VERTEX_POINT('',#2374);
#1080=VERTEX_POINT('',#2376);
#1081=VERTEX_POINT('',#2381);
#1082=VERTEX_POINT('',#2383);
#1083=VERTEX_POINT('',#2388);
#1084=VERTEX_POINT('',#2390);
#1085=VERTEX_POINT('',#2395);
#1086=VERTEX_POINT('',#2397);
#1087=VERTEX_POINT('',#2402);
#1088=VERTEX_POINT('',#2404);
#1089=VERTEX_POINT('',#2409);
#1090=VERTEX_POINT('',#2411);
#1091=VERTEX_POINT('',#2416);
#1092=VERTEX_POINT('',#2418);
#1093=VERTEX_POINT('',#2425);
#1094=VERTEX_POINT('',#2426);
#1095=VERTEX_POINT('',#2431);
#1096=VERTEX_POINT('',#2433);
#1097=VERTEX_POINT('',#2440);
#1098=VERTEX_POINT('',#2441);
#1099=VERTEX_POINT('',#2446);
#1100=VERTEX_POINT('',#2448);
#1101=VERTEX_POINT('',#2455);
#1102=VERTEX_POINT('',#2456);
#1103=VERTEX_POINT('',#2461);
#1104=VERTEX_POINT('',#2463);
#1105=VERTEX_POINT('',#2470);
#1106=VERTEX_POINT('',#2471);
#1107=VERTEX_POINT('',#2476);
#1108=VERTEX_POINT('',#2478);
#1109=VERTEX_POINT('',#2485);
#1110=VERTEX_POINT('',#2486);
#1111=VERTEX_POINT('',#2491);
#1112=VERTEX_POINT('',#2493);
#1113=VERTEX_POINT('',#2500);
#1114=VERTEX_POINT('',#2501);
#1115=VERTEX_POINT('',#2506);
#1116=VERTEX_POINT('',#2508);
#1117=VERTEX_POINT('',#2515);
#1118=VERTEX_POINT('',#2516);
#1119=VERTEX_POINT('',#2521);
#1120=VERTEX_POINT('',#2523);
#1121=VERTEX_POINT('',#2530);
#1122=VERTEX_POINT('',#2531);
#1123=VERTEX_POINT('',#2536);
#1124=VERTEX_POINT('',#2538);
#1125=VERTEX_POINT('',#2545);
#1126=VERTEX_POINT('',#2546);
#1127=VERTEX_POINT('',#2551);
#1128=VERTEX_POINT('',#2553);
#1129=VERTEX_POINT('',#2560);
#1130=VERTEX_POINT('',#2561);
#1131=VERTEX_POINT('',#2566);
#1132=VERTEX_POINT('',#2568);
#1133=VERTEX_POINT('',#2586);
#1134=VERTEX_POINT('',#2587);
#1135=VERTEX_POINT('',#2598);
#1136=VERTEX_POINT('',#2616);
#1137=VERTEX_POINT('',#2623);
#1138=VERTEX_POINT('',#2641);
#1139=VERTEX_POINT('',#2648);
#1140=VERTEX_POINT('',#2666);
#1141=VERTEX_POINT('',#2673);
#1142=VERTEX_POINT('',#2691);
#1143=VERTEX_POINT('',#2698);
#1144=VERTEX_POINT('',#2716);
#1145=VERTEX_POINT('',#2723);
#1146=VERTEX_POINT('',#2741);
#1147=VERTEX_POINT('',#2748);
#1148=VERTEX_POINT('',#2766);
#1149=VERTEX_POINT('',#2773);
#1150=VERTEX_POINT('',#2791);
#1151=VERTEX_POINT('',#2798);
#1152=VERTEX_POINT('',#2805);
#1153=VERTEX_POINT('',#2819);
#1154=VERTEX_POINT('',#2828);
#1155=VERTEX_POINT('',#2831);
#1156=VERTEX_POINT('',#2832);
#1157=VERTEX_POINT('',#2837);
#1158=VERTEX_POINT('',#2839);
#1159=VERTEX_POINT('',#2844);
#1160=VERTEX_POINT('',#2846);
#1161=VERTEX_POINT('',#2851);
#1162=VERTEX_POINT('',#2853);
#1163=VERTEX_POINT('',#2858);
#1164=VERTEX_POINT('',#2860);
#1165=VERTEX_POINT('',#2865);
#1166=VERTEX_POINT('',#2867);
#1167=VERTEX_POINT('',#2872);
#1168=VERTEX_POINT('',#2874);
#1169=VERTEX_POINT('',#2879);
#1170=VERTEX_POINT('',#2881);
#1171=VERTEX_POINT('',#2886);
#1172=VERTEX_POINT('',#2888);
#1173=VERTEX_POINT('',#2893);
#1174=VERTEX_POINT('',#2895);
#1175=VERTEX_POINT('',#2902);
#1176=VERTEX_POINT('',#2903);
#1177=VERTEX_POINT('',#2914);
#1178=VERTEX_POINT('',#2915);
#1179=VERTEX_POINT('',#2926);
#1180=VERTEX_POINT('',#2927);
#1181=VERTEX_POINT('',#2938);
#1182=VERTEX_POINT('',#2939);
#1183=VERTEX_POINT('',#2950);
#1184=VERTEX_POINT('',#2951);
#1185=VERTEX_POINT('',#2962);
#1186=VERTEX_POINT('',#2963);
#1187=VERTEX_POINT('',#2974);
#1188=VERTEX_POINT('',#2975);
#1189=VERTEX_POINT('',#2986);
#1190=VERTEX_POINT('',#2987);
#1191=VERTEX_POINT('',#2998);
#1192=VERTEX_POINT('',#2999);
#1193=VERTEX_POINT('',#3010);
#1194=VERTEX_POINT('',#3011);
#1195=VERTEX_POINT('',#3025);
#1196=VERTEX_POINT('',#3030);
#1197=VERTEX_POINT('',#3041);
#1198=VERTEX_POINT('',#3051);
#1199=VERTEX_POINT('',#3062);
#1200=VERTEX_POINT('',#3072);
#1201=VERTEX_POINT('',#3083);
#1202=VERTEX_POINT('',#3093);
#1203=VERTEX_POINT('',#3104);
#1204=VERTEX_POINT('',#3114);
#1205=VERTEX_POINT('',#3125);
#1206=VERTEX_POINT('',#3135);
#1207=VERTEX_POINT('',#3146);
#1208=VERTEX_POINT('',#3156);
#1209=VERTEX_POINT('',#3167);
#1210=VERTEX_POINT('',#3177);
#1211=VERTEX_POINT('',#3188);
#1212=VERTEX_POINT('',#3198);
#1213=VERTEX_POINT('',#3209);
#1214=VERTEX_POINT('',#3216);
#1215=VERTEX_POINT('',#3226);
#1216=VERTEX_POINT('',#3235);
#1217=CIRCLE('',#1680,15.4);
#1218=CIRCLE('',#1681,12.5);
#1219=CIRCLE('',#1683,12.5);
#1220=CIRCLE('',#1685,16.);
#1221=CIRCLE('',#1686,16.);
#1222=CIRCLE('',#1688,15.4);
#1223=CIRCLE('',#1689,12.5);
#1224=CIRCLE('',#1691,12.5);
#1225=CIRCLE('',#1695,9.49999999999999);
#1226=CIRCLE('',#1697,9.49999999999999);
#1227=CIRCLE('',#1699,6.59999999999999);
#1228=CIRCLE('',#1700,5.99999999999999);
#1229=CIRCLE('',#1702,9.49999999999999);
#1230=CIRCLE('',#1705,5.99999999999999);
#1231=CIRCLE('',#1707,6.59999999999999);
#1232=CIRCLE('',#1709,9.49999999999999);
#1233=CIRCLE('',#1712,12.5);
#1234=CIRCLE('',#1713,12.5);
#1235=CIRCLE('',#1714,12.5);
#1236=CIRCLE('',#1715,12.5);
#1237=CIRCLE('',#1716,12.5);
#1238=CIRCLE('',#1717,12.5);
#1239=CIRCLE('',#1718,12.5);
#1240=CIRCLE('',#1719,12.5);
#1241=CIRCLE('',#1720,12.5);
#1242=CIRCLE('',#1721,12.5);
#1243=CIRCLE('',#1722,12.5);
#1244=CIRCLE('',#1723,12.5);
#1245=CIRCLE('',#1724,12.5);
#1246=CIRCLE('',#1725,12.5);
#1247=CIRCLE('',#1726,12.5);
#1248=CIRCLE('',#1727,12.5);
#1249=CIRCLE('',#1728,12.5);
#1250=CIRCLE('',#1729,12.5);
#1251=CIRCLE('',#1730,12.5);
#1252=CIRCLE('',#1731,12.5);
#1253=CIRCLE('',#1733,9.49999999999999);
#1254=CIRCLE('',#1734,9.49999999999999);
#1255=CIRCLE('',#1736,9.49999999999999);
#1256=CIRCLE('',#1737,9.49999999999999);
#1257=CIRCLE('',#1739,9.49999999999999);
#1258=CIRCLE('',#1740,9.49999999999999);
#1259=CIRCLE('',#1742,9.49999999999999);
#1260=CIRCLE('',#1743,9.49999999999999);
#1261=CIRCLE('',#1745,9.49999999999999);
#1262=CIRCLE('',#1746,9.49999999999999);
#1263=CIRCLE('',#1748,9.49999999999999);
#1264=CIRCLE('',#1749,9.49999999999999);
#1265=CIRCLE('',#1751,9.49999999999999);
#1266=CIRCLE('',#1752,9.49999999999999);
#1267=CIRCLE('',#1754,9.49999999999999);
#1268=CIRCLE('',#1755,9.49999999999999);
#1269=CIRCLE('',#1757,9.49999999999999);
#1270=CIRCLE('',#1758,9.49999999999999);
#1271=CIRCLE('',#1760,9.49999999999999);
#1272=CIRCLE('',#1761,9.49999999999999);
#1273=CIRCLE('',#1764,12.5);
#1274=CIRCLE('',#1767,12.5);
#1275=CIRCLE('',#1770,12.5);
#1276=CIRCLE('',#1773,12.5);
#1277=CIRCLE('',#1776,12.5);
#1278=CIRCLE('',#1779,12.5);
#1279=CIRCLE('',#1782,12.5);
#1280=CIRCLE('',#1785,12.5);
#1281=CIRCLE('',#1788,12.5);
#1282=CIRCLE('',#1790,9.49999999999999);
#1283=CIRCLE('',#1793,12.5);
#1284=CIRCLE('',#1795,12.5);
#1285=CIRCLE('',#1797,9.49999999999999);
#1286=CIRCLE('',#1798,9.49999999999999);
#1287=CIRCLE('',#1799,9.49999999999999);
#1288=CIRCLE('',#1800,9.49999999999999);
#1289=CIRCLE('',#1801,9.49999999999999);
#1290=CIRCLE('',#1802,9.49999999999999);
#1291=CIRCLE('',#1803,9.49999999999999);
#1292=CIRCLE('',#1804,9.49999999999999);
#1293=CIRCLE('',#1805,9.49999999999999);
#1294=CIRCLE('',#1806,9.49999999999999);
#1295=CIRCLE('',#1808,12.5);
#1296=CIRCLE('',#1810,12.5);
#1297=CIRCLE('',#1812,12.5);
#1298=CIRCLE('',#1814,12.5);
#1299=CIRCLE('',#1816,12.5);
#1300=CIRCLE('',#1818,12.5);
#1301=CIRCLE('',#1820,12.5);
#1302=CIRCLE('',#1822,12.5);
#1303=CIRCLE('',#1824,12.5);
#1304=CIRCLE('',#1826,12.5);
#1305=CIRCLE('',#1829,9.49999999999999);
#1306=CIRCLE('',#1832,9.49999999999999);
#1307=CIRCLE('',#1835,9.49999999999999);
#1308=CIRCLE('',#1838,9.49999999999999);
#1309=CIRCLE('',#1841,9.49999999999999);
#1310=CIRCLE('',#1844,9.49999999999999);
#1311=CIRCLE('',#1847,9.49999999999999);
#1312=CIRCLE('',#1850,9.49999999999999);
#1313=CIRCLE('',#1853,9.49999999999999);
#1314=CIRCLE('',#1855,12.5);
#1315=CIRCLE('',#1858,9.49999999999999);
#1316=CIRCLE('',#1860,9.49999999999999);
#1317=EDGE_LOOP('',(#257));
#1318=EDGE_LOOP('',(#258));
#1319=EDGE_LOOP('',(#259));
#1320=EDGE_LOOP('',(#260));
#1321=EDGE_LOOP('',(#261));
#1322=EDGE_LOOP('',(#262));
#1323=EDGE_LOOP('',(#263));
#1324=EDGE_LOOP('',(#264));
#1325=EDGE_LOOP('',(#265));
#1326=EDGE_LOOP('',(#266));
#1327=EDGE_LOOP('',(#267));
#1328=EDGE_LOOP('',(#268));
#1329=EDGE_LOOP('',(#269));
#1330=EDGE_LOOP('',(#270));
#1331=EDGE_LOOP('',(#271));
#1332=EDGE_LOOP('',(#272));
#1333=EDGE_LOOP('',(#273));
#1334=EDGE_LOOP('',(#274));
#1335=EDGE_LOOP('',(#275));
#1336=EDGE_LOOP('',(#276));
#1337=EDGE_LOOP('',(#277));
#1338=EDGE_LOOP('',(#278));
#1339=EDGE_LOOP('',(#279));
#1340=EDGE_LOOP('',(#280));
#1341=EDGE_LOOP('',(#281));
#1342=EDGE_LOOP('',(#282));
#1343=EDGE_LOOP('',(#283));
#1344=EDGE_LOOP('',(#284));
#1345=EDGE_LOOP('',(#285));
#1346=EDGE_LOOP('',(#286));
#1347=EDGE_LOOP('',(#287));
#1348=EDGE_LOOP('',(#288));
#1349=EDGE_LOOP('',(#289,#290,#291,#292,#293,#294,#295,#296,#297,#298,#299,
#300,#301,#302,#303,#304,#305,#306,#307,#308));
#1350=EDGE_LOOP('',(#309,#310,#311,#312,#313,#314,#315,#316,#317,#318,#319,
#320,#321,#322,#323,#324,#325,#326,#327,#328));
#1351=EDGE_LOOP('',(#329,#330,#331,#332));
#1352=EDGE_LOOP('',(#333,#334,#335,#336));
#1353=EDGE_LOOP('',(#337,#338,#339,#340));
#1354=EDGE_LOOP('',(#341,#342,#343,#344));
#1355=EDGE_LOOP('',(#345,#346,#347,#348));
#1356=EDGE_LOOP('',(#349,#350,#351,#352));
#1357=EDGE_LOOP('',(#353,#354,#355,#356));
#1358=EDGE_LOOP('',(#357,#358,#359,#360));
#1359=EDGE_LOOP('',(#361,#362,#363,#364));
#1360=EDGE_LOOP('',(#365,#366,#367,#368));
#1361=EDGE_LOOP('',(#369,#370,#371,#372));
#1362=EDGE_LOOP('',(#373,#374,#375,#376));
#1363=EDGE_LOOP('',(#377,#378,#379,#380));
#1364=EDGE_LOOP('',(#381,#382,#383,#384));
#1365=EDGE_LOOP('',(#385,#386,#387,#388));
#1366=EDGE_LOOP('',(#389,#390,#391,#392));
#1367=EDGE_LOOP('',(#393,#394,#395,#396));
#1368=EDGE_LOOP('',(#397,#398,#399,#400));
#1369=EDGE_LOOP('',(#401,#402,#403,#404));
#1370=EDGE_LOOP('',(#405,#406,#407,#408));
#1371=EDGE_LOOP('',(#409,#410,#411,#412));
#1372=EDGE_LOOP('',(#413,#414,#415,#416));
#1373=EDGE_LOOP('',(#417,#418,#419,#420));
#1374=EDGE_LOOP('',(#421,#422,#423,#424));
#1375=EDGE_LOOP('',(#425,#426,#427,#428));
#1376=EDGE_LOOP('',(#429,#430,#431,#432));
#1377=EDGE_LOOP('',(#433,#434,#435,#436));
#1378=EDGE_LOOP('',(#437,#438,#439,#440));
#1379=EDGE_LOOP('',(#441,#442,#443,#444));
#1380=EDGE_LOOP('',(#445,#446,#447,#448));
#1381=EDGE_LOOP('',(#449,#450,#451,#452));
#1382=EDGE_LOOP('',(#453,#454,#455,#456));
#1383=EDGE_LOOP('',(#457,#458,#459,#460));
#1384=EDGE_LOOP('',(#461,#462,#463,#464));
#1385=EDGE_LOOP('',(#465,#466,#467,#468));
#1386=EDGE_LOOP('',(#469,#470,#471,#472));
#1387=EDGE_LOOP('',(#473,#474,#475,#476));
#1388=EDGE_LOOP('',(#477));
#1389=EDGE_LOOP('',(#478,#479,#480,#481,#482,#483,#484,#485,#486,#487,#488,
#489,#490,#491,#492,#493,#494,#495,#496,#497));
#1390=EDGE_LOOP('',(#498,#499,#500,#501));
#1391=EDGE_LOOP('',(#502,#503,#504,#505));
#1392=EDGE_LOOP('',(#506,#507,#508,#509));
#1393=EDGE_LOOP('',(#510));
#1394=EDGE_LOOP('',(#511,#512,#513,#514,#515,#516,#517,#518,#519,#520,#521,
#522,#523,#524,#525,#526,#527,#528,#529,#530));
#1395=EDGE_LOOP('',(#531,#532,#533,#534,#535,#536,#537,#538,#539,#540,#541,
#542,#543,#544,#545,#546,#547,#548,#549,#550));
#1396=EDGE_LOOP('',(#551,#552,#553,#554,#555,#556,#557,#558,#559,#560,#561,
#562,#563,#564,#565,#566,#567,#568,#569,#570));
#1397=EDGE_LOOP('',(#571,#572,#573,#574));
#1398=EDGE_LOOP('',(#575,#576,#577,#578));
#1399=EDGE_LOOP('',(#579,#580,#581,#582));
#1400=EDGE_LOOP('',(#583,#584,#585,#586));
#1401=EDGE_LOOP('',(#587,#588,#589,#590));
#1402=EDGE_LOOP('',(#591,#592,#593,#594));
#1403=EDGE_LOOP('',(#595,#596,#597,#598));
#1404=EDGE_LOOP('',(#599,#600,#601,#602));
#1405=EDGE_LOOP('',(#603,#604,#605,#606));
#1406=EDGE_LOOP('',(#607,#608,#609,#610));
#1407=EDGE_LOOP('',(#611,#612,#613,#614));
#1408=EDGE_LOOP('',(#615,#616,#617,#618));
#1409=EDGE_LOOP('',(#619,#620,#621,#622));
#1410=EDGE_LOOP('',(#623,#624,#625,#626));
#1411=EDGE_LOOP('',(#627,#628,#629,#630));
#1412=EDGE_LOOP('',(#631,#632,#633,#634));
#1413=EDGE_LOOP('',(#635,#636,#637,#638));
#1414=EDGE_LOOP('',(#639,#640,#641,#642));
#1415=EDGE_LOOP('',(#643,#644,#645,#646));
#1416=EDGE_LOOP('',(#647,#648,#649,#650));
#1417=EDGE_LOOP('',(#651,#652,#653,#654));
#1418=EDGE_LOOP('',(#655,#656,#657,#658));
#1419=EDGE_LOOP('',(#659,#660,#661,#662));
#1420=EDGE_LOOP('',(#663,#664,#665,#666));
#1421=EDGE_LOOP('',(#667,#668,#669,#670));
#1422=EDGE_LOOP('',(#671,#672,#673,#674));
#1423=EDGE_LOOP('',(#675,#676,#677,#678));
#1424=EDGE_LOOP('',(#679,#680,#681,#682));
#1425=EDGE_LOOP('',(#683,#684,#685,#686));
#1426=EDGE_LOOP('',(#687,#688,#689,#690));
#1427=EDGE_LOOP('',(#691,#692,#693,#694));
#1428=EDGE_LOOP('',(#695,#696,#697,#698));
#1429=EDGE_LOOP('',(#699,#700,#701,#702));
#1430=EDGE_LOOP('',(#703,#704,#705,#706));
#1431=EDGE_LOOP('',(#707,#708,#709,#710));
#1432=EDGE_LOOP('',(#711,#712,#713,#714));
#1433=EDGE_LOOP('',(#715,#716,#717,#718));
#1434=EDGE_LOOP('',(#719));
#1435=EDGE_LOOP('',(#720,#721,#722,#723,#724,#725,#726,#727,#728,#729,#730,
#731,#732,#733,#734,#735,#736,#737,#738,#739));
#1436=EDGE_LOOP('',(#740,#741,#742,#743));
#1437=EDGE_LOOP('',(#744,#745,#746,#747));
#1438=EDGE_LOOP('',(#748,#749,#750,#751));
#1439=EDGE_LOOP('',(#752));
#1440=EDGE_LOOP('',(#753,#754,#755,#756,#757,#758,#759,#760,#761,#762,#763,
#764,#765,#766,#767,#768,#769,#770,#771,#772));
#1441=EDGE_LOOP('',(#773));
#1442=EDGE_LOOP('',(#774));
#1443=EDGE_LOOP('',(#775));
#1444=EDGE_LOOP('',(#776));
#1445=FACE_BOUND('',#1317,.T.);
#1446=FACE_BOUND('',#1318,.T.);
#1447=FACE_BOUND('',#1319,.T.);
#1448=FACE_BOUND('',#1320,.T.);
#1449=FACE_BOUND('',#1321,.T.);
#1450=FACE_BOUND('',#1322,.T.);
#1451=FACE_BOUND('',#1323,.T.);
#1452=FACE_BOUND('',#1324,.T.);
#1453=FACE_BOUND('',#1325,.T.);
#1454=FACE_BOUND('',#1326,.T.);
#1455=FACE_BOUND('',#1327,.T.);
#1456=FACE_BOUND('',#1328,.T.);
#1457=FACE_BOUND('',#1329,.T.);
#1458=FACE_BOUND('',#1330,.T.);
#1459=FACE_BOUND('',#1331,.T.);
#1460=FACE_BOUND('',#1332,.T.);
#1461=FACE_BOUND('',#1333,.T.);
#1462=FACE_BOUND('',#1334,.T.);
#1463=FACE_BOUND('',#1335,.T.);
#1464=FACE_BOUND('',#1336,.T.);
#1465=FACE_BOUND('',#1337,.T.);
#1466=FACE_BOUND('',#1338,.T.);
#1467=FACE_BOUND('',#1339,.T.);
#1468=FACE_BOUND('',#1340,.T.);
#1469=FACE_BOUND('',#1341,.T.);
#1470=FACE_BOUND('',#1342,.T.);
#1471=FACE_BOUND('',#1343,.T.);
#1472=FACE_BOUND('',#1344,.T.);
#1473=FACE_BOUND('',#1345,.T.);
#1474=FACE_BOUND('',#1346,.T.);
#1475=FACE_BOUND('',#1347,.T.);
#1476=FACE_BOUND('',#1348,.T.);
#1477=FACE_BOUND('',#1349,.T.);
#1478=FACE_BOUND('',#1350,.T.);
#1479=FACE_BOUND('',#1351,.T.);
#1480=FACE_BOUND('',#1352,.T.);
#1481=FACE_BOUND('',#1353,.T.);
#1482=FACE_BOUND('',#1354,.T.);
#1483=FACE_BOUND('',#1355,.T.);
#1484=FACE_BOUND('',#1356,.T.);
#1485=FACE_BOUND('',#1357,.T.);
#1486=FACE_BOUND('',#1358,.T.);
#1487=FACE_BOUND('',#1359,.T.);
#1488=FACE_BOUND('',#1360,.T.);
#1489=FACE_BOUND('',#1361,.T.);
#1490=FACE_BOUND('',#1362,.T.);
#1491=FACE_BOUND('',#1363,.T.);
#1492=FACE_BOUND('',#1364,.T.);
#1493=FACE_BOUND('',#1365,.T.);
#1494=FACE_BOUND('',#1366,.T.);
#1495=FACE_BOUND('',#1367,.T.);
#1496=FACE_BOUND('',#1368,.T.);
#1497=FACE_BOUND('',#1369,.T.);
#1498=FACE_BOUND('',#1370,.T.);
#1499=FACE_BOUND('',#1371,.T.);
#1500=FACE_BOUND('',#1372,.T.);
#1501=FACE_BOUND('',#1373,.T.);
#1502=FACE_BOUND('',#1374,.T.);
#1503=FACE_BOUND('',#1375,.T.);
#1504=FACE_BOUND('',#1376,.T.);
#1505=FACE_BOUND('',#1377,.T.);
#1506=FACE_BOUND('',#1378,.T.);
#1507=FACE_BOUND('',#1379,.T.);
#1508=FACE_BOUND('',#1380,.T.);
#1509=FACE_BOUND('',#1381,.T.);
#1510=FACE_BOUND('',#1382,.T.);
#1511=FACE_BOUND('',#1383,.T.);
#1512=FACE_BOUND('',#1384,.T.);
#1513=FACE_BOUND('',#1385,.T.);
#1514=FACE_BOUND('',#1386,.T.);
#1515=FACE_BOUND('',#1387,.T.);
#1516=FACE_BOUND('',#1388,.T.);
#1517=FACE_BOUND('',#1389,.T.);
#1518=FACE_BOUND('',#1390,.T.);
#1519=FACE_BOUND('',#1391,.T.);
#1520=FACE_BOUND('',#1392,.T.);
#1521=FACE_BOUND('',#1393,.T.);
#1522=FACE_BOUND('',#1394,.T.);
#1523=FACE_BOUND('',#1395,.T.);
#1524=FACE_BOUND('',#1396,.T.);
#1525=FACE_BOUND('',#1397,.T.);
#1526=FACE_BOUND('',#1398,.T.);
#1527=FACE_BOUND('',#1399,.T.);
#1528=FACE_BOUND('',#1400,.T.);
#1529=FACE_BOUND('',#1401,.T.);
#1530=FACE_BOUND('',#1402,.T.);
#1531=FACE_BOUND('',#1403,.T.);
#1532=FACE_BOUND('',#1404,.T.);
#1533=FACE_BOUND('',#1405,.T.);
#1534=FACE_BOUND('',#1406,.T.);
#1535=FACE_BOUND('',#1407,.T.);
#1536=FACE_BOUND('',#1408,.T.);
#1537=FACE_BOUND('',#1409,.T.);
#1538=FACE_BOUND('',#1410,.T.);
#1539=FACE_BOUND('',#1411,.T.);
#1540=FACE_BOUND('',#1412,.T.);
#1541=FACE_BOUND('',#1413,.T.);
#1542=FACE_BOUND('',#1414,.T.);
#1543=FACE_BOUND('',#1415,.T.);
#1544=FACE_BOUND('',#1416,.T.);
#1545=FACE_BOUND('',#1417,.T.);
#1546=FACE_BOUND('',#1418,.T.);
#1547=FACE_BOUND('',#1419,.T.);
#1548=FACE_BOUND('',#1420,.T.);
#1549=FACE_BOUND('',#1421,.T.);
#1550=FACE_BOUND('',#1422,.T.);
#1551=FACE_BOUND('',#1423,.T.);
#1552=FACE_BOUND('',#1424,.T.);
#1553=FACE_BOUND('',#1425,.T.);
#1554=FACE_BOUND('',#1426,.T.);
#1555=FACE_BOUND('',#1427,.T.);
#1556=FACE_BOUND('',#1428,.T.);
#1557=FACE_BOUND('',#1429,.T.);
#1558=FACE_BOUND('',#1430,.T.);
#1559=FACE_BOUND('',#1431,.T.);
#1560=FACE_BOUND('',#1432,.T.);
#1561=FACE_BOUND('',#1433,.T.);
#1562=FACE_BOUND('',#1434,.T.);
#1563=FACE_BOUND('',#1435,.T.);
#1564=FACE_BOUND('',#1436,.T.);
#1565=FACE_BOUND('',#1437,.T.);
#1566=FACE_BOUND('',#1438,.T.);
#1567=FACE_BOUND('',#1439,.T.);
#1568=FACE_BOUND('',#1440,.T.);
#1569=FACE_BOUND('',#1441,.T.);
#1570=FACE_BOUND('',#1442,.T.);
#1571=FACE_BOUND('',#1443,.T.);
#1572=FACE_BOUND('',#1444,.T.);
#1573=PLANE('',#1679);
#1574=PLANE('',#1687);
#1575=PLANE('',#1694);
#1576=PLANE('',#1696);
#1577=PLANE('',#1701);
#1578=PLANE('',#1708);
#1579=PLANE('',#1861);
#1580=PLANE('',#1862);
#1581=ADVANCED_FACE('',(#1445,#1446),#1573,.T.);
#1582=ADVANCED_FACE('',(#1447,#1448),#245,.F.);
#1583=ADVANCED_FACE('',(#1449,#1450),#246,.T.);
#1584=ADVANCED_FACE('',(#1451,#1452),#1574,.T.);
#1585=ADVANCED_FACE('',(#1453,#1454),#247,.F.);
#1586=ADVANCED_FACE('',(#1455,#1456),#201,.T.);
#1587=ADVANCED_FACE('',(#1457,#1458),#202,.T.);
#1588=ADVANCED_FACE('',(#1459,#1460),#1575,.T.);
#1589=ADVANCED_FACE('',(#1461,#1462),#1576,.T.);
#1590=ADVANCED_FACE('',(#1463,#1464),#203,.T.);
#1591=ADVANCED_FACE('',(#1465,#1466),#1577,.F.);
#1592=ADVANCED_FACE('',(#1467,#1468),#248,.T.);
#1593=ADVANCED_FACE('',(#1469,#1470),#249,.F.);
#1594=ADVANCED_FACE('',(#1471,#1472),#204,.T.);
#1595=ADVANCED_FACE('',(#1473,#1474),#1578,.F.);
#1596=ADVANCED_FACE('',(#1475,#1476),#250,.T.);
#1597=ADVANCED_FACE('',(#1477,#1478),#251,.F.);
#1598=ADVANCED_FACE('',(#1479),#205,.F.);
#1599=ADVANCED_FACE('',(#1480),#206,.F.);
#1600=ADVANCED_FACE('',(#1481),#207,.F.);
#1601=ADVANCED_FACE('',(#1482),#208,.F.);
#1602=ADVANCED_FACE('',(#1483),#209,.F.);
#1603=ADVANCED_FACE('',(#1484),#210,.F.);
#1604=ADVANCED_FACE('',(#1485),#211,.F.);
#1605=ADVANCED_FACE('',(#1486),#212,.F.);
#1606=ADVANCED_FACE('',(#1487),#213,.F.);
#1607=ADVANCED_FACE('',(#1488),#214,.F.);
#1608=ADVANCED_FACE('',(#1489,#1490),#21,.T.);
#1609=ADVANCED_FACE('',(#1491),#215,.F.);
#1610=ADVANCED_FACE('',(#1492,#1493),#22,.T.);
#1611=ADVANCED_FACE('',(#1494),#216,.F.);
#1612=ADVANCED_FACE('',(#1495,#1496),#23,.T.);
#1613=ADVANCED_FACE('',(#1497),#217,.F.);
#1614=ADVANCED_FACE('',(#1498,#1499),#24,.T.);
#1615=ADVANCED_FACE('',(#1500),#218,.F.);
#1616=ADVANCED_FACE('',(#1501,#1502),#25,.T.);
#1617=ADVANCED_FACE('',(#1503),#219,.F.);
#1618=ADVANCED_FACE('',(#1504,#1505),#26,.T.);
#1619=ADVANCED_FACE('',(#1506),#220,.F.);
#1620=ADVANCED_FACE('',(#1507,#1508),#27,.T.);
#1621=ADVANCED_FACE('',(#1509),#221,.F.);
#1622=ADVANCED_FACE('',(#1510,#1511),#28,.T.);
#1623=ADVANCED_FACE('',(#1512),#222,.F.);
#1624=ADVANCED_FACE('',(#1513,#1514),#29,.T.);
#1625=ADVANCED_FACE('',(#1515),#223,.F.);
#1626=ADVANCED_FACE('',(#1516,#1517),#252,.T.);
#1627=ADVANCED_FACE('',(#1518,#1519),#30,.T.);
#1628=ADVANCED_FACE('',(#1520),#224,.F.);
#1629=ADVANCED_FACE('',(#1521,#1522),#253,.F.);
#1630=ADVANCED_FACE('',(#1523,#1524),#254,.T.);
#1631=ADVANCED_FACE('',(#1525),#225,.F.);
#1632=ADVANCED_FACE('',(#1526),#226,.F.);
#1633=ADVANCED_FACE('',(#1527),#227,.F.);
#1634=ADVANCED_FACE('',(#1528),#228,.F.);
#1635=ADVANCED_FACE('',(#1529),#229,.F.);
#1636=ADVANCED_FACE('',(#1530),#230,.F.);
#1637=ADVANCED_FACE('',(#1531),#231,.F.);
#1638=ADVANCED_FACE('',(#1532),#232,.F.);
#1639=ADVANCED_FACE('',(#1533),#233,.F.);
#1640=ADVANCED_FACE('',(#1534),#234,.F.);
#1641=ADVANCED_FACE('',(#1535,#1536),#31,.T.);
#1642=ADVANCED_FACE('',(#1537),#235,.F.);
#1643=ADVANCED_FACE('',(#1538,#1539),#32,.T.);
#1644=ADVANCED_FACE('',(#1540),#236,.F.);
#1645=ADVANCED_FACE('',(#1541,#1542),#33,.T.);
#1646=ADVANCED_FACE('',(#1543),#237,.F.);
#1647=ADVANCED_FACE('',(#1544,#1545),#34,.T.);
#1648=ADVANCED_FACE('',(#1546),#238,.F.);
#1649=ADVANCED_FACE('',(#1547,#1548),#35,.T.);
#1650=ADVANCED_FACE('',(#1549),#239,.F.);
#1651=ADVANCED_FACE('',(#1550,#1551),#36,.T.);
#1652=ADVANCED_FACE('',(#1552),#240,.F.);
#1653=ADVANCED_FACE('',(#1553,#1554),#37,.T.);
#1654=ADVANCED_FACE('',(#1555),#241,.F.);
#1655=ADVANCED_FACE('',(#1556,#1557),#38,.T.);
#1656=ADVANCED_FACE('',(#1558),#242,.F.);
#1657=ADVANCED_FACE('',(#1559,#1560),#39,.T.);
#1658=ADVANCED_FACE('',(#1561),#243,.F.);
#1659=ADVANCED_FACE('',(#1562,#1563),#255,.F.);
#1660=ADVANCED_FACE('',(#1564,#1565),#40,.T.);
#1661=ADVANCED_FACE('',(#1566),#244,.F.);
#1662=ADVANCED_FACE('',(#1567,#1568),#256,.T.);
#1663=ADVANCED_FACE('',(#1569,#1570),#1579,.T.);
#1664=ADVANCED_FACE('',(#1571,#1572),#1580,.T.);
#1665=CLOSED_SHELL('',(#1581,#1582,#1583,#1584,#1585,#1586,#1587,#1588,
#1589,#1590,#1591,#1592,#1593,#1594,#1595,#1596));
#1666=CLOSED_SHELL('',(#1597,#1598,#1599,#1600,#1601,#1602,#1603,#1604,
#1605,#1606,#1607,#1608,#1609,#1610,#1611,#1612,#1613,#1614,#1615,#1616,
#1617,#1618,#1619,#1620,#1621,#1622,#1623,#1624,#1625,#1626,#1627,#1628,
#1629,#1630,#1631,#1632,#1633,#1634,#1635,#1636,#1637,#1638,#1639,#1640,
#1641,#1642,#1643,#1644,#1645,#1646,#1647,#1648,#1649,#1650,#1651,#1652,
#1653,#1654,#1655,#1656,#1657,#1658,#1659,#1660,#1661,#1662,#1663,#1664));
#1667=STYLED_ITEM('',(#1668),#1675);
#1668=PRESENTATION_STYLE_ASSIGNMENT((#1669));
#1669=SURFACE_STYLE_USAGE(.BOTH.,#1670);
#1670=SURFACE_SIDE_STYLE('',(#1671));
#1671=SURFACE_STYLE_FILL_AREA(#1672);
#1672=FILL_AREA_STYLE('',(#1673));
#1673=FILL_AREA_STYLE_COLOUR('',#1674);
#1674=COLOUR_RGB('',0.506983280181885,0.531564235687256,0.550000011920929);
#1675=BREP_WITH_VOIDS('',#1665,(#20));
#1676=SHAPE_DEFINITION_REPRESENTATION(#3244,#1677);
#1677=SHAPE_REPRESENTATION(
'\X2\4E2497625E2696325C1876D6768453CC521789D263A589E674038F74627F\X0\ 
00000 A-2Z\X2\578B\X0\(a=30\X\B0) GBT296-2015',(#1678),#3239);
#1678=AXIS2_PLACEMENT_3D('',#2233,#1863,#1864);
#1679=AXIS2_PLACEMENT_3D('',#2234,#1865,#1866);
#1680=AXIS2_PLACEMENT_3D('',#2235,#1867,#1868);
#1681=AXIS2_PLACEMENT_3D('',#2237,#1869,#1870);
#1682=AXIS2_PLACEMENT_3D('',#2239,#1871,#1872);
#1683=AXIS2_PLACEMENT_3D('',#2240,#1873,#1874);
#1684=AXIS2_PLACEMENT_3D('',#2242,#1875,#1876);
#1685=AXIS2_PLACEMENT_3D('',#2243,#1877,#1878);
#1686=AXIS2_PLACEMENT_3D('',#2245,#1879,#1880);
#1687=AXIS2_PLACEMENT_3D('',#2247,#1881,#1882);
#1688=AXIS2_PLACEMENT_3D('',#2248,#1883,#1884);
#1689=AXIS2_PLACEMENT_3D('',#2250,#1885,#1886);
#1690=AXIS2_PLACEMENT_3D('',#2252,#1887,#1888);
#1691=AXIS2_PLACEMENT_3D('',#2253,#1889,#1890);
#1692=AXIS2_PLACEMENT_3D('',#2255,#1891,#1892);
#1693=AXIS2_PLACEMENT_3D('',#2256,#1893,#1894);
#1694=AXIS2_PLACEMENT_3D('',#2257,#1895,#1896);
#1695=AXIS2_PLACEMENT_3D('',#2258,#1897,#1898);
#1696=AXIS2_PLACEMENT_3D('',#2260,#1899,#1900);
#1697=AXIS2_PLACEMENT_3D('',#2261,#1901,#1902);
#1698=AXIS2_PLACEMENT_3D('',#2263,#1903,#1904);
#1699=AXIS2_PLACEMENT_3D('',#2264,#1905,#1906);
#1700=AXIS2_PLACEMENT_3D('',#2266,#1907,#1908);
#1701=AXIS2_PLACEMENT_3D('',#2268,#1909,#1910);
#1702=AXIS2_PLACEMENT_3D('',#2269,#1911,#1912);
#1703=AXIS2_PLACEMENT_3D('',#2271,#1913,#1914);
#1704=AXIS2_PLACEMENT_3D('',#2272,#1915,#1916);
#1705=AXIS2_PLACEMENT_3D('',#2273,#1917,#1918);
#1706=AXIS2_PLACEMENT_3D('',#2275,#1919,#1920);
#1707=AXIS2_PLACEMENT_3D('',#2276,#1921,#1922);
#1708=AXIS2_PLACEMENT_3D('',#2278,#1923,#1924);
#1709=AXIS2_PLACEMENT_3D('',#2279,#1925,#1926);
#1710=AXIS2_PLACEMENT_3D('',#2281,#1927,#1928);
#1711=AXIS2_PLACEMENT_3D('',#2282,#1929,#1930);
#1712=AXIS2_PLACEMENT_3D('',#2283,#1931,#1932);
#1713=AXIS2_PLACEMENT_3D('',#2291,#1933,#1934);
#1714=AXIS2_PLACEMENT_3D('',#2298,#1935,#1936);
#1715=AXIS2_PLACEMENT_3D('',#2305,#1937,#1938);
#1716=AXIS2_PLACEMENT_3D('',#2312,#1939,#1940);
#1717=AXIS2_PLACEMENT_3D('',#2319,#1941,#1942);
#1718=AXIS2_PLACEMENT_3D('',#2326,#1943,#1944);
#1719=AXIS2_PLACEMENT_3D('',#2333,#1945,#1946);
#1720=AXIS2_PLACEMENT_3D('',#2340,#1947,#1948);
#1721=AXIS2_PLACEMENT_3D('',#2347,#1949,#1950);
#1722=AXIS2_PLACEMENT_3D('',#2353,#1951,#1952);
#1723=AXIS2_PLACEMENT_3D('',#2361,#1953,#1954);
#1724=AXIS2_PLACEMENT_3D('',#2368,#1955,#1956);
#1725=AXIS2_PLACEMENT_3D('',#2375,#1957,#1958);
#1726=AXIS2_PLACEMENT_3D('',#2382,#1959,#1960);
#1727=AXIS2_PLACEMENT_3D('',#2389,#1961,#1962);
#1728=AXIS2_PLACEMENT_3D('',#2396,#1963,#1964);
#1729=AXIS2_PLACEMENT_3D('',#2403,#1965,#1966);
#1730=AXIS2_PLACEMENT_3D('',#2410,#1967,#1968);
#1731=AXIS2_PLACEMENT_3D('',#2417,#1969,#1970);
#1732=AXIS2_PLACEMENT_3D('',#2423,#1971,#1972);
#1733=AXIS2_PLACEMENT_3D('',#2424,#1973,#1974);
#1734=AXIS2_PLACEMENT_3D('',#2432,#1975,#1976);
#1735=AXIS2_PLACEMENT_3D('',#2438,#1977,#1978);
#1736=AXIS2_PLACEMENT_3D('',#2439,#1979,#1980);
#1737=AXIS2_PLACEMENT_3D('',#2447,#1981,#1982);
#1738=AXIS2_PLACEMENT_3D('',#2453,#1983,#1984);
#1739=AXIS2_PLACEMENT_3D('',#2454,#1985,#1986);
#1740=AXIS2_PLACEMENT_3D('',#2462,#1987,#1988);
#1741=AXIS2_PLACEMENT_3D('',#2468,#1989,#1990);
#1742=AXIS2_PLACEMENT_3D('',#2469,#1991,#1992);
#1743=AXIS2_PLACEMENT_3D('',#2477,#1993,#1994);
#1744=AXIS2_PLACEMENT_3D('',#2483,#1995,#1996);
#1745=AXIS2_PLACEMENT_3D('',#2484,#1997,#1998);
#1746=AXIS2_PLACEMENT_3D('',#2492,#1999,#2000);
#1747=AXIS2_PLACEMENT_3D('',#2498,#2001,#2002);
#1748=AXIS2_PLACEMENT_3D('',#2499,#2003,#2004);
#1749=AXIS2_PLACEMENT_3D('',#2507,#2005,#2006);
#1750=AXIS2_PLACEMENT_3D('',#2513,#2007,#2008);
#1751=AXIS2_PLACEMENT_3D('',#2514,#2009,#2010);
#1752=AXIS2_PLACEMENT_3D('',#2522,#2011,#2012);
#1753=AXIS2_PLACEMENT_3D('',#2528,#2013,#2014);
#1754=AXIS2_PLACEMENT_3D('',#2529,#2015,#2016);
#1755=AXIS2_PLACEMENT_3D('',#2537,#2017,#2018);
#1756=AXIS2_PLACEMENT_3D('',#2543,#2019,#2020);
#1757=AXIS2_PLACEMENT_3D('',#2544,#2021,#2022);
#1758=AXIS2_PLACEMENT_3D('',#2552,#2023,#2024);
#1759=AXIS2_PLACEMENT_3D('',#2558,#2025,#2026);
#1760=AXIS2_PLACEMENT_3D('',#2559,#2027,#2028);
#1761=AXIS2_PLACEMENT_3D('',#2567,#2029,#2030);
#1762=AXIS2_PLACEMENT_3D('',#2573,#2031,#2032);
#1763=AXIS2_PLACEMENT_3D('',#2596,#2033,#2034);
#1764=AXIS2_PLACEMENT_3D('',#2597,#2035,#2036);
#1765=AXIS2_PLACEMENT_3D('',#2603,#2037,#2038);
#1766=AXIS2_PLACEMENT_3D('',#2621,#2039,#2040);
#1767=AXIS2_PLACEMENT_3D('',#2622,#2041,#2042);
#1768=AXIS2_PLACEMENT_3D('',#2628,#2043,#2044);
#1769=AXIS2_PLACEMENT_3D('',#2646,#2045,#2046);
#1770=AXIS2_PLACEMENT_3D('',#2647,#2047,#2048);
#1771=AXIS2_PLACEMENT_3D('',#2653,#2049,#2050);
#1772=AXIS2_PLACEMENT_3D('',#2671,#2051,#2052);
#1773=AXIS2_PLACEMENT_3D('',#2672,#2053,#2054);
#1774=AXIS2_PLACEMENT_3D('',#2678,#2055,#2056);
#1775=AXIS2_PLACEMENT_3D('',#2696,#2057,#2058);
#1776=AXIS2_PLACEMENT_3D('',#2697,#2059,#2060);
#1777=AXIS2_PLACEMENT_3D('',#2703,#2061,#2062);
#1778=AXIS2_PLACEMENT_3D('',#2721,#2063,#2064);
#1779=AXIS2_PLACEMENT_3D('',#2722,#2065,#2066);
#1780=AXIS2_PLACEMENT_3D('',#2728,#2067,#2068);
#1781=AXIS2_PLACEMENT_3D('',#2746,#2069,#2070);
#1782=AXIS2_PLACEMENT_3D('',#2747,#2071,#2072);
#1783=AXIS2_PLACEMENT_3D('',#2753,#2073,#2074);
#1784=AXIS2_PLACEMENT_3D('',#2771,#2075,#2076);
#1785=AXIS2_PLACEMENT_3D('',#2772,#2077,#2078);
#1786=AXIS2_PLACEMENT_3D('',#2778,#2079,#2080);
#1787=AXIS2_PLACEMENT_3D('',#2796,#2081,#2082);
#1788=AXIS2_PLACEMENT_3D('',#2797,#2083,#2084);
#1789=AXIS2_PLACEMENT_3D('',#2803,#2085,#2086);
#1790=AXIS2_PLACEMENT_3D('',#2804,#2087,#2088);
#1791=AXIS2_PLACEMENT_3D('',#2810,#2089,#2090);
#1792=AXIS2_PLACEMENT_3D('',#2824,#2091,#2092);
#1793=AXIS2_PLACEMENT_3D('',#2825,#2093,#2094);
#1794=AXIS2_PLACEMENT_3D('',#2826,#2095,#2096);
#1795=AXIS2_PLACEMENT_3D('',#2827,#2097,#2098);
#1796=AXIS2_PLACEMENT_3D('',#2829,#2099,#2100);
#1797=AXIS2_PLACEMENT_3D('',#2830,#2101,#2102);
#1798=AXIS2_PLACEMENT_3D('',#2838,#2103,#2104);
#1799=AXIS2_PLACEMENT_3D('',#2845,#2105,#2106);
#1800=AXIS2_PLACEMENT_3D('',#2852,#2107,#2108);
#1801=AXIS2_PLACEMENT_3D('',#2859,#2109,#2110);
#1802=AXIS2_PLACEMENT_3D('',#2866,#2111,#2112);
#1803=AXIS2_PLACEMENT_3D('',#2873,#2113,#2114);
#1804=AXIS2_PLACEMENT_3D('',#2880,#2115,#2116);
#1805=AXIS2_PLACEMENT_3D('',#2887,#2117,#2118);
#1806=AXIS2_PLACEMENT_3D('',#2894,#2119,#2120);
#1807=AXIS2_PLACEMENT_3D('',#2900,#2121,#2122);
#1808=AXIS2_PLACEMENT_3D('',#2901,#2123,#2124);
#1809=AXIS2_PLACEMENT_3D('',#2912,#2125,#2126);
#1810=AXIS2_PLACEMENT_3D('',#2913,#2127,#2128);
#1811=AXIS2_PLACEMENT_3D('',#2924,#2129,#2130);
#1812=AXIS2_PLACEMENT_3D('',#2925,#2131,#2132);
#1813=AXIS2_PLACEMENT_3D('',#2936,#2133,#2134);
#1814=AXIS2_PLACEMENT_3D('',#2937,#2135,#2136);
#1815=AXIS2_PLACEMENT_3D('',#2948,#2137,#2138);
#1816=AXIS2_PLACEMENT_3D('',#2949,#2139,#2140);
#1817=AXIS2_PLACEMENT_3D('',#2960,#2141,#2142);
#1818=AXIS2_PLACEMENT_3D('',#2961,#2143,#2144);
#1819=AXIS2_PLACEMENT_3D('',#2972,#2145,#2146);
#1820=AXIS2_PLACEMENT_3D('',#2973,#2147,#2148);
#1821=AXIS2_PLACEMENT_3D('',#2984,#2149,#2150);
#1822=AXIS2_PLACEMENT_3D('',#2985,#2151,#2152);
#1823=AXIS2_PLACEMENT_3D('',#2996,#2153,#2154);
#1824=AXIS2_PLACEMENT_3D('',#2997,#2155,#2156);
#1825=AXIS2_PLACEMENT_3D('',#3008,#2157,#2158);
#1826=AXIS2_PLACEMENT_3D('',#3009,#2159,#2160);
#1827=AXIS2_PLACEMENT_3D('',#3020,#2161,#2162);
#1828=AXIS2_PLACEMENT_3D('',#3039,#2163,#2164);
#1829=AXIS2_PLACEMENT_3D('',#3040,#2165,#2166);
#1830=AXIS2_PLACEMENT_3D('',#3046,#2167,#2168);
#1831=AXIS2_PLACEMENT_3D('',#3060,#2169,#2170);
#1832=AXIS2_PLACEMENT_3D('',#3061,#2171,#2172);
#1833=AXIS2_PLACEMENT_3D('',#3067,#2173,#2174);
#1834=AXIS2_PLACEMENT_3D('',#3081,#2175,#2176);
#1835=AXIS2_PLACEMENT_3D('',#3082,#2177,#2178);
#1836=AXIS2_PLACEMENT_3D('',#3088,#2179,#2180);
#1837=AXIS2_PLACEMENT_3D('',#3102,#2181,#2182);
#1838=AXIS2_PLACEMENT_3D('',#3103,#2183,#2184);
#1839=AXIS2_PLACEMENT_3D('',#3109,#2185,#2186);
#1840=AXIS2_PLACEMENT_3D('',#3123,#2187,#2188);
#1841=AXIS2_PLACEMENT_3D('',#3124,#2189,#2190);
#1842=AXIS2_PLACEMENT_3D('',#3130,#2191,#2192);
#1843=AXIS2_PLACEMENT_3D('',#3144,#2193,#2194);
#1844=AXIS2_PLACEMENT_3D('',#3145,#2195,#2196);
#1845=AXIS2_PLACEMENT_3D('',#3151,#2197,#2198);
#1846=AXIS2_PLACEMENT_3D('',#3165,#2199,#2200);
#1847=AXIS2_PLACEMENT_3D('',#3166,#2201,#2202);
#1848=AXIS2_PLACEMENT_3D('',#3172,#2203,#2204);
#1849=AXIS2_PLACEMENT_3D('',#3186,#2205,#2206);
#1850=AXIS2_PLACEMENT_3D('',#3187,#2207,#2208);
#1851=AXIS2_PLACEMENT_3D('',#3193,#2209,#2210);
#1852=AXIS2_PLACEMENT_3D('',#3207,#2211,#2212);
#1853=AXIS2_PLACEMENT_3D('',#3208,#2213,#2214);
#1854=AXIS2_PLACEMENT_3D('',#3214,#2215,#2216);
#1855=AXIS2_PLACEMENT_3D('',#3215,#2217,#2218);
#1856=AXIS2_PLACEMENT_3D('',#3221,#2219,#2220);
#1857=AXIS2_PLACEMENT_3D('',#3231,#2221,#2222);
#1858=AXIS2_PLACEMENT_3D('',#3232,#2223,#2224);
#1859=AXIS2_PLACEMENT_3D('',#3233,#2225,#2226);
#1860=AXIS2_PLACEMENT_3D('',#3234,#2227,#2228);
#1861=AXIS2_PLACEMENT_3D('',#3236,#2229,#2230);
#1862=AXIS2_PLACEMENT_3D('',#3237,#2231,#2232);
#1863=DIRECTION('',(0.,0.,1.));
#1864=DIRECTION('',(1.,0.,0.));
#1865=DIRECTION('',(-1.,0.,0.));
#1866=DIRECTION('',(0.,0.,1.));
#1867=DIRECTION('',(-1.,0.,0.));
#1868=DIRECTION('',(0.,0.,1.));
#1869=DIRECTION('',(-1.,0.,0.));
#1870=DIRECTION('',(0.,0.,1.));
#1871=DIRECTION('',(-1.,0.,0.));
#1872=DIRECTION('',(0.,0.,1.));
#1873=DIRECTION('',(-1.,0.,0.));
#1874=DIRECTION('',(0.,0.,1.));
#1875=DIRECTION('',(-1.,0.,0.));
#1876=DIRECTION('',(0.,0.,1.));
#1877=DIRECTION('',(-1.,0.,0.));
#1878=DIRECTION('',(0.,0.,1.));
#1879=DIRECTION('',(1.,0.,0.));
#1880=DIRECTION('',(0.,0.,-1.));
#1881=DIRECTION('',(1.,0.,0.));
#1882=DIRECTION('',(0.,0.,-1.));
#1883=DIRECTION('',(1.,0.,0.));
#1884=DIRECTION('',(0.,0.,-1.));
#1885=DIRECTION('',(-1.,0.,0.));
#1886=DIRECTION('',(0.,0.,1.));
#1887=DIRECTION('',(-1.,0.,0.));
#1888=DIRECTION('',(0.,0.,1.));
#1889=DIRECTION('',(1.,0.,0.));
#1890=DIRECTION('',(0.,0.,-1.));
#1891=DIRECTION('',(1.,0.,0.));
#1892=DIRECTION('',(0.,0.,-1.));
#1893=DIRECTION('',(-1.,0.,0.));
#1894=DIRECTION('',(0.,0.,1.));
#1895=DIRECTION('',(1.,0.,0.));
#1896=DIRECTION('',(0.,0.,-1.));
#1897=DIRECTION('',(-1.,0.,0.));
#1898=DIRECTION('',(0.,0.,1.));
#1899=DIRECTION('',(-1.,0.,0.));
#1900=DIRECTION('',(0.,0.,1.));
#1901=DIRECTION('',(-1.,0.,0.));
#1902=DIRECTION('',(0.,0.,1.));
#1903=DIRECTION('',(1.,0.,0.));
#1904=DIRECTION('',(0.,0.,-1.));
#1905=DIRECTION('',(1.,0.,0.));
#1906=DIRECTION('',(0.,0.,-1.));
#1907=DIRECTION('',(1.,0.,0.));
#1908=DIRECTION('',(0.,0.,-1.));
#1909=DIRECTION('',(1.,0.,0.));
#1910=DIRECTION('',(0.,0.,-1.));
#1911=DIRECTION('',(-1.,0.,0.));
#1912=DIRECTION('',(0.,0.,1.));
#1913=DIRECTION('',(-1.,0.,0.));
#1914=DIRECTION('',(0.,0.,1.));
#1915=DIRECTION('',(-1.,0.,0.));
#1916=DIRECTION('',(0.,0.,1.));
#1917=DIRECTION('',(-1.,0.,0.));
#1918=DIRECTION('',(0.,0.,1.));
#1919=DIRECTION('',(-1.,0.,0.));
#1920=DIRECTION('',(0.,0.,1.));
#1921=DIRECTION('',(-1.,0.,0.));
#1922=DIRECTION('',(0.,0.,1.));
#1923=DIRECTION('',(-1.,0.,0.));
#1924=DIRECTION('',(0.,0.,1.));
#1925=DIRECTION('',(-1.,0.,0.));
#1926=DIRECTION('',(0.,0.,1.));
#1927=DIRECTION('',(-1.,0.,0.));
#1928=DIRECTION('',(0.,0.,1.));
#1929=DIRECTION('',(-1.,0.,0.));
#1930=DIRECTION('',(0.,0.,1.));
#1931=DIRECTION('',(-1.,0.,0.));
#1932=DIRECTION('',(0.,0.,1.));
#1933=DIRECTION('',(-1.,0.,0.));
#1934=DIRECTION('',(0.,0.,1.));
#1935=DIRECTION('',(-1.,0.,0.));
#1936=DIRECTION('',(0.,0.,1.));
#1937=DIRECTION('',(-1.,0.,0.));
#1938=DIRECTION('',(0.,0.,1.));
#1939=DIRECTION('',(-1.,0.,0.));
#1940=DIRECTION('',(0.,0.,1.));
#1941=DIRECTION('',(-1.,0.,0.));
#1942=DIRECTION('',(0.,0.,1.));
#1943=DIRECTION('',(-1.,0.,0.));
#1944=DIRECTION('',(0.,0.,1.));
#1945=DIRECTION('',(-1.,0.,0.));
#1946=DIRECTION('',(0.,0.,1.));
#1947=DIRECTION('',(-1.,0.,0.));
#1948=DIRECTION('',(0.,0.,1.));
#1949=DIRECTION('',(-1.,0.,0.));
#1950=DIRECTION('',(0.,0.,1.));
#1951=DIRECTION('',(-1.,0.,0.));
#1952=DIRECTION('',(0.,0.,1.));
#1953=DIRECTION('',(-1.,0.,0.));
#1954=DIRECTION('',(0.,0.,1.));
#1955=DIRECTION('',(-1.,0.,0.));
#1956=DIRECTION('',(0.,0.,1.));
#1957=DIRECTION('',(-1.,0.,0.));
#1958=DIRECTION('',(0.,0.,1.));
#1959=DIRECTION('',(-1.,0.,0.));
#1960=DIRECTION('',(0.,0.,1.));
#1961=DIRECTION('',(-1.,0.,0.));
#1962=DIRECTION('',(0.,0.,1.));
#1963=DIRECTION('',(-1.,0.,0.));
#1964=DIRECTION('',(0.,0.,1.));
#1965=DIRECTION('',(-1.,0.,0.));
#1966=DIRECTION('',(0.,0.,1.));
#1967=DIRECTION('',(-1.,0.,0.));
#1968=DIRECTION('',(0.,0.,1.));
#1969=DIRECTION('',(-1.,0.,0.));
#1970=DIRECTION('',(0.,0.,1.));
#1971=DIRECTION('',(-1.,0.,0.));
#1972=DIRECTION('',(0.,0.,1.));
#1973=DIRECTION('',(-1.,0.,0.));
#1974=DIRECTION('',(0.,0.,1.));
#1975=DIRECTION('',(-1.,0.,0.));
#1976=DIRECTION('',(0.,0.,1.));
#1977=DIRECTION('',(-1.,0.,0.));
#1978=DIRECTION('',(0.,0.,1.));
#1979=DIRECTION('',(-1.,0.,0.));
#1980=DIRECTION('',(0.,0.,1.));
#1981=DIRECTION('',(-1.,0.,0.));
#1982=DIRECTION('',(0.,0.,1.));
#1983=DIRECTION('',(-1.,0.,0.));
#1984=DIRECTION('',(0.,0.,1.));
#1985=DIRECTION('',(-1.,0.,0.));
#1986=DIRECTION('',(0.,0.,1.));
#1987=DIRECTION('',(-1.,0.,0.));
#1988=DIRECTION('',(0.,0.,1.));
#1989=DIRECTION('',(-1.,0.,0.));
#1990=DIRECTION('',(0.,0.,1.));
#1991=DIRECTION('',(-1.,0.,0.));
#1992=DIRECTION('',(0.,0.,1.));
#1993=DIRECTION('',(-1.,0.,0.));
#1994=DIRECTION('',(0.,0.,1.));
#1995=DIRECTION('',(-1.,0.,0.));
#1996=DIRECTION('',(0.,0.,1.));
#1997=DIRECTION('',(-1.,0.,0.));
#1998=DIRECTION('',(0.,0.,1.));
#1999=DIRECTION('',(-1.,0.,0.));
#2000=DIRECTION('',(0.,0.,1.));
#2001=DIRECTION('',(-1.,0.,0.));
#2002=DIRECTION('',(0.,0.,1.));
#2003=DIRECTION('',(-1.,0.,0.));
#2004=DIRECTION('',(0.,0.,1.));
#2005=DIRECTION('',(-1.,0.,0.));
#2006=DIRECTION('',(0.,0.,1.));
#2007=DIRECTION('',(-1.,0.,0.));
#2008=DIRECTION('',(0.,0.,1.));
#2009=DIRECTION('',(-1.,0.,0.));
#2010=DIRECTION('',(0.,0.,1.));
#2011=DIRECTION('',(-1.,0.,0.));
#2012=DIRECTION('',(0.,0.,1.));
#2013=DIRECTION('',(-1.,0.,0.));
#2014=DIRECTION('',(0.,0.,1.));
#2015=DIRECTION('',(-1.,0.,0.));
#2016=DIRECTION('',(0.,0.,1.));
#2017=DIRECTION('',(-1.,0.,0.));
#2018=DIRECTION('',(0.,0.,1.));
#2019=DIRECTION('',(-1.,0.,0.));
#2020=DIRECTION('',(0.,0.,1.));
#2021=DIRECTION('',(-1.,0.,0.));
#2022=DIRECTION('',(0.,0.,1.));
#2023=DIRECTION('',(-1.,0.,0.));
#2024=DIRECTION('',(0.,0.,1.));
#2025=DIRECTION('',(-1.,0.,0.));
#2026=DIRECTION('',(0.,0.,1.));
#2027=DIRECTION('',(-1.,0.,0.));
#2028=DIRECTION('',(0.,0.,1.));
#2029=DIRECTION('',(-1.,0.,0.));
#2030=DIRECTION('',(0.,0.,1.));
#2031=DIRECTION('',(0.,0.587785252292473,-0.809016994374947));
#2032=DIRECTION('',(-1.,0.,0.));
#2033=DIRECTION('',(-1.,0.,0.));
#2034=DIRECTION('',(0.,0.,1.));
#2035=DIRECTION('',(-1.,0.,0.));
#2036=DIRECTION('',(0.,0.,1.));
#2037=DIRECTION('',(0.,0.,-1.));
#2038=DIRECTION('',(-1.,0.,0.));
#2039=DIRECTION('',(-1.,0.,0.));
#2040=DIRECTION('',(0.,0.,1.));
#2041=DIRECTION('',(-1.,0.,0.));
#2042=DIRECTION('',(0.,0.,1.));
#2043=DIRECTION('',(0.,-0.587785252292473,-0.809016994374947));
#2044=DIRECTION('',(-1.,0.,0.));
#2045=DIRECTION('',(-1.,0.,0.));
#2046=DIRECTION('',(0.,0.,1.));
#2047=DIRECTION('',(-1.,0.,0.));
#2048=DIRECTION('',(0.,0.,1.));
#2049=DIRECTION('',(0.,-0.951056516295154,-0.309016994374947));
#2050=DIRECTION('',(-1.,0.,0.));
#2051=DIRECTION('',(-1.,0.,0.));
#2052=DIRECTION('',(0.,0.,1.));
#2053=DIRECTION('',(-1.,0.,0.));
#2054=DIRECTION('',(0.,0.,1.));
#2055=DIRECTION('',(0.,-0.951056516295154,0.309016994374948));
#2056=DIRECTION('',(-1.,0.,0.));
#2057=DIRECTION('',(-1.,0.,0.));
#2058=DIRECTION('',(0.,0.,1.));
#2059=DIRECTION('',(-1.,0.,0.));
#2060=DIRECTION('',(0.,0.,1.));
#2061=DIRECTION('',(0.,-0.587785252292473,0.809016994374947));
#2062=DIRECTION('',(-1.,0.,0.));
#2063=DIRECTION('',(-1.,0.,0.));
#2064=DIRECTION('',(0.,0.,1.));
#2065=DIRECTION('',(-1.,0.,0.));
#2066=DIRECTION('',(0.,0.,1.));
#2067=DIRECTION('',(0.,1.22464679914735E-16,1.));
#2068=DIRECTION('',(-1.,0.,0.));
#2069=DIRECTION('',(-1.,0.,0.));
#2070=DIRECTION('',(0.,0.,1.));
#2071=DIRECTION('',(-1.,0.,0.));
#2072=DIRECTION('',(0.,0.,1.));
#2073=DIRECTION('',(0.,0.587785252292473,0.809016994374947));
#2074=DIRECTION('',(-1.,0.,0.));
#2075=DIRECTION('',(-1.,0.,0.));
#2076=DIRECTION('',(0.,0.,1.));
#2077=DIRECTION('',(-1.,0.,0.));
#2078=DIRECTION('',(0.,0.,1.));
#2079=DIRECTION('',(0.,0.951056516295154,0.309016994374948));
#2080=DIRECTION('',(-1.,0.,0.));
#2081=DIRECTION('',(-1.,0.,0.));
#2082=DIRECTION('',(0.,0.,1.));
#2083=DIRECTION('',(-1.,0.,0.));
#2084=DIRECTION('',(0.,0.,1.));
#2085=DIRECTION('',(-1.,0.,0.));
#2086=DIRECTION('',(0.,0.,1.));
#2087=DIRECTION('',(-1.,0.,0.));
#2088=DIRECTION('',(0.,0.,1.));
#2089=DIRECTION('',(0.,0.951056516295154,-0.309016994374947));
#2090=DIRECTION('',(-1.,0.,0.));
#2091=DIRECTION('',(-1.,0.,0.));
#2092=DIRECTION('',(0.,0.,1.));
#2093=DIRECTION('',(-1.,0.,0.));
#2094=DIRECTION('',(0.,0.,1.));
#2095=DIRECTION('',(-1.,0.,0.));
#2096=DIRECTION('',(0.,0.,1.));
#2097=DIRECTION('',(1.,0.,0.));
#2098=DIRECTION('',(0.,0.,-1.));
#2099=DIRECTION('',(-1.,0.,0.));
#2100=DIRECTION('',(0.,0.,1.));
#2101=DIRECTION('',(-1.,0.,0.));
#2102=DIRECTION('',(0.,0.,1.));
#2103=DIRECTION('',(-1.,0.,0.));
#2104=DIRECTION('',(0.,0.,1.));
#2105=DIRECTION('',(-1.,0.,0.));
#2106=DIRECTION('',(0.,0.,1.));
#2107=DIRECTION('',(-1.,0.,0.));
#2108=DIRECTION('',(0.,0.,1.));
#2109=DIRECTION('',(-1.,0.,0.));
#2110=DIRECTION('',(0.,0.,1.));
#2111=DIRECTION('',(-1.,0.,0.));
#2112=DIRECTION('',(0.,0.,1.));
#2113=DIRECTION('',(-1.,0.,0.));
#2114=DIRECTION('',(0.,0.,1.));
#2115=DIRECTION('',(-1.,0.,0.));
#2116=DIRECTION('',(0.,0.,1.));
#2117=DIRECTION('',(-1.,0.,0.));
#2118=DIRECTION('',(0.,0.,1.));
#2119=DIRECTION('',(-1.,0.,0.));
#2120=DIRECTION('',(0.,0.,1.));
#2121=DIRECTION('',(-1.,0.,0.));
#2122=DIRECTION('',(0.,0.,1.));
#2123=DIRECTION('',(-1.,0.,0.));
#2124=DIRECTION('',(0.,0.,1.));
#2125=DIRECTION('',(-1.,0.,0.));
#2126=DIRECTION('',(0.,0.,1.));
#2127=DIRECTION('',(-1.,0.,0.));
#2128=DIRECTION('',(0.,0.,1.));
#2129=DIRECTION('',(-1.,0.,0.));
#2130=DIRECTION('',(0.,0.,1.));
#2131=DIRECTION('',(-1.,0.,0.));
#2132=DIRECTION('',(0.,0.,1.));
#2133=DIRECTION('',(-1.,0.,0.));
#2134=DIRECTION('',(0.,0.,1.));
#2135=DIRECTION('',(-1.,0.,0.));
#2136=DIRECTION('',(0.,0.,1.));
#2137=DIRECTION('',(-1.,0.,0.));
#2138=DIRECTION('',(0.,0.,1.));
#2139=DIRECTION('',(-1.,0.,0.));
#2140=DIRECTION('',(0.,0.,1.));
#2141=DIRECTION('',(-1.,0.,0.));
#2142=DIRECTION('',(0.,0.,1.));
#2143=DIRECTION('',(-1.,0.,0.));
#2144=DIRECTION('',(0.,0.,1.));
#2145=DIRECTION('',(-1.,0.,0.));
#2146=DIRECTION('',(0.,0.,1.));
#2147=DIRECTION('',(-1.,0.,0.));
#2148=DIRECTION('',(0.,0.,1.));
#2149=DIRECTION('',(-1.,0.,0.));
#2150=DIRECTION('',(0.,0.,1.));
#2151=DIRECTION('',(-1.,0.,0.));
#2152=DIRECTION('',(0.,0.,1.));
#2153=DIRECTION('',(-1.,0.,0.));
#2154=DIRECTION('',(0.,0.,1.));
#2155=DIRECTION('',(-1.,0.,0.));
#2156=DIRECTION('',(0.,0.,1.));
#2157=DIRECTION('',(-1.,0.,0.));
#2158=DIRECTION('',(0.,0.,1.));
#2159=DIRECTION('',(-1.,0.,0.));
#2160=DIRECTION('',(0.,0.,1.));
#2161=DIRECTION('',(0.,0.587785252292473,-0.809016994374947));
#2162=DIRECTION('',(1.,0.,0.));
#2163=DIRECTION('',(-1.,0.,0.));
#2164=DIRECTION('',(0.,0.,1.));
#2165=DIRECTION('',(-1.,0.,0.));
#2166=DIRECTION('',(0.,0.,1.));
#2167=DIRECTION('',(0.,0.,-1.));
#2168=DIRECTION('',(1.,0.,0.));
#2169=DIRECTION('',(-1.,0.,0.));
#2170=DIRECTION('',(0.,0.,1.));
#2171=DIRECTION('',(-1.,0.,0.));
#2172=DIRECTION('',(0.,0.,1.));
#2173=DIRECTION('',(0.,-0.587785252292473,-0.809016994374947));
#2174=DIRECTION('',(1.,0.,0.));
#2175=DIRECTION('',(-1.,0.,0.));
#2176=DIRECTION('',(0.,0.,1.));
#2177=DIRECTION('',(-1.,0.,0.));
#2178=DIRECTION('',(0.,0.,1.));
#2179=DIRECTION('',(0.,-0.951056516295154,-0.309016994374947));
#2180=DIRECTION('',(1.,0.,0.));
#2181=DIRECTION('',(-1.,0.,0.));
#2182=DIRECTION('',(0.,0.,1.));
#2183=DIRECTION('',(-1.,0.,0.));
#2184=DIRECTION('',(0.,0.,1.));
#2185=DIRECTION('',(0.,-0.951056516295154,0.309016994374948));
#2186=DIRECTION('',(1.,0.,0.));
#2187=DIRECTION('',(-1.,0.,0.));
#2188=DIRECTION('',(0.,0.,1.));
#2189=DIRECTION('',(-1.,0.,0.));
#2190=DIRECTION('',(0.,0.,1.));
#2191=DIRECTION('',(0.,-0.587785252292473,0.809016994374947));
#2192=DIRECTION('',(1.,0.,0.));
#2193=DIRECTION('',(-1.,0.,0.));
#2194=DIRECTION('',(0.,0.,1.));
#2195=DIRECTION('',(-1.,0.,0.));
#2196=DIRECTION('',(0.,0.,1.));
#2197=DIRECTION('',(0.,1.22464679914735E-16,1.));
#2198=DIRECTION('',(1.,0.,0.));
#2199=DIRECTION('',(-1.,0.,0.));
#2200=DIRECTION('',(0.,0.,1.));
#2201=DIRECTION('',(-1.,0.,0.));
#2202=DIRECTION('',(0.,0.,1.));
#2203=DIRECTION('',(0.,0.587785252292473,0.809016994374947));
#2204=DIRECTION('',(1.,0.,0.));
#2205=DIRECTION('',(-1.,0.,0.));
#2206=DIRECTION('',(0.,0.,1.));
#2207=DIRECTION('',(-1.,0.,0.));
#2208=DIRECTION('',(0.,0.,1.));
#2209=DIRECTION('',(0.,0.951056516295154,0.309016994374948));
#2210=DIRECTION('',(1.,0.,0.));
#2211=DIRECTION('',(-1.,0.,0.));
#2212=DIRECTION('',(0.,0.,1.));
#2213=DIRECTION('',(-1.,0.,0.));
#2214=DIRECTION('',(0.,0.,1.));
#2215=DIRECTION('',(-1.,0.,0.));
#2216=DIRECTION('',(0.,0.,1.));
#2217=DIRECTION('',(-1.,0.,0.));
#2218=DIRECTION('',(0.,0.,1.));
#2219=DIRECTION('',(0.,0.951056516295154,-0.309016994374947));
#2220=DIRECTION('',(1.,0.,0.));
#2221=DIRECTION('',(-1.,0.,0.));
#2222=DIRECTION('',(0.,0.,1.));
#2223=DIRECTION('',(-1.,0.,0.));
#2224=DIRECTION('',(0.,0.,1.));
#2225=DIRECTION('',(-1.,0.,0.));
#2226=DIRECTION('',(0.,0.,1.));
#2227=DIRECTION('',(-1.,0.,0.));
#2228=DIRECTION('',(0.,0.,1.));
#2229=DIRECTION('',(-1.,0.,0.));
#2230=DIRECTION('',(0.,0.,1.));
#2231=DIRECTION('',(1.,0.,0.));
#2232=DIRECTION('',(0.,0.,-1.));
#2233=CARTESIAN_POINT('',(0.,0.,0.));
#2234=CARTESIAN_POINT('',(-7.95,0.,16.));
#2235=CARTESIAN_POINT('',(-7.95,0.,0.));
#2236=CARTESIAN_POINT('',(-7.95,0.,15.4));
#2237=CARTESIAN_POINT('',(-7.95,0.,0.));
#2238=CARTESIAN_POINT('',(-7.95,0.,12.5));
#2239=CARTESIAN_POINT('',(0.,0.,0.));
#2240=CARTESIAN_POINT('',(-7.632,0.,0.));
#2241=CARTESIAN_POINT('',(-7.632,0.,12.5));
#2242=CARTESIAN_POINT('',(0.,0.,0.));
#2243=CARTESIAN_POINT('',(-7.35,0.,0.));
#2244=CARTESIAN_POINT('',(-7.35,0.,16.));
#2245=CARTESIAN_POINT('',(7.35,0.,0.));
#2246=CARTESIAN_POINT('',(7.35,0.,-16.));
#2247=CARTESIAN_POINT('',(7.95,0.,16.));
#2248=CARTESIAN_POINT('',(7.95,0.,0.));
#2249=CARTESIAN_POINT('',(7.95,0.,-15.4));
#2250=CARTESIAN_POINT('',(7.95,0.,0.));
#2251=CARTESIAN_POINT('',(7.95,0.,12.5));
#2252=CARTESIAN_POINT('',(0.,0.,0.));
#2253=CARTESIAN_POINT('',(7.632,0.,0.));
#2254=CARTESIAN_POINT('',(7.632,0.,-12.5));
#2255=CARTESIAN_POINT('',(7.35,0.,0.));
#2256=CARTESIAN_POINT('',(-7.35,0.,0.));
#2257=CARTESIAN_POINT('',(7.632,0.,12.5));
#2258=CARTESIAN_POINT('',(7.632,0.,0.));
#2259=CARTESIAN_POINT('',(7.632,0.,9.49999999999999));
#2260=CARTESIAN_POINT('',(-7.632,0.,12.5));
#2261=CARTESIAN_POINT('',(-7.632,0.,0.));
#2262=CARTESIAN_POINT('',(-7.632,0.,9.49999999999999));
#2263=CARTESIAN_POINT('',(-7.35,0.,0.));
#2264=CARTESIAN_POINT('',(-7.95,0.,0.));
#2265=CARTESIAN_POINT('',(-7.95,0.,-6.59999999999999));
#2266=CARTESIAN_POINT('',(-7.35,0.,0.));
#2267=CARTESIAN_POINT('',(-7.35,0.,-5.99999999999999));
#2268=CARTESIAN_POINT('',(-7.95,0.,5.99999999999999));
#2269=CARTESIAN_POINT('',(-7.95,0.,0.));
#2270=CARTESIAN_POINT('',(-7.95,0.,9.49999999999999));
#2271=CARTESIAN_POINT('',(0.,0.,0.));
#2272=CARTESIAN_POINT('',(0.,0.,0.));
#2273=CARTESIAN_POINT('',(7.35,0.,0.));
#2274=CARTESIAN_POINT('',(7.35,0.,5.99999999999999));
#2275=CARTESIAN_POINT('',(7.35,0.,0.));
#2276=CARTESIAN_POINT('',(7.95,0.,0.));
#2277=CARTESIAN_POINT('',(7.95,0.,6.59999999999999));
#2278=CARTESIAN_POINT('',(7.95,0.,5.99999999999999));
#2279=CARTESIAN_POINT('',(7.95,0.,0.));
#2280=CARTESIAN_POINT('',(7.95,0.,9.49999999999999));
#2281=CARTESIAN_POINT('',(0.,0.,0.));
#2282=CARTESIAN_POINT('',(0.,0.,0.));
#2283=CARTESIAN_POINT('',(3.10897459621556,0.,0.));
#2284=CARTESIAN_POINT('',(3.10897459621556,-11.8253074044691,4.05118560298193));
#2285=CARTESIAN_POINT('',(3.10897459621556,-7.50712741812593,9.99465046552513));
#2286=CARTESIAN_POINT('',(3.10897459621556,-11.9481018056558,3.67326329599241));
#2287=CARTESIAN_POINT('',(3.08237548404458,-11.9093857646738,3.79919578759179));
#2288=CARTESIAN_POINT('',(3.0823727806232,-11.8680110704854,3.92653469151319));
#2289=CARTESIAN_POINT('',(3.10897459621556,-11.8253074044691,4.05118560298193));
#2290=CARTESIAN_POINT('',(3.10897459621556,-11.9481018056558,3.67326329599242));
#2291=CARTESIAN_POINT('',(3.10897459621556,0.,0.));
#2292=CARTESIAN_POINT('',(3.10897459621556,-11.9481018056558,-3.67326329599241));
#2293=CARTESIAN_POINT('',(3.10897459621556,-11.8253074044691,-4.05118560298193));
#2294=CARTESIAN_POINT('',(3.08237548404457,-11.8680067307063,-3.92654735921769));
#2295=CARTESIAN_POINT('',(3.0823727806232,-11.9093818297389,-3.79920858683817));
#2296=CARTESIAN_POINT('',(3.10897459621556,-11.9481018056558,-3.67326329599241));
#2297=CARTESIAN_POINT('',(3.10897459621556,-11.8253074044691,-4.05118560298193));
#2298=CARTESIAN_POINT('',(3.10897459621556,0.,0.));
#2299=CARTESIAN_POINT('',(3.10897459621556,-7.50712741812593,-9.99465046552513));
#2300=CARTESIAN_POINT('',(3.10897459621556,-7.18564750219103,-10.2282192963514));
#2301=CARTESIAN_POINT('',(3.08237548404458,-7.29345250432155,-10.1524828732422));
#2302=CARTESIAN_POINT('',(3.0823727806232,-7.40177351503261,-10.0737833153678));
#2303=CARTESIAN_POINT('',(3.10897459621556,-7.50712741812593,-9.99465046552513));
#2304=CARTESIAN_POINT('',(3.10897459621556,-7.18564750219103,-10.2282192963514));
#2305=CARTESIAN_POINT('',(3.10897459621556,0.,0.));
#2306=CARTESIAN_POINT('',(3.10897459621556,-0.198685514748232,-12.4984208629022));
#2307=CARTESIAN_POINT('',(3.10897459621556,0.198685514748225,-12.4984208629022));
#2308=CARTESIAN_POINT('',(3.08237548404458,0.0669526833810021,-12.5005149998893));
#2309=CARTESIAN_POINT('',(3.0823727806232,-0.066939294612602,-12.5005152127285));
#2310=CARTESIAN_POINT('',(3.10897459621556,-0.198685514748232,-12.4984208629022));
#2311=CARTESIAN_POINT('',(3.10897459621556,0.198685514748225,-12.4984208629022));
#2312=CARTESIAN_POINT('',(3.10897459621556,0.,0.));
#2313=CARTESIAN_POINT('',(3.10897459621556,7.18564750219103,-10.2282192963514));
#2314=CARTESIAN_POINT('',(3.10897459621556,7.50712741812593,-9.99465046552513));
#2315=CARTESIAN_POINT('',(3.08237548404458,7.40178422167002,-10.0737752734566));
#2316=CARTESIAN_POINT('',(3.0823727806232,7.29346346116648,-10.1524751757121));
#2317=CARTESIAN_POINT('',(3.10897459621556,7.18564750219103,-10.2282192963514));
#2318=CARTESIAN_POINT('',(3.10897459621556,7.50712741812593,-9.99465046552513));
#2319=CARTESIAN_POINT('',(3.10897459621556,0.,0.));
#2320=CARTESIAN_POINT('',(3.10897459621556,11.8253074044691,-4.05118560298194));
#2321=CARTESIAN_POINT('',(3.10897459621556,11.9481018056558,-3.67326329599242));
#2322=CARTESIAN_POINT('',(3.08237548404458,11.9093857646738,-3.79919578759179));
#2323=CARTESIAN_POINT('',(3.0823727806232,11.8680110704854,-3.9265346915132));
#2324=CARTESIAN_POINT('',(3.10897459621556,11.8253074044691,-4.05118560298194));
#2325=CARTESIAN_POINT('',(3.10897459621556,11.9481018056558,-3.67326329599242));
#2326=CARTESIAN_POINT('',(3.10897459621556,0.,0.));
#2327=CARTESIAN_POINT('',(3.10897459621556,11.9481018056558,3.67326329599241));
#2328=CARTESIAN_POINT('',(3.10897459621556,11.8253074044691,4.05118560298193));
#2329=CARTESIAN_POINT('',(3.08237548404458,11.8680067307063,3.92654735921769));
#2330=CARTESIAN_POINT('',(3.0823727806232,11.9093818297389,3.79920858683816));
#2331=CARTESIAN_POINT('',(3.10897459621556,11.9481018056558,3.67326329599241));
#2332=CARTESIAN_POINT('',(3.10897459621556,11.8253074044691,4.05118560298193));
#2333=CARTESIAN_POINT('',(3.10897459621556,0.,0.));
#2334=CARTESIAN_POINT('',(3.10897459621556,7.50712741812594,9.99465046552513));
#2335=CARTESIAN_POINT('',(3.10897459621556,7.18564750219103,10.2282192963514));
#2336=CARTESIAN_POINT('',(3.08237548404458,7.29345250432155,10.1524828732422));
#2337=CARTESIAN_POINT('',(3.0823727806232,7.40177351503261,10.0737833153678));
#2338=CARTESIAN_POINT('',(3.10897459621556,7.50712741812593,9.99465046552513));
#2339=CARTESIAN_POINT('',(3.10897459621556,7.18564750219103,10.2282192963514));
#2340=CARTESIAN_POINT('',(3.10897459621556,0.,0.));
#2341=CARTESIAN_POINT('',(3.10897459621556,0.198685514748231,12.4984208629022));
#2342=CARTESIAN_POINT('',(3.10897459621556,-0.198685514748226,12.4984208629022));
#2343=CARTESIAN_POINT('',(3.08237548404458,-0.0669526833810036,12.5005149998893));
#2344=CARTESIAN_POINT('',(3.0823727806232,0.0669392946126004,12.5005152127285));
#2345=CARTESIAN_POINT('',(3.10897459621556,0.198685514748231,12.4984208629022));
#2346=CARTESIAN_POINT('',(3.10897459621556,-0.198685514748226,12.4984208629022));
#2347=CARTESIAN_POINT('',(3.10897459621556,0.,0.));
#2348=CARTESIAN_POINT('',(3.10897459621556,-7.18564750219103,10.2282192963514));
#2349=CARTESIAN_POINT('',(3.10897459621556,-7.50712741812593,9.99465046552513));
#2350=CARTESIAN_POINT('',(3.08237548404458,-7.40178422167002,10.0737752734566));
#2351=CARTESIAN_POINT('',(3.0823727806232,-7.29346346116648,10.1524751757121));
#2352=CARTESIAN_POINT('',(3.10897459621556,-7.18564750219103,10.2282192963514));
#2353=CARTESIAN_POINT('',(-3.10897459621556,0.,0.));
#2354=CARTESIAN_POINT('',(-3.10897459621556,-11.8253074044691,4.05118560298193));
#2355=CARTESIAN_POINT('',(-3.10897459621556,-7.50712741812594,9.99465046552512));
#2356=CARTESIAN_POINT('',(-3.10897459621556,-7.50712741812594,9.99465046552512));
#2357=CARTESIAN_POINT('',(-3.08237548404458,-7.40178422167003,10.0737752734566));
#2358=CARTESIAN_POINT('',(-3.0823727806232,-7.29346346116649,10.1524751757121));
#2359=CARTESIAN_POINT('',(-3.10897459621556,-7.18564750219103,10.2282192963514));
#2360=CARTESIAN_POINT('',(-3.10897459621556,-7.18564750219103,10.2282192963514));
#2361=CARTESIAN_POINT('',(-3.10897459621556,0.,0.));
#2362=CARTESIAN_POINT('',(-3.10897459621556,-0.198685514748242,12.4984208629022));
#2363=CARTESIAN_POINT('',(-3.10897459621556,-0.198685514748242,12.4984208629022));
#2364=CARTESIAN_POINT('',(-3.08237548404458,-0.0669526833810148,12.5005149998893));
#2365=CARTESIAN_POINT('',(-3.0823727806232,0.0669392946125937,12.5005152127285));
#2366=CARTESIAN_POINT('',(-3.10897459621556,0.198685514748229,12.4984208629022));
#2367=CARTESIAN_POINT('',(-3.10897459621556,0.198685514748228,12.4984208629022));
#2368=CARTESIAN_POINT('',(-3.10897459621556,0.,0.));
#2369=CARTESIAN_POINT('',(-3.10897459621556,7.18564750219102,10.2282192963514));
#2370=CARTESIAN_POINT('',(-3.10897459621556,7.18564750219102,10.2282192963514));
#2371=CARTESIAN_POINT('',(-3.08237548404458,7.29345250432154,10.1524828732422));
#2372=CARTESIAN_POINT('',(-3.0823727806232,7.40177351503261,10.0737833153678));
#2373=CARTESIAN_POINT('',(-3.10897459621556,7.50712741812593,9.99465046552513));
#2374=CARTESIAN_POINT('',(-3.10897459621556,7.50712741812593,9.99465046552513));
#2375=CARTESIAN_POINT('',(-3.10897459621556,0.,0.));
#2376=CARTESIAN_POINT('',(-3.10897459621556,11.8253074044691,4.05118560298194));
#2377=CARTESIAN_POINT('',(-3.10897459621556,11.8253074044691,4.05118560298194));
#2378=CARTESIAN_POINT('',(-3.08237548404458,11.8680067307063,3.9265473592177));
#2379=CARTESIAN_POINT('',(-3.0823727806232,11.9093818297389,3.79920858683817));
#2380=CARTESIAN_POINT('',(-3.10897459621556,11.9481018056558,3.67326329599241));
#2381=CARTESIAN_POINT('',(-3.10897459621556,11.9481018056558,3.67326329599241));
#2382=CARTESIAN_POINT('',(-3.10897459621556,0.,0.));
#2383=CARTESIAN_POINT('',(-3.10897459621556,11.9481018056558,-3.6732632959924));
#2384=CARTESIAN_POINT('',(-3.10897459621556,11.9481018056558,-3.6732632959924));
#2385=CARTESIAN_POINT('',(-3.08237548404458,11.9093857646738,-3.79919578759178));
#2386=CARTESIAN_POINT('',(-3.0823727806232,11.8680110704854,-3.92653469151319));
#2387=CARTESIAN_POINT('',(-3.10897459621556,11.8253074044691,-4.05118560298194));
#2388=CARTESIAN_POINT('',(-3.10897459621556,11.8253074044691,-4.05118560298194));
#2389=CARTESIAN_POINT('',(-3.10897459621556,0.,0.));
#2390=CARTESIAN_POINT('',(-3.10897459621556,7.50712741812594,-9.99465046552512));
#2391=CARTESIAN_POINT('',(-3.10897459621556,7.50712741812594,-9.99465046552512));
#2392=CARTESIAN_POINT('',(-3.08237548404458,7.40178422167003,-10.0737752734566));
#2393=CARTESIAN_POINT('',(-3.0823727806232,7.29346346116648,-10.1524751757121));
#2394=CARTESIAN_POINT('',(-3.10897459621556,7.18564750219103,-10.2282192963514));
#2395=CARTESIAN_POINT('',(-3.10897459621556,7.18564750219103,-10.2282192963514));
#2396=CARTESIAN_POINT('',(-3.10897459621556,0.,0.));
#2397=CARTESIAN_POINT('',(-3.10897459621556,0.19868551474824,-12.4984208629022));
#2398=CARTESIAN_POINT('',(-3.10897459621556,0.19868551474824,-12.4984208629022));
#2399=CARTESIAN_POINT('',(-3.08237548404458,0.0669526833810133,-12.5005149998893));
#2400=CARTESIAN_POINT('',(-3.0823727806232,-0.0669392946125952,-12.5005152127285));
#2401=CARTESIAN_POINT('',(-3.10897459621556,-0.19868551474823,-12.4984208629022));
#2402=CARTESIAN_POINT('',(-3.10897459621556,-0.19868551474823,-12.4984208629022));
#2403=CARTESIAN_POINT('',(-3.10897459621556,0.,0.));
#2404=CARTESIAN_POINT('',(-3.10897459621556,-7.18564750219102,-10.2282192963514));
#2405=CARTESIAN_POINT('',(-3.10897459621556,-7.18564750219102,-10.2282192963514));
#2406=CARTESIAN_POINT('',(-3.08237548404458,-7.29345250432154,-10.1524828732422));
#2407=CARTESIAN_POINT('',(-3.0823727806232,-7.40177351503261,-10.0737833153678));
#2408=CARTESIAN_POINT('',(-3.10897459621556,-7.50712741812593,-9.99465046552513));
#2409=CARTESIAN_POINT('',(-3.10897459621556,-7.50712741812593,-9.99465046552513));
#2410=CARTESIAN_POINT('',(-3.10897459621556,0.,0.));
#2411=CARTESIAN_POINT('',(-3.10897459621556,-11.8253074044691,-4.05118560298195));
#2412=CARTESIAN_POINT('',(-3.10897459621556,-11.8253074044691,-4.05118560298195));
#2413=CARTESIAN_POINT('',(-3.08237548404458,-11.8680067307063,-3.9265473592177));
#2414=CARTESIAN_POINT('',(-3.0823727806232,-11.9093818297389,-3.79920858683817));
#2415=CARTESIAN_POINT('',(-3.10897459621556,-11.9481018056558,-3.67326329599242));
#2416=CARTESIAN_POINT('',(-3.10897459621556,-11.9481018056558,-3.67326329599242));
#2417=CARTESIAN_POINT('',(-3.10897459621556,0.,0.));
#2418=CARTESIAN_POINT('',(-3.10897459621556,-11.9481018056558,3.6732632959924));
#2419=CARTESIAN_POINT('',(-3.10897459621556,-11.9481018056558,3.6732632959924));
#2420=CARTESIAN_POINT('',(-3.08237548404458,-11.9093857646738,3.79919578759178));
#2421=CARTESIAN_POINT('',(-3.0823727806232,-11.8680110704854,3.92653469151319));
#2422=CARTESIAN_POINT('',(-3.10897459621556,-11.8253074044691,4.05118560298193));
#2423=CARTESIAN_POINT('',(-3.975,0.,0.));
#2424=CARTESIAN_POINT('',(-4.84102540378444,0.,0.));
#2425=CARTESIAN_POINT('',(-4.84102540378444,-9.08705936087128,-2.77044259496592));
#2426=CARTESIAN_POINT('',(-4.84102540378444,-9.08705936087128,2.77044259496592));
#2427=CARTESIAN_POINT('',(-3.10897459621556,-9.08705936087128,-2.77044259496592));
#2428=CARTESIAN_POINT('',(-3.63798280666817,-8.7957243262157,-2.67870993918947));
#2429=CARTESIAN_POINT('',(-4.31201851747298,-8.7957250554458,-2.67871016880214));
#2430=CARTESIAN_POINT('',(-4.84102540378444,-9.08705936087128,-2.77044259496593));
#2431=CARTESIAN_POINT('',(-3.10897459621556,-9.08705936087128,-2.77044259496591));
#2432=CARTESIAN_POINT('',(-3.10897459621556,0.,0.));
#2433=CARTESIAN_POINT('',(-3.10897459621556,-9.08705936087128,2.77044259496592));
#2434=CARTESIAN_POINT('',(-4.84102540378444,-9.08705936087129,2.77044259496591));
#2435=CARTESIAN_POINT('',(-4.31201719333182,-8.7957243262157,2.67870993918946));
#2436=CARTESIAN_POINT('',(-3.63798148252702,-8.7957250554458,2.67871016880213));
#2437=CARTESIAN_POINT('',(-3.10897459621556,-9.08705936087128,2.77044259496592));
#2438=CARTESIAN_POINT('',(-3.975,0.,0.));
#2439=CARTESIAN_POINT('',(-4.84102540378444,0.,0.));
#2440=CARTESIAN_POINT('',(-4.84102540378444,-5.72316015219497,-7.58257462029406));
#2441=CARTESIAN_POINT('',(-4.84102540378444,-8.98001075148267,-3.09990433775875));
#2442=CARTESIAN_POINT('',(-3.10897459621556,-5.72316015219496,-7.58257462029406));
#2443=CARTESIAN_POINT('',(-3.63798280666817,-5.5413842603208,-7.3371189059851));
#2444=CARTESIAN_POINT('',(-4.31201851747298,-5.5413847153174,-7.33711952037635));
#2445=CARTESIAN_POINT('',(-4.84102540378444,-5.72316015219496,-7.58257462029407));
#2446=CARTESIAN_POINT('',(-3.10897459621556,-5.72316015219497,-7.58257462029406));
#2447=CARTESIAN_POINT('',(-3.10897459621556,0.,0.));
#2448=CARTESIAN_POINT('',(-3.10897459621556,-8.98001075148267,-3.09990433775874));
#2449=CARTESIAN_POINT('',(-4.84102540378444,-8.98001075148267,-3.09990433775874));
#2450=CARTESIAN_POINT('',(-4.31201719333182,-8.69039665517047,-3.00287517837437));
#2451=CARTESIAN_POINT('',(-3.63798148252702,-8.69039738009295,-3.00287542124453));
#2452=CARTESIAN_POINT('',(-3.10897459621556,-8.98001075148267,-3.09990433775875));
#2453=CARTESIAN_POINT('',(-3.975,0.,0.));
#2454=CARTESIAN_POINT('',(-4.84102540378444,0.,0.));
#2455=CARTESIAN_POINT('',(-4.84102540378444,-0.173208288439189,-9.4984208629022));
#2456=CARTESIAN_POINT('',(-4.84102540378444,-5.44290325436717,-7.78619317533281));
#2457=CARTESIAN_POINT('',(-3.10897459621556,-0.173208288439182,-9.4984208629022));
#2458=CARTESIAN_POINT('',(-3.63798280666817,-0.170423751707048,-9.19299783019387));
#2459=CARTESIAN_POINT('',(-4.31201851747298,-0.170423758676929,-9.19299859468712));
#2460=CARTESIAN_POINT('',(-4.84102540378444,-0.173208288439191,-9.4984208629022));
#2461=CARTESIAN_POINT('',(-3.10897459621556,-0.173208288439192,-9.4984208629022));
#2462=CARTESIAN_POINT('',(-3.10897459621556,0.,0.));
#2463=CARTESIAN_POINT('',(-3.10897459621556,-5.44290325436717,-7.7861931753328));
#2464=CARTESIAN_POINT('',(-4.84102540378444,-5.44290325436717,-7.7861931753328));
#2465=CARTESIAN_POINT('',(-4.31201719333182,-5.26563283756853,-7.5374640417726));
#2466=CARTESIAN_POINT('',(-3.63798148252702,-5.26563328128763,-7.53746466435744));
#2467=CARTESIAN_POINT('',(-3.10897459621556,-5.44290325436716,-7.78619317533281));
#2468=CARTESIAN_POINT('',(-3.975,0.,0.));
#2469=CARTESIAN_POINT('',(-4.84102540378444,0.,0.));
#2470=CARTESIAN_POINT('',(-4.84102540378444,5.44290325436716,-7.78619317533281));
#2471=CARTESIAN_POINT('',(-4.84102540378444,0.17320828843918,-9.4984208629022));
#2472=CARTESIAN_POINT('',(-3.10897459621556,5.44290325436716,-7.78619317533281));
#2473=CARTESIAN_POINT('',(-3.63798280666817,5.26563283756852,-7.53746404177262));
#2474=CARTESIAN_POINT('',(-4.31201851747298,5.26563328128763,-7.53746466435744));
#2475=CARTESIAN_POINT('',(-4.84102540378444,5.44290325436716,-7.78619317533281));
#2476=CARTESIAN_POINT('',(-3.10897459621556,5.44290325436716,-7.78619317533281));
#2477=CARTESIAN_POINT('',(-3.10897459621556,0.,0.));
#2478=CARTESIAN_POINT('',(-3.10897459621556,0.173208288439174,-9.4984208629022));
#2479=CARTESIAN_POINT('',(-4.84102540378444,0.173208288439178,-9.49842086290221));
#2480=CARTESIAN_POINT('',(-4.31201719333182,0.170423751707044,-9.19299783019386));
#2481=CARTESIAN_POINT('',(-3.63798148252702,0.170423758676927,-9.19299859468712));
#2482=CARTESIAN_POINT('',(-3.10897459621556,0.173208288439189,-9.49842086290221));
#2483=CARTESIAN_POINT('',(-3.975,0.,0.));
#2484=CARTESIAN_POINT('',(-4.84102540378444,0.,0.));
#2485=CARTESIAN_POINT('',(-4.84102540378444,8.98001075148267,-3.09990433775875));
#2486=CARTESIAN_POINT('',(-4.84102540378444,5.72316015219496,-7.58257462029407));
#2487=CARTESIAN_POINT('',(-3.10897459621556,8.98001075148267,-3.09990433775875));
#2488=CARTESIAN_POINT('',(-3.63798280666817,8.69039665517047,-3.00287517837437));
#2489=CARTESIAN_POINT('',(-4.31201851747298,8.69039738009296,-3.00287542124451));
#2490=CARTESIAN_POINT('',(-4.84102540378444,8.98001075148268,-3.09990433775874));
#2491=CARTESIAN_POINT('',(-3.10897459621556,8.98001075148267,-3.09990433775876));
#2492=CARTESIAN_POINT('',(-3.10897459621556,0.,0.));
#2493=CARTESIAN_POINT('',(-3.10897459621556,5.72316015219495,-7.58257462029407));
#2494=CARTESIAN_POINT('',(-4.84102540378444,5.72316015219495,-7.58257462029407));
#2495=CARTESIAN_POINT('',(-4.31201719333182,5.54138426032079,-7.3371189059851));
#2496=CARTESIAN_POINT('',(-3.63798148252702,5.5413847153174,-7.33711952037635));
#2497=CARTESIAN_POINT('',(-3.10897459621556,5.72316015219496,-7.58257462029407));
#2498=CARTESIAN_POINT('',(-3.975,0.,0.));
#2499=CARTESIAN_POINT('',(-4.84102540378444,0.,0.));
#2500=CARTESIAN_POINT('',(-4.84102540378444,9.08705936087129,2.77044259496591));
#2501=CARTESIAN_POINT('',(-4.84102540378444,9.08705936087128,-2.77044259496592));
#2502=CARTESIAN_POINT('',(-3.10897459621556,9.08705936087129,2.77044259496591));
#2503=CARTESIAN_POINT('',(-3.63798280666817,8.7957243262157,2.67870993918946));
#2504=CARTESIAN_POINT('',(-4.31201851747299,8.7957250554458,2.67871016880214));
#2505=CARTESIAN_POINT('',(-4.84102540378444,9.08705936087128,2.77044259496592));
#2506=CARTESIAN_POINT('',(-3.10897459621556,9.08705936087129,2.77044259496591));
#2507=CARTESIAN_POINT('',(-3.10897459621556,0.,0.));
#2508=CARTESIAN_POINT('',(-3.10897459621556,9.08705936087128,-2.77044259496593));
#2509=CARTESIAN_POINT('',(-4.84102540378444,9.08705936087128,-2.77044259496592));
#2510=CARTESIAN_POINT('',(-4.31201719333182,8.79572432621569,-2.67870993918947));
#2511=CARTESIAN_POINT('',(-3.63798148252702,8.7957250554458,-2.67871016880213));
#2512=CARTESIAN_POINT('',(-3.10897459621556,9.08705936087129,-2.77044259496591));
#2513=CARTESIAN_POINT('',(-3.975,0.,0.));
#2514=CARTESIAN_POINT('',(-4.84102540378444,0.,0.));
#2515=CARTESIAN_POINT('',(-4.84102540378444,5.72316015219497,7.58257462029406));
#2516=CARTESIAN_POINT('',(-4.84102540378444,8.98001075148267,3.09990433775875));
#2517=CARTESIAN_POINT('',(-3.10897459621556,5.72316015219496,7.58257462029407));
#2518=CARTESIAN_POINT('',(-3.63798280666817,5.54138426032079,7.3371189059851));
#2519=CARTESIAN_POINT('',(-4.31201851747298,5.54138471531741,7.33711952037634));
#2520=CARTESIAN_POINT('',(-4.84102540378444,5.72316015219497,7.58257462029406));
#2521=CARTESIAN_POINT('',(-3.10897459621556,5.72316015219497,7.58257462029406));
#2522=CARTESIAN_POINT('',(-3.10897459621556,0.,0.));
#2523=CARTESIAN_POINT('',(-3.10897459621556,8.98001075148268,3.09990433775874));
#2524=CARTESIAN_POINT('',(-4.84102540378444,8.98001075148267,3.09990433775875));
#2525=CARTESIAN_POINT('',(-4.31201719333182,8.69039665517047,3.00287517837438));
#2526=CARTESIAN_POINT('',(-3.63798148252702,8.69039738009295,3.00287542124453));
#2527=CARTESIAN_POINT('',(-3.10897459621556,8.98001075148267,3.09990433775875));
#2528=CARTESIAN_POINT('',(-3.975,0.,0.));
#2529=CARTESIAN_POINT('',(-4.84102540378444,0.,0.));
#2530=CARTESIAN_POINT('',(-4.84102540378444,0.173208288439187,9.4984208629022));
#2531=CARTESIAN_POINT('',(-4.84102540378444,5.44290325436717,7.78619317533281));
#2532=CARTESIAN_POINT('',(-3.10897459621556,0.17320828843918,9.4984208629022));
#2533=CARTESIAN_POINT('',(-3.63798280666817,0.170423751707047,9.19299783019387));
#2534=CARTESIAN_POINT('',(-4.31201851747298,0.170423758676928,9.19299859468712));
#2535=CARTESIAN_POINT('',(-4.84102540378444,0.17320828843919,9.4984208629022));
#2536=CARTESIAN_POINT('',(-3.10897459621556,0.173208288439191,9.4984208629022));
#2537=CARTESIAN_POINT('',(-3.10897459621556,0.,0.));
#2538=CARTESIAN_POINT('',(-3.10897459621556,5.44290325436717,7.7861931753328));
#2539=CARTESIAN_POINT('',(-4.84102540378444,5.44290325436718,7.7861931753328));
#2540=CARTESIAN_POINT('',(-4.31201719333182,5.26563283756853,7.5374640417726));
#2541=CARTESIAN_POINT('',(-3.63798148252702,5.26563328128764,7.53746466435743));
#2542=CARTESIAN_POINT('',(-3.10897459621556,5.44290325436717,7.7861931753328));
#2543=CARTESIAN_POINT('',(-3.975,0.,0.));
#2544=CARTESIAN_POINT('',(-4.84102540378444,0.,0.));
#2545=CARTESIAN_POINT('',(-4.84102540378444,-5.44290325436716,7.78619317533281));
#2546=CARTESIAN_POINT('',(-4.84102540378444,-0.173208288439181,9.4984208629022));
#2547=CARTESIAN_POINT('',(-3.10897459621556,-5.44290325436716,7.78619317533281));
#2548=CARTESIAN_POINT('',(-3.63798280666817,-5.26563283756852,7.53746404177262));
#2549=CARTESIAN_POINT('',(-4.31201851747299,-5.26563328128764,7.53746466435743));
#2550=CARTESIAN_POINT('',(-4.84102540378444,-5.44290325436717,7.78619317533281));
#2551=CARTESIAN_POINT('',(-3.10897459621556,-5.44290325436716,7.78619317533281));
#2552=CARTESIAN_POINT('',(-3.10897459621556,0.,0.));
#2553=CARTESIAN_POINT('',(-3.10897459621556,-0.173208288439176,9.4984208629022));
#2554=CARTESIAN_POINT('',(-4.84102540378444,-0.173208288439179,9.49842086290221));
#2555=CARTESIAN_POINT('',(-4.31201719333182,-0.170423751707045,9.19299783019386));
#2556=CARTESIAN_POINT('',(-3.63798148252702,-0.170423758676928,9.19299859468712));
#2557=CARTESIAN_POINT('',(-3.10897459621556,-0.17320828843919,9.49842086290221));
#2558=CARTESIAN_POINT('',(-3.975,0.,0.));
#2559=CARTESIAN_POINT('',(-4.84102540378444,0.,0.));
#2560=CARTESIAN_POINT('',(-4.84102540378444,-8.98001075148267,3.09990433775875));
#2561=CARTESIAN_POINT('',(-4.84102540378444,-5.72316015219496,7.58257462029406));
#2562=CARTESIAN_POINT('',(-3.10897459621556,-8.98001075148267,3.09990433775875));
#2563=CARTESIAN_POINT('',(-3.63798280666817,-8.69039665517047,3.00287517837438));
#2564=CARTESIAN_POINT('',(-4.31201851747299,-8.69039738009295,3.00287542124453));
#2565=CARTESIAN_POINT('',(-4.84102540378444,-8.98001075148267,3.09990433775875));
#2566=CARTESIAN_POINT('',(-3.10897459621556,-8.98001075148267,3.09990433775876));
#2567=CARTESIAN_POINT('',(-3.10897459621556,0.,0.));
#2568=CARTESIAN_POINT('',(-3.10897459621556,-5.72316015219496,7.58257462029407));
#2569=CARTESIAN_POINT('',(-4.84102540378444,-5.72316015219497,7.58257462029406));
#2570=CARTESIAN_POINT('',(-4.31201719333182,-5.54138426032081,7.33711890598509));
#2571=CARTESIAN_POINT('',(-3.63798148252702,-5.5413847153174,7.33711952037635));
#2572=CARTESIAN_POINT('',(-3.10897459621556,-5.72316015219496,7.58257462029407));
#2573=CARTESIAN_POINT('',(-3.975,-6.4656377752172,8.89918693812442));
#2574=CARTESIAN_POINT('',(-4.84102540378444,-5.44290325436716,7.78619317533281));
#2575=CARTESIAN_POINT('',(-4.86749425991286,-5.53657953177169,7.72070919572164));
#2576=CARTESIAN_POINT('',(-4.86749949278225,-5.63191558958148,7.65144400450774));
#2577=CARTESIAN_POINT('',(-4.84102540378444,-5.72316015219496,7.58257462029406));
#2578=CARTESIAN_POINT('',(-3.10897459621556,-5.72316015219496,7.58257462029407));
#2579=CARTESIAN_POINT('',(-3.08250574008713,-5.63193362498504,7.65143039178276));
#2580=CARTESIAN_POINT('',(-3.08250050721775,-5.53659805148868,7.72069624959693));
#2581=CARTESIAN_POINT('',(-3.10897459621556,-5.44290325436716,7.78619317533281));
#2582=CARTESIAN_POINT('',(-4.84102540378444,-7.18564750219102,10.2282192963514));
#2583=CARTESIAN_POINT('',(-4.86762451595542,-7.29345250432154,10.1524828732422));
#2584=CARTESIAN_POINT('',(-4.8676272193768,-7.40177351503262,10.0737833153678));
#2585=CARTESIAN_POINT('',(-4.84102540378443,-7.50712741812594,9.99465046552512));
#2586=CARTESIAN_POINT('',(-4.84102540378444,-7.18564750219102,10.2282192963514));
#2587=CARTESIAN_POINT('',(-4.84102540378443,-7.50712741812595,9.99465046552513));
#2588=CARTESIAN_POINT('',(-3.10897459621556,-7.18564750219103,10.2282192963514));
#2589=CARTESIAN_POINT('',(-3.6379835658505,-7.36320703987716,10.4767389130772));
#2590=CARTESIAN_POINT('',(-4.31201774556054,-7.3632065997078,10.4767382969981));
#2591=CARTESIAN_POINT('',(-4.84102540378444,-7.18564750219103,10.2282192963514));
#2592=CARTESIAN_POINT('',(-4.84102540378443,-7.50712741812594,9.99465046552513));
#2593=CARTESIAN_POINT('',(-4.31201643414949,-7.68861470438177,10.2403164058757));
#2594=CARTESIAN_POINT('',(-3.63798225443946,-7.68861425447553,10.2403157968708));
#2595=CARTESIAN_POINT('',(-3.10897459621556,-7.50712741812593,9.99465046552513));
#2596=CARTESIAN_POINT('',(-3.975,0.,0.));
#2597=CARTESIAN_POINT('',(-4.84102540378444,0.,0.));
#2598=CARTESIAN_POINT('',(-4.84102540378443,-0.19868551474824,12.4984208629022));
#2599=CARTESIAN_POINT('',(-4.84102540378442,-0.198685514748257,12.4984208629022));
#2600=CARTESIAN_POINT('',(-4.31201643414949,-0.201112996863593,12.8038443339247));
#2601=CARTESIAN_POINT('',(-3.63798225443945,-0.201112990845849,12.8038435767811));
#2602=CARTESIAN_POINT('',(-3.10897459621556,-0.198685514748231,12.4984208629022));
#2603=CARTESIAN_POINT('',(-3.975,0.,11.));
#2604=CARTESIAN_POINT('',(-4.84102540378444,0.173208288439187,9.4984208629022));
#2605=CARTESIAN_POINT('',(-4.86749425991286,0.0589320705722794,9.50050474488551));
#2606=CARTESIAN_POINT('',(-4.86749949278226,-0.0589094782653106,9.50050515686713));
#2607=CARTESIAN_POINT('',(-4.84102540378444,-0.173208288439181,9.4984208629022));
#2608=CARTESIAN_POINT('',(-3.10897459621556,-0.173208288439176,9.49842086290221));
#2609=CARTESIAN_POINT('',(-3.08250574008714,-0.0589320705722687,9.50050474488551));
#2610=CARTESIAN_POINT('',(-3.08250050721774,0.0589094782653206,9.50050515686713));
#2611=CARTESIAN_POINT('',(-3.10897459621556,0.17320828843919,9.49842086290221));
#2612=CARTESIAN_POINT('',(-4.84102540378444,0.198685514748243,12.4984208629022));
#2613=CARTESIAN_POINT('',(-4.86762451595542,0.0669526833810116,12.5005149998893));
#2614=CARTESIAN_POINT('',(-4.8676272193768,-0.0669392946126023,12.5005152127285));
#2615=CARTESIAN_POINT('',(-4.84102540378444,-0.198685514748242,12.4984208629022));
#2616=CARTESIAN_POINT('',(-4.84102540378444,0.198685514748243,12.4984208629022));
#2617=CARTESIAN_POINT('',(-3.10897459621556,0.198685514748227,12.4984208629022));
#2618=CARTESIAN_POINT('',(-3.6379835658505,0.201112996863564,12.8038443339247));
#2619=CARTESIAN_POINT('',(-4.31201774556054,0.20111299084585,12.8038435767811));
#2620=CARTESIAN_POINT('',(-4.84102540378444,0.198685514748232,12.4984208629022));
#2621=CARTESIAN_POINT('',(-3.975,0.,0.));
#2622=CARTESIAN_POINT('',(-4.84102540378444,0.,0.));
#2623=CARTESIAN_POINT('',(-4.84102540378443,7.18564750219103,10.2282192963514));
#2624=CARTESIAN_POINT('',(-4.84102540378443,7.18564750219101,10.2282192963514));
#2625=CARTESIAN_POINT('',(-4.31201643414949,7.36320703987714,10.4767389130772));
#2626=CARTESIAN_POINT('',(-3.63798225443946,7.3632065997078,10.4767382969981));
#2627=CARTESIAN_POINT('',(-3.10897459621556,7.18564750219102,10.2282192963514));
#2628=CARTESIAN_POINT('',(-3.975,6.4656377752172,8.89918693812442));
#2629=CARTESIAN_POINT('',(-4.84102540378444,5.72316015219497,7.58257462029406));
#2630=CARTESIAN_POINT('',(-4.86749425991286,5.63193362498505,7.65143039178275));
#2631=CARTESIAN_POINT('',(-4.86749949278225,5.53659805148869,7.72069624959693));
#2632=CARTESIAN_POINT('',(-4.84102540378444,5.44290325436717,7.78619317533281));
#2633=CARTESIAN_POINT('',(-3.10897459621556,5.44290325436717,7.7861931753328));
#2634=CARTESIAN_POINT('',(-3.08250574008714,5.5365795317717,7.72070919572164));
#2635=CARTESIAN_POINT('',(-3.08250050721775,5.63191558958149,7.65144400450773));
#2636=CARTESIAN_POINT('',(-3.10897459621556,5.72316015219497,7.58257462029406));
#2637=CARTESIAN_POINT('',(-4.84102540378444,7.50712741812595,9.99465046552512));
#2638=CARTESIAN_POINT('',(-4.86762451595542,7.40178422167003,10.0737752734566));
#2639=CARTESIAN_POINT('',(-4.8676272193768,7.29346346116648,10.1524751757121));
#2640=CARTESIAN_POINT('',(-4.84102540378444,7.18564750219102,10.2282192963514));
#2641=CARTESIAN_POINT('',(-4.84102540378444,7.50712741812595,9.99465046552512));
#2642=CARTESIAN_POINT('',(-3.10897459621556,7.50712741812595,9.99465046552512));
#2643=CARTESIAN_POINT('',(-3.6379835658505,7.68861470438177,10.2403164058757));
#2644=CARTESIAN_POINT('',(-4.31201774556054,7.68861425447555,10.2403157968708));
#2645=CARTESIAN_POINT('',(-4.84102540378444,7.50712741812595,9.99465046552511));
#2646=CARTESIAN_POINT('',(-3.975,0.,0.));
#2647=CARTESIAN_POINT('',(-4.84102540378444,0.,0.));
#2648=CARTESIAN_POINT('',(-4.84102540378443,11.8253074044691,4.05118560298195));
#2649=CARTESIAN_POINT('',(-4.84102540378442,11.8253074044691,4.05118560298193));
#2650=CARTESIAN_POINT('',(-4.31201643414949,12.1150322535873,4.14787531869283));
#2651=CARTESIAN_POINT('',(-3.63798225443946,12.1150315353606,4.14787507899944));
#2652=CARTESIAN_POINT('',(-3.10897459621556,11.8253074044691,4.05118560298194));
#2653=CARTESIAN_POINT('',(-3.975,10.4616216792467,3.39918693812442));
#2654=CARTESIAN_POINT('',(-4.84102540378444,9.08705936087128,2.77044259496591));
#2655=CARTESIAN_POINT('',(-4.86749425991286,9.05372795703692,2.87976969157291));
#2656=CARTESIAN_POINT('',(-4.86749949278226,9.01731330762045,2.99184379179454));
#2657=CARTESIAN_POINT('',(-4.84102540378444,8.98001075148267,3.09990433775875));
#2658=CARTESIAN_POINT('',(-3.10897459621556,8.98001075148268,3.09990433775874));
#2659=CARTESIAN_POINT('',(-3.08250574008713,9.01730593439585,2.99186515104597));
#2660=CARTESIAN_POINT('',(-3.08250050721775,9.05372136744794,2.87979130544299));
#2661=CARTESIAN_POINT('',(-3.10897459621556,9.08705936087129,2.77044259496591));
#2662=CARTESIAN_POINT('',(-4.84102540378443,11.9481018056558,3.6732632959924));
#2663=CARTESIAN_POINT('',(-4.86762451595542,11.9093857646738,3.79919578759178));
#2664=CARTESIAN_POINT('',(-4.8676272193768,11.8680110704854,3.9265346915132));
#2665=CARTESIAN_POINT('',(-4.84102540378444,11.8253074044691,4.05118560298194));
#2666=CARTESIAN_POINT('',(-4.84102540378444,11.9481018056558,3.6732632959924));
#2667=CARTESIAN_POINT('',(-3.10897459621556,11.9481018056558,3.67326329599241));
#2668=CARTESIAN_POINT('',(-3.6379835658505,12.2393269212283,3.76533566633536));
#2669=CARTESIAN_POINT('',(-4.31201774556054,12.2393261992825,3.76533543808835));
#2670=CARTESIAN_POINT('',(-4.84102540378444,11.9481018056558,3.67326329599242));
#2671=CARTESIAN_POINT('',(-3.975,0.,0.));
#2672=CARTESIAN_POINT('',(-4.84102540378444,0.,0.));
#2673=CARTESIAN_POINT('',(-4.84102540378442,11.9481018056558,-3.67326329599241));
#2674=CARTESIAN_POINT('',(-4.84102540378442,11.9481018056558,-3.67326329599241));
#2675=CARTESIAN_POINT('',(-4.31201643414949,12.2393269212284,-3.76533566633535));
#2676=CARTESIAN_POINT('',(-3.63798225443946,12.2393261992825,-3.76533543808832));
#2677=CARTESIAN_POINT('',(-3.10897459621556,11.9481018056558,-3.6732632959924));
#2678=CARTESIAN_POINT('',(-3.975,10.4616216792467,-3.39918693812442));
#2679=CARTESIAN_POINT('',(-4.84102540378444,8.98001075148267,-3.09990433775875));
#2680=CARTESIAN_POINT('',(-4.86749425991286,9.01730593439585,-2.99186515104598));
#2681=CARTESIAN_POINT('',(-4.86749949278225,9.05372136744793,-2.879791305443));
#2682=CARTESIAN_POINT('',(-4.84102540378444,9.08705936087128,-2.77044259496592));
#2683=CARTESIAN_POINT('',(-3.10897459621556,9.08705936087128,-2.77044259496593));
#2684=CARTESIAN_POINT('',(-3.08250574008713,9.05372795703692,-2.87976969157293));
#2685=CARTESIAN_POINT('',(-3.08250050721775,9.01731330762045,-2.99184379179455));
#2686=CARTESIAN_POINT('',(-3.10897459621556,8.98001075148267,-3.09990433775876));
#2687=CARTESIAN_POINT('',(-4.84102540378443,11.8253074044691,-4.05118560298195));
#2688=CARTESIAN_POINT('',(-4.86762451595542,11.8680067307063,-3.9265473592177));
#2689=CARTESIAN_POINT('',(-4.8676272193768,11.9093818297389,-3.79920858683817));
#2690=CARTESIAN_POINT('',(-4.84102540378444,11.9481018056558,-3.6732632959924));
#2691=CARTESIAN_POINT('',(-4.84102540378444,11.8253074044691,-4.05118560298195));
#2692=CARTESIAN_POINT('',(-3.10897459621556,11.8253074044691,-4.05118560298195));
#2693=CARTESIAN_POINT('',(-3.6379835658505,12.1150322535873,-4.14787531869285));
#2694=CARTESIAN_POINT('',(-4.31201774556054,12.1150315353606,-4.14787507899943));
#2695=CARTESIAN_POINT('',(-4.84102540378444,11.8253074044691,-4.05118560298193));
#2696=CARTESIAN_POINT('',(-3.975,0.,0.));
#2697=CARTESIAN_POINT('',(-4.84102540378444,0.,0.));
#2698=CARTESIAN_POINT('',(-4.84102540378443,7.50712741812594,-9.99465046552513));
#2699=CARTESIAN_POINT('',(-4.84102540378443,7.50712741812594,-9.99465046552513));
#2700=CARTESIAN_POINT('',(-4.31201643414949,7.68861470438176,-10.2403164058757));
#2701=CARTESIAN_POINT('',(-3.63798225443946,7.68861425447553,-10.2403157968708));
#2702=CARTESIAN_POINT('',(-3.10897459621556,7.50712741812594,-9.99465046552513));
#2703=CARTESIAN_POINT('',(-3.975,6.4656377752172,-8.89918693812442));
#2704=CARTESIAN_POINT('',(-4.84102540378444,5.44290325436716,-7.78619317533281));
#2705=CARTESIAN_POINT('',(-4.86749425991286,5.53657953177169,-7.72070919572164));
#2706=CARTESIAN_POINT('',(-4.86749949278226,5.63191558958148,-7.65144400450774));
#2707=CARTESIAN_POINT('',(-4.84102540378444,5.72316015219496,-7.58257462029407));
#2708=CARTESIAN_POINT('',(-3.10897459621556,5.72316015219495,-7.58257462029407));
#2709=CARTESIAN_POINT('',(-3.08250574008713,5.63193362498504,-7.65143039178276));
#2710=CARTESIAN_POINT('',(-3.08250050721774,5.53659805148868,-7.72069624959693));
#2711=CARTESIAN_POINT('',(-3.10897459621556,5.44290325436716,-7.78619317533282));
#2712=CARTESIAN_POINT('',(-4.84102540378444,7.18564750219102,-10.2282192963514));
#2713=CARTESIAN_POINT('',(-4.86762451595542,7.29345250432154,-10.1524828732422));
#2714=CARTESIAN_POINT('',(-4.8676272193768,7.40177351503261,-10.0737833153678));
#2715=CARTESIAN_POINT('',(-4.84102540378444,7.50712741812594,-9.99465046552512));
#2716=CARTESIAN_POINT('',(-4.84102540378444,7.18564750219101,-10.2282192963514));
#2717=CARTESIAN_POINT('',(-3.10897459621556,7.18564750219103,-10.2282192963514));
#2718=CARTESIAN_POINT('',(-3.6379835658505,7.36320703987716,-10.4767389130772));
#2719=CARTESIAN_POINT('',(-4.31201774556054,7.36320659970781,-10.4767382969981));
#2720=CARTESIAN_POINT('',(-4.84102540378444,7.18564750219103,-10.2282192963514));
#2721=CARTESIAN_POINT('',(-3.975,0.,0.));
#2722=CARTESIAN_POINT('',(-4.84102540378444,0.,0.));
#2723=CARTESIAN_POINT('',(-4.84102540378443,0.198685514748239,-12.4984208629022));
#2724=CARTESIAN_POINT('',(-4.84102540378442,0.198685514748255,-12.4984208629022));
#2725=CARTESIAN_POINT('',(-4.31201643414949,0.201112996863591,-12.8038443339247));
#2726=CARTESIAN_POINT('',(-3.63798225443945,0.201112990845848,-12.8038435767811));
#2727=CARTESIAN_POINT('',(-3.10897459621556,0.19868551474823,-12.4984208629022));
#2728=CARTESIAN_POINT('',(-3.975,-1.34711147906209E-15,-11.));
#2729=CARTESIAN_POINT('',(-4.84102540378444,-0.173208288439189,-9.4984208629022));
#2730=CARTESIAN_POINT('',(-4.86749425991286,-0.0589320705722806,-9.50050474488551));
#2731=CARTESIAN_POINT('',(-4.86749949278226,0.0589094782653094,-9.50050515686713));
#2732=CARTESIAN_POINT('',(-4.84102540378444,0.17320828843918,-9.4984208629022));
#2733=CARTESIAN_POINT('',(-3.10897459621556,0.173208288439174,-9.49842086290221));
#2734=CARTESIAN_POINT('',(-3.08250574008714,0.0589320705722675,-9.50050474488551));
#2735=CARTESIAN_POINT('',(-3.08250050721774,-0.0589094782653218,-9.50050515686713));
#2736=CARTESIAN_POINT('',(-3.10897459621556,-0.173208288439191,-9.49842086290221));
#2737=CARTESIAN_POINT('',(-4.84102540378444,-0.198685514748245,-12.4984208629022));
#2738=CARTESIAN_POINT('',(-4.86762451595542,-0.0669526833810131,-12.5005149998893));
#2739=CARTESIAN_POINT('',(-4.8676272193768,0.0669392946126007,-12.5005152127285));
#2740=CARTESIAN_POINT('',(-4.84102540378444,0.19868551474824,-12.4984208629022));
#2741=CARTESIAN_POINT('',(-4.84102540378444,-0.198685514748245,-12.4984208629022));
#2742=CARTESIAN_POINT('',(-3.10897459621556,-0.198685514748226,-12.4984208629022));
#2743=CARTESIAN_POINT('',(-3.6379835658505,-0.201112996863563,-12.8038443339247));
#2744=CARTESIAN_POINT('',(-4.31201774556054,-0.201112990845851,-12.8038435767811));
#2745=CARTESIAN_POINT('',(-4.84102540378444,-0.198685514748233,-12.4984208629022));
#2746=CARTESIAN_POINT('',(-3.975,0.,0.));
#2747=CARTESIAN_POINT('',(-4.84102540378444,0.,0.));
#2748=CARTESIAN_POINT('',(-4.84102540378443,-7.18564750219103,-10.2282192963514));
#2749=CARTESIAN_POINT('',(-4.84102540378443,-7.18564750219103,-10.2282192963514));
#2750=CARTESIAN_POINT('',(-4.31201643414949,-7.36320703987716,-10.4767389130772));
#2751=CARTESIAN_POINT('',(-3.63798225443946,-7.36320659970779,-10.4767382969981));
#2752=CARTESIAN_POINT('',(-3.10897459621556,-7.18564750219102,-10.2282192963514));
#2753=CARTESIAN_POINT('',(-3.975,-6.4656377752172,-8.89918693812442));
#2754=CARTESIAN_POINT('',(-4.84102540378444,-5.72316015219497,-7.58257462029406));
#2755=CARTESIAN_POINT('',(-4.86749425991287,-5.63193362498505,-7.65143039178275));
#2756=CARTESIAN_POINT('',(-4.86749949278226,-5.53659805148869,-7.72069624959693));
#2757=CARTESIAN_POINT('',(-4.84102540378444,-5.44290325436717,-7.78619317533281));
#2758=CARTESIAN_POINT('',(-3.10897459621556,-5.44290325436717,-7.7861931753328));
#2759=CARTESIAN_POINT('',(-3.08250574008714,-5.5365795317717,-7.72070919572164));
#2760=CARTESIAN_POINT('',(-3.08250050721774,-5.63191558958149,-7.65144400450773));
#2761=CARTESIAN_POINT('',(-3.10897459621556,-5.72316015219497,-7.58257462029406));
#2762=CARTESIAN_POINT('',(-4.84102540378444,-7.50712741812594,-9.99465046552512));
#2763=CARTESIAN_POINT('',(-4.86762451595542,-7.40178422167003,-10.0737752734566));
#2764=CARTESIAN_POINT('',(-4.8676272193768,-7.29346346116648,-10.1524751757121));
#2765=CARTESIAN_POINT('',(-4.84102540378444,-7.18564750219102,-10.2282192963514));
#2766=CARTESIAN_POINT('',(-4.84102540378444,-7.50712741812594,-9.99465046552512));
#2767=CARTESIAN_POINT('',(-3.10897459621556,-7.50712741812592,-9.99465046552513));
#2768=CARTESIAN_POINT('',(-3.6379835658505,-7.68861470438175,-10.2403164058757));
#2769=CARTESIAN_POINT('',(-4.31201774556054,-7.68861425447553,-10.2403157968708));
#2770=CARTESIAN_POINT('',(-4.84102540378444,-7.50712741812593,-9.99465046552513));
#2771=CARTESIAN_POINT('',(-3.975,0.,0.));
#2772=CARTESIAN_POINT('',(-4.84102540378444,0.,0.));
#2773=CARTESIAN_POINT('',(-4.84102540378442,-11.8253074044691,-4.05118560298195));
#2774=CARTESIAN_POINT('',(-4.84102540378442,-11.8253074044691,-4.05118560298196));
#2775=CARTESIAN_POINT('',(-4.31201643414949,-12.1150322535873,-4.14787531869286));
#2776=CARTESIAN_POINT('',(-3.63798225443946,-12.1150315353606,-4.14787507899945));
#2777=CARTESIAN_POINT('',(-3.10897459621556,-11.8253074044691,-4.05118560298195));
#2778=CARTESIAN_POINT('',(-3.975,-10.4616216792467,-3.39918693812442));
#2779=CARTESIAN_POINT('',(-4.84102540378444,-9.08705936087128,-2.77044259496592));
#2780=CARTESIAN_POINT('',(-4.86749425991286,-9.05372795703692,-2.87976969157292));
#2781=CARTESIAN_POINT('',(-4.86749949278226,-9.01731330762045,-2.99184379179454));
#2782=CARTESIAN_POINT('',(-4.84102540378444,-8.98001075148267,-3.09990433775875));
#2783=CARTESIAN_POINT('',(-3.10897459621556,-8.98001075148267,-3.09990433775874));
#2784=CARTESIAN_POINT('',(-3.08250574008713,-9.01730593439585,-2.99186515104597));
#2785=CARTESIAN_POINT('',(-3.08250050721774,-9.05372136744794,-2.87979130544299));
#2786=CARTESIAN_POINT('',(-3.10897459621556,-9.08705936087128,-2.77044259496591));
#2787=CARTESIAN_POINT('',(-4.84102540378444,-11.9481018056558,-3.6732632959924));
#2788=CARTESIAN_POINT('',(-4.86762451595542,-11.9093857646738,-3.79919578759179));
#2789=CARTESIAN_POINT('',(-4.8676272193768,-11.8680110704854,-3.9265346915132));
#2790=CARTESIAN_POINT('',(-4.84102540378444,-11.8253074044691,-4.05118560298195));
#2791=CARTESIAN_POINT('',(-4.84102540378444,-11.9481018056558,-3.6732632959924));
#2792=CARTESIAN_POINT('',(-3.10897459621556,-11.9481018056558,-3.67326329599241));
#2793=CARTESIAN_POINT('',(-3.6379835658505,-12.2393269212283,-3.76533566633536));
#2794=CARTESIAN_POINT('',(-4.31201774556054,-12.2393261992825,-3.76533543808833));
#2795=CARTESIAN_POINT('',(-4.84102540378444,-11.9481018056558,-3.67326329599241));
#2796=CARTESIAN_POINT('',(-3.975,0.,0.));
#2797=CARTESIAN_POINT('',(-4.84102540378444,0.,0.));
#2798=CARTESIAN_POINT('',(-4.84102540378443,-11.9481018056558,3.6732632959924));
#2799=CARTESIAN_POINT('',(-4.84102540378443,-11.9481018056558,3.67326329599243));
#2800=CARTESIAN_POINT('',(-4.31201643414949,-12.2393269212283,3.76533566633537));
#2801=CARTESIAN_POINT('',(-3.63798225443946,-12.2393261992825,3.76533543808835));
#2802=CARTESIAN_POINT('',(-3.10897459621556,-11.9481018056558,3.67326329599243));
#2803=CARTESIAN_POINT('',(0.,0.,0.));
#2804=CARTESIAN_POINT('',(-6.71705080756887,0.,0.));
#2805=CARTESIAN_POINT('',(-6.71705080756887,0.,9.49999999999999));
#2806=CARTESIAN_POINT('',(-4.84102540378444,-8.98001075148267,3.09990433775875));
#2807=CARTESIAN_POINT('',(-4.86749425991287,-9.01730593439585,2.99186515104598));
#2808=CARTESIAN_POINT('',(-4.86749949278226,-9.05372136744794,2.879791305443));
#2809=CARTESIAN_POINT('',(-4.84102540378444,-9.08705936087128,2.77044259496592));
#2810=CARTESIAN_POINT('',(-3.975,-10.4616216792467,3.39918693812442));
#2811=CARTESIAN_POINT('',(-3.10897459621556,-9.08705936087128,2.77044259496592));
#2812=CARTESIAN_POINT('',(-3.08250574008713,-9.05372795703692,2.87976969157292));
#2813=CARTESIAN_POINT('',(-3.08250050721774,-9.01731330762045,2.99184379179455));
#2814=CARTESIAN_POINT('',(-3.10897459621556,-8.98001075148267,3.09990433775876));
#2815=CARTESIAN_POINT('',(-4.84102540378444,-11.8253074044691,4.05118560298195));
#2816=CARTESIAN_POINT('',(-4.86762451595542,-11.8680067307063,3.9265473592177));
#2817=CARTESIAN_POINT('',(-4.8676272193768,-11.9093818297389,3.79920858683816));
#2818=CARTESIAN_POINT('',(-4.84102540378443,-11.9481018056558,3.6732632959924));
#2819=CARTESIAN_POINT('',(-4.84102540378444,-11.8253074044691,4.05118560298195));
#2820=CARTESIAN_POINT('',(-3.10897459621556,-11.8253074044691,4.05118560298193));
#2821=CARTESIAN_POINT('',(-3.6379835658505,-12.1150322535873,4.14787531869283));
#2822=CARTESIAN_POINT('',(-4.31201774556054,-12.1150315353606,4.14787507899943));
#2823=CARTESIAN_POINT('',(-4.84102540378444,-11.8253074044691,4.05118560298193));
#2824=CARTESIAN_POINT('',(-3.975,0.,0.));
#2825=CARTESIAN_POINT('',(-4.84102540378444,0.,0.));
#2826=CARTESIAN_POINT('',(0.,0.,0.));
#2827=CARTESIAN_POINT('',(-6.71705080756887,0.,0.));
#2828=CARTESIAN_POINT('',(-6.71705080756887,0.,-12.5));
#2829=CARTESIAN_POINT('',(0.,0.,0.));
#2830=CARTESIAN_POINT('',(3.10897459621556,0.,0.));
#2831=CARTESIAN_POINT('',(3.10897459621556,-8.98001075148267,3.09990433775875));
#2832=CARTESIAN_POINT('',(3.10897459621556,-5.72316015219496,7.58257462029407));
#2833=CARTESIAN_POINT('',(3.10897459621556,-5.72316015219496,7.58257462029407));
#2834=CARTESIAN_POINT('',(3.08250574008713,-5.63193362498504,7.65143039178276));
#2835=CARTESIAN_POINT('',(3.08250050721774,-5.53659805148868,7.72069624959693));
#2836=CARTESIAN_POINT('',(3.10897459621556,-5.44290325436716,7.78619317533281));
#2837=CARTESIAN_POINT('',(3.10897459621556,-5.44290325436716,7.78619317533281));
#2838=CARTESIAN_POINT('',(3.10897459621556,0.,0.));
#2839=CARTESIAN_POINT('',(3.10897459621556,-0.173208288439179,9.4984208629022));
#2840=CARTESIAN_POINT('',(3.10897459621556,-0.173208288439179,9.4984208629022));
#2841=CARTESIAN_POINT('',(3.08250574008713,-0.0589320705722716,9.50050474488551));
#2842=CARTESIAN_POINT('',(3.08250050721774,0.0589094782653184,9.50050515686713));
#2843=CARTESIAN_POINT('',(3.10897459621556,0.173208288439189,9.4984208629022));
#2844=CARTESIAN_POINT('',(3.10897459621556,0.173208288439189,9.4984208629022));
#2845=CARTESIAN_POINT('',(3.10897459621556,0.,0.));
#2846=CARTESIAN_POINT('',(3.10897459621556,5.44290325436717,7.78619317533281));
#2847=CARTESIAN_POINT('',(3.10897459621556,5.44290325436717,7.78619317533281));
#2848=CARTESIAN_POINT('',(3.08250574008714,5.5365795317717,7.72070919572164));
#2849=CARTESIAN_POINT('',(3.08250050721775,5.63191558958149,7.65144400450773));
#2850=CARTESIAN_POINT('',(3.10897459621556,5.72316015219497,7.58257462029406));
#2851=CARTESIAN_POINT('',(3.10897459621556,5.72316015219497,7.58257462029406));
#2852=CARTESIAN_POINT('',(3.10897459621556,0.,0.));
#2853=CARTESIAN_POINT('',(3.10897459621556,8.98001075148268,3.09990433775874));
#2854=CARTESIAN_POINT('',(3.10897459621556,8.98001075148267,3.09990433775874));
#2855=CARTESIAN_POINT('',(3.08250574008713,9.01730593439585,2.99186515104597));
#2856=CARTESIAN_POINT('',(3.08250050721774,9.05372136744794,2.87979130544299));
#2857=CARTESIAN_POINT('',(3.10897459621556,9.08705936087128,2.77044259496591));
#2858=CARTESIAN_POINT('',(3.10897459621556,9.08705936087129,2.77044259496591));
#2859=CARTESIAN_POINT('',(3.10897459621556,0.,0.));
#2860=CARTESIAN_POINT('',(3.10897459621556,9.08705936087128,-2.77044259496592));
#2861=CARTESIAN_POINT('',(3.10897459621556,9.08705936087128,-2.77044259496592));
#2862=CARTESIAN_POINT('',(3.08250574008714,9.05372795703692,-2.87976969157292));
#2863=CARTESIAN_POINT('',(3.08250050721775,9.01731330762045,-2.99184379179455));
#2864=CARTESIAN_POINT('',(3.10897459621556,8.98001075148267,-3.09990433775876));
#2865=CARTESIAN_POINT('',(3.10897459621556,8.98001075148267,-3.09990433775876));
#2866=CARTESIAN_POINT('',(3.10897459621556,0.,0.));
#2867=CARTESIAN_POINT('',(3.10897459621556,5.72316015219496,-7.58257462029407));
#2868=CARTESIAN_POINT('',(3.10897459621556,5.72316015219496,-7.58257462029407));
#2869=CARTESIAN_POINT('',(3.08250574008713,5.63193362498504,-7.65143039178276));
#2870=CARTESIAN_POINT('',(3.08250050721775,5.53659805148868,-7.72069624959693));
#2871=CARTESIAN_POINT('',(3.10897459621556,5.44290325436716,-7.78619317533281));
#2872=CARTESIAN_POINT('',(3.10897459621556,5.44290325436716,-7.78619317533281));
#2873=CARTESIAN_POINT('',(3.10897459621556,0.,0.));
#2874=CARTESIAN_POINT('',(3.10897459621556,0.173208288439178,-9.4984208629022));
#2875=CARTESIAN_POINT('',(3.10897459621556,0.173208288439178,-9.4984208629022));
#2876=CARTESIAN_POINT('',(3.08250574008713,0.0589320705722705,-9.50050474488551));
#2877=CARTESIAN_POINT('',(3.08250050721774,-0.0589094782653196,-9.50050515686713));
#2878=CARTESIAN_POINT('',(3.10897459621556,-0.17320828843919,-9.4984208629022));
#2879=CARTESIAN_POINT('',(3.10897459621556,-0.17320828843919,-9.4984208629022));
#2880=CARTESIAN_POINT('',(3.10897459621556,0.,0.));
#2881=CARTESIAN_POINT('',(3.10897459621556,-5.44290325436717,-7.78619317533281));
#2882=CARTESIAN_POINT('',(3.10897459621556,-5.44290325436717,-7.78619317533281));
#2883=CARTESIAN_POINT('',(3.08250574008713,-5.53657953177169,-7.72070919572164));
#2884=CARTESIAN_POINT('',(3.08250050721775,-5.63191558958149,-7.65144400450773));
#2885=CARTESIAN_POINT('',(3.10897459621556,-5.72316015219496,-7.58257462029406));
#2886=CARTESIAN_POINT('',(3.10897459621556,-5.72316015219497,-7.58257462029406));
#2887=CARTESIAN_POINT('',(3.10897459621556,0.,0.));
#2888=CARTESIAN_POINT('',(3.10897459621556,-8.98001075148267,-3.09990433775875));
#2889=CARTESIAN_POINT('',(3.10897459621556,-8.98001075148267,-3.09990433775875));
#2890=CARTESIAN_POINT('',(3.08250574008713,-9.01730593439585,-2.99186515104597));
#2891=CARTESIAN_POINT('',(3.08250050721775,-9.05372136744794,-2.87979130544299));
#2892=CARTESIAN_POINT('',(3.10897459621556,-9.08705936087128,-2.77044259496591));
#2893=CARTESIAN_POINT('',(3.10897459621556,-9.08705936087128,-2.77044259496591));
#2894=CARTESIAN_POINT('',(3.10897459621556,0.,0.));
#2895=CARTESIAN_POINT('',(3.10897459621556,-9.08705936087128,2.77044259496592));
#2896=CARTESIAN_POINT('',(3.10897459621556,-9.08705936087128,2.77044259496592));
#2897=CARTESIAN_POINT('',(3.08250574008713,-9.05372795703692,2.87976969157292));
#2898=CARTESIAN_POINT('',(3.08250050721774,-9.01731330762045,2.99184379179455));
#2899=CARTESIAN_POINT('',(3.10897459621556,-8.98001075148267,3.09990433775875));
#2900=CARTESIAN_POINT('',(3.975,0.,0.));
#2901=CARTESIAN_POINT('',(4.84102540378444,0.,0.));
#2902=CARTESIAN_POINT('',(4.84102540378444,-11.9481018056558,-3.6732632959924));
#2903=CARTESIAN_POINT('',(4.84102540378444,-11.9481018056558,3.6732632959924));
#2904=CARTESIAN_POINT('',(3.10897459621556,-11.9481018056558,-3.67326329599241));
#2905=CARTESIAN_POINT('',(3.6379835658505,-12.2393269212283,-3.76533566633535));
#2906=CARTESIAN_POINT('',(4.31201774556054,-12.2393261992825,-3.76533543808832));
#2907=CARTESIAN_POINT('',(4.84102540378444,-11.9481018056558,-3.6732632959924));
#2908=CARTESIAN_POINT('',(4.84102540378444,-11.9481018056558,3.67326329599241));
#2909=CARTESIAN_POINT('',(4.3120164341495,-12.2393269212283,3.76533566633536));
#2910=CARTESIAN_POINT('',(3.63798225443946,-12.2393261992825,3.76533543808834));
#2911=CARTESIAN_POINT('',(3.10897459621556,-11.9481018056558,3.67326329599242));
#2912=CARTESIAN_POINT('',(3.975,0.,0.));
#2913=CARTESIAN_POINT('',(4.84102540378444,0.,0.));
#2914=CARTESIAN_POINT('',(4.84102540378444,-7.50712741812594,-9.99465046552512));
#2915=CARTESIAN_POINT('',(4.84102540378444,-11.8253074044691,-4.05118560298195));
#2916=CARTESIAN_POINT('',(3.10897459621556,-7.50712741812595,-9.99465046552512));
#2917=CARTESIAN_POINT('',(3.6379835658505,-7.68861470438177,-10.2403164058757));
#2918=CARTESIAN_POINT('',(4.31201774556054,-7.68861425447553,-10.2403157968708));
#2919=CARTESIAN_POINT('',(4.84102540378444,-7.50712741812593,-9.99465046552513));
#2920=CARTESIAN_POINT('',(4.84102540378444,-11.8253074044691,-4.05118560298195));
#2921=CARTESIAN_POINT('',(4.31201643414949,-12.1150322535873,-4.14787531869285));
#2922=CARTESIAN_POINT('',(3.63798225443946,-12.1150315353606,-4.14787507899944));
#2923=CARTESIAN_POINT('',(3.10897459621556,-11.8253074044691,-4.05118560298194));
#2924=CARTESIAN_POINT('',(3.975,0.,0.));
#2925=CARTESIAN_POINT('',(4.84102540378444,0.,0.));
#2926=CARTESIAN_POINT('',(4.84102540378444,-0.198685514748243,-12.4984208629022));
#2927=CARTESIAN_POINT('',(4.84102540378444,-7.18564750219102,-10.2282192963514));
#2928=CARTESIAN_POINT('',(3.10897459621556,-0.198685514748226,-12.4984208629022));
#2929=CARTESIAN_POINT('',(3.6379835658505,-0.201112996863563,-12.8038443339247));
#2930=CARTESIAN_POINT('',(4.31201774556054,-0.201112990845852,-12.8038435767811));
#2931=CARTESIAN_POINT('',(4.84102540378444,-0.198685514748233,-12.4984208629022));
#2932=CARTESIAN_POINT('',(4.84102540378444,-7.18564750219103,-10.2282192963514));
#2933=CARTESIAN_POINT('',(4.3120164341495,-7.36320703987716,-10.4767389130772));
#2934=CARTESIAN_POINT('',(3.63798225443946,-7.3632065997078,-10.4767382969981));
#2935=CARTESIAN_POINT('',(3.10897459621556,-7.18564750219102,-10.2282192963514));
#2936=CARTESIAN_POINT('',(3.975,0.,0.));
#2937=CARTESIAN_POINT('',(4.84102540378444,0.,0.));
#2938=CARTESIAN_POINT('',(4.84102540378444,7.18564750219102,-10.2282192963514));
#2939=CARTESIAN_POINT('',(4.84102540378444,0.198685514748239,-12.4984208629022));
#2940=CARTESIAN_POINT('',(3.10897459621556,7.18564750219103,-10.2282192963514));
#2941=CARTESIAN_POINT('',(3.6379835658505,7.36320703987716,-10.4767389130772));
#2942=CARTESIAN_POINT('',(4.31201774556054,7.36320659970781,-10.4767382969981));
#2943=CARTESIAN_POINT('',(4.84102540378444,7.18564750219103,-10.2282192963514));
#2944=CARTESIAN_POINT('',(4.84102540378444,0.198685514748225,-12.4984208629022));
#2945=CARTESIAN_POINT('',(4.3120164341495,0.201112996863561,-12.8038443339247));
#2946=CARTESIAN_POINT('',(3.63798225443946,0.20111299084585,-12.8038435767811));
#2947=CARTESIAN_POINT('',(3.10897459621556,0.198685514748232,-12.4984208629022));
#2948=CARTESIAN_POINT('',(3.975,0.,0.));
#2949=CARTESIAN_POINT('',(4.84102540378444,0.,0.));
#2950=CARTESIAN_POINT('',(4.84102540378444,11.8253074044691,-4.05118560298195));
#2951=CARTESIAN_POINT('',(4.84102540378444,7.50712741812594,-9.99465046552512));
#2952=CARTESIAN_POINT('',(3.10897459621556,11.8253074044691,-4.05118560298194));
#2953=CARTESIAN_POINT('',(3.6379835658505,12.1150322535873,-4.14787531869285));
#2954=CARTESIAN_POINT('',(4.31201774556054,12.1150315353606,-4.14787507899944));
#2955=CARTESIAN_POINT('',(4.84102540378444,11.8253074044691,-4.05118560298194));
#2956=CARTESIAN_POINT('',(4.84102540378444,7.50712741812594,-9.99465046552512));
#2957=CARTESIAN_POINT('',(4.3120164341495,7.68861470438177,-10.2403164058757));
#2958=CARTESIAN_POINT('',(3.63798225443946,7.68861425447553,-10.2403157968708));
#2959=CARTESIAN_POINT('',(3.10897459621556,7.50712741812593,-9.99465046552513));
#2960=CARTESIAN_POINT('',(3.975,0.,0.));
#2961=CARTESIAN_POINT('',(4.84102540378444,0.,0.));
#2962=CARTESIAN_POINT('',(4.84102540378444,11.9481018056558,3.6732632959924));
#2963=CARTESIAN_POINT('',(4.84102540378444,11.9481018056558,-3.67326329599241));
#2964=CARTESIAN_POINT('',(3.10897459621556,11.9481018056558,3.67326329599241));
#2965=CARTESIAN_POINT('',(3.6379835658505,12.2393269212283,3.76533566633536));
#2966=CARTESIAN_POINT('',(4.31201774556054,12.2393261992825,3.76533543808835));
#2967=CARTESIAN_POINT('',(4.84102540378444,11.9481018056558,3.67326329599242));
#2968=CARTESIAN_POINT('',(4.84102540378444,11.9481018056558,-3.67326329599241));
#2969=CARTESIAN_POINT('',(4.3120164341495,12.2393269212283,-3.76533566633535));
#2970=CARTESIAN_POINT('',(3.63798225443946,12.2393261992825,-3.76533543808832));
#2971=CARTESIAN_POINT('',(3.10897459621556,11.9481018056558,-3.6732632959924));
#2972=CARTESIAN_POINT('',(3.975,0.,0.));
#2973=CARTESIAN_POINT('',(4.84102540378444,0.,0.));
#2974=CARTESIAN_POINT('',(4.84102540378444,7.50712741812594,9.99465046552512));
#2975=CARTESIAN_POINT('',(4.84102540378444,11.8253074044691,4.05118560298194));
#2976=CARTESIAN_POINT('',(3.10897459621556,7.50712741812594,9.99465046552513));
#2977=CARTESIAN_POINT('',(3.6379835658505,7.68861470438177,10.2403164058757));
#2978=CARTESIAN_POINT('',(4.31201774556054,7.68861425447555,10.2403157968708));
#2979=CARTESIAN_POINT('',(4.84102540378444,7.50712741812595,9.99465046552511));
#2980=CARTESIAN_POINT('',(4.84102540378444,11.8253074044691,4.05118560298194));
#2981=CARTESIAN_POINT('',(4.3120164341495,12.1150322535873,4.14787531869285));
#2982=CARTESIAN_POINT('',(3.63798225443946,12.1150315353606,4.14787507899944));
#2983=CARTESIAN_POINT('',(3.10897459621556,11.8253074044691,4.05118560298194));
#2984=CARTESIAN_POINT('',(3.975,0.,0.));
#2985=CARTESIAN_POINT('',(4.84102540378444,0.,0.));
#2986=CARTESIAN_POINT('',(4.84102540378444,0.198685514748242,12.4984208629022));
#2987=CARTESIAN_POINT('',(4.84102540378444,7.18564750219102,10.2282192963514));
#2988=CARTESIAN_POINT('',(3.10897459621556,0.198685514748225,12.4984208629022));
#2989=CARTESIAN_POINT('',(3.6379835658505,0.201112996863561,12.8038443339247));
#2990=CARTESIAN_POINT('',(4.31201774556054,0.20111299084585,12.8038435767811));
#2991=CARTESIAN_POINT('',(4.84102540378444,0.198685514748232,12.4984208629022));
#2992=CARTESIAN_POINT('',(4.84102540378444,7.18564750219103,10.2282192963514));
#2993=CARTESIAN_POINT('',(4.3120164341495,7.36320703987716,10.4767389130772));
#2994=CARTESIAN_POINT('',(3.63798225443946,7.36320659970779,10.4767382969981));
#2995=CARTESIAN_POINT('',(3.10897459621556,7.18564750219102,10.2282192963514));
#2996=CARTESIAN_POINT('',(3.975,0.,0.));
#2997=CARTESIAN_POINT('',(4.84102540378444,0.,0.));
#2998=CARTESIAN_POINT('',(4.84102540378444,-7.18564750219102,10.2282192963514));
#2999=CARTESIAN_POINT('',(4.84102540378444,-0.19868551474824,12.4984208629022));
#3000=CARTESIAN_POINT('',(3.10897459621556,-7.18564750219103,10.2282192963514));
#3001=CARTESIAN_POINT('',(3.6379835658505,-7.36320703987716,10.4767389130772));
#3002=CARTESIAN_POINT('',(4.31201774556054,-7.3632065997078,10.4767382969981));
#3003=CARTESIAN_POINT('',(4.84102540378444,-7.18564750219103,10.2282192963514));
#3004=CARTESIAN_POINT('',(4.84102540378444,-0.198685514748226,12.4984208629022));
#3005=CARTESIAN_POINT('',(4.3120164341495,-0.201112996863563,12.8038443339247));
#3006=CARTESIAN_POINT('',(3.63798225443946,-0.201112990845849,12.8038435767811));
#3007=CARTESIAN_POINT('',(3.10897459621556,-0.198685514748231,12.4984208629022));
#3008=CARTESIAN_POINT('',(3.975,0.,0.));
#3009=CARTESIAN_POINT('',(4.84102540378444,0.,0.));
#3010=CARTESIAN_POINT('',(4.84102540378444,-11.8253074044691,4.05118560298195));
#3011=CARTESIAN_POINT('',(4.84102540378444,-7.50712741812594,9.99465046552512));
#3012=CARTESIAN_POINT('',(3.10897459621556,-11.8253074044691,4.05118560298194));
#3013=CARTESIAN_POINT('',(3.6379835658505,-12.1150322535873,4.14787531869284));
#3014=CARTESIAN_POINT('',(4.31201774556054,-12.1150315353606,4.14787507899943));
#3015=CARTESIAN_POINT('',(4.84102540378444,-11.8253074044691,4.05118560298193));
#3016=CARTESIAN_POINT('',(4.84102540378444,-7.50712741812593,9.99465046552513));
#3017=CARTESIAN_POINT('',(4.3120164341495,-7.68861470438176,10.2403164058757));
#3018=CARTESIAN_POINT('',(3.63798225443946,-7.68861425447553,10.2403157968708));
#3019=CARTESIAN_POINT('',(3.10897459621556,-7.50712741812593,9.99465046552513));
#3020=CARTESIAN_POINT('',(3.975,-6.4656377752172,8.89918693812442));
#3021=CARTESIAN_POINT('',(3.10897459621556,-5.44290325436716,7.78619317533281));
#3022=CARTESIAN_POINT('',(3.63798280666817,-5.26563283756852,7.53746404177262));
#3023=CARTESIAN_POINT('',(4.31201851747299,-5.26563328128764,7.53746466435743));
#3024=CARTESIAN_POINT('',(4.84102540378444,-5.44290325436717,7.78619317533281));
#3025=CARTESIAN_POINT('',(4.84102540378444,-5.44290325436717,7.78619317533281));
#3026=CARTESIAN_POINT('',(4.84102540378444,-5.72316015219497,7.58257462029406));
#3027=CARTESIAN_POINT('',(4.31201719333182,-5.54138426032081,7.33711890598509));
#3028=CARTESIAN_POINT('',(3.63798148252702,-5.5413847153174,7.33711952037635));
#3029=CARTESIAN_POINT('',(3.10897459621556,-5.72316015219496,7.58257462029407));
#3030=CARTESIAN_POINT('',(4.84102540378444,-5.72316015219497,7.58257462029406));
#3031=CARTESIAN_POINT('',(4.84102540378444,-5.44290325436717,7.78619317533281));
#3032=CARTESIAN_POINT('',(4.86749425991287,-5.5365795317717,7.72070919572164));
#3033=CARTESIAN_POINT('',(4.86749949278225,-5.63191558958149,7.65144400450773));
#3034=CARTESIAN_POINT('',(4.84102540378444,-5.72316015219496,7.58257462029406));
#3035=CARTESIAN_POINT('',(4.84102540378444,-7.18564750219102,10.2282192963514));
#3036=CARTESIAN_POINT('',(4.86762451595542,-7.29345250432154,10.1524828732422));
#3037=CARTESIAN_POINT('',(4.8676272193768,-7.40177351503261,10.0737833153678));
#3038=CARTESIAN_POINT('',(4.84102540378444,-7.50712741812594,9.99465046552512));
#3039=CARTESIAN_POINT('',(3.975,0.,0.));
#3040=CARTESIAN_POINT('',(4.84102540378444,0.,0.));
#3041=CARTESIAN_POINT('',(4.84102540378444,-0.173208288439189,9.4984208629022));
#3042=CARTESIAN_POINT('',(4.84102540378444,-0.173208288439179,9.49842086290221));
#3043=CARTESIAN_POINT('',(4.31201719333182,-0.170423751707045,9.19299783019386));
#3044=CARTESIAN_POINT('',(3.63798148252702,-0.170423758676928,9.19299859468712));
#3045=CARTESIAN_POINT('',(3.10897459621556,-0.17320828843919,9.49842086290221));
#3046=CARTESIAN_POINT('',(3.975,0.,11.));
#3047=CARTESIAN_POINT('',(3.10897459621556,0.17320828843918,9.4984208629022));
#3048=CARTESIAN_POINT('',(3.63798280666817,0.170423751707047,9.19299783019387));
#3049=CARTESIAN_POINT('',(4.31201851747298,0.170423758676928,9.19299859468712));
#3050=CARTESIAN_POINT('',(4.84102540378444,0.17320828843919,9.4984208629022));
#3051=CARTESIAN_POINT('',(4.84102540378444,0.173208288439179,9.4984208629022));
#3052=CARTESIAN_POINT('',(4.84102540378444,0.173208288439179,9.4984208629022));
#3053=CARTESIAN_POINT('',(4.86749425991286,0.058932070572271,9.50050474488551));
#3054=CARTESIAN_POINT('',(4.86749949278225,-0.0589094782653188,9.50050515686713));
#3055=CARTESIAN_POINT('',(4.84102540378444,-0.173208288439189,9.4984208629022));
#3056=CARTESIAN_POINT('',(4.84102540378444,0.198685514748242,12.4984208629022));
#3057=CARTESIAN_POINT('',(4.86762451595542,0.0669526833810113,12.5005149998893));
#3058=CARTESIAN_POINT('',(4.8676272193768,-0.0669392946126016,12.5005152127285));
#3059=CARTESIAN_POINT('',(4.84102540378444,-0.19868551474824,12.4984208629022));
#3060=CARTESIAN_POINT('',(3.975,0.,0.));
#3061=CARTESIAN_POINT('',(4.84102540378444,0.,0.));
#3062=CARTESIAN_POINT('',(4.84102540378444,5.44290325436716,7.78619317533281));
#3063=CARTESIAN_POINT('',(4.84102540378444,5.44290325436718,7.7861931753328));
#3064=CARTESIAN_POINT('',(4.31201719333182,5.26563283756853,7.5374640417726));
#3065=CARTESIAN_POINT('',(3.63798148252702,5.26563328128764,7.53746466435743));
#3066=CARTESIAN_POINT('',(3.10897459621556,5.44290325436717,7.78619317533281));
#3067=CARTESIAN_POINT('',(3.975,6.4656377752172,8.89918693812442));
#3068=CARTESIAN_POINT('',(3.10897459621556,5.72316015219496,7.58257462029407));
#3069=CARTESIAN_POINT('',(3.63798280666817,5.54138426032079,7.3371189059851));
#3070=CARTESIAN_POINT('',(4.31201851747298,5.54138471531741,7.33711952037634));
#3071=CARTESIAN_POINT('',(4.84102540378444,5.72316015219497,7.58257462029406));
#3072=CARTESIAN_POINT('',(4.84102540378444,5.72316015219496,7.58257462029407));
#3073=CARTESIAN_POINT('',(4.84102540378444,5.72316015219496,7.58257462029407));
#3074=CARTESIAN_POINT('',(4.86749425991286,5.63193362498504,7.65143039178276));
#3075=CARTESIAN_POINT('',(4.86749949278225,5.53659805148869,7.72069624959693));
#3076=CARTESIAN_POINT('',(4.84102540378444,5.44290325436716,7.78619317533281));
#3077=CARTESIAN_POINT('',(4.84102540378444,7.50712741812594,9.99465046552512));
#3078=CARTESIAN_POINT('',(4.86762451595543,7.40178422167002,10.0737752734566));
#3079=CARTESIAN_POINT('',(4.8676272193768,7.29346346116648,10.1524751757121));
#3080=CARTESIAN_POINT('',(4.84102540378444,7.18564750219102,10.2282192963514));
#3081=CARTESIAN_POINT('',(3.975,0.,0.));
#3082=CARTESIAN_POINT('',(4.84102540378444,0.,0.));
#3083=CARTESIAN_POINT('',(4.84102540378444,8.98001075148267,3.09990433775875));
#3084=CARTESIAN_POINT('',(4.84102540378444,8.98001075148267,3.09990433775875));
#3085=CARTESIAN_POINT('',(4.31201719333182,8.69039665517047,3.00287517837438));
#3086=CARTESIAN_POINT('',(3.63798148252702,8.69039738009295,3.00287542124453));
#3087=CARTESIAN_POINT('',(3.10897459621556,8.98001075148267,3.09990433775875));
#3088=CARTESIAN_POINT('',(3.975,10.4616216792467,3.39918693812442));
#3089=CARTESIAN_POINT('',(3.10897459621556,9.08705936087129,2.77044259496591));
#3090=CARTESIAN_POINT('',(3.63798280666817,8.7957243262157,2.67870993918946));
#3091=CARTESIAN_POINT('',(4.31201851747299,8.7957250554458,2.67871016880214));
#3092=CARTESIAN_POINT('',(4.84102540378444,9.08705936087128,2.77044259496592));
#3093=CARTESIAN_POINT('',(4.84102540378444,9.08705936087128,2.77044259496592));
#3094=CARTESIAN_POINT('',(4.84102540378444,9.08705936087128,2.77044259496592));
#3095=CARTESIAN_POINT('',(4.86749425991286,9.05372795703692,2.87976969157292));
#3096=CARTESIAN_POINT('',(4.86749949278226,9.01731330762045,2.99184379179455));
#3097=CARTESIAN_POINT('',(4.84102540378444,8.98001075148267,3.09990433775875));
#3098=CARTESIAN_POINT('',(4.84102540378444,11.9481018056558,3.6732632959924));
#3099=CARTESIAN_POINT('',(4.86762451595542,11.9093857646738,3.79919578759178));
#3100=CARTESIAN_POINT('',(4.8676272193768,11.8680110704854,3.92653469151319));
#3101=CARTESIAN_POINT('',(4.84102540378444,11.8253074044691,4.05118560298194));
#3102=CARTESIAN_POINT('',(3.975,0.,0.));
#3103=CARTESIAN_POINT('',(4.84102540378444,0.,0.));
#3104=CARTESIAN_POINT('',(4.84102540378444,9.08705936087128,-2.77044259496591));
#3105=CARTESIAN_POINT('',(4.84102540378444,9.08705936087128,-2.77044259496592));
#3106=CARTESIAN_POINT('',(4.31201719333182,8.7957243262157,-2.67870993918947));
#3107=CARTESIAN_POINT('',(3.63798148252702,8.7957250554458,-2.67871016880214));
#3108=CARTESIAN_POINT('',(3.10897459621556,9.08705936087128,-2.77044259496593));
#3109=CARTESIAN_POINT('',(3.975,10.4616216792467,-3.39918693812442));
#3110=CARTESIAN_POINT('',(3.10897459621556,8.98001075148268,-3.09990433775874));
#3111=CARTESIAN_POINT('',(3.63798280666817,8.69039665517047,-3.00287517837437));
#3112=CARTESIAN_POINT('',(4.31201851747298,8.69039738009296,-3.00287542124451));
#3113=CARTESIAN_POINT('',(4.84102540378444,8.98001075148268,-3.09990433775874));
#3114=CARTESIAN_POINT('',(4.84102540378444,8.98001075148267,-3.09990433775875));
#3115=CARTESIAN_POINT('',(4.84102540378444,8.98001075148267,-3.09990433775875));
#3116=CARTESIAN_POINT('',(4.86749425991286,9.01730593439585,-2.99186515104597));
#3117=CARTESIAN_POINT('',(4.86749949278225,9.05372136744793,-2.87979130544299));
#3118=CARTESIAN_POINT('',(4.84102540378443,9.08705936087128,-2.77044259496591));
#3119=CARTESIAN_POINT('',(4.84102540378444,11.8253074044691,-4.05118560298195));
#3120=CARTESIAN_POINT('',(4.86762451595542,11.8680067307063,-3.9265473592177));
#3121=CARTESIAN_POINT('',(4.8676272193768,11.9093818297389,-3.79920858683817));
#3122=CARTESIAN_POINT('',(4.84102540378444,11.9481018056558,-3.67326329599241));
#3123=CARTESIAN_POINT('',(3.975,0.,0.));
#3124=CARTESIAN_POINT('',(4.84102540378444,0.,0.));
#3125=CARTESIAN_POINT('',(4.84102540378444,5.72316015219496,-7.58257462029406));
#3126=CARTESIAN_POINT('',(4.84102540378444,5.72316015219495,-7.58257462029407));
#3127=CARTESIAN_POINT('',(4.31201719333182,5.54138426032079,-7.3371189059851));
#3128=CARTESIAN_POINT('',(3.63798148252702,5.5413847153174,-7.33711952037635));
#3129=CARTESIAN_POINT('',(3.10897459621556,5.72316015219496,-7.58257462029407));
#3130=CARTESIAN_POINT('',(3.975,6.4656377752172,-8.89918693812442));
#3131=CARTESIAN_POINT('',(3.10897459621556,5.44290325436716,-7.78619317533281));
#3132=CARTESIAN_POINT('',(3.63798280666817,5.26563283756852,-7.53746404177262));
#3133=CARTESIAN_POINT('',(4.31201851747298,5.26563328128763,-7.53746466435744));
#3134=CARTESIAN_POINT('',(4.84102540378444,5.44290325436716,-7.78619317533281));
#3135=CARTESIAN_POINT('',(4.84102540378444,5.44290325436717,-7.78619317533281));
#3136=CARTESIAN_POINT('',(4.84102540378444,5.44290325436717,-7.78619317533281));
#3137=CARTESIAN_POINT('',(4.86749425991286,5.53657953177169,-7.72070919572164));
#3138=CARTESIAN_POINT('',(4.86749949278225,5.63191558958149,-7.65144400450773));
#3139=CARTESIAN_POINT('',(4.84102540378444,5.72316015219496,-7.58257462029406));
#3140=CARTESIAN_POINT('',(4.84102540378444,7.18564750219102,-10.2282192963514));
#3141=CARTESIAN_POINT('',(4.86762451595542,7.29345250432154,-10.1524828732422));
#3142=CARTESIAN_POINT('',(4.8676272193768,7.40177351503261,-10.0737833153678));
#3143=CARTESIAN_POINT('',(4.84102540378444,7.50712741812594,-9.99465046552512));
#3144=CARTESIAN_POINT('',(3.975,0.,0.));
#3145=CARTESIAN_POINT('',(4.84102540378444,0.,0.));
#3146=CARTESIAN_POINT('',(4.84102540378444,0.173208288439188,-9.4984208629022));
#3147=CARTESIAN_POINT('',(4.84102540378444,0.173208288439178,-9.49842086290221));
#3148=CARTESIAN_POINT('',(4.31201719333182,0.170423751707044,-9.19299783019386));
#3149=CARTESIAN_POINT('',(3.63798148252702,0.170423758676927,-9.19299859468712));
#3150=CARTESIAN_POINT('',(3.10897459621556,0.173208288439189,-9.49842086290221));
#3151=CARTESIAN_POINT('',(3.975,-1.34711147906209E-15,-11.));
#3152=CARTESIAN_POINT('',(3.10897459621556,-0.173208288439182,-9.4984208629022));
#3153=CARTESIAN_POINT('',(3.63798280666817,-0.170423751707048,-9.19299783019387));
#3154=CARTESIAN_POINT('',(4.31201851747298,-0.170423758676929,-9.19299859468712));
#3155=CARTESIAN_POINT('',(4.84102540378444,-0.173208288439191,-9.4984208629022));
#3156=CARTESIAN_POINT('',(4.84102540378444,-0.17320828843918,-9.4984208629022));
#3157=CARTESIAN_POINT('',(4.84102540378444,-0.17320828843918,-9.4984208629022));
#3158=CARTESIAN_POINT('',(4.86749425991286,-0.0589320705722722,-9.50050474488551));
#3159=CARTESIAN_POINT('',(4.86749949278225,0.0589094782653176,-9.50050515686713));
#3160=CARTESIAN_POINT('',(4.84102540378444,0.173208288439188,-9.4984208629022));
#3161=CARTESIAN_POINT('',(4.84102540378444,-0.198685514748243,-12.4984208629022));
#3162=CARTESIAN_POINT('',(4.86762451595542,-0.0669526833810128,-12.5005149998893));
#3163=CARTESIAN_POINT('',(4.8676272193768,0.0669392946126002,-12.5005152127285));
#3164=CARTESIAN_POINT('',(4.84102540378444,0.198685514748239,-12.4984208629022));
#3165=CARTESIAN_POINT('',(3.975,0.,0.));
#3166=CARTESIAN_POINT('',(4.84102540378444,0.,0.));
#3167=CARTESIAN_POINT('',(4.84102540378444,-5.44290325436716,-7.78619317533281));
#3168=CARTESIAN_POINT('',(4.84102540378444,-5.44290325436717,-7.7861931753328));
#3169=CARTESIAN_POINT('',(4.31201719333182,-5.26563283756853,-7.5374640417726));
#3170=CARTESIAN_POINT('',(3.63798148252702,-5.26563328128763,-7.53746466435744));
#3171=CARTESIAN_POINT('',(3.10897459621556,-5.44290325436716,-7.78619317533281));
#3172=CARTESIAN_POINT('',(3.975,-6.4656377752172,-8.89918693812442));
#3173=CARTESIAN_POINT('',(3.10897459621556,-5.72316015219496,-7.58257462029406));
#3174=CARTESIAN_POINT('',(3.63798280666817,-5.5413842603208,-7.3371189059851));
#3175=CARTESIAN_POINT('',(4.31201851747298,-5.5413847153174,-7.33711952037635));
#3176=CARTESIAN_POINT('',(4.84102540378444,-5.72316015219496,-7.58257462029407));
#3177=CARTESIAN_POINT('',(4.84102540378444,-5.72316015219496,-7.58257462029407));
#3178=CARTESIAN_POINT('',(4.84102540378444,-5.72316015219496,-7.58257462029407));
#3179=CARTESIAN_POINT('',(4.86749425991286,-5.63193362498504,-7.65143039178276));
#3180=CARTESIAN_POINT('',(4.86749949278225,-5.53659805148868,-7.72069624959693));
#3181=CARTESIAN_POINT('',(4.84102540378444,-5.44290325436716,-7.78619317533281));
#3182=CARTESIAN_POINT('',(4.84102540378444,-7.50712741812594,-9.99465046552512));
#3183=CARTESIAN_POINT('',(4.86762451595542,-7.40178422167003,-10.0737752734566));
#3184=CARTESIAN_POINT('',(4.8676272193768,-7.29346346116648,-10.1524751757121));
#3185=CARTESIAN_POINT('',(4.84102540378444,-7.18564750219102,-10.2282192963514));
#3186=CARTESIAN_POINT('',(3.975,0.,0.));
#3187=CARTESIAN_POINT('',(4.84102540378444,0.,0.));
#3188=CARTESIAN_POINT('',(4.84102540378444,-8.98001075148267,-3.09990433775876));
#3189=CARTESIAN_POINT('',(4.84102540378444,-8.98001075148267,-3.09990433775875));
#3190=CARTESIAN_POINT('',(4.31201719333182,-8.69039665517047,-3.00287517837438));
#3191=CARTESIAN_POINT('',(3.63798148252702,-8.69039738009295,-3.00287542124453));
#3192=CARTESIAN_POINT('',(3.10897459621556,-8.98001075148267,-3.09990433775875));
#3193=CARTESIAN_POINT('',(3.975,-10.4616216792467,-3.39918693812442));
#3194=CARTESIAN_POINT('',(3.10897459621556,-9.08705936087129,-2.77044259496591));
#3195=CARTESIAN_POINT('',(3.63798280666817,-8.7957243262157,-2.67870993918946));
#3196=CARTESIAN_POINT('',(4.31201851747298,-8.7957250554458,-2.67871016880214));
#3197=CARTESIAN_POINT('',(4.84102540378444,-9.08705936087128,-2.77044259496592));
#3198=CARTESIAN_POINT('',(4.84102540378444,-9.08705936087128,-2.77044259496592));
#3199=CARTESIAN_POINT('',(4.84102540378444,-9.08705936087128,-2.77044259496592));
#3200=CARTESIAN_POINT('',(4.86749425991286,-9.05372795703692,-2.87976969157292));
#3201=CARTESIAN_POINT('',(4.86749949278225,-9.01731330762045,-2.99184379179455));
#3202=CARTESIAN_POINT('',(4.84102540378443,-8.98001075148267,-3.09990433775876));
#3203=CARTESIAN_POINT('',(4.84102540378444,-11.9481018056558,-3.6732632959924));
#3204=CARTESIAN_POINT('',(4.86762451595542,-11.9093857646738,-3.79919578759178));
#3205=CARTESIAN_POINT('',(4.8676272193768,-11.8680110704854,-3.9265346915132));
#3206=CARTESIAN_POINT('',(4.84102540378444,-11.8253074044691,-4.05118560298195));
#3207=CARTESIAN_POINT('',(3.975,0.,0.));
#3208=CARTESIAN_POINT('',(4.84102540378444,0.,0.));
#3209=CARTESIAN_POINT('',(4.84102540378444,-9.08705936087129,2.77044259496591));
#3210=CARTESIAN_POINT('',(4.84102540378444,-9.08705936087129,2.77044259496591));
#3211=CARTESIAN_POINT('',(4.31201719333182,-8.7957243262157,2.67870993918946));
#3212=CARTESIAN_POINT('',(3.63798148252702,-8.79572505544579,2.67871016880214));
#3213=CARTESIAN_POINT('',(3.10897459621556,-9.08705936087128,2.77044259496593));
#3214=CARTESIAN_POINT('',(0.,0.,0.));
#3215=CARTESIAN_POINT('',(6.71705080756887,0.,0.));
#3216=CARTESIAN_POINT('',(6.71705080756887,0.,12.5));
#3217=CARTESIAN_POINT('',(4.84102540378444,-11.8253074044691,4.05118560298194));
#3218=CARTESIAN_POINT('',(4.86762451595542,-11.8680067307063,3.92654735921769));
#3219=CARTESIAN_POINT('',(4.8676272193768,-11.9093818297389,3.79920858683816));
#3220=CARTESIAN_POINT('',(4.84102540378444,-11.9481018056558,3.6732632959924));
#3221=CARTESIAN_POINT('',(3.975,-10.4616216792467,3.39918693812442));
#3222=CARTESIAN_POINT('',(3.10897459621556,-8.98001075148267,3.09990433775875));
#3223=CARTESIAN_POINT('',(3.63798280666817,-8.69039665517047,3.00287517837438));
#3224=CARTESIAN_POINT('',(4.31201851747298,-8.69039738009295,3.00287542124453));
#3225=CARTESIAN_POINT('',(4.84102540378444,-8.98001075148267,3.09990433775875));
#3226=CARTESIAN_POINT('',(4.84102540378444,-8.98001075148268,3.09990433775874));
#3227=CARTESIAN_POINT('',(4.84102540378444,-8.98001075148267,3.09990433775874));
#3228=CARTESIAN_POINT('',(4.86749425991286,-9.01730593439585,2.99186515104597));
#3229=CARTESIAN_POINT('',(4.86749949278225,-9.05372136744794,2.87979130544299));
#3230=CARTESIAN_POINT('',(4.84102540378444,-9.08705936087128,2.77044259496591));
#3231=CARTESIAN_POINT('',(3.975,0.,0.));
#3232=CARTESIAN_POINT('',(4.84102540378444,0.,0.));
#3233=CARTESIAN_POINT('',(0.,0.,0.));
#3234=CARTESIAN_POINT('',(6.71705080756887,0.,0.));
#3235=CARTESIAN_POINT('',(6.71705080756887,0.,9.49999999999999));
#3236=CARTESIAN_POINT('',(6.71705080756887,0.,12.5));
#3237=CARTESIAN_POINT('',(-6.71705080756887,0.,12.5));
#3238=MECHANICAL_DESIGN_GEOMETRIC_PRESENTATION_REPRESENTATION('',(#1667),
#3239);
#3239=(
GEOMETRIC_REPRESENTATION_CONTEXT(3)
GLOBAL_UNCERTAINTY_ASSIGNED_CONTEXT((#3240))
GLOBAL_UNIT_ASSIGNED_CONTEXT((#3243,#3242,#3241))
REPRESENTATION_CONTEXT(
'\X2\4E2497625E2696325C1876D6768453CC521789D263A589E674038F74627F\X0\ 
00000 A-2Z\X2\578B\X0\(a=30\X\B0) GBT296-2015',
'TOP_LEVEL_ASSEMBLY_PART')
);
#3240=UNCERTAINTY_MEASURE_WITH_UNIT(LENGTH_MEASURE(0.005),#3243,
'DISTANCE_ACCURACY_VALUE','Maximum Tolerance applied to model');
#3241=(
NAMED_UNIT(*)
SI_UNIT($,.STERADIAN.)
SOLID_ANGLE_UNIT()
);
#3242=(
NAMED_UNIT(*)
PLANE_ANGLE_UNIT()
SI_UNIT($,.RADIAN.)
);
#3243=(
LENGTH_UNIT()
NAMED_UNIT(*)
SI_UNIT(.MILLI.,.METRE.)
);
#3244=PRODUCT_DEFINITION_SHAPE('','',#3245);
#3245=PRODUCT_DEFINITION('','',#3247,#3246);
#3246=PRODUCT_DEFINITION_CONTEXT('',#3253,'design');
#3247=PRODUCT_DEFINITION_FORMATION_WITH_SPECIFIED_SOURCE('','',#3249,
 .NOT_KNOWN.);
#3248=PRODUCT_RELATED_PRODUCT_CATEGORY('','',(#3249));
#3249=PRODUCT(
'\X2\4E2497625E2696325C1876D6768453CC521789D263A589E674038F74627F\X0\ 
00000 A-2Z\X2\578B\X0\(a=30\X\B0) GBT296-2015',
'\X2\4E2497625E2696325C1876D6768453CC521789D263A589E674038F74627F\X0\ 
00000 A-2Z\X2\578B\X0\(a=30\X\B0) GBT296-2015',
'\X2\4E2497625E2696325C1876D6768453CC521789D263A589E674038F74627F\X0\ 
00000 A-2Z\X2\578B\X0\(a=30\X\B0) GBT296-2015',(#3251));
#3250=PRODUCT_CATEGORY('','');
#3251=PRODUCT_CONTEXT('',#3253,'mechanical');
#3252=APPLICATION_PROTOCOL_DEFINITION('international standard',
'automotive_design',2010,#3253);
#3253=APPLICATION_CONTEXT(
'core data for automotive mechanical design processes');
ENDSEC;
END-ISO-10303-21;
