ISO-10303-21;
HEADER;
/* Generated by software containing HOOPS Exchange Step
 * from HOOPS Exchange, Inc. (www.tiangong.cloud) 
 */

FILE_DESCRIPTION(
/* description */ ('Unknown'),
/* implementation_level */ '2;1');

FILE_NAME(
/* name */ 'tmpA136.tmp',
/* time_stamp */ '2024-12-11T10:00:23+08:00',
/* author */ ('Unknown'),
/* organization */ ('Unknown'),
/* preprocessor_version */ 'ST-DEVELOPER v18.104',
/* originating_system */ 'TianGong',
/* authorisation */ 'Unknown');

FILE_SCHEMA (('AUTOMOTIVE_DESIGN {1 0 10303 214 3 1 1}'));
ENDSEC;

DATA;
#10=PROPERTY_DEFINITION_REPRESENTATION(#14,#12);
#11=PROPERTY_DEFINITION_REPRESENTATION(#15,#13);
#12=REPRESENTATION('',(#16),#5157);
#13=REPRESENTATION('',(#17),#5157);
#14=PROPERTY_DEFINITION('pmi validation property','',#5162);
#15=PROPERTY_DEFINITION('pmi validation property','',#5162);
#16=VALUE_REPRESENTATION_ITEM('number of annotations',COUNT_MEASURE(0.));
#17=VALUE_REPRESENTATION_ITEM('number of views',COUNT_MEASURE(0.));
#18=SHAPE_REPRESENTATION_RELATIONSHIP('','',#2627,#19);
#19=ADVANCED_BREP_SHAPE_REPRESENTATION('',(#2625),#5157);
#20=CYLINDRICAL_SURFACE('',#2764,15.);
#21=CYLINDRICAL_SURFACE('',#2767,22.35);
#22=CYLINDRICAL_SURFACE('',#2772,22.35);
#23=CYLINDRICAL_SURFACE('',#2779,28.65);
#24=CYLINDRICAL_SURFACE('',#2843,22.35);
#25=CYLINDRICAL_SURFACE('',#2844,22.35);
#26=CYLINDRICAL_SURFACE('',#2845,22.35);
#27=CYLINDRICAL_SURFACE('',#2846,22.35);
#28=CYLINDRICAL_SURFACE('',#2847,22.35);
#29=CYLINDRICAL_SURFACE('',#2848,22.35);
#30=CYLINDRICAL_SURFACE('',#2849,22.35);
#31=CYLINDRICAL_SURFACE('',#2850,22.35);
#32=CYLINDRICAL_SURFACE('',#2851,22.35);
#33=CYLINDRICAL_SURFACE('',#2852,22.35);
#34=CYLINDRICAL_SURFACE('',#2853,22.35);
#35=CYLINDRICAL_SURFACE('',#2854,22.35);
#36=CYLINDRICAL_SURFACE('',#2855,22.35);
#37=CYLINDRICAL_SURFACE('',#2856,22.35);
#38=CYLINDRICAL_SURFACE('',#2857,22.35);
#39=CYLINDRICAL_SURFACE('',#2858,22.35);
#40=CYLINDRICAL_SURFACE('',#2859,22.35);
#41=CYLINDRICAL_SURFACE('',#2860,22.35);
#42=CYLINDRICAL_SURFACE('',#2861,22.35);
#43=CYLINDRICAL_SURFACE('',#2862,22.35);
#44=CYLINDRICAL_SURFACE('',#2894,28.65);
#45=CYLINDRICAL_SURFACE('',#2895,28.65);
#46=CYLINDRICAL_SURFACE('',#2896,28.65);
#47=CYLINDRICAL_SURFACE('',#2897,28.65);
#48=CYLINDRICAL_SURFACE('',#2898,28.65);
#49=CYLINDRICAL_SURFACE('',#2899,28.65);
#50=CYLINDRICAL_SURFACE('',#2900,28.65);
#51=CYLINDRICAL_SURFACE('',#2901,28.65);
#52=CYLINDRICAL_SURFACE('',#2902,28.65);
#53=CYLINDRICAL_SURFACE('',#2903,28.65);
#54=CYLINDRICAL_SURFACE('',#2904,29.9547727214752);
#55=CYLINDRICAL_SURFACE('',#2936,28.65);
#56=CYLINDRICAL_SURFACE('',#2937,28.65);
#57=CYLINDRICAL_SURFACE('',#2938,28.65);
#58=CYLINDRICAL_SURFACE('',#2939,28.65);
#59=CYLINDRICAL_SURFACE('',#2940,28.65);
#60=CYLINDRICAL_SURFACE('',#2941,28.65);
#61=CYLINDRICAL_SURFACE('',#2942,28.65);
#62=CYLINDRICAL_SURFACE('',#2943,28.65);
#63=CYLINDRICAL_SURFACE('',#2944,28.65);
#64=CYLINDRICAL_SURFACE('',#2945,28.65);
#65=CYLINDRICAL_SURFACE('',#2946,29.9547727214752);
#66=CYLINDRICAL_SURFACE('',#2952,36.);
#67=PLANE('',#2761);
#68=PLANE('',#2769);
#69=PLANE('',#2951);
#70=PLANE('',#2956);
#71=SPHERICAL_SURFACE('',#2695,4.46477272147524);
#72=SPHERICAL_SURFACE('',#2696,4.46477272147524);
#73=SPHERICAL_SURFACE('',#2703,4.46477272147524);
#74=SPHERICAL_SURFACE('',#2704,4.46477272147524);
#75=SPHERICAL_SURFACE('',#2711,4.46477272147524);
#76=SPHERICAL_SURFACE('',#2712,4.46477272147524);
#77=SPHERICAL_SURFACE('',#2719,4.46477272147524);
#78=SPHERICAL_SURFACE('',#2720,4.46477272147524);
#79=SPHERICAL_SURFACE('',#2727,4.46477272147524);
#80=SPHERICAL_SURFACE('',#2728,4.46477272147524);
#81=SPHERICAL_SURFACE('',#2735,4.46477272147524);
#82=SPHERICAL_SURFACE('',#2736,4.46477272147524);
#83=SPHERICAL_SURFACE('',#2743,4.46477272147524);
#84=SPHERICAL_SURFACE('',#2744,4.46477272147524);
#85=SPHERICAL_SURFACE('',#2751,4.46477272147524);
#86=SPHERICAL_SURFACE('',#2752,4.46477272147524);
#87=SPHERICAL_SURFACE('',#2759,4.46477272147524);
#88=SPHERICAL_SURFACE('',#2760,4.46477272147524);
#89=SPHERICAL_SURFACE('',#2778,4.46477272147524);
#90=SPHERICAL_SURFACE('',#2780,4.46477272147524);
#91=CIRCLE('',#2630,29.9547727214752);
#92=CIRCLE('',#2631,28.65);
#93=CIRCLE('',#2633,21.0452272785248);
#94=CIRCLE('',#2634,22.35);
#95=CIRCLE('',#2636,29.9547727214752);
#96=CIRCLE('',#2637,28.65);
#97=CIRCLE('',#2639,21.0452272785248);
#98=CIRCLE('',#2640,22.35);
#99=CIRCLE('',#2642,29.9547727214752);
#100=CIRCLE('',#2643,28.65);
#101=CIRCLE('',#2645,21.0452272785248);
#102=CIRCLE('',#2646,22.35);
#103=CIRCLE('',#2648,29.9547727214752);
#104=CIRCLE('',#2649,28.65);
#105=CIRCLE('',#2651,21.0452272785248);
#106=CIRCLE('',#2652,22.35);
#107=CIRCLE('',#2654,29.9547727214752);
#108=CIRCLE('',#2655,28.65);
#109=CIRCLE('',#2657,21.0452272785248);
#110=CIRCLE('',#2658,22.35);
#111=CIRCLE('',#2660,29.9547727214752);
#112=CIRCLE('',#2661,28.65);
#113=CIRCLE('',#2663,21.0452272785248);
#114=CIRCLE('',#2664,22.35);
#115=CIRCLE('',#2666,29.9547727214752);
#116=CIRCLE('',#2667,28.65);
#117=CIRCLE('',#2669,21.0452272785248);
#118=CIRCLE('',#2670,22.35);
#119=CIRCLE('',#2672,29.9547727214752);
#120=CIRCLE('',#2673,28.65);
#121=CIRCLE('',#2675,21.0452272785248);
#122=CIRCLE('',#2676,22.35);
#123=CIRCLE('',#2678,29.9547727214752);
#124=CIRCLE('',#2679,28.65);
#125=CIRCLE('',#2681,21.0452272785248);
#126=CIRCLE('',#2682,22.35);
#127=CIRCLE('',#2684,21.0452272785248);
#128=CIRCLE('',#2685,22.35);
#129=CIRCLE('',#2687,29.9547727214752);
#130=CIRCLE('',#2688,28.65);
#131=CIRCLE('',#2690,21.0452272785248);
#132=CIRCLE('',#2691,22.35);
#133=CIRCLE('',#2693,29.9547727214752);
#134=CIRCLE('',#2694,28.65);
#135=CIRCLE('',#2698,21.0452272785248);
#136=CIRCLE('',#2699,22.35);
#137=CIRCLE('',#2701,29.9547727214752);
#138=CIRCLE('',#2702,28.65);
#139=CIRCLE('',#2706,21.0452272785248);
#140=CIRCLE('',#2707,22.35);
#141=CIRCLE('',#2709,29.9547727214752);
#142=CIRCLE('',#2710,28.65);
#143=CIRCLE('',#2714,21.0452272785248);
#144=CIRCLE('',#2715,22.35);
#145=CIRCLE('',#2717,29.9547727214752);
#146=CIRCLE('',#2718,28.65);
#147=CIRCLE('',#2722,21.0452272785248);
#148=CIRCLE('',#2723,22.35);
#149=CIRCLE('',#2725,29.9547727214752);
#150=CIRCLE('',#2726,28.65);
#151=CIRCLE('',#2730,21.0452272785248);
#152=CIRCLE('',#2731,22.35);
#153=CIRCLE('',#2733,29.9547727214752);
#154=CIRCLE('',#2734,28.65);
#155=CIRCLE('',#2738,21.0452272785248);
#156=CIRCLE('',#2739,22.35);
#157=CIRCLE('',#2741,29.9547727214752);
#158=CIRCLE('',#2742,28.65);
#159=CIRCLE('',#2746,21.0452272785248);
#160=CIRCLE('',#2747,22.35);
#161=CIRCLE('',#2749,29.9547727214752);
#162=CIRCLE('',#2750,28.65);
#163=CIRCLE('',#2754,21.0452272785248);
#164=CIRCLE('',#2755,22.35);
#165=CIRCLE('',#2757,29.9547727214752);
#166=CIRCLE('',#2758,28.65);
#167=CIRCLE('',#2762,16.1);
#168=CIRCLE('',#2763,22.35);
#169=CIRCLE('',#2765,15.);
#170=CIRCLE('',#2766,15.);
#171=CIRCLE('',#2768,22.35);
#172=CIRCLE('',#2770,16.1);
#173=CIRCLE('',#2771,22.35);
#174=CIRCLE('',#2774,21.0452272785248);
#175=CIRCLE('',#2776,29.9547727214752);
#176=CIRCLE('',#2777,28.65);
#177=CIRCLE('',#2784,22.35);
#178=CIRCLE('',#2785,21.0452272785248);
#179=CIRCLE('',#2787,21.0452272785248);
#180=CIRCLE('',#2788,22.35);
#181=CIRCLE('',#2790,22.35);
#182=CIRCLE('',#2791,21.0452272785248);
#183=CIRCLE('',#2793,22.35);
#184=CIRCLE('',#2794,21.0452272785248);
#185=CIRCLE('',#2796,22.35);
#186=CIRCLE('',#2797,21.0452272785248);
#187=CIRCLE('',#2799,22.35);
#188=CIRCLE('',#2800,21.0452272785248);
#189=CIRCLE('',#2802,22.35);
#190=CIRCLE('',#2803,21.0452272785248);
#191=CIRCLE('',#2805,22.35);
#192=CIRCLE('',#2806,21.0452272785248);
#193=CIRCLE('',#2808,22.35);
#194=CIRCLE('',#2809,21.0452272785248);
#195=CIRCLE('',#2811,22.35);
#196=CIRCLE('',#2812,21.0452272785248);
#197=CIRCLE('',#2814,21.0452272785248);
#198=CIRCLE('',#2815,22.35);
#199=CIRCLE('',#2817,21.0452272785248);
#200=CIRCLE('',#2818,22.35);
#201=CIRCLE('',#2820,21.0452272785248);
#202=CIRCLE('',#2821,22.35);
#203=CIRCLE('',#2823,21.0452272785248);
#204=CIRCLE('',#2824,22.35);
#205=CIRCLE('',#2826,21.0452272785248);
#206=CIRCLE('',#2827,22.35);
#207=CIRCLE('',#2829,21.0452272785248);
#208=CIRCLE('',#2830,22.35);
#209=CIRCLE('',#2832,21.0452272785248);
#210=CIRCLE('',#2833,22.35);
#211=CIRCLE('',#2835,21.0452272785248);
#212=CIRCLE('',#2836,22.35);
#213=CIRCLE('',#2838,21.0452272785248);
#214=CIRCLE('',#2839,22.35);
#215=CIRCLE('',#2841,21.0452272785248);
#216=CIRCLE('',#2842,22.35);
#217=CIRCLE('',#2865,29.9547727214752);
#218=CIRCLE('',#2866,28.65);
#219=CIRCLE('',#2868,28.65);
#220=CIRCLE('',#2869,29.9547727214752);
#221=CIRCLE('',#2871,29.9547727214752);
#222=CIRCLE('',#2872,28.65);
#223=CIRCLE('',#2874,29.9547727214752);
#224=CIRCLE('',#2875,28.65);
#225=CIRCLE('',#2877,29.9547727214752);
#226=CIRCLE('',#2878,28.65);
#227=CIRCLE('',#2880,29.9547727214752);
#228=CIRCLE('',#2881,28.65);
#229=CIRCLE('',#2883,29.9547727214752);
#230=CIRCLE('',#2884,28.65);
#231=CIRCLE('',#2886,29.9547727214752);
#232=CIRCLE('',#2887,28.65);
#233=CIRCLE('',#2889,29.9547727214752);
#234=CIRCLE('',#2890,28.65);
#235=CIRCLE('',#2892,29.9547727214752);
#236=CIRCLE('',#2893,28.65);
#237=CIRCLE('',#2905,29.9547727214752);
#238=CIRCLE('',#2907,29.9547727214752);
#239=CIRCLE('',#2908,28.65);
#240=CIRCLE('',#2910,28.65);
#241=CIRCLE('',#2911,29.9547727214752);
#242=CIRCLE('',#2913,28.65);
#243=CIRCLE('',#2914,29.9547727214752);
#244=CIRCLE('',#2916,28.65);
#245=CIRCLE('',#2917,29.9547727214752);
#246=CIRCLE('',#2919,28.65);
#247=CIRCLE('',#2920,29.9547727214752);
#248=CIRCLE('',#2922,28.65);
#249=CIRCLE('',#2923,29.9547727214752);
#250=CIRCLE('',#2925,28.65);
#251=CIRCLE('',#2926,29.9547727214752);
#252=CIRCLE('',#2928,28.65);
#253=CIRCLE('',#2929,29.9547727214752);
#254=CIRCLE('',#2931,28.65);
#255=CIRCLE('',#2932,29.9547727214752);
#256=CIRCLE('',#2934,28.65);
#257=CIRCLE('',#2935,29.9547727214752);
#258=CIRCLE('',#2947,29.9547727214752);
#259=CIRCLE('',#2949,36.);
#260=CIRCLE('',#2950,34.9);
#261=CIRCLE('',#2953,36.);
#262=CIRCLE('',#2955,34.9);
#263=ORIENTED_EDGE('',*,*,#1087,.T.);
#264=ORIENTED_EDGE('',*,*,#1088,.T.);
#265=ORIENTED_EDGE('',*,*,#1089,.T.);
#266=ORIENTED_EDGE('',*,*,#1090,.F.);
#267=ORIENTED_EDGE('',*,*,#1091,.F.);
#268=ORIENTED_EDGE('',*,*,#1092,.T.);
#269=ORIENTED_EDGE('',*,*,#1093,.T.);
#270=ORIENTED_EDGE('',*,*,#1094,.T.);
#271=ORIENTED_EDGE('',*,*,#1095,.T.);
#272=ORIENTED_EDGE('',*,*,#1096,.T.);
#273=ORIENTED_EDGE('',*,*,#1097,.T.);
#274=ORIENTED_EDGE('',*,*,#1098,.F.);
#275=ORIENTED_EDGE('',*,*,#1099,.F.);
#276=ORIENTED_EDGE('',*,*,#1100,.T.);
#277=ORIENTED_EDGE('',*,*,#1101,.T.);
#278=ORIENTED_EDGE('',*,*,#1102,.T.);
#279=ORIENTED_EDGE('',*,*,#1103,.T.);
#280=ORIENTED_EDGE('',*,*,#1104,.T.);
#281=ORIENTED_EDGE('',*,*,#1105,.T.);
#282=ORIENTED_EDGE('',*,*,#1106,.F.);
#283=ORIENTED_EDGE('',*,*,#1107,.F.);
#284=ORIENTED_EDGE('',*,*,#1108,.T.);
#285=ORIENTED_EDGE('',*,*,#1109,.T.);
#286=ORIENTED_EDGE('',*,*,#1110,.T.);
#287=ORIENTED_EDGE('',*,*,#1111,.T.);
#288=ORIENTED_EDGE('',*,*,#1112,.T.);
#289=ORIENTED_EDGE('',*,*,#1113,.T.);
#290=ORIENTED_EDGE('',*,*,#1114,.F.);
#291=ORIENTED_EDGE('',*,*,#1115,.F.);
#292=ORIENTED_EDGE('',*,*,#1116,.T.);
#293=ORIENTED_EDGE('',*,*,#1117,.T.);
#294=ORIENTED_EDGE('',*,*,#1118,.T.);
#295=ORIENTED_EDGE('',*,*,#1119,.T.);
#296=ORIENTED_EDGE('',*,*,#1120,.T.);
#297=ORIENTED_EDGE('',*,*,#1121,.T.);
#298=ORIENTED_EDGE('',*,*,#1122,.F.);
#299=ORIENTED_EDGE('',*,*,#1123,.F.);
#300=ORIENTED_EDGE('',*,*,#1124,.T.);
#301=ORIENTED_EDGE('',*,*,#1125,.T.);
#302=ORIENTED_EDGE('',*,*,#1126,.T.);
#303=ORIENTED_EDGE('',*,*,#1127,.T.);
#304=ORIENTED_EDGE('',*,*,#1128,.T.);
#305=ORIENTED_EDGE('',*,*,#1129,.T.);
#306=ORIENTED_EDGE('',*,*,#1130,.F.);
#307=ORIENTED_EDGE('',*,*,#1131,.F.);
#308=ORIENTED_EDGE('',*,*,#1132,.T.);
#309=ORIENTED_EDGE('',*,*,#1133,.T.);
#310=ORIENTED_EDGE('',*,*,#1134,.T.);
#311=ORIENTED_EDGE('',*,*,#1135,.T.);
#312=ORIENTED_EDGE('',*,*,#1136,.T.);
#313=ORIENTED_EDGE('',*,*,#1137,.T.);
#314=ORIENTED_EDGE('',*,*,#1138,.F.);
#315=ORIENTED_EDGE('',*,*,#1139,.F.);
#316=ORIENTED_EDGE('',*,*,#1140,.T.);
#317=ORIENTED_EDGE('',*,*,#1141,.T.);
#318=ORIENTED_EDGE('',*,*,#1142,.T.);
#319=ORIENTED_EDGE('',*,*,#1143,.T.);
#320=ORIENTED_EDGE('',*,*,#1144,.T.);
#321=ORIENTED_EDGE('',*,*,#1145,.T.);
#322=ORIENTED_EDGE('',*,*,#1146,.F.);
#323=ORIENTED_EDGE('',*,*,#1147,.F.);
#324=ORIENTED_EDGE('',*,*,#1148,.T.);
#325=ORIENTED_EDGE('',*,*,#1149,.T.);
#326=ORIENTED_EDGE('',*,*,#1150,.T.);
#327=ORIENTED_EDGE('',*,*,#1151,.T.);
#328=ORIENTED_EDGE('',*,*,#1152,.T.);
#329=ORIENTED_EDGE('',*,*,#1153,.T.);
#330=ORIENTED_EDGE('',*,*,#1154,.F.);
#331=ORIENTED_EDGE('',*,*,#1155,.F.);
#332=ORIENTED_EDGE('',*,*,#1156,.T.);
#333=ORIENTED_EDGE('',*,*,#1157,.T.);
#334=ORIENTED_EDGE('',*,*,#1158,.T.);
#335=ORIENTED_EDGE('',*,*,#1159,.F.);
#336=ORIENTED_EDGE('',*,*,#1160,.T.);
#337=ORIENTED_EDGE('',*,*,#1161,.T.);
#338=ORIENTED_EDGE('',*,*,#1162,.T.);
#339=ORIENTED_EDGE('',*,*,#1163,.T.);
#340=ORIENTED_EDGE('',*,*,#1164,.T.);
#341=ORIENTED_EDGE('',*,*,#1165,.T.);
#342=ORIENTED_EDGE('',*,*,#1166,.F.);
#343=ORIENTED_EDGE('',*,*,#1167,.F.);
#344=ORIENTED_EDGE('',*,*,#1168,.T.);
#345=ORIENTED_EDGE('',*,*,#1169,.F.);
#346=ORIENTED_EDGE('',*,*,#1170,.F.);
#347=ORIENTED_EDGE('',*,*,#1171,.F.);
#348=ORIENTED_EDGE('',*,*,#1172,.F.);
#349=ORIENTED_EDGE('',*,*,#1173,.T.);
#350=ORIENTED_EDGE('',*,*,#1174,.F.);
#351=ORIENTED_EDGE('',*,*,#1175,.T.);
#352=ORIENTED_EDGE('',*,*,#1167,.T.);
#353=ORIENTED_EDGE('',*,*,#1176,.T.);
#354=ORIENTED_EDGE('',*,*,#1177,.T.);
#355=ORIENTED_EDGE('',*,*,#1178,.T.);
#356=ORIENTED_EDGE('',*,*,#1179,.T.);
#357=ORIENTED_EDGE('',*,*,#1180,.F.);
#358=ORIENTED_EDGE('',*,*,#1181,.F.);
#359=ORIENTED_EDGE('',*,*,#1087,.F.);
#360=ORIENTED_EDGE('',*,*,#1182,.F.);
#361=ORIENTED_EDGE('',*,*,#1097,.F.);
#362=ORIENTED_EDGE('',*,*,#1183,.F.);
#363=ORIENTED_EDGE('',*,*,#1184,.F.);
#364=ORIENTED_EDGE('',*,*,#1185,.T.);
#365=ORIENTED_EDGE('',*,*,#1186,.F.);
#366=ORIENTED_EDGE('',*,*,#1102,.F.);
#367=ORIENTED_EDGE('',*,*,#1187,.T.);
#368=ORIENTED_EDGE('',*,*,#1092,.F.);
#369=ORIENTED_EDGE('',*,*,#1188,.F.);
#370=ORIENTED_EDGE('',*,*,#1189,.T.);
#371=ORIENTED_EDGE('',*,*,#1190,.T.);
#372=ORIENTED_EDGE('',*,*,#1191,.F.);
#373=ORIENTED_EDGE('',*,*,#1172,.T.);
#374=ORIENTED_EDGE('',*,*,#1192,.T.);
#375=ORIENTED_EDGE('',*,*,#1193,.F.);
#376=ORIENTED_EDGE('',*,*,#1194,.T.);
#377=ORIENTED_EDGE('',*,*,#1177,.F.);
#378=ORIENTED_EDGE('',*,*,#1195,.F.);
#379=ORIENTED_EDGE('',*,*,#1196,.F.);
#380=ORIENTED_EDGE('',*,*,#1197,.F.);
#381=ORIENTED_EDGE('',*,*,#1198,.T.);
#382=ORIENTED_EDGE('',*,*,#1190,.F.);
#383=ORIENTED_EDGE('',*,*,#1199,.T.);
#384=ORIENTED_EDGE('',*,*,#1193,.T.);
#385=ORIENTED_EDGE('',*,*,#1200,.T.);
#386=ORIENTED_EDGE('',*,*,#1201,.T.);
#387=ORIENTED_EDGE('',*,*,#1202,.T.);
#388=ORIENTED_EDGE('',*,*,#1203,.T.);
#389=ORIENTED_EDGE('',*,*,#1204,.F.);
#390=ORIENTED_EDGE('',*,*,#1205,.F.);
#391=ORIENTED_EDGE('',*,*,#1095,.F.);
#392=ORIENTED_EDGE('',*,*,#1206,.F.);
#393=ORIENTED_EDGE('',*,*,#1105,.F.);
#394=ORIENTED_EDGE('',*,*,#1207,.F.);
#395=ORIENTED_EDGE('',*,*,#1208,.F.);
#396=ORIENTED_EDGE('',*,*,#1209,.T.);
#397=ORIENTED_EDGE('',*,*,#1210,.F.);
#398=ORIENTED_EDGE('',*,*,#1110,.F.);
#399=ORIENTED_EDGE('',*,*,#1211,.T.);
#400=ORIENTED_EDGE('',*,*,#1100,.F.);
#401=ORIENTED_EDGE('',*,*,#1212,.F.);
#402=ORIENTED_EDGE('',*,*,#1213,.T.);
#403=ORIENTED_EDGE('',*,*,#1214,.T.);
#404=ORIENTED_EDGE('',*,*,#1215,.F.);
#405=ORIENTED_EDGE('',*,*,#1197,.T.);
#406=ORIENTED_EDGE('',*,*,#1216,.T.);
#407=ORIENTED_EDGE('',*,*,#1217,.F.);
#408=ORIENTED_EDGE('',*,*,#1218,.T.);
#409=ORIENTED_EDGE('',*,*,#1201,.F.);
#410=ORIENTED_EDGE('',*,*,#1219,.F.);
#411=ORIENTED_EDGE('',*,*,#1220,.F.);
#412=ORIENTED_EDGE('',*,*,#1221,.F.);
#413=ORIENTED_EDGE('',*,*,#1222,.T.);
#414=ORIENTED_EDGE('',*,*,#1214,.F.);
#415=ORIENTED_EDGE('',*,*,#1223,.T.);
#416=ORIENTED_EDGE('',*,*,#1217,.T.);
#417=ORIENTED_EDGE('',*,*,#1224,.T.);
#418=ORIENTED_EDGE('',*,*,#1225,.T.);
#419=ORIENTED_EDGE('',*,*,#1226,.T.);
#420=ORIENTED_EDGE('',*,*,#1227,.T.);
#421=ORIENTED_EDGE('',*,*,#1228,.F.);
#422=ORIENTED_EDGE('',*,*,#1229,.F.);
#423=ORIENTED_EDGE('',*,*,#1103,.F.);
#424=ORIENTED_EDGE('',*,*,#1230,.F.);
#425=ORIENTED_EDGE('',*,*,#1113,.F.);
#426=ORIENTED_EDGE('',*,*,#1231,.F.);
#427=ORIENTED_EDGE('',*,*,#1232,.F.);
#428=ORIENTED_EDGE('',*,*,#1233,.T.);
#429=ORIENTED_EDGE('',*,*,#1234,.F.);
#430=ORIENTED_EDGE('',*,*,#1118,.F.);
#431=ORIENTED_EDGE('',*,*,#1235,.T.);
#432=ORIENTED_EDGE('',*,*,#1108,.F.);
#433=ORIENTED_EDGE('',*,*,#1236,.F.);
#434=ORIENTED_EDGE('',*,*,#1237,.T.);
#435=ORIENTED_EDGE('',*,*,#1238,.T.);
#436=ORIENTED_EDGE('',*,*,#1239,.F.);
#437=ORIENTED_EDGE('',*,*,#1221,.T.);
#438=ORIENTED_EDGE('',*,*,#1240,.T.);
#439=ORIENTED_EDGE('',*,*,#1241,.F.);
#440=ORIENTED_EDGE('',*,*,#1242,.T.);
#441=ORIENTED_EDGE('',*,*,#1225,.F.);
#442=ORIENTED_EDGE('',*,*,#1243,.F.);
#443=ORIENTED_EDGE('',*,*,#1244,.F.);
#444=ORIENTED_EDGE('',*,*,#1245,.F.);
#445=ORIENTED_EDGE('',*,*,#1246,.T.);
#446=ORIENTED_EDGE('',*,*,#1238,.F.);
#447=ORIENTED_EDGE('',*,*,#1247,.T.);
#448=ORIENTED_EDGE('',*,*,#1241,.T.);
#449=ORIENTED_EDGE('',*,*,#1248,.T.);
#450=ORIENTED_EDGE('',*,*,#1249,.T.);
#451=ORIENTED_EDGE('',*,*,#1250,.T.);
#452=ORIENTED_EDGE('',*,*,#1251,.T.);
#453=ORIENTED_EDGE('',*,*,#1252,.F.);
#454=ORIENTED_EDGE('',*,*,#1253,.F.);
#455=ORIENTED_EDGE('',*,*,#1111,.F.);
#456=ORIENTED_EDGE('',*,*,#1254,.F.);
#457=ORIENTED_EDGE('',*,*,#1121,.F.);
#458=ORIENTED_EDGE('',*,*,#1255,.F.);
#459=ORIENTED_EDGE('',*,*,#1256,.F.);
#460=ORIENTED_EDGE('',*,*,#1257,.T.);
#461=ORIENTED_EDGE('',*,*,#1258,.F.);
#462=ORIENTED_EDGE('',*,*,#1126,.F.);
#463=ORIENTED_EDGE('',*,*,#1259,.T.);
#464=ORIENTED_EDGE('',*,*,#1116,.F.);
#465=ORIENTED_EDGE('',*,*,#1260,.F.);
#466=ORIENTED_EDGE('',*,*,#1261,.T.);
#467=ORIENTED_EDGE('',*,*,#1262,.T.);
#468=ORIENTED_EDGE('',*,*,#1263,.F.);
#469=ORIENTED_EDGE('',*,*,#1245,.T.);
#470=ORIENTED_EDGE('',*,*,#1264,.T.);
#471=ORIENTED_EDGE('',*,*,#1265,.F.);
#472=ORIENTED_EDGE('',*,*,#1266,.T.);
#473=ORIENTED_EDGE('',*,*,#1249,.F.);
#474=ORIENTED_EDGE('',*,*,#1267,.F.);
#475=ORIENTED_EDGE('',*,*,#1268,.F.);
#476=ORIENTED_EDGE('',*,*,#1269,.F.);
#477=ORIENTED_EDGE('',*,*,#1270,.T.);
#478=ORIENTED_EDGE('',*,*,#1262,.F.);
#479=ORIENTED_EDGE('',*,*,#1271,.T.);
#480=ORIENTED_EDGE('',*,*,#1265,.T.);
#481=ORIENTED_EDGE('',*,*,#1272,.T.);
#482=ORIENTED_EDGE('',*,*,#1273,.T.);
#483=ORIENTED_EDGE('',*,*,#1274,.T.);
#484=ORIENTED_EDGE('',*,*,#1275,.T.);
#485=ORIENTED_EDGE('',*,*,#1276,.F.);
#486=ORIENTED_EDGE('',*,*,#1277,.F.);
#487=ORIENTED_EDGE('',*,*,#1119,.F.);
#488=ORIENTED_EDGE('',*,*,#1278,.F.);
#489=ORIENTED_EDGE('',*,*,#1129,.F.);
#490=ORIENTED_EDGE('',*,*,#1279,.F.);
#491=ORIENTED_EDGE('',*,*,#1280,.F.);
#492=ORIENTED_EDGE('',*,*,#1281,.T.);
#493=ORIENTED_EDGE('',*,*,#1282,.F.);
#494=ORIENTED_EDGE('',*,*,#1134,.F.);
#495=ORIENTED_EDGE('',*,*,#1283,.T.);
#496=ORIENTED_EDGE('',*,*,#1124,.F.);
#497=ORIENTED_EDGE('',*,*,#1284,.F.);
#498=ORIENTED_EDGE('',*,*,#1285,.T.);
#499=ORIENTED_EDGE('',*,*,#1286,.T.);
#500=ORIENTED_EDGE('',*,*,#1287,.F.);
#501=ORIENTED_EDGE('',*,*,#1269,.T.);
#502=ORIENTED_EDGE('',*,*,#1288,.T.);
#503=ORIENTED_EDGE('',*,*,#1289,.F.);
#504=ORIENTED_EDGE('',*,*,#1290,.T.);
#505=ORIENTED_EDGE('',*,*,#1273,.F.);
#506=ORIENTED_EDGE('',*,*,#1291,.F.);
#507=ORIENTED_EDGE('',*,*,#1292,.F.);
#508=ORIENTED_EDGE('',*,*,#1293,.F.);
#509=ORIENTED_EDGE('',*,*,#1294,.T.);
#510=ORIENTED_EDGE('',*,*,#1286,.F.);
#511=ORIENTED_EDGE('',*,*,#1295,.T.);
#512=ORIENTED_EDGE('',*,*,#1289,.T.);
#513=ORIENTED_EDGE('',*,*,#1296,.T.);
#514=ORIENTED_EDGE('',*,*,#1297,.T.);
#515=ORIENTED_EDGE('',*,*,#1298,.T.);
#516=ORIENTED_EDGE('',*,*,#1299,.T.);
#517=ORIENTED_EDGE('',*,*,#1300,.F.);
#518=ORIENTED_EDGE('',*,*,#1301,.F.);
#519=ORIENTED_EDGE('',*,*,#1127,.F.);
#520=ORIENTED_EDGE('',*,*,#1302,.F.);
#521=ORIENTED_EDGE('',*,*,#1137,.F.);
#522=ORIENTED_EDGE('',*,*,#1303,.F.);
#523=ORIENTED_EDGE('',*,*,#1304,.F.);
#524=ORIENTED_EDGE('',*,*,#1305,.T.);
#525=ORIENTED_EDGE('',*,*,#1306,.F.);
#526=ORIENTED_EDGE('',*,*,#1142,.F.);
#527=ORIENTED_EDGE('',*,*,#1307,.T.);
#528=ORIENTED_EDGE('',*,*,#1132,.F.);
#529=ORIENTED_EDGE('',*,*,#1308,.F.);
#530=ORIENTED_EDGE('',*,*,#1309,.T.);
#531=ORIENTED_EDGE('',*,*,#1310,.T.);
#532=ORIENTED_EDGE('',*,*,#1311,.F.);
#533=ORIENTED_EDGE('',*,*,#1293,.T.);
#534=ORIENTED_EDGE('',*,*,#1312,.T.);
#535=ORIENTED_EDGE('',*,*,#1313,.F.);
#536=ORIENTED_EDGE('',*,*,#1314,.T.);
#537=ORIENTED_EDGE('',*,*,#1297,.F.);
#538=ORIENTED_EDGE('',*,*,#1315,.F.);
#539=ORIENTED_EDGE('',*,*,#1316,.F.);
#540=ORIENTED_EDGE('',*,*,#1317,.F.);
#541=ORIENTED_EDGE('',*,*,#1318,.T.);
#542=ORIENTED_EDGE('',*,*,#1310,.F.);
#543=ORIENTED_EDGE('',*,*,#1319,.T.);
#544=ORIENTED_EDGE('',*,*,#1313,.T.);
#545=ORIENTED_EDGE('',*,*,#1320,.T.);
#546=ORIENTED_EDGE('',*,*,#1321,.T.);
#547=ORIENTED_EDGE('',*,*,#1322,.T.);
#548=ORIENTED_EDGE('',*,*,#1323,.T.);
#549=ORIENTED_EDGE('',*,*,#1324,.F.);
#550=ORIENTED_EDGE('',*,*,#1325,.F.);
#551=ORIENTED_EDGE('',*,*,#1135,.F.);
#552=ORIENTED_EDGE('',*,*,#1326,.F.);
#553=ORIENTED_EDGE('',*,*,#1145,.F.);
#554=ORIENTED_EDGE('',*,*,#1327,.F.);
#555=ORIENTED_EDGE('',*,*,#1328,.F.);
#556=ORIENTED_EDGE('',*,*,#1329,.T.);
#557=ORIENTED_EDGE('',*,*,#1330,.F.);
#558=ORIENTED_EDGE('',*,*,#1150,.F.);
#559=ORIENTED_EDGE('',*,*,#1331,.T.);
#560=ORIENTED_EDGE('',*,*,#1140,.F.);
#561=ORIENTED_EDGE('',*,*,#1332,.F.);
#562=ORIENTED_EDGE('',*,*,#1333,.T.);
#563=ORIENTED_EDGE('',*,*,#1334,.T.);
#564=ORIENTED_EDGE('',*,*,#1335,.F.);
#565=ORIENTED_EDGE('',*,*,#1317,.T.);
#566=ORIENTED_EDGE('',*,*,#1336,.T.);
#567=ORIENTED_EDGE('',*,*,#1337,.F.);
#568=ORIENTED_EDGE('',*,*,#1338,.T.);
#569=ORIENTED_EDGE('',*,*,#1321,.F.);
#570=ORIENTED_EDGE('',*,*,#1339,.F.);
#571=ORIENTED_EDGE('',*,*,#1340,.F.);
#572=ORIENTED_EDGE('',*,*,#1341,.F.);
#573=ORIENTED_EDGE('',*,*,#1342,.T.);
#574=ORIENTED_EDGE('',*,*,#1334,.F.);
#575=ORIENTED_EDGE('',*,*,#1343,.T.);
#576=ORIENTED_EDGE('',*,*,#1337,.T.);
#577=ORIENTED_EDGE('',*,*,#1344,.T.);
#578=ORIENTED_EDGE('',*,*,#1345,.T.);
#579=ORIENTED_EDGE('',*,*,#1346,.T.);
#580=ORIENTED_EDGE('',*,*,#1347,.T.);
#581=ORIENTED_EDGE('',*,*,#1348,.F.);
#582=ORIENTED_EDGE('',*,*,#1349,.F.);
#583=ORIENTED_EDGE('',*,*,#1143,.F.);
#584=ORIENTED_EDGE('',*,*,#1350,.F.);
#585=ORIENTED_EDGE('',*,*,#1153,.F.);
#586=ORIENTED_EDGE('',*,*,#1351,.F.);
#587=ORIENTED_EDGE('',*,*,#1352,.F.);
#588=ORIENTED_EDGE('',*,*,#1353,.T.);
#589=ORIENTED_EDGE('',*,*,#1354,.F.);
#590=ORIENTED_EDGE('',*,*,#1158,.F.);
#591=ORIENTED_EDGE('',*,*,#1355,.T.);
#592=ORIENTED_EDGE('',*,*,#1148,.F.);
#593=ORIENTED_EDGE('',*,*,#1356,.F.);
#594=ORIENTED_EDGE('',*,*,#1357,.T.);
#595=ORIENTED_EDGE('',*,*,#1358,.T.);
#596=ORIENTED_EDGE('',*,*,#1359,.F.);
#597=ORIENTED_EDGE('',*,*,#1341,.T.);
#598=ORIENTED_EDGE('',*,*,#1360,.T.);
#599=ORIENTED_EDGE('',*,*,#1361,.F.);
#600=ORIENTED_EDGE('',*,*,#1362,.T.);
#601=ORIENTED_EDGE('',*,*,#1345,.F.);
#602=ORIENTED_EDGE('',*,*,#1363,.F.);
#603=ORIENTED_EDGE('',*,*,#1364,.F.);
#604=ORIENTED_EDGE('',*,*,#1365,.F.);
#605=ORIENTED_EDGE('',*,*,#1366,.T.);
#606=ORIENTED_EDGE('',*,*,#1358,.F.);
#607=ORIENTED_EDGE('',*,*,#1367,.T.);
#608=ORIENTED_EDGE('',*,*,#1361,.T.);
#609=ORIENTED_EDGE('',*,*,#1368,.T.);
#610=ORIENTED_EDGE('',*,*,#1369,.T.);
#611=ORIENTED_EDGE('',*,*,#1370,.T.);
#612=ORIENTED_EDGE('',*,*,#1371,.T.);
#613=ORIENTED_EDGE('',*,*,#1372,.F.);
#614=ORIENTED_EDGE('',*,*,#1373,.F.);
#615=ORIENTED_EDGE('',*,*,#1151,.F.);
#616=ORIENTED_EDGE('',*,*,#1374,.F.);
#617=ORIENTED_EDGE('',*,*,#1165,.F.);
#618=ORIENTED_EDGE('',*,*,#1375,.F.);
#619=ORIENTED_EDGE('',*,*,#1376,.F.);
#620=ORIENTED_EDGE('',*,*,#1377,.T.);
#621=ORIENTED_EDGE('',*,*,#1378,.F.);
#622=ORIENTED_EDGE('',*,*,#1162,.F.);
#623=ORIENTED_EDGE('',*,*,#1379,.T.);
#624=ORIENTED_EDGE('',*,*,#1156,.F.);
#625=ORIENTED_EDGE('',*,*,#1380,.F.);
#626=ORIENTED_EDGE('',*,*,#1381,.T.);
#627=ORIENTED_EDGE('',*,*,#1382,.T.);
#628=ORIENTED_EDGE('',*,*,#1383,.F.);
#629=ORIENTED_EDGE('',*,*,#1365,.T.);
#630=ORIENTED_EDGE('',*,*,#1384,.T.);
#631=ORIENTED_EDGE('',*,*,#1385,.T.);
#632=ORIENTED_EDGE('',*,*,#1386,.T.);
#633=ORIENTED_EDGE('',*,*,#1387,.T.);
#634=ORIENTED_EDGE('',*,*,#1388,.T.);
#635=ORIENTED_EDGE('',*,*,#1386,.F.);
#636=ORIENTED_EDGE('',*,*,#1195,.T.);
#637=ORIENTED_EDGE('',*,*,#1176,.F.);
#638=ORIENTED_EDGE('',*,*,#1170,.T.);
#639=ORIENTED_EDGE('',*,*,#1389,.F.);
#640=ORIENTED_EDGE('',*,*,#1390,.T.);
#641=ORIENTED_EDGE('',*,*,#1368,.F.);
#642=ORIENTED_EDGE('',*,*,#1363,.T.);
#643=ORIENTED_EDGE('',*,*,#1344,.F.);
#644=ORIENTED_EDGE('',*,*,#1339,.T.);
#645=ORIENTED_EDGE('',*,*,#1320,.F.);
#646=ORIENTED_EDGE('',*,*,#1315,.T.);
#647=ORIENTED_EDGE('',*,*,#1296,.F.);
#648=ORIENTED_EDGE('',*,*,#1291,.T.);
#649=ORIENTED_EDGE('',*,*,#1272,.F.);
#650=ORIENTED_EDGE('',*,*,#1267,.T.);
#651=ORIENTED_EDGE('',*,*,#1248,.F.);
#652=ORIENTED_EDGE('',*,*,#1243,.T.);
#653=ORIENTED_EDGE('',*,*,#1224,.F.);
#654=ORIENTED_EDGE('',*,*,#1219,.T.);
#655=ORIENTED_EDGE('',*,*,#1200,.F.);
#656=ORIENTED_EDGE('',*,*,#1391,.T.);
#657=ORIENTED_EDGE('',*,*,#1392,.F.);
#658=ORIENTED_EDGE('',*,*,#1392,.T.);
#659=ORIENTED_EDGE('',*,*,#1101,.F.);
#660=ORIENTED_EDGE('',*,*,#1211,.F.);
#661=ORIENTED_EDGE('',*,*,#1109,.F.);
#662=ORIENTED_EDGE('',*,*,#1235,.F.);
#663=ORIENTED_EDGE('',*,*,#1117,.F.);
#664=ORIENTED_EDGE('',*,*,#1259,.F.);
#665=ORIENTED_EDGE('',*,*,#1125,.F.);
#666=ORIENTED_EDGE('',*,*,#1283,.F.);
#667=ORIENTED_EDGE('',*,*,#1133,.F.);
#668=ORIENTED_EDGE('',*,*,#1307,.F.);
#669=ORIENTED_EDGE('',*,*,#1141,.F.);
#670=ORIENTED_EDGE('',*,*,#1331,.F.);
#671=ORIENTED_EDGE('',*,*,#1149,.F.);
#672=ORIENTED_EDGE('',*,*,#1355,.F.);
#673=ORIENTED_EDGE('',*,*,#1157,.F.);
#674=ORIENTED_EDGE('',*,*,#1379,.F.);
#675=ORIENTED_EDGE('',*,*,#1161,.F.);
#676=ORIENTED_EDGE('',*,*,#1393,.F.);
#677=ORIENTED_EDGE('',*,*,#1093,.F.);
#678=ORIENTED_EDGE('',*,*,#1187,.F.);
#679=ORIENTED_EDGE('',*,*,#1394,.F.);
#680=ORIENTED_EDGE('',*,*,#1395,.T.);
#681=ORIENTED_EDGE('',*,*,#1369,.F.);
#682=ORIENTED_EDGE('',*,*,#1390,.F.);
#683=ORIENTED_EDGE('',*,*,#1396,.F.);
#684=ORIENTED_EDGE('',*,*,#1397,.F.);
#685=ORIENTED_EDGE('',*,*,#1398,.T.);
#686=ORIENTED_EDGE('',*,*,#1382,.F.);
#687=ORIENTED_EDGE('',*,*,#1399,.T.);
#688=ORIENTED_EDGE('',*,*,#1394,.T.);
#689=ORIENTED_EDGE('',*,*,#1389,.T.);
#690=ORIENTED_EDGE('',*,*,#1169,.T.);
#691=ORIENTED_EDGE('',*,*,#1400,.T.);
#692=ORIENTED_EDGE('',*,*,#1401,.T.);
#693=ORIENTED_EDGE('',*,*,#1402,.F.);
#694=ORIENTED_EDGE('',*,*,#1403,.F.);
#695=ORIENTED_EDGE('',*,*,#1163,.F.);
#696=ORIENTED_EDGE('',*,*,#1404,.F.);
#697=ORIENTED_EDGE('',*,*,#1089,.F.);
#698=ORIENTED_EDGE('',*,*,#1405,.F.);
#699=ORIENTED_EDGE('',*,*,#1098,.T.);
#700=ORIENTED_EDGE('',*,*,#1182,.T.);
#701=ORIENTED_EDGE('',*,*,#1090,.T.);
#702=ORIENTED_EDGE('',*,*,#1404,.T.);
#703=ORIENTED_EDGE('',*,*,#1166,.T.);
#704=ORIENTED_EDGE('',*,*,#1374,.T.);
#705=ORIENTED_EDGE('',*,*,#1154,.T.);
#706=ORIENTED_EDGE('',*,*,#1350,.T.);
#707=ORIENTED_EDGE('',*,*,#1146,.T.);
#708=ORIENTED_EDGE('',*,*,#1326,.T.);
#709=ORIENTED_EDGE('',*,*,#1138,.T.);
#710=ORIENTED_EDGE('',*,*,#1302,.T.);
#711=ORIENTED_EDGE('',*,*,#1130,.T.);
#712=ORIENTED_EDGE('',*,*,#1278,.T.);
#713=ORIENTED_EDGE('',*,*,#1122,.T.);
#714=ORIENTED_EDGE('',*,*,#1254,.T.);
#715=ORIENTED_EDGE('',*,*,#1114,.T.);
#716=ORIENTED_EDGE('',*,*,#1230,.T.);
#717=ORIENTED_EDGE('',*,*,#1106,.T.);
#718=ORIENTED_EDGE('',*,*,#1206,.T.);
#719=ORIENTED_EDGE('',*,*,#1198,.F.);
#720=ORIENTED_EDGE('',*,*,#1215,.T.);
#721=ORIENTED_EDGE('',*,*,#1222,.F.);
#722=ORIENTED_EDGE('',*,*,#1239,.T.);
#723=ORIENTED_EDGE('',*,*,#1246,.F.);
#724=ORIENTED_EDGE('',*,*,#1263,.T.);
#725=ORIENTED_EDGE('',*,*,#1270,.F.);
#726=ORIENTED_EDGE('',*,*,#1287,.T.);
#727=ORIENTED_EDGE('',*,*,#1294,.F.);
#728=ORIENTED_EDGE('',*,*,#1311,.T.);
#729=ORIENTED_EDGE('',*,*,#1318,.F.);
#730=ORIENTED_EDGE('',*,*,#1335,.T.);
#731=ORIENTED_EDGE('',*,*,#1342,.F.);
#732=ORIENTED_EDGE('',*,*,#1359,.T.);
#733=ORIENTED_EDGE('',*,*,#1366,.F.);
#734=ORIENTED_EDGE('',*,*,#1383,.T.);
#735=ORIENTED_EDGE('',*,*,#1398,.F.);
#736=ORIENTED_EDGE('',*,*,#1406,.T.);
#737=ORIENTED_EDGE('',*,*,#1173,.F.);
#738=ORIENTED_EDGE('',*,*,#1191,.T.);
#739=ORIENTED_EDGE('',*,*,#1407,.F.);
#740=ORIENTED_EDGE('',*,*,#1408,.T.);
#741=ORIENTED_EDGE('',*,*,#1409,.F.);
#742=ORIENTED_EDGE('',*,*,#1094,.F.);
#743=ORIENTED_EDGE('',*,*,#1393,.T.);
#744=ORIENTED_EDGE('',*,*,#1160,.F.);
#745=ORIENTED_EDGE('',*,*,#1410,.F.);
#746=ORIENTED_EDGE('',*,*,#1411,.T.);
#747=ORIENTED_EDGE('',*,*,#1174,.T.);
#748=ORIENTED_EDGE('',*,*,#1406,.F.);
#749=ORIENTED_EDGE('',*,*,#1397,.T.);
#750=ORIENTED_EDGE('',*,*,#1412,.T.);
#751=ORIENTED_EDGE('',*,*,#1388,.F.);
#752=ORIENTED_EDGE('',*,*,#1391,.F.);
#753=ORIENTED_EDGE('',*,*,#1385,.F.);
#754=ORIENTED_EDGE('',*,*,#1387,.F.);
#755=ORIENTED_EDGE('',*,*,#1413,.F.);
#756=ORIENTED_EDGE('',*,*,#1178,.F.);
#757=ORIENTED_EDGE('',*,*,#1414,.T.);
#758=ORIENTED_EDGE('',*,*,#1175,.F.);
#759=ORIENTED_EDGE('',*,*,#1400,.F.);
#760=ORIENTED_EDGE('',*,*,#1415,.T.);
#761=ORIENTED_EDGE('',*,*,#1399,.F.);
#762=ORIENTED_EDGE('',*,*,#1416,.F.);
#763=ORIENTED_EDGE('',*,*,#1417,.F.);
#764=ORIENTED_EDGE('',*,*,#1202,.F.);
#765=ORIENTED_EDGE('',*,*,#1418,.T.);
#766=ORIENTED_EDGE('',*,*,#1199,.F.);
#767=ORIENTED_EDGE('',*,*,#1419,.F.);
#768=ORIENTED_EDGE('',*,*,#1226,.F.);
#769=ORIENTED_EDGE('',*,*,#1420,.T.);
#770=ORIENTED_EDGE('',*,*,#1223,.F.);
#771=ORIENTED_EDGE('',*,*,#1421,.F.);
#772=ORIENTED_EDGE('',*,*,#1250,.F.);
#773=ORIENTED_EDGE('',*,*,#1422,.T.);
#774=ORIENTED_EDGE('',*,*,#1247,.F.);
#775=ORIENTED_EDGE('',*,*,#1423,.F.);
#776=ORIENTED_EDGE('',*,*,#1274,.F.);
#777=ORIENTED_EDGE('',*,*,#1424,.T.);
#778=ORIENTED_EDGE('',*,*,#1271,.F.);
#779=ORIENTED_EDGE('',*,*,#1425,.F.);
#780=ORIENTED_EDGE('',*,*,#1298,.F.);
#781=ORIENTED_EDGE('',*,*,#1426,.T.);
#782=ORIENTED_EDGE('',*,*,#1295,.F.);
#783=ORIENTED_EDGE('',*,*,#1427,.F.);
#784=ORIENTED_EDGE('',*,*,#1322,.F.);
#785=ORIENTED_EDGE('',*,*,#1428,.T.);
#786=ORIENTED_EDGE('',*,*,#1319,.F.);
#787=ORIENTED_EDGE('',*,*,#1429,.F.);
#788=ORIENTED_EDGE('',*,*,#1346,.F.);
#789=ORIENTED_EDGE('',*,*,#1430,.T.);
#790=ORIENTED_EDGE('',*,*,#1343,.F.);
#791=ORIENTED_EDGE('',*,*,#1431,.F.);
#792=ORIENTED_EDGE('',*,*,#1370,.F.);
#793=ORIENTED_EDGE('',*,*,#1432,.T.);
#794=ORIENTED_EDGE('',*,*,#1367,.F.);
#795=ORIENTED_EDGE('',*,*,#1184,.T.);
#796=ORIENTED_EDGE('',*,*,#1433,.F.);
#797=ORIENTED_EDGE('',*,*,#1186,.T.);
#798=ORIENTED_EDGE('',*,*,#1434,.T.);
#799=ORIENTED_EDGE('',*,*,#1208,.T.);
#800=ORIENTED_EDGE('',*,*,#1435,.F.);
#801=ORIENTED_EDGE('',*,*,#1210,.T.);
#802=ORIENTED_EDGE('',*,*,#1436,.T.);
#803=ORIENTED_EDGE('',*,*,#1232,.T.);
#804=ORIENTED_EDGE('',*,*,#1437,.F.);
#805=ORIENTED_EDGE('',*,*,#1234,.T.);
#806=ORIENTED_EDGE('',*,*,#1438,.T.);
#807=ORIENTED_EDGE('',*,*,#1256,.T.);
#808=ORIENTED_EDGE('',*,*,#1439,.F.);
#809=ORIENTED_EDGE('',*,*,#1258,.T.);
#810=ORIENTED_EDGE('',*,*,#1440,.T.);
#811=ORIENTED_EDGE('',*,*,#1280,.T.);
#812=ORIENTED_EDGE('',*,*,#1441,.F.);
#813=ORIENTED_EDGE('',*,*,#1282,.T.);
#814=ORIENTED_EDGE('',*,*,#1442,.T.);
#815=ORIENTED_EDGE('',*,*,#1304,.T.);
#816=ORIENTED_EDGE('',*,*,#1443,.F.);
#817=ORIENTED_EDGE('',*,*,#1306,.T.);
#818=ORIENTED_EDGE('',*,*,#1444,.T.);
#819=ORIENTED_EDGE('',*,*,#1328,.T.);
#820=ORIENTED_EDGE('',*,*,#1445,.F.);
#821=ORIENTED_EDGE('',*,*,#1330,.T.);
#822=ORIENTED_EDGE('',*,*,#1446,.T.);
#823=ORIENTED_EDGE('',*,*,#1352,.T.);
#824=ORIENTED_EDGE('',*,*,#1447,.F.);
#825=ORIENTED_EDGE('',*,*,#1354,.T.);
#826=ORIENTED_EDGE('',*,*,#1448,.T.);
#827=ORIENTED_EDGE('',*,*,#1376,.T.);
#828=ORIENTED_EDGE('',*,*,#1449,.F.);
#829=ORIENTED_EDGE('',*,*,#1378,.T.);
#830=ORIENTED_EDGE('',*,*,#1450,.T.);
#831=ORIENTED_EDGE('',*,*,#1407,.T.);
#832=ORIENTED_EDGE('',*,*,#1451,.F.);
#833=ORIENTED_EDGE('',*,*,#1409,.T.);
#834=ORIENTED_EDGE('',*,*,#1452,.T.);
#835=ORIENTED_EDGE('',*,*,#1413,.T.);
#836=ORIENTED_EDGE('',*,*,#1179,.F.);
#837=ORIENTED_EDGE('',*,*,#1434,.F.);
#838=ORIENTED_EDGE('',*,*,#1185,.F.);
#839=ORIENTED_EDGE('',*,*,#1417,.T.);
#840=ORIENTED_EDGE('',*,*,#1203,.F.);
#841=ORIENTED_EDGE('',*,*,#1436,.F.);
#842=ORIENTED_EDGE('',*,*,#1209,.F.);
#843=ORIENTED_EDGE('',*,*,#1419,.T.);
#844=ORIENTED_EDGE('',*,*,#1227,.F.);
#845=ORIENTED_EDGE('',*,*,#1438,.F.);
#846=ORIENTED_EDGE('',*,*,#1233,.F.);
#847=ORIENTED_EDGE('',*,*,#1421,.T.);
#848=ORIENTED_EDGE('',*,*,#1251,.F.);
#849=ORIENTED_EDGE('',*,*,#1440,.F.);
#850=ORIENTED_EDGE('',*,*,#1257,.F.);
#851=ORIENTED_EDGE('',*,*,#1423,.T.);
#852=ORIENTED_EDGE('',*,*,#1275,.F.);
#853=ORIENTED_EDGE('',*,*,#1442,.F.);
#854=ORIENTED_EDGE('',*,*,#1281,.F.);
#855=ORIENTED_EDGE('',*,*,#1425,.T.);
#856=ORIENTED_EDGE('',*,*,#1299,.F.);
#857=ORIENTED_EDGE('',*,*,#1444,.F.);
#858=ORIENTED_EDGE('',*,*,#1305,.F.);
#859=ORIENTED_EDGE('',*,*,#1427,.T.);
#860=ORIENTED_EDGE('',*,*,#1323,.F.);
#861=ORIENTED_EDGE('',*,*,#1446,.F.);
#862=ORIENTED_EDGE('',*,*,#1329,.F.);
#863=ORIENTED_EDGE('',*,*,#1429,.T.);
#864=ORIENTED_EDGE('',*,*,#1347,.F.);
#865=ORIENTED_EDGE('',*,*,#1448,.F.);
#866=ORIENTED_EDGE('',*,*,#1353,.F.);
#867=ORIENTED_EDGE('',*,*,#1431,.T.);
#868=ORIENTED_EDGE('',*,*,#1371,.F.);
#869=ORIENTED_EDGE('',*,*,#1450,.F.);
#870=ORIENTED_EDGE('',*,*,#1377,.F.);
#871=ORIENTED_EDGE('',*,*,#1416,.T.);
#872=ORIENTED_EDGE('',*,*,#1401,.F.);
#873=ORIENTED_EDGE('',*,*,#1452,.F.);
#874=ORIENTED_EDGE('',*,*,#1408,.F.);
#875=ORIENTED_EDGE('',*,*,#1415,.F.);
#876=ORIENTED_EDGE('',*,*,#1168,.F.);
#877=ORIENTED_EDGE('',*,*,#1414,.F.);
#878=ORIENTED_EDGE('',*,*,#1194,.F.);
#879=ORIENTED_EDGE('',*,*,#1418,.F.);
#880=ORIENTED_EDGE('',*,*,#1218,.F.);
#881=ORIENTED_EDGE('',*,*,#1420,.F.);
#882=ORIENTED_EDGE('',*,*,#1242,.F.);
#883=ORIENTED_EDGE('',*,*,#1422,.F.);
#884=ORIENTED_EDGE('',*,*,#1266,.F.);
#885=ORIENTED_EDGE('',*,*,#1424,.F.);
#886=ORIENTED_EDGE('',*,*,#1290,.F.);
#887=ORIENTED_EDGE('',*,*,#1426,.F.);
#888=ORIENTED_EDGE('',*,*,#1314,.F.);
#889=ORIENTED_EDGE('',*,*,#1428,.F.);
#890=ORIENTED_EDGE('',*,*,#1338,.F.);
#891=ORIENTED_EDGE('',*,*,#1430,.F.);
#892=ORIENTED_EDGE('',*,*,#1362,.F.);
#893=ORIENTED_EDGE('',*,*,#1432,.F.);
#894=ORIENTED_EDGE('',*,*,#1395,.F.);
#895=ORIENTED_EDGE('',*,*,#1091,.T.);
#896=ORIENTED_EDGE('',*,*,#1451,.T.);
#897=ORIENTED_EDGE('',*,*,#1159,.T.);
#898=ORIENTED_EDGE('',*,*,#1449,.T.);
#899=ORIENTED_EDGE('',*,*,#1155,.T.);
#900=ORIENTED_EDGE('',*,*,#1447,.T.);
#901=ORIENTED_EDGE('',*,*,#1147,.T.);
#902=ORIENTED_EDGE('',*,*,#1445,.T.);
#903=ORIENTED_EDGE('',*,*,#1139,.T.);
#904=ORIENTED_EDGE('',*,*,#1443,.T.);
#905=ORIENTED_EDGE('',*,*,#1131,.T.);
#906=ORIENTED_EDGE('',*,*,#1441,.T.);
#907=ORIENTED_EDGE('',*,*,#1123,.T.);
#908=ORIENTED_EDGE('',*,*,#1439,.T.);
#909=ORIENTED_EDGE('',*,*,#1115,.T.);
#910=ORIENTED_EDGE('',*,*,#1437,.T.);
#911=ORIENTED_EDGE('',*,*,#1107,.T.);
#912=ORIENTED_EDGE('',*,*,#1435,.T.);
#913=ORIENTED_EDGE('',*,*,#1099,.T.);
#914=ORIENTED_EDGE('',*,*,#1433,.T.);
#915=ORIENTED_EDGE('',*,*,#1453,.F.);
#916=ORIENTED_EDGE('',*,*,#1189,.F.);
#917=ORIENTED_EDGE('',*,*,#1454,.T.);
#918=ORIENTED_EDGE('',*,*,#1192,.F.);
#919=ORIENTED_EDGE('',*,*,#1411,.F.);
#920=ORIENTED_EDGE('',*,*,#1455,.T.);
#921=ORIENTED_EDGE('',*,*,#1412,.F.);
#922=ORIENTED_EDGE('',*,*,#1456,.F.);
#923=ORIENTED_EDGE('',*,*,#1457,.F.);
#924=ORIENTED_EDGE('',*,*,#1213,.F.);
#925=ORIENTED_EDGE('',*,*,#1458,.T.);
#926=ORIENTED_EDGE('',*,*,#1216,.F.);
#927=ORIENTED_EDGE('',*,*,#1459,.F.);
#928=ORIENTED_EDGE('',*,*,#1237,.F.);
#929=ORIENTED_EDGE('',*,*,#1460,.T.);
#930=ORIENTED_EDGE('',*,*,#1240,.F.);
#931=ORIENTED_EDGE('',*,*,#1461,.F.);
#932=ORIENTED_EDGE('',*,*,#1261,.F.);
#933=ORIENTED_EDGE('',*,*,#1462,.T.);
#934=ORIENTED_EDGE('',*,*,#1264,.F.);
#935=ORIENTED_EDGE('',*,*,#1463,.F.);
#936=ORIENTED_EDGE('',*,*,#1285,.F.);
#937=ORIENTED_EDGE('',*,*,#1464,.T.);
#938=ORIENTED_EDGE('',*,*,#1288,.F.);
#939=ORIENTED_EDGE('',*,*,#1465,.F.);
#940=ORIENTED_EDGE('',*,*,#1309,.F.);
#941=ORIENTED_EDGE('',*,*,#1466,.T.);
#942=ORIENTED_EDGE('',*,*,#1312,.F.);
#943=ORIENTED_EDGE('',*,*,#1467,.F.);
#944=ORIENTED_EDGE('',*,*,#1333,.F.);
#945=ORIENTED_EDGE('',*,*,#1468,.T.);
#946=ORIENTED_EDGE('',*,*,#1336,.F.);
#947=ORIENTED_EDGE('',*,*,#1469,.F.);
#948=ORIENTED_EDGE('',*,*,#1357,.F.);
#949=ORIENTED_EDGE('',*,*,#1470,.T.);
#950=ORIENTED_EDGE('',*,*,#1360,.F.);
#951=ORIENTED_EDGE('',*,*,#1471,.F.);
#952=ORIENTED_EDGE('',*,*,#1381,.F.);
#953=ORIENTED_EDGE('',*,*,#1472,.T.);
#954=ORIENTED_EDGE('',*,*,#1384,.F.);
#955=ORIENTED_EDGE('',*,*,#1454,.F.);
#956=ORIENTED_EDGE('',*,*,#1188,.T.);
#957=ORIENTED_EDGE('',*,*,#1458,.F.);
#958=ORIENTED_EDGE('',*,*,#1212,.T.);
#959=ORIENTED_EDGE('',*,*,#1460,.F.);
#960=ORIENTED_EDGE('',*,*,#1236,.T.);
#961=ORIENTED_EDGE('',*,*,#1462,.F.);
#962=ORIENTED_EDGE('',*,*,#1260,.T.);
#963=ORIENTED_EDGE('',*,*,#1464,.F.);
#964=ORIENTED_EDGE('',*,*,#1284,.T.);
#965=ORIENTED_EDGE('',*,*,#1466,.F.);
#966=ORIENTED_EDGE('',*,*,#1308,.T.);
#967=ORIENTED_EDGE('',*,*,#1468,.F.);
#968=ORIENTED_EDGE('',*,*,#1332,.T.);
#969=ORIENTED_EDGE('',*,*,#1470,.F.);
#970=ORIENTED_EDGE('',*,*,#1356,.T.);
#971=ORIENTED_EDGE('',*,*,#1472,.F.);
#972=ORIENTED_EDGE('',*,*,#1380,.T.);
#973=ORIENTED_EDGE('',*,*,#1455,.F.);
#974=ORIENTED_EDGE('',*,*,#1410,.T.);
#975=ORIENTED_EDGE('',*,*,#1473,.F.);
#976=ORIENTED_EDGE('',*,*,#1456,.T.);
#977=ORIENTED_EDGE('',*,*,#1396,.T.);
#978=ORIENTED_EDGE('',*,*,#1471,.T.);
#979=ORIENTED_EDGE('',*,*,#1364,.T.);
#980=ORIENTED_EDGE('',*,*,#1469,.T.);
#981=ORIENTED_EDGE('',*,*,#1340,.T.);
#982=ORIENTED_EDGE('',*,*,#1467,.T.);
#983=ORIENTED_EDGE('',*,*,#1316,.T.);
#984=ORIENTED_EDGE('',*,*,#1465,.T.);
#985=ORIENTED_EDGE('',*,*,#1292,.T.);
#986=ORIENTED_EDGE('',*,*,#1463,.T.);
#987=ORIENTED_EDGE('',*,*,#1268,.T.);
#988=ORIENTED_EDGE('',*,*,#1461,.T.);
#989=ORIENTED_EDGE('',*,*,#1244,.T.);
#990=ORIENTED_EDGE('',*,*,#1459,.T.);
#991=ORIENTED_EDGE('',*,*,#1220,.T.);
#992=ORIENTED_EDGE('',*,*,#1457,.T.);
#993=ORIENTED_EDGE('',*,*,#1196,.T.);
#994=ORIENTED_EDGE('',*,*,#1453,.T.);
#995=ORIENTED_EDGE('',*,*,#1171,.T.);
#996=ORIENTED_EDGE('',*,*,#1405,.T.);
#997=ORIENTED_EDGE('',*,*,#1474,.T.);
#998=ORIENTED_EDGE('',*,*,#1403,.T.);
#999=ORIENTED_EDGE('',*,*,#1475,.F.);
#1000=ORIENTED_EDGE('',*,*,#1181,.T.);
#1001=ORIENTED_EDGE('',*,*,#1476,.F.);
#1002=ORIENTED_EDGE('',*,*,#1183,.T.);
#1003=ORIENTED_EDGE('',*,*,#1477,.T.);
#1004=ORIENTED_EDGE('',*,*,#1205,.T.);
#1005=ORIENTED_EDGE('',*,*,#1478,.F.);
#1006=ORIENTED_EDGE('',*,*,#1207,.T.);
#1007=ORIENTED_EDGE('',*,*,#1479,.T.);
#1008=ORIENTED_EDGE('',*,*,#1229,.T.);
#1009=ORIENTED_EDGE('',*,*,#1480,.F.);
#1010=ORIENTED_EDGE('',*,*,#1231,.T.);
#1011=ORIENTED_EDGE('',*,*,#1481,.T.);
#1012=ORIENTED_EDGE('',*,*,#1253,.T.);
#1013=ORIENTED_EDGE('',*,*,#1482,.F.);
#1014=ORIENTED_EDGE('',*,*,#1255,.T.);
#1015=ORIENTED_EDGE('',*,*,#1483,.T.);
#1016=ORIENTED_EDGE('',*,*,#1277,.T.);
#1017=ORIENTED_EDGE('',*,*,#1484,.F.);
#1018=ORIENTED_EDGE('',*,*,#1279,.T.);
#1019=ORIENTED_EDGE('',*,*,#1485,.T.);
#1020=ORIENTED_EDGE('',*,*,#1301,.T.);
#1021=ORIENTED_EDGE('',*,*,#1486,.F.);
#1022=ORIENTED_EDGE('',*,*,#1303,.T.);
#1023=ORIENTED_EDGE('',*,*,#1487,.T.);
#1024=ORIENTED_EDGE('',*,*,#1325,.T.);
#1025=ORIENTED_EDGE('',*,*,#1488,.F.);
#1026=ORIENTED_EDGE('',*,*,#1327,.T.);
#1027=ORIENTED_EDGE('',*,*,#1489,.T.);
#1028=ORIENTED_EDGE('',*,*,#1349,.T.);
#1029=ORIENTED_EDGE('',*,*,#1490,.F.);
#1030=ORIENTED_EDGE('',*,*,#1351,.T.);
#1031=ORIENTED_EDGE('',*,*,#1491,.T.);
#1032=ORIENTED_EDGE('',*,*,#1373,.T.);
#1033=ORIENTED_EDGE('',*,*,#1492,.F.);
#1034=ORIENTED_EDGE('',*,*,#1375,.T.);
#1035=ORIENTED_EDGE('',*,*,#1493,.T.);
#1036=ORIENTED_EDGE('',*,*,#1180,.T.);
#1037=ORIENTED_EDGE('',*,*,#1476,.T.);
#1038=ORIENTED_EDGE('',*,*,#1204,.T.);
#1039=ORIENTED_EDGE('',*,*,#1478,.T.);
#1040=ORIENTED_EDGE('',*,*,#1228,.T.);
#1041=ORIENTED_EDGE('',*,*,#1480,.T.);
#1042=ORIENTED_EDGE('',*,*,#1252,.T.);
#1043=ORIENTED_EDGE('',*,*,#1482,.T.);
#1044=ORIENTED_EDGE('',*,*,#1276,.T.);
#1045=ORIENTED_EDGE('',*,*,#1484,.T.);
#1046=ORIENTED_EDGE('',*,*,#1300,.T.);
#1047=ORIENTED_EDGE('',*,*,#1486,.T.);
#1048=ORIENTED_EDGE('',*,*,#1324,.T.);
#1049=ORIENTED_EDGE('',*,*,#1488,.T.);
#1050=ORIENTED_EDGE('',*,*,#1348,.T.);
#1051=ORIENTED_EDGE('',*,*,#1490,.T.);
#1052=ORIENTED_EDGE('',*,*,#1372,.T.);
#1053=ORIENTED_EDGE('',*,*,#1492,.T.);
#1054=ORIENTED_EDGE('',*,*,#1402,.T.);
#1055=ORIENTED_EDGE('',*,*,#1475,.T.);
#1056=ORIENTED_EDGE('',*,*,#1494,.T.);
#1057=ORIENTED_EDGE('',*,*,#1474,.F.);
#1058=ORIENTED_EDGE('',*,*,#1088,.F.);
#1059=ORIENTED_EDGE('',*,*,#1477,.F.);
#1060=ORIENTED_EDGE('',*,*,#1096,.F.);
#1061=ORIENTED_EDGE('',*,*,#1479,.F.);
#1062=ORIENTED_EDGE('',*,*,#1104,.F.);
#1063=ORIENTED_EDGE('',*,*,#1481,.F.);
#1064=ORIENTED_EDGE('',*,*,#1112,.F.);
#1065=ORIENTED_EDGE('',*,*,#1483,.F.);
#1066=ORIENTED_EDGE('',*,*,#1120,.F.);
#1067=ORIENTED_EDGE('',*,*,#1485,.F.);
#1068=ORIENTED_EDGE('',*,*,#1128,.F.);
#1069=ORIENTED_EDGE('',*,*,#1487,.F.);
#1070=ORIENTED_EDGE('',*,*,#1136,.F.);
#1071=ORIENTED_EDGE('',*,*,#1489,.F.);
#1072=ORIENTED_EDGE('',*,*,#1144,.F.);
#1073=ORIENTED_EDGE('',*,*,#1491,.F.);
#1074=ORIENTED_EDGE('',*,*,#1152,.F.);
#1075=ORIENTED_EDGE('',*,*,#1493,.F.);
#1076=ORIENTED_EDGE('',*,*,#1164,.F.);
#1077=ORIENTED_EDGE('',*,*,#1495,.F.);
#1078=ORIENTED_EDGE('',*,*,#1496,.F.);
#1079=ORIENTED_EDGE('',*,*,#1496,.T.);
#1080=ORIENTED_EDGE('',*,*,#1494,.F.);
#1081=ORIENTED_EDGE('',*,*,#1495,.T.);
#1082=ORIENTED_EDGE('',*,*,#1497,.T.);
#1083=ORIENTED_EDGE('',*,*,#1498,.F.);
#1084=ORIENTED_EDGE('',*,*,#1497,.F.);
#1085=ORIENTED_EDGE('',*,*,#1473,.T.);
#1086=ORIENTED_EDGE('',*,*,#1498,.T.);
#1087=EDGE_CURVE('',#1499,#1500,#1751,.T.);
#1088=EDGE_CURVE('',#1500,#1501,#91,.T.);
#1089=EDGE_CURVE('',#1501,#1502,#1752,.T.);
#1090=EDGE_CURVE('',#1499,#1502,#92,.T.);
#1091=EDGE_CURVE('',#1503,#1504,#93,.T.);
#1092=EDGE_CURVE('',#1503,#1505,#1753,.T.);
#1093=EDGE_CURVE('',#1505,#1506,#94,.T.);
#1094=EDGE_CURVE('',#1506,#1504,#1754,.T.);
#1095=EDGE_CURVE('',#1507,#1508,#1755,.T.);
#1096=EDGE_CURVE('',#1508,#1509,#95,.T.);
#1097=EDGE_CURVE('',#1509,#1510,#1756,.T.);
#1098=EDGE_CURVE('',#1507,#1510,#96,.T.);
#1099=EDGE_CURVE('',#1511,#1512,#97,.T.);
#1100=EDGE_CURVE('',#1511,#1513,#1757,.T.);
#1101=EDGE_CURVE('',#1513,#1514,#98,.T.);
#1102=EDGE_CURVE('',#1514,#1512,#1758,.T.);
#1103=EDGE_CURVE('',#1515,#1516,#1759,.T.);
#1104=EDGE_CURVE('',#1516,#1517,#99,.T.);
#1105=EDGE_CURVE('',#1517,#1518,#1760,.T.);
#1106=EDGE_CURVE('',#1515,#1518,#100,.T.);
#1107=EDGE_CURVE('',#1519,#1520,#101,.T.);
#1108=EDGE_CURVE('',#1519,#1521,#1761,.T.);
#1109=EDGE_CURVE('',#1521,#1522,#102,.T.);
#1110=EDGE_CURVE('',#1522,#1520,#1762,.T.);
#1111=EDGE_CURVE('',#1523,#1524,#1763,.T.);
#1112=EDGE_CURVE('',#1524,#1525,#103,.T.);
#1113=EDGE_CURVE('',#1525,#1526,#1764,.T.);
#1114=EDGE_CURVE('',#1523,#1526,#104,.T.);
#1115=EDGE_CURVE('',#1527,#1528,#105,.T.);
#1116=EDGE_CURVE('',#1527,#1529,#1765,.T.);
#1117=EDGE_CURVE('',#1529,#1530,#106,.T.);
#1118=EDGE_CURVE('',#1530,#1528,#1766,.T.);
#1119=EDGE_CURVE('',#1531,#1532,#1767,.T.);
#1120=EDGE_CURVE('',#1532,#1533,#107,.T.);
#1121=EDGE_CURVE('',#1533,#1534,#1768,.T.);
#1122=EDGE_CURVE('',#1531,#1534,#108,.T.);
#1123=EDGE_CURVE('',#1535,#1536,#109,.T.);
#1124=EDGE_CURVE('',#1535,#1537,#1769,.T.);
#1125=EDGE_CURVE('',#1537,#1538,#110,.T.);
#1126=EDGE_CURVE('',#1538,#1536,#1770,.T.);
#1127=EDGE_CURVE('',#1539,#1540,#1771,.T.);
#1128=EDGE_CURVE('',#1540,#1541,#111,.T.);
#1129=EDGE_CURVE('',#1541,#1542,#1772,.T.);
#1130=EDGE_CURVE('',#1539,#1542,#112,.T.);
#1131=EDGE_CURVE('',#1543,#1544,#113,.T.);
#1132=EDGE_CURVE('',#1543,#1545,#1773,.T.);
#1133=EDGE_CURVE('',#1545,#1546,#114,.T.);
#1134=EDGE_CURVE('',#1546,#1544,#1774,.T.);
#1135=EDGE_CURVE('',#1547,#1548,#1775,.T.);
#1136=EDGE_CURVE('',#1548,#1549,#115,.T.);
#1137=EDGE_CURVE('',#1549,#1550,#1776,.T.);
#1138=EDGE_CURVE('',#1547,#1550,#116,.T.);
#1139=EDGE_CURVE('',#1551,#1552,#117,.T.);
#1140=EDGE_CURVE('',#1551,#1553,#1777,.T.);
#1141=EDGE_CURVE('',#1553,#1554,#118,.T.);
#1142=EDGE_CURVE('',#1554,#1552,#1778,.T.);
#1143=EDGE_CURVE('',#1555,#1556,#1779,.T.);
#1144=EDGE_CURVE('',#1556,#1557,#119,.T.);
#1145=EDGE_CURVE('',#1557,#1558,#1780,.T.);
#1146=EDGE_CURVE('',#1555,#1558,#120,.T.);
#1147=EDGE_CURVE('',#1559,#1560,#121,.T.);
#1148=EDGE_CURVE('',#1559,#1561,#1781,.T.);
#1149=EDGE_CURVE('',#1561,#1562,#122,.T.);
#1150=EDGE_CURVE('',#1562,#1560,#1782,.T.);
#1151=EDGE_CURVE('',#1563,#1564,#1783,.T.);
#1152=EDGE_CURVE('',#1564,#1565,#123,.T.);
#1153=EDGE_CURVE('',#1565,#1566,#1784,.T.);
#1154=EDGE_CURVE('',#1563,#1566,#124,.T.);
#1155=EDGE_CURVE('',#1567,#1568,#125,.T.);
#1156=EDGE_CURVE('',#1567,#1569,#1785,.T.);
#1157=EDGE_CURVE('',#1569,#1570,#126,.T.);
#1158=EDGE_CURVE('',#1570,#1568,#1786,.T.);
#1159=EDGE_CURVE('',#1571,#1572,#127,.T.);
#1160=EDGE_CURVE('',#1571,#1573,#1787,.T.);
#1161=EDGE_CURVE('',#1573,#1574,#128,.T.);
#1162=EDGE_CURVE('',#1574,#1572,#1788,.T.);
#1163=EDGE_CURVE('',#1575,#1576,#1789,.T.);
#1164=EDGE_CURVE('',#1576,#1577,#129,.T.);
#1165=EDGE_CURVE('',#1577,#1578,#1790,.T.);
#1166=EDGE_CURVE('',#1575,#1578,#130,.T.);
#1167=EDGE_CURVE('',#1579,#1580,#1791,.T.);
#1168=EDGE_CURVE('',#1579,#1581,#131,.T.);
#1169=EDGE_CURVE('',#1582,#1581,#1792,.T.);
#1170=EDGE_CURVE('',#1580,#1582,#132,.T.);
#1171=EDGE_CURVE('',#1583,#1584,#133,.T.);
#1172=EDGE_CURVE('',#1585,#1583,#1793,.T.);
#1173=EDGE_CURVE('',#1585,#1586,#134,.T.);
#1174=EDGE_CURVE('',#1584,#1586,#1794,.T.);
#1175=EDGE_CURVE('',#1587,#1579,#1795,.T.);
#1176=EDGE_CURVE('',#1580,#1588,#1796,.T.);
#1177=EDGE_CURVE('',#1588,#1589,#1797,.T.);
#1178=EDGE_CURVE('',#1589,#1590,#1798,.T.);
#1179=EDGE_CURVE('',#1590,#1587,#1799,.T.);
#1180=EDGE_CURVE('',#1591,#1592,#1800,.T.);
#1181=EDGE_CURVE('',#1500,#1591,#1801,.T.);
#1182=EDGE_CURVE('',#1510,#1499,#1802,.T.);
#1183=EDGE_CURVE('',#1592,#1509,#1803,.T.);
#1184=EDGE_CURVE('',#1593,#1503,#1804,.T.);
#1185=EDGE_CURVE('',#1593,#1594,#1805,.T.);
#1186=EDGE_CURVE('',#1512,#1594,#1806,.T.);
#1187=EDGE_CURVE('',#1514,#1505,#1807,.T.);
#1188=EDGE_CURVE('',#1595,#1596,#1808,.T.);
#1189=EDGE_CURVE('',#1595,#1597,#1809,.T.);
#1190=EDGE_CURVE('',#1597,#1598,#1810,.T.);
#1191=EDGE_CURVE('',#1585,#1598,#1811,.T.);
#1192=EDGE_CURVE('',#1583,#1596,#1812,.T.);
#1193=EDGE_CURVE('',#1599,#1600,#1813,.T.);
#1194=EDGE_CURVE('',#1599,#1589,#135,.T.);
#1195=EDGE_CURVE('',#1600,#1588,#136,.T.);
#1196=EDGE_CURVE('',#1601,#1597,#137,.T.);
#1197=EDGE_CURVE('',#1602,#1601,#1814,.T.);
#1198=EDGE_CURVE('',#1602,#1598,#138,.T.);
#1199=EDGE_CURVE('',#1603,#1599,#1815,.T.);
#1200=EDGE_CURVE('',#1600,#1604,#1816,.T.);
#1201=EDGE_CURVE('',#1604,#1605,#1817,.T.);
#1202=EDGE_CURVE('',#1605,#1606,#1818,.T.);
#1203=EDGE_CURVE('',#1606,#1603,#1819,.T.);
#1204=EDGE_CURVE('',#1607,#1608,#1820,.T.);
#1205=EDGE_CURVE('',#1508,#1607,#1821,.T.);
#1206=EDGE_CURVE('',#1518,#1507,#1822,.T.);
#1207=EDGE_CURVE('',#1608,#1517,#1823,.T.);
#1208=EDGE_CURVE('',#1609,#1511,#1824,.T.);
#1209=EDGE_CURVE('',#1609,#1610,#1825,.T.);
#1210=EDGE_CURVE('',#1520,#1610,#1826,.T.);
#1211=EDGE_CURVE('',#1522,#1513,#1827,.T.);
#1212=EDGE_CURVE('',#1611,#1612,#1828,.T.);
#1213=EDGE_CURVE('',#1611,#1613,#1829,.T.);
#1214=EDGE_CURVE('',#1613,#1614,#1830,.T.);
#1215=EDGE_CURVE('',#1602,#1614,#1831,.T.);
#1216=EDGE_CURVE('',#1601,#1612,#1832,.T.);
#1217=EDGE_CURVE('',#1615,#1616,#1833,.T.);
#1218=EDGE_CURVE('',#1615,#1605,#139,.T.);
#1219=EDGE_CURVE('',#1616,#1604,#140,.T.);
#1220=EDGE_CURVE('',#1617,#1613,#141,.T.);
#1221=EDGE_CURVE('',#1618,#1617,#1834,.T.);
#1222=EDGE_CURVE('',#1618,#1614,#142,.T.);
#1223=EDGE_CURVE('',#1619,#1615,#1835,.T.);
#1224=EDGE_CURVE('',#1616,#1620,#1836,.T.);
#1225=EDGE_CURVE('',#1620,#1621,#1837,.T.);
#1226=EDGE_CURVE('',#1621,#1622,#1838,.T.);
#1227=EDGE_CURVE('',#1622,#1619,#1839,.T.);
#1228=EDGE_CURVE('',#1623,#1624,#1840,.T.);
#1229=EDGE_CURVE('',#1516,#1623,#1841,.T.);
#1230=EDGE_CURVE('',#1526,#1515,#1842,.T.);
#1231=EDGE_CURVE('',#1624,#1525,#1843,.T.);
#1232=EDGE_CURVE('',#1625,#1519,#1844,.T.);
#1233=EDGE_CURVE('',#1625,#1626,#1845,.T.);
#1234=EDGE_CURVE('',#1528,#1626,#1846,.T.);
#1235=EDGE_CURVE('',#1530,#1521,#1847,.T.);
#1236=EDGE_CURVE('',#1627,#1628,#1848,.T.);
#1237=EDGE_CURVE('',#1627,#1629,#1849,.T.);
#1238=EDGE_CURVE('',#1629,#1630,#1850,.T.);
#1239=EDGE_CURVE('',#1618,#1630,#1851,.T.);
#1240=EDGE_CURVE('',#1617,#1628,#1852,.T.);
#1241=EDGE_CURVE('',#1631,#1632,#1853,.T.);
#1242=EDGE_CURVE('',#1631,#1621,#143,.T.);
#1243=EDGE_CURVE('',#1632,#1620,#144,.T.);
#1244=EDGE_CURVE('',#1633,#1629,#145,.T.);
#1245=EDGE_CURVE('',#1634,#1633,#1854,.T.);
#1246=EDGE_CURVE('',#1634,#1630,#146,.T.);
#1247=EDGE_CURVE('',#1635,#1631,#1855,.T.);
#1248=EDGE_CURVE('',#1632,#1636,#1856,.T.);
#1249=EDGE_CURVE('',#1636,#1637,#1857,.T.);
#1250=EDGE_CURVE('',#1637,#1638,#1858,.T.);
#1251=EDGE_CURVE('',#1638,#1635,#1859,.T.);
#1252=EDGE_CURVE('',#1639,#1640,#1860,.T.);
#1253=EDGE_CURVE('',#1524,#1639,#1861,.T.);
#1254=EDGE_CURVE('',#1534,#1523,#1862,.T.);
#1255=EDGE_CURVE('',#1640,#1533,#1863,.T.);
#1256=EDGE_CURVE('',#1641,#1527,#1864,.T.);
#1257=EDGE_CURVE('',#1641,#1642,#1865,.T.);
#1258=EDGE_CURVE('',#1536,#1642,#1866,.T.);
#1259=EDGE_CURVE('',#1538,#1529,#1867,.T.);
#1260=EDGE_CURVE('',#1643,#1644,#1868,.T.);
#1261=EDGE_CURVE('',#1643,#1645,#1869,.T.);
#1262=EDGE_CURVE('',#1645,#1646,#1870,.T.);
#1263=EDGE_CURVE('',#1634,#1646,#1871,.T.);
#1264=EDGE_CURVE('',#1633,#1644,#1872,.T.);
#1265=EDGE_CURVE('',#1647,#1648,#1873,.T.);
#1266=EDGE_CURVE('',#1647,#1637,#147,.T.);
#1267=EDGE_CURVE('',#1648,#1636,#148,.T.);
#1268=EDGE_CURVE('',#1649,#1645,#149,.T.);
#1269=EDGE_CURVE('',#1650,#1649,#1874,.T.);
#1270=EDGE_CURVE('',#1650,#1646,#150,.T.);
#1271=EDGE_CURVE('',#1651,#1647,#1875,.T.);
#1272=EDGE_CURVE('',#1648,#1652,#1876,.T.);
#1273=EDGE_CURVE('',#1652,#1653,#1877,.T.);
#1274=EDGE_CURVE('',#1653,#1654,#1878,.T.);
#1275=EDGE_CURVE('',#1654,#1651,#1879,.T.);
#1276=EDGE_CURVE('',#1655,#1656,#1880,.T.);
#1277=EDGE_CURVE('',#1532,#1655,#1881,.T.);
#1278=EDGE_CURVE('',#1542,#1531,#1882,.T.);
#1279=EDGE_CURVE('',#1656,#1541,#1883,.T.);
#1280=EDGE_CURVE('',#1657,#1535,#1884,.T.);
#1281=EDGE_CURVE('',#1657,#1658,#1885,.T.);
#1282=EDGE_CURVE('',#1544,#1658,#1886,.T.);
#1283=EDGE_CURVE('',#1546,#1537,#1887,.T.);
#1284=EDGE_CURVE('',#1659,#1660,#1888,.T.);
#1285=EDGE_CURVE('',#1659,#1661,#1889,.T.);
#1286=EDGE_CURVE('',#1661,#1662,#1890,.T.);
#1287=EDGE_CURVE('',#1650,#1662,#1891,.T.);
#1288=EDGE_CURVE('',#1649,#1660,#1892,.T.);
#1289=EDGE_CURVE('',#1663,#1664,#1893,.T.);
#1290=EDGE_CURVE('',#1663,#1653,#151,.T.);
#1291=EDGE_CURVE('',#1664,#1652,#152,.T.);
#1292=EDGE_CURVE('',#1665,#1661,#153,.T.);
#1293=EDGE_CURVE('',#1666,#1665,#1894,.T.);
#1294=EDGE_CURVE('',#1666,#1662,#154,.T.);
#1295=EDGE_CURVE('',#1667,#1663,#1895,.T.);
#1296=EDGE_CURVE('',#1664,#1668,#1896,.T.);
#1297=EDGE_CURVE('',#1668,#1669,#1897,.T.);
#1298=EDGE_CURVE('',#1669,#1670,#1898,.T.);
#1299=EDGE_CURVE('',#1670,#1667,#1899,.T.);
#1300=EDGE_CURVE('',#1671,#1672,#1900,.T.);
#1301=EDGE_CURVE('',#1540,#1671,#1901,.T.);
#1302=EDGE_CURVE('',#1550,#1539,#1902,.T.);
#1303=EDGE_CURVE('',#1672,#1549,#1903,.T.);
#1304=EDGE_CURVE('',#1673,#1543,#1904,.T.);
#1305=EDGE_CURVE('',#1673,#1674,#1905,.T.);
#1306=EDGE_CURVE('',#1552,#1674,#1906,.T.);
#1307=EDGE_CURVE('',#1554,#1545,#1907,.T.);
#1308=EDGE_CURVE('',#1675,#1676,#1908,.T.);
#1309=EDGE_CURVE('',#1675,#1677,#1909,.T.);
#1310=EDGE_CURVE('',#1677,#1678,#1910,.T.);
#1311=EDGE_CURVE('',#1666,#1678,#1911,.T.);
#1312=EDGE_CURVE('',#1665,#1676,#1912,.T.);
#1313=EDGE_CURVE('',#1679,#1680,#1913,.T.);
#1314=EDGE_CURVE('',#1679,#1669,#155,.T.);
#1315=EDGE_CURVE('',#1680,#1668,#156,.T.);
#1316=EDGE_CURVE('',#1681,#1677,#157,.T.);
#1317=EDGE_CURVE('',#1682,#1681,#1914,.T.);
#1318=EDGE_CURVE('',#1682,#1678,#158,.T.);
#1319=EDGE_CURVE('',#1683,#1679,#1915,.T.);
#1320=EDGE_CURVE('',#1680,#1684,#1916,.T.);
#1321=EDGE_CURVE('',#1684,#1685,#1917,.T.);
#1322=EDGE_CURVE('',#1685,#1686,#1918,.T.);
#1323=EDGE_CURVE('',#1686,#1683,#1919,.T.);
#1324=EDGE_CURVE('',#1687,#1688,#1920,.T.);
#1325=EDGE_CURVE('',#1548,#1687,#1921,.T.);
#1326=EDGE_CURVE('',#1558,#1547,#1922,.T.);
#1327=EDGE_CURVE('',#1688,#1557,#1923,.T.);
#1328=EDGE_CURVE('',#1689,#1551,#1924,.T.);
#1329=EDGE_CURVE('',#1689,#1690,#1925,.T.);
#1330=EDGE_CURVE('',#1560,#1690,#1926,.T.);
#1331=EDGE_CURVE('',#1562,#1553,#1927,.T.);
#1332=EDGE_CURVE('',#1691,#1692,#1928,.T.);
#1333=EDGE_CURVE('',#1691,#1693,#1929,.T.);
#1334=EDGE_CURVE('',#1693,#1694,#1930,.T.);
#1335=EDGE_CURVE('',#1682,#1694,#1931,.T.);
#1336=EDGE_CURVE('',#1681,#1692,#1932,.T.);
#1337=EDGE_CURVE('',#1695,#1696,#1933,.T.);
#1338=EDGE_CURVE('',#1695,#1685,#159,.T.);
#1339=EDGE_CURVE('',#1696,#1684,#160,.T.);
#1340=EDGE_CURVE('',#1697,#1693,#161,.T.);
#1341=EDGE_CURVE('',#1698,#1697,#1934,.T.);
#1342=EDGE_CURVE('',#1698,#1694,#162,.T.);
#1343=EDGE_CURVE('',#1699,#1695,#1935,.T.);
#1344=EDGE_CURVE('',#1696,#1700,#1936,.T.);
#1345=EDGE_CURVE('',#1700,#1701,#1937,.T.);
#1346=EDGE_CURVE('',#1701,#1702,#1938,.T.);
#1347=EDGE_CURVE('',#1702,#1699,#1939,.T.);
#1348=EDGE_CURVE('',#1703,#1704,#1940,.T.);
#1349=EDGE_CURVE('',#1556,#1703,#1941,.T.);
#1350=EDGE_CURVE('',#1566,#1555,#1942,.T.);
#1351=EDGE_CURVE('',#1704,#1565,#1943,.T.);
#1352=EDGE_CURVE('',#1705,#1559,#1944,.T.);
#1353=EDGE_CURVE('',#1705,#1706,#1945,.T.);
#1354=EDGE_CURVE('',#1568,#1706,#1946,.T.);
#1355=EDGE_CURVE('',#1570,#1561,#1947,.T.);
#1356=EDGE_CURVE('',#1707,#1708,#1948,.T.);
#1357=EDGE_CURVE('',#1707,#1709,#1949,.T.);
#1358=EDGE_CURVE('',#1709,#1710,#1950,.T.);
#1359=EDGE_CURVE('',#1698,#1710,#1951,.T.);
#1360=EDGE_CURVE('',#1697,#1708,#1952,.T.);
#1361=EDGE_CURVE('',#1711,#1712,#1953,.T.);
#1362=EDGE_CURVE('',#1711,#1701,#163,.T.);
#1363=EDGE_CURVE('',#1712,#1700,#164,.T.);
#1364=EDGE_CURVE('',#1713,#1709,#165,.T.);
#1365=EDGE_CURVE('',#1714,#1713,#1954,.T.);
#1366=EDGE_CURVE('',#1714,#1710,#166,.T.);
#1367=EDGE_CURVE('',#1715,#1711,#1955,.T.);
#1368=EDGE_CURVE('',#1712,#1716,#1956,.T.);
#1369=EDGE_CURVE('',#1716,#1717,#1957,.T.);
#1370=EDGE_CURVE('',#1717,#1718,#1958,.T.);
#1371=EDGE_CURVE('',#1718,#1715,#1959,.T.);
#1372=EDGE_CURVE('',#1719,#1720,#1960,.T.);
#1373=EDGE_CURVE('',#1564,#1719,#1961,.T.);
#1374=EDGE_CURVE('',#1578,#1563,#1962,.T.);
#1375=EDGE_CURVE('',#1720,#1577,#1963,.T.);
#1376=EDGE_CURVE('',#1721,#1567,#1964,.T.);
#1377=EDGE_CURVE('',#1721,#1722,#1965,.T.);
#1378=EDGE_CURVE('',#1572,#1722,#1966,.T.);
#1379=EDGE_CURVE('',#1574,#1569,#1967,.T.);
#1380=EDGE_CURVE('',#1723,#1724,#1968,.T.);
#1381=EDGE_CURVE('',#1723,#1725,#1969,.T.);
#1382=EDGE_CURVE('',#1725,#1726,#1970,.T.);
#1383=EDGE_CURVE('',#1714,#1726,#1971,.T.);
#1384=EDGE_CURVE('',#1713,#1724,#1972,.T.);
#1385=EDGE_CURVE('',#1727,#1727,#167,.T.);
#1386=EDGE_CURVE('',#1728,#1728,#168,.T.);
#1387=EDGE_CURVE('',#1729,#1729,#169,.F.);
#1388=EDGE_CURVE('',#1730,#1730,#170,.F.);
#1389=EDGE_CURVE('',#1731,#1582,#1973,.T.);
#1390=EDGE_CURVE('',#1731,#1716,#171,.T.);
#1391=EDGE_CURVE('',#1732,#1732,#172,.T.);
#1392=EDGE_CURVE('',#1733,#1733,#173,.T.);
#1393=EDGE_CURVE('',#1506,#1573,#1974,.T.);
#1394=EDGE_CURVE('',#1734,#1731,#1975,.T.);
#1395=EDGE_CURVE('',#1734,#1717,#174,.T.);
#1396=EDGE_CURVE('',#1735,#1725,#175,.T.);
#1397=EDGE_CURVE('',#1736,#1735,#1976,.T.);
#1398=EDGE_CURVE('',#1736,#1726,#176,.T.);
#1399=EDGE_CURVE('',#1737,#1734,#1977,.T.);
#1400=EDGE_CURVE('',#1581,#1738,#1978,.T.);
#1401=EDGE_CURVE('',#1738,#1737,#1979,.T.);
#1402=EDGE_CURVE('',#1739,#1740,#1980,.T.);
#1403=EDGE_CURVE('',#1576,#1739,#1981,.T.);
#1404=EDGE_CURVE('',#1502,#1575,#1982,.T.);
#1405=EDGE_CURVE('',#1740,#1501,#1983,.T.);
#1406=EDGE_CURVE('',#1736,#1586,#1984,.T.);
#1407=EDGE_CURVE('',#1741,#1571,#1985,.T.);
#1408=EDGE_CURVE('',#1741,#1742,#1986,.T.);
#1409=EDGE_CURVE('',#1504,#1742,#1987,.T.);
#1410=EDGE_CURVE('',#1743,#1744,#1988,.T.);
#1411=EDGE_CURVE('',#1743,#1584,#1989,.T.);
#1412=EDGE_CURVE('',#1735,#1744,#1990,.T.);
#1413=EDGE_CURVE('',#1590,#1587,#177,.T.);
#1414=EDGE_CURVE('',#1589,#1579,#178,.T.);
#1415=EDGE_CURVE('',#1581,#1734,#179,.T.);
#1416=EDGE_CURVE('',#1738,#1737,#180,.T.);
#1417=EDGE_CURVE('',#1606,#1603,#181,.T.);
#1418=EDGE_CURVE('',#1605,#1599,#182,.T.);
#1419=EDGE_CURVE('',#1622,#1619,#183,.T.);
#1420=EDGE_CURVE('',#1621,#1615,#184,.T.);
#1421=EDGE_CURVE('',#1638,#1635,#185,.T.);
#1422=EDGE_CURVE('',#1637,#1631,#186,.T.);
#1423=EDGE_CURVE('',#1654,#1651,#187,.T.);
#1424=EDGE_CURVE('',#1653,#1647,#188,.T.);
#1425=EDGE_CURVE('',#1670,#1667,#189,.T.);
#1426=EDGE_CURVE('',#1669,#1663,#190,.T.);
#1427=EDGE_CURVE('',#1686,#1683,#191,.T.);
#1428=EDGE_CURVE('',#1685,#1679,#192,.T.);
#1429=EDGE_CURVE('',#1702,#1699,#193,.T.);
#1430=EDGE_CURVE('',#1701,#1695,#194,.T.);
#1431=EDGE_CURVE('',#1718,#1715,#195,.T.);
#1432=EDGE_CURVE('',#1717,#1711,#196,.T.);
#1433=EDGE_CURVE('',#1512,#1503,#197,.T.);
#1434=EDGE_CURVE('',#1594,#1593,#198,.T.);
#1435=EDGE_CURVE('',#1520,#1511,#199,.T.);
#1436=EDGE_CURVE('',#1610,#1609,#200,.T.);
#1437=EDGE_CURVE('',#1528,#1519,#201,.T.);
#1438=EDGE_CURVE('',#1626,#1625,#202,.T.);
#1439=EDGE_CURVE('',#1536,#1527,#203,.T.);
#1440=EDGE_CURVE('',#1642,#1641,#204,.T.);
#1441=EDGE_CURVE('',#1544,#1535,#205,.T.);
#1442=EDGE_CURVE('',#1658,#1657,#206,.T.);
#1443=EDGE_CURVE('',#1552,#1543,#207,.T.);
#1444=EDGE_CURVE('',#1674,#1673,#208,.T.);
#1445=EDGE_CURVE('',#1560,#1551,#209,.T.);
#1446=EDGE_CURVE('',#1690,#1689,#210,.T.);
#1447=EDGE_CURVE('',#1568,#1559,#211,.T.);
#1448=EDGE_CURVE('',#1706,#1705,#212,.T.);
#1449=EDGE_CURVE('',#1572,#1567,#213,.T.);
#1450=EDGE_CURVE('',#1722,#1721,#214,.T.);
#1451=EDGE_CURVE('',#1504,#1571,#215,.T.);
#1452=EDGE_CURVE('',#1742,#1741,#216,.T.);
#1453=EDGE_CURVE('',#1597,#1583,#217,.T.);
#1454=EDGE_CURVE('',#1595,#1596,#218,.T.);
#1455=EDGE_CURVE('',#1743,#1744,#219,.T.);
#1456=EDGE_CURVE('',#1584,#1735,#220,.T.);
#1457=EDGE_CURVE('',#1613,#1601,#221,.T.);
#1458=EDGE_CURVE('',#1611,#1612,#222,.T.);
#1459=EDGE_CURVE('',#1629,#1617,#223,.T.);
#1460=EDGE_CURVE('',#1627,#1628,#224,.T.);
#1461=EDGE_CURVE('',#1645,#1633,#225,.T.);
#1462=EDGE_CURVE('',#1643,#1644,#226,.T.);
#1463=EDGE_CURVE('',#1661,#1649,#227,.T.);
#1464=EDGE_CURVE('',#1659,#1660,#228,.T.);
#1465=EDGE_CURVE('',#1677,#1665,#229,.T.);
#1466=EDGE_CURVE('',#1675,#1676,#230,.T.);
#1467=EDGE_CURVE('',#1693,#1681,#231,.T.);
#1468=EDGE_CURVE('',#1691,#1692,#232,.T.);
#1469=EDGE_CURVE('',#1709,#1697,#233,.T.);
#1470=EDGE_CURVE('',#1707,#1708,#234,.T.);
#1471=EDGE_CURVE('',#1725,#1713,#235,.T.);
#1472=EDGE_CURVE('',#1723,#1724,#236,.T.);
#1473=EDGE_CURVE('',#1745,#1745,#237,.T.);
#1474=EDGE_CURVE('',#1501,#1576,#238,.T.);
#1475=EDGE_CURVE('',#1740,#1739,#239,.T.);
#1476=EDGE_CURVE('',#1592,#1591,#240,.T.);
#1477=EDGE_CURVE('',#1509,#1500,#241,.T.);
#1478=EDGE_CURVE('',#1608,#1607,#242,.T.);
#1479=EDGE_CURVE('',#1517,#1508,#243,.T.);
#1480=EDGE_CURVE('',#1624,#1623,#244,.T.);
#1481=EDGE_CURVE('',#1525,#1516,#245,.T.);
#1482=EDGE_CURVE('',#1640,#1639,#246,.T.);
#1483=EDGE_CURVE('',#1533,#1524,#247,.T.);
#1484=EDGE_CURVE('',#1656,#1655,#248,.T.);
#1485=EDGE_CURVE('',#1541,#1532,#249,.T.);
#1486=EDGE_CURVE('',#1672,#1671,#250,.T.);
#1487=EDGE_CURVE('',#1549,#1540,#251,.T.);
#1488=EDGE_CURVE('',#1688,#1687,#252,.T.);
#1489=EDGE_CURVE('',#1557,#1548,#253,.T.);
#1490=EDGE_CURVE('',#1704,#1703,#254,.T.);
#1491=EDGE_CURVE('',#1565,#1556,#255,.T.);
#1492=EDGE_CURVE('',#1720,#1719,#256,.T.);
#1493=EDGE_CURVE('',#1577,#1564,#257,.T.);
#1494=EDGE_CURVE('',#1746,#1746,#258,.T.);
#1495=EDGE_CURVE('',#1747,#1747,#259,.F.);
#1496=EDGE_CURVE('',#1748,#1748,#260,.T.);
#1497=EDGE_CURVE('',#1749,#1749,#261,.F.);
#1498=EDGE_CURVE('',#1750,#1750,#262,.T.);
#1499=VERTEX_POINT('',#3621);
#1500=VERTEX_POINT('',#3622);
#1501=VERTEX_POINT('',#3624);
#1502=VERTEX_POINT('',#3629);
#1503=VERTEX_POINT('',#3633);
#1504=VERTEX_POINT('',#3634);
#1505=VERTEX_POINT('',#3639);
#1506=VERTEX_POINT('',#3641);
#1507=VERTEX_POINT('',#3651);
#1508=VERTEX_POINT('',#3652);
#1509=VERTEX_POINT('',#3654);
#1510=VERTEX_POINT('',#3659);
#1511=VERTEX_POINT('',#3663);
#1512=VERTEX_POINT('',#3664);
#1513=VERTEX_POINT('',#3669);
#1514=VERTEX_POINT('',#3671);
#1515=VERTEX_POINT('',#3681);
#1516=VERTEX_POINT('',#3682);
#1517=VERTEX_POINT('',#3684);
#1518=VERTEX_POINT('',#3689);
#1519=VERTEX_POINT('',#3693);
#1520=VERTEX_POINT('',#3694);
#1521=VERTEX_POINT('',#3699);
#1522=VERTEX_POINT('',#3701);
#1523=VERTEX_POINT('',#3711);
#1524=VERTEX_POINT('',#3712);
#1525=VERTEX_POINT('',#3714);
#1526=VERTEX_POINT('',#3719);
#1527=VERTEX_POINT('',#3723);
#1528=VERTEX_POINT('',#3724);
#1529=VERTEX_POINT('',#3729);
#1530=VERTEX_POINT('',#3731);
#1531=VERTEX_POINT('',#3741);
#1532=VERTEX_POINT('',#3742);
#1533=VERTEX_POINT('',#3744);
#1534=VERTEX_POINT('',#3749);
#1535=VERTEX_POINT('',#3753);
#1536=VERTEX_POINT('',#3754);
#1537=VERTEX_POINT('',#3759);
#1538=VERTEX_POINT('',#3761);
#1539=VERTEX_POINT('',#3771);
#1540=VERTEX_POINT('',#3772);
#1541=VERTEX_POINT('',#3774);
#1542=VERTEX_POINT('',#3779);
#1543=VERTEX_POINT('',#3783);
#1544=VERTEX_POINT('',#3784);
#1545=VERTEX_POINT('',#3789);
#1546=VERTEX_POINT('',#3791);
#1547=VERTEX_POINT('',#3801);
#1548=VERTEX_POINT('',#3802);
#1549=VERTEX_POINT('',#3804);
#1550=VERTEX_POINT('',#3809);
#1551=VERTEX_POINT('',#3813);
#1552=VERTEX_POINT('',#3814);
#1553=VERTEX_POINT('',#3819);
#1554=VERTEX_POINT('',#3821);
#1555=VERTEX_POINT('',#3831);
#1556=VERTEX_POINT('',#3832);
#1557=VERTEX_POINT('',#3834);
#1558=VERTEX_POINT('',#3839);
#1559=VERTEX_POINT('',#3843);
#1560=VERTEX_POINT('',#3844);
#1561=VERTEX_POINT('',#3849);
#1562=VERTEX_POINT('',#3851);
#1563=VERTEX_POINT('',#3861);
#1564=VERTEX_POINT('',#3862);
#1565=VERTEX_POINT('',#3864);
#1566=VERTEX_POINT('',#3869);
#1567=VERTEX_POINT('',#3873);
#1568=VERTEX_POINT('',#3874);
#1569=VERTEX_POINT('',#3879);
#1570=VERTEX_POINT('',#3881);
#1571=VERTEX_POINT('',#3888);
#1572=VERTEX_POINT('',#3889);
#1573=VERTEX_POINT('',#3894);
#1574=VERTEX_POINT('',#3896);
#1575=VERTEX_POINT('',#3906);
#1576=VERTEX_POINT('',#3907);
#1577=VERTEX_POINT('',#3909);
#1578=VERTEX_POINT('',#3914);
#1579=VERTEX_POINT('',#3921);
#1580=VERTEX_POINT('',#3922);
#1581=VERTEX_POINT('',#3924);
#1582=VERTEX_POINT('',#3929);
#1583=VERTEX_POINT('',#3933);
#1584=VERTEX_POINT('',#3934);
#1585=VERTEX_POINT('',#3939);
#1586=VERTEX_POINT('',#3941);
#1587=VERTEX_POINT('',#3951);
#1588=VERTEX_POINT('',#3956);
#1589=VERTEX_POINT('',#3961);
#1590=VERTEX_POINT('',#3966);
#1591=VERTEX_POINT('',#3975);
#1592=VERTEX_POINT('',#3976);
#1593=VERTEX_POINT('',#3994);
#1594=VERTEX_POINT('',#3999);
#1595=VERTEX_POINT('',#4012);
#1596=VERTEX_POINT('',#4013);
#1597=VERTEX_POINT('',#4018);
#1598=VERTEX_POINT('',#4023);
#1599=VERTEX_POINT('',#4037);
#1600=VERTEX_POINT('',#4038);
#1601=VERTEX_POINT('',#4043);
#1602=VERTEX_POINT('',#4048);
#1603=VERTEX_POINT('',#4055);
#1604=VERTEX_POINT('',#4060);
#1605=VERTEX_POINT('',#4065);
#1606=VERTEX_POINT('',#4070);
#1607=VERTEX_POINT('',#4079);
#1608=VERTEX_POINT('',#4080);
#1609=VERTEX_POINT('',#4098);
#1610=VERTEX_POINT('',#4103);
#1611=VERTEX_POINT('',#4116);
#1612=VERTEX_POINT('',#4117);
#1613=VERTEX_POINT('',#4122);
#1614=VERTEX_POINT('',#4127);
#1615=VERTEX_POINT('',#4141);
#1616=VERTEX_POINT('',#4142);
#1617=VERTEX_POINT('',#4147);
#1618=VERTEX_POINT('',#4152);
#1619=VERTEX_POINT('',#4159);
#1620=VERTEX_POINT('',#4164);
#1621=VERTEX_POINT('',#4169);
#1622=VERTEX_POINT('',#4174);
#1623=VERTEX_POINT('',#4183);
#1624=VERTEX_POINT('',#4184);
#1625=VERTEX_POINT('',#4202);
#1626=VERTEX_POINT('',#4207);
#1627=VERTEX_POINT('',#4220);
#1628=VERTEX_POINT('',#4221);
#1629=VERTEX_POINT('',#4226);
#1630=VERTEX_POINT('',#4231);
#1631=VERTEX_POINT('',#4245);
#1632=VERTEX_POINT('',#4246);
#1633=VERTEX_POINT('',#4251);
#1634=VERTEX_POINT('',#4256);
#1635=VERTEX_POINT('',#4263);
#1636=VERTEX_POINT('',#4268);
#1637=VERTEX_POINT('',#4273);
#1638=VERTEX_POINT('',#4278);
#1639=VERTEX_POINT('',#4287);
#1640=VERTEX_POINT('',#4288);
#1641=VERTEX_POINT('',#4306);
#1642=VERTEX_POINT('',#4311);
#1643=VERTEX_POINT('',#4324);
#1644=VERTEX_POINT('',#4325);
#1645=VERTEX_POINT('',#4330);
#1646=VERTEX_POINT('',#4335);
#1647=VERTEX_POINT('',#4349);
#1648=VERTEX_POINT('',#4350);
#1649=VERTEX_POINT('',#4355);
#1650=VERTEX_POINT('',#4360);
#1651=VERTEX_POINT('',#4367);
#1652=VERTEX_POINT('',#4372);
#1653=VERTEX_POINT('',#4377);
#1654=VERTEX_POINT('',#4382);
#1655=VERTEX_POINT('',#4391);
#1656=VERTEX_POINT('',#4392);
#1657=VERTEX_POINT('',#4410);
#1658=VERTEX_POINT('',#4415);
#1659=VERTEX_POINT('',#4428);
#1660=VERTEX_POINT('',#4429);
#1661=VERTEX_POINT('',#4434);
#1662=VERTEX_POINT('',#4439);
#1663=VERTEX_POINT('',#4453);
#1664=VERTEX_POINT('',#4454);
#1665=VERTEX_POINT('',#4459);
#1666=VERTEX_POINT('',#4464);
#1667=VERTEX_POINT('',#4471);
#1668=VERTEX_POINT('',#4476);
#1669=VERTEX_POINT('',#4481);
#1670=VERTEX_POINT('',#4486);
#1671=VERTEX_POINT('',#4495);
#1672=VERTEX_POINT('',#4496);
#1673=VERTEX_POINT('',#4514);
#1674=VERTEX_POINT('',#4519);
#1675=VERTEX_POINT('',#4532);
#1676=VERTEX_POINT('',#4533);
#1677=VERTEX_POINT('',#4538);
#1678=VERTEX_POINT('',#4543);
#1679=VERTEX_POINT('',#4557);
#1680=VERTEX_POINT('',#4558);
#1681=VERTEX_POINT('',#4563);
#1682=VERTEX_POINT('',#4568);
#1683=VERTEX_POINT('',#4575);
#1684=VERTEX_POINT('',#4580);
#1685=VERTEX_POINT('',#4585);
#1686=VERTEX_POINT('',#4590);
#1687=VERTEX_POINT('',#4599);
#1688=VERTEX_POINT('',#4600);
#1689=VERTEX_POINT('',#4618);
#1690=VERTEX_POINT('',#4623);
#1691=VERTEX_POINT('',#4636);
#1692=VERTEX_POINT('',#4637);
#1693=VERTEX_POINT('',#4642);
#1694=VERTEX_POINT('',#4647);
#1695=VERTEX_POINT('',#4661);
#1696=VERTEX_POINT('',#4662);
#1697=VERTEX_POINT('',#4667);
#1698=VERTEX_POINT('',#4672);
#1699=VERTEX_POINT('',#4679);
#1700=VERTEX_POINT('',#4684);
#1701=VERTEX_POINT('',#4689);
#1702=VERTEX_POINT('',#4694);
#1703=VERTEX_POINT('',#4703);
#1704=VERTEX_POINT('',#4704);
#1705=VERTEX_POINT('',#4722);
#1706=VERTEX_POINT('',#4727);
#1707=VERTEX_POINT('',#4740);
#1708=VERTEX_POINT('',#4741);
#1709=VERTEX_POINT('',#4746);
#1710=VERTEX_POINT('',#4751);
#1711=VERTEX_POINT('',#4765);
#1712=VERTEX_POINT('',#4766);
#1713=VERTEX_POINT('',#4771);
#1714=VERTEX_POINT('',#4776);
#1715=VERTEX_POINT('',#4783);
#1716=VERTEX_POINT('',#4788);
#1717=VERTEX_POINT('',#4793);
#1718=VERTEX_POINT('',#4798);
#1719=VERTEX_POINT('',#4807);
#1720=VERTEX_POINT('',#4808);
#1721=VERTEX_POINT('',#4826);
#1722=VERTEX_POINT('',#4831);
#1723=VERTEX_POINT('',#4844);
#1724=VERTEX_POINT('',#4845);
#1725=VERTEX_POINT('',#4850);
#1726=VERTEX_POINT('',#4855);
#1727=VERTEX_POINT('',#4866);
#1728=VERTEX_POINT('',#4868);
#1729=VERTEX_POINT('',#4871);
#1730=VERTEX_POINT('',#4873);
#1731=VERTEX_POINT('',#4879);
#1732=VERTEX_POINT('',#4883);
#1733=VERTEX_POINT('',#4885);
#1734=VERTEX_POINT('',#4896);
#1735=VERTEX_POINT('',#4900);
#1736=VERTEX_POINT('',#4905);
#1737=VERTEX_POINT('',#4912);
#1738=VERTEX_POINT('',#4917);
#1739=VERTEX_POINT('',#4926);
#1740=VERTEX_POINT('',#4927);
#1741=VERTEX_POINT('',#4950);
#1742=VERTEX_POINT('',#4955);
#1743=VERTEX_POINT('',#4964);
#1744=VERTEX_POINT('',#4965);
#1745=VERTEX_POINT('',#5099);
#1746=VERTEX_POINT('',#5142);
#1747=VERTEX_POINT('',#5145);
#1748=VERTEX_POINT('',#5147);
#1749=VERTEX_POINT('',#5151);
#1750=VERTEX_POINT('',#5154);
#1751=B_SPLINE_CURVE_WITH_KNOTS('',3,(#3617,#3618,#3619,#3620),
 .UNSPECIFIED.,.F.,.F.,(4,4),(2.78840707844731E-7,0.00348141442914485),
 .UNSPECIFIED.);
#1752=B_SPLINE_CURVE_WITH_KNOTS('',3,(#3625,#3626,#3627,#3628),
 .UNSPECIFIED.,.F.,.F.,(4,4),(0.00348141442914485,0.00695936975102442),
 .UNSPECIFIED.);
#1753=B_SPLINE_CURVE_WITH_KNOTS('',3,(#3635,#3636,#3637,#3638),
 .UNSPECIFIED.,.F.,.F.,(4,4),(0.00348141778818416,0.00695937630245745),
 .UNSPECIFIED.);
#1754=B_SPLINE_CURVE_WITH_KNOTS('',3,(#3642,#3643,#3644,#3645),
 .UNSPECIFIED.,.F.,.F.,(4,4),(2.78841328246865E-7,0.00348141778818416),
 .UNSPECIFIED.);
#1755=B_SPLINE_CURVE_WITH_KNOTS('',3,(#3647,#3648,#3649,#3650),
 .UNSPECIFIED.,.F.,.F.,(4,4),(2.788407078445E-7,0.00348141442914485),
 .UNSPECIFIED.);
#1756=B_SPLINE_CURVE_WITH_KNOTS('',3,(#3655,#3656,#3657,#3658),
 .UNSPECIFIED.,.F.,.F.,(4,4),(0.00348141442914485,0.00695936975102442),
 .UNSPECIFIED.);
#1757=B_SPLINE_CURVE_WITH_KNOTS('',3,(#3665,#3666,#3667,#3668),
 .UNSPECIFIED.,.F.,.F.,(4,4),(0.00348141778818416,0.00695937630245744),
 .UNSPECIFIED.);
#1758=B_SPLINE_CURVE_WITH_KNOTS('',3,(#3672,#3673,#3674,#3675),
 .UNSPECIFIED.,.F.,.F.,(4,4),(2.78841328249813E-7,0.00348141778818416),
 .UNSPECIFIED.);
#1759=B_SPLINE_CURVE_WITH_KNOTS('',3,(#3677,#3678,#3679,#3680),
 .UNSPECIFIED.,.F.,.F.,(4,4),(2.78840707842264E-7,0.00348141442914485),
 .UNSPECIFIED.);
#1760=B_SPLINE_CURVE_WITH_KNOTS('',3,(#3685,#3686,#3687,#3688),
 .UNSPECIFIED.,.F.,.F.,(4,4),(0.00348141442914485,0.00695936975102442),
 .UNSPECIFIED.);
#1761=B_SPLINE_CURVE_WITH_KNOTS('',3,(#3695,#3696,#3697,#3698),
 .UNSPECIFIED.,.F.,.F.,(4,4),(0.00348141778818416,0.00695937630245744),
 .UNSPECIFIED.);
#1762=B_SPLINE_CURVE_WITH_KNOTS('',3,(#3702,#3703,#3704,#3705),
 .UNSPECIFIED.,.F.,.F.,(4,4),(2.78841328246425E-7,0.00348141778818416),
 .UNSPECIFIED.);
#1763=B_SPLINE_CURVE_WITH_KNOTS('',3,(#3707,#3708,#3709,#3710),
 .UNSPECIFIED.,.F.,.F.,(4,4),(2.78840707844562E-7,0.00348141442914485),
 .UNSPECIFIED.);
#1764=B_SPLINE_CURVE_WITH_KNOTS('',3,(#3715,#3716,#3717,#3718),
 .UNSPECIFIED.,.F.,.F.,(4,4),(0.00348141442914485,0.00695936975102442),
 .UNSPECIFIED.);
#1765=B_SPLINE_CURVE_WITH_KNOTS('',3,(#3725,#3726,#3727,#3728),
 .UNSPECIFIED.,.F.,.F.,(4,4),(0.00348141778818416,0.00695937630245744),
 .UNSPECIFIED.);
#1766=B_SPLINE_CURVE_WITH_KNOTS('',3,(#3732,#3733,#3734,#3735),
 .UNSPECIFIED.,.F.,.F.,(4,4),(2.78841328246964E-7,0.00348141778818416),
 .UNSPECIFIED.);
#1767=B_SPLINE_CURVE_WITH_KNOTS('',3,(#3737,#3738,#3739,#3740),
 .UNSPECIFIED.,.F.,.F.,(4,4),(2.78840707844607E-7,0.00348141442914485),
 .UNSPECIFIED.);
#1768=B_SPLINE_CURVE_WITH_KNOTS('',3,(#3745,#3746,#3747,#3748),
 .UNSPECIFIED.,.F.,.F.,(4,4),(0.00348141442914485,0.00695936975102442),
 .UNSPECIFIED.);
#1769=B_SPLINE_CURVE_WITH_KNOTS('',3,(#3755,#3756,#3757,#3758),
 .UNSPECIFIED.,.F.,.F.,(4,4),(0.00348141778818416,0.00695937630245744),
 .UNSPECIFIED.);
#1770=B_SPLINE_CURVE_WITH_KNOTS('',3,(#3762,#3763,#3764,#3765),
 .UNSPECIFIED.,.F.,.F.,(4,4),(2.78841328248354E-7,0.00348141778818416),
 .UNSPECIFIED.);
#1771=B_SPLINE_CURVE_WITH_KNOTS('',3,(#3767,#3768,#3769,#3770),
 .UNSPECIFIED.,.F.,.F.,(4,4),(2.78840707845438E-7,0.00348141442914485),
 .UNSPECIFIED.);
#1772=B_SPLINE_CURVE_WITH_KNOTS('',3,(#3775,#3776,#3777,#3778),
 .UNSPECIFIED.,.F.,.F.,(4,4),(0.00348141442914485,0.00695936975102442),
 .UNSPECIFIED.);
#1773=B_SPLINE_CURVE_WITH_KNOTS('',3,(#3785,#3786,#3787,#3788),
 .UNSPECIFIED.,.F.,.F.,(4,4),(0.00348141778818416,0.00695937630245744),
 .UNSPECIFIED.);
#1774=B_SPLINE_CURVE_WITH_KNOTS('',3,(#3792,#3793,#3794,#3795),
 .UNSPECIFIED.,.F.,.F.,(4,4),(2.78841328246865E-7,0.00348141778818416),
 .UNSPECIFIED.);
#1775=B_SPLINE_CURVE_WITH_KNOTS('',3,(#3797,#3798,#3799,#3800),
 .UNSPECIFIED.,.F.,.F.,(4,4),(2.788407078445E-7,0.00348141442914485),
 .UNSPECIFIED.);
#1776=B_SPLINE_CURVE_WITH_KNOTS('',3,(#3805,#3806,#3807,#3808),
 .UNSPECIFIED.,.F.,.F.,(4,4),(0.00348141442914485,0.00695936975102442),
 .UNSPECIFIED.);
#1777=B_SPLINE_CURVE_WITH_KNOTS('',3,(#3815,#3816,#3817,#3818),
 .UNSPECIFIED.,.F.,.F.,(4,4),(0.00348141778818416,0.00695937630245744),
 .UNSPECIFIED.);
#1778=B_SPLINE_CURVE_WITH_KNOTS('',3,(#3822,#3823,#3824,#3825),
 .UNSPECIFIED.,.F.,.F.,(4,4),(2.78841328249813E-7,0.00348141778818416),
 .UNSPECIFIED.);
#1779=B_SPLINE_CURVE_WITH_KNOTS('',3,(#3827,#3828,#3829,#3830),
 .UNSPECIFIED.,.F.,.F.,(4,4),(2.78840707842264E-7,0.00348141442914485),
 .UNSPECIFIED.);
#1780=B_SPLINE_CURVE_WITH_KNOTS('',3,(#3835,#3836,#3837,#3838),
 .UNSPECIFIED.,.F.,.F.,(4,4),(0.00348141442914485,0.00695936975102442),
 .UNSPECIFIED.);
#1781=B_SPLINE_CURVE_WITH_KNOTS('',3,(#3845,#3846,#3847,#3848),
 .UNSPECIFIED.,.F.,.F.,(4,4),(0.00348141778818416,0.00695937630245744),
 .UNSPECIFIED.);
#1782=B_SPLINE_CURVE_WITH_KNOTS('',3,(#3852,#3853,#3854,#3855),
 .UNSPECIFIED.,.F.,.F.,(4,4),(2.78841328249752E-7,0.00348141778818416),
 .UNSPECIFIED.);
#1783=B_SPLINE_CURVE_WITH_KNOTS('',3,(#3857,#3858,#3859,#3860),
 .UNSPECIFIED.,.F.,.F.,(4,4),(2.78840707844562E-7,0.00348141442914485),
 .UNSPECIFIED.);
#1784=B_SPLINE_CURVE_WITH_KNOTS('',3,(#3865,#3866,#3867,#3868),
 .UNSPECIFIED.,.F.,.F.,(4,4),(0.00348141442914485,0.00695936975102442),
 .UNSPECIFIED.);
#1785=B_SPLINE_CURVE_WITH_KNOTS('',3,(#3875,#3876,#3877,#3878),
 .UNSPECIFIED.,.F.,.F.,(4,4),(0.00348141778818416,0.00695937630245744),
 .UNSPECIFIED.);
#1786=B_SPLINE_CURVE_WITH_KNOTS('',3,(#3882,#3883,#3884,#3885),
 .UNSPECIFIED.,.F.,.F.,(4,4),(2.78841328246806E-7,0.00348141778818416),
 .UNSPECIFIED.);
#1787=B_SPLINE_CURVE_WITH_KNOTS('',3,(#3890,#3891,#3892,#3893),
 .UNSPECIFIED.,.F.,.F.,(4,4),(0.00348141778818416,0.00695937630245744),
 .UNSPECIFIED.);
#1788=B_SPLINE_CURVE_WITH_KNOTS('',3,(#3897,#3898,#3899,#3900),
 .UNSPECIFIED.,.F.,.F.,(4,4),(2.78841328247769E-7,0.00348141778818416),
 .UNSPECIFIED.);
#1789=B_SPLINE_CURVE_WITH_KNOTS('',3,(#3902,#3903,#3904,#3905),
 .UNSPECIFIED.,.F.,.F.,(4,4),(2.78840707844607E-7,0.00348141442914485),
 .UNSPECIFIED.);
#1790=B_SPLINE_CURVE_WITH_KNOTS('',3,(#3910,#3911,#3912,#3913),
 .UNSPECIFIED.,.F.,.F.,(4,4),(0.00348141442914485,0.00695936975102442),
 .UNSPECIFIED.);
#1791=B_SPLINE_CURVE_WITH_KNOTS('',3,(#3917,#3918,#3919,#3920),
 .UNSPECIFIED.,.F.,.F.,(4,4),(0.00348141778818418,0.00695937630245744),
 .UNSPECIFIED.);
#1792=B_SPLINE_CURVE_WITH_KNOTS('',3,(#3925,#3926,#3927,#3928),
 .UNSPECIFIED.,.F.,.F.,(4,4),(2.78841328253117E-7,0.00348141778818415),
 .UNSPECIFIED.);
#1793=B_SPLINE_CURVE_WITH_KNOTS('',3,(#3935,#3936,#3937,#3938),
 .UNSPECIFIED.,.F.,.F.,(4,4),(2.78840707844731E-7,0.00348141442914485),
 .UNSPECIFIED.);
#1794=B_SPLINE_CURVE_WITH_KNOTS('',3,(#3942,#3943,#3944,#3945),
 .UNSPECIFIED.,.F.,.F.,(4,4),(0.00348141442914486,0.00695936975102441),
 .UNSPECIFIED.);
#1795=B_SPLINE_CURVE_WITH_KNOTS('',3,(#3947,#3948,#3949,#3950),
 .UNSPECIFIED.,.F.,.F.,(4,4),(2.78841328249768E-7,0.00348141778818418),
 .UNSPECIFIED.);
#1796=B_SPLINE_CURVE_WITH_KNOTS('',3,(#3952,#3953,#3954,#3955),
 .UNSPECIFIED.,.F.,.F.,(4,4),(1.96776294692317E-6,0.000561160515596377),
 .UNSPECIFIED.);
#1797=B_SPLINE_CURVE_WITH_KNOTS('',3,(#3957,#3958,#3959,#3960),
 .UNSPECIFIED.,.F.,.F.,(4,4),(2.78841328255248E-7,0.00348141778818415),
 .UNSPECIFIED.);
#1798=B_SPLINE_CURVE_WITH_KNOTS('',3,(#3962,#3963,#3964,#3965),
 .UNSPECIFIED.,.F.,.F.,(4,4),(0.00348141778818415,0.00695937630245744),
 .UNSPECIFIED.);
#1799=B_SPLINE_CURVE_WITH_KNOTS('',3,(#3967,#3968,#3969,#3970),
 .UNSPECIFIED.,.F.,.F.,(4,4),(1.96776294544154E-6,0.000561160515595056),
 .UNSPECIFIED.);
#1800=B_SPLINE_CURVE_WITH_KNOTS('',3,(#3971,#3972,#3973,#3974),
 .UNSPECIFIED.,.F.,.F.,(4,4),(2.22793218690835E-6,0.000635349271866533),
 .UNSPECIFIED.);
#1801=B_SPLINE_CURVE_WITH_KNOTS('',3,(#3977,#3978,#3979,#3980),
 .UNSPECIFIED.,.F.,.F.,(4,4),(0.00348141442914485,0.00695936975102441),
 .UNSPECIFIED.);
#1802=B_SPLINE_CURVE_WITH_KNOTS('',3,(#3981,#3982,#3983,#3984),
 .UNSPECIFIED.,.F.,.F.,(4,4),(2.22793218623799E-6,0.000635349271865882),
 .UNSPECIFIED.);
#1803=B_SPLINE_CURVE_WITH_KNOTS('',3,(#3985,#3986,#3987,#3988),
 .UNSPECIFIED.,.F.,.F.,(4,4),(2.788407078481E-7,0.00348141442914485),
 .UNSPECIFIED.);
#1804=B_SPLINE_CURVE_WITH_KNOTS('',3,(#3990,#3991,#3992,#3993),
 .UNSPECIFIED.,.F.,.F.,(4,4),(2.78841328251184E-7,0.00348141778818416),
 .UNSPECIFIED.);
#1805=B_SPLINE_CURVE_WITH_KNOTS('',3,(#3995,#3996,#3997,#3998),
 .UNSPECIFIED.,.F.,.F.,(4,4),(1.96776294690722E-6,0.000561160515596517),
 .UNSPECIFIED.);
#1806=B_SPLINE_CURVE_WITH_KNOTS('',3,(#4000,#4001,#4002,#4003),
 .UNSPECIFIED.,.F.,.F.,(4,4),(0.00348141778818416,0.00695937630245744),
 .UNSPECIFIED.);
#1807=B_SPLINE_CURVE_WITH_KNOTS('',3,(#4004,#4005,#4006,#4007),
 .UNSPECIFIED.,.F.,.F.,(4,4),(1.96776294544154E-6,0.000561160515595061),
 .UNSPECIFIED.);
#1808=B_SPLINE_CURVE_WITH_KNOTS('',3,(#4008,#4009,#4010,#4011),
 .UNSPECIFIED.,.F.,.F.,(4,4),(2.22793223519477E-6,0.000635349271865828),
 .UNSPECIFIED.);
#1809=B_SPLINE_CURVE_WITH_KNOTS('',3,(#4014,#4015,#4016,#4017),
 .UNSPECIFIED.,.F.,.F.,(4,4),(2.78840708007406E-7,0.00348141442914485),
 .UNSPECIFIED.);
#1810=B_SPLINE_CURVE_WITH_KNOTS('',3,(#4019,#4020,#4021,#4022),
 .UNSPECIFIED.,.F.,.F.,(4,4),(0.00348141442914485,0.00695936975102441),
 .UNSPECIFIED.);
#1811=B_SPLINE_CURVE_WITH_KNOTS('',3,(#4024,#4025,#4026,#4027),
 .UNSPECIFIED.,.F.,.F.,(4,4),(2.22793218690835E-6,0.000635349271866598),
 .UNSPECIFIED.);
#1812=B_SPLINE_CURVE_WITH_KNOTS('',3,(#4028,#4029,#4030,#4031),
 .UNSPECIFIED.,.F.,.F.,(4,4),(0.00348141442914485,0.00695936975102441),
 .UNSPECIFIED.);
#1813=B_SPLINE_CURVE_WITH_KNOTS('',3,(#4033,#4034,#4035,#4036),
 .UNSPECIFIED.,.F.,.F.,(4,4),(0.00348141778818417,0.00695937630245744),
 .UNSPECIFIED.);
#1814=B_SPLINE_CURVE_WITH_KNOTS('',3,(#4044,#4045,#4046,#4047),
 .UNSPECIFIED.,.F.,.F.,(4,4),(2.788407078445E-7,0.00348141442914485),
 .UNSPECIFIED.);
#1815=B_SPLINE_CURVE_WITH_KNOTS('',3,(#4051,#4052,#4053,#4054),
 .UNSPECIFIED.,.F.,.F.,(4,4),(2.78841328249576E-7,0.00348141778818417),
 .UNSPECIFIED.);
#1816=B_SPLINE_CURVE_WITH_KNOTS('',3,(#4056,#4057,#4058,#4059),
 .UNSPECIFIED.,.F.,.F.,(4,4),(1.96776294692034E-6,0.000561160515596375),
 .UNSPECIFIED.);
#1817=B_SPLINE_CURVE_WITH_KNOTS('',3,(#4061,#4062,#4063,#4064),
 .UNSPECIFIED.,.F.,.F.,(4,4),(2.78841328254647E-7,0.00348141778818415),
 .UNSPECIFIED.);
#1818=B_SPLINE_CURVE_WITH_KNOTS('',3,(#4066,#4067,#4068,#4069),
 .UNSPECIFIED.,.F.,.F.,(4,4),(0.00348141778818415,0.00695937630245744),
 .UNSPECIFIED.);
#1819=B_SPLINE_CURVE_WITH_KNOTS('',3,(#4071,#4072,#4073,#4074),
 .UNSPECIFIED.,.F.,.F.,(4,4),(1.96776294544106E-6,0.000561160515595058),
 .UNSPECIFIED.);
#1820=B_SPLINE_CURVE_WITH_KNOTS('',3,(#4075,#4076,#4077,#4078),
 .UNSPECIFIED.,.F.,.F.,(4,4),(2.22793218690385E-6,0.000635349271866534),
 .UNSPECIFIED.);
#1821=B_SPLINE_CURVE_WITH_KNOTS('',3,(#4081,#4082,#4083,#4084),
 .UNSPECIFIED.,.F.,.F.,(4,4),(0.00348141442914485,0.0069593697510244),
 .UNSPECIFIED.);
#1822=B_SPLINE_CURVE_WITH_KNOTS('',3,(#4085,#4086,#4087,#4088),
 .UNSPECIFIED.,.F.,.F.,(4,4),(2.2279321862417E-6,0.000635349271865881),
 .UNSPECIFIED.);
#1823=B_SPLINE_CURVE_WITH_KNOTS('',3,(#4089,#4090,#4091,#4092),
 .UNSPECIFIED.,.F.,.F.,(4,4),(2.78840707845591E-7,0.00348141442914485),
 .UNSPECIFIED.);
#1824=B_SPLINE_CURVE_WITH_KNOTS('',3,(#4094,#4095,#4096,#4097),
 .UNSPECIFIED.,.F.,.F.,(4,4),(2.78841328247671E-7,0.00348141778818416),
 .UNSPECIFIED.);
#1825=B_SPLINE_CURVE_WITH_KNOTS('',3,(#4099,#4100,#4101,#4102),
 .UNSPECIFIED.,.F.,.F.,(4,4),(1.96776294690359E-6,0.000561160515596515),
 .UNSPECIFIED.);
#1826=B_SPLINE_CURVE_WITH_KNOTS('',3,(#4104,#4105,#4106,#4107),
 .UNSPECIFIED.,.F.,.F.,(4,4),(0.00348141778818416,0.00695937630245744),
 .UNSPECIFIED.);
#1827=B_SPLINE_CURVE_WITH_KNOTS('',3,(#4108,#4109,#4110,#4111),
 .UNSPECIFIED.,.F.,.F.,(4,4),(1.96776294543834E-6,0.000561160515595062),
 .UNSPECIFIED.);
#1828=B_SPLINE_CURVE_WITH_KNOTS('',3,(#4112,#4113,#4114,#4115),
 .UNSPECIFIED.,.F.,.F.,(4,4),(2.22793223519071E-6,0.000635349271865828),
 .UNSPECIFIED.);
#1829=B_SPLINE_CURVE_WITH_KNOTS('',3,(#4118,#4119,#4120,#4121),
 .UNSPECIFIED.,.F.,.F.,(4,4),(2.78840708004703E-7,0.00348141442914485),
 .UNSPECIFIED.);
#1830=B_SPLINE_CURVE_WITH_KNOTS('',3,(#4123,#4124,#4125,#4126),
 .UNSPECIFIED.,.F.,.F.,(4,4),(0.00348141442914485,0.00695936975102442),
 .UNSPECIFIED.);
#1831=B_SPLINE_CURVE_WITH_KNOTS('',3,(#4128,#4129,#4130,#4131),
 .UNSPECIFIED.,.F.,.F.,(4,4),(2.22793218690987E-6,0.000635349271866594),
 .UNSPECIFIED.);
#1832=B_SPLINE_CURVE_WITH_KNOTS('',3,(#4132,#4133,#4134,#4135),
 .UNSPECIFIED.,.F.,.F.,(4,4),(0.00348141442914485,0.00695936975102441),
 .UNSPECIFIED.);
#1833=B_SPLINE_CURVE_WITH_KNOTS('',3,(#4137,#4138,#4139,#4140),
 .UNSPECIFIED.,.F.,.F.,(4,4),(0.00348141778818418,0.00695937630245744),
 .UNSPECIFIED.);
#1834=B_SPLINE_CURVE_WITH_KNOTS('',3,(#4148,#4149,#4150,#4151),
 .UNSPECIFIED.,.F.,.F.,(4,4),(2.78840707845591E-7,0.00348141442914485),
 .UNSPECIFIED.);
#1835=B_SPLINE_CURVE_WITH_KNOTS('',3,(#4155,#4156,#4157,#4158),
 .UNSPECIFIED.,.F.,.F.,(4,4),(2.7884132825132E-7,0.00348141778818418),
 .UNSPECIFIED.);
#1836=B_SPLINE_CURVE_WITH_KNOTS('',3,(#4160,#4161,#4162,#4163),
 .UNSPECIFIED.,.F.,.F.,(4,4),(1.96776294692306E-6,0.000561160515596377),
 .UNSPECIFIED.);
#1837=B_SPLINE_CURVE_WITH_KNOTS('',3,(#4165,#4166,#4167,#4168),
 .UNSPECIFIED.,.F.,.F.,(4,4),(2.78841328253272E-7,0.00348141778818415),
 .UNSPECIFIED.);
#1838=B_SPLINE_CURVE_WITH_KNOTS('',3,(#4170,#4171,#4172,#4173),
 .UNSPECIFIED.,.F.,.F.,(4,4),(0.00348141778818415,0.00695937630245744),
 .UNSPECIFIED.);
#1839=B_SPLINE_CURVE_WITH_KNOTS('',3,(#4175,#4176,#4177,#4178),
 .UNSPECIFIED.,.F.,.F.,(4,4),(1.96776294543916E-6,0.000561160515595058),
 .UNSPECIFIED.);
#1840=B_SPLINE_CURVE_WITH_KNOTS('',3,(#4179,#4180,#4181,#4182),
 .UNSPECIFIED.,.F.,.F.,(4,4),(2.22793218690549E-6,0.000635349271866533),
 .UNSPECIFIED.);
#1841=B_SPLINE_CURVE_WITH_KNOTS('',3,(#4185,#4186,#4187,#4188),
 .UNSPECIFIED.,.F.,.F.,(4,4),(0.00348141442914485,0.00695936975102441),
 .UNSPECIFIED.);
#1842=B_SPLINE_CURVE_WITH_KNOTS('',3,(#4189,#4190,#4191,#4192),
 .UNSPECIFIED.,.F.,.F.,(4,4),(2.2279321862417E-6,0.000635349271865881),
 .UNSPECIFIED.);
#1843=B_SPLINE_CURVE_WITH_KNOTS('',3,(#4193,#4194,#4195,#4196),
 .UNSPECIFIED.,.F.,.F.,(4,4),(2.78840707846937E-7,0.00348141442914485),
 .UNSPECIFIED.);
#1844=B_SPLINE_CURVE_WITH_KNOTS('',3,(#4198,#4199,#4200,#4201),
 .UNSPECIFIED.,.F.,.F.,(4,4),(2.78841328250612E-7,0.00348141778818416),
 .UNSPECIFIED.);
#1845=B_SPLINE_CURVE_WITH_KNOTS('',3,(#4203,#4204,#4205,#4206),
 .UNSPECIFIED.,.F.,.F.,(4,4),(1.96776294690276E-6,0.000561160515596515),
 .UNSPECIFIED.);
#1846=B_SPLINE_CURVE_WITH_KNOTS('',3,(#4208,#4209,#4210,#4211),
 .UNSPECIFIED.,.F.,.F.,(4,4),(0.00348141778818416,0.00695937630245744),
 .UNSPECIFIED.);
#1847=B_SPLINE_CURVE_WITH_KNOTS('',3,(#4212,#4213,#4214,#4215),
 .UNSPECIFIED.,.F.,.F.,(4,4),(1.96776294543917E-6,0.000561160515595062),
 .UNSPECIFIED.);
#1848=B_SPLINE_CURVE_WITH_KNOTS('',3,(#4216,#4217,#4218,#4219),
 .UNSPECIFIED.,.F.,.F.,(4,4),(2.227932235194E-6,0.000635349271865829),
 .UNSPECIFIED.);
#1849=B_SPLINE_CURVE_WITH_KNOTS('',3,(#4222,#4223,#4224,#4225),
 .UNSPECIFIED.,.F.,.F.,(4,4),(2.78840708002912E-7,0.00348141442914485),
 .UNSPECIFIED.);
#1850=B_SPLINE_CURVE_WITH_KNOTS('',3,(#4227,#4228,#4229,#4230),
 .UNSPECIFIED.,.F.,.F.,(4,4),(0.00348141442914485,0.00695936975102442),
 .UNSPECIFIED.);
#1851=B_SPLINE_CURVE_WITH_KNOTS('',3,(#4232,#4233,#4234,#4235),
 .UNSPECIFIED.,.F.,.F.,(4,4),(2.22793218690986E-6,0.000635349271866593),
 .UNSPECIFIED.);
#1852=B_SPLINE_CURVE_WITH_KNOTS('',3,(#4236,#4237,#4238,#4239),
 .UNSPECIFIED.,.F.,.F.,(4,4),(0.00348141442914485,0.00695936975102441),
 .UNSPECIFIED.);
#1853=B_SPLINE_CURVE_WITH_KNOTS('',3,(#4241,#4242,#4243,#4244),
 .UNSPECIFIED.,.F.,.F.,(4,4),(0.00348141778818418,0.00695937630245744),
 .UNSPECIFIED.);
#1854=B_SPLINE_CURVE_WITH_KNOTS('',3,(#4252,#4253,#4254,#4255),
 .UNSPECIFIED.,.F.,.F.,(4,4),(2.7884070784527E-7,0.00348141442914485),
 .UNSPECIFIED.);
#1855=B_SPLINE_CURVE_WITH_KNOTS('',3,(#4259,#4260,#4261,#4262),
 .UNSPECIFIED.,.F.,.F.,(4,4),(2.78841328251115E-7,0.00348141778818418),
 .UNSPECIFIED.);
#1856=B_SPLINE_CURVE_WITH_KNOTS('',3,(#4264,#4265,#4266,#4267),
 .UNSPECIFIED.,.F.,.F.,(4,4),(1.96776294692317E-6,0.000561160515596377),
 .UNSPECIFIED.);
#1857=B_SPLINE_CURVE_WITH_KNOTS('',3,(#4269,#4270,#4271,#4272),
 .UNSPECIFIED.,.F.,.F.,(4,4),(2.78841328254814E-7,0.00348141778818415),
 .UNSPECIFIED.);
#1858=B_SPLINE_CURVE_WITH_KNOTS('',3,(#4274,#4275,#4276,#4277),
 .UNSPECIFIED.,.F.,.F.,(4,4),(0.00348141778818415,0.00695937630245744),
 .UNSPECIFIED.);
#1859=B_SPLINE_CURVE_WITH_KNOTS('',3,(#4279,#4280,#4281,#4282),
 .UNSPECIFIED.,.F.,.F.,(4,4),(1.96776294544295E-6,0.000561160515595058),
 .UNSPECIFIED.);
#1860=B_SPLINE_CURVE_WITH_KNOTS('',3,(#4283,#4284,#4285,#4286),
 .UNSPECIFIED.,.F.,.F.,(4,4),(2.22793218690351E-6,0.000635349271866533),
 .UNSPECIFIED.);
#1861=B_SPLINE_CURVE_WITH_KNOTS('',3,(#4289,#4290,#4291,#4292),
 .UNSPECIFIED.,.F.,.F.,(4,4),(0.00348141442914485,0.00695936975102441),
 .UNSPECIFIED.);
#1862=B_SPLINE_CURVE_WITH_KNOTS('',3,(#4293,#4294,#4295,#4296),
 .UNSPECIFIED.,.F.,.F.,(4,4),(2.22793218624284E-6,0.000635349271865882),
 .UNSPECIFIED.);
#1863=B_SPLINE_CURVE_WITH_KNOTS('',3,(#4297,#4298,#4299,#4300),
 .UNSPECIFIED.,.F.,.F.,(4,4),(2.78840707848268E-7,0.00348141442914485),
 .UNSPECIFIED.);
#1864=B_SPLINE_CURVE_WITH_KNOTS('',3,(#4302,#4303,#4304,#4305),
 .UNSPECIFIED.,.F.,.F.,(4,4),(2.78841328251115E-7,0.00348141778818416),
 .UNSPECIFIED.);
#1865=B_SPLINE_CURVE_WITH_KNOTS('',3,(#4307,#4308,#4309,#4310),
 .UNSPECIFIED.,.F.,.F.,(4,4),(1.96776294690238E-6,0.000561160515596515),
 .UNSPECIFIED.);
#1866=B_SPLINE_CURVE_WITH_KNOTS('',3,(#4312,#4313,#4314,#4315),
 .UNSPECIFIED.,.F.,.F.,(4,4),(0.00348141778818416,0.00695937630245744),
 .UNSPECIFIED.);
#1867=B_SPLINE_CURVE_WITH_KNOTS('',3,(#4316,#4317,#4318,#4319),
 .UNSPECIFIED.,.F.,.F.,(4,4),(1.96776294543809E-6,0.00056116051559506),
 .UNSPECIFIED.);
#1868=B_SPLINE_CURVE_WITH_KNOTS('',3,(#4320,#4321,#4322,#4323),
 .UNSPECIFIED.,.F.,.F.,(4,4),(2.22793223518712E-6,0.000635349271865828),
 .UNSPECIFIED.);
#1869=B_SPLINE_CURVE_WITH_KNOTS('',3,(#4326,#4327,#4328,#4329),
 .UNSPECIFIED.,.F.,.F.,(4,4),(2.78840708007574E-7,0.00348141442914485),
 .UNSPECIFIED.);
#1870=B_SPLINE_CURVE_WITH_KNOTS('',3,(#4331,#4332,#4333,#4334),
 .UNSPECIFIED.,.F.,.F.,(4,4),(0.00348141442914485,0.00695936975102441),
 .UNSPECIFIED.);
#1871=B_SPLINE_CURVE_WITH_KNOTS('',3,(#4336,#4337,#4338,#4339),
 .UNSPECIFIED.,.F.,.F.,(4,4),(2.22793218690836E-6,0.000635349271866598),
 .UNSPECIFIED.);
#1872=B_SPLINE_CURVE_WITH_KNOTS('',3,(#4340,#4341,#4342,#4343),
 .UNSPECIFIED.,.F.,.F.,(4,4),(0.00348141442914485,0.00695936975102441),
 .UNSPECIFIED.);
#1873=B_SPLINE_CURVE_WITH_KNOTS('',3,(#4345,#4346,#4347,#4348),
 .UNSPECIFIED.,.F.,.F.,(4,4),(0.00348141778818418,0.00695937630245744),
 .UNSPECIFIED.);
#1874=B_SPLINE_CURVE_WITH_KNOTS('',3,(#4356,#4357,#4358,#4359),
 .UNSPECIFIED.,.F.,.F.,(4,4),(2.78840707845315E-7,0.00348141442914485),
 .UNSPECIFIED.);
#1875=B_SPLINE_CURVE_WITH_KNOTS('',3,(#4363,#4364,#4365,#4366),
 .UNSPECIFIED.,.F.,.F.,(4,4),(2.7884132824958E-7,0.00348141778818418),
 .UNSPECIFIED.);
#1876=B_SPLINE_CURVE_WITH_KNOTS('',3,(#4368,#4369,#4370,#4371),
 .UNSPECIFIED.,.F.,.F.,(4,4),(1.96776294692093E-6,0.000561160515596374),
 .UNSPECIFIED.);
#1877=B_SPLINE_CURVE_WITH_KNOTS('',3,(#4373,#4374,#4375,#4376),
 .UNSPECIFIED.,.F.,.F.,(4,4),(2.78841328253117E-7,0.00348141778818415),
 .UNSPECIFIED.);
#1878=B_SPLINE_CURVE_WITH_KNOTS('',3,(#4378,#4379,#4380,#4381),
 .UNSPECIFIED.,.F.,.F.,(4,4),(0.00348141778818415,0.00695937630245744),
 .UNSPECIFIED.);
#1879=B_SPLINE_CURVE_WITH_KNOTS('',3,(#4383,#4384,#4385,#4386),
 .UNSPECIFIED.,.F.,.F.,(4,4),(1.96776294544062E-6,0.000561160515595058),
 .UNSPECIFIED.);
#1880=B_SPLINE_CURVE_WITH_KNOTS('',3,(#4387,#4388,#4389,#4390),
 .UNSPECIFIED.,.F.,.F.,(4,4),(2.22793218690475E-6,0.000635349271866532),
 .UNSPECIFIED.);
#1881=B_SPLINE_CURVE_WITH_KNOTS('',3,(#4393,#4394,#4395,#4396),
 .UNSPECIFIED.,.F.,.F.,(4,4),(0.00348141442914485,0.00695936975102441),
 .UNSPECIFIED.);
#1882=B_SPLINE_CURVE_WITH_KNOTS('',3,(#4397,#4398,#4399,#4400),
 .UNSPECIFIED.,.F.,.F.,(4,4),(2.2279321862403E-6,0.000635349271865882),
 .UNSPECIFIED.);
#1883=B_SPLINE_CURVE_WITH_KNOTS('',3,(#4401,#4402,#4403,#4404),
 .UNSPECIFIED.,.F.,.F.,(4,4),(2.7884070784673E-7,0.00348141442914485),
 .UNSPECIFIED.);
#1884=B_SPLINE_CURVE_WITH_KNOTS('',3,(#4406,#4407,#4408,#4409),
 .UNSPECIFIED.,.F.,.F.,(4,4),(2.7884132824958E-7,0.00348141778818416),
 .UNSPECIFIED.);
#1885=B_SPLINE_CURVE_WITH_KNOTS('',3,(#4411,#4412,#4413,#4414),
 .UNSPECIFIED.,.F.,.F.,(4,4),(1.96776294690288E-6,0.000561160515596516),
 .UNSPECIFIED.);
#1886=B_SPLINE_CURVE_WITH_KNOTS('',3,(#4416,#4417,#4418,#4419),
 .UNSPECIFIED.,.F.,.F.,(4,4),(0.00348141778818416,0.00695937630245744),
 .UNSPECIFIED.);
#1887=B_SPLINE_CURVE_WITH_KNOTS('',3,(#4420,#4421,#4422,#4423),
 .UNSPECIFIED.,.F.,.F.,(4,4),(1.96776294544013E-6,0.000561160515595062),
 .UNSPECIFIED.);
#1888=B_SPLINE_CURVE_WITH_KNOTS('',3,(#4424,#4425,#4426,#4427),
 .UNSPECIFIED.,.F.,.F.,(4,4),(2.22793223519224E-6,0.00063534927186583),
 .UNSPECIFIED.);
#1889=B_SPLINE_CURVE_WITH_KNOTS('',3,(#4430,#4431,#4432,#4433),
 .UNSPECIFIED.,.F.,.F.,(4,4),(2.78840708003624E-7,0.00348141442914485),
 .UNSPECIFIED.);
#1890=B_SPLINE_CURVE_WITH_KNOTS('',3,(#4435,#4436,#4437,#4438),
 .UNSPECIFIED.,.F.,.F.,(4,4),(0.00348141442914485,0.00695936975102441),
 .UNSPECIFIED.);
#1891=B_SPLINE_CURVE_WITH_KNOTS('',3,(#4440,#4441,#4442,#4443),
 .UNSPECIFIED.,.F.,.F.,(4,4),(2.22793218690887E-6,0.000635349271866594),
 .UNSPECIFIED.);
#1892=B_SPLINE_CURVE_WITH_KNOTS('',3,(#4444,#4445,#4446,#4447),
 .UNSPECIFIED.,.F.,.F.,(4,4),(0.00348141442914485,0.00695936975102441),
 .UNSPECIFIED.);
#1893=B_SPLINE_CURVE_WITH_KNOTS('',3,(#4449,#4450,#4451,#4452),
 .UNSPECIFIED.,.F.,.F.,(4,4),(0.00348141778818418,0.00695937630245744),
 .UNSPECIFIED.);
#1894=B_SPLINE_CURVE_WITH_KNOTS('',3,(#4460,#4461,#4462,#4463),
 .UNSPECIFIED.,.F.,.F.,(4,4),(2.78840707845438E-7,0.00348141442914485),
 .UNSPECIFIED.);
#1895=B_SPLINE_CURVE_WITH_KNOTS('',3,(#4467,#4468,#4469,#4470),
 .UNSPECIFIED.,.F.,.F.,(4,4),(2.78841328250476E-7,0.00348141778818418),
 .UNSPECIFIED.);
#1896=B_SPLINE_CURVE_WITH_KNOTS('',3,(#4472,#4473,#4474,#4475),
 .UNSPECIFIED.,.F.,.F.,(4,4),(1.96776294692317E-6,0.000561160515596377),
 .UNSPECIFIED.);
#1897=B_SPLINE_CURVE_WITH_KNOTS('',3,(#4477,#4478,#4479,#4480),
 .UNSPECIFIED.,.F.,.F.,(4,4),(2.78841328253238E-7,0.00348141778818415),
 .UNSPECIFIED.);
#1898=B_SPLINE_CURVE_WITH_KNOTS('',3,(#4482,#4483,#4484,#4485),
 .UNSPECIFIED.,.F.,.F.,(4,4),(0.00348141778818415,0.00695937630245744),
 .UNSPECIFIED.);
#1899=B_SPLINE_CURVE_WITH_KNOTS('',3,(#4487,#4488,#4489,#4490),
 .UNSPECIFIED.,.F.,.F.,(4,4),(1.96776294544294E-6,0.000561160515595058),
 .UNSPECIFIED.);
#1900=B_SPLINE_CURVE_WITH_KNOTS('',3,(#4491,#4492,#4493,#4494),
 .UNSPECIFIED.,.F.,.F.,(4,4),(2.22793218690351E-6,0.000635349271866533),
 .UNSPECIFIED.);
#1901=B_SPLINE_CURVE_WITH_KNOTS('',3,(#4497,#4498,#4499,#4500),
 .UNSPECIFIED.,.F.,.F.,(4,4),(0.00348141442914485,0.00695936975102441),
 .UNSPECIFIED.);
#1902=B_SPLINE_CURVE_WITH_KNOTS('',3,(#4501,#4502,#4503,#4504),
 .UNSPECIFIED.,.F.,.F.,(4,4),(2.227932186238E-6,0.000635349271865882),
 .UNSPECIFIED.);
#1903=B_SPLINE_CURVE_WITH_KNOTS('',3,(#4505,#4506,#4507,#4508),
 .UNSPECIFIED.,.F.,.F.,(4,4),(2.788407078481E-7,0.00348141442914485),
 .UNSPECIFIED.);
#1904=B_SPLINE_CURVE_WITH_KNOTS('',3,(#4510,#4511,#4512,#4513),
 .UNSPECIFIED.,.F.,.F.,(4,4),(2.78841328249769E-7,0.00348141778818416),
 .UNSPECIFIED.);
#1905=B_SPLINE_CURVE_WITH_KNOTS('',3,(#4515,#4516,#4517,#4518),
 .UNSPECIFIED.,.F.,.F.,(4,4),(1.96776294690582E-6,0.000561160515596517),
 .UNSPECIFIED.);
#1906=B_SPLINE_CURVE_WITH_KNOTS('',3,(#4520,#4521,#4522,#4523),
 .UNSPECIFIED.,.F.,.F.,(4,4),(0.00348141778818416,0.00695937630245744),
 .UNSPECIFIED.);
#1907=B_SPLINE_CURVE_WITH_KNOTS('',3,(#4524,#4525,#4526,#4527),
 .UNSPECIFIED.,.F.,.F.,(4,4),(1.96776294544154E-6,0.000561160515595065),
 .UNSPECIFIED.);
#1908=B_SPLINE_CURVE_WITH_KNOTS('',3,(#4528,#4529,#4530,#4531),
 .UNSPECIFIED.,.F.,.F.,(4,4),(2.22793223518993E-6,0.000635349271865828),
 .UNSPECIFIED.);
#1909=B_SPLINE_CURVE_WITH_KNOTS('',3,(#4534,#4535,#4536,#4537),
 .UNSPECIFIED.,.F.,.F.,(4,4),(2.78840708007406E-7,0.00348141442914485),
 .UNSPECIFIED.);
#1910=B_SPLINE_CURVE_WITH_KNOTS('',3,(#4539,#4540,#4541,#4542),
 .UNSPECIFIED.,.F.,.F.,(4,4),(0.00348141442914485,0.00695936975102441),
 .UNSPECIFIED.);
#1911=B_SPLINE_CURVE_WITH_KNOTS('',3,(#4544,#4545,#4546,#4547),
 .UNSPECIFIED.,.F.,.F.,(4,4),(2.22793218690836E-6,0.000635349271866598),
 .UNSPECIFIED.);
#1912=B_SPLINE_CURVE_WITH_KNOTS('',3,(#4548,#4549,#4550,#4551),
 .UNSPECIFIED.,.F.,.F.,(4,4),(0.00348141442914485,0.00695936975102441),
 .UNSPECIFIED.);
#1913=B_SPLINE_CURVE_WITH_KNOTS('',3,(#4553,#4554,#4555,#4556),
 .UNSPECIFIED.,.F.,.F.,(4,4),(0.00348141778818418,0.00695937630245744),
 .UNSPECIFIED.);
#1914=B_SPLINE_CURVE_WITH_KNOTS('',3,(#4564,#4565,#4566,#4567),
 .UNSPECIFIED.,.F.,.F.,(4,4),(2.788407078445E-7,0.00348141442914485),
 .UNSPECIFIED.);
#1915=B_SPLINE_CURVE_WITH_KNOTS('',3,(#4571,#4572,#4573,#4574),
 .UNSPECIFIED.,.F.,.F.,(4,4),(2.78841328251856E-7,0.00348141778818418),
 .UNSPECIFIED.);
#1916=B_SPLINE_CURVE_WITH_KNOTS('',3,(#4576,#4577,#4578,#4579),
 .UNSPECIFIED.,.F.,.F.,(4,4),(1.96776294692034E-6,0.000561160515596373),
 .UNSPECIFIED.);
#1917=B_SPLINE_CURVE_WITH_KNOTS('',3,(#4581,#4582,#4583,#4584),
 .UNSPECIFIED.,.F.,.F.,(4,4),(2.78841328256214E-7,0.00348141778818415),
 .UNSPECIFIED.);
#1918=B_SPLINE_CURVE_WITH_KNOTS('',3,(#4586,#4587,#4588,#4589),
 .UNSPECIFIED.,.F.,.F.,(4,4),(0.00348141778818415,0.00695937630245744),
 .UNSPECIFIED.);
#1919=B_SPLINE_CURVE_WITH_KNOTS('',3,(#4591,#4592,#4593,#4594),
 .UNSPECIFIED.,.F.,.F.,(4,4),(1.96776294544271E-6,0.000561160515595058),
 .UNSPECIFIED.);
#1920=B_SPLINE_CURVE_WITH_KNOTS('',3,(#4595,#4596,#4597,#4598),
 .UNSPECIFIED.,.F.,.F.,(4,4),(2.22793218690219E-6,0.000635349271866531),
 .UNSPECIFIED.);
#1921=B_SPLINE_CURVE_WITH_KNOTS('',3,(#4601,#4602,#4603,#4604),
 .UNSPECIFIED.,.F.,.F.,(4,4),(0.00348141442914485,0.00695936975102441),
 .UNSPECIFIED.);
#1922=B_SPLINE_CURVE_WITH_KNOTS('',3,(#4605,#4606,#4607,#4608),
 .UNSPECIFIED.,.F.,.F.,(4,4),(2.2279321862417E-6,0.000635349271865881),
 .UNSPECIFIED.);
#1923=B_SPLINE_CURVE_WITH_KNOTS('',3,(#4609,#4610,#4611,#4612),
 .UNSPECIFIED.,.F.,.F.,(4,4),(2.78840707842264E-7,0.00348141442914485),
 .UNSPECIFIED.);
#1924=B_SPLINE_CURVE_WITH_KNOTS('',3,(#4614,#4615,#4616,#4617),
 .UNSPECIFIED.,.F.,.F.,(4,4),(2.78841328250991E-7,0.00348141778818416),
 .UNSPECIFIED.);
#1925=B_SPLINE_CURVE_WITH_KNOTS('',3,(#4619,#4620,#4621,#4622),
 .UNSPECIFIED.,.F.,.F.,(4,4),(1.96776294690359E-6,0.000561160515596515),
 .UNSPECIFIED.);
#1926=B_SPLINE_CURVE_WITH_KNOTS('',3,(#4624,#4625,#4626,#4627),
 .UNSPECIFIED.,.F.,.F.,(4,4),(0.00348141778818416,0.00695937630245744),
 .UNSPECIFIED.);
#1927=B_SPLINE_CURVE_WITH_KNOTS('',3,(#4628,#4629,#4630,#4631),
 .UNSPECIFIED.,.F.,.F.,(4,4),(1.96776294544106E-6,0.000561160515595062),
 .UNSPECIFIED.);
#1928=B_SPLINE_CURVE_WITH_KNOTS('',3,(#4632,#4633,#4634,#4635),
 .UNSPECIFIED.,.F.,.F.,(4,4),(2.22793223518907E-6,0.000635349271865829),
 .UNSPECIFIED.);
#1929=B_SPLINE_CURVE_WITH_KNOTS('',3,(#4638,#4639,#4640,#4641),
 .UNSPECIFIED.,.F.,.F.,(4,4),(2.78840708002983E-7,0.00348141442914485),
 .UNSPECIFIED.);
#1930=B_SPLINE_CURVE_WITH_KNOTS('',3,(#4643,#4644,#4645,#4646),
 .UNSPECIFIED.,.F.,.F.,(4,4),(0.00348141442914485,0.00695936975102442),
 .UNSPECIFIED.);
#1931=B_SPLINE_CURVE_WITH_KNOTS('',3,(#4648,#4649,#4650,#4651),
 .UNSPECIFIED.,.F.,.F.,(4,4),(2.22793218690821E-6,0.000635349271866593),
 .UNSPECIFIED.);
#1932=B_SPLINE_CURVE_WITH_KNOTS('',3,(#4652,#4653,#4654,#4655),
 .UNSPECIFIED.,.F.,.F.,(4,4),(0.00348141442914485,0.00695936975102441),
 .UNSPECIFIED.);
#1933=B_SPLINE_CURVE_WITH_KNOTS('',3,(#4657,#4658,#4659,#4660),
 .UNSPECIFIED.,.F.,.F.,(4,4),(0.00348141778818417,0.00695937630245744),
 .UNSPECIFIED.);
#1934=B_SPLINE_CURVE_WITH_KNOTS('',3,(#4668,#4669,#4670,#4671),
 .UNSPECIFIED.,.F.,.F.,(4,4),(2.78840707845591E-7,0.00348141442914485),
 .UNSPECIFIED.);
#1935=B_SPLINE_CURVE_WITH_KNOTS('',3,(#4675,#4676,#4677,#4678),
 .UNSPECIFIED.,.F.,.F.,(4,4),(2.78841328249904E-7,0.00348141778818417),
 .UNSPECIFIED.);
#1936=B_SPLINE_CURVE_WITH_KNOTS('',3,(#4680,#4681,#4682,#4683),
 .UNSPECIFIED.,.F.,.F.,(4,4),(1.96776294692116E-6,0.000561160515596374),
 .UNSPECIFIED.);
#1937=B_SPLINE_CURVE_WITH_KNOTS('',3,(#4685,#4686,#4687,#4688),
 .UNSPECIFIED.,.F.,.F.,(4,4),(2.78841328251857E-7,0.00348141778818415),
 .UNSPECIFIED.);
#1938=B_SPLINE_CURVE_WITH_KNOTS('',3,(#4690,#4691,#4692,#4693),
 .UNSPECIFIED.,.F.,.F.,(4,4),(0.00348141778818415,0.00695937630245744),
 .UNSPECIFIED.);
#1939=B_SPLINE_CURVE_WITH_KNOTS('',3,(#4695,#4696,#4697,#4698),
 .UNSPECIFIED.,.F.,.F.,(4,4),(1.96776294544188E-6,0.000561160515595058),
 .UNSPECIFIED.);
#1940=B_SPLINE_CURVE_WITH_KNOTS('',3,(#4699,#4700,#4701,#4702),
 .UNSPECIFIED.,.F.,.F.,(4,4),(2.22793218690384E-6,0.000635349271866533),
 .UNSPECIFIED.);
#1941=B_SPLINE_CURVE_WITH_KNOTS('',3,(#4705,#4706,#4707,#4708),
 .UNSPECIFIED.,.F.,.F.,(4,4),(0.00348141442914485,0.00695936975102441),
 .UNSPECIFIED.);
#1942=B_SPLINE_CURVE_WITH_KNOTS('',3,(#4709,#4710,#4711,#4712),
 .UNSPECIFIED.,.F.,.F.,(4,4),(2.2279321862384E-6,0.000635349271865881),
 .UNSPECIFIED.);
#1943=B_SPLINE_CURVE_WITH_KNOTS('',3,(#4713,#4714,#4715,#4716),
 .UNSPECIFIED.,.F.,.F.,(4,4),(2.78840707846937E-7,0.00348141442914485),
 .UNSPECIFIED.);
#1944=B_SPLINE_CURVE_WITH_KNOTS('',3,(#4718,#4719,#4720,#4721),
 .UNSPECIFIED.,.F.,.F.,(4,4),(2.78841328249045E-7,0.00348141778818416),
 .UNSPECIFIED.);
#1945=B_SPLINE_CURVE_WITH_KNOTS('',3,(#4723,#4724,#4725,#4726),
 .UNSPECIFIED.,.F.,.F.,(4,4),(1.96776294690194E-6,0.000561160515596516),
 .UNSPECIFIED.);
#1946=B_SPLINE_CURVE_WITH_KNOTS('',3,(#4728,#4729,#4730,#4731),
 .UNSPECIFIED.,.F.,.F.,(4,4),(0.00348141778818416,0.00695937630245744),
 .UNSPECIFIED.);
#1947=B_SPLINE_CURVE_WITH_KNOTS('',3,(#4732,#4733,#4734,#4735),
 .UNSPECIFIED.,.F.,.F.,(4,4),(1.96776294543917E-6,0.000561160515595063),
 .UNSPECIFIED.);
#1948=B_SPLINE_CURVE_WITH_KNOTS('',3,(#4736,#4737,#4738,#4739),
 .UNSPECIFIED.,.F.,.F.,(4,4),(2.22793223519236E-6,0.000635349271865831),
 .UNSPECIFIED.);
#1949=B_SPLINE_CURVE_WITH_KNOTS('',3,(#4742,#4743,#4744,#4745),
 .UNSPECIFIED.,.F.,.F.,(4,4),(2.78840708005742E-7,0.00348141442914485),
 .UNSPECIFIED.);
#1950=B_SPLINE_CURVE_WITH_KNOTS('',3,(#4747,#4748,#4749,#4750),
 .UNSPECIFIED.,.F.,.F.,(4,4),(0.00348141442914485,0.00695936975102442),
 .UNSPECIFIED.);
#1951=B_SPLINE_CURVE_WITH_KNOTS('',3,(#4752,#4753,#4754,#4755),
 .UNSPECIFIED.,.F.,.F.,(4,4),(2.22793218690821E-6,0.000635349271866593),
 .UNSPECIFIED.);
#1952=B_SPLINE_CURVE_WITH_KNOTS('',3,(#4756,#4757,#4758,#4759),
 .UNSPECIFIED.,.F.,.F.,(4,4),(0.00348141442914485,0.00695936975102441),
 .UNSPECIFIED.);
#1953=B_SPLINE_CURVE_WITH_KNOTS('',3,(#4761,#4762,#4763,#4764),
 .UNSPECIFIED.,.F.,.F.,(4,4),(0.00348141778818418,0.00695937630245744),
 .UNSPECIFIED.);
#1954=B_SPLINE_CURVE_WITH_KNOTS('',3,(#4772,#4773,#4774,#4775),
 .UNSPECIFIED.,.F.,.F.,(4,4),(2.7884070784527E-7,0.00348141442914485),
 .UNSPECIFIED.);
#1955=B_SPLINE_CURVE_WITH_KNOTS('',3,(#4779,#4780,#4781,#4782),
 .UNSPECIFIED.,.F.,.F.,(4,4),(2.78841328251115E-7,0.00348141778818418),
 .UNSPECIFIED.);
#1956=B_SPLINE_CURVE_WITH_KNOTS('',3,(#4784,#4785,#4786,#4787),
 .UNSPECIFIED.,.F.,.F.,(4,4),(1.96776294692317E-6,0.000561160515596377),
 .UNSPECIFIED.);
#1957=B_SPLINE_CURVE_WITH_KNOTS('',3,(#4789,#4790,#4791,#4792),
 .UNSPECIFIED.,.F.,.F.,(4,4),(2.78841328254814E-7,0.00348141778818415),
 .UNSPECIFIED.);
#1958=B_SPLINE_CURVE_WITH_KNOTS('',3,(#4794,#4795,#4796,#4797),
 .UNSPECIFIED.,.F.,.F.,(4,4),(0.00348141778818415,0.00695937630245743),
 .UNSPECIFIED.);
#1959=B_SPLINE_CURVE_WITH_KNOTS('',3,(#4799,#4800,#4801,#4802),
 .UNSPECIFIED.,.F.,.F.,(4,4),(1.96776294544154E-6,0.000561160515595058),
 .UNSPECIFIED.);
#1960=B_SPLINE_CURVE_WITH_KNOTS('',3,(#4803,#4804,#4805,#4806),
 .UNSPECIFIED.,.F.,.F.,(4,4),(2.22793218690632E-6,0.000635349271866533),
 .UNSPECIFIED.);
#1961=B_SPLINE_CURVE_WITH_KNOTS('',3,(#4809,#4810,#4811,#4812),
 .UNSPECIFIED.,.F.,.F.,(4,4),(0.00348141442914485,0.00695936975102441),
 .UNSPECIFIED.);
#1962=B_SPLINE_CURVE_WITH_KNOTS('',3,(#4813,#4814,#4815,#4816),
 .UNSPECIFIED.,.F.,.F.,(4,4),(2.22793218624284E-6,0.000635349271865882),
 .UNSPECIFIED.);
#1963=B_SPLINE_CURVE_WITH_KNOTS('',3,(#4817,#4818,#4819,#4820),
 .UNSPECIFIED.,.F.,.F.,(4,4),(2.78840707848268E-7,0.00348141442914485),
 .UNSPECIFIED.);
#1964=B_SPLINE_CURVE_WITH_KNOTS('',3,(#4822,#4823,#4824,#4825),
 .UNSPECIFIED.,.F.,.F.,(4,4),(2.7884132825253E-7,0.00348141778818416),
 .UNSPECIFIED.);
#1965=B_SPLINE_CURVE_WITH_KNOTS('',3,(#4827,#4828,#4829,#4830),
 .UNSPECIFIED.,.F.,.F.,(4,4),(1.96776294690097E-6,0.000561160515596515),
 .UNSPECIFIED.);
#1966=B_SPLINE_CURVE_WITH_KNOTS('',3,(#4832,#4833,#4834,#4835),
 .UNSPECIFIED.,.F.,.F.,(4,4),(0.00348141778818416,0.00695937630245744),
 .UNSPECIFIED.);
#1967=B_SPLINE_CURVE_WITH_KNOTS('',3,(#4836,#4837,#4838,#4839),
 .UNSPECIFIED.,.F.,.F.,(4,4),(1.96776294544013E-6,0.000561160515595061),
 .UNSPECIFIED.);
#1968=B_SPLINE_CURVE_WITH_KNOTS('',3,(#4840,#4841,#4842,#4843),
 .UNSPECIFIED.,.F.,.F.,(4,4),(2.22793223519196E-6,0.000635349271865828),
 .UNSPECIFIED.);
#1969=B_SPLINE_CURVE_WITH_KNOTS('',3,(#4846,#4847,#4848,#4849),
 .UNSPECIFIED.,.F.,.F.,(4,4),(2.78840708007574E-7,0.00348141442914485),
 .UNSPECIFIED.);
#1970=B_SPLINE_CURVE_WITH_KNOTS('',3,(#4851,#4852,#4853,#4854),
 .UNSPECIFIED.,.F.,.F.,(4,4),(0.00348141442914485,0.00695936975102441),
 .UNSPECIFIED.);
#1971=B_SPLINE_CURVE_WITH_KNOTS('',3,(#4856,#4857,#4858,#4859),
 .UNSPECIFIED.,.F.,.F.,(4,4),(2.22793218690836E-6,0.000635349271866598),
 .UNSPECIFIED.);
#1972=B_SPLINE_CURVE_WITH_KNOTS('',3,(#4860,#4861,#4862,#4863),
 .UNSPECIFIED.,.F.,.F.,(4,4),(0.00348141442914485,0.00695936975102441),
 .UNSPECIFIED.);
#1973=B_SPLINE_CURVE_WITH_KNOTS('',3,(#4875,#4876,#4877,#4878),
 .UNSPECIFIED.,.F.,.F.,(4,4),(1.96776294692093E-6,0.000561160515596374),
 .UNSPECIFIED.);
#1974=B_SPLINE_CURVE_WITH_KNOTS('',3,(#4887,#4888,#4889,#4890),
 .UNSPECIFIED.,.F.,.F.,(4,4),(1.96776294544013E-6,0.000561160515595062),
 .UNSPECIFIED.);
#1975=B_SPLINE_CURVE_WITH_KNOTS('',3,(#4892,#4893,#4894,#4895),
 .UNSPECIFIED.,.F.,.F.,(4,4),(0.00348141778818418,0.00695937630245744),
 .UNSPECIFIED.);
#1976=B_SPLINE_CURVE_WITH_KNOTS('',3,(#4901,#4902,#4903,#4904),
 .UNSPECIFIED.,.F.,.F.,(4,4),(2.78840707845315E-7,0.00348141442914485),
 .UNSPECIFIED.);
#1977=B_SPLINE_CURVE_WITH_KNOTS('',3,(#4908,#4909,#4910,#4911),
 .UNSPECIFIED.,.F.,.F.,(4,4),(2.78841328250995E-7,0.00348141778818418),
 .UNSPECIFIED.);
#1978=B_SPLINE_CURVE_WITH_KNOTS('',3,(#4913,#4914,#4915,#4916),
 .UNSPECIFIED.,.F.,.F.,(4,4),(0.00348141778818415,0.00695937630245744),
 .UNSPECIFIED.);
#1979=B_SPLINE_CURVE_WITH_KNOTS('',3,(#4918,#4919,#4920,#4921),
 .UNSPECIFIED.,.F.,.F.,(4,4),(1.96776294544062E-6,0.000561160515595057),
 .UNSPECIFIED.);
#1980=B_SPLINE_CURVE_WITH_KNOTS('',3,(#4922,#4923,#4924,#4925),
 .UNSPECIFIED.,.F.,.F.,(4,4),(2.22793218690481E-6,0.000635349271866532),
 .UNSPECIFIED.);
#1981=B_SPLINE_CURVE_WITH_KNOTS('',3,(#4928,#4929,#4930,#4931),
 .UNSPECIFIED.,.F.,.F.,(4,4),(0.00348141442914485,0.00695936975102441),
 .UNSPECIFIED.);
#1982=B_SPLINE_CURVE_WITH_KNOTS('',3,(#4932,#4933,#4934,#4935),
 .UNSPECIFIED.,.F.,.F.,(4,4),(2.2279321862403E-6,0.000635349271865882),
 .UNSPECIFIED.);
#1983=B_SPLINE_CURVE_WITH_KNOTS('',3,(#4936,#4937,#4938,#4939),
 .UNSPECIFIED.,.F.,.F.,(4,4),(2.78840707848145E-7,0.00348141442914485),
 .UNSPECIFIED.);
#1984=B_SPLINE_CURVE_WITH_KNOTS('',3,(#4941,#4942,#4943,#4944),
 .UNSPECIFIED.,.F.,.F.,(4,4),(2.22793218690887E-6,0.000635349271866594),
 .UNSPECIFIED.);
#1985=B_SPLINE_CURVE_WITH_KNOTS('',3,(#4946,#4947,#4948,#4949),
 .UNSPECIFIED.,.F.,.F.,(4,4),(2.78841328094101E-7,0.00348141778818416),
 .UNSPECIFIED.);
#1986=B_SPLINE_CURVE_WITH_KNOTS('',3,(#4951,#4952,#4953,#4954),
 .UNSPECIFIED.,.F.,.F.,(4,4),(1.96776299013073E-6,0.000561160515596516),
 .UNSPECIFIED.);
#1987=B_SPLINE_CURVE_WITH_KNOTS('',3,(#4956,#4957,#4958,#4959),
 .UNSPECIFIED.,.F.,.F.,(4,4),(0.00348141778818416,0.00695937630245744),
 .UNSPECIFIED.);
#1988=B_SPLINE_CURVE_WITH_KNOTS('',3,(#4960,#4961,#4962,#4963),
 .UNSPECIFIED.,.F.,.F.,(4,4),(2.22793223519219E-6,0.000635349271865832),
 .UNSPECIFIED.);
#1989=B_SPLINE_CURVE_WITH_KNOTS('',3,(#4966,#4967,#4968,#4969),
 .UNSPECIFIED.,.F.,.F.,(4,4),(2.78840708003624E-7,0.00348141442914486),
 .UNSPECIFIED.);
#1990=B_SPLINE_CURVE_WITH_KNOTS('',3,(#4970,#4971,#4972,#4973),
 .UNSPECIFIED.,.F.,.F.,(4,4),(0.00348141442914485,0.00695936975102441),
 .UNSPECIFIED.);
#1991=EDGE_LOOP('',(#263,#264,#265,#266));
#1992=EDGE_LOOP('',(#267,#268,#269,#270));
#1993=EDGE_LOOP('',(#271,#272,#273,#274));
#1994=EDGE_LOOP('',(#275,#276,#277,#278));
#1995=EDGE_LOOP('',(#279,#280,#281,#282));
#1996=EDGE_LOOP('',(#283,#284,#285,#286));
#1997=EDGE_LOOP('',(#287,#288,#289,#290));
#1998=EDGE_LOOP('',(#291,#292,#293,#294));
#1999=EDGE_LOOP('',(#295,#296,#297,#298));
#2000=EDGE_LOOP('',(#299,#300,#301,#302));
#2001=EDGE_LOOP('',(#303,#304,#305,#306));
#2002=EDGE_LOOP('',(#307,#308,#309,#310));
#2003=EDGE_LOOP('',(#311,#312,#313,#314));
#2004=EDGE_LOOP('',(#315,#316,#317,#318));
#2005=EDGE_LOOP('',(#319,#320,#321,#322));
#2006=EDGE_LOOP('',(#323,#324,#325,#326));
#2007=EDGE_LOOP('',(#327,#328,#329,#330));
#2008=EDGE_LOOP('',(#331,#332,#333,#334));
#2009=EDGE_LOOP('',(#335,#336,#337,#338));
#2010=EDGE_LOOP('',(#339,#340,#341,#342));
#2011=EDGE_LOOP('',(#343,#344,#345,#346));
#2012=EDGE_LOOP('',(#347,#348,#349,#350));
#2013=EDGE_LOOP('',(#351,#352,#353,#354,#355,#356));
#2014=EDGE_LOOP('',(#357,#358,#359,#360,#361,#362));
#2015=EDGE_LOOP('',(#363,#364,#365,#366,#367,#368));
#2016=EDGE_LOOP('',(#369,#370,#371,#372,#373,#374));
#2017=EDGE_LOOP('',(#375,#376,#377,#378));
#2018=EDGE_LOOP('',(#379,#380,#381,#382));
#2019=EDGE_LOOP('',(#383,#384,#385,#386,#387,#388));
#2020=EDGE_LOOP('',(#389,#390,#391,#392,#393,#394));
#2021=EDGE_LOOP('',(#395,#396,#397,#398,#399,#400));
#2022=EDGE_LOOP('',(#401,#402,#403,#404,#405,#406));
#2023=EDGE_LOOP('',(#407,#408,#409,#410));
#2024=EDGE_LOOP('',(#411,#412,#413,#414));
#2025=EDGE_LOOP('',(#415,#416,#417,#418,#419,#420));
#2026=EDGE_LOOP('',(#421,#422,#423,#424,#425,#426));
#2027=EDGE_LOOP('',(#427,#428,#429,#430,#431,#432));
#2028=EDGE_LOOP('',(#433,#434,#435,#436,#437,#438));
#2029=EDGE_LOOP('',(#439,#440,#441,#442));
#2030=EDGE_LOOP('',(#443,#444,#445,#446));
#2031=EDGE_LOOP('',(#447,#448,#449,#450,#451,#452));
#2032=EDGE_LOOP('',(#453,#454,#455,#456,#457,#458));
#2033=EDGE_LOOP('',(#459,#460,#461,#462,#463,#464));
#2034=EDGE_LOOP('',(#465,#466,#467,#468,#469,#470));
#2035=EDGE_LOOP('',(#471,#472,#473,#474));
#2036=EDGE_LOOP('',(#475,#476,#477,#478));
#2037=EDGE_LOOP('',(#479,#480,#481,#482,#483,#484));
#2038=EDGE_LOOP('',(#485,#486,#487,#488,#489,#490));
#2039=EDGE_LOOP('',(#491,#492,#493,#494,#495,#496));
#2040=EDGE_LOOP('',(#497,#498,#499,#500,#501,#502));
#2041=EDGE_LOOP('',(#503,#504,#505,#506));
#2042=EDGE_LOOP('',(#507,#508,#509,#510));
#2043=EDGE_LOOP('',(#511,#512,#513,#514,#515,#516));
#2044=EDGE_LOOP('',(#517,#518,#519,#520,#521,#522));
#2045=EDGE_LOOP('',(#523,#524,#525,#526,#527,#528));
#2046=EDGE_LOOP('',(#529,#530,#531,#532,#533,#534));
#2047=EDGE_LOOP('',(#535,#536,#537,#538));
#2048=EDGE_LOOP('',(#539,#540,#541,#542));
#2049=EDGE_LOOP('',(#543,#544,#545,#546,#547,#548));
#2050=EDGE_LOOP('',(#549,#550,#551,#552,#553,#554));
#2051=EDGE_LOOP('',(#555,#556,#557,#558,#559,#560));
#2052=EDGE_LOOP('',(#561,#562,#563,#564,#565,#566));
#2053=EDGE_LOOP('',(#567,#568,#569,#570));
#2054=EDGE_LOOP('',(#571,#572,#573,#574));
#2055=EDGE_LOOP('',(#575,#576,#577,#578,#579,#580));
#2056=EDGE_LOOP('',(#581,#582,#583,#584,#585,#586));
#2057=EDGE_LOOP('',(#587,#588,#589,#590,#591,#592));
#2058=EDGE_LOOP('',(#593,#594,#595,#596,#597,#598));
#2059=EDGE_LOOP('',(#599,#600,#601,#602));
#2060=EDGE_LOOP('',(#603,#604,#605,#606));
#2061=EDGE_LOOP('',(#607,#608,#609,#610,#611,#612));
#2062=EDGE_LOOP('',(#613,#614,#615,#616,#617,#618));
#2063=EDGE_LOOP('',(#619,#620,#621,#622,#623,#624));
#2064=EDGE_LOOP('',(#625,#626,#627,#628,#629,#630));
#2065=EDGE_LOOP('',(#631));
#2066=EDGE_LOOP('',(#632));
#2067=EDGE_LOOP('',(#633));
#2068=EDGE_LOOP('',(#634));
#2069=EDGE_LOOP('',(#635));
#2070=EDGE_LOOP('',(#636,#637,#638,#639,#640,#641,#642,#643,#644,#645,#646,
#647,#648,#649,#650,#651,#652,#653,#654,#655));
#2071=EDGE_LOOP('',(#656));
#2072=EDGE_LOOP('',(#657));
#2073=EDGE_LOOP('',(#658));
#2074=EDGE_LOOP('',(#659,#660,#661,#662,#663,#664,#665,#666,#667,#668,#669,
#670,#671,#672,#673,#674,#675,#676,#677,#678));
#2075=EDGE_LOOP('',(#679,#680,#681,#682));
#2076=EDGE_LOOP('',(#683,#684,#685,#686));
#2077=EDGE_LOOP('',(#687,#688,#689,#690,#691,#692));
#2078=EDGE_LOOP('',(#693,#694,#695,#696,#697,#698));
#2079=EDGE_LOOP('',(#699,#700,#701,#702,#703,#704,#705,#706,#707,#708,#709,
#710,#711,#712,#713,#714,#715,#716,#717,#718));
#2080=EDGE_LOOP('',(#719,#720,#721,#722,#723,#724,#725,#726,#727,#728,#729,
#730,#731,#732,#733,#734,#735,#736,#737,#738));
#2081=EDGE_LOOP('',(#739,#740,#741,#742,#743,#744));
#2082=EDGE_LOOP('',(#745,#746,#747,#748,#749,#750));
#2083=EDGE_LOOP('',(#751));
#2084=EDGE_LOOP('',(#752));
#2085=EDGE_LOOP('',(#753));
#2086=EDGE_LOOP('',(#754));
#2087=EDGE_LOOP('',(#755,#756,#757,#758));
#2088=EDGE_LOOP('',(#759,#760,#761,#762));
#2089=EDGE_LOOP('',(#763,#764,#765,#766));
#2090=EDGE_LOOP('',(#767,#768,#769,#770));
#2091=EDGE_LOOP('',(#771,#772,#773,#774));
#2092=EDGE_LOOP('',(#775,#776,#777,#778));
#2093=EDGE_LOOP('',(#779,#780,#781,#782));
#2094=EDGE_LOOP('',(#783,#784,#785,#786));
#2095=EDGE_LOOP('',(#787,#788,#789,#790));
#2096=EDGE_LOOP('',(#791,#792,#793,#794));
#2097=EDGE_LOOP('',(#795,#796,#797,#798));
#2098=EDGE_LOOP('',(#799,#800,#801,#802));
#2099=EDGE_LOOP('',(#803,#804,#805,#806));
#2100=EDGE_LOOP('',(#807,#808,#809,#810));
#2101=EDGE_LOOP('',(#811,#812,#813,#814));
#2102=EDGE_LOOP('',(#815,#816,#817,#818));
#2103=EDGE_LOOP('',(#819,#820,#821,#822));
#2104=EDGE_LOOP('',(#823,#824,#825,#826));
#2105=EDGE_LOOP('',(#827,#828,#829,#830));
#2106=EDGE_LOOP('',(#831,#832,#833,#834));
#2107=EDGE_LOOP('',(#835,#836));
#2108=EDGE_LOOP('',(#837,#838));
#2109=EDGE_LOOP('',(#839,#840));
#2110=EDGE_LOOP('',(#841,#842));
#2111=EDGE_LOOP('',(#843,#844));
#2112=EDGE_LOOP('',(#845,#846));
#2113=EDGE_LOOP('',(#847,#848));
#2114=EDGE_LOOP('',(#849,#850));
#2115=EDGE_LOOP('',(#851,#852));
#2116=EDGE_LOOP('',(#853,#854));
#2117=EDGE_LOOP('',(#855,#856));
#2118=EDGE_LOOP('',(#857,#858));
#2119=EDGE_LOOP('',(#859,#860));
#2120=EDGE_LOOP('',(#861,#862));
#2121=EDGE_LOOP('',(#863,#864));
#2122=EDGE_LOOP('',(#865,#866));
#2123=EDGE_LOOP('',(#867,#868));
#2124=EDGE_LOOP('',(#869,#870));
#2125=EDGE_LOOP('',(#871,#872));
#2126=EDGE_LOOP('',(#873,#874));
#2127=EDGE_LOOP('',(#875,#876,#877,#878,#879,#880,#881,#882,#883,#884,#885,
#886,#887,#888,#889,#890,#891,#892,#893,#894));
#2128=EDGE_LOOP('',(#895,#896,#897,#898,#899,#900,#901,#902,#903,#904,#905,
#906,#907,#908,#909,#910,#911,#912,#913,#914));
#2129=EDGE_LOOP('',(#915,#916,#917,#918));
#2130=EDGE_LOOP('',(#919,#920,#921,#922));
#2131=EDGE_LOOP('',(#923,#924,#925,#926));
#2132=EDGE_LOOP('',(#927,#928,#929,#930));
#2133=EDGE_LOOP('',(#931,#932,#933,#934));
#2134=EDGE_LOOP('',(#935,#936,#937,#938));
#2135=EDGE_LOOP('',(#939,#940,#941,#942));
#2136=EDGE_LOOP('',(#943,#944,#945,#946));
#2137=EDGE_LOOP('',(#947,#948,#949,#950));
#2138=EDGE_LOOP('',(#951,#952,#953,#954));
#2139=EDGE_LOOP('',(#955,#956));
#2140=EDGE_LOOP('',(#957,#958));
#2141=EDGE_LOOP('',(#959,#960));
#2142=EDGE_LOOP('',(#961,#962));
#2143=EDGE_LOOP('',(#963,#964));
#2144=EDGE_LOOP('',(#965,#966));
#2145=EDGE_LOOP('',(#967,#968));
#2146=EDGE_LOOP('',(#969,#970));
#2147=EDGE_LOOP('',(#971,#972));
#2148=EDGE_LOOP('',(#973,#974));
#2149=EDGE_LOOP('',(#975));
#2150=EDGE_LOOP('',(#976,#977,#978,#979,#980,#981,#982,#983,#984,#985,#986,
#987,#988,#989,#990,#991,#992,#993,#994,#995));
#2151=EDGE_LOOP('',(#996,#997,#998,#999));
#2152=EDGE_LOOP('',(#1000,#1001,#1002,#1003));
#2153=EDGE_LOOP('',(#1004,#1005,#1006,#1007));
#2154=EDGE_LOOP('',(#1008,#1009,#1010,#1011));
#2155=EDGE_LOOP('',(#1012,#1013,#1014,#1015));
#2156=EDGE_LOOP('',(#1016,#1017,#1018,#1019));
#2157=EDGE_LOOP('',(#1020,#1021,#1022,#1023));
#2158=EDGE_LOOP('',(#1024,#1025,#1026,#1027));
#2159=EDGE_LOOP('',(#1028,#1029,#1030,#1031));
#2160=EDGE_LOOP('',(#1032,#1033,#1034,#1035));
#2161=EDGE_LOOP('',(#1036,#1037));
#2162=EDGE_LOOP('',(#1038,#1039));
#2163=EDGE_LOOP('',(#1040,#1041));
#2164=EDGE_LOOP('',(#1042,#1043));
#2165=EDGE_LOOP('',(#1044,#1045));
#2166=EDGE_LOOP('',(#1046,#1047));
#2167=EDGE_LOOP('',(#1048,#1049));
#2168=EDGE_LOOP('',(#1050,#1051));
#2169=EDGE_LOOP('',(#1052,#1053));
#2170=EDGE_LOOP('',(#1054,#1055));
#2171=EDGE_LOOP('',(#1056));
#2172=EDGE_LOOP('',(#1057,#1058,#1059,#1060,#1061,#1062,#1063,#1064,#1065,
#1066,#1067,#1068,#1069,#1070,#1071,#1072,#1073,#1074,#1075,#1076));
#2173=EDGE_LOOP('',(#1077));
#2174=EDGE_LOOP('',(#1078));
#2175=EDGE_LOOP('',(#1079));
#2176=EDGE_LOOP('',(#1080));
#2177=EDGE_LOOP('',(#1081));
#2178=EDGE_LOOP('',(#1082));
#2179=EDGE_LOOP('',(#1083));
#2180=EDGE_LOOP('',(#1084));
#2181=EDGE_LOOP('',(#1085));
#2182=EDGE_LOOP('',(#1086));
#2183=FACE_BOUND('',#1991,.T.);
#2184=FACE_BOUND('',#1992,.T.);
#2185=FACE_BOUND('',#1993,.T.);
#2186=FACE_BOUND('',#1994,.T.);
#2187=FACE_BOUND('',#1995,.T.);
#2188=FACE_BOUND('',#1996,.T.);
#2189=FACE_BOUND('',#1997,.T.);
#2190=FACE_BOUND('',#1998,.T.);
#2191=FACE_BOUND('',#1999,.T.);
#2192=FACE_BOUND('',#2000,.T.);
#2193=FACE_BOUND('',#2001,.T.);
#2194=FACE_BOUND('',#2002,.T.);
#2195=FACE_BOUND('',#2003,.T.);
#2196=FACE_BOUND('',#2004,.T.);
#2197=FACE_BOUND('',#2005,.T.);
#2198=FACE_BOUND('',#2006,.T.);
#2199=FACE_BOUND('',#2007,.T.);
#2200=FACE_BOUND('',#2008,.T.);
#2201=FACE_BOUND('',#2009,.T.);
#2202=FACE_BOUND('',#2010,.T.);
#2203=FACE_BOUND('',#2011,.T.);
#2204=FACE_BOUND('',#2012,.T.);
#2205=FACE_BOUND('',#2013,.T.);
#2206=FACE_BOUND('',#2014,.T.);
#2207=FACE_BOUND('',#2015,.T.);
#2208=FACE_BOUND('',#2016,.T.);
#2209=FACE_BOUND('',#2017,.T.);
#2210=FACE_BOUND('',#2018,.T.);
#2211=FACE_BOUND('',#2019,.T.);
#2212=FACE_BOUND('',#2020,.T.);
#2213=FACE_BOUND('',#2021,.T.);
#2214=FACE_BOUND('',#2022,.T.);
#2215=FACE_BOUND('',#2023,.T.);
#2216=FACE_BOUND('',#2024,.T.);
#2217=FACE_BOUND('',#2025,.T.);
#2218=FACE_BOUND('',#2026,.T.);
#2219=FACE_BOUND('',#2027,.T.);
#2220=FACE_BOUND('',#2028,.T.);
#2221=FACE_BOUND('',#2029,.T.);
#2222=FACE_BOUND('',#2030,.T.);
#2223=FACE_BOUND('',#2031,.T.);
#2224=FACE_BOUND('',#2032,.T.);
#2225=FACE_BOUND('',#2033,.T.);
#2226=FACE_BOUND('',#2034,.T.);
#2227=FACE_BOUND('',#2035,.T.);
#2228=FACE_BOUND('',#2036,.T.);
#2229=FACE_BOUND('',#2037,.T.);
#2230=FACE_BOUND('',#2038,.T.);
#2231=FACE_BOUND('',#2039,.T.);
#2232=FACE_BOUND('',#2040,.T.);
#2233=FACE_BOUND('',#2041,.T.);
#2234=FACE_BOUND('',#2042,.T.);
#2235=FACE_BOUND('',#2043,.T.);
#2236=FACE_BOUND('',#2044,.T.);
#2237=FACE_BOUND('',#2045,.T.);
#2238=FACE_BOUND('',#2046,.T.);
#2239=FACE_BOUND('',#2047,.T.);
#2240=FACE_BOUND('',#2048,.T.);
#2241=FACE_BOUND('',#2049,.T.);
#2242=FACE_BOUND('',#2050,.T.);
#2243=FACE_BOUND('',#2051,.T.);
#2244=FACE_BOUND('',#2052,.T.);
#2245=FACE_BOUND('',#2053,.T.);
#2246=FACE_BOUND('',#2054,.T.);
#2247=FACE_BOUND('',#2055,.T.);
#2248=FACE_BOUND('',#2056,.T.);
#2249=FACE_BOUND('',#2057,.T.);
#2250=FACE_BOUND('',#2058,.T.);
#2251=FACE_BOUND('',#2059,.T.);
#2252=FACE_BOUND('',#2060,.T.);
#2253=FACE_BOUND('',#2061,.T.);
#2254=FACE_BOUND('',#2062,.T.);
#2255=FACE_BOUND('',#2063,.T.);
#2256=FACE_BOUND('',#2064,.T.);
#2257=FACE_BOUND('',#2065,.T.);
#2258=FACE_BOUND('',#2066,.T.);
#2259=FACE_BOUND('',#2067,.T.);
#2260=FACE_BOUND('',#2068,.T.);
#2261=FACE_BOUND('',#2069,.T.);
#2262=FACE_BOUND('',#2070,.T.);
#2263=FACE_BOUND('',#2071,.T.);
#2264=FACE_BOUND('',#2072,.T.);
#2265=FACE_BOUND('',#2073,.T.);
#2266=FACE_BOUND('',#2074,.T.);
#2267=FACE_BOUND('',#2075,.T.);
#2268=FACE_BOUND('',#2076,.T.);
#2269=FACE_BOUND('',#2077,.T.);
#2270=FACE_BOUND('',#2078,.T.);
#2271=FACE_BOUND('',#2079,.T.);
#2272=FACE_BOUND('',#2080,.T.);
#2273=FACE_BOUND('',#2081,.T.);
#2274=FACE_BOUND('',#2082,.T.);
#2275=FACE_BOUND('',#2083,.T.);
#2276=FACE_BOUND('',#2084,.T.);
#2277=FACE_BOUND('',#2085,.T.);
#2278=FACE_BOUND('',#2086,.T.);
#2279=FACE_BOUND('',#2087,.T.);
#2280=FACE_BOUND('',#2088,.T.);
#2281=FACE_BOUND('',#2089,.T.);
#2282=FACE_BOUND('',#2090,.T.);
#2283=FACE_BOUND('',#2091,.T.);
#2284=FACE_BOUND('',#2092,.T.);
#2285=FACE_BOUND('',#2093,.T.);
#2286=FACE_BOUND('',#2094,.T.);
#2287=FACE_BOUND('',#2095,.T.);
#2288=FACE_BOUND('',#2096,.T.);
#2289=FACE_BOUND('',#2097,.T.);
#2290=FACE_BOUND('',#2098,.T.);
#2291=FACE_BOUND('',#2099,.T.);
#2292=FACE_BOUND('',#2100,.T.);
#2293=FACE_BOUND('',#2101,.T.);
#2294=FACE_BOUND('',#2102,.T.);
#2295=FACE_BOUND('',#2103,.T.);
#2296=FACE_BOUND('',#2104,.T.);
#2297=FACE_BOUND('',#2105,.T.);
#2298=FACE_BOUND('',#2106,.T.);
#2299=FACE_BOUND('',#2107,.T.);
#2300=FACE_BOUND('',#2108,.T.);
#2301=FACE_BOUND('',#2109,.T.);
#2302=FACE_BOUND('',#2110,.T.);
#2303=FACE_BOUND('',#2111,.T.);
#2304=FACE_BOUND('',#2112,.T.);
#2305=FACE_BOUND('',#2113,.T.);
#2306=FACE_BOUND('',#2114,.T.);
#2307=FACE_BOUND('',#2115,.T.);
#2308=FACE_BOUND('',#2116,.T.);
#2309=FACE_BOUND('',#2117,.T.);
#2310=FACE_BOUND('',#2118,.T.);
#2311=FACE_BOUND('',#2119,.T.);
#2312=FACE_BOUND('',#2120,.T.);
#2313=FACE_BOUND('',#2121,.T.);
#2314=FACE_BOUND('',#2122,.T.);
#2315=FACE_BOUND('',#2123,.T.);
#2316=FACE_BOUND('',#2124,.T.);
#2317=FACE_BOUND('',#2125,.T.);
#2318=FACE_BOUND('',#2126,.T.);
#2319=FACE_BOUND('',#2127,.T.);
#2320=FACE_BOUND('',#2128,.T.);
#2321=FACE_BOUND('',#2129,.T.);
#2322=FACE_BOUND('',#2130,.T.);
#2323=FACE_BOUND('',#2131,.T.);
#2324=FACE_BOUND('',#2132,.T.);
#2325=FACE_BOUND('',#2133,.T.);
#2326=FACE_BOUND('',#2134,.T.);
#2327=FACE_BOUND('',#2135,.T.);
#2328=FACE_BOUND('',#2136,.T.);
#2329=FACE_BOUND('',#2137,.T.);
#2330=FACE_BOUND('',#2138,.T.);
#2331=FACE_BOUND('',#2139,.T.);
#2332=FACE_BOUND('',#2140,.T.);
#2333=FACE_BOUND('',#2141,.T.);
#2334=FACE_BOUND('',#2142,.T.);
#2335=FACE_BOUND('',#2143,.T.);
#2336=FACE_BOUND('',#2144,.T.);
#2337=FACE_BOUND('',#2145,.T.);
#2338=FACE_BOUND('',#2146,.T.);
#2339=FACE_BOUND('',#2147,.T.);
#2340=FACE_BOUND('',#2148,.T.);
#2341=FACE_BOUND('',#2149,.T.);
#2342=FACE_BOUND('',#2150,.T.);
#2343=FACE_BOUND('',#2151,.T.);
#2344=FACE_BOUND('',#2152,.T.);
#2345=FACE_BOUND('',#2153,.T.);
#2346=FACE_BOUND('',#2154,.T.);
#2347=FACE_BOUND('',#2155,.T.);
#2348=FACE_BOUND('',#2156,.T.);
#2349=FACE_BOUND('',#2157,.T.);
#2350=FACE_BOUND('',#2158,.T.);
#2351=FACE_BOUND('',#2159,.T.);
#2352=FACE_BOUND('',#2160,.T.);
#2353=FACE_BOUND('',#2161,.T.);
#2354=FACE_BOUND('',#2162,.T.);
#2355=FACE_BOUND('',#2163,.T.);
#2356=FACE_BOUND('',#2164,.T.);
#2357=FACE_BOUND('',#2165,.T.);
#2358=FACE_BOUND('',#2166,.T.);
#2359=FACE_BOUND('',#2167,.T.);
#2360=FACE_BOUND('',#2168,.T.);
#2361=FACE_BOUND('',#2169,.T.);
#2362=FACE_BOUND('',#2170,.T.);
#2363=FACE_BOUND('',#2171,.T.);
#2364=FACE_BOUND('',#2172,.T.);
#2365=FACE_BOUND('',#2173,.T.);
#2366=FACE_BOUND('',#2174,.T.);
#2367=FACE_BOUND('',#2175,.T.);
#2368=FACE_BOUND('',#2176,.T.);
#2369=FACE_BOUND('',#2177,.T.);
#2370=FACE_BOUND('',#2178,.T.);
#2371=FACE_BOUND('',#2179,.T.);
#2372=FACE_BOUND('',#2180,.T.);
#2373=FACE_BOUND('',#2181,.T.);
#2374=FACE_BOUND('',#2182,.T.);
#2375=TOROIDAL_SURFACE('',#2629,25.5,4.45477272147524);
#2376=TOROIDAL_SURFACE('',#2632,25.5,4.45477272147524);
#2377=TOROIDAL_SURFACE('',#2635,25.5,4.45477272147524);
#2378=TOROIDAL_SURFACE('',#2638,25.5,4.45477272147524);
#2379=TOROIDAL_SURFACE('',#2641,25.5,4.45477272147524);
#2380=TOROIDAL_SURFACE('',#2644,25.5,4.45477272147524);
#2381=TOROIDAL_SURFACE('',#2647,25.5,4.45477272147524);
#2382=TOROIDAL_SURFACE('',#2650,25.5,4.45477272147524);
#2383=TOROIDAL_SURFACE('',#2653,25.5,4.45477272147524);
#2384=TOROIDAL_SURFACE('',#2656,25.5,4.45477272147524);
#2385=TOROIDAL_SURFACE('',#2659,25.5,4.45477272147524);
#2386=TOROIDAL_SURFACE('',#2662,25.5,4.45477272147524);
#2387=TOROIDAL_SURFACE('',#2665,25.5,4.45477272147524);
#2388=TOROIDAL_SURFACE('',#2668,25.5,4.45477272147524);
#2389=TOROIDAL_SURFACE('',#2671,25.5,4.45477272147524);
#2390=TOROIDAL_SURFACE('',#2674,25.5,4.45477272147524);
#2391=TOROIDAL_SURFACE('',#2677,25.5,4.45477272147524);
#2392=TOROIDAL_SURFACE('',#2680,25.5,4.45477272147524);
#2393=TOROIDAL_SURFACE('',#2683,25.5,4.45477272147524);
#2394=TOROIDAL_SURFACE('',#2686,25.5,4.45477272147524);
#2395=TOROIDAL_SURFACE('',#2689,25.5,4.45477272147524);
#2396=TOROIDAL_SURFACE('',#2692,25.5,4.45477272147524);
#2397=TOROIDAL_SURFACE('',#2697,25.5,4.45477272147524);
#2398=TOROIDAL_SURFACE('',#2700,25.5,4.45477272147524);
#2399=TOROIDAL_SURFACE('',#2705,25.5,4.45477272147524);
#2400=TOROIDAL_SURFACE('',#2708,25.5,4.45477272147524);
#2401=TOROIDAL_SURFACE('',#2713,25.5,4.45477272147524);
#2402=TOROIDAL_SURFACE('',#2716,25.5,4.45477272147524);
#2403=TOROIDAL_SURFACE('',#2721,25.5,4.45477272147524);
#2404=TOROIDAL_SURFACE('',#2724,25.5,4.45477272147524);
#2405=TOROIDAL_SURFACE('',#2729,25.5,4.45477272147524);
#2406=TOROIDAL_SURFACE('',#2732,25.5,4.45477272147524);
#2407=TOROIDAL_SURFACE('',#2737,25.5,4.45477272147524);
#2408=TOROIDAL_SURFACE('',#2740,25.5,4.45477272147524);
#2409=TOROIDAL_SURFACE('',#2745,25.5,4.45477272147524);
#2410=TOROIDAL_SURFACE('',#2748,25.5,4.45477272147524);
#2411=TOROIDAL_SURFACE('',#2753,25.5,4.45477272147524);
#2412=TOROIDAL_SURFACE('',#2756,25.5,4.45477272147524);
#2413=TOROIDAL_SURFACE('',#2773,25.5,4.45477272147524);
#2414=TOROIDAL_SURFACE('',#2775,25.5,4.45477272147524);
#2415=TOROIDAL_SURFACE('',#2781,16.1,1.1);
#2416=TOROIDAL_SURFACE('',#2782,16.1,1.1);
#2417=TOROIDAL_SURFACE('',#2783,25.5,4.45477272147524);
#2418=TOROIDAL_SURFACE('',#2786,25.5,4.45477272147524);
#2419=TOROIDAL_SURFACE('',#2789,25.5,4.45477272147524);
#2420=TOROIDAL_SURFACE('',#2792,25.5,4.45477272147524);
#2421=TOROIDAL_SURFACE('',#2795,25.5,4.45477272147524);
#2422=TOROIDAL_SURFACE('',#2798,25.5,4.45477272147524);
#2423=TOROIDAL_SURFACE('',#2801,25.5,4.45477272147524);
#2424=TOROIDAL_SURFACE('',#2804,25.5,4.45477272147524);
#2425=TOROIDAL_SURFACE('',#2807,25.5,4.45477272147524);
#2426=TOROIDAL_SURFACE('',#2810,25.5,4.45477272147524);
#2427=TOROIDAL_SURFACE('',#2813,25.5,4.45477272147524);
#2428=TOROIDAL_SURFACE('',#2816,25.5,4.45477272147524);
#2429=TOROIDAL_SURFACE('',#2819,25.5,4.45477272147524);
#2430=TOROIDAL_SURFACE('',#2822,25.5,4.45477272147524);
#2431=TOROIDAL_SURFACE('',#2825,25.5,4.45477272147524);
#2432=TOROIDAL_SURFACE('',#2828,25.5,4.45477272147524);
#2433=TOROIDAL_SURFACE('',#2831,25.5,4.45477272147524);
#2434=TOROIDAL_SURFACE('',#2834,25.5,4.45477272147524);
#2435=TOROIDAL_SURFACE('',#2837,25.5,4.45477272147524);
#2436=TOROIDAL_SURFACE('',#2840,25.5,4.45477272147524);
#2437=TOROIDAL_SURFACE('',#2863,35.5685428923712,16.3685428923712);
#2438=TOROIDAL_SURFACE('',#2864,25.5,4.45477272147524);
#2439=TOROIDAL_SURFACE('',#2867,25.5,4.45477272147524);
#2440=TOROIDAL_SURFACE('',#2870,25.5,4.45477272147524);
#2441=TOROIDAL_SURFACE('',#2873,25.5,4.45477272147524);
#2442=TOROIDAL_SURFACE('',#2876,25.5,4.45477272147524);
#2443=TOROIDAL_SURFACE('',#2879,25.5,4.45477272147524);
#2444=TOROIDAL_SURFACE('',#2882,25.5,4.45477272147524);
#2445=TOROIDAL_SURFACE('',#2885,25.5,4.45477272147524);
#2446=TOROIDAL_SURFACE('',#2888,25.5,4.45477272147524);
#2447=TOROIDAL_SURFACE('',#2891,25.5,4.45477272147524);
#2448=TOROIDAL_SURFACE('',#2906,25.5,4.45477272147524);
#2449=TOROIDAL_SURFACE('',#2909,25.5,4.45477272147524);
#2450=TOROIDAL_SURFACE('',#2912,25.5,4.45477272147524);
#2451=TOROIDAL_SURFACE('',#2915,25.5,4.45477272147524);
#2452=TOROIDAL_SURFACE('',#2918,25.5,4.45477272147524);
#2453=TOROIDAL_SURFACE('',#2921,25.5,4.45477272147524);
#2454=TOROIDAL_SURFACE('',#2924,25.5,4.45477272147524);
#2455=TOROIDAL_SURFACE('',#2927,25.5,4.45477272147524);
#2456=TOROIDAL_SURFACE('',#2930,25.5,4.45477272147524);
#2457=TOROIDAL_SURFACE('',#2933,25.5,4.45477272147524);
#2458=TOROIDAL_SURFACE('',#2948,34.9,1.1);
#2459=TOROIDAL_SURFACE('',#2954,34.9,1.1);
#2460=ADVANCED_FACE('',(#2183),#2375,.F.);
#2461=ADVANCED_FACE('',(#2184),#2376,.F.);
#2462=ADVANCED_FACE('',(#2185),#2377,.F.);
#2463=ADVANCED_FACE('',(#2186),#2378,.F.);
#2464=ADVANCED_FACE('',(#2187),#2379,.F.);
#2465=ADVANCED_FACE('',(#2188),#2380,.F.);
#2466=ADVANCED_FACE('',(#2189),#2381,.F.);
#2467=ADVANCED_FACE('',(#2190),#2382,.F.);
#2468=ADVANCED_FACE('',(#2191),#2383,.F.);
#2469=ADVANCED_FACE('',(#2192),#2384,.F.);
#2470=ADVANCED_FACE('',(#2193),#2385,.F.);
#2471=ADVANCED_FACE('',(#2194),#2386,.F.);
#2472=ADVANCED_FACE('',(#2195),#2387,.F.);
#2473=ADVANCED_FACE('',(#2196),#2388,.F.);
#2474=ADVANCED_FACE('',(#2197),#2389,.F.);
#2475=ADVANCED_FACE('',(#2198),#2390,.F.);
#2476=ADVANCED_FACE('',(#2199),#2391,.F.);
#2477=ADVANCED_FACE('',(#2200),#2392,.F.);
#2478=ADVANCED_FACE('',(#2201),#2393,.F.);
#2479=ADVANCED_FACE('',(#2202),#2394,.F.);
#2480=ADVANCED_FACE('',(#2203),#2395,.F.);
#2481=ADVANCED_FACE('',(#2204),#2396,.F.);
#2482=ADVANCED_FACE('',(#2205,#2206),#71,.T.);
#2483=ADVANCED_FACE('',(#2207,#2208),#72,.T.);
#2484=ADVANCED_FACE('',(#2209),#2397,.F.);
#2485=ADVANCED_FACE('',(#2210),#2398,.F.);
#2486=ADVANCED_FACE('',(#2211,#2212),#73,.T.);
#2487=ADVANCED_FACE('',(#2213,#2214),#74,.T.);
#2488=ADVANCED_FACE('',(#2215),#2399,.F.);
#2489=ADVANCED_FACE('',(#2216),#2400,.F.);
#2490=ADVANCED_FACE('',(#2217,#2218),#75,.T.);
#2491=ADVANCED_FACE('',(#2219,#2220),#76,.T.);
#2492=ADVANCED_FACE('',(#2221),#2401,.F.);
#2493=ADVANCED_FACE('',(#2222),#2402,.F.);
#2494=ADVANCED_FACE('',(#2223,#2224),#77,.T.);
#2495=ADVANCED_FACE('',(#2225,#2226),#78,.T.);
#2496=ADVANCED_FACE('',(#2227),#2403,.F.);
#2497=ADVANCED_FACE('',(#2228),#2404,.F.);
#2498=ADVANCED_FACE('',(#2229,#2230),#79,.T.);
#2499=ADVANCED_FACE('',(#2231,#2232),#80,.T.);
#2500=ADVANCED_FACE('',(#2233),#2405,.F.);
#2501=ADVANCED_FACE('',(#2234),#2406,.F.);
#2502=ADVANCED_FACE('',(#2235,#2236),#81,.T.);
#2503=ADVANCED_FACE('',(#2237,#2238),#82,.T.);
#2504=ADVANCED_FACE('',(#2239),#2407,.F.);
#2505=ADVANCED_FACE('',(#2240),#2408,.F.);
#2506=ADVANCED_FACE('',(#2241,#2242),#83,.T.);
#2507=ADVANCED_FACE('',(#2243,#2244),#84,.T.);
#2508=ADVANCED_FACE('',(#2245),#2409,.F.);
#2509=ADVANCED_FACE('',(#2246),#2410,.F.);
#2510=ADVANCED_FACE('',(#2247,#2248),#85,.T.);
#2511=ADVANCED_FACE('',(#2249,#2250),#86,.T.);
#2512=ADVANCED_FACE('',(#2251),#2411,.F.);
#2513=ADVANCED_FACE('',(#2252),#2412,.F.);
#2514=ADVANCED_FACE('',(#2253,#2254),#87,.T.);
#2515=ADVANCED_FACE('',(#2255,#2256),#88,.T.);
#2516=ADVANCED_FACE('',(#2257,#2258),#67,.F.);
#2517=ADVANCED_FACE('',(#2259,#2260),#20,.F.);
#2518=ADVANCED_FACE('',(#2261,#2262),#21,.T.);
#2519=ADVANCED_FACE('',(#2263,#2264),#68,.F.);
#2520=ADVANCED_FACE('',(#2265,#2266),#22,.T.);
#2521=ADVANCED_FACE('',(#2267),#2413,.F.);
#2522=ADVANCED_FACE('',(#2268),#2414,.F.);
#2523=ADVANCED_FACE('',(#2269,#2270),#89,.T.);
#2524=ADVANCED_FACE('',(#2271,#2272),#23,.F.);
#2525=ADVANCED_FACE('',(#2273,#2274),#90,.T.);
#2526=ADVANCED_FACE('',(#2275,#2276),#2415,.T.);
#2527=ADVANCED_FACE('',(#2277,#2278),#2416,.T.);
#2528=ADVANCED_FACE('',(#2279),#2417,.T.);
#2529=ADVANCED_FACE('',(#2280),#2418,.T.);
#2530=ADVANCED_FACE('',(#2281),#2419,.T.);
#2531=ADVANCED_FACE('',(#2282),#2420,.T.);
#2532=ADVANCED_FACE('',(#2283),#2421,.T.);
#2533=ADVANCED_FACE('',(#2284),#2422,.T.);
#2534=ADVANCED_FACE('',(#2285),#2423,.T.);
#2535=ADVANCED_FACE('',(#2286),#2424,.T.);
#2536=ADVANCED_FACE('',(#2287),#2425,.T.);
#2537=ADVANCED_FACE('',(#2288),#2426,.T.);
#2538=ADVANCED_FACE('',(#2289),#2427,.T.);
#2539=ADVANCED_FACE('',(#2290),#2428,.T.);
#2540=ADVANCED_FACE('',(#2291),#2429,.T.);
#2541=ADVANCED_FACE('',(#2292),#2430,.T.);
#2542=ADVANCED_FACE('',(#2293),#2431,.T.);
#2543=ADVANCED_FACE('',(#2294),#2432,.T.);
#2544=ADVANCED_FACE('',(#2295),#2433,.T.);
#2545=ADVANCED_FACE('',(#2296),#2434,.T.);
#2546=ADVANCED_FACE('',(#2297),#2435,.T.);
#2547=ADVANCED_FACE('',(#2298),#2436,.T.);
#2548=ADVANCED_FACE('',(#2299),#24,.F.);
#2549=ADVANCED_FACE('',(#2300),#25,.F.);
#2550=ADVANCED_FACE('',(#2301),#26,.F.);
#2551=ADVANCED_FACE('',(#2302),#27,.F.);
#2552=ADVANCED_FACE('',(#2303),#28,.F.);
#2553=ADVANCED_FACE('',(#2304),#29,.F.);
#2554=ADVANCED_FACE('',(#2305),#30,.F.);
#2555=ADVANCED_FACE('',(#2306),#31,.F.);
#2556=ADVANCED_FACE('',(#2307),#32,.F.);
#2557=ADVANCED_FACE('',(#2308),#33,.F.);
#2558=ADVANCED_FACE('',(#2309),#34,.F.);
#2559=ADVANCED_FACE('',(#2310),#35,.F.);
#2560=ADVANCED_FACE('',(#2311),#36,.F.);
#2561=ADVANCED_FACE('',(#2312),#37,.F.);
#2562=ADVANCED_FACE('',(#2313),#38,.F.);
#2563=ADVANCED_FACE('',(#2314),#39,.F.);
#2564=ADVANCED_FACE('',(#2315),#40,.F.);
#2565=ADVANCED_FACE('',(#2316),#41,.F.);
#2566=ADVANCED_FACE('',(#2317),#42,.F.);
#2567=ADVANCED_FACE('',(#2318),#43,.F.);
#2568=ADVANCED_FACE('',(#2319,#2320),#2437,.F.);
#2569=ADVANCED_FACE('',(#2321),#2438,.T.);
#2570=ADVANCED_FACE('',(#2322),#2439,.T.);
#2571=ADVANCED_FACE('',(#2323),#2440,.T.);
#2572=ADVANCED_FACE('',(#2324),#2441,.T.);
#2573=ADVANCED_FACE('',(#2325),#2442,.T.);
#2574=ADVANCED_FACE('',(#2326),#2443,.T.);
#2575=ADVANCED_FACE('',(#2327),#2444,.T.);
#2576=ADVANCED_FACE('',(#2328),#2445,.T.);
#2577=ADVANCED_FACE('',(#2329),#2446,.T.);
#2578=ADVANCED_FACE('',(#2330),#2447,.T.);
#2579=ADVANCED_FACE('',(#2331),#44,.T.);
#2580=ADVANCED_FACE('',(#2332),#45,.T.);
#2581=ADVANCED_FACE('',(#2333),#46,.T.);
#2582=ADVANCED_FACE('',(#2334),#47,.T.);
#2583=ADVANCED_FACE('',(#2335),#48,.T.);
#2584=ADVANCED_FACE('',(#2336),#49,.T.);
#2585=ADVANCED_FACE('',(#2337),#50,.T.);
#2586=ADVANCED_FACE('',(#2338),#51,.T.);
#2587=ADVANCED_FACE('',(#2339),#52,.T.);
#2588=ADVANCED_FACE('',(#2340),#53,.T.);
#2589=ADVANCED_FACE('',(#2341,#2342),#54,.F.);
#2590=ADVANCED_FACE('',(#2343),#2448,.T.);
#2591=ADVANCED_FACE('',(#2344),#2449,.T.);
#2592=ADVANCED_FACE('',(#2345),#2450,.T.);
#2593=ADVANCED_FACE('',(#2346),#2451,.T.);
#2594=ADVANCED_FACE('',(#2347),#2452,.T.);
#2595=ADVANCED_FACE('',(#2348),#2453,.T.);
#2596=ADVANCED_FACE('',(#2349),#2454,.T.);
#2597=ADVANCED_FACE('',(#2350),#2455,.T.);
#2598=ADVANCED_FACE('',(#2351),#2456,.T.);
#2599=ADVANCED_FACE('',(#2352),#2457,.T.);
#2600=ADVANCED_FACE('',(#2353),#55,.T.);
#2601=ADVANCED_FACE('',(#2354),#56,.T.);
#2602=ADVANCED_FACE('',(#2355),#57,.T.);
#2603=ADVANCED_FACE('',(#2356),#58,.T.);
#2604=ADVANCED_FACE('',(#2357),#59,.T.);
#2605=ADVANCED_FACE('',(#2358),#60,.T.);
#2606=ADVANCED_FACE('',(#2359),#61,.T.);
#2607=ADVANCED_FACE('',(#2360),#62,.T.);
#2608=ADVANCED_FACE('',(#2361),#63,.T.);
#2609=ADVANCED_FACE('',(#2362),#64,.T.);
#2610=ADVANCED_FACE('',(#2363,#2364),#65,.F.);
#2611=ADVANCED_FACE('',(#2365,#2366),#2458,.T.);
#2612=ADVANCED_FACE('',(#2367,#2368),#69,.T.);
#2613=ADVANCED_FACE('',(#2369,#2370),#66,.T.);
#2614=ADVANCED_FACE('',(#2371,#2372),#2459,.T.);
#2615=ADVANCED_FACE('',(#2373,#2374),#70,.T.);
#2616=CLOSED_SHELL('',(#2460,#2461,#2462,#2463,#2464,#2465,#2466,#2467,
#2468,#2469,#2470,#2471,#2472,#2473,#2474,#2475,#2476,#2477,#2478,#2479,
#2480,#2481,#2482,#2483,#2484,#2485,#2486,#2487,#2488,#2489,#2490,#2491,
#2492,#2493,#2494,#2495,#2496,#2497,#2498,#2499,#2500,#2501,#2502,#2503,
#2504,#2505,#2506,#2507,#2508,#2509,#2510,#2511,#2512,#2513,#2514,#2515,
#2516,#2517,#2518,#2519,#2520,#2521,#2522,#2523,#2524,#2525,#2526,#2527,
#2528,#2529,#2530,#2531,#2532,#2533,#2534,#2535,#2536,#2537,#2538,#2539,
#2540,#2541,#2542,#2543,#2544,#2545,#2546,#2547,#2548,#2549,#2550,#2551,
#2552,#2553,#2554,#2555,#2556,#2557,#2558,#2559,#2560,#2561,#2562,#2563,
#2564,#2565,#2566,#2567,#2568,#2569,#2570,#2571,#2572,#2573,#2574,#2575,
#2576,#2577,#2578,#2579,#2580,#2581,#2582,#2583,#2584,#2585,#2586,#2587,
#2588,#2589,#2590,#2591,#2592,#2593,#2594,#2595,#2596,#2597,#2598,#2599,
#2600,#2601,#2602,#2603,#2604,#2605,#2606,#2607,#2608,#2609,#2610,#2611,
#2612,#2613,#2614,#2615));
#2617=STYLED_ITEM('',(#2618),#2625);
#2618=PRESENTATION_STYLE_ASSIGNMENT((#2619));
#2619=SURFACE_STYLE_USAGE(.BOTH.,#2620);
#2620=SURFACE_SIDE_STYLE('',(#2621));
#2621=SURFACE_STYLE_FILL_AREA(#2622);
#2622=FILL_AREA_STYLE('',(#2623));
#2623=FILL_AREA_STYLE_COLOUR('',#2624);
#2624=COLOUR_RGB('',0.506983280181885,0.531564235687256,0.550000011920929);
#2625=MANIFOLD_SOLID_BREP('',#2616);
#2626=SHAPE_DEFINITION_REPRESENTATION(#5162,#2627);
#2627=SHAPE_REPRESENTATION(
'\X2\53CC5185570853CC521789D263A589E674038F74627F\X0\00000 D \X2\578B\X0\(
a=45\X\B0) GBT296-2015',(#2628),#5157);
#2628=AXIS2_PLACEMENT_3D('',#3615,#2957,#2958);
#2629=AXIS2_PLACEMENT_3D('',#3616,#2959,#2960);
#2630=AXIS2_PLACEMENT_3D('',#3623,#2961,#2962);
#2631=AXIS2_PLACEMENT_3D('',#3630,#2963,#2964);
#2632=AXIS2_PLACEMENT_3D('',#3631,#2965,#2966);
#2633=AXIS2_PLACEMENT_3D('',#3632,#2967,#2968);
#2634=AXIS2_PLACEMENT_3D('',#3640,#2969,#2970);
#2635=AXIS2_PLACEMENT_3D('',#3646,#2971,#2972);
#2636=AXIS2_PLACEMENT_3D('',#3653,#2973,#2974);
#2637=AXIS2_PLACEMENT_3D('',#3660,#2975,#2976);
#2638=AXIS2_PLACEMENT_3D('',#3661,#2977,#2978);
#2639=AXIS2_PLACEMENT_3D('',#3662,#2979,#2980);
#2640=AXIS2_PLACEMENT_3D('',#3670,#2981,#2982);
#2641=AXIS2_PLACEMENT_3D('',#3676,#2983,#2984);
#2642=AXIS2_PLACEMENT_3D('',#3683,#2985,#2986);
#2643=AXIS2_PLACEMENT_3D('',#3690,#2987,#2988);
#2644=AXIS2_PLACEMENT_3D('',#3691,#2989,#2990);
#2645=AXIS2_PLACEMENT_3D('',#3692,#2991,#2992);
#2646=AXIS2_PLACEMENT_3D('',#3700,#2993,#2994);
#2647=AXIS2_PLACEMENT_3D('',#3706,#2995,#2996);
#2648=AXIS2_PLACEMENT_3D('',#3713,#2997,#2998);
#2649=AXIS2_PLACEMENT_3D('',#3720,#2999,#3000);
#2650=AXIS2_PLACEMENT_3D('',#3721,#3001,#3002);
#2651=AXIS2_PLACEMENT_3D('',#3722,#3003,#3004);
#2652=AXIS2_PLACEMENT_3D('',#3730,#3005,#3006);
#2653=AXIS2_PLACEMENT_3D('',#3736,#3007,#3008);
#2654=AXIS2_PLACEMENT_3D('',#3743,#3009,#3010);
#2655=AXIS2_PLACEMENT_3D('',#3750,#3011,#3012);
#2656=AXIS2_PLACEMENT_3D('',#3751,#3013,#3014);
#2657=AXIS2_PLACEMENT_3D('',#3752,#3015,#3016);
#2658=AXIS2_PLACEMENT_3D('',#3760,#3017,#3018);
#2659=AXIS2_PLACEMENT_3D('',#3766,#3019,#3020);
#2660=AXIS2_PLACEMENT_3D('',#3773,#3021,#3022);
#2661=AXIS2_PLACEMENT_3D('',#3780,#3023,#3024);
#2662=AXIS2_PLACEMENT_3D('',#3781,#3025,#3026);
#2663=AXIS2_PLACEMENT_3D('',#3782,#3027,#3028);
#2664=AXIS2_PLACEMENT_3D('',#3790,#3029,#3030);
#2665=AXIS2_PLACEMENT_3D('',#3796,#3031,#3032);
#2666=AXIS2_PLACEMENT_3D('',#3803,#3033,#3034);
#2667=AXIS2_PLACEMENT_3D('',#3810,#3035,#3036);
#2668=AXIS2_PLACEMENT_3D('',#3811,#3037,#3038);
#2669=AXIS2_PLACEMENT_3D('',#3812,#3039,#3040);
#2670=AXIS2_PLACEMENT_3D('',#3820,#3041,#3042);
#2671=AXIS2_PLACEMENT_3D('',#3826,#3043,#3044);
#2672=AXIS2_PLACEMENT_3D('',#3833,#3045,#3046);
#2673=AXIS2_PLACEMENT_3D('',#3840,#3047,#3048);
#2674=AXIS2_PLACEMENT_3D('',#3841,#3049,#3050);
#2675=AXIS2_PLACEMENT_3D('',#3842,#3051,#3052);
#2676=AXIS2_PLACEMENT_3D('',#3850,#3053,#3054);
#2677=AXIS2_PLACEMENT_3D('',#3856,#3055,#3056);
#2678=AXIS2_PLACEMENT_3D('',#3863,#3057,#3058);
#2679=AXIS2_PLACEMENT_3D('',#3870,#3059,#3060);
#2680=AXIS2_PLACEMENT_3D('',#3871,#3061,#3062);
#2681=AXIS2_PLACEMENT_3D('',#3872,#3063,#3064);
#2682=AXIS2_PLACEMENT_3D('',#3880,#3065,#3066);
#2683=AXIS2_PLACEMENT_3D('',#3886,#3067,#3068);
#2684=AXIS2_PLACEMENT_3D('',#3887,#3069,#3070);
#2685=AXIS2_PLACEMENT_3D('',#3895,#3071,#3072);
#2686=AXIS2_PLACEMENT_3D('',#3901,#3073,#3074);
#2687=AXIS2_PLACEMENT_3D('',#3908,#3075,#3076);
#2688=AXIS2_PLACEMENT_3D('',#3915,#3077,#3078);
#2689=AXIS2_PLACEMENT_3D('',#3916,#3079,#3080);
#2690=AXIS2_PLACEMENT_3D('',#3923,#3081,#3082);
#2691=AXIS2_PLACEMENT_3D('',#3930,#3083,#3084);
#2692=AXIS2_PLACEMENT_3D('',#3931,#3085,#3086);
#2693=AXIS2_PLACEMENT_3D('',#3932,#3087,#3088);
#2694=AXIS2_PLACEMENT_3D('',#3940,#3089,#3090);
#2695=AXIS2_PLACEMENT_3D('',#3946,#3091,#3092);
#2696=AXIS2_PLACEMENT_3D('',#3989,#3093,#3094);
#2697=AXIS2_PLACEMENT_3D('',#4032,#3095,#3096);
#2698=AXIS2_PLACEMENT_3D('',#4039,#3097,#3098);
#2699=AXIS2_PLACEMENT_3D('',#4040,#3099,#3100);
#2700=AXIS2_PLACEMENT_3D('',#4041,#3101,#3102);
#2701=AXIS2_PLACEMENT_3D('',#4042,#3103,#3104);
#2702=AXIS2_PLACEMENT_3D('',#4049,#3105,#3106);
#2703=AXIS2_PLACEMENT_3D('',#4050,#3107,#3108);
#2704=AXIS2_PLACEMENT_3D('',#4093,#3109,#3110);
#2705=AXIS2_PLACEMENT_3D('',#4136,#3111,#3112);
#2706=AXIS2_PLACEMENT_3D('',#4143,#3113,#3114);
#2707=AXIS2_PLACEMENT_3D('',#4144,#3115,#3116);
#2708=AXIS2_PLACEMENT_3D('',#4145,#3117,#3118);
#2709=AXIS2_PLACEMENT_3D('',#4146,#3119,#3120);
#2710=AXIS2_PLACEMENT_3D('',#4153,#3121,#3122);
#2711=AXIS2_PLACEMENT_3D('',#4154,#3123,#3124);
#2712=AXIS2_PLACEMENT_3D('',#4197,#3125,#3126);
#2713=AXIS2_PLACEMENT_3D('',#4240,#3127,#3128);
#2714=AXIS2_PLACEMENT_3D('',#4247,#3129,#3130);
#2715=AXIS2_PLACEMENT_3D('',#4248,#3131,#3132);
#2716=AXIS2_PLACEMENT_3D('',#4249,#3133,#3134);
#2717=AXIS2_PLACEMENT_3D('',#4250,#3135,#3136);
#2718=AXIS2_PLACEMENT_3D('',#4257,#3137,#3138);
#2719=AXIS2_PLACEMENT_3D('',#4258,#3139,#3140);
#2720=AXIS2_PLACEMENT_3D('',#4301,#3141,#3142);
#2721=AXIS2_PLACEMENT_3D('',#4344,#3143,#3144);
#2722=AXIS2_PLACEMENT_3D('',#4351,#3145,#3146);
#2723=AXIS2_PLACEMENT_3D('',#4352,#3147,#3148);
#2724=AXIS2_PLACEMENT_3D('',#4353,#3149,#3150);
#2725=AXIS2_PLACEMENT_3D('',#4354,#3151,#3152);
#2726=AXIS2_PLACEMENT_3D('',#4361,#3153,#3154);
#2727=AXIS2_PLACEMENT_3D('',#4362,#3155,#3156);
#2728=AXIS2_PLACEMENT_3D('',#4405,#3157,#3158);
#2729=AXIS2_PLACEMENT_3D('',#4448,#3159,#3160);
#2730=AXIS2_PLACEMENT_3D('',#4455,#3161,#3162);
#2731=AXIS2_PLACEMENT_3D('',#4456,#3163,#3164);
#2732=AXIS2_PLACEMENT_3D('',#4457,#3165,#3166);
#2733=AXIS2_PLACEMENT_3D('',#4458,#3167,#3168);
#2734=AXIS2_PLACEMENT_3D('',#4465,#3169,#3170);
#2735=AXIS2_PLACEMENT_3D('',#4466,#3171,#3172);
#2736=AXIS2_PLACEMENT_3D('',#4509,#3173,#3174);
#2737=AXIS2_PLACEMENT_3D('',#4552,#3175,#3176);
#2738=AXIS2_PLACEMENT_3D('',#4559,#3177,#3178);
#2739=AXIS2_PLACEMENT_3D('',#4560,#3179,#3180);
#2740=AXIS2_PLACEMENT_3D('',#4561,#3181,#3182);
#2741=AXIS2_PLACEMENT_3D('',#4562,#3183,#3184);
#2742=AXIS2_PLACEMENT_3D('',#4569,#3185,#3186);
#2743=AXIS2_PLACEMENT_3D('',#4570,#3187,#3188);
#2744=AXIS2_PLACEMENT_3D('',#4613,#3189,#3190);
#2745=AXIS2_PLACEMENT_3D('',#4656,#3191,#3192);
#2746=AXIS2_PLACEMENT_3D('',#4663,#3193,#3194);
#2747=AXIS2_PLACEMENT_3D('',#4664,#3195,#3196);
#2748=AXIS2_PLACEMENT_3D('',#4665,#3197,#3198);
#2749=AXIS2_PLACEMENT_3D('',#4666,#3199,#3200);
#2750=AXIS2_PLACEMENT_3D('',#4673,#3201,#3202);
#2751=AXIS2_PLACEMENT_3D('',#4674,#3203,#3204);
#2752=AXIS2_PLACEMENT_3D('',#4717,#3205,#3206);
#2753=AXIS2_PLACEMENT_3D('',#4760,#3207,#3208);
#2754=AXIS2_PLACEMENT_3D('',#4767,#3209,#3210);
#2755=AXIS2_PLACEMENT_3D('',#4768,#3211,#3212);
#2756=AXIS2_PLACEMENT_3D('',#4769,#3213,#3214);
#2757=AXIS2_PLACEMENT_3D('',#4770,#3215,#3216);
#2758=AXIS2_PLACEMENT_3D('',#4777,#3217,#3218);
#2759=AXIS2_PLACEMENT_3D('',#4778,#3219,#3220);
#2760=AXIS2_PLACEMENT_3D('',#4821,#3221,#3222);
#2761=AXIS2_PLACEMENT_3D('',#4864,#3223,#3224);
#2762=AXIS2_PLACEMENT_3D('',#4865,#3225,#3226);
#2763=AXIS2_PLACEMENT_3D('',#4867,#3227,#3228);
#2764=AXIS2_PLACEMENT_3D('',#4869,#3229,#3230);
#2765=AXIS2_PLACEMENT_3D('',#4870,#3231,#3232);
#2766=AXIS2_PLACEMENT_3D('',#4872,#3233,#3234);
#2767=AXIS2_PLACEMENT_3D('',#4874,#3235,#3236);
#2768=AXIS2_PLACEMENT_3D('',#4880,#3237,#3238);
#2769=AXIS2_PLACEMENT_3D('',#4881,#3239,#3240);
#2770=AXIS2_PLACEMENT_3D('',#4882,#3241,#3242);
#2771=AXIS2_PLACEMENT_3D('',#4884,#3243,#3244);
#2772=AXIS2_PLACEMENT_3D('',#4886,#3245,#3246);
#2773=AXIS2_PLACEMENT_3D('',#4891,#3247,#3248);
#2774=AXIS2_PLACEMENT_3D('',#4897,#3249,#3250);
#2775=AXIS2_PLACEMENT_3D('',#4898,#3251,#3252);
#2776=AXIS2_PLACEMENT_3D('',#4899,#3253,#3254);
#2777=AXIS2_PLACEMENT_3D('',#4906,#3255,#3256);
#2778=AXIS2_PLACEMENT_3D('',#4907,#3257,#3258);
#2779=AXIS2_PLACEMENT_3D('',#4940,#3259,#3260);
#2780=AXIS2_PLACEMENT_3D('',#4945,#3261,#3262);
#2781=AXIS2_PLACEMENT_3D('',#4974,#3263,#3264);
#2782=AXIS2_PLACEMENT_3D('',#4975,#3265,#3266);
#2783=AXIS2_PLACEMENT_3D('',#4976,#3267,#3268);
#2784=AXIS2_PLACEMENT_3D('',#4977,#3269,#3270);
#2785=AXIS2_PLACEMENT_3D('',#4978,#3271,#3272);
#2786=AXIS2_PLACEMENT_3D('',#4979,#3273,#3274);
#2787=AXIS2_PLACEMENT_3D('',#4980,#3275,#3276);
#2788=AXIS2_PLACEMENT_3D('',#4981,#3277,#3278);
#2789=AXIS2_PLACEMENT_3D('',#4982,#3279,#3280);
#2790=AXIS2_PLACEMENT_3D('',#4983,#3281,#3282);
#2791=AXIS2_PLACEMENT_3D('',#4984,#3283,#3284);
#2792=AXIS2_PLACEMENT_3D('',#4985,#3285,#3286);
#2793=AXIS2_PLACEMENT_3D('',#4986,#3287,#3288);
#2794=AXIS2_PLACEMENT_3D('',#4987,#3289,#3290);
#2795=AXIS2_PLACEMENT_3D('',#4988,#3291,#3292);
#2796=AXIS2_PLACEMENT_3D('',#4989,#3293,#3294);
#2797=AXIS2_PLACEMENT_3D('',#4990,#3295,#3296);
#2798=AXIS2_PLACEMENT_3D('',#4991,#3297,#3298);
#2799=AXIS2_PLACEMENT_3D('',#4992,#3299,#3300);
#2800=AXIS2_PLACEMENT_3D('',#4993,#3301,#3302);
#2801=AXIS2_PLACEMENT_3D('',#4994,#3303,#3304);
#2802=AXIS2_PLACEMENT_3D('',#4995,#3305,#3306);
#2803=AXIS2_PLACEMENT_3D('',#4996,#3307,#3308);
#2804=AXIS2_PLACEMENT_3D('',#4997,#3309,#3310);
#2805=AXIS2_PLACEMENT_3D('',#4998,#3311,#3312);
#2806=AXIS2_PLACEMENT_3D('',#4999,#3313,#3314);
#2807=AXIS2_PLACEMENT_3D('',#5000,#3315,#3316);
#2808=AXIS2_PLACEMENT_3D('',#5001,#3317,#3318);
#2809=AXIS2_PLACEMENT_3D('',#5002,#3319,#3320);
#2810=AXIS2_PLACEMENT_3D('',#5003,#3321,#3322);
#2811=AXIS2_PLACEMENT_3D('',#5004,#3323,#3324);
#2812=AXIS2_PLACEMENT_3D('',#5005,#3325,#3326);
#2813=AXIS2_PLACEMENT_3D('',#5006,#3327,#3328);
#2814=AXIS2_PLACEMENT_3D('',#5007,#3329,#3330);
#2815=AXIS2_PLACEMENT_3D('',#5008,#3331,#3332);
#2816=AXIS2_PLACEMENT_3D('',#5009,#3333,#3334);
#2817=AXIS2_PLACEMENT_3D('',#5010,#3335,#3336);
#2818=AXIS2_PLACEMENT_3D('',#5011,#3337,#3338);
#2819=AXIS2_PLACEMENT_3D('',#5012,#3339,#3340);
#2820=AXIS2_PLACEMENT_3D('',#5013,#3341,#3342);
#2821=AXIS2_PLACEMENT_3D('',#5014,#3343,#3344);
#2822=AXIS2_PLACEMENT_3D('',#5015,#3345,#3346);
#2823=AXIS2_PLACEMENT_3D('',#5016,#3347,#3348);
#2824=AXIS2_PLACEMENT_3D('',#5017,#3349,#3350);
#2825=AXIS2_PLACEMENT_3D('',#5018,#3351,#3352);
#2826=AXIS2_PLACEMENT_3D('',#5019,#3353,#3354);
#2827=AXIS2_PLACEMENT_3D('',#5020,#3355,#3356);
#2828=AXIS2_PLACEMENT_3D('',#5021,#3357,#3358);
#2829=AXIS2_PLACEMENT_3D('',#5022,#3359,#3360);
#2830=AXIS2_PLACEMENT_3D('',#5023,#3361,#3362);
#2831=AXIS2_PLACEMENT_3D('',#5024,#3363,#3364);
#2832=AXIS2_PLACEMENT_3D('',#5025,#3365,#3366);
#2833=AXIS2_PLACEMENT_3D('',#5026,#3367,#3368);
#2834=AXIS2_PLACEMENT_3D('',#5027,#3369,#3370);
#2835=AXIS2_PLACEMENT_3D('',#5028,#3371,#3372);
#2836=AXIS2_PLACEMENT_3D('',#5029,#3373,#3374);
#2837=AXIS2_PLACEMENT_3D('',#5030,#3375,#3376);
#2838=AXIS2_PLACEMENT_3D('',#5031,#3377,#3378);
#2839=AXIS2_PLACEMENT_3D('',#5032,#3379,#3380);
#2840=AXIS2_PLACEMENT_3D('',#5033,#3381,#3382);
#2841=AXIS2_PLACEMENT_3D('',#5034,#3383,#3384);
#2842=AXIS2_PLACEMENT_3D('',#5035,#3385,#3386);
#2843=AXIS2_PLACEMENT_3D('',#5036,#3387,#3388);
#2844=AXIS2_PLACEMENT_3D('',#5037,#3389,#3390);
#2845=AXIS2_PLACEMENT_3D('',#5038,#3391,#3392);
#2846=AXIS2_PLACEMENT_3D('',#5039,#3393,#3394);
#2847=AXIS2_PLACEMENT_3D('',#5040,#3395,#3396);
#2848=AXIS2_PLACEMENT_3D('',#5041,#3397,#3398);
#2849=AXIS2_PLACEMENT_3D('',#5042,#3399,#3400);
#2850=AXIS2_PLACEMENT_3D('',#5043,#3401,#3402);
#2851=AXIS2_PLACEMENT_3D('',#5044,#3403,#3404);
#2852=AXIS2_PLACEMENT_3D('',#5045,#3405,#3406);
#2853=AXIS2_PLACEMENT_3D('',#5046,#3407,#3408);
#2854=AXIS2_PLACEMENT_3D('',#5047,#3409,#3410);
#2855=AXIS2_PLACEMENT_3D('',#5048,#3411,#3412);
#2856=AXIS2_PLACEMENT_3D('',#5049,#3413,#3414);
#2857=AXIS2_PLACEMENT_3D('',#5050,#3415,#3416);
#2858=AXIS2_PLACEMENT_3D('',#5051,#3417,#3418);
#2859=AXIS2_PLACEMENT_3D('',#5052,#3419,#3420);
#2860=AXIS2_PLACEMENT_3D('',#5053,#3421,#3422);
#2861=AXIS2_PLACEMENT_3D('',#5054,#3423,#3424);
#2862=AXIS2_PLACEMENT_3D('',#5055,#3425,#3426);
#2863=AXIS2_PLACEMENT_3D('',#5056,#3427,#3428);
#2864=AXIS2_PLACEMENT_3D('',#5057,#3429,#3430);
#2865=AXIS2_PLACEMENT_3D('',#5058,#3431,#3432);
#2866=AXIS2_PLACEMENT_3D('',#5059,#3433,#3434);
#2867=AXIS2_PLACEMENT_3D('',#5060,#3435,#3436);
#2868=AXIS2_PLACEMENT_3D('',#5061,#3437,#3438);
#2869=AXIS2_PLACEMENT_3D('',#5062,#3439,#3440);
#2870=AXIS2_PLACEMENT_3D('',#5063,#3441,#3442);
#2871=AXIS2_PLACEMENT_3D('',#5064,#3443,#3444);
#2872=AXIS2_PLACEMENT_3D('',#5065,#3445,#3446);
#2873=AXIS2_PLACEMENT_3D('',#5066,#3447,#3448);
#2874=AXIS2_PLACEMENT_3D('',#5067,#3449,#3450);
#2875=AXIS2_PLACEMENT_3D('',#5068,#3451,#3452);
#2876=AXIS2_PLACEMENT_3D('',#5069,#3453,#3454);
#2877=AXIS2_PLACEMENT_3D('',#5070,#3455,#3456);
#2878=AXIS2_PLACEMENT_3D('',#5071,#3457,#3458);
#2879=AXIS2_PLACEMENT_3D('',#5072,#3459,#3460);
#2880=AXIS2_PLACEMENT_3D('',#5073,#3461,#3462);
#2881=AXIS2_PLACEMENT_3D('',#5074,#3463,#3464);
#2882=AXIS2_PLACEMENT_3D('',#5075,#3465,#3466);
#2883=AXIS2_PLACEMENT_3D('',#5076,#3467,#3468);
#2884=AXIS2_PLACEMENT_3D('',#5077,#3469,#3470);
#2885=AXIS2_PLACEMENT_3D('',#5078,#3471,#3472);
#2886=AXIS2_PLACEMENT_3D('',#5079,#3473,#3474);
#2887=AXIS2_PLACEMENT_3D('',#5080,#3475,#3476);
#2888=AXIS2_PLACEMENT_3D('',#5081,#3477,#3478);
#2889=AXIS2_PLACEMENT_3D('',#5082,#3479,#3480);
#2890=AXIS2_PLACEMENT_3D('',#5083,#3481,#3482);
#2891=AXIS2_PLACEMENT_3D('',#5084,#3483,#3484);
#2892=AXIS2_PLACEMENT_3D('',#5085,#3485,#3486);
#2893=AXIS2_PLACEMENT_3D('',#5086,#3487,#3488);
#2894=AXIS2_PLACEMENT_3D('',#5087,#3489,#3490);
#2895=AXIS2_PLACEMENT_3D('',#5088,#3491,#3492);
#2896=AXIS2_PLACEMENT_3D('',#5089,#3493,#3494);
#2897=AXIS2_PLACEMENT_3D('',#5090,#3495,#3496);
#2898=AXIS2_PLACEMENT_3D('',#5091,#3497,#3498);
#2899=AXIS2_PLACEMENT_3D('',#5092,#3499,#3500);
#2900=AXIS2_PLACEMENT_3D('',#5093,#3501,#3502);
#2901=AXIS2_PLACEMENT_3D('',#5094,#3503,#3504);
#2902=AXIS2_PLACEMENT_3D('',#5095,#3505,#3506);
#2903=AXIS2_PLACEMENT_3D('',#5096,#3507,#3508);
#2904=AXIS2_PLACEMENT_3D('',#5097,#3509,#3510);
#2905=AXIS2_PLACEMENT_3D('',#5098,#3511,#3512);
#2906=AXIS2_PLACEMENT_3D('',#5100,#3513,#3514);
#2907=AXIS2_PLACEMENT_3D('',#5101,#3515,#3516);
#2908=AXIS2_PLACEMENT_3D('',#5102,#3517,#3518);
#2909=AXIS2_PLACEMENT_3D('',#5103,#3519,#3520);
#2910=AXIS2_PLACEMENT_3D('',#5104,#3521,#3522);
#2911=AXIS2_PLACEMENT_3D('',#5105,#3523,#3524);
#2912=AXIS2_PLACEMENT_3D('',#5106,#3525,#3526);
#2913=AXIS2_PLACEMENT_3D('',#5107,#3527,#3528);
#2914=AXIS2_PLACEMENT_3D('',#5108,#3529,#3530);
#2915=AXIS2_PLACEMENT_3D('',#5109,#3531,#3532);
#2916=AXIS2_PLACEMENT_3D('',#5110,#3533,#3534);
#2917=AXIS2_PLACEMENT_3D('',#5111,#3535,#3536);
#2918=AXIS2_PLACEMENT_3D('',#5112,#3537,#3538);
#2919=AXIS2_PLACEMENT_3D('',#5113,#3539,#3540);
#2920=AXIS2_PLACEMENT_3D('',#5114,#3541,#3542);
#2921=AXIS2_PLACEMENT_3D('',#5115,#3543,#3544);
#2922=AXIS2_PLACEMENT_3D('',#5116,#3545,#3546);
#2923=AXIS2_PLACEMENT_3D('',#5117,#3547,#3548);
#2924=AXIS2_PLACEMENT_3D('',#5118,#3549,#3550);
#2925=AXIS2_PLACEMENT_3D('',#5119,#3551,#3552);
#2926=AXIS2_PLACEMENT_3D('',#5120,#3553,#3554);
#2927=AXIS2_PLACEMENT_3D('',#5121,#3555,#3556);
#2928=AXIS2_PLACEMENT_3D('',#5122,#3557,#3558);
#2929=AXIS2_PLACEMENT_3D('',#5123,#3559,#3560);
#2930=AXIS2_PLACEMENT_3D('',#5124,#3561,#3562);
#2931=AXIS2_PLACEMENT_3D('',#5125,#3563,#3564);
#2932=AXIS2_PLACEMENT_3D('',#5126,#3565,#3566);
#2933=AXIS2_PLACEMENT_3D('',#5127,#3567,#3568);
#2934=AXIS2_PLACEMENT_3D('',#5128,#3569,#3570);
#2935=AXIS2_PLACEMENT_3D('',#5129,#3571,#3572);
#2936=AXIS2_PLACEMENT_3D('',#5130,#3573,#3574);
#2937=AXIS2_PLACEMENT_3D('',#5131,#3575,#3576);
#2938=AXIS2_PLACEMENT_3D('',#5132,#3577,#3578);
#2939=AXIS2_PLACEMENT_3D('',#5133,#3579,#3580);
#2940=AXIS2_PLACEMENT_3D('',#5134,#3581,#3582);
#2941=AXIS2_PLACEMENT_3D('',#5135,#3583,#3584);
#2942=AXIS2_PLACEMENT_3D('',#5136,#3585,#3586);
#2943=AXIS2_PLACEMENT_3D('',#5137,#3587,#3588);
#2944=AXIS2_PLACEMENT_3D('',#5138,#3589,#3590);
#2945=AXIS2_PLACEMENT_3D('',#5139,#3591,#3592);
#2946=AXIS2_PLACEMENT_3D('',#5140,#3593,#3594);
#2947=AXIS2_PLACEMENT_3D('',#5141,#3595,#3596);
#2948=AXIS2_PLACEMENT_3D('',#5143,#3597,#3598);
#2949=AXIS2_PLACEMENT_3D('',#5144,#3599,#3600);
#2950=AXIS2_PLACEMENT_3D('',#5146,#3601,#3602);
#2951=AXIS2_PLACEMENT_3D('',#5148,#3603,#3604);
#2952=AXIS2_PLACEMENT_3D('',#5149,#3605,#3606);
#2953=AXIS2_PLACEMENT_3D('',#5150,#3607,#3608);
#2954=AXIS2_PLACEMENT_3D('',#5152,#3609,#3610);
#2955=AXIS2_PLACEMENT_3D('',#5153,#3611,#3612);
#2956=AXIS2_PLACEMENT_3D('',#5155,#3613,#3614);
#2957=DIRECTION('',(0.,0.,1.));
#2958=DIRECTION('',(1.,0.,0.));
#2959=DIRECTION('',(-1.,0.,0.));
#2960=DIRECTION('',(0.,0.,1.));
#2961=DIRECTION('',(-1.,0.,0.));
#2962=DIRECTION('',(0.,0.,1.));
#2963=DIRECTION('',(-1.,0.,0.));
#2964=DIRECTION('',(0.,0.,1.));
#2965=DIRECTION('',(-1.,0.,0.));
#2966=DIRECTION('',(0.,0.,1.));
#2967=DIRECTION('',(-1.,0.,0.));
#2968=DIRECTION('',(0.,0.,1.));
#2969=DIRECTION('',(-1.,0.,0.));
#2970=DIRECTION('',(0.,0.,1.));
#2971=DIRECTION('',(-1.,0.,0.));
#2972=DIRECTION('',(0.,0.,1.));
#2973=DIRECTION('',(-1.,0.,0.));
#2974=DIRECTION('',(0.,0.,1.));
#2975=DIRECTION('',(-1.,0.,0.));
#2976=DIRECTION('',(0.,0.,1.));
#2977=DIRECTION('',(-1.,0.,0.));
#2978=DIRECTION('',(0.,0.,1.));
#2979=DIRECTION('',(-1.,0.,0.));
#2980=DIRECTION('',(0.,0.,1.));
#2981=DIRECTION('',(-1.,0.,0.));
#2982=DIRECTION('',(0.,0.,1.));
#2983=DIRECTION('',(-1.,0.,0.));
#2984=DIRECTION('',(0.,0.,1.));
#2985=DIRECTION('',(-1.,0.,0.));
#2986=DIRECTION('',(0.,0.,1.));
#2987=DIRECTION('',(-1.,0.,0.));
#2988=DIRECTION('',(0.,0.,1.));
#2989=DIRECTION('',(-1.,0.,0.));
#2990=DIRECTION('',(0.,0.,1.));
#2991=DIRECTION('',(-1.,0.,0.));
#2992=DIRECTION('',(0.,0.,1.));
#2993=DIRECTION('',(-1.,0.,0.));
#2994=DIRECTION('',(0.,0.,1.));
#2995=DIRECTION('',(-1.,0.,0.));
#2996=DIRECTION('',(0.,0.,1.));
#2997=DIRECTION('',(-1.,0.,0.));
#2998=DIRECTION('',(0.,0.,1.));
#2999=DIRECTION('',(-1.,0.,0.));
#3000=DIRECTION('',(0.,0.,1.));
#3001=DIRECTION('',(-1.,0.,0.));
#3002=DIRECTION('',(0.,0.,1.));
#3003=DIRECTION('',(-1.,0.,0.));
#3004=DIRECTION('',(0.,0.,1.));
#3005=DIRECTION('',(-1.,0.,0.));
#3006=DIRECTION('',(0.,0.,1.));
#3007=DIRECTION('',(-1.,0.,0.));
#3008=DIRECTION('',(0.,0.,1.));
#3009=DIRECTION('',(-1.,0.,0.));
#3010=DIRECTION('',(0.,0.,1.));
#3011=DIRECTION('',(-1.,0.,0.));
#3012=DIRECTION('',(0.,0.,1.));
#3013=DIRECTION('',(-1.,0.,0.));
#3014=DIRECTION('',(0.,0.,1.));
#3015=DIRECTION('',(-1.,0.,0.));
#3016=DIRECTION('',(0.,0.,1.));
#3017=DIRECTION('',(-1.,0.,0.));
#3018=DIRECTION('',(0.,0.,1.));
#3019=DIRECTION('',(-1.,0.,0.));
#3020=DIRECTION('',(0.,0.,1.));
#3021=DIRECTION('',(-1.,0.,0.));
#3022=DIRECTION('',(0.,0.,1.));
#3023=DIRECTION('',(-1.,0.,0.));
#3024=DIRECTION('',(0.,0.,1.));
#3025=DIRECTION('',(-1.,0.,0.));
#3026=DIRECTION('',(0.,0.,1.));
#3027=DIRECTION('',(-1.,0.,0.));
#3028=DIRECTION('',(0.,0.,1.));
#3029=DIRECTION('',(-1.,0.,0.));
#3030=DIRECTION('',(0.,0.,1.));
#3031=DIRECTION('',(-1.,0.,0.));
#3032=DIRECTION('',(0.,0.,1.));
#3033=DIRECTION('',(-1.,0.,0.));
#3034=DIRECTION('',(0.,0.,1.));
#3035=DIRECTION('',(-1.,0.,0.));
#3036=DIRECTION('',(0.,0.,1.));
#3037=DIRECTION('',(-1.,0.,0.));
#3038=DIRECTION('',(0.,0.,1.));
#3039=DIRECTION('',(-1.,0.,0.));
#3040=DIRECTION('',(0.,0.,1.));
#3041=DIRECTION('',(-1.,0.,0.));
#3042=DIRECTION('',(0.,0.,1.));
#3043=DIRECTION('',(-1.,0.,0.));
#3044=DIRECTION('',(0.,0.,1.));
#3045=DIRECTION('',(-1.,0.,0.));
#3046=DIRECTION('',(0.,0.,1.));
#3047=DIRECTION('',(-1.,0.,0.));
#3048=DIRECTION('',(0.,0.,1.));
#3049=DIRECTION('',(-1.,0.,0.));
#3050=DIRECTION('',(0.,0.,1.));
#3051=DIRECTION('',(-1.,0.,0.));
#3052=DIRECTION('',(0.,0.,1.));
#3053=DIRECTION('',(-1.,0.,0.));
#3054=DIRECTION('',(0.,0.,1.));
#3055=DIRECTION('',(-1.,0.,0.));
#3056=DIRECTION('',(0.,0.,1.));
#3057=DIRECTION('',(-1.,0.,0.));
#3058=DIRECTION('',(0.,0.,1.));
#3059=DIRECTION('',(-1.,0.,0.));
#3060=DIRECTION('',(0.,0.,1.));
#3061=DIRECTION('',(-1.,0.,0.));
#3062=DIRECTION('',(0.,0.,1.));
#3063=DIRECTION('',(-1.,0.,0.));
#3064=DIRECTION('',(0.,0.,1.));
#3065=DIRECTION('',(-1.,0.,0.));
#3066=DIRECTION('',(0.,0.,1.));
#3067=DIRECTION('',(-1.,0.,0.));
#3068=DIRECTION('',(0.,0.,1.));
#3069=DIRECTION('',(-1.,0.,0.));
#3070=DIRECTION('',(0.,0.,1.));
#3071=DIRECTION('',(-1.,0.,0.));
#3072=DIRECTION('',(0.,0.,1.));
#3073=DIRECTION('',(-1.,0.,0.));
#3074=DIRECTION('',(0.,0.,1.));
#3075=DIRECTION('',(-1.,0.,0.));
#3076=DIRECTION('',(0.,0.,1.));
#3077=DIRECTION('',(-1.,0.,0.));
#3078=DIRECTION('',(0.,0.,1.));
#3079=DIRECTION('',(-1.,0.,0.));
#3080=DIRECTION('',(0.,0.,1.));
#3081=DIRECTION('',(-1.,0.,0.));
#3082=DIRECTION('',(0.,0.,1.));
#3083=DIRECTION('',(-1.,0.,0.));
#3084=DIRECTION('',(0.,0.,1.));
#3085=DIRECTION('',(-1.,0.,0.));
#3086=DIRECTION('',(0.,0.,1.));
#3087=DIRECTION('',(-1.,0.,0.));
#3088=DIRECTION('',(0.,0.,1.));
#3089=DIRECTION('',(-1.,0.,0.));
#3090=DIRECTION('',(0.,0.,1.));
#3091=DIRECTION('',(0.,0.587785252292473,-0.809016994374947));
#3092=DIRECTION('',(-1.,0.,0.));
#3093=DIRECTION('',(0.,0.587785252292473,-0.809016994374947));
#3094=DIRECTION('',(1.,0.,0.));
#3095=DIRECTION('',(-1.,0.,0.));
#3096=DIRECTION('',(0.,0.,1.));
#3097=DIRECTION('',(-1.,0.,0.));
#3098=DIRECTION('',(0.,0.,1.));
#3099=DIRECTION('',(-1.,0.,0.));
#3100=DIRECTION('',(0.,0.,1.));
#3101=DIRECTION('',(-1.,0.,0.));
#3102=DIRECTION('',(0.,0.,1.));
#3103=DIRECTION('',(-1.,0.,0.));
#3104=DIRECTION('',(0.,0.,1.));
#3105=DIRECTION('',(-1.,0.,0.));
#3106=DIRECTION('',(0.,0.,1.));
#3107=DIRECTION('',(0.,0.951056516295154,-0.309016994374947));
#3108=DIRECTION('',(-1.,0.,0.));
#3109=DIRECTION('',(0.,0.951056516295154,-0.309016994374947));
#3110=DIRECTION('',(1.,0.,0.));
#3111=DIRECTION('',(-1.,0.,0.));
#3112=DIRECTION('',(0.,0.,1.));
#3113=DIRECTION('',(-1.,0.,0.));
#3114=DIRECTION('',(0.,0.,1.));
#3115=DIRECTION('',(-1.,0.,0.));
#3116=DIRECTION('',(0.,0.,1.));
#3117=DIRECTION('',(-1.,0.,0.));
#3118=DIRECTION('',(0.,0.,1.));
#3119=DIRECTION('',(-1.,0.,0.));
#3120=DIRECTION('',(0.,0.,1.));
#3121=DIRECTION('',(-1.,0.,0.));
#3122=DIRECTION('',(0.,0.,1.));
#3123=DIRECTION('',(0.,0.951056516295154,0.309016994374948));
#3124=DIRECTION('',(-1.,0.,0.));
#3125=DIRECTION('',(0.,0.951056516295154,0.309016994374948));
#3126=DIRECTION('',(1.,0.,0.));
#3127=DIRECTION('',(-1.,0.,0.));
#3128=DIRECTION('',(0.,0.,1.));
#3129=DIRECTION('',(-1.,0.,0.));
#3130=DIRECTION('',(0.,0.,1.));
#3131=DIRECTION('',(-1.,0.,0.));
#3132=DIRECTION('',(0.,0.,1.));
#3133=DIRECTION('',(-1.,0.,0.));
#3134=DIRECTION('',(0.,0.,1.));
#3135=DIRECTION('',(-1.,0.,0.));
#3136=DIRECTION('',(0.,0.,1.));
#3137=DIRECTION('',(-1.,0.,0.));
#3138=DIRECTION('',(0.,0.,1.));
#3139=DIRECTION('',(0.,0.587785252292473,0.809016994374947));
#3140=DIRECTION('',(-1.,0.,0.));
#3141=DIRECTION('',(0.,0.587785252292473,0.809016994374947));
#3142=DIRECTION('',(1.,0.,0.));
#3143=DIRECTION('',(-1.,0.,0.));
#3144=DIRECTION('',(0.,0.,1.));
#3145=DIRECTION('',(-1.,0.,0.));
#3146=DIRECTION('',(0.,0.,1.));
#3147=DIRECTION('',(-1.,0.,0.));
#3148=DIRECTION('',(0.,0.,1.));
#3149=DIRECTION('',(-1.,0.,0.));
#3150=DIRECTION('',(0.,0.,1.));
#3151=DIRECTION('',(-1.,0.,0.));
#3152=DIRECTION('',(0.,0.,1.));
#3153=DIRECTION('',(-1.,0.,0.));
#3154=DIRECTION('',(0.,0.,1.));
#3155=DIRECTION('',(0.,1.22464679914735E-16,1.));
#3156=DIRECTION('',(-1.,0.,0.));
#3157=DIRECTION('',(0.,1.22464679914735E-16,1.));
#3158=DIRECTION('',(1.,0.,0.));
#3159=DIRECTION('',(-1.,0.,0.));
#3160=DIRECTION('',(0.,0.,1.));
#3161=DIRECTION('',(-1.,0.,0.));
#3162=DIRECTION('',(0.,0.,1.));
#3163=DIRECTION('',(-1.,0.,0.));
#3164=DIRECTION('',(0.,0.,1.));
#3165=DIRECTION('',(-1.,0.,0.));
#3166=DIRECTION('',(0.,0.,1.));
#3167=DIRECTION('',(-1.,0.,0.));
#3168=DIRECTION('',(0.,0.,1.));
#3169=DIRECTION('',(-1.,0.,0.));
#3170=DIRECTION('',(0.,0.,1.));
#3171=DIRECTION('',(0.,-0.587785252292473,0.809016994374947));
#3172=DIRECTION('',(-1.,0.,0.));
#3173=DIRECTION('',(0.,-0.587785252292473,0.809016994374947));
#3174=DIRECTION('',(1.,0.,0.));
#3175=DIRECTION('',(-1.,0.,0.));
#3176=DIRECTION('',(0.,0.,1.));
#3177=DIRECTION('',(-1.,0.,0.));
#3178=DIRECTION('',(0.,0.,1.));
#3179=DIRECTION('',(-1.,0.,0.));
#3180=DIRECTION('',(0.,0.,1.));
#3181=DIRECTION('',(-1.,0.,0.));
#3182=DIRECTION('',(0.,0.,1.));
#3183=DIRECTION('',(-1.,0.,0.));
#3184=DIRECTION('',(0.,0.,1.));
#3185=DIRECTION('',(-1.,0.,0.));
#3186=DIRECTION('',(0.,0.,1.));
#3187=DIRECTION('',(0.,-0.951056516295154,0.309016994374948));
#3188=DIRECTION('',(-1.,0.,0.));
#3189=DIRECTION('',(0.,-0.951056516295154,0.309016994374948));
#3190=DIRECTION('',(1.,0.,0.));
#3191=DIRECTION('',(-1.,0.,0.));
#3192=DIRECTION('',(0.,0.,1.));
#3193=DIRECTION('',(-1.,0.,0.));
#3194=DIRECTION('',(0.,0.,1.));
#3195=DIRECTION('',(-1.,0.,0.));
#3196=DIRECTION('',(0.,0.,1.));
#3197=DIRECTION('',(-1.,0.,0.));
#3198=DIRECTION('',(0.,0.,1.));
#3199=DIRECTION('',(-1.,0.,0.));
#3200=DIRECTION('',(0.,0.,1.));
#3201=DIRECTION('',(-1.,0.,0.));
#3202=DIRECTION('',(0.,0.,1.));
#3203=DIRECTION('',(0.,-0.951056516295154,-0.309016994374947));
#3204=DIRECTION('',(-1.,0.,0.));
#3205=DIRECTION('',(0.,-0.951056516295154,-0.309016994374947));
#3206=DIRECTION('',(1.,0.,0.));
#3207=DIRECTION('',(-1.,0.,0.));
#3208=DIRECTION('',(0.,0.,1.));
#3209=DIRECTION('',(-1.,0.,0.));
#3210=DIRECTION('',(0.,0.,1.));
#3211=DIRECTION('',(-1.,0.,0.));
#3212=DIRECTION('',(0.,0.,1.));
#3213=DIRECTION('',(-1.,0.,0.));
#3214=DIRECTION('',(0.,0.,1.));
#3215=DIRECTION('',(-1.,0.,0.));
#3216=DIRECTION('',(0.,0.,1.));
#3217=DIRECTION('',(-1.,0.,0.));
#3218=DIRECTION('',(0.,0.,1.));
#3219=DIRECTION('',(0.,-0.587785252292473,-0.809016994374947));
#3220=DIRECTION('',(-1.,0.,0.));
#3221=DIRECTION('',(0.,-0.587785252292473,-0.809016994374947));
#3222=DIRECTION('',(1.,0.,0.));
#3223=DIRECTION('',(1.,0.,0.));
#3224=DIRECTION('',(0.,0.,-1.));
#3225=DIRECTION('',(1.,0.,0.));
#3226=DIRECTION('',(0.,0.,-1.));
#3227=DIRECTION('',(-1.,0.,0.));
#3228=DIRECTION('',(0.,0.,1.));
#3229=DIRECTION('',(-1.,0.,0.));
#3230=DIRECTION('',(0.,0.,1.));
#3231=DIRECTION('',(1.,0.,0.));
#3232=DIRECTION('',(0.,0.,-1.));
#3233=DIRECTION('',(-1.,0.,0.));
#3234=DIRECTION('',(0.,0.,1.));
#3235=DIRECTION('',(-1.,0.,0.));
#3236=DIRECTION('',(0.,0.,1.));
#3237=DIRECTION('',(-1.,0.,0.));
#3238=DIRECTION('',(0.,0.,1.));
#3239=DIRECTION('',(-1.,0.,0.));
#3240=DIRECTION('',(0.,0.,1.));
#3241=DIRECTION('',(-1.,0.,0.));
#3242=DIRECTION('',(0.,0.,1.));
#3243=DIRECTION('',(-1.,0.,0.));
#3244=DIRECTION('',(0.,0.,1.));
#3245=DIRECTION('',(-1.,0.,0.));
#3246=DIRECTION('',(0.,0.,1.));
#3247=DIRECTION('',(-1.,0.,0.));
#3248=DIRECTION('',(0.,0.,1.));
#3249=DIRECTION('',(-1.,0.,0.));
#3250=DIRECTION('',(0.,0.,1.));
#3251=DIRECTION('',(-1.,0.,0.));
#3252=DIRECTION('',(0.,0.,1.));
#3253=DIRECTION('',(-1.,0.,0.));
#3254=DIRECTION('',(0.,0.,1.));
#3255=DIRECTION('',(-1.,0.,0.));
#3256=DIRECTION('',(0.,0.,1.));
#3257=DIRECTION('',(0.,0.,-1.));
#3258=DIRECTION('',(-1.,0.,0.));
#3259=DIRECTION('',(-1.,0.,0.));
#3260=DIRECTION('',(0.,0.,1.));
#3261=DIRECTION('',(0.,0.,-1.));
#3262=DIRECTION('',(1.,0.,0.));
#3263=DIRECTION('',(-1.,0.,0.));
#3264=DIRECTION('',(0.,0.,1.));
#3265=DIRECTION('',(1.,0.,0.));
#3266=DIRECTION('',(0.,0.,-1.));
#3267=DIRECTION('',(-1.,0.,0.));
#3268=DIRECTION('',(0.,0.,1.));
#3269=DIRECTION('',(-1.,0.,0.));
#3270=DIRECTION('',(0.,0.,1.));
#3271=DIRECTION('',(-1.,0.,0.));
#3272=DIRECTION('',(0.,0.,1.));
#3273=DIRECTION('',(-1.,0.,0.));
#3274=DIRECTION('',(0.,0.,1.));
#3275=DIRECTION('',(-1.,0.,0.));
#3276=DIRECTION('',(0.,0.,1.));
#3277=DIRECTION('',(-1.,0.,0.));
#3278=DIRECTION('',(0.,0.,1.));
#3279=DIRECTION('',(-1.,0.,0.));
#3280=DIRECTION('',(0.,0.,1.));
#3281=DIRECTION('',(-1.,0.,0.));
#3282=DIRECTION('',(0.,0.,1.));
#3283=DIRECTION('',(-1.,0.,0.));
#3284=DIRECTION('',(0.,0.,1.));
#3285=DIRECTION('',(-1.,0.,0.));
#3286=DIRECTION('',(0.,0.,1.));
#3287=DIRECTION('',(-1.,0.,0.));
#3288=DIRECTION('',(0.,0.,1.));
#3289=DIRECTION('',(-1.,0.,0.));
#3290=DIRECTION('',(0.,0.,1.));
#3291=DIRECTION('',(-1.,0.,0.));
#3292=DIRECTION('',(0.,0.,1.));
#3293=DIRECTION('',(-1.,0.,0.));
#3294=DIRECTION('',(0.,0.,1.));
#3295=DIRECTION('',(-1.,0.,0.));
#3296=DIRECTION('',(0.,0.,1.));
#3297=DIRECTION('',(-1.,0.,0.));
#3298=DIRECTION('',(0.,0.,1.));
#3299=DIRECTION('',(-1.,0.,0.));
#3300=DIRECTION('',(0.,0.,1.));
#3301=DIRECTION('',(-1.,0.,0.));
#3302=DIRECTION('',(0.,0.,1.));
#3303=DIRECTION('',(-1.,0.,0.));
#3304=DIRECTION('',(0.,0.,1.));
#3305=DIRECTION('',(-1.,0.,0.));
#3306=DIRECTION('',(0.,0.,1.));
#3307=DIRECTION('',(-1.,0.,0.));
#3308=DIRECTION('',(0.,0.,1.));
#3309=DIRECTION('',(-1.,0.,0.));
#3310=DIRECTION('',(0.,0.,1.));
#3311=DIRECTION('',(-1.,0.,0.));
#3312=DIRECTION('',(0.,0.,1.));
#3313=DIRECTION('',(-1.,0.,0.));
#3314=DIRECTION('',(0.,0.,1.));
#3315=DIRECTION('',(-1.,0.,0.));
#3316=DIRECTION('',(0.,0.,1.));
#3317=DIRECTION('',(-1.,0.,0.));
#3318=DIRECTION('',(0.,0.,1.));
#3319=DIRECTION('',(-1.,0.,0.));
#3320=DIRECTION('',(0.,0.,1.));
#3321=DIRECTION('',(-1.,0.,0.));
#3322=DIRECTION('',(0.,0.,1.));
#3323=DIRECTION('',(-1.,0.,0.));
#3324=DIRECTION('',(0.,0.,1.));
#3325=DIRECTION('',(-1.,0.,0.));
#3326=DIRECTION('',(0.,0.,1.));
#3327=DIRECTION('',(-1.,0.,0.));
#3328=DIRECTION('',(0.,0.,1.));
#3329=DIRECTION('',(-1.,0.,0.));
#3330=DIRECTION('',(0.,0.,1.));
#3331=DIRECTION('',(-1.,0.,0.));
#3332=DIRECTION('',(0.,0.,1.));
#3333=DIRECTION('',(-1.,0.,0.));
#3334=DIRECTION('',(0.,0.,1.));
#3335=DIRECTION('',(-1.,0.,0.));
#3336=DIRECTION('',(0.,0.,1.));
#3337=DIRECTION('',(-1.,0.,0.));
#3338=DIRECTION('',(0.,0.,1.));
#3339=DIRECTION('',(-1.,0.,0.));
#3340=DIRECTION('',(0.,0.,1.));
#3341=DIRECTION('',(-1.,0.,0.));
#3342=DIRECTION('',(0.,0.,1.));
#3343=DIRECTION('',(-1.,0.,0.));
#3344=DIRECTION('',(0.,0.,1.));
#3345=DIRECTION('',(-1.,0.,0.));
#3346=DIRECTION('',(0.,0.,1.));
#3347=DIRECTION('',(-1.,0.,0.));
#3348=DIRECTION('',(0.,0.,1.));
#3349=DIRECTION('',(-1.,0.,0.));
#3350=DIRECTION('',(0.,0.,1.));
#3351=DIRECTION('',(-1.,0.,0.));
#3352=DIRECTION('',(0.,0.,1.));
#3353=DIRECTION('',(-1.,0.,0.));
#3354=DIRECTION('',(0.,0.,1.));
#3355=DIRECTION('',(-1.,0.,0.));
#3356=DIRECTION('',(0.,0.,1.));
#3357=DIRECTION('',(-1.,0.,0.));
#3358=DIRECTION('',(0.,0.,1.));
#3359=DIRECTION('',(-1.,0.,0.));
#3360=DIRECTION('',(0.,0.,1.));
#3361=DIRECTION('',(-1.,0.,0.));
#3362=DIRECTION('',(0.,0.,1.));
#3363=DIRECTION('',(-1.,0.,0.));
#3364=DIRECTION('',(0.,0.,1.));
#3365=DIRECTION('',(-1.,0.,0.));
#3366=DIRECTION('',(0.,0.,1.));
#3367=DIRECTION('',(-1.,0.,0.));
#3368=DIRECTION('',(0.,0.,1.));
#3369=DIRECTION('',(-1.,0.,0.));
#3370=DIRECTION('',(0.,0.,1.));
#3371=DIRECTION('',(-1.,0.,0.));
#3372=DIRECTION('',(0.,0.,1.));
#3373=DIRECTION('',(-1.,0.,0.));
#3374=DIRECTION('',(0.,0.,1.));
#3375=DIRECTION('',(-1.,0.,0.));
#3376=DIRECTION('',(0.,0.,1.));
#3377=DIRECTION('',(-1.,0.,0.));
#3378=DIRECTION('',(0.,0.,1.));
#3379=DIRECTION('',(-1.,0.,0.));
#3380=DIRECTION('',(0.,0.,1.));
#3381=DIRECTION('',(-1.,0.,0.));
#3382=DIRECTION('',(0.,0.,1.));
#3383=DIRECTION('',(-1.,0.,0.));
#3384=DIRECTION('',(0.,0.,1.));
#3385=DIRECTION('',(-1.,0.,0.));
#3386=DIRECTION('',(0.,0.,1.));
#3387=DIRECTION('',(-1.,0.,0.));
#3388=DIRECTION('',(0.,0.,1.));
#3389=DIRECTION('',(-1.,0.,0.));
#3390=DIRECTION('',(0.,0.,1.));
#3391=DIRECTION('',(-1.,0.,0.));
#3392=DIRECTION('',(0.,0.,1.));
#3393=DIRECTION('',(-1.,0.,0.));
#3394=DIRECTION('',(0.,0.,1.));
#3395=DIRECTION('',(-1.,0.,0.));
#3396=DIRECTION('',(0.,0.,1.));
#3397=DIRECTION('',(-1.,0.,0.));
#3398=DIRECTION('',(0.,0.,1.));
#3399=DIRECTION('',(-1.,0.,0.));
#3400=DIRECTION('',(0.,0.,1.));
#3401=DIRECTION('',(-1.,0.,0.));
#3402=DIRECTION('',(0.,0.,1.));
#3403=DIRECTION('',(-1.,0.,0.));
#3404=DIRECTION('',(0.,0.,1.));
#3405=DIRECTION('',(-1.,0.,0.));
#3406=DIRECTION('',(0.,0.,1.));
#3407=DIRECTION('',(-1.,0.,0.));
#3408=DIRECTION('',(0.,0.,1.));
#3409=DIRECTION('',(-1.,0.,0.));
#3410=DIRECTION('',(0.,0.,1.));
#3411=DIRECTION('',(-1.,0.,0.));
#3412=DIRECTION('',(0.,0.,1.));
#3413=DIRECTION('',(-1.,0.,0.));
#3414=DIRECTION('',(0.,0.,1.));
#3415=DIRECTION('',(-1.,0.,0.));
#3416=DIRECTION('',(0.,0.,1.));
#3417=DIRECTION('',(-1.,0.,0.));
#3418=DIRECTION('',(0.,0.,1.));
#3419=DIRECTION('',(-1.,0.,0.));
#3420=DIRECTION('',(0.,0.,1.));
#3421=DIRECTION('',(-1.,0.,0.));
#3422=DIRECTION('',(0.,0.,1.));
#3423=DIRECTION('',(-1.,0.,0.));
#3424=DIRECTION('',(0.,0.,1.));
#3425=DIRECTION('',(-1.,0.,0.));
#3426=DIRECTION('',(0.,0.,1.));
#3427=DIRECTION('',(-1.,0.,0.));
#3428=DIRECTION('',(0.,0.,1.));
#3429=DIRECTION('',(-1.,0.,0.));
#3430=DIRECTION('',(0.,0.,1.));
#3431=DIRECTION('',(-1.,0.,0.));
#3432=DIRECTION('',(0.,0.,1.));
#3433=DIRECTION('',(-1.,0.,0.));
#3434=DIRECTION('',(0.,0.,1.));
#3435=DIRECTION('',(-1.,0.,0.));
#3436=DIRECTION('',(0.,0.,1.));
#3437=DIRECTION('',(-1.,0.,0.));
#3438=DIRECTION('',(0.,0.,1.));
#3439=DIRECTION('',(-1.,0.,0.));
#3440=DIRECTION('',(0.,0.,1.));
#3441=DIRECTION('',(-1.,0.,0.));
#3442=DIRECTION('',(0.,0.,1.));
#3443=DIRECTION('',(-1.,0.,0.));
#3444=DIRECTION('',(0.,0.,1.));
#3445=DIRECTION('',(-1.,0.,0.));
#3446=DIRECTION('',(0.,0.,1.));
#3447=DIRECTION('',(-1.,0.,0.));
#3448=DIRECTION('',(0.,0.,1.));
#3449=DIRECTION('',(-1.,0.,0.));
#3450=DIRECTION('',(0.,0.,1.));
#3451=DIRECTION('',(-1.,0.,0.));
#3452=DIRECTION('',(0.,0.,1.));
#3453=DIRECTION('',(-1.,0.,0.));
#3454=DIRECTION('',(0.,0.,1.));
#3455=DIRECTION('',(-1.,0.,0.));
#3456=DIRECTION('',(0.,0.,1.));
#3457=DIRECTION('',(-1.,0.,0.));
#3458=DIRECTION('',(0.,0.,1.));
#3459=DIRECTION('',(-1.,0.,0.));
#3460=DIRECTION('',(0.,0.,1.));
#3461=DIRECTION('',(-1.,0.,0.));
#3462=DIRECTION('',(0.,0.,1.));
#3463=DIRECTION('',(-1.,0.,0.));
#3464=DIRECTION('',(0.,0.,1.));
#3465=DIRECTION('',(-1.,0.,0.));
#3466=DIRECTION('',(0.,0.,1.));
#3467=DIRECTION('',(-1.,0.,0.));
#3468=DIRECTION('',(0.,0.,1.));
#3469=DIRECTION('',(-1.,0.,0.));
#3470=DIRECTION('',(0.,0.,1.));
#3471=DIRECTION('',(-1.,0.,0.));
#3472=DIRECTION('',(0.,0.,1.));
#3473=DIRECTION('',(-1.,0.,0.));
#3474=DIRECTION('',(0.,0.,1.));
#3475=DIRECTION('',(-1.,0.,0.));
#3476=DIRECTION('',(0.,0.,1.));
#3477=DIRECTION('',(-1.,0.,0.));
#3478=DIRECTION('',(0.,0.,1.));
#3479=DIRECTION('',(-1.,0.,0.));
#3480=DIRECTION('',(0.,0.,1.));
#3481=DIRECTION('',(-1.,0.,0.));
#3482=DIRECTION('',(0.,0.,1.));
#3483=DIRECTION('',(-1.,0.,0.));
#3484=DIRECTION('',(0.,0.,1.));
#3485=DIRECTION('',(-1.,0.,0.));
#3486=DIRECTION('',(0.,0.,1.));
#3487=DIRECTION('',(-1.,0.,0.));
#3488=DIRECTION('',(0.,0.,1.));
#3489=DIRECTION('',(-1.,0.,0.));
#3490=DIRECTION('',(0.,0.,1.));
#3491=DIRECTION('',(-1.,0.,0.));
#3492=DIRECTION('',(0.,0.,1.));
#3493=DIRECTION('',(-1.,0.,0.));
#3494=DIRECTION('',(0.,0.,1.));
#3495=DIRECTION('',(-1.,0.,0.));
#3496=DIRECTION('',(0.,0.,1.));
#3497=DIRECTION('',(-1.,0.,0.));
#3498=DIRECTION('',(0.,0.,1.));
#3499=DIRECTION('',(-1.,0.,0.));
#3500=DIRECTION('',(0.,0.,1.));
#3501=DIRECTION('',(-1.,0.,0.));
#3502=DIRECTION('',(0.,0.,1.));
#3503=DIRECTION('',(-1.,0.,0.));
#3504=DIRECTION('',(0.,0.,1.));
#3505=DIRECTION('',(-1.,0.,0.));
#3506=DIRECTION('',(0.,0.,1.));
#3507=DIRECTION('',(-1.,0.,0.));
#3508=DIRECTION('',(0.,0.,1.));
#3509=DIRECTION('',(-1.,0.,0.));
#3510=DIRECTION('',(0.,0.,1.));
#3511=DIRECTION('',(-1.,0.,0.));
#3512=DIRECTION('',(0.,0.,1.));
#3513=DIRECTION('',(-1.,0.,0.));
#3514=DIRECTION('',(0.,0.,1.));
#3515=DIRECTION('',(-1.,0.,0.));
#3516=DIRECTION('',(0.,0.,1.));
#3517=DIRECTION('',(-1.,0.,0.));
#3518=DIRECTION('',(0.,0.,1.));
#3519=DIRECTION('',(-1.,0.,0.));
#3520=DIRECTION('',(0.,0.,1.));
#3521=DIRECTION('',(-1.,0.,0.));
#3522=DIRECTION('',(0.,0.,1.));
#3523=DIRECTION('',(-1.,0.,0.));
#3524=DIRECTION('',(0.,0.,1.));
#3525=DIRECTION('',(-1.,0.,0.));
#3526=DIRECTION('',(0.,0.,1.));
#3527=DIRECTION('',(-1.,0.,0.));
#3528=DIRECTION('',(0.,0.,1.));
#3529=DIRECTION('',(-1.,0.,0.));
#3530=DIRECTION('',(0.,0.,1.));
#3531=DIRECTION('',(-1.,0.,0.));
#3532=DIRECTION('',(0.,0.,1.));
#3533=DIRECTION('',(-1.,0.,0.));
#3534=DIRECTION('',(0.,0.,1.));
#3535=DIRECTION('',(-1.,0.,0.));
#3536=DIRECTION('',(0.,0.,1.));
#3537=DIRECTION('',(-1.,0.,0.));
#3538=DIRECTION('',(0.,0.,1.));
#3539=DIRECTION('',(-1.,0.,0.));
#3540=DIRECTION('',(0.,0.,1.));
#3541=DIRECTION('',(-1.,0.,0.));
#3542=DIRECTION('',(0.,0.,1.));
#3543=DIRECTION('',(-1.,0.,0.));
#3544=DIRECTION('',(0.,0.,1.));
#3545=DIRECTION('',(-1.,0.,0.));
#3546=DIRECTION('',(0.,0.,1.));
#3547=DIRECTION('',(-1.,0.,0.));
#3548=DIRECTION('',(0.,0.,1.));
#3549=DIRECTION('',(-1.,0.,0.));
#3550=DIRECTION('',(0.,0.,1.));
#3551=DIRECTION('',(-1.,0.,0.));
#3552=DIRECTION('',(0.,0.,1.));
#3553=DIRECTION('',(-1.,0.,0.));
#3554=DIRECTION('',(0.,0.,1.));
#3555=DIRECTION('',(-1.,0.,0.));
#3556=DIRECTION('',(0.,0.,1.));
#3557=DIRECTION('',(-1.,0.,0.));
#3558=DIRECTION('',(0.,0.,1.));
#3559=DIRECTION('',(-1.,0.,0.));
#3560=DIRECTION('',(0.,0.,1.));
#3561=DIRECTION('',(-1.,0.,0.));
#3562=DIRECTION('',(0.,0.,1.));
#3563=DIRECTION('',(-1.,0.,0.));
#3564=DIRECTION('',(0.,0.,1.));
#3565=DIRECTION('',(-1.,0.,0.));
#3566=DIRECTION('',(0.,0.,1.));
#3567=DIRECTION('',(-1.,0.,0.));
#3568=DIRECTION('',(0.,0.,1.));
#3569=DIRECTION('',(-1.,0.,0.));
#3570=DIRECTION('',(0.,0.,1.));
#3571=DIRECTION('',(-1.,0.,0.));
#3572=DIRECTION('',(0.,0.,1.));
#3573=DIRECTION('',(-1.,0.,0.));
#3574=DIRECTION('',(0.,0.,1.));
#3575=DIRECTION('',(-1.,0.,0.));
#3576=DIRECTION('',(0.,0.,1.));
#3577=DIRECTION('',(-1.,0.,0.));
#3578=DIRECTION('',(0.,0.,1.));
#3579=DIRECTION('',(-1.,0.,0.));
#3580=DIRECTION('',(0.,0.,1.));
#3581=DIRECTION('',(-1.,0.,0.));
#3582=DIRECTION('',(0.,0.,1.));
#3583=DIRECTION('',(-1.,0.,0.));
#3584=DIRECTION('',(0.,0.,1.));
#3585=DIRECTION('',(-1.,0.,0.));
#3586=DIRECTION('',(0.,0.,1.));
#3587=DIRECTION('',(-1.,0.,0.));
#3588=DIRECTION('',(0.,0.,1.));
#3589=DIRECTION('',(-1.,0.,0.));
#3590=DIRECTION('',(0.,0.,1.));
#3591=DIRECTION('',(-1.,0.,0.));
#3592=DIRECTION('',(0.,0.,1.));
#3593=DIRECTION('',(-1.,0.,0.));
#3594=DIRECTION('',(0.,0.,1.));
#3595=DIRECTION('',(-1.,0.,0.));
#3596=DIRECTION('',(0.,0.,1.));
#3597=DIRECTION('',(-1.,0.,0.));
#3598=DIRECTION('',(0.,0.,1.));
#3599=DIRECTION('',(-1.,0.,0.));
#3600=DIRECTION('',(0.,0.,1.));
#3601=DIRECTION('',(-1.,0.,0.));
#3602=DIRECTION('',(0.,0.,1.));
#3603=DIRECTION('',(-1.,0.,0.));
#3604=DIRECTION('',(0.,0.,1.));
#3605=DIRECTION('',(-1.,0.,0.));
#3606=DIRECTION('',(0.,0.,1.));
#3607=DIRECTION('',(1.,0.,0.));
#3608=DIRECTION('',(0.,0.,-1.));
#3609=DIRECTION('',(1.,0.,0.));
#3610=DIRECTION('',(0.,0.,-1.));
#3611=DIRECTION('',(1.,0.,0.));
#3612=DIRECTION('',(0.,0.,-1.));
#3613=DIRECTION('',(1.,0.,0.));
#3614=DIRECTION('',(0.,0.,-1.));
#3615=CARTESIAN_POINT('',(0.,0.,0.));
#3616=CARTESIAN_POINT('',(-7.55,0.,0.));
#3617=CARTESIAN_POINT('',(-4.40000000000001,-16.5829165209854,23.3629916675504));
#3618=CARTESIAN_POINT('',(-5.23230967767592,-17.0684157443276,24.0390471744171));
#3619=CARTESIAN_POINT('',(-6.3876700396596,-17.3440757408592,24.4227649026595));
#3620=CARTESIAN_POINT('',(-7.55,-17.3440757408592,24.4227649026595));
#3621=CARTESIAN_POINT('',(-4.40000000000001,-16.5829165209854,23.3629916675504));
#3622=CARTESIAN_POINT('',(-7.55,-17.3440757408494,24.4227649026665));
#3623=CARTESIAN_POINT('',(-7.55,0.,0.));
#3624=CARTESIAN_POINT('',(-7.55,-0.323689003920127,29.9530237909961));
#3625=CARTESIAN_POINT('',(-7.55,-0.323689003908069,29.9530237909962));
#3626=CARTESIAN_POINT('',(-6.38873191128386,-0.323689003908069,29.9530237909962));
#3627=CARTESIAN_POINT('',(-5.23155246798314,-0.321154820644744,29.4798035375059));
#3628=CARTESIAN_POINT('',(-4.39999999999917,-0.316560669839824,28.648251069522));
#3629=CARTESIAN_POINT('',(-4.40000000000001,-0.316560669839838,28.648251069521));
#3630=CARTESIAN_POINT('',(-4.40000000000001,0.,0.));
#3631=CARTESIAN_POINT('',(7.55,0.,0.));
#3632=CARTESIAN_POINT('',(7.55,0.,0.));
#3633=CARTESIAN_POINT('',(7.55,-12.1495501831867,17.1840048170091));
#3634=CARTESIAN_POINT('',(7.55,-0.271312034551632,21.0434783480457));
#3635=CARTESIAN_POINT('',(7.55,-12.1495501831868,17.184004817009));
#3636=CARTESIAN_POINT('',(8.71126905020635,-12.1495501831868,17.184004817009));
#3637=CARTESIAN_POINT('',(9.86844860236522,-12.4252086415861,17.5686609484445));
#3638=CARTESIAN_POINT('',(10.7000000000008,-12.9097741731809,18.2444575363979));
#3639=CARTESIAN_POINT('',(10.7,-12.9097741731815,18.2444575363987));
#3640=CARTESIAN_POINT('',(10.7,0.,0.));
#3641=CARTESIAN_POINT('',(10.7,-0.279596376324807,22.348251069521));
#3642=CARTESIAN_POINT('',(10.7,-0.279596376324809,22.348251069521));
#3643=CARTESIAN_POINT('',(9.86769137111712,-0.27439012169402,21.5159424406381));
#3644=CARTESIAN_POINT('',(8.71233097716991,-0.271312034551424,21.0434783480457));
#3645=CARTESIAN_POINT('',(7.55,-0.271312034551424,21.0434783480457));
#3646=CARTESIAN_POINT('',(-7.55,0.,0.));
#3647=CARTESIAN_POINT('',(-4.40000000000001,-27.1482832333963,9.15386352745617));
#3648=CARTESIAN_POINT('',(-5.23230967767592,-27.9384358125033,9.4154346381721));
#3649=CARTESIAN_POINT('',(-6.3876700396596,-28.3869930560708,9.56383992075475));
#3650=CARTESIAN_POINT('',(-7.55000000000001,-28.3869930560708,9.56383992075475));
#3651=CARTESIAN_POINT('',(-4.40000000000001,-27.1482832333963,9.15386352745614));
#3652=CARTESIAN_POINT('',(-7.55,-28.386993056067,9.56383992076626));
#3653=CARTESIAN_POINT('',(-7.55,0.,0.));
#3654=CARTESIAN_POINT('',(-7.55,-17.8678155509671,24.0422456570067));
#3655=CARTESIAN_POINT('',(-7.55,-17.8678155509671,24.0422456570067));
#3656=CARTESIAN_POINT('',(-6.38873191128386,-17.8678155509671,24.0422456570067));
#3657=CARTESIAN_POINT('',(-5.23155246798314,-17.5876134675525,23.6608919853994));
#3658=CARTESIAN_POINT('',(-4.39999999999917,-17.0951224442883,22.9908522811759));
#3659=CARTESIAN_POINT('',(-4.40000000000001,-17.0951224442877,22.990852281175));
#3660=CARTESIAN_POINT('',(-4.40000000000001,0.,0.));
#3661=CARTESIAN_POINT('',(7.55,0.,0.));
#3662=CARTESIAN_POINT('',(7.55,0.,0.));
#3663=CARTESIAN_POINT('',(7.55,-19.92969717897,6.76082550871687));
#3664=CARTESIAN_POINT('',(7.55,-12.5885422766478,16.8650583916515));
#3665=CARTESIAN_POINT('',(7.55,-19.9296971789701,6.76082550871671));
#3666=CARTESIAN_POINT('',(8.71126905020635,-19.9296971789701,6.76082550871671));
#3667=CARTESIAN_POINT('',(9.86844860236522,-20.37880475772,6.90999087952178));
#3668=CARTESIAN_POINT('',(10.7000000000008,-21.1680497756171,7.17190133067593));
#3669=CARTESIAN_POINT('',(10.7,-21.1680497756181,7.17190133067631));
#3670=CARTESIAN_POINT('',(10.7,0.,0.));
#3671=CARTESIAN_POINT('',(10.7,-13.3621706132064,17.9157722832024));
#3672=CARTESIAN_POINT('',(10.7,-13.3621706132063,17.9157722832025));
#3673=CARTESIAN_POINT('',(9.86769137111712,-12.8687399273199,17.245480617563));
#3674=CARTESIAN_POINT('',(8.71233097716991,-12.5885422766478,16.8650583916515));
#3675=CARTESIAN_POINT('',(7.55,-12.5885422766478,16.8650583916515));
#3676=CARTESIAN_POINT('',(-7.55,0.,0.));
#3677=CARTESIAN_POINT('',(-4.40000000000001,-27.3439284868588,-8.55172935174831));
#3678=CARTESIAN_POINT('',(-5.23230967767592,-28.1369229928101,-8.80455391100157));
#3679=CARTESIAN_POINT('',(-6.3876700396596,-28.5870438622706,-8.94814684791508));
#3680=CARTESIAN_POINT('',(-7.55,-28.5870438622706,-8.94814684791508));
#3681=CARTESIAN_POINT('',(-4.40000000000001,-27.3439284868587,-8.55172935174835));
#3682=CARTESIAN_POINT('',(-7.55,-28.5870438622742,-8.94814684790358));
#3683=CARTESIAN_POINT('',(-7.55,0.,0.));
#3684=CARTESIAN_POINT('',(-7.55,-28.5870438622706,8.94814684791513));
#3685=CARTESIAN_POINT('',(-7.55,-28.5870438622706,8.94814684791514));
#3686=CARTESIAN_POINT('',(-6.38873191128386,-28.5870438622706,8.94814684791514));
#3687=CARTESIAN_POINT('',(-5.23155246798313,-28.1362015508506,8.80432389901021));
#3688=CARTESIAN_POINT('',(-4.39999999999916,-27.3439284868598,8.55172935174862));
#3689=CARTESIAN_POINT('',(-4.40000000000001,-27.3439284868588,8.55172935174831));
#3690=CARTESIAN_POINT('',(-4.40000000000001,0.,0.));
#3691=CARTESIAN_POINT('',(7.55,0.,0.));
#3692=CARTESIAN_POINT('',(7.55,0.,0.));
#3693=CARTESIAN_POINT('',(7.55,-20.0973772378797,-6.24475935189787));
#3694=CARTESIAN_POINT('',(7.55,-20.0973772378797,6.24475935189801));
#3695=CARTESIAN_POINT('',(7.55,-20.0973772378797,-6.24475935189796));
#3696=CARTESIAN_POINT('',(8.71126905020634,-20.0973772378797,-6.24475935189796));
#3697=CARTESIAN_POINT('',(9.86844860236521,-20.5483901065029,-6.38806084342645));
#3698=CARTESIAN_POINT('',(10.7000000000008,-21.3408498393171,-6.64007741940356));
#3699=CARTESIAN_POINT('',(10.7,-21.3408498393181,-6.64007741940386));
#3700=CARTESIAN_POINT('',(10.7,0.,0.));
#3701=CARTESIAN_POINT('',(10.7,-21.3408498393181,6.64007741940386));
#3702=CARTESIAN_POINT('',(10.7,-21.3408498393181,6.64007741940394));
#3703=CARTESIAN_POINT('',(9.86769137111713,-20.5476684730924,6.38783135090633));
#3704=CARTESIAN_POINT('',(8.71233097716992,-20.0973772378797,6.24475935189802));
#3705=CARTESIAN_POINT('',(7.55,-20.0973772378797,6.24475935189802));
#3706=CARTESIAN_POINT('',(-7.55,0.,0.));
#3707=CARTESIAN_POINT('',(-4.40000000000001,-17.0951224442876,-22.9908522811751));
#3708=CARTESIAN_POINT('',(-5.23230967767592,-17.5880619287019,-23.6615021219535));
#3709=CARTESIAN_POINT('',(-6.3876700396596,-17.867815550967,-24.0422456570067));
#3710=CARTESIAN_POINT('',(-7.55000000000001,-17.867815550967,-24.0422456570067));
#3711=CARTESIAN_POINT('',(-4.40000000000001,-17.0951224442876,-22.9908522811751));
#3712=CARTESIAN_POINT('',(-7.55,-17.8678155509768,-24.0422456569994));
#3713=CARTESIAN_POINT('',(-7.55,0.,0.));
#3714=CARTESIAN_POINT('',(-7.55,-28.3869930560708,-9.56383992075475));
#3715=CARTESIAN_POINT('',(-7.55,-28.3869930560709,-9.56383992075474));
#3716=CARTESIAN_POINT('',(-6.38873191128386,-28.3869930560709,-9.56383992075475));
#3717=CARTESIAN_POINT('',(-5.23155246798313,-27.9377169560413,-9.41519666883781));
#3718=CARTESIAN_POINT('',(-4.39999999999916,-27.1482832333973,-9.15386352745649));
#3719=CARTESIAN_POINT('',(-4.40000000000001,-27.1482832333963,-9.15386352745618));
#3720=CARTESIAN_POINT('',(-4.40000000000001,0.,0.));
#3721=CARTESIAN_POINT('',(7.55,0.,0.));
#3722=CARTESIAN_POINT('',(7.55,0.,0.));
#3723=CARTESIAN_POINT('',(7.55,-12.5885422766478,-16.8650583916515));
#3724=CARTESIAN_POINT('',(7.55,-19.92969717897,-6.76082550871681));
#3725=CARTESIAN_POINT('',(7.55,-12.5885422766478,-16.8650583916515));
#3726=CARTESIAN_POINT('',(8.71126905020635,-12.5885422766478,-16.8650583916515));
#3727=CARTESIAN_POINT('',(9.86844860236522,-12.8691888486938,-17.2460904463881));
#3728=CARTESIAN_POINT('',(10.7000000000008,-13.3621706132057,-17.9157722832016));
#3729=CARTESIAN_POINT('',(10.7,-13.3621706132064,-17.9157722832024));
#3730=CARTESIAN_POINT('',(10.7,0.,0.));
#3731=CARTESIAN_POINT('',(10.7,-21.1680497756181,-7.1719013306763));
#3732=CARTESIAN_POINT('',(10.7,-21.1680497756181,-7.17190133067631));
#3733=CARTESIAN_POINT('',(9.86769137111712,-20.3780860517083,-6.90975237739448));
#3734=CARTESIAN_POINT('',(8.71233097716991,-19.9296971789701,-6.76082550871678));
#3735=CARTESIAN_POINT('',(7.55,-19.9296971789701,-6.76082550871678));
#3736=CARTESIAN_POINT('',(-7.55,0.,0.));
#3737=CARTESIAN_POINT('',(-4.40000000000001,-0.316560669839804,-28.648251069521));
#3738=CARTESIAN_POINT('',(-5.23230967767592,-0.32115900406748,-29.4805607471969));
#3739=CARTESIAN_POINT('',(-6.3876700396596,-0.323689003908073,-29.9530237909962));
#3740=CARTESIAN_POINT('',(-7.55,-0.323689003908073,-29.9530237909962));
#3741=CARTESIAN_POINT('',(-4.40000000000001,-0.316560669839807,-28.648251069521));
#3742=CARTESIAN_POINT('',(-7.55,-0.323689003920154,-29.9530237909961));
#3743=CARTESIAN_POINT('',(-7.55,0.,0.));
#3744=CARTESIAN_POINT('',(-7.55,-17.3440757408592,-24.4227649026595));
#3745=CARTESIAN_POINT('',(-7.55,-17.3440757408593,-24.4227649026594));
#3746=CARTESIAN_POINT('',(-6.38873191128386,-17.3440757408593,-24.4227649026594));
#3747=CARTESIAN_POINT('',(-5.23155246798314,-17.0679740520984,-24.0384321199546));
#3748=CARTESIAN_POINT('',(-4.39999999999917,-16.582916520986,-23.3629916675513));
#3749=CARTESIAN_POINT('',(-4.40000000000001,-16.5829165209854,-23.3629916675504));
#3750=CARTESIAN_POINT('',(-4.40000000000001,0.,0.));
#3751=CARTESIAN_POINT('',(7.55,0.,0.));
#3752=CARTESIAN_POINT('',(7.55,0.,0.));
#3753=CARTESIAN_POINT('',(7.55,-0.271312034551453,-21.0434783480457));
#3754=CARTESIAN_POINT('',(7.55,-12.1495501831868,-17.184004817009));
#3755=CARTESIAN_POINT('',(7.55,-0.271312034551423,-21.0434783480457));
#3756=CARTESIAN_POINT('',(8.71126905020635,-0.271312034551423,-21.0434783480457));
#3757=CARTESIAN_POINT('',(9.86844860236522,-0.274394858324809,-21.5166996718844));
#3758=CARTESIAN_POINT('',(10.7000000000008,-0.279596376324798,-22.3482510695199));
#3759=CARTESIAN_POINT('',(10.7,-0.279596376324818,-22.348251069521));
#3760=CARTESIAN_POINT('',(10.7,0.,0.));
#3761=CARTESIAN_POINT('',(10.7,-12.9097741731815,-18.2444575363987));
#3762=CARTESIAN_POINT('',(10.7,-12.9097741731815,-18.2444575363987));
#3763=CARTESIAN_POINT('',(9.86769137111712,-12.4247673842417,-17.5680455513759));
#3764=CARTESIAN_POINT('',(8.71233097716991,-12.1495501831868,-17.184004817009));
#3765=CARTESIAN_POINT('',(7.55,-12.1495501831868,-17.184004817009));
#3766=CARTESIAN_POINT('',(-7.55,0.,0.));
#3767=CARTESIAN_POINT('',(-4.40000000000001,16.5829165209854,-23.3629916675504));
#3768=CARTESIAN_POINT('',(-5.23230967767592,17.0684157443276,-24.0390471744171));
#3769=CARTESIAN_POINT('',(-6.3876700396596,17.3440757408593,-24.4227649026594));
#3770=CARTESIAN_POINT('',(-7.55,17.3440757408593,-24.4227649026594));
#3771=CARTESIAN_POINT('',(-4.40000000000001,16.5829165209854,-23.3629916675504));
#3772=CARTESIAN_POINT('',(-7.55,17.3440757408494,-24.4227649026664));
#3773=CARTESIAN_POINT('',(-7.55,0.,0.));
#3774=CARTESIAN_POINT('',(-7.55,0.323689003908063,-29.9530237909962));
#3775=CARTESIAN_POINT('',(-7.55,0.323689003908066,-29.9530237909962));
#3776=CARTESIAN_POINT('',(-6.38873191128386,0.323689003908066,-29.9530237909962));
#3777=CARTESIAN_POINT('',(-5.23155246798313,0.321154820644727,-29.4798035375059));
#3778=CARTESIAN_POINT('',(-4.39999999999916,0.316560669839807,-28.648251069522));
#3779=CARTESIAN_POINT('',(-4.40000000000001,0.316560669839835,-28.648251069521));
#3780=CARTESIAN_POINT('',(-4.40000000000001,0.,0.));
#3781=CARTESIAN_POINT('',(7.55,0.,0.));
#3782=CARTESIAN_POINT('',(7.55,0.,0.));
#3783=CARTESIAN_POINT('',(7.55,12.1495501831867,-17.1840048170091));
#3784=CARTESIAN_POINT('',(7.55,0.271312034551368,-21.0434783480457));
#3785=CARTESIAN_POINT('',(7.55,12.1495501831867,-17.184004817009));
#3786=CARTESIAN_POINT('',(8.71126905020635,12.1495501831867,-17.184004817009));
#3787=CARTESIAN_POINT('',(9.86844860236522,12.4252086415861,-17.5686609484445));
#3788=CARTESIAN_POINT('',(10.7000000000008,12.9097741731809,-18.2444575363979));
#3789=CARTESIAN_POINT('',(10.7,12.9097741731815,-18.2444575363987));
#3790=CARTESIAN_POINT('',(10.7,0.,0.));
#3791=CARTESIAN_POINT('',(10.7,0.279596376324804,-22.348251069521));
#3792=CARTESIAN_POINT('',(10.7,0.279596376324806,-22.348251069521));
#3793=CARTESIAN_POINT('',(9.86769137111712,0.274390121694017,-21.5159424406381));
#3794=CARTESIAN_POINT('',(8.71233097716991,0.271312034551422,-21.0434783480457));
#3795=CARTESIAN_POINT('',(7.55,0.271312034551422,-21.0434783480457));
#3796=CARTESIAN_POINT('',(-7.55,0.,0.));
#3797=CARTESIAN_POINT('',(-4.40000000000001,27.1482832333963,-9.1538635274562));
#3798=CARTESIAN_POINT('',(-5.23230967767592,27.9384358125033,-9.41543463817213));
#3799=CARTESIAN_POINT('',(-6.3876700396596,28.3869930560709,-9.56383992075475));
#3800=CARTESIAN_POINT('',(-7.55,28.3869930560709,-9.56383992075474));
#3801=CARTESIAN_POINT('',(-4.40000000000001,27.1482832333963,-9.15386352745615));
#3802=CARTESIAN_POINT('',(-7.55,28.386993056067,-9.56383992076623));
#3803=CARTESIAN_POINT('',(-7.55,0.,0.));
#3804=CARTESIAN_POINT('',(-7.55,17.867815550967,-24.0422456570067));
#3805=CARTESIAN_POINT('',(-7.55,17.867815550967,-24.0422456570067));
#3806=CARTESIAN_POINT('',(-6.38873191128386,17.867815550967,-24.0422456570067));
#3807=CARTESIAN_POINT('',(-5.23155246798314,17.5876134675525,-23.6608919853994));
#3808=CARTESIAN_POINT('',(-4.39999999999917,17.0951224442882,-22.9908522811759));
#3809=CARTESIAN_POINT('',(-4.40000000000001,17.0951224442876,-22.990852281175));
#3810=CARTESIAN_POINT('',(-4.40000000000001,0.,0.));
#3811=CARTESIAN_POINT('',(7.55,0.,0.));
#3812=CARTESIAN_POINT('',(7.55,0.,0.));
#3813=CARTESIAN_POINT('',(7.55,19.92969717897,-6.76082550871689));
#3814=CARTESIAN_POINT('',(7.55,12.5885422766478,-16.8650583916515));
#3815=CARTESIAN_POINT('',(7.55,19.9296971789701,-6.7608255087168));
#3816=CARTESIAN_POINT('',(8.71126905020635,19.9296971789701,-6.7608255087168));
#3817=CARTESIAN_POINT('',(9.86844860236522,20.37880475772,-6.90999087952177));
#3818=CARTESIAN_POINT('',(10.7000000000008,21.1680497756171,-7.17190133067592));
#3819=CARTESIAN_POINT('',(10.7,21.1680497756181,-7.17190133067631));
#3820=CARTESIAN_POINT('',(10.7,0.,0.));
#3821=CARTESIAN_POINT('',(10.7,13.3621706132064,-17.9157722832024));
#3822=CARTESIAN_POINT('',(10.7,13.3621706132064,-17.9157722832024));
#3823=CARTESIAN_POINT('',(9.86769137111712,12.8687399273199,-17.2454806175629));
#3824=CARTESIAN_POINT('',(8.71233097716991,12.5885422766478,-16.8650583916514));
#3825=CARTESIAN_POINT('',(7.55,12.5885422766478,-16.8650583916514));
#3826=CARTESIAN_POINT('',(-7.55,0.,0.));
#3827=CARTESIAN_POINT('',(-4.40000000000001,27.3439284868588,8.55172935174831));
#3828=CARTESIAN_POINT('',(-5.23230967767592,28.1369229928101,8.80455391100157));
#3829=CARTESIAN_POINT('',(-6.3876700396596,28.5870438622706,8.94814684791517));
#3830=CARTESIAN_POINT('',(-7.55000000000001,28.5870438622706,8.94814684791517));
#3831=CARTESIAN_POINT('',(-4.40000000000001,27.3439284868587,8.55172935174834));
#3832=CARTESIAN_POINT('',(-7.55,28.5870438622742,8.94814684790351));
#3833=CARTESIAN_POINT('',(-7.55,0.,0.));
#3834=CARTESIAN_POINT('',(-7.55,28.5870438622706,-8.94814684791511));
#3835=CARTESIAN_POINT('',(-7.55,28.5870438622706,-8.94814684791508));
#3836=CARTESIAN_POINT('',(-6.38873191128386,28.5870438622706,-8.94814684791508));
#3837=CARTESIAN_POINT('',(-5.23155246798314,28.1362015508506,-8.80432389901021));
#3838=CARTESIAN_POINT('',(-4.39999999999917,27.3439284868598,-8.55172935174861));
#3839=CARTESIAN_POINT('',(-4.40000000000001,27.3439284868588,-8.55172935174831));
#3840=CARTESIAN_POINT('',(-4.40000000000001,0.,0.));
#3841=CARTESIAN_POINT('',(7.55,0.,0.));
#3842=CARTESIAN_POINT('',(7.55,0.,0.));
#3843=CARTESIAN_POINT('',(7.55,20.0973772378797,6.24475935189798));
#3844=CARTESIAN_POINT('',(7.55,20.0973772378797,-6.24475935189796));
#3845=CARTESIAN_POINT('',(7.55,20.0973772378797,6.244759351898));
#3846=CARTESIAN_POINT('',(8.71126905020635,20.0973772378797,6.244759351898));
#3847=CARTESIAN_POINT('',(9.86844860236522,20.5483901065029,6.38806084342647));
#3848=CARTESIAN_POINT('',(10.7000000000008,21.3408498393171,6.64007741940357));
#3849=CARTESIAN_POINT('',(10.7,21.3408498393181,6.64007741940385));
#3850=CARTESIAN_POINT('',(10.7,0.,0.));
#3851=CARTESIAN_POINT('',(10.7,21.3408498393181,-6.64007741940387));
#3852=CARTESIAN_POINT('',(10.7,21.3408498393181,-6.64007741940389));
#3853=CARTESIAN_POINT('',(9.86769137111712,20.5476684730924,-6.38783135090628));
#3854=CARTESIAN_POINT('',(8.71233097716991,20.0973772378797,-6.24475935189799));
#3855=CARTESIAN_POINT('',(7.55,20.0973772378797,-6.24475935189799));
#3856=CARTESIAN_POINT('',(-7.55,0.,0.));
#3857=CARTESIAN_POINT('',(-4.40000000000001,17.0951224442877,22.990852281175));
#3858=CARTESIAN_POINT('',(-5.23230967767592,17.5880619287019,23.6615021219534));
#3859=CARTESIAN_POINT('',(-6.3876700396596,17.8678155509671,24.0422456570066));
#3860=CARTESIAN_POINT('',(-7.55,17.8678155509671,24.0422456570066));
#3861=CARTESIAN_POINT('',(-4.40000000000001,17.0951224442876,22.9908522811751));
#3862=CARTESIAN_POINT('',(-7.55,17.8678155509768,24.0422456569994));
#3863=CARTESIAN_POINT('',(-7.55,0.,0.));
#3864=CARTESIAN_POINT('',(-7.55,28.3869930560708,9.56383992075478));
#3865=CARTESIAN_POINT('',(-7.55,28.3869930560708,9.56383992075478));
#3866=CARTESIAN_POINT('',(-6.38873191128386,28.3869930560708,9.56383992075478));
#3867=CARTESIAN_POINT('',(-5.23155246798313,27.9377169560413,9.4151966688378));
#3868=CARTESIAN_POINT('',(-4.39999999999916,27.1482832333973,9.15386352745647));
#3869=CARTESIAN_POINT('',(-4.40000000000001,27.1482832333963,9.15386352745618));
#3870=CARTESIAN_POINT('',(-4.40000000000001,0.,0.));
#3871=CARTESIAN_POINT('',(7.55,0.,0.));
#3872=CARTESIAN_POINT('',(7.55,0.,0.));
#3873=CARTESIAN_POINT('',(7.55,12.5885422766478,16.8650583916515));
#3874=CARTESIAN_POINT('',(7.55,19.9296971789701,6.76082550871679));
#3875=CARTESIAN_POINT('',(7.55,12.5885422766478,16.8650583916515));
#3876=CARTESIAN_POINT('',(8.71126905020635,12.5885422766478,16.8650583916515));
#3877=CARTESIAN_POINT('',(9.86844860236522,12.8691888486938,17.2460904463882));
#3878=CARTESIAN_POINT('',(10.7000000000008,13.3621706132057,17.9157722832016));
#3879=CARTESIAN_POINT('',(10.7,13.3621706132064,17.9157722832024));
#3880=CARTESIAN_POINT('',(10.7,0.,0.));
#3881=CARTESIAN_POINT('',(10.7,21.1680497756181,7.1719013306763));
#3882=CARTESIAN_POINT('',(10.7,21.1680497756181,7.17190133067626));
#3883=CARTESIAN_POINT('',(9.86769137111712,20.3780860517083,6.90975237739443));
#3884=CARTESIAN_POINT('',(8.71233097716991,19.9296971789701,6.76082550871675));
#3885=CARTESIAN_POINT('',(7.55,19.9296971789701,6.76082550871675));
#3886=CARTESIAN_POINT('',(7.55,0.,0.));
#3887=CARTESIAN_POINT('',(7.55,0.,0.));
#3888=CARTESIAN_POINT('',(7.55,0.271312034551473,21.0434783480457));
#3889=CARTESIAN_POINT('',(7.55,12.1495501831868,17.184004817009));
#3890=CARTESIAN_POINT('',(7.55,0.271312034551421,21.0434783480457));
#3891=CARTESIAN_POINT('',(8.71126905020635,0.271312034551421,21.0434783480457));
#3892=CARTESIAN_POINT('',(9.86844860236522,0.274394858324806,21.5166996718844));
#3893=CARTESIAN_POINT('',(10.7000000000008,0.279596376324795,22.3482510695199));
#3894=CARTESIAN_POINT('',(10.7,0.279596376324815,22.348251069521));
#3895=CARTESIAN_POINT('',(10.7,0.,0.));
#3896=CARTESIAN_POINT('',(10.7,12.9097741731815,18.2444575363987));
#3897=CARTESIAN_POINT('',(10.7,12.9097741731815,18.2444575363987));
#3898=CARTESIAN_POINT('',(9.86769137111712,12.4247673842418,17.5680455513759));
#3899=CARTESIAN_POINT('',(8.71233097716991,12.1495501831868,17.184004817009));
#3900=CARTESIAN_POINT('',(7.55,12.1495501831868,17.184004817009));
#3901=CARTESIAN_POINT('',(-7.55,0.,0.));
#3902=CARTESIAN_POINT('',(-4.40000000000001,0.316560669839801,28.648251069521));
#3903=CARTESIAN_POINT('',(-5.23230967767592,0.321159004067476,29.4805607471969));
#3904=CARTESIAN_POINT('',(-6.3876700396596,0.32368900390807,29.9530237909962));
#3905=CARTESIAN_POINT('',(-7.55,0.32368900390807,29.9530237909962));
#3906=CARTESIAN_POINT('',(-4.40000000000001,0.316560669839804,28.648251069521));
#3907=CARTESIAN_POINT('',(-7.55,0.323689003908067,29.9530237909962));
#3908=CARTESIAN_POINT('',(-7.55,0.,0.));
#3909=CARTESIAN_POINT('',(-7.55,17.3440757408592,24.4227649026595));
#3910=CARTESIAN_POINT('',(-7.55,17.3440757408592,24.4227649026595));
#3911=CARTESIAN_POINT('',(-6.38873191128386,17.3440757408592,24.4227649026595));
#3912=CARTESIAN_POINT('',(-5.23155246798314,17.0679740520984,24.0384321199546));
#3913=CARTESIAN_POINT('',(-4.39999999999917,16.582916520986,23.3629916675513));
#3914=CARTESIAN_POINT('',(-4.40000000000001,16.5829165209854,23.3629916675504));
#3915=CARTESIAN_POINT('',(-4.40000000000001,0.,0.));
#3916=CARTESIAN_POINT('',(-7.55,0.,0.));
#3917=CARTESIAN_POINT('',(-7.55000000000002,-12.1495501831868,17.184004817009));
#3918=CARTESIAN_POINT('',(-8.71126905020636,-12.1495501831868,17.184004817009));
#3919=CARTESIAN_POINT('',(-9.86844860236523,-12.4252086415861,17.5686609484445));
#3920=CARTESIAN_POINT('',(-10.7000000000008,-12.9097741731809,18.2444575363979));
#3921=CARTESIAN_POINT('',(-7.55000000000001,-12.1495501832068,17.1840048169949));
#3922=CARTESIAN_POINT('',(-10.7,-12.9097741731816,18.2444575363987));
#3923=CARTESIAN_POINT('',(-7.55000000000001,0.,0.));
#3924=CARTESIAN_POINT('',(-7.55000000000001,-0.271312034551566,21.0434783480457));
#3925=CARTESIAN_POINT('',(-10.7,-0.279596376324748,22.348251069521));
#3926=CARTESIAN_POINT('',(-9.86769137111713,-0.27439012169396,21.5159424406381));
#3927=CARTESIAN_POINT('',(-8.71233097716992,-0.271312034551424,21.0434783480458));
#3928=CARTESIAN_POINT('',(-7.55000000000001,-0.271312034551424,21.0434783480457));
#3929=CARTESIAN_POINT('',(-10.7,-0.279596376324731,22.348251069521));
#3930=CARTESIAN_POINT('',(-10.7,0.,0.));
#3931=CARTESIAN_POINT('',(7.55,0.,0.));
#3932=CARTESIAN_POINT('',(7.55,0.,0.));
#3933=CARTESIAN_POINT('',(7.55,-17.3440757408494,24.4227649026665));
#3934=CARTESIAN_POINT('',(7.55,-0.323689003920115,29.9530237909961));
#3935=CARTESIAN_POINT('',(4.40000000000001,-16.5829165209854,23.3629916675504));
#3936=CARTESIAN_POINT('',(5.23230967767592,-17.0684157443276,24.0390471744171));
#3937=CARTESIAN_POINT('',(6.3876700396596,-17.3440757408592,24.4227649026595));
#3938=CARTESIAN_POINT('',(7.55,-17.3440757408592,24.4227649026595));
#3939=CARTESIAN_POINT('',(4.40000000000001,-16.5829165209854,23.3629916675504));
#3940=CARTESIAN_POINT('',(4.40000000000001,0.,0.));
#3941=CARTESIAN_POINT('',(4.40000000000001,-0.316560669839874,28.648251069521));
#3942=CARTESIAN_POINT('',(7.55,-0.323689003908069,29.9530237909962));
#3943=CARTESIAN_POINT('',(6.38873191128386,-0.323689003908069,29.9530237909962));
#3944=CARTESIAN_POINT('',(5.23155246798314,-0.321154820644744,29.4798035375059));
#3945=CARTESIAN_POINT('',(4.39999999999917,-0.316560669839824,28.648251069522));
#3946=CARTESIAN_POINT('',(-7.55,-14.9885239334581,20.6299333565612));
#3947=CARTESIAN_POINT('',(-4.40000000000001,-12.9097741731815,18.2444575363987));
#3948=CARTESIAN_POINT('',(-5.23230862888288,-12.4247673842418,17.5680455513759));
#3949=CARTESIAN_POINT('',(-6.3876690228301,-12.1495501831868,17.184004817009));
#3950=CARTESIAN_POINT('',(-7.55000000000002,-12.1495501831868,17.184004817009));
#3951=CARTESIAN_POINT('',(-4.40000000000001,-12.9097741731815,18.2444575363987));
#3952=CARTESIAN_POINT('',(-10.7,-12.9097741731816,18.2444575363987));
#3953=CARTESIAN_POINT('',(-10.7188780835049,-13.0619437008796,18.1367824117916));
#3954=CARTESIAN_POINT('',(-10.7188780835049,-13.2127425142211,18.0272206607262));
#3955=CARTESIAN_POINT('',(-10.7,-13.3621706132063,17.9157722832025));
#3956=CARTESIAN_POINT('',(-10.7,-13.3621706132063,17.9157722832025));
#3957=CARTESIAN_POINT('',(-10.7,-13.3621706132063,17.9157722832024));
#3958=CARTESIAN_POINT('',(-9.86769137111712,-12.8687399273199,17.245480617563));
#3959=CARTESIAN_POINT('',(-8.71233097716992,-12.5885422766478,16.8650583916515));
#3960=CARTESIAN_POINT('',(-7.55000000000001,-12.5885422766478,16.8650583916515));
#3961=CARTESIAN_POINT('',(-7.55000000000001,-12.5885422766478,16.8650583916515));
#3962=CARTESIAN_POINT('',(-7.55000000000001,-12.5885422766478,16.8650583916515));
#3963=CARTESIAN_POINT('',(-6.38873094979366,-12.5885422766478,16.8650583916515));
#3964=CARTESIAN_POINT('',(-5.23155139763478,-12.8691888486938,17.2460904463881));
#3965=CARTESIAN_POINT('',(-4.39999999999917,-13.3621706132057,17.9157722832016));
#3966=CARTESIAN_POINT('',(-4.40000000000001,-13.3621706132063,17.9157722832024));
#3967=CARTESIAN_POINT('',(-4.40000000000001,-13.3621706132063,17.9157722832024));
#3968=CARTESIAN_POINT('',(-4.38112191649513,-13.2127425142211,18.0272206607262));
#3969=CARTESIAN_POINT('',(-4.38112191649513,-13.0619437008795,18.1367824117916));
#3970=CARTESIAN_POINT('',(-4.40000000000001,-12.9097741731815,18.2444575363987));
#3971=CARTESIAN_POINT('',(-10.7,-16.5829165209854,23.3629916675504));
#3972=CARTESIAN_POINT('',(-10.7188779210688,-16.7550225313149,23.2408318156502));
#3973=CARTESIAN_POINT('',(-10.7188779210688,-16.9257578390823,23.116785353525));
#3974=CARTESIAN_POINT('',(-10.7,-17.0951224442876,22.9908522811751));
#3975=CARTESIAN_POINT('',(-10.7,-16.5829165209854,23.3629916675504));
#3976=CARTESIAN_POINT('',(-10.7,-17.0951224442876,22.9908522811751));
#3977=CARTESIAN_POINT('',(-7.55,-17.3440757408592,24.4227649026595));
#3978=CARTESIAN_POINT('',(-8.71126808871614,-17.3440757408592,24.4227649026595));
#3979=CARTESIAN_POINT('',(-9.86844753201686,-17.0679740520984,24.0384321199546));
#3980=CARTESIAN_POINT('',(-10.7000000000008,-16.582916520986,23.3629916675513));
#3981=CARTESIAN_POINT('',(-4.40000000000001,-17.0951224442877,22.990852281175));
#3982=CARTESIAN_POINT('',(-4.38112207893116,-16.9257578390824,23.116785353525));
#3983=CARTESIAN_POINT('',(-4.38112207893116,-16.7550225313149,23.2408318156501));
#3984=CARTESIAN_POINT('',(-4.40000000000001,-16.5829165209854,23.3629916675504));
#3985=CARTESIAN_POINT('',(-10.7,-17.0951224442877,22.990852281175));
#3986=CARTESIAN_POINT('',(-9.86769032232408,-17.5880619287019,23.6615021219534));
#3987=CARTESIAN_POINT('',(-8.7123299603404,-17.8678155509671,24.0422456570067));
#3988=CARTESIAN_POINT('',(-7.55,-17.8678155509671,24.0422456570067));
#3989=CARTESIAN_POINT('',(7.55,-14.9885239334581,20.6299333565612));
#3990=CARTESIAN_POINT('',(4.40000000000001,-12.9097741731815,18.2444575363987));
#3991=CARTESIAN_POINT('',(5.23230862888288,-12.4247673842418,17.5680455513759));
#3992=CARTESIAN_POINT('',(6.38766902283008,-12.1495501831868,17.184004817009));
#3993=CARTESIAN_POINT('',(7.55,-12.1495501831868,17.184004817009));
#3994=CARTESIAN_POINT('',(4.40000000000001,-12.9097741731815,18.2444575363987));
#3995=CARTESIAN_POINT('',(4.40000000000001,-12.9097741731815,18.2444575363987));
#3996=CARTESIAN_POINT('',(4.38112191649513,-13.0619437008795,18.1367824117916));
#3997=CARTESIAN_POINT('',(4.38112191649513,-13.2127425142211,18.0272206607262));
#3998=CARTESIAN_POINT('',(4.40000000000001,-13.3621706132064,17.9157722832024));
#3999=CARTESIAN_POINT('',(4.40000000000001,-13.3621706132064,17.9157722832024));
#4000=CARTESIAN_POINT('',(7.55,-12.5885422766478,16.8650583916515));
#4001=CARTESIAN_POINT('',(6.38873094979365,-12.5885422766478,16.8650583916515));
#4002=CARTESIAN_POINT('',(5.23155139763478,-12.8691888486938,17.2460904463881));
#4003=CARTESIAN_POINT('',(4.39999999999917,-13.3621706132057,17.9157722832016));
#4004=CARTESIAN_POINT('',(10.7,-13.3621706132064,17.9157722832024));
#4005=CARTESIAN_POINT('',(10.7188780835049,-13.2127425142211,18.0272206607262));
#4006=CARTESIAN_POINT('',(10.7188780835049,-13.0619437008795,18.1367824117916));
#4007=CARTESIAN_POINT('',(10.7,-12.9097741731815,18.2444575363987));
#4008=CARTESIAN_POINT('',(10.7000000000044,-17.0951224442483,22.9908522812043));
#4009=CARTESIAN_POINT('',(10.7188779210688,-16.925757839056,23.1167853535442));
#4010=CARTESIAN_POINT('',(10.7188779210674,-16.7550225313016,23.2408318156596));
#4011=CARTESIAN_POINT('',(10.7,-16.5829165209854,23.3629916675504));
#4012=CARTESIAN_POINT('',(10.7,-17.0951224442483,22.9908522812043));
#4013=CARTESIAN_POINT('',(10.7,-16.5829165209854,23.3629916675504));
#4014=CARTESIAN_POINT('',(10.6999999999999,-17.0951224442877,22.9908522811752));
#4015=CARTESIAN_POINT('',(9.86769032232398,-17.5880619287019,23.6615021219535));
#4016=CARTESIAN_POINT('',(8.71232996034035,-17.8678155509671,24.0422456570067));
#4017=CARTESIAN_POINT('',(7.55,-17.8678155509671,24.0422456570067));
#4018=CARTESIAN_POINT('',(7.55,-17.8678155509671,24.0422456570067));
#4019=CARTESIAN_POINT('',(7.55,-17.8678155509671,24.0422456570067));
#4020=CARTESIAN_POINT('',(6.38873191128386,-17.8678155509671,24.0422456570067));
#4021=CARTESIAN_POINT('',(5.23155246798313,-17.5876134675525,23.6608919853994));
#4022=CARTESIAN_POINT('',(4.39999999999916,-17.0951224442882,22.9908522811759));
#4023=CARTESIAN_POINT('',(4.40000000000001,-17.0951224442877,22.990852281175));
#4024=CARTESIAN_POINT('',(4.40000000000001,-16.5829165209854,23.3629916675504));
#4025=CARTESIAN_POINT('',(4.38112207893116,-16.7550225313149,23.2408318156501));
#4026=CARTESIAN_POINT('',(4.38112207893116,-16.9257578390824,23.116785353525));
#4027=CARTESIAN_POINT('',(4.40000000000001,-17.0951224442877,22.990852281175));
#4028=CARTESIAN_POINT('',(7.55,-17.3440757408592,24.4227649026595));
#4029=CARTESIAN_POINT('',(8.71126808871614,-17.3440757408592,24.4227649026595));
#4030=CARTESIAN_POINT('',(9.86844753201686,-17.0679740520984,24.0384321199546));
#4031=CARTESIAN_POINT('',(10.7000000000008,-16.582916520986,23.3629916675513));
#4032=CARTESIAN_POINT('',(-7.55,0.,0.));
#4033=CARTESIAN_POINT('',(-7.55000000000001,-19.9296971789701,6.76082550871677));
#4034=CARTESIAN_POINT('',(-8.71126905020635,-19.9296971789701,6.76082550871677));
#4035=CARTESIAN_POINT('',(-9.86844860236523,-20.37880475772,6.90999087952177));
#4036=CARTESIAN_POINT('',(-10.7000000000008,-21.1680497756171,7.17190133067592));
#4037=CARTESIAN_POINT('',(-7.55000000000001,-19.92969717897,6.76082550871701));
#4038=CARTESIAN_POINT('',(-10.7,-21.1680497756181,7.17190133067622));
#4039=CARTESIAN_POINT('',(-7.55000000000001,0.,0.));
#4040=CARTESIAN_POINT('',(-10.7,0.,0.));
#4041=CARTESIAN_POINT('',(7.55,0.,0.));
#4042=CARTESIAN_POINT('',(7.55,0.,0.));
#4043=CARTESIAN_POINT('',(7.55,-28.386993056067,9.56383992076626));
#4044=CARTESIAN_POINT('',(4.40000000000001,-27.1482832333963,9.15386352745617));
#4045=CARTESIAN_POINT('',(5.23230967767592,-27.9384358125033,9.4154346381721));
#4046=CARTESIAN_POINT('',(6.3876700396596,-28.3869930560708,9.56383992075475));
#4047=CARTESIAN_POINT('',(7.55,-28.3869930560708,9.56383992075475));
#4048=CARTESIAN_POINT('',(4.40000000000001,-27.1482832333963,9.15386352745615));
#4049=CARTESIAN_POINT('',(4.40000000000001,0.,0.));
#4050=CARTESIAN_POINT('',(-7.55,-24.2519411655264,7.87993335656115));
#4051=CARTESIAN_POINT('',(-4.40000000000001,-21.1680497756181,7.17190133067626));
#4052=CARTESIAN_POINT('',(-5.23230862888288,-20.3780860517083,6.90975237739442));
#4053=CARTESIAN_POINT('',(-6.38766902283009,-19.9296971789701,6.76082550871677));
#4054=CARTESIAN_POINT('',(-7.55000000000001,-19.9296971789701,6.76082550871677));
#4055=CARTESIAN_POINT('',(-4.40000000000001,-21.1680497756181,7.17190133067631));
#4056=CARTESIAN_POINT('',(-10.7,-21.1680497756181,7.17190133067622));
#4057=CARTESIAN_POINT('',(-10.7188780835049,-21.2278676592689,6.99534732076845));
#4058=CARTESIAN_POINT('',(-10.7188780835049,-21.2854676805023,6.81807268367769));
#4059=CARTESIAN_POINT('',(-10.7,-21.3408498393181,6.64007741940393));
#4060=CARTESIAN_POINT('',(-10.7,-21.3408498393181,6.64007741940393));
#4061=CARTESIAN_POINT('',(-10.7,-21.3408498393181,6.64007741940392));
#4062=CARTESIAN_POINT('',(-9.86769137111712,-20.5476684730924,6.38783135090632));
#4063=CARTESIAN_POINT('',(-8.71233097716992,-20.0973772378797,6.24475935189802));
#4064=CARTESIAN_POINT('',(-7.55000000000001,-20.0973772378797,6.24475935189802));
#4065=CARTESIAN_POINT('',(-7.55000000000001,-20.0973772378797,6.24475935189801));
#4066=CARTESIAN_POINT('',(-7.55000000000001,-20.0973772378797,6.24475935189802));
#4067=CARTESIAN_POINT('',(-6.38873094979366,-20.0973772378797,6.24475935189802));
#4068=CARTESIAN_POINT('',(-5.23155139763478,-20.5483901065029,6.38806084342645));
#4069=CARTESIAN_POINT('',(-4.39999999999917,-21.3408498393171,6.64007741940356));
#4070=CARTESIAN_POINT('',(-4.40000000000001,-21.3408498393181,6.64007741940387));
#4071=CARTESIAN_POINT('',(-4.40000000000001,-21.3408498393181,6.64007741940387));
#4072=CARTESIAN_POINT('',(-4.38112191649512,-21.2854676805023,6.81807268367768));
#4073=CARTESIAN_POINT('',(-4.38112191649513,-21.2278676592689,6.99534732076849));
#4074=CARTESIAN_POINT('',(-4.40000000000001,-21.1680497756181,7.17190133067631));
#4075=CARTESIAN_POINT('',(-10.7,-27.1482832333963,9.15386352745616));
#4076=CARTESIAN_POINT('',(-10.7188779210688,-27.2157161612178,8.95387275653592));
#4077=CARTESIAN_POINT('',(-10.7188779210688,-27.2809312457053,8.75316136463331));
#4078=CARTESIAN_POINT('',(-10.7,-27.3439284868587,8.55172935174833));
#4079=CARTESIAN_POINT('',(-10.7,-27.1482832333963,9.15386352745616));
#4080=CARTESIAN_POINT('',(-10.7,-27.3439284868587,8.55172935174833));
#4081=CARTESIAN_POINT('',(-7.55,-28.3869930560708,9.56383992075475));
#4082=CARTESIAN_POINT('',(-8.71126808871614,-28.3869930560708,9.56383992075475));
#4083=CARTESIAN_POINT('',(-9.86844753201686,-27.9377169560413,9.41519666883782));
#4084=CARTESIAN_POINT('',(-10.7000000000008,-27.1482832333973,9.15386352745649));
#4085=CARTESIAN_POINT('',(-4.40000000000001,-27.3439284868588,8.5517293517483));
#4086=CARTESIAN_POINT('',(-4.38112207893116,-27.2809312457053,8.75316136463329));
#4087=CARTESIAN_POINT('',(-4.38112207893116,-27.2157161612178,8.95387275653591));
#4088=CARTESIAN_POINT('',(-4.40000000000001,-27.1482832333963,9.15386352745614));
#4089=CARTESIAN_POINT('',(-10.7,-27.3439284868588,8.5517293517483));
#4090=CARTESIAN_POINT('',(-9.86769032232408,-28.1369229928101,8.80455391100156));
#4091=CARTESIAN_POINT('',(-8.71232996034041,-28.5870438622706,8.94814684791514));
#4092=CARTESIAN_POINT('',(-7.55,-28.5870438622706,8.94814684791514));
#4093=CARTESIAN_POINT('',(7.55,-24.2519411655264,7.87993335656115));
#4094=CARTESIAN_POINT('',(4.40000000000001,-21.1680497756181,7.17190133067627));
#4095=CARTESIAN_POINT('',(5.23230862888288,-20.3780860517083,6.90975237739444));
#4096=CARTESIAN_POINT('',(6.38766902283008,-19.9296971789701,6.76082550871671));
#4097=CARTESIAN_POINT('',(7.55,-19.9296971789701,6.76082550871671));
#4098=CARTESIAN_POINT('',(4.40000000000001,-21.1680497756181,7.17190133067629));
#4099=CARTESIAN_POINT('',(4.40000000000001,-21.1680497756181,7.17190133067629));
#4100=CARTESIAN_POINT('',(4.38112191649513,-21.2278676592689,6.99534732076848));
#4101=CARTESIAN_POINT('',(4.38112191649513,-21.2854676805023,6.81807268367767));
#4102=CARTESIAN_POINT('',(4.40000000000001,-21.3408498393181,6.64007741940385));
#4103=CARTESIAN_POINT('',(4.40000000000001,-21.3408498393181,6.64007741940385));
#4104=CARTESIAN_POINT('',(7.55,-20.0973772378797,6.24475935189802));
#4105=CARTESIAN_POINT('',(6.38873094979365,-20.0973772378797,6.24475935189802));
#4106=CARTESIAN_POINT('',(5.23155139763478,-20.5483901065029,6.38806084342648));
#4107=CARTESIAN_POINT('',(4.39999999999916,-21.3408498393171,6.64007741940359));
#4108=CARTESIAN_POINT('',(10.7,-21.3408498393181,6.64007741940386));
#4109=CARTESIAN_POINT('',(10.7188780835049,-21.2854676805023,6.81807268367767));
#4110=CARTESIAN_POINT('',(10.7188780835049,-21.2278676592689,6.99534732076849));
#4111=CARTESIAN_POINT('',(10.7,-21.1680497756181,7.17190133067631));
#4112=CARTESIAN_POINT('',(10.7000000000044,-27.3439284868441,8.55172935179505));
#4113=CARTESIAN_POINT('',(10.7188779210688,-27.2809312456952,8.75316136466434));
#4114=CARTESIAN_POINT('',(10.7188779210674,-27.2157161612126,8.95387275655136));
#4115=CARTESIAN_POINT('',(10.7,-27.1482832333963,9.15386352745612));
#4116=CARTESIAN_POINT('',(10.7,-27.3439284868441,8.55172935179505));
#4117=CARTESIAN_POINT('',(10.7,-27.1482832333963,9.15386352745612));
#4118=CARTESIAN_POINT('',(10.6999999999999,-27.3439284868589,8.55172935174835));
#4119=CARTESIAN_POINT('',(9.86769032232398,-28.1369229928102,8.80455391100158));
#4120=CARTESIAN_POINT('',(8.71232996034035,-28.5870438622706,8.94814684791514));
#4121=CARTESIAN_POINT('',(7.55,-28.5870438622706,8.94814684791514));
#4122=CARTESIAN_POINT('',(7.55,-28.5870438622706,8.94814684791513));
#4123=CARTESIAN_POINT('',(7.55,-28.5870438622706,8.94814684791514));
#4124=CARTESIAN_POINT('',(6.38873191128386,-28.5870438622706,8.94814684791514));
#4125=CARTESIAN_POINT('',(5.23155246798314,-28.1362015508506,8.80432389901019));
#4126=CARTESIAN_POINT('',(4.39999999999917,-27.3439284868598,8.5517293517486));
#4127=CARTESIAN_POINT('',(4.40000000000001,-27.3439284868588,8.55172935174827));
#4128=CARTESIAN_POINT('',(4.4,-27.1482832333963,9.15386352745615));
#4129=CARTESIAN_POINT('',(4.38112207893116,-27.2157161612178,8.9538727565359));
#4130=CARTESIAN_POINT('',(4.38112207893116,-27.2809312457053,8.75316136463327));
#4131=CARTESIAN_POINT('',(4.40000000000001,-27.3439284868588,8.55172935174827));
#4132=CARTESIAN_POINT('',(7.55,-28.3869930560708,9.56383992075475));
#4133=CARTESIAN_POINT('',(8.71126808871614,-28.3869930560708,9.56383992075475));
#4134=CARTESIAN_POINT('',(9.86844753201686,-27.9377169560413,9.41519666883782));
#4135=CARTESIAN_POINT('',(10.7000000000008,-27.1482832333973,9.15386352745649));
#4136=CARTESIAN_POINT('',(-7.55,0.,0.));
#4137=CARTESIAN_POINT('',(-7.55000000000002,-20.0973772378797,-6.24475935189798));
#4138=CARTESIAN_POINT('',(-8.71126905020636,-20.0973772378797,-6.24475935189798));
#4139=CARTESIAN_POINT('',(-9.86844860236522,-20.5483901065029,-6.38806084342644));
#4140=CARTESIAN_POINT('',(-10.7000000000008,-21.3408498393171,-6.64007741940355));
#4141=CARTESIAN_POINT('',(-7.55000000000001,-20.0973772378724,-6.24475935192142));
#4142=CARTESIAN_POINT('',(-10.7,-21.3408498393181,-6.64007741940394));
#4143=CARTESIAN_POINT('',(-7.55000000000001,0.,0.));
#4144=CARTESIAN_POINT('',(-10.7,0.,0.));
#4145=CARTESIAN_POINT('',(7.55,0.,0.));
#4146=CARTESIAN_POINT('',(7.55,0.,0.));
#4147=CARTESIAN_POINT('',(7.55,-28.5870438622742,-8.94814684790358));
#4148=CARTESIAN_POINT('',(4.40000000000001,-27.3439284868588,-8.55172935174832));
#4149=CARTESIAN_POINT('',(5.23230967767592,-28.1369229928101,-8.80455391100158));
#4150=CARTESIAN_POINT('',(6.3876700396596,-28.5870438622706,-8.94814684791508));
#4151=CARTESIAN_POINT('',(7.55,-28.5870438622706,-8.94814684791508));
#4152=CARTESIAN_POINT('',(4.40000000000001,-27.3439284868587,-8.55172935174834));
#4153=CARTESIAN_POINT('',(4.40000000000001,0.,0.));
#4154=CARTESIAN_POINT('',(-7.55,-24.2519411655264,-7.87993335656116));
#4155=CARTESIAN_POINT('',(-4.40000000000001,-21.3408498393181,-6.64007741940387));
#4156=CARTESIAN_POINT('',(-5.23230862888288,-20.5476684730924,-6.38783135090627));
#4157=CARTESIAN_POINT('',(-6.3876690228301,-20.0973772378797,-6.24475935189798));
#4158=CARTESIAN_POINT('',(-7.55000000000002,-20.0973772378797,-6.24475935189798));
#4159=CARTESIAN_POINT('',(-4.40000000000001,-21.3408498393181,-6.64007741940385));
#4160=CARTESIAN_POINT('',(-10.7,-21.3408498393181,-6.64007741940395));
#4161=CARTESIAN_POINT('',(-10.7188780835049,-21.2854676805023,-6.8180726836777));
#4162=CARTESIAN_POINT('',(-10.7188780835049,-21.2278676592689,-6.99534732076846));
#4163=CARTESIAN_POINT('',(-10.7,-21.1680497756181,-7.17190133067623));
#4164=CARTESIAN_POINT('',(-10.7,-21.1680497756181,-7.17190133067623));
#4165=CARTESIAN_POINT('',(-10.7,-21.1680497756181,-7.17190133067628));
#4166=CARTESIAN_POINT('',(-9.86769137111712,-20.3780860517083,-6.90975237739445));
#4167=CARTESIAN_POINT('',(-8.71233097716992,-19.9296971789701,-6.76082550871678));
#4168=CARTESIAN_POINT('',(-7.55000000000001,-19.9296971789701,-6.76082550871678));
#4169=CARTESIAN_POINT('',(-7.55000000000001,-19.9296971789701,-6.76082550871677));
#4170=CARTESIAN_POINT('',(-7.55000000000001,-19.9296971789701,-6.76082550871678));
#4171=CARTESIAN_POINT('',(-6.38873094979366,-19.9296971789701,-6.76082550871678));
#4172=CARTESIAN_POINT('',(-5.23155139763478,-20.37880475772,-6.90999087952178));
#4173=CARTESIAN_POINT('',(-4.39999999999917,-21.1680497756171,-7.17190133067594));
#4174=CARTESIAN_POINT('',(-4.40000000000001,-21.1680497756181,-7.1719013306763));
#4175=CARTESIAN_POINT('',(-4.40000000000001,-21.1680497756181,-7.1719013306763));
#4176=CARTESIAN_POINT('',(-4.38112191649512,-21.2278676592689,-6.99534732076847));
#4177=CARTESIAN_POINT('',(-4.38112191649513,-21.2854676805023,-6.81807268367766));
#4178=CARTESIAN_POINT('',(-4.40000000000001,-21.3408498393181,-6.64007741940385));
#4179=CARTESIAN_POINT('',(-10.7,-27.3439284868587,-8.55172935174834));
#4180=CARTESIAN_POINT('',(-10.7188779210688,-27.2809312457053,-8.75316136463332));
#4181=CARTESIAN_POINT('',(-10.7188779210688,-27.2157161612178,-8.95387275653593));
#4182=CARTESIAN_POINT('',(-10.7,-27.1482832333963,-9.15386352745616));
#4183=CARTESIAN_POINT('',(-10.7,-27.3439284868587,-8.55172935174834));
#4184=CARTESIAN_POINT('',(-10.7,-27.1482832333963,-9.15386352745616));
#4185=CARTESIAN_POINT('',(-7.55,-28.5870438622706,-8.94814684791508));
#4186=CARTESIAN_POINT('',(-8.71126808871614,-28.5870438622706,-8.94814684791508));
#4187=CARTESIAN_POINT('',(-9.86844753201686,-28.1362015508506,-8.80432389901023));
#4188=CARTESIAN_POINT('',(-10.7000000000008,-27.3439284868598,-8.55172935174862));
#4189=CARTESIAN_POINT('',(-4.40000000000001,-27.1482832333963,-9.15386352745618));
#4190=CARTESIAN_POINT('',(-4.38112207893116,-27.2157161612178,-8.95387275653594));
#4191=CARTESIAN_POINT('',(-4.38112207893116,-27.2809312457053,-8.75316136463333));
#4192=CARTESIAN_POINT('',(-4.4,-27.3439284868587,-8.55172935174834));
#4193=CARTESIAN_POINT('',(-10.7,-27.1482832333963,-9.1538635274562));
#4194=CARTESIAN_POINT('',(-9.86769032232408,-27.9384358125033,-9.41543463817213));
#4195=CARTESIAN_POINT('',(-8.7123299603404,-28.3869930560709,-9.56383992075474));
#4196=CARTESIAN_POINT('',(-7.55,-28.3869930560709,-9.56383992075474));
#4197=CARTESIAN_POINT('',(7.55,-24.2519411655264,-7.87993335656116));
#4198=CARTESIAN_POINT('',(4.40000000000001,-21.3408498393181,-6.64007741940387));
#4199=CARTESIAN_POINT('',(5.23230862888288,-20.5476684730924,-6.38783135090627));
#4200=CARTESIAN_POINT('',(6.38766902283009,-20.0973772378797,-6.24475935189796));
#4201=CARTESIAN_POINT('',(7.55,-20.0973772378797,-6.24475935189796));
#4202=CARTESIAN_POINT('',(4.40000000000001,-21.3408498393181,-6.64007741940387));
#4203=CARTESIAN_POINT('',(4.40000000000001,-21.3408498393181,-6.64007741940387));
#4204=CARTESIAN_POINT('',(4.38112191649513,-21.2854676805023,-6.81807268367767));
#4205=CARTESIAN_POINT('',(4.38112191649513,-21.2278676592689,-6.99534732076849));
#4206=CARTESIAN_POINT('',(4.40000000000001,-21.1680497756181,-7.17190133067631));
#4207=CARTESIAN_POINT('',(4.40000000000001,-21.1680497756181,-7.17190133067631));
#4208=CARTESIAN_POINT('',(7.55,-19.92969717897,-6.76082550871684));
#4209=CARTESIAN_POINT('',(6.38873094979365,-19.92969717897,-6.76082550871684));
#4210=CARTESIAN_POINT('',(5.23155139763478,-20.37880475772,-6.90999087952182));
#4211=CARTESIAN_POINT('',(4.39999999999917,-21.1680497756171,-7.17190133067596));
#4212=CARTESIAN_POINT('',(10.7,-21.1680497756181,-7.1719013306763));
#4213=CARTESIAN_POINT('',(10.7188780835049,-21.2278676592689,-6.99534732076848));
#4214=CARTESIAN_POINT('',(10.7188780835049,-21.2854676805023,-6.81807268367766));
#4215=CARTESIAN_POINT('',(10.7,-21.3408498393181,-6.64007741940386));
#4216=CARTESIAN_POINT('',(10.7000000000044,-27.148283233412,-9.15386352740977));
#4217=CARTESIAN_POINT('',(10.7188779210688,-27.2157161612279,-8.9538727565049));
#4218=CARTESIAN_POINT('',(10.7188779210674,-27.2809312457101,-8.75316136461777));
#4219=CARTESIAN_POINT('',(10.7,-27.3439284868587,-8.55172935174837));
#4220=CARTESIAN_POINT('',(10.7,-27.1482832334119,-9.15386352740977));
#4221=CARTESIAN_POINT('',(10.7,-27.3439284868587,-8.55172935174837));
#4222=CARTESIAN_POINT('',(10.6999999999999,-27.1482832333964,-9.1538635274562));
#4223=CARTESIAN_POINT('',(9.86769032232398,-27.9384358125034,-9.4154346381721));
#4224=CARTESIAN_POINT('',(8.71232996034035,-28.3869930560709,-9.56383992075474));
#4225=CARTESIAN_POINT('',(7.55,-28.3869930560709,-9.56383992075474));
#4226=CARTESIAN_POINT('',(7.55,-28.3869930560708,-9.56383992075474));
#4227=CARTESIAN_POINT('',(7.55,-28.3869930560709,-9.56383992075474));
#4228=CARTESIAN_POINT('',(6.38873191128386,-28.3869930560709,-9.56383992075474));
#4229=CARTESIAN_POINT('',(5.23155246798314,-27.9377169560413,-9.41519666883783));
#4230=CARTESIAN_POINT('',(4.39999999999917,-27.1482832333973,-9.1538635274565));
#4231=CARTESIAN_POINT('',(4.40000000000001,-27.1482832333963,-9.15386352745622));
#4232=CARTESIAN_POINT('',(4.40000000000001,-27.3439284868587,-8.55172935174834));
#4233=CARTESIAN_POINT('',(4.38112207893116,-27.2809312457053,-8.75316136463334));
#4234=CARTESIAN_POINT('',(4.38112207893116,-27.2157161612178,-8.95387275653597));
#4235=CARTESIAN_POINT('',(4.40000000000001,-27.1482832333963,-9.15386352745622));
#4236=CARTESIAN_POINT('',(7.55,-28.5870438622706,-8.94814684791508));
#4237=CARTESIAN_POINT('',(8.71126808871614,-28.5870438622706,-8.94814684791508));
#4238=CARTESIAN_POINT('',(9.86844753201686,-28.1362015508506,-8.80432389901021));
#4239=CARTESIAN_POINT('',(10.7000000000008,-27.3439284868598,-8.55172935174861));
#4240=CARTESIAN_POINT('',(-7.55,0.,0.));
#4241=CARTESIAN_POINT('',(-7.55000000000002,-12.5885422766478,-16.8650583916515));
#4242=CARTESIAN_POINT('',(-8.71126905020636,-12.5885422766478,-16.8650583916515));
#4243=CARTESIAN_POINT('',(-9.86844860236523,-12.8691888486938,-17.2460904463882));
#4244=CARTESIAN_POINT('',(-10.7000000000008,-13.3621706132057,-17.9157722832016));
#4245=CARTESIAN_POINT('',(-7.55000000000001,-12.5885422766281,-16.8650583916662));
#4246=CARTESIAN_POINT('',(-10.7,-13.3621706132063,-17.9157722832025));
#4247=CARTESIAN_POINT('',(-7.55000000000001,0.,0.));
#4248=CARTESIAN_POINT('',(-10.7,0.,0.));
#4249=CARTESIAN_POINT('',(7.55,0.,0.));
#4250=CARTESIAN_POINT('',(7.55,0.,0.));
#4251=CARTESIAN_POINT('',(7.55,-17.8678155509768,-24.0422456569994));
#4252=CARTESIAN_POINT('',(4.40000000000001,-17.0951224442877,-22.990852281175));
#4253=CARTESIAN_POINT('',(5.23230967767592,-17.5880619287019,-23.6615021219534));
#4254=CARTESIAN_POINT('',(6.3876700396596,-17.867815550967,-24.0422456570067));
#4255=CARTESIAN_POINT('',(7.55,-17.867815550967,-24.0422456570067));
#4256=CARTESIAN_POINT('',(4.40000000000001,-17.0951224442876,-22.9908522811751));
#4257=CARTESIAN_POINT('',(4.40000000000001,0.,0.));
#4258=CARTESIAN_POINT('',(-7.55,-14.9885239334581,-20.6299333565612));
#4259=CARTESIAN_POINT('',(-4.40000000000001,-13.3621706132063,-17.9157722832025));
#4260=CARTESIAN_POINT('',(-5.23230862888288,-12.8687399273198,-17.245480617563));
#4261=CARTESIAN_POINT('',(-6.3876690228301,-12.5885422766478,-16.8650583916515));
#4262=CARTESIAN_POINT('',(-7.55000000000002,-12.5885422766478,-16.8650583916515));
#4263=CARTESIAN_POINT('',(-4.40000000000001,-13.3621706132064,-17.9157722832024));
#4264=CARTESIAN_POINT('',(-10.7,-13.3621706132063,-17.9157722832025));
#4265=CARTESIAN_POINT('',(-10.7188780835049,-13.2127425142211,-18.0272206607262));
#4266=CARTESIAN_POINT('',(-10.7188780835049,-13.0619437008796,-18.1367824117916));
#4267=CARTESIAN_POINT('',(-10.7,-12.9097741731816,-18.2444575363987));
#4268=CARTESIAN_POINT('',(-10.7,-12.9097741731816,-18.2444575363987));
#4269=CARTESIAN_POINT('',(-10.7,-12.9097741731815,-18.2444575363987));
#4270=CARTESIAN_POINT('',(-9.86769137111712,-12.4247673842418,-17.5680455513759));
#4271=CARTESIAN_POINT('',(-8.71233097716992,-12.1495501831868,-17.184004817009));
#4272=CARTESIAN_POINT('',(-7.55000000000001,-12.1495501831868,-17.184004817009));
#4273=CARTESIAN_POINT('',(-7.55000000000001,-12.1495501831867,-17.184004817009));
#4274=CARTESIAN_POINT('',(-7.55000000000001,-12.1495501831868,-17.184004817009));
#4275=CARTESIAN_POINT('',(-6.38873094979366,-12.1495501831868,-17.184004817009));
#4276=CARTESIAN_POINT('',(-5.23155139763478,-12.4252086415861,-17.5686609484445));
#4277=CARTESIAN_POINT('',(-4.39999999999917,-12.9097741731809,-18.2444575363979));
#4278=CARTESIAN_POINT('',(-4.40000000000001,-12.9097741731815,-18.2444575363987));
#4279=CARTESIAN_POINT('',(-4.40000000000001,-12.9097741731815,-18.2444575363987));
#4280=CARTESIAN_POINT('',(-4.38112191649512,-13.0619437008795,-18.1367824117916));
#4281=CARTESIAN_POINT('',(-4.38112191649513,-13.2127425142212,-18.0272206607261));
#4282=CARTESIAN_POINT('',(-4.40000000000001,-13.3621706132064,-17.9157722832024));
#4283=CARTESIAN_POINT('',(-10.7,-17.0951224442876,-22.9908522811751));
#4284=CARTESIAN_POINT('',(-10.7188779210688,-16.9257578390823,-23.116785353525));
#4285=CARTESIAN_POINT('',(-10.7188779210688,-16.7550225313149,-23.2408318156501));
#4286=CARTESIAN_POINT('',(-10.7,-16.5829165209854,-23.3629916675504));
#4287=CARTESIAN_POINT('',(-10.7,-17.0951224442876,-22.9908522811751));
#4288=CARTESIAN_POINT('',(-10.7,-16.5829165209854,-23.3629916675504));
#4289=CARTESIAN_POINT('',(-7.55,-17.867815550967,-24.0422456570067));
#4290=CARTESIAN_POINT('',(-8.71126808871614,-17.867815550967,-24.0422456570067));
#4291=CARTESIAN_POINT('',(-9.86844753201686,-17.5876134675525,-23.6608919853994));
#4292=CARTESIAN_POINT('',(-10.7000000000008,-17.0951224442883,-22.9908522811759));
#4293=CARTESIAN_POINT('',(-4.40000000000001,-16.5829165209854,-23.3629916675504));
#4294=CARTESIAN_POINT('',(-4.38112207893116,-16.7550225313149,-23.2408318156502));
#4295=CARTESIAN_POINT('',(-4.38112207893116,-16.9257578390823,-23.116785353525));
#4296=CARTESIAN_POINT('',(-4.40000000000001,-17.0951224442876,-22.9908522811751));
#4297=CARTESIAN_POINT('',(-10.7,-16.5829165209854,-23.3629916675504));
#4298=CARTESIAN_POINT('',(-9.86769032232408,-17.0684157443276,-24.0390471744171));
#4299=CARTESIAN_POINT('',(-8.7123299603404,-17.3440757408593,-24.4227649026594));
#4300=CARTESIAN_POINT('',(-7.55,-17.3440757408593,-24.4227649026594));
#4301=CARTESIAN_POINT('',(7.55,-14.9885239334581,-20.6299333565612));
#4302=CARTESIAN_POINT('',(4.40000000000001,-13.3621706132063,-17.9157722832025));
#4303=CARTESIAN_POINT('',(5.23230862888288,-12.8687399273198,-17.245480617563));
#4304=CARTESIAN_POINT('',(6.38766902283008,-12.5885422766478,-16.8650583916515));
#4305=CARTESIAN_POINT('',(7.55,-12.5885422766478,-16.8650583916515));
#4306=CARTESIAN_POINT('',(4.40000000000001,-13.3621706132063,-17.9157722832024));
#4307=CARTESIAN_POINT('',(4.40000000000001,-13.3621706132063,-17.9157722832024));
#4308=CARTESIAN_POINT('',(4.38112191649513,-13.2127425142211,-18.0272206607262));
#4309=CARTESIAN_POINT('',(4.38112191649513,-13.0619437008795,-18.1367824117916));
#4310=CARTESIAN_POINT('',(4.40000000000001,-12.9097741731815,-18.2444575363987));
#4311=CARTESIAN_POINT('',(4.40000000000001,-12.9097741731815,-18.2444575363987));
#4312=CARTESIAN_POINT('',(7.55,-12.1495501831868,-17.184004817009));
#4313=CARTESIAN_POINT('',(6.38873094979365,-12.1495501831868,-17.184004817009));
#4314=CARTESIAN_POINT('',(5.23155139763478,-12.4252086415861,-17.5686609484445));
#4315=CARTESIAN_POINT('',(4.39999999999917,-12.9097741731809,-18.2444575363979));
#4316=CARTESIAN_POINT('',(10.7,-12.9097741731815,-18.2444575363987));
#4317=CARTESIAN_POINT('',(10.7188780835049,-13.0619437008795,-18.1367824117916));
#4318=CARTESIAN_POINT('',(10.7188780835049,-13.2127425142212,-18.0272206607262));
#4319=CARTESIAN_POINT('',(10.7,-13.3621706132064,-17.9157722832024));
#4320=CARTESIAN_POINT('',(10.7000000000044,-16.5829165210253,-23.3629916675221));
#4321=CARTESIAN_POINT('',(10.7188779210688,-16.7550225313413,-23.240831815631));
#4322=CARTESIAN_POINT('',(10.7188779210674,-16.9257578390954,-23.1167853535153));
#4323=CARTESIAN_POINT('',(10.7,-17.0951224442876,-22.9908522811751));
#4324=CARTESIAN_POINT('',(10.7,-16.5829165210253,-23.3629916675221));
#4325=CARTESIAN_POINT('',(10.7,-17.0951224442876,-22.9908522811751));
#4326=CARTESIAN_POINT('',(10.6999999999999,-16.5829165209854,-23.3629916675505));
#4327=CARTESIAN_POINT('',(9.86769032232398,-17.0684157443276,-24.0390471744171));
#4328=CARTESIAN_POINT('',(8.71232996034035,-17.3440757408593,-24.4227649026594));
#4329=CARTESIAN_POINT('',(7.55,-17.3440757408593,-24.4227649026594));
#4330=CARTESIAN_POINT('',(7.55,-17.3440757408592,-24.4227649026595));
#4331=CARTESIAN_POINT('',(7.55,-17.3440757408593,-24.4227649026594));
#4332=CARTESIAN_POINT('',(6.38873191128386,-17.3440757408593,-24.4227649026594));
#4333=CARTESIAN_POINT('',(5.23155246798314,-17.0679740520984,-24.0384321199546));
#4334=CARTESIAN_POINT('',(4.39999999999917,-16.582916520986,-23.3629916675513));
#4335=CARTESIAN_POINT('',(4.40000000000001,-16.5829165209853,-23.3629916675504));
#4336=CARTESIAN_POINT('',(4.40000000000001,-17.0951224442876,-22.9908522811751));
#4337=CARTESIAN_POINT('',(4.38112207893116,-16.9257578390823,-23.116785353525));
#4338=CARTESIAN_POINT('',(4.38112207893116,-16.7550225313149,-23.2408318156502));
#4339=CARTESIAN_POINT('',(4.40000000000001,-16.5829165209853,-23.3629916675504));
#4340=CARTESIAN_POINT('',(7.55,-17.867815550967,-24.0422456570067));
#4341=CARTESIAN_POINT('',(8.71126808871614,-17.867815550967,-24.0422456570067));
#4342=CARTESIAN_POINT('',(9.86844753201686,-17.5876134675525,-23.6608919853994));
#4343=CARTESIAN_POINT('',(10.7000000000008,-17.0951224442883,-22.9908522811759));
#4344=CARTESIAN_POINT('',(-7.55,0.,0.));
#4345=CARTESIAN_POINT('',(-7.55000000000002,-0.271312034551435,-21.0434783480457));
#4346=CARTESIAN_POINT('',(-8.71126905020636,-0.271312034551435,-21.0434783480458));
#4347=CARTESIAN_POINT('',(-9.86844860236522,-0.274394858324823,-21.5166996718844));
#4348=CARTESIAN_POINT('',(-10.7000000000008,-0.27959637632481,-22.3482510695199));
#4349=CARTESIAN_POINT('',(-7.55000000000001,-0.271312034526838,-21.0434783480461));
#4350=CARTESIAN_POINT('',(-10.7,-0.279596376324725,-22.348251069521));
#4351=CARTESIAN_POINT('',(-7.55000000000001,0.,0.));
#4352=CARTESIAN_POINT('',(-10.7,0.,0.));
#4353=CARTESIAN_POINT('',(7.55,0.,0.));
#4354=CARTESIAN_POINT('',(7.55,0.,0.));
#4355=CARTESIAN_POINT('',(7.55,-0.323689003920154,-29.9530237909961));
#4356=CARTESIAN_POINT('',(4.40000000000001,-0.316560669839818,-28.648251069521));
#4357=CARTESIAN_POINT('',(5.23230967767592,-0.321159004067504,-29.4805607471969));
#4358=CARTESIAN_POINT('',(6.3876700396596,-0.323689003908074,-29.9530237909962));
#4359=CARTESIAN_POINT('',(7.55,-0.323689003908074,-29.9530237909962));
#4360=CARTESIAN_POINT('',(4.40000000000001,-0.316560669839814,-28.648251069521));
#4361=CARTESIAN_POINT('',(4.40000000000001,0.,0.));
#4362=CARTESIAN_POINT('',(-7.55,-3.12284933782575E-15,-25.5));
#4363=CARTESIAN_POINT('',(-4.40000000000001,-0.279596376324828,-22.348251069521));
#4364=CARTESIAN_POINT('',(-5.23230862888289,-0.27439012169404,-21.5159424406381));
#4365=CARTESIAN_POINT('',(-6.3876690228301,-0.271312034551435,-21.0434783480457));
#4366=CARTESIAN_POINT('',(-7.55000000000002,-0.271312034551435,-21.0434783480458));
#4367=CARTESIAN_POINT('',(-4.40000000000001,-0.27959637632482,-22.348251069521));
#4368=CARTESIAN_POINT('',(-10.7,-0.279596376324725,-22.348251069521));
#4369=CARTESIAN_POINT('',(-10.7188780835049,-0.093198792108246,-22.3505830680716));
#4370=CARTESIAN_POINT('',(-10.7188780835049,0.0931987921082385,-22.3505830680716));
#4371=CARTESIAN_POINT('',(-10.7,0.279596376324728,-22.348251069521));
#4372=CARTESIAN_POINT('',(-10.7,0.279596376324728,-22.348251069521));
#4373=CARTESIAN_POINT('',(-10.7,0.279596376324745,-22.348251069521));
#4374=CARTESIAN_POINT('',(-9.86769137111713,0.274390121693957,-21.5159424406381));
#4375=CARTESIAN_POINT('',(-8.71233097716992,0.271312034551422,-21.0434783480458));
#4376=CARTESIAN_POINT('',(-7.55000000000001,0.271312034551422,-21.0434783480457));
#4377=CARTESIAN_POINT('',(-7.55000000000001,0.271312034551369,-21.0434783480457));
#4378=CARTESIAN_POINT('',(-7.55000000000001,0.271312034551422,-21.0434783480457));
#4379=CARTESIAN_POINT('',(-6.38873094979366,0.271312034551422,-21.0434783480457));
#4380=CARTESIAN_POINT('',(-5.23155139763478,0.274394858324738,-21.5166996718844));
#4381=CARTESIAN_POINT('',(-4.39999999999916,0.279596376324727,-22.3482510695199));
#4382=CARTESIAN_POINT('',(-4.40000000000001,0.279596376324797,-22.348251069521));
#4383=CARTESIAN_POINT('',(-4.40000000000001,0.279596376324797,-22.348251069521));
#4384=CARTESIAN_POINT('',(-4.38112191649512,0.0931987921082528,-22.3505830680716));
#4385=CARTESIAN_POINT('',(-4.38112191649512,-0.0931987921082864,-22.3505830680716));
#4386=CARTESIAN_POINT('',(-4.40000000000001,-0.27959637632482,-22.348251069521));
#4387=CARTESIAN_POINT('',(-10.7,-0.316560669839819,-28.648251069521));
#4388=CARTESIAN_POINT('',(-10.7188779210688,-0.105520223279944,-28.6505830480059));
#4389=CARTESIAN_POINT('',(-10.7188779210688,0.105520223279931,-28.650583048006));
#4390=CARTESIAN_POINT('',(-10.7,0.316560669839809,-28.648251069521));
#4391=CARTESIAN_POINT('',(-10.7,-0.316560669839819,-28.648251069521));
#4392=CARTESIAN_POINT('',(-10.7,0.316560669839809,-28.648251069521));
#4393=CARTESIAN_POINT('',(-7.55,-0.323689003908073,-29.9530237909962));
#4394=CARTESIAN_POINT('',(-8.71126808871614,-0.323689003908073,-29.9530237909962));
#4395=CARTESIAN_POINT('',(-9.86844753201686,-0.321154820644748,-29.4798035375059));
#4396=CARTESIAN_POINT('',(-10.7000000000008,-0.31656066983983,-28.648251069522));
#4397=CARTESIAN_POINT('',(-4.40000000000001,0.316560669839835,-28.648251069521));
#4398=CARTESIAN_POINT('',(-4.38112207893116,0.105520223279953,-28.650583048006));
#4399=CARTESIAN_POINT('',(-4.38112207893116,-0.105520223279928,-28.650583048006));
#4400=CARTESIAN_POINT('',(-4.40000000000001,-0.316560669839807,-28.648251069521));
#4401=CARTESIAN_POINT('',(-10.7,0.316560669839878,-28.648251069521));
#4402=CARTESIAN_POINT('',(-9.86769032232408,0.321159004067561,-29.4805607471969));
#4403=CARTESIAN_POINT('',(-8.71232996034041,0.323689003908066,-29.9530237909962));
#4404=CARTESIAN_POINT('',(-7.55,0.323689003908066,-29.9530237909962));
#4405=CARTESIAN_POINT('',(7.55,-3.12284933782575E-15,-25.5));
#4406=CARTESIAN_POINT('',(4.40000000000001,-0.279596376324828,-22.348251069521));
#4407=CARTESIAN_POINT('',(5.23230862888288,-0.27439012169404,-21.5159424406381));
#4408=CARTESIAN_POINT('',(6.38766902283008,-0.271312034551423,-21.0434783480457));
#4409=CARTESIAN_POINT('',(7.55,-0.271312034551423,-21.0434783480457));
#4410=CARTESIAN_POINT('',(4.40000000000001,-0.279596376324802,-22.348251069521));
#4411=CARTESIAN_POINT('',(4.40000000000001,-0.279596376324802,-22.348251069521));
#4412=CARTESIAN_POINT('',(4.38112191649513,-0.0931987921082699,-22.3505830680716));
#4413=CARTESIAN_POINT('',(4.38112191649512,0.0931987921082678,-22.3505830680716));
#4414=CARTESIAN_POINT('',(4.40000000000001,0.279596376324811,-22.348251069521));
#4415=CARTESIAN_POINT('',(4.40000000000001,0.279596376324811,-22.348251069521));
#4416=CARTESIAN_POINT('',(7.55,0.271312034551422,-21.0434783480457));
#4417=CARTESIAN_POINT('',(6.38873094979365,0.271312034551422,-21.0434783480457));
#4418=CARTESIAN_POINT('',(5.23155139763478,0.27439485832474,-21.5166996718844));
#4419=CARTESIAN_POINT('',(4.39999999999916,0.279596376324727,-22.3482510695199));
#4420=CARTESIAN_POINT('',(10.7,0.279596376324804,-22.348251069521));
#4421=CARTESIAN_POINT('',(10.7188780835049,0.0931987921082582,-22.3505830680716));
#4422=CARTESIAN_POINT('',(10.7188780835049,-0.0931987921082825,-22.3505830680716));
#4423=CARTESIAN_POINT('',(10.7,-0.279596376324818,-22.348251069521));
#4424=CARTESIAN_POINT('',(10.7000000000044,0.316560669790856,-28.6482510695215));
#4425=CARTESIAN_POINT('',(10.7188779210688,0.105520223247308,-28.6505830480059));
#4426=CARTESIAN_POINT('',(10.7188779210674,-0.105520223296237,-28.6505830480058));
#4427=CARTESIAN_POINT('',(10.7,-0.316560669839781,-28.648251069521));
#4428=CARTESIAN_POINT('',(10.7,0.316560669790856,-28.6482510695215));
#4429=CARTESIAN_POINT('',(10.7,-0.316560669839781,-28.648251069521));
#4430=CARTESIAN_POINT('',(10.6999999999999,0.316560669839796,-28.6482510695211));
#4431=CARTESIAN_POINT('',(9.86769032232398,0.321159004067469,-29.4805607471969));
#4432=CARTESIAN_POINT('',(8.71232996034035,0.323689003908066,-29.9530237909962));
#4433=CARTESIAN_POINT('',(7.55,0.323689003908066,-29.9530237909962));
#4434=CARTESIAN_POINT('',(7.55,0.323689003908063,-29.9530237909962));
#4435=CARTESIAN_POINT('',(7.55,0.323689003908066,-29.9530237909962));
#4436=CARTESIAN_POINT('',(6.38873191128386,0.323689003908066,-29.9530237909962));
#4437=CARTESIAN_POINT('',(5.23155246798314,0.321154820644727,-29.4798035375059));
#4438=CARTESIAN_POINT('',(4.39999999999917,0.316560669839807,-28.648251069522));
#4439=CARTESIAN_POINT('',(4.40000000000001,0.31656066983987,-28.648251069521));
#4440=CARTESIAN_POINT('',(4.40000000000001,-0.316560669839814,-28.648251069521));
#4441=CARTESIAN_POINT('',(4.38112207893116,-0.105520223279921,-28.6505830480059));
#4442=CARTESIAN_POINT('',(4.38112207893116,0.105520223279974,-28.650583048006));
#4443=CARTESIAN_POINT('',(4.40000000000001,0.31656066983987,-28.648251069521));
#4444=CARTESIAN_POINT('',(7.55,-0.323689003908073,-29.9530237909962));
#4445=CARTESIAN_POINT('',(8.71126808871614,-0.323689003908073,-29.9530237909962));
#4446=CARTESIAN_POINT('',(9.86844753201686,-0.321154820644735,-29.4798035375059));
#4447=CARTESIAN_POINT('',(10.7000000000008,-0.316560669839817,-28.648251069522));
#4448=CARTESIAN_POINT('',(-7.55,0.,0.));
#4449=CARTESIAN_POINT('',(-7.55000000000002,12.1495501831867,-17.184004817009));
#4450=CARTESIAN_POINT('',(-8.71126905020636,12.1495501831867,-17.184004817009));
#4451=CARTESIAN_POINT('',(-9.86844860236523,12.4252086415861,-17.5686609484445));
#4452=CARTESIAN_POINT('',(-10.7000000000008,12.9097741731809,-18.2444575363979));
#4453=CARTESIAN_POINT('',(-7.55000000000001,12.1495501832068,-17.1840048169949));
#4454=CARTESIAN_POINT('',(-10.7,12.9097741731816,-18.2444575363987));
#4455=CARTESIAN_POINT('',(-7.55000000000001,0.,0.));
#4456=CARTESIAN_POINT('',(-10.7,0.,0.));
#4457=CARTESIAN_POINT('',(7.55,0.,0.));
#4458=CARTESIAN_POINT('',(7.55,0.,0.));
#4459=CARTESIAN_POINT('',(7.55,17.3440757408494,-24.4227649026664));
#4460=CARTESIAN_POINT('',(4.40000000000001,16.5829165209854,-23.3629916675504));
#4461=CARTESIAN_POINT('',(5.23230967767592,17.0684157443276,-24.0390471744171));
#4462=CARTESIAN_POINT('',(6.3876700396596,17.3440757408593,-24.4227649026594));
#4463=CARTESIAN_POINT('',(7.55,17.3440757408593,-24.4227649026594));
#4464=CARTESIAN_POINT('',(4.40000000000001,16.5829165209854,-23.3629916675504));
#4465=CARTESIAN_POINT('',(4.40000000000001,0.,0.));
#4466=CARTESIAN_POINT('',(-7.55,14.9885239334581,-20.6299333565612));
#4467=CARTESIAN_POINT('',(-4.40000000000001,12.9097741731815,-18.2444575363987));
#4468=CARTESIAN_POINT('',(-5.23230862888288,12.4247673842418,-17.5680455513759));
#4469=CARTESIAN_POINT('',(-6.3876690228301,12.1495501831867,-17.184004817009));
#4470=CARTESIAN_POINT('',(-7.55000000000002,12.1495501831867,-17.184004817009));
#4471=CARTESIAN_POINT('',(-4.40000000000001,12.9097741731815,-18.2444575363987));
#4472=CARTESIAN_POINT('',(-10.7,12.9097741731816,-18.2444575363987));
#4473=CARTESIAN_POINT('',(-10.7188780835049,13.0619437008795,-18.1367824117916));
#4474=CARTESIAN_POINT('',(-10.7188780835049,13.2127425142211,-18.0272206607262));
#4475=CARTESIAN_POINT('',(-10.7,13.3621706132063,-17.9157722832025));
#4476=CARTESIAN_POINT('',(-10.7,13.3621706132063,-17.9157722832025));
#4477=CARTESIAN_POINT('',(-10.7,13.3621706132063,-17.9157722832024));
#4478=CARTESIAN_POINT('',(-9.86769137111712,12.8687399273199,-17.245480617563));
#4479=CARTESIAN_POINT('',(-8.71233097716992,12.5885422766478,-16.8650583916515));
#4480=CARTESIAN_POINT('',(-7.55000000000001,12.5885422766478,-16.8650583916515));
#4481=CARTESIAN_POINT('',(-7.55000000000001,12.5885422766478,-16.8650583916515));
#4482=CARTESIAN_POINT('',(-7.55000000000001,12.5885422766478,-16.8650583916515));
#4483=CARTESIAN_POINT('',(-6.38873094979366,12.5885422766478,-16.8650583916515));
#4484=CARTESIAN_POINT('',(-5.23155139763478,12.8691888486938,-17.2460904463881));
#4485=CARTESIAN_POINT('',(-4.39999999999917,13.3621706132057,-17.9157722832016));
#4486=CARTESIAN_POINT('',(-4.40000000000001,13.3621706132063,-17.9157722832024));
#4487=CARTESIAN_POINT('',(-4.40000000000001,13.3621706132063,-17.9157722832024));
#4488=CARTESIAN_POINT('',(-4.38112191649512,13.2127425142211,-18.0272206607262));
#4489=CARTESIAN_POINT('',(-4.38112191649513,13.0619437008795,-18.1367824117916));
#4490=CARTESIAN_POINT('',(-4.40000000000001,12.9097741731815,-18.2444575363987));
#4491=CARTESIAN_POINT('',(-10.7,16.5829165209854,-23.3629916675504));
#4492=CARTESIAN_POINT('',(-10.7188779210688,16.7550225313149,-23.2408318156502));
#4493=CARTESIAN_POINT('',(-10.7188779210688,16.9257578390823,-23.116785353525));
#4494=CARTESIAN_POINT('',(-10.7,17.0951224442876,-22.9908522811751));
#4495=CARTESIAN_POINT('',(-10.7,16.5829165209854,-23.3629916675504));
#4496=CARTESIAN_POINT('',(-10.7,17.0951224442876,-22.9908522811751));
#4497=CARTESIAN_POINT('',(-7.55,17.3440757408593,-24.4227649026594));
#4498=CARTESIAN_POINT('',(-8.71126808871614,17.3440757408593,-24.4227649026594));
#4499=CARTESIAN_POINT('',(-9.86844753201687,17.0679740520985,-24.0384321199546));
#4500=CARTESIAN_POINT('',(-10.7000000000008,16.582916520986,-23.3629916675512));
#4501=CARTESIAN_POINT('',(-4.40000000000001,17.0951224442877,-22.9908522811751));
#4502=CARTESIAN_POINT('',(-4.38112207893117,16.9257578390824,-23.116785353525));
#4503=CARTESIAN_POINT('',(-4.38112207893116,16.7550225313149,-23.2408318156501));
#4504=CARTESIAN_POINT('',(-4.40000000000001,16.5829165209854,-23.3629916675504));
#4505=CARTESIAN_POINT('',(-10.7,17.0951224442876,-22.9908522811751));
#4506=CARTESIAN_POINT('',(-9.86769032232408,17.5880619287018,-23.6615021219535));
#4507=CARTESIAN_POINT('',(-8.7123299603404,17.867815550967,-24.0422456570067));
#4508=CARTESIAN_POINT('',(-7.55,17.867815550967,-24.0422456570067));
#4509=CARTESIAN_POINT('',(7.55,14.9885239334581,-20.6299333565612));
#4510=CARTESIAN_POINT('',(4.40000000000001,12.9097741731815,-18.2444575363987));
#4511=CARTESIAN_POINT('',(5.23230862888288,12.4247673842418,-17.5680455513759));
#4512=CARTESIAN_POINT('',(6.38766902283009,12.1495501831867,-17.184004817009));
#4513=CARTESIAN_POINT('',(7.55,12.1495501831867,-17.184004817009));
#4514=CARTESIAN_POINT('',(4.40000000000001,12.9097741731815,-18.2444575363987));
#4515=CARTESIAN_POINT('',(4.40000000000001,12.9097741731815,-18.2444575363987));
#4516=CARTESIAN_POINT('',(4.38112191649513,13.0619437008795,-18.1367824117916));
#4517=CARTESIAN_POINT('',(4.38112191649513,13.2127425142211,-18.0272206607262));
#4518=CARTESIAN_POINT('',(4.40000000000001,13.3621706132064,-17.9157722832024));
#4519=CARTESIAN_POINT('',(4.40000000000001,13.3621706132064,-17.9157722832024));
#4520=CARTESIAN_POINT('',(7.55,12.5885422766478,-16.8650583916514));
#4521=CARTESIAN_POINT('',(6.38873094979365,12.5885422766478,-16.8650583916514));
#4522=CARTESIAN_POINT('',(5.23155139763478,12.8691888486938,-17.2460904463881));
#4523=CARTESIAN_POINT('',(4.39999999999917,13.3621706132057,-17.9157722832016));
#4524=CARTESIAN_POINT('',(10.7,13.3621706132063,-17.9157722832024));
#4525=CARTESIAN_POINT('',(10.7188780835049,13.2127425142211,-18.0272206607262));
#4526=CARTESIAN_POINT('',(10.7188780835049,13.0619437008795,-18.1367824117916));
#4527=CARTESIAN_POINT('',(10.7,12.9097741731815,-18.2444575363987));
#4528=CARTESIAN_POINT('',(10.7000000000044,17.0951224442483,-22.9908522812043));
#4529=CARTESIAN_POINT('',(10.7188779210688,16.925757839056,-23.1167853535442));
#4530=CARTESIAN_POINT('',(10.7188779210674,16.7550225313016,-23.2408318156596));
#4531=CARTESIAN_POINT('',(10.7,16.5829165209854,-23.3629916675504));
#4532=CARTESIAN_POINT('',(10.7,17.0951224442483,-22.9908522812043));
#4533=CARTESIAN_POINT('',(10.7,16.5829165209854,-23.3629916675504));
#4534=CARTESIAN_POINT('',(10.6999999999999,17.0951224442877,-22.9908522811752));
#4535=CARTESIAN_POINT('',(9.86769032232398,17.5880619287018,-23.6615021219535));
#4536=CARTESIAN_POINT('',(8.71232996034035,17.867815550967,-24.0422456570067));
#4537=CARTESIAN_POINT('',(7.55,17.867815550967,-24.0422456570067));
#4538=CARTESIAN_POINT('',(7.55,17.867815550967,-24.0422456570067));
#4539=CARTESIAN_POINT('',(7.55,17.867815550967,-24.0422456570067));
#4540=CARTESIAN_POINT('',(6.38873191128386,17.867815550967,-24.0422456570067));
#4541=CARTESIAN_POINT('',(5.23155246798313,17.5876134675525,-23.6608919853994));
#4542=CARTESIAN_POINT('',(4.39999999999916,17.0951224442882,-22.9908522811759));
#4543=CARTESIAN_POINT('',(4.40000000000001,17.0951224442877,-22.990852281175));
#4544=CARTESIAN_POINT('',(4.40000000000001,16.5829165209854,-23.3629916675504));
#4545=CARTESIAN_POINT('',(4.38112207893116,16.7550225313149,-23.2408318156501));
#4546=CARTESIAN_POINT('',(4.38112207893116,16.9257578390824,-23.116785353525));
#4547=CARTESIAN_POINT('',(4.40000000000001,17.0951224442877,-22.990852281175));
#4548=CARTESIAN_POINT('',(7.55,17.3440757408593,-24.4227649026594));
#4549=CARTESIAN_POINT('',(8.71126808871614,17.3440757408593,-24.4227649026594));
#4550=CARTESIAN_POINT('',(9.86844753201686,17.0679740520985,-24.0384321199546));
#4551=CARTESIAN_POINT('',(10.7000000000008,16.582916520986,-23.3629916675512));
#4552=CARTESIAN_POINT('',(-7.55,0.,0.));
#4553=CARTESIAN_POINT('',(-7.55000000000002,19.9296971789701,-6.7608255087168));
#4554=CARTESIAN_POINT('',(-8.71126905020636,19.9296971789701,-6.7608255087168));
#4555=CARTESIAN_POINT('',(-9.86844860236522,20.37880475772,-6.90999087952181));
#4556=CARTESIAN_POINT('',(-10.7000000000008,21.1680497756171,-7.17190133067596));
#4557=CARTESIAN_POINT('',(-7.55000000000001,19.9296971789779,-6.76082550869351));
#4558=CARTESIAN_POINT('',(-10.7,21.1680497756181,-7.17190133067622));
#4559=CARTESIAN_POINT('',(-7.55000000000001,0.,0.));
#4560=CARTESIAN_POINT('',(-10.7,0.,0.));
#4561=CARTESIAN_POINT('',(7.55,0.,0.));
#4562=CARTESIAN_POINT('',(7.55,0.,0.));
#4563=CARTESIAN_POINT('',(7.55,28.386993056067,-9.56383992076623));
#4564=CARTESIAN_POINT('',(4.40000000000001,27.1482832333963,-9.15386352745619));
#4565=CARTESIAN_POINT('',(5.23230967767592,27.9384358125033,-9.41543463817212));
#4566=CARTESIAN_POINT('',(6.3876700396596,28.3869930560709,-9.56383992075474));
#4567=CARTESIAN_POINT('',(7.55,28.3869930560709,-9.56383992075474));
#4568=CARTESIAN_POINT('',(4.40000000000001,27.1482832333963,-9.15386352745616));
#4569=CARTESIAN_POINT('',(4.40000000000001,0.,0.));
#4570=CARTESIAN_POINT('',(-7.55,24.2519411655264,-7.87993335656116));
#4571=CARTESIAN_POINT('',(-4.40000000000001,21.1680497756181,-7.17190133067631));
#4572=CARTESIAN_POINT('',(-5.23230862888288,20.3780860517083,-6.90975237739449));
#4573=CARTESIAN_POINT('',(-6.3876690228301,19.92969717897,-6.7608255087168));
#4574=CARTESIAN_POINT('',(-7.55000000000002,19.9296971789701,-6.7608255087168));
#4575=CARTESIAN_POINT('',(-4.40000000000001,21.1680497756181,-7.17190133067631));
#4576=CARTESIAN_POINT('',(-10.7,21.1680497756181,-7.17190133067622));
#4577=CARTESIAN_POINT('',(-10.7188780835049,21.2278676592689,-6.99534732076846));
#4578=CARTESIAN_POINT('',(-10.7188780835049,21.2854676805023,-6.8180726836777));
#4579=CARTESIAN_POINT('',(-10.7,21.3408498393181,-6.64007741940394));
#4580=CARTESIAN_POINT('',(-10.7,21.3408498393181,-6.64007741940394));
#4581=CARTESIAN_POINT('',(-10.7,21.3408498393181,-6.64007741940391));
#4582=CARTESIAN_POINT('',(-9.86769137111712,20.5476684730924,-6.3878313509063));
#4583=CARTESIAN_POINT('',(-8.71233097716992,20.0973772378797,-6.24475935189799));
#4584=CARTESIAN_POINT('',(-7.55000000000001,20.0973772378797,-6.24475935189799));
#4585=CARTESIAN_POINT('',(-7.55000000000001,20.0973772378797,-6.24475935189795));
#4586=CARTESIAN_POINT('',(-7.55000000000001,20.0973772378797,-6.24475935189799));
#4587=CARTESIAN_POINT('',(-6.38873094979366,20.0973772378797,-6.24475935189798));
#4588=CARTESIAN_POINT('',(-5.23155139763478,20.5483901065029,-6.38806084342645));
#4589=CARTESIAN_POINT('',(-4.39999999999917,21.3408498393171,-6.64007741940355));
#4590=CARTESIAN_POINT('',(-4.40000000000001,21.3408498393181,-6.64007741940387));
#4591=CARTESIAN_POINT('',(-4.40000000000001,21.3408498393181,-6.64007741940387));
#4592=CARTESIAN_POINT('',(-4.38112191649512,21.2854676805023,-6.81807268367769));
#4593=CARTESIAN_POINT('',(-4.38112191649513,21.2278676592689,-6.9953473207685));
#4594=CARTESIAN_POINT('',(-4.40000000000001,21.1680497756181,-7.17190133067632));
#4595=CARTESIAN_POINT('',(-10.7,27.1482832333963,-9.15386352745617));
#4596=CARTESIAN_POINT('',(-10.7188779210688,27.2157161612178,-8.95387275653593));
#4597=CARTESIAN_POINT('',(-10.7188779210688,27.2809312457053,-8.75316136463332));
#4598=CARTESIAN_POINT('',(-10.7,27.3439284868587,-8.55172935174834));
#4599=CARTESIAN_POINT('',(-10.7,27.1482832333963,-9.15386352745617));
#4600=CARTESIAN_POINT('',(-10.7,27.3439284868587,-8.55172935174834));
#4601=CARTESIAN_POINT('',(-7.55,28.3869930560709,-9.56383992075474));
#4602=CARTESIAN_POINT('',(-8.71126808871614,28.3869930560709,-9.56383992075474));
#4603=CARTESIAN_POINT('',(-9.86844753201686,27.9377169560413,-9.41519666883781));
#4604=CARTESIAN_POINT('',(-10.7000000000008,27.1482832333973,-9.15386352745649));
#4605=CARTESIAN_POINT('',(-4.40000000000001,27.3439284868588,-8.55172935174831));
#4606=CARTESIAN_POINT('',(-4.38112207893116,27.2809312457053,-8.7531613646333));
#4607=CARTESIAN_POINT('',(-4.38112207893116,27.2157161612178,-8.95387275653592));
#4608=CARTESIAN_POINT('',(-4.4,27.1482832333963,-9.15386352745615));
#4609=CARTESIAN_POINT('',(-10.7,27.3439284868587,-8.55172935174834));
#4610=CARTESIAN_POINT('',(-9.86769032232408,28.1369229928101,-8.80455391100159));
#4611=CARTESIAN_POINT('',(-8.71232996034041,28.5870438622706,-8.94814684791508));
#4612=CARTESIAN_POINT('',(-7.55,28.5870438622706,-8.94814684791508));
#4613=CARTESIAN_POINT('',(7.55,24.2519411655264,-7.87993335656116));
#4614=CARTESIAN_POINT('',(4.40000000000001,21.1680497756181,-7.17190133067626));
#4615=CARTESIAN_POINT('',(5.23230862888288,20.3780860517083,-6.90975237739443));
#4616=CARTESIAN_POINT('',(6.38766902283009,19.9296971789701,-6.7608255087168));
#4617=CARTESIAN_POINT('',(7.55,19.9296971789701,-6.7608255087168));
#4618=CARTESIAN_POINT('',(4.40000000000001,21.1680497756181,-7.1719013306763));
#4619=CARTESIAN_POINT('',(4.40000000000001,21.1680497756181,-7.1719013306763));
#4620=CARTESIAN_POINT('',(4.38112191649513,21.2278676592689,-6.99534732076848));
#4621=CARTESIAN_POINT('',(4.38112191649513,21.2854676805023,-6.81807268367767));
#4622=CARTESIAN_POINT('',(4.40000000000001,21.3408498393181,-6.64007741940386));
#4623=CARTESIAN_POINT('',(4.40000000000001,21.3408498393181,-6.64007741940386));
#4624=CARTESIAN_POINT('',(7.55,20.0973772378797,-6.24475935189799));
#4625=CARTESIAN_POINT('',(6.38873094979365,20.0973772378797,-6.24475935189799));
#4626=CARTESIAN_POINT('',(5.23155139763478,20.5483901065029,-6.38806084342648));
#4627=CARTESIAN_POINT('',(4.39999999999917,21.3408498393171,-6.64007741940358));
#4628=CARTESIAN_POINT('',(10.7,21.3408498393181,-6.64007741940387));
#4629=CARTESIAN_POINT('',(10.7188780835049,21.2854676805023,-6.81807268367768));
#4630=CARTESIAN_POINT('',(10.7188780835049,21.2278676592689,-6.9953473207685));
#4631=CARTESIAN_POINT('',(10.7,21.1680497756181,-7.17190133067631));
#4632=CARTESIAN_POINT('',(10.7000000000044,27.3439284868441,-8.55172935179506));
#4633=CARTESIAN_POINT('',(10.7188779210688,27.2809312456952,-8.75316136466435));
#4634=CARTESIAN_POINT('',(10.7188779210674,27.2157161612126,-8.95387275655137));
#4635=CARTESIAN_POINT('',(10.7,27.1482832333963,-9.15386352745613));
#4636=CARTESIAN_POINT('',(10.7,27.3439284868441,-8.55172935179506));
#4637=CARTESIAN_POINT('',(10.7,27.1482832333963,-9.15386352745613));
#4638=CARTESIAN_POINT('',(10.6999999999999,27.3439284868589,-8.55172935174836));
#4639=CARTESIAN_POINT('',(9.86769032232398,28.1369229928101,-8.80455391100161));
#4640=CARTESIAN_POINT('',(8.71232996034035,28.5870438622706,-8.94814684791508));
#4641=CARTESIAN_POINT('',(7.55,28.5870438622706,-8.94814684791508));
#4642=CARTESIAN_POINT('',(7.55,28.5870438622706,-8.94814684791511));
#4643=CARTESIAN_POINT('',(7.55,28.5870438622706,-8.94814684791508));
#4644=CARTESIAN_POINT('',(6.38873191128386,28.5870438622706,-8.94814684791508));
#4645=CARTESIAN_POINT('',(5.23155246798314,28.1362015508506,-8.80432389901021));
#4646=CARTESIAN_POINT('',(4.39999999999917,27.3439284868598,-8.55172935174861));
#4647=CARTESIAN_POINT('',(4.40000000000001,27.3439284868588,-8.55172935174828));
#4648=CARTESIAN_POINT('',(4.4,27.1482832333963,-9.15386352745616));
#4649=CARTESIAN_POINT('',(4.38112207893116,27.2157161612178,-8.95387275653591));
#4650=CARTESIAN_POINT('',(4.38112207893116,27.2809312457053,-8.75316136463328));
#4651=CARTESIAN_POINT('',(4.40000000000001,27.3439284868588,-8.55172935174828));
#4652=CARTESIAN_POINT('',(7.55,28.3869930560709,-9.56383992075474));
#4653=CARTESIAN_POINT('',(8.71126808871614,28.3869930560709,-9.56383992075474));
#4654=CARTESIAN_POINT('',(9.86844753201686,27.9377169560413,-9.41519666883783));
#4655=CARTESIAN_POINT('',(10.7000000000008,27.1482832333973,-9.1538635274565));
#4656=CARTESIAN_POINT('',(-7.55,0.,0.));
#4657=CARTESIAN_POINT('',(-7.55000000000001,20.0973772378797,6.244759351898));
#4658=CARTESIAN_POINT('',(-8.71126905020635,20.0973772378797,6.244759351898));
#4659=CARTESIAN_POINT('',(-9.86844860236522,20.5483901065029,6.38806084342645));
#4660=CARTESIAN_POINT('',(-10.7000000000008,21.3408498393171,6.64007741940356));
#4661=CARTESIAN_POINT('',(-7.55000000000001,20.0973772378798,6.24475935189767));
#4662=CARTESIAN_POINT('',(-10.7,21.3408498393181,6.64007741940394));
#4663=CARTESIAN_POINT('',(-7.55000000000001,0.,0.));
#4664=CARTESIAN_POINT('',(-10.7,0.,0.));
#4665=CARTESIAN_POINT('',(7.55,0.,0.));
#4666=CARTESIAN_POINT('',(7.55,0.,0.));
#4667=CARTESIAN_POINT('',(7.55,28.5870438622742,8.94814684790351));
#4668=CARTESIAN_POINT('',(4.40000000000001,27.3439284868588,8.55172935174831));
#4669=CARTESIAN_POINT('',(5.23230967767593,28.1369229928101,8.80455391100157));
#4670=CARTESIAN_POINT('',(6.3876700396596,28.5870438622706,8.94814684791517));
#4671=CARTESIAN_POINT('',(7.55,28.5870438622706,8.94814684791517));
#4672=CARTESIAN_POINT('',(4.40000000000001,27.3439284868588,8.55172935174833));
#4673=CARTESIAN_POINT('',(4.40000000000001,0.,0.));
#4674=CARTESIAN_POINT('',(-7.55,24.2519411655264,7.87993335656115));
#4675=CARTESIAN_POINT('',(-4.40000000000001,21.3408498393181,6.64007741940389));
#4676=CARTESIAN_POINT('',(-5.23230862888288,20.5476684730924,6.38783135090628));
#4677=CARTESIAN_POINT('',(-6.38766902283009,20.0973772378797,6.244759351898));
#4678=CARTESIAN_POINT('',(-7.55000000000001,20.0973772378797,6.244759351898));
#4679=CARTESIAN_POINT('',(-4.40000000000001,21.3408498393181,6.64007741940385));
#4680=CARTESIAN_POINT('',(-10.7,21.3408498393181,6.64007741940393));
#4681=CARTESIAN_POINT('',(-10.7188780835049,21.2854676805023,6.81807268367769));
#4682=CARTESIAN_POINT('',(-10.7188780835049,21.2278676592689,6.99534732076845));
#4683=CARTESIAN_POINT('',(-10.7,21.1680497756181,7.17190133067622));
#4684=CARTESIAN_POINT('',(-10.7,21.1680497756181,7.17190133067622));
#4685=CARTESIAN_POINT('',(-10.7,21.1680497756181,7.17190133067625));
#4686=CARTESIAN_POINT('',(-9.86769137111712,20.3780860517083,6.90975237739442));
#4687=CARTESIAN_POINT('',(-8.71233097716992,19.9296971789701,6.76082550871678));
#4688=CARTESIAN_POINT('',(-7.55000000000001,19.9296971789701,6.76082550871678));
#4689=CARTESIAN_POINT('',(-7.55000000000001,19.9296971789701,6.76082550871676));
#4690=CARTESIAN_POINT('',(-7.55000000000001,19.9296971789701,6.76082550871678));
#4691=CARTESIAN_POINT('',(-6.38873094979366,19.9296971789701,6.76082550871678));
#4692=CARTESIAN_POINT('',(-5.23155139763478,20.37880475772,6.90999087952177));
#4693=CARTESIAN_POINT('',(-4.39999999999917,21.1680497756171,7.17190133067592));
#4694=CARTESIAN_POINT('',(-4.40000000000001,21.1680497756181,7.17190133067629));
#4695=CARTESIAN_POINT('',(-4.40000000000001,21.1680497756181,7.17190133067629));
#4696=CARTESIAN_POINT('',(-4.38112191649513,21.2278676592689,6.99534732076846));
#4697=CARTESIAN_POINT('',(-4.38112191649513,21.2854676805023,6.81807268367765));
#4698=CARTESIAN_POINT('',(-4.40000000000001,21.3408498393181,6.64007741940385));
#4699=CARTESIAN_POINT('',(-10.7,27.3439284868588,8.55172935174832));
#4700=CARTESIAN_POINT('',(-10.7188779210688,27.2809312457053,8.75316136463331));
#4701=CARTESIAN_POINT('',(-10.7188779210688,27.2157161612178,8.95387275653592));
#4702=CARTESIAN_POINT('',(-10.7,27.1482832333963,9.15386352745615));
#4703=CARTESIAN_POINT('',(-10.7,27.3439284868588,8.55172935174832));
#4704=CARTESIAN_POINT('',(-10.7,27.1482832333963,9.15386352745615));
#4705=CARTESIAN_POINT('',(-7.55,28.5870438622706,8.94814684791517));
#4706=CARTESIAN_POINT('',(-8.71126808871614,28.5870438622706,8.94814684791517));
#4707=CARTESIAN_POINT('',(-9.86844753201686,28.1362015508506,8.80432389901024));
#4708=CARTESIAN_POINT('',(-10.7000000000008,27.3439284868598,8.55172935174864));
#4709=CARTESIAN_POINT('',(-4.40000000000001,27.1482832333963,9.15386352745618));
#4710=CARTESIAN_POINT('',(-4.38112207893116,27.2157161612178,8.95387275653594));
#4711=CARTESIAN_POINT('',(-4.38112207893116,27.2809312457053,8.75316136463332));
#4712=CARTESIAN_POINT('',(-4.40000000000001,27.3439284868588,8.55172935174834));
#4713=CARTESIAN_POINT('',(-10.7,27.1482832333963,9.1538635274562));
#4714=CARTESIAN_POINT('',(-9.86769032232408,27.9384358125033,9.41543463817213));
#4715=CARTESIAN_POINT('',(-8.7123299603404,28.3869930560708,9.56383992075478));
#4716=CARTESIAN_POINT('',(-7.55,28.3869930560708,9.56383992075478));
#4717=CARTESIAN_POINT('',(7.55,24.2519411655264,7.87993335656115));
#4718=CARTESIAN_POINT('',(4.40000000000001,21.3408498393181,6.64007741940389));
#4719=CARTESIAN_POINT('',(5.23230862888288,20.5476684730924,6.38783135090628));
#4720=CARTESIAN_POINT('',(6.38766902283008,20.0973772378797,6.244759351898));
#4721=CARTESIAN_POINT('',(7.55,20.0973772378797,6.244759351898));
#4722=CARTESIAN_POINT('',(4.40000000000001,21.3408498393181,6.64007741940386));
#4723=CARTESIAN_POINT('',(4.40000000000001,21.3408498393181,6.64007741940386));
#4724=CARTESIAN_POINT('',(4.38112191649513,21.2854676805023,6.81807268367767));
#4725=CARTESIAN_POINT('',(4.38112191649513,21.2278676592689,6.99534732076848));
#4726=CARTESIAN_POINT('',(4.40000000000001,21.1680497756181,7.1719013306763));
#4727=CARTESIAN_POINT('',(4.40000000000001,21.1680497756181,7.1719013306763));
#4728=CARTESIAN_POINT('',(7.55,19.9296971789701,6.76082550871675));
#4729=CARTESIAN_POINT('',(6.38873094979365,19.9296971789701,6.76082550871675));
#4730=CARTESIAN_POINT('',(5.23155139763478,20.37880475772,6.90999087952177));
#4731=CARTESIAN_POINT('',(4.39999999999917,21.1680497756171,7.17190133067592));
#4732=CARTESIAN_POINT('',(10.7,21.1680497756181,7.1719013306763));
#4733=CARTESIAN_POINT('',(10.7188780835049,21.2278676592689,6.99534732076847));
#4734=CARTESIAN_POINT('',(10.7188780835049,21.2854676805023,6.81807268367765));
#4735=CARTESIAN_POINT('',(10.7,21.3408498393181,6.64007741940385));
#4736=CARTESIAN_POINT('',(10.7000000000044,27.148283233412,9.15386352740976));
#4737=CARTESIAN_POINT('',(10.7188779210688,27.2157161612279,8.95387275650489));
#4738=CARTESIAN_POINT('',(10.7188779210674,27.2809312457101,8.75316136461776));
#4739=CARTESIAN_POINT('',(10.7,27.3439284868587,8.55172935174836));
#4740=CARTESIAN_POINT('',(10.7,27.148283233412,9.15386352740976));
#4741=CARTESIAN_POINT('',(10.7,27.3439284868587,8.55172935174836));
#4742=CARTESIAN_POINT('',(10.6999999999999,27.1482832333964,9.15386352745624));
#4743=CARTESIAN_POINT('',(9.86769032232398,27.9384358125034,9.41543463817214));
#4744=CARTESIAN_POINT('',(8.71232996034035,28.3869930560708,9.56383992075478));
#4745=CARTESIAN_POINT('',(7.55,28.3869930560708,9.56383992075478));
#4746=CARTESIAN_POINT('',(7.55,28.3869930560708,9.56383992075478));
#4747=CARTESIAN_POINT('',(7.55,28.3869930560708,9.56383992075478));
#4748=CARTESIAN_POINT('',(6.38873191128386,28.3869930560708,9.56383992075478));
#4749=CARTESIAN_POINT('',(5.23155246798314,27.9377169560413,9.41519666883783));
#4750=CARTESIAN_POINT('',(4.39999999999917,27.1482832333973,9.15386352745651));
#4751=CARTESIAN_POINT('',(4.40000000000001,27.1482832333963,9.15386352745621));
#4752=CARTESIAN_POINT('',(4.4,27.3439284868587,8.55172935174833));
#4753=CARTESIAN_POINT('',(4.38112207893116,27.2809312457053,8.75316136463333));
#4754=CARTESIAN_POINT('',(4.38112207893116,27.2157161612178,8.95387275653596));
#4755=CARTESIAN_POINT('',(4.40000000000001,27.1482832333963,9.15386352745621));
#4756=CARTESIAN_POINT('',(7.55,28.5870438622706,8.94814684791517));
#4757=CARTESIAN_POINT('',(8.71126808871614,28.5870438622706,8.94814684791517));
#4758=CARTESIAN_POINT('',(9.86844753201686,28.1362015508506,8.80432389901023));
#4759=CARTESIAN_POINT('',(10.7000000000008,27.3439284868598,8.55172935174864));
#4760=CARTESIAN_POINT('',(-7.55,0.,0.));
#4761=CARTESIAN_POINT('',(-7.55000000000002,12.5885422766478,16.8650583916515));
#4762=CARTESIAN_POINT('',(-8.71126905020636,12.5885422766478,16.8650583916515));
#4763=CARTESIAN_POINT('',(-9.86844860236523,12.8691888486938,17.2460904463882));
#4764=CARTESIAN_POINT('',(-10.7000000000008,13.3621706132057,17.9157722832016));
#4765=CARTESIAN_POINT('',(-7.55000000000001,12.5885422766281,16.8650583916662));
#4766=CARTESIAN_POINT('',(-10.7,13.3621706132063,17.9157722832025));
#4767=CARTESIAN_POINT('',(-7.55000000000001,0.,0.));
#4768=CARTESIAN_POINT('',(-10.7,0.,0.));
#4769=CARTESIAN_POINT('',(7.55,0.,0.));
#4770=CARTESIAN_POINT('',(7.55,0.,0.));
#4771=CARTESIAN_POINT('',(7.55,17.8678155509768,24.0422456569994));
#4772=CARTESIAN_POINT('',(4.40000000000001,17.0951224442877,22.990852281175));
#4773=CARTESIAN_POINT('',(5.23230967767592,17.5880619287019,23.6615021219534));
#4774=CARTESIAN_POINT('',(6.3876700396596,17.8678155509671,24.0422456570066));
#4775=CARTESIAN_POINT('',(7.55,17.8678155509671,24.0422456570066));
#4776=CARTESIAN_POINT('',(4.40000000000001,17.0951224442876,22.9908522811751));
#4777=CARTESIAN_POINT('',(4.40000000000001,0.,0.));
#4778=CARTESIAN_POINT('',(-7.55,14.9885239334581,20.6299333565612));
#4779=CARTESIAN_POINT('',(-4.40000000000001,13.3621706132063,17.9157722832025));
#4780=CARTESIAN_POINT('',(-5.23230862888288,12.8687399273198,17.245480617563));
#4781=CARTESIAN_POINT('',(-6.3876690228301,12.5885422766478,16.8650583916515));
#4782=CARTESIAN_POINT('',(-7.55000000000002,12.5885422766478,16.8650583916515));
#4783=CARTESIAN_POINT('',(-4.40000000000001,13.3621706132064,17.9157722832024));
#4784=CARTESIAN_POINT('',(-10.7,13.3621706132063,17.9157722832025));
#4785=CARTESIAN_POINT('',(-10.7188780835049,13.2127425142211,18.0272206607262));
#4786=CARTESIAN_POINT('',(-10.7188780835049,13.0619437008796,18.1367824117916));
#4787=CARTESIAN_POINT('',(-10.7,12.9097741731816,18.2444575363987));
#4788=CARTESIAN_POINT('',(-10.7,12.9097741731816,18.2444575363987));
#4789=CARTESIAN_POINT('',(-10.7,12.9097741731816,18.2444575363987));
#4790=CARTESIAN_POINT('',(-9.86769137111712,12.4247673842418,17.5680455513759));
#4791=CARTESIAN_POINT('',(-8.71233097716992,12.1495501831868,17.184004817009));
#4792=CARTESIAN_POINT('',(-7.55000000000001,12.1495501831868,17.184004817009));
#4793=CARTESIAN_POINT('',(-7.55000000000001,12.1495501831868,17.184004817009));
#4794=CARTESIAN_POINT('',(-7.55000000000001,12.1495501831868,17.184004817009));
#4795=CARTESIAN_POINT('',(-6.38873094979366,12.1495501831868,17.184004817009));
#4796=CARTESIAN_POINT('',(-5.23155139763478,12.4252086415861,17.5686609484445));
#4797=CARTESIAN_POINT('',(-4.39999999999917,12.9097741731809,18.2444575363978));
#4798=CARTESIAN_POINT('',(-4.40000000000001,12.9097741731815,18.2444575363987));
#4799=CARTESIAN_POINT('',(-4.40000000000001,12.9097741731815,18.2444575363987));
#4800=CARTESIAN_POINT('',(-4.38112191649513,13.0619437008795,18.1367824117916));
#4801=CARTESIAN_POINT('',(-4.38112191649513,13.2127425142212,18.0272206607261));
#4802=CARTESIAN_POINT('',(-4.40000000000001,13.3621706132064,17.9157722832024));
#4803=CARTESIAN_POINT('',(-10.7,17.0951224442876,22.9908522811751));
#4804=CARTESIAN_POINT('',(-10.7188779210688,16.9257578390823,23.116785353525));
#4805=CARTESIAN_POINT('',(-10.7188779210688,16.7550225313149,23.2408318156501));
#4806=CARTESIAN_POINT('',(-10.7,16.5829165209854,23.3629916675504));
#4807=CARTESIAN_POINT('',(-10.7,17.0951224442876,22.9908522811751));
#4808=CARTESIAN_POINT('',(-10.7,16.5829165209854,23.3629916675504));
#4809=CARTESIAN_POINT('',(-7.55,17.8678155509671,24.0422456570066));
#4810=CARTESIAN_POINT('',(-8.71126808871614,17.8678155509671,24.0422456570066));
#4811=CARTESIAN_POINT('',(-9.86844753201686,17.5876134675526,23.6608919853993));
#4812=CARTESIAN_POINT('',(-10.7000000000008,17.0951224442883,22.9908522811759));
#4813=CARTESIAN_POINT('',(-4.40000000000001,16.5829165209854,23.3629916675504));
#4814=CARTESIAN_POINT('',(-4.38112207893116,16.7550225313149,23.2408318156502));
#4815=CARTESIAN_POINT('',(-4.38112207893116,16.9257578390823,23.116785353525));
#4816=CARTESIAN_POINT('',(-4.4,17.0951224442876,22.9908522811751));
#4817=CARTESIAN_POINT('',(-10.7,16.5829165209853,23.3629916675504));
#4818=CARTESIAN_POINT('',(-9.86769032232408,17.0684157443275,24.0390471744171));
#4819=CARTESIAN_POINT('',(-8.7123299603404,17.3440757408592,24.4227649026595));
#4820=CARTESIAN_POINT('',(-7.55,17.3440757408592,24.4227649026595));
#4821=CARTESIAN_POINT('',(7.55,14.9885239334581,20.6299333565612));
#4822=CARTESIAN_POINT('',(4.40000000000001,13.3621706132063,17.9157722832025));
#4823=CARTESIAN_POINT('',(5.23230862888288,12.8687399273198,17.245480617563));
#4824=CARTESIAN_POINT('',(6.38766902283009,12.5885422766478,16.8650583916515));
#4825=CARTESIAN_POINT('',(7.55,12.5885422766478,16.8650583916515));
#4826=CARTESIAN_POINT('',(4.40000000000001,13.3621706132063,17.9157722832024));
#4827=CARTESIAN_POINT('',(4.40000000000001,13.3621706132064,17.9157722832024));
#4828=CARTESIAN_POINT('',(4.38112191649513,13.2127425142212,18.0272206607262));
#4829=CARTESIAN_POINT('',(4.38112191649513,13.0619437008795,18.1367824117916));
#4830=CARTESIAN_POINT('',(4.40000000000001,12.9097741731815,18.2444575363987));
#4831=CARTESIAN_POINT('',(4.40000000000001,12.9097741731815,18.2444575363987));
#4832=CARTESIAN_POINT('',(7.55,12.1495501831868,17.184004817009));
#4833=CARTESIAN_POINT('',(6.38873094979365,12.1495501831868,17.184004817009));
#4834=CARTESIAN_POINT('',(5.23155139763478,12.4252086415861,17.5686609484445));
#4835=CARTESIAN_POINT('',(4.39999999999917,12.9097741731809,18.2444575363978));
#4836=CARTESIAN_POINT('',(10.7,12.9097741731815,18.2444575363987));
#4837=CARTESIAN_POINT('',(10.7188780835049,13.0619437008795,18.1367824117916));
#4838=CARTESIAN_POINT('',(10.7188780835049,13.2127425142212,18.0272206607262));
#4839=CARTESIAN_POINT('',(10.7,13.3621706132064,17.9157722832024));
#4840=CARTESIAN_POINT('',(10.7000000000044,16.5829165210253,23.3629916675221));
#4841=CARTESIAN_POINT('',(10.7188779210688,16.7550225313413,23.240831815631));
#4842=CARTESIAN_POINT('',(10.7188779210674,16.9257578390954,23.1167853535153));
#4843=CARTESIAN_POINT('',(10.7,17.0951224442876,22.9908522811751));
#4844=CARTESIAN_POINT('',(10.7,16.5829165210253,23.3629916675221));
#4845=CARTESIAN_POINT('',(10.7,17.0951224442876,22.9908522811751));
#4846=CARTESIAN_POINT('',(10.6999999999999,16.5829165209854,23.3629916675505));
#4847=CARTESIAN_POINT('',(9.86769032232398,17.0684157443275,24.0390471744172));
#4848=CARTESIAN_POINT('',(8.71232996034035,17.3440757408592,24.4227649026595));
#4849=CARTESIAN_POINT('',(7.55,17.3440757408592,24.4227649026595));
#4850=CARTESIAN_POINT('',(7.55,17.3440757408592,24.4227649026595));
#4851=CARTESIAN_POINT('',(7.55,17.3440757408592,24.4227649026595));
#4852=CARTESIAN_POINT('',(6.38873191128386,17.3440757408592,24.4227649026595));
#4853=CARTESIAN_POINT('',(5.23155246798314,17.0679740520984,24.0384321199546));
#4854=CARTESIAN_POINT('',(4.39999999999917,16.582916520986,23.3629916675513));
#4855=CARTESIAN_POINT('',(4.40000000000001,16.5829165209853,23.3629916675504));
#4856=CARTESIAN_POINT('',(4.4,17.0951224442876,22.9908522811751));
#4857=CARTESIAN_POINT('',(4.38112207893116,16.9257578390823,23.116785353525));
#4858=CARTESIAN_POINT('',(4.38112207893116,16.7550225313149,23.2408318156502));
#4859=CARTESIAN_POINT('',(4.40000000000001,16.5829165209853,23.3629916675504));
#4860=CARTESIAN_POINT('',(7.55,17.8678155509671,24.0422456570066));
#4861=CARTESIAN_POINT('',(8.71126808871614,17.8678155509671,24.0422456570066));
#4862=CARTESIAN_POINT('',(9.86844753201687,17.5876134675526,23.6608919853993));
#4863=CARTESIAN_POINT('',(10.7000000000008,17.0951224442883,22.9908522811759));
#4864=CARTESIAN_POINT('',(-15.1,0.,15.));
#4865=CARTESIAN_POINT('',(-15.1,0.,0.));
#4866=CARTESIAN_POINT('',(-15.1,0.,-16.1));
#4867=CARTESIAN_POINT('',(-15.1,0.,0.));
#4868=CARTESIAN_POINT('',(-15.1,0.,22.35));
#4869=CARTESIAN_POINT('',(0.,0.,0.));
#4870=CARTESIAN_POINT('',(-14.,0.,0.));
#4871=CARTESIAN_POINT('',(-14.,0.,-15.));
#4872=CARTESIAN_POINT('',(14.,0.,0.));
#4873=CARTESIAN_POINT('',(14.,0.,15.));
#4874=CARTESIAN_POINT('',(0.,0.,0.));
#4875=CARTESIAN_POINT('',(-10.7,0.279596376324723,22.348251069521));
#4876=CARTESIAN_POINT('',(-10.7188780835049,0.0931987921082432,22.3505830680716));
#4877=CARTESIAN_POINT('',(-10.7188780835049,-0.0931987921082412,22.3505830680716));
#4878=CARTESIAN_POINT('',(-10.7,-0.279596376324731,22.348251069521));
#4879=CARTESIAN_POINT('',(-10.7,0.279596376324723,22.348251069521));
#4880=CARTESIAN_POINT('',(-10.7,0.,0.));
#4881=CARTESIAN_POINT('',(15.1,0.,15.));
#4882=CARTESIAN_POINT('',(15.1,0.,0.));
#4883=CARTESIAN_POINT('',(15.1,0.,16.1));
#4884=CARTESIAN_POINT('',(15.1,0.,0.));
#4885=CARTESIAN_POINT('',(15.1,0.,22.35));
#4886=CARTESIAN_POINT('',(0.,0.,0.));
#4887=CARTESIAN_POINT('',(10.7,-0.279596376324807,22.348251069521));
#4888=CARTESIAN_POINT('',(10.7188780835049,-0.0931987921082609,22.3505830680716));
#4889=CARTESIAN_POINT('',(10.7188780835049,0.0931987921082798,22.3505830680716));
#4890=CARTESIAN_POINT('',(10.7,0.279596376324815,22.348251069521));
#4891=CARTESIAN_POINT('',(-7.55,0.,0.));
#4892=CARTESIAN_POINT('',(-7.55000000000002,0.271312034551432,21.0434783480457));
#4893=CARTESIAN_POINT('',(-8.71126905020636,0.271312034551432,21.0434783480458));
#4894=CARTESIAN_POINT('',(-9.86844860236522,0.274394858324821,21.5166996718844));
#4895=CARTESIAN_POINT('',(-10.7000000000008,0.279596376324807,22.3482510695199));
#4896=CARTESIAN_POINT('',(-7.55000000000001,0.271312034526844,21.0434783480461));
#4897=CARTESIAN_POINT('',(-7.55000000000001,0.,0.));
#4898=CARTESIAN_POINT('',(7.55,0.,0.));
#4899=CARTESIAN_POINT('',(7.55,0.,0.));
#4900=CARTESIAN_POINT('',(7.55,0.323689003920158,29.9530237909961));
#4901=CARTESIAN_POINT('',(4.40000000000001,0.316560669839815,28.648251069521));
#4902=CARTESIAN_POINT('',(5.23230967767592,0.3211590040675,29.4805607471969));
#4903=CARTESIAN_POINT('',(6.3876700396596,0.32368900390807,29.9530237909962));
#4904=CARTESIAN_POINT('',(7.55,0.32368900390807,29.9530237909962));
#4905=CARTESIAN_POINT('',(4.40000000000001,0.316560669839811,28.648251069521));
#4906=CARTESIAN_POINT('',(4.40000000000001,0.,0.));
#4907=CARTESIAN_POINT('',(-7.55,0.,25.5));
#4908=CARTESIAN_POINT('',(-4.40000000000001,0.279596376324813,22.348251069521));
#4909=CARTESIAN_POINT('',(-5.23230862888289,0.274390121694025,21.5159424406381));
#4910=CARTESIAN_POINT('',(-6.3876690228301,0.271312034551432,21.0434783480457));
#4911=CARTESIAN_POINT('',(-7.55000000000002,0.271312034551432,21.0434783480457));
#4912=CARTESIAN_POINT('',(-4.40000000000001,0.279596376324817,22.348251069521));
#4913=CARTESIAN_POINT('',(-7.55000000000001,-0.271312034551424,21.0434783480457));
#4914=CARTESIAN_POINT('',(-6.38873094979366,-0.271312034551424,21.0434783480457));
#4915=CARTESIAN_POINT('',(-5.23155139763478,-0.274394858324741,21.5166996718844));
#4916=CARTESIAN_POINT('',(-4.39999999999916,-0.27959637632473,22.3482510695199));
#4917=CARTESIAN_POINT('',(-4.40000000000001,-0.2795963763248,22.348251069521));
#4918=CARTESIAN_POINT('',(-4.40000000000001,-0.2795963763248,22.348251069521));
#4919=CARTESIAN_POINT('',(-4.38112191649512,-0.0931987921082554,22.3505830680716));
#4920=CARTESIAN_POINT('',(-4.38112191649512,0.0931987921082835,22.3505830680716));
#4921=CARTESIAN_POINT('',(-4.40000000000001,0.279596376324817,22.348251069521));
#4922=CARTESIAN_POINT('',(-10.7,0.316560669839815,28.648251069521));
#4923=CARTESIAN_POINT('',(-10.7188779210688,0.105520223279941,28.6505830480059));
#4924=CARTESIAN_POINT('',(-10.7188779210688,-0.105520223279935,28.6505830480059));
#4925=CARTESIAN_POINT('',(-10.7,-0.316560669839813,28.648251069521));
#4926=CARTESIAN_POINT('',(-10.7,0.316560669839815,28.648251069521));
#4927=CARTESIAN_POINT('',(-10.7,-0.316560669839813,28.648251069521));
#4928=CARTESIAN_POINT('',(-7.55,0.32368900390807,29.9530237909962));
#4929=CARTESIAN_POINT('',(-8.71126808871614,0.32368900390807,29.9530237909962));
#4930=CARTESIAN_POINT('',(-9.86844753201687,0.321154820644731,29.4798035375059));
#4931=CARTESIAN_POINT('',(-10.7000000000008,0.316560669839813,28.648251069522));
#4932=CARTESIAN_POINT('',(-4.40000000000001,-0.316560669839838,28.648251069521));
#4933=CARTESIAN_POINT('',(-4.38112207893116,-0.105520223279956,28.650583048006));
#4934=CARTESIAN_POINT('',(-4.38112207893116,0.105520223279925,28.650583048006));
#4935=CARTESIAN_POINT('',(-4.40000000000001,0.316560669839804,28.648251069521));
#4936=CARTESIAN_POINT('',(-10.7,-0.316560669839868,28.648251069521));
#4937=CARTESIAN_POINT('',(-9.86769032232408,-0.321159004067551,29.4805607471969));
#4938=CARTESIAN_POINT('',(-8.7123299603404,-0.323689003908069,29.9530237909962));
#4939=CARTESIAN_POINT('',(-7.55,-0.323689003908069,29.9530237909962));
#4940=CARTESIAN_POINT('',(0.,0.,0.));
#4941=CARTESIAN_POINT('',(4.40000000000001,0.316560669839811,28.648251069521));
#4942=CARTESIAN_POINT('',(4.38112207893116,0.105520223279918,28.6505830480059));
#4943=CARTESIAN_POINT('',(4.38112207893116,-0.105520223279977,28.650583048006));
#4944=CARTESIAN_POINT('',(4.40000000000001,-0.316560669839874,28.648251069521));
#4945=CARTESIAN_POINT('',(7.55,0.,25.5));
#4946=CARTESIAN_POINT('',(4.3999999999999,0.279596376324741,22.3482510695211));
#4947=CARTESIAN_POINT('',(5.23230862888278,0.274390121693951,21.5159424406382));
#4948=CARTESIAN_POINT('',(6.38766902283003,0.271312034551421,21.0434783480457));
#4949=CARTESIAN_POINT('',(7.55,0.271312034551421,21.0434783480457));
#4950=CARTESIAN_POINT('',(4.40000000000001,0.279596376281572,22.3482510695215));
#4951=CARTESIAN_POINT('',(4.39999999999563,0.279596376281572,22.3482510695215));
#4952=CARTESIAN_POINT('',(4.38112191649515,0.0931987920794485,22.3505830680716));
#4953=CARTESIAN_POINT('',(4.38112191649658,-0.0931987921226799,22.3505830680714));
#4954=CARTESIAN_POINT('',(4.40000000000001,-0.279596376324813,22.348251069521));
#4955=CARTESIAN_POINT('',(4.40000000000001,-0.279596376324813,22.348251069521));
#4956=CARTESIAN_POINT('',(7.55,-0.271312034551424,21.0434783480457));
#4957=CARTESIAN_POINT('',(6.38873094979365,-0.271312034551424,21.0434783480457));
#4958=CARTESIAN_POINT('',(5.23155139763478,-0.274394858324742,21.5166996718844));
#4959=CARTESIAN_POINT('',(4.39999999999916,-0.27959637632473,22.3482510695199));
#4960=CARTESIAN_POINT('',(10.7000000000044,-0.316560669790859,28.6482510695215));
#4961=CARTESIAN_POINT('',(10.7188779210688,-0.105520223247311,28.6505830480059));
#4962=CARTESIAN_POINT('',(10.7188779210674,0.105520223296236,28.6505830480058));
#4963=CARTESIAN_POINT('',(10.7,0.316560669839781,28.648251069521));
#4964=CARTESIAN_POINT('',(10.7,-0.316560669790859,28.6482510695215));
#4965=CARTESIAN_POINT('',(10.7,0.316560669839781,28.648251069521));
#4966=CARTESIAN_POINT('',(10.6999999999999,-0.3165606698398,28.6482510695211));
#4967=CARTESIAN_POINT('',(9.86769032232398,-0.321159004067473,29.4805607471969));
#4968=CARTESIAN_POINT('',(8.71232996034035,-0.32368900390807,29.9530237909962));
#4969=CARTESIAN_POINT('',(7.55,-0.323689003908069,29.9530237909962));
#4970=CARTESIAN_POINT('',(7.55,0.32368900390807,29.9530237909962));
#4971=CARTESIAN_POINT('',(8.71126808871614,0.32368900390807,29.9530237909962));
#4972=CARTESIAN_POINT('',(9.86844753201686,0.321154820644731,29.4798035375059));
#4973=CARTESIAN_POINT('',(10.7000000000008,0.316560669839813,28.648251069522));
#4974=CARTESIAN_POINT('',(14.,0.,0.));
#4975=CARTESIAN_POINT('',(-14.,0.,0.));
#4976=CARTESIAN_POINT('',(-7.55,0.,0.));
#4977=CARTESIAN_POINT('',(-4.40000000000001,0.,0.));
#4978=CARTESIAN_POINT('',(-7.55000000000001,0.,0.));
#4979=CARTESIAN_POINT('',(-7.55,0.,0.));
#4980=CARTESIAN_POINT('',(-7.55000000000001,0.,0.));
#4981=CARTESIAN_POINT('',(-4.40000000000001,0.,0.));
#4982=CARTESIAN_POINT('',(-7.55,0.,0.));
#4983=CARTESIAN_POINT('',(-4.40000000000001,0.,0.));
#4984=CARTESIAN_POINT('',(-7.55000000000001,0.,0.));
#4985=CARTESIAN_POINT('',(-7.55,0.,0.));
#4986=CARTESIAN_POINT('',(-4.40000000000001,0.,0.));
#4987=CARTESIAN_POINT('',(-7.55000000000001,0.,0.));
#4988=CARTESIAN_POINT('',(-7.55,0.,0.));
#4989=CARTESIAN_POINT('',(-4.40000000000001,0.,0.));
#4990=CARTESIAN_POINT('',(-7.55000000000001,0.,0.));
#4991=CARTESIAN_POINT('',(-7.55,0.,0.));
#4992=CARTESIAN_POINT('',(-4.40000000000001,0.,0.));
#4993=CARTESIAN_POINT('',(-7.55000000000001,0.,0.));
#4994=CARTESIAN_POINT('',(-7.55,0.,0.));
#4995=CARTESIAN_POINT('',(-4.40000000000001,0.,0.));
#4996=CARTESIAN_POINT('',(-7.55000000000001,0.,0.));
#4997=CARTESIAN_POINT('',(-7.55,0.,0.));
#4998=CARTESIAN_POINT('',(-4.40000000000001,0.,0.));
#4999=CARTESIAN_POINT('',(-7.55000000000001,0.,0.));
#5000=CARTESIAN_POINT('',(-7.55,0.,0.));
#5001=CARTESIAN_POINT('',(-4.40000000000001,0.,0.));
#5002=CARTESIAN_POINT('',(-7.55000000000001,0.,0.));
#5003=CARTESIAN_POINT('',(-7.55,0.,0.));
#5004=CARTESIAN_POINT('',(-4.40000000000001,0.,0.));
#5005=CARTESIAN_POINT('',(-7.55000000000001,0.,0.));
#5006=CARTESIAN_POINT('',(7.55,0.,0.));
#5007=CARTESIAN_POINT('',(7.55,0.,0.));
#5008=CARTESIAN_POINT('',(4.40000000000001,0.,0.));
#5009=CARTESIAN_POINT('',(7.55,0.,0.));
#5010=CARTESIAN_POINT('',(7.55,0.,0.));
#5011=CARTESIAN_POINT('',(4.40000000000001,0.,0.));
#5012=CARTESIAN_POINT('',(7.55,0.,0.));
#5013=CARTESIAN_POINT('',(7.55,0.,0.));
#5014=CARTESIAN_POINT('',(4.40000000000001,0.,0.));
#5015=CARTESIAN_POINT('',(7.55,0.,0.));
#5016=CARTESIAN_POINT('',(7.55,0.,0.));
#5017=CARTESIAN_POINT('',(4.40000000000001,0.,0.));
#5018=CARTESIAN_POINT('',(7.55,0.,0.));
#5019=CARTESIAN_POINT('',(7.55,0.,0.));
#5020=CARTESIAN_POINT('',(4.40000000000001,0.,0.));
#5021=CARTESIAN_POINT('',(7.55,0.,0.));
#5022=CARTESIAN_POINT('',(7.55,0.,0.));
#5023=CARTESIAN_POINT('',(4.40000000000001,0.,0.));
#5024=CARTESIAN_POINT('',(7.55,0.,0.));
#5025=CARTESIAN_POINT('',(7.55,0.,0.));
#5026=CARTESIAN_POINT('',(4.40000000000001,0.,0.));
#5027=CARTESIAN_POINT('',(7.55,0.,0.));
#5028=CARTESIAN_POINT('',(7.55,0.,0.));
#5029=CARTESIAN_POINT('',(4.40000000000001,0.,0.));
#5030=CARTESIAN_POINT('',(7.55,0.,0.));
#5031=CARTESIAN_POINT('',(7.55,0.,0.));
#5032=CARTESIAN_POINT('',(4.40000000000001,0.,0.));
#5033=CARTESIAN_POINT('',(7.55,0.,0.));
#5034=CARTESIAN_POINT('',(7.55,0.,0.));
#5035=CARTESIAN_POINT('',(4.40000000000001,0.,0.));
#5036=CARTESIAN_POINT('',(0.,0.,0.));
#5037=CARTESIAN_POINT('',(0.,0.,0.));
#5038=CARTESIAN_POINT('',(0.,0.,0.));
#5039=CARTESIAN_POINT('',(0.,0.,0.));
#5040=CARTESIAN_POINT('',(0.,0.,0.));
#5041=CARTESIAN_POINT('',(0.,0.,0.));
#5042=CARTESIAN_POINT('',(0.,0.,0.));
#5043=CARTESIAN_POINT('',(0.,0.,0.));
#5044=CARTESIAN_POINT('',(0.,0.,0.));
#5045=CARTESIAN_POINT('',(0.,0.,0.));
#5046=CARTESIAN_POINT('',(0.,0.,0.));
#5047=CARTESIAN_POINT('',(0.,0.,0.));
#5048=CARTESIAN_POINT('',(0.,0.,0.));
#5049=CARTESIAN_POINT('',(0.,0.,0.));
#5050=CARTESIAN_POINT('',(0.,0.,0.));
#5051=CARTESIAN_POINT('',(0.,0.,0.));
#5052=CARTESIAN_POINT('',(0.,0.,0.));
#5053=CARTESIAN_POINT('',(0.,0.,0.));
#5054=CARTESIAN_POINT('',(0.,0.,0.));
#5055=CARTESIAN_POINT('',(0.,0.,0.));
#5056=CARTESIAN_POINT('',(-8.67361737988404E-16,0.,0.));
#5057=CARTESIAN_POINT('',(7.55,0.,0.));
#5058=CARTESIAN_POINT('',(7.55,0.,0.));
#5059=CARTESIAN_POINT('',(10.7,0.,0.));
#5060=CARTESIAN_POINT('',(7.55,0.,0.));
#5061=CARTESIAN_POINT('',(10.7,0.,0.));
#5062=CARTESIAN_POINT('',(7.55,0.,0.));
#5063=CARTESIAN_POINT('',(7.55,0.,0.));
#5064=CARTESIAN_POINT('',(7.55,0.,0.));
#5065=CARTESIAN_POINT('',(10.7,0.,0.));
#5066=CARTESIAN_POINT('',(7.55,0.,0.));
#5067=CARTESIAN_POINT('',(7.55,0.,0.));
#5068=CARTESIAN_POINT('',(10.7,0.,0.));
#5069=CARTESIAN_POINT('',(7.55,0.,0.));
#5070=CARTESIAN_POINT('',(7.55,0.,0.));
#5071=CARTESIAN_POINT('',(10.7,0.,0.));
#5072=CARTESIAN_POINT('',(7.55,0.,0.));
#5073=CARTESIAN_POINT('',(7.55,0.,0.));
#5074=CARTESIAN_POINT('',(10.7,0.,0.));
#5075=CARTESIAN_POINT('',(7.55,0.,0.));
#5076=CARTESIAN_POINT('',(7.55,0.,0.));
#5077=CARTESIAN_POINT('',(10.7,0.,0.));
#5078=CARTESIAN_POINT('',(7.55,0.,0.));
#5079=CARTESIAN_POINT('',(7.55,0.,0.));
#5080=CARTESIAN_POINT('',(10.7,0.,0.));
#5081=CARTESIAN_POINT('',(7.55,0.,0.));
#5082=CARTESIAN_POINT('',(7.55,0.,0.));
#5083=CARTESIAN_POINT('',(10.7,0.,0.));
#5084=CARTESIAN_POINT('',(7.55,0.,0.));
#5085=CARTESIAN_POINT('',(7.55,0.,0.));
#5086=CARTESIAN_POINT('',(10.7,0.,0.));
#5087=CARTESIAN_POINT('',(0.,0.,0.));
#5088=CARTESIAN_POINT('',(0.,0.,0.));
#5089=CARTESIAN_POINT('',(0.,0.,0.));
#5090=CARTESIAN_POINT('',(0.,0.,0.));
#5091=CARTESIAN_POINT('',(0.,0.,0.));
#5092=CARTESIAN_POINT('',(0.,0.,0.));
#5093=CARTESIAN_POINT('',(0.,0.,0.));
#5094=CARTESIAN_POINT('',(0.,0.,0.));
#5095=CARTESIAN_POINT('',(0.,0.,0.));
#5096=CARTESIAN_POINT('',(0.,0.,0.));
#5097=CARTESIAN_POINT('',(0.,0.,0.));
#5098=CARTESIAN_POINT('',(15.1,0.,0.));
#5099=CARTESIAN_POINT('',(15.1,0.,29.9547727214752));
#5100=CARTESIAN_POINT('',(-7.55,0.,0.));
#5101=CARTESIAN_POINT('',(-7.55,0.,0.));
#5102=CARTESIAN_POINT('',(-10.7,0.,0.));
#5103=CARTESIAN_POINT('',(-7.55,0.,0.));
#5104=CARTESIAN_POINT('',(-10.7,0.,0.));
#5105=CARTESIAN_POINT('',(-7.55,0.,0.));
#5106=CARTESIAN_POINT('',(-7.55,0.,0.));
#5107=CARTESIAN_POINT('',(-10.7,0.,0.));
#5108=CARTESIAN_POINT('',(-7.55,0.,0.));
#5109=CARTESIAN_POINT('',(-7.55,0.,0.));
#5110=CARTESIAN_POINT('',(-10.7,0.,0.));
#5111=CARTESIAN_POINT('',(-7.55,0.,0.));
#5112=CARTESIAN_POINT('',(-7.55,0.,0.));
#5113=CARTESIAN_POINT('',(-10.7,0.,0.));
#5114=CARTESIAN_POINT('',(-7.55,0.,0.));
#5115=CARTESIAN_POINT('',(-7.55,0.,0.));
#5116=CARTESIAN_POINT('',(-10.7,0.,0.));
#5117=CARTESIAN_POINT('',(-7.55,0.,0.));
#5118=CARTESIAN_POINT('',(-7.55,0.,0.));
#5119=CARTESIAN_POINT('',(-10.7,0.,0.));
#5120=CARTESIAN_POINT('',(-7.55,0.,0.));
#5121=CARTESIAN_POINT('',(-7.55,0.,0.));
#5122=CARTESIAN_POINT('',(-10.7,0.,0.));
#5123=CARTESIAN_POINT('',(-7.55,0.,0.));
#5124=CARTESIAN_POINT('',(-7.55,0.,0.));
#5125=CARTESIAN_POINT('',(-10.7,0.,0.));
#5126=CARTESIAN_POINT('',(-7.55,0.,0.));
#5127=CARTESIAN_POINT('',(-7.55,0.,0.));
#5128=CARTESIAN_POINT('',(-10.7,0.,0.));
#5129=CARTESIAN_POINT('',(-7.55,0.,0.));
#5130=CARTESIAN_POINT('',(0.,0.,0.));
#5131=CARTESIAN_POINT('',(0.,0.,0.));
#5132=CARTESIAN_POINT('',(0.,0.,0.));
#5133=CARTESIAN_POINT('',(0.,0.,0.));
#5134=CARTESIAN_POINT('',(0.,0.,0.));
#5135=CARTESIAN_POINT('',(0.,0.,0.));
#5136=CARTESIAN_POINT('',(0.,0.,0.));
#5137=CARTESIAN_POINT('',(0.,0.,0.));
#5138=CARTESIAN_POINT('',(0.,0.,0.));
#5139=CARTESIAN_POINT('',(0.,0.,0.));
#5140=CARTESIAN_POINT('',(0.,0.,0.));
#5141=CARTESIAN_POINT('',(-15.1,0.,0.));
#5142=CARTESIAN_POINT('',(-15.1,0.,29.9547727214752));
#5143=CARTESIAN_POINT('',(-14.,0.,0.));
#5144=CARTESIAN_POINT('',(-14.,0.,0.));
#5145=CARTESIAN_POINT('',(-14.,0.,36.));
#5146=CARTESIAN_POINT('',(-15.1,0.,0.));
#5147=CARTESIAN_POINT('',(-15.1,0.,34.9));
#5148=CARTESIAN_POINT('',(-15.1,0.,36.));
#5149=CARTESIAN_POINT('',(0.,0.,0.));
#5150=CARTESIAN_POINT('',(14.,0.,0.));
#5151=CARTESIAN_POINT('',(14.,0.,-36.));
#5152=CARTESIAN_POINT('',(14.,0.,0.));
#5153=CARTESIAN_POINT('',(15.1,0.,0.));
#5154=CARTESIAN_POINT('',(15.1,0.,-34.9));
#5155=CARTESIAN_POINT('',(15.1,0.,36.));
#5156=MECHANICAL_DESIGN_GEOMETRIC_PRESENTATION_REPRESENTATION('',(#2617),
#5157);
#5157=(
GEOMETRIC_REPRESENTATION_CONTEXT(3)
GLOBAL_UNCERTAINTY_ASSIGNED_CONTEXT((#5158))
GLOBAL_UNIT_ASSIGNED_CONTEXT((#5161,#5160,#5159))
REPRESENTATION_CONTEXT(
'\X2\53CC5185570853CC521789D263A589E674038F74627F\X0\00000 D \X2\578B\X0\(
a=45\X\B0) GBT296-2015','TOP_LEVEL_ASSEMBLY_PART')
);
#5158=UNCERTAINTY_MEASURE_WITH_UNIT(LENGTH_MEASURE(0.005),#5161,
'DISTANCE_ACCURACY_VALUE','Maximum Tolerance applied to model');
#5159=(
NAMED_UNIT(*)
SI_UNIT($,.STERADIAN.)
SOLID_ANGLE_UNIT()
);
#5160=(
NAMED_UNIT(*)
PLANE_ANGLE_UNIT()
SI_UNIT($,.RADIAN.)
);
#5161=(
LENGTH_UNIT()
NAMED_UNIT(*)
SI_UNIT(.MILLI.,.METRE.)
);
#5162=PRODUCT_DEFINITION_SHAPE('','',#5163);
#5163=PRODUCT_DEFINITION('','',#5165,#5164);
#5164=PRODUCT_DEFINITION_CONTEXT('',#5171,'design');
#5165=PRODUCT_DEFINITION_FORMATION_WITH_SPECIFIED_SOURCE('','',#5167,
 .NOT_KNOWN.);
#5166=PRODUCT_RELATED_PRODUCT_CATEGORY('','',(#5167));
#5167=PRODUCT(
'\X2\53CC5185570853CC521789D263A589E674038F74627F\X0\00000 D \X2\578B\X0\(
a=45\X\B0) GBT296-2015',
'\X2\53CC5185570853CC521789D263A589E674038F74627F\X0\00000 D \X2\578B\X0\(
a=45\X\B0) GBT296-2015',
'\X2\53CC5185570853CC521789D263A589E674038F74627F\X0\00000 D \X2\578B\X0\(
a=45\X\B0) GBT296-2015',(#5169));
#5168=PRODUCT_CATEGORY('','');
#5169=PRODUCT_CONTEXT('',#5171,'mechanical');
#5170=APPLICATION_PROTOCOL_DEFINITION('international standard',
'automotive_design',2010,#5171);
#5171=APPLICATION_CONTEXT(
'core data for automotive mechanical design processes');
ENDSEC;
END-ISO-10303-21;
