ISO-10303-21;
HEADER;
/* Generated by software containing HOOPS Exchange Step
 * from HOOPS Exchange, Inc. (www.tiangong.cloud) 
 */

FILE_DESCRIPTION(
/* description */ ('Unknown'),
/* implementation_level */ '2;1');

FILE_NAME(
/* name */ 'UCFC\X2\5E2651F853F05EA798764E1D59167403976274038F74627F\X0\',

/* time_stamp */ '2025-06-03T11:22:14+08:00',
/* author */ ('Unknown'),
/* organization */ ('Unknown'),
/* preprocessor_version */ 'ST-DEVELOPER v19.4',
/* originating_system */ 'TianGong',
/* authorisation */ 'Unknown');

FILE_SCHEMA (('AUTOMOTIVE_DESIGN {1 0 10303 214 3 1 1}'));
ENDSEC;

DATA;
#10=PROPERTY_DEFINITION_REPRESENTATION(#14,#12);
#11=PROPERTY_DEFINITION_REPRESENTATION(#15,#13);
#12=REPRESENTATION('',(#16),#3918);
#13=REPRESENTATION('',(#17),#3918);
#14=PROPERTY_DEFINITION('pmi validation property','',#3931);
#15=PROPERTY_DEFINITION('pmi validation property','',#3931);
#16=VALUE_REPRESENTATION_ITEM('number of annotations',COUNT_MEASURE(0.));
#17=VALUE_REPRESENTATION_ITEM('number of views',COUNT_MEASURE(0.));
#18=(
BOUNDED_SURFACE()
B_SPLINE_SURFACE(3,2,((#3485,#3486,#3487),(#3488,#3489,#3490),(#3491,#3492,
#3493),(#3494,#3495,#3496),(#3497,#3498,#3499),(#3500,#3501,#3502)),
 .UNSPECIFIED.,.F.,.F.,.F.)
B_SPLINE_SURFACE_WITH_KNOTS((4,1,1,4),(3,3),(0.00279746743203337,0.00425736812012802,
0.00571726880822266,0.00863707018441195),(0.,1.),.UNSPECIFIED.)
GEOMETRIC_REPRESENTATION_ITEM()
RATIONAL_B_SPLINE_SURFACE(((1.,0.707106781186557,1.),(1.,0.763116597573832,
1.),(1.,0.851556846076362,1.),(1.,0.96881018157365,1.),(1.,0.999999999999514,
1.),(1.,1.,1.)))
REPRESENTATION_ITEM('')
SURFACE()
);
#19=(
BOUNDED_SURFACE()
B_SPLINE_SURFACE(3,2,((#3519,#3520,#3521),(#3522,#3523,#3524),(#3525,#3526,
#3527),(#3528,#3529,#3530),(#3531,#3532,#3533),(#3534,#3535,#3536)),
 .UNSPECIFIED.,.F.,.F.,.F.)
B_SPLINE_SURFACE_WITH_KNOTS((4,1,1,4),(3,3),(0.00279746743203224,0.00425736812012677,
0.0057172688082213,0.00863707018441035),(0.,1.),.UNSPECIFIED.)
GEOMETRIC_REPRESENTATION_ITEM()
RATIONAL_B_SPLINE_SURFACE(((1.,0.707106781186559,1.),(1.,0.763116597573372,
1.),(1.,0.851556846076567,1.),(1.,0.968810181573518,1.),(1.,0.999999999999514,
1.),(1.,1.,1.)))
REPRESENTATION_ITEM('')
SURFACE()
);
#20=(
BOUNDED_SURFACE()
B_SPLINE_SURFACE(3,2,((#3540,#3541,#3542),(#3543,#3544,#3545),(#3546,#3547,
#3548),(#3549,#3550,#3551),(#3552,#3553,#3554)),.UNSPECIFIED.,.F.,.F.,.F.)
B_SPLINE_SURFACE_WITH_KNOTS((4,1,4),(3,3),(0.000733194518493751,0.00235485528033056,
0.00397651604216737),(0.,1.),.UNSPECIFIED.)
GEOMETRIC_REPRESENTATION_ITEM()
RATIONAL_B_SPLINE_SURFACE(((1.,0.707106781186547,1.),(1.,0.737556133123512,
1.),(1.,0.803057144600025,1.),(1.,0.836660026676393,1.),(1.,0.836660026534076,
1.)))
REPRESENTATION_ITEM('')
SURFACE()
);
#21=(
BOUNDED_SURFACE()
B_SPLINE_SURFACE(3,2,((#3556,#3557,#3558),(#3559,#3560,#3561),(#3562,#3563,
#3564),(#3565,#3566,#3567),(#3568,#3569,#3570)),.UNSPECIFIED.,.F.,.F.,.F.)
B_SPLINE_SURFACE_WITH_KNOTS((4,1,4),(3,3),(0.00126356801170596,0.00288545917980378,
0.00450735034790159),(0.,1.),.UNSPECIFIED.)
GEOMETRIC_REPRESENTATION_ITEM()
RATIONAL_B_SPLINE_SURFACE(((1.,0.836660026534075,1.),(1.,0.836660024722568,
1.),(1.,0.803077079570549,1.),(1.,0.737278388665756,1.),(1.,0.707106781186549,
1.)))
REPRESENTATION_ITEM('')
SURFACE()
);
#22=(
BOUNDED_SURFACE()
B_SPLINE_SURFACE(3,2,((#3574,#3575,#3576),(#3577,#3578,#3579),(#3580,#3581,
#3582),(#3583,#3584,#3585),(#3586,#3587,#3588),(#3589,#3590,#3591)),
 .UNSPECIFIED.,.F.,.F.,.F.)
B_SPLINE_SURFACE_WITH_KNOTS((4,1,1,4),(3,3),(0.00279746743203227,0.00425736812012681,
0.00571726880822135,0.00863707018441044),(0.,1.),.UNSPECIFIED.)
GEOMETRIC_REPRESENTATION_ITEM()
RATIONAL_B_SPLINE_SURFACE(((1.,0.707106781186563,1.),(1.,0.763116597569094,
1.),(1.,0.851556846078519,1.),(1.,0.968810181572352,1.),(1.,0.999999999999514,
1.),(1.,1.,1.)))
REPRESENTATION_ITEM('')
SURFACE()
);
#23=(
BOUNDED_SURFACE()
B_SPLINE_SURFACE(3,2,((#3601,#3602,#3603),(#3604,#3605,#3606),(#3607,#3608,
#3609),(#3610,#3611,#3612),(#3613,#3614,#3615),(#3616,#3617,#3618)),
 .UNSPECIFIED.,.F.,.F.,.F.)
B_SPLINE_SURFACE_WITH_KNOTS((4,1,1,4),(3,3),(0.00279746743203336,0.00425736812012799,
0.00571726880822262,0.00863707018441188),(0.,1.),.UNSPECIFIED.)
GEOMETRIC_REPRESENTATION_ITEM()
RATIONAL_B_SPLINE_SURFACE(((1.,0.707106781186559,1.),(1.,0.763116597571265,
1.),(1.,0.851556846077532,1.),(1.,0.968810181572952,1.),(1.,0.999999999999514,
1.),(1.,1.,1.)))
REPRESENTATION_ITEM('')
SURFACE()
);
#24=(
BOUNDED_SURFACE()
B_SPLINE_SURFACE(3,2,((#3660,#3661,#3662),(#3663,#3664,#3665),(#3666,#3667,
#3668),(#3669,#3670,#3671),(#3672,#3673,#3674)),.UNSPECIFIED.,.F.,.F.,.F.)
B_SPLINE_SURFACE_WITH_KNOTS((4,1,4),(3,3),(0.00126356801170596,0.00288545917980378,
0.0045073503479016),(0.,1.),.UNSPECIFIED.)
GEOMETRIC_REPRESENTATION_ITEM()
RATIONAL_B_SPLINE_SURFACE(((1.,0.836660026534075,1.),(1.,0.836660024721502,
1.),(1.,0.80307707957194,1.),(1.,0.737278388664037,1.),(1.,0.707106781186548,
1.)))
REPRESENTATION_ITEM('')
SURFACE()
);
#25=(
BOUNDED_SURFACE()
B_SPLINE_SURFACE(3,2,((#3676,#3677,#3678),(#3679,#3680,#3681),(#3682,#3683,
#3684),(#3685,#3686,#3687),(#3688,#3689,#3690)),.UNSPECIFIED.,.F.,.F.,.F.)
B_SPLINE_SURFACE_WITH_KNOTS((4,1,4),(3,3),(0.000733194518493757,0.00235485528033056,
0.00397651604216737),(0.,1.),.UNSPECIFIED.)
GEOMETRIC_REPRESENTATION_ITEM()
RATIONAL_B_SPLINE_SURFACE(((1.,0.707106781186547,1.),(1.,0.737556133123816,
1.),(1.,0.803057144600113,1.),(1.,0.836660026675912,1.),(1.,0.836660026534075,
1.)))
REPRESENTATION_ITEM('')
SURFACE()
);
#26=(
BOUNDED_SURFACE()
B_SPLINE_SURFACE(3,2,((#3694,#3695,#3696),(#3697,#3698,#3699),(#3700,#3701,
#3702),(#3703,#3704,#3705),(#3706,#3707,#3708),(#3709,#3710,#3711)),
 .UNSPECIFIED.,.F.,.F.,.F.)
B_SPLINE_SURFACE_WITH_KNOTS((4,1,1,4),(3,3),(0.00279746743203334,0.00425736812012799,
0.00571726880822264,0.00863707018441194),(0.,1.),.UNSPECIFIED.)
GEOMETRIC_REPRESENTATION_ITEM()
RATIONAL_B_SPLINE_SURFACE(((1.,0.707106781186552,1.),(1.,0.763116597573265,
1.),(1.,0.851556846076618,1.),(1.,0.9688101815735,1.),(1.,0.999999999999514,
1.),(1.,1.,1.)))
REPRESENTATION_ITEM('')
SURFACE()
);
#27=(
BOUNDED_SURFACE()
B_SPLINE_SURFACE(3,2,((#3729,#3730,#3731),(#3732,#3733,#3734),(#3735,#3736,
#3737),(#3738,#3739,#3740),(#3741,#3742,#3743),(#3744,#3745,#3746)),
 .UNSPECIFIED.,.F.,.F.,.F.)
B_SPLINE_SURFACE_WITH_KNOTS((4,1,1,4),(3,3),(0.00279746743203227,0.00425736812012679,
0.00571726880822132,0.00863707018441037),(0.,1.),.UNSPECIFIED.)
GEOMETRIC_REPRESENTATION_ITEM()
RATIONAL_B_SPLINE_SURFACE(((1.,0.707106781186556,1.),(1.,0.76311659757088,
1.),(1.,0.851556846077701,1.),(1.,0.968810181572833,1.),(1.,0.999999999999514,
1.),(1.,1.,1.)))
REPRESENTATION_ITEM('')
SURFACE()
);
#28=(
BOUNDED_SURFACE()
B_SPLINE_SURFACE(3,2,((#3750,#3751,#3752),(#3753,#3754,#3755),(#3756,#3757,
#3758),(#3759,#3760,#3761),(#3762,#3763,#3764)),.UNSPECIFIED.,.F.,.F.,.F.)
B_SPLINE_SURFACE_WITH_KNOTS((4,1,4),(3,3),(0.000733194518493759,0.00235485528033057,
0.00397651604216737),(0.,1.),.UNSPECIFIED.)
GEOMETRIC_REPRESENTATION_ITEM()
RATIONAL_B_SPLINE_SURFACE(((1.,0.707106781186547,1.),(1.,0.737556133123937,
1.),(1.,0.803057144599829,1.),(1.,0.836660026676363,1.),(1.,0.836660026534076,
1.)))
REPRESENTATION_ITEM('')
SURFACE()
);
#29=(
BOUNDED_SURFACE()
B_SPLINE_SURFACE(3,2,((#3766,#3767,#3768),(#3769,#3770,#3771),(#3772,#3773,
#3774),(#3775,#3776,#3777),(#3778,#3779,#3780)),.UNSPECIFIED.,.F.,.F.,.F.)
B_SPLINE_SURFACE_WITH_KNOTS((4,1,4),(3,3),(0.00126356801170596,0.00288545917980378,
0.0045073503479016),(0.,1.),.UNSPECIFIED.)
GEOMETRIC_REPRESENTATION_ITEM()
RATIONAL_B_SPLINE_SURFACE(((1.,0.836660026534075,1.),(1.,0.836660024722629,
1.),(1.,0.803077079571348,1.),(1.,0.737278388664096,1.),(1.,0.707106781186547,
1.)))
REPRESENTATION_ITEM('')
SURFACE()
);
#30=(
BOUNDED_SURFACE()
B_SPLINE_SURFACE(3,2,((#3784,#3785,#3786),(#3787,#3788,#3789),(#3790,#3791,
#3792),(#3793,#3794,#3795),(#3796,#3797,#3798),(#3799,#3800,#3801)),
 .UNSPECIFIED.,.F.,.F.,.F.)
B_SPLINE_SURFACE_WITH_KNOTS((4,1,1,4),(3,3),(0.00279746743203228,0.00425736812012683,
0.00571726880822138,0.00863707018441048),(0.,1.),.UNSPECIFIED.)
GEOMETRIC_REPRESENTATION_ITEM()
RATIONAL_B_SPLINE_SURFACE(((1.,0.707106781186558,1.),(1.,0.763116597572622,
1.),(1.,0.851556846076911,1.),(1.,0.968810181573308,1.),(1.,0.999999999999514,
1.),(1.,1.,1.)))
REPRESENTATION_ITEM('')
SURFACE()
);
#31=(
BOUNDED_SURFACE()
B_SPLINE_SURFACE(3,2,((#3811,#3812,#3813),(#3814,#3815,#3816),(#3817,#3818,
#3819),(#3820,#3821,#3822),(#3823,#3824,#3825),(#3826,#3827,#3828)),
 .UNSPECIFIED.,.F.,.F.,.F.)
B_SPLINE_SURFACE_WITH_KNOTS((4,1,1,4),(3,3),(0.00279746743203338,0.00425736812012805,
0.00571726880822272,0.00863707018441206),(0.,1.),.UNSPECIFIED.)
GEOMETRIC_REPRESENTATION_ITEM()
RATIONAL_B_SPLINE_SURFACE(((1.,0.707106781186556,1.),(1.,0.763116597569523,
1.),(1.,0.851556846078323,1.),(1.,0.968810181572481,1.),(1.,0.999999999999514,
1.),(1.,1.,1.)))
REPRESENTATION_ITEM('')
SURFACE()
);
#32=(
BOUNDED_SURFACE()
B_SPLINE_SURFACE(3,2,((#3857,#3858,#3859),(#3860,#3861,#3862),(#3863,#3864,
#3865),(#3866,#3867,#3868),(#3869,#3870,#3871)),.UNSPECIFIED.,.F.,.F.,.F.)
B_SPLINE_SURFACE_WITH_KNOTS((4,1,4),(3,3),(0.00126356801170596,0.00288545917980378,
0.0045073503479016),(0.,1.),.UNSPECIFIED.)
GEOMETRIC_REPRESENTATION_ITEM()
RATIONAL_B_SPLINE_SURFACE(((1.,0.836660026534076,1.),(1.,0.836660024722143,
1.),(1.,0.803077079570418,1.),(1.,0.737278388666447,1.),(1.,0.707106781186547,
1.)))
REPRESENTATION_ITEM('')
SURFACE()
);
#33=(
BOUNDED_SURFACE()
B_SPLINE_SURFACE(3,2,((#3877,#3878,#3879),(#3880,#3881,#3882),(#3883,#3884,
#3885),(#3886,#3887,#3888),(#3889,#3890,#3891)),.UNSPECIFIED.,.F.,.F.,.F.)
B_SPLINE_SURFACE_WITH_KNOTS((4,1,4),(3,3),(0.000733194518493756,0.00235485528033056,
0.00397651604216737),(0.,1.),.UNSPECIFIED.)
GEOMETRIC_REPRESENTATION_ITEM()
RATIONAL_B_SPLINE_SURFACE(((1.,0.707106781186547,1.),(1.,0.737556133123876,
1.),(1.,0.803057144599467,1.),(1.,0.836660026677143,1.),(1.,0.836660026534074,
1.)))
REPRESENTATION_ITEM('')
SURFACE()
);
#34=LINE('',#3094,#90);
#35=LINE('',#3098,#91);
#36=LINE('',#3102,#92);
#37=LINE('',#3111,#93);
#38=LINE('',#3120,#94);
#39=LINE('',#3124,#95);
#40=LINE('',#3128,#96);
#41=LINE('',#3137,#97);
#42=LINE('',#3153,#98);
#43=LINE('',#3158,#99);
#44=LINE('',#3174,#100);
#45=LINE('',#3178,#101);
#46=LINE('',#3194,#102);
#47=LINE('',#3198,#103);
#48=LINE('',#3214,#104);
#49=LINE('',#3218,#105);
#50=LINE('',#3298,#106);
#51=LINE('',#3303,#107);
#52=LINE('',#3309,#108);
#53=LINE('',#3314,#109);
#54=LINE('',#3331,#110);
#55=LINE('',#3334,#111);
#56=LINE('',#3335,#112);
#57=LINE('',#3337,#113);
#58=LINE('',#3339,#114);
#59=LINE('',#3341,#115);
#60=LINE('',#3343,#116);
#61=LINE('',#3348,#117);
#62=LINE('',#3354,#118);
#63=LINE('',#3359,#119);
#64=LINE('',#3376,#120);
#65=LINE('',#3379,#121);
#66=LINE('',#3380,#122);
#67=LINE('',#3382,#123);
#68=LINE('',#3385,#124);
#69=LINE('',#3386,#125);
#70=LINE('',#3388,#126);
#71=LINE('',#3393,#127);
#72=LINE('',#3399,#128);
#73=LINE('',#3402,#129);
#74=LINE('',#3404,#130);
#75=LINE('',#3406,#131);
#76=LINE('',#3408,#132);
#77=LINE('',#3411,#133);
#78=LINE('',#3413,#134);
#79=LINE('',#3415,#135);
#80=LINE('',#3436,#136);
#81=LINE('',#3440,#137);
#82=LINE('',#3444,#138);
#83=LINE('',#3447,#139);
#84=LINE('',#3449,#140);
#85=LINE('',#3451,#141);
#86=LINE('',#3455,#142);
#87=LINE('',#3472,#143);
#88=LINE('',#3474,#144);
#89=LINE('',#3476,#145);
#90=VECTOR('',#2441,1000.);
#91=VECTOR('',#2444,1000.);
#92=VECTOR('',#2449,1000.);
#93=VECTOR('',#2456,1000.);
#94=VECTOR('',#2465,1000.);
#95=VECTOR('',#2468,1000.);
#96=VECTOR('',#2473,1000.);
#97=VECTOR('',#2480,1000.);
#98=VECTOR('',#2485,1000.);
#99=VECTOR('',#2488,1000.);
#100=VECTOR('',#2491,1000.);
#101=VECTOR('',#2494,1000.);
#102=VECTOR('',#2497,1000.);
#103=VECTOR('',#2500,1000.);
#104=VECTOR('',#2503,1000.);
#105=VECTOR('',#2506,1000.);
#106=VECTOR('',#2577,1000.);
#107=VECTOR('',#2580,1000.);
#108=VECTOR('',#2587,1000.);
#109=VECTOR('',#2590,1000.);
#110=VECTOR('',#2597,1000.);
#111=VECTOR('',#2598,1000.);
#112=VECTOR('',#2599,1000.);
#113=VECTOR('',#2602,1000.);
#114=VECTOR('',#2603,1000.);
#115=VECTOR('',#2604,1000.);
#116=VECTOR('',#2607,1000.);
#117=VECTOR('',#2610,1000.);
#118=VECTOR('',#2617,1000.);
#119=VECTOR('',#2620,1000.);
#120=VECTOR('',#2627,1000.);
#121=VECTOR('',#2628,1000.);
#122=VECTOR('',#2629,1000.);
#123=VECTOR('',#2632,1000.);
#124=VECTOR('',#2633,1000.);
#125=VECTOR('',#2634,1000.);
#126=VECTOR('',#2637,1000.);
#127=VECTOR('',#2640,1000.);
#128=VECTOR('',#2647,1000.);
#129=VECTOR('',#2648,1000.);
#130=VECTOR('',#2649,1000.);
#131=VECTOR('',#2650,1000.);
#132=VECTOR('',#2653,1000.);
#133=VECTOR('',#2654,1000.);
#134=VECTOR('',#2655,1000.);
#135=VECTOR('',#2656,1000.);
#136=VECTOR('',#2669,1000.);
#137=VECTOR('',#2672,1000.);
#138=VECTOR('',#2677,1000.);
#139=VECTOR('',#2678,1000.);
#140=VECTOR('',#2679,1000.);
#141=VECTOR('',#2680,1000.);
#142=VECTOR('',#2685,1000.);
#143=VECTOR('',#2692,1000.);
#144=VECTOR('',#2693,1000.);
#145=VECTOR('',#2694,1000.);
#146=CONTEXT_DEPENDENT_SHAPE_REPRESENTATION(#156,#3934);
#147=CONTEXT_DEPENDENT_SHAPE_REPRESENTATION(#157,#3936);
#148=CONTEXT_DEPENDENT_SHAPE_REPRESENTATION(#158,#3937);
#149=CONTEXT_DEPENDENT_SHAPE_REPRESENTATION(#159,#3938);
#150=CONTEXT_DEPENDENT_SHAPE_REPRESENTATION(#160,#3940);
#151=NEXT_ASSEMBLY_USAGE_OCCURRENCE('UC\X2\941E51AD917193B5\X0\?',
'UC\X2\941E51AD917193B5\X0\?','UC\X2\941E51AD917193B5\X0\?',#3942,#3943,
'');
#152=NEXT_ASSEMBLY_USAGE_OCCURRENCE('\X2\692467357B23\X0\','\X2\692467357B23\X0\',
'\X2\692467357B23\X0\',#3942,#3944,'');
#153=NEXT_ASSEMBLY_USAGE_OCCURRENCE('\X2\692467357B23\X0\','\X2\692467357B23\X0\',
'\X2\692467357B23\X0\',#3942,#3944,'');
#154=NEXT_ASSEMBLY_USAGE_OCCURRENCE('UC\X2\7441547453A46D63\X0\?',
'UC\X2\7441547453A46D63\X0\?','UC\X2\7441547453A46D63\X0\?',#3941,#3942,
'');
#155=NEXT_ASSEMBLY_USAGE_OCCURRENCE(
'FC\X2\95BE640120AC72B256AB9359677F6E3E893032209A87\X0\',
'FC\X2\95BE640120AC72B256AB9359677F6E3E893032209A87\X0\',
'FC\X2\95BE640120AC72B256AB9359677F6E3E893032209A87\X0\',#3941,#3945,'');
#156=(
REPRESENTATION_RELATIONSHIP(' ',' ',#2031,#2032)
REPRESENTATION_RELATIONSHIP_WITH_TRANSFORMATION(#161)
SHAPE_REPRESENTATION_RELATIONSHIP()
);
#157=(
REPRESENTATION_RELATIONSHIP(' ',' ',#2033,#2032)
REPRESENTATION_RELATIONSHIP_WITH_TRANSFORMATION(#162)
SHAPE_REPRESENTATION_RELATIONSHIP()
);
#158=(
REPRESENTATION_RELATIONSHIP(' ',' ',#2033,#2032)
REPRESENTATION_RELATIONSHIP_WITH_TRANSFORMATION(#163)
SHAPE_REPRESENTATION_RELATIONSHIP()
);
#159=(
REPRESENTATION_RELATIONSHIP(' ',' ',#2032,#2034)
REPRESENTATION_RELATIONSHIP_WITH_TRANSFORMATION(#164)
SHAPE_REPRESENTATION_RELATIONSHIP()
);
#160=(
REPRESENTATION_RELATIONSHIP(' ',' ',#2035,#2034)
REPRESENTATION_RELATIONSHIP_WITH_TRANSFORMATION(#165)
SHAPE_REPRESENTATION_RELATIONSHIP()
);
#161=ITEM_DEFINED_TRANSFORMATION(' ',' ',#2036,#2078);
#162=ITEM_DEFINED_TRANSFORMATION(' ',' ',#2036,#2088);
#163=ITEM_DEFINED_TRANSFORMATION(' ',' ',#2036,#2089);
#164=ITEM_DEFINED_TRANSFORMATION(' ',' ',#2036,#2090);
#165=ITEM_DEFINED_TRANSFORMATION(' ',' ',#2036,#2324);
#166=CONICAL_SURFACE('',#2074,8.5,0.785398163397448);
#167=CONICAL_SURFACE('',#2075,11.6666666666667,0.785398163397448);
#168=CONICAL_SURFACE('',#2076,10.6666666666667,0.785398163397449);
#169=CONICAL_SURFACE('',#2086,1.5,0.785398163397448);
#170=CONICAL_SURFACE('',#2087,2.5,0.785398163397448);
#171=B_SPLINE_CURVE_WITH_KNOTS('',3,(#2993,#2994,#2995,#2996,#2997,#2998,
#2999,#3000,#3001,#3002,#3003),.UNSPECIFIED.,.T.,.F.,(1,1,1,1,1,1,1,1,1,
1,1,1,1,1,1),(-0.00195796367501353,1.498879515692E-6,0.00196096143404492,
0.00392042398857414,0.00587988654310337,0.0078393490976326,0.00979881165216182,
0.011758274206691,0.0137177367612203,0.0156771993157495,0.0176366618702787,
0.019596124424808,0.0215555869793372,0.0235150495338664,0.0254745120883956),
 .UNSPECIFIED.);
#172=B_SPLINE_CURVE_WITH_KNOTS('',3,(#3005,#3006,#3007,#3008,#3009,#3010,
#3011,#3012,#3013,#3014,#3015),.UNSPECIFIED.,.T.,.F.,(1,1,1,1,1,1,1,1,1,
1,1,1,1,1,1),(-0.00590374453187817,-0.00393582968791878,-0.00196791484395939,
0.,0.00196791484395939,0.00393582968791878,0.00590374453187817,0.00787165937583756,
0.00983957421979694,0.0118074890637563,0.0137754039077157,0.0157433187516751,
0.0177112335956345,0.0196791484395939,0.0216470632835533),.UNSPECIFIED.);
#173=B_SPLINE_CURVE_WITH_KNOTS('',3,(#3025,#3026,#3027,#3028,#3029,#3030,
#3031,#3032,#3033,#3034,#3035),.UNSPECIFIED.,.T.,.F.,(1,1,1,1,1,1,1,1,1,
1,1,1,1,1,1),(-0.00195796367501353,1.49887951569547E-6,0.00196096143404492,
0.00392042398857415,0.00587988654310337,0.0078393490976326,0.00979881165216183,
0.0117582742066911,0.0137177367612203,0.0156771993157495,0.0176366618702787,
0.019596124424808,0.0215555869793372,0.0235150495338664,0.0254745120883956),
 .UNSPECIFIED.);
#174=B_SPLINE_CURVE_WITH_KNOTS('',3,(#3053,#3054,#3055,#3056,#3057,#3058,
#3059,#3060,#3061,#3062,#3063),.UNSPECIFIED.,.T.,.F.,(1,1,1,1,1,1,1,1,1,
1,1,1,1,1,1),(-0.00590374453187817,-0.00393582968791878,-0.00196791484395939,
0.,0.00196791484395939,0.00393582968791878,0.00590374453187817,0.00787165937583756,
0.00983957421979694,0.0118074890637563,0.0137754039077157,0.0157433187516751,
0.0177112335956345,0.0196791484395939,0.0216470632835533),.UNSPECIFIED.);
#175=B_SPLINE_CURVE_WITH_KNOTS('',3,(#3141,#3142,#3143,#3144,#3145,#3146,
#3147,#3148,#3149,#3150,#3151),.UNSPECIFIED.,.T.,.F.,(1,1,1,1,1,1,1,1,1,
1,1,1,1,1,1),(-0.00351744905749244,-0.00234496603832829,-0.00117248301916415,
0.,0.00117248301916415,0.00234496603832829,0.00351744905749244,0.00468993207665658,
0.00586241509582073,0.00703489811498487,0.00820738113414902,0.00937986415331316,
0.0105523471724773,0.0117248301916415,0.0128973132108056),.UNSPECIFIED.);
#176=B_SPLINE_CURVE_WITH_KNOTS('',3,(#3160,#3161,#3162,#3163,#3164),
 .UNSPECIFIED.,.F.,.F.,(4,1,4),(0.,0.00159683280077825,0.0031936656015565),
 .UNSPECIFIED.);
#177=B_SPLINE_CURVE_WITH_KNOTS('',3,(#3168,#3169,#3170,#3171,#3172),
 .UNSPECIFIED.,.F.,.F.,(4,1,4),(0.,0.00161211020218237,0.00322422040436474),
 .UNSPECIFIED.);
#178=B_SPLINE_CURVE_WITH_KNOTS('',3,(#3180,#3181,#3182,#3183,#3184),
 .UNSPECIFIED.,.F.,.F.,(4,1,4),(0.,0.00159683280077825,0.0031936656015565),
 .UNSPECIFIED.);
#179=B_SPLINE_CURVE_WITH_KNOTS('',3,(#3188,#3189,#3190,#3191,#3192),
 .UNSPECIFIED.,.F.,.F.,(4,1,4),(0.,0.00161211020218237,0.00322422040436474),
 .UNSPECIFIED.);
#180=B_SPLINE_CURVE_WITH_KNOTS('',3,(#3200,#3201,#3202,#3203,#3204),
 .UNSPECIFIED.,.F.,.F.,(4,1,4),(0.,0.00159683280077825,0.0031936656015565),
 .UNSPECIFIED.);
#181=B_SPLINE_CURVE_WITH_KNOTS('',3,(#3208,#3209,#3210,#3211,#3212),
 .UNSPECIFIED.,.F.,.F.,(4,1,4),(0.,0.00161211020218237,0.00322422040436474),
 .UNSPECIFIED.);
#182=B_SPLINE_CURVE_WITH_KNOTS('',3,(#3220,#3221,#3222,#3223,#3224),
 .UNSPECIFIED.,.F.,.F.,(4,1,4),(0.,0.00159683280077825,0.0031936656015565),
 .UNSPECIFIED.);
#183=B_SPLINE_CURVE_WITH_KNOTS('',3,(#3228,#3229,#3230,#3231,#3232),
 .UNSPECIFIED.,.F.,.F.,(4,1,4),(0.,0.00161211020218237,0.00322422040436474),
 .UNSPECIFIED.);
#184=B_SPLINE_CURVE_WITH_KNOTS('',3,(#3276,#3277,#3278,#3279,#3280,#3281,
#3282,#3283,#3284,#3285,#3286),.UNSPECIFIED.,.T.,.F.,(1,1,1,1,1,1,1,1,1,
1,1,1,1,1,1),(-0.00353760829009936,-0.00235840552673291,-0.00117920276336645,
0.,0.00117920276336645,0.00235840552673291,0.00353760829009936,0.00471681105346581,
0.00589601381683227,0.00707521658019872,0.00825441934356517,0.00943362210693163,
0.0106128248702981,0.0117920276336645,0.012971230397031),.UNSPECIFIED.);
#185=B_SPLINE_CURVE_WITH_KNOTS('',3,(#3318,#3319,#3320,#3321,#3322),
 .UNSPECIFIED.,.F.,.F.,(4,1,4),(0.,0.00263581233142292,0.00527162466284584),
 .UNSPECIFIED.);
#186=B_SPLINE_CURVE_WITH_KNOTS('',3,(#3323,#3324,#3325,#3326,#3327),
 .UNSPECIFIED.,.F.,.F.,(4,1,4),(0.,0.00263581233142326,0.00527162466284652),
 .UNSPECIFIED.);
#187=B_SPLINE_CURVE_WITH_KNOTS('',3,(#3363,#3364,#3365,#3366,#3367),
 .UNSPECIFIED.,.F.,.F.,(4,1,4),(0.,0.00263581233142291,0.00527162466284582),
 .UNSPECIFIED.);
#188=B_SPLINE_CURVE_WITH_KNOTS('',3,(#3368,#3369,#3370,#3371,#3372),
 .UNSPECIFIED.,.F.,.F.,(4,1,4),(0.,0.00263581233142324,0.00527162466284647),
 .UNSPECIFIED.);
#189=B_SPLINE_CURVE_WITH_KNOTS('',3,(#3419,#3420,#3421,#3422,#3423),
 .UNSPECIFIED.,.F.,.F.,(4,1,4),(0.,0.00263581233142294,0.00527162466284588),
 .UNSPECIFIED.);
#190=B_SPLINE_CURVE_WITH_KNOTS('',3,(#3424,#3425,#3426,#3427,#3428),
 .UNSPECIFIED.,.F.,.F.,(4,1,4),(0.,0.00263581233142324,0.00527162466284648),
 .UNSPECIFIED.);
#191=B_SPLINE_CURVE_WITH_KNOTS('',3,(#3459,#3460,#3461,#3462,#3463),
 .UNSPECIFIED.,.F.,.F.,(4,1,4),(0.,0.00263581233142293,0.00527162466284586),
 .UNSPECIFIED.);
#192=B_SPLINE_CURVE_WITH_KNOTS('',3,(#3464,#3465,#3466,#3467,#3468),
 .UNSPECIFIED.,.F.,.F.,(4,1,4),(0.,0.00263581233142325,0.0052716246628465),
 .UNSPECIFIED.);
#193=B_SPLINE_CURVE_WITH_KNOTS('',3,(#3505,#3506,#3507,#3508,#3509),
 .UNSPECIFIED.,.F.,.F.,(4,1,4),(0.,0.000889158879726216,0.00177831775945243),
 .UNSPECIFIED.);
#194=B_SPLINE_CURVE_WITH_KNOTS('',3,(#3514,#3515,#3516,#3517,#3518),
 .UNSPECIFIED.,.F.,.F.,(4,1,4),(0.,0.000889036098882935,0.00177807219776587),
 .UNSPECIFIED.);
#195=B_SPLINE_CURVE_WITH_KNOTS('',3,(#3641,#3642,#3643,#3644,#3645),
 .UNSPECIFIED.,.F.,.F.,(4,1,4),(0.,0.000889036098882936,0.00177807219776587),
 .UNSPECIFIED.);
#196=B_SPLINE_CURVE_WITH_KNOTS('',3,(#3653,#3654,#3655,#3656,#3657),
 .UNSPECIFIED.,.F.,.F.,(4,1,4),(3.52990653115862E-18,0.000889158879726223,
0.00177831775945244),.UNSPECIFIED.);
#197=B_SPLINE_CURVE_WITH_KNOTS('',3,(#3714,#3715,#3716,#3717,#3718),
 .UNSPECIFIED.,.F.,.F.,(4,1,4),(3.49644694633735E-18,0.000889158879726222,
0.00177831775945244),.UNSPECIFIED.);
#198=B_SPLINE_CURVE_WITH_KNOTS('',3,(#3724,#3725,#3726,#3727,#3728),
 .UNSPECIFIED.,.F.,.F.,(4,1,4),(0.,0.000889036098882938,0.00177807219776588),
 .UNSPECIFIED.);
#199=B_SPLINE_CURVE_WITH_KNOTS('',3,(#3872,#3873,#3874,#3875,#3876),
 .UNSPECIFIED.,.F.,.F.,(4,1,4),(0.,0.000889036098882935,0.00177807219776587),
 .UNSPECIFIED.);
#200=B_SPLINE_CURVE_WITH_KNOTS('',3,(#3892,#3893,#3894,#3895,#3896),
 .UNSPECIFIED.,.F.,.F.,(4,1,4),(3.52990653115862E-18,0.000889158879726221,
0.00177831775945244),.UNSPECIFIED.);
#201=TOROIDAL_SURFACE('',#2053,13.75,3.4216630977873);
#202=TOROIDAL_SURFACE('',#2064,13.75,3.4216630977873);
#203=TOROIDAL_SURFACE('',#2144,19.0787840283389,1.);
#204=TOROIDAL_SURFACE('',#2148,19.0787840283389,1.);
#205=TOROIDAL_SURFACE('',#2197,28.,1.);
#206=TOROIDAL_SURFACE('',#2198,10.,1.);
#207=TOROIDAL_SURFACE('',#2203,30.,1.);
#208=TOROIDAL_SURFACE('',#2208,12.,1.);
#209=TOROIDAL_SURFACE('',#2212,12.,1.);
#210=TOROIDAL_SURFACE('',#2224,12.,1.);
#211=TOROIDAL_SURFACE('',#2230,12.,1.);
#212=TOROIDAL_SURFACE('',#2234,30.,1.);
#213=TOROIDAL_SURFACE('',#2236,30.,1.);
#214=TOROIDAL_SURFACE('',#2252,10.,1.);
#215=TOROIDAL_SURFACE('',#2256,10.,1.);
#216=TOROIDAL_SURFACE('',#2260,30.,1.);
#217=TOROIDAL_SURFACE('',#2262,30.,1.);
#218=TOROIDAL_SURFACE('',#2266,12.,1.);
#219=TOROIDAL_SURFACE('',#2270,12.,1.);
#220=TOROIDAL_SURFACE('',#2282,12.,1.);
#221=TOROIDAL_SURFACE('',#2288,12.,1.);
#222=TOROIDAL_SURFACE('',#2292,30.,1.);
#223=TOROIDAL_SURFACE('',#2294,30.,1.);
#224=TOROIDAL_SURFACE('',#2304,30.,1.);
#225=TOROIDAL_SURFACE('',#2313,10.,1.);
#226=CYLINDRICAL_SURFACE('',#2051,15.8333333333333);
#227=CYLINDRICAL_SURFACE('',#2055,15.8333333333333);
#228=CYLINDRICAL_SURFACE('',#2056,2.5);
#229=CYLINDRICAL_SURFACE('',#2060,11.6666666666667);
#230=CYLINDRICAL_SURFACE('',#2066,11.6666666666667);
#231=CYLINDRICAL_SURFACE('',#2071,7.5);
#232=CYLINDRICAL_SURFACE('',#2073,2.5);
#233=CYLINDRICAL_SURFACE('',#2079,2.5);
#234=CYLINDRICAL_SURFACE('',#2111,29.);
#235=CYLINDRICAL_SURFACE('',#2121,29.);
#236=CYLINDRICAL_SURFACE('',#2130,48.5);
#237=CYLINDRICAL_SURFACE('',#2142,20.0787840283389);
#238=CYLINDRICAL_SURFACE('',#2150,20.0787840283389);
#239=CYLINDRICAL_SURFACE('',#2157,11.);
#240=CYLINDRICAL_SURFACE('',#2167,11.);
#241=CYLINDRICAL_SURFACE('',#2179,11.);
#242=CYLINDRICAL_SURFACE('',#2188,11.);
#243=CYLINDRICAL_SURFACE('',#2193,6.);
#244=CYLINDRICAL_SURFACE('',#2194,6.);
#245=CYLINDRICAL_SURFACE('',#2195,6.);
#246=CYLINDRICAL_SURFACE('',#2196,6.);
#247=CYLINDRICAL_SURFACE('',#2202,1.);
#248=CYLINDRICAL_SURFACE('',#2206,1.);
#249=CYLINDRICAL_SURFACE('',#2215,1.);
#250=CYLINDRICAL_SURFACE('',#2217,1.);
#251=CYLINDRICAL_SURFACE('',#2219,1.);
#252=CYLINDRICAL_SURFACE('',#2221,1.);
#253=CYLINDRICAL_SURFACE('',#2232,1.);
#254=CYLINDRICAL_SURFACE('',#2238,1.);
#255=CYLINDRICAL_SURFACE('',#2244,1.);
#256=CYLINDRICAL_SURFACE('',#2246,1.);
#257=CYLINDRICAL_SURFACE('',#2248,1.);
#258=CYLINDRICAL_SURFACE('',#2250,1.);
#259=CYLINDRICAL_SURFACE('',#2259,1.);
#260=CYLINDRICAL_SURFACE('',#2264,1.);
#261=CYLINDRICAL_SURFACE('',#2273,1.);
#262=CYLINDRICAL_SURFACE('',#2275,1.);
#263=CYLINDRICAL_SURFACE('',#2277,1.);
#264=CYLINDRICAL_SURFACE('',#2279,1.);
#265=CYLINDRICAL_SURFACE('',#2290,1.);
#266=CYLINDRICAL_SURFACE('',#2296,1.);
#267=CYLINDRICAL_SURFACE('',#2302,1.);
#268=CYLINDRICAL_SURFACE('',#2307,1.);
#269=CYLINDRICAL_SURFACE('',#2309,1.);
#270=CYLINDRICAL_SURFACE('',#2311,1.);
#271=CYLINDRICAL_SURFACE('',#2314,1.5);
#272=CYLINDRICAL_SURFACE('',#2315,2.50000000000086);
#273=CYLINDRICAL_SURFACE('',#2321,1.45000000000087);
#274=ORIENTED_EDGE('',*,*,#764,.F.);
#275=ORIENTED_EDGE('',*,*,#765,.T.);
#276=ORIENTED_EDGE('',*,*,#766,.F.);
#277=ORIENTED_EDGE('',*,*,#764,.T.);
#278=ORIENTED_EDGE('',*,*,#767,.F.);
#279=ORIENTED_EDGE('',*,*,#766,.T.);
#280=ORIENTED_EDGE('',*,*,#768,.F.);
#281=ORIENTED_EDGE('',*,*,#767,.T.);
#282=ORIENTED_EDGE('',*,*,#769,.F.);
#283=ORIENTED_EDGE('',*,*,#768,.T.);
#284=ORIENTED_EDGE('',*,*,#765,.F.);
#285=ORIENTED_EDGE('',*,*,#769,.T.);
#286=ORIENTED_EDGE('',*,*,#770,.T.);
#287=ORIENTED_EDGE('',*,*,#771,.T.);
#288=ORIENTED_EDGE('',*,*,#772,.T.);
#289=ORIENTED_EDGE('',*,*,#773,.F.);
#290=ORIENTED_EDGE('',*,*,#770,.F.);
#291=ORIENTED_EDGE('',*,*,#774,.T.);
#292=ORIENTED_EDGE('',*,*,#775,.F.);
#293=ORIENTED_EDGE('',*,*,#776,.T.);
#294=ORIENTED_EDGE('',*,*,#777,.T.);
#295=ORIENTED_EDGE('',*,*,#778,.T.);
#296=ORIENTED_EDGE('',*,*,#777,.F.);
#297=ORIENTED_EDGE('',*,*,#779,.T.);
#298=ORIENTED_EDGE('',*,*,#778,.F.);
#299=ORIENTED_EDGE('',*,*,#780,.T.);
#300=ORIENTED_EDGE('',*,*,#781,.T.);
#301=ORIENTED_EDGE('',*,*,#782,.T.);
#302=ORIENTED_EDGE('',*,*,#771,.F.);
#303=ORIENTED_EDGE('',*,*,#783,.F.);
#304=ORIENTED_EDGE('',*,*,#773,.T.);
#305=ORIENTED_EDGE('',*,*,#775,.T.);
#306=ORIENTED_EDGE('',*,*,#783,.T.);
#307=ORIENTED_EDGE('',*,*,#782,.F.);
#308=ORIENTED_EDGE('',*,*,#780,.F.);
#309=ORIENTED_EDGE('',*,*,#781,.F.);
#310=ORIENTED_EDGE('',*,*,#779,.F.);
#311=ORIENTED_EDGE('',*,*,#776,.F.);
#312=ORIENTED_EDGE('',*,*,#774,.F.);
#313=ORIENTED_EDGE('',*,*,#772,.F.);
#314=ORIENTED_EDGE('',*,*,#784,.T.);
#315=ORIENTED_EDGE('',*,*,#785,.T.);
#316=ORIENTED_EDGE('',*,*,#786,.T.);
#317=ORIENTED_EDGE('',*,*,#787,.T.);
#318=ORIENTED_EDGE('',*,*,#784,.F.);
#319=ORIENTED_EDGE('',*,*,#787,.F.);
#320=ORIENTED_EDGE('',*,*,#786,.F.);
#321=ORIENTED_EDGE('',*,*,#785,.F.);
#322=ORIENTED_EDGE('',*,*,#788,.T.);
#323=ORIENTED_EDGE('',*,*,#789,.T.);
#324=ORIENTED_EDGE('',*,*,#790,.T.);
#325=ORIENTED_EDGE('',*,*,#791,.T.);
#326=ORIENTED_EDGE('',*,*,#792,.T.);
#327=ORIENTED_EDGE('',*,*,#793,.T.);
#328=ORIENTED_EDGE('',*,*,#794,.T.);
#329=ORIENTED_EDGE('',*,*,#795,.T.);
#330=ORIENTED_EDGE('',*,*,#796,.T.);
#331=ORIENTED_EDGE('',*,*,#797,.T.);
#332=ORIENTED_EDGE('',*,*,#798,.T.);
#333=ORIENTED_EDGE('',*,*,#799,.T.);
#334=ORIENTED_EDGE('',*,*,#800,.T.);
#335=ORIENTED_EDGE('',*,*,#801,.T.);
#336=ORIENTED_EDGE('',*,*,#802,.T.);
#337=ORIENTED_EDGE('',*,*,#803,.T.);
#338=ORIENTED_EDGE('',*,*,#804,.T.);
#339=ORIENTED_EDGE('',*,*,#805,.T.);
#340=ORIENTED_EDGE('',*,*,#806,.T.);
#341=ORIENTED_EDGE('',*,*,#807,.T.);
#342=ORIENTED_EDGE('',*,*,#808,.T.);
#343=ORIENTED_EDGE('',*,*,#809,.T.);
#344=ORIENTED_EDGE('',*,*,#810,.T.);
#345=ORIENTED_EDGE('',*,*,#811,.T.);
#346=ORIENTED_EDGE('',*,*,#812,.T.);
#347=ORIENTED_EDGE('',*,*,#813,.T.);
#348=ORIENTED_EDGE('',*,*,#814,.T.);
#349=ORIENTED_EDGE('',*,*,#815,.T.);
#350=ORIENTED_EDGE('',*,*,#816,.F.);
#351=ORIENTED_EDGE('',*,*,#817,.T.);
#352=ORIENTED_EDGE('',*,*,#818,.F.);
#353=ORIENTED_EDGE('',*,*,#819,.T.);
#354=ORIENTED_EDGE('',*,*,#820,.T.);
#355=ORIENTED_EDGE('',*,*,#821,.T.);
#356=ORIENTED_EDGE('',*,*,#822,.F.);
#357=ORIENTED_EDGE('',*,*,#823,.T.);
#358=ORIENTED_EDGE('',*,*,#824,.F.);
#359=ORIENTED_EDGE('',*,*,#825,.T.);
#360=ORIENTED_EDGE('',*,*,#826,.T.);
#361=ORIENTED_EDGE('',*,*,#827,.T.);
#362=ORIENTED_EDGE('',*,*,#828,.F.);
#363=ORIENTED_EDGE('',*,*,#829,.T.);
#364=ORIENTED_EDGE('',*,*,#830,.F.);
#365=ORIENTED_EDGE('',*,*,#831,.T.);
#366=ORIENTED_EDGE('',*,*,#832,.T.);
#367=ORIENTED_EDGE('',*,*,#833,.T.);
#368=ORIENTED_EDGE('',*,*,#834,.F.);
#369=ORIENTED_EDGE('',*,*,#835,.T.);
#370=ORIENTED_EDGE('',*,*,#836,.F.);
#371=ORIENTED_EDGE('',*,*,#837,.T.);
#372=ORIENTED_EDGE('',*,*,#838,.F.);
#373=ORIENTED_EDGE('',*,*,#839,.T.);
#374=ORIENTED_EDGE('',*,*,#840,.F.);
#375=ORIENTED_EDGE('',*,*,#841,.T.);
#376=ORIENTED_EDGE('',*,*,#842,.T.);
#377=ORIENTED_EDGE('',*,*,#843,.F.);
#378=ORIENTED_EDGE('',*,*,#844,.F.);
#379=ORIENTED_EDGE('',*,*,#838,.T.);
#380=ORIENTED_EDGE('',*,*,#845,.F.);
#381=ORIENTED_EDGE('',*,*,#846,.F.);
#382=ORIENTED_EDGE('',*,*,#788,.F.);
#383=ORIENTED_EDGE('',*,*,#847,.F.);
#384=ORIENTED_EDGE('',*,*,#848,.F.);
#385=ORIENTED_EDGE('',*,*,#800,.F.);
#386=ORIENTED_EDGE('',*,*,#849,.F.);
#387=ORIENTED_EDGE('',*,*,#850,.F.);
#388=ORIENTED_EDGE('',*,*,#796,.F.);
#389=ORIENTED_EDGE('',*,*,#851,.F.);
#390=ORIENTED_EDGE('',*,*,#852,.F.);
#391=ORIENTED_EDGE('',*,*,#808,.F.);
#392=ORIENTED_EDGE('',*,*,#844,.T.);
#393=ORIENTED_EDGE('',*,*,#853,.T.);
#394=ORIENTED_EDGE('',*,*,#854,.F.);
#395=ORIENTED_EDGE('',*,*,#855,.F.);
#396=ORIENTED_EDGE('',*,*,#854,.T.);
#397=ORIENTED_EDGE('',*,*,#856,.F.);
#398=ORIENTED_EDGE('',*,*,#855,.T.);
#399=ORIENTED_EDGE('',*,*,#857,.T.);
#400=ORIENTED_EDGE('',*,*,#858,.F.);
#401=ORIENTED_EDGE('',*,*,#856,.T.);
#402=ORIENTED_EDGE('',*,*,#859,.F.);
#403=ORIENTED_EDGE('',*,*,#858,.T.);
#404=ORIENTED_EDGE('',*,*,#860,.F.);
#405=ORIENTED_EDGE('',*,*,#859,.T.);
#406=ORIENTED_EDGE('',*,*,#839,.F.);
#407=ORIENTED_EDGE('',*,*,#860,.T.);
#408=ORIENTED_EDGE('',*,*,#861,.T.);
#409=ORIENTED_EDGE('',*,*,#862,.T.);
#410=ORIENTED_EDGE('',*,*,#863,.T.);
#411=ORIENTED_EDGE('',*,*,#864,.T.);
#412=ORIENTED_EDGE('',*,*,#865,.T.);
#413=ORIENTED_EDGE('',*,*,#866,.F.);
#414=ORIENTED_EDGE('',*,*,#867,.T.);
#415=ORIENTED_EDGE('',*,*,#868,.T.);
#416=ORIENTED_EDGE('',*,*,#869,.T.);
#417=ORIENTED_EDGE('',*,*,#870,.T.);
#418=ORIENTED_EDGE('',*,*,#871,.T.);
#419=ORIENTED_EDGE('',*,*,#872,.T.);
#420=ORIENTED_EDGE('',*,*,#873,.T.);
#421=ORIENTED_EDGE('',*,*,#874,.T.);
#422=ORIENTED_EDGE('',*,*,#866,.T.);
#423=ORIENTED_EDGE('',*,*,#875,.T.);
#424=ORIENTED_EDGE('',*,*,#868,.F.);
#425=ORIENTED_EDGE('',*,*,#876,.T.);
#426=ORIENTED_EDGE('',*,*,#877,.T.);
#427=ORIENTED_EDGE('',*,*,#878,.T.);
#428=ORIENTED_EDGE('',*,*,#879,.T.);
#429=ORIENTED_EDGE('',*,*,#880,.T.);
#430=ORIENTED_EDGE('',*,*,#881,.T.);
#431=ORIENTED_EDGE('',*,*,#882,.T.);
#432=ORIENTED_EDGE('',*,*,#883,.T.);
#433=ORIENTED_EDGE('',*,*,#884,.F.);
#434=ORIENTED_EDGE('',*,*,#885,.T.);
#435=ORIENTED_EDGE('',*,*,#886,.T.);
#436=ORIENTED_EDGE('',*,*,#887,.T.);
#437=ORIENTED_EDGE('',*,*,#888,.T.);
#438=ORIENTED_EDGE('',*,*,#889,.T.);
#439=ORIENTED_EDGE('',*,*,#890,.T.);
#440=ORIENTED_EDGE('',*,*,#891,.T.);
#441=ORIENTED_EDGE('',*,*,#892,.T.);
#442=ORIENTED_EDGE('',*,*,#886,.F.);
#443=ORIENTED_EDGE('',*,*,#893,.T.);
#444=ORIENTED_EDGE('',*,*,#894,.T.);
#445=ORIENTED_EDGE('',*,*,#895,.T.);
#446=ORIENTED_EDGE('',*,*,#884,.T.);
#447=ORIENTED_EDGE('',*,*,#896,.T.);
#448=ORIENTED_EDGE('',*,*,#897,.T.);
#449=ORIENTED_EDGE('',*,*,#898,.T.);
#450=ORIENTED_EDGE('',*,*,#899,.T.);
#451=ORIENTED_EDGE('',*,*,#900,.T.);
#452=ORIENTED_EDGE('',*,*,#901,.F.);
#453=ORIENTED_EDGE('',*,*,#902,.T.);
#454=ORIENTED_EDGE('',*,*,#903,.T.);
#455=ORIENTED_EDGE('',*,*,#904,.F.);
#456=ORIENTED_EDGE('',*,*,#905,.T.);
#457=ORIENTED_EDGE('',*,*,#906,.T.);
#458=ORIENTED_EDGE('',*,*,#907,.T.);
#459=ORIENTED_EDGE('',*,*,#908,.T.);
#460=ORIENTED_EDGE('',*,*,#909,.T.);
#461=ORIENTED_EDGE('',*,*,#904,.T.);
#462=ORIENTED_EDGE('',*,*,#910,.T.);
#463=ORIENTED_EDGE('',*,*,#911,.T.);
#464=ORIENTED_EDGE('',*,*,#912,.T.);
#465=ORIENTED_EDGE('',*,*,#913,.T.);
#466=ORIENTED_EDGE('',*,*,#906,.F.);
#467=ORIENTED_EDGE('',*,*,#914,.T.);
#468=ORIENTED_EDGE('',*,*,#915,.T.);
#469=ORIENTED_EDGE('',*,*,#916,.T.);
#470=ORIENTED_EDGE('',*,*,#917,.T.);
#471=ORIENTED_EDGE('',*,*,#918,.T.);
#472=ORIENTED_EDGE('',*,*,#919,.T.);
#473=ORIENTED_EDGE('',*,*,#920,.T.);
#474=ORIENTED_EDGE('',*,*,#921,.T.);
#475=ORIENTED_EDGE('',*,*,#922,.T.);
#476=ORIENTED_EDGE('',*,*,#923,.T.);
#477=ORIENTED_EDGE('',*,*,#920,.F.);
#478=ORIENTED_EDGE('',*,*,#924,.T.);
#479=ORIENTED_EDGE('',*,*,#925,.T.);
#480=ORIENTED_EDGE('',*,*,#926,.T.);
#481=ORIENTED_EDGE('',*,*,#927,.T.);
#482=ORIENTED_EDGE('',*,*,#928,.T.);
#483=ORIENTED_EDGE('',*,*,#929,.T.);
#484=ORIENTED_EDGE('',*,*,#925,.F.);
#485=ORIENTED_EDGE('',*,*,#930,.T.);
#486=ORIENTED_EDGE('',*,*,#931,.T.);
#487=ORIENTED_EDGE('',*,*,#932,.T.);
#488=ORIENTED_EDGE('',*,*,#843,.T.);
#489=ORIENTED_EDGE('',*,*,#919,.F.);
#490=ORIENTED_EDGE('',*,*,#842,.F.);
#491=ORIENTED_EDGE('',*,*,#901,.T.);
#492=ORIENTED_EDGE('',*,*,#841,.F.);
#493=ORIENTED_EDGE('',*,*,#865,.F.);
#494=ORIENTED_EDGE('',*,*,#840,.T.);
#495=ORIENTED_EDGE('',*,*,#883,.F.);
#496=ORIENTED_EDGE('',*,*,#837,.F.);
#497=ORIENTED_EDGE('',*,*,#853,.F.);
#498=ORIENTED_EDGE('',*,*,#933,.F.);
#499=ORIENTED_EDGE('',*,*,#914,.F.);
#500=ORIENTED_EDGE('',*,*,#934,.F.);
#501=ORIENTED_EDGE('',*,*,#900,.F.);
#502=ORIENTED_EDGE('',*,*,#912,.F.);
#503=ORIENTED_EDGE('',*,*,#849,.T.);
#504=ORIENTED_EDGE('',*,*,#935,.F.);
#505=ORIENTED_EDGE('',*,*,#934,.T.);
#506=ORIENTED_EDGE('',*,*,#909,.F.);
#507=ORIENTED_EDGE('',*,*,#936,.F.);
#508=ORIENTED_EDGE('',*,*,#897,.F.);
#509=ORIENTED_EDGE('',*,*,#937,.F.);
#510=ORIENTED_EDGE('',*,*,#898,.F.);
#511=ORIENTED_EDGE('',*,*,#938,.F.);
#512=ORIENTED_EDGE('',*,*,#829,.F.);
#513=ORIENTED_EDGE('',*,*,#933,.T.);
#514=ORIENTED_EDGE('',*,*,#899,.F.);
#515=ORIENTED_EDGE('',*,*,#939,.F.);
#516=ORIENTED_EDGE('',*,*,#905,.F.);
#517=ORIENTED_EDGE('',*,*,#850,.T.);
#518=ORIENTED_EDGE('',*,*,#911,.F.);
#519=ORIENTED_EDGE('',*,*,#940,.F.);
#520=ORIENTED_EDGE('',*,*,#935,.T.);
#521=ORIENTED_EDGE('',*,*,#805,.F.);
#522=ORIENTED_EDGE('',*,*,#941,.F.);
#523=ORIENTED_EDGE('',*,*,#913,.F.);
#524=ORIENTED_EDGE('',*,*,#938,.T.);
#525=ORIENTED_EDGE('',*,*,#936,.T.);
#526=ORIENTED_EDGE('',*,*,#942,.F.);
#527=ORIENTED_EDGE('',*,*,#830,.T.);
#528=ORIENTED_EDGE('',*,*,#937,.T.);
#529=ORIENTED_EDGE('',*,*,#828,.T.);
#530=ORIENTED_EDGE('',*,*,#943,.F.);
#531=ORIENTED_EDGE('',*,*,#939,.T.);
#532=ORIENTED_EDGE('',*,*,#940,.T.);
#533=ORIENTED_EDGE('',*,*,#910,.F.);
#534=ORIENTED_EDGE('',*,*,#944,.F.);
#535=ORIENTED_EDGE('',*,*,#797,.F.);
#536=ORIENTED_EDGE('',*,*,#848,.T.);
#537=ORIENTED_EDGE('',*,*,#927,.F.);
#538=ORIENTED_EDGE('',*,*,#945,.F.);
#539=ORIENTED_EDGE('',*,*,#941,.T.);
#540=ORIENTED_EDGE('',*,*,#804,.F.);
#541=ORIENTED_EDGE('',*,*,#946,.F.);
#542=ORIENTED_EDGE('',*,*,#907,.F.);
#543=ORIENTED_EDGE('',*,*,#942,.T.);
#544=ORIENTED_EDGE('',*,*,#908,.F.);
#545=ORIENTED_EDGE('',*,*,#947,.F.);
#546=ORIENTED_EDGE('',*,*,#831,.F.);
#547=ORIENTED_EDGE('',*,*,#943,.T.);
#548=ORIENTED_EDGE('',*,*,#827,.F.);
#549=ORIENTED_EDGE('',*,*,#948,.F.);
#550=ORIENTED_EDGE('',*,*,#902,.F.);
#551=ORIENTED_EDGE('',*,*,#944,.T.);
#552=ORIENTED_EDGE('',*,*,#903,.F.);
#553=ORIENTED_EDGE('',*,*,#949,.F.);
#554=ORIENTED_EDGE('',*,*,#798,.F.);
#555=ORIENTED_EDGE('',*,*,#889,.F.);
#556=ORIENTED_EDGE('',*,*,#851,.T.);
#557=ORIENTED_EDGE('',*,*,#950,.F.);
#558=ORIENTED_EDGE('',*,*,#945,.T.);
#559=ORIENTED_EDGE('',*,*,#926,.F.);
#560=ORIENTED_EDGE('',*,*,#951,.F.);
#561=ORIENTED_EDGE('',*,*,#801,.F.);
#562=ORIENTED_EDGE('',*,*,#947,.T.);
#563=ORIENTED_EDGE('',*,*,#946,.T.);
#564=ORIENTED_EDGE('',*,*,#952,.F.);
#565=ORIENTED_EDGE('',*,*,#949,.T.);
#566=ORIENTED_EDGE('',*,*,#948,.T.);
#567=ORIENTED_EDGE('',*,*,#953,.F.);
#568=ORIENTED_EDGE('',*,*,#950,.T.);
#569=ORIENTED_EDGE('',*,*,#795,.F.);
#570=ORIENTED_EDGE('',*,*,#954,.F.);
#571=ORIENTED_EDGE('',*,*,#890,.F.);
#572=ORIENTED_EDGE('',*,*,#951,.T.);
#573=ORIENTED_EDGE('',*,*,#932,.F.);
#574=ORIENTED_EDGE('',*,*,#955,.F.);
#575=ORIENTED_EDGE('',*,*,#802,.F.);
#576=ORIENTED_EDGE('',*,*,#952,.T.);
#577=ORIENTED_EDGE('',*,*,#803,.F.);
#578=ORIENTED_EDGE('',*,*,#956,.F.);
#579=ORIENTED_EDGE('',*,*,#832,.F.);
#580=ORIENTED_EDGE('',*,*,#953,.T.);
#581=ORIENTED_EDGE('',*,*,#826,.F.);
#582=ORIENTED_EDGE('',*,*,#957,.F.);
#583=ORIENTED_EDGE('',*,*,#799,.F.);
#584=ORIENTED_EDGE('',*,*,#954,.T.);
#585=ORIENTED_EDGE('',*,*,#794,.F.);
#586=ORIENTED_EDGE('',*,*,#958,.F.);
#587=ORIENTED_EDGE('',*,*,#896,.F.);
#588=ORIENTED_EDGE('',*,*,#956,.T.);
#589=ORIENTED_EDGE('',*,*,#955,.T.);
#590=ORIENTED_EDGE('',*,*,#959,.F.);
#591=ORIENTED_EDGE('',*,*,#958,.T.);
#592=ORIENTED_EDGE('',*,*,#957,.T.);
#593=ORIENTED_EDGE('',*,*,#960,.F.);
#594=ORIENTED_EDGE('',*,*,#961,.F.);
#595=ORIENTED_EDGE('',*,*,#930,.F.);
#596=ORIENTED_EDGE('',*,*,#962,.F.);
#597=ORIENTED_EDGE('',*,*,#918,.F.);
#598=ORIENTED_EDGE('',*,*,#959,.T.);
#599=ORIENTED_EDGE('',*,*,#931,.F.);
#600=ORIENTED_EDGE('',*,*,#963,.F.);
#601=ORIENTED_EDGE('',*,*,#833,.F.);
#602=ORIENTED_EDGE('',*,*,#960,.T.);
#603=ORIENTED_EDGE('',*,*,#825,.F.);
#604=ORIENTED_EDGE('',*,*,#964,.F.);
#605=ORIENTED_EDGE('',*,*,#894,.F.);
#606=ORIENTED_EDGE('',*,*,#965,.F.);
#607=ORIENTED_EDGE('',*,*,#895,.F.);
#608=ORIENTED_EDGE('',*,*,#966,.F.);
#609=ORIENTED_EDGE('',*,*,#881,.F.);
#610=ORIENTED_EDGE('',*,*,#962,.T.);
#611=ORIENTED_EDGE('',*,*,#924,.F.);
#612=ORIENTED_EDGE('',*,*,#967,.F.);
#613=ORIENTED_EDGE('',*,*,#915,.F.);
#614=ORIENTED_EDGE('',*,*,#963,.T.);
#615=ORIENTED_EDGE('',*,*,#961,.T.);
#616=ORIENTED_EDGE('',*,*,#968,.F.);
#617=ORIENTED_EDGE('',*,*,#834,.T.);
#618=ORIENTED_EDGE('',*,*,#964,.T.);
#619=ORIENTED_EDGE('',*,*,#824,.T.);
#620=ORIENTED_EDGE('',*,*,#969,.F.);
#621=ORIENTED_EDGE('',*,*,#966,.T.);
#622=ORIENTED_EDGE('',*,*,#965,.T.);
#623=ORIENTED_EDGE('',*,*,#880,.F.);
#624=ORIENTED_EDGE('',*,*,#970,.F.);
#625=ORIENTED_EDGE('',*,*,#885,.F.);
#626=ORIENTED_EDGE('',*,*,#928,.F.);
#627=ORIENTED_EDGE('',*,*,#847,.T.);
#628=ORIENTED_EDGE('',*,*,#971,.F.);
#629=ORIENTED_EDGE('',*,*,#967,.T.);
#630=ORIENTED_EDGE('',*,*,#923,.F.);
#631=ORIENTED_EDGE('',*,*,#972,.F.);
#632=ORIENTED_EDGE('',*,*,#916,.F.);
#633=ORIENTED_EDGE('',*,*,#968,.T.);
#634=ORIENTED_EDGE('',*,*,#917,.F.);
#635=ORIENTED_EDGE('',*,*,#973,.F.);
#636=ORIENTED_EDGE('',*,*,#835,.F.);
#637=ORIENTED_EDGE('',*,*,#969,.T.);
#638=ORIENTED_EDGE('',*,*,#823,.F.);
#639=ORIENTED_EDGE('',*,*,#974,.F.);
#640=ORIENTED_EDGE('',*,*,#882,.F.);
#641=ORIENTED_EDGE('',*,*,#970,.T.);
#642=ORIENTED_EDGE('',*,*,#879,.F.);
#643=ORIENTED_EDGE('',*,*,#975,.F.);
#644=ORIENTED_EDGE('',*,*,#893,.F.);
#645=ORIENTED_EDGE('',*,*,#852,.T.);
#646=ORIENTED_EDGE('',*,*,#888,.F.);
#647=ORIENTED_EDGE('',*,*,#976,.F.);
#648=ORIENTED_EDGE('',*,*,#971,.T.);
#649=ORIENTED_EDGE('',*,*,#793,.F.);
#650=ORIENTED_EDGE('',*,*,#977,.F.);
#651=ORIENTED_EDGE('',*,*,#929,.F.);
#652=ORIENTED_EDGE('',*,*,#973,.T.);
#653=ORIENTED_EDGE('',*,*,#972,.T.);
#654=ORIENTED_EDGE('',*,*,#978,.F.);
#655=ORIENTED_EDGE('',*,*,#836,.T.);
#656=ORIENTED_EDGE('',*,*,#974,.T.);
#657=ORIENTED_EDGE('',*,*,#822,.T.);
#658=ORIENTED_EDGE('',*,*,#979,.F.);
#659=ORIENTED_EDGE('',*,*,#975,.T.);
#660=ORIENTED_EDGE('',*,*,#976,.T.);
#661=ORIENTED_EDGE('',*,*,#887,.F.);
#662=ORIENTED_EDGE('',*,*,#980,.F.);
#663=ORIENTED_EDGE('',*,*,#809,.F.);
#664=ORIENTED_EDGE('',*,*,#846,.T.);
#665=ORIENTED_EDGE('',*,*,#870,.F.);
#666=ORIENTED_EDGE('',*,*,#981,.F.);
#667=ORIENTED_EDGE('',*,*,#977,.T.);
#668=ORIENTED_EDGE('',*,*,#792,.F.);
#669=ORIENTED_EDGE('',*,*,#982,.F.);
#670=ORIENTED_EDGE('',*,*,#921,.F.);
#671=ORIENTED_EDGE('',*,*,#978,.T.);
#672=ORIENTED_EDGE('',*,*,#922,.F.);
#673=ORIENTED_EDGE('',*,*,#983,.F.);
#674=ORIENTED_EDGE('',*,*,#813,.F.);
#675=ORIENTED_EDGE('',*,*,#979,.T.);
#676=ORIENTED_EDGE('',*,*,#821,.F.);
#677=ORIENTED_EDGE('',*,*,#984,.F.);
#678=ORIENTED_EDGE('',*,*,#891,.F.);
#679=ORIENTED_EDGE('',*,*,#980,.T.);
#680=ORIENTED_EDGE('',*,*,#892,.F.);
#681=ORIENTED_EDGE('',*,*,#985,.F.);
#682=ORIENTED_EDGE('',*,*,#810,.F.);
#683=ORIENTED_EDGE('',*,*,#871,.F.);
#684=ORIENTED_EDGE('',*,*,#845,.T.);
#685=ORIENTED_EDGE('',*,*,#986,.F.);
#686=ORIENTED_EDGE('',*,*,#981,.T.);
#687=ORIENTED_EDGE('',*,*,#869,.F.);
#688=ORIENTED_EDGE('',*,*,#987,.F.);
#689=ORIENTED_EDGE('',*,*,#789,.F.);
#690=ORIENTED_EDGE('',*,*,#983,.T.);
#691=ORIENTED_EDGE('',*,*,#982,.T.);
#692=ORIENTED_EDGE('',*,*,#988,.F.);
#693=ORIENTED_EDGE('',*,*,#985,.T.);
#694=ORIENTED_EDGE('',*,*,#984,.T.);
#695=ORIENTED_EDGE('',*,*,#989,.F.);
#696=ORIENTED_EDGE('',*,*,#986,.T.);
#697=ORIENTED_EDGE('',*,*,#807,.F.);
#698=ORIENTED_EDGE('',*,*,#990,.F.);
#699=ORIENTED_EDGE('',*,*,#872,.F.);
#700=ORIENTED_EDGE('',*,*,#987,.T.);
#701=ORIENTED_EDGE('',*,*,#878,.F.);
#702=ORIENTED_EDGE('',*,*,#991,.F.);
#703=ORIENTED_EDGE('',*,*,#790,.F.);
#704=ORIENTED_EDGE('',*,*,#988,.T.);
#705=ORIENTED_EDGE('',*,*,#791,.F.);
#706=ORIENTED_EDGE('',*,*,#992,.F.);
#707=ORIENTED_EDGE('',*,*,#814,.F.);
#708=ORIENTED_EDGE('',*,*,#989,.T.);
#709=ORIENTED_EDGE('',*,*,#820,.F.);
#710=ORIENTED_EDGE('',*,*,#993,.F.);
#711=ORIENTED_EDGE('',*,*,#811,.F.);
#712=ORIENTED_EDGE('',*,*,#990,.T.);
#713=ORIENTED_EDGE('',*,*,#806,.F.);
#714=ORIENTED_EDGE('',*,*,#994,.F.);
#715=ORIENTED_EDGE('',*,*,#875,.F.);
#716=ORIENTED_EDGE('',*,*,#992,.T.);
#717=ORIENTED_EDGE('',*,*,#991,.T.);
#718=ORIENTED_EDGE('',*,*,#995,.F.);
#719=ORIENTED_EDGE('',*,*,#994,.T.);
#720=ORIENTED_EDGE('',*,*,#993,.T.);
#721=ORIENTED_EDGE('',*,*,#996,.F.);
#722=ORIENTED_EDGE('',*,*,#995,.T.);
#723=ORIENTED_EDGE('',*,*,#877,.F.);
#724=ORIENTED_EDGE('',*,*,#997,.F.);
#725=ORIENTED_EDGE('',*,*,#815,.F.);
#726=ORIENTED_EDGE('',*,*,#998,.F.);
#727=ORIENTED_EDGE('',*,*,#817,.F.);
#728=ORIENTED_EDGE('',*,*,#999,.F.);
#729=ORIENTED_EDGE('',*,*,#864,.F.);
#730=ORIENTED_EDGE('',*,*,#996,.T.);
#731=ORIENTED_EDGE('',*,*,#819,.F.);
#732=ORIENTED_EDGE('',*,*,#1000,.F.);
#733=ORIENTED_EDGE('',*,*,#873,.F.);
#734=ORIENTED_EDGE('',*,*,#816,.T.);
#735=ORIENTED_EDGE('',*,*,#997,.T.);
#736=ORIENTED_EDGE('',*,*,#1001,.F.);
#737=ORIENTED_EDGE('',*,*,#999,.T.);
#738=ORIENTED_EDGE('',*,*,#818,.T.);
#739=ORIENTED_EDGE('',*,*,#998,.T.);
#740=ORIENTED_EDGE('',*,*,#1002,.F.);
#741=ORIENTED_EDGE('',*,*,#1000,.T.);
#742=ORIENTED_EDGE('',*,*,#1001,.T.);
#743=ORIENTED_EDGE('',*,*,#876,.F.);
#744=ORIENTED_EDGE('',*,*,#1003,.F.);
#745=ORIENTED_EDGE('',*,*,#861,.F.);
#746=ORIENTED_EDGE('',*,*,#1002,.T.);
#747=ORIENTED_EDGE('',*,*,#863,.F.);
#748=ORIENTED_EDGE('',*,*,#1004,.F.);
#749=ORIENTED_EDGE('',*,*,#874,.F.);
#750=ORIENTED_EDGE('',*,*,#1003,.T.);
#751=ORIENTED_EDGE('',*,*,#867,.F.);
#752=ORIENTED_EDGE('',*,*,#1004,.T.);
#753=ORIENTED_EDGE('',*,*,#862,.F.);
#754=ORIENTED_EDGE('',*,*,#857,.F.);
#755=ORIENTED_EDGE('',*,*,#812,.F.);
#756=ORIENTED_EDGE('',*,*,#1005,.F.);
#757=ORIENTED_EDGE('',*,*,#1006,.T.);
#758=ORIENTED_EDGE('',*,*,#1005,.T.);
#759=ORIENTED_EDGE('',*,*,#1007,.F.);
#760=ORIENTED_EDGE('',*,*,#1008,.F.);
#761=ORIENTED_EDGE('',*,*,#1007,.T.);
#762=ORIENTED_EDGE('',*,*,#1006,.F.);
#763=ORIENTED_EDGE('',*,*,#1008,.T.);
#764=EDGE_CURVE('',#1393,#1393,#1009,.T.);
#765=EDGE_CURVE('',#1394,#1394,#1010,.T.);
#766=EDGE_CURVE('',#1395,#1395,#1011,.T.);
#767=EDGE_CURVE('',#1396,#1396,#1012,.T.);
#768=EDGE_CURVE('',#1397,#1397,#1013,.T.);
#769=EDGE_CURVE('',#1398,#1398,#1014,.T.);
#770=EDGE_CURVE('',#1399,#1399,#171,.T.);
#771=EDGE_CURVE('',#1400,#1400,#172,.T.);
#772=EDGE_CURVE('',#1401,#1401,#1015,.T.);
#773=EDGE_CURVE('',#1402,#1402,#1016,.T.);
#774=EDGE_CURVE('',#1399,#1403,#1017,.F.);
#775=EDGE_CURVE('',#1403,#1403,#173,.T.);
#776=EDGE_CURVE('',#1403,#1399,#1018,.F.);
#777=EDGE_CURVE('',#1404,#1404,#1019,.T.);
#778=EDGE_CURVE('',#1405,#1405,#1020,.T.);
#779=EDGE_CURVE('',#1406,#1406,#1021,.F.);
#780=EDGE_CURVE('',#1407,#1407,#1022,.F.);
#781=EDGE_CURVE('',#1408,#1408,#1023,.T.);
#782=EDGE_CURVE('',#1409,#1409,#1024,.T.);
#783=EDGE_CURVE('',#1410,#1410,#174,.T.);
#784=EDGE_CURVE('',#1412,#1412,#1025,.F.);
#785=EDGE_CURVE('',#1413,#1413,#1026,.T.);
#786=EDGE_CURVE('',#1414,#1414,#1027,.F.);
#787=EDGE_CURVE('',#1415,#1415,#1028,.T.);
#788=EDGE_CURVE('',#1416,#1417,#1029,.T.);
#789=EDGE_CURVE('',#1417,#1418,#1030,.T.);
#790=EDGE_CURVE('',#1418,#1419,#34,.F.);
#791=EDGE_CURVE('',#1419,#1420,#1031,.T.);
#792=EDGE_CURVE('',#1420,#1421,#35,.T.);
#793=EDGE_CURVE('',#1421,#1416,#1032,.T.);
#794=EDGE_CURVE('',#1422,#1423,#36,.T.);
#795=EDGE_CURVE('',#1423,#1424,#1033,.T.);
#796=EDGE_CURVE('',#1424,#1425,#1034,.T.);
#797=EDGE_CURVE('',#1425,#1426,#1035,.T.);
#798=EDGE_CURVE('',#1426,#1427,#37,.T.);
#799=EDGE_CURVE('',#1427,#1422,#1036,.T.);
#800=EDGE_CURVE('',#1428,#1429,#1037,.T.);
#801=EDGE_CURVE('',#1429,#1430,#1038,.T.);
#802=EDGE_CURVE('',#1430,#1431,#38,.T.);
#803=EDGE_CURVE('',#1431,#1432,#1039,.T.);
#804=EDGE_CURVE('',#1432,#1433,#39,.T.);
#805=EDGE_CURVE('',#1433,#1428,#1040,.T.);
#806=EDGE_CURVE('',#1434,#1435,#40,.F.);
#807=EDGE_CURVE('',#1435,#1436,#1041,.T.);
#808=EDGE_CURVE('',#1436,#1437,#1042,.T.);
#809=EDGE_CURVE('',#1437,#1438,#1043,.T.);
#810=EDGE_CURVE('',#1438,#1439,#41,.T.);
#811=EDGE_CURVE('',#1439,#1434,#1044,.T.);
#812=EDGE_CURVE('',#1440,#1440,#175,.T.);
#813=EDGE_CURVE('',#1441,#1442,#42,.F.);
#814=EDGE_CURVE('',#1442,#1443,#1045,.F.);
#815=EDGE_CURVE('',#1443,#1444,#43,.T.);
#816=EDGE_CURVE('',#1445,#1444,#176,.T.);
#817=EDGE_CURVE('',#1445,#1446,#1046,.T.);
#818=EDGE_CURVE('',#1447,#1446,#177,.T.);
#819=EDGE_CURVE('',#1447,#1448,#44,.F.);
#820=EDGE_CURVE('',#1448,#1449,#1047,.F.);
#821=EDGE_CURVE('',#1449,#1450,#45,.T.);
#822=EDGE_CURVE('',#1451,#1450,#178,.T.);
#823=EDGE_CURVE('',#1451,#1452,#1048,.F.);
#824=EDGE_CURVE('',#1453,#1452,#179,.T.);
#825=EDGE_CURVE('',#1453,#1454,#46,.F.);
#826=EDGE_CURVE('',#1454,#1455,#1049,.F.);
#827=EDGE_CURVE('',#1455,#1456,#47,.T.);
#828=EDGE_CURVE('',#1457,#1456,#180,.T.);
#829=EDGE_CURVE('',#1457,#1458,#1050,.F.);
#830=EDGE_CURVE('',#1459,#1458,#181,.T.);
#831=EDGE_CURVE('',#1459,#1460,#48,.F.);
#832=EDGE_CURVE('',#1460,#1461,#1051,.F.);
#833=EDGE_CURVE('',#1461,#1462,#49,.T.);
#834=EDGE_CURVE('',#1463,#1462,#182,.T.);
#835=EDGE_CURVE('',#1463,#1464,#1052,.F.);
#836=EDGE_CURVE('',#1441,#1464,#183,.T.);
#837=EDGE_CURVE('',#1465,#1465,#1053,.T.);
#838=EDGE_CURVE('',#1466,#1466,#1054,.T.);
#839=EDGE_CURVE('',#1467,#1467,#1055,.T.);
#840=EDGE_CURVE('',#1468,#1468,#1056,.F.);
#841=EDGE_CURVE('',#1469,#1469,#1057,.T.);
#842=EDGE_CURVE('',#1470,#1470,#1058,.T.);
#843=EDGE_CURVE('',#1471,#1471,#1059,.F.);
#844=EDGE_CURVE('',#1472,#1472,#1060,.T.);
#845=EDGE_CURVE('',#1473,#1436,#1061,.T.);
#846=EDGE_CURVE('',#1417,#1473,#1062,.T.);
#847=EDGE_CURVE('',#1474,#1416,#1063,.T.);
#848=EDGE_CURVE('',#1429,#1474,#1064,.T.);
#849=EDGE_CURVE('',#1475,#1428,#1065,.T.);
#850=EDGE_CURVE('',#1425,#1475,#1066,.T.);
#851=EDGE_CURVE('',#1476,#1424,#1067,.T.);
#852=EDGE_CURVE('',#1437,#1476,#1068,.T.);
#853=EDGE_CURVE('',#1477,#1477,#1069,.F.);
#854=EDGE_CURVE('',#1478,#1478,#1070,.T.);
#855=EDGE_CURVE('',#1479,#1479,#1071,.T.);
#856=EDGE_CURVE('',#1480,#1480,#1072,.T.);
#857=EDGE_CURVE('',#1481,#1481,#184,.T.);
#858=EDGE_CURVE('',#1482,#1482,#1073,.T.);
#859=EDGE_CURVE('',#1483,#1483,#1074,.T.);
#860=EDGE_CURVE('',#1484,#1484,#1075,.T.);
#861=EDGE_CURVE('',#1485,#1486,#50,.T.);
#862=EDGE_CURVE('',#1486,#1487,#1076,.T.);
#863=EDGE_CURVE('',#1487,#1488,#51,.T.);
#864=EDGE_CURVE('',#1488,#1485,#1077,.F.);
#865=EDGE_CURVE('',#1489,#1489,#1078,.F.);
#866=EDGE_CURVE('',#1490,#1491,#52,.T.);
#867=EDGE_CURVE('',#1490,#1492,#1079,.F.);
#868=EDGE_CURVE('',#1492,#1493,#53,.T.);
#869=EDGE_CURVE('',#1493,#1494,#1080,.F.);
#870=EDGE_CURVE('',#1494,#1473,#185,.T.);
#871=EDGE_CURVE('',#1473,#1495,#186,.F.);
#872=EDGE_CURVE('',#1495,#1491,#1081,.F.);
#873=EDGE_CURVE('',#1496,#1497,#54,.F.);
#874=EDGE_CURVE('',#1497,#1490,#55,.F.);
#875=EDGE_CURVE('',#1491,#1496,#56,.T.);
#876=EDGE_CURVE('',#1492,#1498,#57,.F.);
#877=EDGE_CURVE('',#1498,#1499,#58,.T.);
#878=EDGE_CURVE('',#1499,#1493,#59,.T.);
#879=EDGE_CURVE('',#1500,#1501,#60,.F.);
#880=EDGE_CURVE('',#1501,#1502,#1082,.F.);
#881=EDGE_CURVE('',#1502,#1503,#61,.F.);
#882=EDGE_CURVE('',#1503,#1500,#1083,.T.);
#883=EDGE_CURVE('',#1504,#1504,#1084,.T.);
#884=EDGE_CURVE('',#1505,#1506,#62,.T.);
#885=EDGE_CURVE('',#1505,#1507,#1085,.T.);
#886=EDGE_CURVE('',#1507,#1508,#63,.T.);
#887=EDGE_CURVE('',#1508,#1509,#1086,.F.);
#888=EDGE_CURVE('',#1509,#1476,#187,.T.);
#889=EDGE_CURVE('',#1476,#1510,#188,.F.);
#890=EDGE_CURVE('',#1510,#1506,#1087,.F.);
#891=EDGE_CURVE('',#1511,#1512,#64,.F.);
#892=EDGE_CURVE('',#1512,#1508,#65,.F.);
#893=EDGE_CURVE('',#1507,#1511,#66,.T.);
#894=EDGE_CURVE('',#1513,#1514,#67,.T.);
#895=EDGE_CURVE('',#1514,#1505,#68,.T.);
#896=EDGE_CURVE('',#1506,#1513,#69,.F.);
#897=EDGE_CURVE('',#1515,#1516,#70,.F.);
#898=EDGE_CURVE('',#1516,#1517,#1088,.T.);
#899=EDGE_CURVE('',#1517,#1518,#71,.F.);
#900=EDGE_CURVE('',#1518,#1515,#1089,.F.);
#901=EDGE_CURVE('',#1519,#1519,#1090,.F.);
#902=EDGE_CURVE('',#1520,#1521,#72,.F.);
#903=EDGE_CURVE('',#1521,#1522,#73,.F.);
#904=EDGE_CURVE('',#1523,#1522,#74,.T.);
#905=EDGE_CURVE('',#1523,#1520,#75,.T.);
#906=EDGE_CURVE('',#1524,#1525,#76,.T.);
#907=EDGE_CURVE('',#1525,#1526,#77,.F.);
#908=EDGE_CURVE('',#1526,#1527,#78,.T.);
#909=EDGE_CURVE('',#1527,#1524,#79,.T.);
#910=EDGE_CURVE('',#1522,#1528,#1091,.F.);
#911=EDGE_CURVE('',#1528,#1475,#189,.T.);
#912=EDGE_CURVE('',#1475,#1529,#190,.F.);
#913=EDGE_CURVE('',#1529,#1525,#1092,.F.);
#914=EDGE_CURVE('',#1524,#1523,#1093,.T.);
#915=EDGE_CURVE('',#1530,#1531,#1094,.F.);
#916=EDGE_CURVE('',#1531,#1532,#80,.F.);
#917=EDGE_CURVE('',#1532,#1533,#1095,.T.);
#918=EDGE_CURVE('',#1533,#1530,#81,.F.);
#919=EDGE_CURVE('',#1534,#1534,#1096,.T.);
#920=EDGE_CURVE('',#1535,#1536,#82,.T.);
#921=EDGE_CURVE('',#1536,#1537,#83,.F.);
#922=EDGE_CURVE('',#1537,#1538,#84,.T.);
#923=EDGE_CURVE('',#1538,#1535,#85,.T.);
#924=EDGE_CURVE('',#1535,#1539,#1097,.T.);
#925=EDGE_CURVE('',#1539,#1540,#86,.T.);
#926=EDGE_CURVE('',#1540,#1541,#1098,.F.);
#927=EDGE_CURVE('',#1541,#1474,#191,.T.);
#928=EDGE_CURVE('',#1474,#1542,#192,.F.);
#929=EDGE_CURVE('',#1542,#1536,#1099,.F.);
#930=EDGE_CURVE('',#1539,#1543,#87,.T.);
#931=EDGE_CURVE('',#1543,#1544,#88,.F.);
#932=EDGE_CURVE('',#1544,#1540,#89,.F.);
#933=EDGE_CURVE('',#1523,#1518,#1100,.T.);
#934=EDGE_CURVE('',#1515,#1524,#1101,.T.);
#935=EDGE_CURVE('',#1529,#1428,#1102,.F.);
#936=EDGE_CURVE('',#1516,#1527,#193,.T.);
#937=EDGE_CURVE('',#1517,#1457,#1103,.T.);
#938=EDGE_CURVE('',#1458,#1516,#1104,.T.);
#939=EDGE_CURVE('',#1520,#1517,#194,.T.);
#940=EDGE_CURVE('',#1425,#1528,#1105,.F.);
#941=EDGE_CURVE('',#1525,#1433,#1106,.T.);
#942=EDGE_CURVE('',#1459,#1527,#1107,.F.);
#943=EDGE_CURVE('',#1520,#1456,#1108,.F.);
#944=EDGE_CURVE('',#1426,#1522,#1109,.T.);
#945=EDGE_CURVE('',#1429,#1541,#1110,.F.);
#946=EDGE_CURVE('',#1526,#1432,#1111,.T.);
#947=EDGE_CURVE('',#1460,#1526,#1112,.T.);
#948=EDGE_CURVE('',#1521,#1455,#1113,.T.);
#949=EDGE_CURVE('',#1427,#1521,#1114,.T.);
#950=EDGE_CURVE('',#1510,#1424,#1115,.F.);
#951=EDGE_CURVE('',#1430,#1540,#1116,.T.);
#952=EDGE_CURVE('',#1460,#1432,#1117,.F.);
#953=EDGE_CURVE('',#1427,#1455,#1118,.F.);
#954=EDGE_CURVE('',#1506,#1423,#1119,.T.);
#955=EDGE_CURVE('',#1431,#1544,#1120,.T.);
#956=EDGE_CURVE('',#1461,#1431,#1121,.T.);
#957=EDGE_CURVE('',#1422,#1454,#1122,.T.);
#958=EDGE_CURVE('',#1513,#1422,#1123,.T.);
#959=EDGE_CURVE('',#1461,#1544,#1124,.F.);
#960=EDGE_CURVE('',#1513,#1454,#1125,.F.);
#961=EDGE_CURVE('',#1543,#1533,#195,.T.);
#962=EDGE_CURVE('',#1530,#1539,#1126,.T.);
#963=EDGE_CURVE('',#1462,#1543,#1127,.T.);
#964=EDGE_CURVE('',#1514,#1453,#1128,.T.);
#965=EDGE_CURVE('',#1505,#1502,#1129,.T.);
#966=EDGE_CURVE('',#1503,#1514,#196,.T.);
#967=EDGE_CURVE('',#1531,#1535,#1130,.T.);
#968=EDGE_CURVE('',#1463,#1533,#1131,.F.);
#969=EDGE_CURVE('',#1503,#1452,#1132,.F.);
#970=EDGE_CURVE('',#1507,#1501,#1133,.T.);
#971=EDGE_CURVE('',#1542,#1416,#1134,.F.);
#972=EDGE_CURVE('',#1532,#1538,#197,.T.);
#973=EDGE_CURVE('',#1464,#1532,#1135,.T.);
#974=EDGE_CURVE('',#1500,#1451,#1136,.T.);
#975=EDGE_CURVE('',#1511,#1500,#198,.T.);
#976=EDGE_CURVE('',#1437,#1509,#1137,.F.);
#977=EDGE_CURVE('',#1536,#1421,#1138,.T.);
#978=EDGE_CURVE('',#1441,#1538,#1139,.F.);
#979=EDGE_CURVE('',#1511,#1450,#1140,.F.);
#980=EDGE_CURVE('',#1438,#1508,#1141,.T.);
#981=EDGE_CURVE('',#1417,#1494,#1142,.F.);
#982=EDGE_CURVE('',#1537,#1420,#1143,.T.);
#983=EDGE_CURVE('',#1442,#1537,#1144,.T.);
#984=EDGE_CURVE('',#1512,#1449,#1145,.T.);
#985=EDGE_CURVE('',#1439,#1512,#1146,.T.);
#986=EDGE_CURVE('',#1495,#1436,#1147,.F.);
#987=EDGE_CURVE('',#1418,#1493,#1148,.T.);
#988=EDGE_CURVE('',#1442,#1420,#1149,.F.);
#989=EDGE_CURVE('',#1439,#1449,#1150,.F.);
#990=EDGE_CURVE('',#1491,#1435,#1151,.T.);
#991=EDGE_CURVE('',#1419,#1499,#1152,.T.);
#992=EDGE_CURVE('',#1443,#1419,#1153,.T.);
#993=EDGE_CURVE('',#1434,#1448,#1154,.T.);
#994=EDGE_CURVE('',#1496,#1434,#1155,.T.);
#995=EDGE_CURVE('',#1443,#1499,#1156,.F.);
#996=EDGE_CURVE('',#1496,#1448,#1157,.F.);
#997=EDGE_CURVE('',#1444,#1498,#1158,.T.);
#998=EDGE_CURVE('',#1446,#1488,#1159,.T.);
#999=EDGE_CURVE('',#1485,#1445,#1160,.T.);
#1000=EDGE_CURVE('',#1497,#1447,#1161,.T.);
#1001=EDGE_CURVE('',#1485,#1498,#199,.F.);
#1002=EDGE_CURVE('',#1497,#1488,#200,.F.);
#1003=EDGE_CURVE('',#1486,#1492,#1162,.T.);
#1004=EDGE_CURVE('',#1490,#1487,#1163,.T.);
#1005=EDGE_CURVE('',#1545,#1545,#1164,.T.);
#1006=EDGE_CURVE('',#1546,#1546,#1165,.T.);
#1007=EDGE_CURVE('',#1547,#1547,#1166,.T.);
#1008=EDGE_CURVE('',#1548,#1548,#1167,.T.);
#1009=CIRCLE('',#2045,19.0787840283389);
#1010=CIRCLE('',#2046,15.8333333333333);
#1011=CIRCLE('',#2048,19.0787840283389);
#1012=CIRCLE('',#2050,15.8333333333333);
#1013=CIRCLE('',#2052,15.8333333333333);
#1014=CIRCLE('',#2054,15.8333333333333);
#1015=CIRCLE('',#2058,10.6666666666667);
#1016=CIRCLE('',#2059,7.5);
#1017=CIRCLE('',#2061,11.6666666666667);
#1018=CIRCLE('',#2062,11.6666666666667);
#1019=CIRCLE('',#2063,11.6666666666667);
#1020=CIRCLE('',#2065,11.6666666666667);
#1021=CIRCLE('',#2067,11.6666666666667);
#1022=CIRCLE('',#2069,8.5);
#1023=CIRCLE('',#2070,10.6666666666667);
#1024=CIRCLE('',#2072,7.5);
#1025=CIRCLE('',#2080,2.5);
#1026=CIRCLE('',#2081,2.5);
#1027=CIRCLE('',#2083,1.5);
#1028=CIRCLE('',#2085,1.5);
#1029=CIRCLE('',#2092,48.5);
#1030=CIRCLE('',#2093,12.);
#1031=CIRCLE('',#2094,30.);
#1032=CIRCLE('',#2095,12.);
#1033=CIRCLE('',#2097,12.);
#1034=CIRCLE('',#2098,48.5);
#1035=CIRCLE('',#2099,12.);
#1036=CIRCLE('',#2100,30.);
#1037=CIRCLE('',#2102,48.5);
#1038=CIRCLE('',#2103,12.);
#1039=CIRCLE('',#2104,30.);
#1040=CIRCLE('',#2105,12.);
#1041=CIRCLE('',#2107,12.);
#1042=CIRCLE('',#2108,48.5);
#1043=CIRCLE('',#2109,12.);
#1044=CIRCLE('',#2110,30.);
#1045=CIRCLE('',#2112,29.);
#1046=CIRCLE('',#2113,29.);
#1047=CIRCLE('',#2114,29.);
#1048=CIRCLE('',#2115,29.);
#1049=CIRCLE('',#2116,29.);
#1050=CIRCLE('',#2117,29.);
#1051=CIRCLE('',#2118,29.);
#1052=CIRCLE('',#2119,29.);
#1053=CIRCLE('',#2120,29.);
#1054=CIRCLE('',#2122,29.);
#1055=CIRCLE('',#2123,29.);
#1056=CIRCLE('',#2125,6.);
#1057=CIRCLE('',#2126,6.);
#1058=CIRCLE('',#2127,6.);
#1059=CIRCLE('',#2128,6.);
#1060=CIRCLE('',#2129,48.5);
#1061=CIRCLE('',#2131,48.5);
#1062=CIRCLE('',#2132,48.5);
#1063=CIRCLE('',#2133,48.5);
#1064=CIRCLE('',#2134,48.5);
#1065=CIRCLE('',#2135,48.5);
#1066=CIRCLE('',#2136,48.5);
#1067=CIRCLE('',#2137,48.5);
#1068=CIRCLE('',#2138,48.5);
#1069=CIRCLE('',#2140,28.);
#1070=CIRCLE('',#2141,20.0787840283389);
#1071=CIRCLE('',#2143,20.0787840283389);
#1072=CIRCLE('',#2145,19.0787840283389);
#1073=CIRCLE('',#2147,19.0787840283389);
#1074=CIRCLE('',#2149,20.0787840283389);
#1075=CIRCLE('',#2151,20.0787840283389);
#1076=CIRCLE('',#2154,10.);
#1077=CIRCLE('',#2155,30.);
#1078=CIRCLE('',#2156,6.);
#1079=CIRCLE('',#2158,11.);
#1080=CIRCLE('',#2159,11.);
#1081=CIRCLE('',#2160,11.);
#1082=CIRCLE('',#2164,10.);
#1083=CIRCLE('',#2165,30.);
#1084=CIRCLE('',#2166,6.);
#1085=CIRCLE('',#2168,11.);
#1086=CIRCLE('',#2169,11.);
#1087=CIRCLE('',#2170,11.);
#1088=CIRCLE('',#2174,30.);
#1089=CIRCLE('',#2175,10.);
#1090=CIRCLE('',#2176,6.);
#1091=CIRCLE('',#2180,11.);
#1092=CIRCLE('',#2181,11.);
#1093=CIRCLE('',#2182,11.);
#1094=CIRCLE('',#2184,10.);
#1095=CIRCLE('',#2185,30.);
#1096=CIRCLE('',#2186,6.);
#1097=CIRCLE('',#2189,11.);
#1098=CIRCLE('',#2190,11.);
#1099=CIRCLE('',#2191,11.);
#1100=CIRCLE('',#2199,1.);
#1101=CIRCLE('',#2200,1.);
#1102=CIRCLE('',#2201,1.);
#1103=CIRCLE('',#2204,1.);
#1104=CIRCLE('',#2205,1.);
#1105=CIRCLE('',#2207,1.);
#1106=CIRCLE('',#2209,1.);
#1107=CIRCLE('',#2210,1.);
#1108=CIRCLE('',#2211,1.);
#1109=CIRCLE('',#2213,1.);
#1110=CIRCLE('',#2214,1.);
#1111=CIRCLE('',#2216,1.);
#1112=CIRCLE('',#2218,1.);
#1113=CIRCLE('',#2220,1.);
#1114=CIRCLE('',#2222,1.);
#1115=CIRCLE('',#2223,1.);
#1116=CIRCLE('',#2225,1.);
#1117=CIRCLE('',#2227,1.);
#1118=CIRCLE('',#2229,1.);
#1119=CIRCLE('',#2231,1.);
#1120=CIRCLE('',#2233,1.);
#1121=CIRCLE('',#2235,1.);
#1122=CIRCLE('',#2237,1.);
#1123=CIRCLE('',#2239,1.);
#1124=CIRCLE('',#2241,1.);
#1125=CIRCLE('',#2243,1.);
#1126=CIRCLE('',#2245,1.);
#1127=CIRCLE('',#2247,1.);
#1128=CIRCLE('',#2249,1.);
#1129=CIRCLE('',#2251,1.);
#1130=CIRCLE('',#2253,1.);
#1131=CIRCLE('',#2254,1.);
#1132=CIRCLE('',#2255,1.);
#1133=CIRCLE('',#2257,1.);
#1134=CIRCLE('',#2258,1.);
#1135=CIRCLE('',#2261,1.);
#1136=CIRCLE('',#2263,1.);
#1137=CIRCLE('',#2265,1.);
#1138=CIRCLE('',#2267,1.);
#1139=CIRCLE('',#2268,1.);
#1140=CIRCLE('',#2269,1.);
#1141=CIRCLE('',#2271,1.);
#1142=CIRCLE('',#2272,1.);
#1143=CIRCLE('',#2274,1.);
#1144=CIRCLE('',#2276,1.);
#1145=CIRCLE('',#2278,1.);
#1146=CIRCLE('',#2280,1.);
#1147=CIRCLE('',#2281,1.);
#1148=CIRCLE('',#2283,1.);
#1149=CIRCLE('',#2285,1.);
#1150=CIRCLE('',#2287,1.);
#1151=CIRCLE('',#2289,1.);
#1152=CIRCLE('',#2291,1.);
#1153=CIRCLE('',#2293,1.);
#1154=CIRCLE('',#2295,1.);
#1155=CIRCLE('',#2297,1.);
#1156=CIRCLE('',#2299,1.);
#1157=CIRCLE('',#2301,1.);
#1158=CIRCLE('',#2303,1.);
#1159=CIRCLE('',#2305,1.);
#1160=CIRCLE('',#2306,1.);
#1161=CIRCLE('',#2308,1.);
#1162=CIRCLE('',#2310,1.);
#1163=CIRCLE('',#2312,1.);
#1164=CIRCLE('',#2316,2.50000000000086);
#1165=CIRCLE('',#2317,2.50000000000086);
#1166=CIRCLE('',#2320,1.45000000000087);
#1167=CIRCLE('',#2322,1.45000000000087);
#1168=EDGE_LOOP('',(#274));
#1169=EDGE_LOOP('',(#275));
#1170=EDGE_LOOP('',(#276));
#1171=EDGE_LOOP('',(#277));
#1172=EDGE_LOOP('',(#278));
#1173=EDGE_LOOP('',(#279));
#1174=EDGE_LOOP('',(#280));
#1175=EDGE_LOOP('',(#281));
#1176=EDGE_LOOP('',(#282));
#1177=EDGE_LOOP('',(#283));
#1178=EDGE_LOOP('',(#284));
#1179=EDGE_LOOP('',(#285));
#1180=EDGE_LOOP('',(#286));
#1181=EDGE_LOOP('',(#287));
#1182=EDGE_LOOP('',(#288));
#1183=EDGE_LOOP('',(#289));
#1184=EDGE_LOOP('',(#290,#291,#292,#293));
#1185=EDGE_LOOP('',(#294));
#1186=EDGE_LOOP('',(#295));
#1187=EDGE_LOOP('',(#296));
#1188=EDGE_LOOP('',(#297));
#1189=EDGE_LOOP('',(#298));
#1190=EDGE_LOOP('',(#299));
#1191=EDGE_LOOP('',(#300));
#1192=EDGE_LOOP('',(#301));
#1193=EDGE_LOOP('',(#302));
#1194=EDGE_LOOP('',(#303));
#1195=EDGE_LOOP('',(#304));
#1196=EDGE_LOOP('',(#305));
#1197=EDGE_LOOP('',(#306));
#1198=EDGE_LOOP('',(#307));
#1199=EDGE_LOOP('',(#308));
#1200=EDGE_LOOP('',(#309));
#1201=EDGE_LOOP('',(#310));
#1202=EDGE_LOOP('',(#311,#312));
#1203=EDGE_LOOP('',(#313));
#1204=EDGE_LOOP('',(#314));
#1205=EDGE_LOOP('',(#315));
#1206=EDGE_LOOP('',(#316));
#1207=EDGE_LOOP('',(#317));
#1208=EDGE_LOOP('',(#318));
#1209=EDGE_LOOP('',(#319));
#1210=EDGE_LOOP('',(#320));
#1211=EDGE_LOOP('',(#321));
#1212=EDGE_LOOP('',(#322,#323,#324,#325,#326,#327));
#1213=EDGE_LOOP('',(#328,#329,#330,#331,#332,#333));
#1214=EDGE_LOOP('',(#334,#335,#336,#337,#338,#339));
#1215=EDGE_LOOP('',(#340,#341,#342,#343,#344,#345));
#1216=EDGE_LOOP('',(#346));
#1217=EDGE_LOOP('',(#347,#348,#349,#350,#351,#352,#353,#354,#355,#356,#357,
#358,#359,#360,#361,#362,#363,#364,#365,#366,#367,#368,#369,#370));
#1218=EDGE_LOOP('',(#371));
#1219=EDGE_LOOP('',(#372));
#1220=EDGE_LOOP('',(#373));
#1221=EDGE_LOOP('',(#374));
#1222=EDGE_LOOP('',(#375));
#1223=EDGE_LOOP('',(#376));
#1224=EDGE_LOOP('',(#377));
#1225=EDGE_LOOP('',(#378));
#1226=EDGE_LOOP('',(#379));
#1227=EDGE_LOOP('',(#380,#381,#382,#383,#384,#385,#386,#387,#388,#389,#390,
#391));
#1228=EDGE_LOOP('',(#392));
#1229=EDGE_LOOP('',(#393));
#1230=EDGE_LOOP('',(#394));
#1231=EDGE_LOOP('',(#395));
#1232=EDGE_LOOP('',(#396));
#1233=EDGE_LOOP('',(#397));
#1234=EDGE_LOOP('',(#398));
#1235=EDGE_LOOP('',(#399));
#1236=EDGE_LOOP('',(#400));
#1237=EDGE_LOOP('',(#401));
#1238=EDGE_LOOP('',(#402));
#1239=EDGE_LOOP('',(#403));
#1240=EDGE_LOOP('',(#404));
#1241=EDGE_LOOP('',(#405));
#1242=EDGE_LOOP('',(#406));
#1243=EDGE_LOOP('',(#407));
#1244=EDGE_LOOP('',(#408,#409,#410,#411));
#1245=EDGE_LOOP('',(#412));
#1246=EDGE_LOOP('',(#413,#414,#415,#416,#417,#418,#419));
#1247=EDGE_LOOP('',(#420,#421,#422,#423));
#1248=EDGE_LOOP('',(#424,#425,#426,#427));
#1249=EDGE_LOOP('',(#428,#429,#430,#431));
#1250=EDGE_LOOP('',(#432));
#1251=EDGE_LOOP('',(#433,#434,#435,#436,#437,#438,#439));
#1252=EDGE_LOOP('',(#440,#441,#442,#443));
#1253=EDGE_LOOP('',(#444,#445,#446,#447));
#1254=EDGE_LOOP('',(#448,#449,#450,#451));
#1255=EDGE_LOOP('',(#452));
#1256=EDGE_LOOP('',(#453,#454,#455,#456));
#1257=EDGE_LOOP('',(#457,#458,#459,#460));
#1258=EDGE_LOOP('',(#461,#462,#463,#464,#465,#466,#467));
#1259=EDGE_LOOP('',(#468,#469,#470,#471));
#1260=EDGE_LOOP('',(#472));
#1261=EDGE_LOOP('',(#473,#474,#475,#476));
#1262=EDGE_LOOP('',(#477,#478,#479,#480,#481,#482,#483));
#1263=EDGE_LOOP('',(#484,#485,#486,#487));
#1264=EDGE_LOOP('',(#488));
#1265=EDGE_LOOP('',(#489));
#1266=EDGE_LOOP('',(#490));
#1267=EDGE_LOOP('',(#491));
#1268=EDGE_LOOP('',(#492));
#1269=EDGE_LOOP('',(#493));
#1270=EDGE_LOOP('',(#494));
#1271=EDGE_LOOP('',(#495));
#1272=EDGE_LOOP('',(#496));
#1273=EDGE_LOOP('',(#497));
#1274=EDGE_LOOP('',(#498,#499,#500,#501));
#1275=EDGE_LOOP('',(#502,#503,#504));
#1276=EDGE_LOOP('',(#505,#506,#507,#508));
#1277=EDGE_LOOP('',(#509,#510,#511,#512));
#1278=EDGE_LOOP('',(#513,#514,#515,#516));
#1279=EDGE_LOOP('',(#517,#518,#519));
#1280=EDGE_LOOP('',(#520,#521,#522,#523));
#1281=EDGE_LOOP('',(#524,#525,#526,#527));
#1282=EDGE_LOOP('',(#528,#529,#530,#531));
#1283=EDGE_LOOP('',(#532,#533,#534,#535));
#1284=EDGE_LOOP('',(#536,#537,#538));
#1285=EDGE_LOOP('',(#539,#540,#541,#542));
#1286=EDGE_LOOP('',(#543,#544,#545,#546));
#1287=EDGE_LOOP('',(#547,#548,#549,#550));
#1288=EDGE_LOOP('',(#551,#552,#553,#554));
#1289=EDGE_LOOP('',(#555,#556,#557));
#1290=EDGE_LOOP('',(#558,#559,#560,#561));
#1291=EDGE_LOOP('',(#562,#563,#564));
#1292=EDGE_LOOP('',(#565,#566,#567));
#1293=EDGE_LOOP('',(#568,#569,#570,#571));
#1294=EDGE_LOOP('',(#572,#573,#574,#575));
#1295=EDGE_LOOP('',(#576,#577,#578,#579));
#1296=EDGE_LOOP('',(#580,#581,#582,#583));
#1297=EDGE_LOOP('',(#584,#585,#586,#587));
#1298=EDGE_LOOP('',(#588,#589,#590));
#1299=EDGE_LOOP('',(#591,#592,#593));
#1300=EDGE_LOOP('',(#594,#595,#596,#597));
#1301=EDGE_LOOP('',(#598,#599,#600,#601));
#1302=EDGE_LOOP('',(#602,#603,#604,#605));
#1303=EDGE_LOOP('',(#606,#607,#608,#609));
#1304=EDGE_LOOP('',(#610,#611,#612,#613));
#1305=EDGE_LOOP('',(#614,#615,#616,#617));
#1306=EDGE_LOOP('',(#618,#619,#620,#621));
#1307=EDGE_LOOP('',(#622,#623,#624,#625));
#1308=EDGE_LOOP('',(#626,#627,#628));
#1309=EDGE_LOOP('',(#629,#630,#631,#632));
#1310=EDGE_LOOP('',(#633,#634,#635,#636));
#1311=EDGE_LOOP('',(#637,#638,#639,#640));
#1312=EDGE_LOOP('',(#641,#642,#643,#644));
#1313=EDGE_LOOP('',(#645,#646,#647));
#1314=EDGE_LOOP('',(#648,#649,#650,#651));
#1315=EDGE_LOOP('',(#652,#653,#654,#655));
#1316=EDGE_LOOP('',(#656,#657,#658,#659));
#1317=EDGE_LOOP('',(#660,#661,#662,#663));
#1318=EDGE_LOOP('',(#664,#665,#666));
#1319=EDGE_LOOP('',(#667,#668,#669,#670));
#1320=EDGE_LOOP('',(#671,#672,#673,#674));
#1321=EDGE_LOOP('',(#675,#676,#677,#678));
#1322=EDGE_LOOP('',(#679,#680,#681,#682));
#1323=EDGE_LOOP('',(#683,#684,#685));
#1324=EDGE_LOOP('',(#686,#687,#688,#689));
#1325=EDGE_LOOP('',(#690,#691,#692));
#1326=EDGE_LOOP('',(#693,#694,#695));
#1327=EDGE_LOOP('',(#696,#697,#698,#699));
#1328=EDGE_LOOP('',(#700,#701,#702,#703));
#1329=EDGE_LOOP('',(#704,#705,#706,#707));
#1330=EDGE_LOOP('',(#708,#709,#710,#711));
#1331=EDGE_LOOP('',(#712,#713,#714,#715));
#1332=EDGE_LOOP('',(#716,#717,#718));
#1333=EDGE_LOOP('',(#719,#720,#721));
#1334=EDGE_LOOP('',(#722,#723,#724,#725));
#1335=EDGE_LOOP('',(#726,#727,#728,#729));
#1336=EDGE_LOOP('',(#730,#731,#732,#733));
#1337=EDGE_LOOP('',(#734,#735,#736,#737));
#1338=EDGE_LOOP('',(#738,#739,#740,#741));
#1339=EDGE_LOOP('',(#742,#743,#744,#745));
#1340=EDGE_LOOP('',(#746,#747,#748,#749));
#1341=EDGE_LOOP('',(#750,#751,#752,#753));
#1342=EDGE_LOOP('',(#754));
#1343=EDGE_LOOP('',(#755));
#1344=EDGE_LOOP('',(#756));
#1345=EDGE_LOOP('',(#757));
#1346=EDGE_LOOP('',(#758));
#1347=EDGE_LOOP('',(#759));
#1348=EDGE_LOOP('',(#760));
#1349=EDGE_LOOP('',(#761));
#1350=EDGE_LOOP('',(#762));
#1351=EDGE_LOOP('',(#763));
#1352=PLANE('',#2044);
#1353=PLANE('',#2049);
#1354=PLANE('',#2057);
#1355=PLANE('',#2068);
#1356=PLANE('',#2082);
#1357=PLANE('',#2084);
#1358=PLANE('',#2091);
#1359=PLANE('',#2096);
#1360=PLANE('',#2101);
#1361=PLANE('',#2106);
#1362=PLANE('',#2124);
#1363=PLANE('',#2139);
#1364=PLANE('',#2152);
#1365=PLANE('',#2153);
#1366=PLANE('',#2161);
#1367=PLANE('',#2162);
#1368=PLANE('',#2163);
#1369=PLANE('',#2171);
#1370=PLANE('',#2172);
#1371=PLANE('',#2173);
#1372=PLANE('',#2177);
#1373=PLANE('',#2178);
#1374=PLANE('',#2183);
#1375=PLANE('',#2187);
#1376=PLANE('',#2192);
#1377=PLANE('',#2318);
#1378=PLANE('',#2319);
#1379=PLANE('',#2323);
#1380=SHAPE_REPRESENTATION_RELATIONSHIP('','',#2031,#1383);
#1381=SHAPE_REPRESENTATION_RELATIONSHIP('','',#2033,#1384);
#1382=SHAPE_REPRESENTATION_RELATIONSHIP('','',#2035,#1385);
#1383=ADVANCED_BREP_SHAPE_REPRESENTATION('',(#2013,#2014,#2015,#2016,#2017,
#2018,#2019,#2020,#2021,#2022),#3920);
#1384=ADVANCED_BREP_SHAPE_REPRESENTATION('',(#2023),#3921);
#1385=ADVANCED_BREP_SHAPE_REPRESENTATION('',(#2024,#2025),#3922);
#1386=VERTEX_POINT('',#2961);
#1387=VERTEX_POINT('',#2963);
#1388=VERTEX_POINT('',#2965);
#1389=VERTEX_POINT('',#2967);
#1390=VERTEX_POINT('',#2969);
#1391=VERTEX_POINT('',#2971);
#1392=VERTEX_POINT('',#2973);
#1393=VERTEX_POINT('',#2976);
#1394=VERTEX_POINT('',#2978);
#1395=VERTEX_POINT('',#2981);
#1396=VERTEX_POINT('',#2984);
#1397=VERTEX_POINT('',#2987);
#1398=VERTEX_POINT('',#2990);
#1399=VERTEX_POINT('',#3004);
#1400=VERTEX_POINT('',#3016);
#1401=VERTEX_POINT('',#3019);
#1402=VERTEX_POINT('',#3021);
#1403=VERTEX_POINT('',#3024);
#1404=VERTEX_POINT('',#3038);
#1405=VERTEX_POINT('',#3041);
#1406=VERTEX_POINT('',#3044);
#1407=VERTEX_POINT('',#3047);
#1408=VERTEX_POINT('',#3049);
#1409=VERTEX_POINT('',#3052);
#1410=VERTEX_POINT('',#3064);
#1411=VERTEX_POINT('',#3070);
#1412=VERTEX_POINT('',#3074);
#1413=VERTEX_POINT('',#3076);
#1414=VERTEX_POINT('',#3079);
#1415=VERTEX_POINT('',#3082);
#1416=VERTEX_POINT('',#3090);
#1417=VERTEX_POINT('',#3091);
#1418=VERTEX_POINT('',#3093);
#1419=VERTEX_POINT('',#3095);
#1420=VERTEX_POINT('',#3097);
#1421=VERTEX_POINT('',#3099);
#1422=VERTEX_POINT('',#3103);
#1423=VERTEX_POINT('',#3104);
#1424=VERTEX_POINT('',#3106);
#1425=VERTEX_POINT('',#3108);
#1426=VERTEX_POINT('',#3110);
#1427=VERTEX_POINT('',#3112);
#1428=VERTEX_POINT('',#3116);
#1429=VERTEX_POINT('',#3117);
#1430=VERTEX_POINT('',#3119);
#1431=VERTEX_POINT('',#3121);
#1432=VERTEX_POINT('',#3123);
#1433=VERTEX_POINT('',#3125);
#1434=VERTEX_POINT('',#3129);
#1435=VERTEX_POINT('',#3130);
#1436=VERTEX_POINT('',#3132);
#1437=VERTEX_POINT('',#3134);
#1438=VERTEX_POINT('',#3136);
#1439=VERTEX_POINT('',#3138);
#1440=VERTEX_POINT('',#3152);
#1441=VERTEX_POINT('',#3154);
#1442=VERTEX_POINT('',#3155);
#1443=VERTEX_POINT('',#3157);
#1444=VERTEX_POINT('',#3159);
#1445=VERTEX_POINT('',#3165);
#1446=VERTEX_POINT('',#3167);
#1447=VERTEX_POINT('',#3173);
#1448=VERTEX_POINT('',#3175);
#1449=VERTEX_POINT('',#3177);
#1450=VERTEX_POINT('',#3179);
#1451=VERTEX_POINT('',#3185);
#1452=VERTEX_POINT('',#3187);
#1453=VERTEX_POINT('',#3193);
#1454=VERTEX_POINT('',#3195);
#1455=VERTEX_POINT('',#3197);
#1456=VERTEX_POINT('',#3199);
#1457=VERTEX_POINT('',#3205);
#1458=VERTEX_POINT('',#3207);
#1459=VERTEX_POINT('',#3213);
#1460=VERTEX_POINT('',#3215);
#1461=VERTEX_POINT('',#3217);
#1462=VERTEX_POINT('',#3219);
#1463=VERTEX_POINT('',#3225);
#1464=VERTEX_POINT('',#3227);
#1465=VERTEX_POINT('',#3234);
#1466=VERTEX_POINT('',#3237);
#1467=VERTEX_POINT('',#3239);
#1468=VERTEX_POINT('',#3242);
#1469=VERTEX_POINT('',#3244);
#1470=VERTEX_POINT('',#3246);
#1471=VERTEX_POINT('',#3248);
#1472=VERTEX_POINT('',#3250);
#1473=VERTEX_POINT('',#3253);
#1474=VERTEX_POINT('',#3256);
#1475=VERTEX_POINT('',#3259);
#1476=VERTEX_POINT('',#3262);
#1477=VERTEX_POINT('',#3266);
#1478=VERTEX_POINT('',#3268);
#1479=VERTEX_POINT('',#3271);
#1480=VERTEX_POINT('',#3274);
#1481=VERTEX_POINT('',#3287);
#1482=VERTEX_POINT('',#3289);
#1483=VERTEX_POINT('',#3292);
#1484=VERTEX_POINT('',#3295);
#1485=VERTEX_POINT('',#3299);
#1486=VERTEX_POINT('',#3300);
#1487=VERTEX_POINT('',#3302);
#1488=VERTEX_POINT('',#3304);
#1489=VERTEX_POINT('',#3307);
#1490=VERTEX_POINT('',#3310);
#1491=VERTEX_POINT('',#3311);
#1492=VERTEX_POINT('',#3313);
#1493=VERTEX_POINT('',#3315);
#1494=VERTEX_POINT('',#3317);
#1495=VERTEX_POINT('',#3328);
#1496=VERTEX_POINT('',#3332);
#1497=VERTEX_POINT('',#3333);
#1498=VERTEX_POINT('',#3338);
#1499=VERTEX_POINT('',#3340);
#1500=VERTEX_POINT('',#3344);
#1501=VERTEX_POINT('',#3345);
#1502=VERTEX_POINT('',#3347);
#1503=VERTEX_POINT('',#3349);
#1504=VERTEX_POINT('',#3352);
#1505=VERTEX_POINT('',#3355);
#1506=VERTEX_POINT('',#3356);
#1507=VERTEX_POINT('',#3358);
#1508=VERTEX_POINT('',#3360);
#1509=VERTEX_POINT('',#3362);
#1510=VERTEX_POINT('',#3373);
#1511=VERTEX_POINT('',#3377);
#1512=VERTEX_POINT('',#3378);
#1513=VERTEX_POINT('',#3383);
#1514=VERTEX_POINT('',#3384);
#1515=VERTEX_POINT('',#3389);
#1516=VERTEX_POINT('',#3390);
#1517=VERTEX_POINT('',#3392);
#1518=VERTEX_POINT('',#3394);
#1519=VERTEX_POINT('',#3397);
#1520=VERTEX_POINT('',#3400);
#1521=VERTEX_POINT('',#3401);
#1522=VERTEX_POINT('',#3403);
#1523=VERTEX_POINT('',#3405);
#1524=VERTEX_POINT('',#3409);
#1525=VERTEX_POINT('',#3410);
#1526=VERTEX_POINT('',#3412);
#1527=VERTEX_POINT('',#3414);
#1528=VERTEX_POINT('',#3418);
#1529=VERTEX_POINT('',#3429);
#1530=VERTEX_POINT('',#3434);
#1531=VERTEX_POINT('',#3435);
#1532=VERTEX_POINT('',#3437);
#1533=VERTEX_POINT('',#3439);
#1534=VERTEX_POINT('',#3442);
#1535=VERTEX_POINT('',#3445);
#1536=VERTEX_POINT('',#3446);
#1537=VERTEX_POINT('',#3448);
#1538=VERTEX_POINT('',#3450);
#1539=VERTEX_POINT('',#3454);
#1540=VERTEX_POINT('',#3456);
#1541=VERTEX_POINT('',#3458);
#1542=VERTEX_POINT('',#3469);
#1543=VERTEX_POINT('',#3473);
#1544=VERTEX_POINT('',#3475);
#1545=VERTEX_POINT('',#3905);
#1546=VERTEX_POINT('',#3907);
#1547=VERTEX_POINT('',#3911);
#1548=VERTEX_POINT('',#3914);
#1549=VERTEX_LOOP('',#1386);
#1550=VERTEX_LOOP('',#1387);
#1551=VERTEX_LOOP('',#1388);
#1552=VERTEX_LOOP('',#1389);
#1553=VERTEX_LOOP('',#1390);
#1554=VERTEX_LOOP('',#1391);
#1555=VERTEX_LOOP('',#1392);
#1556=VERTEX_LOOP('',#1411);
#1557=FACE_BOUND('',#1549,.T.);
#1558=FACE_BOUND('',#1550,.T.);
#1559=FACE_BOUND('',#1551,.T.);
#1560=FACE_BOUND('',#1552,.T.);
#1561=FACE_BOUND('',#1553,.T.);
#1562=FACE_BOUND('',#1554,.T.);
#1563=FACE_BOUND('',#1555,.T.);
#1564=FACE_BOUND('',#1168,.T.);
#1565=FACE_BOUND('',#1169,.T.);
#1566=FACE_BOUND('',#1170,.T.);
#1567=FACE_BOUND('',#1171,.T.);
#1568=FACE_BOUND('',#1172,.T.);
#1569=FACE_BOUND('',#1173,.T.);
#1570=FACE_BOUND('',#1174,.T.);
#1571=FACE_BOUND('',#1175,.T.);
#1572=FACE_BOUND('',#1176,.T.);
#1573=FACE_BOUND('',#1177,.T.);
#1574=FACE_BOUND('',#1178,.T.);
#1575=FACE_BOUND('',#1179,.T.);
#1576=FACE_BOUND('',#1180,.T.);
#1577=FACE_BOUND('',#1181,.T.);
#1578=FACE_BOUND('',#1182,.T.);
#1579=FACE_BOUND('',#1183,.T.);
#1580=FACE_BOUND('',#1184,.T.);
#1581=FACE_BOUND('',#1185,.T.);
#1582=FACE_BOUND('',#1186,.T.);
#1583=FACE_BOUND('',#1187,.T.);
#1584=FACE_BOUND('',#1188,.T.);
#1585=FACE_BOUND('',#1189,.T.);
#1586=FACE_BOUND('',#1190,.T.);
#1587=FACE_BOUND('',#1191,.T.);
#1588=FACE_BOUND('',#1192,.T.);
#1589=FACE_BOUND('',#1193,.T.);
#1590=FACE_BOUND('',#1194,.T.);
#1591=FACE_BOUND('',#1195,.T.);
#1592=FACE_BOUND('',#1196,.T.);
#1593=FACE_BOUND('',#1197,.T.);
#1594=FACE_BOUND('',#1198,.T.);
#1595=FACE_BOUND('',#1199,.T.);
#1596=FACE_BOUND('',#1200,.T.);
#1597=FACE_BOUND('',#1201,.T.);
#1598=FACE_BOUND('',#1202,.T.);
#1599=FACE_BOUND('',#1203,.T.);
#1600=FACE_BOUND('',#1556,.T.);
#1601=FACE_BOUND('',#1204,.T.);
#1602=FACE_BOUND('',#1205,.T.);
#1603=FACE_BOUND('',#1206,.T.);
#1604=FACE_BOUND('',#1207,.T.);
#1605=FACE_BOUND('',#1208,.T.);
#1606=FACE_BOUND('',#1209,.T.);
#1607=FACE_BOUND('',#1210,.T.);
#1608=FACE_BOUND('',#1211,.T.);
#1609=FACE_BOUND('',#1212,.T.);
#1610=FACE_BOUND('',#1213,.T.);
#1611=FACE_BOUND('',#1214,.T.);
#1612=FACE_BOUND('',#1215,.T.);
#1613=FACE_BOUND('',#1216,.T.);
#1614=FACE_BOUND('',#1217,.T.);
#1615=FACE_BOUND('',#1218,.T.);
#1616=FACE_BOUND('',#1219,.T.);
#1617=FACE_BOUND('',#1220,.T.);
#1618=FACE_BOUND('',#1221,.T.);
#1619=FACE_BOUND('',#1222,.T.);
#1620=FACE_BOUND('',#1223,.T.);
#1621=FACE_BOUND('',#1224,.T.);
#1622=FACE_BOUND('',#1225,.T.);
#1623=FACE_BOUND('',#1226,.T.);
#1624=FACE_BOUND('',#1227,.T.);
#1625=FACE_BOUND('',#1228,.T.);
#1626=FACE_BOUND('',#1229,.T.);
#1627=FACE_BOUND('',#1230,.T.);
#1628=FACE_BOUND('',#1231,.T.);
#1629=FACE_BOUND('',#1232,.T.);
#1630=FACE_BOUND('',#1233,.T.);
#1631=FACE_BOUND('',#1234,.T.);
#1632=FACE_BOUND('',#1235,.T.);
#1633=FACE_BOUND('',#1236,.T.);
#1634=FACE_BOUND('',#1237,.T.);
#1635=FACE_BOUND('',#1238,.T.);
#1636=FACE_BOUND('',#1239,.T.);
#1637=FACE_BOUND('',#1240,.T.);
#1638=FACE_BOUND('',#1241,.T.);
#1639=FACE_BOUND('',#1242,.T.);
#1640=FACE_BOUND('',#1243,.T.);
#1641=FACE_BOUND('',#1244,.T.);
#1642=FACE_BOUND('',#1245,.T.);
#1643=FACE_BOUND('',#1246,.T.);
#1644=FACE_BOUND('',#1247,.T.);
#1645=FACE_BOUND('',#1248,.T.);
#1646=FACE_BOUND('',#1249,.T.);
#1647=FACE_BOUND('',#1250,.T.);
#1648=FACE_BOUND('',#1251,.T.);
#1649=FACE_BOUND('',#1252,.T.);
#1650=FACE_BOUND('',#1253,.T.);
#1651=FACE_BOUND('',#1254,.T.);
#1652=FACE_BOUND('',#1255,.T.);
#1653=FACE_BOUND('',#1256,.T.);
#1654=FACE_BOUND('',#1257,.T.);
#1655=FACE_BOUND('',#1258,.T.);
#1656=FACE_BOUND('',#1259,.T.);
#1657=FACE_BOUND('',#1260,.T.);
#1658=FACE_BOUND('',#1261,.T.);
#1659=FACE_BOUND('',#1262,.T.);
#1660=FACE_BOUND('',#1263,.T.);
#1661=FACE_BOUND('',#1264,.T.);
#1662=FACE_BOUND('',#1265,.T.);
#1663=FACE_BOUND('',#1266,.T.);
#1664=FACE_BOUND('',#1267,.T.);
#1665=FACE_BOUND('',#1268,.T.);
#1666=FACE_BOUND('',#1269,.T.);
#1667=FACE_BOUND('',#1270,.T.);
#1668=FACE_BOUND('',#1271,.T.);
#1669=FACE_BOUND('',#1272,.T.);
#1670=FACE_BOUND('',#1273,.T.);
#1671=FACE_BOUND('',#1274,.T.);
#1672=FACE_BOUND('',#1275,.T.);
#1673=FACE_BOUND('',#1276,.T.);
#1674=FACE_BOUND('',#1277,.T.);
#1675=FACE_BOUND('',#1278,.T.);
#1676=FACE_BOUND('',#1279,.T.);
#1677=FACE_BOUND('',#1280,.T.);
#1678=FACE_BOUND('',#1281,.T.);
#1679=FACE_BOUND('',#1282,.T.);
#1680=FACE_BOUND('',#1283,.T.);
#1681=FACE_BOUND('',#1284,.T.);
#1682=FACE_BOUND('',#1285,.T.);
#1683=FACE_BOUND('',#1286,.T.);
#1684=FACE_BOUND('',#1287,.T.);
#1685=FACE_BOUND('',#1288,.T.);
#1686=FACE_BOUND('',#1289,.T.);
#1687=FACE_BOUND('',#1290,.T.);
#1688=FACE_BOUND('',#1291,.T.);
#1689=FACE_BOUND('',#1292,.T.);
#1690=FACE_BOUND('',#1293,.T.);
#1691=FACE_BOUND('',#1294,.T.);
#1692=FACE_BOUND('',#1295,.T.);
#1693=FACE_BOUND('',#1296,.T.);
#1694=FACE_BOUND('',#1297,.T.);
#1695=FACE_BOUND('',#1298,.T.);
#1696=FACE_BOUND('',#1299,.T.);
#1697=FACE_BOUND('',#1300,.T.);
#1698=FACE_BOUND('',#1301,.T.);
#1699=FACE_BOUND('',#1302,.T.);
#1700=FACE_BOUND('',#1303,.T.);
#1701=FACE_BOUND('',#1304,.T.);
#1702=FACE_BOUND('',#1305,.T.);
#1703=FACE_BOUND('',#1306,.T.);
#1704=FACE_BOUND('',#1307,.T.);
#1705=FACE_BOUND('',#1308,.T.);
#1706=FACE_BOUND('',#1309,.T.);
#1707=FACE_BOUND('',#1310,.T.);
#1708=FACE_BOUND('',#1311,.T.);
#1709=FACE_BOUND('',#1312,.T.);
#1710=FACE_BOUND('',#1313,.T.);
#1711=FACE_BOUND('',#1314,.T.);
#1712=FACE_BOUND('',#1315,.T.);
#1713=FACE_BOUND('',#1316,.T.);
#1714=FACE_BOUND('',#1317,.T.);
#1715=FACE_BOUND('',#1318,.T.);
#1716=FACE_BOUND('',#1319,.T.);
#1717=FACE_BOUND('',#1320,.T.);
#1718=FACE_BOUND('',#1321,.T.);
#1719=FACE_BOUND('',#1322,.T.);
#1720=FACE_BOUND('',#1323,.T.);
#1721=FACE_BOUND('',#1324,.T.);
#1722=FACE_BOUND('',#1325,.T.);
#1723=FACE_BOUND('',#1326,.T.);
#1724=FACE_BOUND('',#1327,.T.);
#1725=FACE_BOUND('',#1328,.T.);
#1726=FACE_BOUND('',#1329,.T.);
#1727=FACE_BOUND('',#1330,.T.);
#1728=FACE_BOUND('',#1331,.T.);
#1729=FACE_BOUND('',#1332,.T.);
#1730=FACE_BOUND('',#1333,.T.);
#1731=FACE_BOUND('',#1334,.T.);
#1732=FACE_BOUND('',#1335,.T.);
#1733=FACE_BOUND('',#1336,.T.);
#1734=FACE_BOUND('',#1337,.T.);
#1735=FACE_BOUND('',#1338,.T.);
#1736=FACE_BOUND('',#1339,.T.);
#1737=FACE_BOUND('',#1340,.T.);
#1738=FACE_BOUND('',#1341,.T.);
#1739=FACE_BOUND('',#1342,.T.);
#1740=FACE_BOUND('',#1343,.T.);
#1741=FACE_BOUND('',#1344,.T.);
#1742=FACE_BOUND('',#1345,.T.);
#1743=FACE_BOUND('',#1346,.T.);
#1744=FACE_BOUND('',#1347,.T.);
#1745=FACE_BOUND('',#1348,.T.);
#1746=FACE_BOUND('',#1349,.T.);
#1747=FACE_BOUND('',#1350,.T.);
#1748=FACE_BOUND('',#1351,.T.);
#1749=SPHERICAL_SURFACE('',#2037,3.3216630977873);
#1750=SPHERICAL_SURFACE('',#2038,3.3216630977873);
#1751=SPHERICAL_SURFACE('',#2039,3.3216630977873);
#1752=SPHERICAL_SURFACE('',#2040,3.3216630977873);
#1753=SPHERICAL_SURFACE('',#2041,3.3216630977873);
#1754=SPHERICAL_SURFACE('',#2042,3.3216630977873);
#1755=SPHERICAL_SURFACE('',#2043,3.3216630977873);
#1756=SPHERICAL_SURFACE('',#2047,20.);
#1757=SPHERICAL_SURFACE('',#2077,3.3216630977873);
#1758=SPHERICAL_SURFACE('',#2146,20.);
#1759=SPHERICAL_SURFACE('',#2226,1.);
#1760=SPHERICAL_SURFACE('',#2228,1.);
#1761=SPHERICAL_SURFACE('',#2240,1.);
#1762=SPHERICAL_SURFACE('',#2242,1.);
#1763=SPHERICAL_SURFACE('',#2284,1.);
#1764=SPHERICAL_SURFACE('',#2286,1.);
#1765=SPHERICAL_SURFACE('',#2298,1.);
#1766=SPHERICAL_SURFACE('',#2300,1.);
#1767=ADVANCED_FACE('',(#1557),#1749,.T.);
#1768=ADVANCED_FACE('',(#1558),#1750,.T.);
#1769=ADVANCED_FACE('',(#1559),#1751,.T.);
#1770=ADVANCED_FACE('',(#1560),#1752,.T.);
#1771=ADVANCED_FACE('',(#1561),#1753,.T.);
#1772=ADVANCED_FACE('',(#1562),#1754,.T.);
#1773=ADVANCED_FACE('',(#1563),#1755,.T.);
#1774=ADVANCED_FACE('',(#1564,#1565),#1352,.F.);
#1775=ADVANCED_FACE('',(#1566,#1567),#1756,.T.);
#1776=ADVANCED_FACE('',(#1568,#1569),#1353,.F.);
#1777=ADVANCED_FACE('',(#1570,#1571),#226,.F.);
#1778=ADVANCED_FACE('',(#1572,#1573),#201,.F.);
#1779=ADVANCED_FACE('',(#1574,#1575),#227,.F.);
#1780=ADVANCED_FACE('',(#1576,#1577),#228,.F.);
#1781=ADVANCED_FACE('',(#1578,#1579),#1354,.T.);
#1782=ADVANCED_FACE('',(#1580,#1581),#229,.T.);
#1783=ADVANCED_FACE('',(#1582,#1583),#202,.F.);
#1784=ADVANCED_FACE('',(#1584,#1585),#230,.T.);
#1785=ADVANCED_FACE('',(#1586,#1587),#1355,.T.);
#1786=ADVANCED_FACE('',(#1588,#1589,#1590,#1591),#231,.F.);
#1787=ADVANCED_FACE('',(#1592,#1593),#232,.F.);
#1788=ADVANCED_FACE('',(#1594,#1595),#166,.F.);
#1789=ADVANCED_FACE('',(#1596,#1597),#167,.T.);
#1790=ADVANCED_FACE('',(#1598,#1599),#168,.T.);
#1791=ADVANCED_FACE('',(#1600),#1757,.T.);
#1792=ADVANCED_FACE('',(#1601,#1602),#233,.T.);
#1793=ADVANCED_FACE('',(#1603),#1356,.F.);
#1794=ADVANCED_FACE('',(#1604),#1357,.T.);
#1795=ADVANCED_FACE('',(#1605,#1606),#169,.T.);
#1796=ADVANCED_FACE('',(#1607,#1608),#170,.T.);
#1797=ADVANCED_FACE('',(#1609),#1358,.F.);
#1798=ADVANCED_FACE('',(#1610),#1359,.F.);
#1799=ADVANCED_FACE('',(#1611),#1360,.F.);
#1800=ADVANCED_FACE('',(#1612),#1361,.F.);
#1801=ADVANCED_FACE('',(#1613,#1614,#1615),#234,.T.);
#1802=ADVANCED_FACE('',(#1616,#1617),#235,.T.);
#1803=ADVANCED_FACE('',(#1618,#1619,#1620,#1621,#1622,#1623),#1362,.F.);
#1804=ADVANCED_FACE('',(#1624,#1625),#236,.T.);
#1805=ADVANCED_FACE('',(#1626,#1627),#1363,.F.);
#1806=ADVANCED_FACE('',(#1628,#1629),#237,.F.);
#1807=ADVANCED_FACE('',(#1630,#1631),#203,.F.);
#1808=ADVANCED_FACE('',(#1632,#1633,#1634),#1758,.F.);
#1809=ADVANCED_FACE('',(#1635,#1636),#204,.F.);
#1810=ADVANCED_FACE('',(#1637,#1638),#238,.F.);
#1811=ADVANCED_FACE('',(#1639,#1640),#1364,.F.);
#1812=ADVANCED_FACE('',(#1641,#1642),#1365,.T.);
#1813=ADVANCED_FACE('',(#1643),#239,.T.);
#1814=ADVANCED_FACE('',(#1644),#1366,.F.);
#1815=ADVANCED_FACE('',(#1645),#1367,.F.);
#1816=ADVANCED_FACE('',(#1646,#1647),#1368,.F.);
#1817=ADVANCED_FACE('',(#1648),#240,.T.);
#1818=ADVANCED_FACE('',(#1649),#1369,.T.);
#1819=ADVANCED_FACE('',(#1650),#1370,.T.);
#1820=ADVANCED_FACE('',(#1651,#1652),#1371,.F.);
#1821=ADVANCED_FACE('',(#1653),#1372,.T.);
#1822=ADVANCED_FACE('',(#1654),#1373,.T.);
#1823=ADVANCED_FACE('',(#1655),#241,.T.);
#1824=ADVANCED_FACE('',(#1656,#1657),#1374,.F.);
#1825=ADVANCED_FACE('',(#1658),#1375,.T.);
#1826=ADVANCED_FACE('',(#1659),#242,.T.);
#1827=ADVANCED_FACE('',(#1660),#1376,.T.);
#1828=ADVANCED_FACE('',(#1661,#1662),#243,.F.);
#1829=ADVANCED_FACE('',(#1663,#1664),#244,.F.);
#1830=ADVANCED_FACE('',(#1665,#1666),#245,.F.);
#1831=ADVANCED_FACE('',(#1667,#1668),#246,.F.);
#1832=ADVANCED_FACE('',(#1669,#1670),#205,.T.);
#1833=ADVANCED_FACE('',(#1671),#206,.T.);
#1834=ADVANCED_FACE('',(#1672),#18,.F.);
#1835=ADVANCED_FACE('',(#1673),#247,.T.);
#1836=ADVANCED_FACE('',(#1674),#207,.F.);
#1837=ADVANCED_FACE('',(#1675),#248,.T.);
#1838=ADVANCED_FACE('',(#1676),#19,.F.);
#1839=ADVANCED_FACE('',(#1677),#208,.F.);
#1840=ADVANCED_FACE('',(#1678),#20,.F.);
#1841=ADVANCED_FACE('',(#1679),#21,.F.);
#1842=ADVANCED_FACE('',(#1680),#209,.F.);
#1843=ADVANCED_FACE('',(#1681),#22,.F.);
#1844=ADVANCED_FACE('',(#1682),#249,.F.);
#1845=ADVANCED_FACE('',(#1683),#250,.F.);
#1846=ADVANCED_FACE('',(#1684),#251,.F.);
#1847=ADVANCED_FACE('',(#1685),#252,.F.);
#1848=ADVANCED_FACE('',(#1686),#23,.F.);
#1849=ADVANCED_FACE('',(#1687),#210,.F.);
#1850=ADVANCED_FACE('',(#1688),#1759,.F.);
#1851=ADVANCED_FACE('',(#1689),#1760,.F.);
#1852=ADVANCED_FACE('',(#1690),#211,.F.);
#1853=ADVANCED_FACE('',(#1691),#253,.F.);
#1854=ADVANCED_FACE('',(#1692),#212,.F.);
#1855=ADVANCED_FACE('',(#1693),#213,.F.);
#1856=ADVANCED_FACE('',(#1694),#254,.F.);
#1857=ADVANCED_FACE('',(#1695),#1761,.F.);
#1858=ADVANCED_FACE('',(#1696),#1762,.F.);
#1859=ADVANCED_FACE('',(#1697),#255,.T.);
#1860=ADVANCED_FACE('',(#1698),#256,.F.);
#1861=ADVANCED_FACE('',(#1699),#257,.F.);
#1862=ADVANCED_FACE('',(#1700),#258,.T.);
#1863=ADVANCED_FACE('',(#1701),#214,.T.);
#1864=ADVANCED_FACE('',(#1702),#24,.F.);
#1865=ADVANCED_FACE('',(#1703),#25,.F.);
#1866=ADVANCED_FACE('',(#1704),#215,.T.);
#1867=ADVANCED_FACE('',(#1705),#26,.F.);
#1868=ADVANCED_FACE('',(#1706),#259,.T.);
#1869=ADVANCED_FACE('',(#1707),#216,.F.);
#1870=ADVANCED_FACE('',(#1708),#217,.F.);
#1871=ADVANCED_FACE('',(#1709),#260,.T.);
#1872=ADVANCED_FACE('',(#1710),#27,.F.);
#1873=ADVANCED_FACE('',(#1711),#218,.F.);
#1874=ADVANCED_FACE('',(#1712),#28,.F.);
#1875=ADVANCED_FACE('',(#1713),#29,.F.);
#1876=ADVANCED_FACE('',(#1714),#219,.F.);
#1877=ADVANCED_FACE('',(#1715),#30,.F.);
#1878=ADVANCED_FACE('',(#1716),#261,.F.);
#1879=ADVANCED_FACE('',(#1717),#262,.F.);
#1880=ADVANCED_FACE('',(#1718),#263,.F.);
#1881=ADVANCED_FACE('',(#1719),#264,.F.);
#1882=ADVANCED_FACE('',(#1720),#31,.F.);
#1883=ADVANCED_FACE('',(#1721),#220,.F.);
#1884=ADVANCED_FACE('',(#1722),#1763,.F.);
#1885=ADVANCED_FACE('',(#1723),#1764,.F.);
#1886=ADVANCED_FACE('',(#1724),#221,.F.);
#1887=ADVANCED_FACE('',(#1725),#265,.F.);
#1888=ADVANCED_FACE('',(#1726),#222,.F.);
#1889=ADVANCED_FACE('',(#1727),#223,.F.);
#1890=ADVANCED_FACE('',(#1728),#266,.F.);
#1891=ADVANCED_FACE('',(#1729),#1765,.F.);
#1892=ADVANCED_FACE('',(#1730),#1766,.F.);
#1893=ADVANCED_FACE('',(#1731),#267,.F.);
#1894=ADVANCED_FACE('',(#1732),#224,.F.);
#1895=ADVANCED_FACE('',(#1733),#268,.F.);
#1896=ADVANCED_FACE('',(#1734),#32,.F.);
#1897=ADVANCED_FACE('',(#1735),#33,.F.);
#1898=ADVANCED_FACE('',(#1736),#269,.T.);
#1899=ADVANCED_FACE('',(#1737),#270,.T.);
#1900=ADVANCED_FACE('',(#1738),#225,.T.);
#1901=ADVANCED_FACE('',(#1739,#1740),#271,.F.);
#1902=ADVANCED_FACE('',(#1741,#1742),#272,.T.);
#1903=ADVANCED_FACE('',(#1743),#1377,.F.);
#1904=ADVANCED_FACE('',(#1744),#1378,.F.);
#1905=ADVANCED_FACE('',(#1745,#1746),#273,.T.);
#1906=ADVANCED_FACE('',(#1747,#1748),#1379,.F.);
#1907=CLOSED_SHELL('',(#1767));
#1908=CLOSED_SHELL('',(#1768));
#1909=CLOSED_SHELL('',(#1769));
#1910=CLOSED_SHELL('',(#1770));
#1911=CLOSED_SHELL('',(#1771));
#1912=CLOSED_SHELL('',(#1772));
#1913=CLOSED_SHELL('',(#1773));
#1914=CLOSED_SHELL('',(#1774,#1775,#1776,#1777,#1778,#1779));
#1915=CLOSED_SHELL('',(#1780,#1781,#1782,#1783,#1784,#1785,#1786,#1787,
#1788,#1789,#1790));
#1916=CLOSED_SHELL('',(#1791));
#1917=CLOSED_SHELL('',(#1792,#1793,#1794,#1795,#1796));
#1918=CLOSED_SHELL('',(#1797,#1798,#1799,#1800,#1801,#1802,#1803,#1804,
#1805,#1806,#1807,#1808,#1809,#1810,#1811,#1812,#1813,#1814,#1815,#1816,
#1817,#1818,#1819,#1820,#1821,#1822,#1823,#1824,#1825,#1826,#1827,#1828,
#1829,#1830,#1831,#1832,#1833,#1834,#1835,#1836,#1837,#1838,#1839,#1840,
#1841,#1842,#1843,#1844,#1845,#1846,#1847,#1848,#1849,#1850,#1851,#1852,
#1853,#1854,#1855,#1856,#1857,#1858,#1859,#1860,#1861,#1862,#1863,#1864,
#1865,#1866,#1867,#1868,#1869,#1870,#1871,#1872,#1873,#1874,#1875,#1876,
#1877,#1878,#1879,#1880,#1881,#1882,#1883,#1884,#1885,#1886,#1887,#1888,
#1889,#1890,#1891,#1892,#1893,#1894,#1895,#1896,#1897,#1898,#1899,#1900,
#1901));
#1919=CLOSED_SHELL('',(#1902,#1903,#1904,#1905,#1906));
#1920=STYLED_ITEM('',(#1933),#2013);
#1921=STYLED_ITEM('',(#1934),#2014);
#1922=STYLED_ITEM('',(#1935),#2015);
#1923=STYLED_ITEM('',(#1936),#2016);
#1924=STYLED_ITEM('',(#1937),#2017);
#1925=STYLED_ITEM('',(#1938),#2018);
#1926=STYLED_ITEM('',(#1939),#2019);
#1927=STYLED_ITEM('',(#1940),#2020);
#1928=STYLED_ITEM('',(#1941),#2021);
#1929=STYLED_ITEM('',(#1942),#2022);
#1930=STYLED_ITEM('',(#1943),#2023);
#1931=STYLED_ITEM('',(#1944),#2024);
#1932=STYLED_ITEM('',(#1945),#2025);
#1933=PRESENTATION_STYLE_ASSIGNMENT((#1946));
#1934=PRESENTATION_STYLE_ASSIGNMENT((#1947));
#1935=PRESENTATION_STYLE_ASSIGNMENT((#1948));
#1936=PRESENTATION_STYLE_ASSIGNMENT((#1949));
#1937=PRESENTATION_STYLE_ASSIGNMENT((#1950));
#1938=PRESENTATION_STYLE_ASSIGNMENT((#1951));
#1939=PRESENTATION_STYLE_ASSIGNMENT((#1952));
#1940=PRESENTATION_STYLE_ASSIGNMENT((#1953));
#1941=PRESENTATION_STYLE_ASSIGNMENT((#1954));
#1942=PRESENTATION_STYLE_ASSIGNMENT((#1955));
#1943=PRESENTATION_STYLE_ASSIGNMENT((#1956));
#1944=PRESENTATION_STYLE_ASSIGNMENT((#1957));
#1945=PRESENTATION_STYLE_ASSIGNMENT((#1958));
#1946=SURFACE_STYLE_USAGE(.BOTH.,#1959);
#1947=SURFACE_STYLE_USAGE(.BOTH.,#1960);
#1948=SURFACE_STYLE_USAGE(.BOTH.,#1961);
#1949=SURFACE_STYLE_USAGE(.BOTH.,#1962);
#1950=SURFACE_STYLE_USAGE(.BOTH.,#1963);
#1951=SURFACE_STYLE_USAGE(.BOTH.,#1964);
#1952=SURFACE_STYLE_USAGE(.BOTH.,#1965);
#1953=SURFACE_STYLE_USAGE(.BOTH.,#1966);
#1954=SURFACE_STYLE_USAGE(.BOTH.,#1967);
#1955=SURFACE_STYLE_USAGE(.BOTH.,#1968);
#1956=SURFACE_STYLE_USAGE(.BOTH.,#1969);
#1957=SURFACE_STYLE_USAGE(.BOTH.,#1970);
#1958=SURFACE_STYLE_USAGE(.BOTH.,#1971);
#1959=SURFACE_SIDE_STYLE('',(#1972));
#1960=SURFACE_SIDE_STYLE('',(#1973));
#1961=SURFACE_SIDE_STYLE('',(#1974));
#1962=SURFACE_SIDE_STYLE('',(#1975));
#1963=SURFACE_SIDE_STYLE('',(#1976));
#1964=SURFACE_SIDE_STYLE('',(#1977));
#1965=SURFACE_SIDE_STYLE('',(#1978));
#1966=SURFACE_SIDE_STYLE('',(#1979));
#1967=SURFACE_SIDE_STYLE('',(#1980));
#1968=SURFACE_SIDE_STYLE('',(#1981));
#1969=SURFACE_SIDE_STYLE('',(#1982));
#1970=SURFACE_SIDE_STYLE('',(#1983));
#1971=SURFACE_SIDE_STYLE('',(#1984));
#1972=SURFACE_STYLE_FILL_AREA(#1985);
#1973=SURFACE_STYLE_FILL_AREA(#1986);
#1974=SURFACE_STYLE_FILL_AREA(#1987);
#1975=SURFACE_STYLE_FILL_AREA(#1988);
#1976=SURFACE_STYLE_FILL_AREA(#1989);
#1977=SURFACE_STYLE_FILL_AREA(#1990);
#1978=SURFACE_STYLE_FILL_AREA(#1991);
#1979=SURFACE_STYLE_FILL_AREA(#1992);
#1980=SURFACE_STYLE_FILL_AREA(#1993);
#1981=SURFACE_STYLE_FILL_AREA(#1994);
#1982=SURFACE_STYLE_FILL_AREA(#1995);
#1983=SURFACE_STYLE_FILL_AREA(#1996);
#1984=SURFACE_STYLE_FILL_AREA(#1997);
#1985=FILL_AREA_STYLE('',(#1998));
#1986=FILL_AREA_STYLE('',(#1999));
#1987=FILL_AREA_STYLE('',(#2000));
#1988=FILL_AREA_STYLE('',(#2001));
#1989=FILL_AREA_STYLE('',(#2002));
#1990=FILL_AREA_STYLE('',(#2003));
#1991=FILL_AREA_STYLE('',(#2004));
#1992=FILL_AREA_STYLE('',(#2005));
#1993=FILL_AREA_STYLE('',(#2006));
#1994=FILL_AREA_STYLE('',(#2007));
#1995=FILL_AREA_STYLE('',(#2008));
#1996=FILL_AREA_STYLE('',(#2009));
#1997=FILL_AREA_STYLE('',(#2010));
#1998=FILL_AREA_STYLE_COLOUR('',#2011);
#1999=FILL_AREA_STYLE_COLOUR('',#2011);
#2000=FILL_AREA_STYLE_COLOUR('',#2011);
#2001=FILL_AREA_STYLE_COLOUR('',#2011);
#2002=FILL_AREA_STYLE_COLOUR('',#2011);
#2003=FILL_AREA_STYLE_COLOUR('',#2011);
#2004=FILL_AREA_STYLE_COLOUR('',#2011);
#2005=FILL_AREA_STYLE_COLOUR('',#2011);
#2006=FILL_AREA_STYLE_COLOUR('',#2011);
#2007=FILL_AREA_STYLE_COLOUR('',#2011);
#2008=FILL_AREA_STYLE_COLOUR('',#2011);
#2009=FILL_AREA_STYLE_COLOUR('',#2012);
#2010=FILL_AREA_STYLE_COLOUR('',#2012);
#2011=COLOUR_RGB('',0.331739127635956,0.340869575738907,0.349999994039536);
#2012=COLOUR_RGB('',0.506983280181885,0.531564235687256,0.550000011920929);
#2013=MANIFOLD_SOLID_BREP('',#1907);
#2014=MANIFOLD_SOLID_BREP('',#1908);
#2015=MANIFOLD_SOLID_BREP('',#1909);
#2016=MANIFOLD_SOLID_BREP('',#1910);
#2017=MANIFOLD_SOLID_BREP('',#1911);
#2018=MANIFOLD_SOLID_BREP('',#1912);
#2019=MANIFOLD_SOLID_BREP('',#1913);
#2020=MANIFOLD_SOLID_BREP('',#1914);
#2021=MANIFOLD_SOLID_BREP('',#1915);
#2022=MANIFOLD_SOLID_BREP('',#1916);
#2023=MANIFOLD_SOLID_BREP('',#1917);
#2024=MANIFOLD_SOLID_BREP('',#1918);
#2025=MANIFOLD_SOLID_BREP('',#1919);
#2026=SHAPE_DEFINITION_REPRESENTATION(#3933,#2031);
#2027=SHAPE_DEFINITION_REPRESENTATION(#3932,#2032);
#2028=SHAPE_DEFINITION_REPRESENTATION(#3935,#2033);
#2029=SHAPE_DEFINITION_REPRESENTATION(#3931,#2034);
#2030=SHAPE_DEFINITION_REPRESENTATION(#3939,#2035);
#2031=SHAPE_REPRESENTATION('UC\X2\74038F74627F\X0\',(#2036),#3920);
#2032=SHAPE_REPRESENTATION('UC\X2\7441547453A46D63\X0\?',(#2036,#2078,#2088,
#2089),#3919);
#2033=SHAPE_REPRESENTATION('\X2\98764E1D\X0\',(#2036),#3921);
#2034=SHAPE_REPRESENTATION(
'UCFC\X2\752FFE4056AB9359677F9A87692467357B236FB6682B608695C832226086675E5B5858D9\X0\',
(#2036,#2090,#2324),#3918);
#2035=SHAPE_REPRESENTATION('FC\X2\94F8902051F853F057065F625EA7\X0\',(#2036),
#3922);
#2036=AXIS2_PLACEMENT_3D('',#2959,#2325,#2326);
#2037=AXIS2_PLACEMENT_3D('',#2960,#2327,#2328);
#2038=AXIS2_PLACEMENT_3D('',#2962,#2329,#2330);
#2039=AXIS2_PLACEMENT_3D('',#2964,#2331,#2332);
#2040=AXIS2_PLACEMENT_3D('',#2966,#2333,#2334);
#2041=AXIS2_PLACEMENT_3D('',#2968,#2335,#2336);
#2042=AXIS2_PLACEMENT_3D('',#2970,#2337,#2338);
#2043=AXIS2_PLACEMENT_3D('',#2972,#2339,#2340);
#2044=AXIS2_PLACEMENT_3D('',#2974,#2341,#2342);
#2045=AXIS2_PLACEMENT_3D('',#2975,#2343,#2344);
#2046=AXIS2_PLACEMENT_3D('',#2977,#2345,#2346);
#2047=AXIS2_PLACEMENT_3D('',#2979,#2347,#2348);
#2048=AXIS2_PLACEMENT_3D('',#2980,#2349,#2350);
#2049=AXIS2_PLACEMENT_3D('',#2982,#2351,#2352);
#2050=AXIS2_PLACEMENT_3D('',#2983,#2353,#2354);
#2051=AXIS2_PLACEMENT_3D('',#2985,#2355,#2356);
#2052=AXIS2_PLACEMENT_3D('',#2986,#2357,#2358);
#2053=AXIS2_PLACEMENT_3D('',#2988,#2359,#2360);
#2054=AXIS2_PLACEMENT_3D('',#2989,#2361,#2362);
#2055=AXIS2_PLACEMENT_3D('',#2991,#2363,#2364);
#2056=AXIS2_PLACEMENT_3D('',#2992,#2365,#2366);
#2057=AXIS2_PLACEMENT_3D('',#3017,#2367,#2368);
#2058=AXIS2_PLACEMENT_3D('',#3018,#2369,#2370);
#2059=AXIS2_PLACEMENT_3D('',#3020,#2371,#2372);
#2060=AXIS2_PLACEMENT_3D('',#3022,#2373,#2374);
#2061=AXIS2_PLACEMENT_3D('',#3023,#2375,#2376);
#2062=AXIS2_PLACEMENT_3D('',#3036,#2377,#2378);
#2063=AXIS2_PLACEMENT_3D('',#3037,#2379,#2380);
#2064=AXIS2_PLACEMENT_3D('',#3039,#2381,#2382);
#2065=AXIS2_PLACEMENT_3D('',#3040,#2383,#2384);
#2066=AXIS2_PLACEMENT_3D('',#3042,#2385,#2386);
#2067=AXIS2_PLACEMENT_3D('',#3043,#2387,#2388);
#2068=AXIS2_PLACEMENT_3D('',#3045,#2389,#2390);
#2069=AXIS2_PLACEMENT_3D('',#3046,#2391,#2392);
#2070=AXIS2_PLACEMENT_3D('',#3048,#2393,#2394);
#2071=AXIS2_PLACEMENT_3D('',#3050,#2395,#2396);
#2072=AXIS2_PLACEMENT_3D('',#3051,#2397,#2398);
#2073=AXIS2_PLACEMENT_3D('',#3065,#2399,#2400);
#2074=AXIS2_PLACEMENT_3D('',#3066,#2401,#2402);
#2075=AXIS2_PLACEMENT_3D('',#3067,#2403,#2404);
#2076=AXIS2_PLACEMENT_3D('',#3068,#2405,#2406);
#2077=AXIS2_PLACEMENT_3D('',#3069,#2407,#2408);
#2078=AXIS2_PLACEMENT_3D('',#3071,#2409,#2410);
#2079=AXIS2_PLACEMENT_3D('',#3072,#2411,#2412);
#2080=AXIS2_PLACEMENT_3D('',#3073,#2413,#2414);
#2081=AXIS2_PLACEMENT_3D('',#3075,#2415,#2416);
#2082=AXIS2_PLACEMENT_3D('',#3077,#2417,#2418);
#2083=AXIS2_PLACEMENT_3D('',#3078,#2419,#2420);
#2084=AXIS2_PLACEMENT_3D('',#3080,#2421,#2422);
#2085=AXIS2_PLACEMENT_3D('',#3081,#2423,#2424);
#2086=AXIS2_PLACEMENT_3D('',#3083,#2425,#2426);
#2087=AXIS2_PLACEMENT_3D('',#3084,#2427,#2428);
#2088=AXIS2_PLACEMENT_3D('',#3085,#2429,#2430);
#2089=AXIS2_PLACEMENT_3D('',#3086,#2431,#2432);
#2090=AXIS2_PLACEMENT_3D('',#3087,#2433,#2434);
#2091=AXIS2_PLACEMENT_3D('',#3088,#2435,#2436);
#2092=AXIS2_PLACEMENT_3D('',#3089,#2437,#2438);
#2093=AXIS2_PLACEMENT_3D('',#3092,#2439,#2440);
#2094=AXIS2_PLACEMENT_3D('',#3096,#2442,#2443);
#2095=AXIS2_PLACEMENT_3D('',#3100,#2445,#2446);
#2096=AXIS2_PLACEMENT_3D('',#3101,#2447,#2448);
#2097=AXIS2_PLACEMENT_3D('',#3105,#2450,#2451);
#2098=AXIS2_PLACEMENT_3D('',#3107,#2452,#2453);
#2099=AXIS2_PLACEMENT_3D('',#3109,#2454,#2455);
#2100=AXIS2_PLACEMENT_3D('',#3113,#2457,#2458);
#2101=AXIS2_PLACEMENT_3D('',#3114,#2459,#2460);
#2102=AXIS2_PLACEMENT_3D('',#3115,#2461,#2462);
#2103=AXIS2_PLACEMENT_3D('',#3118,#2463,#2464);
#2104=AXIS2_PLACEMENT_3D('',#3122,#2466,#2467);
#2105=AXIS2_PLACEMENT_3D('',#3126,#2469,#2470);
#2106=AXIS2_PLACEMENT_3D('',#3127,#2471,#2472);
#2107=AXIS2_PLACEMENT_3D('',#3131,#2474,#2475);
#2108=AXIS2_PLACEMENT_3D('',#3133,#2476,#2477);
#2109=AXIS2_PLACEMENT_3D('',#3135,#2478,#2479);
#2110=AXIS2_PLACEMENT_3D('',#3139,#2481,#2482);
#2111=AXIS2_PLACEMENT_3D('',#3140,#2483,#2484);
#2112=AXIS2_PLACEMENT_3D('',#3156,#2486,#2487);
#2113=AXIS2_PLACEMENT_3D('',#3166,#2489,#2490);
#2114=AXIS2_PLACEMENT_3D('',#3176,#2492,#2493);
#2115=AXIS2_PLACEMENT_3D('',#3186,#2495,#2496);
#2116=AXIS2_PLACEMENT_3D('',#3196,#2498,#2499);
#2117=AXIS2_PLACEMENT_3D('',#3206,#2501,#2502);
#2118=AXIS2_PLACEMENT_3D('',#3216,#2504,#2505);
#2119=AXIS2_PLACEMENT_3D('',#3226,#2507,#2508);
#2120=AXIS2_PLACEMENT_3D('',#3233,#2509,#2510);
#2121=AXIS2_PLACEMENT_3D('',#3235,#2511,#2512);
#2122=AXIS2_PLACEMENT_3D('',#3236,#2513,#2514);
#2123=AXIS2_PLACEMENT_3D('',#3238,#2515,#2516);
#2124=AXIS2_PLACEMENT_3D('',#3240,#2517,#2518);
#2125=AXIS2_PLACEMENT_3D('',#3241,#2519,#2520);
#2126=AXIS2_PLACEMENT_3D('',#3243,#2521,#2522);
#2127=AXIS2_PLACEMENT_3D('',#3245,#2523,#2524);
#2128=AXIS2_PLACEMENT_3D('',#3247,#2525,#2526);
#2129=AXIS2_PLACEMENT_3D('',#3249,#2527,#2528);
#2130=AXIS2_PLACEMENT_3D('',#3251,#2529,#2530);
#2131=AXIS2_PLACEMENT_3D('',#3252,#2531,#2532);
#2132=AXIS2_PLACEMENT_3D('',#3254,#2533,#2534);
#2133=AXIS2_PLACEMENT_3D('',#3255,#2535,#2536);
#2134=AXIS2_PLACEMENT_3D('',#3257,#2537,#2538);
#2135=AXIS2_PLACEMENT_3D('',#3258,#2539,#2540);
#2136=AXIS2_PLACEMENT_3D('',#3260,#2541,#2542);
#2137=AXIS2_PLACEMENT_3D('',#3261,#2543,#2544);
#2138=AXIS2_PLACEMENT_3D('',#3263,#2545,#2546);
#2139=AXIS2_PLACEMENT_3D('',#3264,#2547,#2548);
#2140=AXIS2_PLACEMENT_3D('',#3265,#2549,#2550);
#2141=AXIS2_PLACEMENT_3D('',#3267,#2551,#2552);
#2142=AXIS2_PLACEMENT_3D('',#3269,#2553,#2554);
#2143=AXIS2_PLACEMENT_3D('',#3270,#2555,#2556);
#2144=AXIS2_PLACEMENT_3D('',#3272,#2557,#2558);
#2145=AXIS2_PLACEMENT_3D('',#3273,#2559,#2560);
#2146=AXIS2_PLACEMENT_3D('',#3275,#2561,#2562);
#2147=AXIS2_PLACEMENT_3D('',#3288,#2563,#2564);
#2148=AXIS2_PLACEMENT_3D('',#3290,#2565,#2566);
#2149=AXIS2_PLACEMENT_3D('',#3291,#2567,#2568);
#2150=AXIS2_PLACEMENT_3D('',#3293,#2569,#2570);
#2151=AXIS2_PLACEMENT_3D('',#3294,#2571,#2572);
#2152=AXIS2_PLACEMENT_3D('',#3296,#2573,#2574);
#2153=AXIS2_PLACEMENT_3D('',#3297,#2575,#2576);
#2154=AXIS2_PLACEMENT_3D('',#3301,#2578,#2579);
#2155=AXIS2_PLACEMENT_3D('',#3305,#2581,#2582);
#2156=AXIS2_PLACEMENT_3D('',#3306,#2583,#2584);
#2157=AXIS2_PLACEMENT_3D('',#3308,#2585,#2586);
#2158=AXIS2_PLACEMENT_3D('',#3312,#2588,#2589);
#2159=AXIS2_PLACEMENT_3D('',#3316,#2591,#2592);
#2160=AXIS2_PLACEMENT_3D('',#3329,#2593,#2594);
#2161=AXIS2_PLACEMENT_3D('',#3330,#2595,#2596);
#2162=AXIS2_PLACEMENT_3D('',#3336,#2600,#2601);
#2163=AXIS2_PLACEMENT_3D('',#3342,#2605,#2606);
#2164=AXIS2_PLACEMENT_3D('',#3346,#2608,#2609);
#2165=AXIS2_PLACEMENT_3D('',#3350,#2611,#2612);
#2166=AXIS2_PLACEMENT_3D('',#3351,#2613,#2614);
#2167=AXIS2_PLACEMENT_3D('',#3353,#2615,#2616);
#2168=AXIS2_PLACEMENT_3D('',#3357,#2618,#2619);
#2169=AXIS2_PLACEMENT_3D('',#3361,#2621,#2622);
#2170=AXIS2_PLACEMENT_3D('',#3374,#2623,#2624);
#2171=AXIS2_PLACEMENT_3D('',#3375,#2625,#2626);
#2172=AXIS2_PLACEMENT_3D('',#3381,#2630,#2631);
#2173=AXIS2_PLACEMENT_3D('',#3387,#2635,#2636);
#2174=AXIS2_PLACEMENT_3D('',#3391,#2638,#2639);
#2175=AXIS2_PLACEMENT_3D('',#3395,#2641,#2642);
#2176=AXIS2_PLACEMENT_3D('',#3396,#2643,#2644);
#2177=AXIS2_PLACEMENT_3D('',#3398,#2645,#2646);
#2178=AXIS2_PLACEMENT_3D('',#3407,#2651,#2652);
#2179=AXIS2_PLACEMENT_3D('',#3416,#2657,#2658);
#2180=AXIS2_PLACEMENT_3D('',#3417,#2659,#2660);
#2181=AXIS2_PLACEMENT_3D('',#3430,#2661,#2662);
#2182=AXIS2_PLACEMENT_3D('',#3431,#2663,#2664);
#2183=AXIS2_PLACEMENT_3D('',#3432,#2665,#2666);
#2184=AXIS2_PLACEMENT_3D('',#3433,#2667,#2668);
#2185=AXIS2_PLACEMENT_3D('',#3438,#2670,#2671);
#2186=AXIS2_PLACEMENT_3D('',#3441,#2673,#2674);
#2187=AXIS2_PLACEMENT_3D('',#3443,#2675,#2676);
#2188=AXIS2_PLACEMENT_3D('',#3452,#2681,#2682);
#2189=AXIS2_PLACEMENT_3D('',#3453,#2683,#2684);
#2190=AXIS2_PLACEMENT_3D('',#3457,#2686,#2687);
#2191=AXIS2_PLACEMENT_3D('',#3470,#2688,#2689);
#2192=AXIS2_PLACEMENT_3D('',#3471,#2690,#2691);
#2193=AXIS2_PLACEMENT_3D('',#3477,#2695,#2696);
#2194=AXIS2_PLACEMENT_3D('',#3478,#2697,#2698);
#2195=AXIS2_PLACEMENT_3D('',#3479,#2699,#2700);
#2196=AXIS2_PLACEMENT_3D('',#3480,#2701,#2702);
#2197=AXIS2_PLACEMENT_3D('',#3481,#2703,#2704);
#2198=AXIS2_PLACEMENT_3D('',#3482,#2705,#2706);
#2199=AXIS2_PLACEMENT_3D('',#3483,#2707,#2708);
#2200=AXIS2_PLACEMENT_3D('',#3484,#2709,#2710);
#2201=AXIS2_PLACEMENT_3D('',#3503,#2711,#2712);
#2202=AXIS2_PLACEMENT_3D('',#3504,#2713,#2714);
#2203=AXIS2_PLACEMENT_3D('',#3510,#2715,#2716);
#2204=AXIS2_PLACEMENT_3D('',#3511,#2717,#2718);
#2205=AXIS2_PLACEMENT_3D('',#3512,#2719,#2720);
#2206=AXIS2_PLACEMENT_3D('',#3513,#2721,#2722);
#2207=AXIS2_PLACEMENT_3D('',#3537,#2723,#2724);
#2208=AXIS2_PLACEMENT_3D('',#3538,#2725,#2726);
#2209=AXIS2_PLACEMENT_3D('',#3539,#2727,#2728);
#2210=AXIS2_PLACEMENT_3D('',#3555,#2729,#2730);
#2211=AXIS2_PLACEMENT_3D('',#3571,#2731,#2732);
#2212=AXIS2_PLACEMENT_3D('',#3572,#2733,#2734);
#2213=AXIS2_PLACEMENT_3D('',#3573,#2735,#2736);
#2214=AXIS2_PLACEMENT_3D('',#3592,#2737,#2738);
#2215=AXIS2_PLACEMENT_3D('',#3593,#2739,#2740);
#2216=AXIS2_PLACEMENT_3D('',#3594,#2741,#2742);
#2217=AXIS2_PLACEMENT_3D('',#3595,#2743,#2744);
#2218=AXIS2_PLACEMENT_3D('',#3596,#2745,#2746);
#2219=AXIS2_PLACEMENT_3D('',#3597,#2747,#2748);
#2220=AXIS2_PLACEMENT_3D('',#3598,#2749,#2750);
#2221=AXIS2_PLACEMENT_3D('',#3599,#2751,#2752);
#2222=AXIS2_PLACEMENT_3D('',#3600,#2753,#2754);
#2223=AXIS2_PLACEMENT_3D('',#3619,#2755,#2756);
#2224=AXIS2_PLACEMENT_3D('',#3620,#2757,#2758);
#2225=AXIS2_PLACEMENT_3D('',#3621,#2759,#2760);
#2226=AXIS2_PLACEMENT_3D('',#3622,#2761,#2762);
#2227=AXIS2_PLACEMENT_3D('',#3623,#2763,#2764);
#2228=AXIS2_PLACEMENT_3D('',#3624,#2765,#2766);
#2229=AXIS2_PLACEMENT_3D('',#3625,#2767,#2768);
#2230=AXIS2_PLACEMENT_3D('',#3626,#2769,#2770);
#2231=AXIS2_PLACEMENT_3D('',#3627,#2771,#2772);
#2232=AXIS2_PLACEMENT_3D('',#3628,#2773,#2774);
#2233=AXIS2_PLACEMENT_3D('',#3629,#2775,#2776);
#2234=AXIS2_PLACEMENT_3D('',#3630,#2777,#2778);
#2235=AXIS2_PLACEMENT_3D('',#3631,#2779,#2780);
#2236=AXIS2_PLACEMENT_3D('',#3632,#2781,#2782);
#2237=AXIS2_PLACEMENT_3D('',#3633,#2783,#2784);
#2238=AXIS2_PLACEMENT_3D('',#3634,#2785,#2786);
#2239=AXIS2_PLACEMENT_3D('',#3635,#2787,#2788);
#2240=AXIS2_PLACEMENT_3D('',#3636,#2789,#2790);
#2241=AXIS2_PLACEMENT_3D('',#3637,#2791,#2792);
#2242=AXIS2_PLACEMENT_3D('',#3638,#2793,#2794);
#2243=AXIS2_PLACEMENT_3D('',#3639,#2795,#2796);
#2244=AXIS2_PLACEMENT_3D('',#3640,#2797,#2798);
#2245=AXIS2_PLACEMENT_3D('',#3646,#2799,#2800);
#2246=AXIS2_PLACEMENT_3D('',#3647,#2801,#2802);
#2247=AXIS2_PLACEMENT_3D('',#3648,#2803,#2804);
#2248=AXIS2_PLACEMENT_3D('',#3649,#2805,#2806);
#2249=AXIS2_PLACEMENT_3D('',#3650,#2807,#2808);
#2250=AXIS2_PLACEMENT_3D('',#3651,#2809,#2810);
#2251=AXIS2_PLACEMENT_3D('',#3652,#2811,#2812);
#2252=AXIS2_PLACEMENT_3D('',#3658,#2813,#2814);
#2253=AXIS2_PLACEMENT_3D('',#3659,#2815,#2816);
#2254=AXIS2_PLACEMENT_3D('',#3675,#2817,#2818);
#2255=AXIS2_PLACEMENT_3D('',#3691,#2819,#2820);
#2256=AXIS2_PLACEMENT_3D('',#3692,#2821,#2822);
#2257=AXIS2_PLACEMENT_3D('',#3693,#2823,#2824);
#2258=AXIS2_PLACEMENT_3D('',#3712,#2825,#2826);
#2259=AXIS2_PLACEMENT_3D('',#3713,#2827,#2828);
#2260=AXIS2_PLACEMENT_3D('',#3719,#2829,#2830);
#2261=AXIS2_PLACEMENT_3D('',#3720,#2831,#2832);
#2262=AXIS2_PLACEMENT_3D('',#3721,#2833,#2834);
#2263=AXIS2_PLACEMENT_3D('',#3722,#2835,#2836);
#2264=AXIS2_PLACEMENT_3D('',#3723,#2837,#2838);
#2265=AXIS2_PLACEMENT_3D('',#3747,#2839,#2840);
#2266=AXIS2_PLACEMENT_3D('',#3748,#2841,#2842);
#2267=AXIS2_PLACEMENT_3D('',#3749,#2843,#2844);
#2268=AXIS2_PLACEMENT_3D('',#3765,#2845,#2846);
#2269=AXIS2_PLACEMENT_3D('',#3781,#2847,#2848);
#2270=AXIS2_PLACEMENT_3D('',#3782,#2849,#2850);
#2271=AXIS2_PLACEMENT_3D('',#3783,#2851,#2852);
#2272=AXIS2_PLACEMENT_3D('',#3802,#2853,#2854);
#2273=AXIS2_PLACEMENT_3D('',#3803,#2855,#2856);
#2274=AXIS2_PLACEMENT_3D('',#3804,#2857,#2858);
#2275=AXIS2_PLACEMENT_3D('',#3805,#2859,#2860);
#2276=AXIS2_PLACEMENT_3D('',#3806,#2861,#2862);
#2277=AXIS2_PLACEMENT_3D('',#3807,#2863,#2864);
#2278=AXIS2_PLACEMENT_3D('',#3808,#2865,#2866);
#2279=AXIS2_PLACEMENT_3D('',#3809,#2867,#2868);
#2280=AXIS2_PLACEMENT_3D('',#3810,#2869,#2870);
#2281=AXIS2_PLACEMENT_3D('',#3829,#2871,#2872);
#2282=AXIS2_PLACEMENT_3D('',#3830,#2873,#2874);
#2283=AXIS2_PLACEMENT_3D('',#3831,#2875,#2876);
#2284=AXIS2_PLACEMENT_3D('',#3832,#2877,#2878);
#2285=AXIS2_PLACEMENT_3D('',#3833,#2879,#2880);
#2286=AXIS2_PLACEMENT_3D('',#3834,#2881,#2882);
#2287=AXIS2_PLACEMENT_3D('',#3835,#2883,#2884);
#2288=AXIS2_PLACEMENT_3D('',#3836,#2885,#2886);
#2289=AXIS2_PLACEMENT_3D('',#3837,#2887,#2888);
#2290=AXIS2_PLACEMENT_3D('',#3838,#2889,#2890);
#2291=AXIS2_PLACEMENT_3D('',#3839,#2891,#2892);
#2292=AXIS2_PLACEMENT_3D('',#3840,#2893,#2894);
#2293=AXIS2_PLACEMENT_3D('',#3841,#2895,#2896);
#2294=AXIS2_PLACEMENT_3D('',#3842,#2897,#2898);
#2295=AXIS2_PLACEMENT_3D('',#3843,#2899,#2900);
#2296=AXIS2_PLACEMENT_3D('',#3844,#2901,#2902);
#2297=AXIS2_PLACEMENT_3D('',#3845,#2903,#2904);
#2298=AXIS2_PLACEMENT_3D('',#3846,#2905,#2906);
#2299=AXIS2_PLACEMENT_3D('',#3847,#2907,#2908);
#2300=AXIS2_PLACEMENT_3D('',#3848,#2909,#2910);
#2301=AXIS2_PLACEMENT_3D('',#3849,#2911,#2912);
#2302=AXIS2_PLACEMENT_3D('',#3850,#2913,#2914);
#2303=AXIS2_PLACEMENT_3D('',#3851,#2915,#2916);
#2304=AXIS2_PLACEMENT_3D('',#3852,#2917,#2918);
#2305=AXIS2_PLACEMENT_3D('',#3853,#2919,#2920);
#2306=AXIS2_PLACEMENT_3D('',#3854,#2921,#2922);
#2307=AXIS2_PLACEMENT_3D('',#3855,#2923,#2924);
#2308=AXIS2_PLACEMENT_3D('',#3856,#2925,#2926);
#2309=AXIS2_PLACEMENT_3D('',#3897,#2927,#2928);
#2310=AXIS2_PLACEMENT_3D('',#3898,#2929,#2930);
#2311=AXIS2_PLACEMENT_3D('',#3899,#2931,#2932);
#2312=AXIS2_PLACEMENT_3D('',#3900,#2933,#2934);
#2313=AXIS2_PLACEMENT_3D('',#3901,#2935,#2936);
#2314=AXIS2_PLACEMENT_3D('',#3902,#2937,#2938);
#2315=AXIS2_PLACEMENT_3D('',#3903,#2939,#2940);
#2316=AXIS2_PLACEMENT_3D('',#3904,#2941,#2942);
#2317=AXIS2_PLACEMENT_3D('',#3906,#2943,#2944);
#2318=AXIS2_PLACEMENT_3D('',#3908,#2945,#2946);
#2319=AXIS2_PLACEMENT_3D('',#3909,#2947,#2948);
#2320=AXIS2_PLACEMENT_3D('',#3910,#2949,#2950);
#2321=AXIS2_PLACEMENT_3D('',#3912,#2951,#2952);
#2322=AXIS2_PLACEMENT_3D('',#3913,#2953,#2954);
#2323=AXIS2_PLACEMENT_3D('',#3915,#2955,#2956);
#2324=AXIS2_PLACEMENT_3D('',#3916,#2957,#2958);
#2325=DIRECTION('',(0.,0.,1.));
#2326=DIRECTION('',(1.,0.,0.));
#2327=DIRECTION('',(-0.707106781186548,-1.22464679914735E-16,0.707106781186547));
#2328=DIRECTION('',(-4.32992327699526E-17,1.,1.29891978477146E-16));
#2329=DIRECTION('',(-1.,-1.22464679914735E-16,-1.60812264967664E-16));
#2330=DIRECTION('',(-1.22464679914735E-16,1.,6.12303176911188E-17));
#2331=DIRECTION('',(-0.707106781186547,-1.22464679914735E-16,-0.707106781186548));
#2332=DIRECTION('',(-1.29891978477146E-16,1.,-4.32992327699527E-17));
#2333=DIRECTION('',(-1.22464679914735E-16,-1.22464679914735E-16,-1.));
#2334=DIRECTION('',(-6.12303176911189E-17,1.,-1.22464679914735E-16));
#2335=DIRECTION('',(0.707106781186547,-1.22464679914735E-16,-0.707106781186548));
#2336=DIRECTION('',(4.32992327699526E-17,1.,-1.29891978477146E-16));
#2337=DIRECTION('',(1.,-1.22464679914735E-16,-1.83697019872103E-16));
#2338=DIRECTION('',(1.22464679914735E-16,1.,-6.12303176911189E-17));
#2339=DIRECTION('',(0.707106781186548,-1.22464679914735E-16,0.707106781186547));
#2340=DIRECTION('',(1.29891978477146E-16,1.,4.32992327699526E-17));
#2341=DIRECTION('',(-6.12303176911189E-17,-1.,0.));
#2342=DIRECTION('',(1.,-6.12303176911189E-17,0.));
#2343=DIRECTION('',(-6.12303176911189E-17,-1.,0.));
#2344=DIRECTION('',(1.,-6.12303176911189E-17,0.));
#2345=DIRECTION('',(-6.12303176911189E-17,-1.,0.));
#2346=DIRECTION('',(1.,-6.12303176911189E-17,0.));
#2347=DIRECTION('',(-6.12303176911189E-17,-1.,0.));
#2348=DIRECTION('',(0.,0.,1.));
#2349=DIRECTION('',(-6.12303176911189E-17,-1.,0.));
#2350=DIRECTION('',(1.,-6.12303176911189E-17,0.));
#2351=DIRECTION('',(6.12303176911189E-17,1.,0.));
#2352=DIRECTION('',(-1.,6.12303176911189E-17,0.));
#2353=DIRECTION('',(-6.12303176911189E-17,-1.,0.));
#2354=DIRECTION('',(1.,-6.12303176911189E-17,0.));
#2355=DIRECTION('',(-6.12303176911189E-17,-1.,0.));
#2356=DIRECTION('',(1.,-6.12303176911189E-17,0.));
#2357=DIRECTION('',(-6.12303176911189E-17,-1.,0.));
#2358=DIRECTION('',(1.,-6.12303176911189E-17,0.));
#2359=DIRECTION('',(-6.12303176911189E-17,-1.,0.));
#2360=DIRECTION('',(1.,-6.12303176911189E-17,0.));
#2361=DIRECTION('',(-6.12303176911189E-17,-1.,0.));
#2362=DIRECTION('',(1.,-6.12303176911189E-17,0.));
#2363=DIRECTION('',(-6.12303176911189E-17,-1.,0.));
#2364=DIRECTION('',(1.,-6.12303176911189E-17,0.));
#2365=DIRECTION('',(-0.866025403784439,5.30270106023007E-17,0.5));
#2366=DIRECTION('',(0.5,-9.18454765366783E-17,0.866025403784439));
#2367=DIRECTION('',(-6.12303176911189E-17,-1.,0.));
#2368=DIRECTION('',(1.,-6.12303176911189E-17,0.));
#2369=DIRECTION('',(-6.12303176911189E-17,-1.,0.));
#2370=DIRECTION('',(1.,-6.12303176911189E-17,0.));
#2371=DIRECTION('',(-6.12303176911189E-17,-1.,0.));
#2372=DIRECTION('',(1.,-6.12303176911189E-17,0.));
#2373=DIRECTION('',(-6.12303176911189E-17,-1.,0.));
#2374=DIRECTION('',(1.,-6.12303176911189E-17,0.));
#2375=DIRECTION('',(-6.12303176911189E-17,-1.,0.));
#2376=DIRECTION('',(1.,-6.12303176911189E-17,0.));
#2377=DIRECTION('',(-6.12303176911189E-17,-1.,0.));
#2378=DIRECTION('',(1.,-6.12303176911189E-17,0.));
#2379=DIRECTION('',(-6.12303176911189E-17,-1.,0.));
#2380=DIRECTION('',(1.,-6.12303176911189E-17,0.));
#2381=DIRECTION('',(-6.12303176911189E-17,-1.,0.));
#2382=DIRECTION('',(1.,-6.12303176911189E-17,0.));
#2383=DIRECTION('',(-6.12303176911189E-17,-1.,0.));
#2384=DIRECTION('',(1.,-6.12303176911189E-17,0.));
#2385=DIRECTION('',(-6.12303176911189E-17,-1.,0.));
#2386=DIRECTION('',(1.,-6.12303176911189E-17,0.));
#2387=DIRECTION('',(6.12303176911188E-17,1.,0.));
#2388=DIRECTION('',(-1.,6.12303176911188E-17,0.));
#2389=DIRECTION('',(6.12303176911189E-17,1.,0.));
#2390=DIRECTION('',(-1.,6.12303176911189E-17,0.));
#2391=DIRECTION('',(6.12303176911189E-17,1.,0.));
#2392=DIRECTION('',(-1.,6.12303176911189E-17,0.));
#2393=DIRECTION('',(6.12303176911189E-17,1.,0.));
#2394=DIRECTION('',(-1.,6.12303176911189E-17,0.));
#2395=DIRECTION('',(-6.12303176911189E-17,-1.,0.));
#2396=DIRECTION('',(1.,-6.12303176911189E-17,0.));
#2397=DIRECTION('',(6.12303176911188E-17,1.,0.));
#2398=DIRECTION('',(-1.,6.12303176911188E-17,0.));
#2399=DIRECTION('',(0.,0.,-1.));
#2400=DIRECTION('',(-1.,0.,0.));
#2401=DIRECTION('',(6.12303176911188E-17,1.,0.));
#2402=DIRECTION('',(-1.,6.12303176911188E-17,0.));
#2403=DIRECTION('',(-6.12303176911188E-17,-1.,0.));
#2404=DIRECTION('',(1.,-6.12303176911188E-17,0.));
#2405=DIRECTION('',(6.12303176911189E-17,1.,0.));
#2406=DIRECTION('',(-1.,6.12303176911189E-17,0.));
#2407=DIRECTION('',(-7.49855125712043E-33,-1.22464679914735E-16,1.));
#2408=DIRECTION('',(6.12303176911189E-17,1.,1.22464679914735E-16));
#2409=DIRECTION('',(0.,0.,1.));
#2410=DIRECTION('',(1.,0.,0.));
#2411=DIRECTION('',(0.,0.,-1.));
#2412=DIRECTION('',(-1.,0.,0.));
#2413=DIRECTION('',(0.,0.,-1.));
#2414=DIRECTION('',(-1.,0.,0.));
#2415=DIRECTION('',(0.,0.,-1.));
#2416=DIRECTION('',(-1.,0.,0.));
#2417=DIRECTION('',(0.,0.,-1.));
#2418=DIRECTION('',(-1.,0.,0.));
#2419=DIRECTION('',(0.,0.,-1.));
#2420=DIRECTION('',(-1.,0.,0.));
#2421=DIRECTION('',(0.,0.,-1.));
#2422=DIRECTION('',(-1.,0.,0.));
#2423=DIRECTION('',(0.,0.,-1.));
#2424=DIRECTION('',(-1.,0.,0.));
#2425=DIRECTION('',(0.,0.,1.));
#2426=DIRECTION('',(1.,0.,0.));
#2427=DIRECTION('',(0.,0.,-1.));
#2428=DIRECTION('',(-1.,0.,0.));
#2429=DIRECTION('',(0.,0.,1.));
#2430=DIRECTION('',(1.,0.,0.));
#2431=DIRECTION('',(0.866025406594013,0.,-0.499999995133675));
#2432=DIRECTION('',(-0.499999995133675,0.,-0.866025406594013));
#2433=DIRECTION('',(0.,0.,1.));
#2434=DIRECTION('',(1.,0.,0.));
#2435=DIRECTION('',(6.12303176911189E-17,1.,0.));
#2436=DIRECTION('',(-1.,6.12303176911189E-17,0.));
#2437=DIRECTION('',(-6.12303176911189E-17,-1.,0.));
#2438=DIRECTION('',(1.,-6.12303176911189E-17,0.));
#2439=DIRECTION('',(6.12303176911189E-17,1.,0.));
#2440=DIRECTION('',(-1.,6.12303176911189E-17,0.));
#2441=DIRECTION('',(0.707106781186548,-4.32963728535968E-17,0.707106781186547));
#2442=DIRECTION('',(6.12303176911189E-17,1.,0.));
#2443=DIRECTION('',(-1.,6.12303176911189E-17,0.));
#2444=DIRECTION('',(0.707106781186548,-4.32963728535968E-17,-0.707106781186547));
#2445=DIRECTION('',(6.12303176911189E-17,1.,0.));
#2446=DIRECTION('',(-1.,6.12303176911189E-17,0.));
#2447=DIRECTION('',(6.12303176911189E-17,1.,0.));
#2448=DIRECTION('',(-1.,6.12303176911189E-17,0.));
#2449=DIRECTION('',(-0.707106781186548,4.32963728535968E-17,0.707106781186547));
#2450=DIRECTION('',(6.12303176911189E-17,1.,0.));
#2451=DIRECTION('',(-1.,6.12303176911189E-17,0.));
#2452=DIRECTION('',(-6.12303176911189E-17,-1.,0.));
#2453=DIRECTION('',(1.,-6.12303176911189E-17,0.));
#2454=DIRECTION('',(6.12303176911189E-17,1.,0.));
#2455=DIRECTION('',(-1.,6.12303176911189E-17,0.));
#2456=DIRECTION('',(0.707106781186548,-4.32963728535968E-17,0.707106781186547));
#2457=DIRECTION('',(6.12303176911189E-17,1.,0.));
#2458=DIRECTION('',(-1.,6.12303176911189E-17,0.));
#2459=DIRECTION('',(6.12303176911189E-17,1.,0.));
#2460=DIRECTION('',(-1.,6.12303176911189E-17,0.));
#2461=DIRECTION('',(-6.12303176911189E-17,-1.,0.));
#2462=DIRECTION('',(1.,-6.12303176911189E-17,0.));
#2463=DIRECTION('',(6.12303176911189E-17,1.,0.));
#2464=DIRECTION('',(-1.,6.12303176911189E-17,0.));
#2465=DIRECTION('',(-0.707106781186548,4.32963728535968E-17,0.707106781186547));
#2466=DIRECTION('',(6.12303176911189E-17,1.,0.));
#2467=DIRECTION('',(-1.,6.12303176911189E-17,0.));
#2468=DIRECTION('',(-0.707106781186548,4.32963728535968E-17,-0.707106781186548));
#2469=DIRECTION('',(6.12303176911189E-17,1.,0.));
#2470=DIRECTION('',(-1.,6.12303176911189E-17,0.));
#2471=DIRECTION('',(6.12303176911189E-17,1.,0.));
#2472=DIRECTION('',(-1.,6.12303176911189E-17,0.));
#2473=DIRECTION('',(-0.707106781186548,4.32963728535968E-17,-0.707106781186547));
#2474=DIRECTION('',(6.12303176911189E-17,1.,0.));
#2475=DIRECTION('',(-1.,6.12303176911189E-17,0.));
#2476=DIRECTION('',(-6.12303176911189E-17,-1.,0.));
#2477=DIRECTION('',(1.,-6.12303176911189E-17,0.));
#2478=DIRECTION('',(6.12303176911189E-17,1.,0.));
#2479=DIRECTION('',(-1.,6.12303176911189E-17,0.));
#2480=DIRECTION('',(0.707106781186547,-4.32963728535968E-17,-0.707106781186548));
#2481=DIRECTION('',(6.12303176911189E-17,1.,0.));
#2482=DIRECTION('',(-1.,6.12303176911189E-17,0.));
#2483=DIRECTION('',(-6.12303176911189E-17,-1.,0.));
#2484=DIRECTION('',(1.,-6.12303176911189E-17,0.));
#2485=DIRECTION('',(-6.12303176911189E-17,-1.,0.));
#2486=DIRECTION('',(6.12303176911189E-17,1.,0.));
#2487=DIRECTION('',(-1.,6.12303176911189E-17,0.));
#2488=DIRECTION('',(-6.12303176911189E-17,-1.,0.));
#2489=DIRECTION('',(-6.25931151125652E-17,-1.,0.));
#2490=DIRECTION('',(1.,-6.25931151125652E-17,0.));
#2491=DIRECTION('',(-6.12303176911189E-17,-1.,0.));
#2492=DIRECTION('',(6.12303176911189E-17,1.,0.));
#2493=DIRECTION('',(-1.,6.12303176911189E-17,0.));
#2494=DIRECTION('',(-6.12303176911189E-17,-1.,0.));
#2495=DIRECTION('',(6.25931151125652E-17,1.,0.));
#2496=DIRECTION('',(-1.,6.25931151125652E-17,0.));
#2497=DIRECTION('',(-6.12303176911189E-17,-1.,0.));
#2498=DIRECTION('',(6.12303176911189E-17,1.,0.));
#2499=DIRECTION('',(-1.,6.12303176911189E-17,0.));
#2500=DIRECTION('',(-6.12303176911189E-17,-1.,0.));
#2501=DIRECTION('',(6.25931151125652E-17,1.,0.));
#2502=DIRECTION('',(-1.,6.25931151125652E-17,0.));
#2503=DIRECTION('',(-6.12303176911189E-17,-1.,0.));
#2504=DIRECTION('',(6.12303176911189E-17,1.,0.));
#2505=DIRECTION('',(-1.,6.12303176911189E-17,0.));
#2506=DIRECTION('',(-6.12303176911189E-17,-1.,0.));
#2507=DIRECTION('',(6.25931151125652E-17,1.,0.));
#2508=DIRECTION('',(-1.,6.25931151125652E-17,0.));
#2509=DIRECTION('',(6.12303176911189E-17,1.,0.));
#2510=DIRECTION('',(-1.,6.12303176911189E-17,0.));
#2511=DIRECTION('',(-6.12303176911189E-17,-1.,0.));
#2512=DIRECTION('',(1.,-6.12303176911189E-17,0.));
#2513=DIRECTION('',(-6.12303176911189E-17,-1.,0.));
#2514=DIRECTION('',(1.,-6.12303176911189E-17,0.));
#2515=DIRECTION('',(-6.12303176911189E-17,-1.,0.));
#2516=DIRECTION('',(1.,-6.12303176911189E-17,0.));
#2517=DIRECTION('',(-6.12303176911189E-17,-1.,0.));
#2518=DIRECTION('',(1.,-6.12303176911189E-17,0.));
#2519=DIRECTION('',(-6.12303176911189E-17,-1.,0.));
#2520=DIRECTION('',(1.,-6.12303176911189E-17,0.));
#2521=DIRECTION('',(-6.12303176911189E-17,-1.,0.));
#2522=DIRECTION('',(1.,-6.12303176911189E-17,0.));
#2523=DIRECTION('',(-6.12303176911189E-17,-1.,0.));
#2524=DIRECTION('',(1.,-6.12303176911189E-17,0.));
#2525=DIRECTION('',(-6.12303176911189E-17,-1.,0.));
#2526=DIRECTION('',(1.,-6.12303176911189E-17,0.));
#2527=DIRECTION('',(-6.12303176911189E-17,-1.,0.));
#2528=DIRECTION('',(1.,-6.12303176911189E-17,0.));
#2529=DIRECTION('',(-6.12303176911189E-17,-1.,0.));
#2530=DIRECTION('',(1.,-6.12303176911189E-17,0.));
#2531=DIRECTION('',(-6.12303176911189E-17,-1.,0.));
#2532=DIRECTION('',(1.,-6.12303176911189E-17,0.));
#2533=DIRECTION('',(-6.12303176911189E-17,-1.,0.));
#2534=DIRECTION('',(1.,-6.12303176911189E-17,0.));
#2535=DIRECTION('',(-6.12303176911189E-17,-1.,0.));
#2536=DIRECTION('',(1.,-6.12303176911189E-17,0.));
#2537=DIRECTION('',(-6.12303176911189E-17,-1.,0.));
#2538=DIRECTION('',(1.,-6.12303176911189E-17,0.));
#2539=DIRECTION('',(-6.12303176911189E-17,-1.,0.));
#2540=DIRECTION('',(1.,-6.12303176911189E-17,0.));
#2541=DIRECTION('',(-6.12303176911189E-17,-1.,0.));
#2542=DIRECTION('',(1.,-6.12303176911189E-17,0.));
#2543=DIRECTION('',(-6.12303176911189E-17,-1.,0.));
#2544=DIRECTION('',(1.,-6.12303176911189E-17,0.));
#2545=DIRECTION('',(-6.12303176911189E-17,-1.,0.));
#2546=DIRECTION('',(1.,-6.12303176911189E-17,0.));
#2547=DIRECTION('',(6.12303176911189E-17,1.,0.));
#2548=DIRECTION('',(-1.,6.12303176911189E-17,0.));
#2549=DIRECTION('',(6.12303176911189E-17,1.,0.));
#2550=DIRECTION('',(-1.,6.12303176911189E-17,0.));
#2551=DIRECTION('',(-6.12303176911189E-17,-1.,0.));
#2552=DIRECTION('',(1.,-6.12303176911189E-17,0.));
#2553=DIRECTION('',(-6.12303176911189E-17,-1.,0.));
#2554=DIRECTION('',(1.,-6.12303176911189E-17,0.));
#2555=DIRECTION('',(-6.12303176911189E-17,-1.,0.));
#2556=DIRECTION('',(1.,-6.12303176911189E-17,0.));
#2557=DIRECTION('',(-6.12303176911189E-17,-1.,0.));
#2558=DIRECTION('',(1.,-6.12303176911189E-17,0.));
#2559=DIRECTION('',(-6.12303176911189E-17,-1.,0.));
#2560=DIRECTION('',(1.,-6.12303176911189E-17,0.));
#2561=DIRECTION('',(-6.12303176911189E-17,-1.,0.));
#2562=DIRECTION('',(0.,0.,1.));
#2563=DIRECTION('',(-6.12303176911189E-17,-1.,0.));
#2564=DIRECTION('',(1.,-6.12303176911189E-17,0.));
#2565=DIRECTION('',(-6.12303176911189E-17,-1.,0.));
#2566=DIRECTION('',(1.,-6.12303176911189E-17,0.));
#2567=DIRECTION('',(-6.12303176911189E-17,-1.,0.));
#2568=DIRECTION('',(1.,-6.12303176911189E-17,0.));
#2569=DIRECTION('',(-6.12303176911189E-17,-1.,0.));
#2570=DIRECTION('',(1.,-6.12303176911189E-17,0.));
#2571=DIRECTION('',(-6.12303176911189E-17,-1.,0.));
#2572=DIRECTION('',(1.,-6.12303176911189E-17,0.));
#2573=DIRECTION('',(-6.12303176911189E-17,-1.,0.));
#2574=DIRECTION('',(1.,-6.12303176911189E-17,0.));
#2575=DIRECTION('',(-6.25931151125652E-17,-1.,0.));
#2576=DIRECTION('',(1.,-6.25931151125652E-17,0.));
#2577=DIRECTION('',(0.707106781186548,-4.4260016151685E-17,0.707106781186547));
#2578=DIRECTION('',(-6.25931151125652E-17,-1.,0.));
#2579=DIRECTION('',(1.,-6.25931151125652E-17,0.));
#2580=DIRECTION('',(-0.707106781186548,4.4260016151685E-17,-0.707106781186547));
#2581=DIRECTION('',(-6.25931151125652E-17,-1.,0.));
#2582=DIRECTION('',(1.,-6.25931151125652E-17,0.));
#2583=DIRECTION('',(-6.25931151125652E-17,-1.,0.));
#2584=DIRECTION('',(1.,-6.25931151125652E-17,0.));
#2585=DIRECTION('',(6.12303176911189E-17,1.,0.));
#2586=DIRECTION('',(-1.,6.12303176911189E-17,0.));
#2587=DIRECTION('',(6.12303176911189E-17,1.,0.));
#2588=DIRECTION('',(-6.25931151125652E-17,-1.,0.));
#2589=DIRECTION('',(1.,-6.25931151125652E-17,0.));
#2590=DIRECTION('',(6.12303176911189E-17,1.,0.));
#2591=DIRECTION('',(6.12303176911189E-17,1.,0.));
#2592=DIRECTION('',(-1.,6.12303176911189E-17,0.));
#2593=DIRECTION('',(6.12303176911189E-17,1.,0.));
#2594=DIRECTION('',(-1.,6.12303176911189E-17,0.));
#2595=DIRECTION('',(0.707106781186547,-4.32963728535968E-17,-0.707106781186548));
#2596=DIRECTION('',(-0.707106781186548,0.,-0.707106781186547));
#2597=DIRECTION('',(6.12303176911189E-17,1.,0.));
#2598=DIRECTION('',(-0.707106781186548,4.4260016151685E-17,-0.707106781186547));
#2599=DIRECTION('',(-0.707106781186548,4.32963728535968E-17,-0.707106781186547));
#2600=DIRECTION('',(-0.707106781186547,4.32963728535968E-17,0.707106781186548));
#2601=DIRECTION('',(0.707106781186548,0.,0.707106781186547));
#2602=DIRECTION('',(0.707106781186548,-4.42600161516851E-17,0.707106781186547));
#2603=DIRECTION('',(6.12303176911189E-17,1.,4.35788199605263E-33));
#2604=DIRECTION('',(0.707106781186548,-4.32963728535968E-17,0.707106781186547));
#2605=DIRECTION('',(6.25931151125652E-17,1.,0.));
#2606=DIRECTION('',(-1.,6.25931151125652E-17,0.));
#2607=DIRECTION('',(0.707106781186547,-4.4260016151685E-17,-0.707106781186548));
#2608=DIRECTION('',(6.25931151125652E-17,1.,0.));
#2609=DIRECTION('',(-1.,6.25931151125652E-17,0.));
#2610=DIRECTION('',(-0.707106781186548,4.4260016151685E-17,0.707106781186547));
#2611=DIRECTION('',(6.25931151125652E-17,1.,0.));
#2612=DIRECTION('',(-1.,6.25931151125652E-17,0.));
#2613=DIRECTION('',(6.25931151125652E-17,1.,0.));
#2614=DIRECTION('',(-1.,6.25931151125652E-17,0.));
#2615=DIRECTION('',(6.12303176911189E-17,1.,0.));
#2616=DIRECTION('',(-1.,6.12303176911189E-17,0.));
#2617=DIRECTION('',(6.12303176911189E-17,1.,0.));
#2618=DIRECTION('',(6.25931151125652E-17,1.,0.));
#2619=DIRECTION('',(-1.,6.25931151125652E-17,0.));
#2620=DIRECTION('',(6.12303176911189E-17,1.,0.));
#2621=DIRECTION('',(6.12303176911189E-17,1.,0.));
#2622=DIRECTION('',(-1.,6.12303176911189E-17,0.));
#2623=DIRECTION('',(6.12303176911189E-17,1.,0.));
#2624=DIRECTION('',(-1.,6.12303176911189E-17,0.));
#2625=DIRECTION('',(0.707106781186548,-4.32963728535968E-17,0.707106781186547));
#2626=DIRECTION('',(0.707106781186547,0.,-0.707106781186548));
#2627=DIRECTION('',(-6.12303176911189E-17,-1.,0.));
#2628=DIRECTION('',(0.707106781186547,-4.32963728535968E-17,-0.707106781186548));
#2629=DIRECTION('',(0.707106781186547,-4.4260016151685E-17,-0.707106781186548));
#2630=DIRECTION('',(-0.707106781186547,4.32963728535968E-17,-0.707106781186548));
#2631=DIRECTION('',(-0.707106781186548,0.,0.707106781186547));
#2632=DIRECTION('',(-6.12303176911189E-17,-1.,0.));
#2633=DIRECTION('',(-0.707106781186548,4.4260016151685E-17,0.707106781186547));
#2634=DIRECTION('',(-0.707106781186548,4.32963728535968E-17,0.707106781186547));
#2635=DIRECTION('',(6.25931151125652E-17,1.,0.));
#2636=DIRECTION('',(-1.,6.25931151125652E-17,0.));
#2637=DIRECTION('',(-0.707106781186548,4.4260016151685E-17,-0.707106781186548));
#2638=DIRECTION('',(6.25931151125652E-17,1.,0.));
#2639=DIRECTION('',(-1.,6.25931151125652E-17,0.));
#2640=DIRECTION('',(0.707106781186548,-4.4260016151685E-17,0.707106781186547));
#2641=DIRECTION('',(6.25931151125652E-17,1.,0.));
#2642=DIRECTION('',(-1.,6.25931151125652E-17,0.));
#2643=DIRECTION('',(6.25931151125652E-17,1.,0.));
#2644=DIRECTION('',(-1.,6.25931151125652E-17,0.));
#2645=DIRECTION('',(-0.707106781186547,4.32963728535968E-17,0.707106781186548));
#2646=DIRECTION('',(0.707106781186548,0.,0.707106781186547));
#2647=DIRECTION('',(-6.12303176911189E-17,-1.,0.));
#2648=DIRECTION('',(0.707106781186548,-4.32963728535968E-17,0.707106781186547));
#2649=DIRECTION('',(6.12303176911189E-17,1.,0.));
#2650=DIRECTION('',(0.707106781186548,-4.4260016151685E-17,0.707106781186547));
#2651=DIRECTION('',(0.707106781186547,-4.32963728535968E-17,-0.707106781186547));
#2652=DIRECTION('',(-0.707106781186548,0.,-0.707106781186548));
#2653=DIRECTION('',(6.12303176911189E-17,1.,0.));
#2654=DIRECTION('',(-0.707106781186548,4.32963728535968E-17,-0.707106781186548));
#2655=DIRECTION('',(-6.12303176911189E-17,-1.,-8.07756694958872E-33));
#2656=DIRECTION('',(-0.707106781186548,4.4260016151685E-17,-0.707106781186548));
#2657=DIRECTION('',(6.12303176911189E-17,1.,0.));
#2658=DIRECTION('',(-1.,6.12303176911189E-17,0.));
#2659=DIRECTION('',(6.12303176911189E-17,1.,0.));
#2660=DIRECTION('',(-1.,6.12303176911189E-17,0.));
#2661=DIRECTION('',(6.12303176911189E-17,1.,0.));
#2662=DIRECTION('',(-1.,6.12303176911189E-17,0.));
#2663=DIRECTION('',(6.25931151125652E-17,1.,0.));
#2664=DIRECTION('',(-1.,6.25931151125652E-17,0.));
#2665=DIRECTION('',(6.25931151125652E-17,1.,0.));
#2666=DIRECTION('',(-1.,6.25931151125652E-17,0.));
#2667=DIRECTION('',(6.25931151125652E-17,1.,0.));
#2668=DIRECTION('',(-1.,6.25931151125652E-17,0.));
#2669=DIRECTION('',(0.707106781186548,-4.4260016151685E-17,-0.707106781186547));
#2670=DIRECTION('',(6.25931151125652E-17,1.,0.));
#2671=DIRECTION('',(-1.,6.25931151125652E-17,0.));
#2672=DIRECTION('',(-0.707106781186548,4.4260016151685E-17,0.707106781186547));
#2673=DIRECTION('',(6.25931151125652E-17,1.,0.));
#2674=DIRECTION('',(-1.,6.25931151125652E-17,0.));
#2675=DIRECTION('',(0.707106781186547,-4.32963728535968E-17,0.707106781186548));
#2676=DIRECTION('',(0.707106781186548,0.,-0.707106781186547));
#2677=DIRECTION('',(6.12303176911189E-17,1.,0.));
#2678=DIRECTION('',(0.707106781186548,-4.32963728535968E-17,-0.707106781186547));
#2679=DIRECTION('',(-6.12303176911189E-17,-1.,2.17894099802631E-33));
#2680=DIRECTION('',(0.707106781186548,-4.42600161516851E-17,-0.707106781186547));
#2681=DIRECTION('',(6.12303176911189E-17,1.,0.));
#2682=DIRECTION('',(-1.,6.12303176911189E-17,0.));
#2683=DIRECTION('',(6.25931151125652E-17,1.,0.));
#2684=DIRECTION('',(-1.,6.25931151125652E-17,0.));
#2685=DIRECTION('',(6.12303176911189E-17,1.,0.));
#2686=DIRECTION('',(6.12303176911189E-17,1.,0.));
#2687=DIRECTION('',(-1.,6.12303176911189E-17,0.));
#2688=DIRECTION('',(6.12303176911189E-17,1.,0.));
#2689=DIRECTION('',(-1.,6.12303176911189E-17,0.));
#2690=DIRECTION('',(-0.707106781186547,4.32963728535968E-17,-0.707106781186548));
#2691=DIRECTION('',(-0.707106781186548,0.,0.707106781186547));
#2692=DIRECTION('',(-0.707106781186548,4.4260016151685E-17,0.707106781186547));
#2693=DIRECTION('',(-6.12303176911189E-17,-1.,0.));
#2694=DIRECTION('',(-0.707106781186548,4.32963728535968E-17,0.707106781186547));
#2695=DIRECTION('',(-6.12303176911189E-17,-1.,0.));
#2696=DIRECTION('',(1.,-6.12303176911189E-17,0.));
#2697=DIRECTION('',(-6.12303176911189E-17,-1.,0.));
#2698=DIRECTION('',(1.,-6.12303176911189E-17,0.));
#2699=DIRECTION('',(-6.12303176911189E-17,-1.,0.));
#2700=DIRECTION('',(1.,-6.12303176911189E-17,0.));
#2701=DIRECTION('',(-6.12303176911189E-17,-1.,0.));
#2702=DIRECTION('',(1.,-6.12303176911189E-17,0.));
#2703=DIRECTION('',(6.12303176911189E-17,1.,0.));
#2704=DIRECTION('',(-1.,6.12303176911189E-17,0.));
#2705=DIRECTION('',(6.25931151125652E-17,1.,0.));
#2706=DIRECTION('',(-1.,6.25931151125652E-17,0.));
#2707=DIRECTION('',(0.707106781186549,0.,0.707106781186546));
#2708=DIRECTION('',(0.707106781186546,0.,-0.707106781186549));
#2709=DIRECTION('',(0.707106781186548,0.,0.707106781186548));
#2710=DIRECTION('',(0.707106781186548,0.,-0.707106781186548));
#2711=DIRECTION('',(0.950985285931021,0.,-0.309236132983671));
#2712=DIRECTION('',(-0.309236132983671,0.,-0.950985285931021));
#2713=DIRECTION('',(0.707106781186548,-4.4260016151685E-17,0.707106781186548));
#2714=DIRECTION('',(0.707106781186548,0.,-0.707106781186548));
#2715=DIRECTION('',(6.25931151125652E-17,1.,0.));
#2716=DIRECTION('',(-1.,6.25931151125652E-17,0.));
#2717=DIRECTION('',(0.430964406271153,0.,-0.902368927062181));
#2718=DIRECTION('',(-0.902368927062182,0.,-0.430964406271153));
#2719=DIRECTION('',(-0.902368927062182,0.,0.430964406271152));
#2720=DIRECTION('',(0.430964406271152,0.,0.902368927062182));
#2721=DIRECTION('',(-0.707106781186548,4.4260016151685E-17,-0.707106781186547));
#2722=DIRECTION('',(-0.707106781186547,0.,0.707106781186548));
#2723=DIRECTION('',(-0.309236132983671,0.,0.950985285931021));
#2724=DIRECTION('',(0.950985285931021,0.,0.309236132983671));
#2725=DIRECTION('',(6.12303176911189E-17,1.,0.));
#2726=DIRECTION('',(-1.,6.12303176911189E-17,0.));
#2727=DIRECTION('',(-0.707106781186546,0.,-0.707106781186549));
#2728=DIRECTION('',(-0.707106781186549,0.,0.707106781186546));
#2729=DIRECTION('',(6.12303176911185E-17,1.,5.89981963607763E-31));
#2730=DIRECTION('',(-1.,6.12303176911185E-17,0.));
#2731=DIRECTION('',(6.12303176911186E-17,1.,3.78357998400632E-31));
#2732=DIRECTION('',(-1.,6.12303176911186E-17,0.));
#2733=DIRECTION('',(6.12303176911189E-17,1.,0.));
#2734=DIRECTION('',(-1.,6.12303176911189E-17,0.));
#2735=DIRECTION('',(-0.707106781186549,0.,-0.707106781186546));
#2736=DIRECTION('',(-0.707106781186546,0.,0.707106781186549));
#2737=DIRECTION('',(-0.950985285931021,-3.29939300162612E-15,-0.309236132983671));
#2738=DIRECTION('',(-0.309236132983671,0.,0.950985285931021));
#2739=DIRECTION('',(-0.707106781186548,4.32963728535968E-17,-0.707106781186548));
#2740=DIRECTION('',(-0.707106781186548,0.,0.707106781186548));
#2741=DIRECTION('',(-0.707106781186548,2.4532694666934E-15,-0.707106781186548));
#2742=DIRECTION('',(-0.707106781186548,0.,0.707106781186548));
#2743=DIRECTION('',(-6.12303176911189E-17,-1.,0.));
#2744=DIRECTION('',(1.,-6.12303176911189E-17,0.));
#2745=DIRECTION('',(4.40495505137228E-16,-1.,-1.72821861536122E-16));
#2746=DIRECTION('',(1.,4.40495505137228E-16,0.));
#2747=DIRECTION('',(-6.12303176911189E-17,-1.,0.));
#2748=DIRECTION('',(1.,-6.12303176911189E-17,0.));
#2749=DIRECTION('',(0.,-1.,0.));
#2750=DIRECTION('',(0.,0.,-1.));
#2751=DIRECTION('',(0.707106781186548,-4.32963728535968E-17,0.707106781186547));
#2752=DIRECTION('',(0.707106781186547,0.,-0.707106781186548));
#2753=DIRECTION('',(-0.707106781186548,0.,-0.707106781186547));
#2754=DIRECTION('',(-0.707106781186547,0.,0.707106781186548));
#2755=DIRECTION('',(-0.309236132983672,-3.29939300162611E-15,-0.95098528593102));
#2756=DIRECTION('',(-0.950985285931021,0.,0.309236132983672));
#2757=DIRECTION('',(6.12303176911189E-17,1.,0.));
#2758=DIRECTION('',(-1.,6.12303176911189E-17,0.));
#2759=DIRECTION('',(0.707106781186546,0.,-0.707106781186549));
#2760=DIRECTION('',(-0.707106781186549,0.,-0.707106781186546));
#2761=DIRECTION('',(6.93889390390723E-15,1.,0.));
#2762=DIRECTION('',(-1.,6.93889390390723E-15,0.));
#2763=DIRECTION('',(0.930916782315407,0.,-0.365231357366161));
#2764=DIRECTION('',(-0.365231357366161,0.,-0.930916782315407));
#2765=DIRECTION('',(0.,1.,3.46944695195361E-15));
#2766=DIRECTION('',(0.,-3.46944695195361E-15,1.));
#2767=DIRECTION('',(-0.365231357366167,-4.49691721249858E-15,0.930916782315405));
#2768=DIRECTION('',(0.930916782315405,0.,0.365231357366167));
#2769=DIRECTION('',(6.12303176911189E-17,1.,0.));
#2770=DIRECTION('',(-1.,6.12303176911189E-17,0.));
#2771=DIRECTION('',(-0.707106781186549,0.,0.707106781186546));
#2772=DIRECTION('',(0.707106781186546,0.,0.707106781186549));
#2773=DIRECTION('',(-0.707106781186548,4.32963728535968E-17,0.707106781186547));
#2774=DIRECTION('',(0.707106781186547,0.,0.707106781186548));
#2775=DIRECTION('',(0.707106781186548,0.,-0.707106781186547));
#2776=DIRECTION('',(-0.707106781186547,0.,-0.707106781186548));
#2777=DIRECTION('',(6.12303176911189E-17,1.,0.));
#2778=DIRECTION('',(-1.,6.12303176911189E-17,0.));
#2779=DIRECTION('',(-0.930916782315405,4.84464958938997E-15,-0.365231357366167));
#2780=DIRECTION('',(-0.365231357366167,0.,0.930916782315405));
#2781=DIRECTION('',(6.12303176911189E-17,1.,0.));
#2782=DIRECTION('',(-1.,6.12303176911189E-17,0.));
#2783=DIRECTION('',(-0.365231357366173,0.,-0.930916782315403));
#2784=DIRECTION('',(-0.930916782315403,0.,0.365231357366173));
#2785=DIRECTION('',(-0.707106781186548,4.32963728535968E-17,0.707106781186547));
#2786=DIRECTION('',(0.707106781186547,0.,0.707106781186548));
#2787=DIRECTION('',(-0.707106781186548,-2.4532694666934E-15,0.707106781186548));
#2788=DIRECTION('',(0.707106781186548,0.,0.707106781186548));
#2789=DIRECTION('',(1.73472347597681E-15,1.,3.46944695195361E-15));
#2790=DIRECTION('',(0.,-3.46944695195361E-15,1.));
#2791=DIRECTION('',(0.,-1.,0.));
#2792=DIRECTION('',(0.,0.,-1.));
#2793=DIRECTION('',(0.,1.,6.93889390390723E-15));
#2794=DIRECTION('',(0.,-6.93889390390723E-15,1.));
#2795=DIRECTION('',(0.,-1.,0.));
#2796=DIRECTION('',(0.,0.,-1.));
#2797=DIRECTION('',(0.707106781186548,-4.4260016151685E-17,-0.707106781186547));
#2798=DIRECTION('',(-0.707106781186547,0.,-0.707106781186548));
#2799=DIRECTION('',(0.707106781186549,0.,-0.707106781186546));
#2800=DIRECTION('',(-0.707106781186546,0.,-0.707106781186549));
#2801=DIRECTION('',(-6.12303176911189E-17,-1.,0.));
#2802=DIRECTION('',(1.,-6.12303176911189E-17,0.));
#2803=DIRECTION('',(6.12303176911192E-17,1.,-2.02004694061354E-31));
#2804=DIRECTION('',(-1.,6.12303176911192E-17,0.));
#2805=DIRECTION('',(-6.12303176911189E-17,-1.,0.));
#2806=DIRECTION('',(1.,-6.12303176911189E-17,0.));
#2807=DIRECTION('',(6.12303176911183E-17,1.,-4.23247930414265E-31));
#2808=DIRECTION('',(-1.,6.12303176911183E-17,0.));
#2809=DIRECTION('',(0.707106781186548,-4.4260016151685E-17,-0.707106781186547));
#2810=DIRECTION('',(-0.707106781186547,0.,-0.707106781186548));
#2811=DIRECTION('',(-0.707106781186549,0.,0.707106781186546));
#2812=DIRECTION('',(0.707106781186546,0.,0.707106781186549));
#2813=DIRECTION('',(6.25931151125652E-17,1.,0.));
#2814=DIRECTION('',(-1.,6.25931151125652E-17,0.));
#2815=DIRECTION('',(-0.707106781186551,0.,0.707106781186544));
#2816=DIRECTION('',(0.707106781186544,0.,0.707106781186551));
#2817=DIRECTION('',(0.902368927062182,0.,0.430964406271153));
#2818=DIRECTION('',(0.430964406271153,0.,-0.902368927062182));
#2819=DIRECTION('',(0.430964406271152,0.,0.902368927062182));
#2820=DIRECTION('',(0.902368927062182,0.,-0.430964406271152));
#2821=DIRECTION('',(6.25931151125652E-17,1.,0.));
#2822=DIRECTION('',(-1.,6.25931151125652E-17,0.));
#2823=DIRECTION('',(0.707106781186551,2.45326946669341E-15,-0.707106781186544));
#2824=DIRECTION('',(-0.707106781186544,0.,-0.707106781186551));
#2825=DIRECTION('',(0.309236132983668,3.29939300162612E-15,0.950985285931022));
#2826=DIRECTION('',(0.950985285931022,0.,-0.309236132983668));
#2827=DIRECTION('',(-0.707106781186548,4.4260016151685E-17,0.707106781186547));
#2828=DIRECTION('',(0.707106781186547,0.,0.707106781186548));
#2829=DIRECTION('',(6.25931151125652E-17,1.,0.));
#2830=DIRECTION('',(-1.,6.25931151125652E-17,0.));
#2831=DIRECTION('',(-0.430964406271152,-7.01524160288246E-17,-0.902368927062182));
#2832=DIRECTION('',(-0.902368927062182,0.,0.430964406271152));
#2833=DIRECTION('',(6.25931151125652E-17,1.,0.));
#2834=DIRECTION('',(-1.,6.25931151125652E-17,0.));
#2835=DIRECTION('',(-0.902368927062182,0.,-0.430964406271152));
#2836=DIRECTION('',(-0.430964406271152,0.,0.902368927062182));
#2837=DIRECTION('',(-0.707106781186547,4.4260016151685E-17,0.707106781186548));
#2838=DIRECTION('',(0.707106781186548,0.,0.707106781186547));
#2839=DIRECTION('',(0.950985285931021,3.29939300162612E-15,0.309236132983671));
#2840=DIRECTION('',(0.309236132983671,0.,-0.950985285931021));
#2841=DIRECTION('',(6.12303176911189E-17,1.,0.));
#2842=DIRECTION('',(-1.,6.12303176911189E-17,0.));
#2843=DIRECTION('',(0.707106781186548,2.4532694666934E-15,-0.707106781186548));
#2844=DIRECTION('',(-0.707106781186548,0.,-0.707106781186548));
#2845=DIRECTION('',(6.12303176911191E-17,1.,-7.69541691662296E-32));
#2846=DIRECTION('',(-1.,6.12303176911191E-17,0.));
#2847=DIRECTION('',(6.12303176911184E-17,1.,-5.09821370726275E-31));
#2848=DIRECTION('',(-1.,6.12303176911184E-17,0.));
#2849=DIRECTION('',(6.12303176911189E-17,1.,0.));
#2850=DIRECTION('',(-1.,6.12303176911189E-17,0.));
#2851=DIRECTION('',(-0.707106781186549,0.,0.707106781186546));
#2852=DIRECTION('',(0.707106781186546,0.,0.707106781186549));
#2853=DIRECTION('',(0.30923613298367,0.,-0.950985285931021));
#2854=DIRECTION('',(-0.950985285931021,0.,-0.30923613298367));
#2855=DIRECTION('',(0.707106781186548,-4.32963728535968E-17,-0.707106781186547));
#2856=DIRECTION('',(-0.707106781186547,0.,-0.707106781186548));
#2857=DIRECTION('',(0.707106781186548,3.6799042000401E-15,-0.707106781186548));
#2858=DIRECTION('',(-0.707106781186548,0.,-0.707106781186548));
#2859=DIRECTION('',(-6.12303176911189E-17,-1.,0.));
#2860=DIRECTION('',(1.,-6.12303176911189E-17,0.));
#2861=DIRECTION('',(0.,-1.,0.));
#2862=DIRECTION('',(0.,0.,-1.));
#2863=DIRECTION('',(-6.12303176911189E-17,-1.,0.));
#2864=DIRECTION('',(1.,-6.12303176911189E-17,0.));
#2865=DIRECTION('',(0.,-1.,0.));
#2866=DIRECTION('',(0.,0.,-1.));
#2867=DIRECTION('',(0.707106781186547,-4.32963728535968E-17,-0.707106781186548));
#2868=DIRECTION('',(-0.707106781186548,0.,-0.707106781186547));
#2869=DIRECTION('',(-0.707106781186546,0.,0.707106781186549));
#2870=DIRECTION('',(0.707106781186549,0.,0.707106781186546));
#2871=DIRECTION('',(-0.950985285931021,0.,0.309236132983669));
#2872=DIRECTION('',(0.309236132983669,0.,0.950985285931021));
#2873=DIRECTION('',(6.12303176911189E-17,1.,0.));
#2874=DIRECTION('',(-1.,6.12303176911189E-17,0.));
#2875=DIRECTION('',(0.707106781186548,0.,0.707106781186548));
#2876=DIRECTION('',(0.707106781186548,0.,-0.707106781186548));
#2877=DIRECTION('',(-3.46944695195361E-15,1.,-3.46944695195361E-15));
#2878=DIRECTION('',(0.,3.46944695195361E-15,1.));
#2879=DIRECTION('',(0.365231357366175,0.,0.930916782315402));
#2880=DIRECTION('',(0.930916782315402,0.,-0.365231357366175));
#2881=DIRECTION('',(1.73472347597681E-15,1.,0.));
#2882=DIRECTION('',(-1.,1.73472347597681E-15,0.));
#2883=DIRECTION('',(0.930916782315405,3.47732376891394E-16,0.365231357366167));
#2884=DIRECTION('',(0.365231357366167,0.,-0.930916782315405));
#2885=DIRECTION('',(6.12303176911189E-17,1.,0.));
#2886=DIRECTION('',(-1.,6.12303176911189E-17,0.));
#2887=DIRECTION('',(0.707106781186546,0.,0.707106781186549));
#2888=DIRECTION('',(0.707106781186549,0.,-0.707106781186546));
#2889=DIRECTION('',(-0.707106781186548,4.32963728535968E-17,-0.707106781186547));
#2890=DIRECTION('',(-0.707106781186547,0.,0.707106781186548));
#2891=DIRECTION('',(0.707106781186552,0.,0.707106781186543));
#2892=DIRECTION('',(0.707106781186543,0.,-0.707106781186552));
#2893=DIRECTION('',(6.12303176911189E-17,1.,0.));
#2894=DIRECTION('',(-1.,6.12303176911189E-17,0.));
#2895=DIRECTION('',(0.365231357366167,3.22976639292665E-15,-0.930916782315405));
#2896=DIRECTION('',(-0.930916782315405,0.,-0.365231357366167));
#2897=DIRECTION('',(6.12303176911189E-17,1.,0.));
#2898=DIRECTION('',(-1.,6.12303176911189E-17,0.));
#2899=DIRECTION('',(-0.930916782315404,0.,0.365231357366169));
#2900=DIRECTION('',(0.365231357366169,0.,0.930916782315404));
#2901=DIRECTION('',(0.707106781186548,-4.32963728535968E-17,0.707106781186547));
#2902=DIRECTION('',(0.707106781186547,0.,-0.707106781186548));
#2903=DIRECTION('',(0.707106781186548,-1.2266347333467E-15,0.707106781186547));
#2904=DIRECTION('',(0.707106781186547,0.,-0.707106781186548));
#2905=DIRECTION('',(0.,1.,0.));
#2906=DIRECTION('',(0.,0.,1.));
#2907=DIRECTION('',(0.,-1.,0.));
#2908=DIRECTION('',(0.,0.,-1.));
#2909=DIRECTION('',(0.,1.,0.));
#2910=DIRECTION('',(0.,0.,1.));
#2911=DIRECTION('',(0.,-1.,0.));
#2912=DIRECTION('',(0.,0.,-1.));
#2913=DIRECTION('',(-6.12303176911189E-17,-1.,0.));
#2914=DIRECTION('',(1.,-6.12303176911189E-17,0.));
#2915=DIRECTION('',(6.12303176911187E-17,1.,1.6032118576298E-31));
#2916=DIRECTION('',(-1.,6.12303176911187E-17,0.));
#2917=DIRECTION('',(-6.25931151125652E-17,-1.,0.));
#2918=DIRECTION('',(1.,-6.25931151125652E-17,0.));
#2919=DIRECTION('',(0.902368927062182,0.,-0.430964406271152));
#2920=DIRECTION('',(-0.430964406271152,0.,-0.902368927062182));
#2921=DIRECTION('',(-0.430964406271152,0.,0.902368927062182));
#2922=DIRECTION('',(0.902368927062182,0.,0.430964406271152));
#2923=DIRECTION('',(-6.12303176911189E-17,-1.,0.));
#2924=DIRECTION('',(1.,-6.12303176911189E-17,0.));
#2925=DIRECTION('',(6.12303176911192E-17,1.,8.01605928814895E-32));
#2926=DIRECTION('',(-1.,6.12303176911192E-17,0.));
#2927=DIRECTION('',(-0.707106781186548,4.4260016151685E-17,-0.707106781186547));
#2928=DIRECTION('',(-0.707106781186547,0.,0.707106781186548));
#2929=DIRECTION('',(0.707106781186549,0.,0.707106781186546));
#2930=DIRECTION('',(0.707106781186546,0.,-0.707106781186549));
#2931=DIRECTION('',(0.707106781186548,-4.4260016151685E-17,0.707106781186547));
#2932=DIRECTION('',(0.707106781186547,0.,-0.707106781186548));
#2933=DIRECTION('',(0.707106781186546,0.,0.707106781186549));
#2934=DIRECTION('',(0.707106781186549,0.,-0.707106781186546));
#2935=DIRECTION('',(-6.25931151125652E-17,-1.,0.));
#2936=DIRECTION('',(1.,-6.25931151125652E-17,0.));
#2937=DIRECTION('',(0.,0.,1.));
#2938=DIRECTION('',(1.,0.,0.));
#2939=DIRECTION('',(-6.55323247886757E-33,-1.07025942800524E-16,1.));
#2940=DIRECTION('',(0.,-1.,-1.07025942800524E-16));
#2941=DIRECTION('',(-6.55323247886757E-33,-1.07025942800524E-16,1.));
#2942=DIRECTION('',(0.,-1.,-1.07025942800524E-16));
#2943=DIRECTION('',(-6.55323247886757E-33,-1.07025942800524E-16,1.));
#2944=DIRECTION('',(0.,-1.,-1.07025942800524E-16));
#2945=DIRECTION('',(6.55323247886757E-33,1.07025942800524E-16,-1.));
#2946=DIRECTION('',(0.,1.,1.07025942800524E-16));
#2947=DIRECTION('',(-6.55323247886757E-33,-1.07025942800524E-16,1.));
#2948=DIRECTION('',(0.,-1.,-1.07025942800524E-16));
#2949=DIRECTION('',(-6.55323247886757E-33,-1.07025942800524E-16,1.));
#2950=DIRECTION('',(0.,-1.,-1.07025942800524E-16));
#2951=DIRECTION('',(-6.55323247886757E-33,-1.07025942800524E-16,1.));
#2952=DIRECTION('',(0.,-1.,-1.07025942800524E-16));
#2953=DIRECTION('',(-6.55323247886757E-33,-1.07025942800524E-16,1.));
#2954=DIRECTION('',(0.,-1.,-1.07025942800524E-16));
#2955=DIRECTION('',(-6.55323247886757E-33,-1.07025942800524E-16,1.));
#2956=DIRECTION('',(0.,-1.,-1.07025942800524E-16));
#2957=DIRECTION('',(0.,0.,1.));
#2958=DIRECTION('',(1.,0.,0.));
#2959=CARTESIAN_POINT('',(0.,0.,0.));
#2960=CARTESIAN_POINT('',(-9.72271824131504,0.,9.72271824131503));
#2961=CARTESIAN_POINT('',(-7.37394774005252,6.10179612082665E-16,7.37394774005252));
#2962=CARTESIAN_POINT('',(-13.75,0.,-2.21116864330538E-15));
#2963=CARTESIAN_POINT('',(-10.4283369022127,6.10179612082665E-16,-1.6770044770907E-15));
#2964=CARTESIAN_POINT('',(-9.72271824131503,0.,-9.72271824131504));
#2965=CARTESIAN_POINT('',(-7.37394774005252,6.10179612082665E-16,-7.37394774005253));
#2966=CARTESIAN_POINT('',(-1.68388934882761E-15,0.,-13.75));
#2967=CARTESIAN_POINT('',(-1.2771029407725E-15,6.10179612082665E-16,-10.4283369022127));
#2968=CARTESIAN_POINT('',(9.72271824131504,0.,-9.72271824131504));
#2969=CARTESIAN_POINT('',(7.37394774005252,6.10179612082665E-16,-7.37394774005252));
#2970=CARTESIAN_POINT('',(13.75,0.,-2.52583402324142E-15));
#2971=CARTESIAN_POINT('',(10.4283369022127,6.10179612082665E-16,-1.91565441115875E-15));
#2972=CARTESIAN_POINT('',(9.72271824131504,0.,9.72271824131503));
#2973=CARTESIAN_POINT('',(7.37394774005252,6.10179612082665E-16,7.37394774005252));
#2974=CARTESIAN_POINT('',(3.67381906146713E-16,6.,19.0787840283389));
#2975=CARTESIAN_POINT('',(3.67381906146713E-16,6.,0.));
#2976=CARTESIAN_POINT('',(19.0787840283389,6.,0.));
#2977=CARTESIAN_POINT('',(3.67381906146713E-16,6.,0.));
#2978=CARTESIAN_POINT('',(15.8333333333333,6.,0.));
#2979=CARTESIAN_POINT('',(0.,0.,-1.73472347597681E-15));
#2980=CARTESIAN_POINT('',(-3.67381906146713E-16,-6.,0.));
#2981=CARTESIAN_POINT('',(19.0787840283389,-6.,0.));
#2982=CARTESIAN_POINT('',(-3.67381906146713E-16,-6.,19.0787840283389));
#2983=CARTESIAN_POINT('',(-3.67381906146713E-16,-6.,0.));
#2984=CARTESIAN_POINT('',(15.8333333333333,-6.,0.));
#2985=CARTESIAN_POINT('',(-1.53159860666952E-15,-25.0137295448276,0.));
#2986=CARTESIAN_POINT('',(-1.66198309507808E-16,-2.71431401591297,0.));
#2987=CARTESIAN_POINT('',(15.8333333333333,-2.71431401591297,0.));
#2988=CARTESIAN_POINT('',(0.,0.,0.));
#2989=CARTESIAN_POINT('',(1.66198309507808E-16,2.71431401591297,0.));
#2990=CARTESIAN_POINT('',(15.8333333333333,2.71431401591297,0.));
#2991=CARTESIAN_POINT('',(-1.53159860666952E-15,-25.0137295448276,0.));
#2992=CARTESIAN_POINT('',(54.4340885842686,-12.4,-31.4275356972194));
#2993=CARTESIAN_POINT('',(10.9662953910552,-14.3604168539487,-4.07197615455712));
#2994=CARTESIAN_POINT('',(10.1620793805191,-15.170393094288,-5.86594422309584));
#2995=CARTESIAN_POINT('',(9.00716535177921,-14.3580107688991,-7.46424695305948));
#2996=CARTESIAN_POINT('',(8.42471999052016,-12.3993237379354,-8.0623559503549));
#2997=CARTESIAN_POINT('',(9.0075512783347,-10.4418924005526,-7.46369593231005));
#2998=CARTESIAN_POINT('',(10.1617194211471,-9.62947474112925,-5.86667172175654));
#2999=CARTESIAN_POINT('',(10.9669936881939,-10.4402086517916,-4.07023311459648));
#3000=CARTESIAN_POINT('',(11.1950766180145,-12.4021247265711,-3.2635995524488));
#3001=CARTESIAN_POINT('',(10.9662953910552,-14.3604168539487,-4.07197615455712));
#3002=CARTESIAN_POINT('',(10.1620793805191,-15.170393094288,-5.86594422309584));
#3003=CARTESIAN_POINT('',(9.00716535177921,-14.3580107688991,-7.46424695305948));
#3004=CARTESIAN_POINT('',(10.1036297108185,-14.9,-5.83333333333333));
#3005=CARTESIAN_POINT('',(7.29437289555373,-14.3589694228556,-1.94942626436411));
#3006=CARTESIAN_POINT('',(7.41351224903012,-12.4000485019744,-1.08077021212876));
#3007=CARTESIAN_POINT('',(7.29392425007345,-10.4408365692465,-1.95031526595068));
#3008=CARTESIAN_POINT('',(6.58699885492474,-9.62918873555598,-3.79925626668862));
#3009=CARTESIAN_POINT('',(5.33420660591878,-10.4424118006457,-5.34402646750005));
#3010=CARTESIAN_POINT('',(4.64340215581771,-12.3982466214021,-5.87903686304903));
#3011=CARTESIAN_POINT('',(5.33453194079671,-14.3584159989135,-5.34340969357439));
#3012=CARTESIAN_POINT('',(6.58544689269291,-15.170653637785,-3.80198619218172));
#3013=CARTESIAN_POINT('',(7.29437289555373,-14.3589694228556,-1.94942626436411));
#3014=CARTESIAN_POINT('',(7.41351224903012,-12.4000485019744,-1.08077021212876));
#3015=CARTESIAN_POINT('',(7.29392425007345,-10.4408365692465,-1.95031526595068));
#3016=CARTESIAN_POINT('',(7.37372435695794,-12.4,-1.37047039647164));
#3017=CARTESIAN_POINT('',(-9.73562051288789E-16,-15.9,11.6666666666667));
#3018=CARTESIAN_POINT('',(-9.73562051288789E-16,-15.9,0.));
#3019=CARTESIAN_POINT('',(10.6666666666667,-15.9,0.));
#3020=CARTESIAN_POINT('',(-9.73562051288789E-16,-15.9,0.));
#3021=CARTESIAN_POINT('',(7.5,-15.9,0.));
#3022=CARTESIAN_POINT('',(-1.53159860666952E-15,-25.0137295448276,0.));
#3023=CARTESIAN_POINT('',(-9.12331733597671E-16,-14.9,0.));
#3024=CARTESIAN_POINT('',(-1.53075804438789E-16,-14.9,11.6666666666667));
#3025=CARTESIAN_POINT('',(-1.95671290207665,-14.3604168539487,11.5330784713366));
#3026=CARTESIAN_POINT('',(-0.000982975875962354,-15.170393094288,11.7335910103515));
#3027=CARTESIAN_POINT('',(1.9606448055805,-14.3580107688991,11.5325574872575));
#3028=CARTESIAN_POINT('',(2.7698450720999,-12.3993237379354,11.3271995067385));
#3029=CARTESIAN_POINT('',(1.95997464433574,-10.4418924005526,11.5326161990839));
#3030=CARTESIAN_POINT('',(-0.000172963868576673,-9.62947474112924,11.7336430257213));
#3031=CARTESIAN_POINT('',(-1.95857156753174,-10.4402086517916,11.5328116944178));
#3032=CARTESIAN_POINT('',(-2.77117818880705,-12.4021247265711,11.3270205247381));
#3033=CARTESIAN_POINT('',(-1.95671290207665,-14.3604168539487,11.5330784713366));
#3034=CARTESIAN_POINT('',(-0.000982975875962354,-15.170393094288,11.7335910103515));
#3035=CARTESIAN_POINT('',(1.9606448055805,-14.3580107688991,11.5325574872575));
#3036=CARTESIAN_POINT('',(-9.12331733597671E-16,-14.9,0.));
#3037=CARTESIAN_POINT('',(-1.66198309507808E-16,-2.71431401591296,0.));
#3038=CARTESIAN_POINT('',(11.6666666666667,-2.71431401591297,0.));
#3039=CARTESIAN_POINT('',(0.,0.,0.));
#3040=CARTESIAN_POINT('',(1.66198309507808E-16,2.71431401591296,0.));
#3041=CARTESIAN_POINT('',(11.6666666666667,2.71431401591296,0.));
#3042=CARTESIAN_POINT('',(-1.53159860666952E-15,-25.0137295448276,0.));
#3043=CARTESIAN_POINT('',(6.42918335756749E-16,10.5,0.));
#3044=CARTESIAN_POINT('',(-11.6666666666667,10.5,0.));
#3045=CARTESIAN_POINT('',(7.04148653447867E-16,11.5,11.6666666666667));
#3046=CARTESIAN_POINT('',(7.04148653447868E-16,11.5,0.));
#3047=CARTESIAN_POINT('',(-8.5,11.5,0.));
#3048=CARTESIAN_POINT('',(7.04148653447868E-16,11.5,0.));
#3049=CARTESIAN_POINT('',(-10.6666666666667,11.5,0.));
#3050=CARTESIAN_POINT('',(-1.53159860666952E-15,-25.0137295448276,0.));
#3051=CARTESIAN_POINT('',(6.42918335756749E-16,10.5,0.));
#3052=CARTESIAN_POINT('',(-7.5,10.5,0.));
#3053=CARTESIAN_POINT('',(-1.95893378003294,-14.3589694228556,7.29182536440825));
#3054=CARTESIAN_POINT('',(-2.77078166515806,-12.4000485019744,6.96067504499158));
#3055=CARTESIAN_POINT('',(-1.95793955933483,-10.4408365692465,7.29188132681831));
#3056=CARTESIAN_POINT('',(-0.00324698502279586,-9.62918873555598,7.60413647640815));
#3057=CARTESIAN_POINT('',(1.96095937639208,-10.4424118006457,7.29157166351045));
#3058=CARTESIAN_POINT('',(2.76969419527679,-12.3982466214021,6.96082265845008));
#3059=CARTESIAN_POINT('',(1.96026256706509,-14.3584159989135,7.29154502481665));
#3060=CARTESIAN_POINT('',(-0.000106819079421193,-15.170653637785,7.60415740043622));
#3061=CARTESIAN_POINT('',(-1.95893378003294,-14.3589694228556,7.29182536440825));
#3062=CARTESIAN_POINT('',(-2.77078166515806,-12.4000485019744,6.96067504499158));
#3063=CARTESIAN_POINT('',(-1.95793955933483,-10.4408365692465,7.29188132681831));
#3064=CARTESIAN_POINT('',(-2.5,-12.4,7.07106781186548));
#3065=CARTESIAN_POINT('',(0.,-12.4,62.8550713944388));
#3066=CARTESIAN_POINT('',(7.04148653447868E-16,11.5,0.));
#3067=CARTESIAN_POINT('',(6.42918335756749E-16,10.5,0.));
#3068=CARTESIAN_POINT('',(-9.73562051288789E-16,-15.9,0.));
#3069=CARTESIAN_POINT('',(0.,0.,13.75));
#3070=CARTESIAN_POINT('',(3.73614914964652E-32,6.10179612082665E-16,10.4283369022127));
#3071=CARTESIAN_POINT('',(0.,0.,0.));
#3072=CARTESIAN_POINT('',(0.,0.,5.));
#3073=CARTESIAN_POINT('',(0.,0.,1.));
#3074=CARTESIAN_POINT('',(-2.5,0.,1.));
#3075=CARTESIAN_POINT('',(0.,0.,4.));
#3076=CARTESIAN_POINT('',(-2.5,0.,4.));
#3077=CARTESIAN_POINT('',(0.,0.,5.));
#3078=CARTESIAN_POINT('',(0.,0.,5.));
#3079=CARTESIAN_POINT('',(-1.5,0.,5.));
#3080=CARTESIAN_POINT('',(0.,0.,0.));
#3081=CARTESIAN_POINT('',(0.,0.,0.));
#3082=CARTESIAN_POINT('',(-1.5,0.,0.));
#3083=CARTESIAN_POINT('',(0.,0.,0.));
#3084=CARTESIAN_POINT('',(0.,0.,4.));
#3085=CARTESIAN_POINT('',(0.,-12.4,7.5));
#3086=CARTESIAN_POINT('',(6.49519054946534,-12.4,-3.74999996350267));
#3087=CARTESIAN_POINT('',(0.,0.,0.));
#3088=CARTESIAN_POINT('',(1.83690953073357E-16,3.00000000000001,48.5));
#3089=CARTESIAN_POINT('',(1.83690953073357E-16,3.00000000000001,0.));
#3090=CARTESIAN_POINT('',(37.9283277256678,3.,-30.2273378902996));
#3091=CARTESIAN_POINT('',(37.9283277256678,3.,30.2273378902996));
#3092=CARTESIAN_POINT('',(26.5165042944955,3.00000000000001,26.5165042944955));
#3093=CARTESIAN_POINT('',(35.0017856687341,3.00000000000001,18.031222920257));
#3094=CARTESIAN_POINT('',(27.4589473352489,3.00000000000001,10.4883845867717));
#3095=CARTESIAN_POINT('',(27.9275034694622,3.00000000000001,10.956940720985));
#3096=CARTESIAN_POINT('',(1.83690953073357E-16,3.00000000000001,0.));
#3097=CARTESIAN_POINT('',(27.9275034694622,3.00000000000001,-10.956940720985));
#3098=CARTESIAN_POINT('',(-15.7647186257614,3.00000000000001,32.7352813742386));
#3099=CARTESIAN_POINT('',(35.0017856687341,3.00000000000001,-18.031222920257));
#3100=CARTESIAN_POINT('',(26.5165042944955,3.00000000000001,-26.5165042944955));
#3101=CARTESIAN_POINT('',(1.83690953073357E-16,3.00000000000001,48.5));
#3102=CARTESIAN_POINT('',(-32.7352813742386,3.00000000000001,15.7647186257614));
#3103=CARTESIAN_POINT('',(-27.9275034694621,3.00000000000001,10.956940720985));
#3104=CARTESIAN_POINT('',(-35.0017856687341,3.00000000000001,18.031222920257));
#3105=CARTESIAN_POINT('',(-26.5165042944955,3.00000000000001,26.5165042944955));
#3106=CARTESIAN_POINT('',(-37.9283277256678,3.00000000000001,30.2273378902996));
#3107=CARTESIAN_POINT('',(1.83690953073357E-16,3.00000000000001,0.));
#3108=CARTESIAN_POINT('',(-37.9283277256678,3.00000000000001,-30.2273378902996));
#3109=CARTESIAN_POINT('',(-26.5165042944955,3.00000000000001,-26.5165042944955));
#3110=CARTESIAN_POINT('',(-35.0017856687341,3.00000000000001,-18.031222920257));
#3111=CARTESIAN_POINT('',(15.7647186257614,3.00000000000001,32.7352813742386));
#3112=CARTESIAN_POINT('',(-27.9275034694622,3.00000000000001,-10.956940720985));
#3113=CARTESIAN_POINT('',(1.83690953073357E-16,3.00000000000001,0.));
#3114=CARTESIAN_POINT('',(1.83690953073357E-16,3.00000000000001,48.5));
#3115=CARTESIAN_POINT('',(1.83690953073357E-16,3.00000000000001,0.));
#3116=CARTESIAN_POINT('',(-30.2273378902996,3.00000000000001,-37.9283277256678));
#3117=CARTESIAN_POINT('',(30.2273378902996,3.,-37.9283277256678));
#3118=CARTESIAN_POINT('',(26.5165042944955,3.00000000000001,-26.5165042944955));
#3119=CARTESIAN_POINT('',(18.031222920257,3.00000000000001,-35.0017856687341));
#3120=CARTESIAN_POINT('',(-32.7352813742386,3.00000000000001,15.7647186257614));
#3121=CARTESIAN_POINT('',(10.956940720985,3.00000000000001,-27.9275034694621));
#3122=CARTESIAN_POINT('',(1.83690953073357E-16,3.00000000000001,0.));
#3123=CARTESIAN_POINT('',(-10.956940720985,3.00000000000001,-27.9275034694622));
#3124=CARTESIAN_POINT('',(32.7352813742386,3.00000000000001,15.7647186257614));
#3125=CARTESIAN_POINT('',(-18.031222920257,3.00000000000001,-35.0017856687341));
#3126=CARTESIAN_POINT('',(-26.5165042944955,3.00000000000001,-26.5165042944955));
#3127=CARTESIAN_POINT('',(1.83690953073357E-16,3.00000000000001,48.5));
#3128=CARTESIAN_POINT('',(18.031222920257,3.00000000000001,35.0017856687341));
#3129=CARTESIAN_POINT('',(10.956940720985,3.00000000000001,27.9275034694621));
#3130=CARTESIAN_POINT('',(18.031222920257,3.00000000000001,35.0017856687341));
#3131=CARTESIAN_POINT('',(26.5165042944955,3.00000000000001,26.5165042944955));
#3132=CARTESIAN_POINT('',(30.2273378902996,3.,37.9283277256678));
#3133=CARTESIAN_POINT('',(1.83690953073357E-16,3.00000000000001,0.));
#3134=CARTESIAN_POINT('',(-30.2273378902996,3.00000000000001,37.9283277256678));
#3135=CARTESIAN_POINT('',(-26.5165042944955,3.00000000000001,26.5165042944955));
#3136=CARTESIAN_POINT('',(-18.031222920257,3.00000000000001,35.0017856687341));
#3137=CARTESIAN_POINT('',(-15.7647186257614,3.00000000000001,32.7352813742386));
#3138=CARTESIAN_POINT('',(-10.956940720985,3.00000000000001,27.9275034694621));
#3139=CARTESIAN_POINT('',(1.83690953073357E-16,3.00000000000001,0.));
#3140=CARTESIAN_POINT('',(0.,0.,0.));
#3141=CARTESIAN_POINT('',(1.17449401217787,-1.82325188047429,28.9806530710325));
#3142=CARTESIAN_POINT('',(1.66265917320985,-3.0003002474282,28.9514542835054));
#3143=CARTESIAN_POINT('',(1.17486929498273,-4.17554712981287,28.9806152858407));
#3144=CARTESIAN_POINT('',(0.00123362474785477,-4.66206326190061,29.0096879477008));
#3145=CARTESIAN_POINT('',(-1.17498768744671,-4.17619853398001,28.980632856704));
#3146=CARTESIAN_POINT('',(-1.6621108434673,-3.00023515334175,28.9514770077349));
#3147=CARTESIAN_POINT('',(-1.17656836438091,-1.82607604426194,28.9805446329966));
#3148=CARTESIAN_POINT('',(-0.00174026822858348,-1.33766915268992,29.0097005153441));
#3149=CARTESIAN_POINT('',(1.17449401217787,-1.82325188047429,28.9806530710325));
#3150=CARTESIAN_POINT('',(1.66265917320985,-3.0003002474282,28.9514542835054));
#3151=CARTESIAN_POINT('',(1.17486929498273,-4.17554712981287,28.9806152858407));
#3152=CARTESIAN_POINT('',(1.5,-2.99999999999999,28.9611809151492));
#3153=CARTESIAN_POINT('',(26.9965866871468,-1.65300957942983E-15,-10.5917093636188));
#3154=CARTESIAN_POINT('',(26.9965866871467,5.18369850359199E-15,-10.5917093636188));
#3155=CARTESIAN_POINT('',(26.9965866871468,2.00000000000001,-10.5917093636188));
#3156=CARTESIAN_POINT('',(1.22460635382238E-16,2.00000000000001,0.));
#3157=CARTESIAN_POINT('',(26.9965866871468,2.00000000000001,10.5917093636188));
#3158=CARTESIAN_POINT('',(26.9965866871468,-1.65300957942983E-15,10.5917093636188));
#3159=CARTESIAN_POINT('',(26.9965866871467,5.17477921106934E-15,10.5917093636188));
#3160=CARTESIAN_POINT('',(26.1686988848033,-1.99999999999999,12.4979677818634));
#3161=CARTESIAN_POINT('',(26.4004275029573,-2.,12.0127659844749));
#3162=CARTESIAN_POINT('',(26.8249858417511,-1.57982815421153,11.0413453833766));
#3163=CARTESIAN_POINT('',(26.9965866871468,-0.53818263607097,10.5917093636188));
#3164=CARTESIAN_POINT('',(26.9965866871468,3.98166180581563E-15,10.5917093636188));
#3165=CARTESIAN_POINT('',(26.1686988848033,-1.99999999999999,12.4979677818634));
#3166=CARTESIAN_POINT('',(-1.22460635382237E-16,-1.99999999999999,0.));
#3167=CARTESIAN_POINT('',(12.4979677818634,-1.99999999999999,26.1686988848033));
#3168=CARTESIAN_POINT('',(10.5917093636188,6.19852792723456E-15,26.9965866871467));
#3169=CARTESIAN_POINT('',(10.5917093636188,-0.539002835889743,26.9965866871467));
#3170=CARTESIAN_POINT('',(11.0429336071667,-1.58070429948082,26.8243030313808));
#3171=CARTESIAN_POINT('',(12.0121080700578,-2.,26.4007417177841));
#3172=CARTESIAN_POINT('',(12.4979677818634,-1.99999999999999,26.1686988848033));
#3173=CARTESIAN_POINT('',(10.5917093636188,6.19852792723455E-15,26.9965866871467));
#3174=CARTESIAN_POINT('',(10.5917093636188,-6.4853372922638E-16,26.9965866871467));
#3175=CARTESIAN_POINT('',(10.5917093636188,2.00000000000001,26.9965866871467));
#3176=CARTESIAN_POINT('',(1.22460635382238E-16,2.00000000000001,0.));
#3177=CARTESIAN_POINT('',(-10.5917093636188,2.00000000000001,26.9965866871467));
#3178=CARTESIAN_POINT('',(-10.5917093636188,6.4853372922638E-16,26.9965866871467));
#3179=CARTESIAN_POINT('',(-10.5917093636188,7.68817917310255E-15,26.9965866871467));
#3180=CARTESIAN_POINT('',(-12.4979677818634,-1.99999999999999,26.1686988848033));
#3181=CARTESIAN_POINT('',(-12.012765984475,-1.99999999999999,26.4004275029573));
#3182=CARTESIAN_POINT('',(-11.0413453833766,-1.57982815421153,26.8249858417511));
#3183=CARTESIAN_POINT('',(-10.5917093636188,-0.538182636070969,26.9965866871467));
#3184=CARTESIAN_POINT('',(-10.5917093636188,6.30316028897035E-15,26.9965866871467));
#3185=CARTESIAN_POINT('',(-12.4979677818634,-1.99999999999999,26.1686988848033));
#3186=CARTESIAN_POINT('',(-1.22460635382237E-16,-1.99999999999999,0.));
#3187=CARTESIAN_POINT('',(-26.1686988848033,-1.99999999999999,12.4979677818634));
#3188=CARTESIAN_POINT('',(-26.9965866871467,8.69408930422246E-15,10.5917093636188));
#3189=CARTESIAN_POINT('',(-26.9965866871467,-0.53900283588974,10.5917093636188));
#3190=CARTESIAN_POINT('',(-26.8243030313808,-1.58070429948082,11.0429336071667));
#3191=CARTESIAN_POINT('',(-26.4007417177841,-1.99999999999999,12.0121080700578));
#3192=CARTESIAN_POINT('',(-26.1686988848033,-1.99999999999999,12.4979677818634));
#3193=CARTESIAN_POINT('',(-26.9965866871467,8.69408930422246E-15,10.5917093636188));
#3194=CARTESIAN_POINT('',(-26.9965866871467,1.65300957942983E-15,10.5917093636188));
#3195=CARTESIAN_POINT('',(-26.9965866871467,2.00000000000001,10.5917093636188));
#3196=CARTESIAN_POINT('',(1.22460635382238E-16,2.00000000000001,0.));
#3197=CARTESIAN_POINT('',(-26.9965866871467,2.00000000000001,-10.5917093636188));
#3198=CARTESIAN_POINT('',(-26.9965866871467,1.65300957942983E-15,-10.5917093636188));
#3199=CARTESIAN_POINT('',(-26.9965866871467,8.69408930422246E-15,-10.5917093636188));
#3200=CARTESIAN_POINT('',(-26.1686988848033,-1.99999999999999,-12.4979677818634));
#3201=CARTESIAN_POINT('',(-26.4004275029573,-1.99999999999999,-12.0127659844749));
#3202=CARTESIAN_POINT('',(-26.8249858417511,-1.57982815421153,-11.0413453833766));
#3203=CARTESIAN_POINT('',(-26.9965866871467,-0.538182636070967,-10.5917093636188));
#3204=CARTESIAN_POINT('',(-26.9965866871467,7.65714759509633E-15,-10.5917093636188));
#3205=CARTESIAN_POINT('',(-26.1686988848033,-1.99999999999999,-12.4979677818634));
#3206=CARTESIAN_POINT('',(-1.22460635382237E-16,-1.99999999999999,0.));
#3207=CARTESIAN_POINT('',(-12.4979677818634,-1.99999999999999,-26.1686988848033));
#3208=CARTESIAN_POINT('',(-10.5917093636188,7.68977406016449E-15,-26.9965866871467));
#3209=CARTESIAN_POINT('',(-10.5917093636188,-0.539002835889741,-26.9965866871467));
#3210=CARTESIAN_POINT('',(-11.0429336071667,-1.58070429948082,-26.8243030313808));
#3211=CARTESIAN_POINT('',(-12.0121080700578,-1.99999999999999,-26.4007417177841));
#3212=CARTESIAN_POINT('',(-12.4979677818634,-1.99999999999999,-26.1686988848033));
#3213=CARTESIAN_POINT('',(-10.5917093636188,7.68977406016449E-15,-26.9965866871467));
#3214=CARTESIAN_POINT('',(-10.5917093636188,6.4853372922638E-16,-26.9965866871467));
#3215=CARTESIAN_POINT('',(-10.5917093636188,2.00000000000001,-26.9965866871467));
#3216=CARTESIAN_POINT('',(1.22460635382238E-16,2.00000000000001,0.));
#3217=CARTESIAN_POINT('',(10.5917093636188,2.00000000000001,-26.9965866871467));
#3218=CARTESIAN_POINT('',(10.5917093636188,-6.4853372922638E-16,-26.9965866871467));
#3219=CARTESIAN_POINT('',(10.5917093636188,6.18960863471191E-15,-26.9965866871467));
#3220=CARTESIAN_POINT('',(12.4979677818634,-1.99999999999999,-26.1686988848033));
#3221=CARTESIAN_POINT('',(12.012765984475,-2.,-26.4004275029573));
#3222=CARTESIAN_POINT('',(11.0413453833766,-1.57982815421153,-26.8249858417511));
#3223=CARTESIAN_POINT('',(10.5917093636188,-0.538182636070969,-26.9965866871467));
#3224=CARTESIAN_POINT('',(10.5917093636188,5.89272091504008E-15,-26.9965866871467));
#3225=CARTESIAN_POINT('',(12.4979677818634,-1.99999999999999,-26.1686988848033));
#3226=CARTESIAN_POINT('',(-1.22460635382237E-16,-1.99999999999999,0.));
#3227=CARTESIAN_POINT('',(26.1686988848033,-1.99999999999999,-12.4979677818634));
#3228=CARTESIAN_POINT('',(26.9965866871468,5.18369850359199E-15,-10.5917093636188));
#3229=CARTESIAN_POINT('',(26.9965866871468,-0.539002835889744,-10.5917093636188));
#3230=CARTESIAN_POINT('',(26.8243030313808,-1.58070429948082,-11.0429336071667));
#3231=CARTESIAN_POINT('',(26.4007417177841,-2.,-12.0121080700578));
#3232=CARTESIAN_POINT('',(26.1686988848033,-2.,-12.4979677818634));
#3233=CARTESIAN_POINT('',(-5.51072859220069E-16,-8.99999999999999,0.));
#3234=CARTESIAN_POINT('',(-29.,-8.99999999999999,0.));
#3235=CARTESIAN_POINT('',(0.,0.,0.));
#3236=CARTESIAN_POINT('',(5.5107285922007E-16,9.00000000000001,0.));
#3237=CARTESIAN_POINT('',(29.,9.00000000000001,0.));
#3238=CARTESIAN_POINT('',(7.95994129984546E-16,13.,0.));
#3239=CARTESIAN_POINT('',(29.,13.,0.));
#3240=CARTESIAN_POINT('',(5.5107285922007E-16,9.00000000000001,29.));
#3241=CARTESIAN_POINT('',(-26.5165042944955,9.00000000000001,26.5165042944955));
#3242=CARTESIAN_POINT('',(-20.5165042944955,9.00000000000001,26.5165042944955));
#3243=CARTESIAN_POINT('',(26.5165042944955,9.00000000000001,26.5165042944955));
#3244=CARTESIAN_POINT('',(32.5165042944955,9.00000000000001,26.5165042944955));
#3245=CARTESIAN_POINT('',(-26.5165042944955,9.00000000000001,-26.5165042944955));
#3246=CARTESIAN_POINT('',(-20.5165042944955,9.00000000000001,-26.5165042944955));
#3247=CARTESIAN_POINT('',(26.5165042944955,9.00000000000001,-26.5165042944955));
#3248=CARTESIAN_POINT('',(32.5165042944955,9.00000000000001,-26.5165042944955));
#3249=CARTESIAN_POINT('',(5.5107285922007E-16,9.00000000000001,0.));
#3250=CARTESIAN_POINT('',(48.5,9.00000000000001,0.));
#3251=CARTESIAN_POINT('',(0.,0.,0.));
#3252=CARTESIAN_POINT('',(1.83690953073357E-16,3.00000000000001,0.));
#3253=CARTESIAN_POINT('',(34.2946788875476,3.,34.2946788875476));
#3254=CARTESIAN_POINT('',(1.83690953073357E-16,3.00000000000001,0.));
#3255=CARTESIAN_POINT('',(1.83690953073357E-16,3.00000000000001,0.));
#3256=CARTESIAN_POINT('',(34.2946788875476,3.,-34.2946788875476));
#3257=CARTESIAN_POINT('',(1.83690953073357E-16,3.00000000000001,0.));
#3258=CARTESIAN_POINT('',(1.83690953073357E-16,3.00000000000001,0.));
#3259=CARTESIAN_POINT('',(-34.2946788875476,3.00000000000001,-34.2946788875476));
#3260=CARTESIAN_POINT('',(1.83690953073357E-16,3.00000000000001,0.));
#3261=CARTESIAN_POINT('',(1.83690953073357E-16,3.00000000000001,0.));
#3262=CARTESIAN_POINT('',(-34.2946788875476,3.00000000000001,34.2946788875476));
#3263=CARTESIAN_POINT('',(1.83690953073357E-16,3.00000000000001,0.));
#3264=CARTESIAN_POINT('',(-6.12303176911188E-16,-9.99999999999999,20.0787840283389));
#3265=CARTESIAN_POINT('',(-6.12303176911188E-16,-9.99999999999999,0.));
#3266=CARTESIAN_POINT('',(-28.,-9.99999999999999,0.));
#3267=CARTESIAN_POINT('',(-6.12303176911188E-16,-9.99999999999999,0.));
#3268=CARTESIAN_POINT('',(20.0787840283389,-9.99999999999999,0.));
#3269=CARTESIAN_POINT('',(0.,0.,0.));
#3270=CARTESIAN_POINT('',(-4.28612223837832E-16,-7.,0.));
#3271=CARTESIAN_POINT('',(20.0787840283389,-7.,0.));
#3272=CARTESIAN_POINT('',(-4.28612223837832E-16,-7.,0.));
#3273=CARTESIAN_POINT('',(-3.67381906146713E-16,-6.,0.));
#3274=CARTESIAN_POINT('',(19.0787840283389,-6.,0.));
#3275=CARTESIAN_POINT('',(0.,0.,0.));
#3276=CARTESIAN_POINT('',(-1.62493447374034,-3.33949978364161,19.6653344156164));
#3277=CARTESIAN_POINT('',(-0.912827713671993,-4.39091692349672,19.5040435702424));
#3278=CARTESIAN_POINT('',(0.348024373841311,-4.627611912499,19.4675072700684));
#3279=CARTESIAN_POINT('',(1.39537036227898,-3.90123301645804,19.5793646087702));
#3280=CARTESIAN_POINT('',(1.62483520330389,-2.65948337839404,19.768796527958));
#3281=CARTESIAN_POINT('',(0.912920270445559,-1.60998817321963,19.9271950528636));
#3282=CARTESIAN_POINT('',(-0.345483946926805,-1.37162508716235,19.9629599233819));
#3283=CARTESIAN_POINT('',(-1.39572063327121,-2.09881051280019,19.8536081014197));
#3284=CARTESIAN_POINT('',(-1.62493447374034,-3.33949978364161,19.6653344156164));
#3285=CARTESIAN_POINT('',(-0.912827713671993,-4.39091692349672,19.5040435702424));
#3286=CARTESIAN_POINT('',(0.348024373841311,-4.627611912499,19.4675072700684));
#3287=CARTESIAN_POINT('',(-0.821370159097833,-4.25512989835458,19.5248359944424));
#3288=CARTESIAN_POINT('',(3.67381906146713E-16,6.,0.));
#3289=CARTESIAN_POINT('',(19.0787840283389,6.,0.));
#3290=CARTESIAN_POINT('',(4.28612223837832E-16,7.,0.));
#3291=CARTESIAN_POINT('',(4.28612223837832E-16,7.,0.));
#3292=CARTESIAN_POINT('',(20.0787840283389,7.,0.));
#3293=CARTESIAN_POINT('',(0.,0.,0.));
#3294=CARTESIAN_POINT('',(7.95994129984546E-16,13.,0.));
#3295=CARTESIAN_POINT('',(20.0787840283389,13.,0.));
#3296=CARTESIAN_POINT('',(7.95994129984546E-16,13.,29.));
#3297=CARTESIAN_POINT('',(26.5165042944955,-0.999999999999995,26.5165042944955));
#3298=CARTESIAN_POINT('',(33.587572106361,-0.999999999999995,19.4454364826301));
#3299=CARTESIAN_POINT('',(27.0710678118655,-0.999999999999995,12.9289321881345));
#3300=CARTESIAN_POINT('',(33.587572106361,-0.999999999999995,19.4454364826301));
#3301=CARTESIAN_POINT('',(26.5165042944955,-0.999999999999995,26.5165042944955));
#3302=CARTESIAN_POINT('',(19.4454364826301,-0.999999999999994,33.587572106361));
#3303=CARTESIAN_POINT('',(11.9025981491448,-0.999999999999994,26.0447337728757));
#3304=CARTESIAN_POINT('',(12.9289321881345,-0.999999999999994,27.0710678118655));
#3305=CARTESIAN_POINT('',(-5.98675202696721E-17,-0.999999999999993,0.));
#3306=CARTESIAN_POINT('',(26.5165042944955,-1.,26.5165042944955));
#3307=CARTESIAN_POINT('',(32.5165042944955,-1.,26.5165042944955));
#3308=CARTESIAN_POINT('',(26.5165042944955,-0.999999999999995,26.5165042944955));
#3309=CARTESIAN_POINT('',(18.7383297014435,-0.999999999999994,34.2946788875475));
#3310=CARTESIAN_POINT('',(18.7383297014435,5.63785129692462E-15,34.2946788875475));
#3311=CARTESIAN_POINT('',(18.7383297014435,2.00000000000001,34.2946788875475));
#3312=CARTESIAN_POINT('',(26.5165042944955,5.20417042793042E-15,26.5165042944955));
#3313=CARTESIAN_POINT('',(34.2946788875476,4.77048955893622E-15,18.7383297014435));
#3314=CARTESIAN_POINT('',(34.2946788875476,-0.999999999999995,18.7383297014435));
#3315=CARTESIAN_POINT('',(34.2946788875476,2.00000000000001,18.7383297014435));
#3316=CARTESIAN_POINT('',(26.5165042944955,2.00000000000001,26.5165042944955));
#3317=CARTESIAN_POINT('',(36.9773424397368,2.00000000000001,29.9181017573159));
#3318=CARTESIAN_POINT('',(36.9773424397368,2.00000000000001,29.9181017573159));
#3319=CARTESIAN_POINT('',(36.7025796211545,2.00000000000001,30.7630722174998));
#3320=CARTESIAN_POINT('',(35.9629657557425,2.30165971598478,32.3473577352444));
#3321=CARTESIAN_POINT('',(34.8938457873617,2.76774139228959,33.6955119877334));
#3322=CARTESIAN_POINT('',(34.2946788875476,3.00000000000001,34.2946788875476));
#3323=CARTESIAN_POINT('',(29.9181017573159,2.00000000000001,36.9773424397368));
#3324=CARTESIAN_POINT('',(30.7630722174998,2.00000000000001,36.7025796211545));
#3325=CARTESIAN_POINT('',(32.3473577352427,2.30165971599535,35.9629657557443));
#3326=CARTESIAN_POINT('',(33.6955119877374,2.76774139226858,34.8938457873577));
#3327=CARTESIAN_POINT('',(34.2946788875476,3.00000000000001,34.2946788875475));
#3328=CARTESIAN_POINT('',(29.9181017573159,2.00000000000001,36.9773424397368));
#3329=CARTESIAN_POINT('',(26.5165042944955,2.00000000000001,26.5165042944955));
#3330=CARTESIAN_POINT('',(18.7383297014435,-0.999999999999994,34.2946788875475));
#3331=CARTESIAN_POINT('',(11.6640475021716,-0.999999999999994,27.2203966882756));
#3332=CARTESIAN_POINT('',(11.6640475021716,2.00000000000001,27.2203966882756));
#3333=CARTESIAN_POINT('',(11.6640475021716,6.13286832233867E-15,27.2203966882756));
#3334=CARTESIAN_POINT('',(18.7383297014435,5.69006696230087E-15,34.2946788875475));
#3335=CARTESIAN_POINT('',(11.1954913679583,2.00000000000001,26.7518405540623));
#3336=CARTESIAN_POINT('',(34.2946788875476,-0.999999999999995,18.7383297014435));
#3337=CARTESIAN_POINT('',(26.7518405540623,5.19040364164329E-15,11.1954913679582));
#3338=CARTESIAN_POINT('',(27.2203966882756,5.16107525359777E-15,11.6640475021715));
#3339=CARTESIAN_POINT('',(27.2203966882756,3.00000000000001,11.6640475021715));
#3340=CARTESIAN_POINT('',(27.2203966882756,2.00000000000001,11.6640475021715));
#3341=CARTESIAN_POINT('',(34.2946788875476,2.00000000000001,18.7383297014435));
#3342=CARTESIAN_POINT('',(-26.5165042944955,-0.999999999999991,26.5165042944955));
#3343=CARTESIAN_POINT('',(-19.4454364826301,-0.999999999999992,33.587572106361));
#3344=CARTESIAN_POINT('',(-12.9289321881345,-0.999999999999992,27.0710678118655));
#3345=CARTESIAN_POINT('',(-19.4454364826301,-0.999999999999992,33.587572106361));
#3346=CARTESIAN_POINT('',(-26.5165042944955,-0.999999999999991,26.5165042944955));
#3347=CARTESIAN_POINT('',(-33.587572106361,-0.999999999999991,19.4454364826301));
#3348=CARTESIAN_POINT('',(-26.0447337728758,-0.999999999999991,11.9025981491448));
#3349=CARTESIAN_POINT('',(-27.0710678118655,-0.999999999999991,12.9289321881345));
#3350=CARTESIAN_POINT('',(-5.98675202696721E-17,-0.999999999999993,0.));
#3351=CARTESIAN_POINT('',(-26.5165042944955,-1.,26.5165042944955));
#3352=CARTESIAN_POINT('',(-32.5165042944955,-1.,26.5165042944955));
#3353=CARTESIAN_POINT('',(-26.5165042944955,-0.999999999999991,26.5165042944955));
#3354=CARTESIAN_POINT('',(-34.2946788875476,-0.999999999999991,18.7383297014435));
#3355=CARTESIAN_POINT('',(-34.2946788875476,9.10729824887824E-15,18.7383297014435));
#3356=CARTESIAN_POINT('',(-34.2946788875476,2.00000000000001,18.7383297014435));
#3357=CARTESIAN_POINT('',(-26.5165042944955,8.67361737988404E-15,26.5165042944955));
#3358=CARTESIAN_POINT('',(-18.7383297014435,8.23993651088983E-15,34.2946788875476));
#3359=CARTESIAN_POINT('',(-18.7383297014435,-0.999999999999992,34.2946788875476));
#3360=CARTESIAN_POINT('',(-18.7383297014435,2.00000000000001,34.2946788875476));
#3361=CARTESIAN_POINT('',(-26.5165042944955,2.00000000000001,26.5165042944955));
#3362=CARTESIAN_POINT('',(-29.9181017573159,2.00000000000001,36.9773424397368));
#3363=CARTESIAN_POINT('',(-29.9181017573159,2.00000000000001,36.9773424397368));
#3364=CARTESIAN_POINT('',(-30.7630722174998,2.00000000000001,36.7025796211545));
#3365=CARTESIAN_POINT('',(-32.3473577352449,2.30165971598248,35.962965755742));
#3366=CARTESIAN_POINT('',(-33.6955119877325,2.76774139229417,34.8938457873626));
#3367=CARTESIAN_POINT('',(-34.2946788875476,3.00000000000001,34.2946788875476));
#3368=CARTESIAN_POINT('',(-36.9773424397368,2.00000000000001,29.9181017573159));
#3369=CARTESIAN_POINT('',(-36.7025796211545,2.00000000000001,30.7630722174998));
#3370=CARTESIAN_POINT('',(-35.9629657557443,2.30165971599553,32.3473577352427));
#3371=CARTESIAN_POINT('',(-34.8938457873576,2.76774139226821,33.6955119877375));
#3372=CARTESIAN_POINT('',(-34.2946788875476,3.00000000000001,34.2946788875476));
#3373=CARTESIAN_POINT('',(-36.9773424397368,2.00000000000001,29.9181017573159));
#3374=CARTESIAN_POINT('',(-26.5165042944955,2.00000000000001,26.5165042944955));
#3375=CARTESIAN_POINT('',(-18.7383297014435,-0.999999999999992,34.2946788875476));
#3376=CARTESIAN_POINT('',(-11.6640475021716,-0.999999999999992,27.2203966882756));
#3377=CARTESIAN_POINT('',(-11.6640475021716,7.75383877799844E-15,27.2203966882756));
#3378=CARTESIAN_POINT('',(-11.6640475021716,2.00000000000001,27.2203966882756));
#3379=CARTESIAN_POINT('',(-18.7383297014435,2.00000000000001,34.2946788875476));
#3380=CARTESIAN_POINT('',(-11.1954913679583,7.72451038995293E-15,26.7518405540623));
#3381=CARTESIAN_POINT('',(-34.2946788875476,-0.999999999999991,18.7383297014435));
#3382=CARTESIAN_POINT('',(-27.2203966882756,-0.999999999999991,11.6640475021716));
#3383=CARTESIAN_POINT('',(-27.2203966882756,2.00000000000001,11.6640475021716));
#3384=CARTESIAN_POINT('',(-27.2203966882756,8.70779326169403E-15,11.6640475021716));
#3385=CARTESIAN_POINT('',(-34.2946788875476,9.15059462173183E-15,18.7383297014435));
#3386=CARTESIAN_POINT('',(-34.2946788875476,2.00000000000001,18.7383297014435));
#3387=CARTESIAN_POINT('',(-26.5165042944955,-0.999999999999991,-26.5165042944955));
#3388=CARTESIAN_POINT('',(-11.9025981491448,-0.999999999999992,-26.0447337728758));
#3389=CARTESIAN_POINT('',(-19.4454364826301,-0.999999999999992,-33.587572106361));
#3390=CARTESIAN_POINT('',(-12.9289321881345,-0.999999999999992,-27.0710678118655));
#3391=CARTESIAN_POINT('',(-5.98675202696721E-17,-0.999999999999993,0.));
#3392=CARTESIAN_POINT('',(-27.0710678118655,-0.999999999999991,-12.9289321881345));
#3393=CARTESIAN_POINT('',(-33.587572106361,-0.999999999999991,-19.4454364826301));
#3394=CARTESIAN_POINT('',(-33.587572106361,-0.999999999999991,-19.4454364826301));
#3395=CARTESIAN_POINT('',(-26.5165042944955,-0.999999999999991,-26.5165042944955));
#3396=CARTESIAN_POINT('',(-26.5165042944955,-1.,-26.5165042944955));
#3397=CARTESIAN_POINT('',(-32.5165042944955,-1.,-26.5165042944955));
#3398=CARTESIAN_POINT('',(-34.2946788875476,-0.999999999999991,-18.7383297014435));
#3399=CARTESIAN_POINT('',(-27.2203966882756,-0.999999999999991,-11.6640475021716));
#3400=CARTESIAN_POINT('',(-27.2203966882756,8.70779326169403E-15,-11.6640475021716));
#3401=CARTESIAN_POINT('',(-27.2203966882756,2.00000000000001,-11.6640475021716));
#3402=CARTESIAN_POINT('',(-34.2946788875476,2.00000000000001,-18.7383297014435));
#3403=CARTESIAN_POINT('',(-34.2946788875476,2.00000000000001,-18.7383297014435));
#3404=CARTESIAN_POINT('',(-34.2946788875476,-0.999999999999991,-18.7383297014435));
#3405=CARTESIAN_POINT('',(-34.2946788875476,9.10729824887824E-15,-18.7383297014435));
#3406=CARTESIAN_POINT('',(-26.7518405540623,8.67846487364852E-15,-11.1954913679583));
#3407=CARTESIAN_POINT('',(-18.7383297014435,-0.999999999999992,-34.2946788875476));
#3408=CARTESIAN_POINT('',(-18.7383297014435,-0.999999999999992,-34.2946788875476));
#3409=CARTESIAN_POINT('',(-18.7383297014435,8.23993651088983E-15,-34.2946788875476));
#3410=CARTESIAN_POINT('',(-18.7383297014435,2.00000000000001,-34.2946788875476));
#3411=CARTESIAN_POINT('',(-18.7383297014435,2.00000000000001,-34.2946788875476));
#3412=CARTESIAN_POINT('',(-11.6640475021716,2.00000000000001,-27.2203966882756));
#3413=CARTESIAN_POINT('',(-11.6640475021716,-0.999999999999992,-27.2203966882756));
#3414=CARTESIAN_POINT('',(-11.6640475021716,7.75383877799844E-15,-27.2203966882756));
#3415=CARTESIAN_POINT('',(-18.7383297014435,8.19664013803624E-15,-34.2946788875476));
#3416=CARTESIAN_POINT('',(-26.5165042944955,-0.999999999999991,-26.5165042944955));
#3417=CARTESIAN_POINT('',(-26.5165042944955,2.00000000000001,-26.5165042944955));
#3418=CARTESIAN_POINT('',(-36.9773424397368,2.00000000000001,-29.9181017573159));
#3419=CARTESIAN_POINT('',(-36.9773424397368,2.00000000000001,-29.9181017573159));
#3420=CARTESIAN_POINT('',(-36.7025796211545,2.00000000000001,-30.7630722174998));
#3421=CARTESIAN_POINT('',(-35.9629657557421,2.30165971598304,-32.3473577352448));
#3422=CARTESIAN_POINT('',(-34.8938457873624,2.76774139229309,-33.6955119877328));
#3423=CARTESIAN_POINT('',(-34.2946788875475,3.00000000000001,-34.2946788875476));
#3424=CARTESIAN_POINT('',(-29.9181017573159,2.00000000000001,-36.9773424397368));
#3425=CARTESIAN_POINT('',(-30.7630722174998,2.00000000000001,-36.7025796211545));
#3426=CARTESIAN_POINT('',(-32.3473577352444,2.30165971598665,-35.9629657557426));
#3427=CARTESIAN_POINT('',(-33.695511987734,2.76774139228596,-34.8938457873611));
#3428=CARTESIAN_POINT('',(-34.2946788875476,3.00000000000001,-34.2946788875476));
#3429=CARTESIAN_POINT('',(-29.9181017573159,2.00000000000001,-36.9773424397368));
#3430=CARTESIAN_POINT('',(-26.5165042944955,2.00000000000001,-26.5165042944955));
#3431=CARTESIAN_POINT('',(-26.5165042944955,8.67361737988404E-15,-26.5165042944955));
#3432=CARTESIAN_POINT('',(26.5165042944955,-0.999999999999995,-26.5165042944955));
#3433=CARTESIAN_POINT('',(26.5165042944955,-0.999999999999995,-26.5165042944955));
#3434=CARTESIAN_POINT('',(19.4454364826301,-0.999999999999994,-33.587572106361));
#3435=CARTESIAN_POINT('',(33.587572106361,-0.999999999999995,-19.4454364826301));
#3436=CARTESIAN_POINT('',(26.0447337728758,-0.999999999999995,-11.9025981491448));
#3437=CARTESIAN_POINT('',(27.0710678118655,-0.999999999999995,-12.9289321881345));
#3438=CARTESIAN_POINT('',(-5.98675202696721E-17,-0.999999999999993,0.));
#3439=CARTESIAN_POINT('',(12.9289321881345,-0.999999999999994,-27.0710678118655));
#3440=CARTESIAN_POINT('',(19.4454364826301,-0.999999999999994,-33.587572106361));
#3441=CARTESIAN_POINT('',(26.5165042944955,-1.,-26.5165042944955));
#3442=CARTESIAN_POINT('',(20.5165042944955,-1.,-26.5165042944955));
#3443=CARTESIAN_POINT('',(34.2946788875476,-0.999999999999995,-18.7383297014435));
#3444=CARTESIAN_POINT('',(34.2946788875476,-0.999999999999995,-18.7383297014435));
#3445=CARTESIAN_POINT('',(34.2946788875476,4.77048955893622E-15,-18.7383297014435));
#3446=CARTESIAN_POINT('',(34.2946788875476,2.00000000000001,-18.7383297014435));
#3447=CARTESIAN_POINT('',(34.2946788875476,2.00000000000001,-18.7383297014435));
#3448=CARTESIAN_POINT('',(27.2203966882756,2.00000000000001,-11.6640475021715));
#3449=CARTESIAN_POINT('',(27.2203966882756,-0.999999999999995,-11.6640475021715));
#3450=CARTESIAN_POINT('',(27.2203966882756,5.16999454612042E-15,-11.6640475021715));
#3451=CARTESIAN_POINT('',(34.2946788875476,4.72719318608262E-15,-18.7383297014435));
#3452=CARTESIAN_POINT('',(26.5165042944955,-0.999999999999995,-26.5165042944955));
#3453=CARTESIAN_POINT('',(26.5165042944955,5.20417042793042E-15,-26.5165042944955));
#3454=CARTESIAN_POINT('',(18.7383297014435,5.63785129692462E-15,-34.2946788875475));
#3455=CARTESIAN_POINT('',(18.7383297014435,-0.999999999999994,-34.2946788875475));
#3456=CARTESIAN_POINT('',(18.7383297014435,2.00000000000001,-34.2946788875475));
#3457=CARTESIAN_POINT('',(26.5165042944955,2.00000000000001,-26.5165042944955));
#3458=CARTESIAN_POINT('',(29.9181017573159,2.00000000000001,-36.9773424397368));
#3459=CARTESIAN_POINT('',(29.9181017573159,2.00000000000001,-36.9773424397368));
#3460=CARTESIAN_POINT('',(30.7630722174998,2.00000000000001,-36.7025796211544));
#3461=CARTESIAN_POINT('',(32.3473577352451,2.30165971598133,-35.9629657557418));
#3462=CARTESIAN_POINT('',(33.6955119877321,2.76774139229648,-34.893845787363));
#3463=CARTESIAN_POINT('',(34.2946788875476,3.00000000000001,-34.2946788875475));
#3464=CARTESIAN_POINT('',(36.9773424397368,2.00000000000001,-29.9181017573159));
#3465=CARTESIAN_POINT('',(36.7025796211545,2.,-30.7630722174998));
#3466=CARTESIAN_POINT('',(35.9629657557443,2.30165971599522,-32.3473577352428));
#3467=CARTESIAN_POINT('',(34.8938457873578,2.76774139226882,-33.6955119877373));
#3468=CARTESIAN_POINT('',(34.2946788875476,3.00000000000001,-34.2946788875475));
#3469=CARTESIAN_POINT('',(36.9773424397368,2.00000000000001,-29.9181017573159));
#3470=CARTESIAN_POINT('',(26.5165042944955,2.00000000000001,-26.5165042944955));
#3471=CARTESIAN_POINT('',(18.7383297014435,-0.999999999999994,-34.2946788875475));
#3472=CARTESIAN_POINT('',(11.1954913679583,6.15327741786153E-15,-26.7518405540623));
#3473=CARTESIAN_POINT('',(11.6640475021716,6.12394902981602E-15,-27.2203966882756));
#3474=CARTESIAN_POINT('',(11.6640475021716,-0.999999999999994,-27.2203966882756));
#3475=CARTESIAN_POINT('',(11.6640475021716,2.00000000000001,-27.2203966882756));
#3476=CARTESIAN_POINT('',(18.7383297014435,2.00000000000001,-34.2946788875475));
#3477=CARTESIAN_POINT('',(26.5165042944955,142.093493737126,-26.5165042944955));
#3478=CARTESIAN_POINT('',(-26.5165042944955,142.093493737126,-26.5165042944955));
#3479=CARTESIAN_POINT('',(26.5165042944955,142.093493737126,26.5165042944955));
#3480=CARTESIAN_POINT('',(-26.5165042944955,142.093493737126,26.5165042944955));
#3481=CARTESIAN_POINT('',(-5.51072859220069E-16,-8.99999999999999,0.));
#3482=CARTESIAN_POINT('',(-26.5165042944955,8.67361737988404E-15,-26.5165042944955));
#3483=CARTESIAN_POINT('',(-33.587572106361,9.06787271533331E-15,-19.4454364826301));
#3484=CARTESIAN_POINT('',(-19.4454364826301,8.23993651088983E-15,-33.587572106361));
#3485=CARTESIAN_POINT('',(-30.2273378902996,3.00000000000001,-37.9283277256677));
#3486=CARTESIAN_POINT('',(-29.918101757316,2.99999999999998,-36.9773424397368));
#3487=CARTESIAN_POINT('',(-29.918101757316,2.00000000000001,-36.9773424397367));
#3488=CARTESIAN_POINT('',(-30.5804326585677,3.00000000000001,-37.6469255255581));
#3489=CARTESIAN_POINT('',(-30.2552677919393,2.85320770344017,-36.8677046637578));
#3490=CARTESIAN_POINT('',(-30.3384227156724,2.00000001125806,-36.8406647963525));
#3491=CARTESIAN_POINT('',(-31.2767717314954,3.,-37.0761438211854));
#3492=CARTESIAN_POINT('',(-31.0160792914397,2.69645279506048,-36.5834465682525));
#3493=CARTESIAN_POINT('',(-31.150420640002,2.08059860219069,-36.5216599004316));
#3494=CARTESIAN_POINT('',(-32.6636422368856,3.00000000000006,-35.8718401698617));
#3495=CARTESIAN_POINT('',(-32.5615389018513,2.69909473318169,-35.7770320426046));
#3496=CARTESIAN_POINT('',(-32.690197193242,2.41554411528777,-35.6919737333662));
#3497=CARTESIAN_POINT('',(-33.6407049253056,2.9999999999998,-34.9486528497896));
#3498=CARTESIAN_POINT('',(-33.6617736637165,2.88141505347027,-34.9275841113748));
#3499=CARTESIAN_POINT('',(-33.6828424221135,2.76283011068629,-34.9065153529816));
#3500=CARTESIAN_POINT('',(-34.2946788875475,3.00000000000001,-34.2946788875476));
#3501=CARTESIAN_POINT('',(-34.2946788875476,3.00000000000001,-34.2946788875476));
#3502=CARTESIAN_POINT('',(-34.2946788875476,3.00000000000001,-34.2946788875476));
#3503=CARTESIAN_POINT('',(-30.2273378902996,2.00000000000001,-37.9283277256678));
#3504=CARTESIAN_POINT('',(-19.4454364826301,8.23993651088983E-15,-33.587572106361));
#3505=CARTESIAN_POINT('',(-12.9289321881345,-0.999999999999992,-27.0710678118655));
#3506=CARTESIAN_POINT('',(-12.6336842214101,-0.999999999999992,-27.1217243544292));
#3507=CARTESIAN_POINT('',(-12.0432905595026,-0.836276657591224,-27.1968787193365));
#3508=CARTESIAN_POINT('',(-11.6640475021715,-0.301394893257331,-27.2203966882758));
#3509=CARTESIAN_POINT('',(-11.6640475021715,-6.05513548162407E-15,-27.2203966882758));
#3510=CARTESIAN_POINT('',(-1.22460635382237E-16,-1.99999999999999,0.));
#3511=CARTESIAN_POINT('',(-27.0710678118655,-1.99999999999999,-12.9289321881345));
#3512=CARTESIAN_POINT('',(-12.9289321881345,-1.99999999999999,-27.0710678118655));
#3513=CARTESIAN_POINT('',(-33.587572106361,9.10729824887824E-15,-19.4454364826301));
#3514=CARTESIAN_POINT('',(-27.2203966882756,8.70779326169403E-15,-11.6640475021716));
#3515=CARTESIAN_POINT('',(-27.2203966882756,-0.301380801048483,-11.6640475021716));
#3516=CARTESIAN_POINT('',(-27.197138759154,-0.834460518571796,-12.0407061589654));
#3517=CARTESIAN_POINT('',(-27.1217296726276,-0.999999999999992,-12.6336532246784));
#3518=CARTESIAN_POINT('',(-27.0710678118655,-0.999999999999991,-12.9289321881345));
#3519=CARTESIAN_POINT('',(-36.9773424397367,2.00000000000001,-29.918101757316));
#3520=CARTESIAN_POINT('',(-36.9773424397367,2.99999999999998,-29.918101757316));
#3521=CARTESIAN_POINT('',(-37.9283277256677,3.00000000000001,-30.2273378902996));
#3522=CARTESIAN_POINT('',(-36.8406647963511,2.00000001125806,-30.3384227156767));
#3523=CARTESIAN_POINT('',(-36.8677046637503,2.85320770344151,-30.2552677919431));
#3524=CARTESIAN_POINT('',(-37.646925525558,3.00000000000001,-30.5804326585628));
#3525=CARTESIAN_POINT('',(-36.5216599004325,2.08059860219055,-31.1504206399998));
#3526=CARTESIAN_POINT('',(-36.5834465682563,2.6964527950599,-31.0160792914389));
#3527=CARTESIAN_POINT('',(-37.076143821186,3.00000000000001,-31.276771731497));
#3528=CARTESIAN_POINT('',(-35.6919737333649,2.41554411528848,-32.6901971932441));
#3529=CARTESIAN_POINT('',(-35.7770320425998,2.69909473318233,-32.5615389018482));
#3530=CARTESIAN_POINT('',(-35.8718401698588,3.00000000000005,-32.6636422368872));
#3531=CARTESIAN_POINT('',(-34.9065153529865,2.76283011068294,-33.6828424221086));
#3532=CARTESIAN_POINT('',(-34.9275841113882,2.88141505346859,-33.6617736637335));
#3533=CARTESIAN_POINT('',(-34.948652849803,2.9999999999998,-33.6407049252922));
#3534=CARTESIAN_POINT('',(-34.2946788875475,3.00000000000001,-34.2946788875476));
#3535=CARTESIAN_POINT('',(-34.2946788875475,3.00000000000001,-34.2946788875476));
#3536=CARTESIAN_POINT('',(-34.2946788875475,3.00000000000001,-34.2946788875476));
#3537=CARTESIAN_POINT('',(-37.9283277256678,2.00000000000001,-30.2273378902996));
#3538=CARTESIAN_POINT('',(-26.5165042944955,2.00000000000001,-26.5165042944955));
#3539=CARTESIAN_POINT('',(-18.031222920257,2.00000000000001,-35.0017856687341));
#3540=CARTESIAN_POINT('',(-12.4979677818634,-1.99999999999999,-26.1686988848033));
#3541=CARTESIAN_POINT('',(-12.4979677818634,-0.999999999999992,-26.1686988848033));
#3542=CARTESIAN_POINT('',(-12.9289321881345,-0.999999999999992,-27.0710678118655));
#3543=CARTESIAN_POINT('',(-12.0198758369388,-1.99999997871187,-26.3970318925214));
#3544=CARTESIAN_POINT('',(-12.2503510632708,-1.08256824618102,-26.286958713608));
#3545=CARTESIAN_POINT('',(-12.6170504217536,-0.999999999999992,-27.1245782620426));
#3546=CARTESIAN_POINT('',(-11.0605604081756,-1.60150460388951,-26.8171725570062));
#3547=CARTESIAN_POINT('',(-11.6142258731724,-1.04066349495835,-26.5836862189616));
#3548=CARTESIAN_POINT('',(-11.9814110375861,-0.800752296622808,-27.2024506514563));
#3549=CARTESIAN_POINT('',(-10.591709361613,-0.54099166462179,-26.9965866879337));
#3550=CARTESIAN_POINT('',(-11.2011374507148,-0.347780386361952,-26.7574866390582));
#3551=CARTESIAN_POINT('',(-11.664047501544,-0.270495832310891,-27.220396687648));
#3552=CARTESIAN_POINT('',(-10.5917093636188,7.80792345754788E-15,-26.9965866871468));
#3553=CARTESIAN_POINT('',(-11.2011374522853,7.80247311715348E-15,-26.7574866383893));
#3554=CARTESIAN_POINT('',(-11.6640475021716,7.8137109202211E-15,-27.2203966882756));
#3555=CARTESIAN_POINT('',(-10.956940720985,7.71213729220678E-15,-27.9275034694622));
#3556=CARTESIAN_POINT('',(-26.9965866871467,8.48555642325531E-15,-10.5917093636188));
#3557=CARTESIAN_POINT('',(-26.7574866383893,8.54539228022677E-15,-11.2011374522853));
#3558=CARTESIAN_POINT('',(-27.2203966882756,8.60352682121046E-15,-11.6640475021716));
#3559=CARTESIAN_POINT('',(-26.9965866771361,-0.548466501659169,-10.5917093891343));
#3560=CARTESIAN_POINT('',(-26.7574866297688,-0.352585639974106,-11.2011374725734));
#3561=CARTESIAN_POINT('',(-27.2203966963012,-0.27423325082958,-11.6640475101972));
#3562=CARTESIAN_POINT('',(-26.8174985199573,-1.5994871855119,-11.060091563445));
#3563=CARTESIAN_POINT('',(-26.5835599655905,-1.03938580948624,-11.6145758252094));
#3564=CARTESIAN_POINT('',(-27.2025822956405,-0.799743589131236,-11.9811315843202));
#3565=CARTESIAN_POINT('',(-26.3949491484029,-1.99999998550117,-12.0242367622222));
#3566=CARTESIAN_POINT('',(-26.28592414677,-1.08184592242821,-12.2525172769366));
#3567=CARTESIAN_POINT('',(-27.1240901657885,-0.999999999999998,-12.6198952578264));
#3568=CARTESIAN_POINT('',(-26.1686988848033,-2.,-12.4979677818634));
#3569=CARTESIAN_POINT('',(-26.1686988848033,-1.,-12.4979677818634));
#3570=CARTESIAN_POINT('',(-27.0710678118655,-0.999999999999997,-12.9289321881345));
#3571=CARTESIAN_POINT('',(-27.9275034694621,8.75108963454763E-15,-10.956940720985));
#3572=CARTESIAN_POINT('',(-26.5165042944955,2.00000000000001,-26.5165042944955));
#3573=CARTESIAN_POINT('',(-35.0017856687341,2.00000000000001,-18.031222920257));
#3574=CARTESIAN_POINT('',(29.918101757316,2.00000000000001,-36.9773424397367));
#3575=CARTESIAN_POINT('',(29.918101757316,2.99999999999996,-36.9773424397367));
#3576=CARTESIAN_POINT('',(30.2273378902997,3.00000000000001,-37.9283277256677));
#3577=CARTESIAN_POINT('',(30.3384227156773,2.00000001125805,-36.8406647963509));
#3578=CARTESIAN_POINT('',(30.2552677919168,2.85320770345175,-36.8677046637566));
#3579=CARTESIAN_POINT('',(30.5804326585344,2.99999999999999,-37.646925525578));
#3580=CARTESIAN_POINT('',(31.1504206399994,2.08059860219333,-36.5216599004327));
#3581=CARTESIAN_POINT('',(31.0160792914458,2.69645279505773,-36.583446568254));
#3582=CARTESIAN_POINT('',(31.2767717315089,3.00000000000001,-37.076143821178));
#3583=CARTESIAN_POINT('',(32.690197193245,2.41554411527459,-35.691973733364));
#3584=CARTESIAN_POINT('',(32.5615389018548,2.69909473317704,-35.7770320426015));
#3585=CARTESIAN_POINT('',(32.6636422368848,3.00000000000006,-35.8718401698589));
#3586=CARTESIAN_POINT('',(33.6828424221052,2.76283011074413,-34.9065153529899));
#3587=CARTESIAN_POINT('',(33.661773663693,2.88141505349982,-34.9275841113814));
#3588=CARTESIAN_POINT('',(33.6407049252685,2.99999999999979,-34.9486528498266));
#3589=CARTESIAN_POINT('',(34.2946788875476,3.00000000000001,-34.2946788875475));
#3590=CARTESIAN_POINT('',(34.2946788875476,3.00000000000001,-34.2946788875475));
#3591=CARTESIAN_POINT('',(34.2946788875476,3.00000000000001,-34.2946788875475));
#3592=CARTESIAN_POINT('',(30.2273378902996,2.00000000000001,-37.9283277256678));
#3593=CARTESIAN_POINT('',(32.7352813742386,2.00000000000001,15.7647186257614));
#3594=CARTESIAN_POINT('',(-10.956940720985,2.00000000000001,-27.9275034694622));
#3595=CARTESIAN_POINT('',(-10.956940720985,6.70896961268669E-16,-27.9275034694621));
#3596=CARTESIAN_POINT('',(-10.956940720985,2.00000000000001,-27.9275034694621));
#3597=CARTESIAN_POINT('',(-27.9275034694622,1.71000990975499E-15,-10.956940720985));
#3598=CARTESIAN_POINT('',(-27.9275034694622,2.00000000000001,-10.956940720985));
#3599=CARTESIAN_POINT('',(15.7647186257614,2.00000000000001,32.7352813742386));
#3600=CARTESIAN_POINT('',(-27.9275034694622,2.00000000000001,-10.956940720985));
#3601=CARTESIAN_POINT('',(-37.9283277256677,3.00000000000001,30.2273378902996));
#3602=CARTESIAN_POINT('',(-36.9773424397367,2.99999999999998,29.918101757316));
#3603=CARTESIAN_POINT('',(-36.9773424397367,2.00000000000001,29.918101757316));
#3604=CARTESIAN_POINT('',(-37.6469255255665,3.00000000000001,30.5804326585551));
#3605=CARTESIAN_POINT('',(-36.8677046637636,2.85320770344731,30.2552677919316));
#3606=CARTESIAN_POINT('',(-36.8406647963519,2.00000001125806,30.3384227156744));
#3607=CARTESIAN_POINT('',(-37.0761438211831,2.99999999999999,31.2767717314996));
#3608=CARTESIAN_POINT('',(-36.5834465682522,2.69645279505771,31.0160792914416));
#3609=CARTESIAN_POINT('',(-36.5216599004323,2.08059860219057,31.1504206400007));
#3610=CARTESIAN_POINT('',(-35.8718401698563,3.00000000000006,32.6636422368899));
#3611=CARTESIAN_POINT('',(-35.7770320425979,2.69909473318341,32.5615389018521));
#3612=CARTESIAN_POINT('',(-35.6919737333641,2.41554411528836,32.6901971932445));
#3613=CARTESIAN_POINT('',(-34.9486528498233,2.9999999999998,33.6407049252718));
#3614=CARTESIAN_POINT('',(-34.9275841114052,2.88141505346901,33.6617736637131));
#3615=CARTESIAN_POINT('',(-34.90651535299,2.76283011068376,33.6828424221051));
#3616=CARTESIAN_POINT('',(-34.2946788875476,3.00000000000001,34.2946788875475));
#3617=CARTESIAN_POINT('',(-34.2946788875476,3.00000000000001,34.2946788875475));
#3618=CARTESIAN_POINT('',(-34.2946788875476,3.00000000000001,34.2946788875476));
#3619=CARTESIAN_POINT('',(-37.9283277256678,2.00000000000001,30.2273378902996));
#3620=CARTESIAN_POINT('',(26.5165042944955,2.00000000000001,-26.5165042944955));
#3621=CARTESIAN_POINT('',(18.031222920257,2.00000000000001,-35.0017856687341));
#3622=CARTESIAN_POINT('',(-10.956940720985,2.00000000000001,-27.9275034694622));
#3623=CARTESIAN_POINT('',(-10.956940720985,2.00000000000001,-27.9275034694622));
#3624=CARTESIAN_POINT('',(-27.9275034694622,2.00000000000001,-10.956940720985));
#3625=CARTESIAN_POINT('',(-27.9275034694621,2.00000000000001,-10.956940720985));
#3626=CARTESIAN_POINT('',(-26.5165042944955,2.00000000000001,26.5165042944955));
#3627=CARTESIAN_POINT('',(-35.0017856687341,2.00000000000001,18.031222920257));
#3628=CARTESIAN_POINT('',(-32.7352813742386,2.00000000000001,15.7647186257614));
#3629=CARTESIAN_POINT('',(10.956940720985,2.00000000000001,-27.9275034694621));
#3630=CARTESIAN_POINT('',(1.22460635382238E-16,2.00000000000001,0.));
#3631=CARTESIAN_POINT('',(10.956940720985,2.00000000000001,-27.9275034694621));
#3632=CARTESIAN_POINT('',(1.22460635382238E-16,2.00000000000001,0.));
#3633=CARTESIAN_POINT('',(-27.9275034694621,2.00000000000001,10.956940720985));
#3634=CARTESIAN_POINT('',(-32.7352813742386,2.00000000000001,15.7647186257614));
#3635=CARTESIAN_POINT('',(-27.9275034694622,2.00000000000001,10.956940720985));
#3636=CARTESIAN_POINT('',(10.956940720985,2.00000000000001,-27.9275034694621));
#3637=CARTESIAN_POINT('',(10.956940720985,2.00000000000001,-27.9275034694621));
#3638=CARTESIAN_POINT('',(-27.9275034694621,2.00000000000001,10.956940720985));
#3639=CARTESIAN_POINT('',(-27.9275034694621,2.00000000000001,10.956940720985));
#3640=CARTESIAN_POINT('',(19.4454364826301,5.63785129692462E-15,-33.587572106361));
#3641=CARTESIAN_POINT('',(11.6640475021716,6.12394902981602E-15,-27.2203966882756));
#3642=CARTESIAN_POINT('',(11.6640475021716,-0.301380801048487,-27.2203966882756));
#3643=CARTESIAN_POINT('',(12.0407061589654,-0.834460518571796,-27.197138759154));
#3644=CARTESIAN_POINT('',(12.6336532246784,-0.999999999999995,-27.1217296726276));
#3645=CARTESIAN_POINT('',(12.9289321881345,-0.999999999999994,-27.0710678118655));
#3646=CARTESIAN_POINT('',(19.4454364826301,5.63785129692462E-15,-33.587572106361));
#3647=CARTESIAN_POINT('',(10.956940720985,-6.70896961268669E-16,-27.9275034694621));
#3648=CARTESIAN_POINT('',(10.956940720985,6.16724540266962E-15,-27.9275034694621));
#3649=CARTESIAN_POINT('',(-27.9275034694622,1.71000990975499E-15,10.956940720985));
#3650=CARTESIAN_POINT('',(-27.9275034694622,8.75108963454763E-15,10.956940720985));
#3651=CARTESIAN_POINT('',(-33.587572106361,9.10729824887824E-15,19.4454364826301));
#3652=CARTESIAN_POINT('',(-33.587572106361,9.10729824887824E-15,19.4454364826301));
#3653=CARTESIAN_POINT('',(-27.0710678118655,-0.999999999999991,12.9289321881345));
#3654=CARTESIAN_POINT('',(-27.1217243544292,-0.999999999999991,12.6336842214101));
#3655=CARTESIAN_POINT('',(-27.1968787193365,-0.836276657591231,12.0432905595026));
#3656=CARTESIAN_POINT('',(-27.2203966882758,-0.30139489325733,11.6640475021715));
#3657=CARTESIAN_POINT('',(-27.2203966882758,-4.43824708923031E-15,11.6640475021715));
#3658=CARTESIAN_POINT('',(26.5165042944955,5.20417042793042E-15,-26.5165042944955));
#3659=CARTESIAN_POINT('',(33.587572106361,4.77048955893622E-15,-19.4454364826301));
#3660=CARTESIAN_POINT('',(10.5917093636188,6.75836268132796E-15,-26.9965866871467));
#3661=CARTESIAN_POINT('',(11.2011374522853,6.517920760629E-15,-26.7574866383893));
#3662=CARTESIAN_POINT('',(11.6640475021716,6.40832605312405E-15,-27.2203966882756));
#3663=CARTESIAN_POINT('',(10.5917093891357,-0.548466501660004,-26.9965866771356));
#3664=CARTESIAN_POINT('',(11.2011374725734,-0.352585639975092,-26.7574866297619));
#3665=CARTESIAN_POINT('',(11.664047510196,-0.274233250829999,-27.2203966963));
#3666=CARTESIAN_POINT('',(11.0600915634442,-1.59948718551149,-26.8174985199576));
#3667=CARTESIAN_POINT('',(11.6145758252102,-1.03938580948763,-26.5835599655957));
#3668=CARTESIAN_POINT('',(11.9811315843208,-0.799743589131032,-27.2025822956411));
#3669=CARTESIAN_POINT('',(12.0242367622225,-1.99999998550118,-26.3949491484027));
#3670=CARTESIAN_POINT('',(12.2525172769358,-1.08184592242319,-26.2859241467661));
#3671=CARTESIAN_POINT('',(12.6198952578264,-1.,-27.1240901657885));
#3672=CARTESIAN_POINT('',(12.4979677818634,-2.,-26.1686988848033));
#3673=CARTESIAN_POINT('',(12.4979677818634,-1.,-26.1686988848033));
#3674=CARTESIAN_POINT('',(12.9289321881345,-1.,-27.0710678118655));
#3675=CARTESIAN_POINT('',(12.9289321881345,-1.99999999999999,-27.0710678118655));
#3676=CARTESIAN_POINT('',(-26.1686988848033,-1.99999999999999,12.4979677818634));
#3677=CARTESIAN_POINT('',(-26.1686988848033,-0.999999999999989,12.4979677818634));
#3678=CARTESIAN_POINT('',(-27.0710678118655,-0.999999999999992,12.9289321881345));
#3679=CARTESIAN_POINT('',(-26.3970318925241,-1.99999997871187,12.0198758369331));
#3680=CARTESIAN_POINT('',(-26.2869587136049,-1.08256824618154,12.2503510632722));
#3681=CARTESIAN_POINT('',(-27.1245782620454,-0.999999999999992,12.6170504217522));
#3682=CARTESIAN_POINT('',(-26.817172557005,-1.60150460388949,11.0605604081782));
#3683=CARTESIAN_POINT('',(-26.5836862189621,-1.04066349495778,11.6142258731711));
#3684=CARTESIAN_POINT('',(-27.2024506514542,-0.800752296622801,11.9814110375861));
#3685=CARTESIAN_POINT('',(-26.9965866879336,-0.540991664621814,10.5917093616134));
#3686=CARTESIAN_POINT('',(-26.7574866390601,-0.347780386362166,11.2011374507156));
#3687=CARTESIAN_POINT('',(-27.2203966876494,-0.270495832310903,11.6640475015454));
#3688=CARTESIAN_POINT('',(-26.9965866871467,9.0873554711565E-15,10.5917093636188));
#3689=CARTESIAN_POINT('',(-26.7574866383893,8.93226309673468E-15,11.2011374522853));
#3690=CARTESIAN_POINT('',(-27.2203966882756,8.90442634516105E-15,11.6640475021716));
#3691=CARTESIAN_POINT('',(-27.0710678118655,-1.99999999999999,12.9289321881345));
#3692=CARTESIAN_POINT('',(-26.5165042944955,8.67361737988404E-15,26.5165042944955));
#3693=CARTESIAN_POINT('',(-19.4454364826301,8.27936204443476E-15,33.587572106361));
#3694=CARTESIAN_POINT('',(37.9283277256678,3.00000000000001,-30.2273378902996));
#3695=CARTESIAN_POINT('',(36.9773424397368,2.99999999999999,-29.9181017573159));
#3696=CARTESIAN_POINT('',(36.9773424397368,2.00000000000001,-29.9181017573159));
#3697=CARTESIAN_POINT('',(37.6469255255581,3.00000000000001,-30.5804326585685));
#3698=CARTESIAN_POINT('',(36.8677046637576,2.85320770344173,-30.2552677919385));
#3699=CARTESIAN_POINT('',(36.8406647963524,2.00000001125805,-30.3384227156728));
#3700=CARTESIAN_POINT('',(37.0761438211883,3.,-31.2767717314921));
#3701=CARTESIAN_POINT('',(36.5834465682538,2.69645279506063,-31.0160792914374));
#3702=CARTESIAN_POINT('',(36.5216599004325,2.0805986021919,-31.150420640001));
#3703=CARTESIAN_POINT('',(35.8718401698472,3.00000000000005,-32.6636422369004));
#3704=CARTESIAN_POINT('',(35.7770320425997,2.69909473317873,-32.5615389018618));
#3705=CARTESIAN_POINT('',(35.6919737333624,2.41554411528173,-32.690197193246));
#3706=CARTESIAN_POINT('',(34.9486528498537,2.99999999999979,-33.6407049252414));
#3707=CARTESIAN_POINT('',(34.9275841113951,2.8814150534842,-33.6617736636726));
#3708=CARTESIAN_POINT('',(34.9065153529985,2.76283011071288,-33.6828424220966));
#3709=CARTESIAN_POINT('',(34.2946788875476,3.00000000000001,-34.2946788875475));
#3710=CARTESIAN_POINT('',(34.2946788875476,3.,-34.2946788875475));
#3711=CARTESIAN_POINT('',(34.2946788875476,3.00000000000001,-34.2946788875476));
#3712=CARTESIAN_POINT('',(37.9283277256678,2.,-30.2273378902995));
#3713=CARTESIAN_POINT('',(33.587572106361,4.77048955893622E-15,-19.4454364826301));
#3714=CARTESIAN_POINT('',(27.0710678118655,-0.999999999999995,-12.9289321881345));
#3715=CARTESIAN_POINT('',(27.1217243544292,-0.999999999999995,-12.6336842214101));
#3716=CARTESIAN_POINT('',(27.1968787193365,-0.83627665759123,-12.0432905595026));
#3717=CARTESIAN_POINT('',(27.2203966882758,-0.301394893257333,-11.6640475021715));
#3718=CARTESIAN_POINT('',(27.2203966882758,-8.31908539119955E-15,-11.6640475021715));
#3719=CARTESIAN_POINT('',(-1.22460635382237E-16,-1.99999999999999,0.));
#3720=CARTESIAN_POINT('',(27.0710678118655,-1.99999999999999,-12.9289321881345));
#3721=CARTESIAN_POINT('',(-1.22460635382237E-16,-1.99999999999999,0.));
#3722=CARTESIAN_POINT('',(-12.9289321881345,-1.99999999999999,27.0710678118655));
#3723=CARTESIAN_POINT('',(-19.4454364826301,8.23993651088983E-15,33.587572106361));
#3724=CARTESIAN_POINT('',(-11.6640475021716,7.75383877799844E-15,27.2203966882756));
#3725=CARTESIAN_POINT('',(-11.6640475021716,-0.301380801048485,27.2203966882756));
#3726=CARTESIAN_POINT('',(-12.0407061589654,-0.834460518571796,27.197138759154));
#3727=CARTESIAN_POINT('',(-12.6336532246784,-0.999999999999994,27.1217296726276));
#3728=CARTESIAN_POINT('',(-12.9289321881345,-0.999999999999992,27.0710678118655));
#3729=CARTESIAN_POINT('',(-29.918101757316,2.00000000000001,36.9773424397367));
#3730=CARTESIAN_POINT('',(-29.918101757316,2.99999999999999,36.9773424397367));
#3731=CARTESIAN_POINT('',(-30.2273378902996,3.00000000000001,37.9283277256677));
#3732=CARTESIAN_POINT('',(-30.3384227156752,2.00000001125806,36.8406647963516));
#3733=CARTESIAN_POINT('',(-30.255267791929,2.85320770344822,36.8677046637522));
#3734=CARTESIAN_POINT('',(-30.5804326585536,3.00000000000001,37.646925525563));
#3735=CARTESIAN_POINT('',(-31.1504206400009,2.08059860219051,36.5216599004318));
#3736=CARTESIAN_POINT('',(-31.0160792914415,2.69645279505734,36.5834465682559));
#3737=CARTESIAN_POINT('',(-31.2767717315002,3.,37.0761438211847));
#3738=CARTESIAN_POINT('',(-32.6901971932414,2.41554411528866,35.6919737333673));
#3739=CARTESIAN_POINT('',(-32.5615389018562,2.69909473318376,35.7770320425995));
#3740=CARTESIAN_POINT('',(-32.6636422368896,3.00000000000006,35.8718401698552));
#3741=CARTESIAN_POINT('',(-33.6828424221186,2.76283011068209,34.9065153529765));
#3742=CARTESIAN_POINT('',(-33.6617736636929,2.88141505346817,34.9275841113882));
#3743=CARTESIAN_POINT('',(-33.6407049252702,2.9999999999998,34.9486528498249));
#3744=CARTESIAN_POINT('',(-34.2946788875476,3.00000000000001,34.2946788875476));
#3745=CARTESIAN_POINT('',(-34.2946788875476,3.00000000000001,34.2946788875475));
#3746=CARTESIAN_POINT('',(-34.2946788875476,3.00000000000001,34.2946788875475));
#3747=CARTESIAN_POINT('',(-30.2273378902996,2.00000000000001,37.9283277256678));
#3748=CARTESIAN_POINT('',(26.5165042944955,2.00000000000001,-26.5165042944955));
#3749=CARTESIAN_POINT('',(35.0017856687341,2.00000000000001,-18.031222920257));
#3750=CARTESIAN_POINT('',(26.1686988848033,-1.99999999999999,-12.4979677818634));
#3751=CARTESIAN_POINT('',(26.1686988848033,-0.999999999999993,-12.4979677818634));
#3752=CARTESIAN_POINT('',(27.0710678118655,-0.999999999999995,-12.9289321881345));
#3753=CARTESIAN_POINT('',(26.397031892524,-1.99999997871187,-12.0198758369334));
#3754=CARTESIAN_POINT('',(26.2869587136031,-1.08256824618189,-12.250351063274));
#3755=CARTESIAN_POINT('',(27.1245782620416,-0.999999999999996,-12.6170504217502));
#3756=CARTESIAN_POINT('',(26.8171725570047,-1.60150460388951,-11.0605604081788));
#3757=CARTESIAN_POINT('',(26.5836862189663,-1.04066349495793,-11.6142258731709));
#3758=CARTESIAN_POINT('',(27.2024506514572,-0.80075229662281,-11.9814110375881));
#3759=CARTESIAN_POINT('',(26.9965866879342,-0.540991664621798,-10.5917093616118));
#3760=CARTESIAN_POINT('',(26.7574866390535,-0.347780386361971,-11.2011374507146));
#3761=CARTESIAN_POINT('',(27.2203966876473,-0.270495832310897,-11.6640475015432));
#3762=CARTESIAN_POINT('',(26.9965866871468,5.41325600806656E-15,-10.5917093636188));
#3763=CARTESIAN_POINT('',(26.7574866383893,5.34591135698531E-15,-11.2011374522853));
#3764=CARTESIAN_POINT('',(27.2203966882756,5.28477329835771E-15,-11.6640475021715));
#3765=CARTESIAN_POINT('',(27.9275034694622,5.12669817326683E-15,-10.956940720985));
#3766=CARTESIAN_POINT('',(-10.5917093636188,7.89668462767603E-15,26.9965866871467));
#3767=CARTESIAN_POINT('',(-11.2011374522853,7.85953386937872E-15,26.7574866383893));
#3768=CARTESIAN_POINT('',(-11.6640475021716,7.85809150528518E-15,27.2203966882756));
#3769=CARTESIAN_POINT('',(-10.591709389134,-0.548466501660213,26.9965866771363));
#3770=CARTESIAN_POINT('',(-11.2011374725725,-0.352585639974753,26.757486629768));
#3771=CARTESIAN_POINT('',(-11.6640475101976,-0.274233250830103,27.2203966963017));
#3772=CARTESIAN_POINT('',(-11.0600915634458,-1.59948718551138,26.817498519957));
#3773=CARTESIAN_POINT('',(-11.6145758252123,-1.03938580948818,26.5835599655922));
#3774=CARTESIAN_POINT('',(-11.9811315843192,-0.799743589130979,27.2025822956389));
#3775=CARTESIAN_POINT('',(-12.024236762221,-1.99999998550117,26.3949491484034));
#3776=CARTESIAN_POINT('',(-12.2525172769329,-1.08184592242342,26.2859241467665));
#3777=CARTESIAN_POINT('',(-12.6198952578278,-1.,27.1240901657913));
#3778=CARTESIAN_POINT('',(-12.4979677818634,-2.,26.1686988848033));
#3779=CARTESIAN_POINT('',(-12.4979677818634,-0.999999999999997,26.1686988848033));
#3780=CARTESIAN_POINT('',(-12.9289321881345,-0.999999999999998,27.0710678118655));
#3781=CARTESIAN_POINT('',(-10.956940720985,7.71054240514484E-15,27.9275034694621));
#3782=CARTESIAN_POINT('',(-26.5165042944955,2.00000000000001,26.5165042944955));
#3783=CARTESIAN_POINT('',(-18.031222920257,2.00000000000001,35.0017856687341));
#3784=CARTESIAN_POINT('',(36.9773424397368,2.00000000000001,29.918101757316));
#3785=CARTESIAN_POINT('',(36.9773424397368,2.99999999999998,29.918101757316));
#3786=CARTESIAN_POINT('',(37.9283277256677,3.00000000000001,30.2273378902996));
#3787=CARTESIAN_POINT('',(36.8406647963511,2.00000001125805,30.3384227156767));
#3788=CARTESIAN_POINT('',(36.8677046637548,2.85320770344362,30.2552677919246));
#3789=CARTESIAN_POINT('',(37.6469255255664,3.,30.580432658546));
#3790=CARTESIAN_POINT('',(36.521659900433,2.08059860219284,31.1504206399993));
#3791=CARTESIAN_POINT('',(36.583446568255,2.69645279506047,31.016079291443));
#3792=CARTESIAN_POINT('',(37.0761438211839,3.,31.2767717315029));
#3793=CARTESIAN_POINT('',(35.6919737333626,2.41554411527697,32.6901971932464));
#3794=CARTESIAN_POINT('',(35.777032042599,2.69909473317666,32.5615389018581));
#3795=CARTESIAN_POINT('',(35.8718401698527,3.00000000000005,32.663642236891));
#3796=CARTESIAN_POINT('',(34.9065153529967,2.76283011073358,33.6828424220984));
#3797=CARTESIAN_POINT('',(34.927584111395,2.88141505349455,33.6617736636761));
#3798=CARTESIAN_POINT('',(34.9486528498401,2.99999999999979,33.640704925255));
#3799=CARTESIAN_POINT('',(34.2946788875476,3.00000000000001,34.2946788875476));
#3800=CARTESIAN_POINT('',(34.2946788875476,3.00000000000001,34.2946788875476));
#3801=CARTESIAN_POINT('',(34.2946788875476,3.00000000000001,34.2946788875476));
#3802=CARTESIAN_POINT('',(37.9283277256678,2.,30.2273378902996));
#3803=CARTESIAN_POINT('',(-15.7647186257614,2.00000000000001,32.7352813742386));
#3804=CARTESIAN_POINT('',(27.9275034694622,2.00000000000001,-10.956940720985));
#3805=CARTESIAN_POINT('',(27.9275034694622,-1.71000990975499E-15,-10.956940720985));
#3806=CARTESIAN_POINT('',(27.9275034694622,2.00000000000001,-10.956940720985));
#3807=CARTESIAN_POINT('',(-10.956940720985,6.70896961268669E-16,27.9275034694621));
#3808=CARTESIAN_POINT('',(-10.956940720985,2.00000000000001,27.9275034694622));
#3809=CARTESIAN_POINT('',(-15.7647186257614,2.00000000000001,32.7352813742386));
#3810=CARTESIAN_POINT('',(-10.956940720985,2.00000000000001,27.9275034694621));
#3811=CARTESIAN_POINT('',(30.2273378902996,3.00000000000001,37.9283277256677));
#3812=CARTESIAN_POINT('',(29.918101757316,2.99999999999998,36.9773424397367));
#3813=CARTESIAN_POINT('',(29.918101757316,2.00000000000001,36.9773424397367));
#3814=CARTESIAN_POINT('',(30.5804326585543,3.,37.6469255255715));
#3815=CARTESIAN_POINT('',(30.2552677919315,2.85320770345121,36.8677046637511));
#3816=CARTESIAN_POINT('',(30.3384227156763,2.00000001125805,36.8406647963512));
#3817=CARTESIAN_POINT('',(31.2767717314998,2.99999999999999,37.076143821181));
#3818=CARTESIAN_POINT('',(31.0160792914401,2.69645279505684,36.5834465682562));
#3819=CARTESIAN_POINT('',(31.1504206399993,2.08059860219151,36.5216599004331));
#3820=CARTESIAN_POINT('',(32.6636422368904,3.00000000000007,35.8718401698569));
#3821=CARTESIAN_POINT('',(32.5615389018572,2.69909473318161,35.7770320426003));
#3822=CARTESIAN_POINT('',(32.6901971932473,2.41554411528368,35.6919737333616));
#3823=CARTESIAN_POINT('',(33.6407049252684,2.99999999999979,34.9486528498267));
#3824=CARTESIAN_POINT('',(33.6617736636963,2.88141505347997,34.9275841113815));
#3825=CARTESIAN_POINT('',(33.682842422095,2.76283011070444,34.9065153530002));
#3826=CARTESIAN_POINT('',(34.2946788875476,3.00000000000001,34.2946788875475));
#3827=CARTESIAN_POINT('',(34.2946788875476,3.00000000000001,34.2946788875475));
#3828=CARTESIAN_POINT('',(34.2946788875476,3.00000000000001,34.2946788875475));
#3829=CARTESIAN_POINT('',(30.2273378902996,2.00000000000001,37.9283277256678));
#3830=CARTESIAN_POINT('',(26.5165042944955,2.00000000000001,26.5165042944955));
#3831=CARTESIAN_POINT('',(35.0017856687341,2.00000000000001,18.031222920257));
#3832=CARTESIAN_POINT('',(27.9275034694622,2.00000000000001,-10.956940720985));
#3833=CARTESIAN_POINT('',(27.9275034694622,2.00000000000001,-10.956940720985));
#3834=CARTESIAN_POINT('',(-10.956940720985,2.00000000000001,27.9275034694621));
#3835=CARTESIAN_POINT('',(-10.956940720985,2.00000000000001,27.9275034694621));
#3836=CARTESIAN_POINT('',(26.5165042944955,2.00000000000001,26.5165042944955));
#3837=CARTESIAN_POINT('',(18.031222920257,2.00000000000001,35.0017856687341));
#3838=CARTESIAN_POINT('',(35.0017856687341,2.00000000000001,18.031222920257));
#3839=CARTESIAN_POINT('',(27.9275034694622,2.00000000000001,10.956940720985));
#3840=CARTESIAN_POINT('',(1.22460635382238E-16,2.00000000000001,0.));
#3841=CARTESIAN_POINT('',(27.9275034694622,2.00000000000001,10.956940720985));
#3842=CARTESIAN_POINT('',(1.22460635382238E-16,2.00000000000001,0.));
#3843=CARTESIAN_POINT('',(10.956940720985,2.00000000000001,27.9275034694621));
#3844=CARTESIAN_POINT('',(18.031222920257,2.00000000000001,35.0017856687341));
#3845=CARTESIAN_POINT('',(10.956940720985,2.00000000000001,27.9275034694621));
#3846=CARTESIAN_POINT('',(27.9275034694622,2.00000000000001,10.956940720985));
#3847=CARTESIAN_POINT('',(27.9275034694622,2.00000000000001,10.956940720985));
#3848=CARTESIAN_POINT('',(10.956940720985,2.00000000000001,27.9275034694621));
#3849=CARTESIAN_POINT('',(10.956940720985,2.00000000000001,27.9275034694621));
#3850=CARTESIAN_POINT('',(27.9275034694622,-1.71000990975499E-15,10.956940720985));
#3851=CARTESIAN_POINT('',(27.9275034694622,5.11777888074418E-15,10.956940720985));
#3852=CARTESIAN_POINT('',(-1.22460635382237E-16,-1.99999999999999,0.));
#3853=CARTESIAN_POINT('',(12.9289321881345,-1.99999999999999,27.0710678118655));
#3854=CARTESIAN_POINT('',(27.0710678118655,-1.99999999999999,12.9289321881345));
#3855=CARTESIAN_POINT('',(10.956940720985,-6.70896961268669E-16,27.9275034694621));
#3856=CARTESIAN_POINT('',(10.956940720985,6.17616469519227E-15,27.9275034694621));
#3857=CARTESIAN_POINT('',(26.9965866871468,4.53535673057765E-15,10.5917093636188));
#3858=CARTESIAN_POINT('',(26.7574866383893,4.77836207412721E-15,11.2011374522853));
#3859=CARTESIAN_POINT('',(27.2203966882756,4.84136401335193E-15,11.6640475021715));
#3860=CARTESIAN_POINT('',(26.9965866771359,-0.548466501658909,10.591709389135));
#3861=CARTESIAN_POINT('',(26.7574866297699,-0.352585639974119,11.20113747257));
#3862=CARTESIAN_POINT('',(27.2203966962981,-0.274233250829452,11.6640475101941));
#3863=CARTESIAN_POINT('',(26.8174985199573,-1.59948718551203,11.0600915634449));
#3864=CARTESIAN_POINT('',(26.5835599655921,-1.03938580948528,11.6145758252097));
#3865=CARTESIAN_POINT('',(27.202582295644,-0.799743589131307,11.9811315843219));
#3866=CARTESIAN_POINT('',(26.3949491484031,-1.99999998550118,12.0242367622217));
#3867=CARTESIAN_POINT('',(26.2859241467657,-1.08184592242987,12.2525172769391));
#3868=CARTESIAN_POINT('',(27.1240901657847,-1.,12.6198952578259));
#3869=CARTESIAN_POINT('',(26.1686988848033,-2.,12.4979677818634));
#3870=CARTESIAN_POINT('',(26.1686988848033,-0.999999999999999,12.4979677818634));
#3871=CARTESIAN_POINT('',(27.0710678118655,-1.,12.9289321881345));
#3872=CARTESIAN_POINT('',(27.2203966882756,5.16107525359777E-15,11.6640475021715));
#3873=CARTESIAN_POINT('',(27.2203966882756,-0.301380801048486,11.6640475021715));
#3874=CARTESIAN_POINT('',(27.197138759154,-0.834460518571802,12.0407061589654));
#3875=CARTESIAN_POINT('',(27.1217296726276,-0.999999999999997,12.6336532246784));
#3876=CARTESIAN_POINT('',(27.0710678118655,-0.999999999999995,12.9289321881345));
#3877=CARTESIAN_POINT('',(12.4979677818634,-1.99999999999999,26.1686988848033));
#3878=CARTESIAN_POINT('',(12.4979677818634,-0.999999999999992,26.1686988848033));
#3879=CARTESIAN_POINT('',(12.9289321881345,-0.999999999999994,27.0710678118655));
#3880=CARTESIAN_POINT('',(12.0198758369315,-1.99999997871187,26.3970318925248));
#3881=CARTESIAN_POINT('',(12.2503510632711,-1.08256824618174,26.2869587136091));
#3882=CARTESIAN_POINT('',(12.6170504217517,-0.999999999999995,27.1245782620454));
#3883=CARTESIAN_POINT('',(11.0605604081792,-1.60150460388949,26.8171725570045));
#3884=CARTESIAN_POINT('',(11.6142258731732,-1.04066349495849,26.5836862189619));
#3885=CARTESIAN_POINT('',(11.9814110375874,-0.800752296622802,27.2024506514553));
#3886=CARTESIAN_POINT('',(10.591709361613,-0.540991664621828,26.9965866879337));
#3887=CARTESIAN_POINT('',(11.2011374507131,-0.347780386361665,26.7574866390566));
#3888=CARTESIAN_POINT('',(11.6640475015433,-0.270495832310912,27.2203966876473));
#3889=CARTESIAN_POINT('',(10.5917093636188,6.18801772410515E-15,26.9965866871467));
#3890=CARTESIAN_POINT('',(11.2011374522853,6.154455892601E-15,26.7574866383893));
#3891=CARTESIAN_POINT('',(11.6640475021716,6.12761322077397E-15,27.2203966882756));
#3892=CARTESIAN_POINT('',(12.9289321881345,-0.999999999999994,27.0710678118655));
#3893=CARTESIAN_POINT('',(12.6336842214101,-0.999999999999994,27.1217243544292));
#3894=CARTESIAN_POINT('',(12.0432905595026,-0.83627665759123,27.1968787193365));
#3895=CARTESIAN_POINT('',(11.6640475021715,-0.301394893257332,27.2203966882758));
#3896=CARTESIAN_POINT('',(11.6640475021715,-6.95738811144027E-15,27.2203966882758));
#3897=CARTESIAN_POINT('',(33.587572106361,4.76157026641357E-15,19.44543648263));
#3898=CARTESIAN_POINT('',(33.587572106361,4.77048955893622E-15,19.4454364826301));
#3899=CARTESIAN_POINT('',(19.4454364826301,5.64677058944727E-15,33.587572106361));
#3900=CARTESIAN_POINT('',(19.4454364826301,5.64677058944727E-15,33.587572106361));
#3901=CARTESIAN_POINT('',(26.5165042944955,5.20417042793042E-15,26.5165042944955));
#3902=CARTESIAN_POINT('',(0.,-2.99999999999999,-110.093493737126));
#3903=CARTESIAN_POINT('',(-1.83690953073409E-16,-3.00000000000086,32.1));
#3904=CARTESIAN_POINT('',(-1.83690953073409E-16,-3.00000000000086,32.1));
#3905=CARTESIAN_POINT('',(-1.83690953073409E-16,-5.50000000000172,32.1));
#3906=CARTESIAN_POINT('',(-1.83690953073409E-16,-3.00000000000086,29.1));
#3907=CARTESIAN_POINT('',(-1.83690953073409E-16,-5.50000000000172,29.1));
#3908=CARTESIAN_POINT('',(-3.06151588455592E-17,-0.499999999999997,32.1));
#3909=CARTESIAN_POINT('',(-1.83690953073409E-16,-3.00000000000086,19.9436706751791));
#3910=CARTESIAN_POINT('',(-1.83690953073409E-16,-3.00000000000086,19.9436706751791));
#3911=CARTESIAN_POINT('',(-1.83690953073409E-16,-4.45000000000172,19.9436706751791));
#3912=CARTESIAN_POINT('',(-1.83690953073409E-16,-3.00000000000086,32.1));
#3913=CARTESIAN_POINT('',(-1.83690953073409E-16,-3.00000000000086,29.1));
#3914=CARTESIAN_POINT('',(-1.83690953073409E-16,-4.45000000000173,29.1));
#3915=CARTESIAN_POINT('',(-9.49069924212337E-17,-1.54999999999999,29.1));
#3916=CARTESIAN_POINT('',(0.,0.,-1.73472347597681E-15));
#3917=MECHANICAL_DESIGN_GEOMETRIC_PRESENTATION_REPRESENTATION('',(#1920,
#1921,#1922,#1923,#1924,#1925,#1926,#1927,#1928,#1929,#1930,#1931,#1932),
#3918);
#3918=(
GEOMETRIC_REPRESENTATION_CONTEXT(3)
GLOBAL_UNCERTAINTY_ASSIGNED_CONTEXT((#3923))
GLOBAL_UNIT_ASSIGNED_CONTEXT((#3930,#3929,#3928))
REPRESENTATION_CONTEXT('UCFC\X2\5E2651F853F05EA798764E1D59167403976274038F74627F\X0\',
'TOP_LEVEL_ASSEMBLY_PART')
);
#3919=(
GEOMETRIC_REPRESENTATION_CONTEXT(3)
GLOBAL_UNCERTAINTY_ASSIGNED_CONTEXT((#3924))
GLOBAL_UNIT_ASSIGNED_CONTEXT((#3930,#3929,#3928))
REPRESENTATION_CONTEXT('UC\X2\88C5914D4F53\X0\','COMPONENT_PART')
);
#3920=(
GEOMETRIC_REPRESENTATION_CONTEXT(3)
GLOBAL_UNCERTAINTY_ASSIGNED_CONTEXT((#3925))
GLOBAL_UNIT_ASSIGNED_CONTEXT((#3930,#3929,#3928))
REPRESENTATION_CONTEXT('UC\X2\74038F74627F\X0\','COMPONENT_PART')
);
#3921=(
GEOMETRIC_REPRESENTATION_CONTEXT(3)
GLOBAL_UNCERTAINTY_ASSIGNED_CONTEXT((#3926))
GLOBAL_UNIT_ASSIGNED_CONTEXT((#3930,#3929,#3928))
REPRESENTATION_CONTEXT('\X2\98764E1D\X0\','COMPONENT_PART')
);
#3922=(
GEOMETRIC_REPRESENTATION_CONTEXT(3)
GLOBAL_UNCERTAINTY_ASSIGNED_CONTEXT((#3927))
GLOBAL_UNIT_ASSIGNED_CONTEXT((#3930,#3929,#3928))
REPRESENTATION_CONTEXT('FC\X2\94F8902051F853F057065F625EA7\X0\',
'COMPONENT_PART')
);
#3923=UNCERTAINTY_MEASURE_WITH_UNIT(LENGTH_MEASURE(0.005),#3930,
'DISTANCE_ACCURACY_VALUE','Maximum Tolerance applied to model');
#3924=UNCERTAINTY_MEASURE_WITH_UNIT(LENGTH_MEASURE(0.005),#3930,
'DISTANCE_ACCURACY_VALUE','Maximum Tolerance applied to model');
#3925=UNCERTAINTY_MEASURE_WITH_UNIT(LENGTH_MEASURE(0.005),#3930,
'DISTANCE_ACCURACY_VALUE','Maximum Tolerance applied to model');
#3926=UNCERTAINTY_MEASURE_WITH_UNIT(LENGTH_MEASURE(0.005),#3930,
'DISTANCE_ACCURACY_VALUE','Maximum Tolerance applied to model');
#3927=UNCERTAINTY_MEASURE_WITH_UNIT(LENGTH_MEASURE(0.005),#3930,
'DISTANCE_ACCURACY_VALUE','Maximum Tolerance applied to model');
#3928=(
NAMED_UNIT(*)
SI_UNIT($,.STERADIAN.)
SOLID_ANGLE_UNIT()
);
#3929=(
NAMED_UNIT(*)
PLANE_ANGLE_UNIT()
SI_UNIT($,.RADIAN.)
);
#3930=(
LENGTH_UNIT()
NAMED_UNIT(*)
SI_UNIT(.MILLI.,.METRE.)
);
#3931=PRODUCT_DEFINITION_SHAPE('','',#3941);
#3932=PRODUCT_DEFINITION_SHAPE('','',#3942);
#3933=PRODUCT_DEFINITION_SHAPE('','',#3943);
#3934=PRODUCT_DEFINITION_SHAPE(' ','NAUO PRDDFN',#151);
#3935=PRODUCT_DEFINITION_SHAPE('','',#3944);
#3936=PRODUCT_DEFINITION_SHAPE(' ','NAUO PRDDFN',#152);
#3937=PRODUCT_DEFINITION_SHAPE(' ','NAUO PRDDFN',#153);
#3938=PRODUCT_DEFINITION_SHAPE(' ','NAUO PRDDFN',#154);
#3939=PRODUCT_DEFINITION_SHAPE('','',#3945);
#3940=PRODUCT_DEFINITION_SHAPE(' ','NAUO PRDDFN',#155);
#3941=PRODUCT_DEFINITION('','',#3951,#3946);
#3942=PRODUCT_DEFINITION('','',#3952,#3947);
#3943=PRODUCT_DEFINITION('','',#3953,#3948);
#3944=PRODUCT_DEFINITION('','',#3954,#3949);
#3945=PRODUCT_DEFINITION('','',#3955,#3950);
#3946=PRODUCT_DEFINITION_CONTEXT('',#3977,'design');
#3947=PRODUCT_DEFINITION_CONTEXT('',#3977,'design');
#3948=PRODUCT_DEFINITION_CONTEXT('',#3977,'design');
#3949=PRODUCT_DEFINITION_CONTEXT('',#3977,'design');
#3950=PRODUCT_DEFINITION_CONTEXT('',#3977,'design');
#3951=PRODUCT_DEFINITION_FORMATION_WITH_SPECIFIED_SOURCE('','',#3961,
 .NOT_KNOWN.);
#3952=PRODUCT_DEFINITION_FORMATION_WITH_SPECIFIED_SOURCE('','',#3962,
 .NOT_KNOWN.);
#3953=PRODUCT_DEFINITION_FORMATION_WITH_SPECIFIED_SOURCE('','',#3963,
 .NOT_KNOWN.);
#3954=PRODUCT_DEFINITION_FORMATION_WITH_SPECIFIED_SOURCE('','',#3964,
 .NOT_KNOWN.);
#3955=PRODUCT_DEFINITION_FORMATION_WITH_SPECIFIED_SOURCE('','',#3965,
 .NOT_KNOWN.);
#3956=PRODUCT_RELATED_PRODUCT_CATEGORY('','',(#3961));
#3957=PRODUCT_RELATED_PRODUCT_CATEGORY('','',(#3962));
#3958=PRODUCT_RELATED_PRODUCT_CATEGORY('','',(#3963));
#3959=PRODUCT_RELATED_PRODUCT_CATEGORY('','',(#3964));
#3960=PRODUCT_RELATED_PRODUCT_CATEGORY('','',(#3965));
#3961=PRODUCT('UCFC\X2\5E2651F853F05EA798764E1D59167403976274038F74627F\X0\',
'UCFC\X2\5E2651F853F05EA798764E1D59167403976274038F74627F\X0\',
'UCFC\X2\5E2651F853F05EA798764E1D59167403976274038F74627F\X0\',(#3971));
#3962=PRODUCT('UC\X2\88C5914D4F53\X0\','UC\X2\88C5914D4F53\X0\',
'UC\X2\88C5914D4F53\X0\',(#3972));
#3963=PRODUCT('UC\X2\74038F74627F\X0\','UC\X2\74038F74627F\X0\',
'UC\X2\74038F74627F\X0\',(#3973));
#3964=PRODUCT('\X2\98764E1D\X0\','\X2\98764E1D\X0\','\X2\98764E1D\X0\',
(#3974));
#3965=PRODUCT('FC\X2\94F8902051F853F057065F625EA7\X0\',
'FC\X2\94F8902051F853F057065F625EA7\X0\','FC\X2\94F8902051F853F057065F625EA7\X0\',
(#3975));
#3966=PRODUCT_CATEGORY('','');
#3967=PRODUCT_CATEGORY('','');
#3968=PRODUCT_CATEGORY('','');
#3969=PRODUCT_CATEGORY('','');
#3970=PRODUCT_CATEGORY('','');
#3971=PRODUCT_CONTEXT('',#3977,'mechanical');
#3972=PRODUCT_CONTEXT('',#3977,'mechanical');
#3973=PRODUCT_CONTEXT('',#3977,'mechanical');
#3974=PRODUCT_CONTEXT('',#3977,'mechanical');
#3975=PRODUCT_CONTEXT('',#3977,'mechanical');
#3976=APPLICATION_PROTOCOL_DEFINITION('international standard',
'automotive_design',2010,#3977);
#3977=APPLICATION_CONTEXT(
'core data for automotive mechanical design processes');
ENDSEC;
END-ISO-10303-21;
