ISO-10303-21;
HEADER;
/* Generated by software containing HOOPS Exchange Step
 * from HOOPS Exchange, Inc. (www.tiangong.cloud) 
 */

FILE_DESCRIPTION(
/* description */ ('Unknown'),
/* implementation_level */ '2;1');

FILE_NAME(
/* name */ 'UELFLU\X2\5E2683F15F625EA7504F5FC3595759167403976274038F74627F\X0\',

/* time_stamp */ '2025-02-18T21:09:06+08:00',
/* author */ ('Unknown'),
/* organization */ ('Unknown'),
/* preprocessor_version */ 'ST-DEVELOPER v19.4',
/* originating_system */ 'TianGong',
/* authorisation */ 'Unknown');

FILE_SCHEMA (('AUTOMOTIVE_DESIGN {1 0 10303 214 3 1 1}'));
ENDSEC;

DATA;
#10=PROPERTY_DEFINITION_REPRESENTATION(#14,#12);
#11=PROPERTY_DEFINITION_REPRESENTATION(#15,#13);
#12=REPRESENTATION('',(#16),#2858);
#13=REPRESENTATION('',(#17),#2858);
#14=PROPERTY_DEFINITION('pmi validation property','',#2871);
#15=PROPERTY_DEFINITION('pmi validation property','',#2871);
#16=VALUE_REPRESENTATION_ITEM('number of annotations',COUNT_MEASURE(0.));
#17=VALUE_REPRESENTATION_ITEM('number of views',COUNT_MEASURE(0.));
#18=(
BOUNDED_SURFACE()
B_SPLINE_SURFACE(3,2,((#2650,#2651,#2652),(#2653,#2654,#2655),(#2656,#2657,
#2658),(#2659,#2660,#2661),(#2662,#2663,#2664),(#2665,#2666,#2667)),
 .UNSPECIFIED.,.F.,.F.,.F.)
B_SPLINE_SURFACE_WITH_KNOTS((4,1,1,4),(3,3),(0.,0.0028727753588367,0.00574555071767341,
0.0114911014353468),(0.,1.),.UNSPECIFIED.)
GEOMETRIC_REPRESENTATION_ITEM()
RATIONAL_B_SPLINE_SURFACE(((1.,0.707106781186547,1.),(1.,0.76304956249012,
1.),(1.,0.851760609435414,1.),(1.,0.968660263808499,1.),(1.,0.999999999999787,
1.),(1.,1.,1.)))
REPRESENTATION_ITEM('')
SURFACE()
);
#19=(
BOUNDED_SURFACE()
B_SPLINE_SURFACE(3,2,((#2677,#2678,#2679),(#2680,#2681,#2682),(#2683,#2684,
#2685),(#2686,#2687,#2688),(#2689,#2690,#2691)),.UNSPECIFIED.,.F.,.F.,.F.)
B_SPLINE_SURFACE_WITH_KNOTS((4,1,4),(3,3),(0.,0.00161648963121478,0.00323297926242955),
(0.,1.),.UNSPECIFIED.)
GEOMETRIC_REPRESENTATION_ITEM()
RATIONAL_B_SPLINE_SURFACE(((1.,0.833333333333333,1.),(1.,0.833333331586193,
1.),(1.,0.800798328661359,1.),(1.,0.736803589010301,1.),(1.,0.707106781186547,
1.)))
REPRESENTATION_ITEM('')
SURFACE()
);
#20=(
BOUNDED_SURFACE()
B_SPLINE_SURFACE(3,2,((#2695,#2696,#2697),(#2698,#2699,#2700),(#2701,#2702,
#2703),(#2704,#2705,#2706),(#2707,#2708,#2709)),.UNSPECIFIED.,.F.,.F.,.F.)
B_SPLINE_SURFACE_WITH_KNOTS((4,1,4),(3,3),(0.,0.00161657909572302,0.00323315819144604),
(0.,1.),.UNSPECIFIED.)
GEOMETRIC_REPRESENTATION_ITEM()
RATIONAL_B_SPLINE_SURFACE(((1.,0.707106781186547,1.),(1.,0.736837137496052,
1.),(1.,0.800680980815995,1.),(1.,0.833333332504794,1.),(1.,0.833333333333333,
1.)))
REPRESENTATION_ITEM('')
SURFACE()
);
#21=(
BOUNDED_SURFACE()
B_SPLINE_SURFACE(3,2,((#2719,#2720,#2721),(#2722,#2723,#2724),(#2725,#2726,
#2727),(#2728,#2729,#2730),(#2731,#2732,#2733),(#2734,#2735,#2736)),
 .UNSPECIFIED.,.F.,.F.,.F.)
B_SPLINE_SURFACE_WITH_KNOTS((4,1,1,4),(3,3),(0.,0.00287277535883675,0.00574555071767349,
0.011491101435347),(0.,1.),.UNSPECIFIED.)
GEOMETRIC_REPRESENTATION_ITEM()
RATIONAL_B_SPLINE_SURFACE(((1.,0.707106781186548,1.),(1.,0.763049562488838,
1.),(1.,0.851760609435999,1.),(1.,0.968660263808149,1.),(1.,0.999999999999787,
1.),(1.,1.,1.)))
REPRESENTATION_ITEM('')
SURFACE()
);
#22=(
BOUNDED_SURFACE()
B_SPLINE_SURFACE(3,2,((#2749,#2750,#2751),(#2752,#2753,#2754),(#2755,#2756,
#2757),(#2758,#2759,#2760),(#2761,#2762,#2763),(#2764,#2765,#2766)),
 .UNSPECIFIED.,.F.,.F.,.F.)
B_SPLINE_SURFACE_WITH_KNOTS((4,1,1,4),(3,3),(0.,0.00287277535883677,0.00574555071767354,
0.0114911014353471),(0.,1.),.UNSPECIFIED.)
GEOMETRIC_REPRESENTATION_ITEM()
RATIONAL_B_SPLINE_SURFACE(((1.,0.707106781186545,1.),(1.,0.763049562494399,
1.),(1.,0.851760609433471,1.),(1.,0.96866026380967,1.),(1.,0.999999999999787,
1.),(1.,1.,1.)))
REPRESENTATION_ITEM('')
SURFACE()
);
#23=(
BOUNDED_SURFACE()
B_SPLINE_SURFACE(3,2,((#2776,#2777,#2778),(#2779,#2780,#2781),(#2782,#2783,
#2784),(#2785,#2786,#2787),(#2788,#2789,#2790)),.UNSPECIFIED.,.F.,.F.,.F.)
B_SPLINE_SURFACE_WITH_KNOTS((4,1,4),(3,3),(0.,0.00161648963121478,0.00323297926242955),
(0.,1.),.UNSPECIFIED.)
GEOMETRIC_REPRESENTATION_ITEM()
RATIONAL_B_SPLINE_SURFACE(((1.,0.833333333333333,1.),(1.,0.83333333158677,
1.),(1.,0.800798328660525,1.),(1.,0.736803589011393,1.),(1.,0.707106781186547,
1.)))
REPRESENTATION_ITEM('')
SURFACE()
);
#24=(
BOUNDED_SURFACE()
B_SPLINE_SURFACE(3,2,((#2794,#2795,#2796),(#2797,#2798,#2799),(#2800,#2801,
#2802),(#2803,#2804,#2805),(#2806,#2807,#2808)),.UNSPECIFIED.,.F.,.F.,.F.)
B_SPLINE_SURFACE_WITH_KNOTS((4,1,4),(3,3),(0.,0.00161657909572302,0.00323315819144604),
(0.,1.),.UNSPECIFIED.)
GEOMETRIC_REPRESENTATION_ITEM()
RATIONAL_B_SPLINE_SURFACE(((1.,0.707106781186547,1.),(1.,0.736837137495991,
1.),(1.,0.800680980816466,1.),(1.,0.833333332503913,1.),(1.,0.833333333333333,
1.)))
REPRESENTATION_ITEM('')
SURFACE()
);
#25=(
BOUNDED_SURFACE()
B_SPLINE_SURFACE(3,2,((#2818,#2819,#2820),(#2821,#2822,#2823),(#2824,#2825,
#2826),(#2827,#2828,#2829),(#2830,#2831,#2832),(#2833,#2834,#2835)),
 .UNSPECIFIED.,.F.,.F.,.F.)
B_SPLINE_SURFACE_WITH_KNOTS((4,1,1,4),(3,3),(0.,0.00287277535883676,0.00574555071767351,
0.011491101435347),(0.,1.),.UNSPECIFIED.)
GEOMETRIC_REPRESENTATION_ITEM()
RATIONAL_B_SPLINE_SURFACE(((1.,0.707106781186548,1.),(1.,0.763049562490924,
1.),(1.,0.85176060943505,1.),(1.,0.96866026380872,1.),(1.,0.999999999999787,
1.),(1.,1.,1.)))
REPRESENTATION_ITEM('')
SURFACE()
);
#26=LINE('',#2339,#66);
#27=LINE('',#2343,#67);
#28=LINE('',#2345,#68);
#29=LINE('',#2350,#69);
#30=LINE('',#2357,#70);
#31=LINE('',#2361,#71);
#32=LINE('',#2391,#72);
#33=LINE('',#2395,#73);
#34=LINE('',#2427,#74);
#35=LINE('',#2431,#75);
#36=LINE('',#2455,#76);
#37=LINE('',#2459,#77);
#38=LINE('',#2460,#78);
#39=LINE('',#2464,#79);
#40=LINE('',#2500,#80);
#41=LINE('',#2504,#81);
#42=LINE('',#2506,#82);
#43=LINE('',#2510,#83);
#44=LINE('',#2517,#84);
#45=LINE('',#2518,#85);
#46=LINE('',#2526,#86);
#47=LINE('',#2528,#87);
#48=LINE('',#2533,#88);
#49=LINE('',#2537,#89);
#50=LINE('',#2544,#90);
#51=LINE('',#2545,#91);
#52=LINE('',#2553,#92);
#53=LINE('',#2555,#93);
#54=LINE('',#2560,#94);
#55=LINE('',#2565,#95);
#56=LINE('',#2574,#96);
#57=LINE('',#2576,#97);
#58=LINE('',#2578,#98);
#59=LINE('',#2585,#99);
#60=LINE('',#2587,#100);
#61=LINE('',#2592,#101);
#62=LINE('',#2596,#102);
#63=LINE('',#2603,#103);
#64=LINE('',#2610,#104);
#65=LINE('',#2612,#105);
#66=VECTOR('',#1868,1000.);
#67=VECTOR('',#1871,1000.);
#68=VECTOR('',#1874,1000.);
#69=VECTOR('',#1877,1000.);
#70=VECTOR('',#1884,1000.);
#71=VECTOR('',#1887,1000.);
#72=VECTOR('',#1900,1000.);
#73=VECTOR('',#1903,1000.);
#74=VECTOR('',#1910,1000.);
#75=VECTOR('',#1913,1000.);
#76=VECTOR('',#1920,1000.);
#77=VECTOR('',#1923,1000.);
#78=VECTOR('',#1924,1000.);
#79=VECTOR('',#1927,1000.);
#80=VECTOR('',#1956,1000.);
#81=VECTOR('',#1959,1000.);
#82=VECTOR('',#1962,1000.);
#83=VECTOR('',#1965,1000.);
#84=VECTOR('',#1966,1000.);
#85=VECTOR('',#1967,1000.);
#86=VECTOR('',#1970,1000.);
#87=VECTOR('',#1973,1000.);
#88=VECTOR('',#1980,1000.);
#89=VECTOR('',#1983,1000.);
#90=VECTOR('',#1984,1000.);
#91=VECTOR('',#1985,1000.);
#92=VECTOR('',#1988,1000.);
#93=VECTOR('',#1991,1000.);
#94=VECTOR('',#1998,1000.);
#95=VECTOR('',#2001,1000.);
#96=VECTOR('',#2006,1000.);
#97=VECTOR('',#2007,1000.);
#98=VECTOR('',#2010,1000.);
#99=VECTOR('',#2011,1000.);
#100=VECTOR('',#2014,1000.);
#101=VECTOR('',#2017,1000.);
#102=VECTOR('',#2022,1000.);
#103=VECTOR('',#2023,1000.);
#104=VECTOR('',#2026,1000.);
#105=VECTOR('',#2027,1000.);
#106=CONTEXT_DEPENDENT_SHAPE_REPRESENTATION(#114,#2874);
#107=CONTEXT_DEPENDENT_SHAPE_REPRESENTATION(#115,#2876);
#108=CONTEXT_DEPENDENT_SHAPE_REPRESENTATION(#116,#2877);
#109=CONTEXT_DEPENDENT_SHAPE_REPRESENTATION(#117,#2879);
#110=NEXT_ASSEMBLY_USAGE_OCCURRENCE('UEL\X2\941E51AD917193B5\X0\?',
'UEL\X2\941E51AD917193B5\X0\?','UEL\X2\941E51AD917193B5\X0\?',#2881,#2882,
'');
#111=NEXT_ASSEMBLY_USAGE_OCCURRENCE('\X2\934B5FD37E3E6FC26945300A6D93\X0\?',
'\X2\934B5FD37E3E6FC26945300A6D93\X0\?','\X2\934B5FD37E3E6FC26945300A6D93\X0\?',
#2881,#2883,'');
#112=NEXT_ASSEMBLY_USAGE_OCCURRENCE('UEL\X2\7441547453A46D63\X0\?',
'UEL\X2\7441547453A46D63\X0\?','UEL\X2\7441547453A46D63\X0\?',#2880,#2881,
'');
#113=NEXT_ASSEMBLY_USAGE_OCCURRENCE(
'FLU\X2\95BE640120AC72B256AB7F026A3A9A87947F535E8230\X0\',
'FLU\X2\95BE640120AC72B256AB7F026A3A9A87947F535E8230\X0\',
'FLU\X2\95BE640120AC72B256AB7F026A3A9A87947F535E8230\X0\',#2880,#2884,
'');
#114=(
REPRESENTATION_RELATIONSHIP(' ',' ',#1524,#1525)
REPRESENTATION_RELATIONSHIP_WITH_TRANSFORMATION(#118)
SHAPE_REPRESENTATION_RELATIONSHIP()
);
#115=(
REPRESENTATION_RELATIONSHIP(' ',' ',#1526,#1525)
REPRESENTATION_RELATIONSHIP_WITH_TRANSFORMATION(#119)
SHAPE_REPRESENTATION_RELATIONSHIP()
);
#116=(
REPRESENTATION_RELATIONSHIP(' ',' ',#1525,#1527)
REPRESENTATION_RELATIONSHIP_WITH_TRANSFORMATION(#120)
SHAPE_REPRESENTATION_RELATIONSHIP()
);
#117=(
REPRESENTATION_RELATIONSHIP(' ',' ',#1528,#1527)
REPRESENTATION_RELATIONSHIP_WITH_TRANSFORMATION(#121)
SHAPE_REPRESENTATION_RELATIONSHIP()
);
#118=ITEM_DEFINED_TRANSFORMATION(' ',' ',#1529,#1592);
#119=ITEM_DEFINED_TRANSFORMATION(' ',' ',#1529,#1602);
#120=ITEM_DEFINED_TRANSFORMATION(' ',' ',#1529,#1603);
#121=ITEM_DEFINED_TRANSFORMATION(' ',' ',#1529,#1713);
#122=TOROIDAL_SURFACE('',#1563,13.,3.83226266952177);
#123=TOROIDAL_SURFACE('',#1588,13.,3.83226266952177);
#124=TOROIDAL_SURFACE('',#1634,19.0787840283389,2.);
#125=TOROIDAL_SURFACE('',#1638,19.0787840283389,2.);
#126=TOROIDAL_SURFACE('',#1666,29.5,1.);
#127=TOROIDAL_SURFACE('',#1669,10.25,1.);
#128=TOROIDAL_SURFACE('',#1674,10.25,1.);
#129=TOROIDAL_SURFACE('',#1679,31.5,1.);
#130=TOROIDAL_SURFACE('',#1683,31.5,1.);
#131=TOROIDAL_SURFACE('',#1687,31.5,1.);
#132=TOROIDAL_SURFACE('',#1692,31.5,1.);
#133=TOROIDAL_SURFACE('',#1696,31.5,1.);
#134=TOROIDAL_SURFACE('',#1700,31.5,1.);
#135=CONICAL_SURFACE('',#1553,14.3,0.785398163397447);
#136=CONICAL_SURFACE('',#1554,13.8,0.785398163397447);
#137=CONICAL_SURFACE('',#1557,3.,1.02974425867665);
#138=CONICAL_SURFACE('',#1576,7.,0.785398163397448);
#139=CONICAL_SURFACE('',#1577,10.6666666666667,0.785398163397448);
#140=CONICAL_SURFACE('',#1600,2.,0.785398163397448);
#141=CONICAL_SURFACE('',#1601,3.,0.785398163397449);
#142=PLANE('',#1544);
#143=PLANE('',#1547);
#144=PLANE('',#1549);
#145=PLANE('',#1558);
#146=PLANE('',#1567);
#147=PLANE('',#1573);
#148=PLANE('',#1579);
#149=PLANE('',#1584);
#150=PLANE('',#1596);
#151=PLANE('',#1598);
#152=PLANE('',#1604);
#153=PLANE('',#1607);
#154=PLANE('',#1610);
#155=PLANE('',#1613);
#156=PLANE('',#1626);
#157=PLANE('',#1641);
#158=PLANE('',#1646);
#159=PLANE('',#1647);
#160=PLANE('',#1652);
#161=PLANE('',#1653);
#162=PLANE('',#1656);
#163=PLANE('',#1659);
#164=PLANE('',#1660);
#165=PLANE('',#1661);
#166=PLANE('',#1664);
#167=PLANE('',#1665);
#168=PLANE('',#1707);
#169=PLANE('',#1708);
#170=PLANE('',#1712);
#171=CIRCLE('',#1539,14.3);
#172=CIRCLE('',#1540,14.3);
#173=CIRCLE('',#1542,5.99999999999999);
#174=CIRCLE('',#1543,5.99999999999999);
#175=CIRCLE('',#1545,13.8);
#176=CIRCLE('',#1546,10.8);
#177=CIRCLE('',#1548,13.8);
#178=CIRCLE('',#1550,10.8);
#179=CIRCLE('',#1556,3.);
#180=CIRCLE('',#1559,10.6666666666667);
#181=CIRCLE('',#1560,10.79);
#182=CIRCLE('',#1562,10.6666666666667);
#183=CIRCLE('',#1564,10.6666666666667);
#184=CIRCLE('',#1566,10.6666666666667);
#185=CIRCLE('',#1568,6.99999999999999);
#186=CIRCLE('',#1569,9.66666666666667);
#187=CIRCLE('',#1571,6.);
#188=CIRCLE('',#1572,5.99999999999999);
#189=CIRCLE('',#1574,10.79);
#190=CIRCLE('',#1580,19.0787840283389);
#191=CIRCLE('',#1581,15.3333333333333);
#192=CIRCLE('',#1583,19.0787840283389);
#193=CIRCLE('',#1585,15.3333333333333);
#194=CIRCLE('',#1587,15.3333333333333);
#195=CIRCLE('',#1589,15.3333333333333);
#196=CIRCLE('',#1594,3.);
#197=CIRCLE('',#1595,3.);
#198=CIRCLE('',#1597,2.);
#199=CIRCLE('',#1599,2.);
#200=CIRCLE('',#1605,31.5);
#201=CIRCLE('',#1606,11.25);
#202=CIRCLE('',#1608,31.5);
#203=CIRCLE('',#1609,11.25);
#204=CIRCLE('',#1611,31.5);
#205=CIRCLE('',#1612,11.25);
#206=CIRCLE('',#1614,29.5);
#207=CIRCLE('',#1615,21.0787840283389);
#208=CIRCLE('',#1617,30.5);
#209=CIRCLE('',#1618,30.5);
#210=CIRCLE('',#1619,30.5);
#211=CIRCLE('',#1620,30.5);
#212=CIRCLE('',#1621,30.5);
#213=CIRCLE('',#1622,30.5);
#214=CIRCLE('',#1623,30.5);
#215=CIRCLE('',#1624,30.5);
#216=CIRCLE('',#1625,30.5);
#217=CIRCLE('',#1627,11.25);
#218=CIRCLE('',#1628,11.25);
#219=CIRCLE('',#1629,5.25);
#220=CIRCLE('',#1630,21.0787840283389);
#221=CIRCLE('',#1631,5.25);
#222=CIRCLE('',#1633,21.0787840283389);
#223=CIRCLE('',#1635,19.0787840283389);
#224=CIRCLE('',#1637,19.0787840283389);
#225=CIRCLE('',#1639,21.0787840283389);
#226=CIRCLE('',#1642,11.25);
#227=CIRCLE('',#1643,31.5);
#228=CIRCLE('',#1645,11.25);
#229=CIRCLE('',#1649,5.25);
#230=CIRCLE('',#1651,11.25);
#231=CIRCLE('',#1655,5.25);
#232=CIRCLE('',#1657,31.5);
#233=CIRCLE('',#1658,10.25);
#234=CIRCLE('',#1662,31.5);
#235=CIRCLE('',#1663,10.25);
#236=CIRCLE('',#1668,1.);
#237=CIRCLE('',#1670,1.);
#238=CIRCLE('',#1673,1.);
#239=CIRCLE('',#1675,1.);
#240=CIRCLE('',#1678,1.);
#241=CIRCLE('',#1681,1.);
#242=CIRCLE('',#1682,1.);
#243=CIRCLE('',#1684,1.);
#244=CIRCLE('',#1685,1.);
#245=CIRCLE('',#1688,1.);
#246=CIRCLE('',#1691,1.);
#247=CIRCLE('',#1694,1.);
#248=CIRCLE('',#1695,1.);
#249=CIRCLE('',#1697,1.);
#250=CIRCLE('',#1698,1.);
#251=CIRCLE('',#1701,1.);
#252=CIRCLE('',#1705,2.5);
#253=CIRCLE('',#1706,2.5);
#254=CIRCLE('',#1709,1.45);
#255=CIRCLE('',#1711,1.45);
#256=ORIENTED_EDGE('',*,*,#584,.T.);
#257=ORIENTED_EDGE('',*,*,#585,.T.);
#258=ORIENTED_EDGE('',*,*,#586,.T.);
#259=ORIENTED_EDGE('',*,*,#587,.F.);
#260=ORIENTED_EDGE('',*,*,#588,.T.);
#261=ORIENTED_EDGE('',*,*,#589,.F.);
#262=ORIENTED_EDGE('',*,*,#590,.F.);
#263=ORIENTED_EDGE('',*,*,#591,.T.);
#264=ORIENTED_EDGE('',*,*,#592,.T.);
#265=ORIENTED_EDGE('',*,*,#593,.T.);
#266=ORIENTED_EDGE('',*,*,#588,.F.);
#267=ORIENTED_EDGE('',*,*,#594,.F.);
#268=ORIENTED_EDGE('',*,*,#589,.T.);
#269=ORIENTED_EDGE('',*,*,#592,.F.);
#270=ORIENTED_EDGE('',*,*,#594,.T.);
#271=ORIENTED_EDGE('',*,*,#587,.T.);
#272=ORIENTED_EDGE('',*,*,#590,.T.);
#273=ORIENTED_EDGE('',*,*,#591,.F.);
#274=ORIENTED_EDGE('',*,*,#585,.F.);
#275=ORIENTED_EDGE('',*,*,#586,.F.);
#276=ORIENTED_EDGE('',*,*,#593,.F.);
#277=ORIENTED_EDGE('',*,*,#595,.T.);
#278=ORIENTED_EDGE('',*,*,#584,.F.);
#279=ORIENTED_EDGE('',*,*,#595,.F.);
#280=ORIENTED_EDGE('',*,*,#596,.T.);
#281=ORIENTED_EDGE('',*,*,#597,.F.);
#282=ORIENTED_EDGE('',*,*,#598,.T.);
#283=ORIENTED_EDGE('',*,*,#596,.F.);
#284=ORIENTED_EDGE('',*,*,#598,.F.);
#285=ORIENTED_EDGE('',*,*,#599,.T.);
#286=ORIENTED_EDGE('',*,*,#600,.T.);
#287=ORIENTED_EDGE('',*,*,#599,.F.);
#288=ORIENTED_EDGE('',*,*,#601,.T.);
#289=ORIENTED_EDGE('',*,*,#602,.T.);
#290=ORIENTED_EDGE('',*,*,#603,.T.);
#291=ORIENTED_EDGE('',*,*,#604,.T.);
#292=ORIENTED_EDGE('',*,*,#605,.T.);
#293=ORIENTED_EDGE('',*,*,#604,.F.);
#294=ORIENTED_EDGE('',*,*,#597,.T.);
#295=ORIENTED_EDGE('',*,*,#605,.F.);
#296=ORIENTED_EDGE('',*,*,#603,.F.);
#297=ORIENTED_EDGE('',*,*,#601,.F.);
#298=ORIENTED_EDGE('',*,*,#602,.F.);
#299=ORIENTED_EDGE('',*,*,#600,.F.);
#300=ORIENTED_EDGE('',*,*,#606,.T.);
#301=ORIENTED_EDGE('',*,*,#607,.T.);
#302=ORIENTED_EDGE('',*,*,#608,.T.);
#303=ORIENTED_EDGE('',*,*,#609,.T.);
#304=ORIENTED_EDGE('',*,*,#610,.F.);
#305=ORIENTED_EDGE('',*,*,#606,.F.);
#306=ORIENTED_EDGE('',*,*,#611,.F.);
#307=ORIENTED_EDGE('',*,*,#612,.T.);
#308=ORIENTED_EDGE('',*,*,#609,.F.);
#309=ORIENTED_EDGE('',*,*,#613,.T.);
#310=ORIENTED_EDGE('',*,*,#612,.F.);
#311=ORIENTED_EDGE('',*,*,#608,.F.);
#312=ORIENTED_EDGE('',*,*,#614,.T.);
#313=ORIENTED_EDGE('',*,*,#613,.F.);
#314=ORIENTED_EDGE('',*,*,#607,.F.);
#315=ORIENTED_EDGE('',*,*,#614,.F.);
#316=ORIENTED_EDGE('',*,*,#615,.T.);
#317=ORIENTED_EDGE('',*,*,#616,.F.);
#318=ORIENTED_EDGE('',*,*,#617,.F.);
#319=ORIENTED_EDGE('',*,*,#615,.F.);
#320=ORIENTED_EDGE('',*,*,#610,.T.);
#321=ORIENTED_EDGE('',*,*,#611,.T.);
#322=ORIENTED_EDGE('',*,*,#617,.T.);
#323=ORIENTED_EDGE('',*,*,#616,.T.);
#324=ORIENTED_EDGE('',*,*,#618,.T.);
#325=ORIENTED_EDGE('',*,*,#619,.T.);
#326=ORIENTED_EDGE('',*,*,#620,.T.);
#327=ORIENTED_EDGE('',*,*,#621,.T.);
#328=ORIENTED_EDGE('',*,*,#618,.F.);
#329=ORIENTED_EDGE('',*,*,#621,.F.);
#330=ORIENTED_EDGE('',*,*,#620,.F.);
#331=ORIENTED_EDGE('',*,*,#619,.F.);
#332=ORIENTED_EDGE('',*,*,#622,.T.);
#333=ORIENTED_EDGE('',*,*,#623,.T.);
#334=ORIENTED_EDGE('',*,*,#624,.F.);
#335=ORIENTED_EDGE('',*,*,#625,.F.);
#336=ORIENTED_EDGE('',*,*,#626,.T.);
#337=ORIENTED_EDGE('',*,*,#627,.T.);
#338=ORIENTED_EDGE('',*,*,#628,.T.);
#339=ORIENTED_EDGE('',*,*,#629,.T.);
#340=ORIENTED_EDGE('',*,*,#630,.T.);
#341=ORIENTED_EDGE('',*,*,#631,.T.);
#342=ORIENTED_EDGE('',*,*,#632,.T.);
#343=ORIENTED_EDGE('',*,*,#633,.T.);
#344=ORIENTED_EDGE('',*,*,#634,.T.);
#345=ORIENTED_EDGE('',*,*,#635,.F.);
#346=ORIENTED_EDGE('',*,*,#636,.F.);
#347=ORIENTED_EDGE('',*,*,#637,.T.);
#348=ORIENTED_EDGE('',*,*,#638,.T.);
#349=ORIENTED_EDGE('',*,*,#639,.T.);
#350=ORIENTED_EDGE('',*,*,#640,.T.);
#351=ORIENTED_EDGE('',*,*,#641,.T.);
#352=ORIENTED_EDGE('',*,*,#642,.F.);
#353=ORIENTED_EDGE('',*,*,#643,.T.);
#354=ORIENTED_EDGE('',*,*,#644,.T.);
#355=ORIENTED_EDGE('',*,*,#645,.T.);
#356=ORIENTED_EDGE('',*,*,#646,.T.);
#357=ORIENTED_EDGE('',*,*,#647,.T.);
#358=ORIENTED_EDGE('',*,*,#648,.T.);
#359=ORIENTED_EDGE('',*,*,#649,.T.);
#360=ORIENTED_EDGE('',*,*,#650,.T.);
#361=ORIENTED_EDGE('',*,*,#651,.T.);
#362=ORIENTED_EDGE('',*,*,#652,.F.);
#363=ORIENTED_EDGE('',*,*,#653,.T.);
#364=ORIENTED_EDGE('',*,*,#654,.T.);
#365=ORIENTED_EDGE('',*,*,#655,.T.);
#366=ORIENTED_EDGE('',*,*,#656,.T.);
#367=ORIENTED_EDGE('',*,*,#657,.T.);
#368=ORIENTED_EDGE('',*,*,#658,.F.);
#369=ORIENTED_EDGE('',*,*,#659,.F.);
#370=ORIENTED_EDGE('',*,*,#660,.F.);
#371=ORIENTED_EDGE('',*,*,#651,.F.);
#372=ORIENTED_EDGE('',*,*,#661,.F.);
#373=ORIENTED_EDGE('',*,*,#662,.F.);
#374=ORIENTED_EDGE('',*,*,#663,.F.);
#375=ORIENTED_EDGE('',*,*,#641,.F.);
#376=ORIENTED_EDGE('',*,*,#664,.T.);
#377=ORIENTED_EDGE('',*,*,#665,.T.);
#378=ORIENTED_EDGE('',*,*,#666,.F.);
#379=ORIENTED_EDGE('',*,*,#667,.T.);
#380=ORIENTED_EDGE('',*,*,#665,.F.);
#381=ORIENTED_EDGE('',*,*,#668,.T.);
#382=ORIENTED_EDGE('',*,*,#667,.F.);
#383=ORIENTED_EDGE('',*,*,#669,.F.);
#384=ORIENTED_EDGE('',*,*,#670,.T.);
#385=ORIENTED_EDGE('',*,*,#668,.F.);
#386=ORIENTED_EDGE('',*,*,#671,.T.);
#387=ORIENTED_EDGE('',*,*,#670,.F.);
#388=ORIENTED_EDGE('',*,*,#635,.T.);
#389=ORIENTED_EDGE('',*,*,#671,.F.);
#390=ORIENTED_EDGE('',*,*,#672,.F.);
#391=ORIENTED_EDGE('',*,*,#673,.T.);
#392=ORIENTED_EDGE('',*,*,#674,.T.);
#393=ORIENTED_EDGE('',*,*,#675,.F.);
#394=ORIENTED_EDGE('',*,*,#676,.F.);
#395=ORIENTED_EDGE('',*,*,#677,.T.);
#396=ORIENTED_EDGE('',*,*,#678,.T.);
#397=ORIENTED_EDGE('',*,*,#624,.T.);
#398=ORIENTED_EDGE('',*,*,#679,.T.);
#399=ORIENTED_EDGE('',*,*,#680,.T.);
#400=ORIENTED_EDGE('',*,*,#659,.T.);
#401=ORIENTED_EDGE('',*,*,#681,.F.);
#402=ORIENTED_EDGE('',*,*,#682,.T.);
#403=ORIENTED_EDGE('',*,*,#672,.T.);
#404=ORIENTED_EDGE('',*,*,#640,.F.);
#405=ORIENTED_EDGE('',*,*,#683,.T.);
#406=ORIENTED_EDGE('',*,*,#681,.T.);
#407=ORIENTED_EDGE('',*,*,#658,.T.);
#408=ORIENTED_EDGE('',*,*,#680,.F.);
#409=ORIENTED_EDGE('',*,*,#684,.T.);
#410=ORIENTED_EDGE('',*,*,#652,.T.);
#411=ORIENTED_EDGE('',*,*,#660,.T.);
#412=ORIENTED_EDGE('',*,*,#666,.T.);
#413=ORIENTED_EDGE('',*,*,#685,.T.);
#414=ORIENTED_EDGE('',*,*,#686,.F.);
#415=ORIENTED_EDGE('',*,*,#687,.T.);
#416=ORIENTED_EDGE('',*,*,#688,.T.);
#417=ORIENTED_EDGE('',*,*,#632,.F.);
#418=ORIENTED_EDGE('',*,*,#689,.T.);
#419=ORIENTED_EDGE('',*,*,#690,.T.);
#420=ORIENTED_EDGE('',*,*,#662,.T.);
#421=ORIENTED_EDGE('',*,*,#691,.F.);
#422=ORIENTED_EDGE('',*,*,#692,.T.);
#423=ORIENTED_EDGE('',*,*,#629,.F.);
#424=ORIENTED_EDGE('',*,*,#650,.F.);
#425=ORIENTED_EDGE('',*,*,#693,.T.);
#426=ORIENTED_EDGE('',*,*,#691,.T.);
#427=ORIENTED_EDGE('',*,*,#661,.T.);
#428=ORIENTED_EDGE('',*,*,#690,.F.);
#429=ORIENTED_EDGE('',*,*,#694,.T.);
#430=ORIENTED_EDGE('',*,*,#642,.T.);
#431=ORIENTED_EDGE('',*,*,#663,.T.);
#432=ORIENTED_EDGE('',*,*,#664,.F.);
#433=ORIENTED_EDGE('',*,*,#695,.F.);
#434=ORIENTED_EDGE('',*,*,#695,.T.);
#435=ORIENTED_EDGE('',*,*,#696,.T.);
#436=ORIENTED_EDGE('',*,*,#697,.T.);
#437=ORIENTED_EDGE('',*,*,#698,.T.);
#438=ORIENTED_EDGE('',*,*,#699,.T.);
#439=ORIENTED_EDGE('',*,*,#700,.T.);
#440=ORIENTED_EDGE('',*,*,#701,.T.);
#441=ORIENTED_EDGE('',*,*,#702,.T.);
#442=ORIENTED_EDGE('',*,*,#686,.T.);
#443=ORIENTED_EDGE('',*,*,#628,.F.);
#444=ORIENTED_EDGE('',*,*,#703,.T.);
#445=ORIENTED_EDGE('',*,*,#704,.T.);
#446=ORIENTED_EDGE('',*,*,#633,.F.);
#447=ORIENTED_EDGE('',*,*,#688,.F.);
#448=ORIENTED_EDGE('',*,*,#705,.T.);
#449=ORIENTED_EDGE('',*,*,#685,.F.);
#450=ORIENTED_EDGE('',*,*,#706,.T.);
#451=ORIENTED_EDGE('',*,*,#707,.T.);
#452=ORIENTED_EDGE('',*,*,#708,.T.);
#453=ORIENTED_EDGE('',*,*,#709,.T.);
#454=ORIENTED_EDGE('',*,*,#710,.T.);
#455=ORIENTED_EDGE('',*,*,#711,.T.);
#456=ORIENTED_EDGE('',*,*,#625,.T.);
#457=ORIENTED_EDGE('',*,*,#678,.F.);
#458=ORIENTED_EDGE('',*,*,#712,.T.);
#459=ORIENTED_EDGE('',*,*,#713,.T.);
#460=ORIENTED_EDGE('',*,*,#714,.T.);
#461=ORIENTED_EDGE('',*,*,#715,.T.);
#462=ORIENTED_EDGE('',*,*,#676,.T.);
#463=ORIENTED_EDGE('',*,*,#675,.T.);
#464=ORIENTED_EDGE('',*,*,#637,.F.);
#465=ORIENTED_EDGE('',*,*,#634,.F.);
#466=ORIENTED_EDGE('',*,*,#698,.F.);
#467=ORIENTED_EDGE('',*,*,#716,.T.);
#468=ORIENTED_EDGE('',*,*,#705,.F.);
#469=ORIENTED_EDGE('',*,*,#717,.F.);
#470=ORIENTED_EDGE('',*,*,#717,.T.);
#471=ORIENTED_EDGE('',*,*,#687,.F.);
#472=ORIENTED_EDGE('',*,*,#718,.F.);
#473=ORIENTED_EDGE('',*,*,#699,.F.);
#474=ORIENTED_EDGE('',*,*,#702,.F.);
#475=ORIENTED_EDGE('',*,*,#719,.T.);
#476=ORIENTED_EDGE('',*,*,#696,.F.);
#477=ORIENTED_EDGE('',*,*,#718,.T.);
#478=ORIENTED_EDGE('',*,*,#715,.F.);
#479=ORIENTED_EDGE('',*,*,#720,.T.);
#480=ORIENTED_EDGE('',*,*,#706,.F.);
#481=ORIENTED_EDGE('',*,*,#721,.F.);
#482=ORIENTED_EDGE('',*,*,#721,.T.);
#483=ORIENTED_EDGE('',*,*,#709,.F.);
#484=ORIENTED_EDGE('',*,*,#722,.F.);
#485=ORIENTED_EDGE('',*,*,#677,.F.);
#486=ORIENTED_EDGE('',*,*,#708,.F.);
#487=ORIENTED_EDGE('',*,*,#723,.T.);
#488=ORIENTED_EDGE('',*,*,#712,.F.);
#489=ORIENTED_EDGE('',*,*,#722,.T.);
#490=ORIENTED_EDGE('',*,*,#682,.F.);
#491=ORIENTED_EDGE('',*,*,#683,.F.);
#492=ORIENTED_EDGE('',*,*,#724,.F.);
#493=ORIENTED_EDGE('',*,*,#673,.F.);
#494=ORIENTED_EDGE('',*,*,#724,.T.);
#495=ORIENTED_EDGE('',*,*,#639,.F.);
#496=ORIENTED_EDGE('',*,*,#725,.F.);
#497=ORIENTED_EDGE('',*,*,#726,.F.);
#498=ORIENTED_EDGE('',*,*,#713,.F.);
#499=ORIENTED_EDGE('',*,*,#674,.F.);
#500=ORIENTED_EDGE('',*,*,#725,.T.);
#501=ORIENTED_EDGE('',*,*,#638,.F.);
#502=ORIENTED_EDGE('',*,*,#714,.F.);
#503=ORIENTED_EDGE('',*,*,#726,.T.);
#504=ORIENTED_EDGE('',*,*,#727,.F.);
#505=ORIENTED_EDGE('',*,*,#727,.T.);
#506=ORIENTED_EDGE('',*,*,#657,.F.);
#507=ORIENTED_EDGE('',*,*,#728,.F.);
#508=ORIENTED_EDGE('',*,*,#720,.F.);
#509=ORIENTED_EDGE('',*,*,#728,.T.);
#510=ORIENTED_EDGE('',*,*,#656,.F.);
#511=ORIENTED_EDGE('',*,*,#729,.F.);
#512=ORIENTED_EDGE('',*,*,#707,.F.);
#513=ORIENTED_EDGE('',*,*,#730,.F.);
#514=ORIENTED_EDGE('',*,*,#723,.F.);
#515=ORIENTED_EDGE('',*,*,#729,.T.);
#516=ORIENTED_EDGE('',*,*,#655,.F.);
#517=ORIENTED_EDGE('',*,*,#710,.F.);
#518=ORIENTED_EDGE('',*,*,#730,.T.);
#519=ORIENTED_EDGE('',*,*,#731,.F.);
#520=ORIENTED_EDGE('',*,*,#731,.T.);
#521=ORIENTED_EDGE('',*,*,#654,.F.);
#522=ORIENTED_EDGE('',*,*,#732,.F.);
#523=ORIENTED_EDGE('',*,*,#622,.F.);
#524=ORIENTED_EDGE('',*,*,#711,.F.);
#525=ORIENTED_EDGE('',*,*,#732,.T.);
#526=ORIENTED_EDGE('',*,*,#653,.F.);
#527=ORIENTED_EDGE('',*,*,#733,.F.);
#528=ORIENTED_EDGE('',*,*,#733,.T.);
#529=ORIENTED_EDGE('',*,*,#684,.F.);
#530=ORIENTED_EDGE('',*,*,#679,.F.);
#531=ORIENTED_EDGE('',*,*,#623,.F.);
#532=ORIENTED_EDGE('',*,*,#692,.F.);
#533=ORIENTED_EDGE('',*,*,#693,.F.);
#534=ORIENTED_EDGE('',*,*,#734,.F.);
#535=ORIENTED_EDGE('',*,*,#626,.F.);
#536=ORIENTED_EDGE('',*,*,#734,.T.);
#537=ORIENTED_EDGE('',*,*,#649,.F.);
#538=ORIENTED_EDGE('',*,*,#735,.F.);
#539=ORIENTED_EDGE('',*,*,#736,.F.);
#540=ORIENTED_EDGE('',*,*,#700,.F.);
#541=ORIENTED_EDGE('',*,*,#627,.F.);
#542=ORIENTED_EDGE('',*,*,#735,.T.);
#543=ORIENTED_EDGE('',*,*,#648,.F.);
#544=ORIENTED_EDGE('',*,*,#701,.F.);
#545=ORIENTED_EDGE('',*,*,#736,.T.);
#546=ORIENTED_EDGE('',*,*,#737,.F.);
#547=ORIENTED_EDGE('',*,*,#737,.T.);
#548=ORIENTED_EDGE('',*,*,#647,.F.);
#549=ORIENTED_EDGE('',*,*,#738,.F.);
#550=ORIENTED_EDGE('',*,*,#719,.F.);
#551=ORIENTED_EDGE('',*,*,#738,.T.);
#552=ORIENTED_EDGE('',*,*,#646,.F.);
#553=ORIENTED_EDGE('',*,*,#739,.F.);
#554=ORIENTED_EDGE('',*,*,#697,.F.);
#555=ORIENTED_EDGE('',*,*,#740,.F.);
#556=ORIENTED_EDGE('',*,*,#716,.F.);
#557=ORIENTED_EDGE('',*,*,#739,.T.);
#558=ORIENTED_EDGE('',*,*,#645,.F.);
#559=ORIENTED_EDGE('',*,*,#703,.F.);
#560=ORIENTED_EDGE('',*,*,#740,.T.);
#561=ORIENTED_EDGE('',*,*,#741,.F.);
#562=ORIENTED_EDGE('',*,*,#741,.T.);
#563=ORIENTED_EDGE('',*,*,#644,.F.);
#564=ORIENTED_EDGE('',*,*,#742,.F.);
#565=ORIENTED_EDGE('',*,*,#630,.F.);
#566=ORIENTED_EDGE('',*,*,#704,.F.);
#567=ORIENTED_EDGE('',*,*,#742,.T.);
#568=ORIENTED_EDGE('',*,*,#643,.F.);
#569=ORIENTED_EDGE('',*,*,#743,.F.);
#570=ORIENTED_EDGE('',*,*,#743,.T.);
#571=ORIENTED_EDGE('',*,*,#694,.F.);
#572=ORIENTED_EDGE('',*,*,#689,.F.);
#573=ORIENTED_EDGE('',*,*,#631,.F.);
#574=ORIENTED_EDGE('',*,*,#669,.T.);
#575=ORIENTED_EDGE('',*,*,#636,.T.);
#576=ORIENTED_EDGE('',*,*,#744,.F.);
#577=ORIENTED_EDGE('',*,*,#745,.T.);
#578=ORIENTED_EDGE('',*,*,#744,.T.);
#579=ORIENTED_EDGE('',*,*,#746,.F.);
#580=ORIENTED_EDGE('',*,*,#747,.F.);
#581=ORIENTED_EDGE('',*,*,#746,.T.);
#582=ORIENTED_EDGE('',*,*,#745,.F.);
#583=ORIENTED_EDGE('',*,*,#747,.T.);
#584=EDGE_CURVE('',#989,#989,#748,.T.);
#585=EDGE_CURVE('',#990,#990,#171,.T.);
#586=EDGE_CURVE('',#991,#991,#172,.T.);
#587=EDGE_CURVE('',#992,#992,#749,.T.);
#588=EDGE_CURVE('',#993,#993,#173,.T.);
#589=EDGE_CURVE('',#994,#994,#174,.T.);
#590=EDGE_CURVE('',#995,#995,#750,.T.);
#591=EDGE_CURVE('',#996,#996,#175,.F.);
#592=EDGE_CURVE('',#997,#997,#176,.T.);
#593=EDGE_CURVE('',#998,#998,#177,.F.);
#594=EDGE_CURVE('',#999,#999,#178,.T.);
#595=EDGE_CURVE('',#1000,#1000,#179,.T.);
#596=EDGE_CURVE('',#1002,#1002,#180,.T.);
#597=EDGE_CURVE('',#1003,#1003,#181,.T.);
#598=EDGE_CURVE('',#1004,#1004,#182,.T.);
#599=EDGE_CURVE('',#1005,#1005,#183,.T.);
#600=EDGE_CURVE('',#1006,#1006,#184,.F.);
#601=EDGE_CURVE('',#1007,#1007,#185,.F.);
#602=EDGE_CURVE('',#1008,#1008,#186,.T.);
#603=EDGE_CURVE('',#1009,#1009,#187,.T.);
#604=EDGE_CURVE('',#1010,#1010,#188,.T.);
#605=EDGE_CURVE('',#1011,#1011,#189,.T.);
#606=EDGE_CURVE('',#1012,#1012,#751,.T.);
#607=EDGE_CURVE('',#1013,#1014,#752,.T.);
#608=EDGE_CURVE('',#1014,#1013,#753,.T.);
#609=EDGE_CURVE('',#1015,#1015,#190,.T.);
#610=EDGE_CURVE('',#1016,#1016,#191,.T.);
#611=EDGE_CURVE('',#1017,#1017,#754,.T.);
#612=EDGE_CURVE('',#1018,#1018,#192,.T.);
#613=EDGE_CURVE('',#1019,#1019,#193,.T.);
#614=EDGE_CURVE('',#1014,#1013,#194,.T.);
#615=EDGE_CURVE('',#1020,#1021,#195,.T.);
#616=EDGE_CURVE('',#1020,#1021,#755,.T.);
#617=EDGE_CURVE('',#1021,#1020,#756,.T.);
#618=EDGE_CURVE('',#1022,#1022,#196,.F.);
#619=EDGE_CURVE('',#1023,#1023,#197,.T.);
#620=EDGE_CURVE('',#1024,#1024,#198,.F.);
#621=EDGE_CURVE('',#1025,#1025,#199,.T.);
#622=EDGE_CURVE('',#1026,#1027,#200,.F.);
#623=EDGE_CURVE('',#1027,#1028,#26,.T.);
#624=EDGE_CURVE('',#1029,#1028,#201,.T.);
#625=EDGE_CURVE('',#1026,#1029,#27,.T.);
#626=EDGE_CURVE('',#1030,#1031,#28,.T.);
#627=EDGE_CURVE('',#1031,#1032,#202,.F.);
#628=EDGE_CURVE('',#1032,#1033,#29,.T.);
#629=EDGE_CURVE('',#1033,#1030,#203,.F.);
#630=EDGE_CURVE('',#1034,#1035,#204,.F.);
#631=EDGE_CURVE('',#1035,#1036,#30,.T.);
#632=EDGE_CURVE('',#1036,#1037,#205,.F.);
#633=EDGE_CURVE('',#1037,#1034,#31,.T.);
#634=EDGE_CURVE('',#1038,#1038,#206,.T.);
#635=EDGE_CURVE('',#1039,#1039,#207,.T.);
#636=EDGE_CURVE('',#1040,#1040,#757,.T.);
#637=EDGE_CURVE('',#1041,#1041,#208,.F.);
#638=EDGE_CURVE('',#1042,#1043,#209,.T.);
#639=EDGE_CURVE('',#1043,#1044,#758,.T.);
#640=EDGE_CURVE('',#1044,#1045,#32,.T.);
#641=EDGE_CURVE('',#1045,#1046,#210,.T.);
#642=EDGE_CURVE('',#1047,#1046,#33,.T.);
#643=EDGE_CURVE('',#1047,#1048,#759,.F.);
#644=EDGE_CURVE('',#1048,#1049,#211,.T.);
#645=EDGE_CURVE('',#1049,#1050,#760,.T.);
#646=EDGE_CURVE('',#1050,#1051,#212,.T.);
#647=EDGE_CURVE('',#1051,#1052,#761,.T.);
#648=EDGE_CURVE('',#1052,#1053,#213,.T.);
#649=EDGE_CURVE('',#1053,#1054,#762,.T.);
#650=EDGE_CURVE('',#1054,#1055,#34,.T.);
#651=EDGE_CURVE('',#1055,#1056,#214,.T.);
#652=EDGE_CURVE('',#1057,#1056,#35,.T.);
#653=EDGE_CURVE('',#1057,#1058,#763,.F.);
#654=EDGE_CURVE('',#1058,#1059,#215,.T.);
#655=EDGE_CURVE('',#1059,#1060,#764,.T.);
#656=EDGE_CURVE('',#1060,#1061,#216,.F.);
#657=EDGE_CURVE('',#1061,#1042,#765,.T.);
#658=EDGE_CURVE('',#1062,#1045,#36,.T.);
#659=EDGE_CURVE('',#1063,#1062,#217,.T.);
#660=EDGE_CURVE('',#1056,#1063,#37,.T.);
#661=EDGE_CURVE('',#1064,#1055,#38,.T.);
#662=EDGE_CURVE('',#1065,#1064,#218,.T.);
#663=EDGE_CURVE('',#1046,#1065,#39,.T.);
#664=EDGE_CURVE('',#1066,#1066,#219,.T.);
#665=EDGE_CURVE('',#1067,#1067,#220,.T.);
#666=EDGE_CURVE('',#1068,#1068,#221,.T.);
#667=EDGE_CURVE('',#1069,#1069,#222,.T.);
#668=EDGE_CURVE('',#1070,#1070,#223,.T.);
#669=EDGE_CURVE('',#1071,#1071,#766,.T.);
#670=EDGE_CURVE('',#1072,#1072,#224,.T.);
#671=EDGE_CURVE('',#1073,#1073,#225,.T.);
#672=EDGE_CURVE('',#1074,#1075,#226,.T.);
#673=EDGE_CURVE('',#1074,#1076,#40,.T.);
#674=EDGE_CURVE('',#1076,#1077,#227,.F.);
#675=EDGE_CURVE('',#1075,#1077,#41,.T.);
#676=EDGE_CURVE('',#1078,#1075,#42,.T.);
#677=EDGE_CURVE('',#1078,#1079,#228,.T.);
#678=EDGE_CURVE('',#1079,#1029,#43,.T.);
#679=EDGE_CURVE('',#1028,#1080,#767,.T.);
#680=EDGE_CURVE('',#1080,#1063,#44,.T.);
#681=EDGE_CURVE('',#1081,#1062,#45,.T.);
#682=EDGE_CURVE('',#1081,#1074,#768,.F.);
#683=EDGE_CURVE('',#1044,#1081,#46,.F.);
#684=EDGE_CURVE('',#1080,#1057,#47,.F.);
#685=EDGE_CURVE('',#1082,#1082,#229,.T.);
#686=EDGE_CURVE('',#1083,#1033,#48,.T.);
#687=EDGE_CURVE('',#1083,#1084,#230,.F.);
#688=EDGE_CURVE('',#1084,#1037,#49,.T.);
#689=EDGE_CURVE('',#1036,#1085,#769,.T.);
#690=EDGE_CURVE('',#1085,#1065,#50,.T.);
#691=EDGE_CURVE('',#1086,#1064,#51,.T.);
#692=EDGE_CURVE('',#1086,#1030,#770,.F.);
#693=EDGE_CURVE('',#1054,#1086,#52,.F.);
#694=EDGE_CURVE('',#1085,#1047,#53,.F.);
#695=EDGE_CURVE('',#1087,#1087,#231,.T.);
#696=EDGE_CURVE('',#1088,#1089,#54,.T.);
#697=EDGE_CURVE('',#1089,#1090,#232,.F.);
#698=EDGE_CURVE('',#1090,#1091,#55,.T.);
#699=EDGE_CURVE('',#1091,#1088,#233,.T.);
#700=EDGE_CURVE('',#1032,#1092,#771,.T.);
#701=EDGE_CURVE('',#1092,#1093,#56,.T.);
#702=EDGE_CURVE('',#1093,#1083,#57,.F.);
#703=EDGE_CURVE('',#1094,#1095,#58,.F.);
#704=EDGE_CURVE('',#1095,#1034,#772,.T.);
#705=EDGE_CURVE('',#1084,#1094,#59,.F.);
#706=EDGE_CURVE('',#1096,#1097,#60,.F.);
#707=EDGE_CURVE('',#1097,#1098,#234,.T.);
#708=EDGE_CURVE('',#1098,#1099,#61,.F.);
#709=EDGE_CURVE('',#1099,#1096,#235,.F.);
#710=EDGE_CURVE('',#1100,#1101,#62,.T.);
#711=EDGE_CURVE('',#1101,#1026,#773,.T.);
#712=EDGE_CURVE('',#1079,#1100,#63,.T.);
#713=EDGE_CURVE('',#1077,#1102,#774,.T.);
#714=EDGE_CURVE('',#1102,#1103,#64,.F.);
#715=EDGE_CURVE('',#1103,#1078,#65,.T.);
#716=EDGE_CURVE('',#1090,#1094,#775,.T.);
#717=EDGE_CURVE('',#1091,#1084,#236,.T.);
#718=EDGE_CURVE('',#1088,#1083,#237,.T.);
#719=EDGE_CURVE('',#1093,#1089,#776,.T.);
#720=EDGE_CURVE('',#1103,#1097,#777,.T.);
#721=EDGE_CURVE('',#1078,#1096,#238,.T.);
#722=EDGE_CURVE('',#1079,#1099,#239,.T.);
#723=EDGE_CURVE('',#1098,#1100,#778,.T.);
#724=EDGE_CURVE('',#1076,#1044,#779,.T.);
#725=EDGE_CURVE('',#1076,#1043,#240,.T.);
#726=EDGE_CURVE('',#1102,#1042,#780,.T.);
#727=EDGE_CURVE('',#1103,#1042,#241,.T.);
#728=EDGE_CURVE('',#1097,#1061,#242,.T.);
#729=EDGE_CURVE('',#1098,#1060,#243,.T.);
#730=EDGE_CURVE('',#1100,#1059,#244,.T.);
#731=EDGE_CURVE('',#1101,#1059,#781,.T.);
#732=EDGE_CURVE('',#1027,#1058,#245,.T.);
#733=EDGE_CURVE('',#1027,#1057,#782,.T.);
#734=EDGE_CURVE('',#1031,#1054,#783,.T.);
#735=EDGE_CURVE('',#1031,#1053,#246,.T.);
#736=EDGE_CURVE('',#1092,#1052,#784,.T.);
#737=EDGE_CURVE('',#1093,#1052,#247,.T.);
#738=EDGE_CURVE('',#1089,#1051,#248,.T.);
#739=EDGE_CURVE('',#1090,#1050,#249,.T.);
#740=EDGE_CURVE('',#1094,#1049,#250,.T.);
#741=EDGE_CURVE('',#1095,#1049,#785,.T.);
#742=EDGE_CURVE('',#1035,#1048,#251,.T.);
#743=EDGE_CURVE('',#1035,#1047,#786,.T.);
#744=EDGE_CURVE('',#1104,#1104,#252,.T.);
#745=EDGE_CURVE('',#1105,#1105,#253,.T.);
#746=EDGE_CURVE('',#1106,#1106,#254,.T.);
#747=EDGE_CURVE('',#1107,#1107,#255,.T.);
#748=B_SPLINE_CURVE_WITH_KNOTS('',3,(#2142,#2143,#2144,#2145,#2146,#2147,
#2148,#2149,#2150,#2151,#2152),.UNSPECIFIED.,.T.,.F.,(1,1,1,1,1,1,1,1,1,
1,1,1,1,1,1),(-0.00705323694442661,-0.00470215796295107,-0.00235107898147554,
0.,0.00235107898147554,0.00470215796295107,0.00705323694442661,0.00940431592590215,
0.0117553949073777,0.0141064738888532,0.0164575528703288,0.0188086318518043,
0.0211597108332798,0.0235107898147554,0.0258618687962309),.UNSPECIFIED.);
#749=B_SPLINE_CURVE_WITH_KNOTS('',3,(#2158,#2159,#2160,#2161,#2162,#2163,
#2164,#2165,#2166,#2167,#2168),.UNSPECIFIED.,.T.,.F.,(1,1,1,1,1,1,1,1,1,
1,1,1,1,1,1),(-0.0070532369444266,-0.00470215796295107,-0.00235107898147554,
0.,0.00235107898147553,0.00470215796295107,0.0070532369444266,0.00940431592590214,
0.0117553949073777,0.0141064738888532,0.0164575528703287,0.0188086318518043,
0.0211597108332798,0.0235107898147554,0.0258618687962309),.UNSPECIFIED.);
#750=B_SPLINE_CURVE_WITH_KNOTS('',3,(#2175,#2176,#2177,#2178,#2179,#2180,
#2181,#2182,#2183,#2184,#2185,#2186,#2187,#2188,#2189,#2190,#2191,#2192,
#2193),.UNSPECIFIED.,.T.,.F.,(1,1,1,1,1,1,1,1,1,1,1,1,1,1,1,1,1,1,1,1,1,
1,1),(-0.00357548970660473,-0.00238365980440315,-0.00119182990220158,0.,
0.00119182990220158,0.00238365980440316,0.00357548970660473,0.00476731960880631,
0.00595914951100789,0.00715097941320947,0.00834280931541105,0.00953463921761262,
0.0107264691198142,0.0119182990220158,0.0131101289242174,0.0143019588264189,
0.0154937887286205,0.0166856186308221,0.0178774485330237,0.0190692784352252,
0.0202611083374268,0.0214529382396284,0.02264476814183),.UNSPECIFIED.);
#751=B_SPLINE_CURVE_WITH_KNOTS('',3,(#2246,#2247,#2248,#2249,#2250,#2251,
#2252,#2253,#2254,#2255,#2256),.UNSPECIFIED.,.T.,.F.,(1,1,1,1,1,1,1,1,1,
1,1,1,1,1,1),(-0.00236216925423172,-0.00157477950282115,-0.000787389751410573,
0.,0.000787389751410573,0.00157477950282115,0.00236216925423172,0.00314955900564229,
0.00393694875705286,0.00472433850846344,0.00551172825987401,0.00629911801128458,
0.00708650776269515,0.00787389751410573,0.0086612872655163),
 .UNSPECIFIED.);
#752=B_SPLINE_CURVE_WITH_KNOTS('',3,(#2258,#2259,#2260,#2261,#2262,#2263,
#2264),.UNSPECIFIED.,.F.,.F.,(4,1,1,1,4),(3.37357210799693E-7,0.000709354955241322,
0.00141837255327184,0.00212739015130237,0.00283640774933289),
 .UNSPECIFIED.);
#753=B_SPLINE_CURVE_WITH_KNOTS('',3,(#2267,#2268,#2269,#2270,#2271,#2272,
#2273),.UNSPECIFIED.,.F.,.F.,(4,1,1,1,4),(0.,0.000964858426239699,0.0019297168524794,
0.0028945752787191,0.0038594337049588),.UNSPECIFIED.);
#754=B_SPLINE_CURVE_WITH_KNOTS('',3,(#2280,#2281,#2282,#2283,#2284,#2285,
#2286,#2287,#2288,#2289,#2290),.UNSPECIFIED.,.T.,.F.,(1,1,1,1,1,1,1,1,1,
1,1,1,1,1,1),(-0.00236225620860546,-0.00157483747240364,-0.000787418736201821,
0.,0.000787418736201821,0.00157483747240364,0.00236225620860546,0.00314967494480728,
0.0039370936810091,0.00472451241721092,0.00551193115341274,0.00629934988961457,
0.00708676862581639,0.00787418736201821,0.00866160609822003),
 .UNSPECIFIED.);
#755=B_SPLINE_CURVE_WITH_KNOTS('',3,(#2303,#2304,#2305,#2306,#2307,#2308,
#2309),.UNSPECIFIED.,.F.,.F.,(4,1,1,1,4),(3.37357210798975E-7,0.00070935495524132,
0.00141837255327184,0.00212739015130236,0.00283640774933288),
 .UNSPECIFIED.);
#756=B_SPLINE_CURVE_WITH_KNOTS('',3,(#2311,#2312,#2313,#2314,#2315,#2316,
#2317),.UNSPECIFIED.,.F.,.F.,(4,1,1,1,4),(0.,0.000964858426239701,0.0019297168524794,
0.0028945752787191,0.0038594337049588),.UNSPECIFIED.);
#757=B_SPLINE_CURVE_WITH_KNOTS('',3,(#2368,#2369,#2370,#2371,#2372,#2373,
#2374,#2375,#2376,#2377,#2378),.UNSPECIFIED.,.T.,.F.,(1,1,1,1,1,1,1,1,1,
1,1,1,1,1,1),(-0.00351739321664172,-0.00234492881109448,-0.00117246440554724,
0.,0.00117246440554724,0.00234492881109448,0.00351739321664172,0.00468985762218896,
0.00586232202773621,0.00703478643328345,0.00820725083883069,0.00937971524437793,
0.0105521796499252,0.0117246440554724,0.0128971084610197),.UNSPECIFIED.);
#758=B_SPLINE_CURVE_WITH_KNOTS('',3,(#2385,#2386,#2387,#2388,#2389),
 .UNSPECIFIED.,.F.,.F.,(4,1,4),(0.,0.00556362482077956,0.0111272496415591),
 .UNSPECIFIED.);
#759=B_SPLINE_CURVE_WITH_KNOTS('',3,(#2397,#2398,#2399,#2400,#2401),
 .UNSPECIFIED.,.F.,.F.,(4,1,4),(0.,0.00556362482077965,0.0111272496415593),
 .UNSPECIFIED.);
#760=B_SPLINE_CURVE_WITH_KNOTS('',3,(#2405,#2406,#2407,#2408,#2409),
 .UNSPECIFIED.,.F.,.F.,(4,1,4),(0.,0.00160985739323552,0.00321971478647105),
 .UNSPECIFIED.);
#761=B_SPLINE_CURVE_WITH_KNOTS('',3,(#2413,#2414,#2415,#2416,#2417),
 .UNSPECIFIED.,.F.,.F.,(4,1,4),(0.,0.00159544647627739,0.00319089295255477),
 .UNSPECIFIED.);
#762=B_SPLINE_CURVE_WITH_KNOTS('',3,(#2421,#2422,#2423,#2424,#2425),
 .UNSPECIFIED.,.F.,.F.,(4,1,4),(0.,0.00556362482077967,0.0111272496415593),
 .UNSPECIFIED.);
#763=B_SPLINE_CURVE_WITH_KNOTS('',3,(#2433,#2434,#2435,#2436,#2437),
 .UNSPECIFIED.,.F.,.F.,(4,1,4),(0.,0.00556362482077965,0.0111272496415593),
 .UNSPECIFIED.);
#764=B_SPLINE_CURVE_WITH_KNOTS('',3,(#2441,#2442,#2443,#2444,#2445),
 .UNSPECIFIED.,.F.,.F.,(4,1,4),(0.,0.00160985739323552,0.00321971478647105),
 .UNSPECIFIED.);
#765=B_SPLINE_CURVE_WITH_KNOTS('',3,(#2449,#2450,#2451,#2452,#2453),
 .UNSPECIFIED.,.F.,.F.,(4,1,4),(0.,0.00159544647627739,0.00319089295255477),
 .UNSPECIFIED.);
#766=B_SPLINE_CURVE_WITH_KNOTS('',3,(#2478,#2479,#2480,#2481,#2482,#2483,
#2484,#2485,#2486,#2487,#2488),.UNSPECIFIED.,.T.,.F.,(1,1,1,1,1,1,1,1,1,
1,1,1,1,1,1),(-0.0035306048594104,-0.00235373657294027,-0.00117686828647013,
0.,0.00117686828647013,0.00235373657294026,0.0035306048594104,0.00470747314588053,
0.00588434143235066,0.00706120971882079,0.00823807800529093,0.00941494629176106,
0.0105918145782312,0.0117686828647013,0.0129455511511715),.UNSPECIFIED.);
#767=B_SPLINE_CURVE_WITH_KNOTS('',3,(#2511,#2512,#2513,#2514,#2515),
 .UNSPECIFIED.,.F.,.F.,(4,1,4),(0.,0.00244375679811041,0.00488751359622083),
 .UNSPECIFIED.);
#768=B_SPLINE_CURVE_WITH_KNOTS('',3,(#2520,#2521,#2522,#2523,#2524),
 .UNSPECIFIED.,.F.,.F.,(4,1,4),(0.,0.0024437567981104,0.0048875135962208),
 .UNSPECIFIED.);
#769=B_SPLINE_CURVE_WITH_KNOTS('',3,(#2538,#2539,#2540,#2541,#2542),
 .UNSPECIFIED.,.F.,.F.,(4,1,4),(0.,0.00244375679811041,0.00488751359622081),
 .UNSPECIFIED.);
#770=B_SPLINE_CURVE_WITH_KNOTS('',3,(#2547,#2548,#2549,#2550,#2551),
 .UNSPECIFIED.,.F.,.F.,(4,1,4),(0.,0.00244375679811046,0.00488751359622092),
 .UNSPECIFIED.);
#771=B_SPLINE_CURVE_WITH_KNOTS('',3,(#2569,#2570,#2571,#2572),
 .UNSPECIFIED.,.F.,.F.,(4,4),(0.,0.000408687399178901),.UNSPECIFIED.);
#772=B_SPLINE_CURVE_WITH_KNOTS('',3,(#2581,#2582,#2583,#2584),
 .UNSPECIFIED.,.F.,.F.,(4,4),(0.,0.000408687399178897),.UNSPECIFIED.);
#773=B_SPLINE_CURVE_WITH_KNOTS('',3,(#2599,#2600,#2601,#2602),
 .UNSPECIFIED.,.F.,.F.,(4,4),(0.,0.000408687399178898),.UNSPECIFIED.);
#774=B_SPLINE_CURVE_WITH_KNOTS('',3,(#2605,#2606,#2607,#2608),
 .UNSPECIFIED.,.F.,.F.,(4,4),(0.,0.000408687399178901),.UNSPECIFIED.);
#775=B_SPLINE_CURVE_WITH_KNOTS('',3,(#2615,#2616,#2617,#2618,#2619),
 .UNSPECIFIED.,.F.,.F.,(4,1,4),(0.,0.000883340094626887,0.00176668018925377),
 .UNSPECIFIED.);
#776=B_SPLINE_CURVE_WITH_KNOTS('',3,(#2624,#2625,#2626,#2627,#2628),
 .UNSPECIFIED.,.F.,.F.,(4,1,4),(0.,0.000883245373034972,0.00176649074606994),
 .UNSPECIFIED.);
#777=B_SPLINE_CURVE_WITH_KNOTS('',3,(#2630,#2631,#2632,#2633,#2634),
 .UNSPECIFIED.,.F.,.F.,(4,1,4),(0.,0.000883245373034971,0.00176649074606994),
 .UNSPECIFIED.);
#778=B_SPLINE_CURVE_WITH_KNOTS('',3,(#2639,#2640,#2641,#2642,#2643),
 .UNSPECIFIED.,.F.,.F.,(4,1,4),(0.,0.000883340094626888,0.00176668018925378),
 .UNSPECIFIED.);
#779=B_SPLINE_CURVE_WITH_KNOTS('',3,(#2645,#2646,#2647,#2648,#2649),
 .UNSPECIFIED.,.F.,.F.,(4,1,4),(4.9065389333868E-18,0.00557742842430713,
0.0111548568486143),.UNSPECIFIED.);
#780=B_SPLINE_CURVE_WITH_KNOTS('',3,(#2670,#2671,#2672,#2673,#2674),
 .UNSPECIFIED.,.F.,.F.,(4,1,4),(0.,0.000750548887571441,0.00150109777514288),
 .UNSPECIFIED.);
#781=B_SPLINE_CURVE_WITH_KNOTS('',3,(#2712,#2713,#2714,#2715,#2716),
 .UNSPECIFIED.,.F.,.F.,(4,1,4),(0.,0.00075054888757144,0.00150109777514288),
 .UNSPECIFIED.);
#782=B_SPLINE_CURVE_WITH_KNOTS('',3,(#2737,#2738,#2739,#2740,#2741),
 .UNSPECIFIED.,.F.,.F.,(4,1,4),(0.,0.00557742842430722,0.0111548568486144),
 .UNSPECIFIED.);
#783=B_SPLINE_CURVE_WITH_KNOTS('',3,(#2744,#2745,#2746,#2747,#2748),
 .UNSPECIFIED.,.F.,.F.,(4,1,4),(0.,0.00557742842430724,0.0111548568486145),
 .UNSPECIFIED.);
#784=B_SPLINE_CURVE_WITH_KNOTS('',3,(#2769,#2770,#2771,#2772,#2773),
 .UNSPECIFIED.,.F.,.F.,(4,1,4),(0.,0.000750548887571441,0.00150109777514288),
 .UNSPECIFIED.);
#785=B_SPLINE_CURVE_WITH_KNOTS('',3,(#2811,#2812,#2813,#2814,#2815),
 .UNSPECIFIED.,.F.,.F.,(4,1,4),(0.,0.000750548887571441,0.00150109777514288),
 .UNSPECIFIED.);
#786=B_SPLINE_CURVE_WITH_KNOTS('',3,(#2836,#2837,#2838,#2839,#2840),
 .UNSPECIFIED.,.F.,.F.,(4,1,4),(0.,0.00557742842430721,0.0111548568486144),
 .UNSPECIFIED.);
#787=EDGE_LOOP('',(#256));
#788=EDGE_LOOP('',(#257));
#789=EDGE_LOOP('',(#258));
#790=EDGE_LOOP('',(#259));
#791=EDGE_LOOP('',(#260));
#792=EDGE_LOOP('',(#261));
#793=EDGE_LOOP('',(#262));
#794=EDGE_LOOP('',(#263));
#795=EDGE_LOOP('',(#264));
#796=EDGE_LOOP('',(#265));
#797=EDGE_LOOP('',(#266));
#798=EDGE_LOOP('',(#267));
#799=EDGE_LOOP('',(#268));
#800=EDGE_LOOP('',(#269));
#801=EDGE_LOOP('',(#270));
#802=EDGE_LOOP('',(#271));
#803=EDGE_LOOP('',(#272));
#804=EDGE_LOOP('',(#273));
#805=EDGE_LOOP('',(#274));
#806=EDGE_LOOP('',(#275));
#807=EDGE_LOOP('',(#276));
#808=EDGE_LOOP('',(#277));
#809=EDGE_LOOP('',(#278));
#810=EDGE_LOOP('',(#279));
#811=EDGE_LOOP('',(#280));
#812=EDGE_LOOP('',(#281));
#813=EDGE_LOOP('',(#282));
#814=EDGE_LOOP('',(#283));
#815=EDGE_LOOP('',(#284));
#816=EDGE_LOOP('',(#285));
#817=EDGE_LOOP('',(#286));
#818=EDGE_LOOP('',(#287));
#819=EDGE_LOOP('',(#288));
#820=EDGE_LOOP('',(#289));
#821=EDGE_LOOP('',(#290));
#822=EDGE_LOOP('',(#291));
#823=EDGE_LOOP('',(#292));
#824=EDGE_LOOP('',(#293));
#825=EDGE_LOOP('',(#294));
#826=EDGE_LOOP('',(#295));
#827=EDGE_LOOP('',(#296));
#828=EDGE_LOOP('',(#297));
#829=EDGE_LOOP('',(#298));
#830=EDGE_LOOP('',(#299));
#831=EDGE_LOOP('',(#300));
#832=EDGE_LOOP('',(#301,#302));
#833=EDGE_LOOP('',(#303));
#834=EDGE_LOOP('',(#304));
#835=EDGE_LOOP('',(#305));
#836=EDGE_LOOP('',(#306));
#837=EDGE_LOOP('',(#307));
#838=EDGE_LOOP('',(#308));
#839=EDGE_LOOP('',(#309));
#840=EDGE_LOOP('',(#310));
#841=EDGE_LOOP('',(#311,#312));
#842=EDGE_LOOP('',(#313));
#843=EDGE_LOOP('',(#314,#315));
#844=EDGE_LOOP('',(#316,#317));
#845=EDGE_LOOP('',(#318,#319));
#846=EDGE_LOOP('',(#320));
#847=EDGE_LOOP('',(#321));
#848=EDGE_LOOP('',(#322,#323));
#849=EDGE_LOOP('',(#324));
#850=EDGE_LOOP('',(#325));
#851=EDGE_LOOP('',(#326));
#852=EDGE_LOOP('',(#327));
#853=EDGE_LOOP('',(#328));
#854=EDGE_LOOP('',(#329));
#855=EDGE_LOOP('',(#330));
#856=EDGE_LOOP('',(#331));
#857=EDGE_LOOP('',(#332,#333,#334,#335));
#858=EDGE_LOOP('',(#336,#337,#338,#339));
#859=EDGE_LOOP('',(#340,#341,#342,#343));
#860=EDGE_LOOP('',(#344));
#861=EDGE_LOOP('',(#345));
#862=EDGE_LOOP('',(#346));
#863=EDGE_LOOP('',(#347));
#864=EDGE_LOOP('',(#348,#349,#350,#351,#352,#353,#354,#355,#356,#357,#358,
#359,#360,#361,#362,#363,#364,#365,#366,#367));
#865=EDGE_LOOP('',(#368,#369,#370,#371,#372,#373,#374,#375));
#866=EDGE_LOOP('',(#376));
#867=EDGE_LOOP('',(#377));
#868=EDGE_LOOP('',(#378));
#869=EDGE_LOOP('',(#379));
#870=EDGE_LOOP('',(#380));
#871=EDGE_LOOP('',(#381));
#872=EDGE_LOOP('',(#382));
#873=EDGE_LOOP('',(#383));
#874=EDGE_LOOP('',(#384));
#875=EDGE_LOOP('',(#385));
#876=EDGE_LOOP('',(#386));
#877=EDGE_LOOP('',(#387));
#878=EDGE_LOOP('',(#388));
#879=EDGE_LOOP('',(#389));
#880=EDGE_LOOP('',(#390,#391,#392,#393));
#881=EDGE_LOOP('',(#394,#395,#396,#397,#398,#399,#400,#401,#402,#403));
#882=EDGE_LOOP('',(#404,#405,#406,#407));
#883=EDGE_LOOP('',(#408,#409,#410,#411));
#884=EDGE_LOOP('',(#412));
#885=EDGE_LOOP('',(#413));
#886=EDGE_LOOP('',(#414,#415,#416,#417,#418,#419,#420,#421,#422,#423));
#887=EDGE_LOOP('',(#424,#425,#426,#427));
#888=EDGE_LOOP('',(#428,#429,#430,#431));
#889=EDGE_LOOP('',(#432));
#890=EDGE_LOOP('',(#433));
#891=EDGE_LOOP('',(#434));
#892=EDGE_LOOP('',(#435,#436,#437,#438));
#893=EDGE_LOOP('',(#439,#440,#441,#442,#443));
#894=EDGE_LOOP('',(#444,#445,#446,#447,#448));
#895=EDGE_LOOP('',(#449));
#896=EDGE_LOOP('',(#450,#451,#452,#453));
#897=EDGE_LOOP('',(#454,#455,#456,#457,#458));
#898=EDGE_LOOP('',(#459,#460,#461,#462,#463));
#899=EDGE_LOOP('',(#464));
#900=EDGE_LOOP('',(#465));
#901=EDGE_LOOP('',(#466,#467,#468,#469));
#902=EDGE_LOOP('',(#470,#471,#472,#473));
#903=EDGE_LOOP('',(#474,#475,#476,#477));
#904=EDGE_LOOP('',(#478,#479,#480,#481));
#905=EDGE_LOOP('',(#482,#483,#484,#485));
#906=EDGE_LOOP('',(#486,#487,#488,#489));
#907=EDGE_LOOP('',(#490,#491,#492,#493));
#908=EDGE_LOOP('',(#494,#495,#496));
#909=EDGE_LOOP('',(#497,#498,#499,#500,#501));
#910=EDGE_LOOP('',(#502,#503,#504));
#911=EDGE_LOOP('',(#505,#506,#507,#508));
#912=EDGE_LOOP('',(#509,#510,#511,#512));
#913=EDGE_LOOP('',(#513,#514,#515,#516));
#914=EDGE_LOOP('',(#517,#518,#519));
#915=EDGE_LOOP('',(#520,#521,#522,#523,#524));
#916=EDGE_LOOP('',(#525,#526,#527));
#917=EDGE_LOOP('',(#528,#529,#530,#531));
#918=EDGE_LOOP('',(#532,#533,#534,#535));
#919=EDGE_LOOP('',(#536,#537,#538));
#920=EDGE_LOOP('',(#539,#540,#541,#542,#543));
#921=EDGE_LOOP('',(#544,#545,#546));
#922=EDGE_LOOP('',(#547,#548,#549,#550));
#923=EDGE_LOOP('',(#551,#552,#553,#554));
#924=EDGE_LOOP('',(#555,#556,#557,#558));
#925=EDGE_LOOP('',(#559,#560,#561));
#926=EDGE_LOOP('',(#562,#563,#564,#565,#566));
#927=EDGE_LOOP('',(#567,#568,#569));
#928=EDGE_LOOP('',(#570,#571,#572,#573));
#929=EDGE_LOOP('',(#574));
#930=EDGE_LOOP('',(#575));
#931=EDGE_LOOP('',(#576));
#932=EDGE_LOOP('',(#577));
#933=EDGE_LOOP('',(#578));
#934=EDGE_LOOP('',(#579));
#935=EDGE_LOOP('',(#580));
#936=EDGE_LOOP('',(#581));
#937=EDGE_LOOP('',(#582));
#938=EDGE_LOOP('',(#583));
#939=CYLINDRICAL_SURFACE('',#1538,14.3);
#940=CYLINDRICAL_SURFACE('',#1541,5.99999999999999);
#941=CYLINDRICAL_SURFACE('',#1551,10.8);
#942=CYLINDRICAL_SURFACE('',#1552,3.);
#943=CYLINDRICAL_SURFACE('',#1555,3.);
#944=CYLINDRICAL_SURFACE('',#1561,10.6666666666667);
#945=CYLINDRICAL_SURFACE('',#1565,10.6666666666667);
#946=CYLINDRICAL_SURFACE('',#1570,6.);
#947=CYLINDRICAL_SURFACE('',#1575,10.79);
#948=CYLINDRICAL_SURFACE('',#1578,1.);
#949=CYLINDRICAL_SURFACE('',#1586,15.3333333333333);
#950=CYLINDRICAL_SURFACE('',#1590,15.3333333333333);
#951=CYLINDRICAL_SURFACE('',#1591,1.);
#952=CYLINDRICAL_SURFACE('',#1593,3.);
#953=CYLINDRICAL_SURFACE('',#1616,30.5);
#954=CYLINDRICAL_SURFACE('',#1632,21.0787840283389);
#955=CYLINDRICAL_SURFACE('',#1640,21.0787840283389);
#956=CYLINDRICAL_SURFACE('',#1644,11.25);
#957=CYLINDRICAL_SURFACE('',#1648,5.25);
#958=CYLINDRICAL_SURFACE('',#1650,11.25);
#959=CYLINDRICAL_SURFACE('',#1654,5.25);
#960=CYLINDRICAL_SURFACE('',#1667,1.);
#961=CYLINDRICAL_SURFACE('',#1671,1.);
#962=CYLINDRICAL_SURFACE('',#1672,1.);
#963=CYLINDRICAL_SURFACE('',#1676,1.);
#964=CYLINDRICAL_SURFACE('',#1677,1.);
#965=CYLINDRICAL_SURFACE('',#1680,1.);
#966=CYLINDRICAL_SURFACE('',#1686,1.);
#967=CYLINDRICAL_SURFACE('',#1689,1.);
#968=CYLINDRICAL_SURFACE('',#1690,1.);
#969=CYLINDRICAL_SURFACE('',#1693,1.);
#970=CYLINDRICAL_SURFACE('',#1699,1.);
#971=CYLINDRICAL_SURFACE('',#1702,1.);
#972=CYLINDRICAL_SURFACE('',#1703,1.5);
#973=CYLINDRICAL_SURFACE('',#1704,2.5);
#974=CYLINDRICAL_SURFACE('',#1710,1.45);
#975=SHAPE_REPRESENTATION_RELATIONSHIP('','',#1524,#978);
#976=SHAPE_REPRESENTATION_RELATIONSHIP('','',#1526,#979);
#977=SHAPE_REPRESENTATION_RELATIONSHIP('','',#1528,#980);
#978=ADVANCED_BREP_SHAPE_REPRESENTATION('',(#1505,#1506,#1507,#1508,#1509,
#1510,#1511,#1512,#1513,#1514,#1515),#2860);
#979=ADVANCED_BREP_SHAPE_REPRESENTATION('',(#1516),#2861);
#980=ADVANCED_BREP_SHAPE_REPRESENTATION('',(#1517,#1518),#2862);
#981=VERTEX_POINT('',#2126);
#982=VERTEX_POINT('',#2128);
#983=VERTEX_POINT('',#2130);
#984=VERTEX_POINT('',#2132);
#985=VERTEX_POINT('',#2134);
#986=VERTEX_POINT('',#2136);
#987=VERTEX_POINT('',#2138);
#988=VERTEX_POINT('',#2140);
#989=VERTEX_POINT('',#2153);
#990=VERTEX_POINT('',#2155);
#991=VERTEX_POINT('',#2157);
#992=VERTEX_POINT('',#2169);
#993=VERTEX_POINT('',#2172);
#994=VERTEX_POINT('',#2174);
#995=VERTEX_POINT('',#2194);
#996=VERTEX_POINT('',#2197);
#997=VERTEX_POINT('',#2199);
#998=VERTEX_POINT('',#2202);
#999=VERTEX_POINT('',#2205);
#1000=VERTEX_POINT('',#2212);
#1001=VERTEX_POINT('',#2214);
#1002=VERTEX_POINT('',#2217);
#1003=VERTEX_POINT('',#2219);
#1004=VERTEX_POINT('',#2222);
#1005=VERTEX_POINT('',#2225);
#1006=VERTEX_POINT('',#2228);
#1007=VERTEX_POINT('',#2231);
#1008=VERTEX_POINT('',#2233);
#1009=VERTEX_POINT('',#2236);
#1010=VERTEX_POINT('',#2238);
#1011=VERTEX_POINT('',#2241);
#1012=VERTEX_POINT('',#2257);
#1013=VERTEX_POINT('',#2265);
#1014=VERTEX_POINT('',#2266);
#1015=VERTEX_POINT('',#2276);
#1016=VERTEX_POINT('',#2278);
#1017=VERTEX_POINT('',#2291);
#1018=VERTEX_POINT('',#2293);
#1019=VERTEX_POINT('',#2296);
#1020=VERTEX_POINT('',#2301);
#1021=VERTEX_POINT('',#2302);
#1022=VERTEX_POINT('',#2322);
#1023=VERTEX_POINT('',#2324);
#1024=VERTEX_POINT('',#2327);
#1025=VERTEX_POINT('',#2330);
#1026=VERTEX_POINT('',#2337);
#1027=VERTEX_POINT('',#2338);
#1028=VERTEX_POINT('',#2340);
#1029=VERTEX_POINT('',#2342);
#1030=VERTEX_POINT('',#2346);
#1031=VERTEX_POINT('',#2347);
#1032=VERTEX_POINT('',#2349);
#1033=VERTEX_POINT('',#2351);
#1034=VERTEX_POINT('',#2355);
#1035=VERTEX_POINT('',#2356);
#1036=VERTEX_POINT('',#2358);
#1037=VERTEX_POINT('',#2360);
#1038=VERTEX_POINT('',#2364);
#1039=VERTEX_POINT('',#2366);
#1040=VERTEX_POINT('',#2379);
#1041=VERTEX_POINT('',#2381);
#1042=VERTEX_POINT('',#2383);
#1043=VERTEX_POINT('',#2384);
#1044=VERTEX_POINT('',#2390);
#1045=VERTEX_POINT('',#2392);
#1046=VERTEX_POINT('',#2394);
#1047=VERTEX_POINT('',#2396);
#1048=VERTEX_POINT('',#2402);
#1049=VERTEX_POINT('',#2404);
#1050=VERTEX_POINT('',#2410);
#1051=VERTEX_POINT('',#2412);
#1052=VERTEX_POINT('',#2418);
#1053=VERTEX_POINT('',#2420);
#1054=VERTEX_POINT('',#2426);
#1055=VERTEX_POINT('',#2428);
#1056=VERTEX_POINT('',#2430);
#1057=VERTEX_POINT('',#2432);
#1058=VERTEX_POINT('',#2438);
#1059=VERTEX_POINT('',#2440);
#1060=VERTEX_POINT('',#2446);
#1061=VERTEX_POINT('',#2448);
#1062=VERTEX_POINT('',#2456);
#1063=VERTEX_POINT('',#2458);
#1064=VERTEX_POINT('',#2461);
#1065=VERTEX_POINT('',#2463);
#1066=VERTEX_POINT('',#2466);
#1067=VERTEX_POINT('',#2468);
#1068=VERTEX_POINT('',#2470);
#1069=VERTEX_POINT('',#2473);
#1070=VERTEX_POINT('',#2476);
#1071=VERTEX_POINT('',#2489);
#1072=VERTEX_POINT('',#2491);
#1073=VERTEX_POINT('',#2494);
#1074=VERTEX_POINT('',#2498);
#1075=VERTEX_POINT('',#2499);
#1076=VERTEX_POINT('',#2501);
#1077=VERTEX_POINT('',#2503);
#1078=VERTEX_POINT('',#2507);
#1079=VERTEX_POINT('',#2509);
#1080=VERTEX_POINT('',#2516);
#1081=VERTEX_POINT('',#2519);
#1082=VERTEX_POINT('',#2531);
#1083=VERTEX_POINT('',#2534);
#1084=VERTEX_POINT('',#2536);
#1085=VERTEX_POINT('',#2543);
#1086=VERTEX_POINT('',#2546);
#1087=VERTEX_POINT('',#2558);
#1088=VERTEX_POINT('',#2561);
#1089=VERTEX_POINT('',#2562);
#1090=VERTEX_POINT('',#2564);
#1091=VERTEX_POINT('',#2566);
#1092=VERTEX_POINT('',#2573);
#1093=VERTEX_POINT('',#2575);
#1094=VERTEX_POINT('',#2579);
#1095=VERTEX_POINT('',#2580);
#1096=VERTEX_POINT('',#2588);
#1097=VERTEX_POINT('',#2589);
#1098=VERTEX_POINT('',#2591);
#1099=VERTEX_POINT('',#2593);
#1100=VERTEX_POINT('',#2597);
#1101=VERTEX_POINT('',#2598);
#1102=VERTEX_POINT('',#2609);
#1103=VERTEX_POINT('',#2611);
#1104=VERTEX_POINT('',#2845);
#1105=VERTEX_POINT('',#2847);
#1106=VERTEX_POINT('',#2851);
#1107=VERTEX_POINT('',#2854);
#1108=VERTEX_LOOP('',#981);
#1109=VERTEX_LOOP('',#982);
#1110=VERTEX_LOOP('',#983);
#1111=VERTEX_LOOP('',#984);
#1112=VERTEX_LOOP('',#985);
#1113=VERTEX_LOOP('',#986);
#1114=VERTEX_LOOP('',#987);
#1115=VERTEX_LOOP('',#988);
#1116=VERTEX_LOOP('',#1001);
#1117=FACE_BOUND('',#1108,.T.);
#1118=FACE_BOUND('',#1109,.T.);
#1119=FACE_BOUND('',#1110,.T.);
#1120=FACE_BOUND('',#1111,.T.);
#1121=FACE_BOUND('',#1112,.T.);
#1122=FACE_BOUND('',#1113,.T.);
#1123=FACE_BOUND('',#1114,.T.);
#1124=FACE_BOUND('',#1115,.T.);
#1125=FACE_BOUND('',#787,.T.);
#1126=FACE_BOUND('',#788,.T.);
#1127=FACE_BOUND('',#789,.T.);
#1128=FACE_BOUND('',#790,.T.);
#1129=FACE_BOUND('',#791,.T.);
#1130=FACE_BOUND('',#792,.T.);
#1131=FACE_BOUND('',#793,.T.);
#1132=FACE_BOUND('',#794,.T.);
#1133=FACE_BOUND('',#795,.T.);
#1134=FACE_BOUND('',#796,.T.);
#1135=FACE_BOUND('',#797,.T.);
#1136=FACE_BOUND('',#798,.T.);
#1137=FACE_BOUND('',#799,.T.);
#1138=FACE_BOUND('',#800,.T.);
#1139=FACE_BOUND('',#801,.T.);
#1140=FACE_BOUND('',#802,.T.);
#1141=FACE_BOUND('',#803,.T.);
#1142=FACE_BOUND('',#804,.T.);
#1143=FACE_BOUND('',#805,.T.);
#1144=FACE_BOUND('',#806,.T.);
#1145=FACE_BOUND('',#807,.T.);
#1146=FACE_BOUND('',#808,.T.);
#1147=FACE_BOUND('',#809,.T.);
#1148=FACE_BOUND('',#810,.T.);
#1149=FACE_BOUND('',#1116,.T.);
#1150=FACE_BOUND('',#811,.T.);
#1151=FACE_BOUND('',#812,.T.);
#1152=FACE_BOUND('',#813,.T.);
#1153=FACE_BOUND('',#814,.T.);
#1154=FACE_BOUND('',#815,.T.);
#1155=FACE_BOUND('',#816,.T.);
#1156=FACE_BOUND('',#817,.T.);
#1157=FACE_BOUND('',#818,.T.);
#1158=FACE_BOUND('',#819,.T.);
#1159=FACE_BOUND('',#820,.T.);
#1160=FACE_BOUND('',#821,.T.);
#1161=FACE_BOUND('',#822,.T.);
#1162=FACE_BOUND('',#823,.T.);
#1163=FACE_BOUND('',#824,.T.);
#1164=FACE_BOUND('',#825,.T.);
#1165=FACE_BOUND('',#826,.T.);
#1166=FACE_BOUND('',#827,.T.);
#1167=FACE_BOUND('',#828,.T.);
#1168=FACE_BOUND('',#829,.T.);
#1169=FACE_BOUND('',#830,.T.);
#1170=FACE_BOUND('',#831,.T.);
#1171=FACE_BOUND('',#832,.T.);
#1172=FACE_BOUND('',#833,.T.);
#1173=FACE_BOUND('',#834,.T.);
#1174=FACE_BOUND('',#835,.T.);
#1175=FACE_BOUND('',#836,.T.);
#1176=FACE_BOUND('',#837,.T.);
#1177=FACE_BOUND('',#838,.T.);
#1178=FACE_BOUND('',#839,.T.);
#1179=FACE_BOUND('',#840,.T.);
#1180=FACE_BOUND('',#841,.T.);
#1181=FACE_BOUND('',#842,.T.);
#1182=FACE_BOUND('',#843,.T.);
#1183=FACE_BOUND('',#844,.T.);
#1184=FACE_BOUND('',#845,.T.);
#1185=FACE_BOUND('',#846,.T.);
#1186=FACE_BOUND('',#847,.T.);
#1187=FACE_BOUND('',#848,.T.);
#1188=FACE_BOUND('',#849,.T.);
#1189=FACE_BOUND('',#850,.T.);
#1190=FACE_BOUND('',#851,.T.);
#1191=FACE_BOUND('',#852,.T.);
#1192=FACE_BOUND('',#853,.T.);
#1193=FACE_BOUND('',#854,.T.);
#1194=FACE_BOUND('',#855,.T.);
#1195=FACE_BOUND('',#856,.T.);
#1196=FACE_BOUND('',#857,.T.);
#1197=FACE_BOUND('',#858,.T.);
#1198=FACE_BOUND('',#859,.T.);
#1199=FACE_BOUND('',#860,.T.);
#1200=FACE_BOUND('',#861,.T.);
#1201=FACE_BOUND('',#862,.T.);
#1202=FACE_BOUND('',#863,.T.);
#1203=FACE_BOUND('',#864,.T.);
#1204=FACE_BOUND('',#865,.T.);
#1205=FACE_BOUND('',#866,.T.);
#1206=FACE_BOUND('',#867,.T.);
#1207=FACE_BOUND('',#868,.T.);
#1208=FACE_BOUND('',#869,.T.);
#1209=FACE_BOUND('',#870,.T.);
#1210=FACE_BOUND('',#871,.T.);
#1211=FACE_BOUND('',#872,.T.);
#1212=FACE_BOUND('',#873,.T.);
#1213=FACE_BOUND('',#874,.T.);
#1214=FACE_BOUND('',#875,.T.);
#1215=FACE_BOUND('',#876,.T.);
#1216=FACE_BOUND('',#877,.T.);
#1217=FACE_BOUND('',#878,.T.);
#1218=FACE_BOUND('',#879,.T.);
#1219=FACE_BOUND('',#880,.T.);
#1220=FACE_BOUND('',#881,.T.);
#1221=FACE_BOUND('',#882,.T.);
#1222=FACE_BOUND('',#883,.T.);
#1223=FACE_BOUND('',#884,.T.);
#1224=FACE_BOUND('',#885,.T.);
#1225=FACE_BOUND('',#886,.T.);
#1226=FACE_BOUND('',#887,.T.);
#1227=FACE_BOUND('',#888,.T.);
#1228=FACE_BOUND('',#889,.T.);
#1229=FACE_BOUND('',#890,.T.);
#1230=FACE_BOUND('',#891,.T.);
#1231=FACE_BOUND('',#892,.T.);
#1232=FACE_BOUND('',#893,.T.);
#1233=FACE_BOUND('',#894,.T.);
#1234=FACE_BOUND('',#895,.T.);
#1235=FACE_BOUND('',#896,.T.);
#1236=FACE_BOUND('',#897,.T.);
#1237=FACE_BOUND('',#898,.T.);
#1238=FACE_BOUND('',#899,.T.);
#1239=FACE_BOUND('',#900,.T.);
#1240=FACE_BOUND('',#901,.T.);
#1241=FACE_BOUND('',#902,.T.);
#1242=FACE_BOUND('',#903,.T.);
#1243=FACE_BOUND('',#904,.T.);
#1244=FACE_BOUND('',#905,.T.);
#1245=FACE_BOUND('',#906,.T.);
#1246=FACE_BOUND('',#907,.T.);
#1247=FACE_BOUND('',#908,.T.);
#1248=FACE_BOUND('',#909,.T.);
#1249=FACE_BOUND('',#910,.T.);
#1250=FACE_BOUND('',#911,.T.);
#1251=FACE_BOUND('',#912,.T.);
#1252=FACE_BOUND('',#913,.T.);
#1253=FACE_BOUND('',#914,.T.);
#1254=FACE_BOUND('',#915,.T.);
#1255=FACE_BOUND('',#916,.T.);
#1256=FACE_BOUND('',#917,.T.);
#1257=FACE_BOUND('',#918,.T.);
#1258=FACE_BOUND('',#919,.T.);
#1259=FACE_BOUND('',#920,.T.);
#1260=FACE_BOUND('',#921,.T.);
#1261=FACE_BOUND('',#922,.T.);
#1262=FACE_BOUND('',#923,.T.);
#1263=FACE_BOUND('',#924,.T.);
#1264=FACE_BOUND('',#925,.T.);
#1265=FACE_BOUND('',#926,.T.);
#1266=FACE_BOUND('',#927,.T.);
#1267=FACE_BOUND('',#928,.T.);
#1268=FACE_BOUND('',#929,.T.);
#1269=FACE_BOUND('',#930,.T.);
#1270=FACE_BOUND('',#931,.T.);
#1271=FACE_BOUND('',#932,.T.);
#1272=FACE_BOUND('',#933,.T.);
#1273=FACE_BOUND('',#934,.T.);
#1274=FACE_BOUND('',#935,.T.);
#1275=FACE_BOUND('',#936,.T.);
#1276=FACE_BOUND('',#937,.T.);
#1277=FACE_BOUND('',#938,.T.);
#1278=SPHERICAL_SURFACE('',#1530,3.82226266952177);
#1279=SPHERICAL_SURFACE('',#1531,3.82226266952177);
#1280=SPHERICAL_SURFACE('',#1532,3.82226266952177);
#1281=SPHERICAL_SURFACE('',#1533,3.82226266952177);
#1282=SPHERICAL_SURFACE('',#1534,3.82226266952177);
#1283=SPHERICAL_SURFACE('',#1535,3.82226266952177);
#1284=SPHERICAL_SURFACE('',#1536,3.82226266952177);
#1285=SPHERICAL_SURFACE('',#1537,3.82226266952177);
#1286=SPHERICAL_SURFACE('',#1582,20.);
#1287=SPHERICAL_SURFACE('',#1636,20.);
#1288=ADVANCED_FACE('',(#1117),#1278,.T.);
#1289=ADVANCED_FACE('',(#1118),#1279,.T.);
#1290=ADVANCED_FACE('',(#1119),#1280,.T.);
#1291=ADVANCED_FACE('',(#1120),#1281,.T.);
#1292=ADVANCED_FACE('',(#1121),#1282,.T.);
#1293=ADVANCED_FACE('',(#1122),#1283,.T.);
#1294=ADVANCED_FACE('',(#1123),#1284,.T.);
#1295=ADVANCED_FACE('',(#1124),#1285,.T.);
#1296=ADVANCED_FACE('',(#1125,#1126,#1127,#1128),#939,.T.);
#1297=ADVANCED_FACE('',(#1129,#1130,#1131),#940,.F.);
#1298=ADVANCED_FACE('',(#1132,#1133),#142,.F.);
#1299=ADVANCED_FACE('',(#1134,#1135),#143,.F.);
#1300=ADVANCED_FACE('',(#1136,#1137),#144,.F.);
#1301=ADVANCED_FACE('',(#1138,#1139),#941,.F.);
#1302=ADVANCED_FACE('',(#1140,#1141),#942,.F.);
#1303=ADVANCED_FACE('',(#1142,#1143),#135,.T.);
#1304=ADVANCED_FACE('',(#1144,#1145),#136,.T.);
#1305=ADVANCED_FACE('',(#1146,#1147),#943,.F.);
#1306=ADVANCED_FACE('',(#1148,#1149),#137,.F.);
#1307=ADVANCED_FACE('',(#1150,#1151),#145,.T.);
#1308=ADVANCED_FACE('',(#1152,#1153),#944,.T.);
#1309=ADVANCED_FACE('',(#1154,#1155),#122,.F.);
#1310=ADVANCED_FACE('',(#1156,#1157),#945,.T.);
#1311=ADVANCED_FACE('',(#1158,#1159),#146,.T.);
#1312=ADVANCED_FACE('',(#1160,#1161),#946,.F.);
#1313=ADVANCED_FACE('',(#1162,#1163),#147,.T.);
#1314=ADVANCED_FACE('',(#1164,#1165),#947,.T.);
#1315=ADVANCED_FACE('',(#1166,#1167),#138,.F.);
#1316=ADVANCED_FACE('',(#1168,#1169),#139,.T.);
#1317=ADVANCED_FACE('',(#1170,#1171),#948,.F.);
#1318=ADVANCED_FACE('',(#1172,#1173),#148,.T.);
#1319=ADVANCED_FACE('',(#1174,#1175,#1176,#1177),#1286,.T.);
#1320=ADVANCED_FACE('',(#1178,#1179),#149,.T.);
#1321=ADVANCED_FACE('',(#1180,#1181),#949,.F.);
#1322=ADVANCED_FACE('',(#1182,#1183),#123,.F.);
#1323=ADVANCED_FACE('',(#1184,#1185),#950,.F.);
#1324=ADVANCED_FACE('',(#1186,#1187),#951,.F.);
#1325=ADVANCED_FACE('',(#1188,#1189),#952,.T.);
#1326=ADVANCED_FACE('',(#1190),#150,.F.);
#1327=ADVANCED_FACE('',(#1191),#151,.T.);
#1328=ADVANCED_FACE('',(#1192,#1193),#140,.T.);
#1329=ADVANCED_FACE('',(#1194,#1195),#141,.T.);
#1330=ADVANCED_FACE('',(#1196),#152,.T.);
#1331=ADVANCED_FACE('',(#1197),#153,.T.);
#1332=ADVANCED_FACE('',(#1198),#154,.T.);
#1333=ADVANCED_FACE('',(#1199,#1200),#155,.T.);
#1334=ADVANCED_FACE('',(#1201,#1202,#1203),#953,.T.);
#1335=ADVANCED_FACE('',(#1204,#1205,#1206,#1207),#156,.T.);
#1336=ADVANCED_FACE('',(#1208,#1209),#954,.F.);
#1337=ADVANCED_FACE('',(#1210,#1211),#124,.F.);
#1338=ADVANCED_FACE('',(#1212,#1213,#1214),#1287,.F.);
#1339=ADVANCED_FACE('',(#1215,#1216),#125,.F.);
#1340=ADVANCED_FACE('',(#1217,#1218),#955,.F.);
#1341=ADVANCED_FACE('',(#1219),#157,.T.);
#1342=ADVANCED_FACE('',(#1220),#956,.T.);
#1343=ADVANCED_FACE('',(#1221),#158,.F.);
#1344=ADVANCED_FACE('',(#1222),#159,.F.);
#1345=ADVANCED_FACE('',(#1223,#1224),#957,.F.);
#1346=ADVANCED_FACE('',(#1225),#958,.T.);
#1347=ADVANCED_FACE('',(#1226),#160,.F.);
#1348=ADVANCED_FACE('',(#1227),#161,.F.);
#1349=ADVANCED_FACE('',(#1228,#1229),#959,.F.);
#1350=ADVANCED_FACE('',(#1230,#1231),#162,.T.);
#1351=ADVANCED_FACE('',(#1232),#163,.F.);
#1352=ADVANCED_FACE('',(#1233),#164,.F.);
#1353=ADVANCED_FACE('',(#1234,#1235),#165,.F.);
#1354=ADVANCED_FACE('',(#1236),#166,.T.);
#1355=ADVANCED_FACE('',(#1237),#167,.T.);
#1356=ADVANCED_FACE('',(#1238,#1239),#126,.T.);
#1357=ADVANCED_FACE('',(#1240),#960,.T.);
#1358=ADVANCED_FACE('',(#1241),#127,.T.);
#1359=ADVANCED_FACE('',(#1242),#961,.T.);
#1360=ADVANCED_FACE('',(#1243),#962,.T.);
#1361=ADVANCED_FACE('',(#1244),#128,.T.);
#1362=ADVANCED_FACE('',(#1245),#963,.T.);
#1363=ADVANCED_FACE('',(#1246),#964,.T.);
#1364=ADVANCED_FACE('',(#1247),#18,.F.);
#1365=ADVANCED_FACE('',(#1248),#129,.F.);
#1366=ADVANCED_FACE('',(#1249),#965,.F.);
#1367=ADVANCED_FACE('',(#1250),#19,.F.);
#1368=ADVANCED_FACE('',(#1251),#130,.F.);
#1369=ADVANCED_FACE('',(#1252),#20,.F.);
#1370=ADVANCED_FACE('',(#1253),#966,.F.);
#1371=ADVANCED_FACE('',(#1254),#131,.F.);
#1372=ADVANCED_FACE('',(#1255),#21,.F.);
#1373=ADVANCED_FACE('',(#1256),#967,.T.);
#1374=ADVANCED_FACE('',(#1257),#968,.T.);
#1375=ADVANCED_FACE('',(#1258),#22,.F.);
#1376=ADVANCED_FACE('',(#1259),#132,.F.);
#1377=ADVANCED_FACE('',(#1260),#969,.F.);
#1378=ADVANCED_FACE('',(#1261),#23,.F.);
#1379=ADVANCED_FACE('',(#1262),#133,.F.);
#1380=ADVANCED_FACE('',(#1263),#24,.F.);
#1381=ADVANCED_FACE('',(#1264),#970,.F.);
#1382=ADVANCED_FACE('',(#1265),#134,.F.);
#1383=ADVANCED_FACE('',(#1266),#25,.F.);
#1384=ADVANCED_FACE('',(#1267),#971,.T.);
#1385=ADVANCED_FACE('',(#1268,#1269),#972,.F.);
#1386=ADVANCED_FACE('',(#1270,#1271),#973,.T.);
#1387=ADVANCED_FACE('',(#1272),#168,.F.);
#1388=ADVANCED_FACE('',(#1273),#169,.F.);
#1389=ADVANCED_FACE('',(#1274,#1275),#974,.T.);
#1390=ADVANCED_FACE('',(#1276,#1277),#170,.F.);
#1391=CLOSED_SHELL('',(#1288));
#1392=CLOSED_SHELL('',(#1289));
#1393=CLOSED_SHELL('',(#1290));
#1394=CLOSED_SHELL('',(#1291));
#1395=CLOSED_SHELL('',(#1292));
#1396=CLOSED_SHELL('',(#1293));
#1397=CLOSED_SHELL('',(#1294));
#1398=CLOSED_SHELL('',(#1295));
#1399=CLOSED_SHELL('',(#1296,#1297,#1298,#1299,#1300,#1301,#1302,#1303,
#1304,#1305,#1306));
#1400=CLOSED_SHELL('',(#1307,#1308,#1309,#1310,#1311,#1312,#1313,#1314,
#1315,#1316));
#1401=CLOSED_SHELL('',(#1317,#1318,#1319,#1320,#1321,#1322,#1323,#1324));
#1402=CLOSED_SHELL('',(#1325,#1326,#1327,#1328,#1329));
#1403=CLOSED_SHELL('',(#1330,#1331,#1332,#1333,#1334,#1335,#1336,#1337,
#1338,#1339,#1340,#1341,#1342,#1343,#1344,#1345,#1346,#1347,#1348,#1349,
#1350,#1351,#1352,#1353,#1354,#1355,#1356,#1357,#1358,#1359,#1360,#1361,
#1362,#1363,#1364,#1365,#1366,#1367,#1368,#1369,#1370,#1371,#1372,#1373,
#1374,#1375,#1376,#1377,#1378,#1379,#1380,#1381,#1382,#1383,#1384,#1385));
#1404=CLOSED_SHELL('',(#1386,#1387,#1388,#1389,#1390));
#1405=STYLED_ITEM('',(#1419),#1505);
#1406=STYLED_ITEM('',(#1420),#1506);
#1407=STYLED_ITEM('',(#1421),#1507);
#1408=STYLED_ITEM('',(#1422),#1508);
#1409=STYLED_ITEM('',(#1423),#1509);
#1410=STYLED_ITEM('',(#1424),#1510);
#1411=STYLED_ITEM('',(#1425),#1511);
#1412=STYLED_ITEM('',(#1426),#1512);
#1413=STYLED_ITEM('',(#1427),#1513);
#1414=STYLED_ITEM('',(#1428),#1514);
#1415=STYLED_ITEM('',(#1429),#1515);
#1416=STYLED_ITEM('',(#1430),#1516);
#1417=STYLED_ITEM('',(#1431),#1517);
#1418=STYLED_ITEM('',(#1432),#1518);
#1419=PRESENTATION_STYLE_ASSIGNMENT((#1433));
#1420=PRESENTATION_STYLE_ASSIGNMENT((#1434));
#1421=PRESENTATION_STYLE_ASSIGNMENT((#1435));
#1422=PRESENTATION_STYLE_ASSIGNMENT((#1436));
#1423=PRESENTATION_STYLE_ASSIGNMENT((#1437));
#1424=PRESENTATION_STYLE_ASSIGNMENT((#1438));
#1425=PRESENTATION_STYLE_ASSIGNMENT((#1439));
#1426=PRESENTATION_STYLE_ASSIGNMENT((#1440));
#1427=PRESENTATION_STYLE_ASSIGNMENT((#1441));
#1428=PRESENTATION_STYLE_ASSIGNMENT((#1442));
#1429=PRESENTATION_STYLE_ASSIGNMENT((#1443));
#1430=PRESENTATION_STYLE_ASSIGNMENT((#1444));
#1431=PRESENTATION_STYLE_ASSIGNMENT((#1445));
#1432=PRESENTATION_STYLE_ASSIGNMENT((#1446));
#1433=SURFACE_STYLE_USAGE(.BOTH.,#1447);
#1434=SURFACE_STYLE_USAGE(.BOTH.,#1448);
#1435=SURFACE_STYLE_USAGE(.BOTH.,#1449);
#1436=SURFACE_STYLE_USAGE(.BOTH.,#1450);
#1437=SURFACE_STYLE_USAGE(.BOTH.,#1451);
#1438=SURFACE_STYLE_USAGE(.BOTH.,#1452);
#1439=SURFACE_STYLE_USAGE(.BOTH.,#1453);
#1440=SURFACE_STYLE_USAGE(.BOTH.,#1454);
#1441=SURFACE_STYLE_USAGE(.BOTH.,#1455);
#1442=SURFACE_STYLE_USAGE(.BOTH.,#1456);
#1443=SURFACE_STYLE_USAGE(.BOTH.,#1457);
#1444=SURFACE_STYLE_USAGE(.BOTH.,#1458);
#1445=SURFACE_STYLE_USAGE(.BOTH.,#1459);
#1446=SURFACE_STYLE_USAGE(.BOTH.,#1460);
#1447=SURFACE_SIDE_STYLE('',(#1461));
#1448=SURFACE_SIDE_STYLE('',(#1462));
#1449=SURFACE_SIDE_STYLE('',(#1463));
#1450=SURFACE_SIDE_STYLE('',(#1464));
#1451=SURFACE_SIDE_STYLE('',(#1465));
#1452=SURFACE_SIDE_STYLE('',(#1466));
#1453=SURFACE_SIDE_STYLE('',(#1467));
#1454=SURFACE_SIDE_STYLE('',(#1468));
#1455=SURFACE_SIDE_STYLE('',(#1469));
#1456=SURFACE_SIDE_STYLE('',(#1470));
#1457=SURFACE_SIDE_STYLE('',(#1471));
#1458=SURFACE_SIDE_STYLE('',(#1472));
#1459=SURFACE_SIDE_STYLE('',(#1473));
#1460=SURFACE_SIDE_STYLE('',(#1474));
#1461=SURFACE_STYLE_FILL_AREA(#1475);
#1462=SURFACE_STYLE_FILL_AREA(#1476);
#1463=SURFACE_STYLE_FILL_AREA(#1477);
#1464=SURFACE_STYLE_FILL_AREA(#1478);
#1465=SURFACE_STYLE_FILL_AREA(#1479);
#1466=SURFACE_STYLE_FILL_AREA(#1480);
#1467=SURFACE_STYLE_FILL_AREA(#1481);
#1468=SURFACE_STYLE_FILL_AREA(#1482);
#1469=SURFACE_STYLE_FILL_AREA(#1483);
#1470=SURFACE_STYLE_FILL_AREA(#1484);
#1471=SURFACE_STYLE_FILL_AREA(#1485);
#1472=SURFACE_STYLE_FILL_AREA(#1486);
#1473=SURFACE_STYLE_FILL_AREA(#1487);
#1474=SURFACE_STYLE_FILL_AREA(#1488);
#1475=FILL_AREA_STYLE('',(#1489));
#1476=FILL_AREA_STYLE('',(#1490));
#1477=FILL_AREA_STYLE('',(#1491));
#1478=FILL_AREA_STYLE('',(#1492));
#1479=FILL_AREA_STYLE('',(#1493));
#1480=FILL_AREA_STYLE('',(#1494));
#1481=FILL_AREA_STYLE('',(#1495));
#1482=FILL_AREA_STYLE('',(#1496));
#1483=FILL_AREA_STYLE('',(#1497));
#1484=FILL_AREA_STYLE('',(#1498));
#1485=FILL_AREA_STYLE('',(#1499));
#1486=FILL_AREA_STYLE('',(#1500));
#1487=FILL_AREA_STYLE('',(#1501));
#1488=FILL_AREA_STYLE('',(#1502));
#1489=FILL_AREA_STYLE_COLOUR('',#1503);
#1490=FILL_AREA_STYLE_COLOUR('',#1503);
#1491=FILL_AREA_STYLE_COLOUR('',#1503);
#1492=FILL_AREA_STYLE_COLOUR('',#1503);
#1493=FILL_AREA_STYLE_COLOUR('',#1503);
#1494=FILL_AREA_STYLE_COLOUR('',#1503);
#1495=FILL_AREA_STYLE_COLOUR('',#1503);
#1496=FILL_AREA_STYLE_COLOUR('',#1503);
#1497=FILL_AREA_STYLE_COLOUR('',#1503);
#1498=FILL_AREA_STYLE_COLOUR('',#1503);
#1499=FILL_AREA_STYLE_COLOUR('',#1503);
#1500=FILL_AREA_STYLE_COLOUR('',#1503);
#1501=FILL_AREA_STYLE_COLOUR('',#1504);
#1502=FILL_AREA_STYLE_COLOUR('',#1504);
#1503=COLOUR_RGB('',0.331739127635956,0.340869575738907,0.349999994039536);
#1504=COLOUR_RGB('',0.506983280181885,0.531564235687256,0.550000011920929);
#1505=MANIFOLD_SOLID_BREP('',#1391);
#1506=MANIFOLD_SOLID_BREP('',#1392);
#1507=MANIFOLD_SOLID_BREP('',#1393);
#1508=MANIFOLD_SOLID_BREP('',#1394);
#1509=MANIFOLD_SOLID_BREP('',#1395);
#1510=MANIFOLD_SOLID_BREP('',#1396);
#1511=MANIFOLD_SOLID_BREP('',#1397);
#1512=MANIFOLD_SOLID_BREP('',#1398);
#1513=MANIFOLD_SOLID_BREP('',#1399);
#1514=MANIFOLD_SOLID_BREP('',#1400);
#1515=MANIFOLD_SOLID_BREP('',#1401);
#1516=MANIFOLD_SOLID_BREP('',#1402);
#1517=MANIFOLD_SOLID_BREP('',#1403);
#1518=MANIFOLD_SOLID_BREP('',#1404);
#1519=SHAPE_DEFINITION_REPRESENTATION(#2873,#1524);
#1520=SHAPE_DEFINITION_REPRESENTATION(#2872,#1525);
#1521=SHAPE_DEFINITION_REPRESENTATION(#2875,#1526);
#1522=SHAPE_DEFINITION_REPRESENTATION(#2871,#1527);
#1523=SHAPE_DEFINITION_REPRESENTATION(#2878,#1528);
#1524=SHAPE_REPRESENTATION('UEL\X2\74038F74627F\X0\',(#1529),#2860);
#1525=SHAPE_REPRESENTATION('UEL\X2\7441547453A46D63\X0\?',(#1529,#1592,
#1602),#2859);
#1526=SHAPE_REPRESENTATION('\X2\504F5FC3595798764E1D\X0\',(#1529),#2861);
#1527=SHAPE_REPRESENTATION(
'UELFLU\X2\752FFE415F75893032209A87934B5FD37E3E6FC26940E63B941E51AE6F70941E51AD917193B5\X0\?',
(#1529,#1603,#1713),#2858);
#1528=SHAPE_REPRESENTATION('FLU\X2\94F8902051F87F185EA783F15F62\X0\',(#1529),
#2862);
#1529=AXIS2_PLACEMENT_3D('',#2124,#1714,#1715);
#1530=AXIS2_PLACEMENT_3D('',#2125,#1716,#1717);
#1531=AXIS2_PLACEMENT_3D('',#2127,#1718,#1719);
#1532=AXIS2_PLACEMENT_3D('',#2129,#1720,#1721);
#1533=AXIS2_PLACEMENT_3D('',#2131,#1722,#1723);
#1534=AXIS2_PLACEMENT_3D('',#2133,#1724,#1725);
#1535=AXIS2_PLACEMENT_3D('',#2135,#1726,#1727);
#1536=AXIS2_PLACEMENT_3D('',#2137,#1728,#1729);
#1537=AXIS2_PLACEMENT_3D('',#2139,#1730,#1731);
#1538=AXIS2_PLACEMENT_3D('',#2141,#1732,#1733);
#1539=AXIS2_PLACEMENT_3D('',#2154,#1734,#1735);
#1540=AXIS2_PLACEMENT_3D('',#2156,#1736,#1737);
#1541=AXIS2_PLACEMENT_3D('',#2170,#1738,#1739);
#1542=AXIS2_PLACEMENT_3D('',#2171,#1740,#1741);
#1543=AXIS2_PLACEMENT_3D('',#2173,#1742,#1743);
#1544=AXIS2_PLACEMENT_3D('',#2195,#1744,#1745);
#1545=AXIS2_PLACEMENT_3D('',#2196,#1746,#1747);
#1546=AXIS2_PLACEMENT_3D('',#2198,#1748,#1749);
#1547=AXIS2_PLACEMENT_3D('',#2200,#1750,#1751);
#1548=AXIS2_PLACEMENT_3D('',#2201,#1752,#1753);
#1549=AXIS2_PLACEMENT_3D('',#2203,#1754,#1755);
#1550=AXIS2_PLACEMENT_3D('',#2204,#1756,#1757);
#1551=AXIS2_PLACEMENT_3D('',#2206,#1758,#1759);
#1552=AXIS2_PLACEMENT_3D('',#2207,#1760,#1761);
#1553=AXIS2_PLACEMENT_3D('',#2208,#1762,#1763);
#1554=AXIS2_PLACEMENT_3D('',#2209,#1764,#1765);
#1555=AXIS2_PLACEMENT_3D('',#2210,#1766,#1767);
#1556=AXIS2_PLACEMENT_3D('',#2211,#1768,#1769);
#1557=AXIS2_PLACEMENT_3D('',#2213,#1770,#1771);
#1558=AXIS2_PLACEMENT_3D('',#2215,#1772,#1773);
#1559=AXIS2_PLACEMENT_3D('',#2216,#1774,#1775);
#1560=AXIS2_PLACEMENT_3D('',#2218,#1776,#1777);
#1561=AXIS2_PLACEMENT_3D('',#2220,#1778,#1779);
#1562=AXIS2_PLACEMENT_3D('',#2221,#1780,#1781);
#1563=AXIS2_PLACEMENT_3D('',#2223,#1782,#1783);
#1564=AXIS2_PLACEMENT_3D('',#2224,#1784,#1785);
#1565=AXIS2_PLACEMENT_3D('',#2226,#1786,#1787);
#1566=AXIS2_PLACEMENT_3D('',#2227,#1788,#1789);
#1567=AXIS2_PLACEMENT_3D('',#2229,#1790,#1791);
#1568=AXIS2_PLACEMENT_3D('',#2230,#1792,#1793);
#1569=AXIS2_PLACEMENT_3D('',#2232,#1794,#1795);
#1570=AXIS2_PLACEMENT_3D('',#2234,#1796,#1797);
#1571=AXIS2_PLACEMENT_3D('',#2235,#1798,#1799);
#1572=AXIS2_PLACEMENT_3D('',#2237,#1800,#1801);
#1573=AXIS2_PLACEMENT_3D('',#2239,#1802,#1803);
#1574=AXIS2_PLACEMENT_3D('',#2240,#1804,#1805);
#1575=AXIS2_PLACEMENT_3D('',#2242,#1806,#1807);
#1576=AXIS2_PLACEMENT_3D('',#2243,#1808,#1809);
#1577=AXIS2_PLACEMENT_3D('',#2244,#1810,#1811);
#1578=AXIS2_PLACEMENT_3D('',#2245,#1812,#1813);
#1579=AXIS2_PLACEMENT_3D('',#2274,#1814,#1815);
#1580=AXIS2_PLACEMENT_3D('',#2275,#1816,#1817);
#1581=AXIS2_PLACEMENT_3D('',#2277,#1818,#1819);
#1582=AXIS2_PLACEMENT_3D('',#2279,#1820,#1821);
#1583=AXIS2_PLACEMENT_3D('',#2292,#1822,#1823);
#1584=AXIS2_PLACEMENT_3D('',#2294,#1824,#1825);
#1585=AXIS2_PLACEMENT_3D('',#2295,#1826,#1827);
#1586=AXIS2_PLACEMENT_3D('',#2297,#1828,#1829);
#1587=AXIS2_PLACEMENT_3D('',#2298,#1830,#1831);
#1588=AXIS2_PLACEMENT_3D('',#2299,#1832,#1833);
#1589=AXIS2_PLACEMENT_3D('',#2300,#1834,#1835);
#1590=AXIS2_PLACEMENT_3D('',#2310,#1836,#1837);
#1591=AXIS2_PLACEMENT_3D('',#2318,#1838,#1839);
#1592=AXIS2_PLACEMENT_3D('',#2319,#1840,#1841);
#1593=AXIS2_PLACEMENT_3D('',#2320,#1842,#1843);
#1594=AXIS2_PLACEMENT_3D('',#2321,#1844,#1845);
#1595=AXIS2_PLACEMENT_3D('',#2323,#1846,#1847);
#1596=AXIS2_PLACEMENT_3D('',#2325,#1848,#1849);
#1597=AXIS2_PLACEMENT_3D('',#2326,#1850,#1851);
#1598=AXIS2_PLACEMENT_3D('',#2328,#1852,#1853);
#1599=AXIS2_PLACEMENT_3D('',#2329,#1854,#1855);
#1600=AXIS2_PLACEMENT_3D('',#2331,#1856,#1857);
#1601=AXIS2_PLACEMENT_3D('',#2332,#1858,#1859);
#1602=AXIS2_PLACEMENT_3D('',#2333,#1860,#1861);
#1603=AXIS2_PLACEMENT_3D('',#2334,#1862,#1863);
#1604=AXIS2_PLACEMENT_3D('',#2335,#1864,#1865);
#1605=AXIS2_PLACEMENT_3D('',#2336,#1866,#1867);
#1606=AXIS2_PLACEMENT_3D('',#2341,#1869,#1870);
#1607=AXIS2_PLACEMENT_3D('',#2344,#1872,#1873);
#1608=AXIS2_PLACEMENT_3D('',#2348,#1875,#1876);
#1609=AXIS2_PLACEMENT_3D('',#2352,#1878,#1879);
#1610=AXIS2_PLACEMENT_3D('',#2353,#1880,#1881);
#1611=AXIS2_PLACEMENT_3D('',#2354,#1882,#1883);
#1612=AXIS2_PLACEMENT_3D('',#2359,#1885,#1886);
#1613=AXIS2_PLACEMENT_3D('',#2362,#1888,#1889);
#1614=AXIS2_PLACEMENT_3D('',#2363,#1890,#1891);
#1615=AXIS2_PLACEMENT_3D('',#2365,#1892,#1893);
#1616=AXIS2_PLACEMENT_3D('',#2367,#1894,#1895);
#1617=AXIS2_PLACEMENT_3D('',#2380,#1896,#1897);
#1618=AXIS2_PLACEMENT_3D('',#2382,#1898,#1899);
#1619=AXIS2_PLACEMENT_3D('',#2393,#1901,#1902);
#1620=AXIS2_PLACEMENT_3D('',#2403,#1904,#1905);
#1621=AXIS2_PLACEMENT_3D('',#2411,#1906,#1907);
#1622=AXIS2_PLACEMENT_3D('',#2419,#1908,#1909);
#1623=AXIS2_PLACEMENT_3D('',#2429,#1911,#1912);
#1624=AXIS2_PLACEMENT_3D('',#2439,#1914,#1915);
#1625=AXIS2_PLACEMENT_3D('',#2447,#1916,#1917);
#1626=AXIS2_PLACEMENT_3D('',#2454,#1918,#1919);
#1627=AXIS2_PLACEMENT_3D('',#2457,#1921,#1922);
#1628=AXIS2_PLACEMENT_3D('',#2462,#1925,#1926);
#1629=AXIS2_PLACEMENT_3D('',#2465,#1928,#1929);
#1630=AXIS2_PLACEMENT_3D('',#2467,#1930,#1931);
#1631=AXIS2_PLACEMENT_3D('',#2469,#1932,#1933);
#1632=AXIS2_PLACEMENT_3D('',#2471,#1934,#1935);
#1633=AXIS2_PLACEMENT_3D('',#2472,#1936,#1937);
#1634=AXIS2_PLACEMENT_3D('',#2474,#1938,#1939);
#1635=AXIS2_PLACEMENT_3D('',#2475,#1940,#1941);
#1636=AXIS2_PLACEMENT_3D('',#2477,#1942,#1943);
#1637=AXIS2_PLACEMENT_3D('',#2490,#1944,#1945);
#1638=AXIS2_PLACEMENT_3D('',#2492,#1946,#1947);
#1639=AXIS2_PLACEMENT_3D('',#2493,#1948,#1949);
#1640=AXIS2_PLACEMENT_3D('',#2495,#1950,#1951);
#1641=AXIS2_PLACEMENT_3D('',#2496,#1952,#1953);
#1642=AXIS2_PLACEMENT_3D('',#2497,#1954,#1955);
#1643=AXIS2_PLACEMENT_3D('',#2502,#1957,#1958);
#1644=AXIS2_PLACEMENT_3D('',#2505,#1960,#1961);
#1645=AXIS2_PLACEMENT_3D('',#2508,#1963,#1964);
#1646=AXIS2_PLACEMENT_3D('',#2525,#1968,#1969);
#1647=AXIS2_PLACEMENT_3D('',#2527,#1971,#1972);
#1648=AXIS2_PLACEMENT_3D('',#2529,#1974,#1975);
#1649=AXIS2_PLACEMENT_3D('',#2530,#1976,#1977);
#1650=AXIS2_PLACEMENT_3D('',#2532,#1978,#1979);
#1651=AXIS2_PLACEMENT_3D('',#2535,#1981,#1982);
#1652=AXIS2_PLACEMENT_3D('',#2552,#1986,#1987);
#1653=AXIS2_PLACEMENT_3D('',#2554,#1989,#1990);
#1654=AXIS2_PLACEMENT_3D('',#2556,#1992,#1993);
#1655=AXIS2_PLACEMENT_3D('',#2557,#1994,#1995);
#1656=AXIS2_PLACEMENT_3D('',#2559,#1996,#1997);
#1657=AXIS2_PLACEMENT_3D('',#2563,#1999,#2000);
#1658=AXIS2_PLACEMENT_3D('',#2567,#2002,#2003);
#1659=AXIS2_PLACEMENT_3D('',#2568,#2004,#2005);
#1660=AXIS2_PLACEMENT_3D('',#2577,#2008,#2009);
#1661=AXIS2_PLACEMENT_3D('',#2586,#2012,#2013);
#1662=AXIS2_PLACEMENT_3D('',#2590,#2015,#2016);
#1663=AXIS2_PLACEMENT_3D('',#2594,#2018,#2019);
#1664=AXIS2_PLACEMENT_3D('',#2595,#2020,#2021);
#1665=AXIS2_PLACEMENT_3D('',#2604,#2024,#2025);
#1666=AXIS2_PLACEMENT_3D('',#2613,#2028,#2029);
#1667=AXIS2_PLACEMENT_3D('',#2614,#2030,#2031);
#1668=AXIS2_PLACEMENT_3D('',#2620,#2032,#2033);
#1669=AXIS2_PLACEMENT_3D('',#2621,#2034,#2035);
#1670=AXIS2_PLACEMENT_3D('',#2622,#2036,#2037);
#1671=AXIS2_PLACEMENT_3D('',#2623,#2038,#2039);
#1672=AXIS2_PLACEMENT_3D('',#2629,#2040,#2041);
#1673=AXIS2_PLACEMENT_3D('',#2635,#2042,#2043);
#1674=AXIS2_PLACEMENT_3D('',#2636,#2044,#2045);
#1675=AXIS2_PLACEMENT_3D('',#2637,#2046,#2047);
#1676=AXIS2_PLACEMENT_3D('',#2638,#2048,#2049);
#1677=AXIS2_PLACEMENT_3D('',#2644,#2050,#2051);
#1678=AXIS2_PLACEMENT_3D('',#2668,#2052,#2053);
#1679=AXIS2_PLACEMENT_3D('',#2669,#2054,#2055);
#1680=AXIS2_PLACEMENT_3D('',#2675,#2056,#2057);
#1681=AXIS2_PLACEMENT_3D('',#2676,#2058,#2059);
#1682=AXIS2_PLACEMENT_3D('',#2692,#2060,#2061);
#1683=AXIS2_PLACEMENT_3D('',#2693,#2062,#2063);
#1684=AXIS2_PLACEMENT_3D('',#2694,#2064,#2065);
#1685=AXIS2_PLACEMENT_3D('',#2710,#2066,#2067);
#1686=AXIS2_PLACEMENT_3D('',#2711,#2068,#2069);
#1687=AXIS2_PLACEMENT_3D('',#2717,#2070,#2071);
#1688=AXIS2_PLACEMENT_3D('',#2718,#2072,#2073);
#1689=AXIS2_PLACEMENT_3D('',#2742,#2074,#2075);
#1690=AXIS2_PLACEMENT_3D('',#2743,#2076,#2077);
#1691=AXIS2_PLACEMENT_3D('',#2767,#2078,#2079);
#1692=AXIS2_PLACEMENT_3D('',#2768,#2080,#2081);
#1693=AXIS2_PLACEMENT_3D('',#2774,#2082,#2083);
#1694=AXIS2_PLACEMENT_3D('',#2775,#2084,#2085);
#1695=AXIS2_PLACEMENT_3D('',#2791,#2086,#2087);
#1696=AXIS2_PLACEMENT_3D('',#2792,#2088,#2089);
#1697=AXIS2_PLACEMENT_3D('',#2793,#2090,#2091);
#1698=AXIS2_PLACEMENT_3D('',#2809,#2092,#2093);
#1699=AXIS2_PLACEMENT_3D('',#2810,#2094,#2095);
#1700=AXIS2_PLACEMENT_3D('',#2816,#2096,#2097);
#1701=AXIS2_PLACEMENT_3D('',#2817,#2098,#2099);
#1702=AXIS2_PLACEMENT_3D('',#2841,#2100,#2101);
#1703=AXIS2_PLACEMENT_3D('',#2842,#2102,#2103);
#1704=AXIS2_PLACEMENT_3D('',#2843,#2104,#2105);
#1705=AXIS2_PLACEMENT_3D('',#2844,#2106,#2107);
#1706=AXIS2_PLACEMENT_3D('',#2846,#2108,#2109);
#1707=AXIS2_PLACEMENT_3D('',#2848,#2110,#2111);
#1708=AXIS2_PLACEMENT_3D('',#2849,#2112,#2113);
#1709=AXIS2_PLACEMENT_3D('',#2850,#2114,#2115);
#1710=AXIS2_PLACEMENT_3D('',#2852,#2116,#2117);
#1711=AXIS2_PLACEMENT_3D('',#2853,#2118,#2119);
#1712=AXIS2_PLACEMENT_3D('',#2855,#2120,#2121);
#1713=AXIS2_PLACEMENT_3D('',#2856,#2122,#2123);
#1714=DIRECTION('',(0.,0.,1.));
#1715=DIRECTION('',(1.,0.,0.));
#1716=DIRECTION('',(-0.707106781186548,-7.57451026696621E-17,0.707106781186547));
#1717=DIRECTION('',(-2.294471689383E-17,1.,8.41750345849488E-17));
#1718=DIRECTION('',(-0.707106781186547,-7.57451026696622E-17,-0.707106781186548));
#1719=DIRECTION('',(-2.29447168938299E-17,1.,-8.41750345849488E-17));
#1720=DIRECTION('',(0.707106781186547,-1.62337848376856E-16,-0.707106781186548));
#1721=DIRECTION('',(1.45405352276068E-16,1.,-8.41750345849488E-17));
#1722=DIRECTION('',(0.707106781186548,-1.62337848376856E-16,0.707106781186547));
#1723=DIRECTION('',(1.45405352276068E-16,1.,8.41750345849488E-17));
#1724=DIRECTION('',(-1.,-5.78111578321401E-17,-1.60812264967664E-16));
#1725=DIRECTION('',(-5.78111578321401E-17,1.,-1.9143329303988E-32));
#1726=DIRECTION('',(-1.22464679914735E-16,-1.19041475523259E-16,-1.));
#1727=DIRECTION('',(6.12303176911189E-17,1.,-1.19041475523259E-16));
#1728=DIRECTION('',(1.,-1.80271793214378E-16,-1.83697019872103E-16));
#1729=DIRECTION('',(1.80271793214378E-16,1.,-2.18675642948006E-32));
#1730=DIRECTION('',(-7.28894736470869E-33,-1.19041475523259E-16,1.));
#1731=DIRECTION('',(6.12303176911189E-17,1.,1.19041475523259E-16));
#1732=DIRECTION('',(-6.12303176911189E-17,-1.,0.));
#1733=DIRECTION('',(1.,-6.12303176911189E-17,0.));
#1734=DIRECTION('',(-6.12303176911188E-17,-1.,0.));
#1735=DIRECTION('',(1.,-6.12303176911188E-17,0.));
#1736=DIRECTION('',(6.12303176911192E-17,1.,0.));
#1737=DIRECTION('',(-1.,6.12303176911192E-17,0.));
#1738=DIRECTION('',(-6.12303176911189E-17,-1.,0.));
#1739=DIRECTION('',(1.,-6.12303176911189E-17,0.));
#1740=DIRECTION('',(-6.12303176911189E-17,-1.,0.));
#1741=DIRECTION('',(1.,-6.12303176911189E-17,0.));
#1742=DIRECTION('',(-6.12303176911189E-17,-1.,0.));
#1743=DIRECTION('',(1.,-6.12303176911189E-17,0.));
#1744=DIRECTION('',(-6.12303176911189E-17,-1.,0.));
#1745=DIRECTION('',(1.,-6.12303176911189E-17,0.));
#1746=DIRECTION('',(-6.12303176911189E-17,-1.,0.));
#1747=DIRECTION('',(1.,-6.12303176911189E-17,0.));
#1748=DIRECTION('',(-6.12303176911189E-17,-1.,0.));
#1749=DIRECTION('',(1.,-6.12303176911189E-17,0.));
#1750=DIRECTION('',(6.12303176911189E-17,1.,0.));
#1751=DIRECTION('',(-1.,6.12303176911189E-17,0.));
#1752=DIRECTION('',(6.12303176911189E-17,1.,0.));
#1753=DIRECTION('',(-1.,6.12303176911189E-17,0.));
#1754=DIRECTION('',(-6.12303176911189E-17,-1.,0.));
#1755=DIRECTION('',(1.,-6.12303176911189E-17,0.));
#1756=DIRECTION('',(-6.12303176911189E-17,-1.,0.));
#1757=DIRECTION('',(1.,-6.12303176911189E-17,0.));
#1758=DIRECTION('',(-6.12303176911189E-17,-1.,0.));
#1759=DIRECTION('',(1.,-6.12303176911189E-17,0.));
#1760=DIRECTION('',(-2.55946191663378E-32,-4.18005656861881E-16,1.));
#1761=DIRECTION('',(0.,-1.,-4.18005656861881E-16));
#1762=DIRECTION('',(-6.12303176911188E-17,-1.,0.));
#1763=DIRECTION('',(1.,-6.12303176911188E-17,0.));
#1764=DIRECTION('',(6.12303176911192E-17,1.,0.));
#1765=DIRECTION('',(-1.,6.12303176911192E-17,0.));
#1766=DIRECTION('',(0.,0.,1.));
#1767=DIRECTION('',(0.,1.,0.));
#1768=DIRECTION('',(0.,0.,1.));
#1769=DIRECTION('',(0.,-1.,0.));
#1770=DIRECTION('',(0.,0.,-1.));
#1771=DIRECTION('',(0.,-1.,0.));
#1772=DIRECTION('',(6.12303176911189E-17,1.,0.));
#1773=DIRECTION('',(-1.,6.12303176911189E-17,0.));
#1774=DIRECTION('',(-6.12303176911189E-17,-1.,0.));
#1775=DIRECTION('',(1.,-6.12303176911189E-17,0.));
#1776=DIRECTION('',(-6.12303176911189E-17,-1.,0.));
#1777=DIRECTION('',(1.,-6.12303176911189E-17,0.));
#1778=DIRECTION('',(-6.12303176911189E-17,-1.,0.));
#1779=DIRECTION('',(1.,-6.12303176911189E-17,0.));
#1780=DIRECTION('',(-6.12303176911189E-17,-1.,0.));
#1781=DIRECTION('',(1.,-6.12303176911189E-17,0.));
#1782=DIRECTION('',(-6.12303176911189E-17,-1.,0.));
#1783=DIRECTION('',(1.,-6.12303176911189E-17,0.));
#1784=DIRECTION('',(-6.12303176911189E-17,-1.,0.));
#1785=DIRECTION('',(1.,-6.12303176911189E-17,0.));
#1786=DIRECTION('',(-6.12303176911189E-17,-1.,0.));
#1787=DIRECTION('',(1.,-6.12303176911189E-17,0.));
#1788=DIRECTION('',(6.12303176911188E-17,1.,0.));
#1789=DIRECTION('',(-1.,6.12303176911188E-17,0.));
#1790=DIRECTION('',(6.12303176911189E-17,1.,0.));
#1791=DIRECTION('',(-1.,6.12303176911189E-17,0.));
#1792=DIRECTION('',(6.12303176911189E-17,1.,0.));
#1793=DIRECTION('',(-1.,6.12303176911189E-17,0.));
#1794=DIRECTION('',(6.12303176911189E-17,1.,0.));
#1795=DIRECTION('',(-1.,6.12303176911189E-17,0.));
#1796=DIRECTION('',(-6.12303176911189E-17,-1.,0.));
#1797=DIRECTION('',(1.,-6.12303176911189E-17,0.));
#1798=DIRECTION('',(6.12303176911188E-17,1.,0.));
#1799=DIRECTION('',(-1.,6.12303176911188E-17,0.));
#1800=DIRECTION('',(-6.12303176911189E-17,-1.,0.));
#1801=DIRECTION('',(1.,-6.12303176911189E-17,0.));
#1802=DIRECTION('',(-6.12303176911189E-17,-1.,0.));
#1803=DIRECTION('',(1.,-6.12303176911189E-17,0.));
#1804=DIRECTION('',(-6.12303176911189E-17,-1.,0.));
#1805=DIRECTION('',(1.,-6.12303176911189E-17,0.));
#1806=DIRECTION('',(-6.12303176911189E-17,-1.,0.));
#1807=DIRECTION('',(1.,-6.12303176911189E-17,0.));
#1808=DIRECTION('',(6.12303176911188E-17,1.,0.));
#1809=DIRECTION('',(-1.,6.12303176911188E-17,0.));
#1810=DIRECTION('',(-6.12303176911188E-17,-1.,0.));
#1811=DIRECTION('',(1.,-6.12303176911188E-17,0.));
#1812=DIRECTION('',(0.,-1.22464679914735E-16,-1.));
#1813=DIRECTION('',(1.,0.,0.));
#1814=DIRECTION('',(-6.12303176911189E-17,-1.,0.));
#1815=DIRECTION('',(1.,-6.12303176911189E-17,0.));
#1816=DIRECTION('',(-6.12303176911189E-17,-1.,0.));
#1817=DIRECTION('',(1.,-6.12303176911189E-17,0.));
#1818=DIRECTION('',(-6.12303176911189E-17,-1.,0.));
#1819=DIRECTION('',(1.,-6.12303176911189E-17,0.));
#1820=DIRECTION('',(-6.12303176911189E-17,-1.,0.));
#1821=DIRECTION('',(0.,0.,1.));
#1822=DIRECTION('',(-6.12303176911189E-17,-1.,0.));
#1823=DIRECTION('',(1.,-6.12303176911189E-17,0.));
#1824=DIRECTION('',(6.12303176911189E-17,1.,0.));
#1825=DIRECTION('',(-1.,6.12303176911189E-17,0.));
#1826=DIRECTION('',(-6.12303176911189E-17,-1.,0.));
#1827=DIRECTION('',(1.,-6.12303176911189E-17,0.));
#1828=DIRECTION('',(-6.12303176911189E-17,-1.,0.));
#1829=DIRECTION('',(1.,-6.12303176911189E-17,0.));
#1830=DIRECTION('',(-6.12303176911189E-17,-1.,0.));
#1831=DIRECTION('',(1.,-6.12303176911189E-17,0.));
#1832=DIRECTION('',(-6.12303176911189E-17,-1.,0.));
#1833=DIRECTION('',(1.,-6.12303176911189E-17,0.));
#1834=DIRECTION('',(-6.12303176911189E-17,-1.,0.));
#1835=DIRECTION('',(1.,-6.12303176911189E-17,0.));
#1836=DIRECTION('',(-6.12303176911189E-17,-1.,0.));
#1837=DIRECTION('',(1.,-6.12303176911189E-17,0.));
#1838=DIRECTION('',(0.,0.,1.));
#1839=DIRECTION('',(1.,0.,0.));
#1840=DIRECTION('',(0.,0.,1.));
#1841=DIRECTION('',(1.,0.,0.));
#1842=DIRECTION('',(0.,0.,-1.));
#1843=DIRECTION('',(-1.,0.,0.));
#1844=DIRECTION('',(0.,0.,-1.));
#1845=DIRECTION('',(-1.,0.,0.));
#1846=DIRECTION('',(0.,0.,-1.));
#1847=DIRECTION('',(-1.,0.,0.));
#1848=DIRECTION('',(0.,0.,-1.));
#1849=DIRECTION('',(-1.,0.,0.));
#1850=DIRECTION('',(0.,0.,-1.));
#1851=DIRECTION('',(-1.,0.,0.));
#1852=DIRECTION('',(0.,0.,-1.));
#1853=DIRECTION('',(-1.,0.,0.));
#1854=DIRECTION('',(0.,0.,-1.));
#1855=DIRECTION('',(-1.,0.,0.));
#1856=DIRECTION('',(0.,0.,1.));
#1857=DIRECTION('',(1.,0.,0.));
#1858=DIRECTION('',(0.,0.,-1.));
#1859=DIRECTION('',(-1.,0.,0.));
#1860=DIRECTION('',(0.,0.,1.));
#1861=DIRECTION('',(1.,0.,0.));
#1862=DIRECTION('',(0.,0.,1.));
#1863=DIRECTION('',(1.,0.,0.));
#1864=DIRECTION('',(-5.68761795402232E-17,-1.,0.));
#1865=DIRECTION('',(1.,-5.68761795402232E-17,0.));
#1866=DIRECTION('',(-5.68761795402232E-17,-1.,0.));
#1867=DIRECTION('',(1.,-5.68761795402232E-17,0.));
#1868=DIRECTION('',(0.503267973856209,-2.86239596378901E-17,-0.864130399008544));
#1869=DIRECTION('',(-5.68761795402232E-17,-1.,0.));
#1870=DIRECTION('',(1.,-5.68761795402232E-17,0.));
#1871=DIRECTION('',(-3.50427337012889E-16,1.99309681357474E-32,-1.));
#1872=DIRECTION('',(-5.68761795402232E-17,-1.,0.));
#1873=DIRECTION('',(1.,-5.68761795402232E-17,0.));
#1874=DIRECTION('',(-0.50326797385621,2.86239596378902E-17,-0.864130399008544));
#1875=DIRECTION('',(-5.68761795402232E-17,-1.,0.));
#1876=DIRECTION('',(1.,-5.68761795402232E-17,0.));
#1877=DIRECTION('',(1.75213668506444E-16,-9.96548406787369E-33,1.));
#1878=DIRECTION('',(-5.68761795402232E-17,-1.,0.));
#1879=DIRECTION('',(1.,-5.68761795402232E-17,0.));
#1880=DIRECTION('',(-5.68761795402232E-17,-1.,0.));
#1881=DIRECTION('',(1.,-5.68761795402232E-17,0.));
#1882=DIRECTION('',(-5.68761795402232E-17,-1.,0.));
#1883=DIRECTION('',(1.,-5.68761795402232E-17,0.));
#1884=DIRECTION('',(-0.503267973856209,2.86239596378901E-17,0.864130399008544));
#1885=DIRECTION('',(-5.68761795402232E-17,-1.,0.));
#1886=DIRECTION('',(1.,-5.68761795402232E-17,0.));
#1887=DIRECTION('',(-3.50427337012889E-16,1.99309681357474E-32,-1.));
#1888=DIRECTION('',(-6.12303176911189E-17,-1.,0.));
#1889=DIRECTION('',(1.,-6.12303176911189E-17,0.));
#1890=DIRECTION('',(-6.12303176911189E-17,-1.,0.));
#1891=DIRECTION('',(1.,-6.12303176911189E-17,0.));
#1892=DIRECTION('',(-6.12303176911189E-17,-1.,0.));
#1893=DIRECTION('',(1.,-6.12303176911189E-17,0.));
#1894=DIRECTION('',(-6.12303176911189E-17,-1.,0.));
#1895=DIRECTION('',(1.,-6.12303176911189E-17,0.));
#1896=DIRECTION('',(-6.12303176911189E-17,-1.,0.));
#1897=DIRECTION('',(1.,-6.12303176911189E-17,0.));
#1898=DIRECTION('',(-5.68761795402232E-17,-1.,0.));
#1899=DIRECTION('',(1.,-5.68761795402232E-17,0.));
#1900=DIRECTION('',(6.12303176911189E-17,1.,0.));
#1901=DIRECTION('',(-6.12303176911189E-17,-1.,0.));
#1902=DIRECTION('',(1.,-6.12303176911189E-17,0.));
#1903=DIRECTION('',(6.12303176911189E-17,1.,0.));
#1904=DIRECTION('',(-5.68761795402232E-17,-1.,0.));
#1905=DIRECTION('',(1.,-5.68761795402232E-17,0.));
#1906=DIRECTION('',(0.,-1.,0.));
#1907=DIRECTION('',(0.,0.,-1.));
#1908=DIRECTION('',(-5.68761795402232E-17,-1.,0.));
#1909=DIRECTION('',(1.,-5.68761795402232E-17,0.));
#1910=DIRECTION('',(6.12303176911189E-17,1.,0.));
#1911=DIRECTION('',(-6.12303176911189E-17,-1.,0.));
#1912=DIRECTION('',(1.,-6.12303176911189E-17,0.));
#1913=DIRECTION('',(6.12303176911189E-17,1.,0.));
#1914=DIRECTION('',(-5.68761795402232E-17,-1.,0.));
#1915=DIRECTION('',(1.,-5.68761795402232E-17,0.));
#1916=DIRECTION('',(0.,1.,0.));
#1917=DIRECTION('',(0.,0.,1.));
#1918=DIRECTION('',(6.12303176911189E-17,1.,0.));
#1919=DIRECTION('',(-1.,6.12303176911189E-17,0.));
#1920=DIRECTION('',(0.503267973856209,-2.86239596378901E-17,0.864130399008544));
#1921=DIRECTION('',(-5.68761795402232E-17,-1.,0.));
#1922=DIRECTION('',(-1.,5.68761795402232E-17,0.));
#1923=DIRECTION('',(0.503267973856209,-2.86239596378901E-17,-0.864130399008544));
#1924=DIRECTION('',(-0.50326797385621,2.86239596378902E-17,-0.864130399008544));
#1925=DIRECTION('',(-5.68761795402232E-17,-1.,0.));
#1926=DIRECTION('',(-1.,5.68761795402232E-17,0.));
#1927=DIRECTION('',(-0.503267973856209,2.86239596378901E-17,0.864130399008544));
#1928=DIRECTION('',(-5.68761795402232E-17,-1.,0.));
#1929=DIRECTION('',(-1.,5.68761795402232E-17,0.));
#1930=DIRECTION('',(-6.12303176911189E-17,-1.,0.));
#1931=DIRECTION('',(1.,-6.12303176911189E-17,0.));
#1932=DIRECTION('',(5.68761795402232E-17,1.,0.));
#1933=DIRECTION('',(-1.,5.68761795402232E-17,0.));
#1934=DIRECTION('',(-6.12303176911189E-17,-1.,0.));
#1935=DIRECTION('',(1.,-6.12303176911189E-17,0.));
#1936=DIRECTION('',(-6.12303176911189E-17,-1.,0.));
#1937=DIRECTION('',(1.,-6.12303176911189E-17,0.));
#1938=DIRECTION('',(-6.12303176911189E-17,-1.,0.));
#1939=DIRECTION('',(1.,-6.12303176911189E-17,0.));
#1940=DIRECTION('',(-6.12303176911189E-17,-1.,0.));
#1941=DIRECTION('',(1.,-6.12303176911189E-17,0.));
#1942=DIRECTION('',(-6.12303176911189E-17,-1.,0.));
#1943=DIRECTION('',(0.,0.,1.));
#1944=DIRECTION('',(-6.12303176911189E-17,-1.,0.));
#1945=DIRECTION('',(1.,-6.12303176911189E-17,0.));
#1946=DIRECTION('',(-6.12303176911189E-17,-1.,0.));
#1947=DIRECTION('',(1.,-6.12303176911189E-17,0.));
#1948=DIRECTION('',(-6.12303176911189E-17,-1.,0.));
#1949=DIRECTION('',(1.,-6.12303176911189E-17,0.));
#1950=DIRECTION('',(-6.12303176911189E-17,-1.,0.));
#1951=DIRECTION('',(1.,-6.12303176911189E-17,0.));
#1952=DIRECTION('',(-5.68761795402232E-17,-1.,0.));
#1953=DIRECTION('',(1.,-5.68761795402232E-17,0.));
#1954=DIRECTION('',(-5.68761795402232E-17,-1.,0.));
#1955=DIRECTION('',(1.,-5.68761795402232E-17,0.));
#1956=DIRECTION('',(0.503267973856209,-2.86239596378901E-17,0.864130399008544));
#1957=DIRECTION('',(-5.68761795402232E-17,-1.,0.));
#1958=DIRECTION('',(1.,-5.68761795402232E-17,0.));
#1959=DIRECTION('',(1.75213668506444E-16,-9.96548406787369E-33,1.));
#1960=DIRECTION('',(6.12303176911189E-17,1.,0.));
#1961=DIRECTION('',(-1.,6.12303176911189E-17,0.));
#1962=DIRECTION('',(0.,1.,0.));
#1963=DIRECTION('',(0.,1.,0.));
#1964=DIRECTION('',(0.,0.,1.));
#1965=DIRECTION('',(0.,1.,0.));
#1966=DIRECTION('',(6.12303176911189E-17,1.,0.));
#1967=DIRECTION('',(6.12303176911189E-17,1.,0.));
#1968=DIRECTION('',(-0.864130399008544,5.29109788578465E-17,0.503267973856209));
#1969=DIRECTION('',(0.503267973856209,0.,0.864130399008544));
#1970=DIRECTION('',(0.503267973856209,-2.86239596378901E-17,0.864130399008544));
#1971=DIRECTION('',(0.864130399008544,-5.29109788578465E-17,0.503267973856209));
#1972=DIRECTION('',(0.503267973856209,0.,-0.864130399008544));
#1973=DIRECTION('',(0.503267973856209,-2.86239596378902E-17,-0.864130399008544));
#1974=DIRECTION('',(6.12303176911189E-17,1.,0.));
#1975=DIRECTION('',(-1.,6.12303176911189E-17,0.));
#1976=DIRECTION('',(0.,-1.,0.));
#1977=DIRECTION('',(1.,0.,0.));
#1978=DIRECTION('',(6.12303176911189E-17,1.,0.));
#1979=DIRECTION('',(-1.,6.12303176911189E-17,0.));
#1980=DIRECTION('',(0.,1.,0.));
#1981=DIRECTION('',(0.,-1.,0.));
#1982=DIRECTION('',(0.,0.,-1.));
#1983=DIRECTION('',(0.,1.,0.));
#1984=DIRECTION('',(6.12303176911189E-17,1.,0.));
#1985=DIRECTION('',(6.12303176911189E-17,1.,0.));
#1986=DIRECTION('',(0.864130399008544,-5.29109788578465E-17,-0.50326797385621));
#1987=DIRECTION('',(-0.50326797385621,0.,-0.864130399008544));
#1988=DIRECTION('',(-0.50326797385621,2.86239596378902E-17,-0.864130399008544));
#1989=DIRECTION('',(-0.864130399008544,5.29109788578465E-17,-0.503267973856209));
#1990=DIRECTION('',(-0.503267973856209,0.,0.864130399008544));
#1991=DIRECTION('',(-0.503267973856209,2.86239596378902E-17,0.864130399008544));
#1992=DIRECTION('',(6.12303176911189E-17,1.,0.));
#1993=DIRECTION('',(-1.,6.12303176911189E-17,0.));
#1994=DIRECTION('',(0.,1.,0.));
#1995=DIRECTION('',(1.,0.,0.));
#1996=DIRECTION('',(0.,-1.,0.));
#1997=DIRECTION('',(0.,0.,-1.));
#1998=DIRECTION('',(-1.75213668506444E-16,0.,-1.));
#1999=DIRECTION('',(0.,-1.,0.));
#2000=DIRECTION('',(0.,0.,-1.));
#2001=DIRECTION('',(3.50427337012889E-16,0.,1.));
#2002=DIRECTION('',(0.,-1.,0.));
#2003=DIRECTION('',(0.,0.,-1.));
#2004=DIRECTION('',(1.,0.,-1.75213668506444E-16));
#2005=DIRECTION('',(-1.75213668506444E-16,0.,-1.));
#2006=DIRECTION('',(-1.87976032139912E-48,-1.,-1.0728388586476E-32));
#2007=DIRECTION('',(-1.75213668506444E-16,0.,-1.));
#2008=DIRECTION('',(-1.,0.,3.50427337012889E-16));
#2009=DIRECTION('',(3.50427337012889E-16,0.,1.));
#2010=DIRECTION('',(-7.5190412855965E-48,-1.,-2.1456777172952E-32));
#2011=DIRECTION('',(3.50427337012889E-16,0.,1.));
#2012=DIRECTION('',(0.,1.,0.));
#2013=DIRECTION('',(0.,0.,1.));
#2014=DIRECTION('',(-1.75213668506444E-16,0.,-1.));
#2015=DIRECTION('',(0.,1.,0.));
#2016=DIRECTION('',(0.,0.,1.));
#2017=DIRECTION('',(3.50427337012889E-16,0.,1.));
#2018=DIRECTION('',(0.,1.,0.));
#2019=DIRECTION('',(0.,0.,1.));
#2020=DIRECTION('',(-1.,0.,3.50427337012889E-16));
#2021=DIRECTION('',(3.50427337012889E-16,0.,1.));
#2022=DIRECTION('',(7.5190412855965E-48,1.,2.1456777172952E-32));
#2023=DIRECTION('',(3.50427337012889E-16,0.,1.));
#2024=DIRECTION('',(1.,0.,-1.75213668506444E-16));
#2025=DIRECTION('',(-1.75213668506444E-16,0.,-1.));
#2026=DIRECTION('',(1.87976032139912E-48,1.,1.0728388586476E-32));
#2027=DIRECTION('',(-1.75213668506444E-16,0.,-1.));
#2028=DIRECTION('',(-6.12303176911189E-17,-1.,0.));
#2029=DIRECTION('',(1.,-6.12303176911189E-17,0.));
#2030=DIRECTION('',(-3.50427337012889E-16,0.,-1.));
#2031=DIRECTION('',(-1.,0.,3.50427337012889E-16));
#2032=DIRECTION('',(0.,0.,1.));
#2033=DIRECTION('',(1.,0.,0.));
#2034=DIRECTION('',(0.,-1.,0.));
#2035=DIRECTION('',(0.,0.,-1.));
#2036=DIRECTION('',(0.,0.,-1.));
#2037=DIRECTION('',(-1.,0.,0.));
#2038=DIRECTION('',(1.75213668506444E-16,0.,1.));
#2039=DIRECTION('',(1.,0.,-1.75213668506444E-16));
#2040=DIRECTION('',(1.75213668506444E-16,0.,1.));
#2041=DIRECTION('',(1.,0.,-1.75213668506444E-16));
#2042=DIRECTION('',(0.,0.,-1.));
#2043=DIRECTION('',(-1.,0.,0.));
#2044=DIRECTION('',(0.,1.,0.));
#2045=DIRECTION('',(0.,0.,1.));
#2046=DIRECTION('',(0.,0.,1.));
#2047=DIRECTION('',(1.,0.,0.));
#2048=DIRECTION('',(-3.50427337012889E-16,0.,-1.));
#2049=DIRECTION('',(-1.,0.,3.50427337012889E-16));
#2050=DIRECTION('',(-0.503267973856209,2.86239596378901E-17,-0.864130399008544));
#2051=DIRECTION('',(-0.864130399008544,0.,0.503267973856209));
#2052=DIRECTION('',(0.774318649261384,0.,0.632795882892758));
#2053=DIRECTION('',(0.632795882892758,0.,-0.774318649261384));
#2054=DIRECTION('',(-5.68761795402232E-17,-1.,0.));
#2055=DIRECTION('',(1.,-5.68761795402232E-17,0.));
#2056=DIRECTION('',(-6.12303176911189E-17,-1.,0.));
#2057=DIRECTION('',(1.,-6.12303176911189E-17,0.));
#2058=DIRECTION('',(0.,1.,0.));
#2059=DIRECTION('',(0.,0.,1.));
#2060=DIRECTION('',(0.945577551563946,0.,0.325396825396826));
#2061=DIRECTION('',(0.325396825396826,0.,-0.945577551563946));
#2062=DIRECTION('',(0.,1.,0.));
#2063=DIRECTION('',(0.,0.,1.));
#2064=DIRECTION('',(0.945577551563946,0.,-0.325396825396826));
#2065=DIRECTION('',(-0.325396825396826,0.,-0.945577551563946));
#2066=DIRECTION('',(0.,-1.,0.));
#2067=DIRECTION('',(0.,0.,-1.));
#2068=DIRECTION('',(-6.12303176911189E-17,-1.,0.));
#2069=DIRECTION('',(1.,-6.12303176911189E-17,0.));
#2070=DIRECTION('',(-5.68761795402232E-17,-1.,0.));
#2071=DIRECTION('',(1.,-5.68761795402232E-17,0.));
#2072=DIRECTION('',(0.774318649261384,0.,-0.632795882892758));
#2073=DIRECTION('',(-0.632795882892758,0.,-0.774318649261384));
#2074=DIRECTION('',(-0.503267973856209,2.86239596378901E-17,0.864130399008544));
#2075=DIRECTION('',(0.864130399008544,0.,0.503267973856209));
#2076=DIRECTION('',(0.50326797385621,-2.86239596378902E-17,0.864130399008544));
#2077=DIRECTION('',(0.864130399008544,0.,-0.50326797385621));
#2078=DIRECTION('',(-0.774318649261386,0.,-0.632795882892756));
#2079=DIRECTION('',(-0.632795882892756,0.,0.774318649261386));
#2080=DIRECTION('',(-5.68761795402232E-17,-1.,0.));
#2081=DIRECTION('',(1.,-5.68761795402232E-17,0.));
#2082=DIRECTION('',(-6.12303176911189E-17,-1.,0.));
#2083=DIRECTION('',(1.,-6.12303176911189E-17,0.));
#2084=DIRECTION('',(0.,1.,0.));
#2085=DIRECTION('',(0.,0.,1.));
#2086=DIRECTION('',(-0.945577551563947,0.,-0.325396825396826));
#2087=DIRECTION('',(-0.325396825396826,0.,0.945577551563947));
#2088=DIRECTION('',(0.,-1.,0.));
#2089=DIRECTION('',(0.,0.,-1.));
#2090=DIRECTION('',(-0.945577551563947,0.,0.325396825396826));
#2091=DIRECTION('',(0.325396825396826,0.,0.945577551563947));
#2092=DIRECTION('',(0.,-1.,0.));
#2093=DIRECTION('',(0.,0.,-1.));
#2094=DIRECTION('',(-6.12303176911189E-17,-1.,0.));
#2095=DIRECTION('',(1.,-6.12303176911189E-17,0.));
#2096=DIRECTION('',(-5.68761795402232E-17,-1.,0.));
#2097=DIRECTION('',(1.,-5.68761795402232E-17,0.));
#2098=DIRECTION('',(-0.774318649261384,0.,0.632795882892759));
#2099=DIRECTION('',(0.632795882892759,0.,0.774318649261384));
#2100=DIRECTION('',(0.503267973856209,-2.86239596378901E-17,-0.864130399008544));
#2101=DIRECTION('',(-0.864130399008544,0.,-0.503267973856209));
#2102=DIRECTION('',(0.,0.,1.));
#2103=DIRECTION('',(1.,0.,0.));
#2104=DIRECTION('',(-5.84683748139567E-33,-9.54892560069752E-17,1.));
#2105=DIRECTION('',(0.,-1.,-9.54892560069752E-17));
#2106=DIRECTION('',(-5.84683748139567E-33,-9.54892560069752E-17,1.));
#2107=DIRECTION('',(0.,-1.,-9.54892560069752E-17));
#2108=DIRECTION('',(-5.84683748139567E-33,-9.54892560069752E-17,1.));
#2109=DIRECTION('',(0.,-1.,-9.54892560069752E-17));
#2110=DIRECTION('',(5.84683748139567E-33,9.54892560069752E-17,-1.));
#2111=DIRECTION('',(0.,1.,9.54892560069752E-17));
#2112=DIRECTION('',(-5.84683748139567E-33,-9.54892560069752E-17,1.));
#2113=DIRECTION('',(0.,-1.,-9.54892560069752E-17));
#2114=DIRECTION('',(-5.84683748139567E-33,-9.54892560069752E-17,1.));
#2115=DIRECTION('',(0.,-1.,-9.54892560069752E-17));
#2116=DIRECTION('',(-5.84683748139567E-33,-9.54892560069752E-17,1.));
#2117=DIRECTION('',(0.,-1.,-9.54892560069752E-17));
#2118=DIRECTION('',(-5.84683748139567E-33,-9.54892560069752E-17,1.));
#2119=DIRECTION('',(0.,-1.,-9.54892560069752E-17));
#2120=DIRECTION('',(-5.84683748139567E-33,-9.54892560069752E-17,1.));
#2121=DIRECTION('',(0.,-1.,-9.54892560069752E-17));
#2122=DIRECTION('',(0.,0.,1.));
#2123=DIRECTION('',(1.,0.,0.));
#2124=CARTESIAN_POINT('',(0.,0.,0.));
#2125=CARTESIAN_POINT('',(-9.19238815542512,5.62852847096758E-16,9.19238815542511));
#2126=CARTESIAN_POINT('',(-6.48964030233008,1.08641661261661E-15,6.48964030233007));
#2127=CARTESIAN_POINT('',(-9.19238815542511,5.62852847096758E-16,-9.19238815542512));
#2128=CARTESIAN_POINT('',(-6.48964030233007,1.08641661261661E-15,-6.48964030233008));
#2129=CARTESIAN_POINT('',(9.19238815542511,-5.62852847096758E-16,-9.19238815542512));
#2130=CARTESIAN_POINT('',(6.48964030233007,2.91691137791096E-16,-6.48964030233008));
#2131=CARTESIAN_POINT('',(9.19238815542512,-5.62852847096758E-16,9.19238815542511));
#2132=CARTESIAN_POINT('',(6.48964030233008,2.91691137791096E-16,6.48964030233007));
#2133=CARTESIAN_POINT('',(-13.,7.95994129984545E-16,-2.09055944457963E-15));
#2134=CARTESIAN_POINT('',(-9.17773733047822,1.25100964763468E-15,-1.47589272739248E-15));
#2135=CARTESIAN_POINT('',(-1.59204083889156E-15,9.74811663425655E-32,-13.));
#2136=CARTESIAN_POINT('',(-1.12394866451853E-15,6.89053875203855E-16,-9.17773733047822));
#2137=CARTESIAN_POINT('',(13.,-7.95994129984545E-16,-2.38806125833734E-15));
#2138=CARTESIAN_POINT('',(9.17773733047822,1.27098102773032E-16,-1.6859229967778E-15));
#2139=CARTESIAN_POINT('',(0.,0.,13.));
#2140=CARTESIAN_POINT('',(4.21909876850286E-32,6.89053875203855E-16,9.17773733047822));
#2141=CARTESIAN_POINT('',(-2.13693808742005E-15,-34.9,0.));
#2142=CARTESIAN_POINT('',(2.35331060896895,-16.3012569160022,-14.1422973794067));
#2143=CARTESIAN_POINT('',(-0.000512141113891444,-15.3245139460428,-14.3787862677847));
#2144=CARTESIAN_POINT('',(-2.35126204451339,-16.3006872998267,-14.1425575494545));
#2145=CARTESIAN_POINT('',(-3.32437543715963,-18.6468288069005,-13.9013738436927));
#2146=CARTESIAN_POINT('',(-2.35123294749937,-21.0011652732167,-14.1425908767166));
#2147=CARTESIAN_POINT('',(-0.00114197341591384,-21.9739045205104,-14.3785759261261));
#2148=CARTESIAN_POINT('',(2.3484336596555,-21.0032151370926,-14.143105102489));
#2149=CARTESIAN_POINT('',(3.3245629111331,-18.6519143778744,-13.9013103741494));
#2150=CARTESIAN_POINT('',(2.35331060896895,-16.3012569160022,-14.1422973794067));
#2151=CARTESIAN_POINT('',(-0.000512141113891444,-15.3245139460428,-14.3787862677847));
#2152=CARTESIAN_POINT('',(-2.35126204451339,-16.3006872998267,-14.1425575494545));
#2153=CARTESIAN_POINT('',(-8.67361737988404E-16,-15.65,-14.3));
#2154=CARTESIAN_POINT('',(-6.36795303987636E-16,-10.4,0.));
#2155=CARTESIAN_POINT('',(14.3,-10.4,0.));
#2156=CARTESIAN_POINT('',(-1.40217427512662E-15,-22.9,0.));
#2157=CARTESIAN_POINT('',(-14.3,-22.9,0.));
#2158=CARTESIAN_POINT('',(-2.35331060896895,-20.9987430839978,14.1422973794067));
#2159=CARTESIAN_POINT('',(0.00051214111388933,-21.9754860539572,14.3787862677847));
#2160=CARTESIAN_POINT('',(2.35126204451338,-20.9993127001733,14.1425575494545));
#2161=CARTESIAN_POINT('',(3.32437543715963,-18.6531711930995,13.9013738436927));
#2162=CARTESIAN_POINT('',(2.35123294749937,-16.2988347267833,14.1425908767166));
#2163=CARTESIAN_POINT('',(0.00114197341590825,-15.3260954794896,14.3785759261261));
#2164=CARTESIAN_POINT('',(-2.3484336596555,-16.2967848629074,14.143105102489));
#2165=CARTESIAN_POINT('',(-3.3245629111331,-18.6480856221256,13.9013103741495));
#2166=CARTESIAN_POINT('',(-2.35331060896895,-20.9987430839978,14.1422973794067));
#2167=CARTESIAN_POINT('',(0.00051214111388933,-21.9754860539572,14.3787862677847));
#2168=CARTESIAN_POINT('',(2.35126204451338,-20.9993127001733,14.1425575494545));
#2169=CARTESIAN_POINT('',(-1.32563637801272E-15,-21.65,14.3));
#2170=CARTESIAN_POINT('',(-2.13693808742005E-15,-34.9,0.));
#2171=CARTESIAN_POINT('',(-1.43278943397218E-15,-23.4,0.));
#2172=CARTESIAN_POINT('',(5.99999999999999,-23.4,0.));
#2173=CARTESIAN_POINT('',(-8.51101415906552E-16,-13.9,0.));
#2174=CARTESIAN_POINT('',(5.99999999999999,-13.9,0.));
#2175=CARTESIAN_POINT('',(1.19982585803941,-21.4850866545844,5.91519170197564));
#2176=CARTESIAN_POINT('',(-0.000721058279118018,-21.7322214352036,6.04229422540044));
#2177=CARTESIAN_POINT('',(-1.19694162492295,-21.4860276046011,5.91563139642255));
#2178=CARTESIAN_POINT('',(-2.17572236860881,-20.821854194829,5.6151431008169));
#2179=CARTESIAN_POINT('',(-2.83399033099547,-19.8485755728298,5.29648233877919));
#2180=CARTESIAN_POINT('',(-3.08192923911287,-18.6589427871812,5.1465723691986));
#2181=CARTESIAN_POINT('',(-2.83824273158204,-17.4580715817813,5.29417157713979));
#2182=CARTESIAN_POINT('',(-2.17854997785978,-16.4810530554079,5.6140748730579));
#2183=CARTESIAN_POINT('',(-1.20220962662543,-15.8165805985233,5.91433021446803));
#2184=CARTESIAN_POINT('',(-0.00961396583306061,-15.5682356045061,6.0420855009164));
#2185=CARTESIAN_POINT('',(1.19071891133495,-15.8105462797167,5.91729313378416));
#2186=CARTESIAN_POINT('',(2.17388904246322,-16.475892663623,5.61599182683761));
#2187=CARTESIAN_POINT('',(2.83373302078058,-17.4500519627239,5.29664617263602));
#2188=CARTESIAN_POINT('',(3.08171371086127,-18.6414820072262,5.14666688274662));
#2189=CARTESIAN_POINT('',(2.83935735872952,-19.8396131326434,5.29363245809464));
#2190=CARTESIAN_POINT('',(2.17724228213109,-20.8207399460292,5.61460976147912));
#2191=CARTESIAN_POINT('',(1.19982585803941,-21.4850866545844,5.91519170197564));
#2192=CARTESIAN_POINT('',(-0.000721058279118018,-21.7322214352036,6.04229422540044));
#2193=CARTESIAN_POINT('',(-1.19694162492295,-21.4860276046011,5.91563139642255));
#2194=CARTESIAN_POINT('',(-1.14194542493937E-15,-21.65,5.99999999999999));
#2195=CARTESIAN_POINT('',(-6.06180145142077E-16,-9.9,10.8));
#2196=CARTESIAN_POINT('',(-6.06180145142077E-16,-9.9,0.));
#2197=CARTESIAN_POINT('',(13.8,-9.9,0.));
#2198=CARTESIAN_POINT('',(-6.06180145142077E-16,-9.9,0.));
#2199=CARTESIAN_POINT('',(10.8,-9.9,0.));
#2200=CARTESIAN_POINT('',(-1.43278943397218E-15,-23.4,14.3));
#2201=CARTESIAN_POINT('',(-1.43278943397218E-15,-23.4,0.));
#2202=CARTESIAN_POINT('',(-13.8,-23.4,0.));
#2203=CARTESIAN_POINT('',(-8.51101415906552E-16,-13.9,5.99999999999999));
#2204=CARTESIAN_POINT('',(-8.51101415906552E-16,-13.9,0.));
#2205=CARTESIAN_POINT('',(10.8,-13.9,0.));
#2206=CARTESIAN_POINT('',(-2.13693808742005E-15,-34.9,0.));
#2207=CARTESIAN_POINT('',(-1.14194542493937E-15,-18.65,14.3));
#2208=CARTESIAN_POINT('',(-6.36795303987636E-16,-10.4,0.));
#2209=CARTESIAN_POINT('',(-1.43278943397218E-15,-23.4,0.));
#2210=CARTESIAN_POINT('',(-8.67361737988404E-16,-18.65,-14.3));
#2211=CARTESIAN_POINT('',(-8.67361737988404E-16,-18.65,-10.2025818570827));
#2212=CARTESIAN_POINT('',(-8.67361737988404E-16,-21.65,-10.2025818570827));
#2213=CARTESIAN_POINT('',(-8.67361737988404E-16,-18.65,-10.2025818570827));
#2214=CARTESIAN_POINT('',(-8.67361737988404E-16,-18.65,-8.4));
#2215=CARTESIAN_POINT('',(-6.05567841965165E-16,-9.89,10.79));
#2216=CARTESIAN_POINT('',(-6.05567841965165E-16,-9.89,0.));
#2217=CARTESIAN_POINT('',(10.6666666666667,-9.89,0.));
#2218=CARTESIAN_POINT('',(-6.05567841965165E-16,-9.89,0.));
#2219=CARTESIAN_POINT('',(10.79,-9.89,0.));
#2220=CARTESIAN_POINT('',(-2.13693808742005E-15,-34.9,0.));
#2221=CARTESIAN_POINT('',(-1.86142106648745E-16,-3.04003169782253,0.));
#2222=CARTESIAN_POINT('',(10.6666666666667,-3.04003169782253,0.));
#2223=CARTESIAN_POINT('',(0.,0.,0.));
#2224=CARTESIAN_POINT('',(1.86142106648745E-16,3.04003169782253,0.));
#2225=CARTESIAN_POINT('',(10.6666666666667,3.04003169782253,0.));
#2226=CARTESIAN_POINT('',(-2.13693808742005E-15,-34.9,0.));
#2227=CARTESIAN_POINT('',(7.89871098215434E-16,12.9,0.));
#2228=CARTESIAN_POINT('',(-10.6666666666667,12.9,0.));
#2229=CARTESIAN_POINT('',(8.51101415906553E-16,13.9,10.6666666666667));
#2230=CARTESIAN_POINT('',(8.51101415906553E-16,13.9,0.));
#2231=CARTESIAN_POINT('',(-6.99999999999999,13.9,0.));
#2232=CARTESIAN_POINT('',(8.51101415906553E-16,13.9,0.));
#2233=CARTESIAN_POINT('',(-9.66666666666667,13.9,0.));
#2234=CARTESIAN_POINT('',(-2.13693808742005E-15,-34.9,0.));
#2235=CARTESIAN_POINT('',(7.89871098215434E-16,12.9,0.));
#2236=CARTESIAN_POINT('',(-6.,12.9,0.));
#2237=CARTESIAN_POINT('',(-8.50489112729641E-16,-13.89,0.));
#2238=CARTESIAN_POINT('',(5.99999999999999,-13.89,0.));
#2239=CARTESIAN_POINT('',(-8.50489112729641E-16,-13.89,5.99999999999999));
#2240=CARTESIAN_POINT('',(-8.50489112729641E-16,-13.89,0.));
#2241=CARTESIAN_POINT('',(10.79,-13.89,0.));
#2242=CARTESIAN_POINT('',(-2.13693808742005E-15,-34.9,0.));
#2243=CARTESIAN_POINT('',(8.51101415906553E-16,13.9,0.));
#2244=CARTESIAN_POINT('',(7.89871098215434E-16,12.9,0.));
#2245=CARTESIAN_POINT('',(0.,3.40000000000001,47.7590584350166));
#2246=CARTESIAN_POINT('',(1.09750232032713,3.53805493891724,-19.6598190638168));
#2247=CARTESIAN_POINT('',(0.878942567365174,2.72552065639822,-19.7997679460224));
#2248=CARTESIAN_POINT('',(0.140285681169633,2.29875826261913,-19.8727942671172));
#2249=CARTESIAN_POINT('',(-0.683884801472403,2.52729031246922,-19.833729020785));
#2250=CARTESIAN_POINT('',(-1.09773037633298,3.26324660307046,-19.7072862754203));
#2251=CARTESIAN_POINT('',(-0.878656310312383,4.07387954725083,-19.566861663851));
#2252=CARTESIAN_POINT('',(-0.142117837391889,4.501150803395,-19.4923494527306));
#2253=CARTESIAN_POINT('',(0.683923114328302,4.27277919119667,-19.5322184018833));
#2254=CARTESIAN_POINT('',(1.09750232032713,3.53805493891724,-19.6598190638168));
#2255=CARTESIAN_POINT('',(0.878942567365174,2.72552065639822,-19.7997679460224));
#2256=CARTESIAN_POINT('',(0.140285681169633,2.29875826261913,-19.8727942671172));
#2257=CARTESIAN_POINT('',(0.792259711826244,2.78981597118821,-19.7886141858373));
#2258=CARTESIAN_POINT('',(-0.932964533852955,3.04003169782253,-15.3049236616745));
#2259=CARTESIAN_POINT('',(-0.878903615075493,2.89991680553401,-15.4911095838305));
#2260=CARTESIAN_POINT('',(-0.698057234294384,2.59240500108346,-15.8269772308039));
#2261=CARTESIAN_POINT('',(-0.00271139192285756,2.30441738469852,-16.067432408387));
#2262=CARTESIAN_POINT('',(0.696424084806024,2.58993843666838,-15.8293673079589));
#2263=CARTESIAN_POINT('',(0.878784724117608,2.89960866438188,-15.4915190445499));
#2264=CARTESIAN_POINT('',(0.932964533853231,3.04003169782258,-15.3049236616746));
#2265=CARTESIAN_POINT('',(-0.932964533852953,3.04003169782253,-15.3049236616745));
#2266=CARTESIAN_POINT('',(0.932964533852953,3.04003169782253,-15.3049236616745));
#2267=CARTESIAN_POINT('',(0.932964533852953,3.04003169782253,-15.3049236616745));
#2268=CARTESIAN_POINT('',(1.05037455111469,3.34433455271739,-15.2977665281634));
#2269=CARTESIAN_POINT('',(0.963592618093826,4.05865176119779,-15.3067164333889));
#2270=CARTESIAN_POINT('',(0.00112094244961093,4.57009787383113,-15.3466204498672));
#2271=CARTESIAN_POINT('',(-0.962651346461415,4.06095429088768,-15.3068016071908));
#2272=CARTESIAN_POINT('',(-1.05037543690356,3.34433684850176,-15.297766474167));
#2273=CARTESIAN_POINT('',(-0.932964533852956,3.04003169782253,-15.3049236616745));
#2274=CARTESIAN_POINT('',(-3.67381906146713E-16,-6.,15.3333333333333));
#2275=CARTESIAN_POINT('',(-3.67381906146714E-16,-6.00000000000001,0.));
#2276=CARTESIAN_POINT('',(19.0787840283389,-6.00000000000001,0.));
#2277=CARTESIAN_POINT('',(-3.67381906146713E-16,-6.,0.));
#2278=CARTESIAN_POINT('',(15.3333333333333,-6.,0.));
#2279=CARTESIAN_POINT('',(0.,0.,-1.73472347597681E-15));
#2280=CARTESIAN_POINT('',(-1.1059871420111,-3.38700066823746,19.685927777367));
#2281=CARTESIAN_POINT('',(-0.796629292259044,-4.17062876774214,19.5500202598437));
#2282=CARTESIAN_POINT('',(-0.0121828169718609,-4.51015754107163,19.4907747912813));
#2283=CARTESIAN_POINT('',(0.778836393255765,-4.18837226790523,19.5469294689329));
#2284=CARTESIAN_POINT('',(1.10605182277307,-3.41215888211403,19.6815820424548));
#2285=CARTESIAN_POINT('',(0.796581569089244,-2.6300505239091,19.8161323187412));
#2286=CARTESIAN_POINT('',(0.0139952238084431,-2.28970307210723,19.8743405701481));
#2287=CARTESIAN_POINT('',(-0.779016348273484,-2.61158795719361,19.8192952135602));
#2288=CARTESIAN_POINT('',(-1.1059871420111,-3.38700066823746,19.685927777367));
#2289=CARTESIAN_POINT('',(-0.796629292259044,-4.17062876774214,19.5500202598437));
#2290=CARTESIAN_POINT('',(-0.0121828169718609,-4.51015754107163,19.4907747912813));
#2291=CARTESIAN_POINT('',(-0.717447854669856,-4.09661221337961,19.5627972680038));
#2292=CARTESIAN_POINT('',(3.67381906146713E-16,6.,0.));
#2293=CARTESIAN_POINT('',(19.0787840283389,6.,0.));
#2294=CARTESIAN_POINT('',(3.67381906146713E-16,6.,19.0787840283389));
#2295=CARTESIAN_POINT('',(3.67381906146713E-16,6.,0.));
#2296=CARTESIAN_POINT('',(15.3333333333333,6.,0.));
#2297=CARTESIAN_POINT('',(-2.13693808742005E-15,-34.9,0.));
#2298=CARTESIAN_POINT('',(1.86142106648745E-16,3.04003169782253,0.));
#2299=CARTESIAN_POINT('',(0.,0.,0.));
#2300=CARTESIAN_POINT('',(-1.86142106648745E-16,-3.04003169782253,0.));
#2301=CARTESIAN_POINT('',(-0.932964533852955,-3.04003169782253,15.3049236616745));
#2302=CARTESIAN_POINT('',(0.932964533852956,-3.04003169782253,15.3049236616745));
#2303=CARTESIAN_POINT('',(-0.932964533852955,-3.04003169782253,15.3049236616745));
#2304=CARTESIAN_POINT('',(-0.878903615075492,-2.89991680553401,15.4911095838305));
#2305=CARTESIAN_POINT('',(-0.698057234294382,-2.59240500108346,15.8269772308039));
#2306=CARTESIAN_POINT('',(-0.0027113919228578,-2.30441738469852,16.0674324083869));
#2307=CARTESIAN_POINT('',(0.696424084806022,-2.58993843666839,15.8293673079589));
#2308=CARTESIAN_POINT('',(0.878784724117607,-2.89960866438188,15.4915190445499));
#2309=CARTESIAN_POINT('',(0.93296453385323,-3.04003169782258,15.3049236616746));
#2310=CARTESIAN_POINT('',(-2.13693808742005E-15,-34.9,0.));
#2311=CARTESIAN_POINT('',(0.932964533852956,-3.04003169782253,15.3049236616745));
#2312=CARTESIAN_POINT('',(1.05037455111469,-3.34433455271739,15.2977665281634));
#2313=CARTESIAN_POINT('',(0.963592618093825,-4.0586517611978,15.3067164333889));
#2314=CARTESIAN_POINT('',(0.00112094244961163,-4.57009787383113,15.3466204498672));
#2315=CARTESIAN_POINT('',(-0.962651346461418,-4.06095429088768,15.3068016071908));
#2316=CARTESIAN_POINT('',(-1.05037543690356,-3.34433684850176,15.297766474167));
#2317=CARTESIAN_POINT('',(-0.932964533852956,-3.04003169782253,15.3049236616745));
#2318=CARTESIAN_POINT('',(0.,-3.40000000000001,-47.7590584350166));
#2319=CARTESIAN_POINT('',(0.,0.,0.));
#2320=CARTESIAN_POINT('',(0.,0.,8.));
#2321=CARTESIAN_POINT('',(0.,0.,1.));
#2322=CARTESIAN_POINT('',(-3.,0.,1.));
#2323=CARTESIAN_POINT('',(0.,0.,7.));
#2324=CARTESIAN_POINT('',(-3.,0.,7.));
#2325=CARTESIAN_POINT('',(0.,0.,8.));
#2326=CARTESIAN_POINT('',(0.,0.,8.));
#2327=CARTESIAN_POINT('',(-2.,0.,8.));
#2328=CARTESIAN_POINT('',(0.,0.,0.));
#2329=CARTESIAN_POINT('',(0.,0.,0.));
#2330=CARTESIAN_POINT('',(-2.,0.,0.));
#2331=CARTESIAN_POINT('',(0.,0.,0.));
#2332=CARTESIAN_POINT('',(0.,0.,7.));
#2333=CARTESIAN_POINT('',(-1.14194542493937E-15,-18.65,5.99999999999999));
#2334=CARTESIAN_POINT('',(0.,0.,0.));
#2335=CARTESIAN_POINT('',(-2.93905524917371E-15,6.00000000000001,-38.25));
#2336=CARTESIAN_POINT('',(3.63027767995818E-16,6.00000000000001,0.));
#2337=CARTESIAN_POINT('',(-11.25,6.00000000000001,-29.4225678688995));
#2338=CARTESIAN_POINT('',(-19.9330703111219,6.00000000000001,-24.3910374517336));
#2339=CARTESIAN_POINT('',(-8.85733658983758,6.00000000000001,-43.4084967320261));
#2340=CARTESIAN_POINT('',(-11.1908941851094,6.00000000000001,-39.4016889066433));
#2341=CARTESIAN_POINT('',(-2.2655217545714E-15,6.00000000000001,-38.25));
#2342=CARTESIAN_POINT('',(-11.25,6.00000000000001,-38.25));
#2343=CARTESIAN_POINT('',(-11.25,6.00000000000001,-38.25));
#2344=CARTESIAN_POINT('',(-2.93905524917371E-15,6.00000000000001,38.25));
#2345=CARTESIAN_POINT('',(-25.4918467707521,6.00000000000001,14.8464052287582));
#2346=CARTESIAN_POINT('',(-11.1908941851094,6.00000000000001,39.4016889066432));
#2347=CARTESIAN_POINT('',(-19.9330703111219,6.00000000000001,24.3910374517336));
#2348=CARTESIAN_POINT('',(3.63027767995818E-16,6.00000000000001,0.));
#2349=CARTESIAN_POINT('',(-11.25,6.00000000000001,29.4225678688995));
#2350=CARTESIAN_POINT('',(-11.25,6.00000000000001,38.25));
#2351=CARTESIAN_POINT('',(-11.25,6.00000000000001,38.25));
#2352=CARTESIAN_POINT('',(-2.2655217545714E-15,6.00000000000001,38.25));
#2353=CARTESIAN_POINT('',(-2.93905524917371E-15,6.00000000000001,38.25));
#2354=CARTESIAN_POINT('',(3.63027767995818E-16,6.00000000000001,0.));
#2355=CARTESIAN_POINT('',(11.25,6.00000000000001,29.4225678688995));
#2356=CARTESIAN_POINT('',(19.9330703111219,6.00000000000001,24.3910374517336));
#2357=CARTESIAN_POINT('',(8.85733658983758,6.00000000000001,43.4084967320261));
#2358=CARTESIAN_POINT('',(11.1908941851094,6.00000000000001,39.4016889066433));
#2359=CARTESIAN_POINT('',(-2.2655217545714E-15,6.00000000000001,38.25));
#2360=CARTESIAN_POINT('',(11.25,6.00000000000001,38.25));
#2361=CARTESIAN_POINT('',(11.25,6.00000000000001,38.25));
#2362=CARTESIAN_POINT('',(-9.18454765366783E-16,-15.,21.0787840283389));
#2363=CARTESIAN_POINT('',(-9.18454765366783E-16,-15.,0.));
#2364=CARTESIAN_POINT('',(29.5,-15.,0.));
#2365=CARTESIAN_POINT('',(-9.18454765366783E-16,-15.,0.));
#2366=CARTESIAN_POINT('',(21.0787840283389,-15.,0.));
#2367=CARTESIAN_POINT('',(0.,0.,0.));
#2368=CARTESIAN_POINT('',(1.17449469279965,-3.67674864396097,30.4816045737524));
#2369=CARTESIAN_POINT('',(1.66265872009533,-2.49969955017687,30.4538453361856));
#2370=CARTESIAN_POINT('',(1.17487042681905,-1.32445315533157,30.4815686222392));
#2371=CARTESIAN_POINT('',(0.00123141267300655,-0.837937661727141,30.5092114624571));
#2372=CARTESIAN_POINT('',(-1.17498355130193,-1.32379748444932,30.4815854646525));
#2373=CARTESIAN_POINT('',(-1.66211216123916,-2.49976684741249,30.4538669118262));
#2374=CARTESIAN_POINT('',(-1.1765672306004,-3.67392318905489,30.481501456998));
#2375=CARTESIAN_POINT('',(-0.00174449283013043,-4.16233090408304,30.5092234363618));
#2376=CARTESIAN_POINT('',(1.17449469279965,-3.67674864396097,30.4816045737524));
#2377=CARTESIAN_POINT('',(1.66265872009533,-2.49969955017687,30.4538453361856));
#2378=CARTESIAN_POINT('',(1.17487042681905,-1.32445315533157,30.4815686222392));
#2379=CARTESIAN_POINT('',(1.5,-2.5,30.4630924234556));
#2380=CARTESIAN_POINT('',(-8.57224447675664E-16,-14.,0.));
#2381=CARTESIAN_POINT('',(30.5,-14.,0.));
#2382=CARTESIAN_POINT('',(3.06151588455595E-16,5.00000000000001,0.));
#2383=CARTESIAN_POINT('',(11.8611111111111,5.00000000000001,-28.0991822516221));
#2384=CARTESIAN_POINT('',(19.3002744282291,5.00000000000001,-23.6167188024722));
#2385=CARTESIAN_POINT('',(19.3002744282291,5.00000000000001,-23.6167188024722));
#2386=CARTESIAN_POINT('',(20.7458428225966,5.,-22.4353579644397));
#2387=CARTESIAN_POINT('',(23.3745840723954,5.60277881325057,-19.8437917724152));
#2388=CARTESIAN_POINT('',(25.4527301175442,6.53293566001543,-16.9005830084866));
#2389=CARTESIAN_POINT('',(26.3559771697605,7.00000000000001,-15.3496732026146));
#2390=CARTESIAN_POINT('',(26.3559771697606,7.00000000000001,-15.3496732026144));
#2391=CARTESIAN_POINT('',(26.3559771697606,6.00000000000001,-15.3496732026144));
#2392=CARTESIAN_POINT('',(26.3559771697606,17.,-15.3496732026144));
#2393=CARTESIAN_POINT('',(1.04091540074902E-15,17.,0.));
#2394=CARTESIAN_POINT('',(26.3559771697606,17.,15.3496732026144));
#2395=CARTESIAN_POINT('',(26.3559771697606,6.00000000000001,15.3496732026144));
#2396=CARTESIAN_POINT('',(26.3559771697606,7.00000000000001,15.3496732026144));
#2397=CARTESIAN_POINT('',(19.3002744282291,5.00000000000001,23.6167188024722));
#2398=CARTESIAN_POINT('',(20.7458428225966,5.,22.4353579644397));
#2399=CARTESIAN_POINT('',(23.3745840723982,5.60277881322981,19.8437917724105));
#2400=CARTESIAN_POINT('',(25.4527301175388,6.53293566005703,16.9005830084958));
#2401=CARTESIAN_POINT('',(26.3559771697606,7.00000000000001,15.3496732026144));
#2402=CARTESIAN_POINT('',(19.3002744282291,5.00000000000001,23.6167188024722));
#2403=CARTESIAN_POINT('',(3.06151588455595E-16,5.00000000000001,0.));
#2404=CARTESIAN_POINT('',(11.8611111111111,5.,28.0991822516221));
#2405=CARTESIAN_POINT('',(11.8611111111111,5.,28.0991822516221));
#2406=CARTESIAN_POINT('',(11.8611111111111,4.46167033972854,28.0991822516221));
#2407=CARTESIAN_POINT('',(11.4205736930543,3.42008026676162,28.2897048857949));
#2408=CARTESIAN_POINT('',(10.4331281604026,3.,28.6651191886018));
#2409=CARTESIAN_POINT('',(9.92460317460317,3.,28.8401153227004));
#2410=CARTESIAN_POINT('',(9.92460317460317,3.,28.8401153227004));
#2411=CARTESIAN_POINT('',(1.83690953073357E-16,3.,0.));
#2412=CARTESIAN_POINT('',(-9.92460317460318,3.,28.8401153227004));
#2413=CARTESIAN_POINT('',(-9.92460317460318,3.,28.8401153227004));
#2414=CARTESIAN_POINT('',(-10.4324743445625,3.,28.6653441829435));
#2415=CARTESIAN_POINT('',(-11.4222339609521,3.42105371049756,28.2890614039111));
#2416=CARTESIAN_POINT('',(-11.8611111111111,4.46243883304554,28.0991822516221));
#2417=CARTESIAN_POINT('',(-11.8611111111111,5.,28.0991822516221));
#2418=CARTESIAN_POINT('',(-11.8611111111111,5.00000000000001,28.0991822516221));
#2419=CARTESIAN_POINT('',(3.06151588455595E-16,5.00000000000001,0.));
#2420=CARTESIAN_POINT('',(-19.3002744282291,5.00000000000001,23.6167188024722));
#2421=CARTESIAN_POINT('',(-19.3002744282291,5.00000000000001,23.6167188024722));
#2422=CARTESIAN_POINT('',(-20.7458428225966,5.00000000000001,22.4353579644397));
#2423=CARTESIAN_POINT('',(-23.3745840724004,5.60277881321295,19.8437917724067));
#2424=CARTESIAN_POINT('',(-25.4527301175344,6.53293566009078,16.9005830085034));
#2425=CARTESIAN_POINT('',(-26.3559771697606,7.00000000000001,15.3496732026144));
#2426=CARTESIAN_POINT('',(-26.3559771697606,7.00000000000001,15.3496732026144));
#2427=CARTESIAN_POINT('',(-26.3559771697606,6.00000000000001,15.3496732026144));
#2428=CARTESIAN_POINT('',(-26.3559771697606,17.,15.3496732026144));
#2429=CARTESIAN_POINT('',(1.04091540074902E-15,17.,0.));
#2430=CARTESIAN_POINT('',(-26.3559771697606,17.,-15.3496732026144));
#2431=CARTESIAN_POINT('',(-26.3559771697606,6.00000000000001,-15.3496732026144));
#2432=CARTESIAN_POINT('',(-26.3559771697606,7.00000000000001,-15.3496732026144));
#2433=CARTESIAN_POINT('',(-19.3002744282291,5.00000000000001,-23.6167188024722));
#2434=CARTESIAN_POINT('',(-20.7458428225966,5.00000000000001,-22.4353579644397));
#2435=CARTESIAN_POINT('',(-23.3745840723933,5.60277881326745,-19.8437917724189));
#2436=CARTESIAN_POINT('',(-25.4527301175487,6.53293565998174,-16.9005830084789));
#2437=CARTESIAN_POINT('',(-26.3559771697606,7.00000000000001,-15.3496732026144));
#2438=CARTESIAN_POINT('',(-19.3002744282291,5.00000000000001,-23.6167188024722));
#2439=CARTESIAN_POINT('',(3.06151588455595E-16,5.00000000000001,0.));
#2440=CARTESIAN_POINT('',(-11.8611111111111,5.,-28.0991822516221));
#2441=CARTESIAN_POINT('',(-11.8611111111111,5.,-28.0991822516221));
#2442=CARTESIAN_POINT('',(-11.8611111111111,4.46167033972854,-28.0991822516221));
#2443=CARTESIAN_POINT('',(-11.4205736930543,3.42008026676162,-28.2897048857949));
#2444=CARTESIAN_POINT('',(-10.4331281604026,3.,-28.6651191886018));
#2445=CARTESIAN_POINT('',(-9.92460317460317,3.,-28.8401153227004));
#2446=CARTESIAN_POINT('',(-9.92460317460317,3.,-28.8401153227004));
#2447=CARTESIAN_POINT('',(1.83690953073357E-16,3.,0.));
#2448=CARTESIAN_POINT('',(9.92460317460318,3.,-28.8401153227004));
#2449=CARTESIAN_POINT('',(9.92460317460318,3.,-28.8401153227004));
#2450=CARTESIAN_POINT('',(10.4324743445625,3.,-28.6653441829435));
#2451=CARTESIAN_POINT('',(11.4222339609521,3.42105371049756,-28.2890614039111));
#2452=CARTESIAN_POINT('',(11.8611111111111,4.46243883304554,-28.0991822516221));
#2453=CARTESIAN_POINT('',(11.8611111111111,5.,-28.0991822516221));
#2454=CARTESIAN_POINT('',(1.04091540074902E-15,17.,30.5));
#2455=CARTESIAN_POINT('',(9.72146698884613,17.,-43.9117647058824));
#2456=CARTESIAN_POINT('',(9.72146698884613,17.,-43.9117647058824));
#2457=CARTESIAN_POINT('',(-2.2655217545714E-15,17.,-38.25));
#2458=CARTESIAN_POINT('',(-9.72146698884612,17.,-43.9117647058824));
#2459=CARTESIAN_POINT('',(-9.72146698884612,17.,-43.9117647058824));
#2460=CARTESIAN_POINT('',(-9.72146698884612,17.,43.9117647058824));
#2461=CARTESIAN_POINT('',(-9.72146698884612,17.,43.9117647058824));
#2462=CARTESIAN_POINT('',(-2.2655217545714E-15,17.,38.25));
#2463=CARTESIAN_POINT('',(9.72146698884612,17.,43.9117647058824));
#2464=CARTESIAN_POINT('',(9.72146698884612,17.,43.9117647058824));
#2465=CARTESIAN_POINT('',(-2.2655217545714E-15,17.,38.25));
#2466=CARTESIAN_POINT('',(-5.25,17.,38.25));
#2467=CARTESIAN_POINT('',(1.04091540074902E-15,17.,0.));
#2468=CARTESIAN_POINT('',(21.0787840283389,17.,0.));
#2469=CARTESIAN_POINT('',(-2.2655217545714E-15,17.,-38.25));
#2470=CARTESIAN_POINT('',(-5.25,17.,-38.25));
#2471=CARTESIAN_POINT('',(0.,0.,0.));
#2472=CARTESIAN_POINT('',(4.89842541528951E-16,8.,0.));
#2473=CARTESIAN_POINT('',(21.0787840283389,8.,0.));
#2474=CARTESIAN_POINT('',(4.89842541528951E-16,8.,0.));
#2475=CARTESIAN_POINT('',(3.67381906146713E-16,6.,0.));
#2476=CARTESIAN_POINT('',(19.0787840283389,6.,0.));
#2477=CARTESIAN_POINT('',(0.,0.,-1.73472347597681E-15));
#2478=CARTESIAN_POINT('',(0.0314728422460731,-4.16417575674291,19.574942027951));
#2479=CARTESIAN_POINT('',(-1.15852528345957,-3.69265452836857,19.6351913419101));
#2480=CARTESIAN_POINT('',(-1.65995437969497,-2.52895568289193,19.7829249688542));
#2481=CARTESIAN_POINT('',(-1.2002528169459,-1.35050979104116,19.931172745278));
#2482=CARTESIAN_POINT('',(-0.0312632605480796,-0.835951021477597,19.9954870388013));
#2483=CARTESIAN_POINT('',(1.15792721570295,-1.30724268044562,19.9365904186437));
#2484=CARTESIAN_POINT('',(1.65986535283555,-2.46912846220361,19.7904837069196));
#2485=CARTESIAN_POINT('',(1.20105856216196,-3.64906636988422,19.6407492715291));
#2486=CARTESIAN_POINT('',(0.0314728422460731,-4.16417575674291,19.574942027951));
#2487=CARTESIAN_POINT('',(-1.15852528345957,-3.69265452836857,19.6351913419101));
#2488=CARTESIAN_POINT('',(-1.65995437969497,-2.52895568289193,19.7829249688542));
#2489=CARTESIAN_POINT('',(-1.04376377854786,-3.57729159218486,19.6497720607409));
#2490=CARTESIAN_POINT('',(-3.67381906146713E-16,-6.,0.));
#2491=CARTESIAN_POINT('',(19.0787840283389,-6.00000000000001,0.));
#2492=CARTESIAN_POINT('',(-4.89842541528951E-16,-8.,0.));
#2493=CARTESIAN_POINT('',(-4.89842541528951E-16,-8.,0.));
#2494=CARTESIAN_POINT('',(21.0787840283389,-8.,0.));
#2495=CARTESIAN_POINT('',(0.,0.,0.));
#2496=CARTESIAN_POINT('',(-2.93905524917371E-15,6.00000000000001,-38.25));
#2497=CARTESIAN_POINT('',(-2.2655217545714E-15,6.00000000000001,-38.25));
#2498=CARTESIAN_POINT('',(11.1908941851094,6.00000000000001,-39.4016889066433));
#2499=CARTESIAN_POINT('',(11.25,6.00000000000001,-38.25));
#2500=CARTESIAN_POINT('',(25.4918467707521,6.00000000000001,-14.8464052287582));
#2501=CARTESIAN_POINT('',(19.9330703111219,6.00000000000001,-24.3910374517336));
#2502=CARTESIAN_POINT('',(3.63027767995818E-16,6.00000000000001,0.));
#2503=CARTESIAN_POINT('',(11.25,6.00000000000001,-29.4225678688995));
#2504=CARTESIAN_POINT('',(11.25,6.00000000000001,-38.25));
#2505=CARTESIAN_POINT('',(-2.93905524917371E-15,6.00000000000001,-38.25));
#2506=CARTESIAN_POINT('',(11.25,4.,-38.25));
#2507=CARTESIAN_POINT('',(11.25,5.,-38.25));
#2508=CARTESIAN_POINT('',(-3.00028556686482E-15,5.,-38.25));
#2509=CARTESIAN_POINT('',(-11.25,5.,-38.25));
#2510=CARTESIAN_POINT('',(-11.25,4.,-38.25));
#2511=CARTESIAN_POINT('',(-11.1908941851094,6.00000000000001,-39.4016889066433));
#2512=CARTESIAN_POINT('',(-11.1065244379933,6.00000000000001,-40.2215048369295));
#2513=CARTESIAN_POINT('',(-10.7621655130557,6.30280469886291,-41.8035860922494));
#2514=CARTESIAN_POINT('',(-10.114333084218,6.76726206432096,-43.2371985634168));
#2515=CARTESIAN_POINT('',(-9.72146698884613,7.00000000000001,-43.9117647058824));
#2516=CARTESIAN_POINT('',(-9.72146698884612,7.00000000000001,-43.9117647058824));
#2517=CARTESIAN_POINT('',(-9.72146698884612,6.00000000000001,-43.9117647058824));
#2518=CARTESIAN_POINT('',(9.72146698884613,6.00000000000001,-43.9117647058824));
#2519=CARTESIAN_POINT('',(9.72146698884613,7.00000000000001,-43.9117647058824));
#2520=CARTESIAN_POINT('',(11.1908941851094,6.00000000000001,-39.4016889066433));
#2521=CARTESIAN_POINT('',(11.1065244379933,6.00000000000001,-40.2215048369295));
#2522=CARTESIAN_POINT('',(10.7621655130575,6.30280469887485,-41.8035860922463));
#2523=CARTESIAN_POINT('',(10.1143330842144,6.76726206429705,-43.237198563423));
#2524=CARTESIAN_POINT('',(9.72146698884612,7.00000000000001,-43.9117647058824));
#2525=CARTESIAN_POINT('',(9.72146698884613,6.00000000000001,-43.9117647058824));
#2526=CARTESIAN_POINT('',(9.72146698884613,7.00000000000001,-43.9117647058824));
#2527=CARTESIAN_POINT('',(-9.72146698884612,6.00000000000001,-43.9117647058824));
#2528=CARTESIAN_POINT('',(-26.3559771697606,7.00000000000001,-15.3496732026144));
#2529=CARTESIAN_POINT('',(-2.93905524917371E-15,6.00000000000001,-38.25));
#2530=CARTESIAN_POINT('',(-2.2655217545714E-15,4.,-38.25));
#2531=CARTESIAN_POINT('',(5.25,4.,-38.25));
#2532=CARTESIAN_POINT('',(-2.93905524917371E-15,6.00000000000001,38.25));
#2533=CARTESIAN_POINT('',(-11.25,4.,38.25));
#2534=CARTESIAN_POINT('',(-11.25,5.,38.25));
#2535=CARTESIAN_POINT('',(-3.00028556686482E-15,5.,38.25));
#2536=CARTESIAN_POINT('',(11.25,5.,38.25));
#2537=CARTESIAN_POINT('',(11.25,4.,38.25));
#2538=CARTESIAN_POINT('',(11.1908941851094,6.00000000000001,39.4016889066433));
#2539=CARTESIAN_POINT('',(11.1065244379933,6.00000000000001,40.2215048369295));
#2540=CARTESIAN_POINT('',(10.7621655130566,6.30280469886875,41.8035860922479));
#2541=CARTESIAN_POINT('',(10.1143330842162,6.76726206430924,43.2371985634199));
#2542=CARTESIAN_POINT('',(9.72146698884612,7.00000000000001,43.9117647058824));
#2543=CARTESIAN_POINT('',(9.72146698884612,7.00000000000001,43.9117647058824));
#2544=CARTESIAN_POINT('',(9.72146698884612,6.00000000000001,43.9117647058824));
#2545=CARTESIAN_POINT('',(-9.72146698884612,6.00000000000001,43.9117647058824));
#2546=CARTESIAN_POINT('',(-9.72146698884612,7.00000000000001,43.9117647058824));
#2547=CARTESIAN_POINT('',(-11.1908941851094,6.00000000000001,39.4016889066432));
#2548=CARTESIAN_POINT('',(-11.1065244379933,6.00000000000001,40.2215048369295));
#2549=CARTESIAN_POINT('',(-10.7621655130502,6.3028046988264,41.8035860922588));
#2550=CARTESIAN_POINT('',(-10.114333084229,6.76726206439403,43.237198563398));
#2551=CARTESIAN_POINT('',(-9.72146698884611,7.00000000000001,43.9117647058824));
#2552=CARTESIAN_POINT('',(-9.72146698884612,6.00000000000001,43.9117647058824));
#2553=CARTESIAN_POINT('',(-9.72146698884612,7.00000000000001,43.9117647058824));
#2554=CARTESIAN_POINT('',(9.72146698884612,6.00000000000001,43.9117647058824));
#2555=CARTESIAN_POINT('',(26.3559771697606,7.00000000000001,15.3496732026144));
#2556=CARTESIAN_POINT('',(-2.93905524917371E-15,6.00000000000001,38.25));
#2557=CARTESIAN_POINT('',(-2.2655217545714E-15,4.,38.25));
#2558=CARTESIAN_POINT('',(5.25,4.,38.25));
#2559=CARTESIAN_POINT('',(-2.2655217545714E-15,4.,38.25));
#2560=CARTESIAN_POINT('',(-10.25,4.,28.349382709329));
#2561=CARTESIAN_POINT('',(-10.25,4.,38.25));
#2562=CARTESIAN_POINT('',(-10.25,4.,29.7856928742643));
#2563=CARTESIAN_POINT('',(1.83690953073357E-16,4.,0.));
#2564=CARTESIAN_POINT('',(10.25,4.,29.7856928742643));
#2565=CARTESIAN_POINT('',(10.25,4.,38.25));
#2566=CARTESIAN_POINT('',(10.25,4.,38.25));
#2567=CARTESIAN_POINT('',(-3.00028556686482E-15,4.,38.25));
#2568=CARTESIAN_POINT('',(-11.25,4.,38.25));
#2569=CARTESIAN_POINT('',(-11.25,6.00000000000001,29.4225678688995));
#2570=CARTESIAN_POINT('',(-11.25,6.00000000000001,29.2841072917061));
#2571=CARTESIAN_POINT('',(-11.25,5.9758321253296,29.1500389202213));
#2572=CARTESIAN_POINT('',(-11.25,5.92692323480716,29.0204669156098));
#2573=CARTESIAN_POINT('',(-11.25,5.92692323480716,29.0204669156097));
#2574=CARTESIAN_POINT('',(-11.25,4.,29.0204669156097));
#2575=CARTESIAN_POINT('',(-11.25,5.,29.0204669156097));
#2576=CARTESIAN_POINT('',(-11.25,5.,38.25));
#2577=CARTESIAN_POINT('',(11.25,4.,38.25));
#2578=CARTESIAN_POINT('',(11.25,4.,29.0204669156098));
#2579=CARTESIAN_POINT('',(11.25,5.,29.0204669156098));
#2580=CARTESIAN_POINT('',(11.25,5.92692323480716,29.0204669156098));
#2581=CARTESIAN_POINT('',(11.25,5.92692323480716,29.0204669156098));
#2582=CARTESIAN_POINT('',(11.25,5.9758321253296,29.1500389202213));
#2583=CARTESIAN_POINT('',(11.25,6.00000000000001,29.2841072917061));
#2584=CARTESIAN_POINT('',(11.25,6.00000000000001,29.4225678688996));
#2585=CARTESIAN_POINT('',(11.25,5.,28.349382709329));
#2586=CARTESIAN_POINT('',(-2.2655217545714E-15,4.,-38.25));
#2587=CARTESIAN_POINT('',(10.25,4.,-28.349382709329));
#2588=CARTESIAN_POINT('',(10.25,4.,-38.25));
#2589=CARTESIAN_POINT('',(10.25,4.,-29.7856928742643));
#2590=CARTESIAN_POINT('',(1.83690953073357E-16,4.,0.));
#2591=CARTESIAN_POINT('',(-10.25,4.,-29.7856928742643));
#2592=CARTESIAN_POINT('',(-10.25,4.,-38.25));
#2593=CARTESIAN_POINT('',(-10.25,4.,-38.25));
#2594=CARTESIAN_POINT('',(-3.00028556686482E-15,4.,-38.25));
#2595=CARTESIAN_POINT('',(-11.25,4.,-38.25));
#2596=CARTESIAN_POINT('',(-11.25,6.00000000000001,-29.0204669156097));
#2597=CARTESIAN_POINT('',(-11.25,5.,-29.0204669156097));
#2598=CARTESIAN_POINT('',(-11.25,5.92692323480716,-29.0204669156097));
#2599=CARTESIAN_POINT('',(-11.25,5.92692323480716,-29.0204669156097));
#2600=CARTESIAN_POINT('',(-11.25,5.9758321253296,-29.1500389202213));
#2601=CARTESIAN_POINT('',(-11.25,6.00000000000001,-29.2841072917061));
#2602=CARTESIAN_POINT('',(-11.25,6.00000000000001,-29.4225678688995));
#2603=CARTESIAN_POINT('',(-11.25,5.,-28.349382709329));
#2604=CARTESIAN_POINT('',(11.25,4.,-38.25));
#2605=CARTESIAN_POINT('',(11.25,6.00000000000001,-29.4225678688995));
#2606=CARTESIAN_POINT('',(11.25,6.00000000000001,-29.2841072917061));
#2607=CARTESIAN_POINT('',(11.25,5.9758321253296,-29.1500389202213));
#2608=CARTESIAN_POINT('',(11.25,5.92692323480716,-29.0204669156097));
#2609=CARTESIAN_POINT('',(11.25,5.92692323480716,-29.0204669156097));
#2610=CARTESIAN_POINT('',(11.25,5.,-29.0204669156097));
#2611=CARTESIAN_POINT('',(11.25,5.,-29.0204669156097));
#2612=CARTESIAN_POINT('',(11.25,5.,-38.25));
#2613=CARTESIAN_POINT('',(-8.57224447675664E-16,-14.,0.));
#2614=CARTESIAN_POINT('',(10.25,5.,38.25));
#2615=CARTESIAN_POINT('',(10.25,4.,29.7856928742643));
#2616=CARTESIAN_POINT('',(10.4951803811074,4.,29.6169475026552));
#2617=CARTESIAN_POINT('',(10.9681473150786,4.16563100728292,29.2613168289481));
#2618=CARTESIAN_POINT('',(11.2500000000002,4.70062549363708,29.0204669156098));
#2619=CARTESIAN_POINT('',(11.2500000000002,4.99999999999998,29.0204669156098));
#2620=CARTESIAN_POINT('',(10.25,5.,38.25));
#2621=CARTESIAN_POINT('',(-3.00028556686482E-15,5.,38.25));
#2622=CARTESIAN_POINT('',(-10.25,5.,38.25));
#2623=CARTESIAN_POINT('',(-10.25,5.,38.25));
#2624=CARTESIAN_POINT('',(-11.25,5.,29.0204669156097));
#2625=CARTESIAN_POINT('',(-11.25,4.7006333463484,29.0204669156097));
#2626=CARTESIAN_POINT('',(-10.9701050493946,4.16740819279398,29.2597660842912));
#2627=CARTESIAN_POINT('',(-10.4952026642929,4.,29.6169321662551));
#2628=CARTESIAN_POINT('',(-10.25,4.,29.7856928742643));
#2629=CARTESIAN_POINT('',(10.25,5.,-38.25));
#2630=CARTESIAN_POINT('',(11.25,5.,-29.0204669156097));
#2631=CARTESIAN_POINT('',(11.25,4.7006333463484,-29.0204669156097));
#2632=CARTESIAN_POINT('',(10.9701050493945,4.16740819279398,-29.2597660842913));
#2633=CARTESIAN_POINT('',(10.4952026642929,4.,-29.6169321662551));
#2634=CARTESIAN_POINT('',(10.25,4.,-29.7856928742643));
#2635=CARTESIAN_POINT('',(10.25,5.,-38.25));
#2636=CARTESIAN_POINT('',(-3.00028556686482E-15,5.,-38.25));
#2637=CARTESIAN_POINT('',(-10.25,5.,-38.25));
#2638=CARTESIAN_POINT('',(-10.25,5.,-38.25));
#2639=CARTESIAN_POINT('',(-10.25,4.,-29.7856928742643));
#2640=CARTESIAN_POINT('',(-10.4951803811074,4.,-29.6169475026552));
#2641=CARTESIAN_POINT('',(-10.9681473150786,4.16563100728292,-29.2613168289481));
#2642=CARTESIAN_POINT('',(-11.2500000000002,4.70062549363709,-29.0204669156098));
#2643=CARTESIAN_POINT('',(-11.2500000000002,4.99999999999998,-29.0204669156098));
#2644=CARTESIAN_POINT('',(8.85733658983758,7.00000000000001,-43.4084967320261));
#2645=CARTESIAN_POINT('',(19.9330703111219,6.00000000000001,-24.3910374517336));
#2646=CARTESIAN_POINT('',(21.1504958223227,5.99999999999999,-22.9816323243411));
#2647=CARTESIAN_POINT('',(23.4316770372265,6.30524768346604,-20.0510626419973));
#2648=CARTESIAN_POINT('',(25.4276685877342,6.76760766850809,-16.943614615661));
#2649=CARTESIAN_POINT('',(26.3559771697605,7.00000000000001,-15.3496732026146));
#2650=CARTESIAN_POINT('',(19.3002744282291,5.00000000000001,-23.6167188024722));
#2651=CARTESIAN_POINT('',(19.3002744282291,6.00000000000001,-23.6167188024722));
#2652=CARTESIAN_POINT('',(19.9330703111219,6.00000000000001,-24.3910374517336));
#2653=CARTESIAN_POINT('',(20.0227900296163,5.00000000548164,-23.0262578878091));
#2654=CARTESIAN_POINT('',(19.9273082324653,5.85337051590653,-23.1042884130629));
#2655=CARTESIAN_POINT('',(20.5332735978223,6.,-23.6961862413736));
#2656=CARTESIAN_POINT('',(21.3988459677887,5.16210614627607,-21.7919605014762));
#2657=CARTESIAN_POINT('',(21.2495225759856,5.76839054123361,-21.9385155903039));
#2658=CARTESIAN_POINT('',(21.7010271805973,6.08105307438381,-22.2738293562762));
#2659=CARTESIAN_POINT('',(23.8987606052583,5.82922431361395,-19.102600992296));
#2660=CARTESIAN_POINT('',(23.7474821734808,6.09652946767735,-19.2867212347391));
#2661=CARTESIAN_POINT('',(23.9228941061757,6.41461215605976,-19.2866237174108));
#2662=CARTESIAN_POINT('',(25.4510117607684,6.53204707706741,-16.9035334929272));
#2663=CARTESIAN_POINT('',(25.4361762585905,6.64903530640639,-16.929006618698));
#2664=CARTESIAN_POINT('',(25.42134076376,6.76602353853246,-16.9544797319405));
#2665=CARTESIAN_POINT('',(26.3559771697605,7.00000000000001,-15.3496732026146));
#2666=CARTESIAN_POINT('',(26.3559771697605,7.00000000000001,-15.3496732026146));
#2667=CARTESIAN_POINT('',(26.3559771697605,7.00000000000001,-15.3496732026146));
#2668=CARTESIAN_POINT('',(19.9330703111219,5.00000000000001,-24.3910374517336));
#2669=CARTESIAN_POINT('',(3.06151588455595E-16,5.00000000000001,0.));
#2670=CARTESIAN_POINT('',(11.25,5.92692323480716,-29.0204669156097));
#2671=CARTESIAN_POINT('',(11.25,5.83694196359652,-28.7820838003168));
#2672=CARTESIAN_POINT('',(11.410362995997,5.53558768222641,-28.3863254658838));
#2673=CARTESIAN_POINT('',(11.6994497581053,5.17832722586058,-28.1674220762976));
#2674=CARTESIAN_POINT('',(11.8611111111111,5.00000000000001,-28.0991822516221));
#2675=CARTESIAN_POINT('',(12.25,3.11342846031631E-31,-29.0204669156097));
#2676=CARTESIAN_POINT('',(12.25,5.,-29.0204669156097));
#2677=CARTESIAN_POINT('',(11.25,5.,-29.0204669156097));
#2678=CARTESIAN_POINT('',(11.25,5.,-28.3571419575387));
#2679=CARTESIAN_POINT('',(11.8611111111111,5.,-28.0991822516221));
#2680=CARTESIAN_POINT('',(11.25,4.72654419405898,-29.0204669264719));
#2681=CARTESIAN_POINT('',(11.2499999798997,4.64997653739143,-28.3571419653768));
#2682=CARTESIAN_POINT('',(11.8611110861903,4.4530883881189,-28.0991822621416));
#2683=CARTESIAN_POINT('',(11.0141615918379,4.20183515055137,-29.2241218472062));
#2684=CARTESIAN_POINT('',(10.8405023486573,3.96752189632915,-28.518684352039));
#2685=CARTESIAN_POINT('',(11.4044081742647,3.4036702923054,-28.2963719468093));
#2686=CARTESIAN_POINT('',(10.508131760556,4.,-29.6080337159871));
#2687=CARTESIAN_POINT('',(10.1828323974009,3.91939014680235,-28.7512522076338));
#2688=CARTESIAN_POINT('',(10.4244773779186,3.00000001759499,-28.6680961386709));
#2689=CARTESIAN_POINT('',(10.25,4.,-29.7856928742643));
#2690=CARTESIAN_POINT('',(9.92460317460318,4.,-28.8401153227004));
#2691=CARTESIAN_POINT('',(9.92460317460318,3.,-28.8401153227004));
#2692=CARTESIAN_POINT('',(10.25,3.,-29.7856928742643));
#2693=CARTESIAN_POINT('',(1.83690953073357E-16,3.,0.));
#2694=CARTESIAN_POINT('',(-10.25,3.,-29.7856928742643));
#2695=CARTESIAN_POINT('',(-10.25,4.,-29.7856928742643));
#2696=CARTESIAN_POINT('',(-9.92460317460318,4.,-28.8401153227004));
#2697=CARTESIAN_POINT('',(-9.92460317460318,3.,-28.8401153227004));
#2698=CARTESIAN_POINT('',(-10.5084233716116,4.,-29.6078330144331));
#2699=CARTESIAN_POINT('',(-10.1831123497476,3.91930275802575,-28.7511558690256));
#2700=CARTESIAN_POINT('',(-10.4250420851236,3.00000002124335,-28.6679018088336));
#2701=CARTESIAN_POINT('',(-11.0132449863617,4.20128653880376,-29.2248354228789));
#2702=CARTESIAN_POINT('',(-10.8392989977737,3.96705864695374,-28.5191286366528));
#2703=CARTESIAN_POINT('',(-11.4026331538983,3.4025730669859,-28.2970628691691));
#2704=CARTESIAN_POINT('',(-11.25,4.72614538542183,-29.0204669207689));
#2705=CARTESIAN_POINT('',(-11.2499999904528,4.64946606266962,-28.3571419612719));
#2706=CARTESIAN_POINT('',(-11.8611110992838,4.4522907708439,-28.0991822566146));
#2707=CARTESIAN_POINT('',(-11.25,5.,-29.0204669156097));
#2708=CARTESIAN_POINT('',(-11.25,5.,-28.3571419575387));
#2709=CARTESIAN_POINT('',(-11.8611111111111,5.,-28.0991822516221));
#2710=CARTESIAN_POINT('',(-12.25,5.,-29.0204669156097));
#2711=CARTESIAN_POINT('',(-12.25,6.22685692063263E-31,-29.0204669156097));
#2712=CARTESIAN_POINT('',(-11.25,5.92692323480716,-29.0204669156097));
#2713=CARTESIAN_POINT('',(-11.25,5.83694196359652,-28.7820838003168));
#2714=CARTESIAN_POINT('',(-11.4103629959999,5.53558768222948,-28.3863254658826));
#2715=CARTESIAN_POINT('',(-11.6994497580996,5.17832722585446,-28.1674220763));
#2716=CARTESIAN_POINT('',(-11.8611111111111,5.00000000000001,-28.0991822516221));
#2717=CARTESIAN_POINT('',(3.06151588455595E-16,5.00000000000001,0.));
#2718=CARTESIAN_POINT('',(-19.9330703111219,5.00000000000001,-24.3910374517336));
#2719=CARTESIAN_POINT('',(-19.9330703111219,6.00000000000001,-24.3910374517336));
#2720=CARTESIAN_POINT('',(-19.3002744282291,6.00000000000001,-23.6167188024722));
#2721=CARTESIAN_POINT('',(-19.3002744282291,5.00000000000001,-23.6167188024722));
#2722=CARTESIAN_POINT('',(-20.5332735978173,6.00000000000001,-23.6961862413702));
#2723=CARTESIAN_POINT('',(-19.9273082324583,5.8533705159109,-23.1042884130646));
#2724=CARTESIAN_POINT('',(-20.0227900296117,5.00000000548164,-23.0262578878129));
#2725=CARTESIAN_POINT('',(-21.7010271805995,6.08105307438268,-22.2738293562779));
#2726=CARTESIAN_POINT('',(-21.2495225759876,5.76839054122985,-21.9385155903034));
#2727=CARTESIAN_POINT('',(-21.398845967791,5.16210614627374,-21.7919605014741));
#2728=CARTESIAN_POINT('',(-23.9228941061751,6.41461215606544,-19.2866237174086));
#2729=CARTESIAN_POINT('',(-23.7474821734808,6.09652946768736,-19.2867212347403));
#2730=CARTESIAN_POINT('',(-23.8987606052561,5.82922431362568,-19.1026009922986));
#2731=CARTESIAN_POINT('',(-25.4213407637569,6.76602353850754,-16.9544797319459));
#2732=CARTESIAN_POINT('',(-25.4361762585906,6.64903530636819,-16.9290066186879));
#2733=CARTESIAN_POINT('',(-25.4510117607728,6.53204707701591,-16.9035334929196));
#2734=CARTESIAN_POINT('',(-26.3559771697606,7.00000000000001,-15.3496732026144));
#2735=CARTESIAN_POINT('',(-26.3559771697606,7.00000000000001,-15.3496732026144));
#2736=CARTESIAN_POINT('',(-26.3559771697606,7.00000000000001,-15.3496732026144));
#2737=CARTESIAN_POINT('',(-19.9330703111219,6.00000000000001,-24.3910374517336));
#2738=CARTESIAN_POINT('',(-21.1504958223227,6.00000000000001,-22.9816323243411));
#2739=CARTESIAN_POINT('',(-23.4316770372258,6.30524768347757,-20.0510626419985));
#2740=CARTESIAN_POINT('',(-25.4276685877358,6.76760766848508,-16.9436146156584));
#2741=CARTESIAN_POINT('',(-26.3559771697606,7.00000000000001,-15.3496732026144));
#2742=CARTESIAN_POINT('',(-8.85733658983758,7.00000000000001,-43.4084967320261));
#2743=CARTESIAN_POINT('',(-8.85733658983757,7.00000000000001,43.4084967320261));
#2744=CARTESIAN_POINT('',(-19.9330703111219,6.00000000000001,24.3910374517336));
#2745=CARTESIAN_POINT('',(-21.1504958223227,6.00000000000001,22.9816323243411));
#2746=CARTESIAN_POINT('',(-23.4316770372271,6.30524768345725,20.0510626419963));
#2747=CARTESIAN_POINT('',(-25.4276685877332,6.76760766852572,16.9436146156628));
#2748=CARTESIAN_POINT('',(-26.3559771697606,7.00000000000001,15.3496732026144));
#2749=CARTESIAN_POINT('',(-19.3002744282291,5.00000000000001,23.6167188024722));
#2750=CARTESIAN_POINT('',(-19.3002744282291,6.00000000000002,23.6167188024722));
#2751=CARTESIAN_POINT('',(-19.9330703111219,6.00000000000001,24.3910374517336));
#2752=CARTESIAN_POINT('',(-20.0227900296153,5.00000000548039,23.0262578878099));
#2753=CARTESIAN_POINT('',(-19.9273082324653,5.85337051589671,23.1042884130714));
#2754=CARTESIAN_POINT('',(-20.5332735978173,6.00000000000001,23.6961862413669));
#2755=CARTESIAN_POINT('',(-21.3988459677887,5.16210614627861,21.7919605014765));
#2756=CARTESIAN_POINT('',(-21.2495225759901,5.76839054123905,21.9385155902993));
#2757=CARTESIAN_POINT('',(-21.701027180599,6.08105307438483,22.2738293562804));
#2758=CARTESIAN_POINT('',(-23.8987606052604,5.82922431360384,19.1026009922922));
#2759=CARTESIAN_POINT('',(-23.74748217347,6.09652946766777,19.2867212347384));
#2760=CARTESIAN_POINT('',(-23.9228941061778,6.4146121560547,19.2866237174031));
#2761=CARTESIAN_POINT('',(-25.4510117607585,6.53204707711059,16.9035334929442));
#2762=CARTESIAN_POINT('',(-25.4361762586172,6.64903530643712,16.9290066187278));
#2763=CARTESIAN_POINT('',(-25.4213407637451,6.76602353855489,16.9544797319662));
#2764=CARTESIAN_POINT('',(-26.3559771697606,7.00000000000001,15.3496732026144));
#2765=CARTESIAN_POINT('',(-26.3559771697606,7.00000000000001,15.3496732026144));
#2766=CARTESIAN_POINT('',(-26.3559771697606,7.00000000000001,15.3496732026144));
#2767=CARTESIAN_POINT('',(-19.9330703111219,5.00000000000001,24.3910374517336));
#2768=CARTESIAN_POINT('',(3.06151588455595E-16,5.00000000000001,0.));
#2769=CARTESIAN_POINT('',(-11.25,5.92692323480716,29.0204669156097));
#2770=CARTESIAN_POINT('',(-11.25,5.83694196359653,28.7820838003168));
#2771=CARTESIAN_POINT('',(-11.4103629959995,5.53558768222913,28.3863254658827));
#2772=CARTESIAN_POINT('',(-11.6994497581003,5.17832722585516,28.1674220762997));
#2773=CARTESIAN_POINT('',(-11.8611111111111,5.00000000000001,28.0991822516221));
#2774=CARTESIAN_POINT('',(-12.25,-3.11342846031631E-31,29.0204669156097));
#2775=CARTESIAN_POINT('',(-12.25,5.,29.0204669156097));
#2776=CARTESIAN_POINT('',(-11.25,5.,29.0204669156097));
#2777=CARTESIAN_POINT('',(-11.25,5.,28.3571419575387));
#2778=CARTESIAN_POINT('',(-11.8611111111111,5.,28.0991822516221));
#2779=CARTESIAN_POINT('',(-11.25,4.72654419405993,29.0204669264795));
#2780=CARTESIAN_POINT('',(-11.2499999799022,4.64997653739248,28.3571419653845));
#2781=CARTESIAN_POINT('',(-11.8611110861888,4.45308838811985,28.0991822621423));
#2782=CARTESIAN_POINT('',(-11.0141615918379,4.2018351505509,29.2241218472062));
#2783=CARTESIAN_POINT('',(-10.8405023486555,3.96752189632958,28.5186843520379));
#2784=CARTESIAN_POINT('',(-11.4044081742651,3.40367029230493,28.2963719468091));
#2785=CARTESIAN_POINT('',(-10.508131760556,4.,29.6080337159795));
#2786=CARTESIAN_POINT('',(-10.1828323974025,3.91939014679975,28.7512522076272));
#2787=CARTESIAN_POINT('',(-10.4244773779193,3.00000001759499,28.6680961386707));
#2788=CARTESIAN_POINT('',(-10.25,4.,29.7856928742643));
#2789=CARTESIAN_POINT('',(-9.92460317460318,4.,28.8401153227004));
#2790=CARTESIAN_POINT('',(-9.92460317460318,3.,28.8401153227004));
#2791=CARTESIAN_POINT('',(-10.25,3.,29.7856928742643));
#2792=CARTESIAN_POINT('',(1.83690953073357E-16,3.,0.));
#2793=CARTESIAN_POINT('',(10.25,3.,29.7856928742643));
#2794=CARTESIAN_POINT('',(10.25,4.,29.7856928742643));
#2795=CARTESIAN_POINT('',(9.92460317460317,4.,28.8401153227004));
#2796=CARTESIAN_POINT('',(9.92460317460317,3.,28.8401153227004));
#2797=CARTESIAN_POINT('',(10.5084233716111,4.,29.6078330144312));
#2798=CARTESIAN_POINT('',(10.1831123497472,3.91930275802591,28.751155869028));
#2799=CARTESIAN_POINT('',(10.4250420851233,3.00000002124335,28.6679018088337));
#2800=CARTESIAN_POINT('',(11.013244986362,4.20128653880411,29.2248354228798));
#2801=CARTESIAN_POINT('',(10.8392989977754,3.96705864695445,28.5191286366485));
#2802=CARTESIAN_POINT('',(11.4026331538984,3.40257306698625,28.2970628691691));
#2803=CARTESIAN_POINT('',(11.25,4.72614538542112,29.0204669207689));
#2804=CARTESIAN_POINT('',(11.2499999904505,4.64946606266883,28.357141961278));
#2805=CARTESIAN_POINT('',(11.8611110992838,4.45229077084318,28.0991822566146));
#2806=CARTESIAN_POINT('',(11.25,5.,29.0204669156097));
#2807=CARTESIAN_POINT('',(11.25,5.,28.3571419575387));
#2808=CARTESIAN_POINT('',(11.8611111111111,5.,28.0991822516221));
#2809=CARTESIAN_POINT('',(12.25,5.,29.0204669156098));
#2810=CARTESIAN_POINT('',(12.25,-6.22685692063263E-31,29.0204669156098));
#2811=CARTESIAN_POINT('',(11.25,5.92692323480716,29.0204669156098));
#2812=CARTESIAN_POINT('',(11.25,5.83694196359652,28.7820838003168));
#2813=CARTESIAN_POINT('',(11.4103629959973,5.53558768222671,28.3863254658837));
#2814=CARTESIAN_POINT('',(11.6994497581048,5.17832722585999,28.1674220762978));
#2815=CARTESIAN_POINT('',(11.8611111111111,5.00000000000001,28.0991822516221));
#2816=CARTESIAN_POINT('',(3.06151588455595E-16,5.00000000000001,0.));
#2817=CARTESIAN_POINT('',(19.9330703111219,5.00000000000001,24.3910374517336));
#2818=CARTESIAN_POINT('',(19.9330703111219,6.00000000000001,24.3910374517336));
#2819=CARTESIAN_POINT('',(19.3002744282291,6.00000000000001,23.6167188024722));
#2820=CARTESIAN_POINT('',(19.3002744282291,5.00000000000001,23.6167188024722));
#2821=CARTESIAN_POINT('',(20.5332735978223,6.00000000000001,23.6961862413735));
#2822=CARTESIAN_POINT('',(19.9273082324685,5.85337051590475,23.1042884130627));
#2823=CARTESIAN_POINT('',(20.0227900296165,5.00000000548164,23.026257887809));
#2824=CARTESIAN_POINT('',(21.7010271805973,6.08105307438449,22.2738293562763));
#2825=CARTESIAN_POINT('',(21.249522575985,5.76839054123559,21.9385155903031));
#2826=CARTESIAN_POINT('',(21.3988459677889,5.16210614627747,21.7919605014758));
#2827=CARTESIAN_POINT('',(23.9228941061763,6.41461215605638,19.2866237174098));
#2828=CARTESIAN_POINT('',(23.7474821734807,6.09652946767128,19.2867212347414));
#2829=CARTESIAN_POINT('',(23.8987606052572,5.829224313607,19.1026009922978));
#2830=CARTESIAN_POINT('',(25.4213407637576,6.76602353854741,16.9544797319447));
#2831=CARTESIAN_POINT('',(25.4361762585906,6.64903530643048,16.9290066186912));
#2832=CARTESIAN_POINT('',(25.4510117607735,6.53204707709813,16.9035334929184));
#2833=CARTESIAN_POINT('',(26.3559771697606,7.00000000000001,15.3496732026144));
#2834=CARTESIAN_POINT('',(26.3559771697606,7.00000000000001,15.3496732026144));
#2835=CARTESIAN_POINT('',(26.3559771697606,7.00000000000001,15.3496732026144));
#2836=CARTESIAN_POINT('',(19.9330703111219,6.00000000000001,24.3910374517336));
#2837=CARTESIAN_POINT('',(21.1504958223227,6.,22.9816323243411));
#2838=CARTESIAN_POINT('',(23.4316770372269,6.30524768346123,20.0510626419967));
#2839=CARTESIAN_POINT('',(25.4276685877337,6.76760766851775,16.943614615662));
#2840=CARTESIAN_POINT('',(26.3559771697606,7.00000000000001,15.3496732026144));
#2841=CARTESIAN_POINT('',(8.85733658983758,7.00000000000001,43.4084967320261));
#2842=CARTESIAN_POINT('',(0.,-2.5,-90.1067991449902));
#2843=CARTESIAN_POINT('',(-1.53075794227797E-16,-2.5,33.6));
#2844=CARTESIAN_POINT('',(-1.53075794227797E-16,-2.5,33.6));
#2845=CARTESIAN_POINT('',(-1.53075794227797E-16,-5.,33.6));
#2846=CARTESIAN_POINT('',(-1.53075794227797E-16,-2.5,30.6));
#2847=CARTESIAN_POINT('',(-1.53075794227797E-16,-5.,30.6));
#2848=CARTESIAN_POINT('',(-6.97887701365212E-49,-1.13977475159571E-32,33.6));
#2849=CARTESIAN_POINT('',(-1.53075794227797E-16,-2.5,19.9749843554382));
#2850=CARTESIAN_POINT('',(-1.53075794227797E-16,-2.5,19.9749843554382));
#2851=CARTESIAN_POINT('',(-1.53075794227797E-16,-3.95,19.9749843554382));
#2852=CARTESIAN_POINT('',(-1.53075794227797E-16,-2.5,33.6));
#2853=CARTESIAN_POINT('',(-1.53075794227797E-16,-2.5,30.6));
#2854=CARTESIAN_POINT('',(-1.53075794227797E-16,-3.95,30.6));
#2855=CARTESIAN_POINT('',(-6.42918335756748E-17,-1.05,30.6));
#2856=CARTESIAN_POINT('',(0.,0.,0.));
#2857=MECHANICAL_DESIGN_GEOMETRIC_PRESENTATION_REPRESENTATION('',(#1405,
#1406,#1407,#1408,#1409,#1410,#1411,#1412,#1413,#1414,#1415,#1416,#1417,
#1418),#2858);
#2858=(
GEOMETRIC_REPRESENTATION_CONTEXT(3)
GLOBAL_UNCERTAINTY_ASSIGNED_CONTEXT((#2863))
GLOBAL_UNIT_ASSIGNED_CONTEXT((#2870,#2869,#2868))
REPRESENTATION_CONTEXT('UELFLU\X2\5E2683F15F625EA7504F5FC3595759167403976274038F74627F\X0\',
'TOP_LEVEL_ASSEMBLY_PART')
);
#2859=(
GEOMETRIC_REPRESENTATION_CONTEXT(3)
GLOBAL_UNCERTAINTY_ASSIGNED_CONTEXT((#2864))
GLOBAL_UNIT_ASSIGNED_CONTEXT((#2870,#2869,#2868))
REPRESENTATION_CONTEXT('UEL\X2\88C5914D4F53\X0\','COMPONENT_PART')
);
#2860=(
GEOMETRIC_REPRESENTATION_CONTEXT(3)
GLOBAL_UNCERTAINTY_ASSIGNED_CONTEXT((#2865))
GLOBAL_UNIT_ASSIGNED_CONTEXT((#2870,#2869,#2868))
REPRESENTATION_CONTEXT('UEL\X2\74038F74627F\X0\','COMPONENT_PART')
);
#2861=(
GEOMETRIC_REPRESENTATION_CONTEXT(3)
GLOBAL_UNCERTAINTY_ASSIGNED_CONTEXT((#2866))
GLOBAL_UNIT_ASSIGNED_CONTEXT((#2870,#2869,#2868))
REPRESENTATION_CONTEXT('\X2\504F5FC3595798764E1D\X0\','COMPONENT_PART')
);
#2862=(
GEOMETRIC_REPRESENTATION_CONTEXT(3)
GLOBAL_UNCERTAINTY_ASSIGNED_CONTEXT((#2867))
GLOBAL_UNIT_ASSIGNED_CONTEXT((#2870,#2869,#2868))
REPRESENTATION_CONTEXT('FLU\X2\94F8902051F87F185EA783F15F62\X0\',
'COMPONENT_PART')
);
#2863=UNCERTAINTY_MEASURE_WITH_UNIT(LENGTH_MEASURE(0.005),#2870,
'DISTANCE_ACCURACY_VALUE','Maximum Tolerance applied to model');
#2864=UNCERTAINTY_MEASURE_WITH_UNIT(LENGTH_MEASURE(0.005),#2870,
'DISTANCE_ACCURACY_VALUE','Maximum Tolerance applied to model');
#2865=UNCERTAINTY_MEASURE_WITH_UNIT(LENGTH_MEASURE(0.005),#2870,
'DISTANCE_ACCURACY_VALUE','Maximum Tolerance applied to model');
#2866=UNCERTAINTY_MEASURE_WITH_UNIT(LENGTH_MEASURE(0.005),#2870,
'DISTANCE_ACCURACY_VALUE','Maximum Tolerance applied to model');
#2867=UNCERTAINTY_MEASURE_WITH_UNIT(LENGTH_MEASURE(0.005),#2870,
'DISTANCE_ACCURACY_VALUE','Maximum Tolerance applied to model');
#2868=(
NAMED_UNIT(*)
SI_UNIT($,.STERADIAN.)
SOLID_ANGLE_UNIT()
);
#2869=(
NAMED_UNIT(*)
PLANE_ANGLE_UNIT()
SI_UNIT($,.RADIAN.)
);
#2870=(
LENGTH_UNIT()
NAMED_UNIT(*)
SI_UNIT(.MILLI.,.METRE.)
);
#2871=PRODUCT_DEFINITION_SHAPE('','',#2880);
#2872=PRODUCT_DEFINITION_SHAPE('','',#2881);
#2873=PRODUCT_DEFINITION_SHAPE('','',#2882);
#2874=PRODUCT_DEFINITION_SHAPE(' ','NAUO PRDDFN',#110);
#2875=PRODUCT_DEFINITION_SHAPE('','',#2883);
#2876=PRODUCT_DEFINITION_SHAPE(' ','NAUO PRDDFN',#111);
#2877=PRODUCT_DEFINITION_SHAPE(' ','NAUO PRDDFN',#112);
#2878=PRODUCT_DEFINITION_SHAPE('','',#2884);
#2879=PRODUCT_DEFINITION_SHAPE(' ','NAUO PRDDFN',#113);
#2880=PRODUCT_DEFINITION('','',#2890,#2885);
#2881=PRODUCT_DEFINITION('','',#2891,#2886);
#2882=PRODUCT_DEFINITION('','',#2892,#2887);
#2883=PRODUCT_DEFINITION('','',#2893,#2888);
#2884=PRODUCT_DEFINITION('','',#2894,#2889);
#2885=PRODUCT_DEFINITION_CONTEXT('',#2916,'design');
#2886=PRODUCT_DEFINITION_CONTEXT('',#2916,'design');
#2887=PRODUCT_DEFINITION_CONTEXT('',#2916,'design');
#2888=PRODUCT_DEFINITION_CONTEXT('',#2916,'design');
#2889=PRODUCT_DEFINITION_CONTEXT('',#2916,'design');
#2890=PRODUCT_DEFINITION_FORMATION_WITH_SPECIFIED_SOURCE('','',#2900,
 .NOT_KNOWN.);
#2891=PRODUCT_DEFINITION_FORMATION_WITH_SPECIFIED_SOURCE('','',#2901,
 .NOT_KNOWN.);
#2892=PRODUCT_DEFINITION_FORMATION_WITH_SPECIFIED_SOURCE('','',#2902,
 .NOT_KNOWN.);
#2893=PRODUCT_DEFINITION_FORMATION_WITH_SPECIFIED_SOURCE('','',#2903,
 .NOT_KNOWN.);
#2894=PRODUCT_DEFINITION_FORMATION_WITH_SPECIFIED_SOURCE('','',#2904,
 .NOT_KNOWN.);
#2895=PRODUCT_RELATED_PRODUCT_CATEGORY('','',(#2900));
#2896=PRODUCT_RELATED_PRODUCT_CATEGORY('','',(#2901));
#2897=PRODUCT_RELATED_PRODUCT_CATEGORY('','',(#2902));
#2898=PRODUCT_RELATED_PRODUCT_CATEGORY('','',(#2903));
#2899=PRODUCT_RELATED_PRODUCT_CATEGORY('','',(#2904));
#2900=PRODUCT('UELFLU\X2\5E2683F15F625EA7504F5FC3595759167403976274038F74627F\X0\',
'UELFLU\X2\5E2683F15F625EA7504F5FC3595759167403976274038F74627F\X0\',
'UELFLU\X2\5E2683F15F625EA7504F5FC3595759167403976274038F74627F\X0\',(#2910));
#2901=PRODUCT('UEL\X2\88C5914D4F53\X0\','UEL\X2\88C5914D4F53\X0\',
'UEL\X2\88C5914D4F53\X0\',(#2911));
#2902=PRODUCT('UEL\X2\74038F74627F\X0\','UEL\X2\74038F74627F\X0\',
'UEL\X2\74038F74627F\X0\',(#2912));
#2903=PRODUCT('\X2\504F5FC3595798764E1D\X0\','\X2\504F5FC3595798764E1D\X0\',
'\X2\504F5FC3595798764E1D\X0\',(#2913));
#2904=PRODUCT('FLU\X2\94F8902051F87F185EA783F15F62\X0\',
'FLU\X2\94F8902051F87F185EA783F15F62\X0\','FLU\X2\94F8902051F87F185EA783F15F62\X0\',
(#2914));
#2905=PRODUCT_CATEGORY('','');
#2906=PRODUCT_CATEGORY('','');
#2907=PRODUCT_CATEGORY('','');
#2908=PRODUCT_CATEGORY('','');
#2909=PRODUCT_CATEGORY('','');
#2910=PRODUCT_CONTEXT('',#2916,'mechanical');
#2911=PRODUCT_CONTEXT('',#2916,'mechanical');
#2912=PRODUCT_CONTEXT('',#2916,'mechanical');
#2913=PRODUCT_CONTEXT('',#2916,'mechanical');
#2914=PRODUCT_CONTEXT('',#2916,'mechanical');
#2915=APPLICATION_PROTOCOL_DEFINITION('international standard',
'automotive_design',2010,#2916);
#2916=APPLICATION_CONTEXT(
'core data for automotive mechanical design processes');
ENDSEC;
END-ISO-10303-21;
