ISO-10303-21;
HEADER;
/* Generated by software containing HOOPS Exchange Step
 * from HOOPS Exchange, Inc. (www.tiangong.cloud) 
 */

FILE_DESCRIPTION(
/* description */ ('Unknown'),
/* implementation_level */ '2;1');

FILE_NAME(
/* name */ 'UEPP\X2\5E2651B2538B7ACB5F0F504F5FC3595759167403976274038F74627F\X0\',

/* time_stamp */ '2025-08-15T14:02:34+08:00',
/* author */ ('Unknown'),
/* organization */ ('Unknown'),
/* preprocessor_version */ 'ST-DEVELOPER v19.4',
/* originating_system */ 'TianGong',
/* authorisation */ 'Unknown');

FILE_SCHEMA (('AUTOMOTIVE_DESIGN {1 0 10303 214 3 1 1}'));
ENDSEC;

DATA;
#10=PROPERTY_DEFINITION_REPRESENTATION(#14,#12);
#11=PROPERTY_DEFINITION_REPRESENTATION(#15,#13);
#12=REPRESENTATION('',(#16),#2270);
#13=REPRESENTATION('',(#17),#2270);
#14=PROPERTY_DEFINITION('pmi validation property','',#2283);
#15=PROPERTY_DEFINITION('pmi validation property','',#2283);
#16=VALUE_REPRESENTATION_ITEM('number of annotations',COUNT_MEASURE(0.));
#17=VALUE_REPRESENTATION_ITEM('number of views',COUNT_MEASURE(0.));
#18=(
BOUNDED_SURFACE()
B_SPLINE_SURFACE(3,2,((#2163,#2164,#2165),(#2166,#2167,#2168),(#2169,#2170,
#2171),(#2172,#2173,#2174),(#2175,#2176,#2177),(#2178,#2179,#2180)),
 .UNSPECIFIED.,.F.,.F.,.F.)
B_SPLINE_SURFACE_WITH_KNOTS((4,1,1,4),(3,3),(0.00157934098509842,0.00421911713060041,
0.0055390052033514,0.00685889327610239),(0.,1.),.UNSPECIFIED.)
GEOMETRIC_REPRESENTATION_ITEM()
RATIONAL_B_SPLINE_SURFACE(((1.,0.707106781186548,1.),(1.,0.752292428929767,
1.),(1.,0.816030662951126,1.),(1.,0.87366644288245,1.),(1.,0.884942387301989,
1.),(1.,0.884942387046279,1.)))
REPRESENTATION_ITEM('')
SURFACE()
);
#19=(
BOUNDED_SURFACE()
B_SPLINE_SURFACE(3,2,((#2187,#2188,#2189),(#2190,#2191,#2192),(#2193,#2194,
#2195),(#2196,#2197,#2198),(#2199,#2200,#2201)),.UNSPECIFIED.,.F.,.F.,.F.)
B_SPLINE_SURFACE_WITH_KNOTS((4,1,4),(3,3),(0.00182291913205272,0.00447890540629349,
0.00713489168053425),(0.,1.),.UNSPECIFIED.)
GEOMETRIC_REPRESENTATION_ITEM()
RATIONAL_B_SPLINE_SURFACE(((1.,0.884942387046279,1.),(1.,0.884942385896448,
1.),(1.,0.83832001601475,1.),(1.,0.752068018807024,1.),(1.,0.707106781186548,
1.)))
REPRESENTATION_ITEM('')
SURFACE()
);
#20=(
BOUNDED_SURFACE()
B_SPLINE_SURFACE(3,2,((#2226,#2227,#2228),(#2229,#2230,#2231),(#2232,#2233,
#2234),(#2235,#2236,#2237),(#2238,#2239,#2240)),.UNSPECIFIED.,.F.,.F.,.F.)
B_SPLINE_SURFACE_WITH_KNOTS((4,1,4),(3,3),(0.00182291913205273,0.0044789054062935,
0.00713489168053428),(0.,1.),.UNSPECIFIED.)
GEOMETRIC_REPRESENTATION_ITEM()
RATIONAL_B_SPLINE_SURFACE(((1.,0.88494238704628,1.),(1.,0.884942385895701,
1.),(1.,0.838320016015915,1.),(1.,0.752068018805439,1.),(1.,0.707106781186548,
1.)))
REPRESENTATION_ITEM('')
SURFACE()
);
#21=(
BOUNDED_SURFACE()
B_SPLINE_SURFACE(3,2,((#2242,#2243,#2244),(#2245,#2246,#2247),(#2248,#2249,
#2250),(#2251,#2252,#2253),(#2254,#2255,#2256),(#2257,#2258,#2259)),
 .UNSPECIFIED.,.F.,.F.,.F.)
B_SPLINE_SURFACE_WITH_KNOTS((4,1,1,4),(3,3),(0.00157934098509842,0.00421911713060041,
0.0055390052033514,0.0068588932761024),(0.,1.),.UNSPECIFIED.)
GEOMETRIC_REPRESENTATION_ITEM()
RATIONAL_B_SPLINE_SURFACE(((1.,0.707106781186548,1.),(1.,0.752292428929419,
1.),(1.,0.816030662951239,1.),(1.,0.873666442882379,1.),(1.,0.884942387302113,
1.),(1.,0.88494238704628,1.)))
REPRESENTATION_ITEM('')
SURFACE()
);
#22=LINE('',#1946,#62);
#23=LINE('',#1951,#63);
#24=LINE('',#1955,#64);
#25=LINE('',#1966,#65);
#26=LINE('',#1968,#66);
#27=LINE('',#1980,#67);
#28=LINE('',#1982,#68);
#29=LINE('',#1984,#69);
#30=LINE('',#1993,#70);
#31=LINE('',#1997,#71);
#32=LINE('',#2002,#72);
#33=LINE('',#2004,#73);
#34=LINE('',#2006,#74);
#35=LINE('',#2015,#75);
#36=LINE('',#2019,#76);
#37=LINE('',#2027,#77);
#38=LINE('',#2029,#78);
#39=LINE('',#2031,#79);
#40=LINE('',#2041,#80);
#41=LINE('',#2046,#81);
#42=LINE('',#2048,#82);
#43=LINE('',#2050,#83);
#44=LINE('',#2052,#84);
#45=LINE('',#2061,#85);
#46=LINE('',#2065,#86);
#47=LINE('',#2073,#87);
#48=LINE('',#2075,#88);
#49=LINE('',#2077,#89);
#50=LINE('',#2086,#90);
#51=LINE('',#2090,#91);
#52=LINE('',#2100,#92);
#53=LINE('',#2104,#93);
#54=LINE('',#2114,#94);
#55=LINE('',#2118,#95);
#56=LINE('',#2120,#96);
#57=LINE('',#2123,#97);
#58=LINE('',#2127,#98);
#59=LINE('',#2139,#99);
#60=LINE('',#2141,#100);
#61=LINE('',#2143,#101);
#62=VECTOR('',#1580,1000.);
#63=VECTOR('',#1583,1000.);
#64=VECTOR('',#1588,1000.);
#65=VECTOR('',#1591,1000.);
#66=VECTOR('',#1594,1000.);
#67=VECTOR('',#1597,1000.);
#68=VECTOR('',#1598,1000.);
#69=VECTOR('',#1601,1000.);
#70=VECTOR('',#1610,1000.);
#71=VECTOR('',#1613,1000.);
#72=VECTOR('',#1620,1000.);
#73=VECTOR('',#1621,1000.);
#74=VECTOR('',#1622,1000.);
#75=VECTOR('',#1623,1000.);
#76=VECTOR('',#1626,1000.);
#77=VECTOR('',#1627,1000.);
#78=VECTOR('',#1628,1000.);
#79=VECTOR('',#1629,1000.);
#80=VECTOR('',#1642,1000.);
#81=VECTOR('',#1645,1000.);
#82=VECTOR('',#1646,1000.);
#83=VECTOR('',#1647,1000.);
#84=VECTOR('',#1648,1000.);
#85=VECTOR('',#1649,1000.);
#86=VECTOR('',#1652,1000.);
#87=VECTOR('',#1653,1000.);
#88=VECTOR('',#1654,1000.);
#89=VECTOR('',#1655,1000.);
#90=VECTOR('',#1668,1000.);
#91=VECTOR('',#1671,1000.);
#92=VECTOR('',#1676,1000.);
#93=VECTOR('',#1681,1000.);
#94=VECTOR('',#1686,1000.);
#95=VECTOR('',#1691,1000.);
#96=VECTOR('',#1694,1000.);
#97=VECTOR('',#1695,1000.);
#98=VECTOR('',#1698,1000.);
#99=VECTOR('',#1713,1000.);
#100=VECTOR('',#1714,1000.);
#101=VECTOR('',#1715,1000.);
#102=CONTEXT_DEPENDENT_SHAPE_REPRESENTATION(#110,#2286);
#103=CONTEXT_DEPENDENT_SHAPE_REPRESENTATION(#111,#2288);
#104=CONTEXT_DEPENDENT_SHAPE_REPRESENTATION(#112,#2289);
#105=CONTEXT_DEPENDENT_SHAPE_REPRESENTATION(#113,#2291);
#106=NEXT_ASSEMBLY_USAGE_OCCURRENCE('UE\X2\941E51AD917193B5\X0\?',
'UE\X2\941E51AD917193B5\X0\?','UE\X2\941E51AD917193B5\X0\?',#2293,#2294,
'');
#107=NEXT_ASSEMBLY_USAGE_OCCURRENCE('\X2\934B5FD37E3E6FC26945300A6D93\X0\?',
'\X2\934B5FD37E3E6FC26945300A6D93\X0\?','\X2\934B5FD37E3E6FC26945300A6D93\X0\?',
#2293,#2295,'');
#108=NEXT_ASSEMBLY_USAGE_OCCURRENCE('UE\X2\7441547453A46D63\X0\?',
'UE\X2\7441547453A46D63\X0\?','UE\X2\7441547453A46D63\X0\?',#2292,#2293,
'');
#109=NEXT_ASSEMBLY_USAGE_OCCURRENCE('PP\X2\935063D25E077ED45B2A7D216434\X0\?',
'PP\X2\935063D25E077ED45B2A7D216434\X0\?','PP\X2\935063D25E077ED45B2A7D216434\X0\?',
#2292,#2296,'');
#110=(
REPRESENTATION_RELATIONSHIP(' ',' ',#1270,#1271)
REPRESENTATION_RELATIONSHIP_WITH_TRANSFORMATION(#114)
SHAPE_REPRESENTATION_RELATIONSHIP()
);
#111=(
REPRESENTATION_RELATIONSHIP(' ',' ',#1272,#1271)
REPRESENTATION_RELATIONSHIP_WITH_TRANSFORMATION(#115)
SHAPE_REPRESENTATION_RELATIONSHIP()
);
#112=(
REPRESENTATION_RELATIONSHIP(' ',' ',#1271,#1273)
REPRESENTATION_RELATIONSHIP_WITH_TRANSFORMATION(#116)
SHAPE_REPRESENTATION_RELATIONSHIP()
);
#113=(
REPRESENTATION_RELATIONSHIP(' ',' ',#1274,#1273)
REPRESENTATION_RELATIONSHIP_WITH_TRANSFORMATION(#117)
SHAPE_REPRESENTATION_RELATIONSHIP()
);
#114=ITEM_DEFINED_TRANSFORMATION(' ',' ',#1275,#1336);
#115=ITEM_DEFINED_TRANSFORMATION(' ',' ',#1275,#1346);
#116=ITEM_DEFINED_TRANSFORMATION(' ',' ',#1275,#1347);
#117=ITEM_DEFINED_TRANSFORMATION(' ',' ',#1275,#1431);
#118=VERTEX_LOOP('',#621);
#119=VERTEX_LOOP('',#622);
#120=VERTEX_LOOP('',#623);
#121=VERTEX_LOOP('',#624);
#122=VERTEX_LOOP('',#625);
#123=VERTEX_LOOP('',#626);
#124=VERTEX_LOOP('',#627);
#125=VERTEX_LOOP('',#628);
#126=VERTEX_LOOP('',#629);
#127=B_SPLINE_CURVE_WITH_KNOTS('',3,(#1836,#1837,#1838,#1839,#1840,#1841,
#1842,#1843,#1844,#1845,#1846,#1847,#1848),.UNSPECIFIED.,.T.,.F.,(1,1,1,
1,1,1,1,1,1,1,1,1,1,1,1,1,1),(-0.00588015154563309,-0.00392010103042206,
-0.00196005051521103,0.,0.00392010103042206,0.00784020206084413,0.0117603030912662,
0.0156804041216883,0.0196005051521103,0.0235206061825324,0.0254806566977434,
0.0274407072129544,0.0294007577281655,0.0313608082433765,0.0352809092737986,
0.0392010103042206,0.0431211113346427),.UNSPECIFIED.);
#128=B_SPLINE_CURVE_WITH_KNOTS('',3,(#1854,#1855,#1856,#1857,#1858,#1859,
#1860,#1861,#1862,#1863,#1864,#1865,#1866),.UNSPECIFIED.,.T.,.F.,(1,1,1,
1,1,1,1,1,1,1,1,1,1,1,1,1,1),(-0.00588015154563309,-0.00392010103042206,
-0.00196005051521103,0.,0.00392010103042206,0.00784020206084412,0.0117603030912662,
0.0156804041216882,0.0196005051521103,0.0235206061825323,0.0254806566977434,
0.0274407072129544,0.0294007577281654,0.0313608082433765,0.0352809092737985,
0.0392010103042206,0.0431211113346426),.UNSPECIFIED.);
#129=B_SPLINE_CURVE_WITH_KNOTS('',3,(#1873,#1874,#1875,#1876,#1877,#1878,
#1879,#1880,#1881,#1882,#1883,#1884,#1885,#1886,#1887,#1888,#1889,#1890,
#1891),.UNSPECIFIED.,.T.,.F.,(1,1,1,1,1,1,1,1,1,1,1,1,1,1,1,1,1,1,1,1,1,
1,1),(-0.00590391807478543,-0.00393594538319028,-0.00196797269159514,0.,
0.00196797269159514,0.00393594538319028,0.00590391807478543,0.00787189076638057,
0.00983986345797571,0.0118078361495709,0.013775808841166,0.0157437815327611,
0.0177117542243563,0.0196797269159514,0.0216476996075466,0.0236156722991417,
0.0255836449907368,0.027551617682332,0.0295195903739271,0.0314875630655223,
0.0334555357571174,0.0354235084487126,0.0373914811403077),.UNSPECIFIED.);
#130=B_SPLINE_CURVE_WITH_KNOTS('',3,(#1958,#1959,#1960,#1961,#1962,#1963),
 .UNSPECIFIED.,.F.,.F.,(4,1,1,4),(0.,0.0025271642836876,0.0037907464255314,
0.0050543285673752),.UNSPECIFIED.);
#131=B_SPLINE_CURVE_WITH_KNOTS('',3,(#1973,#1974,#1975,#1976,#1977,#1978),
 .UNSPECIFIED.,.F.,.F.,(4,1,1,4),(5.55382496713543E-17,0.00125948599968411,
0.00251897199936816,0.00503794399873627),.UNSPECIFIED.);
#132=B_SPLINE_CURVE_WITH_KNOTS('',3,(#2008,#2009,#2010,#2011,#2012,#2013),
 .UNSPECIFIED.,.F.,.F.,(4,1,1,4),(0.,0.00135048948382789,0.00270097896765577,
0.00540195793531154),.UNSPECIFIED.);
#133=B_SPLINE_CURVE_WITH_KNOTS('',3,(#2021,#2022,#2023,#2024,#2025),
 .UNSPECIFIED.,.F.,.F.,(4,1,4),(0.,0.00268284781259908,0.00536569562519816),
 .UNSPECIFIED.);
#134=B_SPLINE_CURVE_WITH_KNOTS('',3,(#2054,#2055,#2056,#2057,#2058,#2059),
 .UNSPECIFIED.,.F.,.F.,(4,1,1,4),(0.,0.00135048948382789,0.00270097896765577,
0.00540195793531154),.UNSPECIFIED.);
#135=B_SPLINE_CURVE_WITH_KNOTS('',3,(#2067,#2068,#2069,#2070,#2071),
 .UNSPECIFIED.,.F.,.F.,(4,1,4),(0.,0.00268284781259907,0.00536569562519815),
 .UNSPECIFIED.);
#136=B_SPLINE_CURVE_WITH_KNOTS('',3,(#2094,#2095,#2096,#2097,#2098,#2099),
 .UNSPECIFIED.,.F.,.F.,(4,1,1,4),(1.73472347597681E-18,0.00125948599968424,
0.00251897199936848,0.00503794399873695),.UNSPECIFIED.);
#137=B_SPLINE_CURVE_WITH_KNOTS('',3,(#2106,#2107,#2108,#2109,#2110,#2111),
 .UNSPECIFIED.,.F.,.F.,(4,1,1,4),(1.73472347597681E-18,0.00252716428368759,
0.00379074642553138,0.00505432856737517),.UNSPECIFIED.);
#138=B_SPLINE_CURVE_WITH_KNOTS('',3,(#2181,#2182,#2183,#2184,#2185,#2186),
 .UNSPECIFIED.,.F.,.F.,(4,1,1,4),(0.,0.00162317258521808,0.00243475887782712,
0.00324634517043616),.UNSPECIFIED.);
#139=B_SPLINE_CURVE_WITH_KNOTS('',3,(#2202,#2203,#2204,#2205,#2206,#2207),
 .UNSPECIFIED.,.F.,.F.,(4,1,1,4),(0.,0.00081165818056277,0.00162331636112554,
0.00324663272225108),.UNSPECIFIED.);
#140=B_SPLINE_CURVE_WITH_KNOTS('',3,(#2211,#2212,#2213,#2214,#2215,#2216),
 .UNSPECIFIED.,.F.,.F.,(4,1,1,4),(0.,0.00081165818056277,0.00162331636112554,
0.00324663272225108),.UNSPECIFIED.);
#141=B_SPLINE_CURVE_WITH_KNOTS('',3,(#2218,#2219,#2220,#2221,#2222,#2223),
 .UNSPECIFIED.,.F.,.F.,(4,1,1,4),(0.,0.00162317258521808,0.00243475887782712,
0.00324634517043616),.UNSPECIFIED.);
#142=CONICAL_SURFACE('',#1306,16.,0.785398163397448);
#143=CONICAL_SURFACE('',#1307,20.3333333333333,0.785398163397448);
#144=CONICAL_SURFACE('',#1323,22.25,0.785398163397448);
#145=CONICAL_SURFACE('',#1324,21.75,0.785398163397448);
#146=CONICAL_SURFACE('',#1327,5.,1.02974425867665);
#147=CONICAL_SURFACE('',#1344,4.,0.785398163397448);
#148=CONICAL_SURFACE('',#1345,5.,0.785398163397448);
#149=SHAPE_REPRESENTATION_RELATIONSHIP('','',#1270,#152);
#150=SHAPE_REPRESENTATION_RELATIONSHIP('','',#1272,#153);
#151=SHAPE_REPRESENTATION_RELATIONSHIP('','',#1274,#154);
#152=ADVANCED_BREP_SHAPE_REPRESENTATION('',(#1252,#1253,#1254,#1255,#1256,
#1257,#1258,#1259,#1260,#1261,#1262),#2272);
#153=ADVANCED_BREP_SHAPE_REPRESENTATION('',(#1263),#2273);
#154=ADVANCED_BREP_SHAPE_REPRESENTATION('',(#1264),#2274);
#155=TOROIDAL_SURFACE('',#1285,23.,4.37972876516773);
#156=TOROIDAL_SURFACE('',#1293,23.,4.37972876516773);
#157=TOROIDAL_SURFACE('',#1405,26.1282892666168,1.55);
#158=TOROIDAL_SURFACE('',#1418,34.8,1.55);
#159=TOROIDAL_SURFACE('',#1419,34.8,1.55);
#160=TOROIDAL_SURFACE('',#1428,26.1282892666167,1.55);
#161=TOROIDAL_SURFACE('',#1429,26.1282892666168,1.55);
#162=TOROIDAL_SURFACE('',#1430,26.1282892666168,1.55);
#163=CYLINDRICAL_SURFACE('',#1283,25.6666666666667);
#164=CYLINDRICAL_SURFACE('',#1287,25.6666666666667);
#165=CYLINDRICAL_SURFACE('',#1291,20.3333333333333);
#166=CYLINDRICAL_SURFACE('',#1295,20.3333333333333);
#167=CYLINDRICAL_SURFACE('',#1300,15.);
#168=CYLINDRICAL_SURFACE('',#1305,18.94);
#169=CYLINDRICAL_SURFACE('',#1308,22.25);
#170=CYLINDRICAL_SURFACE('',#1311,15.);
#171=CYLINDRICAL_SURFACE('',#1321,18.95);
#172=CYLINDRICAL_SURFACE('',#1322,5.);
#173=CYLINDRICAL_SURFACE('',#1325,5.);
#174=CYLINDRICAL_SURFACE('',#1337,5.);
#175=CYLINDRICAL_SURFACE('',#1348,31.);
#176=CYLINDRICAL_SURFACE('',#1355,31.);
#177=CYLINDRICAL_SURFACE('',#1358,33.25);
#178=CYLINDRICAL_SURFACE('',#1373,25.7572805241547);
#179=CYLINDRICAL_SURFACE('',#1377,25.7572805241547);
#180=CYLINDRICAL_SURFACE('',#1378,33.25);
#181=CYLINDRICAL_SURFACE('',#1403,5.75);
#182=CYLINDRICAL_SURFACE('',#1404,5.75);
#183=CYLINDRICAL_SURFACE('',#1408,1.55);
#184=CYLINDRICAL_SURFACE('',#1410,1.55);
#185=CYLINDRICAL_SURFACE('',#1412,1.55);
#186=CYLINDRICAL_SURFACE('',#1414,1.55);
#187=CYLINDRICAL_SURFACE('',#1416,1.55);
#188=CYLINDRICAL_SURFACE('',#1420,1.55);
#189=CYLINDRICAL_SURFACE('',#1424,1.55);
#190=CYLINDRICAL_SURFACE('',#1426,1.55);
#191=SPHERICAL_SURFACE('',#1279,31.);
#192=SPHERICAL_SURFACE('',#1328,4.36972876516773);
#193=SPHERICAL_SURFACE('',#1329,4.36972876516773);
#194=SPHERICAL_SURFACE('',#1330,4.36972876516773);
#195=SPHERICAL_SURFACE('',#1331,4.36972876516773);
#196=SPHERICAL_SURFACE('',#1332,4.36972876516773);
#197=SPHERICAL_SURFACE('',#1333,4.36972876516773);
#198=SPHERICAL_SURFACE('',#1334,4.36972876516773);
#199=SPHERICAL_SURFACE('',#1335,4.36972876516773);
#200=SPHERICAL_SURFACE('',#1365,33.25);
#201=SPHERICAL_SURFACE('',#1375,31.);
#202=SPHERICAL_SURFACE('',#1400,33.25);
#203=ORIENTED_EDGE('',*,*,#463,.T.);
#204=ORIENTED_EDGE('',*,*,#464,.F.);
#205=ORIENTED_EDGE('',*,*,#465,.T.);
#206=ORIENTED_EDGE('',*,*,#463,.F.);
#207=ORIENTED_EDGE('',*,*,#466,.T.);
#208=ORIENTED_EDGE('',*,*,#465,.F.);
#209=ORIENTED_EDGE('',*,*,#467,.T.);
#210=ORIENTED_EDGE('',*,*,#466,.F.);
#211=ORIENTED_EDGE('',*,*,#468,.T.);
#212=ORIENTED_EDGE('',*,*,#467,.F.);
#213=ORIENTED_EDGE('',*,*,#464,.T.);
#214=ORIENTED_EDGE('',*,*,#468,.F.);
#215=ORIENTED_EDGE('',*,*,#469,.T.);
#216=ORIENTED_EDGE('',*,*,#470,.F.);
#217=ORIENTED_EDGE('',*,*,#471,.T.);
#218=ORIENTED_EDGE('',*,*,#469,.F.);
#219=ORIENTED_EDGE('',*,*,#472,.T.);
#220=ORIENTED_EDGE('',*,*,#471,.F.);
#221=ORIENTED_EDGE('',*,*,#473,.T.);
#222=ORIENTED_EDGE('',*,*,#472,.F.);
#223=ORIENTED_EDGE('',*,*,#474,.T.);
#224=ORIENTED_EDGE('',*,*,#475,.T.);
#225=ORIENTED_EDGE('',*,*,#476,.T.);
#226=ORIENTED_EDGE('',*,*,#477,.T.);
#227=ORIENTED_EDGE('',*,*,#478,.T.);
#228=ORIENTED_EDGE('',*,*,#477,.F.);
#229=ORIENTED_EDGE('',*,*,#470,.T.);
#230=ORIENTED_EDGE('',*,*,#478,.F.);
#231=ORIENTED_EDGE('',*,*,#476,.F.);
#232=ORIENTED_EDGE('',*,*,#474,.F.);
#233=ORIENTED_EDGE('',*,*,#475,.F.);
#234=ORIENTED_EDGE('',*,*,#473,.F.);
#235=ORIENTED_EDGE('',*,*,#479,.T.);
#236=ORIENTED_EDGE('',*,*,#480,.T.);
#237=ORIENTED_EDGE('',*,*,#481,.T.);
#238=ORIENTED_EDGE('',*,*,#482,.F.);
#239=ORIENTED_EDGE('',*,*,#483,.T.);
#240=ORIENTED_EDGE('',*,*,#484,.F.);
#241=ORIENTED_EDGE('',*,*,#485,.F.);
#242=ORIENTED_EDGE('',*,*,#486,.T.);
#243=ORIENTED_EDGE('',*,*,#487,.T.);
#244=ORIENTED_EDGE('',*,*,#488,.T.);
#245=ORIENTED_EDGE('',*,*,#483,.F.);
#246=ORIENTED_EDGE('',*,*,#489,.F.);
#247=ORIENTED_EDGE('',*,*,#484,.T.);
#248=ORIENTED_EDGE('',*,*,#487,.F.);
#249=ORIENTED_EDGE('',*,*,#489,.T.);
#250=ORIENTED_EDGE('',*,*,#482,.T.);
#251=ORIENTED_EDGE('',*,*,#485,.T.);
#252=ORIENTED_EDGE('',*,*,#486,.F.);
#253=ORIENTED_EDGE('',*,*,#480,.F.);
#254=ORIENTED_EDGE('',*,*,#481,.F.);
#255=ORIENTED_EDGE('',*,*,#488,.F.);
#256=ORIENTED_EDGE('',*,*,#490,.T.);
#257=ORIENTED_EDGE('',*,*,#479,.F.);
#258=ORIENTED_EDGE('',*,*,#490,.F.);
#259=ORIENTED_EDGE('',*,*,#491,.T.);
#260=ORIENTED_EDGE('',*,*,#492,.T.);
#261=ORIENTED_EDGE('',*,*,#493,.T.);
#262=ORIENTED_EDGE('',*,*,#494,.T.);
#263=ORIENTED_EDGE('',*,*,#491,.F.);
#264=ORIENTED_EDGE('',*,*,#494,.F.);
#265=ORIENTED_EDGE('',*,*,#493,.F.);
#266=ORIENTED_EDGE('',*,*,#492,.F.);
#267=ORIENTED_EDGE('',*,*,#495,.T.);
#268=ORIENTED_EDGE('',*,*,#496,.T.);
#269=ORIENTED_EDGE('',*,*,#497,.F.);
#270=ORIENTED_EDGE('',*,*,#498,.T.);
#271=ORIENTED_EDGE('',*,*,#499,.T.);
#272=ORIENTED_EDGE('',*,*,#500,.T.);
#273=ORIENTED_EDGE('',*,*,#501,.T.);
#274=ORIENTED_EDGE('',*,*,#495,.F.);
#275=ORIENTED_EDGE('',*,*,#502,.T.);
#276=ORIENTED_EDGE('',*,*,#503,.T.);
#277=ORIENTED_EDGE('',*,*,#504,.T.);
#278=ORIENTED_EDGE('',*,*,#505,.T.);
#279=ORIENTED_EDGE('',*,*,#506,.F.);
#280=ORIENTED_EDGE('',*,*,#507,.T.);
#281=ORIENTED_EDGE('',*,*,#508,.T.);
#282=ORIENTED_EDGE('',*,*,#509,.T.);
#283=ORIENTED_EDGE('',*,*,#503,.F.);
#284=ORIENTED_EDGE('',*,*,#510,.T.);
#285=ORIENTED_EDGE('',*,*,#511,.T.);
#286=ORIENTED_EDGE('',*,*,#512,.T.);
#287=ORIENTED_EDGE('',*,*,#513,.T.);
#288=ORIENTED_EDGE('',*,*,#514,.T.);
#289=ORIENTED_EDGE('',*,*,#515,.T.);
#290=ORIENTED_EDGE('',*,*,#516,.T.);
#291=ORIENTED_EDGE('',*,*,#499,.F.);
#292=ORIENTED_EDGE('',*,*,#517,.T.);
#293=ORIENTED_EDGE('',*,*,#518,.F.);
#294=ORIENTED_EDGE('',*,*,#519,.T.);
#295=ORIENTED_EDGE('',*,*,#520,.F.);
#296=ORIENTED_EDGE('',*,*,#521,.T.);
#297=ORIENTED_EDGE('',*,*,#522,.T.);
#298=ORIENTED_EDGE('',*,*,#523,.T.);
#299=ORIENTED_EDGE('',*,*,#524,.F.);
#300=ORIENTED_EDGE('',*,*,#525,.T.);
#301=ORIENTED_EDGE('',*,*,#526,.T.);
#302=ORIENTED_EDGE('',*,*,#527,.T.);
#303=ORIENTED_EDGE('',*,*,#506,.T.);
#304=ORIENTED_EDGE('',*,*,#513,.F.);
#305=ORIENTED_EDGE('',*,*,#528,.T.);
#306=ORIENTED_EDGE('',*,*,#529,.T.);
#307=ORIENTED_EDGE('',*,*,#530,.T.);
#308=ORIENTED_EDGE('',*,*,#531,.F.);
#309=ORIENTED_EDGE('',*,*,#532,.T.);
#310=ORIENTED_EDGE('',*,*,#533,.T.);
#311=ORIENTED_EDGE('',*,*,#534,.F.);
#312=ORIENTED_EDGE('',*,*,#535,.T.);
#313=ORIENTED_EDGE('',*,*,#536,.F.);
#314=ORIENTED_EDGE('',*,*,#537,.T.);
#315=ORIENTED_EDGE('',*,*,#538,.F.);
#316=ORIENTED_EDGE('',*,*,#539,.T.);
#317=ORIENTED_EDGE('',*,*,#540,.T.);
#318=ORIENTED_EDGE('',*,*,#541,.T.);
#319=ORIENTED_EDGE('',*,*,#542,.F.);
#320=ORIENTED_EDGE('',*,*,#543,.T.);
#321=ORIENTED_EDGE('',*,*,#544,.T.);
#322=ORIENTED_EDGE('',*,*,#545,.T.);
#323=ORIENTED_EDGE('',*,*,#546,.F.);
#324=ORIENTED_EDGE('',*,*,#531,.T.);
#325=ORIENTED_EDGE('',*,*,#547,.F.);
#326=ORIENTED_EDGE('',*,*,#546,.T.);
#327=ORIENTED_EDGE('',*,*,#515,.F.);
#328=ORIENTED_EDGE('',*,*,#547,.T.);
#329=ORIENTED_EDGE('',*,*,#529,.F.);
#330=ORIENTED_EDGE('',*,*,#548,.T.);
#331=ORIENTED_EDGE('',*,*,#549,.T.);
#332=ORIENTED_EDGE('',*,*,#550,.T.);
#333=ORIENTED_EDGE('',*,*,#497,.T.);
#334=ORIENTED_EDGE('',*,*,#551,.T.);
#335=ORIENTED_EDGE('',*,*,#552,.T.);
#336=ORIENTED_EDGE('',*,*,#532,.F.);
#337=ORIENTED_EDGE('',*,*,#553,.T.);
#338=ORIENTED_EDGE('',*,*,#554,.T.);
#339=ORIENTED_EDGE('',*,*,#498,.F.);
#340=ORIENTED_EDGE('',*,*,#553,.F.);
#341=ORIENTED_EDGE('',*,*,#545,.F.);
#342=ORIENTED_EDGE('',*,*,#555,.F.);
#343=ORIENTED_EDGE('',*,*,#517,.F.);
#344=ORIENTED_EDGE('',*,*,#502,.F.);
#345=ORIENTED_EDGE('',*,*,#534,.T.);
#346=ORIENTED_EDGE('',*,*,#556,.T.);
#347=ORIENTED_EDGE('',*,*,#557,.T.);
#348=ORIENTED_EDGE('',*,*,#508,.F.);
#349=ORIENTED_EDGE('',*,*,#558,.T.);
#350=ORIENTED_EDGE('',*,*,#559,.F.);
#351=ORIENTED_EDGE('',*,*,#507,.F.);
#352=ORIENTED_EDGE('',*,*,#527,.F.);
#353=ORIENTED_EDGE('',*,*,#560,.F.);
#354=ORIENTED_EDGE('',*,*,#535,.F.);
#355=ORIENTED_EDGE('',*,*,#558,.F.);
#356=ORIENTED_EDGE('',*,*,#510,.F.);
#357=ORIENTED_EDGE('',*,*,#561,.T.);
#358=ORIENTED_EDGE('',*,*,#562,.T.);
#359=ORIENTED_EDGE('',*,*,#563,.T.);
#360=ORIENTED_EDGE('',*,*,#564,.T.);
#361=ORIENTED_EDGE('',*,*,#565,.F.);
#362=ORIENTED_EDGE('',*,*,#526,.F.);
#363=ORIENTED_EDGE('',*,*,#566,.T.);
#364=ORIENTED_EDGE('',*,*,#561,.F.);
#365=ORIENTED_EDGE('',*,*,#567,.T.);
#366=ORIENTED_EDGE('',*,*,#536,.T.);
#367=ORIENTED_EDGE('',*,*,#560,.T.);
#368=ORIENTED_EDGE('',*,*,#568,.T.);
#369=ORIENTED_EDGE('',*,*,#569,.T.);
#370=ORIENTED_EDGE('',*,*,#570,.T.);
#371=ORIENTED_EDGE('',*,*,#571,.T.);
#372=ORIENTED_EDGE('',*,*,#572,.T.);
#373=ORIENTED_EDGE('',*,*,#571,.F.);
#374=ORIENTED_EDGE('',*,*,#573,.T.);
#375=ORIENTED_EDGE('',*,*,#518,.T.);
#376=ORIENTED_EDGE('',*,*,#555,.T.);
#377=ORIENTED_EDGE('',*,*,#544,.F.);
#378=ORIENTED_EDGE('',*,*,#574,.T.);
#379=ORIENTED_EDGE('',*,*,#501,.F.);
#380=ORIENTED_EDGE('',*,*,#575,.T.);
#381=ORIENTED_EDGE('',*,*,#504,.F.);
#382=ORIENTED_EDGE('',*,*,#509,.F.);
#383=ORIENTED_EDGE('',*,*,#557,.F.);
#384=ORIENTED_EDGE('',*,*,#576,.T.);
#385=ORIENTED_EDGE('',*,*,#551,.F.);
#386=ORIENTED_EDGE('',*,*,#496,.F.);
#387=ORIENTED_EDGE('',*,*,#568,.F.);
#388=ORIENTED_EDGE('',*,*,#554,.F.);
#389=ORIENTED_EDGE('',*,*,#565,.T.);
#390=ORIENTED_EDGE('',*,*,#559,.T.);
#391=ORIENTED_EDGE('',*,*,#577,.F.);
#392=ORIENTED_EDGE('',*,*,#540,.F.);
#393=ORIENTED_EDGE('',*,*,#578,.F.);
#394=ORIENTED_EDGE('',*,*,#530,.F.);
#395=ORIENTED_EDGE('',*,*,#567,.F.);
#396=ORIENTED_EDGE('',*,*,#564,.F.);
#397=ORIENTED_EDGE('',*,*,#579,.F.);
#398=ORIENTED_EDGE('',*,*,#537,.F.);
#399=ORIENTED_EDGE('',*,*,#578,.T.);
#400=ORIENTED_EDGE('',*,*,#539,.F.);
#401=ORIENTED_EDGE('',*,*,#580,.F.);
#402=ORIENTED_EDGE('',*,*,#514,.F.);
#403=ORIENTED_EDGE('',*,*,#577,.T.);
#404=ORIENTED_EDGE('',*,*,#550,.F.);
#405=ORIENTED_EDGE('',*,*,#581,.F.);
#406=ORIENTED_EDGE('',*,*,#541,.F.);
#407=ORIENTED_EDGE('',*,*,#574,.F.);
#408=ORIENTED_EDGE('',*,*,#543,.F.);
#409=ORIENTED_EDGE('',*,*,#582,.F.);
#410=ORIENTED_EDGE('',*,*,#572,.F.);
#411=ORIENTED_EDGE('',*,*,#538,.T.);
#412=ORIENTED_EDGE('',*,*,#579,.T.);
#413=ORIENTED_EDGE('',*,*,#583,.F.);
#414=ORIENTED_EDGE('',*,*,#580,.T.);
#415=ORIENTED_EDGE('',*,*,#542,.T.);
#416=ORIENTED_EDGE('',*,*,#581,.T.);
#417=ORIENTED_EDGE('',*,*,#584,.F.);
#418=ORIENTED_EDGE('',*,*,#582,.T.);
#419=ORIENTED_EDGE('',*,*,#566,.F.);
#420=ORIENTED_EDGE('',*,*,#525,.F.);
#421=ORIENTED_EDGE('',*,*,#585,.F.);
#422=ORIENTED_EDGE('',*,*,#562,.F.);
#423=ORIENTED_EDGE('',*,*,#583,.T.);
#424=ORIENTED_EDGE('',*,*,#563,.F.);
#425=ORIENTED_EDGE('',*,*,#586,.F.);
#426=ORIENTED_EDGE('',*,*,#511,.F.);
#427=ORIENTED_EDGE('',*,*,#584,.T.);
#428=ORIENTED_EDGE('',*,*,#549,.F.);
#429=ORIENTED_EDGE('',*,*,#587,.F.);
#430=ORIENTED_EDGE('',*,*,#569,.F.);
#431=ORIENTED_EDGE('',*,*,#573,.F.);
#432=ORIENTED_EDGE('',*,*,#570,.F.);
#433=ORIENTED_EDGE('',*,*,#588,.F.);
#434=ORIENTED_EDGE('',*,*,#519,.F.);
#435=ORIENTED_EDGE('',*,*,#585,.T.);
#436=ORIENTED_EDGE('',*,*,#524,.T.);
#437=ORIENTED_EDGE('',*,*,#589,.F.);
#438=ORIENTED_EDGE('',*,*,#586,.T.);
#439=ORIENTED_EDGE('',*,*,#588,.T.);
#440=ORIENTED_EDGE('',*,*,#587,.T.);
#441=ORIENTED_EDGE('',*,*,#590,.F.);
#442=ORIENTED_EDGE('',*,*,#520,.T.);
#443=ORIENTED_EDGE('',*,*,#589,.T.);
#444=ORIENTED_EDGE('',*,*,#523,.F.);
#445=ORIENTED_EDGE('',*,*,#591,.F.);
#446=ORIENTED_EDGE('',*,*,#512,.F.);
#447=ORIENTED_EDGE('',*,*,#590,.T.);
#448=ORIENTED_EDGE('',*,*,#548,.F.);
#449=ORIENTED_EDGE('',*,*,#592,.F.);
#450=ORIENTED_EDGE('',*,*,#521,.F.);
#451=ORIENTED_EDGE('',*,*,#591,.T.);
#452=ORIENTED_EDGE('',*,*,#522,.F.);
#453=ORIENTED_EDGE('',*,*,#592,.T.);
#454=ORIENTED_EDGE('',*,*,#528,.F.);
#455=ORIENTED_EDGE('',*,*,#556,.F.);
#456=ORIENTED_EDGE('',*,*,#533,.F.);
#457=ORIENTED_EDGE('',*,*,#552,.F.);
#458=ORIENTED_EDGE('',*,*,#576,.F.);
#459=ORIENTED_EDGE('',*,*,#505,.F.);
#460=ORIENTED_EDGE('',*,*,#575,.F.);
#461=ORIENTED_EDGE('',*,*,#500,.F.);
#462=ORIENTED_EDGE('',*,*,#516,.F.);
#463=EDGE_CURVE('',#593,#593,#698,.T.);
#464=EDGE_CURVE('',#594,#594,#699,.T.);
#465=EDGE_CURVE('',#595,#595,#700,.T.);
#466=EDGE_CURVE('',#596,#596,#701,.T.);
#467=EDGE_CURVE('',#597,#597,#702,.T.);
#468=EDGE_CURVE('',#598,#598,#703,.T.);
#469=EDGE_CURVE('',#599,#599,#704,.T.);
#470=EDGE_CURVE('',#600,#600,#705,.T.);
#471=EDGE_CURVE('',#601,#601,#706,.T.);
#472=EDGE_CURVE('',#602,#602,#707,.T.);
#473=EDGE_CURVE('',#603,#603,#708,.F.);
#474=EDGE_CURVE('',#604,#604,#709,.F.);
#475=EDGE_CURVE('',#605,#605,#710,.T.);
#476=EDGE_CURVE('',#606,#606,#711,.T.);
#477=EDGE_CURVE('',#607,#607,#712,.T.);
#478=EDGE_CURVE('',#608,#608,#713,.T.);
#479=EDGE_CURVE('',#609,#609,#127,.T.);
#480=EDGE_CURVE('',#610,#610,#714,.T.);
#481=EDGE_CURVE('',#611,#611,#715,.T.);
#482=EDGE_CURVE('',#612,#612,#128,.T.);
#483=EDGE_CURVE('',#613,#613,#716,.T.);
#484=EDGE_CURVE('',#614,#614,#717,.T.);
#485=EDGE_CURVE('',#615,#615,#129,.T.);
#486=EDGE_CURVE('',#616,#616,#718,.F.);
#487=EDGE_CURVE('',#617,#617,#719,.T.);
#488=EDGE_CURVE('',#618,#618,#720,.F.);
#489=EDGE_CURVE('',#619,#619,#721,.T.);
#490=EDGE_CURVE('',#620,#620,#722,.T.);
#491=EDGE_CURVE('',#630,#630,#723,.F.);
#492=EDGE_CURVE('',#631,#631,#724,.T.);
#493=EDGE_CURVE('',#632,#632,#725,.F.);
#494=EDGE_CURVE('',#633,#633,#726,.T.);
#495=EDGE_CURVE('',#634,#635,#22,.T.);
#496=EDGE_CURVE('',#635,#636,#727,.T.);
#497=EDGE_CURVE('',#637,#636,#23,.T.);
#498=EDGE_CURVE('',#637,#634,#728,.T.);
#499=EDGE_CURVE('',#638,#639,#24,.T.);
#500=EDGE_CURVE('',#639,#640,#130,.T.);
#501=EDGE_CURVE('',#640,#635,#729,.F.);
#502=EDGE_CURVE('',#634,#638,#25,.T.);
#503=EDGE_CURVE('',#641,#642,#26,.T.);
#504=EDGE_CURVE('',#642,#643,#730,.F.);
#505=EDGE_CURVE('',#643,#644,#131,.T.);
#506=EDGE_CURVE('',#645,#644,#27,.T.);
#507=EDGE_CURVE('',#645,#641,#28,.T.);
#508=EDGE_CURVE('',#646,#647,#29,.T.);
#509=EDGE_CURVE('',#647,#642,#731,.T.);
#510=EDGE_CURVE('',#641,#646,#732,.T.);
#511=EDGE_CURVE('',#648,#649,#733,.F.);
#512=EDGE_CURVE('',#649,#650,#30,.T.);
#513=EDGE_CURVE('',#650,#651,#734,.T.);
#514=EDGE_CURVE('',#651,#648,#31,.F.);
#515=EDGE_CURVE('',#652,#652,#735,.T.);
#516=EDGE_CURVE('',#644,#639,#736,.F.);
#517=EDGE_CURVE('',#638,#653,#32,.T.);
#518=EDGE_CURVE('',#654,#653,#33,.T.);
#519=EDGE_CURVE('',#654,#655,#34,.F.);
#520=EDGE_CURVE('',#656,#655,#132,.T.);
#521=EDGE_CURVE('',#656,#657,#35,.F.);
#522=EDGE_CURVE('',#657,#658,#737,.F.);
#523=EDGE_CURVE('',#658,#659,#36,.T.);
#524=EDGE_CURVE('',#660,#659,#133,.T.);
#525=EDGE_CURVE('',#660,#661,#37,.F.);
#526=EDGE_CURVE('',#661,#662,#38,.T.);
#527=EDGE_CURVE('',#662,#645,#39,.T.);
#528=EDGE_CURVE('',#650,#663,#738,.T.);
#529=EDGE_CURVE('',#663,#664,#739,.T.);
#530=EDGE_CURVE('',#664,#651,#740,.T.);
#531=EDGE_CURVE('',#665,#665,#741,.T.);
#532=EDGE_CURVE('',#666,#667,#40,.T.);
#533=EDGE_CURVE('',#667,#668,#742,.F.);
#534=EDGE_CURVE('',#669,#668,#41,.T.);
#535=EDGE_CURVE('',#669,#670,#42,.T.);
#536=EDGE_CURVE('',#671,#670,#43,.T.);
#537=EDGE_CURVE('',#671,#672,#44,.F.);
#538=EDGE_CURVE('',#673,#672,#134,.T.);
#539=EDGE_CURVE('',#673,#674,#45,.F.);
#540=EDGE_CURVE('',#674,#675,#743,.F.);
#541=EDGE_CURVE('',#675,#676,#46,.T.);
#542=EDGE_CURVE('',#677,#676,#135,.T.);
#543=EDGE_CURVE('',#677,#678,#47,.F.);
#544=EDGE_CURVE('',#678,#679,#48,.T.);
#545=EDGE_CURVE('',#679,#666,#49,.T.);
#546=EDGE_CURVE('',#680,#680,#744,.T.);
#547=EDGE_CURVE('',#681,#681,#745,.T.);
#548=EDGE_CURVE('',#663,#682,#50,.F.);
#549=EDGE_CURVE('',#682,#683,#746,.F.);
#550=EDGE_CURVE('',#683,#664,#51,.T.);
#551=EDGE_CURVE('',#636,#684,#747,.F.);
#552=EDGE_CURVE('',#684,#667,#136,.T.);
#553=EDGE_CURVE('',#666,#637,#52,.T.);
#554=EDGE_CURVE('',#685,#685,#748,.F.);
#555=EDGE_CURVE('',#653,#679,#53,.T.);
#556=EDGE_CURVE('',#668,#686,#137,.T.);
#557=EDGE_CURVE('',#686,#647,#749,.F.);
#558=EDGE_CURVE('',#646,#669,#54,.T.);
#559=EDGE_CURVE('',#687,#687,#750,.T.);
#560=EDGE_CURVE('',#670,#662,#55,.T.);
#561=EDGE_CURVE('',#688,#689,#56,.T.);
#562=EDGE_CURVE('',#689,#690,#57,.T.);
#563=EDGE_CURVE('',#690,#691,#751,.T.);
#564=EDGE_CURVE('',#691,#688,#58,.T.);
#565=EDGE_CURVE('',#692,#692,#752,.T.);
#566=EDGE_CURVE('',#661,#689,#753,.F.);
#567=EDGE_CURVE('',#688,#671,#754,.F.);
#568=EDGE_CURVE('',#693,#693,#755,.T.);
#569=EDGE_CURVE('',#694,#695,#756,.T.);
#570=EDGE_CURVE('',#695,#696,#59,.T.);
#571=EDGE_CURVE('',#696,#697,#60,.T.);
#572=EDGE_CURVE('',#697,#694,#61,.T.);
#573=EDGE_CURVE('',#696,#654,#757,.F.);
#574=EDGE_CURVE('',#678,#697,#758,.F.);
#575=EDGE_CURVE('',#640,#643,#759,.T.);
#576=EDGE_CURVE('',#686,#684,#760,.T.);
#577=EDGE_CURVE('',#675,#664,#761,.T.);
#578=EDGE_CURVE('',#651,#674,#762,.T.);
#579=EDGE_CURVE('',#672,#691,#763,.T.);
#580=EDGE_CURVE('',#648,#673,#764,.T.);
#581=EDGE_CURVE('',#676,#683,#765,.T.);
#582=EDGE_CURVE('',#694,#677,#766,.T.);
#583=EDGE_CURVE('',#648,#691,#138,.F.);
#584=EDGE_CURVE('',#694,#683,#139,.F.);
#585=EDGE_CURVE('',#690,#660,#767,.T.);
#586=EDGE_CURVE('',#649,#690,#140,.T.);
#587=EDGE_CURVE('',#695,#682,#141,.T.);
#588=EDGE_CURVE('',#655,#695,#768,.T.);
#589=EDGE_CURVE('',#649,#659,#769,.F.);
#590=EDGE_CURVE('',#656,#682,#770,.F.);
#591=EDGE_CURVE('',#650,#658,#771,.T.);
#592=EDGE_CURVE('',#657,#663,#772,.T.);
#593=VERTEX_POINT('',#1789);
#594=VERTEX_POINT('',#1791);
#595=VERTEX_POINT('',#1794);
#596=VERTEX_POINT('',#1797);
#597=VERTEX_POINT('',#1800);
#598=VERTEX_POINT('',#1803);
#599=VERTEX_POINT('',#1807);
#600=VERTEX_POINT('',#1809);
#601=VERTEX_POINT('',#1812);
#602=VERTEX_POINT('',#1815);
#603=VERTEX_POINT('',#1818);
#604=VERTEX_POINT('',#1821);
#605=VERTEX_POINT('',#1823);
#606=VERTEX_POINT('',#1826);
#607=VERTEX_POINT('',#1828);
#608=VERTEX_POINT('',#1831);
#609=VERTEX_POINT('',#1849);
#610=VERTEX_POINT('',#1851);
#611=VERTEX_POINT('',#1853);
#612=VERTEX_POINT('',#1867);
#613=VERTEX_POINT('',#1870);
#614=VERTEX_POINT('',#1872);
#615=VERTEX_POINT('',#1892);
#616=VERTEX_POINT('',#1895);
#617=VERTEX_POINT('',#1897);
#618=VERTEX_POINT('',#1900);
#619=VERTEX_POINT('',#1903);
#620=VERTEX_POINT('',#1910);
#621=VERTEX_POINT('',#1912);
#622=VERTEX_POINT('',#1914);
#623=VERTEX_POINT('',#1916);
#624=VERTEX_POINT('',#1918);
#625=VERTEX_POINT('',#1920);
#626=VERTEX_POINT('',#1922);
#627=VERTEX_POINT('',#1924);
#628=VERTEX_POINT('',#1926);
#629=VERTEX_POINT('',#1928);
#630=VERTEX_POINT('',#1932);
#631=VERTEX_POINT('',#1934);
#632=VERTEX_POINT('',#1937);
#633=VERTEX_POINT('',#1940);
#634=VERTEX_POINT('',#1947);
#635=VERTEX_POINT('',#1948);
#636=VERTEX_POINT('',#1950);
#637=VERTEX_POINT('',#1952);
#638=VERTEX_POINT('',#1956);
#639=VERTEX_POINT('',#1957);
#640=VERTEX_POINT('',#1964);
#641=VERTEX_POINT('',#1969);
#642=VERTEX_POINT('',#1970);
#643=VERTEX_POINT('',#1972);
#644=VERTEX_POINT('',#1979);
#645=VERTEX_POINT('',#1981);
#646=VERTEX_POINT('',#1985);
#647=VERTEX_POINT('',#1986);
#648=VERTEX_POINT('',#1991);
#649=VERTEX_POINT('',#1992);
#650=VERTEX_POINT('',#1994);
#651=VERTEX_POINT('',#1996);
#652=VERTEX_POINT('',#2000);
#653=VERTEX_POINT('',#2003);
#654=VERTEX_POINT('',#2005);
#655=VERTEX_POINT('',#2007);
#656=VERTEX_POINT('',#2014);
#657=VERTEX_POINT('',#2016);
#658=VERTEX_POINT('',#2018);
#659=VERTEX_POINT('',#2020);
#660=VERTEX_POINT('',#2026);
#661=VERTEX_POINT('',#2028);
#662=VERTEX_POINT('',#2030);
#663=VERTEX_POINT('',#2034);
#664=VERTEX_POINT('',#2036);
#665=VERTEX_POINT('',#2040);
#666=VERTEX_POINT('',#2042);
#667=VERTEX_POINT('',#2043);
#668=VERTEX_POINT('',#2045);
#669=VERTEX_POINT('',#2047);
#670=VERTEX_POINT('',#2049);
#671=VERTEX_POINT('',#2051);
#672=VERTEX_POINT('',#2053);
#673=VERTEX_POINT('',#2060);
#674=VERTEX_POINT('',#2062);
#675=VERTEX_POINT('',#2064);
#676=VERTEX_POINT('',#2066);
#677=VERTEX_POINT('',#2072);
#678=VERTEX_POINT('',#2074);
#679=VERTEX_POINT('',#2076);
#680=VERTEX_POINT('',#2080);
#681=VERTEX_POINT('',#2083);
#682=VERTEX_POINT('',#2087);
#683=VERTEX_POINT('',#2089);
#684=VERTEX_POINT('',#2093);
#685=VERTEX_POINT('',#2103);
#686=VERTEX_POINT('',#2112);
#687=VERTEX_POINT('',#2117);
#688=VERTEX_POINT('',#2121);
#689=VERTEX_POINT('',#2122);
#690=VERTEX_POINT('',#2124);
#691=VERTEX_POINT('',#2126);
#692=VERTEX_POINT('',#2129);
#693=VERTEX_POINT('',#2135);
#694=VERTEX_POINT('',#2137);
#695=VERTEX_POINT('',#2138);
#696=VERTEX_POINT('',#2140);
#697=VERTEX_POINT('',#2142);
#698=CIRCLE('',#1277,29.9499582637439);
#699=CIRCLE('',#1278,25.6666666666667);
#700=CIRCLE('',#1280,29.9499582637439);
#701=CIRCLE('',#1282,25.6666666666667);
#702=CIRCLE('',#1284,25.6666666666667);
#703=CIRCLE('',#1286,25.6666666666667);
#704=CIRCLE('',#1289,20.3333333333333);
#705=CIRCLE('',#1290,18.94);
#706=CIRCLE('',#1292,20.3333333333333);
#707=CIRCLE('',#1294,20.3333333333333);
#708=CIRCLE('',#1296,20.3333333333333);
#709=CIRCLE('',#1298,16.);
#710=CIRCLE('',#1299,19.3333333333333);
#711=CIRCLE('',#1301,15.);
#712=CIRCLE('',#1302,15.);
#713=CIRCLE('',#1304,18.94);
#714=CIRCLE('',#1309,22.25);
#715=CIRCLE('',#1310,22.25);
#716=CIRCLE('',#1312,15.);
#717=CIRCLE('',#1313,15.);
#718=CIRCLE('',#1315,21.75);
#719=CIRCLE('',#1316,18.95);
#720=CIRCLE('',#1318,21.75);
#721=CIRCLE('',#1320,18.95);
#722=CIRCLE('',#1326,5.);
#723=CIRCLE('',#1338,5.);
#724=CIRCLE('',#1339,5.);
#725=CIRCLE('',#1341,4.);
#726=CIRCLE('',#1343,4.);
#727=CIRCLE('',#1349,31.);
#728=CIRCLE('',#1350,31.);
#729=CIRCLE('',#1352,21.0267686533142);
#730=CIRCLE('',#1354,21.0267686533142);
#731=CIRCLE('',#1356,31.);
#732=CIRCLE('',#1357,31.);
#733=CIRCLE('',#1359,33.25);
#734=CIRCLE('',#1360,33.25);
#735=CIRCLE('',#1362,25.7572805241547);
#736=CIRCLE('',#1363,26.1282892666168);
#737=CIRCLE('',#1364,26.1282892666167);
#738=CIRCLE('',#1366,27.4058554610412);
#739=CIRCLE('',#1367,33.25);
#740=CIRCLE('',#1368,27.4058554610413);
#741=CIRCLE('',#1370,25.7572805241547);
#742=CIRCLE('',#1371,26.1282892666168);
#743=CIRCLE('',#1372,26.1282892666168);
#744=CIRCLE('',#1374,25.7572805241547);
#745=CIRCLE('',#1376,25.7572805241547);
#746=CIRCLE('',#1379,33.25);
#747=CIRCLE('',#1381,21.0267686533143);
#748=CIRCLE('',#1383,5.75);
#749=CIRCLE('',#1385,21.0267686533143);
#750=CIRCLE('',#1387,5.75);
#751=CIRCLE('',#1389,34.8);
#752=CIRCLE('',#1390,5.75);
#753=CIRCLE('',#1392,1.55);
#754=CIRCLE('',#1393,1.55);
#755=CIRCLE('',#1395,5.75);
#756=CIRCLE('',#1396,34.8);
#757=CIRCLE('',#1398,1.55);
#758=CIRCLE('',#1399,1.55);
#759=CIRCLE('',#1401,27.4058554610412);
#760=CIRCLE('',#1402,27.4058554610413);
#761=CIRCLE('',#1406,1.55);
#762=CIRCLE('',#1407,1.55);
#763=CIRCLE('',#1409,1.55);
#764=CIRCLE('',#1411,1.55);
#765=CIRCLE('',#1413,1.55);
#766=CIRCLE('',#1415,1.55);
#767=CIRCLE('',#1417,1.55);
#768=CIRCLE('',#1421,1.55);
#769=CIRCLE('',#1422,1.55);
#770=CIRCLE('',#1423,1.55);
#771=CIRCLE('',#1425,1.55);
#772=CIRCLE('',#1427,1.55);
#773=EDGE_LOOP('',(#203));
#774=EDGE_LOOP('',(#204));
#775=EDGE_LOOP('',(#205));
#776=EDGE_LOOP('',(#206));
#777=EDGE_LOOP('',(#207));
#778=EDGE_LOOP('',(#208));
#779=EDGE_LOOP('',(#209));
#780=EDGE_LOOP('',(#210));
#781=EDGE_LOOP('',(#211));
#782=EDGE_LOOP('',(#212));
#783=EDGE_LOOP('',(#213));
#784=EDGE_LOOP('',(#214));
#785=EDGE_LOOP('',(#215));
#786=EDGE_LOOP('',(#216));
#787=EDGE_LOOP('',(#217));
#788=EDGE_LOOP('',(#218));
#789=EDGE_LOOP('',(#219));
#790=EDGE_LOOP('',(#220));
#791=EDGE_LOOP('',(#221));
#792=EDGE_LOOP('',(#222));
#793=EDGE_LOOP('',(#223));
#794=EDGE_LOOP('',(#224));
#795=EDGE_LOOP('',(#225));
#796=EDGE_LOOP('',(#226));
#797=EDGE_LOOP('',(#227));
#798=EDGE_LOOP('',(#228));
#799=EDGE_LOOP('',(#229));
#800=EDGE_LOOP('',(#230));
#801=EDGE_LOOP('',(#231));
#802=EDGE_LOOP('',(#232));
#803=EDGE_LOOP('',(#233));
#804=EDGE_LOOP('',(#234));
#805=EDGE_LOOP('',(#235));
#806=EDGE_LOOP('',(#236));
#807=EDGE_LOOP('',(#237));
#808=EDGE_LOOP('',(#238));
#809=EDGE_LOOP('',(#239));
#810=EDGE_LOOP('',(#240));
#811=EDGE_LOOP('',(#241));
#812=EDGE_LOOP('',(#242));
#813=EDGE_LOOP('',(#243));
#814=EDGE_LOOP('',(#244));
#815=EDGE_LOOP('',(#245));
#816=EDGE_LOOP('',(#246));
#817=EDGE_LOOP('',(#247));
#818=EDGE_LOOP('',(#248));
#819=EDGE_LOOP('',(#249));
#820=EDGE_LOOP('',(#250));
#821=EDGE_LOOP('',(#251));
#822=EDGE_LOOP('',(#252));
#823=EDGE_LOOP('',(#253));
#824=EDGE_LOOP('',(#254));
#825=EDGE_LOOP('',(#255));
#826=EDGE_LOOP('',(#256));
#827=EDGE_LOOP('',(#257));
#828=EDGE_LOOP('',(#258));
#829=EDGE_LOOP('',(#259));
#830=EDGE_LOOP('',(#260));
#831=EDGE_LOOP('',(#261));
#832=EDGE_LOOP('',(#262));
#833=EDGE_LOOP('',(#263));
#834=EDGE_LOOP('',(#264));
#835=EDGE_LOOP('',(#265));
#836=EDGE_LOOP('',(#266));
#837=EDGE_LOOP('',(#267,#268,#269,#270));
#838=EDGE_LOOP('',(#271,#272,#273,#274,#275));
#839=EDGE_LOOP('',(#276,#277,#278,#279,#280));
#840=EDGE_LOOP('',(#281,#282,#283,#284));
#841=EDGE_LOOP('',(#285,#286,#287,#288));
#842=EDGE_LOOP('',(#289));
#843=EDGE_LOOP('',(#290,#291,#292,#293,#294,#295,#296,#297,#298,#299,#300,
#301,#302,#303));
#844=EDGE_LOOP('',(#304,#305,#306,#307));
#845=EDGE_LOOP('',(#308));
#846=EDGE_LOOP('',(#309,#310,#311,#312,#313,#314,#315,#316,#317,#318,#319,
#320,#321,#322));
#847=EDGE_LOOP('',(#323));
#848=EDGE_LOOP('',(#324));
#849=EDGE_LOOP('',(#325));
#850=EDGE_LOOP('',(#326));
#851=EDGE_LOOP('',(#327));
#852=EDGE_LOOP('',(#328));
#853=EDGE_LOOP('',(#329,#330,#331,#332));
#854=EDGE_LOOP('',(#333,#334,#335,#336,#337));
#855=EDGE_LOOP('',(#338));
#856=EDGE_LOOP('',(#339,#340,#341,#342,#343,#344));
#857=EDGE_LOOP('',(#345,#346,#347,#348,#349));
#858=EDGE_LOOP('',(#350));
#859=EDGE_LOOP('',(#351,#352,#353,#354,#355,#356));
#860=EDGE_LOOP('',(#357,#358,#359,#360));
#861=EDGE_LOOP('',(#361));
#862=EDGE_LOOP('',(#362,#363,#364,#365,#366,#367));
#863=EDGE_LOOP('',(#368));
#864=EDGE_LOOP('',(#369,#370,#371,#372));
#865=EDGE_LOOP('',(#373,#374,#375,#376,#377,#378));
#866=EDGE_LOOP('',(#379,#380,#381,#382,#383,#384,#385,#386));
#867=EDGE_LOOP('',(#387));
#868=EDGE_LOOP('',(#388));
#869=EDGE_LOOP('',(#389));
#870=EDGE_LOOP('',(#390));
#871=EDGE_LOOP('',(#391,#392,#393,#394));
#872=EDGE_LOOP('',(#395,#396,#397,#398));
#873=EDGE_LOOP('',(#399,#400,#401,#402));
#874=EDGE_LOOP('',(#403,#404,#405,#406));
#875=EDGE_LOOP('',(#407,#408,#409,#410));
#876=EDGE_LOOP('',(#411,#412,#413,#414));
#877=EDGE_LOOP('',(#415,#416,#417,#418));
#878=EDGE_LOOP('',(#419,#420,#421,#422));
#879=EDGE_LOOP('',(#423,#424,#425,#426));
#880=EDGE_LOOP('',(#427,#428,#429,#430));
#881=EDGE_LOOP('',(#431,#432,#433,#434));
#882=EDGE_LOOP('',(#435,#436,#437,#438));
#883=EDGE_LOOP('',(#439,#440,#441,#442));
#884=EDGE_LOOP('',(#443,#444,#445,#446));
#885=EDGE_LOOP('',(#447,#448,#449,#450));
#886=EDGE_LOOP('',(#451,#452,#453,#454));
#887=EDGE_LOOP('',(#455,#456,#457,#458));
#888=EDGE_LOOP('',(#459,#460,#461,#462));
#889=FACE_BOUND('',#773,.T.);
#890=FACE_BOUND('',#774,.T.);
#891=FACE_BOUND('',#775,.T.);
#892=FACE_BOUND('',#776,.T.);
#893=FACE_BOUND('',#777,.T.);
#894=FACE_BOUND('',#778,.T.);
#895=FACE_BOUND('',#779,.T.);
#896=FACE_BOUND('',#780,.T.);
#897=FACE_BOUND('',#781,.T.);
#898=FACE_BOUND('',#782,.T.);
#899=FACE_BOUND('',#783,.T.);
#900=FACE_BOUND('',#784,.T.);
#901=FACE_BOUND('',#785,.T.);
#902=FACE_BOUND('',#786,.T.);
#903=FACE_BOUND('',#787,.T.);
#904=FACE_BOUND('',#788,.T.);
#905=FACE_BOUND('',#789,.T.);
#906=FACE_BOUND('',#790,.T.);
#907=FACE_BOUND('',#791,.T.);
#908=FACE_BOUND('',#792,.T.);
#909=FACE_BOUND('',#793,.T.);
#910=FACE_BOUND('',#794,.T.);
#911=FACE_BOUND('',#795,.T.);
#912=FACE_BOUND('',#796,.T.);
#913=FACE_BOUND('',#797,.T.);
#914=FACE_BOUND('',#798,.T.);
#915=FACE_BOUND('',#799,.T.);
#916=FACE_BOUND('',#800,.T.);
#917=FACE_BOUND('',#801,.T.);
#918=FACE_BOUND('',#802,.T.);
#919=FACE_BOUND('',#803,.T.);
#920=FACE_BOUND('',#804,.T.);
#921=FACE_BOUND('',#805,.T.);
#922=FACE_BOUND('',#806,.T.);
#923=FACE_BOUND('',#807,.T.);
#924=FACE_BOUND('',#808,.T.);
#925=FACE_BOUND('',#809,.T.);
#926=FACE_BOUND('',#810,.T.);
#927=FACE_BOUND('',#811,.T.);
#928=FACE_BOUND('',#812,.T.);
#929=FACE_BOUND('',#813,.T.);
#930=FACE_BOUND('',#814,.T.);
#931=FACE_BOUND('',#815,.T.);
#932=FACE_BOUND('',#816,.T.);
#933=FACE_BOUND('',#817,.T.);
#934=FACE_BOUND('',#818,.T.);
#935=FACE_BOUND('',#819,.T.);
#936=FACE_BOUND('',#820,.T.);
#937=FACE_BOUND('',#821,.T.);
#938=FACE_BOUND('',#822,.T.);
#939=FACE_BOUND('',#823,.T.);
#940=FACE_BOUND('',#824,.T.);
#941=FACE_BOUND('',#825,.T.);
#942=FACE_BOUND('',#826,.T.);
#943=FACE_BOUND('',#827,.T.);
#944=FACE_BOUND('',#828,.T.);
#945=FACE_BOUND('',#118,.T.);
#946=FACE_BOUND('',#119,.T.);
#947=FACE_BOUND('',#120,.T.);
#948=FACE_BOUND('',#121,.T.);
#949=FACE_BOUND('',#122,.T.);
#950=FACE_BOUND('',#123,.T.);
#951=FACE_BOUND('',#124,.T.);
#952=FACE_BOUND('',#125,.T.);
#953=FACE_BOUND('',#126,.T.);
#954=FACE_BOUND('',#829,.T.);
#955=FACE_BOUND('',#830,.T.);
#956=FACE_BOUND('',#831,.T.);
#957=FACE_BOUND('',#832,.T.);
#958=FACE_BOUND('',#833,.T.);
#959=FACE_BOUND('',#834,.T.);
#960=FACE_BOUND('',#835,.T.);
#961=FACE_BOUND('',#836,.T.);
#962=FACE_BOUND('',#837,.T.);
#963=FACE_BOUND('',#838,.T.);
#964=FACE_BOUND('',#839,.T.);
#965=FACE_BOUND('',#840,.T.);
#966=FACE_BOUND('',#841,.T.);
#967=FACE_BOUND('',#842,.T.);
#968=FACE_BOUND('',#843,.T.);
#969=FACE_BOUND('',#844,.T.);
#970=FACE_BOUND('',#845,.T.);
#971=FACE_BOUND('',#846,.T.);
#972=FACE_BOUND('',#847,.T.);
#973=FACE_BOUND('',#848,.T.);
#974=FACE_BOUND('',#849,.T.);
#975=FACE_BOUND('',#850,.T.);
#976=FACE_BOUND('',#851,.T.);
#977=FACE_BOUND('',#852,.T.);
#978=FACE_BOUND('',#853,.T.);
#979=FACE_BOUND('',#854,.T.);
#980=FACE_BOUND('',#855,.T.);
#981=FACE_BOUND('',#856,.T.);
#982=FACE_BOUND('',#857,.T.);
#983=FACE_BOUND('',#858,.T.);
#984=FACE_BOUND('',#859,.T.);
#985=FACE_BOUND('',#860,.T.);
#986=FACE_BOUND('',#861,.T.);
#987=FACE_BOUND('',#862,.T.);
#988=FACE_BOUND('',#863,.T.);
#989=FACE_BOUND('',#864,.T.);
#990=FACE_BOUND('',#865,.T.);
#991=FACE_BOUND('',#866,.T.);
#992=FACE_BOUND('',#867,.T.);
#993=FACE_BOUND('',#868,.T.);
#994=FACE_BOUND('',#869,.T.);
#995=FACE_BOUND('',#870,.T.);
#996=FACE_BOUND('',#871,.T.);
#997=FACE_BOUND('',#872,.T.);
#998=FACE_BOUND('',#873,.T.);
#999=FACE_BOUND('',#874,.T.);
#1000=FACE_BOUND('',#875,.T.);
#1001=FACE_BOUND('',#876,.T.);
#1002=FACE_BOUND('',#877,.T.);
#1003=FACE_BOUND('',#878,.T.);
#1004=FACE_BOUND('',#879,.T.);
#1005=FACE_BOUND('',#880,.T.);
#1006=FACE_BOUND('',#881,.T.);
#1007=FACE_BOUND('',#882,.T.);
#1008=FACE_BOUND('',#883,.T.);
#1009=FACE_BOUND('',#884,.T.);
#1010=FACE_BOUND('',#885,.T.);
#1011=FACE_BOUND('',#886,.T.);
#1012=FACE_BOUND('',#887,.T.);
#1013=FACE_BOUND('',#888,.T.);
#1014=PLANE('',#1276);
#1015=PLANE('',#1281);
#1016=PLANE('',#1288);
#1017=PLANE('',#1297);
#1018=PLANE('',#1303);
#1019=PLANE('',#1314);
#1020=PLANE('',#1317);
#1021=PLANE('',#1319);
#1022=PLANE('',#1340);
#1023=PLANE('',#1342);
#1024=PLANE('',#1351);
#1025=PLANE('',#1353);
#1026=PLANE('',#1361);
#1027=PLANE('',#1369);
#1028=PLANE('',#1380);
#1029=PLANE('',#1382);
#1030=PLANE('',#1384);
#1031=PLANE('',#1386);
#1032=PLANE('',#1388);
#1033=PLANE('',#1391);
#1034=PLANE('',#1394);
#1035=PLANE('',#1397);
#1036=ADVANCED_FACE('',(#889,#890),#1014,.T.);
#1037=ADVANCED_FACE('',(#891,#892),#191,.T.);
#1038=ADVANCED_FACE('',(#893,#894),#1015,.T.);
#1039=ADVANCED_FACE('',(#895,#896),#163,.F.);
#1040=ADVANCED_FACE('',(#897,#898),#155,.F.);
#1041=ADVANCED_FACE('',(#899,#900),#164,.F.);
#1042=ADVANCED_FACE('',(#901,#902),#1016,.T.);
#1043=ADVANCED_FACE('',(#903,#904),#165,.T.);
#1044=ADVANCED_FACE('',(#905,#906),#156,.F.);
#1045=ADVANCED_FACE('',(#907,#908),#166,.T.);
#1046=ADVANCED_FACE('',(#909,#910),#1017,.T.);
#1047=ADVANCED_FACE('',(#911,#912),#167,.F.);
#1048=ADVANCED_FACE('',(#913,#914),#1018,.T.);
#1049=ADVANCED_FACE('',(#915,#916),#168,.T.);
#1050=ADVANCED_FACE('',(#917,#918),#142,.F.);
#1051=ADVANCED_FACE('',(#919,#920),#143,.T.);
#1052=ADVANCED_FACE('',(#921,#922,#923,#924),#169,.T.);
#1053=ADVANCED_FACE('',(#925,#926,#927),#170,.F.);
#1054=ADVANCED_FACE('',(#928,#929),#1019,.F.);
#1055=ADVANCED_FACE('',(#930,#931),#1020,.F.);
#1056=ADVANCED_FACE('',(#932,#933),#1021,.F.);
#1057=ADVANCED_FACE('',(#934,#935),#171,.F.);
#1058=ADVANCED_FACE('',(#936,#937),#172,.F.);
#1059=ADVANCED_FACE('',(#938,#939),#144,.T.);
#1060=ADVANCED_FACE('',(#940,#941),#145,.T.);
#1061=ADVANCED_FACE('',(#942,#943),#173,.F.);
#1062=ADVANCED_FACE('',(#944,#945),#146,.F.);
#1063=ADVANCED_FACE('',(#946),#192,.T.);
#1064=ADVANCED_FACE('',(#947),#193,.T.);
#1065=ADVANCED_FACE('',(#948),#194,.T.);
#1066=ADVANCED_FACE('',(#949),#195,.T.);
#1067=ADVANCED_FACE('',(#950),#196,.T.);
#1068=ADVANCED_FACE('',(#951),#197,.T.);
#1069=ADVANCED_FACE('',(#952),#198,.T.);
#1070=ADVANCED_FACE('',(#953),#199,.T.);
#1071=ADVANCED_FACE('',(#954,#955),#174,.T.);
#1072=ADVANCED_FACE('',(#956),#1022,.F.);
#1073=ADVANCED_FACE('',(#957),#1023,.T.);
#1074=ADVANCED_FACE('',(#958,#959),#147,.T.);
#1075=ADVANCED_FACE('',(#960,#961),#148,.T.);
#1076=ADVANCED_FACE('',(#962),#175,.F.);
#1077=ADVANCED_FACE('',(#963),#1024,.T.);
#1078=ADVANCED_FACE('',(#964),#1025,.T.);
#1079=ADVANCED_FACE('',(#965),#176,.F.);
#1080=ADVANCED_FACE('',(#966),#177,.T.);
#1081=ADVANCED_FACE('',(#967,#968),#1026,.F.);
#1082=ADVANCED_FACE('',(#969),#200,.T.);
#1083=ADVANCED_FACE('',(#970,#971),#1027,.F.);
#1084=ADVANCED_FACE('',(#972,#973),#178,.F.);
#1085=ADVANCED_FACE('',(#974,#975),#201,.F.);
#1086=ADVANCED_FACE('',(#976,#977),#179,.F.);
#1087=ADVANCED_FACE('',(#978),#180,.T.);
#1088=ADVANCED_FACE('',(#979),#1028,.T.);
#1089=ADVANCED_FACE('',(#980,#981),#1029,.T.);
#1090=ADVANCED_FACE('',(#982),#1030,.T.);
#1091=ADVANCED_FACE('',(#983,#984),#1031,.T.);
#1092=ADVANCED_FACE('',(#985,#986),#1032,.F.);
#1093=ADVANCED_FACE('',(#987),#1033,.F.);
#1094=ADVANCED_FACE('',(#988,#989),#1034,.F.);
#1095=ADVANCED_FACE('',(#990),#1035,.F.);
#1096=ADVANCED_FACE('',(#991),#202,.T.);
#1097=ADVANCED_FACE('',(#992,#993),#181,.F.);
#1098=ADVANCED_FACE('',(#994,#995),#182,.F.);
#1099=ADVANCED_FACE('',(#996),#157,.T.);
#1100=ADVANCED_FACE('',(#997),#183,.T.);
#1101=ADVANCED_FACE('',(#998),#184,.T.);
#1102=ADVANCED_FACE('',(#999),#185,.T.);
#1103=ADVANCED_FACE('',(#1000),#186,.T.);
#1104=ADVANCED_FACE('',(#1001),#18,.T.);
#1105=ADVANCED_FACE('',(#1002),#19,.T.);
#1106=ADVANCED_FACE('',(#1003),#187,.T.);
#1107=ADVANCED_FACE('',(#1004),#158,.F.);
#1108=ADVANCED_FACE('',(#1005),#159,.F.);
#1109=ADVANCED_FACE('',(#1006),#188,.T.);
#1110=ADVANCED_FACE('',(#1007),#20,.T.);
#1111=ADVANCED_FACE('',(#1008),#21,.T.);
#1112=ADVANCED_FACE('',(#1009),#189,.T.);
#1113=ADVANCED_FACE('',(#1010),#190,.T.);
#1114=ADVANCED_FACE('',(#1011),#160,.T.);
#1115=ADVANCED_FACE('',(#1012),#161,.T.);
#1116=ADVANCED_FACE('',(#1013),#162,.T.);
#1117=CLOSED_SHELL('',(#1036,#1037,#1038,#1039,#1040,#1041));
#1118=CLOSED_SHELL('',(#1042,#1043,#1044,#1045,#1046,#1047,#1048,#1049,
#1050,#1051));
#1119=CLOSED_SHELL('',(#1052,#1053,#1054,#1055,#1056,#1057,#1058,#1059,
#1060,#1061,#1062));
#1120=CLOSED_SHELL('',(#1063));
#1121=CLOSED_SHELL('',(#1064));
#1122=CLOSED_SHELL('',(#1065));
#1123=CLOSED_SHELL('',(#1066));
#1124=CLOSED_SHELL('',(#1067));
#1125=CLOSED_SHELL('',(#1068));
#1126=CLOSED_SHELL('',(#1069));
#1127=CLOSED_SHELL('',(#1070));
#1128=CLOSED_SHELL('',(#1071,#1072,#1073,#1074,#1075));
#1129=CLOSED_SHELL('',(#1076,#1077,#1078,#1079,#1080,#1081,#1082,#1083,
#1084,#1085,#1086,#1087,#1088,#1089,#1090,#1091,#1092,#1093,#1094,#1095,
#1096,#1097,#1098,#1099,#1100,#1101,#1102,#1103,#1104,#1105,#1106,#1107,
#1108,#1109,#1110,#1111,#1112,#1113,#1114,#1115,#1116));
#1130=STYLED_ITEM('',(#1147),#1252);
#1131=STYLED_ITEM('',(#1148),#1253);
#1132=STYLED_ITEM('',(#1149),#1254);
#1133=STYLED_ITEM('',(#1150),#1255);
#1134=STYLED_ITEM('',(#1151),#1256);
#1135=STYLED_ITEM('',(#1152),#1257);
#1136=STYLED_ITEM('',(#1153),#1258);
#1137=STYLED_ITEM('',(#1154),#1259);
#1138=STYLED_ITEM('',(#1155),#1260);
#1139=STYLED_ITEM('',(#1156),#1261);
#1140=STYLED_ITEM('',(#1157),#1262);
#1141=STYLED_ITEM('',(#1158),#1071);
#1142=STYLED_ITEM('',(#1159),#1072);
#1143=STYLED_ITEM('',(#1160),#1073);
#1144=STYLED_ITEM('',(#1161),#1074);
#1145=STYLED_ITEM('',(#1162),#1075);
#1146=STYLED_ITEM('',(#1163),#1264);
#1147=PRESENTATION_STYLE_ASSIGNMENT((#1164));
#1148=PRESENTATION_STYLE_ASSIGNMENT((#1165));
#1149=PRESENTATION_STYLE_ASSIGNMENT((#1166));
#1150=PRESENTATION_STYLE_ASSIGNMENT((#1167));
#1151=PRESENTATION_STYLE_ASSIGNMENT((#1168));
#1152=PRESENTATION_STYLE_ASSIGNMENT((#1169));
#1153=PRESENTATION_STYLE_ASSIGNMENT((#1170));
#1154=PRESENTATION_STYLE_ASSIGNMENT((#1171));
#1155=PRESENTATION_STYLE_ASSIGNMENT((#1172));
#1156=PRESENTATION_STYLE_ASSIGNMENT((#1173));
#1157=PRESENTATION_STYLE_ASSIGNMENT((#1174));
#1158=PRESENTATION_STYLE_ASSIGNMENT((#1175));
#1159=PRESENTATION_STYLE_ASSIGNMENT((#1176));
#1160=PRESENTATION_STYLE_ASSIGNMENT((#1177));
#1161=PRESENTATION_STYLE_ASSIGNMENT((#1178));
#1162=PRESENTATION_STYLE_ASSIGNMENT((#1179));
#1163=PRESENTATION_STYLE_ASSIGNMENT((#1180));
#1164=SURFACE_STYLE_USAGE(.BOTH.,#1181);
#1165=SURFACE_STYLE_USAGE(.BOTH.,#1182);
#1166=SURFACE_STYLE_USAGE(.BOTH.,#1183);
#1167=SURFACE_STYLE_USAGE(.BOTH.,#1184);
#1168=SURFACE_STYLE_USAGE(.BOTH.,#1185);
#1169=SURFACE_STYLE_USAGE(.BOTH.,#1186);
#1170=SURFACE_STYLE_USAGE(.BOTH.,#1187);
#1171=SURFACE_STYLE_USAGE(.BOTH.,#1188);
#1172=SURFACE_STYLE_USAGE(.BOTH.,#1189);
#1173=SURFACE_STYLE_USAGE(.BOTH.,#1190);
#1174=SURFACE_STYLE_USAGE(.BOTH.,#1191);
#1175=SURFACE_STYLE_USAGE(.BOTH.,#1192);
#1176=SURFACE_STYLE_USAGE(.BOTH.,#1193);
#1177=SURFACE_STYLE_USAGE(.BOTH.,#1194);
#1178=SURFACE_STYLE_USAGE(.BOTH.,#1195);
#1179=SURFACE_STYLE_USAGE(.BOTH.,#1196);
#1180=SURFACE_STYLE_USAGE(.BOTH.,#1197);
#1181=SURFACE_SIDE_STYLE('',(#1198));
#1182=SURFACE_SIDE_STYLE('',(#1199));
#1183=SURFACE_SIDE_STYLE('',(#1200));
#1184=SURFACE_SIDE_STYLE('',(#1201));
#1185=SURFACE_SIDE_STYLE('',(#1202));
#1186=SURFACE_SIDE_STYLE('',(#1203));
#1187=SURFACE_SIDE_STYLE('',(#1204));
#1188=SURFACE_SIDE_STYLE('',(#1205));
#1189=SURFACE_SIDE_STYLE('',(#1206));
#1190=SURFACE_SIDE_STYLE('',(#1207));
#1191=SURFACE_SIDE_STYLE('',(#1208));
#1192=SURFACE_SIDE_STYLE('',(#1209));
#1193=SURFACE_SIDE_STYLE('',(#1210));
#1194=SURFACE_SIDE_STYLE('',(#1211));
#1195=SURFACE_SIDE_STYLE('',(#1212));
#1196=SURFACE_SIDE_STYLE('',(#1213));
#1197=SURFACE_SIDE_STYLE('',(#1214));
#1198=SURFACE_STYLE_FILL_AREA(#1215);
#1199=SURFACE_STYLE_FILL_AREA(#1216);
#1200=SURFACE_STYLE_FILL_AREA(#1217);
#1201=SURFACE_STYLE_FILL_AREA(#1218);
#1202=SURFACE_STYLE_FILL_AREA(#1219);
#1203=SURFACE_STYLE_FILL_AREA(#1220);
#1204=SURFACE_STYLE_FILL_AREA(#1221);
#1205=SURFACE_STYLE_FILL_AREA(#1222);
#1206=SURFACE_STYLE_FILL_AREA(#1223);
#1207=SURFACE_STYLE_FILL_AREA(#1224);
#1208=SURFACE_STYLE_FILL_AREA(#1225);
#1209=SURFACE_STYLE_FILL_AREA(#1226);
#1210=SURFACE_STYLE_FILL_AREA(#1227);
#1211=SURFACE_STYLE_FILL_AREA(#1228);
#1212=SURFACE_STYLE_FILL_AREA(#1229);
#1213=SURFACE_STYLE_FILL_AREA(#1230);
#1214=SURFACE_STYLE_FILL_AREA(#1231);
#1215=FILL_AREA_STYLE('',(#1232));
#1216=FILL_AREA_STYLE('',(#1233));
#1217=FILL_AREA_STYLE('',(#1234));
#1218=FILL_AREA_STYLE('',(#1235));
#1219=FILL_AREA_STYLE('',(#1236));
#1220=FILL_AREA_STYLE('',(#1237));
#1221=FILL_AREA_STYLE('',(#1238));
#1222=FILL_AREA_STYLE('',(#1239));
#1223=FILL_AREA_STYLE('',(#1240));
#1224=FILL_AREA_STYLE('',(#1241));
#1225=FILL_AREA_STYLE('',(#1242));
#1226=FILL_AREA_STYLE('',(#1243));
#1227=FILL_AREA_STYLE('',(#1244));
#1228=FILL_AREA_STYLE('',(#1245));
#1229=FILL_AREA_STYLE('',(#1246));
#1230=FILL_AREA_STYLE('',(#1247));
#1231=FILL_AREA_STYLE('',(#1248));
#1232=FILL_AREA_STYLE_COLOUR('',#1249);
#1233=FILL_AREA_STYLE_COLOUR('',#1249);
#1234=FILL_AREA_STYLE_COLOUR('',#1249);
#1235=FILL_AREA_STYLE_COLOUR('',#1249);
#1236=FILL_AREA_STYLE_COLOUR('',#1249);
#1237=FILL_AREA_STYLE_COLOUR('',#1249);
#1238=FILL_AREA_STYLE_COLOUR('',#1249);
#1239=FILL_AREA_STYLE_COLOUR('',#1249);
#1240=FILL_AREA_STYLE_COLOUR('',#1249);
#1241=FILL_AREA_STYLE_COLOUR('',#1249);
#1242=FILL_AREA_STYLE_COLOUR('',#1249);
#1243=FILL_AREA_STYLE_COLOUR('',#1250);
#1244=FILL_AREA_STYLE_COLOUR('',#1249);
#1245=FILL_AREA_STYLE_COLOUR('',#1249);
#1246=FILL_AREA_STYLE_COLOUR('',#1249);
#1247=FILL_AREA_STYLE_COLOUR('',#1249);
#1248=FILL_AREA_STYLE_COLOUR('',#1251);
#1249=COLOUR_RGB('',0.331739127635956,0.340869575738907,0.349999994039536);
#1250=COLOUR_RGB('',0.1875,0.75,0.581249892711639);
#1251=COLOUR_RGB('',0.506983280181885,0.531564235687256,0.550000011920929);
#1252=MANIFOLD_SOLID_BREP('',#1117);
#1253=MANIFOLD_SOLID_BREP('',#1118);
#1254=MANIFOLD_SOLID_BREP('',#1119);
#1255=MANIFOLD_SOLID_BREP('',#1120);
#1256=MANIFOLD_SOLID_BREP('',#1121);
#1257=MANIFOLD_SOLID_BREP('',#1122);
#1258=MANIFOLD_SOLID_BREP('',#1123);
#1259=MANIFOLD_SOLID_BREP('',#1124);
#1260=MANIFOLD_SOLID_BREP('',#1125);
#1261=MANIFOLD_SOLID_BREP('',#1126);
#1262=MANIFOLD_SOLID_BREP('',#1127);
#1263=MANIFOLD_SOLID_BREP('',#1128);
#1264=MANIFOLD_SOLID_BREP('',#1129);
#1265=SHAPE_DEFINITION_REPRESENTATION(#2285,#1270);
#1266=SHAPE_DEFINITION_REPRESENTATION(#2284,#1271);
#1267=SHAPE_DEFINITION_REPRESENTATION(#2287,#1272);
#1268=SHAPE_DEFINITION_REPRESENTATION(#2283,#1273);
#1269=SHAPE_DEFINITION_REPRESENTATION(#2290,#1274);
#1270=SHAPE_REPRESENTATION('UE\X2\74038F74627F\X0\',(#1275),#2272);
#1271=SHAPE_REPRESENTATION('UE\X2\7441547453A46D63\X0\?',(#1275,#1336,#1346),
#2271);
#1272=SHAPE_REPRESENTATION('\X2\504F5FC3595798764E1D\X0\',(#1275),#2273);
#1273=SHAPE_REPRESENTATION(
'UEPP\X2\752FFE40557F93585B2C73DB5BEE5FD34EB88E4751A8E69C6FB6682B608695C832226086675E5B5858D9\X0\',
(#1275,#1347,#1431),#2270);
#1274=SHAPE_REPRESENTATION('PP\X2\51B2538B7ACB5F0F5EA7\X0\',(#1275),#2274);
#1275=AXIS2_PLACEMENT_3D('',#1786,#1432,#1433);
#1276=AXIS2_PLACEMENT_3D('',#1787,#1434,#1435);
#1277=AXIS2_PLACEMENT_3D('',#1788,#1436,#1437);
#1278=AXIS2_PLACEMENT_3D('',#1790,#1438,#1439);
#1279=AXIS2_PLACEMENT_3D('',#1792,#1440,#1441);
#1280=AXIS2_PLACEMENT_3D('',#1793,#1442,#1443);
#1281=AXIS2_PLACEMENT_3D('',#1795,#1444,#1445);
#1282=AXIS2_PLACEMENT_3D('',#1796,#1446,#1447);
#1283=AXIS2_PLACEMENT_3D('',#1798,#1448,#1449);
#1284=AXIS2_PLACEMENT_3D('',#1799,#1450,#1451);
#1285=AXIS2_PLACEMENT_3D('',#1801,#1452,#1453);
#1286=AXIS2_PLACEMENT_3D('',#1802,#1454,#1455);
#1287=AXIS2_PLACEMENT_3D('',#1804,#1456,#1457);
#1288=AXIS2_PLACEMENT_3D('',#1805,#1458,#1459);
#1289=AXIS2_PLACEMENT_3D('',#1806,#1460,#1461);
#1290=AXIS2_PLACEMENT_3D('',#1808,#1462,#1463);
#1291=AXIS2_PLACEMENT_3D('',#1810,#1464,#1465);
#1292=AXIS2_PLACEMENT_3D('',#1811,#1466,#1467);
#1293=AXIS2_PLACEMENT_3D('',#1813,#1468,#1469);
#1294=AXIS2_PLACEMENT_3D('',#1814,#1470,#1471);
#1295=AXIS2_PLACEMENT_3D('',#1816,#1472,#1473);
#1296=AXIS2_PLACEMENT_3D('',#1817,#1474,#1475);
#1297=AXIS2_PLACEMENT_3D('',#1819,#1476,#1477);
#1298=AXIS2_PLACEMENT_3D('',#1820,#1478,#1479);
#1299=AXIS2_PLACEMENT_3D('',#1822,#1480,#1481);
#1300=AXIS2_PLACEMENT_3D('',#1824,#1482,#1483);
#1301=AXIS2_PLACEMENT_3D('',#1825,#1484,#1485);
#1302=AXIS2_PLACEMENT_3D('',#1827,#1486,#1487);
#1303=AXIS2_PLACEMENT_3D('',#1829,#1488,#1489);
#1304=AXIS2_PLACEMENT_3D('',#1830,#1490,#1491);
#1305=AXIS2_PLACEMENT_3D('',#1832,#1492,#1493);
#1306=AXIS2_PLACEMENT_3D('',#1833,#1494,#1495);
#1307=AXIS2_PLACEMENT_3D('',#1834,#1496,#1497);
#1308=AXIS2_PLACEMENT_3D('',#1835,#1498,#1499);
#1309=AXIS2_PLACEMENT_3D('',#1850,#1500,#1501);
#1310=AXIS2_PLACEMENT_3D('',#1852,#1502,#1503);
#1311=AXIS2_PLACEMENT_3D('',#1868,#1504,#1505);
#1312=AXIS2_PLACEMENT_3D('',#1869,#1506,#1507);
#1313=AXIS2_PLACEMENT_3D('',#1871,#1508,#1509);
#1314=AXIS2_PLACEMENT_3D('',#1893,#1510,#1511);
#1315=AXIS2_PLACEMENT_3D('',#1894,#1512,#1513);
#1316=AXIS2_PLACEMENT_3D('',#1896,#1514,#1515);
#1317=AXIS2_PLACEMENT_3D('',#1898,#1516,#1517);
#1318=AXIS2_PLACEMENT_3D('',#1899,#1518,#1519);
#1319=AXIS2_PLACEMENT_3D('',#1901,#1520,#1521);
#1320=AXIS2_PLACEMENT_3D('',#1902,#1522,#1523);
#1321=AXIS2_PLACEMENT_3D('',#1904,#1524,#1525);
#1322=AXIS2_PLACEMENT_3D('',#1905,#1526,#1527);
#1323=AXIS2_PLACEMENT_3D('',#1906,#1528,#1529);
#1324=AXIS2_PLACEMENT_3D('',#1907,#1530,#1531);
#1325=AXIS2_PLACEMENT_3D('',#1908,#1532,#1533);
#1326=AXIS2_PLACEMENT_3D('',#1909,#1534,#1535);
#1327=AXIS2_PLACEMENT_3D('',#1911,#1536,#1537);
#1328=AXIS2_PLACEMENT_3D('',#1913,#1538,#1539);
#1329=AXIS2_PLACEMENT_3D('',#1915,#1540,#1541);
#1330=AXIS2_PLACEMENT_3D('',#1917,#1542,#1543);
#1331=AXIS2_PLACEMENT_3D('',#1919,#1544,#1545);
#1332=AXIS2_PLACEMENT_3D('',#1921,#1546,#1547);
#1333=AXIS2_PLACEMENT_3D('',#1923,#1548,#1549);
#1334=AXIS2_PLACEMENT_3D('',#1925,#1550,#1551);
#1335=AXIS2_PLACEMENT_3D('',#1927,#1552,#1553);
#1336=AXIS2_PLACEMENT_3D('',#1929,#1554,#1555);
#1337=AXIS2_PLACEMENT_3D('',#1930,#1556,#1557);
#1338=AXIS2_PLACEMENT_3D('',#1931,#1558,#1559);
#1339=AXIS2_PLACEMENT_3D('',#1933,#1560,#1561);
#1340=AXIS2_PLACEMENT_3D('',#1935,#1562,#1563);
#1341=AXIS2_PLACEMENT_3D('',#1936,#1564,#1565);
#1342=AXIS2_PLACEMENT_3D('',#1938,#1566,#1567);
#1343=AXIS2_PLACEMENT_3D('',#1939,#1568,#1569);
#1344=AXIS2_PLACEMENT_3D('',#1941,#1570,#1571);
#1345=AXIS2_PLACEMENT_3D('',#1942,#1572,#1573);
#1346=AXIS2_PLACEMENT_3D('',#1943,#1574,#1575);
#1347=AXIS2_PLACEMENT_3D('',#1944,#1576,#1577);
#1348=AXIS2_PLACEMENT_3D('',#1945,#1578,#1579);
#1349=AXIS2_PLACEMENT_3D('',#1949,#1581,#1582);
#1350=AXIS2_PLACEMENT_3D('',#1953,#1584,#1585);
#1351=AXIS2_PLACEMENT_3D('',#1954,#1586,#1587);
#1352=AXIS2_PLACEMENT_3D('',#1965,#1589,#1590);
#1353=AXIS2_PLACEMENT_3D('',#1967,#1592,#1593);
#1354=AXIS2_PLACEMENT_3D('',#1971,#1595,#1596);
#1355=AXIS2_PLACEMENT_3D('',#1983,#1599,#1600);
#1356=AXIS2_PLACEMENT_3D('',#1987,#1602,#1603);
#1357=AXIS2_PLACEMENT_3D('',#1988,#1604,#1605);
#1358=AXIS2_PLACEMENT_3D('',#1989,#1606,#1607);
#1359=AXIS2_PLACEMENT_3D('',#1990,#1608,#1609);
#1360=AXIS2_PLACEMENT_3D('',#1995,#1611,#1612);
#1361=AXIS2_PLACEMENT_3D('',#1998,#1614,#1615);
#1362=AXIS2_PLACEMENT_3D('',#1999,#1616,#1617);
#1363=AXIS2_PLACEMENT_3D('',#2001,#1618,#1619);
#1364=AXIS2_PLACEMENT_3D('',#2017,#1624,#1625);
#1365=AXIS2_PLACEMENT_3D('',#2032,#1630,#1631);
#1366=AXIS2_PLACEMENT_3D('',#2033,#1632,#1633);
#1367=AXIS2_PLACEMENT_3D('',#2035,#1634,#1635);
#1368=AXIS2_PLACEMENT_3D('',#2037,#1636,#1637);
#1369=AXIS2_PLACEMENT_3D('',#2038,#1638,#1639);
#1370=AXIS2_PLACEMENT_3D('',#2039,#1640,#1641);
#1371=AXIS2_PLACEMENT_3D('',#2044,#1643,#1644);
#1372=AXIS2_PLACEMENT_3D('',#2063,#1650,#1651);
#1373=AXIS2_PLACEMENT_3D('',#2078,#1656,#1657);
#1374=AXIS2_PLACEMENT_3D('',#2079,#1658,#1659);
#1375=AXIS2_PLACEMENT_3D('',#2081,#1660,#1661);
#1376=AXIS2_PLACEMENT_3D('',#2082,#1662,#1663);
#1377=AXIS2_PLACEMENT_3D('',#2084,#1664,#1665);
#1378=AXIS2_PLACEMENT_3D('',#2085,#1666,#1667);
#1379=AXIS2_PLACEMENT_3D('',#2088,#1669,#1670);
#1380=AXIS2_PLACEMENT_3D('',#2091,#1672,#1673);
#1381=AXIS2_PLACEMENT_3D('',#2092,#1674,#1675);
#1382=AXIS2_PLACEMENT_3D('',#2101,#1677,#1678);
#1383=AXIS2_PLACEMENT_3D('',#2102,#1679,#1680);
#1384=AXIS2_PLACEMENT_3D('',#2105,#1682,#1683);
#1385=AXIS2_PLACEMENT_3D('',#2113,#1684,#1685);
#1386=AXIS2_PLACEMENT_3D('',#2115,#1687,#1688);
#1387=AXIS2_PLACEMENT_3D('',#2116,#1689,#1690);
#1388=AXIS2_PLACEMENT_3D('',#2119,#1692,#1693);
#1389=AXIS2_PLACEMENT_3D('',#2125,#1696,#1697);
#1390=AXIS2_PLACEMENT_3D('',#2128,#1699,#1700);
#1391=AXIS2_PLACEMENT_3D('',#2130,#1701,#1702);
#1392=AXIS2_PLACEMENT_3D('',#2131,#1703,#1704);
#1393=AXIS2_PLACEMENT_3D('',#2132,#1705,#1706);
#1394=AXIS2_PLACEMENT_3D('',#2133,#1707,#1708);
#1395=AXIS2_PLACEMENT_3D('',#2134,#1709,#1710);
#1396=AXIS2_PLACEMENT_3D('',#2136,#1711,#1712);
#1397=AXIS2_PLACEMENT_3D('',#2144,#1716,#1717);
#1398=AXIS2_PLACEMENT_3D('',#2145,#1718,#1719);
#1399=AXIS2_PLACEMENT_3D('',#2146,#1720,#1721);
#1400=AXIS2_PLACEMENT_3D('',#2147,#1722,#1723);
#1401=AXIS2_PLACEMENT_3D('',#2148,#1724,#1725);
#1402=AXIS2_PLACEMENT_3D('',#2149,#1726,#1727);
#1403=AXIS2_PLACEMENT_3D('',#2150,#1728,#1729);
#1404=AXIS2_PLACEMENT_3D('',#2151,#1730,#1731);
#1405=AXIS2_PLACEMENT_3D('',#2152,#1732,#1733);
#1406=AXIS2_PLACEMENT_3D('',#2153,#1734,#1735);
#1407=AXIS2_PLACEMENT_3D('',#2154,#1736,#1737);
#1408=AXIS2_PLACEMENT_3D('',#2155,#1738,#1739);
#1409=AXIS2_PLACEMENT_3D('',#2156,#1740,#1741);
#1410=AXIS2_PLACEMENT_3D('',#2157,#1742,#1743);
#1411=AXIS2_PLACEMENT_3D('',#2158,#1744,#1745);
#1412=AXIS2_PLACEMENT_3D('',#2159,#1746,#1747);
#1413=AXIS2_PLACEMENT_3D('',#2160,#1748,#1749);
#1414=AXIS2_PLACEMENT_3D('',#2161,#1750,#1751);
#1415=AXIS2_PLACEMENT_3D('',#2162,#1752,#1753);
#1416=AXIS2_PLACEMENT_3D('',#2208,#1754,#1755);
#1417=AXIS2_PLACEMENT_3D('',#2209,#1756,#1757);
#1418=AXIS2_PLACEMENT_3D('',#2210,#1758,#1759);
#1419=AXIS2_PLACEMENT_3D('',#2217,#1760,#1761);
#1420=AXIS2_PLACEMENT_3D('',#2224,#1762,#1763);
#1421=AXIS2_PLACEMENT_3D('',#2225,#1764,#1765);
#1422=AXIS2_PLACEMENT_3D('',#2241,#1766,#1767);
#1423=AXIS2_PLACEMENT_3D('',#2260,#1768,#1769);
#1424=AXIS2_PLACEMENT_3D('',#2261,#1770,#1771);
#1425=AXIS2_PLACEMENT_3D('',#2262,#1772,#1773);
#1426=AXIS2_PLACEMENT_3D('',#2263,#1774,#1775);
#1427=AXIS2_PLACEMENT_3D('',#2264,#1776,#1777);
#1428=AXIS2_PLACEMENT_3D('',#2265,#1778,#1779);
#1429=AXIS2_PLACEMENT_3D('',#2266,#1780,#1781);
#1430=AXIS2_PLACEMENT_3D('',#2267,#1782,#1783);
#1431=AXIS2_PLACEMENT_3D('',#2268,#1784,#1785);
#1432=DIRECTION('',(0.,0.,1.));
#1433=DIRECTION('',(1.,0.,0.));
#1434=DIRECTION('',(-6.12303176911189E-17,-1.,0.));
#1435=DIRECTION('',(1.,-6.12303176911189E-17,0.));
#1436=DIRECTION('',(-6.12303176911189E-17,-1.,0.));
#1437=DIRECTION('',(1.,-6.12303176911189E-17,0.));
#1438=DIRECTION('',(-6.12303176911189E-17,-1.,0.));
#1439=DIRECTION('',(1.,-6.12303176911189E-17,0.));
#1440=DIRECTION('',(-6.12303176911189E-17,-1.,0.));
#1441=DIRECTION('',(0.,0.,1.));
#1442=DIRECTION('',(-6.12303176911189E-17,-1.,0.));
#1443=DIRECTION('',(1.,-6.12303176911189E-17,0.));
#1444=DIRECTION('',(6.12303176911189E-17,1.,0.));
#1445=DIRECTION('',(-1.,6.12303176911189E-17,0.));
#1446=DIRECTION('',(-6.12303176911189E-17,-1.,0.));
#1447=DIRECTION('',(1.,-6.12303176911189E-17,0.));
#1448=DIRECTION('',(-6.12303176911189E-17,-1.,0.));
#1449=DIRECTION('',(1.,-6.12303176911189E-17,0.));
#1450=DIRECTION('',(-6.12303176911189E-17,-1.,0.));
#1451=DIRECTION('',(1.,-6.12303176911189E-17,0.));
#1452=DIRECTION('',(-6.12303176911189E-17,-1.,0.));
#1453=DIRECTION('',(1.,-6.12303176911189E-17,0.));
#1454=DIRECTION('',(-6.12303176911189E-17,-1.,0.));
#1455=DIRECTION('',(1.,-6.12303176911189E-17,0.));
#1456=DIRECTION('',(-6.12303176911189E-17,-1.,0.));
#1457=DIRECTION('',(1.,-6.12303176911189E-17,0.));
#1458=DIRECTION('',(-6.12303176911189E-17,-1.,0.));
#1459=DIRECTION('',(1.,-6.12303176911189E-17,0.));
#1460=DIRECTION('',(-6.12303176911189E-17,-1.,0.));
#1461=DIRECTION('',(1.,-6.12303176911189E-17,0.));
#1462=DIRECTION('',(-6.12303176911189E-17,-1.,0.));
#1463=DIRECTION('',(1.,-6.12303176911189E-17,0.));
#1464=DIRECTION('',(-6.12303176911189E-17,-1.,0.));
#1465=DIRECTION('',(1.,-6.12303176911189E-17,0.));
#1466=DIRECTION('',(-6.12303176911189E-17,-1.,0.));
#1467=DIRECTION('',(1.,-6.12303176911189E-17,0.));
#1468=DIRECTION('',(-6.12303176911189E-17,-1.,0.));
#1469=DIRECTION('',(1.,-6.12303176911189E-17,0.));
#1470=DIRECTION('',(-6.12303176911189E-17,-1.,0.));
#1471=DIRECTION('',(1.,-6.12303176911189E-17,0.));
#1472=DIRECTION('',(-6.12303176911189E-17,-1.,0.));
#1473=DIRECTION('',(1.,-6.12303176911189E-17,0.));
#1474=DIRECTION('',(6.12303176911188E-17,1.,0.));
#1475=DIRECTION('',(-1.,6.12303176911188E-17,0.));
#1476=DIRECTION('',(6.12303176911189E-17,1.,0.));
#1477=DIRECTION('',(-1.,6.12303176911189E-17,0.));
#1478=DIRECTION('',(6.12303176911189E-17,1.,0.));
#1479=DIRECTION('',(-1.,6.12303176911189E-17,0.));
#1480=DIRECTION('',(6.12303176911189E-17,1.,0.));
#1481=DIRECTION('',(-1.,6.12303176911189E-17,0.));
#1482=DIRECTION('',(-6.12303176911189E-17,-1.,0.));
#1483=DIRECTION('',(1.,-6.12303176911189E-17,0.));
#1484=DIRECTION('',(6.12303176911188E-17,1.,0.));
#1485=DIRECTION('',(-1.,6.12303176911188E-17,0.));
#1486=DIRECTION('',(-6.12303176911189E-17,-1.,0.));
#1487=DIRECTION('',(1.,-6.12303176911189E-17,0.));
#1488=DIRECTION('',(-6.12303176911189E-17,-1.,0.));
#1489=DIRECTION('',(1.,-6.12303176911189E-17,0.));
#1490=DIRECTION('',(-6.12303176911189E-17,-1.,0.));
#1491=DIRECTION('',(1.,-6.12303176911189E-17,0.));
#1492=DIRECTION('',(-6.12303176911189E-17,-1.,0.));
#1493=DIRECTION('',(1.,-6.12303176911189E-17,0.));
#1494=DIRECTION('',(6.12303176911188E-17,1.,0.));
#1495=DIRECTION('',(-1.,6.12303176911188E-17,0.));
#1496=DIRECTION('',(-6.12303176911188E-17,-1.,0.));
#1497=DIRECTION('',(1.,-6.12303176911188E-17,0.));
#1498=DIRECTION('',(-6.12303176911189E-17,-1.,0.));
#1499=DIRECTION('',(1.,-6.12303176911189E-17,0.));
#1500=DIRECTION('',(-6.12303176911188E-17,-1.,0.));
#1501=DIRECTION('',(1.,-6.12303176911188E-17,0.));
#1502=DIRECTION('',(6.12303176911192E-17,1.,0.));
#1503=DIRECTION('',(-1.,6.12303176911192E-17,0.));
#1504=DIRECTION('',(-6.12303176911189E-17,-1.,0.));
#1505=DIRECTION('',(1.,-6.12303176911189E-17,0.));
#1506=DIRECTION('',(-6.12303176911189E-17,-1.,0.));
#1507=DIRECTION('',(1.,-6.12303176911189E-17,0.));
#1508=DIRECTION('',(-6.12303176911189E-17,-1.,0.));
#1509=DIRECTION('',(1.,-6.12303176911189E-17,0.));
#1510=DIRECTION('',(-6.12303176911189E-17,-1.,0.));
#1511=DIRECTION('',(1.,-6.12303176911189E-17,0.));
#1512=DIRECTION('',(-6.12303176911189E-17,-1.,0.));
#1513=DIRECTION('',(1.,-6.12303176911189E-17,0.));
#1514=DIRECTION('',(-6.12303176911189E-17,-1.,0.));
#1515=DIRECTION('',(1.,-6.12303176911189E-17,0.));
#1516=DIRECTION('',(6.12303176911189E-17,1.,0.));
#1517=DIRECTION('',(-1.,6.12303176911189E-17,0.));
#1518=DIRECTION('',(6.12303176911189E-17,1.,0.));
#1519=DIRECTION('',(-1.,6.12303176911189E-17,0.));
#1520=DIRECTION('',(-6.12303176911189E-17,-1.,0.));
#1521=DIRECTION('',(1.,-6.12303176911189E-17,0.));
#1522=DIRECTION('',(-6.12303176911189E-17,-1.,0.));
#1523=DIRECTION('',(1.,-6.12303176911189E-17,0.));
#1524=DIRECTION('',(-6.12303176911189E-17,-1.,0.));
#1525=DIRECTION('',(1.,-6.12303176911189E-17,0.));
#1526=DIRECTION('',(-5.86028521601665E-32,-9.57088814332031E-16,1.));
#1527=DIRECTION('',(0.,-1.,-9.57088814332031E-16));
#1528=DIRECTION('',(-6.12303176911188E-17,-1.,0.));
#1529=DIRECTION('',(1.,-6.12303176911188E-17,0.));
#1530=DIRECTION('',(6.12303176911192E-17,1.,0.));
#1531=DIRECTION('',(-1.,6.12303176911192E-17,0.));
#1532=DIRECTION('',(0.,0.,1.));
#1533=DIRECTION('',(0.,1.,0.));
#1534=DIRECTION('',(0.,0.,1.));
#1535=DIRECTION('',(0.,-1.,0.));
#1536=DIRECTION('',(0.,0.,-1.));
#1537=DIRECTION('',(0.,-1.,0.));
#1538=DIRECTION('',(-7.28894736470869E-33,-1.19041475523259E-16,1.));
#1539=DIRECTION('',(6.12303176911189E-17,1.,1.19041475523259E-16));
#1540=DIRECTION('',(0.707106781186548,-1.62337848376856E-16,0.707106781186547));
#1541=DIRECTION('',(1.45405352276068E-16,1.,8.41750345849488E-17));
#1542=DIRECTION('',(1.,-1.80271793214378E-16,-1.83697019872103E-16));
#1543=DIRECTION('',(1.80271793214378E-16,1.,-2.18675642948006E-32));
#1544=DIRECTION('',(0.707106781186547,-1.62337848376856E-16,-0.707106781186548));
#1545=DIRECTION('',(1.45405352276068E-16,1.,-8.41750345849488E-17));
#1546=DIRECTION('',(-1.22464679914735E-16,-1.19041475523259E-16,-1.));
#1547=DIRECTION('',(6.12303176911189E-17,1.,-1.19041475523259E-16));
#1548=DIRECTION('',(-0.707106781186547,-7.57451026696622E-17,-0.707106781186548));
#1549=DIRECTION('',(-2.29447168938299E-17,1.,-8.41750345849488E-17));
#1550=DIRECTION('',(-1.,-5.78111578321401E-17,-1.60812264967664E-16));
#1551=DIRECTION('',(-5.78111578321401E-17,1.,-1.9143329303988E-32));
#1552=DIRECTION('',(-0.707106781186548,-7.57451026696621E-17,0.707106781186547));
#1553=DIRECTION('',(-2.294471689383E-17,1.,8.41750345849488E-17));
#1554=DIRECTION('',(0.,0.,1.));
#1555=DIRECTION('',(1.,0.,0.));
#1556=DIRECTION('',(0.,0.,-1.));
#1557=DIRECTION('',(-1.,0.,0.));
#1558=DIRECTION('',(0.,0.,-1.));
#1559=DIRECTION('',(-1.,0.,0.));
#1560=DIRECTION('',(0.,0.,-1.));
#1561=DIRECTION('',(-1.,0.,0.));
#1562=DIRECTION('',(0.,0.,-1.));
#1563=DIRECTION('',(-1.,0.,0.));
#1564=DIRECTION('',(0.,0.,-1.));
#1565=DIRECTION('',(-1.,0.,0.));
#1566=DIRECTION('',(0.,0.,-1.));
#1567=DIRECTION('',(-1.,0.,0.));
#1568=DIRECTION('',(0.,0.,-1.));
#1569=DIRECTION('',(-1.,0.,0.));
#1570=DIRECTION('',(0.,0.,1.));
#1571=DIRECTION('',(1.,0.,0.));
#1572=DIRECTION('',(0.,0.,-1.));
#1573=DIRECTION('',(-1.,0.,0.));
#1574=DIRECTION('',(0.,0.,1.));
#1575=DIRECTION('',(1.,0.,0.));
#1576=DIRECTION('',(0.,0.,1.));
#1577=DIRECTION('',(1.,0.,0.));
#1578=DIRECTION('',(0.,0.,1.));
#1579=DIRECTION('',(1.,0.,0.));
#1580=DIRECTION('',(0.,0.,1.));
#1581=DIRECTION('',(0.,0.,1.));
#1582=DIRECTION('',(1.,0.,0.));
#1583=DIRECTION('',(0.,0.,1.));
#1584=DIRECTION('',(0.,0.,-1.));
#1585=DIRECTION('',(1.,0.,0.));
#1586=DIRECTION('',(1.,-3.08395284618097E-15,0.));
#1587=DIRECTION('',(3.08395284618097E-15,1.,0.));
#1588=DIRECTION('',(0.,0.,1.));
#1589=DIRECTION('',(1.,-3.08395284618097E-15,0.));
#1590=DIRECTION('',(3.08395284618097E-15,1.,0.));
#1591=DIRECTION('',(3.08395284618097E-15,1.,0.));
#1592=DIRECTION('',(-1.,-3.08395284618097E-15,0.));
#1593=DIRECTION('',(3.08395284618097E-15,-1.,0.));
#1594=DIRECTION('',(0.,0.,1.));
#1595=DIRECTION('',(-1.,-3.08395284618097E-15,0.));
#1596=DIRECTION('',(3.08395284618097E-15,-1.,0.));
#1597=DIRECTION('',(0.,0.,1.));
#1598=DIRECTION('',(3.08395284618097E-15,-1.,0.));
#1599=DIRECTION('',(0.,0.,1.));
#1600=DIRECTION('',(1.,0.,0.));
#1601=DIRECTION('',(0.,0.,1.));
#1602=DIRECTION('',(0.,0.,1.));
#1603=DIRECTION('',(1.,0.,0.));
#1604=DIRECTION('',(0.,0.,-1.));
#1605=DIRECTION('',(-1.,0.,0.));
#1606=DIRECTION('',(0.,0.,1.));
#1607=DIRECTION('',(1.,0.,0.));
#1608=DIRECTION('',(0.,0.,-1.));
#1609=DIRECTION('',(-1.,0.,0.));
#1610=DIRECTION('',(0.,0.,1.));
#1611=DIRECTION('',(1.22464679914735E-16,0.,-1.));
#1612=DIRECTION('',(-1.,0.,-1.22464679914735E-16));
#1613=DIRECTION('',(0.,0.,1.));
#1614=DIRECTION('',(0.,-1.,0.));
#1615=DIRECTION('',(0.,0.,-1.));
#1616=DIRECTION('',(0.,-1.,0.));
#1617=DIRECTION('',(0.,0.,-1.));
#1618=DIRECTION('',(0.,-1.,0.));
#1619=DIRECTION('',(0.,0.,-1.));
#1620=DIRECTION('',(-1.,-2.95436553526309E-15,0.));
#1621=DIRECTION('',(0.,0.,-1.));
#1622=DIRECTION('',(-1.,0.,0.));
#1623=DIRECTION('',(0.,0.,-1.));
#1624=DIRECTION('',(0.,-1.,0.));
#1625=DIRECTION('',(0.,0.,-1.));
#1626=DIRECTION('',(0.,0.,-1.));
#1627=DIRECTION('',(-1.,0.,0.));
#1628=DIRECTION('',(0.,0.,-1.));
#1629=DIRECTION('',(-1.,2.95436553526309E-15,0.));
#1630=DIRECTION('',(0.,-1.,0.));
#1631=DIRECTION('',(1.,0.,1.22464679914735E-16));
#1632=DIRECTION('',(0.,-1.,0.));
#1633=DIRECTION('',(0.,0.,-1.));
#1634=DIRECTION('',(0.,0.,1.));
#1635=DIRECTION('',(1.,0.,0.));
#1636=DIRECTION('',(0.,1.,0.));
#1637=DIRECTION('',(0.,0.,1.));
#1638=DIRECTION('',(0.,1.,0.));
#1639=DIRECTION('',(0.,0.,1.));
#1640=DIRECTION('',(0.,-1.,0.));
#1641=DIRECTION('',(0.,0.,-1.));
#1642=DIRECTION('',(0.,0.,1.));
#1643=DIRECTION('',(0.,1.,0.));
#1644=DIRECTION('',(0.,0.,1.));
#1645=DIRECTION('',(0.,0.,1.));
#1646=DIRECTION('',(1.,8.8630966057887E-14,0.));
#1647=DIRECTION('',(0.,0.,-1.));
#1648=DIRECTION('',(1.,0.,0.));
#1649=DIRECTION('',(0.,0.,-1.));
#1650=DIRECTION('',(0.,1.,0.));
#1651=DIRECTION('',(0.,0.,1.));
#1652=DIRECTION('',(0.,0.,-1.));
#1653=DIRECTION('',(1.,0.,0.));
#1654=DIRECTION('',(0.,0.,-1.));
#1655=DIRECTION('',(1.,-8.8630966057887E-14,0.));
#1656=DIRECTION('',(0.,-1.,0.));
#1657=DIRECTION('',(0.,0.,-1.));
#1658=DIRECTION('',(0.,-1.,0.));
#1659=DIRECTION('',(0.,0.,-1.));
#1660=DIRECTION('',(0.,-1.,0.));
#1661=DIRECTION('',(1.,0.,1.22464679914735E-16));
#1662=DIRECTION('',(0.,-1.,0.));
#1663=DIRECTION('',(0.,0.,-1.));
#1664=DIRECTION('',(0.,-1.,0.));
#1665=DIRECTION('',(0.,0.,-1.));
#1666=DIRECTION('',(0.,0.,1.));
#1667=DIRECTION('',(1.,0.,0.));
#1668=DIRECTION('',(0.,0.,1.));
#1669=DIRECTION('',(0.,0.,-1.));
#1670=DIRECTION('',(-1.,0.,0.));
#1671=DIRECTION('',(0.,0.,1.));
#1672=DIRECTION('',(1.,0.,0.));
#1673=DIRECTION('',(0.,0.,-1.));
#1674=DIRECTION('',(1.,0.,0.));
#1675=DIRECTION('',(0.,0.,-1.));
#1676=DIRECTION('',(0.,1.,0.));
#1677=DIRECTION('',(0.,0.,-1.));
#1678=DIRECTION('',(-1.,0.,0.));
#1679=DIRECTION('',(0.,0.,-1.));
#1680=DIRECTION('',(-1.,0.,0.));
#1681=DIRECTION('',(0.,-1.,0.));
#1682=DIRECTION('',(-1.,0.,0.));
#1683=DIRECTION('',(0.,0.,1.));
#1684=DIRECTION('',(-1.,0.,0.));
#1685=DIRECTION('',(0.,0.,1.));
#1686=DIRECTION('',(0.,-1.,0.));
#1687=DIRECTION('',(0.,0.,-1.));
#1688=DIRECTION('',(-1.,0.,0.));
#1689=DIRECTION('',(0.,0.,-1.));
#1690=DIRECTION('',(-1.,0.,0.));
#1691=DIRECTION('',(0.,1.,0.));
#1692=DIRECTION('',(0.,0.,-1.));
#1693=DIRECTION('',(-1.,0.,0.));
#1694=DIRECTION('',(0.,1.,0.));
#1695=DIRECTION('',(-1.,0.,0.));
#1696=DIRECTION('',(0.,0.,-1.));
#1697=DIRECTION('',(-1.,0.,0.));
#1698=DIRECTION('',(1.,0.,0.));
#1699=DIRECTION('',(0.,0.,1.));
#1700=DIRECTION('',(1.,0.,0.));
#1701=DIRECTION('',(-1.,0.,0.));
#1702=DIRECTION('',(0.,0.,1.));
#1703=DIRECTION('',(-1.,0.,0.));
#1704=DIRECTION('',(0.,0.,1.));
#1705=DIRECTION('',(-1.,0.,0.));
#1706=DIRECTION('',(0.,0.,1.));
#1707=DIRECTION('',(0.,0.,-1.));
#1708=DIRECTION('',(-1.,0.,0.));
#1709=DIRECTION('',(0.,0.,-1.));
#1710=DIRECTION('',(1.,0.,0.));
#1711=DIRECTION('',(0.,0.,-1.));
#1712=DIRECTION('',(-1.,0.,0.));
#1713=DIRECTION('',(-1.,0.,0.));
#1714=DIRECTION('',(0.,-1.,0.));
#1715=DIRECTION('',(1.,0.,0.));
#1716=DIRECTION('',(1.,0.,0.));
#1717=DIRECTION('',(0.,0.,-1.));
#1718=DIRECTION('',(1.,0.,0.));
#1719=DIRECTION('',(0.,0.,-1.));
#1720=DIRECTION('',(1.,0.,0.));
#1721=DIRECTION('',(0.,0.,-1.));
#1722=DIRECTION('',(6.12303176911189E-17,1.,0.));
#1723=DIRECTION('',(1.,-6.12303176911189E-17,-6.12323399573677E-17));
#1724=DIRECTION('',(0.,-1.,0.));
#1725=DIRECTION('',(0.,0.,-1.));
#1726=DIRECTION('',(0.,1.,0.));
#1727=DIRECTION('',(0.,0.,1.));
#1728=DIRECTION('',(0.,0.,1.));
#1729=DIRECTION('',(1.,0.,0.));
#1730=DIRECTION('',(0.,0.,1.));
#1731=DIRECTION('',(1.,0.,0.));
#1732=DIRECTION('',(0.,1.,0.));
#1733=DIRECTION('',(0.,0.,1.));
#1734=DIRECTION('',(0.,0.,-1.));
#1735=DIRECTION('',(-1.,0.,0.));
#1736=DIRECTION('',(5.31195378179058E-17,-1.00939829077471E-16,-1.));
#1737=DIRECTION('',(0.,1.,-1.00939829077471E-16));
#1738=DIRECTION('',(1.,0.,0.));
#1739=DIRECTION('',(0.,0.,-1.));
#1740=DIRECTION('',(-1.,0.,0.));
#1741=DIRECTION('',(0.,0.,1.));
#1742=DIRECTION('',(0.,0.,1.));
#1743=DIRECTION('',(1.,0.,0.));
#1744=DIRECTION('',(0.,0.,-1.));
#1745=DIRECTION('',(-1.,0.,0.));
#1746=DIRECTION('',(0.,0.,1.));
#1747=DIRECTION('',(1.,0.,0.));
#1748=DIRECTION('',(0.,0.,-1.));
#1749=DIRECTION('',(-1.,0.,0.));
#1750=DIRECTION('',(1.,0.,0.));
#1751=DIRECTION('',(0.,0.,-1.));
#1752=DIRECTION('',(1.,0.,0.));
#1753=DIRECTION('',(0.,0.,-1.));
#1754=DIRECTION('',(-1.,0.,0.));
#1755=DIRECTION('',(0.,0.,1.));
#1756=DIRECTION('',(-1.,0.,0.));
#1757=DIRECTION('',(0.,0.,1.));
#1758=DIRECTION('',(0.,0.,-1.));
#1759=DIRECTION('',(-1.,0.,0.));
#1760=DIRECTION('',(0.,0.,-1.));
#1761=DIRECTION('',(-1.,0.,0.));
#1762=DIRECTION('',(-1.,0.,0.));
#1763=DIRECTION('',(0.,0.,1.));
#1764=DIRECTION('',(1.,0.,0.));
#1765=DIRECTION('',(0.,0.,-1.));
#1766=DIRECTION('',(0.,0.,-1.));
#1767=DIRECTION('',(-1.,0.,0.));
#1768=DIRECTION('',(0.,0.,-1.));
#1769=DIRECTION('',(-1.,0.,0.));
#1770=DIRECTION('',(0.,0.,1.));
#1771=DIRECTION('',(1.,0.,0.));
#1772=DIRECTION('',(-6.93451420968298E-17,1.00939829077472E-16,1.));
#1773=DIRECTION('',(0.,-1.,1.00939829077472E-16));
#1774=DIRECTION('',(0.,0.,1.));
#1775=DIRECTION('',(1.,0.,0.));
#1776=DIRECTION('',(0.,0.,1.));
#1777=DIRECTION('',(1.,0.,0.));
#1778=DIRECTION('',(0.,-1.,0.));
#1779=DIRECTION('',(0.,0.,-1.));
#1780=DIRECTION('',(0.,1.,0.));
#1781=DIRECTION('',(0.,0.,1.));
#1782=DIRECTION('',(0.,-1.,0.));
#1783=DIRECTION('',(0.,0.,-1.));
#1784=DIRECTION('',(0.,0.,1.));
#1785=DIRECTION('',(1.,0.,0.));
#1786=CARTESIAN_POINT('',(0.,0.,0.));
#1787=CARTESIAN_POINT('',(-4.89842541528951E-16,-8.,25.6666666666667));
#1788=CARTESIAN_POINT('',(-4.89842541528951E-16,-8.,0.));
#1789=CARTESIAN_POINT('',(29.9499582637439,-8.,0.));
#1790=CARTESIAN_POINT('',(-4.89842541528951E-16,-8.,0.));
#1791=CARTESIAN_POINT('',(25.6666666666667,-8.,0.));
#1792=CARTESIAN_POINT('',(0.,0.,-1.73472347597681E-15));
#1793=CARTESIAN_POINT('',(4.8984254152895E-16,7.99999999999999,0.));
#1794=CARTESIAN_POINT('',(29.9499582637439,7.99999999999998,0.));
#1795=CARTESIAN_POINT('',(4.89842541528951E-16,7.99999999999999,29.9499582637439));
#1796=CARTESIAN_POINT('',(4.89842541528951E-16,8.,0.));
#1797=CARTESIAN_POINT('',(25.6666666666667,8.,0.));
#1798=CARTESIAN_POINT('',(-2.13693808742005E-15,-34.9,0.));
#1799=CARTESIAN_POINT('',(2.12733836169993E-16,3.47432194036859,0.));
#1800=CARTESIAN_POINT('',(25.6666666666667,3.47432194036859,0.));
#1801=CARTESIAN_POINT('',(0.,0.,0.));
#1802=CARTESIAN_POINT('',(-2.12733836169994E-16,-3.47432194036859,0.));
#1803=CARTESIAN_POINT('',(25.6666666666667,-3.47432194036859,0.));
#1804=CARTESIAN_POINT('',(-2.13693808742005E-15,-34.9,0.));
#1805=CARTESIAN_POINT('',(-6.60675127887172E-16,-10.79,18.94));
#1806=CARTESIAN_POINT('',(-6.60675127887172E-16,-10.79,0.));
#1807=CARTESIAN_POINT('',(20.3333333333333,-10.79,0.));
#1808=CARTESIAN_POINT('',(-6.60675127887172E-16,-10.79,0.));
#1809=CARTESIAN_POINT('',(18.94,-10.79,0.));
#1810=CARTESIAN_POINT('',(-2.13693808742005E-15,-34.9,0.));
#1811=CARTESIAN_POINT('',(-2.12733836169994E-16,-3.4743219403686,0.));
#1812=CARTESIAN_POINT('',(20.3333333333333,-3.4743219403686,0.));
#1813=CARTESIAN_POINT('',(0.,0.,0.));
#1814=CARTESIAN_POINT('',(2.12733836169993E-16,3.47432194036859,0.));
#1815=CARTESIAN_POINT('',(20.3333333333333,3.47432194036859,0.));
#1816=CARTESIAN_POINT('',(-2.13693808742005E-15,-34.9,0.));
#1817=CARTESIAN_POINT('',(4.89842541528951E-16,8.,0.));
#1818=CARTESIAN_POINT('',(-20.3333333333333,8.,0.));
#1819=CARTESIAN_POINT('',(5.5107285922007E-16,9.,20.3333333333333));
#1820=CARTESIAN_POINT('',(5.5107285922007E-16,9.,0.));
#1821=CARTESIAN_POINT('',(-16.,9.00000000000001,0.));
#1822=CARTESIAN_POINT('',(5.5107285922007E-16,9.,0.));
#1823=CARTESIAN_POINT('',(-19.3333333333333,9.00000000000001,0.));
#1824=CARTESIAN_POINT('',(-2.13693808742005E-15,-34.9,0.));
#1825=CARTESIAN_POINT('',(4.89842541528951E-16,8.,0.));
#1826=CARTESIAN_POINT('',(-15.,8.,0.));
#1827=CARTESIAN_POINT('',(-9.05596398651648E-16,-14.79,0.));
#1828=CARTESIAN_POINT('',(15.,-14.79,0.));
#1829=CARTESIAN_POINT('',(-9.05596398651648E-16,-14.79,15.));
#1830=CARTESIAN_POINT('',(-9.05596398651648E-16,-14.79,0.));
#1831=CARTESIAN_POINT('',(18.94,-14.79,0.));
#1832=CARTESIAN_POINT('',(-2.13693808742005E-15,-34.9,0.));
#1833=CARTESIAN_POINT('',(5.5107285922007E-16,9.,0.));
#1834=CARTESIAN_POINT('',(4.89842541528951E-16,8.,0.));
#1835=CARTESIAN_POINT('',(-2.13693808742005E-15,-34.9,0.));
#1836=CARTESIAN_POINT('',(1.97662511418364,-16.0159432887181,-22.1874848552903));
#1837=CARTESIAN_POINT('',(-0.663047612448878,-15.4818643020075,-22.3157895720244));
#1838=CARTESIAN_POINT('',(-3.9156970588783,-16.833504838342,-21.9704695753292));
#1839=CARTESIAN_POINT('',(-5.54153374879695,-20.7448779115921,-21.5365143423784));
#1840=CARTESIAN_POINT('',(-3.9181623236387,-24.6686167605109,-21.9690231263994));
#1841=CARTESIAN_POINT('',(-0.00246101289058875,-26.2904173031819,-22.3906708616117));
#1842=CARTESIAN_POINT('',(3.91555269880595,-24.6697114418606,-21.9682928462773));
#1843=CARTESIAN_POINT('',(5.26620273062435,-21.4124914688975,-21.6136685163133));
#1844=CARTESIAN_POINT('',(4.73772164198352,-18.7829054807537,-21.7445131582149));
#1845=CARTESIAN_POINT('',(3.62852477443333,-17.1258002933293,-21.9673448486066));
#1846=CARTESIAN_POINT('',(1.97662511418364,-16.0159432887181,-22.1874848552903));
#1847=CARTESIAN_POINT('',(-0.663047612448878,-15.4818643020075,-22.3157895720244));
#1848=CARTESIAN_POINT('',(-3.9156970588783,-16.833504838342,-21.9704695753292));
#1849=CARTESIAN_POINT('',(-1.21557260134205E-15,-15.75,-22.25));
#1850=CARTESIAN_POINT('',(-6.91902589909643E-16,-11.3,0.));
#1851=CARTESIAN_POINT('',(22.25,-11.3,0.));
#1852=CARTESIAN_POINT('',(-1.60423432350731E-15,-26.2,0.));
#1853=CARTESIAN_POINT('',(-22.25,-26.2,0.));
#1854=CARTESIAN_POINT('',(-1.97662511418364,-25.4840567112819,22.1874848552903));
#1855=CARTESIAN_POINT('',(0.663047612448877,-26.0181356979925,22.3157895720244));
#1856=CARTESIAN_POINT('',(3.91569705887829,-24.666495161658,21.9704695753292));
#1857=CARTESIAN_POINT('',(5.54153374879694,-20.7551220884079,21.5365143423784));
#1858=CARTESIAN_POINT('',(3.91816232363869,-16.8313832394891,21.9690231263994));
#1859=CARTESIAN_POINT('',(0.00246101289060513,-15.2095826968181,22.3906708616117));
#1860=CARTESIAN_POINT('',(-3.91555269880595,-16.8302885581394,21.9682928462773));
#1861=CARTESIAN_POINT('',(-5.26620273062435,-20.0875085311025,21.6136685163133));
#1862=CARTESIAN_POINT('',(-4.73772164198352,-22.7170945192463,21.7445131582149));
#1863=CARTESIAN_POINT('',(-3.62852477443334,-24.3741997066707,21.9673448486066));
#1864=CARTESIAN_POINT('',(-1.97662511418364,-25.4840567112819,22.1874848552903));
#1865=CARTESIAN_POINT('',(0.663047612448877,-26.0181356979925,22.3157895720244));
#1866=CARTESIAN_POINT('',(3.91569705887829,-24.666495161658,21.9704695753292));
#1867=CARTESIAN_POINT('',(-1.57668068054631E-15,-25.75,22.25));
#1868=CARTESIAN_POINT('',(-2.13693808742005E-15,-34.9,0.));
#1869=CARTESIAN_POINT('',(-1.63484948235287E-15,-26.7,0.));
#1870=CARTESIAN_POINT('',(15.,-26.7,0.));
#1871=CARTESIAN_POINT('',(-9.06208701828559E-16,-14.8,0.));
#1872=CARTESIAN_POINT('',(15.,-14.8,0.));
#1873=CARTESIAN_POINT('',(1.97863977746411,-25.4833524470115,14.9080921472242));
#1874=CARTESIAN_POINT('',(-0.00016393472352874,-25.883236637975,15.0459290798905));
#1875=CARTESIAN_POINT('',(-1.97798403857,-25.4837010010885,14.9081915332136));
#1876=CARTESIAN_POINT('',(-3.62728174992663,-24.3738835735029,14.5784763017914));
#1877=CARTESIAN_POINT('',(-4.7334617715167,-22.7265962053214,14.2403940177983));
#1878=CARTESIAN_POINT('',(-5.13268857246708,-20.7545691570303,14.0931916234148));
#1879=CARTESIAN_POINT('',(-4.73577665329427,-18.7760345620949,14.2396558066776));
#1880=CARTESIAN_POINT('',(-3.62503959120661,-17.1233173964217,14.5791594095763));
#1881=CARTESIAN_POINT('',(-1.9756238414846,-16.0158479681182,14.9083838295918));
#1882=CARTESIAN_POINT('',(-0.00244754983265711,-15.6174516322663,15.0456914516686));
#1883=CARTESIAN_POINT('',(1.97338963267923,-16.0143479125899,14.9088495604761));
#1884=CARTESIAN_POINT('',(3.62569184602174,-17.1238344990003,14.5789979864542));
#1885=CARTESIAN_POINT('',(4.73452652866139,-18.7745910649425,14.2400480410891));
#1886=CARTESIAN_POINT('',(5.13270307492512,-20.7494088821264,14.0931859133008));
#1887=CARTESIAN_POINT('',(4.73466107013618,-22.7253055908737,14.2400220839796));
#1888=CARTESIAN_POINT('',(3.62643907562343,-24.3746725168635,14.5786860624399));
#1889=CARTESIAN_POINT('',(1.97863977746411,-25.4833524470115,14.9080921472242));
#1890=CARTESIAN_POINT('',(-0.00016393472352874,-25.883236637975,15.0459290798905));
#1891=CARTESIAN_POINT('',(-1.97798403857,-25.4837010010885,14.9081915332136));
#1892=CARTESIAN_POINT('',(-1.27052909209072E-15,-25.75,15.));
#1893=CARTESIAN_POINT('',(-6.61287431064083E-16,-10.8,18.95));
#1894=CARTESIAN_POINT('',(-6.61287431064083E-16,-10.8,0.));
#1895=CARTESIAN_POINT('',(21.75,-10.8,0.));
#1896=CARTESIAN_POINT('',(-6.61287431064083E-16,-10.8,0.));
#1897=CARTESIAN_POINT('',(18.95,-10.8,0.));
#1898=CARTESIAN_POINT('',(-1.63484948235287E-15,-26.7,22.25));
#1899=CARTESIAN_POINT('',(-1.63484948235287E-15,-26.7,0.));
#1900=CARTESIAN_POINT('',(-21.75,-26.7,0.));
#1901=CARTESIAN_POINT('',(-9.06208701828559E-16,-14.8,15.));
#1902=CARTESIAN_POINT('',(-9.06208701828559E-16,-14.8,0.));
#1903=CARTESIAN_POINT('',(18.95,-14.8,0.));
#1904=CARTESIAN_POINT('',(-2.13693808742005E-15,-34.9,0.));
#1905=CARTESIAN_POINT('',(-1.27052909209072E-15,-20.75,22.25));
#1906=CARTESIAN_POINT('',(-6.91902589909643E-16,-11.3,0.));
#1907=CARTESIAN_POINT('',(-1.63484948235287E-15,-26.7,0.));
#1908=CARTESIAN_POINT('',(-1.21557260134205E-15,-20.75,-22.25));
#1909=CARTESIAN_POINT('',(-1.21557260134205E-15,-20.75,-19.9793030951378));
#1910=CARTESIAN_POINT('',(-1.21557260134205E-15,-25.75,-19.9793030951378));
#1911=CARTESIAN_POINT('',(-1.21557260134205E-15,-20.75,-19.9793030951378));
#1912=CARTESIAN_POINT('',(-1.21557260134205E-15,-20.75,-16.975));
#1913=CARTESIAN_POINT('',(0.,0.,23.));
#1914=CARTESIAN_POINT('',(4.8234040530023E-32,7.87747677112234E-16,18.6302712348323));
#1915=CARTESIAN_POINT('',(16.2634559672906,-9.95816575632726E-16,16.2634559672906));
#1916=CARTESIAN_POINT('',(13.1735911254946,-1.88754926347027E-17,13.1735911254946));
#1917=CARTESIAN_POINT('',(23.,-1.40829730689573E-15,-4.22503145705837E-15));
#1918=CARTESIAN_POINT('',(18.6302712348323,-3.52989749268259E-16,-3.42232530524765E-15));
#1919=CARTESIAN_POINT('',(16.2634559672906,-9.95816575632726E-16,-16.2634559672906));
#1920=CARTESIAN_POINT('',(13.1735911254946,-1.88754926347027E-17,-13.1735911254946));
#1921=CARTESIAN_POINT('',(-2.81668763803891E-15,1.7246667891377E-31,-23.));
#1922=CARTESIAN_POINT('',(-2.28155020349843E-15,7.87747677112234E-16,-18.6302712348323));
#1923=CARTESIAN_POINT('',(-16.2634559672906,9.95816575632725E-16,-16.2634559672906));
#1924=CARTESIAN_POINT('',(-13.1735911254946,1.59437084685917E-15,-13.1735911254946));
#1925=CARTESIAN_POINT('',(-23.,1.40829730689573E-15,-3.69868209425626E-15));
#1926=CARTESIAN_POINT('',(-18.6302712348323,1.92848510349273E-15,-2.99597611423529E-15));
#1927=CARTESIAN_POINT('',(-16.2634559672906,9.95816575632726E-16,16.2634559672906));
#1928=CARTESIAN_POINT('',(-13.1735911254946,1.59437084685917E-15,13.1735911254946));
#1929=CARTESIAN_POINT('',(0.,0.,0.));
#1930=CARTESIAN_POINT('',(0.,0.,7.));
#1931=CARTESIAN_POINT('',(0.,0.,1.));
#1932=CARTESIAN_POINT('',(-5.,0.,1.));
#1933=CARTESIAN_POINT('',(0.,0.,6.));
#1934=CARTESIAN_POINT('',(-5.,0.,6.));
#1935=CARTESIAN_POINT('',(0.,0.,7.));
#1936=CARTESIAN_POINT('',(0.,0.,7.));
#1937=CARTESIAN_POINT('',(-4.,0.,7.));
#1938=CARTESIAN_POINT('',(0.,0.,0.));
#1939=CARTESIAN_POINT('',(0.,0.,0.));
#1940=CARTESIAN_POINT('',(-4.,0.,0.));
#1941=CARTESIAN_POINT('',(0.,0.,0.));
#1942=CARTESIAN_POINT('',(0.,0.,6.));
#1943=CARTESIAN_POINT('',(-1.27052909209072E-15,-20.75,15.));
#1944=CARTESIAN_POINT('',(0.,0.,0.));
#1945=CARTESIAN_POINT('',(0.,0.,-33.3));
#1946=CARTESIAN_POINT('',(-25.7572805241547,17.25,-33.3));
#1947=CARTESIAN_POINT('',(-25.7572805241547,17.25,-33.3));
#1948=CARTESIAN_POINT('',(-25.7572805241547,17.25,-12.0234146564111));
#1949=CARTESIAN_POINT('',(0.,0.,-12.0234146564111));
#1950=CARTESIAN_POINT('',(-25.7572805241547,-17.25,-12.023414656411));
#1951=CARTESIAN_POINT('',(-25.7572805241547,-17.25,-33.3));
#1952=CARTESIAN_POINT('',(-25.7572805241547,-17.25,-33.3));
#1953=CARTESIAN_POINT('',(0.,0.,-33.3));
#1954=CARTESIAN_POINT('',(-25.7572805241547,17.25,-33.3));
#1955=CARTESIAN_POINT('',(-25.7572805241547,19.5,-33.3));
#1956=CARTESIAN_POINT('',(-25.7572805241547,19.5,-33.3));
#1957=CARTESIAN_POINT('',(-25.7572805241547,19.5,-4.38748219369612));
#1958=CARTESIAN_POINT('',(-25.7572805241547,19.5,-4.38748219369612));
#1959=CARTESIAN_POINT('',(-25.7572805241547,19.5,-5.23105766173085));
#1960=CARTESIAN_POINT('',(-25.7572805241547,19.4774254564357,-6.49425475626257));
#1961=CARTESIAN_POINT('',(-25.7572805241547,19.2456783920408,-8.17167569109333));
#1962=CARTESIAN_POINT('',(-25.7572805241547,19.0181123383532,-8.97882730612269));
#1963=CARTESIAN_POINT('',(-25.7572805241547,18.8276813880126,-9.36180610520661));
#1964=CARTESIAN_POINT('',(-25.7572805241547,18.8276813880126,-9.36180610520661));
#1965=CARTESIAN_POINT('',(-25.7572805241548,8.98425794382097E-14,-1.89911354915196E-62));
#1966=CARTESIAN_POINT('',(-25.7572805241547,17.25,-33.3));
#1967=CARTESIAN_POINT('',(25.7572805241547,19.5,-33.3));
#1968=CARTESIAN_POINT('',(25.7572805241547,17.25,-33.3));
#1969=CARTESIAN_POINT('',(25.7572805241547,17.25,-33.3));
#1970=CARTESIAN_POINT('',(25.7572805241547,17.25,-12.0234146564111));
#1971=CARTESIAN_POINT('',(25.7572805241548,8.98425794382097E-14,-1.89911354915196E-62));
#1972=CARTESIAN_POINT('',(25.7572805241547,18.8276813880129,-9.36180610520606));
#1973=CARTESIAN_POINT('',(25.757280524155,18.8276813880126,-9.36180610520593));
#1974=CARTESIAN_POINT('',(25.757280524155,19.0178614530341,-8.97933186569085));
#1975=CARTESIAN_POINT('',(25.7572805241546,19.2459395303879,-8.17099651273284));
#1976=CARTESIAN_POINT('',(25.7572805241548,19.4774646734263,-6.49267389890358));
#1977=CARTESIAN_POINT('',(25.7572805241547,19.5,-5.23084091430609));
#1978=CARTESIAN_POINT('',(25.7572805241547,19.5,-4.38748219369612));
#1979=CARTESIAN_POINT('',(25.7572805241547,19.5,-4.38748219369612));
#1980=CARTESIAN_POINT('',(25.7572805241547,19.5,-33.3));
#1981=CARTESIAN_POINT('',(25.7572805241547,19.5,-33.3));
#1982=CARTESIAN_POINT('',(25.7572805241547,19.5,-33.3));
#1983=CARTESIAN_POINT('',(0.,0.,-33.3));
#1984=CARTESIAN_POINT('',(25.7572805241547,-17.25,-33.3));
#1985=CARTESIAN_POINT('',(25.7572805241547,-17.25,-33.3));
#1986=CARTESIAN_POINT('',(25.7572805241547,-17.25,-12.0234146564111));
#1987=CARTESIAN_POINT('',(0.,0.,-12.0234146564111));
#1988=CARTESIAN_POINT('',(0.,0.,-33.3));
#1989=CARTESIAN_POINT('',(0.,0.,-33.3));
#1990=CARTESIAN_POINT('',(0.,0.,-27.25));
#1991=CARTESIAN_POINT('',(27.4058554610413,-18.8276813880126,-27.25));
#1992=CARTESIAN_POINT('',(27.4058554610412,18.8276813880126,-27.25));
#1993=CARTESIAN_POINT('',(27.4058554610412,18.8276813880126,-33.3));
#1994=CARTESIAN_POINT('',(27.4058554610412,18.8276813880126,3.35624931682591E-15));
#1995=CARTESIAN_POINT('',(0.,0.,0.));
#1996=CARTESIAN_POINT('',(27.4058554610412,-18.8276813880126,3.35624931682592E-15));
#1997=CARTESIAN_POINT('',(27.4058554610413,-18.8276813880126,-33.3));
#1998=CARTESIAN_POINT('',(25.7572805241547,19.5,3.15435711486465E-15));
#1999=CARTESIAN_POINT('',(0.,19.5,0.));
#2000=CARTESIAN_POINT('',(0.,19.5,-25.7572805241547));
#2001=CARTESIAN_POINT('',(6.37306017241812E-31,19.5,-1.89911354915196E-62));
#2002=CARTESIAN_POINT('',(-25.7572805241547,19.5,-33.3));
#2003=CARTESIAN_POINT('',(-59.5,19.5,-33.3));
#2004=CARTESIAN_POINT('',(-59.5,19.5,-28.8));
#2005=CARTESIAN_POINT('',(-59.5,19.5,-30.35));
#2006=CARTESIAN_POINT('',(25.7572805241547,19.5,-30.35));
#2007=CARTESIAN_POINT('',(-29.8133778696745,19.5,-30.35));
#2008=CARTESIAN_POINT('',(-26.1282892666167,19.5,-27.25));
#2009=CARTESIAN_POINT('',(-26.1282892666167,19.5,-27.7006950856358));
#2010=CARTESIAN_POINT('',(-26.3711188794593,19.5,-28.5810623102249));
#2011=CARTESIAN_POINT('',(-27.5960208817396,19.5,-29.9382104519358));
#2012=CARTESIAN_POINT('',(-28.9170561616823,19.5,-30.35));
#2013=CARTESIAN_POINT('',(-29.8133778696745,19.5,-30.35));
#2014=CARTESIAN_POINT('',(-26.1282892666167,19.5,-27.25));
#2015=CARTESIAN_POINT('',(-26.1282892666167,19.5,0.));
#2016=CARTESIAN_POINT('',(-26.1282892666167,19.5,0.));
#2017=CARTESIAN_POINT('',(0.,19.5,0.));
#2018=CARTESIAN_POINT('',(26.1282892666167,19.5,3.19979258175583E-15));
#2019=CARTESIAN_POINT('',(26.1282892666167,19.5,-28.8));
#2020=CARTESIAN_POINT('',(26.1282892666167,19.5,-27.25));
#2021=CARTESIAN_POINT('',(29.8133778696746,19.5,-30.35));
#2022=CARTESIAN_POINT('',(28.9190708301158,19.5,-30.35));
#2023=CARTESIAN_POINT('',(27.1334376005667,19.5,-29.8050649504184));
#2024=CARTESIAN_POINT('',(26.1282892666167,19.5,-28.1478814020139));
#2025=CARTESIAN_POINT('',(26.1282892666167,19.5,-27.25));
#2026=CARTESIAN_POINT('',(29.8133778696746,19.5,-30.35));
#2027=CARTESIAN_POINT('',(25.7572805241547,19.5,-30.35));
#2028=CARTESIAN_POINT('',(59.5,19.5,-30.35));
#2029=CARTESIAN_POINT('',(59.5,19.5,-28.8));
#2030=CARTESIAN_POINT('',(59.5,19.5,-33.3));
#2031=CARTESIAN_POINT('',(26.9316263898042,19.5,-33.3));
#2032=CARTESIAN_POINT('',(0.,0.,0.));
#2033=CARTESIAN_POINT('',(0.,18.8276813880126,0.));
#2034=CARTESIAN_POINT('',(-27.4058554610412,18.8276813880126,0.));
#2035=CARTESIAN_POINT('',(0.,0.,0.));
#2036=CARTESIAN_POINT('',(-27.4058554610412,-18.8276813880126,0.));
#2037=CARTESIAN_POINT('',(0.,-18.8276813880126,0.));
#2038=CARTESIAN_POINT('',(26.9316263898043,-19.5,3.29817300541062E-15));
#2039=CARTESIAN_POINT('',(0.,-19.5,0.));
#2040=CARTESIAN_POINT('',(0.,-19.5,-25.7572805241547));
#2041=CARTESIAN_POINT('',(-25.7572805241547,-19.5,-33.3));
#2042=CARTESIAN_POINT('',(-25.7572805241547,-19.5,-33.3));
#2043=CARTESIAN_POINT('',(-25.7572805241547,-19.5,-4.38748219369619));
#2044=CARTESIAN_POINT('',(6.37306017241812E-31,-19.5,-1.89911354915196E-62));
#2045=CARTESIAN_POINT('',(25.7572805241547,-19.5,-4.38748219369619));
#2046=CARTESIAN_POINT('',(25.7572805241547,-19.5,-33.3));
#2047=CARTESIAN_POINT('',(25.7572805241547,-19.5,-33.3));
#2048=CARTESIAN_POINT('',(25.7572805241547,-19.5,-33.3));
#2049=CARTESIAN_POINT('',(59.5,-19.5,-33.3));
#2050=CARTESIAN_POINT('',(59.5,-19.5,-28.8));
#2051=CARTESIAN_POINT('',(59.5,-19.5,-30.35));
#2052=CARTESIAN_POINT('',(26.9316263898043,-19.5,-30.35));
#2053=CARTESIAN_POINT('',(29.8133778696746,-19.5,-30.35));
#2054=CARTESIAN_POINT('',(26.1282892666168,-19.5,-27.25));
#2055=CARTESIAN_POINT('',(26.1282892666168,-19.5,-27.7006950856358));
#2056=CARTESIAN_POINT('',(26.3711188794593,-19.5,-28.5810623102249));
#2057=CARTESIAN_POINT('',(27.5960208817396,-19.4999999999999,-29.9382104519358));
#2058=CARTESIAN_POINT('',(28.9170561616823,-19.5,-30.35));
#2059=CARTESIAN_POINT('',(29.8133778696746,-19.5,-30.35));
#2060=CARTESIAN_POINT('',(26.1282892666168,-19.5,-27.25));
#2061=CARTESIAN_POINT('',(26.1282892666168,-19.5,0.));
#2062=CARTESIAN_POINT('',(26.1282892666168,-19.5,3.35624931682592E-15));
#2063=CARTESIAN_POINT('',(0.,-19.5,0.));
#2064=CARTESIAN_POINT('',(-26.1282892666168,-19.5,0.));
#2065=CARTESIAN_POINT('',(-26.1282892666168,-19.5,-28.8));
#2066=CARTESIAN_POINT('',(-26.1282892666168,-19.5,-27.25));
#2067=CARTESIAN_POINT('',(-29.8133778696746,-19.5,-30.35));
#2068=CARTESIAN_POINT('',(-28.9190708301158,-19.5,-30.35));
#2069=CARTESIAN_POINT('',(-27.1334376005667,-19.5,-29.8050649504184));
#2070=CARTESIAN_POINT('',(-26.1282892666168,-19.5,-28.1478814020139));
#2071=CARTESIAN_POINT('',(-26.1282892666168,-19.5,-27.25));
#2072=CARTESIAN_POINT('',(-29.8133778696746,-19.5,-30.35));
#2073=CARTESIAN_POINT('',(26.9316263898043,-19.5,-30.35));
#2074=CARTESIAN_POINT('',(-59.5,-19.5,-30.35));
#2075=CARTESIAN_POINT('',(-59.5,-19.5,-28.8));
#2076=CARTESIAN_POINT('',(-59.5,-19.5,-33.3));
#2077=CARTESIAN_POINT('',(-26.9316263898043,-19.4999999999999,-33.3));
#2078=CARTESIAN_POINT('',(0.,11.,0.));
#2079=CARTESIAN_POINT('',(0.,-17.25,0.));
#2080=CARTESIAN_POINT('',(0.,-17.25,-25.7572805241547));
#2081=CARTESIAN_POINT('',(0.,0.,0.));
#2082=CARTESIAN_POINT('',(0.,17.25,0.));
#2083=CARTESIAN_POINT('',(0.,17.25,-25.7572805241547));
#2084=CARTESIAN_POINT('',(0.,11.,0.));
#2085=CARTESIAN_POINT('',(0.,0.,-33.3));
#2086=CARTESIAN_POINT('',(-27.4058554610412,18.8276813880126,-33.3));
#2087=CARTESIAN_POINT('',(-27.4058554610412,18.8276813880126,-27.25));
#2088=CARTESIAN_POINT('',(0.,0.,-27.25));
#2089=CARTESIAN_POINT('',(-27.4058554610412,-18.8276813880126,-27.25));
#2090=CARTESIAN_POINT('',(-27.4058554610413,-18.8276813880126,-33.3));
#2091=CARTESIAN_POINT('',(-25.7572805241547,-17.25,-33.3));
#2092=CARTESIAN_POINT('',(-25.7572805241547,1.04083408558608E-14,-1.89911354915196E-62));
#2093=CARTESIAN_POINT('',(-25.7572805241547,-18.8276813880126,-9.36180610520667));
#2094=CARTESIAN_POINT('',(-25.7572805241547,-18.8276813880126,-9.36180610520667));
#2095=CARTESIAN_POINT('',(-25.7572805241547,-19.0178614530341,-8.97933186569154));
#2096=CARTESIAN_POINT('',(-25.7572805241547,-19.2459395303877,-8.1709965127334));
#2097=CARTESIAN_POINT('',(-25.7572805241547,-19.4774646734263,-6.49267389890393));
#2098=CARTESIAN_POINT('',(-25.7572805241547,-19.5,-5.23084091430627));
#2099=CARTESIAN_POINT('',(-25.7572805241547,-19.5,-4.38748219369619));
#2100=CARTESIAN_POINT('',(-25.7572805241547,-17.25,-33.3));
#2101=CARTESIAN_POINT('',(0.,0.,-33.3));
#2102=CARTESIAN_POINT('',(-47.5,0.,-33.3));
#2103=CARTESIAN_POINT('',(-53.25,0.,-33.3));
#2104=CARTESIAN_POINT('',(-59.5,-19.5,-33.3));
#2105=CARTESIAN_POINT('',(25.7572805241547,-17.25,-33.3));
#2106=CARTESIAN_POINT('',(25.7572805241547,-19.5,-4.38748219369619));
#2107=CARTESIAN_POINT('',(25.7572805241547,-19.5,-5.23105766173092));
#2108=CARTESIAN_POINT('',(25.7572805241547,-19.4774254564356,-6.49425475626263));
#2109=CARTESIAN_POINT('',(25.7572805241547,-19.2456783920407,-8.17167569109339));
#2110=CARTESIAN_POINT('',(25.7572805241547,-19.0181123383531,-8.97882730612274));
#2111=CARTESIAN_POINT('',(25.7572805241547,-18.8276813880126,-9.36180610520666));
#2112=CARTESIAN_POINT('',(25.7572805241547,-18.8276813880126,-9.36180610520666));
#2113=CARTESIAN_POINT('',(25.7572805241547,1.04083408558608E-14,-1.89911354915196E-62));
#2114=CARTESIAN_POINT('',(25.7572805241547,-17.25,-33.3));
#2115=CARTESIAN_POINT('',(0.,0.,-33.3));
#2116=CARTESIAN_POINT('',(47.5,0.,-33.3));
#2117=CARTESIAN_POINT('',(41.75,0.,-33.3));
#2118=CARTESIAN_POINT('',(59.5,-19.5,-33.3));
#2119=CARTESIAN_POINT('',(0.,0.,-28.8));
#2120=CARTESIAN_POINT('',(59.5,-19.5,-28.8));
#2121=CARTESIAN_POINT('',(59.5,-17.95,-28.8));
#2122=CARTESIAN_POINT('',(59.5,17.95,-28.8));
#2123=CARTESIAN_POINT('',(0.,17.95,-28.8));
#2124=CARTESIAN_POINT('',(29.8133778696746,17.95,-28.8));
#2125=CARTESIAN_POINT('',(0.,0.,-28.8));
#2126=CARTESIAN_POINT('',(29.8133778696746,-17.95,-28.8));
#2127=CARTESIAN_POINT('',(0.,-17.95,-28.8));
#2128=CARTESIAN_POINT('',(47.5,0.,-28.8));
#2129=CARTESIAN_POINT('',(53.25,0.,-28.8));
#2130=CARTESIAN_POINT('',(59.5,-19.5,-28.8));
#2131=CARTESIAN_POINT('',(59.5,17.95,-30.35));
#2132=CARTESIAN_POINT('',(59.5,-17.95,-30.35));
#2133=CARTESIAN_POINT('',(0.,0.,-28.8));
#2134=CARTESIAN_POINT('',(-47.5,0.,-28.8));
#2135=CARTESIAN_POINT('',(-41.75,0.,-28.8));
#2136=CARTESIAN_POINT('',(0.,0.,-28.8));
#2137=CARTESIAN_POINT('',(-29.8133778696746,-17.95,-28.8));
#2138=CARTESIAN_POINT('',(-29.8133778696745,17.95,-28.8));
#2139=CARTESIAN_POINT('',(0.,17.95,-28.8));
#2140=CARTESIAN_POINT('',(-59.5,17.95,-28.8));
#2141=CARTESIAN_POINT('',(-59.5,-19.5,-28.8));
#2142=CARTESIAN_POINT('',(-59.5,-17.95,-28.8));
#2143=CARTESIAN_POINT('',(0.,-17.95,-28.8));
#2144=CARTESIAN_POINT('',(-59.5,-19.5,-28.8));
#2145=CARTESIAN_POINT('',(-59.5,17.95,-30.35));
#2146=CARTESIAN_POINT('',(-59.5,-17.95,-30.35));
#2147=CARTESIAN_POINT('',(6.37306017241812E-31,1.04083408558608E-14,-1.89911354915196E-62));
#2148=CARTESIAN_POINT('',(6.37306017241812E-31,18.8276813880126,-1.89911354915196E-62));
#2149=CARTESIAN_POINT('',(6.37306017241812E-31,-18.8276813880126,-1.89911354915196E-62));
#2150=CARTESIAN_POINT('',(-47.5,0.,-170.612913727911));
#2151=CARTESIAN_POINT('',(47.5,0.,-170.612913727911));
#2152=CARTESIAN_POINT('',(0.,-17.95,0.));
#2153=CARTESIAN_POINT('',(-26.1282892666168,-17.95,0.));
#2154=CARTESIAN_POINT('',(26.1282892666168,-17.95,3.19979258175584E-15));
#2155=CARTESIAN_POINT('',(0.,-17.95,-30.35));
#2156=CARTESIAN_POINT('',(29.8133778696746,-17.95,-30.35));
#2157=CARTESIAN_POINT('',(26.1282892666168,-17.95,-33.3));
#2158=CARTESIAN_POINT('',(26.1282892666168,-17.95,-27.25));
#2159=CARTESIAN_POINT('',(-26.1282892666168,-17.95,-33.3));
#2160=CARTESIAN_POINT('',(-26.1282892666168,-17.95,-27.25));
#2161=CARTESIAN_POINT('',(0.,-17.95,-30.35));
#2162=CARTESIAN_POINT('',(-29.8133778696746,-17.95,-30.35));
#2163=CARTESIAN_POINT('',(29.8133778696746,-17.95,-28.8));
#2164=CARTESIAN_POINT('',(29.8133778696746,-19.5,-28.8));
#2165=CARTESIAN_POINT('',(29.8133778696746,-19.5,-30.35));
#2166=CARTESIAN_POINT('',(29.2458170367481,-18.1480966842468,-28.8));
#2167=CARTESIAN_POINT('',(29.2799069632324,-19.5000000000001,-28.9861982297691));
#2168=CARTESIAN_POINT('',(28.9167957948347,-19.5,-30.3499999885762));
#2169=CARTESIAN_POINT('',(28.3890385579965,-18.4582433938757,-28.5934355986225));
#2170=CARTESIAN_POINT('',(28.2522372943459,-19.4999999999995,-28.990035708039));
#2171=CARTESIAN_POINT('',(27.5954437635946,-19.5,-29.9368711998422));
#2172=CARTESIAN_POINT('',(27.569978935247,-18.7652996963275,-27.9159415168889));
#2173=CARTESIAN_POINT('',(27.1645584017221,-19.5000000000006,-28.1652723070321));
#2174=CARTESIAN_POINT('',(26.3703322962817,-19.5,-28.5818830332571));
#2175=CARTESIAN_POINT('',(27.4058554592009,-18.8276813906913,-27.4725984152487));
#2176=CARTESIAN_POINT('',(26.9439760364976,-19.4999999999986,-27.5530745915178));
#2177=CARTESIAN_POINT('',(26.1282892611443,-19.5,-27.6951968305004));
#2178=CARTESIAN_POINT('',(27.4058554610413,-18.8276813880126,-27.25));
#2179=CARTESIAN_POINT('',(26.9439760413047,-19.5,-27.25));
#2180=CARTESIAN_POINT('',(26.1282892666168,-19.5,-27.25));
#2181=CARTESIAN_POINT('',(29.8133778696746,-17.95,-28.8));
#2182=CARTESIAN_POINT('',(29.2975838058296,-18.1300284441266,-28.8));
#2183=CARTESIAN_POINT('',(28.5331104252646,-18.4054334440612,-28.6347883651786));
#2184=CARTESIAN_POINT('',(27.6644755623924,-18.729491707176,-28.0397895648102));
#2185=CARTESIAN_POINT('',(27.4058554610413,-18.8276813880126,-27.5263726459942));
#2186=CARTESIAN_POINT('',(27.4058554610413,-18.8276813880126,-27.25));
#2187=CARTESIAN_POINT('',(-27.4058554610413,-18.8276813880126,-27.25));
#2188=CARTESIAN_POINT('',(-26.9439760413047,-19.5,-27.25));
#2189=CARTESIAN_POINT('',(-26.1282892666168,-19.5,-27.25));
#2190=CARTESIAN_POINT('',(-27.4058554693277,-18.8276813759507,-27.698947115059));
#2191=CARTESIAN_POINT('',(-26.9439760629809,-19.4999999999965,-27.8612553118166));
#2192=CARTESIAN_POINT('',(-26.128289291258,-19.5,-28.1478942301242));
#2193=CARTESIAN_POINT('',(-28.0881857120373,-18.5674610809638,-28.527552617839));
#2194=CARTESIAN_POINT('',(-27.9210833709986,-19.4999999999994,-29.0098266819356));
#2195=CARTESIAN_POINT('',(-27.1324091882314,-19.5,-29.805105232654));
#2196=CARTESIAN_POINT('',(-29.2486357745563,-18.1471128551884,-28.8));
#2197=CARTESIAN_POINT('',(-29.2823980178755,-19.5000000000053,-28.9853287875602));
#2198=CARTESIAN_POINT('',(-28.9212485847249,-19.5,-30.3500000060418));
#2199=CARTESIAN_POINT('',(-29.8133778696746,-17.95,-28.8));
#2200=CARTESIAN_POINT('',(-29.8133778696746,-19.5,-28.8));
#2201=CARTESIAN_POINT('',(-29.8133778696746,-19.5,-30.35));
#2202=CARTESIAN_POINT('',(-27.4058554610412,-18.8276813880126,-27.25));
#2203=CARTESIAN_POINT('',(-27.4058554610412,-18.8276813880126,-27.5263592624888));
#2204=CARTESIAN_POINT('',(-27.6591264663131,-18.7315108193738,-28.0327731466973));
#2205=CARTESIAN_POINT('',(-28.530288468906,-18.4064441892602,-28.6358687585814));
#2206=CARTESIAN_POINT('',(-29.2974091399073,-18.1300894080586,-28.8));
#2207=CARTESIAN_POINT('',(-29.8133778696746,-17.95,-28.8));
#2208=CARTESIAN_POINT('',(0.,17.95,-30.35));
#2209=CARTESIAN_POINT('',(29.8133778696746,17.95,-30.35));
#2210=CARTESIAN_POINT('',(0.,0.,-27.25));
#2211=CARTESIAN_POINT('',(27.4058554610412,18.8276813880126,-27.25));
#2212=CARTESIAN_POINT('',(27.4058554610412,18.8276813880126,-27.5263592624888));
#2213=CARTESIAN_POINT('',(27.6591264663131,18.7315108193738,-28.0327731466973));
#2214=CARTESIAN_POINT('',(28.5302884689059,18.4064441892602,-28.6358687585814));
#2215=CARTESIAN_POINT('',(29.2974091399072,18.1300894080586,-28.8));
#2216=CARTESIAN_POINT('',(29.8133778696745,17.95,-28.8));
#2217=CARTESIAN_POINT('',(0.,0.,-27.25));
#2218=CARTESIAN_POINT('',(-29.8133778696745,17.95,-28.8));
#2219=CARTESIAN_POINT('',(-29.2975838058296,18.1300284441266,-28.8));
#2220=CARTESIAN_POINT('',(-28.5331104252646,18.4054334440612,-28.6347883651786));
#2221=CARTESIAN_POINT('',(-27.6644755623924,18.7294917071761,-28.0397895648103));
#2222=CARTESIAN_POINT('',(-27.4058554610412,18.8276813880126,-27.5263726459942));
#2223=CARTESIAN_POINT('',(-27.4058554610412,18.8276813880126,-27.25));
#2224=CARTESIAN_POINT('',(0.,17.95,-30.35));
#2225=CARTESIAN_POINT('',(-29.8133778696745,17.95,-30.35));
#2226=CARTESIAN_POINT('',(27.4058554610412,18.8276813880126,-27.25));
#2227=CARTESIAN_POINT('',(26.9439760413047,19.5,-27.25));
#2228=CARTESIAN_POINT('',(26.1282892666167,19.5,-27.25));
#2229=CARTESIAN_POINT('',(27.4058554693277,18.8276813759507,-27.698947115059));
#2230=CARTESIAN_POINT('',(26.9439760629773,19.5000000000025,-27.8612553118137));
#2231=CARTESIAN_POINT('',(26.1282892912533,19.5,-28.1478942301242));
#2232=CARTESIAN_POINT('',(28.0881857120396,18.567461080967,-28.527552617839));
#2233=CARTESIAN_POINT('',(27.9210833710087,19.4999999999963,-29.0098266819387));
#2234=CARTESIAN_POINT('',(27.1324091882337,19.5,-29.805105232654));
#2235=CARTESIAN_POINT('',(29.2486357745516,18.1471128551823,-28.8));
#2236=CARTESIAN_POINT('',(29.282398017859,19.5000000000052,-28.9853287875554));
#2237=CARTESIAN_POINT('',(28.9212485847249,19.5,-30.3500000060418));
#2238=CARTESIAN_POINT('',(29.8133778696746,17.95,-28.8));
#2239=CARTESIAN_POINT('',(29.8133778696746,19.5,-28.8));
#2240=CARTESIAN_POINT('',(29.8133778696746,19.5,-30.35));
#2241=CARTESIAN_POINT('',(26.1282892666167,17.95,-27.25));
#2242=CARTESIAN_POINT('',(-29.8133778696745,17.95,-28.8));
#2243=CARTESIAN_POINT('',(-29.8133778696745,19.5,-28.8));
#2244=CARTESIAN_POINT('',(-29.8133778696745,19.5,-30.35));
#2245=CARTESIAN_POINT('',(-29.2458170367543,18.1480966842453,-28.8));
#2246=CARTESIAN_POINT('',(-29.279906963248,19.5000000000009,-28.9861982297681));
#2247=CARTESIAN_POINT('',(-28.9167957948346,19.5,-30.3499999885762));
#2248=CARTESIAN_POINT('',(-28.3890385579945,18.4582433938769,-28.5934355986225));
#2249=CARTESIAN_POINT('',(-28.252237294342,19.4999999999997,-28.9900357080383));
#2250=CARTESIAN_POINT('',(-27.5954437635931,19.5,-29.9368711998416));
#2251=CARTESIAN_POINT('',(-27.5699789352482,18.7652996963261,-27.9159415168889));
#2252=CARTESIAN_POINT('',(-27.1645584017236,19.5000000000003,-28.1652723070335));
#2253=CARTESIAN_POINT('',(-26.3703322962841,19.5,-28.5818830332581));
#2254=CARTESIAN_POINT('',(-27.4058554591989,18.8276813906944,-27.4725984152487));
#2255=CARTESIAN_POINT('',(-26.9439760364956,19.4999999999994,-27.5530745915149));
#2256=CARTESIAN_POINT('',(-26.1282892611389,19.5,-27.6951968304981));
#2257=CARTESIAN_POINT('',(-27.4058554610412,18.8276813880126,-27.25));
#2258=CARTESIAN_POINT('',(-26.9439760413047,19.5,-27.25));
#2259=CARTESIAN_POINT('',(-26.1282892666168,19.5,-27.25));
#2260=CARTESIAN_POINT('',(-26.1282892666167,17.95,-27.25));
#2261=CARTESIAN_POINT('',(26.1282892666167,17.95,-33.3));
#2262=CARTESIAN_POINT('',(26.1282892666167,17.95,3.35624931682591E-15));
#2263=CARTESIAN_POINT('',(-26.1282892666167,17.95,-33.3));
#2264=CARTESIAN_POINT('',(-26.1282892666167,17.95,0.));
#2265=CARTESIAN_POINT('',(0.,17.95,0.));
#2266=CARTESIAN_POINT('',(6.37306017241812E-31,-17.95,-1.89911354915196E-62));
#2267=CARTESIAN_POINT('',(6.37306017241812E-31,17.95,-1.89911354915196E-62));
#2268=CARTESIAN_POINT('',(0.,0.,-1.73472347597681E-15));
#2269=MECHANICAL_DESIGN_GEOMETRIC_PRESENTATION_REPRESENTATION('',(#1130,
#1131,#1132,#1133,#1134,#1135,#1136,#1137,#1138,#1139,#1140,#1141,#1142,
#1143,#1144,#1145,#1146),#2270);
#2270=(
GEOMETRIC_REPRESENTATION_CONTEXT(3)
GLOBAL_UNCERTAINTY_ASSIGNED_CONTEXT((#2275))
GLOBAL_UNIT_ASSIGNED_CONTEXT((#2282,#2281,#2280))
REPRESENTATION_CONTEXT('UEPP\X2\5E2651B2538B7ACB5F0F504F5FC3595759167403976274038F74627F\X0\',
'TOP_LEVEL_ASSEMBLY_PART')
);
#2271=(
GEOMETRIC_REPRESENTATION_CONTEXT(3)
GLOBAL_UNCERTAINTY_ASSIGNED_CONTEXT((#2276))
GLOBAL_UNIT_ASSIGNED_CONTEXT((#2282,#2281,#2280))
REPRESENTATION_CONTEXT('UE\X2\88C5914D4F53\X0\','COMPONENT_PART')
);
#2272=(
GEOMETRIC_REPRESENTATION_CONTEXT(3)
GLOBAL_UNCERTAINTY_ASSIGNED_CONTEXT((#2277))
GLOBAL_UNIT_ASSIGNED_CONTEXT((#2282,#2281,#2280))
REPRESENTATION_CONTEXT('UE\X2\74038F74627F\X0\','COMPONENT_PART')
);
#2273=(
GEOMETRIC_REPRESENTATION_CONTEXT(3)
GLOBAL_UNCERTAINTY_ASSIGNED_CONTEXT((#2278))
GLOBAL_UNIT_ASSIGNED_CONTEXT((#2282,#2281,#2280))
REPRESENTATION_CONTEXT('\X2\504F5FC3595798764E1D\X0\','COMPONENT_PART')
);
#2274=(
GEOMETRIC_REPRESENTATION_CONTEXT(3)
GLOBAL_UNCERTAINTY_ASSIGNED_CONTEXT((#2279))
GLOBAL_UNIT_ASSIGNED_CONTEXT((#2282,#2281,#2280))
REPRESENTATION_CONTEXT('PP\X2\51B2538B7ACB5F0F5EA7\X0\',
'COMPONENT_PART')
);
#2275=UNCERTAINTY_MEASURE_WITH_UNIT(LENGTH_MEASURE(0.005),#2282,
'DISTANCE_ACCURACY_VALUE','Maximum Tolerance applied to model');
#2276=UNCERTAINTY_MEASURE_WITH_UNIT(LENGTH_MEASURE(0.005),#2282,
'DISTANCE_ACCURACY_VALUE','Maximum Tolerance applied to model');
#2277=UNCERTAINTY_MEASURE_WITH_UNIT(LENGTH_MEASURE(0.005),#2282,
'DISTANCE_ACCURACY_VALUE','Maximum Tolerance applied to model');
#2278=UNCERTAINTY_MEASURE_WITH_UNIT(LENGTH_MEASURE(0.005),#2282,
'DISTANCE_ACCURACY_VALUE','Maximum Tolerance applied to model');
#2279=UNCERTAINTY_MEASURE_WITH_UNIT(LENGTH_MEASURE(0.005),#2282,
'DISTANCE_ACCURACY_VALUE','Maximum Tolerance applied to model');
#2280=(
NAMED_UNIT(*)
SI_UNIT($,.STERADIAN.)
SOLID_ANGLE_UNIT()
);
#2281=(
NAMED_UNIT(*)
PLANE_ANGLE_UNIT()
SI_UNIT($,.RADIAN.)
);
#2282=(
LENGTH_UNIT()
NAMED_UNIT(*)
SI_UNIT(.MILLI.,.METRE.)
);
#2283=PRODUCT_DEFINITION_SHAPE('','',#2292);
#2284=PRODUCT_DEFINITION_SHAPE('','',#2293);
#2285=PRODUCT_DEFINITION_SHAPE('','',#2294);
#2286=PRODUCT_DEFINITION_SHAPE(' ','NAUO PRDDFN',#106);
#2287=PRODUCT_DEFINITION_SHAPE('','',#2295);
#2288=PRODUCT_DEFINITION_SHAPE(' ','NAUO PRDDFN',#107);
#2289=PRODUCT_DEFINITION_SHAPE(' ','NAUO PRDDFN',#108);
#2290=PRODUCT_DEFINITION_SHAPE('','',#2296);
#2291=PRODUCT_DEFINITION_SHAPE(' ','NAUO PRDDFN',#109);
#2292=PRODUCT_DEFINITION('','',#2302,#2297);
#2293=PRODUCT_DEFINITION('','',#2303,#2298);
#2294=PRODUCT_DEFINITION('','',#2304,#2299);
#2295=PRODUCT_DEFINITION('','',#2305,#2300);
#2296=PRODUCT_DEFINITION('','',#2306,#2301);
#2297=PRODUCT_DEFINITION_CONTEXT('',#2328,'design');
#2298=PRODUCT_DEFINITION_CONTEXT('',#2328,'design');
#2299=PRODUCT_DEFINITION_CONTEXT('',#2328,'design');
#2300=PRODUCT_DEFINITION_CONTEXT('',#2328,'design');
#2301=PRODUCT_DEFINITION_CONTEXT('',#2328,'design');
#2302=PRODUCT_DEFINITION_FORMATION_WITH_SPECIFIED_SOURCE('','',#2312,
 .NOT_KNOWN.);
#2303=PRODUCT_DEFINITION_FORMATION_WITH_SPECIFIED_SOURCE('','',#2313,
 .NOT_KNOWN.);
#2304=PRODUCT_DEFINITION_FORMATION_WITH_SPECIFIED_SOURCE('','',#2314,
 .NOT_KNOWN.);
#2305=PRODUCT_DEFINITION_FORMATION_WITH_SPECIFIED_SOURCE('','',#2315,
 .NOT_KNOWN.);
#2306=PRODUCT_DEFINITION_FORMATION_WITH_SPECIFIED_SOURCE('','',#2316,
 .NOT_KNOWN.);
#2307=PRODUCT_RELATED_PRODUCT_CATEGORY('','',(#2312));
#2308=PRODUCT_RELATED_PRODUCT_CATEGORY('','',(#2313));
#2309=PRODUCT_RELATED_PRODUCT_CATEGORY('','',(#2314));
#2310=PRODUCT_RELATED_PRODUCT_CATEGORY('','',(#2315));
#2311=PRODUCT_RELATED_PRODUCT_CATEGORY('','',(#2316));
#2312=PRODUCT('UEPP\X2\5E2651B2538B7ACB5F0F504F5FC3595759167403976274038F74627F\X0\',
'UEPP\X2\5E2651B2538B7ACB5F0F504F5FC3595759167403976274038F74627F\X0\',
'UEPP\X2\5E2651B2538B7ACB5F0F504F5FC3595759167403976274038F74627F\X0\',
(#2322));
#2313=PRODUCT('UE\X2\88C5914D4F53\X0\','UE\X2\88C5914D4F53\X0\',
'UE\X2\88C5914D4F53\X0\',(#2323));
#2314=PRODUCT('UE\X2\74038F74627F\X0\','UE\X2\74038F74627F\X0\',
'UE\X2\74038F74627F\X0\',(#2324));
#2315=PRODUCT('\X2\504F5FC3595798764E1D\X0\','\X2\504F5FC3595798764E1D\X0\',
'\X2\504F5FC3595798764E1D\X0\',(#2325));
#2316=PRODUCT('PP\X2\51B2538B7ACB5F0F5EA7\X0\','PP\X2\51B2538B7ACB5F0F5EA7\X0\',
'PP\X2\51B2538B7ACB5F0F5EA7\X0\',(#2326));
#2317=PRODUCT_CATEGORY('','');
#2318=PRODUCT_CATEGORY('','');
#2319=PRODUCT_CATEGORY('','');
#2320=PRODUCT_CATEGORY('','');
#2321=PRODUCT_CATEGORY('','');
#2322=PRODUCT_CONTEXT('',#2328,'mechanical');
#2323=PRODUCT_CONTEXT('',#2328,'mechanical');
#2324=PRODUCT_CONTEXT('',#2328,'mechanical');
#2325=PRODUCT_CONTEXT('',#2328,'mechanical');
#2326=PRODUCT_CONTEXT('',#2328,'mechanical');
#2327=APPLICATION_PROTOCOL_DEFINITION('international standard',
'automotive_design',2010,#2328);
#2328=APPLICATION_CONTEXT(
'core data for automotive mechanical design processes');
ENDSEC;
END-ISO-10303-21;
