ISO-10303-21;
HEADER;
/* Generated by software containing HOOPS Exchange Step
 * from HOOPS Exchange, Inc. (www.tiangong.cloud) 
 */

FILE_DESCRIPTION(
/* description */ ('Unknown'),
/* implementation_level */ '2;1');

FILE_NAME(
/* name */ 'UKT+H\X2\5E266ED157575EA77D275B9A595759167403976274038F74627F\X0\',

/* time_stamp */ '2025-04-02T13:04:38+08:00',
/* author */ ('Unknown'),
/* organization */ ('Unknown'),
/* preprocessor_version */ 'ST-DEVELOPER v19.4',
/* originating_system */ 'TianGong',
/* authorisation */ 'Unknown');

FILE_SCHEMA (('AUTOMOTIVE_DESIGN {1 0 10303 214 3 1 1}'));
ENDSEC;

DATA;
#10=PROPERTY_DEFINITION_REPRESENTATION(#14,#12);
#11=PROPERTY_DEFINITION_REPRESENTATION(#15,#13);
#12=REPRESENTATION('',(#16),#6760);
#13=REPRESENTATION('',(#17),#6760);
#14=PROPERTY_DEFINITION('pmi validation property','',#6769);
#15=PROPERTY_DEFINITION('pmi validation property','',#6769);
#16=VALUE_REPRESENTATION_ITEM('number of annotations',COUNT_MEASURE(0.));
#17=VALUE_REPRESENTATION_ITEM('number of views',COUNT_MEASURE(0.));
#18=ELLIPSE('',#4169,1.56466181368938,1.1063829787234);
#19=ELLIPSE('',#4175,1.56466181368938,1.1063829787234);
#20=ELLIPSE('',#4185,1.56466181368938,1.1063829787234);
#21=ELLIPSE('',#4188,1.56466181368938,1.1063829787234);
#22=CONTEXT_DEPENDENT_SHAPE_REPRESENTATION(#26,#6771);
#23=CONTEXT_DEPENDENT_SHAPE_REPRESENTATION(#27,#6773);
#24=NEXT_ASSEMBLY_USAGE_OCCURRENCE('UK+H\X2\941E51AD917193B5\X0\?',
'UK+H\X2\941E51AD917193B5\X0\?','UK+H\X2\941E51AD917193B5\X0\?',#6774,#6775,
'');
#25=NEXT_ASSEMBLY_USAGE_OCCURRENCE('T\X2\95BE640120AC72B37CA6936769409A87\X0\',
'T\X2\95BE640120AC72B37CA6936769409A87\X0\','T\X2\95BE640120AC72B37CA6936769409A87\X0\',
#6774,#6776,'');
#26=(
REPRESENTATION_RELATIONSHIP(' ',' ',#3829,#3830)
REPRESENTATION_RELATIONSHIP_WITH_TRANSFORMATION(#28)
SHAPE_REPRESENTATION_RELATIONSHIP()
);
#27=(
REPRESENTATION_RELATIONSHIP(' ',' ',#3831,#3830)
REPRESENTATION_RELATIONSHIP_WITH_TRANSFORMATION(#29)
SHAPE_REPRESENTATION_RELATIONSHIP()
);
#28=ITEM_DEFINED_TRANSFORMATION(' ',' ',#3832,#4089);
#29=ITEM_DEFINED_TRANSFORMATION(' ',' ',#3832,#4256);
#30=TOROIDAL_SURFACE('',#3898,19.25,3.69539614561028);
#31=TOROIDAL_SURFACE('',#3906,19.25,3.69539614561028);
#32=TOROIDAL_SURFACE('',#4131,24.8947785690092,2.21276595744681);
#33=TOROIDAL_SURFACE('',#4136,24.8947785690092,2.21276595744681);
#34=TOROIDAL_SURFACE('',#4209,24.3936170212766,1.1063829787234);
#35=TOROIDAL_SURFACE('',#4210,24.3936170212766,1.1063829787234);
#36=TOROIDAL_SURFACE('',#4229,33.8936170212766,1.1063829787234);
#37=TOROIDAL_SURFACE('',#4240,33.8936170212766,1.1063829787234);
#38=B_SPLINE_CURVE_WITH_KNOTS('',3,(#5473,#5474,#5475,#5476),
 .UNSPECIFIED.,.F.,.F.,(4,4),(0.,0.0014160265335999),.UNSPECIFIED.);
#39=B_SPLINE_CURVE_WITH_KNOTS('',3,(#5477,#5478,#5479,#5480),
 .UNSPECIFIED.,.F.,.F.,(4,4),(3.46944695195361E-18,0.00141602653359991),
 .UNSPECIFIED.);
#40=B_SPLINE_CURVE_WITH_KNOTS('',3,(#5482,#5483,#5484,#5485),
 .UNSPECIFIED.,.F.,.F.,(4,4),(3.46944695195361E-18,0.00141602653359991),
 .UNSPECIFIED.);
#41=B_SPLINE_CURVE_WITH_KNOTS('',3,(#5486,#5487,#5488,#5489),
 .UNSPECIFIED.,.F.,.F.,(4,4),(0.,0.00141602653359991),.UNSPECIFIED.);
#42=B_SPLINE_CURVE_WITH_KNOTS('',3,(#5494,#5495,#5496,#5497),
 .UNSPECIFIED.,.F.,.F.,(4,4),(3.46944695195361E-18,0.00141602653359991),
 .UNSPECIFIED.);
#43=B_SPLINE_CURVE_WITH_KNOTS('',3,(#5498,#5499,#5500,#5501),
 .UNSPECIFIED.,.F.,.F.,(4,4),(0.,0.00141602653359991),.UNSPECIFIED.);
#44=B_SPLINE_CURVE_WITH_KNOTS('',3,(#5503,#5504,#5505,#5506),
 .UNSPECIFIED.,.F.,.F.,(4,4),(0.,0.00141602653359991),.UNSPECIFIED.);
#45=B_SPLINE_CURVE_WITH_KNOTS('',3,(#5507,#5508,#5509,#5510),
 .UNSPECIFIED.,.F.,.F.,(4,4),(3.46944695195361E-18,0.00141602653359991),
 .UNSPECIFIED.);
#46=B_SPLINE_CURVE_WITH_KNOTS('',3,(#5515,#5516,#5517,#5518),
 .UNSPECIFIED.,.F.,.F.,(4,4),(0.,0.00141602653359991),.UNSPECIFIED.);
#47=B_SPLINE_CURVE_WITH_KNOTS('',3,(#5519,#5520,#5521,#5522),
 .UNSPECIFIED.,.F.,.F.,(4,4),(3.46944695195361E-18,0.00141602653359991),
 .UNSPECIFIED.);
#48=B_SPLINE_CURVE_WITH_KNOTS('',3,(#5524,#5525,#5526,#5527),
 .UNSPECIFIED.,.F.,.F.,(4,4),(3.46944695195361E-18,0.00141602653359991),
 .UNSPECIFIED.);
#49=B_SPLINE_CURVE_WITH_KNOTS('',3,(#5528,#5529,#5530,#5531),
 .UNSPECIFIED.,.F.,.F.,(4,4),(0.,0.00141602653359991),.UNSPECIFIED.);
#50=B_SPLINE_CURVE_WITH_KNOTS('',3,(#5536,#5537,#5538,#5539),
 .UNSPECIFIED.,.F.,.F.,(4,4),(0.,0.00141602653359991),.UNSPECIFIED.);
#51=B_SPLINE_CURVE_WITH_KNOTS('',3,(#5540,#5541,#5542,#5543),
 .UNSPECIFIED.,.F.,.F.,(4,4),(0.,0.00141602653359991),.UNSPECIFIED.);
#52=B_SPLINE_CURVE_WITH_KNOTS('',3,(#5545,#5546,#5547,#5548),
 .UNSPECIFIED.,.F.,.F.,(4,4),(3.46944695195361E-18,0.00141602653359991),
 .UNSPECIFIED.);
#53=B_SPLINE_CURVE_WITH_KNOTS('',3,(#5549,#5550,#5551,#5552),
 .UNSPECIFIED.,.F.,.F.,(4,4),(0.,0.0014160265335999),.UNSPECIFIED.);
#54=B_SPLINE_CURVE_WITH_KNOTS('',3,(#5604,#5605,#5606,#5607),
 .UNSPECIFIED.,.F.,.F.,(4,4),(2.83188368749116E-7,0.00424747154171418),
 .UNSPECIFIED.);
#55=B_SPLINE_CURVE_WITH_KNOTS('',3,(#5611,#5612,#5613,#5614),
 .UNSPECIFIED.,.F.,.F.,(4,4),(2.83108634725745E-7,0.00424747146198013),
 .UNSPECIFIED.);
#56=B_SPLINE_CURVE_WITH_KNOTS('',3,(#5619,#5620,#5621,#5622),
 .UNSPECIFIED.,.F.,.F.,(4,4),(2.8310863472995E-7,0.00424747146198014),
 .UNSPECIFIED.);
#57=B_SPLINE_CURVE_WITH_KNOTS('',3,(#5626,#5627,#5628,#5629),
 .UNSPECIFIED.,.F.,.F.,(4,4),(2.92463773836468E-7,0.00424748081711926),
 .UNSPECIFIED.);
#58=B_SPLINE_CURVE_WITH_KNOTS('',3,(#5631,#5632,#5633,#5634),
 .UNSPECIFIED.,.F.,.F.,(4,4),(2.8310864131425E-7,0.0014816174146908),
 .UNSPECIFIED.);
#59=B_SPLINE_CURVE_WITH_KNOTS('',3,(#5638,#5639,#5640,#5641),
 .UNSPECIFIED.,.F.,.F.,(4,4),(2.83087231418113E-7,0.00148161739328089),
 .UNSPECIFIED.);
#60=B_SPLINE_CURVE_WITH_KNOTS('',3,(#5646,#5647,#5648,#5649),
 .UNSPECIFIED.,.F.,.F.,(4,4),(2.92567832903079E-7,0.00148162687388237),
 .UNSPECIFIED.);
#61=B_SPLINE_CURVE_WITH_KNOTS('',3,(#5650,#5651,#5652,#5653),
 .UNSPECIFIED.,.F.,.F.,(4,4),(2.83108641313639E-7,0.00148161741469079),
 .UNSPECIFIED.);
#62=B_SPLINE_CURVE_WITH_KNOTS('',3,(#5655,#5656,#5657,#5658),
 .UNSPECIFIED.,.F.,.F.,(4,4),(2.83087229043998E-7,0.00486081181092342),
 .UNSPECIFIED.);
#63=B_SPLINE_CURVE_WITH_KNOTS('',3,(#5662,#5663,#5664,#5665),
 .UNSPECIFIED.,.F.,.F.,(4,4),(2.83169392368279E-7,0.00486081189308676),
 .UNSPECIFIED.);
#64=B_SPLINE_CURVE_WITH_KNOTS('',3,(#5670,#5671,#5672,#5673),
 .UNSPECIFIED.,.F.,.F.,(4,4),(2.83169392371149E-7,0.00486081189308674),
 .UNSPECIFIED.);
#65=B_SPLINE_CURVE_WITH_KNOTS('',3,(#5674,#5675,#5676,#5677),
 .UNSPECIFIED.,.F.,.F.,(4,4),(2.92567830451976E-7,0.00486082129152482),
 .UNSPECIFIED.);
#66=B_SPLINE_CURVE_WITH_KNOTS('',3,(#5682,#5683,#5684,#5685),
 .UNSPECIFIED.,.F.,.F.,(4,4),(2.83188368750451E-7,0.00424747154171419),
 .UNSPECIFIED.);
#67=B_SPLINE_CURVE_WITH_KNOTS('',3,(#5689,#5690,#5691,#5692),
 .UNSPECIFIED.,.F.,.F.,(4,4),(2.83108634723202E-7,0.00424747146198013),
 .UNSPECIFIED.);
#68=B_SPLINE_CURVE_WITH_KNOTS('',3,(#5694,#5695,#5696,#5697),
 .UNSPECIFIED.,.F.,.F.,(4,4),(2.83108641312382E-7,0.00148161741469081),
 .UNSPECIFIED.);
#69=B_SPLINE_CURVE_WITH_KNOTS('',3,(#5701,#5702,#5703,#5704),
 .UNSPECIFIED.,.F.,.F.,(4,4),(2.83087231422538E-7,0.0014816173932809),
 .UNSPECIFIED.);
#70=B_SPLINE_CURVE_WITH_KNOTS('',3,(#5706,#5707,#5708,#5709),
 .UNSPECIFIED.,.F.,.F.,(4,4),(2.83087229034367E-7,0.00486081181092343),
 .UNSPECIFIED.);
#71=B_SPLINE_CURVE_WITH_KNOTS('',3,(#5713,#5714,#5715,#5716),
 .UNSPECIFIED.,.F.,.F.,(4,4),(2.83169392362387E-7,0.00486081189308677),
 .UNSPECIFIED.);
#72=B_SPLINE_CURVE_WITH_KNOTS('',3,(#5721,#5722,#5723,#5724),
 .UNSPECIFIED.,.F.,.F.,(4,4),(2.83188368795287E-7,0.0042474715417142),
 .UNSPECIFIED.);
#73=B_SPLINE_CURVE_WITH_KNOTS('',3,(#5728,#5729,#5730,#5731),
 .UNSPECIFIED.,.F.,.F.,(4,4),(2.83108634728184E-7,0.00424747146198012),
 .UNSPECIFIED.);
#74=B_SPLINE_CURVE_WITH_KNOTS('',3,(#5733,#5734,#5735,#5736),
 .UNSPECIFIED.,.F.,.F.,(4,4),(2.8310864131001E-7,0.00148161741469081),
 .UNSPECIFIED.);
#75=B_SPLINE_CURVE_WITH_KNOTS('',3,(#5740,#5741,#5742,#5743),
 .UNSPECIFIED.,.F.,.F.,(4,4),(2.83087231412574E-7,0.00148161739328088),
 .UNSPECIFIED.);
#76=B_SPLINE_CURVE_WITH_KNOTS('',3,(#5745,#5746,#5747,#5748),
 .UNSPECIFIED.,.F.,.F.,(4,4),(2.8308722903674E-7,0.00486081181092342),
 .UNSPECIFIED.);
#77=B_SPLINE_CURVE_WITH_KNOTS('',3,(#5752,#5753,#5754,#5755),
 .UNSPECIFIED.,.F.,.F.,(4,4),(2.83169392368753E-7,0.00486081189308678),
 .UNSPECIFIED.);
#78=B_SPLINE_CURVE_WITH_KNOTS('',3,(#5778,#5779,#5780,#5781),
 .UNSPECIFIED.,.F.,.F.,(4,4),(2.83188368769338E-7,0.0042474715417142),
 .UNSPECIFIED.);
#79=B_SPLINE_CURVE_WITH_KNOTS('',3,(#5785,#5786,#5787,#5788),
 .UNSPECIFIED.,.F.,.F.,(4,4),(2.83108634723294E-7,0.00424747146198013),
 .UNSPECIFIED.);
#80=B_SPLINE_CURVE_WITH_KNOTS('',3,(#5790,#5791,#5792,#5793),
 .UNSPECIFIED.,.F.,.F.,(4,4),(2.83108641311799E-7,0.0014816174146908),
 .UNSPECIFIED.);
#81=B_SPLINE_CURVE_WITH_KNOTS('',3,(#5797,#5798,#5799,#5800),
 .UNSPECIFIED.,.F.,.F.,(4,4),(2.83087231409739E-7,0.00148161739328088),
 .UNSPECIFIED.);
#82=B_SPLINE_CURVE_WITH_KNOTS('',3,(#5802,#5803,#5804,#5805),
 .UNSPECIFIED.,.F.,.F.,(4,4),(2.83087229038074E-7,0.00486081181092342),
 .UNSPECIFIED.);
#83=B_SPLINE_CURVE_WITH_KNOTS('',3,(#5809,#5810,#5811,#5812),
 .UNSPECIFIED.,.F.,.F.,(4,4),(2.83169392370884E-7,0.00486081189308676),
 .UNSPECIFIED.);
#84=B_SPLINE_CURVE_WITH_KNOTS('',3,(#5817,#5818,#5819,#5820),
 .UNSPECIFIED.,.F.,.F.,(4,4),(2.92463773802821E-7,0.00424748081711924),
 .UNSPECIFIED.);
#85=B_SPLINE_CURVE_WITH_KNOTS('',3,(#5824,#5825,#5826,#5827),
 .UNSPECIFIED.,.F.,.F.,(4,4),(2.83108634722359E-7,0.00424747146198014),
 .UNSPECIFIED.);
#86=B_SPLINE_CURVE_WITH_KNOTS('',3,(#5829,#5830,#5831,#5832),
 .UNSPECIFIED.,.F.,.F.,(4,4),(2.83108641313639E-7,0.0014816174146908),
 .UNSPECIFIED.);
#87=B_SPLINE_CURVE_WITH_KNOTS('',3,(#5836,#5837,#5838,#5839),
 .UNSPECIFIED.,.F.,.F.,(4,4),(2.92567832903079E-7,0.00148162687388238),
 .UNSPECIFIED.);
#88=B_SPLINE_CURVE_WITH_KNOTS('',3,(#5841,#5842,#5843,#5844),
 .UNSPECIFIED.,.F.,.F.,(4,4),(2.92567830456958E-7,0.00486082129152482),
 .UNSPECIFIED.);
#89=B_SPLINE_CURVE_WITH_KNOTS('',3,(#5848,#5849,#5850,#5851),
 .UNSPECIFIED.,.F.,.F.,(4,4),(2.83169392364783E-7,0.00486081189308675),
 .UNSPECIFIED.);
#90=B_SPLINE_CURVE_WITH_KNOTS('',3,(#5856,#5857,#5858,#5859),
 .UNSPECIFIED.,.F.,.F.,(4,4),(2.92463773836468E-7,0.00424748081711926),
 .UNSPECIFIED.);
#91=B_SPLINE_CURVE_WITH_KNOTS('',3,(#5863,#5864,#5865,#5866),
 .UNSPECIFIED.,.F.,.F.,(4,4),(2.83108634722359E-7,0.00424747146198015),
 .UNSPECIFIED.);
#92=B_SPLINE_CURVE_WITH_KNOTS('',3,(#5868,#5869,#5870,#5871),
 .UNSPECIFIED.,.F.,.F.,(4,4),(2.83108641316249E-7,0.00148161741469079),
 .UNSPECIFIED.);
#93=B_SPLINE_CURVE_WITH_KNOTS('',3,(#5875,#5876,#5877,#5878),
 .UNSPECIFIED.,.F.,.F.,(4,4),(2.92567832883152E-7,0.00148162687388235),
 .UNSPECIFIED.);
#94=B_SPLINE_CURVE_WITH_KNOTS('',3,(#5880,#5881,#5882,#5883),
 .UNSPECIFIED.,.F.,.F.,(4,4),(2.92567830446995E-7,0.0048608212915248),
 .UNSPECIFIED.);
#95=B_SPLINE_CURVE_WITH_KNOTS('',3,(#5887,#5888,#5889,#5890),
 .UNSPECIFIED.,.F.,.F.,(4,4),(2.83169392374746E-7,0.00486081189308673),
 .UNSPECIFIED.);
#96=B_SPLINE_CURVE_WITH_KNOTS('',3,(#5913,#5914,#5915,#5916),
 .UNSPECIFIED.,.F.,.F.,(4,4),(2.83188368767601E-7,0.0042474715417142),
 .UNSPECIFIED.);
#97=B_SPLINE_CURVE_WITH_KNOTS('',3,(#5920,#5921,#5922,#5923),
 .UNSPECIFIED.,.F.,.F.,(4,4),(2.83108634723294E-7,0.00424747146198016),
 .UNSPECIFIED.);
#98=B_SPLINE_CURVE_WITH_KNOTS('',3,(#5925,#5926,#5927,#5928),
 .UNSPECIFIED.,.F.,.F.,(4,4),(2.83108641311799E-7,0.00148161741469078),
 .UNSPECIFIED.);
#99=B_SPLINE_CURVE_WITH_KNOTS('',3,(#5932,#5933,#5934,#5935),
 .UNSPECIFIED.,.F.,.F.,(4,4),(2.83087231424037E-7,0.00148161739328089),
 .UNSPECIFIED.);
#100=B_SPLINE_CURVE_WITH_KNOTS('',3,(#5937,#5938,#5939,#5940),
 .UNSPECIFIED.,.F.,.F.,(4,4),(2.8308722906422E-7,0.00486081181092342),
 .UNSPECIFIED.);
#101=B_SPLINE_CURVE_WITH_KNOTS('',3,(#5944,#5945,#5946,#5947),
 .UNSPECIFIED.,.F.,.F.,(4,4),(2.83169392370884E-7,0.00486081189308671),
 .UNSPECIFIED.);
#102=B_SPLINE_CURVE_WITH_KNOTS('',3,(#5952,#5953,#5954,#5955),
 .UNSPECIFIED.,.F.,.F.,(4,4),(2.83188368770378E-7,0.0042474715417142),
 .UNSPECIFIED.);
#103=B_SPLINE_CURVE_WITH_KNOTS('',3,(#5959,#5960,#5961,#5962),
 .UNSPECIFIED.,.F.,.F.,(4,4),(2.83108634723202E-7,0.00424747146198016),
 .UNSPECIFIED.);
#104=B_SPLINE_CURVE_WITH_KNOTS('',3,(#5964,#5965,#5966,#5967),
 .UNSPECIFIED.,.F.,.F.,(4,4),(2.83108641312382E-7,0.00148161741469077),
 .UNSPECIFIED.);
#105=B_SPLINE_CURVE_WITH_KNOTS('',3,(#5971,#5972,#5973,#5974),
 .UNSPECIFIED.,.F.,.F.,(4,4),(2.83087231420166E-7,0.00148161739328089),
 .UNSPECIFIED.);
#106=B_SPLINE_CURVE_WITH_KNOTS('',3,(#5976,#5977,#5978,#5979),
 .UNSPECIFIED.,.F.,.F.,(4,4),(2.83087229071771E-7,0.00486081181092342),
 .UNSPECIFIED.);
#107=B_SPLINE_CURVE_WITH_KNOTS('',3,(#5983,#5984,#5985,#5986),
 .UNSPECIFIED.,.F.,.F.,(4,4),(2.83169392368753E-7,0.0048608118930867),
 .UNSPECIFIED.);
#108=B_SPLINE_CURVE_WITH_KNOTS('',3,(#5991,#5992,#5993,#5994),
 .UNSPECIFIED.,.F.,.F.,(4,4),(2.83188368750451E-7,0.0042474715417142),
 .UNSPECIFIED.);
#109=B_SPLINE_CURVE_WITH_KNOTS('',3,(#5998,#5999,#6000,#6001),
 .UNSPECIFIED.,.F.,.F.,(4,4),(2.83108634725653E-7,0.00424747146198016),
 .UNSPECIFIED.);
#110=B_SPLINE_CURVE_WITH_KNOTS('',3,(#6003,#6004,#6005,#6006),
 .UNSPECIFIED.,.F.,.F.,(4,4),(2.83108641317363E-7,0.00148161741469077),
 .UNSPECIFIED.);
#111=B_SPLINE_CURVE_WITH_KNOTS('',3,(#6010,#6011,#6012,#6013),
 .UNSPECIFIED.,.F.,.F.,(4,4),(2.83087231420166E-7,0.00148161739328089),
 .UNSPECIFIED.);
#112=B_SPLINE_CURVE_WITH_KNOTS('',3,(#6015,#6016,#6017,#6018),
 .UNSPECIFIED.,.F.,.F.,(4,4),(2.83087229071771E-7,0.00486081181092342),
 .UNSPECIFIED.);
#113=B_SPLINE_CURVE_WITH_KNOTS('',3,(#6022,#6023,#6024,#6025),
 .UNSPECIFIED.,.F.,.F.,(4,4),(2.83169392363771E-7,0.0048608118930867),
 .UNSPECIFIED.);
#114=B_SPLINE_CURVE_WITH_KNOTS('',3,(#6048,#6049,#6050,#6051),
 .UNSPECIFIED.,.F.,.F.,(4,4),(2.83188368767601E-7,0.0042474715417142),
 .UNSPECIFIED.);
#115=B_SPLINE_CURVE_WITH_KNOTS('',3,(#6055,#6056,#6057,#6058),
 .UNSPECIFIED.,.F.,.F.,(4,4),(2.83108634725745E-7,0.00424747146198016),
 .UNSPECIFIED.);
#116=B_SPLINE_CURVE_WITH_KNOTS('',3,(#6060,#6061,#6062,#6063),
 .UNSPECIFIED.,.F.,.F.,(4,4),(2.8310864131425E-7,0.00148161741469078),
 .UNSPECIFIED.);
#117=B_SPLINE_CURVE_WITH_KNOTS('',3,(#6067,#6068,#6069,#6070),
 .UNSPECIFIED.,.F.,.F.,(4,4),(2.83087231418113E-7,0.00148161739328089),
 .UNSPECIFIED.);
#118=B_SPLINE_CURVE_WITH_KNOTS('',3,(#6072,#6073,#6074,#6075),
 .UNSPECIFIED.,.F.,.F.,(4,4),(2.83087229061769E-7,0.00486081181092342),
 .UNSPECIFIED.);
#119=B_SPLINE_CURVE_WITH_KNOTS('',3,(#6079,#6080,#6081,#6082),
 .UNSPECIFIED.,.F.,.F.,(4,4),(2.8316939236496E-7,0.0048608118930867),
 .UNSPECIFIED.);
#120=B_SPLINE_CURVE_WITH_KNOTS('',3,(#6087,#6088,#6089,#6090),
 .UNSPECIFIED.,.F.,.F.,(4,4),(2.92463773841291E-7,0.00424748081711927),
 .UNSPECIFIED.);
#121=B_SPLINE_CURVE_WITH_KNOTS('',3,(#6094,#6095,#6096,#6097),
 .UNSPECIFIED.,.F.,.F.,(4,4),(2.83108634724968E-7,0.00424747146198015),
 .UNSPECIFIED.);
#122=B_SPLINE_CURVE_WITH_KNOTS('',3,(#6099,#6100,#6101,#6102),
 .UNSPECIFIED.,.F.,.F.,(4,4),(2.83108641316249E-7,0.00148161741469078),
 .UNSPECIFIED.);
#123=B_SPLINE_CURVE_WITH_KNOTS('',3,(#6106,#6107,#6108,#6109),
 .UNSPECIFIED.,.F.,.F.,(4,4),(2.9256783287817E-7,0.00148162687388235),
 .UNSPECIFIED.);
#124=B_SPLINE_CURVE_WITH_KNOTS('',3,(#6111,#6112,#6113,#6114),
 .UNSPECIFIED.,.F.,.F.,(4,4),(2.92567830442172E-7,0.0048608212915248),
 .UNSPECIFIED.);
#125=B_SPLINE_CURVE_WITH_KNOTS('',3,(#6118,#6119,#6120,#6121),
 .UNSPECIFIED.,.F.,.F.,(4,4),(2.83169392366167E-7,0.00486081189308672),
 .UNSPECIFIED.);
#126=B_SPLINE_CURVE_WITH_KNOTS('',3,(#6315,#6316,#6317,#6318,#6319,#6320,
#6321,#6322,#6323,#6324,#6325),.UNSPECIFIED.,.T.,.F.,(1,1,1,1,1,1,1,1,1,
1,1,1,1,1,1),(-0.00351726665266239,-0.00234484443510826,-0.00117242221755413,
0.,0.00117242221755413,0.00234484443510826,0.00351726665266239,0.00468968887021652,
0.00586211108777064,0.00703453330532477,0.0082069555228789,0.00937937774043303,
0.0105517999579872,0.0117242221755413,0.0128966443930954),.UNSPECIFIED.);
#127=B_SPLINE_CURVE_WITH_KNOTS('',3,(#6571,#6572,#6573,#6574,#6575,#6576,
#6577,#6578,#6579,#6580,#6581),.UNSPECIFIED.,.T.,.F.,(1,1,1,1,1,1,1,1,1,
1,1,1,1,1,1),(-0.00352523475302025,-0.0023501565020135,-0.00117507825100675,
0.,0.00117507825100675,0.0023501565020135,0.00352523475302025,0.004700313004027,
0.00587539125503375,0.0070504695060405,0.00822554775704724,0.00940062600805399,
0.0105757042590607,0.0117507825100675,0.0129258607610742),.UNSPECIFIED.);
#128=B_SPLINE_CURVE_WITH_KNOTS('',3,(#6666,#6667,#6668,#6669,#6670),
 .UNSPECIFIED.,.F.,.F.,(4,1,4),(0.,0.000895858618085144,0.00179171723617029),
 .UNSPECIFIED.);
#129=B_SPLINE_CURVE_WITH_KNOTS('',3,(#6672,#6673,#6674,#6675,#6676),
 .UNSPECIFIED.,.F.,.F.,(4,1,4),(0.,0.000895858618085148,0.0017917172361703),
 .UNSPECIFIED.);
#130=B_SPLINE_CURVE_WITH_KNOTS('',3,(#6678,#6679,#6680,#6681,#6682),
 .UNSPECIFIED.,.F.,.F.,(4,1,4),(0.,0.000895858618085148,0.0017917172361703),
 .UNSPECIFIED.);
#131=B_SPLINE_CURVE_WITH_KNOTS('',3,(#6684,#6685,#6686,#6687,#6688),
 .UNSPECIFIED.,.F.,.F.,(4,1,4),(0.,0.000895858618085148,0.0017917172361703),
 .UNSPECIFIED.);
#132=B_SPLINE_CURVE_WITH_KNOTS('',3,(#6707,#6708,#6709,#6710,#6711),
 .UNSPECIFIED.,.F.,.F.,(4,1,4),(0.,0.00088268627123715,0.0017653725424743),
 .UNSPECIFIED.);
#133=B_SPLINE_CURVE_WITH_KNOTS('',3,(#6713,#6714,#6715,#6716,#6717),
 .UNSPECIFIED.,.F.,.F.,(4,1,4),(0.,0.00088268627123715,0.0017653725424743),
 .UNSPECIFIED.);
#134=B_SPLINE_CURVE_WITH_KNOTS('',3,(#6728,#6729,#6730,#6731,#6732),
 .UNSPECIFIED.,.F.,.F.,(4,1,4),(0.,0.000882686271237152,0.0017653725424743),
 .UNSPECIFIED.);
#135=B_SPLINE_CURVE_WITH_KNOTS('',3,(#6734,#6735,#6736,#6737,#6738),
 .UNSPECIFIED.,.F.,.F.,(4,1,4),(0.,0.000882686271237152,0.0017653725424743),
 .UNSPECIFIED.);
#136=CONICAL_SURFACE('',#3855,14.7816320045177,0.0831412318884412);
#137=CONICAL_SURFACE('',#3881,21.5,0.78539816339745);
#138=CONICAL_SURFACE('',#3882,20.5,0.785398163397447);
#139=CONICAL_SURFACE('',#3883,21.5,0.785398163397448);
#140=CONICAL_SURFACE('',#3884,20.5,0.785398163397447);
#141=CONICAL_SURFACE('',#3885,21.5,0.785398163397447);
#142=CONICAL_SURFACE('',#3886,20.5,0.785398163397448);
#143=CONICAL_SURFACE('',#3887,21.5,0.785398163397447);
#144=CONICAL_SURFACE('',#3888,20.5,0.785398163397447);
#145=CONICAL_SURFACE('',#3913,14.75,0.0831412318884412);
#146=CONICAL_SURFACE('',#3914,17.,0.785398163397451);
#147=CONICAL_SURFACE('',#3915,21.5,0.785398163397448);
#148=CONICAL_SURFACE('',#3918,21.5,0.785398163397448);
#149=CONICAL_SURFACE('',#3921,24.5,0.785398163397448);
#150=CONICAL_SURFACE('',#3923,24.5,0.785398163397448);
#151=CONICAL_SURFACE('',#3925,25.5465180361561,0.785398163397448);
#152=CONICAL_SURFACE('',#3927,25.5465180361561,0.785398163397448);
#153=CONICAL_SURFACE('',#3929,21.5,0.785398163397448);
#154=CONICAL_SURFACE('',#3932,24.5,0.785398163397448);
#155=CONICAL_SURFACE('',#3934,25.5465180361561,0.785398163397448);
#156=CONICAL_SURFACE('',#3936,21.5,0.785398163397448);
#157=CONICAL_SURFACE('',#3939,24.5,0.785398163397448);
#158=CONICAL_SURFACE('',#3941,25.5465180361561,0.785398163397448);
#159=CONICAL_SURFACE('',#3945,21.5,0.785398163397448);
#160=CONICAL_SURFACE('',#3948,24.5,0.785398163397448);
#161=CONICAL_SURFACE('',#3950,25.5465180361561,0.785398163397448);
#162=CONICAL_SURFACE('',#3952,21.5,0.785398163397448);
#163=CONICAL_SURFACE('',#3955,24.5,0.785398163397448);
#164=CONICAL_SURFACE('',#3957,25.5465180361561,0.785398163397448);
#165=CONICAL_SURFACE('',#3959,21.5,0.785398163397448);
#166=CONICAL_SURFACE('',#3962,24.5,0.785398163397448);
#167=CONICAL_SURFACE('',#3964,25.5465180361561,0.785398163397448);
#168=CONICAL_SURFACE('',#3968,21.5,0.785398163397448);
#169=CONICAL_SURFACE('',#3971,24.5,0.785398163397448);
#170=CONICAL_SURFACE('',#3973,25.5465180361561,0.785398163397448);
#171=CONICAL_SURFACE('',#3975,21.5,0.785398163397448);
#172=CONICAL_SURFACE('',#3978,24.5,0.785398163397448);
#173=CONICAL_SURFACE('',#3980,25.5465180361561,0.785398163397448);
#174=CONICAL_SURFACE('',#3982,21.5,0.785398163397448);
#175=CONICAL_SURFACE('',#3985,24.5,0.785398163397448);
#176=CONICAL_SURFACE('',#3987,25.5465180361561,0.785398163397448);
#177=CONICAL_SURFACE('',#3991,21.5,0.785398163397448);
#178=CONICAL_SURFACE('',#3994,24.5,0.785398163397448);
#179=CONICAL_SURFACE('',#3996,25.5465180361561,0.785398163397448);
#180=CONICAL_SURFACE('',#3998,21.5,0.785398163397448);
#181=CONICAL_SURFACE('',#4001,24.5,0.785398163397448);
#182=CONICAL_SURFACE('',#4003,25.5465180361561,0.785398163397448);
#183=PLANE('',#3849);
#184=PLANE('',#3858);
#185=PLANE('',#3868);
#186=PLANE('',#3869);
#187=PLANE('',#3870);
#188=PLANE('',#3871);
#189=PLANE('',#3872);
#190=PLANE('',#3873);
#191=PLANE('',#3874);
#192=PLANE('',#3875);
#193=PLANE('',#3876);
#194=PLANE('',#3877);
#195=PLANE('',#3878);
#196=PLANE('',#3879);
#197=PLANE('',#3880);
#198=PLANE('',#3889);
#199=PLANE('',#3894);
#200=PLANE('',#3901);
#201=PLANE('',#3910);
#202=PLANE('',#3943);
#203=PLANE('',#3944);
#204=PLANE('',#3966);
#205=PLANE('',#3967);
#206=PLANE('',#3989);
#207=PLANE('',#3990);
#208=PLANE('',#4005);
#209=PLANE('',#4006);
#210=PLANE('',#4007);
#211=PLANE('',#4027);
#212=PLANE('',#4044);
#213=PLANE('',#4045);
#214=PLANE('',#4046);
#215=PLANE('',#4047);
#216=PLANE('',#4049);
#217=PLANE('',#4051);
#218=PLANE('',#4052);
#219=PLANE('',#4053);
#220=PLANE('',#4055);
#221=PLANE('',#4056);
#222=PLANE('',#4059);
#223=PLANE('',#4061);
#224=PLANE('',#4062);
#225=PLANE('',#4063);
#226=PLANE('',#4065);
#227=PLANE('',#4066);
#228=PLANE('',#4069);
#229=PLANE('',#4071);
#230=PLANE('',#4072);
#231=PLANE('',#4073);
#232=PLANE('',#4075);
#233=PLANE('',#4076);
#234=PLANE('',#4079);
#235=PLANE('',#4081);
#236=PLANE('',#4082);
#237=PLANE('',#4083);
#238=PLANE('',#4085);
#239=PLANE('',#4086);
#240=PLANE('',#4093);
#241=PLANE('',#4100);
#242=PLANE('',#4107);
#243=PLANE('',#4108);
#244=PLANE('',#4109);
#245=PLANE('',#4110);
#246=PLANE('',#4111);
#247=PLANE('',#4112);
#248=PLANE('',#4113);
#249=PLANE('',#4114);
#250=PLANE('',#4115);
#251=PLANE('',#4116);
#252=PLANE('',#4117);
#253=PLANE('',#4121);
#254=PLANE('',#4122);
#255=PLANE('',#4123);
#256=PLANE('',#4124);
#257=PLANE('',#4137);
#258=PLANE('',#4140);
#259=PLANE('',#4141);
#260=PLANE('',#4144);
#261=PLANE('',#4147);
#262=PLANE('',#4148);
#263=PLANE('',#4250);
#264=PLANE('',#4254);
#265=PLANE('',#4255);
#266=CIRCLE('',#3841,21.5);
#267=CIRCLE('',#3842,21.5);
#268=CIRCLE('',#3844,21.5);
#269=CIRCLE('',#3845,21.5);
#270=CIRCLE('',#3847,21.5);
#271=CIRCLE('',#3848,21.5);
#272=CIRCLE('',#3850,10.);
#273=CIRCLE('',#3851,20.5);
#274=CIRCLE('',#3852,20.5);
#275=CIRCLE('',#3853,20.5);
#276=CIRCLE('',#3854,20.5);
#277=CIRCLE('',#3856,12.364965337851);
#278=CIRCLE('',#3857,14.7816320045177);
#279=CIRCLE('',#3859,20.5);
#280=CIRCLE('',#3860,20.5);
#281=CIRCLE('',#3861,20.5);
#282=CIRCLE('',#3862,20.5);
#283=CIRCLE('',#3864,21.5);
#284=CIRCLE('',#3865,21.5);
#285=CIRCLE('',#3867,10.);
#286=CIRCLE('',#3890,24.8947785690092);
#287=CIRCLE('',#3891,21.5);
#288=CIRCLE('',#3893,24.8947785690092);
#289=CIRCLE('',#3895,21.5);
#290=CIRCLE('',#3897,21.5);
#291=CIRCLE('',#3899,21.5);
#292=CIRCLE('',#3902,17.);
#293=CIRCLE('',#3903,12.5);
#294=CIRCLE('',#3905,17.);
#295=CIRCLE('',#3907,17.);
#296=CIRCLE('',#3909,17.);
#297=CIRCLE('',#3911,16.35);
#298=CIRCLE('',#3912,14.75);
#299=CIRCLE('',#3916,21.5);
#300=CIRCLE('',#3917,24.5);
#301=CIRCLE('',#3919,24.5);
#302=CIRCLE('',#3920,21.5);
#303=CIRCLE('',#3922,25.5465180361561);
#304=CIRCLE('',#3924,25.5465180361561);
#305=CIRCLE('',#3926,22.1130360723122);
#306=CIRCLE('',#3928,22.1130360723122);
#307=CIRCLE('',#3930,21.5);
#308=CIRCLE('',#3931,24.5);
#309=CIRCLE('',#3933,25.5465180361561);
#310=CIRCLE('',#3935,22.1130360723122);
#311=CIRCLE('',#3937,21.5);
#312=CIRCLE('',#3938,24.5);
#313=CIRCLE('',#3940,25.5465180361561);
#314=CIRCLE('',#3942,22.1130360723122);
#315=CIRCLE('',#3946,21.5);
#316=CIRCLE('',#3947,24.5);
#317=CIRCLE('',#3949,25.5465180361561);
#318=CIRCLE('',#3951,22.1130360723122);
#319=CIRCLE('',#3953,21.5);
#320=CIRCLE('',#3954,24.5);
#321=CIRCLE('',#3956,25.5465180361561);
#322=CIRCLE('',#3958,22.1130360723122);
#323=CIRCLE('',#3960,21.5);
#324=CIRCLE('',#3961,24.5);
#325=CIRCLE('',#3963,25.5465180361561);
#326=CIRCLE('',#3965,22.1130360723122);
#327=CIRCLE('',#3969,21.5);
#328=CIRCLE('',#3970,24.5);
#329=CIRCLE('',#3972,25.5465180361561);
#330=CIRCLE('',#3974,22.1130360723122);
#331=CIRCLE('',#3976,21.5);
#332=CIRCLE('',#3977,24.5);
#333=CIRCLE('',#3979,25.5465180361561);
#334=CIRCLE('',#3981,22.1130360723122);
#335=CIRCLE('',#3983,21.5);
#336=CIRCLE('',#3984,24.5);
#337=CIRCLE('',#3986,25.5465180361561);
#338=CIRCLE('',#3988,22.1130360723122);
#339=CIRCLE('',#3992,21.5);
#340=CIRCLE('',#3993,24.5);
#341=CIRCLE('',#3995,25.5465180361561);
#342=CIRCLE('',#3997,22.1130360723122);
#343=CIRCLE('',#3999,21.5);
#344=CIRCLE('',#4000,24.5);
#345=CIRCLE('',#4002,25.5465180361561);
#346=CIRCLE('',#4004,22.1130360723122);
#347=CIRCLE('',#4008,21.5);
#348=CIRCLE('',#4009,21.5);
#349=CIRCLE('',#4010,21.5);
#350=CIRCLE('',#4011,21.5);
#351=CIRCLE('',#4012,21.5);
#352=CIRCLE('',#4013,21.5);
#353=CIRCLE('',#4014,21.5);
#354=CIRCLE('',#4015,21.5);
#355=CIRCLE('',#4016,21.5);
#356=CIRCLE('',#4017,21.5);
#357=CIRCLE('',#4018,21.5);
#358=CIRCLE('',#4019,21.5);
#359=CIRCLE('',#4020,21.5);
#360=CIRCLE('',#4021,21.5);
#361=CIRCLE('',#4022,21.5);
#362=CIRCLE('',#4023,21.5);
#363=CIRCLE('',#4024,12.5);
#364=CIRCLE('',#4026,12.5);
#365=CIRCLE('',#4028,21.5);
#366=CIRCLE('',#4029,21.5);
#367=CIRCLE('',#4030,21.5);
#368=CIRCLE('',#4031,21.5);
#369=CIRCLE('',#4032,21.5);
#370=CIRCLE('',#4033,21.5);
#371=CIRCLE('',#4034,21.5);
#372=CIRCLE('',#4035,21.5);
#373=CIRCLE('',#4036,21.5);
#374=CIRCLE('',#4037,21.5);
#375=CIRCLE('',#4038,21.5);
#376=CIRCLE('',#4039,21.5);
#377=CIRCLE('',#4040,21.5);
#378=CIRCLE('',#4041,21.5);
#379=CIRCLE('',#4042,21.5);
#380=CIRCLE('',#4043,21.5);
#381=CIRCLE('',#4091,35.);
#382=CIRCLE('',#4092,35.);
#383=CIRCLE('',#4094,27.107544526456);
#384=CIRCLE('',#4095,33.8936170212766);
#385=CIRCLE('',#4096,1.1063829787234);
#386=CIRCLE('',#4097,1.1063829787234);
#387=CIRCLE('',#4098,1.1063829787234);
#388=CIRCLE('',#4099,1.1063829787234);
#389=CIRCLE('',#4101,27.107544526456);
#390=CIRCLE('',#4102,33.8936170212766);
#391=CIRCLE('',#4103,1.1063829787234);
#392=CIRCLE('',#4104,1.1063829787234);
#393=CIRCLE('',#4105,1.1063829787234);
#394=CIRCLE('',#4106,1.1063829787234);
#395=CIRCLE('',#4118,9.);
#396=CIRCLE('',#4119,25.5);
#397=CIRCLE('',#4120,25.5);
#398=CIRCLE('',#4125,24.3936170212766);
#399=CIRCLE('',#4126,24.3936170212766);
#400=CIRCLE('',#4127,9.);
#401=CIRCLE('',#4129,24.8947785690092);
#402=CIRCLE('',#4130,24.8947785690092);
#403=CIRCLE('',#4132,27.107544526456);
#404=CIRCLE('',#4135,27.107544526456);
#405=CIRCLE('',#4138,1.1063829787234);
#406=CIRCLE('',#4139,1.1063829787234);
#407=CIRCLE('',#4142,1.1063829787234);
#408=CIRCLE('',#4143,1.1063829787234);
#409=CIRCLE('',#4145,1.1063829787234);
#410=CIRCLE('',#4146,1.1063829787234);
#411=CIRCLE('',#4149,1.1063829787234);
#412=CIRCLE('',#4150,1.1063829787234);
#413=CIRCLE('',#4152,25.5);
#414=CIRCLE('',#4154,25.5);
#415=CIRCLE('',#4157,1.1063829787234);
#416=CIRCLE('',#4158,1.1063829787234);
#417=CIRCLE('',#4160,1.1063829787234);
#418=CIRCLE('',#4161,1.1063829787234);
#419=CIRCLE('',#4163,1.1063829787234);
#420=CIRCLE('',#4164,1.1063829787234);
#421=CIRCLE('',#4166,1.1063829787234);
#422=CIRCLE('',#4167,1.1063829787234);
#423=CIRCLE('',#4170,1.1063829787234);
#424=CIRCLE('',#4172,1.1063829787234);
#425=CIRCLE('',#4176,1.1063829787234);
#426=CIRCLE('',#4178,1.1063829787234);
#427=CIRCLE('',#4181,1.1063829787234);
#428=CIRCLE('',#4183,1.1063829787234);
#429=CIRCLE('',#4187,1.1063829787234);
#430=CIRCLE('',#4190,1.1063829787234);
#431=CIRCLE('',#4193,1.1063829787234);
#432=CIRCLE('',#4195,1.1063829787234);
#433=CIRCLE('',#4197,1.1063829787234);
#434=CIRCLE('',#4199,1.1063829787234);
#435=CIRCLE('',#4201,1.1063829787234);
#436=CIRCLE('',#4202,1.1063829787234);
#437=CIRCLE('',#4204,1.1063829787234);
#438=CIRCLE('',#4206,1.1063829787234);
#439=CIRCLE('',#4212,1.1063829787234);
#440=CIRCLE('',#4214,1.1063829787234);
#441=CIRCLE('',#4216,1.1063829787234);
#442=CIRCLE('',#4218,1.1063829787234);
#443=CIRCLE('',#4225,1.1063829787234);
#444=CIRCLE('',#4227,1.1063829787234);
#445=CIRCLE('',#4231,1.1063829787234);
#446=CIRCLE('',#4233,1.1063829787234);
#447=CIRCLE('',#4236,1.1063829787234);
#448=CIRCLE('',#4238,1.1063829787234);
#449=CIRCLE('',#4242,1.1063829787234);
#450=CIRCLE('',#4244,1.1063829787234);
#451=CIRCLE('',#4248,2.50000000000096);
#452=CIRCLE('',#4249,2.50000000000096);
#453=CIRCLE('',#4251,1.45000000000097);
#454=CIRCLE('',#4253,1.45000000000096);
#455=ORIENTED_EDGE('',*,*,#1505,.T.);
#456=ORIENTED_EDGE('',*,*,#1506,.T.);
#457=ORIENTED_EDGE('',*,*,#1507,.T.);
#458=ORIENTED_EDGE('',*,*,#1508,.T.);
#459=ORIENTED_EDGE('',*,*,#1509,.T.);
#460=ORIENTED_EDGE('',*,*,#1510,.T.);
#461=ORIENTED_EDGE('',*,*,#1511,.T.);
#462=ORIENTED_EDGE('',*,*,#1512,.T.);
#463=ORIENTED_EDGE('',*,*,#1513,.T.);
#464=ORIENTED_EDGE('',*,*,#1514,.T.);
#465=ORIENTED_EDGE('',*,*,#1515,.T.);
#466=ORIENTED_EDGE('',*,*,#1516,.T.);
#467=ORIENTED_EDGE('',*,*,#1517,.F.);
#468=ORIENTED_EDGE('',*,*,#1518,.F.);
#469=ORIENTED_EDGE('',*,*,#1519,.T.);
#470=ORIENTED_EDGE('',*,*,#1520,.F.);
#471=ORIENTED_EDGE('',*,*,#1521,.F.);
#472=ORIENTED_EDGE('',*,*,#1522,.F.);
#473=ORIENTED_EDGE('',*,*,#1523,.T.);
#474=ORIENTED_EDGE('',*,*,#1524,.F.);
#475=ORIENTED_EDGE('',*,*,#1525,.F.);
#476=ORIENTED_EDGE('',*,*,#1526,.F.);
#477=ORIENTED_EDGE('',*,*,#1527,.T.);
#478=ORIENTED_EDGE('',*,*,#1528,.F.);
#479=ORIENTED_EDGE('',*,*,#1529,.F.);
#480=ORIENTED_EDGE('',*,*,#1530,.F.);
#481=ORIENTED_EDGE('',*,*,#1531,.T.);
#482=ORIENTED_EDGE('',*,*,#1532,.F.);
#483=ORIENTED_EDGE('',*,*,#1533,.F.);
#484=ORIENTED_EDGE('',*,*,#1534,.F.);
#485=ORIENTED_EDGE('',*,*,#1535,.T.);
#486=ORIENTED_EDGE('',*,*,#1536,.T.);
#487=ORIENTED_EDGE('',*,*,#1537,.T.);
#488=ORIENTED_EDGE('',*,*,#1538,.T.);
#489=ORIENTED_EDGE('',*,*,#1539,.T.);
#490=ORIENTED_EDGE('',*,*,#1540,.T.);
#491=ORIENTED_EDGE('',*,*,#1541,.T.);
#492=ORIENTED_EDGE('',*,*,#1542,.T.);
#493=ORIENTED_EDGE('',*,*,#1543,.T.);
#494=ORIENTED_EDGE('',*,*,#1544,.T.);
#495=ORIENTED_EDGE('',*,*,#1545,.T.);
#496=ORIENTED_EDGE('',*,*,#1546,.T.);
#497=ORIENTED_EDGE('',*,*,#1547,.T.);
#498=ORIENTED_EDGE('',*,*,#1548,.T.);
#499=ORIENTED_EDGE('',*,*,#1549,.T.);
#500=ORIENTED_EDGE('',*,*,#1550,.T.);
#501=ORIENTED_EDGE('',*,*,#1551,.T.);
#502=ORIENTED_EDGE('',*,*,#1534,.T.);
#503=ORIENTED_EDGE('',*,*,#1552,.T.);
#504=ORIENTED_EDGE('',*,*,#1553,.T.);
#505=ORIENTED_EDGE('',*,*,#1554,.T.);
#506=ORIENTED_EDGE('',*,*,#1555,.T.);
#507=ORIENTED_EDGE('',*,*,#1556,.F.);
#508=ORIENTED_EDGE('',*,*,#1517,.T.);
#509=ORIENTED_EDGE('',*,*,#1535,.F.);
#510=ORIENTED_EDGE('',*,*,#1556,.T.);
#511=ORIENTED_EDGE('',*,*,#1557,.T.);
#512=ORIENTED_EDGE('',*,*,#1533,.T.);
#513=ORIENTED_EDGE('',*,*,#1558,.F.);
#514=ORIENTED_EDGE('',*,*,#1539,.F.);
#515=ORIENTED_EDGE('',*,*,#1538,.F.);
#516=ORIENTED_EDGE('',*,*,#1559,.T.);
#517=ORIENTED_EDGE('',*,*,#1509,.F.);
#518=ORIENTED_EDGE('',*,*,#1560,.T.);
#519=ORIENTED_EDGE('',*,*,#1518,.T.);
#520=ORIENTED_EDGE('',*,*,#1557,.F.);
#521=ORIENTED_EDGE('',*,*,#1515,.F.);
#522=ORIENTED_EDGE('',*,*,#1561,.T.);
#523=ORIENTED_EDGE('',*,*,#1540,.F.);
#524=ORIENTED_EDGE('',*,*,#1558,.T.);
#525=ORIENTED_EDGE('',*,*,#1532,.T.);
#526=ORIENTED_EDGE('',*,*,#1562,.T.);
#527=ORIENTED_EDGE('',*,*,#1563,.T.);
#528=ORIENTED_EDGE('',*,*,#1529,.T.);
#529=ORIENTED_EDGE('',*,*,#1564,.F.);
#530=ORIENTED_EDGE('',*,*,#1543,.F.);
#531=ORIENTED_EDGE('',*,*,#1554,.F.);
#532=ORIENTED_EDGE('',*,*,#1565,.T.);
#533=ORIENTED_EDGE('',*,*,#1544,.F.);
#534=ORIENTED_EDGE('',*,*,#1564,.T.);
#535=ORIENTED_EDGE('',*,*,#1528,.T.);
#536=ORIENTED_EDGE('',*,*,#1566,.T.);
#537=ORIENTED_EDGE('',*,*,#1542,.F.);
#538=ORIENTED_EDGE('',*,*,#1567,.T.);
#539=ORIENTED_EDGE('',*,*,#1513,.F.);
#540=ORIENTED_EDGE('',*,*,#1568,.T.);
#541=ORIENTED_EDGE('',*,*,#1530,.T.);
#542=ORIENTED_EDGE('',*,*,#1563,.F.);
#543=ORIENTED_EDGE('',*,*,#1569,.T.);
#544=ORIENTED_EDGE('',*,*,#1521,.T.);
#545=ORIENTED_EDGE('',*,*,#1570,.F.);
#546=ORIENTED_EDGE('',*,*,#1551,.F.);
#547=ORIENTED_EDGE('',*,*,#1550,.F.);
#548=ORIENTED_EDGE('',*,*,#1571,.T.);
#549=ORIENTED_EDGE('',*,*,#1505,.F.);
#550=ORIENTED_EDGE('',*,*,#1572,.T.);
#551=ORIENTED_EDGE('',*,*,#1522,.T.);
#552=ORIENTED_EDGE('',*,*,#1569,.F.);
#553=ORIENTED_EDGE('',*,*,#1511,.F.);
#554=ORIENTED_EDGE('',*,*,#1573,.T.);
#555=ORIENTED_EDGE('',*,*,#1536,.F.);
#556=ORIENTED_EDGE('',*,*,#1570,.T.);
#557=ORIENTED_EDGE('',*,*,#1520,.T.);
#558=ORIENTED_EDGE('',*,*,#1574,.T.);
#559=ORIENTED_EDGE('',*,*,#1575,.T.);
#560=ORIENTED_EDGE('',*,*,#1525,.T.);
#561=ORIENTED_EDGE('',*,*,#1576,.F.);
#562=ORIENTED_EDGE('',*,*,#1547,.F.);
#563=ORIENTED_EDGE('',*,*,#1546,.F.);
#564=ORIENTED_EDGE('',*,*,#1577,.T.);
#565=ORIENTED_EDGE('',*,*,#1552,.F.);
#566=ORIENTED_EDGE('',*,*,#1578,.T.);
#567=ORIENTED_EDGE('',*,*,#1526,.T.);
#568=ORIENTED_EDGE('',*,*,#1575,.F.);
#569=ORIENTED_EDGE('',*,*,#1507,.F.);
#570=ORIENTED_EDGE('',*,*,#1579,.T.);
#571=ORIENTED_EDGE('',*,*,#1548,.F.);
#572=ORIENTED_EDGE('',*,*,#1576,.T.);
#573=ORIENTED_EDGE('',*,*,#1524,.T.);
#574=ORIENTED_EDGE('',*,*,#1580,.T.);
#575=ORIENTED_EDGE('',*,*,#1559,.F.);
#576=ORIENTED_EDGE('',*,*,#1537,.F.);
#577=ORIENTED_EDGE('',*,*,#1573,.F.);
#578=ORIENTED_EDGE('',*,*,#1510,.F.);
#579=ORIENTED_EDGE('',*,*,#1560,.F.);
#580=ORIENTED_EDGE('',*,*,#1512,.F.);
#581=ORIENTED_EDGE('',*,*,#1574,.F.);
#582=ORIENTED_EDGE('',*,*,#1519,.F.);
#583=ORIENTED_EDGE('',*,*,#1571,.F.);
#584=ORIENTED_EDGE('',*,*,#1549,.F.);
#585=ORIENTED_EDGE('',*,*,#1579,.F.);
#586=ORIENTED_EDGE('',*,*,#1506,.F.);
#587=ORIENTED_EDGE('',*,*,#1572,.F.);
#588=ORIENTED_EDGE('',*,*,#1508,.F.);
#589=ORIENTED_EDGE('',*,*,#1580,.F.);
#590=ORIENTED_EDGE('',*,*,#1523,.F.);
#591=ORIENTED_EDGE('',*,*,#1577,.F.);
#592=ORIENTED_EDGE('',*,*,#1545,.F.);
#593=ORIENTED_EDGE('',*,*,#1565,.F.);
#594=ORIENTED_EDGE('',*,*,#1553,.F.);
#595=ORIENTED_EDGE('',*,*,#1578,.F.);
#596=ORIENTED_EDGE('',*,*,#1555,.F.);
#597=ORIENTED_EDGE('',*,*,#1566,.F.);
#598=ORIENTED_EDGE('',*,*,#1527,.F.);
#599=ORIENTED_EDGE('',*,*,#1567,.F.);
#600=ORIENTED_EDGE('',*,*,#1541,.F.);
#601=ORIENTED_EDGE('',*,*,#1561,.F.);
#602=ORIENTED_EDGE('',*,*,#1514,.F.);
#603=ORIENTED_EDGE('',*,*,#1568,.F.);
#604=ORIENTED_EDGE('',*,*,#1516,.F.);
#605=ORIENTED_EDGE('',*,*,#1562,.F.);
#606=ORIENTED_EDGE('',*,*,#1531,.F.);
#607=ORIENTED_EDGE('',*,*,#1581,.F.);
#608=ORIENTED_EDGE('',*,*,#1582,.T.);
#609=ORIENTED_EDGE('',*,*,#1583,.F.);
#610=ORIENTED_EDGE('',*,*,#1581,.T.);
#611=ORIENTED_EDGE('',*,*,#1584,.F.);
#612=ORIENTED_EDGE('',*,*,#1583,.T.);
#613=ORIENTED_EDGE('',*,*,#1585,.F.);
#614=ORIENTED_EDGE('',*,*,#1584,.T.);
#615=ORIENTED_EDGE('',*,*,#1586,.F.);
#616=ORIENTED_EDGE('',*,*,#1585,.T.);
#617=ORIENTED_EDGE('',*,*,#1582,.F.);
#618=ORIENTED_EDGE('',*,*,#1586,.T.);
#619=ORIENTED_EDGE('',*,*,#1587,.T.);
#620=ORIENTED_EDGE('',*,*,#1588,.F.);
#621=ORIENTED_EDGE('',*,*,#1589,.T.);
#622=ORIENTED_EDGE('',*,*,#1587,.F.);
#623=ORIENTED_EDGE('',*,*,#1590,.T.);
#624=ORIENTED_EDGE('',*,*,#1589,.F.);
#625=ORIENTED_EDGE('',*,*,#1591,.T.);
#626=ORIENTED_EDGE('',*,*,#1590,.F.);
#627=ORIENTED_EDGE('',*,*,#1592,.T.);
#628=ORIENTED_EDGE('',*,*,#1593,.T.);
#629=ORIENTED_EDGE('',*,*,#1588,.T.);
#630=ORIENTED_EDGE('',*,*,#1593,.F.);
#631=ORIENTED_EDGE('',*,*,#1592,.F.);
#632=ORIENTED_EDGE('',*,*,#1591,.F.);
#633=ORIENTED_EDGE('',*,*,#1594,.F.);
#634=ORIENTED_EDGE('',*,*,#1595,.T.);
#635=ORIENTED_EDGE('',*,*,#1596,.T.);
#636=ORIENTED_EDGE('',*,*,#1597,.T.);
#637=ORIENTED_EDGE('',*,*,#1598,.T.);
#638=ORIENTED_EDGE('',*,*,#1599,.T.);
#639=ORIENTED_EDGE('',*,*,#1600,.F.);
#640=ORIENTED_EDGE('',*,*,#1601,.T.);
#641=ORIENTED_EDGE('',*,*,#1596,.F.);
#642=ORIENTED_EDGE('',*,*,#1602,.T.);
#643=ORIENTED_EDGE('',*,*,#1603,.T.);
#644=ORIENTED_EDGE('',*,*,#1604,.T.);
#645=ORIENTED_EDGE('',*,*,#1605,.T.);
#646=ORIENTED_EDGE('',*,*,#1606,.T.);
#647=ORIENTED_EDGE('',*,*,#1598,.F.);
#648=ORIENTED_EDGE('',*,*,#1607,.T.);
#649=ORIENTED_EDGE('',*,*,#1603,.F.);
#650=ORIENTED_EDGE('',*,*,#1608,.T.);
#651=ORIENTED_EDGE('',*,*,#1609,.T.);
#652=ORIENTED_EDGE('',*,*,#1610,.T.);
#653=ORIENTED_EDGE('',*,*,#1611,.T.);
#654=ORIENTED_EDGE('',*,*,#1612,.T.);
#655=ORIENTED_EDGE('',*,*,#1605,.F.);
#656=ORIENTED_EDGE('',*,*,#1613,.T.);
#657=ORIENTED_EDGE('',*,*,#1614,.F.);
#658=ORIENTED_EDGE('',*,*,#1615,.T.);
#659=ORIENTED_EDGE('',*,*,#1616,.T.);
#660=ORIENTED_EDGE('',*,*,#1617,.T.);
#661=ORIENTED_EDGE('',*,*,#1616,.F.);
#662=ORIENTED_EDGE('',*,*,#1618,.T.);
#663=ORIENTED_EDGE('',*,*,#1619,.T.);
#664=ORIENTED_EDGE('',*,*,#1620,.T.);
#665=ORIENTED_EDGE('',*,*,#1619,.F.);
#666=ORIENTED_EDGE('',*,*,#1621,.T.);
#667=ORIENTED_EDGE('',*,*,#1622,.T.);
#668=ORIENTED_EDGE('',*,*,#1623,.T.);
#669=ORIENTED_EDGE('',*,*,#1624,.F.);
#670=ORIENTED_EDGE('',*,*,#1625,.T.);
#671=ORIENTED_EDGE('',*,*,#1626,.T.);
#672=ORIENTED_EDGE('',*,*,#1627,.T.);
#673=ORIENTED_EDGE('',*,*,#1626,.F.);
#674=ORIENTED_EDGE('',*,*,#1628,.T.);
#675=ORIENTED_EDGE('',*,*,#1629,.T.);
#676=ORIENTED_EDGE('',*,*,#1630,.T.);
#677=ORIENTED_EDGE('',*,*,#1629,.F.);
#678=ORIENTED_EDGE('',*,*,#1631,.T.);
#679=ORIENTED_EDGE('',*,*,#1632,.T.);
#680=ORIENTED_EDGE('',*,*,#1633,.T.);
#681=ORIENTED_EDGE('',*,*,#1634,.F.);
#682=ORIENTED_EDGE('',*,*,#1635,.F.);
#683=ORIENTED_EDGE('',*,*,#1636,.T.);
#684=ORIENTED_EDGE('',*,*,#1637,.T.);
#685=ORIENTED_EDGE('',*,*,#1638,.F.);
#686=ORIENTED_EDGE('',*,*,#1639,.T.);
#687=ORIENTED_EDGE('',*,*,#1640,.F.);
#688=ORIENTED_EDGE('',*,*,#1641,.F.);
#689=ORIENTED_EDGE('',*,*,#1642,.F.);
#690=ORIENTED_EDGE('',*,*,#1643,.T.);
#691=ORIENTED_EDGE('',*,*,#1644,.T.);
#692=ORIENTED_EDGE('',*,*,#1645,.T.);
#693=ORIENTED_EDGE('',*,*,#1644,.F.);
#694=ORIENTED_EDGE('',*,*,#1646,.T.);
#695=ORIENTED_EDGE('',*,*,#1647,.T.);
#696=ORIENTED_EDGE('',*,*,#1648,.T.);
#697=ORIENTED_EDGE('',*,*,#1647,.F.);
#698=ORIENTED_EDGE('',*,*,#1649,.T.);
#699=ORIENTED_EDGE('',*,*,#1650,.T.);
#700=ORIENTED_EDGE('',*,*,#1651,.T.);
#701=ORIENTED_EDGE('',*,*,#1652,.F.);
#702=ORIENTED_EDGE('',*,*,#1653,.T.);
#703=ORIENTED_EDGE('',*,*,#1654,.T.);
#704=ORIENTED_EDGE('',*,*,#1655,.T.);
#705=ORIENTED_EDGE('',*,*,#1654,.F.);
#706=ORIENTED_EDGE('',*,*,#1656,.T.);
#707=ORIENTED_EDGE('',*,*,#1657,.T.);
#708=ORIENTED_EDGE('',*,*,#1658,.T.);
#709=ORIENTED_EDGE('',*,*,#1657,.F.);
#710=ORIENTED_EDGE('',*,*,#1659,.T.);
#711=ORIENTED_EDGE('',*,*,#1660,.T.);
#712=ORIENTED_EDGE('',*,*,#1661,.T.);
#713=ORIENTED_EDGE('',*,*,#1662,.F.);
#714=ORIENTED_EDGE('',*,*,#1663,.T.);
#715=ORIENTED_EDGE('',*,*,#1664,.T.);
#716=ORIENTED_EDGE('',*,*,#1665,.T.);
#717=ORIENTED_EDGE('',*,*,#1664,.F.);
#718=ORIENTED_EDGE('',*,*,#1666,.T.);
#719=ORIENTED_EDGE('',*,*,#1667,.T.);
#720=ORIENTED_EDGE('',*,*,#1668,.T.);
#721=ORIENTED_EDGE('',*,*,#1667,.F.);
#722=ORIENTED_EDGE('',*,*,#1669,.T.);
#723=ORIENTED_EDGE('',*,*,#1670,.T.);
#724=ORIENTED_EDGE('',*,*,#1671,.T.);
#725=ORIENTED_EDGE('',*,*,#1672,.F.);
#726=ORIENTED_EDGE('',*,*,#1673,.T.);
#727=ORIENTED_EDGE('',*,*,#1674,.F.);
#728=ORIENTED_EDGE('',*,*,#1675,.F.);
#729=ORIENTED_EDGE('',*,*,#1676,.F.);
#730=ORIENTED_EDGE('',*,*,#1677,.F.);
#731=ORIENTED_EDGE('',*,*,#1678,.T.);
#732=ORIENTED_EDGE('',*,*,#1679,.T.);
#733=ORIENTED_EDGE('',*,*,#1680,.F.);
#734=ORIENTED_EDGE('',*,*,#1681,.T.);
#735=ORIENTED_EDGE('',*,*,#1682,.T.);
#736=ORIENTED_EDGE('',*,*,#1683,.T.);
#737=ORIENTED_EDGE('',*,*,#1682,.F.);
#738=ORIENTED_EDGE('',*,*,#1684,.T.);
#739=ORIENTED_EDGE('',*,*,#1685,.T.);
#740=ORIENTED_EDGE('',*,*,#1686,.T.);
#741=ORIENTED_EDGE('',*,*,#1685,.F.);
#742=ORIENTED_EDGE('',*,*,#1687,.T.);
#743=ORIENTED_EDGE('',*,*,#1688,.T.);
#744=ORIENTED_EDGE('',*,*,#1689,.T.);
#745=ORIENTED_EDGE('',*,*,#1690,.F.);
#746=ORIENTED_EDGE('',*,*,#1691,.T.);
#747=ORIENTED_EDGE('',*,*,#1692,.T.);
#748=ORIENTED_EDGE('',*,*,#1693,.T.);
#749=ORIENTED_EDGE('',*,*,#1692,.F.);
#750=ORIENTED_EDGE('',*,*,#1694,.T.);
#751=ORIENTED_EDGE('',*,*,#1695,.T.);
#752=ORIENTED_EDGE('',*,*,#1696,.T.);
#753=ORIENTED_EDGE('',*,*,#1695,.F.);
#754=ORIENTED_EDGE('',*,*,#1697,.T.);
#755=ORIENTED_EDGE('',*,*,#1698,.T.);
#756=ORIENTED_EDGE('',*,*,#1699,.T.);
#757=ORIENTED_EDGE('',*,*,#1700,.F.);
#758=ORIENTED_EDGE('',*,*,#1701,.T.);
#759=ORIENTED_EDGE('',*,*,#1702,.T.);
#760=ORIENTED_EDGE('',*,*,#1703,.T.);
#761=ORIENTED_EDGE('',*,*,#1702,.F.);
#762=ORIENTED_EDGE('',*,*,#1704,.T.);
#763=ORIENTED_EDGE('',*,*,#1705,.T.);
#764=ORIENTED_EDGE('',*,*,#1706,.T.);
#765=ORIENTED_EDGE('',*,*,#1705,.F.);
#766=ORIENTED_EDGE('',*,*,#1707,.T.);
#767=ORIENTED_EDGE('',*,*,#1708,.T.);
#768=ORIENTED_EDGE('',*,*,#1709,.T.);
#769=ORIENTED_EDGE('',*,*,#1710,.F.);
#770=ORIENTED_EDGE('',*,*,#1711,.F.);
#771=ORIENTED_EDGE('',*,*,#1712,.T.);
#772=ORIENTED_EDGE('',*,*,#1713,.T.);
#773=ORIENTED_EDGE('',*,*,#1714,.F.);
#774=ORIENTED_EDGE('',*,*,#1715,.T.);
#775=ORIENTED_EDGE('',*,*,#1716,.F.);
#776=ORIENTED_EDGE('',*,*,#1717,.F.);
#777=ORIENTED_EDGE('',*,*,#1718,.F.);
#778=ORIENTED_EDGE('',*,*,#1719,.T.);
#779=ORIENTED_EDGE('',*,*,#1720,.T.);
#780=ORIENTED_EDGE('',*,*,#1721,.T.);
#781=ORIENTED_EDGE('',*,*,#1720,.F.);
#782=ORIENTED_EDGE('',*,*,#1722,.T.);
#783=ORIENTED_EDGE('',*,*,#1723,.T.);
#784=ORIENTED_EDGE('',*,*,#1724,.T.);
#785=ORIENTED_EDGE('',*,*,#1723,.F.);
#786=ORIENTED_EDGE('',*,*,#1725,.T.);
#787=ORIENTED_EDGE('',*,*,#1726,.T.);
#788=ORIENTED_EDGE('',*,*,#1727,.T.);
#789=ORIENTED_EDGE('',*,*,#1728,.F.);
#790=ORIENTED_EDGE('',*,*,#1729,.T.);
#791=ORIENTED_EDGE('',*,*,#1730,.T.);
#792=ORIENTED_EDGE('',*,*,#1731,.T.);
#793=ORIENTED_EDGE('',*,*,#1730,.F.);
#794=ORIENTED_EDGE('',*,*,#1732,.T.);
#795=ORIENTED_EDGE('',*,*,#1733,.T.);
#796=ORIENTED_EDGE('',*,*,#1734,.T.);
#797=ORIENTED_EDGE('',*,*,#1733,.F.);
#798=ORIENTED_EDGE('',*,*,#1735,.T.);
#799=ORIENTED_EDGE('',*,*,#1736,.T.);
#800=ORIENTED_EDGE('',*,*,#1737,.T.);
#801=ORIENTED_EDGE('',*,*,#1738,.F.);
#802=ORIENTED_EDGE('',*,*,#1739,.F.);
#803=ORIENTED_EDGE('',*,*,#1740,.T.);
#804=ORIENTED_EDGE('',*,*,#1741,.T.);
#805=ORIENTED_EDGE('',*,*,#1742,.F.);
#806=ORIENTED_EDGE('',*,*,#1743,.T.);
#807=ORIENTED_EDGE('',*,*,#1744,.F.);
#808=ORIENTED_EDGE('',*,*,#1745,.F.);
#809=ORIENTED_EDGE('',*,*,#1746,.F.);
#810=ORIENTED_EDGE('',*,*,#1747,.F.);
#811=ORIENTED_EDGE('',*,*,#1748,.F.);
#812=ORIENTED_EDGE('',*,*,#1611,.F.);
#813=ORIENTED_EDGE('',*,*,#1749,.F.);
#814=ORIENTED_EDGE('',*,*,#1750,.F.);
#815=ORIENTED_EDGE('',*,*,#1745,.T.);
#816=ORIENTED_EDGE('',*,*,#1751,.T.);
#817=ORIENTED_EDGE('',*,*,#1739,.T.);
#818=ORIENTED_EDGE('',*,*,#1752,.F.);
#819=ORIENTED_EDGE('',*,*,#1753,.F.);
#820=ORIENTED_EDGE('',*,*,#1736,.F.);
#821=ORIENTED_EDGE('',*,*,#1754,.F.);
#822=ORIENTED_EDGE('',*,*,#1755,.F.);
#823=ORIENTED_EDGE('',*,*,#1756,.F.);
#824=ORIENTED_EDGE('',*,*,#1726,.F.);
#825=ORIENTED_EDGE('',*,*,#1757,.F.);
#826=ORIENTED_EDGE('',*,*,#1758,.F.);
#827=ORIENTED_EDGE('',*,*,#1759,.F.);
#828=ORIENTED_EDGE('',*,*,#1708,.F.);
#829=ORIENTED_EDGE('',*,*,#1760,.F.);
#830=ORIENTED_EDGE('',*,*,#1761,.F.);
#831=ORIENTED_EDGE('',*,*,#1717,.T.);
#832=ORIENTED_EDGE('',*,*,#1762,.T.);
#833=ORIENTED_EDGE('',*,*,#1711,.T.);
#834=ORIENTED_EDGE('',*,*,#1763,.F.);
#835=ORIENTED_EDGE('',*,*,#1764,.F.);
#836=ORIENTED_EDGE('',*,*,#1698,.F.);
#837=ORIENTED_EDGE('',*,*,#1765,.F.);
#838=ORIENTED_EDGE('',*,*,#1766,.F.);
#839=ORIENTED_EDGE('',*,*,#1767,.F.);
#840=ORIENTED_EDGE('',*,*,#1688,.F.);
#841=ORIENTED_EDGE('',*,*,#1768,.F.);
#842=ORIENTED_EDGE('',*,*,#1769,.F.);
#843=ORIENTED_EDGE('',*,*,#1770,.F.);
#844=ORIENTED_EDGE('',*,*,#1670,.F.);
#845=ORIENTED_EDGE('',*,*,#1771,.F.);
#846=ORIENTED_EDGE('',*,*,#1772,.F.);
#847=ORIENTED_EDGE('',*,*,#1675,.T.);
#848=ORIENTED_EDGE('',*,*,#1773,.T.);
#849=ORIENTED_EDGE('',*,*,#1677,.T.);
#850=ORIENTED_EDGE('',*,*,#1774,.F.);
#851=ORIENTED_EDGE('',*,*,#1775,.F.);
#852=ORIENTED_EDGE('',*,*,#1660,.F.);
#853=ORIENTED_EDGE('',*,*,#1776,.F.);
#854=ORIENTED_EDGE('',*,*,#1777,.F.);
#855=ORIENTED_EDGE('',*,*,#1778,.F.);
#856=ORIENTED_EDGE('',*,*,#1650,.F.);
#857=ORIENTED_EDGE('',*,*,#1779,.F.);
#858=ORIENTED_EDGE('',*,*,#1780,.F.);
#859=ORIENTED_EDGE('',*,*,#1781,.F.);
#860=ORIENTED_EDGE('',*,*,#1632,.F.);
#861=ORIENTED_EDGE('',*,*,#1782,.F.);
#862=ORIENTED_EDGE('',*,*,#1783,.F.);
#863=ORIENTED_EDGE('',*,*,#1641,.T.);
#864=ORIENTED_EDGE('',*,*,#1784,.T.);
#865=ORIENTED_EDGE('',*,*,#1635,.T.);
#866=ORIENTED_EDGE('',*,*,#1785,.F.);
#867=ORIENTED_EDGE('',*,*,#1786,.F.);
#868=ORIENTED_EDGE('',*,*,#1622,.F.);
#869=ORIENTED_EDGE('',*,*,#1787,.F.);
#870=ORIENTED_EDGE('',*,*,#1788,.F.);
#871=ORIENTED_EDGE('',*,*,#1789,.F.);
#872=ORIENTED_EDGE('',*,*,#1609,.F.);
#873=ORIENTED_EDGE('',*,*,#1790,.T.);
#874=ORIENTED_EDGE('',*,*,#1791,.T.);
#875=ORIENTED_EDGE('',*,*,#1790,.F.);
#876=ORIENTED_EDGE('',*,*,#1637,.F.);
#877=ORIENTED_EDGE('',*,*,#1792,.F.);
#878=ORIENTED_EDGE('',*,*,#1639,.F.);
#879=ORIENTED_EDGE('',*,*,#1793,.T.);
#880=ORIENTED_EDGE('',*,*,#1624,.T.);
#881=ORIENTED_EDGE('',*,*,#1794,.T.);
#882=ORIENTED_EDGE('',*,*,#1642,.T.);
#883=ORIENTED_EDGE('',*,*,#1795,.T.);
#884=ORIENTED_EDGE('',*,*,#1652,.T.);
#885=ORIENTED_EDGE('',*,*,#1796,.T.);
#886=ORIENTED_EDGE('',*,*,#1679,.F.);
#887=ORIENTED_EDGE('',*,*,#1797,.F.);
#888=ORIENTED_EDGE('',*,*,#1673,.F.);
#889=ORIENTED_EDGE('',*,*,#1798,.T.);
#890=ORIENTED_EDGE('',*,*,#1662,.T.);
#891=ORIENTED_EDGE('',*,*,#1799,.T.);
#892=ORIENTED_EDGE('',*,*,#1680,.T.);
#893=ORIENTED_EDGE('',*,*,#1800,.T.);
#894=ORIENTED_EDGE('',*,*,#1690,.T.);
#895=ORIENTED_EDGE('',*,*,#1801,.T.);
#896=ORIENTED_EDGE('',*,*,#1713,.F.);
#897=ORIENTED_EDGE('',*,*,#1802,.F.);
#898=ORIENTED_EDGE('',*,*,#1715,.F.);
#899=ORIENTED_EDGE('',*,*,#1803,.T.);
#900=ORIENTED_EDGE('',*,*,#1700,.T.);
#901=ORIENTED_EDGE('',*,*,#1804,.T.);
#902=ORIENTED_EDGE('',*,*,#1718,.T.);
#903=ORIENTED_EDGE('',*,*,#1805,.T.);
#904=ORIENTED_EDGE('',*,*,#1728,.T.);
#905=ORIENTED_EDGE('',*,*,#1806,.T.);
#906=ORIENTED_EDGE('',*,*,#1741,.F.);
#907=ORIENTED_EDGE('',*,*,#1807,.F.);
#908=ORIENTED_EDGE('',*,*,#1743,.F.);
#909=ORIENTED_EDGE('',*,*,#1808,.T.);
#910=ORIENTED_EDGE('',*,*,#1600,.T.);
#911=ORIENTED_EDGE('',*,*,#1809,.T.);
#912=ORIENTED_EDGE('',*,*,#1594,.T.);
#913=ORIENTED_EDGE('',*,*,#1810,.T.);
#914=ORIENTED_EDGE('',*,*,#1614,.T.);
#915=ORIENTED_EDGE('',*,*,#1811,.T.);
#916=ORIENTED_EDGE('',*,*,#1791,.F.);
#917=ORIENTED_EDGE('',*,*,#1802,.T.);
#918=ORIENTED_EDGE('',*,*,#1712,.F.);
#919=ORIENTED_EDGE('',*,*,#1762,.F.);
#920=ORIENTED_EDGE('',*,*,#1716,.T.);
#921=ORIENTED_EDGE('',*,*,#1797,.T.);
#922=ORIENTED_EDGE('',*,*,#1678,.F.);
#923=ORIENTED_EDGE('',*,*,#1773,.F.);
#924=ORIENTED_EDGE('',*,*,#1674,.T.);
#925=ORIENTED_EDGE('',*,*,#1807,.T.);
#926=ORIENTED_EDGE('',*,*,#1740,.F.);
#927=ORIENTED_EDGE('',*,*,#1751,.F.);
#928=ORIENTED_EDGE('',*,*,#1744,.T.);
#929=ORIENTED_EDGE('',*,*,#1792,.T.);
#930=ORIENTED_EDGE('',*,*,#1636,.F.);
#931=ORIENTED_EDGE('',*,*,#1784,.F.);
#932=ORIENTED_EDGE('',*,*,#1640,.T.);
#933=ORIENTED_EDGE('',*,*,#1742,.T.);
#934=ORIENTED_EDGE('',*,*,#1750,.T.);
#935=ORIENTED_EDGE('',*,*,#1812,.T.);
#936=ORIENTED_EDGE('',*,*,#1808,.F.);
#937=ORIENTED_EDGE('',*,*,#1812,.F.);
#938=ORIENTED_EDGE('',*,*,#1749,.T.);
#939=ORIENTED_EDGE('',*,*,#1613,.F.);
#940=ORIENTED_EDGE('',*,*,#1607,.F.);
#941=ORIENTED_EDGE('',*,*,#1601,.F.);
#942=ORIENTED_EDGE('',*,*,#1813,.F.);
#943=ORIENTED_EDGE('',*,*,#1752,.T.);
#944=ORIENTED_EDGE('',*,*,#1738,.T.);
#945=ORIENTED_EDGE('',*,*,#1806,.F.);
#946=ORIENTED_EDGE('',*,*,#1734,.F.);
#947=ORIENTED_EDGE('',*,*,#1737,.F.);
#948=ORIENTED_EDGE('',*,*,#1753,.T.);
#949=ORIENTED_EDGE('',*,*,#1813,.T.);
#950=ORIENTED_EDGE('',*,*,#1731,.F.);
#951=ORIENTED_EDGE('',*,*,#1814,.F.);
#952=ORIENTED_EDGE('',*,*,#1754,.T.);
#953=ORIENTED_EDGE('',*,*,#1735,.F.);
#954=ORIENTED_EDGE('',*,*,#1732,.F.);
#955=ORIENTED_EDGE('',*,*,#1729,.F.);
#956=ORIENTED_EDGE('',*,*,#1724,.F.);
#957=ORIENTED_EDGE('',*,*,#1727,.F.);
#958=ORIENTED_EDGE('',*,*,#1756,.T.);
#959=ORIENTED_EDGE('',*,*,#1815,.T.);
#960=ORIENTED_EDGE('',*,*,#1721,.F.);
#961=ORIENTED_EDGE('',*,*,#1815,.F.);
#962=ORIENTED_EDGE('',*,*,#1755,.T.);
#963=ORIENTED_EDGE('',*,*,#1814,.T.);
#964=ORIENTED_EDGE('',*,*,#1805,.F.);
#965=ORIENTED_EDGE('',*,*,#1816,.F.);
#966=ORIENTED_EDGE('',*,*,#1757,.T.);
#967=ORIENTED_EDGE('',*,*,#1725,.F.);
#968=ORIENTED_EDGE('',*,*,#1722,.F.);
#969=ORIENTED_EDGE('',*,*,#1719,.F.);
#970=ORIENTED_EDGE('',*,*,#1706,.F.);
#971=ORIENTED_EDGE('',*,*,#1709,.F.);
#972=ORIENTED_EDGE('',*,*,#1759,.T.);
#973=ORIENTED_EDGE('',*,*,#1817,.T.);
#974=ORIENTED_EDGE('',*,*,#1703,.F.);
#975=ORIENTED_EDGE('',*,*,#1817,.F.);
#976=ORIENTED_EDGE('',*,*,#1758,.T.);
#977=ORIENTED_EDGE('',*,*,#1816,.T.);
#978=ORIENTED_EDGE('',*,*,#1804,.F.);
#979=ORIENTED_EDGE('',*,*,#1714,.T.);
#980=ORIENTED_EDGE('',*,*,#1761,.T.);
#981=ORIENTED_EDGE('',*,*,#1818,.T.);
#982=ORIENTED_EDGE('',*,*,#1803,.F.);
#983=ORIENTED_EDGE('',*,*,#1818,.F.);
#984=ORIENTED_EDGE('',*,*,#1760,.T.);
#985=ORIENTED_EDGE('',*,*,#1707,.F.);
#986=ORIENTED_EDGE('',*,*,#1704,.F.);
#987=ORIENTED_EDGE('',*,*,#1701,.F.);
#988=ORIENTED_EDGE('',*,*,#1819,.F.);
#989=ORIENTED_EDGE('',*,*,#1763,.T.);
#990=ORIENTED_EDGE('',*,*,#1710,.T.);
#991=ORIENTED_EDGE('',*,*,#1801,.F.);
#992=ORIENTED_EDGE('',*,*,#1696,.F.);
#993=ORIENTED_EDGE('',*,*,#1699,.F.);
#994=ORIENTED_EDGE('',*,*,#1764,.T.);
#995=ORIENTED_EDGE('',*,*,#1819,.T.);
#996=ORIENTED_EDGE('',*,*,#1693,.F.);
#997=ORIENTED_EDGE('',*,*,#1820,.F.);
#998=ORIENTED_EDGE('',*,*,#1765,.T.);
#999=ORIENTED_EDGE('',*,*,#1697,.F.);
#1000=ORIENTED_EDGE('',*,*,#1694,.F.);
#1001=ORIENTED_EDGE('',*,*,#1691,.F.);
#1002=ORIENTED_EDGE('',*,*,#1686,.F.);
#1003=ORIENTED_EDGE('',*,*,#1689,.F.);
#1004=ORIENTED_EDGE('',*,*,#1767,.T.);
#1005=ORIENTED_EDGE('',*,*,#1821,.T.);
#1006=ORIENTED_EDGE('',*,*,#1683,.F.);
#1007=ORIENTED_EDGE('',*,*,#1821,.F.);
#1008=ORIENTED_EDGE('',*,*,#1766,.T.);
#1009=ORIENTED_EDGE('',*,*,#1820,.T.);
#1010=ORIENTED_EDGE('',*,*,#1800,.F.);
#1011=ORIENTED_EDGE('',*,*,#1822,.F.);
#1012=ORIENTED_EDGE('',*,*,#1768,.T.);
#1013=ORIENTED_EDGE('',*,*,#1687,.F.);
#1014=ORIENTED_EDGE('',*,*,#1684,.F.);
#1015=ORIENTED_EDGE('',*,*,#1681,.F.);
#1016=ORIENTED_EDGE('',*,*,#1668,.F.);
#1017=ORIENTED_EDGE('',*,*,#1671,.F.);
#1018=ORIENTED_EDGE('',*,*,#1770,.T.);
#1019=ORIENTED_EDGE('',*,*,#1823,.T.);
#1020=ORIENTED_EDGE('',*,*,#1665,.F.);
#1021=ORIENTED_EDGE('',*,*,#1823,.F.);
#1022=ORIENTED_EDGE('',*,*,#1769,.T.);
#1023=ORIENTED_EDGE('',*,*,#1822,.T.);
#1024=ORIENTED_EDGE('',*,*,#1799,.F.);
#1025=ORIENTED_EDGE('',*,*,#1824,.F.);
#1026=ORIENTED_EDGE('',*,*,#1774,.T.);
#1027=ORIENTED_EDGE('',*,*,#1676,.T.);
#1028=ORIENTED_EDGE('',*,*,#1796,.F.);
#1029=ORIENTED_EDGE('',*,*,#1658,.F.);
#1030=ORIENTED_EDGE('',*,*,#1661,.F.);
#1031=ORIENTED_EDGE('',*,*,#1775,.T.);
#1032=ORIENTED_EDGE('',*,*,#1824,.T.);
#1033=ORIENTED_EDGE('',*,*,#1655,.F.);
#1034=ORIENTED_EDGE('',*,*,#1672,.T.);
#1035=ORIENTED_EDGE('',*,*,#1772,.T.);
#1036=ORIENTED_EDGE('',*,*,#1825,.T.);
#1037=ORIENTED_EDGE('',*,*,#1798,.F.);
#1038=ORIENTED_EDGE('',*,*,#1825,.F.);
#1039=ORIENTED_EDGE('',*,*,#1771,.T.);
#1040=ORIENTED_EDGE('',*,*,#1669,.F.);
#1041=ORIENTED_EDGE('',*,*,#1666,.F.);
#1042=ORIENTED_EDGE('',*,*,#1663,.F.);
#1043=ORIENTED_EDGE('',*,*,#1826,.F.);
#1044=ORIENTED_EDGE('',*,*,#1776,.T.);
#1045=ORIENTED_EDGE('',*,*,#1659,.F.);
#1046=ORIENTED_EDGE('',*,*,#1656,.F.);
#1047=ORIENTED_EDGE('',*,*,#1653,.F.);
#1048=ORIENTED_EDGE('',*,*,#1648,.F.);
#1049=ORIENTED_EDGE('',*,*,#1651,.F.);
#1050=ORIENTED_EDGE('',*,*,#1778,.T.);
#1051=ORIENTED_EDGE('',*,*,#1827,.T.);
#1052=ORIENTED_EDGE('',*,*,#1645,.F.);
#1053=ORIENTED_EDGE('',*,*,#1827,.F.);
#1054=ORIENTED_EDGE('',*,*,#1777,.T.);
#1055=ORIENTED_EDGE('',*,*,#1826,.T.);
#1056=ORIENTED_EDGE('',*,*,#1795,.F.);
#1057=ORIENTED_EDGE('',*,*,#1828,.F.);
#1058=ORIENTED_EDGE('',*,*,#1779,.T.);
#1059=ORIENTED_EDGE('',*,*,#1649,.F.);
#1060=ORIENTED_EDGE('',*,*,#1646,.F.);
#1061=ORIENTED_EDGE('',*,*,#1643,.F.);
#1062=ORIENTED_EDGE('',*,*,#1630,.F.);
#1063=ORIENTED_EDGE('',*,*,#1633,.F.);
#1064=ORIENTED_EDGE('',*,*,#1781,.T.);
#1065=ORIENTED_EDGE('',*,*,#1829,.T.);
#1066=ORIENTED_EDGE('',*,*,#1627,.F.);
#1067=ORIENTED_EDGE('',*,*,#1829,.F.);
#1068=ORIENTED_EDGE('',*,*,#1780,.T.);
#1069=ORIENTED_EDGE('',*,*,#1828,.T.);
#1070=ORIENTED_EDGE('',*,*,#1794,.F.);
#1071=ORIENTED_EDGE('',*,*,#1638,.T.);
#1072=ORIENTED_EDGE('',*,*,#1783,.T.);
#1073=ORIENTED_EDGE('',*,*,#1830,.T.);
#1074=ORIENTED_EDGE('',*,*,#1793,.F.);
#1075=ORIENTED_EDGE('',*,*,#1830,.F.);
#1076=ORIENTED_EDGE('',*,*,#1782,.T.);
#1077=ORIENTED_EDGE('',*,*,#1631,.F.);
#1078=ORIENTED_EDGE('',*,*,#1628,.F.);
#1079=ORIENTED_EDGE('',*,*,#1625,.F.);
#1080=ORIENTED_EDGE('',*,*,#1831,.F.);
#1081=ORIENTED_EDGE('',*,*,#1785,.T.);
#1082=ORIENTED_EDGE('',*,*,#1634,.T.);
#1083=ORIENTED_EDGE('',*,*,#1811,.F.);
#1084=ORIENTED_EDGE('',*,*,#1620,.F.);
#1085=ORIENTED_EDGE('',*,*,#1623,.F.);
#1086=ORIENTED_EDGE('',*,*,#1786,.T.);
#1087=ORIENTED_EDGE('',*,*,#1831,.T.);
#1088=ORIENTED_EDGE('',*,*,#1617,.F.);
#1089=ORIENTED_EDGE('',*,*,#1832,.F.);
#1090=ORIENTED_EDGE('',*,*,#1787,.T.);
#1091=ORIENTED_EDGE('',*,*,#1621,.F.);
#1092=ORIENTED_EDGE('',*,*,#1618,.F.);
#1093=ORIENTED_EDGE('',*,*,#1615,.F.);
#1094=ORIENTED_EDGE('',*,*,#1604,.F.);
#1095=ORIENTED_EDGE('',*,*,#1610,.F.);
#1096=ORIENTED_EDGE('',*,*,#1789,.T.);
#1097=ORIENTED_EDGE('',*,*,#1833,.T.);
#1098=ORIENTED_EDGE('',*,*,#1597,.F.);
#1099=ORIENTED_EDGE('',*,*,#1833,.F.);
#1100=ORIENTED_EDGE('',*,*,#1788,.T.);
#1101=ORIENTED_EDGE('',*,*,#1832,.T.);
#1102=ORIENTED_EDGE('',*,*,#1810,.F.);
#1103=ORIENTED_EDGE('',*,*,#1834,.F.);
#1104=ORIENTED_EDGE('',*,*,#1746,.T.);
#1105=ORIENTED_EDGE('',*,*,#1608,.F.);
#1106=ORIENTED_EDGE('',*,*,#1602,.F.);
#1107=ORIENTED_EDGE('',*,*,#1595,.F.);
#1108=ORIENTED_EDGE('',*,*,#1606,.F.);
#1109=ORIENTED_EDGE('',*,*,#1612,.F.);
#1110=ORIENTED_EDGE('',*,*,#1748,.T.);
#1111=ORIENTED_EDGE('',*,*,#1835,.T.);
#1112=ORIENTED_EDGE('',*,*,#1599,.F.);
#1113=ORIENTED_EDGE('',*,*,#1835,.F.);
#1114=ORIENTED_EDGE('',*,*,#1747,.T.);
#1115=ORIENTED_EDGE('',*,*,#1834,.T.);
#1116=ORIENTED_EDGE('',*,*,#1809,.F.);
#1117=ORIENTED_EDGE('',*,*,#1836,.F.);
#1118=ORIENTED_EDGE('',*,*,#1837,.T.);
#1119=ORIENTED_EDGE('',*,*,#1838,.F.);
#1120=ORIENTED_EDGE('',*,*,#1839,.T.);
#1121=ORIENTED_EDGE('',*,*,#1840,.T.);
#1122=ORIENTED_EDGE('',*,*,#1841,.F.);
#1123=ORIENTED_EDGE('',*,*,#1842,.T.);
#1124=ORIENTED_EDGE('',*,*,#1843,.T.);
#1125=ORIENTED_EDGE('',*,*,#1844,.T.);
#1126=ORIENTED_EDGE('',*,*,#1845,.T.);
#1127=ORIENTED_EDGE('',*,*,#1846,.T.);
#1128=ORIENTED_EDGE('',*,*,#1847,.T.);
#1129=ORIENTED_EDGE('',*,*,#1848,.F.);
#1130=ORIENTED_EDGE('',*,*,#1849,.T.);
#1131=ORIENTED_EDGE('',*,*,#1850,.T.);
#1132=ORIENTED_EDGE('',*,*,#1851,.T.);
#1133=ORIENTED_EDGE('',*,*,#1852,.T.);
#1134=ORIENTED_EDGE('',*,*,#1853,.T.);
#1135=ORIENTED_EDGE('',*,*,#1854,.T.);
#1136=ORIENTED_EDGE('',*,*,#1855,.T.);
#1137=ORIENTED_EDGE('',*,*,#1856,.T.);
#1138=ORIENTED_EDGE('',*,*,#1857,.T.);
#1139=ORIENTED_EDGE('',*,*,#1858,.F.);
#1140=ORIENTED_EDGE('',*,*,#1859,.T.);
#1141=ORIENTED_EDGE('',*,*,#1860,.T.);
#1142=ORIENTED_EDGE('',*,*,#1861,.T.);
#1143=ORIENTED_EDGE('',*,*,#1862,.T.);
#1144=ORIENTED_EDGE('',*,*,#1863,.T.);
#1145=ORIENTED_EDGE('',*,*,#1864,.T.);
#1146=ORIENTED_EDGE('',*,*,#1865,.T.);
#1147=ORIENTED_EDGE('',*,*,#1866,.T.);
#1148=ORIENTED_EDGE('',*,*,#1867,.T.);
#1149=ORIENTED_EDGE('',*,*,#1868,.T.);
#1150=ORIENTED_EDGE('',*,*,#1869,.T.);
#1151=ORIENTED_EDGE('',*,*,#1870,.T.);
#1152=ORIENTED_EDGE('',*,*,#1871,.T.);
#1153=ORIENTED_EDGE('',*,*,#1872,.F.);
#1154=ORIENTED_EDGE('',*,*,#1873,.T.);
#1155=ORIENTED_EDGE('',*,*,#1874,.F.);
#1156=ORIENTED_EDGE('',*,*,#1875,.T.);
#1157=ORIENTED_EDGE('',*,*,#1876,.F.);
#1158=ORIENTED_EDGE('',*,*,#1877,.T.);
#1159=ORIENTED_EDGE('',*,*,#1878,.F.);
#1160=ORIENTED_EDGE('',*,*,#1879,.T.);
#1161=ORIENTED_EDGE('',*,*,#1880,.F.);
#1162=ORIENTED_EDGE('',*,*,#1881,.T.);
#1163=ORIENTED_EDGE('',*,*,#1882,.T.);
#1164=ORIENTED_EDGE('',*,*,#1883,.T.);
#1165=ORIENTED_EDGE('',*,*,#1884,.T.);
#1166=ORIENTED_EDGE('',*,*,#1885,.T.);
#1167=ORIENTED_EDGE('',*,*,#1886,.T.);
#1168=ORIENTED_EDGE('',*,*,#1887,.F.);
#1169=ORIENTED_EDGE('',*,*,#1888,.T.);
#1170=ORIENTED_EDGE('',*,*,#1889,.T.);
#1171=ORIENTED_EDGE('',*,*,#1890,.T.);
#1172=ORIENTED_EDGE('',*,*,#1891,.T.);
#1173=ORIENTED_EDGE('',*,*,#1892,.T.);
#1174=ORIENTED_EDGE('',*,*,#1893,.T.);
#1175=ORIENTED_EDGE('',*,*,#1894,.T.);
#1176=ORIENTED_EDGE('',*,*,#1895,.T.);
#1177=ORIENTED_EDGE('',*,*,#1896,.T.);
#1178=ORIENTED_EDGE('',*,*,#1897,.T.);
#1179=ORIENTED_EDGE('',*,*,#1898,.T.);
#1180=ORIENTED_EDGE('',*,*,#1899,.T.);
#1181=ORIENTED_EDGE('',*,*,#1900,.T.);
#1182=ORIENTED_EDGE('',*,*,#1901,.T.);
#1183=ORIENTED_EDGE('',*,*,#1902,.T.);
#1184=ORIENTED_EDGE('',*,*,#1903,.F.);
#1185=ORIENTED_EDGE('',*,*,#1904,.T.);
#1186=ORIENTED_EDGE('',*,*,#1905,.T.);
#1187=ORIENTED_EDGE('',*,*,#1906,.T.);
#1188=ORIENTED_EDGE('',*,*,#1907,.F.);
#1189=ORIENTED_EDGE('',*,*,#1908,.T.);
#1190=ORIENTED_EDGE('',*,*,#1909,.T.);
#1191=ORIENTED_EDGE('',*,*,#1836,.T.);
#1192=ORIENTED_EDGE('',*,*,#1910,.T.);
#1193=ORIENTED_EDGE('',*,*,#1911,.T.);
#1194=ORIENTED_EDGE('',*,*,#1912,.F.);
#1195=ORIENTED_EDGE('',*,*,#1913,.F.);
#1196=ORIENTED_EDGE('',*,*,#1914,.T.);
#1197=ORIENTED_EDGE('',*,*,#1915,.T.);
#1198=ORIENTED_EDGE('',*,*,#1916,.T.);
#1199=ORIENTED_EDGE('',*,*,#1917,.T.);
#1200=ORIENTED_EDGE('',*,*,#1918,.T.);
#1201=ORIENTED_EDGE('',*,*,#1919,.T.);
#1202=ORIENTED_EDGE('',*,*,#1920,.T.);
#1203=ORIENTED_EDGE('',*,*,#1838,.T.);
#1204=ORIENTED_EDGE('',*,*,#1921,.T.);
#1205=ORIENTED_EDGE('',*,*,#1922,.T.);
#1206=ORIENTED_EDGE('',*,*,#1923,.T.);
#1207=ORIENTED_EDGE('',*,*,#1893,.F.);
#1208=ORIENTED_EDGE('',*,*,#1924,.T.);
#1209=ORIENTED_EDGE('',*,*,#1925,.T.);
#1210=ORIENTED_EDGE('',*,*,#1926,.T.);
#1211=ORIENTED_EDGE('',*,*,#1927,.T.);
#1212=ORIENTED_EDGE('',*,*,#1928,.F.);
#1213=ORIENTED_EDGE('',*,*,#1929,.T.);
#1214=ORIENTED_EDGE('',*,*,#1930,.T.);
#1215=ORIENTED_EDGE('',*,*,#1931,.F.);
#1216=ORIENTED_EDGE('',*,*,#1932,.T.);
#1217=ORIENTED_EDGE('',*,*,#1933,.T.);
#1218=ORIENTED_EDGE('',*,*,#1934,.F.);
#1219=ORIENTED_EDGE('',*,*,#1935,.F.);
#1220=ORIENTED_EDGE('',*,*,#1936,.T.);
#1221=ORIENTED_EDGE('',*,*,#1937,.T.);
#1222=ORIENTED_EDGE('',*,*,#1938,.T.);
#1223=ORIENTED_EDGE('',*,*,#1931,.T.);
#1224=ORIENTED_EDGE('',*,*,#1939,.F.);
#1225=ORIENTED_EDGE('',*,*,#1880,.T.);
#1226=ORIENTED_EDGE('',*,*,#1940,.T.);
#1227=ORIENTED_EDGE('',*,*,#1849,.F.);
#1228=ORIENTED_EDGE('',*,*,#1941,.T.);
#1229=ORIENTED_EDGE('',*,*,#1857,.F.);
#1230=ORIENTED_EDGE('',*,*,#1942,.T.);
#1231=ORIENTED_EDGE('',*,*,#1872,.T.);
#1232=ORIENTED_EDGE('',*,*,#1943,.T.);
#1233=ORIENTED_EDGE('',*,*,#1851,.F.);
#1234=ORIENTED_EDGE('',*,*,#1944,.T.);
#1235=ORIENTED_EDGE('',*,*,#1878,.T.);
#1236=ORIENTED_EDGE('',*,*,#1945,.T.);
#1237=ORIENTED_EDGE('',*,*,#1876,.T.);
#1238=ORIENTED_EDGE('',*,*,#1946,.T.);
#1239=ORIENTED_EDGE('',*,*,#1853,.F.);
#1240=ORIENTED_EDGE('',*,*,#1947,.T.);
#1241=ORIENTED_EDGE('',*,*,#1855,.F.);
#1242=ORIENTED_EDGE('',*,*,#1948,.T.);
#1243=ORIENTED_EDGE('',*,*,#1874,.T.);
#1244=ORIENTED_EDGE('',*,*,#1949,.T.);
#1245=ORIENTED_EDGE('',*,*,#1950,.T.);
#1246=ORIENTED_EDGE('',*,*,#1951,.T.);
#1247=ORIENTED_EDGE('',*,*,#1952,.T.);
#1248=ORIENTED_EDGE('',*,*,#1953,.T.);
#1249=ORIENTED_EDGE('',*,*,#1954,.T.);
#1250=ORIENTED_EDGE('',*,*,#1955,.T.);
#1251=ORIENTED_EDGE('',*,*,#1956,.T.);
#1252=ORIENTED_EDGE('',*,*,#1957,.T.);
#1253=ORIENTED_EDGE('',*,*,#1958,.T.);
#1254=ORIENTED_EDGE('',*,*,#1959,.T.);
#1255=ORIENTED_EDGE('',*,*,#1960,.F.);
#1256=ORIENTED_EDGE('',*,*,#1961,.T.);
#1257=ORIENTED_EDGE('',*,*,#1962,.T.);
#1258=ORIENTED_EDGE('',*,*,#1959,.F.);
#1259=ORIENTED_EDGE('',*,*,#1841,.T.);
#1260=ORIENTED_EDGE('',*,*,#1962,.F.);
#1261=ORIENTED_EDGE('',*,*,#1963,.T.);
#1262=ORIENTED_EDGE('',*,*,#1864,.F.);
#1263=ORIENTED_EDGE('',*,*,#1960,.T.);
#1264=ORIENTED_EDGE('',*,*,#1963,.F.);
#1265=ORIENTED_EDGE('',*,*,#1901,.F.);
#1266=ORIENTED_EDGE('',*,*,#1964,.T.);
#1267=ORIENTED_EDGE('',*,*,#1907,.T.);
#1268=ORIENTED_EDGE('',*,*,#1965,.T.);
#1269=ORIENTED_EDGE('',*,*,#1896,.F.);
#1270=ORIENTED_EDGE('',*,*,#1966,.T.);
#1271=ORIENTED_EDGE('',*,*,#1913,.T.);
#1272=ORIENTED_EDGE('',*,*,#1967,.T.);
#1273=ORIENTED_EDGE('',*,*,#1897,.F.);
#1274=ORIENTED_EDGE('',*,*,#1965,.F.);
#1275=ORIENTED_EDGE('',*,*,#1912,.T.);
#1276=ORIENTED_EDGE('',*,*,#1968,.T.);
#1277=ORIENTED_EDGE('',*,*,#1903,.T.);
#1278=ORIENTED_EDGE('',*,*,#1969,.T.);
#1279=ORIENTED_EDGE('',*,*,#1898,.F.);
#1280=ORIENTED_EDGE('',*,*,#1967,.F.);
#1281=ORIENTED_EDGE('',*,*,#1916,.F.);
#1282=ORIENTED_EDGE('',*,*,#1970,.T.);
#1283=ORIENTED_EDGE('',*,*,#1887,.T.);
#1284=ORIENTED_EDGE('',*,*,#1971,.T.);
#1285=ORIENTED_EDGE('',*,*,#1928,.T.);
#1286=ORIENTED_EDGE('',*,*,#1972,.F.);
#1287=ORIENTED_EDGE('',*,*,#1972,.T.);
#1288=ORIENTED_EDGE('',*,*,#1935,.T.);
#1289=ORIENTED_EDGE('',*,*,#1973,.F.);
#1290=ORIENTED_EDGE('',*,*,#1917,.F.);
#1291=ORIENTED_EDGE('',*,*,#1926,.F.);
#1292=ORIENTED_EDGE('',*,*,#1974,.T.);
#1293=ORIENTED_EDGE('',*,*,#1918,.F.);
#1294=ORIENTED_EDGE('',*,*,#1973,.T.);
#1295=ORIENTED_EDGE('',*,*,#1934,.T.);
#1296=ORIENTED_EDGE('',*,*,#1975,.T.);
#1297=ORIENTED_EDGE('',*,*,#1871,.F.);
#1298=ORIENTED_EDGE('',*,*,#1976,.T.);
#1299=ORIENTED_EDGE('',*,*,#1881,.F.);
#1300=ORIENTED_EDGE('',*,*,#1943,.F.);
#1301=ORIENTED_EDGE('',*,*,#1848,.T.);
#1302=ORIENTED_EDGE('',*,*,#1977,.T.);
#1303=ORIENTED_EDGE('',*,*,#1858,.T.);
#1304=ORIENTED_EDGE('',*,*,#1941,.F.);
#1305=ORIENTED_EDGE('',*,*,#1939,.T.);
#1306=ORIENTED_EDGE('',*,*,#1958,.F.);
#1307=ORIENTED_EDGE('',*,*,#1905,.F.);
#1308=ORIENTED_EDGE('',*,*,#1978,.T.);
#1309=ORIENTED_EDGE('',*,*,#1862,.F.);
#1310=ORIENTED_EDGE('',*,*,#1979,.T.);
#1311=ORIENTED_EDGE('',*,*,#1889,.F.);
#1312=ORIENTED_EDGE('',*,*,#1980,.T.);
#1313=ORIENTED_EDGE('',*,*,#1885,.F.);
#1314=ORIENTED_EDGE('',*,*,#1981,.T.);
#1315=ORIENTED_EDGE('',*,*,#1844,.F.);
#1316=ORIENTED_EDGE('',*,*,#1982,.T.);
#1317=ORIENTED_EDGE('',*,*,#1924,.F.);
#1318=ORIENTED_EDGE('',*,*,#1983,.T.);
#1319=ORIENTED_EDGE('',*,*,#1867,.F.);
#1320=ORIENTED_EDGE('',*,*,#1984,.T.);
#1321=ORIENTED_EDGE('',*,*,#1899,.F.);
#1322=ORIENTED_EDGE('',*,*,#1985,.T.);
#1323=ORIENTED_EDGE('',*,*,#1932,.F.);
#1324=ORIENTED_EDGE('',*,*,#1986,.T.);
#1325=ORIENTED_EDGE('',*,*,#1845,.F.);
#1326=ORIENTED_EDGE('',*,*,#1987,.F.);
#1327=ORIENTED_EDGE('',*,*,#1987,.T.);
#1328=ORIENTED_EDGE('',*,*,#1983,.F.);
#1329=ORIENTED_EDGE('',*,*,#1988,.F.);
#1330=ORIENTED_EDGE('',*,*,#1988,.T.);
#1331=ORIENTED_EDGE('',*,*,#1927,.F.);
#1332=ORIENTED_EDGE('',*,*,#1975,.F.);
#1333=ORIENTED_EDGE('',*,*,#1933,.F.);
#1334=ORIENTED_EDGE('',*,*,#1894,.F.);
#1335=ORIENTED_EDGE('',*,*,#1989,.T.);
#1336=ORIENTED_EDGE('',*,*,#1868,.F.);
#1337=ORIENTED_EDGE('',*,*,#1990,.F.);
#1338=ORIENTED_EDGE('',*,*,#1990,.T.);
#1339=ORIENTED_EDGE('',*,*,#1985,.F.);
#1340=ORIENTED_EDGE('',*,*,#1991,.F.);
#1341=ORIENTED_EDGE('',*,*,#1966,.F.);
#1342=ORIENTED_EDGE('',*,*,#1895,.F.);
#1343=ORIENTED_EDGE('',*,*,#1991,.T.);
#1344=ORIENTED_EDGE('',*,*,#1902,.F.);
#1345=ORIENTED_EDGE('',*,*,#1969,.F.);
#1346=ORIENTED_EDGE('',*,*,#1906,.F.);
#1347=ORIENTED_EDGE('',*,*,#1992,.F.);
#1348=ORIENTED_EDGE('',*,*,#1891,.F.);
#1349=ORIENTED_EDGE('',*,*,#1992,.T.);
#1350=ORIENTED_EDGE('',*,*,#1979,.F.);
#1351=ORIENTED_EDGE('',*,*,#1993,.F.);
#1352=ORIENTED_EDGE('',*,*,#1861,.F.);
#1353=ORIENTED_EDGE('',*,*,#1994,.T.);
#1354=ORIENTED_EDGE('',*,*,#1892,.F.);
#1355=ORIENTED_EDGE('',*,*,#1993,.T.);
#1356=ORIENTED_EDGE('',*,*,#1995,.F.);
#1357=ORIENTED_EDGE('',*,*,#1884,.F.);
#1358=ORIENTED_EDGE('',*,*,#1996,.T.);
#1359=ORIENTED_EDGE('',*,*,#1930,.F.);
#1360=ORIENTED_EDGE('',*,*,#1981,.F.);
#1361=ORIENTED_EDGE('',*,*,#1995,.T.);
#1362=ORIENTED_EDGE('',*,*,#1997,.F.);
#1363=ORIENTED_EDGE('',*,*,#1971,.F.);
#1364=ORIENTED_EDGE('',*,*,#1890,.F.);
#1365=ORIENTED_EDGE('',*,*,#1997,.T.);
#1366=ORIENTED_EDGE('',*,*,#1929,.F.);
#1367=ORIENTED_EDGE('',*,*,#1923,.F.);
#1368=ORIENTED_EDGE('',*,*,#1998,.T.);
#1369=ORIENTED_EDGE('',*,*,#1869,.F.);
#1370=ORIENTED_EDGE('',*,*,#1989,.F.);
#1371=ORIENTED_EDGE('',*,*,#1883,.F.);
#1372=ORIENTED_EDGE('',*,*,#1999,.T.);
#1373=ORIENTED_EDGE('',*,*,#1936,.F.);
#1374=ORIENTED_EDGE('',*,*,#1996,.F.);
#1375=ORIENTED_EDGE('',*,*,#1938,.F.);
#1376=ORIENTED_EDGE('',*,*,#2000,.T.);
#1377=ORIENTED_EDGE('',*,*,#1846,.F.);
#1378=ORIENTED_EDGE('',*,*,#1986,.F.);
#1379=ORIENTED_EDGE('',*,*,#1860,.F.);
#1380=ORIENTED_EDGE('',*,*,#2001,.T.);
#1381=ORIENTED_EDGE('',*,*,#1921,.F.);
#1382=ORIENTED_EDGE('',*,*,#1994,.F.);
#1383=ORIENTED_EDGE('',*,*,#2002,.F.);
#1384=ORIENTED_EDGE('',*,*,#1922,.F.);
#1385=ORIENTED_EDGE('',*,*,#2003,.F.);
#1386=ORIENTED_EDGE('',*,*,#1955,.F.);
#1387=ORIENTED_EDGE('',*,*,#2003,.T.);
#1388=ORIENTED_EDGE('',*,*,#2001,.F.);
#1389=ORIENTED_EDGE('',*,*,#2004,.F.);
#1390=ORIENTED_EDGE('',*,*,#1998,.F.);
#1391=ORIENTED_EDGE('',*,*,#2002,.T.);
#1392=ORIENTED_EDGE('',*,*,#2005,.F.);
#1393=ORIENTED_EDGE('',*,*,#2004,.T.);
#1394=ORIENTED_EDGE('',*,*,#1859,.F.);
#1395=ORIENTED_EDGE('',*,*,#2006,.F.);
#1396=ORIENTED_EDGE('',*,*,#1956,.F.);
#1397=ORIENTED_EDGE('',*,*,#2005,.T.);
#1398=ORIENTED_EDGE('',*,*,#1954,.F.);
#1399=ORIENTED_EDGE('',*,*,#2007,.F.);
#1400=ORIENTED_EDGE('',*,*,#1870,.F.);
#1401=ORIENTED_EDGE('',*,*,#2006,.T.);
#1402=ORIENTED_EDGE('',*,*,#1977,.F.);
#1403=ORIENTED_EDGE('',*,*,#2008,.F.);
#1404=ORIENTED_EDGE('',*,*,#1957,.F.);
#1405=ORIENTED_EDGE('',*,*,#2007,.T.);
#1406=ORIENTED_EDGE('',*,*,#1953,.F.);
#1407=ORIENTED_EDGE('',*,*,#2009,.F.);
#1408=ORIENTED_EDGE('',*,*,#1976,.F.);
#1409=ORIENTED_EDGE('',*,*,#2008,.T.);
#1410=ORIENTED_EDGE('',*,*,#1847,.F.);
#1411=ORIENTED_EDGE('',*,*,#2010,.F.);
#1412=ORIENTED_EDGE('',*,*,#1950,.F.);
#1413=ORIENTED_EDGE('',*,*,#2009,.T.);
#1414=ORIENTED_EDGE('',*,*,#1952,.F.);
#1415=ORIENTED_EDGE('',*,*,#2011,.F.);
#1416=ORIENTED_EDGE('',*,*,#1882,.F.);
#1417=ORIENTED_EDGE('',*,*,#2010,.T.);
#1418=ORIENTED_EDGE('',*,*,#2000,.F.);
#1419=ORIENTED_EDGE('',*,*,#2012,.F.);
#1420=ORIENTED_EDGE('',*,*,#1999,.F.);
#1421=ORIENTED_EDGE('',*,*,#2011,.T.);
#1422=ORIENTED_EDGE('',*,*,#2013,.F.);
#1423=ORIENTED_EDGE('',*,*,#2012,.T.);
#1424=ORIENTED_EDGE('',*,*,#1937,.F.);
#1425=ORIENTED_EDGE('',*,*,#2013,.T.);
#1426=ORIENTED_EDGE('',*,*,#1951,.F.);
#1427=ORIENTED_EDGE('',*,*,#1856,.F.);
#1428=ORIENTED_EDGE('',*,*,#1949,.F.);
#1429=ORIENTED_EDGE('',*,*,#1873,.F.);
#1430=ORIENTED_EDGE('',*,*,#1942,.F.);
#1431=ORIENTED_EDGE('',*,*,#1852,.F.);
#1432=ORIENTED_EDGE('',*,*,#1945,.F.);
#1433=ORIENTED_EDGE('',*,*,#1877,.F.);
#1434=ORIENTED_EDGE('',*,*,#1947,.F.);
#1435=ORIENTED_EDGE('',*,*,#1850,.F.);
#1436=ORIENTED_EDGE('',*,*,#1940,.F.);
#1437=ORIENTED_EDGE('',*,*,#1879,.F.);
#1438=ORIENTED_EDGE('',*,*,#1944,.F.);
#1439=ORIENTED_EDGE('',*,*,#1854,.F.);
#1440=ORIENTED_EDGE('',*,*,#1946,.F.);
#1441=ORIENTED_EDGE('',*,*,#1875,.F.);
#1442=ORIENTED_EDGE('',*,*,#1948,.F.);
#1443=ORIENTED_EDGE('',*,*,#2014,.F.);
#1444=ORIENTED_EDGE('',*,*,#1904,.F.);
#1445=ORIENTED_EDGE('',*,*,#1968,.F.);
#1446=ORIENTED_EDGE('',*,*,#1911,.F.);
#1447=ORIENTED_EDGE('',*,*,#1978,.F.);
#1448=ORIENTED_EDGE('',*,*,#2014,.T.);
#1449=ORIENTED_EDGE('',*,*,#2015,.F.);
#1450=ORIENTED_EDGE('',*,*,#2015,.T.);
#1451=ORIENTED_EDGE('',*,*,#1910,.F.);
#1452=ORIENTED_EDGE('',*,*,#2016,.F.);
#1453=ORIENTED_EDGE('',*,*,#1863,.F.);
#1454=ORIENTED_EDGE('',*,*,#2016,.T.);
#1455=ORIENTED_EDGE('',*,*,#1839,.F.);
#1456=ORIENTED_EDGE('',*,*,#2017,.F.);
#1457=ORIENTED_EDGE('',*,*,#1842,.F.);
#1458=ORIENTED_EDGE('',*,*,#2018,.F.);
#1459=ORIENTED_EDGE('',*,*,#1843,.F.);
#1460=ORIENTED_EDGE('',*,*,#2017,.T.);
#1461=ORIENTED_EDGE('',*,*,#1920,.F.);
#1462=ORIENTED_EDGE('',*,*,#1982,.F.);
#1463=ORIENTED_EDGE('',*,*,#2018,.T.);
#1464=ORIENTED_EDGE('',*,*,#2019,.F.);
#1465=ORIENTED_EDGE('',*,*,#2019,.T.);
#1466=ORIENTED_EDGE('',*,*,#1919,.F.);
#1467=ORIENTED_EDGE('',*,*,#1974,.F.);
#1468=ORIENTED_EDGE('',*,*,#1925,.F.);
#1469=ORIENTED_EDGE('',*,*,#2020,.F.);
#1470=ORIENTED_EDGE('',*,*,#1888,.F.);
#1471=ORIENTED_EDGE('',*,*,#1970,.F.);
#1472=ORIENTED_EDGE('',*,*,#1915,.F.);
#1473=ORIENTED_EDGE('',*,*,#1980,.F.);
#1474=ORIENTED_EDGE('',*,*,#2020,.T.);
#1475=ORIENTED_EDGE('',*,*,#2021,.F.);
#1476=ORIENTED_EDGE('',*,*,#2021,.T.);
#1477=ORIENTED_EDGE('',*,*,#1914,.F.);
#1478=ORIENTED_EDGE('',*,*,#2022,.F.);
#1479=ORIENTED_EDGE('',*,*,#1886,.F.);
#1480=ORIENTED_EDGE('',*,*,#2022,.T.);
#1481=ORIENTED_EDGE('',*,*,#1837,.F.);
#1482=ORIENTED_EDGE('',*,*,#2023,.F.);
#1483=ORIENTED_EDGE('',*,*,#1865,.F.);
#1484=ORIENTED_EDGE('',*,*,#2024,.F.);
#1485=ORIENTED_EDGE('',*,*,#1866,.F.);
#1486=ORIENTED_EDGE('',*,*,#2023,.T.);
#1487=ORIENTED_EDGE('',*,*,#1909,.F.);
#1488=ORIENTED_EDGE('',*,*,#1984,.F.);
#1489=ORIENTED_EDGE('',*,*,#2024,.T.);
#1490=ORIENTED_EDGE('',*,*,#2025,.F.);
#1491=ORIENTED_EDGE('',*,*,#1964,.F.);
#1492=ORIENTED_EDGE('',*,*,#1900,.F.);
#1493=ORIENTED_EDGE('',*,*,#2025,.T.);
#1494=ORIENTED_EDGE('',*,*,#1908,.F.);
#1495=ORIENTED_EDGE('',*,*,#1961,.F.);
#1496=ORIENTED_EDGE('',*,*,#1840,.F.);
#1497=ORIENTED_EDGE('',*,*,#2026,.T.);
#1498=ORIENTED_EDGE('',*,*,#2027,.F.);
#1499=ORIENTED_EDGE('',*,*,#2028,.T.);
#1500=ORIENTED_EDGE('',*,*,#2026,.F.);
#1501=ORIENTED_EDGE('',*,*,#2029,.T.);
#1502=ORIENTED_EDGE('',*,*,#2028,.F.);
#1503=ORIENTED_EDGE('',*,*,#2029,.F.);
#1504=ORIENTED_EDGE('',*,*,#2027,.T.);
#1505=EDGE_CURVE('',#2836,#2837,#2030,.F.);
#1506=EDGE_CURVE('',#2837,#2838,#266,.T.);
#1507=EDGE_CURVE('',#2838,#2839,#2031,.T.);
#1508=EDGE_CURVE('',#2839,#2836,#267,.T.);
#1509=EDGE_CURVE('',#2840,#2841,#2032,.F.);
#1510=EDGE_CURVE('',#2841,#2842,#268,.T.);
#1511=EDGE_CURVE('',#2842,#2843,#2033,.T.);
#1512=EDGE_CURVE('',#2843,#2840,#269,.T.);
#1513=EDGE_CURVE('',#2844,#2845,#2034,.F.);
#1514=EDGE_CURVE('',#2845,#2846,#270,.T.);
#1515=EDGE_CURVE('',#2846,#2847,#2035,.T.);
#1516=EDGE_CURVE('',#2847,#2844,#271,.T.);
#1517=EDGE_CURVE('',#2848,#2848,#272,.T.);
#1518=EDGE_CURVE('',#2849,#2850,#2036,.T.);
#1519=EDGE_CURVE('',#2849,#2851,#273,.F.);
#1520=EDGE_CURVE('',#2852,#2851,#2037,.T.);
#1521=EDGE_CURVE('',#2853,#2852,#2038,.T.);
#1522=EDGE_CURVE('',#2854,#2853,#2039,.T.);
#1523=EDGE_CURVE('',#2854,#2855,#274,.F.);
#1524=EDGE_CURVE('',#2856,#2855,#2040,.T.);
#1525=EDGE_CURVE('',#2857,#2856,#2041,.T.);
#1526=EDGE_CURVE('',#2858,#2857,#2042,.T.);
#1527=EDGE_CURVE('',#2858,#2859,#275,.F.);
#1528=EDGE_CURVE('',#2860,#2859,#2043,.T.);
#1529=EDGE_CURVE('',#2861,#2860,#2044,.T.);
#1530=EDGE_CURVE('',#2862,#2861,#2045,.T.);
#1531=EDGE_CURVE('',#2862,#2863,#276,.F.);
#1532=EDGE_CURVE('',#2864,#2863,#2046,.T.);
#1533=EDGE_CURVE('',#2850,#2864,#2047,.T.);
#1534=EDGE_CURVE('',#2865,#2865,#277,.T.);
#1535=EDGE_CURVE('',#2866,#2866,#278,.T.);
#1536=EDGE_CURVE('',#2867,#2868,#2048,.T.);
#1537=EDGE_CURVE('',#2868,#2869,#279,.F.);
#1538=EDGE_CURVE('',#2869,#2870,#2049,.T.);
#1539=EDGE_CURVE('',#2870,#2871,#2050,.T.);
#1540=EDGE_CURVE('',#2871,#2872,#2051,.T.);
#1541=EDGE_CURVE('',#2872,#2873,#280,.F.);
#1542=EDGE_CURVE('',#2873,#2874,#2052,.T.);
#1543=EDGE_CURVE('',#2874,#2875,#2053,.T.);
#1544=EDGE_CURVE('',#2875,#2876,#2054,.T.);
#1545=EDGE_CURVE('',#2876,#2877,#281,.F.);
#1546=EDGE_CURVE('',#2877,#2878,#2055,.T.);
#1547=EDGE_CURVE('',#2878,#2879,#2056,.T.);
#1548=EDGE_CURVE('',#2879,#2880,#2057,.T.);
#1549=EDGE_CURVE('',#2880,#2881,#282,.F.);
#1550=EDGE_CURVE('',#2881,#2882,#2058,.T.);
#1551=EDGE_CURVE('',#2882,#2867,#2059,.T.);
#1552=EDGE_CURVE('',#2883,#2884,#2060,.F.);
#1553=EDGE_CURVE('',#2884,#2885,#283,.T.);
#1554=EDGE_CURVE('',#2885,#2886,#2061,.T.);
#1555=EDGE_CURVE('',#2886,#2883,#284,.T.);
#1556=EDGE_CURVE('',#2887,#2887,#285,.T.);
#1557=EDGE_CURVE('',#2870,#2850,#2062,.T.);
#1558=EDGE_CURVE('',#2871,#2864,#2063,.T.);
#1559=EDGE_CURVE('',#2869,#2841,#38,.T.);
#1560=EDGE_CURVE('',#2840,#2849,#39,.T.);
#1561=EDGE_CURVE('',#2846,#2872,#40,.T.);
#1562=EDGE_CURVE('',#2863,#2847,#41,.T.);
#1563=EDGE_CURVE('',#2874,#2861,#2064,.T.);
#1564=EDGE_CURVE('',#2875,#2860,#2065,.T.);
#1565=EDGE_CURVE('',#2885,#2876,#42,.T.);
#1566=EDGE_CURVE('',#2859,#2886,#43,.T.);
#1567=EDGE_CURVE('',#2873,#2845,#44,.T.);
#1568=EDGE_CURVE('',#2844,#2862,#45,.T.);
#1569=EDGE_CURVE('',#2882,#2853,#2066,.T.);
#1570=EDGE_CURVE('',#2867,#2852,#2067,.T.);
#1571=EDGE_CURVE('',#2881,#2837,#46,.T.);
#1572=EDGE_CURVE('',#2836,#2854,#47,.T.);
#1573=EDGE_CURVE('',#2842,#2868,#48,.T.);
#1574=EDGE_CURVE('',#2851,#2843,#49,.T.);
#1575=EDGE_CURVE('',#2878,#2857,#2068,.T.);
#1576=EDGE_CURVE('',#2879,#2856,#2069,.T.);
#1577=EDGE_CURVE('',#2877,#2884,#50,.T.);
#1578=EDGE_CURVE('',#2883,#2858,#51,.T.);
#1579=EDGE_CURVE('',#2838,#2880,#52,.T.);
#1580=EDGE_CURVE('',#2855,#2839,#53,.T.);
#1581=EDGE_CURVE('',#2888,#2888,#286,.T.);
#1582=EDGE_CURVE('',#2889,#2889,#287,.T.);
#1583=EDGE_CURVE('',#2890,#2890,#288,.T.);
#1584=EDGE_CURVE('',#2891,#2891,#289,.T.);
#1585=EDGE_CURVE('',#2892,#2892,#290,.T.);
#1586=EDGE_CURVE('',#2893,#2893,#291,.T.);
#1587=EDGE_CURVE('',#2894,#2894,#292,.T.);
#1588=EDGE_CURVE('',#2895,#2895,#293,.T.);
#1589=EDGE_CURVE('',#2896,#2896,#294,.T.);
#1590=EDGE_CURVE('',#2897,#2897,#295,.T.);
#1591=EDGE_CURVE('',#2898,#2898,#296,.F.);
#1592=EDGE_CURVE('',#2899,#2899,#297,.T.);
#1593=EDGE_CURVE('',#2900,#2900,#298,.T.);
#1594=EDGE_CURVE('',#2901,#2902,#299,.T.);
#1595=EDGE_CURVE('',#2901,#2903,#54,.T.);
#1596=EDGE_CURVE('',#2903,#2904,#300,.T.);
#1597=EDGE_CURVE('',#2904,#2902,#55,.T.);
#1598=EDGE_CURVE('',#2905,#2906,#301,.T.);
#1599=EDGE_CURVE('',#2906,#2907,#56,.T.);
#1600=EDGE_CURVE('',#2908,#2907,#302,.T.);
#1601=EDGE_CURVE('',#2908,#2905,#57,.T.);
#1602=EDGE_CURVE('',#2903,#2909,#58,.T.);
#1603=EDGE_CURVE('',#2909,#2910,#303,.T.);
#1604=EDGE_CURVE('',#2910,#2904,#59,.T.);
#1605=EDGE_CURVE('',#2911,#2912,#304,.T.);
#1606=EDGE_CURVE('',#2912,#2906,#60,.T.);
#1607=EDGE_CURVE('',#2905,#2911,#61,.T.);
#1608=EDGE_CURVE('',#2909,#2913,#62,.T.);
#1609=EDGE_CURVE('',#2913,#2914,#305,.T.);
#1610=EDGE_CURVE('',#2914,#2910,#63,.T.);
#1611=EDGE_CURVE('',#2915,#2916,#306,.T.);
#1612=EDGE_CURVE('',#2916,#2912,#64,.T.);
#1613=EDGE_CURVE('',#2911,#2915,#65,.T.);
#1614=EDGE_CURVE('',#2917,#2918,#307,.T.);
#1615=EDGE_CURVE('',#2917,#2919,#66,.T.);
#1616=EDGE_CURVE('',#2919,#2920,#308,.T.);
#1617=EDGE_CURVE('',#2920,#2918,#67,.T.);
#1618=EDGE_CURVE('',#2919,#2921,#68,.T.);
#1619=EDGE_CURVE('',#2921,#2922,#309,.T.);
#1620=EDGE_CURVE('',#2922,#2920,#69,.T.);
#1621=EDGE_CURVE('',#2921,#2923,#70,.T.);
#1622=EDGE_CURVE('',#2923,#2924,#310,.T.);
#1623=EDGE_CURVE('',#2924,#2922,#71,.T.);
#1624=EDGE_CURVE('',#2925,#2926,#311,.T.);
#1625=EDGE_CURVE('',#2925,#2927,#72,.T.);
#1626=EDGE_CURVE('',#2927,#2928,#312,.T.);
#1627=EDGE_CURVE('',#2928,#2926,#73,.T.);
#1628=EDGE_CURVE('',#2927,#2929,#74,.T.);
#1629=EDGE_CURVE('',#2929,#2930,#313,.T.);
#1630=EDGE_CURVE('',#2930,#2928,#75,.T.);
#1631=EDGE_CURVE('',#2929,#2931,#76,.T.);
#1632=EDGE_CURVE('',#2931,#2932,#314,.T.);
#1633=EDGE_CURVE('',#2932,#2930,#77,.T.);
#1634=EDGE_CURVE('',#2933,#2934,#2070,.T.);
#1635=EDGE_CURVE('',#2935,#2933,#2071,.T.);
#1636=EDGE_CURVE('',#2935,#2936,#2072,.T.);
#1637=EDGE_CURVE('',#2936,#2934,#2073,.T.);
#1638=EDGE_CURVE('',#2937,#2938,#2074,.F.);
#1639=EDGE_CURVE('',#2937,#2939,#2075,.T.);
#1640=EDGE_CURVE('',#2940,#2939,#2076,.T.);
#1641=EDGE_CURVE('',#2938,#2940,#2077,.T.);
#1642=EDGE_CURVE('',#2941,#2942,#315,.T.);
#1643=EDGE_CURVE('',#2941,#2943,#78,.T.);
#1644=EDGE_CURVE('',#2943,#2944,#316,.T.);
#1645=EDGE_CURVE('',#2944,#2942,#79,.T.);
#1646=EDGE_CURVE('',#2943,#2945,#80,.T.);
#1647=EDGE_CURVE('',#2945,#2946,#317,.T.);
#1648=EDGE_CURVE('',#2946,#2944,#81,.T.);
#1649=EDGE_CURVE('',#2945,#2947,#82,.T.);
#1650=EDGE_CURVE('',#2947,#2948,#318,.T.);
#1651=EDGE_CURVE('',#2948,#2946,#83,.T.);
#1652=EDGE_CURVE('',#2949,#2950,#319,.T.);
#1653=EDGE_CURVE('',#2949,#2951,#84,.T.);
#1654=EDGE_CURVE('',#2951,#2952,#320,.T.);
#1655=EDGE_CURVE('',#2952,#2950,#85,.T.);
#1656=EDGE_CURVE('',#2951,#2953,#86,.T.);
#1657=EDGE_CURVE('',#2953,#2954,#321,.T.);
#1658=EDGE_CURVE('',#2954,#2952,#87,.T.);
#1659=EDGE_CURVE('',#2953,#2955,#88,.T.);
#1660=EDGE_CURVE('',#2955,#2956,#322,.T.);
#1661=EDGE_CURVE('',#2956,#2954,#89,.T.);
#1662=EDGE_CURVE('',#2957,#2958,#323,.T.);
#1663=EDGE_CURVE('',#2957,#2959,#90,.T.);
#1664=EDGE_CURVE('',#2959,#2960,#324,.T.);
#1665=EDGE_CURVE('',#2960,#2958,#91,.T.);
#1666=EDGE_CURVE('',#2959,#2961,#92,.T.);
#1667=EDGE_CURVE('',#2961,#2962,#325,.T.);
#1668=EDGE_CURVE('',#2962,#2960,#93,.T.);
#1669=EDGE_CURVE('',#2961,#2963,#94,.T.);
#1670=EDGE_CURVE('',#2963,#2964,#326,.T.);
#1671=EDGE_CURVE('',#2964,#2962,#95,.T.);
#1672=EDGE_CURVE('',#2965,#2966,#2078,.F.);
#1673=EDGE_CURVE('',#2965,#2967,#2079,.T.);
#1674=EDGE_CURVE('',#2968,#2967,#2080,.T.);
#1675=EDGE_CURVE('',#2966,#2968,#2081,.T.);
#1676=EDGE_CURVE('',#2969,#2970,#2082,.T.);
#1677=EDGE_CURVE('',#2971,#2969,#2083,.T.);
#1678=EDGE_CURVE('',#2971,#2972,#2084,.T.);
#1679=EDGE_CURVE('',#2972,#2970,#2085,.T.);
#1680=EDGE_CURVE('',#2973,#2974,#327,.T.);
#1681=EDGE_CURVE('',#2973,#2975,#96,.T.);
#1682=EDGE_CURVE('',#2975,#2976,#328,.T.);
#1683=EDGE_CURVE('',#2976,#2974,#97,.T.);
#1684=EDGE_CURVE('',#2975,#2977,#98,.T.);
#1685=EDGE_CURVE('',#2977,#2978,#329,.T.);
#1686=EDGE_CURVE('',#2978,#2976,#99,.T.);
#1687=EDGE_CURVE('',#2977,#2979,#100,.T.);
#1688=EDGE_CURVE('',#2979,#2980,#330,.T.);
#1689=EDGE_CURVE('',#2980,#2978,#101,.T.);
#1690=EDGE_CURVE('',#2981,#2982,#331,.T.);
#1691=EDGE_CURVE('',#2981,#2983,#102,.T.);
#1692=EDGE_CURVE('',#2983,#2984,#332,.T.);
#1693=EDGE_CURVE('',#2984,#2982,#103,.T.);
#1694=EDGE_CURVE('',#2983,#2985,#104,.T.);
#1695=EDGE_CURVE('',#2985,#2986,#333,.T.);
#1696=EDGE_CURVE('',#2986,#2984,#105,.T.);
#1697=EDGE_CURVE('',#2985,#2987,#106,.T.);
#1698=EDGE_CURVE('',#2987,#2988,#334,.T.);
#1699=EDGE_CURVE('',#2988,#2986,#107,.T.);
#1700=EDGE_CURVE('',#2989,#2990,#335,.T.);
#1701=EDGE_CURVE('',#2989,#2991,#108,.T.);
#1702=EDGE_CURVE('',#2991,#2992,#336,.T.);
#1703=EDGE_CURVE('',#2992,#2990,#109,.T.);
#1704=EDGE_CURVE('',#2991,#2993,#110,.T.);
#1705=EDGE_CURVE('',#2993,#2994,#337,.T.);
#1706=EDGE_CURVE('',#2994,#2992,#111,.T.);
#1707=EDGE_CURVE('',#2993,#2995,#112,.T.);
#1708=EDGE_CURVE('',#2995,#2996,#338,.T.);
#1709=EDGE_CURVE('',#2996,#2994,#113,.T.);
#1710=EDGE_CURVE('',#2997,#2998,#2086,.T.);
#1711=EDGE_CURVE('',#2999,#2997,#2087,.T.);
#1712=EDGE_CURVE('',#2999,#3000,#2088,.T.);
#1713=EDGE_CURVE('',#3000,#2998,#2089,.T.);
#1714=EDGE_CURVE('',#3001,#3002,#2090,.F.);
#1715=EDGE_CURVE('',#3001,#3003,#2091,.T.);
#1716=EDGE_CURVE('',#3004,#3003,#2092,.T.);
#1717=EDGE_CURVE('',#3002,#3004,#2093,.T.);
#1718=EDGE_CURVE('',#3005,#3006,#339,.T.);
#1719=EDGE_CURVE('',#3005,#3007,#114,.T.);
#1720=EDGE_CURVE('',#3007,#3008,#340,.T.);
#1721=EDGE_CURVE('',#3008,#3006,#115,.T.);
#1722=EDGE_CURVE('',#3007,#3009,#116,.T.);
#1723=EDGE_CURVE('',#3009,#3010,#341,.T.);
#1724=EDGE_CURVE('',#3010,#3008,#117,.T.);
#1725=EDGE_CURVE('',#3009,#3011,#118,.T.);
#1726=EDGE_CURVE('',#3011,#3012,#342,.T.);
#1727=EDGE_CURVE('',#3012,#3010,#119,.T.);
#1728=EDGE_CURVE('',#3013,#3014,#343,.T.);
#1729=EDGE_CURVE('',#3013,#3015,#120,.T.);
#1730=EDGE_CURVE('',#3015,#3016,#344,.T.);
#1731=EDGE_CURVE('',#3016,#3014,#121,.T.);
#1732=EDGE_CURVE('',#3015,#3017,#122,.T.);
#1733=EDGE_CURVE('',#3017,#3018,#345,.T.);
#1734=EDGE_CURVE('',#3018,#3016,#123,.T.);
#1735=EDGE_CURVE('',#3017,#3019,#124,.T.);
#1736=EDGE_CURVE('',#3019,#3020,#346,.T.);
#1737=EDGE_CURVE('',#3020,#3018,#125,.T.);
#1738=EDGE_CURVE('',#3021,#3022,#2094,.T.);
#1739=EDGE_CURVE('',#3023,#3021,#2095,.T.);
#1740=EDGE_CURVE('',#3023,#3024,#2096,.T.);
#1741=EDGE_CURVE('',#3024,#3022,#2097,.T.);
#1742=EDGE_CURVE('',#3025,#3026,#2098,.F.);
#1743=EDGE_CURVE('',#3025,#3027,#2099,.T.);
#1744=EDGE_CURVE('',#3028,#3027,#2100,.T.);
#1745=EDGE_CURVE('',#3026,#3028,#2101,.T.);
#1746=EDGE_CURVE('',#3029,#2913,#2102,.T.);
#1747=EDGE_CURVE('',#3030,#3029,#347,.T.);
#1748=EDGE_CURVE('',#2916,#3030,#2103,.T.);
#1749=EDGE_CURVE('',#3031,#2915,#2104,.T.);
#1750=EDGE_CURVE('',#3026,#3031,#348,.T.);
#1751=EDGE_CURVE('',#3028,#3023,#2105,.T.);
#1752=EDGE_CURVE('',#3032,#3021,#349,.T.);
#1753=EDGE_CURVE('',#3020,#3032,#2106,.T.);
#1754=EDGE_CURVE('',#3033,#3019,#2107,.T.);
#1755=EDGE_CURVE('',#3034,#3033,#350,.T.);
#1756=EDGE_CURVE('',#3012,#3034,#2108,.T.);
#1757=EDGE_CURVE('',#3035,#3011,#2109,.T.);
#1758=EDGE_CURVE('',#3036,#3035,#351,.T.);
#1759=EDGE_CURVE('',#2996,#3036,#2110,.T.);
#1760=EDGE_CURVE('',#3037,#2995,#2111,.T.);
#1761=EDGE_CURVE('',#3002,#3037,#352,.T.);
#1762=EDGE_CURVE('',#3004,#2999,#2112,.T.);
#1763=EDGE_CURVE('',#3038,#2997,#353,.T.);
#1764=EDGE_CURVE('',#2988,#3038,#2113,.T.);
#1765=EDGE_CURVE('',#3039,#2987,#2114,.T.);
#1766=EDGE_CURVE('',#3040,#3039,#354,.T.);
#1767=EDGE_CURVE('',#2980,#3040,#2115,.T.);
#1768=EDGE_CURVE('',#3041,#2979,#2116,.T.);
#1769=EDGE_CURVE('',#3042,#3041,#355,.T.);
#1770=EDGE_CURVE('',#2964,#3042,#2117,.T.);
#1771=EDGE_CURVE('',#3043,#2963,#2118,.T.);
#1772=EDGE_CURVE('',#2966,#3043,#356,.T.);
#1773=EDGE_CURVE('',#2968,#2971,#2119,.T.);
#1774=EDGE_CURVE('',#3044,#2969,#357,.T.);
#1775=EDGE_CURVE('',#2956,#3044,#2120,.T.);
#1776=EDGE_CURVE('',#3045,#2955,#2121,.T.);
#1777=EDGE_CURVE('',#3046,#3045,#358,.T.);
#1778=EDGE_CURVE('',#2948,#3046,#2122,.T.);
#1779=EDGE_CURVE('',#3047,#2947,#2123,.T.);
#1780=EDGE_CURVE('',#3048,#3047,#359,.T.);
#1781=EDGE_CURVE('',#2932,#3048,#2124,.T.);
#1782=EDGE_CURVE('',#3049,#2931,#2125,.T.);
#1783=EDGE_CURVE('',#2938,#3049,#360,.T.);
#1784=EDGE_CURVE('',#2940,#2935,#2126,.T.);
#1785=EDGE_CURVE('',#3050,#2933,#361,.T.);
#1786=EDGE_CURVE('',#2924,#3050,#2127,.T.);
#1787=EDGE_CURVE('',#3051,#2923,#2128,.T.);
#1788=EDGE_CURVE('',#3052,#3051,#362,.T.);
#1789=EDGE_CURVE('',#2914,#3052,#2129,.T.);
#1790=EDGE_CURVE('',#3053,#3053,#363,.T.);
#1791=EDGE_CURVE('',#3054,#3054,#364,.T.);
#1792=EDGE_CURVE('',#2939,#2936,#2130,.T.);
#1793=EDGE_CURVE('',#2937,#2925,#365,.T.);
#1794=EDGE_CURVE('',#2926,#2941,#366,.T.);
#1795=EDGE_CURVE('',#2942,#2949,#367,.T.);
#1796=EDGE_CURVE('',#2950,#2970,#368,.T.);
#1797=EDGE_CURVE('',#2967,#2972,#2131,.T.);
#1798=EDGE_CURVE('',#2965,#2957,#369,.T.);
#1799=EDGE_CURVE('',#2958,#2973,#370,.T.);
#1800=EDGE_CURVE('',#2974,#2981,#371,.T.);
#1801=EDGE_CURVE('',#2982,#2998,#372,.T.);
#1802=EDGE_CURVE('',#3003,#3000,#2132,.T.);
#1803=EDGE_CURVE('',#3001,#2989,#373,.T.);
#1804=EDGE_CURVE('',#2990,#3005,#374,.T.);
#1805=EDGE_CURVE('',#3006,#3013,#375,.T.);
#1806=EDGE_CURVE('',#3014,#3022,#376,.T.);
#1807=EDGE_CURVE('',#3027,#3024,#2133,.T.);
#1808=EDGE_CURVE('',#3025,#2908,#377,.T.);
#1809=EDGE_CURVE('',#2907,#2901,#378,.T.);
#1810=EDGE_CURVE('',#2902,#2917,#379,.T.);
#1811=EDGE_CURVE('',#2918,#2934,#380,.T.);
#1812=EDGE_CURVE('',#3031,#2908,#2134,.T.);
#1813=EDGE_CURVE('',#3032,#3014,#2135,.T.);
#1814=EDGE_CURVE('',#3033,#3013,#2136,.T.);
#1815=EDGE_CURVE('',#3034,#3006,#2137,.T.);
#1816=EDGE_CURVE('',#3035,#3005,#2138,.T.);
#1817=EDGE_CURVE('',#3036,#2990,#2139,.T.);
#1818=EDGE_CURVE('',#3037,#2989,#2140,.T.);
#1819=EDGE_CURVE('',#3038,#2982,#2141,.T.);
#1820=EDGE_CURVE('',#3039,#2981,#2142,.T.);
#1821=EDGE_CURVE('',#3040,#2974,#2143,.T.);
#1822=EDGE_CURVE('',#3041,#2973,#2144,.T.);
#1823=EDGE_CURVE('',#3042,#2958,#2145,.T.);
#1824=EDGE_CURVE('',#3044,#2950,#2146,.T.);
#1825=EDGE_CURVE('',#3043,#2957,#2147,.T.);
#1826=EDGE_CURVE('',#3045,#2949,#2148,.T.);
#1827=EDGE_CURVE('',#3046,#2942,#2149,.T.);
#1828=EDGE_CURVE('',#3047,#2941,#2150,.T.);
#1829=EDGE_CURVE('',#3048,#2926,#2151,.T.);
#1830=EDGE_CURVE('',#3049,#2925,#2152,.T.);
#1831=EDGE_CURVE('',#3050,#2918,#2153,.T.);
#1832=EDGE_CURVE('',#3051,#2917,#2154,.T.);
#1833=EDGE_CURVE('',#3052,#2902,#2155,.T.);
#1834=EDGE_CURVE('',#3029,#2901,#2156,.T.);
#1835=EDGE_CURVE('',#3030,#2907,#2157,.T.);
#1836=EDGE_CURVE('',#3056,#3057,#2158,.F.);
#1837=EDGE_CURVE('',#3056,#3058,#381,.F.);
#1838=EDGE_CURVE('',#3059,#3058,#2159,.T.);
#1839=EDGE_CURVE('',#3059,#3057,#382,.T.);
#1840=EDGE_CURVE('',#3060,#3060,#126,.T.);
#1841=EDGE_CURVE('',#3061,#3061,#383,.T.);
#1842=EDGE_CURVE('',#3062,#3063,#384,.F.);
#1843=EDGE_CURVE('',#3063,#3064,#2160,.T.);
#1844=EDGE_CURVE('',#3064,#3065,#2161,.T.);
#1845=EDGE_CURVE('',#3065,#3066,#2162,.T.);
#1846=EDGE_CURVE('',#3066,#3067,#2163,.T.);
#1847=EDGE_CURVE('',#3067,#3068,#2164,.T.);
#1848=EDGE_CURVE('',#3069,#3068,#2165,.T.);
#1849=EDGE_CURVE('',#3069,#3070,#2166,.T.);
#1850=EDGE_CURVE('',#3070,#3071,#385,.T.);
#1851=EDGE_CURVE('',#3071,#3072,#2167,.T.);
#1852=EDGE_CURVE('',#3072,#3073,#386,.T.);
#1853=EDGE_CURVE('',#3073,#3074,#2168,.T.);
#1854=EDGE_CURVE('',#3074,#3075,#387,.T.);
#1855=EDGE_CURVE('',#3075,#3076,#2169,.T.);
#1856=EDGE_CURVE('',#3076,#3077,#388,.T.);
#1857=EDGE_CURVE('',#3077,#3078,#2170,.T.);
#1858=EDGE_CURVE('',#3079,#3078,#2171,.F.);
#1859=EDGE_CURVE('',#3079,#3080,#2172,.T.);
#1860=EDGE_CURVE('',#3080,#3081,#2173,.T.);
#1861=EDGE_CURVE('',#3081,#3082,#2174,.T.);
#1862=EDGE_CURVE('',#3082,#3083,#2175,.T.);
#1863=EDGE_CURVE('',#3083,#3062,#2176,.T.);
#1864=EDGE_CURVE('',#3084,#3084,#389,.T.);
#1865=EDGE_CURVE('',#3085,#3086,#390,.T.);
#1866=EDGE_CURVE('',#3086,#3087,#2177,.F.);
#1867=EDGE_CURVE('',#3087,#3088,#2178,.F.);
#1868=EDGE_CURVE('',#3088,#3089,#2179,.F.);
#1869=EDGE_CURVE('',#3089,#3090,#2180,.F.);
#1870=EDGE_CURVE('',#3090,#3091,#2181,.F.);
#1871=EDGE_CURVE('',#3091,#3092,#2182,.F.);
#1872=EDGE_CURVE('',#3093,#3092,#2183,.T.);
#1873=EDGE_CURVE('',#3093,#3094,#391,.F.);
#1874=EDGE_CURVE('',#3095,#3094,#2184,.T.);
#1875=EDGE_CURVE('',#3095,#3096,#392,.F.);
#1876=EDGE_CURVE('',#3097,#3096,#2185,.T.);
#1877=EDGE_CURVE('',#3097,#3098,#393,.F.);
#1878=EDGE_CURVE('',#3099,#3098,#2186,.T.);
#1879=EDGE_CURVE('',#3099,#3100,#394,.F.);
#1880=EDGE_CURVE('',#3101,#3100,#2187,.T.);
#1881=EDGE_CURVE('',#3101,#3102,#2188,.T.);
#1882=EDGE_CURVE('',#3102,#3103,#2189,.F.);
#1883=EDGE_CURVE('',#3103,#3104,#2190,.F.);
#1884=EDGE_CURVE('',#3104,#3105,#2191,.F.);
#1885=EDGE_CURVE('',#3105,#3106,#2192,.F.);
#1886=EDGE_CURVE('',#3106,#3085,#2193,.F.);
#1887=EDGE_CURVE('',#3107,#3108,#2194,.T.);
#1888=EDGE_CURVE('',#3107,#3109,#2195,.T.);
#1889=EDGE_CURVE('',#3109,#3110,#2196,.T.);
#1890=EDGE_CURVE('',#3110,#3108,#2197,.F.);
#1891=EDGE_CURVE('',#3111,#3112,#2198,.F.);
#1892=EDGE_CURVE('',#3112,#3113,#2199,.F.);
#1893=EDGE_CURVE('',#3113,#3114,#2200,.T.);
#1894=EDGE_CURVE('',#3114,#3115,#2201,.T.);
#1895=EDGE_CURVE('',#3115,#3116,#2202,.F.);
#1896=EDGE_CURVE('',#3116,#3117,#2203,.T.);
#1897=EDGE_CURVE('',#3117,#3118,#2204,.T.);
#1898=EDGE_CURVE('',#3118,#3111,#2205,.T.);
#1899=EDGE_CURVE('',#3119,#3120,#2206,.T.);
#1900=EDGE_CURVE('',#3120,#3121,#2207,.F.);
#1901=EDGE_CURVE('',#3121,#3122,#2208,.T.);
#1902=EDGE_CURVE('',#3122,#3119,#2209,.T.);
#1903=EDGE_CURVE('',#3123,#3124,#2210,.T.);
#1904=EDGE_CURVE('',#3123,#3125,#2211,.F.);
#1905=EDGE_CURVE('',#3125,#3126,#2212,.F.);
#1906=EDGE_CURVE('',#3126,#3124,#2213,.T.);
#1907=EDGE_CURVE('',#3127,#3128,#2214,.T.);
#1908=EDGE_CURVE('',#3127,#3129,#2215,.T.);
#1909=EDGE_CURVE('',#3129,#3056,#2216,.T.);
#1910=EDGE_CURVE('',#3057,#3130,#2217,.F.);
#1911=EDGE_CURVE('',#3130,#3131,#2218,.T.);
#1912=EDGE_CURVE('',#3132,#3131,#2219,.T.);
#1913=EDGE_CURVE('',#3128,#3132,#2220,.T.);
#1914=EDGE_CURVE('',#3058,#3133,#2221,.T.);
#1915=EDGE_CURVE('',#3133,#3134,#2222,.F.);
#1916=EDGE_CURVE('',#3134,#3135,#2223,.T.);
#1917=EDGE_CURVE('',#3135,#3136,#2224,.T.);
#1918=EDGE_CURVE('',#3136,#3137,#2225,.T.);
#1919=EDGE_CURVE('',#3137,#3138,#2226,.F.);
#1920=EDGE_CURVE('',#3138,#3059,#2227,.F.);
#1921=EDGE_CURVE('',#3113,#3139,#2228,.F.);
#1922=EDGE_CURVE('',#3139,#3140,#2229,.T.);
#1923=EDGE_CURVE('',#3140,#3114,#2230,.T.);
#1924=EDGE_CURVE('',#3141,#3142,#2231,.F.);
#1925=EDGE_CURVE('',#3142,#3143,#2232,.T.);
#1926=EDGE_CURVE('',#3143,#3144,#2233,.T.);
#1927=EDGE_CURVE('',#3144,#3141,#2234,.F.);
#1928=EDGE_CURVE('',#3145,#3146,#2235,.T.);
#1929=EDGE_CURVE('',#3145,#3147,#2236,.T.);
#1930=EDGE_CURVE('',#3147,#3148,#2237,.T.);
#1931=EDGE_CURVE('',#3149,#3148,#2238,.T.);
#1932=EDGE_CURVE('',#3149,#3150,#2239,.F.);
#1933=EDGE_CURVE('',#3150,#3151,#2240,.T.);
#1934=EDGE_CURVE('',#3152,#3151,#2241,.T.);
#1935=EDGE_CURVE('',#3146,#3152,#2242,.T.);
#1936=EDGE_CURVE('',#3148,#3153,#2243,.T.);
#1937=EDGE_CURVE('',#3153,#3154,#2244,.F.);
#1938=EDGE_CURVE('',#3154,#3149,#2245,.F.);
#1939=EDGE_CURVE('',#3155,#3155,#395,.T.);
#1940=EDGE_CURVE('',#3100,#3070,#2246,.F.);
#1941=EDGE_CURVE('',#3069,#3078,#396,.T.);
#1942=EDGE_CURVE('',#3077,#3093,#2247,.T.);
#1943=EDGE_CURVE('',#3092,#3101,#397,.T.);
#1944=EDGE_CURVE('',#3071,#3099,#2248,.T.);
#1945=EDGE_CURVE('',#3098,#3072,#2249,.F.);
#1946=EDGE_CURVE('',#3096,#3074,#2250,.F.);
#1947=EDGE_CURVE('',#3073,#3097,#2251,.T.);
#1948=EDGE_CURVE('',#3075,#3095,#2252,.T.);
#1949=EDGE_CURVE('',#3094,#3076,#2253,.F.);
#1950=EDGE_CURVE('',#3156,#3157,#2254,.F.);
#1951=EDGE_CURVE('',#3157,#3158,#2255,.T.);
#1952=EDGE_CURVE('',#3158,#3159,#2256,.T.);
#1953=EDGE_CURVE('',#3159,#3160,#398,.F.);
#1954=EDGE_CURVE('',#3160,#3161,#2257,.T.);
#1955=EDGE_CURVE('',#3161,#3162,#2258,.F.);
#1956=EDGE_CURVE('',#3162,#3163,#2259,.F.);
#1957=EDGE_CURVE('',#3163,#3156,#399,.F.);
#1958=EDGE_CURVE('',#3164,#3164,#400,.T.);
#1959=EDGE_CURVE('',#3165,#3165,#401,.T.);
#1960=EDGE_CURVE('',#3166,#3166,#402,.T.);
#1961=EDGE_CURVE('',#3167,#3167,#127,.T.);
#1962=EDGE_CURVE('',#3168,#3168,#403,.T.);
#1963=EDGE_CURVE('',#3169,#3169,#404,.T.);
#1964=EDGE_CURVE('',#3121,#3127,#405,.T.);
#1965=EDGE_CURVE('',#3128,#3117,#2260,.T.);
#1966=EDGE_CURVE('',#3116,#3122,#406,.T.);
#1967=EDGE_CURVE('',#3132,#3118,#2261,.T.);
#1968=EDGE_CURVE('',#3131,#3123,#407,.T.);
#1969=EDGE_CURVE('',#3124,#3111,#408,.T.);
#1970=EDGE_CURVE('',#3134,#3107,#409,.F.);
#1971=EDGE_CURVE('',#3108,#3145,#410,.F.);
#1972=EDGE_CURVE('',#3135,#3146,#2262,.T.);
#1973=EDGE_CURVE('',#3136,#3152,#2263,.T.);
#1974=EDGE_CURVE('',#3143,#3137,#411,.F.);
#1975=EDGE_CURVE('',#3151,#3144,#412,.F.);
#1976=EDGE_CURVE('',#3091,#3102,#413,.T.);
#1977=EDGE_CURVE('',#3068,#3079,#414,.T.);
#1978=EDGE_CURVE('',#3125,#3083,#415,.F.);
#1979=EDGE_CURVE('',#3082,#3126,#416,.T.);
#1980=EDGE_CURVE('',#3109,#3106,#417,.F.);
#1981=EDGE_CURVE('',#3105,#3110,#418,.T.);
#1982=EDGE_CURVE('',#3064,#3142,#419,.T.);
#1983=EDGE_CURVE('',#3141,#3065,#420,.F.);
#1984=EDGE_CURVE('',#3087,#3120,#421,.T.);
#1985=EDGE_CURVE('',#3119,#3088,#422,.F.);
#1986=EDGE_CURVE('',#3149,#3066,#18,.F.);
#1987=EDGE_CURVE('',#3150,#3065,#423,.T.);
#1988=EDGE_CURVE('',#3150,#3141,#424,.T.);
#1989=EDGE_CURVE('',#3114,#3089,#19,.F.);
#1990=EDGE_CURVE('',#3115,#3088,#425,.T.);
#1991=EDGE_CURVE('',#3115,#3119,#426,.T.);
#1992=EDGE_CURVE('',#3112,#3126,#427,.T.);
#1993=EDGE_CURVE('',#3112,#3082,#428,.T.);
#1994=EDGE_CURVE('',#3081,#3113,#20,.T.);
#1995=EDGE_CURVE('',#3105,#3147,#429,.T.);
#1996=EDGE_CURVE('',#3104,#3148,#21,.T.);
#1997=EDGE_CURVE('',#3110,#3147,#430,.T.);
#1998=EDGE_CURVE('',#3140,#3090,#431,.F.);
#1999=EDGE_CURVE('',#3103,#3153,#432,.T.);
#2000=EDGE_CURVE('',#3154,#3067,#433,.F.);
#2001=EDGE_CURVE('',#3080,#3139,#434,.T.);
#2002=EDGE_CURVE('',#3140,#3161,#435,.T.);
#2003=EDGE_CURVE('',#3162,#3139,#436,.T.);
#2004=EDGE_CURVE('',#3162,#3080,#437,.T.);
#2005=EDGE_CURVE('',#3090,#3161,#438,.T.);
#2006=EDGE_CURVE('',#3163,#3079,#128,.F.);
#2007=EDGE_CURVE('',#3091,#3160,#129,.T.);
#2008=EDGE_CURVE('',#3156,#3068,#130,.F.);
#2009=EDGE_CURVE('',#3102,#3159,#131,.T.);
#2010=EDGE_CURVE('',#3157,#3067,#439,.T.);
#2011=EDGE_CURVE('',#3103,#3158,#440,.T.);
#2012=EDGE_CURVE('',#3157,#3154,#441,.T.);
#2013=EDGE_CURVE('',#3153,#3158,#442,.T.);
#2014=EDGE_CURVE('',#3125,#3130,#443,.T.);
#2015=EDGE_CURVE('',#3083,#3130,#444,.T.);
#2016=EDGE_CURVE('',#3062,#3057,#132,.F.);
#2017=EDGE_CURVE('',#3063,#3059,#133,.F.);
#2018=EDGE_CURVE('',#3064,#3138,#445,.T.);
#2019=EDGE_CURVE('',#3142,#3138,#446,.T.);
#2020=EDGE_CURVE('',#3109,#3133,#447,.T.);
#2021=EDGE_CURVE('',#3106,#3133,#448,.T.);
#2022=EDGE_CURVE('',#3085,#3058,#134,.F.);
#2023=EDGE_CURVE('',#3086,#3056,#135,.F.);
#2024=EDGE_CURVE('',#3087,#3129,#449,.T.);
#2025=EDGE_CURVE('',#3120,#3129,#450,.T.);
#2026=EDGE_CURVE('',#3170,#3170,#451,.T.);
#2027=EDGE_CURVE('',#3171,#3171,#452,.T.);
#2028=EDGE_CURVE('',#3172,#3172,#453,.T.);
#2029=EDGE_CURVE('',#3173,#3173,#454,.T.);
#2030=LINE('',#5357,#2264);
#2031=LINE('',#5362,#2265);
#2032=LINE('',#5366,#2266);
#2033=LINE('',#5371,#2267);
#2034=LINE('',#5375,#2268);
#2035=LINE('',#5380,#2269);
#2036=LINE('',#5386,#2270);
#2037=LINE('',#5391,#2271);
#2038=LINE('',#5393,#2272);
#2039=LINE('',#5395,#2273);
#2040=LINE('',#5399,#2274);
#2041=LINE('',#5401,#2275);
#2042=LINE('',#5403,#2276);
#2043=LINE('',#5407,#2277);
#2044=LINE('',#5409,#2278);
#2045=LINE('',#5411,#2279);
#2046=LINE('',#5415,#2280);
#2047=LINE('',#5417,#2281);
#2048=LINE('',#5424,#2282);
#2049=LINE('',#5429,#2283);
#2050=LINE('',#5431,#2284);
#2051=LINE('',#5433,#2285);
#2052=LINE('',#5437,#2286);
#2053=LINE('',#5439,#2287);
#2054=LINE('',#5441,#2288);
#2055=LINE('',#5445,#2289);
#2056=LINE('',#5447,#2290);
#2057=LINE('',#5449,#2291);
#2058=LINE('',#5453,#2292);
#2059=LINE('',#5455,#2293);
#2060=LINE('',#5457,#2294);
#2061=LINE('',#5462,#2295);
#2062=LINE('',#5470,#2296);
#2063=LINE('',#5471,#2297);
#2064=LINE('',#5491,#2298);
#2065=LINE('',#5492,#2299);
#2066=LINE('',#5512,#2300);
#2067=LINE('',#5513,#2301);
#2068=LINE('',#5533,#2302);
#2069=LINE('',#5534,#2303);
#2070=LINE('',#5757,#2304);
#2071=LINE('',#5760,#2305);
#2072=LINE('',#5762,#2306);
#2073=LINE('',#5764,#2307);
#2074=LINE('',#5766,#2308);
#2075=LINE('',#5769,#2309);
#2076=LINE('',#5771,#2310);
#2077=LINE('',#5773,#2311);
#2078=LINE('',#5892,#2312);
#2079=LINE('',#5895,#2313);
#2080=LINE('',#5897,#2314);
#2081=LINE('',#5899,#2315);
#2082=LINE('',#5901,#2316);
#2083=LINE('',#5904,#2317);
#2084=LINE('',#5906,#2318);
#2085=LINE('',#5908,#2319);
#2086=LINE('',#6027,#2320);
#2087=LINE('',#6030,#2321);
#2088=LINE('',#6032,#2322);
#2089=LINE('',#6034,#2323);
#2090=LINE('',#6036,#2324);
#2091=LINE('',#6039,#2325);
#2092=LINE('',#6041,#2326);
#2093=LINE('',#6043,#2327);
#2094=LINE('',#6123,#2328);
#2095=LINE('',#6126,#2329);
#2096=LINE('',#6128,#2330);
#2097=LINE('',#6130,#2331);
#2098=LINE('',#6132,#2332);
#2099=LINE('',#6135,#2333);
#2100=LINE('',#6137,#2334);
#2101=LINE('',#6139,#2335);
#2102=LINE('',#6141,#2336);
#2103=LINE('',#6145,#2337);
#2104=LINE('',#6146,#2338);
#2105=LINE('',#6149,#2339);
#2106=LINE('',#6152,#2340);
#2107=LINE('',#6153,#2341);
#2108=LINE('',#6157,#2342);
#2109=LINE('',#6158,#2343);
#2110=LINE('',#6162,#2344);
#2111=LINE('',#6163,#2345);
#2112=LINE('',#6166,#2346);
#2113=LINE('',#6169,#2347);
#2114=LINE('',#6170,#2348);
#2115=LINE('',#6174,#2349);
#2116=LINE('',#6175,#2350);
#2117=LINE('',#6179,#2351);
#2118=LINE('',#6180,#2352);
#2119=LINE('',#6183,#2353);
#2120=LINE('',#6186,#2354);
#2121=LINE('',#6187,#2355);
#2122=LINE('',#6191,#2356);
#2123=LINE('',#6192,#2357);
#2124=LINE('',#6196,#2358);
#2125=LINE('',#6197,#2359);
#2126=LINE('',#6200,#2360);
#2127=LINE('',#6203,#2361);
#2128=LINE('',#6204,#2362);
#2129=LINE('',#6208,#2363);
#2130=LINE('',#6215,#2364);
#2131=LINE('',#6220,#2365);
#2132=LINE('',#6225,#2366);
#2133=LINE('',#6230,#2367);
#2134=LINE('',#6240,#2368);
#2135=LINE('',#6243,#2369);
#2136=LINE('',#6246,#2370);
#2137=LINE('',#6248,#2371);
#2138=LINE('',#6251,#2372);
#2139=LINE('',#6253,#2373);
#2140=LINE('',#6256,#2374);
#2141=LINE('',#6259,#2375);
#2142=LINE('',#6262,#2376);
#2143=LINE('',#6264,#2377);
#2144=LINE('',#6267,#2378);
#2145=LINE('',#6269,#2379);
#2146=LINE('',#6272,#2380);
#2147=LINE('',#6275,#2381);
#2148=LINE('',#6278,#2382);
#2149=LINE('',#6280,#2383);
#2150=LINE('',#6283,#2384);
#2151=LINE('',#6285,#2385);
#2152=LINE('',#6288,#2386);
#2153=LINE('',#6291,#2387);
#2154=LINE('',#6294,#2388);
#2155=LINE('',#6296,#2389);
#2156=LINE('',#6299,#2390);
#2157=LINE('',#6301,#2391);
#2158=LINE('',#6307,#2392);
#2159=LINE('',#6312,#2393);
#2160=LINE('',#6333,#2394);
#2161=LINE('',#6335,#2395);
#2162=LINE('',#6337,#2396);
#2163=LINE('',#6339,#2397);
#2164=LINE('',#6341,#2398);
#2165=LINE('',#6343,#2399);
#2166=LINE('',#6345,#2400);
#2167=LINE('',#6349,#2401);
#2168=LINE('',#6353,#2402);
#2169=LINE('',#6357,#2403);
#2170=LINE('',#6361,#2404);
#2171=LINE('',#6363,#2405);
#2172=LINE('',#6365,#2406);
#2173=LINE('',#6367,#2407);
#2174=LINE('',#6369,#2408);
#2175=LINE('',#6371,#2409);
#2176=LINE('',#6373,#2410);
#2177=LINE('',#6380,#2411);
#2178=LINE('',#6382,#2412);
#2179=LINE('',#6384,#2413);
#2180=LINE('',#6386,#2414);
#2181=LINE('',#6388,#2415);
#2182=LINE('',#6390,#2416);
#2183=LINE('',#6392,#2417);
#2184=LINE('',#6396,#2418);
#2185=LINE('',#6400,#2419);
#2186=LINE('',#6404,#2420);
#2187=LINE('',#6408,#2421);
#2188=LINE('',#6410,#2422);
#2189=LINE('',#6412,#2423);
#2190=LINE('',#6414,#2424);
#2191=LINE('',#6416,#2425);
#2192=LINE('',#6418,#2426);
#2193=LINE('',#6420,#2427);
#2194=LINE('',#6422,#2428);
#2195=LINE('',#6425,#2429);
#2196=LINE('',#6427,#2430);
#2197=LINE('',#6429,#2431);
#2198=LINE('',#6431,#2432);
#2199=LINE('',#6434,#2433);
#2200=LINE('',#6436,#2434);
#2201=LINE('',#6438,#2435);
#2202=LINE('',#6440,#2436);
#2203=LINE('',#6442,#2437);
#2204=LINE('',#6444,#2438);
#2205=LINE('',#6446,#2439);
#2206=LINE('',#6448,#2440);
#2207=LINE('',#6451,#2441);
#2208=LINE('',#6453,#2442);
#2209=LINE('',#6455,#2443);
#2210=LINE('',#6457,#2444);
#2211=LINE('',#6460,#2445);
#2212=LINE('',#6462,#2446);
#2213=LINE('',#6464,#2447);
#2214=LINE('',#6466,#2448);
#2215=LINE('',#6469,#2449);
#2216=LINE('',#6471,#2450);
#2217=LINE('',#6472,#2451);
#2218=LINE('',#6474,#2452);
#2219=LINE('',#6476,#2453);
#2220=LINE('',#6478,#2454);
#2221=LINE('',#6480,#2455);
#2222=LINE('',#6482,#2456);
#2223=LINE('',#6484,#2457);
#2224=LINE('',#6486,#2458);
#2225=LINE('',#6488,#2459);
#2226=LINE('',#6490,#2460);
#2227=LINE('',#6492,#2461);
#2228=LINE('',#6494,#2462);
#2229=LINE('',#6496,#2463);
#2230=LINE('',#6498,#2464);
#2231=LINE('',#6500,#2465);
#2232=LINE('',#6503,#2466);
#2233=LINE('',#6505,#2467);
#2234=LINE('',#6507,#2468);
#2235=LINE('',#6509,#2469);
#2236=LINE('',#6512,#2470);
#2237=LINE('',#6514,#2471);
#2238=LINE('',#6516,#2472);
#2239=LINE('',#6518,#2473);
#2240=LINE('',#6520,#2474);
#2241=LINE('',#6522,#2475);
#2242=LINE('',#6524,#2476);
#2243=LINE('',#6526,#2477);
#2244=LINE('',#6528,#2478);
#2245=LINE('',#6530,#2479);
#2246=LINE('',#6534,#2480);
#2247=LINE('',#6536,#2481);
#2248=LINE('',#6539,#2482);
#2249=LINE('',#6540,#2483);
#2250=LINE('',#6542,#2484);
#2251=LINE('',#6543,#2485);
#2252=LINE('',#6545,#2486);
#2253=LINE('',#6546,#2487);
#2254=LINE('',#6548,#2488);
#2255=LINE('',#6551,#2489);
#2256=LINE('',#6553,#2490);
#2257=LINE('',#6557,#2491);
#2258=LINE('',#6559,#2492);
#2259=LINE('',#6561,#2493);
#2260=LINE('',#6593,#2494);
#2261=LINE('',#6596,#2495);
#2262=LINE('',#6603,#2496);
#2263=LINE('',#6605,#2497);
#2264=VECTOR('',#4275,1000.);
#2265=VECTOR('',#4278,1000.);
#2266=VECTOR('',#4283,1000.);
#2267=VECTOR('',#4286,1000.);
#2268=VECTOR('',#4291,1000.);
#2269=VECTOR('',#4294,1000.);
#2270=VECTOR('',#4301,1000.);
#2271=VECTOR('',#4304,1000.);
#2272=VECTOR('',#4305,1000.);
#2273=VECTOR('',#4306,1000.);
#2274=VECTOR('',#4309,1000.);
#2275=VECTOR('',#4310,1000.);
#2276=VECTOR('',#4311,1000.);
#2277=VECTOR('',#4314,1000.);
#2278=VECTOR('',#4315,1000.);
#2279=VECTOR('',#4316,1000.);
#2280=VECTOR('',#4319,1000.);
#2281=VECTOR('',#4320,1000.);
#2282=VECTOR('',#4329,1000.);
#2283=VECTOR('',#4332,1000.);
#2284=VECTOR('',#4333,1000.);
#2285=VECTOR('',#4334,1000.);
#2286=VECTOR('',#4337,1000.);
#2287=VECTOR('',#4338,1000.);
#2288=VECTOR('',#4339,1000.);
#2289=VECTOR('',#4342,1000.);
#2290=VECTOR('',#4343,1000.);
#2291=VECTOR('',#4344,1000.);
#2292=VECTOR('',#4347,1000.);
#2293=VECTOR('',#4348,1000.);
#2294=VECTOR('',#4351,1000.);
#2295=VECTOR('',#4354,1000.);
#2296=VECTOR('',#4365,1000.);
#2297=VECTOR('',#4366,1000.);
#2298=VECTOR('',#4373,1000.);
#2299=VECTOR('',#4374,1000.);
#2300=VECTOR('',#4381,1000.);
#2301=VECTOR('',#4382,1000.);
#2302=VECTOR('',#4389,1000.);
#2303=VECTOR('',#4390,1000.);
#2304=VECTOR('',#4521,1000.);
#2305=VECTOR('',#4522,1000.);
#2306=VECTOR('',#4523,1000.);
#2307=VECTOR('',#4524,1000.);
#2308=VECTOR('',#4527,1000.);
#2309=VECTOR('',#4528,1000.);
#2310=VECTOR('',#4529,1000.);
#2311=VECTOR('',#4530,1000.);
#2312=VECTOR('',#4575,1000.);
#2313=VECTOR('',#4576,1000.);
#2314=VECTOR('',#4577,1000.);
#2315=VECTOR('',#4578,1000.);
#2316=VECTOR('',#4581,1000.);
#2317=VECTOR('',#4582,1000.);
#2318=VECTOR('',#4583,1000.);
#2319=VECTOR('',#4584,1000.);
#2320=VECTOR('',#4629,1000.);
#2321=VECTOR('',#4630,1000.);
#2322=VECTOR('',#4631,1000.);
#2323=VECTOR('',#4632,1000.);
#2324=VECTOR('',#4635,1000.);
#2325=VECTOR('',#4636,1000.);
#2326=VECTOR('',#4637,1000.);
#2327=VECTOR('',#4638,1000.);
#2328=VECTOR('',#4669,1000.);
#2329=VECTOR('',#4670,1000.);
#2330=VECTOR('',#4671,1000.);
#2331=VECTOR('',#4672,1000.);
#2332=VECTOR('',#4675,1000.);
#2333=VECTOR('',#4676,1000.);
#2334=VECTOR('',#4677,1000.);
#2335=VECTOR('',#4678,1000.);
#2336=VECTOR('',#4681,1000.);
#2337=VECTOR('',#4684,1000.);
#2338=VECTOR('',#4685,1000.);
#2339=VECTOR('',#4688,1000.);
#2340=VECTOR('',#4691,1000.);
#2341=VECTOR('',#4692,1000.);
#2342=VECTOR('',#4695,1000.);
#2343=VECTOR('',#4696,1000.);
#2344=VECTOR('',#4699,1000.);
#2345=VECTOR('',#4700,1000.);
#2346=VECTOR('',#4703,1000.);
#2347=VECTOR('',#4706,1000.);
#2348=VECTOR('',#4707,1000.);
#2349=VECTOR('',#4710,1000.);
#2350=VECTOR('',#4711,1000.);
#2351=VECTOR('',#4714,1000.);
#2352=VECTOR('',#4715,1000.);
#2353=VECTOR('',#4718,1000.);
#2354=VECTOR('',#4721,1000.);
#2355=VECTOR('',#4722,1000.);
#2356=VECTOR('',#4725,1000.);
#2357=VECTOR('',#4726,1000.);
#2358=VECTOR('',#4729,1000.);
#2359=VECTOR('',#4730,1000.);
#2360=VECTOR('',#4733,1000.);
#2361=VECTOR('',#4736,1000.);
#2362=VECTOR('',#4737,1000.);
#2363=VECTOR('',#4740,1000.);
#2364=VECTOR('',#4749,1000.);
#2365=VECTOR('',#4758,1000.);
#2366=VECTOR('',#4767,1000.);
#2367=VECTOR('',#4776,1000.);
#2368=VECTOR('',#4795,1000.);
#2369=VECTOR('',#4800,1000.);
#2370=VECTOR('',#4805,1000.);
#2371=VECTOR('',#4808,1000.);
#2372=VECTOR('',#4813,1000.);
#2373=VECTOR('',#4816,1000.);
#2374=VECTOR('',#4821,1000.);
#2375=VECTOR('',#4826,1000.);
#2376=VECTOR('',#4831,1000.);
#2377=VECTOR('',#4834,1000.);
#2378=VECTOR('',#4839,1000.);
#2379=VECTOR('',#4842,1000.);
#2380=VECTOR('',#4847,1000.);
#2381=VECTOR('',#4852,1000.);
#2382=VECTOR('',#4857,1000.);
#2383=VECTOR('',#4860,1000.);
#2384=VECTOR('',#4865,1000.);
#2385=VECTOR('',#4868,1000.);
#2386=VECTOR('',#4873,1000.);
#2387=VECTOR('',#4878,1000.);
#2388=VECTOR('',#4883,1000.);
#2389=VECTOR('',#4886,1000.);
#2390=VECTOR('',#4891,1000.);
#2391=VECTOR('',#4894,1000.);
#2392=VECTOR('',#4903,1000.);
#2393=VECTOR('',#4906,1000.);
#2394=VECTOR('',#4915,1000.);
#2395=VECTOR('',#4916,1000.);
#2396=VECTOR('',#4917,1000.);
#2397=VECTOR('',#4918,1000.);
#2398=VECTOR('',#4919,1000.);
#2399=VECTOR('',#4920,1000.);
#2400=VECTOR('',#4921,1000.);
#2401=VECTOR('',#4924,1000.);
#2402=VECTOR('',#4927,1000.);
#2403=VECTOR('',#4930,1000.);
#2404=VECTOR('',#4933,1000.);
#2405=VECTOR('',#4934,1000.);
#2406=VECTOR('',#4935,1000.);
#2407=VECTOR('',#4936,1000.);
#2408=VECTOR('',#4937,1000.);
#2409=VECTOR('',#4938,1000.);
#2410=VECTOR('',#4939,1000.);
#2411=VECTOR('',#4946,1000.);
#2412=VECTOR('',#4947,1000.);
#2413=VECTOR('',#4948,1000.);
#2414=VECTOR('',#4949,1000.);
#2415=VECTOR('',#4950,1000.);
#2416=VECTOR('',#4951,1000.);
#2417=VECTOR('',#4952,1000.);
#2418=VECTOR('',#4955,1000.);
#2419=VECTOR('',#4958,1000.);
#2420=VECTOR('',#4961,1000.);
#2421=VECTOR('',#4964,1000.);
#2422=VECTOR('',#4965,1000.);
#2423=VECTOR('',#4966,1000.);
#2424=VECTOR('',#4967,1000.);
#2425=VECTOR('',#4968,1000.);
#2426=VECTOR('',#4969,1000.);
#2427=VECTOR('',#4970,1000.);
#2428=VECTOR('',#4973,1000.);
#2429=VECTOR('',#4974,1000.);
#2430=VECTOR('',#4975,1000.);
#2431=VECTOR('',#4976,1000.);
#2432=VECTOR('',#4979,1000.);
#2433=VECTOR('',#4980,1000.);
#2434=VECTOR('',#4981,1000.);
#2435=VECTOR('',#4982,1000.);
#2436=VECTOR('',#4983,1000.);
#2437=VECTOR('',#4984,1000.);
#2438=VECTOR('',#4985,1000.);
#2439=VECTOR('',#4986,1000.);
#2440=VECTOR('',#4989,1000.);
#2441=VECTOR('',#4990,1000.);
#2442=VECTOR('',#4991,1000.);
#2443=VECTOR('',#4992,1000.);
#2444=VECTOR('',#4995,1000.);
#2445=VECTOR('',#4996,1000.);
#2446=VECTOR('',#4997,1000.);
#2447=VECTOR('',#4998,1000.);
#2448=VECTOR('',#5001,1000.);
#2449=VECTOR('',#5002,1000.);
#2450=VECTOR('',#5003,1000.);
#2451=VECTOR('',#5004,1000.);
#2452=VECTOR('',#5005,1000.);
#2453=VECTOR('',#5006,1000.);
#2454=VECTOR('',#5007,1000.);
#2455=VECTOR('',#5010,1000.);
#2456=VECTOR('',#5011,1000.);
#2457=VECTOR('',#5012,1000.);
#2458=VECTOR('',#5013,1000.);
#2459=VECTOR('',#5014,1000.);
#2460=VECTOR('',#5015,1000.);
#2461=VECTOR('',#5016,1000.);
#2462=VECTOR('',#5019,1000.);
#2463=VECTOR('',#5020,1000.);
#2464=VECTOR('',#5021,1000.);
#2465=VECTOR('',#5024,1000.);
#2466=VECTOR('',#5025,1000.);
#2467=VECTOR('',#5026,1000.);
#2468=VECTOR('',#5027,1000.);
#2469=VECTOR('',#5030,1000.);
#2470=VECTOR('',#5031,1000.);
#2471=VECTOR('',#5032,1000.);
#2472=VECTOR('',#5033,1000.);
#2473=VECTOR('',#5034,1000.);
#2474=VECTOR('',#5035,1000.);
#2475=VECTOR('',#5036,1000.);
#2476=VECTOR('',#5037,1000.);
#2477=VECTOR('',#5040,1000.);
#2478=VECTOR('',#5041,1000.);
#2479=VECTOR('',#5042,1000.);
#2480=VECTOR('',#5047,1000.);
#2481=VECTOR('',#5050,1000.);
#2482=VECTOR('',#5055,1000.);
#2483=VECTOR('',#5056,1000.);
#2484=VECTOR('',#5059,1000.);
#2485=VECTOR('',#5060,1000.);
#2486=VECTOR('',#5063,1000.);
#2487=VECTOR('',#5064,1000.);
#2488=VECTOR('',#5067,1000.);
#2489=VECTOR('',#5068,1000.);
#2490=VECTOR('',#5069,1000.);
#2491=VECTOR('',#5072,1000.);
#2492=VECTOR('',#5073,1000.);
#2493=VECTOR('',#5074,1000.);
#2494=VECTOR('',#5101,1000.);
#2495=VECTOR('',#5106,1000.);
#2496=VECTOR('',#5119,1000.);
#2497=VECTOR('',#5122,1000.);
#2498=EDGE_LOOP('',(#455,#456,#457,#458));
#2499=EDGE_LOOP('',(#459,#460,#461,#462));
#2500=EDGE_LOOP('',(#463,#464,#465,#466));
#2501=EDGE_LOOP('',(#467));
#2502=EDGE_LOOP('',(#468,#469,#470,#471,#472,#473,#474,#475,#476,#477,#478,
#479,#480,#481,#482,#483));
#2503=EDGE_LOOP('',(#484));
#2504=EDGE_LOOP('',(#485));
#2505=EDGE_LOOP('',(#486,#487,#488,#489,#490,#491,#492,#493,#494,#495,#496,
#497,#498,#499,#500,#501));
#2506=EDGE_LOOP('',(#502));
#2507=EDGE_LOOP('',(#503,#504,#505,#506));
#2508=EDGE_LOOP('',(#507));
#2509=EDGE_LOOP('',(#508));
#2510=EDGE_LOOP('',(#509));
#2511=EDGE_LOOP('',(#510));
#2512=EDGE_LOOP('',(#511,#512,#513,#514));
#2513=EDGE_LOOP('',(#515,#516,#517,#518,#519,#520));
#2514=EDGE_LOOP('',(#521,#522,#523,#524,#525,#526));
#2515=EDGE_LOOP('',(#527,#528,#529,#530));
#2516=EDGE_LOOP('',(#531,#532,#533,#534,#535,#536));
#2517=EDGE_LOOP('',(#537,#538,#539,#540,#541,#542));
#2518=EDGE_LOOP('',(#543,#544,#545,#546));
#2519=EDGE_LOOP('',(#547,#548,#549,#550,#551,#552));
#2520=EDGE_LOOP('',(#553,#554,#555,#556,#557,#558));
#2521=EDGE_LOOP('',(#559,#560,#561,#562));
#2522=EDGE_LOOP('',(#563,#564,#565,#566,#567,#568));
#2523=EDGE_LOOP('',(#569,#570,#571,#572,#573,#574));
#2524=EDGE_LOOP('',(#575,#576,#577,#578));
#2525=EDGE_LOOP('',(#579,#580,#581,#582));
#2526=EDGE_LOOP('',(#583,#584,#585,#586));
#2527=EDGE_LOOP('',(#587,#588,#589,#590));
#2528=EDGE_LOOP('',(#591,#592,#593,#594));
#2529=EDGE_LOOP('',(#595,#596,#597,#598));
#2530=EDGE_LOOP('',(#599,#600,#601,#602));
#2531=EDGE_LOOP('',(#603,#604,#605,#606));
#2532=EDGE_LOOP('',(#607));
#2533=EDGE_LOOP('',(#608));
#2534=EDGE_LOOP('',(#609));
#2535=EDGE_LOOP('',(#610));
#2536=EDGE_LOOP('',(#611));
#2537=EDGE_LOOP('',(#612));
#2538=EDGE_LOOP('',(#613));
#2539=EDGE_LOOP('',(#614));
#2540=EDGE_LOOP('',(#615));
#2541=EDGE_LOOP('',(#616));
#2542=EDGE_LOOP('',(#617));
#2543=EDGE_LOOP('',(#618));
#2544=EDGE_LOOP('',(#619));
#2545=EDGE_LOOP('',(#620));
#2546=EDGE_LOOP('',(#621));
#2547=EDGE_LOOP('',(#622));
#2548=EDGE_LOOP('',(#623));
#2549=EDGE_LOOP('',(#624));
#2550=EDGE_LOOP('',(#625));
#2551=EDGE_LOOP('',(#626));
#2552=EDGE_LOOP('',(#627));
#2553=EDGE_LOOP('',(#628));
#2554=EDGE_LOOP('',(#629));
#2555=EDGE_LOOP('',(#630));
#2556=EDGE_LOOP('',(#631));
#2557=EDGE_LOOP('',(#632));
#2558=EDGE_LOOP('',(#633,#634,#635,#636));
#2559=EDGE_LOOP('',(#637,#638,#639,#640));
#2560=EDGE_LOOP('',(#641,#642,#643,#644));
#2561=EDGE_LOOP('',(#645,#646,#647,#648));
#2562=EDGE_LOOP('',(#649,#650,#651,#652));
#2563=EDGE_LOOP('',(#653,#654,#655,#656));
#2564=EDGE_LOOP('',(#657,#658,#659,#660));
#2565=EDGE_LOOP('',(#661,#662,#663,#664));
#2566=EDGE_LOOP('',(#665,#666,#667,#668));
#2567=EDGE_LOOP('',(#669,#670,#671,#672));
#2568=EDGE_LOOP('',(#673,#674,#675,#676));
#2569=EDGE_LOOP('',(#677,#678,#679,#680));
#2570=EDGE_LOOP('',(#681,#682,#683,#684));
#2571=EDGE_LOOP('',(#685,#686,#687,#688));
#2572=EDGE_LOOP('',(#689,#690,#691,#692));
#2573=EDGE_LOOP('',(#693,#694,#695,#696));
#2574=EDGE_LOOP('',(#697,#698,#699,#700));
#2575=EDGE_LOOP('',(#701,#702,#703,#704));
#2576=EDGE_LOOP('',(#705,#706,#707,#708));
#2577=EDGE_LOOP('',(#709,#710,#711,#712));
#2578=EDGE_LOOP('',(#713,#714,#715,#716));
#2579=EDGE_LOOP('',(#717,#718,#719,#720));
#2580=EDGE_LOOP('',(#721,#722,#723,#724));
#2581=EDGE_LOOP('',(#725,#726,#727,#728));
#2582=EDGE_LOOP('',(#729,#730,#731,#732));
#2583=EDGE_LOOP('',(#733,#734,#735,#736));
#2584=EDGE_LOOP('',(#737,#738,#739,#740));
#2585=EDGE_LOOP('',(#741,#742,#743,#744));
#2586=EDGE_LOOP('',(#745,#746,#747,#748));
#2587=EDGE_LOOP('',(#749,#750,#751,#752));
#2588=EDGE_LOOP('',(#753,#754,#755,#756));
#2589=EDGE_LOOP('',(#757,#758,#759,#760));
#2590=EDGE_LOOP('',(#761,#762,#763,#764));
#2591=EDGE_LOOP('',(#765,#766,#767,#768));
#2592=EDGE_LOOP('',(#769,#770,#771,#772));
#2593=EDGE_LOOP('',(#773,#774,#775,#776));
#2594=EDGE_LOOP('',(#777,#778,#779,#780));
#2595=EDGE_LOOP('',(#781,#782,#783,#784));
#2596=EDGE_LOOP('',(#785,#786,#787,#788));
#2597=EDGE_LOOP('',(#789,#790,#791,#792));
#2598=EDGE_LOOP('',(#793,#794,#795,#796));
#2599=EDGE_LOOP('',(#797,#798,#799,#800));
#2600=EDGE_LOOP('',(#801,#802,#803,#804));
#2601=EDGE_LOOP('',(#805,#806,#807,#808));
#2602=EDGE_LOOP('',(#809,#810,#811,#812,#813,#814,#815,#816,#817,#818,#819,
#820,#821,#822,#823,#824,#825,#826,#827,#828,#829,#830,#831,#832,#833,#834,
#835,#836,#837,#838,#839,#840,#841,#842,#843,#844,#845,#846,#847,#848,#849,
#850,#851,#852,#853,#854,#855,#856,#857,#858,#859,#860,#861,#862,#863,#864,
#865,#866,#867,#868,#869,#870,#871,#872));
#2603=EDGE_LOOP('',(#873));
#2604=EDGE_LOOP('',(#874));
#2605=EDGE_LOOP('',(#875));
#2606=EDGE_LOOP('',(#876,#877,#878,#879,#880,#881,#882,#883,#884,#885,#886,
#887,#888,#889,#890,#891,#892,#893,#894,#895,#896,#897,#898,#899,#900,#901,
#902,#903,#904,#905,#906,#907,#908,#909,#910,#911,#912,#913,#914,#915));
#2607=EDGE_LOOP('',(#916));
#2608=EDGE_LOOP('',(#917,#918,#919,#920));
#2609=EDGE_LOOP('',(#921,#922,#923,#924));
#2610=EDGE_LOOP('',(#925,#926,#927,#928));
#2611=EDGE_LOOP('',(#929,#930,#931,#932));
#2612=EDGE_LOOP('',(#933,#934,#935,#936));
#2613=EDGE_LOOP('',(#937,#938,#939,#940,#941));
#2614=EDGE_LOOP('',(#942,#943,#944,#945));
#2615=EDGE_LOOP('',(#946,#947,#948,#949,#950));
#2616=EDGE_LOOP('',(#951,#952,#953,#954,#955));
#2617=EDGE_LOOP('',(#956,#957,#958,#959,#960));
#2618=EDGE_LOOP('',(#961,#962,#963,#964));
#2619=EDGE_LOOP('',(#965,#966,#967,#968,#969));
#2620=EDGE_LOOP('',(#970,#971,#972,#973,#974));
#2621=EDGE_LOOP('',(#975,#976,#977,#978));
#2622=EDGE_LOOP('',(#979,#980,#981,#982));
#2623=EDGE_LOOP('',(#983,#984,#985,#986,#987));
#2624=EDGE_LOOP('',(#988,#989,#990,#991));
#2625=EDGE_LOOP('',(#992,#993,#994,#995,#996));
#2626=EDGE_LOOP('',(#997,#998,#999,#1000,#1001));
#2627=EDGE_LOOP('',(#1002,#1003,#1004,#1005,#1006));
#2628=EDGE_LOOP('',(#1007,#1008,#1009,#1010));
#2629=EDGE_LOOP('',(#1011,#1012,#1013,#1014,#1015));
#2630=EDGE_LOOP('',(#1016,#1017,#1018,#1019,#1020));
#2631=EDGE_LOOP('',(#1021,#1022,#1023,#1024));
#2632=EDGE_LOOP('',(#1025,#1026,#1027,#1028));
#2633=EDGE_LOOP('',(#1029,#1030,#1031,#1032,#1033));
#2634=EDGE_LOOP('',(#1034,#1035,#1036,#1037));
#2635=EDGE_LOOP('',(#1038,#1039,#1040,#1041,#1042));
#2636=EDGE_LOOP('',(#1043,#1044,#1045,#1046,#1047));
#2637=EDGE_LOOP('',(#1048,#1049,#1050,#1051,#1052));
#2638=EDGE_LOOP('',(#1053,#1054,#1055,#1056));
#2639=EDGE_LOOP('',(#1057,#1058,#1059,#1060,#1061));
#2640=EDGE_LOOP('',(#1062,#1063,#1064,#1065,#1066));
#2641=EDGE_LOOP('',(#1067,#1068,#1069,#1070));
#2642=EDGE_LOOP('',(#1071,#1072,#1073,#1074));
#2643=EDGE_LOOP('',(#1075,#1076,#1077,#1078,#1079));
#2644=EDGE_LOOP('',(#1080,#1081,#1082,#1083));
#2645=EDGE_LOOP('',(#1084,#1085,#1086,#1087,#1088));
#2646=EDGE_LOOP('',(#1089,#1090,#1091,#1092,#1093));
#2647=EDGE_LOOP('',(#1094,#1095,#1096,#1097,#1098));
#2648=EDGE_LOOP('',(#1099,#1100,#1101,#1102));
#2649=EDGE_LOOP('',(#1103,#1104,#1105,#1106,#1107));
#2650=EDGE_LOOP('',(#1108,#1109,#1110,#1111,#1112));
#2651=EDGE_LOOP('',(#1113,#1114,#1115,#1116));
#2652=EDGE_LOOP('',(#1117,#1118,#1119,#1120));
#2653=EDGE_LOOP('',(#1121));
#2654=EDGE_LOOP('',(#1122));
#2655=EDGE_LOOP('',(#1123,#1124,#1125,#1126,#1127,#1128,#1129,#1130,#1131,
#1132,#1133,#1134,#1135,#1136,#1137,#1138,#1139,#1140,#1141,#1142,#1143,
#1144));
#2656=EDGE_LOOP('',(#1145));
#2657=EDGE_LOOP('',(#1146,#1147,#1148,#1149,#1150,#1151,#1152,#1153,#1154,
#1155,#1156,#1157,#1158,#1159,#1160,#1161,#1162,#1163,#1164,#1165,#1166,
#1167));
#2658=EDGE_LOOP('',(#1168,#1169,#1170,#1171));
#2659=EDGE_LOOP('',(#1172,#1173,#1174,#1175,#1176,#1177,#1178,#1179));
#2660=EDGE_LOOP('',(#1180,#1181,#1182,#1183));
#2661=EDGE_LOOP('',(#1184,#1185,#1186,#1187));
#2662=EDGE_LOOP('',(#1188,#1189,#1190,#1191,#1192,#1193,#1194,#1195));
#2663=EDGE_LOOP('',(#1196,#1197,#1198,#1199,#1200,#1201,#1202,#1203));
#2664=EDGE_LOOP('',(#1204,#1205,#1206,#1207));
#2665=EDGE_LOOP('',(#1208,#1209,#1210,#1211));
#2666=EDGE_LOOP('',(#1212,#1213,#1214,#1215,#1216,#1217,#1218,#1219));
#2667=EDGE_LOOP('',(#1220,#1221,#1222,#1223));
#2668=EDGE_LOOP('',(#1224));
#2669=EDGE_LOOP('',(#1225,#1226,#1227,#1228,#1229,#1230,#1231,#1232));
#2670=EDGE_LOOP('',(#1233,#1234,#1235,#1236));
#2671=EDGE_LOOP('',(#1237,#1238,#1239,#1240));
#2672=EDGE_LOOP('',(#1241,#1242,#1243,#1244));
#2673=EDGE_LOOP('',(#1245,#1246,#1247,#1248,#1249,#1250,#1251,#1252));
#2674=EDGE_LOOP('',(#1253));
#2675=EDGE_LOOP('',(#1254));
#2676=EDGE_LOOP('',(#1255));
#2677=EDGE_LOOP('',(#1256));
#2678=EDGE_LOOP('',(#1257));
#2679=EDGE_LOOP('',(#1258));
#2680=EDGE_LOOP('',(#1259));
#2681=EDGE_LOOP('',(#1260));
#2682=EDGE_LOOP('',(#1261));
#2683=EDGE_LOOP('',(#1262));
#2684=EDGE_LOOP('',(#1263));
#2685=EDGE_LOOP('',(#1264));
#2686=EDGE_LOOP('',(#1265,#1266,#1267,#1268,#1269,#1270));
#2687=EDGE_LOOP('',(#1271,#1272,#1273,#1274));
#2688=EDGE_LOOP('',(#1275,#1276,#1277,#1278,#1279,#1280));
#2689=EDGE_LOOP('',(#1281,#1282,#1283,#1284,#1285,#1286));
#2690=EDGE_LOOP('',(#1287,#1288,#1289,#1290));
#2691=EDGE_LOOP('',(#1291,#1292,#1293,#1294,#1295,#1296));
#2692=EDGE_LOOP('',(#1297,#1298,#1299,#1300));
#2693=EDGE_LOOP('',(#1301,#1302,#1303,#1304));
#2694=EDGE_LOOP('',(#1305));
#2695=EDGE_LOOP('',(#1306));
#2696=EDGE_LOOP('',(#1307,#1308,#1309,#1310));
#2697=EDGE_LOOP('',(#1311,#1312,#1313,#1314));
#2698=EDGE_LOOP('',(#1315,#1316,#1317,#1318));
#2699=EDGE_LOOP('',(#1319,#1320,#1321,#1322));
#2700=EDGE_LOOP('',(#1323,#1324,#1325,#1326));
#2701=EDGE_LOOP('',(#1327,#1328,#1329));
#2702=EDGE_LOOP('',(#1330,#1331,#1332,#1333));
#2703=EDGE_LOOP('',(#1334,#1335,#1336,#1337));
#2704=EDGE_LOOP('',(#1338,#1339,#1340));
#2705=EDGE_LOOP('',(#1341,#1342,#1343,#1344));
#2706=EDGE_LOOP('',(#1345,#1346,#1347,#1348));
#2707=EDGE_LOOP('',(#1349,#1350,#1351));
#2708=EDGE_LOOP('',(#1352,#1353,#1354,#1355));
#2709=EDGE_LOOP('',(#1356,#1357,#1358,#1359));
#2710=EDGE_LOOP('',(#1360,#1361,#1362));
#2711=EDGE_LOOP('',(#1363,#1364,#1365,#1366));
#2712=EDGE_LOOP('',(#1367,#1368,#1369,#1370));
#2713=EDGE_LOOP('',(#1371,#1372,#1373,#1374));
#2714=EDGE_LOOP('',(#1375,#1376,#1377,#1378));
#2715=EDGE_LOOP('',(#1379,#1380,#1381,#1382));
#2716=EDGE_LOOP('',(#1383,#1384,#1385,#1386));
#2717=EDGE_LOOP('',(#1387,#1388,#1389));
#2718=EDGE_LOOP('',(#1390,#1391,#1392));
#2719=EDGE_LOOP('',(#1393,#1394,#1395,#1396));
#2720=EDGE_LOOP('',(#1397,#1398,#1399,#1400));
#2721=EDGE_LOOP('',(#1401,#1402,#1403,#1404));
#2722=EDGE_LOOP('',(#1405,#1406,#1407,#1408));
#2723=EDGE_LOOP('',(#1409,#1410,#1411,#1412));
#2724=EDGE_LOOP('',(#1413,#1414,#1415,#1416));
#2725=EDGE_LOOP('',(#1417,#1418,#1419));
#2726=EDGE_LOOP('',(#1420,#1421,#1422));
#2727=EDGE_LOOP('',(#1423,#1424,#1425,#1426));
#2728=EDGE_LOOP('',(#1427,#1428,#1429,#1430));
#2729=EDGE_LOOP('',(#1431,#1432,#1433,#1434));
#2730=EDGE_LOOP('',(#1435,#1436,#1437,#1438));
#2731=EDGE_LOOP('',(#1439,#1440,#1441,#1442));
#2732=EDGE_LOOP('',(#1443,#1444,#1445,#1446));
#2733=EDGE_LOOP('',(#1447,#1448,#1449));
#2734=EDGE_LOOP('',(#1450,#1451,#1452,#1453));
#2735=EDGE_LOOP('',(#1454,#1455,#1456,#1457));
#2736=EDGE_LOOP('',(#1458,#1459,#1460,#1461));
#2737=EDGE_LOOP('',(#1462,#1463,#1464));
#2738=EDGE_LOOP('',(#1465,#1466,#1467,#1468));
#2739=EDGE_LOOP('',(#1469,#1470,#1471,#1472));
#2740=EDGE_LOOP('',(#1473,#1474,#1475));
#2741=EDGE_LOOP('',(#1476,#1477,#1478,#1479));
#2742=EDGE_LOOP('',(#1480,#1481,#1482,#1483));
#2743=EDGE_LOOP('',(#1484,#1485,#1486,#1487));
#2744=EDGE_LOOP('',(#1488,#1489,#1490));
#2745=EDGE_LOOP('',(#1491,#1492,#1493,#1494));
#2746=EDGE_LOOP('',(#1495));
#2747=EDGE_LOOP('',(#1496));
#2748=EDGE_LOOP('',(#1497));
#2749=EDGE_LOOP('',(#1498));
#2750=EDGE_LOOP('',(#1499));
#2751=EDGE_LOOP('',(#1500));
#2752=EDGE_LOOP('',(#1501));
#2753=EDGE_LOOP('',(#1502));
#2754=EDGE_LOOP('',(#1503));
#2755=EDGE_LOOP('',(#1504));
#2756=CYLINDRICAL_SURFACE('',#3840,21.5);
#2757=CYLINDRICAL_SURFACE('',#3843,21.5);
#2758=CYLINDRICAL_SURFACE('',#3846,21.5);
#2759=CYLINDRICAL_SURFACE('',#3863,21.5);
#2760=CYLINDRICAL_SURFACE('',#3866,10.);
#2761=CYLINDRICAL_SURFACE('',#3896,21.5);
#2762=CYLINDRICAL_SURFACE('',#3900,21.5);
#2763=CYLINDRICAL_SURFACE('',#3904,17.);
#2764=CYLINDRICAL_SURFACE('',#3908,17.);
#2765=CYLINDRICAL_SURFACE('',#4025,12.5);
#2766=CYLINDRICAL_SURFACE('',#4048,21.5);
#2767=CYLINDRICAL_SURFACE('',#4050,21.5);
#2768=CYLINDRICAL_SURFACE('',#4054,21.5);
#2769=CYLINDRICAL_SURFACE('',#4057,21.5);
#2770=CYLINDRICAL_SURFACE('',#4058,21.5);
#2771=CYLINDRICAL_SURFACE('',#4060,21.5);
#2772=CYLINDRICAL_SURFACE('',#4064,21.5);
#2773=CYLINDRICAL_SURFACE('',#4067,21.5);
#2774=CYLINDRICAL_SURFACE('',#4068,21.5);
#2775=CYLINDRICAL_SURFACE('',#4070,21.5);
#2776=CYLINDRICAL_SURFACE('',#4074,21.5);
#2777=CYLINDRICAL_SURFACE('',#4077,21.5);
#2778=CYLINDRICAL_SURFACE('',#4078,21.5);
#2779=CYLINDRICAL_SURFACE('',#4080,21.5);
#2780=CYLINDRICAL_SURFACE('',#4084,21.5);
#2781=CYLINDRICAL_SURFACE('',#4087,21.5);
#2782=CYLINDRICAL_SURFACE('',#4090,35.);
#2783=CYLINDRICAL_SURFACE('',#4133,27.107544526456);
#2784=CYLINDRICAL_SURFACE('',#4134,27.107544526456);
#2785=CYLINDRICAL_SURFACE('',#4151,25.5);
#2786=CYLINDRICAL_SURFACE('',#4153,25.5);
#2787=CYLINDRICAL_SURFACE('',#4155,9.);
#2788=CYLINDRICAL_SURFACE('',#4156,1.1063829787234);
#2789=CYLINDRICAL_SURFACE('',#4159,1.1063829787234);
#2790=CYLINDRICAL_SURFACE('',#4162,1.1063829787234);
#2791=CYLINDRICAL_SURFACE('',#4165,1.1063829787234);
#2792=CYLINDRICAL_SURFACE('',#4168,1.1063829787234);
#2793=CYLINDRICAL_SURFACE('',#4173,1.1063829787234);
#2794=CYLINDRICAL_SURFACE('',#4174,1.1063829787234);
#2795=CYLINDRICAL_SURFACE('',#4179,1.1063829787234);
#2796=CYLINDRICAL_SURFACE('',#4180,1.1063829787234);
#2797=CYLINDRICAL_SURFACE('',#4184,1.1063829787234);
#2798=CYLINDRICAL_SURFACE('',#4186,1.1063829787234);
#2799=CYLINDRICAL_SURFACE('',#4191,1.1063829787234);
#2800=CYLINDRICAL_SURFACE('',#4192,1.1063829787234);
#2801=CYLINDRICAL_SURFACE('',#4194,1.1063829787234);
#2802=CYLINDRICAL_SURFACE('',#4196,1.1063829787234);
#2803=CYLINDRICAL_SURFACE('',#4198,1.1063829787234);
#2804=CYLINDRICAL_SURFACE('',#4200,1.1063829787234);
#2805=CYLINDRICAL_SURFACE('',#4207,1.1063829787234);
#2806=CYLINDRICAL_SURFACE('',#4208,1.1063829787234);
#2807=CYLINDRICAL_SURFACE('',#4211,1.1063829787234);
#2808=CYLINDRICAL_SURFACE('',#4213,1.1063829787234);
#2809=CYLINDRICAL_SURFACE('',#4219,1.1063829787234);
#2810=CYLINDRICAL_SURFACE('',#4220,1.1063829787234);
#2811=CYLINDRICAL_SURFACE('',#4221,1.1063829787234);
#2812=CYLINDRICAL_SURFACE('',#4222,1.1063829787234);
#2813=CYLINDRICAL_SURFACE('',#4223,1.1063829787234);
#2814=CYLINDRICAL_SURFACE('',#4224,1.1063829787234);
#2815=CYLINDRICAL_SURFACE('',#4228,1.1063829787234);
#2816=CYLINDRICAL_SURFACE('',#4230,1.1063829787234);
#2817=CYLINDRICAL_SURFACE('',#4234,1.1063829787234);
#2818=CYLINDRICAL_SURFACE('',#4235,1.1063829787234);
#2819=CYLINDRICAL_SURFACE('',#4239,1.1063829787234);
#2820=CYLINDRICAL_SURFACE('',#4241,1.1063829787234);
#2821=CYLINDRICAL_SURFACE('',#4245,1.1063829787234);
#2822=CYLINDRICAL_SURFACE('',#4246,1.5);
#2823=CYLINDRICAL_SURFACE('',#4247,2.50000000000096);
#2824=CYLINDRICAL_SURFACE('',#4252,1.45000000000096);
#2825=SHAPE_REPRESENTATION_RELATIONSHIP('','',#3829,#2827);
#2826=SHAPE_REPRESENTATION_RELATIONSHIP('','',#3831,#2828);
#2827=ADVANCED_BREP_SHAPE_REPRESENTATION('',(#3812,#3813,#3814,#3815,#3816,
#3817,#3818,#3819,#3820,#3821,#3822,#3823),#6761);
#2828=ADVANCED_BREP_SHAPE_REPRESENTATION('',(#3824,#3825),#6762);
#2829=VERTEX_POINT('',#5343);
#2830=VERTEX_POINT('',#5345);
#2831=VERTEX_POINT('',#5347);
#2832=VERTEX_POINT('',#5349);
#2833=VERTEX_POINT('',#5351);
#2834=VERTEX_POINT('',#5353);
#2835=VERTEX_POINT('',#5355);
#2836=VERTEX_POINT('',#5358);
#2837=VERTEX_POINT('',#5359);
#2838=VERTEX_POINT('',#5361);
#2839=VERTEX_POINT('',#5363);
#2840=VERTEX_POINT('',#5367);
#2841=VERTEX_POINT('',#5368);
#2842=VERTEX_POINT('',#5370);
#2843=VERTEX_POINT('',#5372);
#2844=VERTEX_POINT('',#5376);
#2845=VERTEX_POINT('',#5377);
#2846=VERTEX_POINT('',#5379);
#2847=VERTEX_POINT('',#5381);
#2848=VERTEX_POINT('',#5385);
#2849=VERTEX_POINT('',#5387);
#2850=VERTEX_POINT('',#5388);
#2851=VERTEX_POINT('',#5390);
#2852=VERTEX_POINT('',#5392);
#2853=VERTEX_POINT('',#5394);
#2854=VERTEX_POINT('',#5396);
#2855=VERTEX_POINT('',#5398);
#2856=VERTEX_POINT('',#5400);
#2857=VERTEX_POINT('',#5402);
#2858=VERTEX_POINT('',#5404);
#2859=VERTEX_POINT('',#5406);
#2860=VERTEX_POINT('',#5408);
#2861=VERTEX_POINT('',#5410);
#2862=VERTEX_POINT('',#5412);
#2863=VERTEX_POINT('',#5414);
#2864=VERTEX_POINT('',#5416);
#2865=VERTEX_POINT('',#5420);
#2866=VERTEX_POINT('',#5422);
#2867=VERTEX_POINT('',#5425);
#2868=VERTEX_POINT('',#5426);
#2869=VERTEX_POINT('',#5428);
#2870=VERTEX_POINT('',#5430);
#2871=VERTEX_POINT('',#5432);
#2872=VERTEX_POINT('',#5434);
#2873=VERTEX_POINT('',#5436);
#2874=VERTEX_POINT('',#5438);
#2875=VERTEX_POINT('',#5440);
#2876=VERTEX_POINT('',#5442);
#2877=VERTEX_POINT('',#5444);
#2878=VERTEX_POINT('',#5446);
#2879=VERTEX_POINT('',#5448);
#2880=VERTEX_POINT('',#5450);
#2881=VERTEX_POINT('',#5452);
#2882=VERTEX_POINT('',#5454);
#2883=VERTEX_POINT('',#5458);
#2884=VERTEX_POINT('',#5459);
#2885=VERTEX_POINT('',#5461);
#2886=VERTEX_POINT('',#5463);
#2887=VERTEX_POINT('',#5467);
#2888=VERTEX_POINT('',#5563);
#2889=VERTEX_POINT('',#5565);
#2890=VERTEX_POINT('',#5568);
#2891=VERTEX_POINT('',#5571);
#2892=VERTEX_POINT('',#5574);
#2893=VERTEX_POINT('',#5577);
#2894=VERTEX_POINT('',#5581);
#2895=VERTEX_POINT('',#5583);
#2896=VERTEX_POINT('',#5586);
#2897=VERTEX_POINT('',#5589);
#2898=VERTEX_POINT('',#5592);
#2899=VERTEX_POINT('',#5595);
#2900=VERTEX_POINT('',#5597);
#2901=VERTEX_POINT('',#5602);
#2902=VERTEX_POINT('',#5603);
#2903=VERTEX_POINT('',#5608);
#2904=VERTEX_POINT('',#5610);
#2905=VERTEX_POINT('',#5617);
#2906=VERTEX_POINT('',#5618);
#2907=VERTEX_POINT('',#5623);
#2908=VERTEX_POINT('',#5625);
#2909=VERTEX_POINT('',#5635);
#2910=VERTEX_POINT('',#5637);
#2911=VERTEX_POINT('',#5644);
#2912=VERTEX_POINT('',#5645);
#2913=VERTEX_POINT('',#5659);
#2914=VERTEX_POINT('',#5661);
#2915=VERTEX_POINT('',#5668);
#2916=VERTEX_POINT('',#5669);
#2917=VERTEX_POINT('',#5680);
#2918=VERTEX_POINT('',#5681);
#2919=VERTEX_POINT('',#5686);
#2920=VERTEX_POINT('',#5688);
#2921=VERTEX_POINT('',#5698);
#2922=VERTEX_POINT('',#5700);
#2923=VERTEX_POINT('',#5710);
#2924=VERTEX_POINT('',#5712);
#2925=VERTEX_POINT('',#5719);
#2926=VERTEX_POINT('',#5720);
#2927=VERTEX_POINT('',#5725);
#2928=VERTEX_POINT('',#5727);
#2929=VERTEX_POINT('',#5737);
#2930=VERTEX_POINT('',#5739);
#2931=VERTEX_POINT('',#5749);
#2932=VERTEX_POINT('',#5751);
#2933=VERTEX_POINT('',#5758);
#2934=VERTEX_POINT('',#5759);
#2935=VERTEX_POINT('',#5761);
#2936=VERTEX_POINT('',#5763);
#2937=VERTEX_POINT('',#5767);
#2938=VERTEX_POINT('',#5768);
#2939=VERTEX_POINT('',#5770);
#2940=VERTEX_POINT('',#5772);
#2941=VERTEX_POINT('',#5776);
#2942=VERTEX_POINT('',#5777);
#2943=VERTEX_POINT('',#5782);
#2944=VERTEX_POINT('',#5784);
#2945=VERTEX_POINT('',#5794);
#2946=VERTEX_POINT('',#5796);
#2947=VERTEX_POINT('',#5806);
#2948=VERTEX_POINT('',#5808);
#2949=VERTEX_POINT('',#5815);
#2950=VERTEX_POINT('',#5816);
#2951=VERTEX_POINT('',#5821);
#2952=VERTEX_POINT('',#5823);
#2953=VERTEX_POINT('',#5833);
#2954=VERTEX_POINT('',#5835);
#2955=VERTEX_POINT('',#5845);
#2956=VERTEX_POINT('',#5847);
#2957=VERTEX_POINT('',#5854);
#2958=VERTEX_POINT('',#5855);
#2959=VERTEX_POINT('',#5860);
#2960=VERTEX_POINT('',#5862);
#2961=VERTEX_POINT('',#5872);
#2962=VERTEX_POINT('',#5874);
#2963=VERTEX_POINT('',#5884);
#2964=VERTEX_POINT('',#5886);
#2965=VERTEX_POINT('',#5893);
#2966=VERTEX_POINT('',#5894);
#2967=VERTEX_POINT('',#5896);
#2968=VERTEX_POINT('',#5898);
#2969=VERTEX_POINT('',#5902);
#2970=VERTEX_POINT('',#5903);
#2971=VERTEX_POINT('',#5905);
#2972=VERTEX_POINT('',#5907);
#2973=VERTEX_POINT('',#5911);
#2974=VERTEX_POINT('',#5912);
#2975=VERTEX_POINT('',#5917);
#2976=VERTEX_POINT('',#5919);
#2977=VERTEX_POINT('',#5929);
#2978=VERTEX_POINT('',#5931);
#2979=VERTEX_POINT('',#5941);
#2980=VERTEX_POINT('',#5943);
#2981=VERTEX_POINT('',#5950);
#2982=VERTEX_POINT('',#5951);
#2983=VERTEX_POINT('',#5956);
#2984=VERTEX_POINT('',#5958);
#2985=VERTEX_POINT('',#5968);
#2986=VERTEX_POINT('',#5970);
#2987=VERTEX_POINT('',#5980);
#2988=VERTEX_POINT('',#5982);
#2989=VERTEX_POINT('',#5989);
#2990=VERTEX_POINT('',#5990);
#2991=VERTEX_POINT('',#5995);
#2992=VERTEX_POINT('',#5997);
#2993=VERTEX_POINT('',#6007);
#2994=VERTEX_POINT('',#6009);
#2995=VERTEX_POINT('',#6019);
#2996=VERTEX_POINT('',#6021);
#2997=VERTEX_POINT('',#6028);
#2998=VERTEX_POINT('',#6029);
#2999=VERTEX_POINT('',#6031);
#3000=VERTEX_POINT('',#6033);
#3001=VERTEX_POINT('',#6037);
#3002=VERTEX_POINT('',#6038);
#3003=VERTEX_POINT('',#6040);
#3004=VERTEX_POINT('',#6042);
#3005=VERTEX_POINT('',#6046);
#3006=VERTEX_POINT('',#6047);
#3007=VERTEX_POINT('',#6052);
#3008=VERTEX_POINT('',#6054);
#3009=VERTEX_POINT('',#6064);
#3010=VERTEX_POINT('',#6066);
#3011=VERTEX_POINT('',#6076);
#3012=VERTEX_POINT('',#6078);
#3013=VERTEX_POINT('',#6085);
#3014=VERTEX_POINT('',#6086);
#3015=VERTEX_POINT('',#6091);
#3016=VERTEX_POINT('',#6093);
#3017=VERTEX_POINT('',#6103);
#3018=VERTEX_POINT('',#6105);
#3019=VERTEX_POINT('',#6115);
#3020=VERTEX_POINT('',#6117);
#3021=VERTEX_POINT('',#6124);
#3022=VERTEX_POINT('',#6125);
#3023=VERTEX_POINT('',#6127);
#3024=VERTEX_POINT('',#6129);
#3025=VERTEX_POINT('',#6133);
#3026=VERTEX_POINT('',#6134);
#3027=VERTEX_POINT('',#6136);
#3028=VERTEX_POINT('',#6138);
#3029=VERTEX_POINT('',#6142);
#3030=VERTEX_POINT('',#6144);
#3031=VERTEX_POINT('',#6147);
#3032=VERTEX_POINT('',#6151);
#3033=VERTEX_POINT('',#6154);
#3034=VERTEX_POINT('',#6156);
#3035=VERTEX_POINT('',#6159);
#3036=VERTEX_POINT('',#6161);
#3037=VERTEX_POINT('',#6164);
#3038=VERTEX_POINT('',#6168);
#3039=VERTEX_POINT('',#6171);
#3040=VERTEX_POINT('',#6173);
#3041=VERTEX_POINT('',#6176);
#3042=VERTEX_POINT('',#6178);
#3043=VERTEX_POINT('',#6181);
#3044=VERTEX_POINT('',#6185);
#3045=VERTEX_POINT('',#6188);
#3046=VERTEX_POINT('',#6190);
#3047=VERTEX_POINT('',#6193);
#3048=VERTEX_POINT('',#6195);
#3049=VERTEX_POINT('',#6198);
#3050=VERTEX_POINT('',#6202);
#3051=VERTEX_POINT('',#6205);
#3052=VERTEX_POINT('',#6207);
#3053=VERTEX_POINT('',#6210);
#3054=VERTEX_POINT('',#6213);
#3055=VERTEX_POINT('',#6304);
#3056=VERTEX_POINT('',#6308);
#3057=VERTEX_POINT('',#6309);
#3058=VERTEX_POINT('',#6311);
#3059=VERTEX_POINT('',#6313);
#3060=VERTEX_POINT('',#6326);
#3061=VERTEX_POINT('',#6329);
#3062=VERTEX_POINT('',#6331);
#3063=VERTEX_POINT('',#6332);
#3064=VERTEX_POINT('',#6334);
#3065=VERTEX_POINT('',#6336);
#3066=VERTEX_POINT('',#6338);
#3067=VERTEX_POINT('',#6340);
#3068=VERTEX_POINT('',#6342);
#3069=VERTEX_POINT('',#6344);
#3070=VERTEX_POINT('',#6346);
#3071=VERTEX_POINT('',#6348);
#3072=VERTEX_POINT('',#6350);
#3073=VERTEX_POINT('',#6352);
#3074=VERTEX_POINT('',#6354);
#3075=VERTEX_POINT('',#6356);
#3076=VERTEX_POINT('',#6358);
#3077=VERTEX_POINT('',#6360);
#3078=VERTEX_POINT('',#6362);
#3079=VERTEX_POINT('',#6364);
#3080=VERTEX_POINT('',#6366);
#3081=VERTEX_POINT('',#6368);
#3082=VERTEX_POINT('',#6370);
#3083=VERTEX_POINT('',#6372);
#3084=VERTEX_POINT('',#6376);
#3085=VERTEX_POINT('',#6378);
#3086=VERTEX_POINT('',#6379);
#3087=VERTEX_POINT('',#6381);
#3088=VERTEX_POINT('',#6383);
#3089=VERTEX_POINT('',#6385);
#3090=VERTEX_POINT('',#6387);
#3091=VERTEX_POINT('',#6389);
#3092=VERTEX_POINT('',#6391);
#3093=VERTEX_POINT('',#6393);
#3094=VERTEX_POINT('',#6395);
#3095=VERTEX_POINT('',#6397);
#3096=VERTEX_POINT('',#6399);
#3097=VERTEX_POINT('',#6401);
#3098=VERTEX_POINT('',#6403);
#3099=VERTEX_POINT('',#6405);
#3100=VERTEX_POINT('',#6407);
#3101=VERTEX_POINT('',#6409);
#3102=VERTEX_POINT('',#6411);
#3103=VERTEX_POINT('',#6413);
#3104=VERTEX_POINT('',#6415);
#3105=VERTEX_POINT('',#6417);
#3106=VERTEX_POINT('',#6419);
#3107=VERTEX_POINT('',#6423);
#3108=VERTEX_POINT('',#6424);
#3109=VERTEX_POINT('',#6426);
#3110=VERTEX_POINT('',#6428);
#3111=VERTEX_POINT('',#6432);
#3112=VERTEX_POINT('',#6433);
#3113=VERTEX_POINT('',#6435);
#3114=VERTEX_POINT('',#6437);
#3115=VERTEX_POINT('',#6439);
#3116=VERTEX_POINT('',#6441);
#3117=VERTEX_POINT('',#6443);
#3118=VERTEX_POINT('',#6445);
#3119=VERTEX_POINT('',#6449);
#3120=VERTEX_POINT('',#6450);
#3121=VERTEX_POINT('',#6452);
#3122=VERTEX_POINT('',#6454);
#3123=VERTEX_POINT('',#6458);
#3124=VERTEX_POINT('',#6459);
#3125=VERTEX_POINT('',#6461);
#3126=VERTEX_POINT('',#6463);
#3127=VERTEX_POINT('',#6467);
#3128=VERTEX_POINT('',#6468);
#3129=VERTEX_POINT('',#6470);
#3130=VERTEX_POINT('',#6473);
#3131=VERTEX_POINT('',#6475);
#3132=VERTEX_POINT('',#6477);
#3133=VERTEX_POINT('',#6481);
#3134=VERTEX_POINT('',#6483);
#3135=VERTEX_POINT('',#6485);
#3136=VERTEX_POINT('',#6487);
#3137=VERTEX_POINT('',#6489);
#3138=VERTEX_POINT('',#6491);
#3139=VERTEX_POINT('',#6495);
#3140=VERTEX_POINT('',#6497);
#3141=VERTEX_POINT('',#6501);
#3142=VERTEX_POINT('',#6502);
#3143=VERTEX_POINT('',#6504);
#3144=VERTEX_POINT('',#6506);
#3145=VERTEX_POINT('',#6510);
#3146=VERTEX_POINT('',#6511);
#3147=VERTEX_POINT('',#6513);
#3148=VERTEX_POINT('',#6515);
#3149=VERTEX_POINT('',#6517);
#3150=VERTEX_POINT('',#6519);
#3151=VERTEX_POINT('',#6521);
#3152=VERTEX_POINT('',#6523);
#3153=VERTEX_POINT('',#6527);
#3154=VERTEX_POINT('',#6529);
#3155=VERTEX_POINT('',#6533);
#3156=VERTEX_POINT('',#6549);
#3157=VERTEX_POINT('',#6550);
#3158=VERTEX_POINT('',#6552);
#3159=VERTEX_POINT('',#6554);
#3160=VERTEX_POINT('',#6556);
#3161=VERTEX_POINT('',#6558);
#3162=VERTEX_POINT('',#6560);
#3163=VERTEX_POINT('',#6562);
#3164=VERTEX_POINT('',#6565);
#3165=VERTEX_POINT('',#6568);
#3166=VERTEX_POINT('',#6570);
#3167=VERTEX_POINT('',#6582);
#3168=VERTEX_POINT('',#6585);
#3169=VERTEX_POINT('',#6589);
#3170=VERTEX_POINT('',#6747);
#3171=VERTEX_POINT('',#6749);
#3172=VERTEX_POINT('',#6752);
#3173=VERTEX_POINT('',#6755);
#3174=VERTEX_LOOP('',#2829);
#3175=VERTEX_LOOP('',#2830);
#3176=VERTEX_LOOP('',#2831);
#3177=VERTEX_LOOP('',#2832);
#3178=VERTEX_LOOP('',#2833);
#3179=VERTEX_LOOP('',#2834);
#3180=VERTEX_LOOP('',#2835);
#3181=VERTEX_LOOP('',#3055);
#3182=FACE_BOUND('',#3174,.T.);
#3183=FACE_BOUND('',#3175,.T.);
#3184=FACE_BOUND('',#3176,.T.);
#3185=FACE_BOUND('',#3177,.T.);
#3186=FACE_BOUND('',#3178,.T.);
#3187=FACE_BOUND('',#3179,.T.);
#3188=FACE_BOUND('',#3180,.T.);
#3189=FACE_BOUND('',#2498,.T.);
#3190=FACE_BOUND('',#2499,.T.);
#3191=FACE_BOUND('',#2500,.T.);
#3192=FACE_BOUND('',#2501,.T.);
#3193=FACE_BOUND('',#2502,.T.);
#3194=FACE_BOUND('',#2503,.T.);
#3195=FACE_BOUND('',#2504,.T.);
#3196=FACE_BOUND('',#2505,.T.);
#3197=FACE_BOUND('',#2506,.T.);
#3198=FACE_BOUND('',#2507,.T.);
#3199=FACE_BOUND('',#2508,.T.);
#3200=FACE_BOUND('',#2509,.T.);
#3201=FACE_BOUND('',#2510,.T.);
#3202=FACE_BOUND('',#2511,.T.);
#3203=FACE_BOUND('',#2512,.T.);
#3204=FACE_BOUND('',#2513,.T.);
#3205=FACE_BOUND('',#2514,.T.);
#3206=FACE_BOUND('',#2515,.T.);
#3207=FACE_BOUND('',#2516,.T.);
#3208=FACE_BOUND('',#2517,.T.);
#3209=FACE_BOUND('',#2518,.T.);
#3210=FACE_BOUND('',#2519,.T.);
#3211=FACE_BOUND('',#2520,.T.);
#3212=FACE_BOUND('',#2521,.T.);
#3213=FACE_BOUND('',#2522,.T.);
#3214=FACE_BOUND('',#2523,.T.);
#3215=FACE_BOUND('',#2524,.T.);
#3216=FACE_BOUND('',#2525,.T.);
#3217=FACE_BOUND('',#2526,.T.);
#3218=FACE_BOUND('',#2527,.T.);
#3219=FACE_BOUND('',#2528,.T.);
#3220=FACE_BOUND('',#2529,.T.);
#3221=FACE_BOUND('',#2530,.T.);
#3222=FACE_BOUND('',#2531,.T.);
#3223=FACE_BOUND('',#2532,.T.);
#3224=FACE_BOUND('',#2533,.T.);
#3225=FACE_BOUND('',#2534,.T.);
#3226=FACE_BOUND('',#2535,.T.);
#3227=FACE_BOUND('',#2536,.T.);
#3228=FACE_BOUND('',#2537,.T.);
#3229=FACE_BOUND('',#2538,.T.);
#3230=FACE_BOUND('',#2539,.T.);
#3231=FACE_BOUND('',#2540,.T.);
#3232=FACE_BOUND('',#2541,.T.);
#3233=FACE_BOUND('',#2542,.T.);
#3234=FACE_BOUND('',#2543,.T.);
#3235=FACE_BOUND('',#2544,.T.);
#3236=FACE_BOUND('',#2545,.T.);
#3237=FACE_BOUND('',#2546,.T.);
#3238=FACE_BOUND('',#2547,.T.);
#3239=FACE_BOUND('',#2548,.T.);
#3240=FACE_BOUND('',#2549,.T.);
#3241=FACE_BOUND('',#2550,.T.);
#3242=FACE_BOUND('',#2551,.T.);
#3243=FACE_BOUND('',#2552,.T.);
#3244=FACE_BOUND('',#2553,.T.);
#3245=FACE_BOUND('',#2554,.T.);
#3246=FACE_BOUND('',#2555,.T.);
#3247=FACE_BOUND('',#2556,.T.);
#3248=FACE_BOUND('',#2557,.T.);
#3249=FACE_BOUND('',#2558,.T.);
#3250=FACE_BOUND('',#2559,.T.);
#3251=FACE_BOUND('',#2560,.T.);
#3252=FACE_BOUND('',#2561,.T.);
#3253=FACE_BOUND('',#2562,.T.);
#3254=FACE_BOUND('',#2563,.T.);
#3255=FACE_BOUND('',#2564,.T.);
#3256=FACE_BOUND('',#2565,.T.);
#3257=FACE_BOUND('',#2566,.T.);
#3258=FACE_BOUND('',#2567,.T.);
#3259=FACE_BOUND('',#2568,.T.);
#3260=FACE_BOUND('',#2569,.T.);
#3261=FACE_BOUND('',#2570,.T.);
#3262=FACE_BOUND('',#2571,.T.);
#3263=FACE_BOUND('',#2572,.T.);
#3264=FACE_BOUND('',#2573,.T.);
#3265=FACE_BOUND('',#2574,.T.);
#3266=FACE_BOUND('',#2575,.T.);
#3267=FACE_BOUND('',#2576,.T.);
#3268=FACE_BOUND('',#2577,.T.);
#3269=FACE_BOUND('',#2578,.T.);
#3270=FACE_BOUND('',#2579,.T.);
#3271=FACE_BOUND('',#2580,.T.);
#3272=FACE_BOUND('',#2581,.T.);
#3273=FACE_BOUND('',#2582,.T.);
#3274=FACE_BOUND('',#2583,.T.);
#3275=FACE_BOUND('',#2584,.T.);
#3276=FACE_BOUND('',#2585,.T.);
#3277=FACE_BOUND('',#2586,.T.);
#3278=FACE_BOUND('',#2587,.T.);
#3279=FACE_BOUND('',#2588,.T.);
#3280=FACE_BOUND('',#2589,.T.);
#3281=FACE_BOUND('',#2590,.T.);
#3282=FACE_BOUND('',#2591,.T.);
#3283=FACE_BOUND('',#2592,.T.);
#3284=FACE_BOUND('',#2593,.T.);
#3285=FACE_BOUND('',#2594,.T.);
#3286=FACE_BOUND('',#2595,.T.);
#3287=FACE_BOUND('',#2596,.T.);
#3288=FACE_BOUND('',#2597,.T.);
#3289=FACE_BOUND('',#2598,.T.);
#3290=FACE_BOUND('',#2599,.T.);
#3291=FACE_BOUND('',#2600,.T.);
#3292=FACE_BOUND('',#2601,.T.);
#3293=FACE_BOUND('',#2602,.T.);
#3294=FACE_BOUND('',#2603,.T.);
#3295=FACE_BOUND('',#2604,.T.);
#3296=FACE_BOUND('',#2605,.T.);
#3297=FACE_BOUND('',#2606,.T.);
#3298=FACE_BOUND('',#2607,.T.);
#3299=FACE_BOUND('',#2608,.T.);
#3300=FACE_BOUND('',#2609,.T.);
#3301=FACE_BOUND('',#2610,.T.);
#3302=FACE_BOUND('',#2611,.T.);
#3303=FACE_BOUND('',#2612,.T.);
#3304=FACE_BOUND('',#2613,.T.);
#3305=FACE_BOUND('',#2614,.T.);
#3306=FACE_BOUND('',#2615,.T.);
#3307=FACE_BOUND('',#2616,.T.);
#3308=FACE_BOUND('',#2617,.T.);
#3309=FACE_BOUND('',#2618,.T.);
#3310=FACE_BOUND('',#2619,.T.);
#3311=FACE_BOUND('',#2620,.T.);
#3312=FACE_BOUND('',#2621,.T.);
#3313=FACE_BOUND('',#2622,.T.);
#3314=FACE_BOUND('',#2623,.T.);
#3315=FACE_BOUND('',#2624,.T.);
#3316=FACE_BOUND('',#2625,.T.);
#3317=FACE_BOUND('',#2626,.T.);
#3318=FACE_BOUND('',#2627,.T.);
#3319=FACE_BOUND('',#2628,.T.);
#3320=FACE_BOUND('',#2629,.T.);
#3321=FACE_BOUND('',#2630,.T.);
#3322=FACE_BOUND('',#2631,.T.);
#3323=FACE_BOUND('',#2632,.T.);
#3324=FACE_BOUND('',#2633,.T.);
#3325=FACE_BOUND('',#2634,.T.);
#3326=FACE_BOUND('',#2635,.T.);
#3327=FACE_BOUND('',#2636,.T.);
#3328=FACE_BOUND('',#2637,.T.);
#3329=FACE_BOUND('',#2638,.T.);
#3330=FACE_BOUND('',#2639,.T.);
#3331=FACE_BOUND('',#2640,.T.);
#3332=FACE_BOUND('',#2641,.T.);
#3333=FACE_BOUND('',#2642,.T.);
#3334=FACE_BOUND('',#2643,.T.);
#3335=FACE_BOUND('',#2644,.T.);
#3336=FACE_BOUND('',#2645,.T.);
#3337=FACE_BOUND('',#2646,.T.);
#3338=FACE_BOUND('',#2647,.T.);
#3339=FACE_BOUND('',#2648,.T.);
#3340=FACE_BOUND('',#2649,.T.);
#3341=FACE_BOUND('',#2650,.T.);
#3342=FACE_BOUND('',#2651,.T.);
#3343=FACE_BOUND('',#3181,.T.);
#3344=FACE_BOUND('',#2652,.T.);
#3345=FACE_BOUND('',#2653,.T.);
#3346=FACE_BOUND('',#2654,.T.);
#3347=FACE_BOUND('',#2655,.T.);
#3348=FACE_BOUND('',#2656,.T.);
#3349=FACE_BOUND('',#2657,.T.);
#3350=FACE_BOUND('',#2658,.T.);
#3351=FACE_BOUND('',#2659,.T.);
#3352=FACE_BOUND('',#2660,.T.);
#3353=FACE_BOUND('',#2661,.T.);
#3354=FACE_BOUND('',#2662,.T.);
#3355=FACE_BOUND('',#2663,.T.);
#3356=FACE_BOUND('',#2664,.T.);
#3357=FACE_BOUND('',#2665,.T.);
#3358=FACE_BOUND('',#2666,.T.);
#3359=FACE_BOUND('',#2667,.T.);
#3360=FACE_BOUND('',#2668,.T.);
#3361=FACE_BOUND('',#2669,.T.);
#3362=FACE_BOUND('',#2670,.T.);
#3363=FACE_BOUND('',#2671,.T.);
#3364=FACE_BOUND('',#2672,.T.);
#3365=FACE_BOUND('',#2673,.T.);
#3366=FACE_BOUND('',#2674,.T.);
#3367=FACE_BOUND('',#2675,.T.);
#3368=FACE_BOUND('',#2676,.T.);
#3369=FACE_BOUND('',#2677,.T.);
#3370=FACE_BOUND('',#2678,.T.);
#3371=FACE_BOUND('',#2679,.T.);
#3372=FACE_BOUND('',#2680,.T.);
#3373=FACE_BOUND('',#2681,.T.);
#3374=FACE_BOUND('',#2682,.T.);
#3375=FACE_BOUND('',#2683,.T.);
#3376=FACE_BOUND('',#2684,.T.);
#3377=FACE_BOUND('',#2685,.T.);
#3378=FACE_BOUND('',#2686,.T.);
#3379=FACE_BOUND('',#2687,.T.);
#3380=FACE_BOUND('',#2688,.T.);
#3381=FACE_BOUND('',#2689,.T.);
#3382=FACE_BOUND('',#2690,.T.);
#3383=FACE_BOUND('',#2691,.T.);
#3384=FACE_BOUND('',#2692,.T.);
#3385=FACE_BOUND('',#2693,.T.);
#3386=FACE_BOUND('',#2694,.T.);
#3387=FACE_BOUND('',#2695,.T.);
#3388=FACE_BOUND('',#2696,.T.);
#3389=FACE_BOUND('',#2697,.T.);
#3390=FACE_BOUND('',#2698,.T.);
#3391=FACE_BOUND('',#2699,.T.);
#3392=FACE_BOUND('',#2700,.T.);
#3393=FACE_BOUND('',#2701,.T.);
#3394=FACE_BOUND('',#2702,.T.);
#3395=FACE_BOUND('',#2703,.T.);
#3396=FACE_BOUND('',#2704,.T.);
#3397=FACE_BOUND('',#2705,.T.);
#3398=FACE_BOUND('',#2706,.T.);
#3399=FACE_BOUND('',#2707,.T.);
#3400=FACE_BOUND('',#2708,.T.);
#3401=FACE_BOUND('',#2709,.T.);
#3402=FACE_BOUND('',#2710,.T.);
#3403=FACE_BOUND('',#2711,.T.);
#3404=FACE_BOUND('',#2712,.T.);
#3405=FACE_BOUND('',#2713,.T.);
#3406=FACE_BOUND('',#2714,.T.);
#3407=FACE_BOUND('',#2715,.T.);
#3408=FACE_BOUND('',#2716,.T.);
#3409=FACE_BOUND('',#2717,.T.);
#3410=FACE_BOUND('',#2718,.T.);
#3411=FACE_BOUND('',#2719,.T.);
#3412=FACE_BOUND('',#2720,.T.);
#3413=FACE_BOUND('',#2721,.T.);
#3414=FACE_BOUND('',#2722,.T.);
#3415=FACE_BOUND('',#2723,.T.);
#3416=FACE_BOUND('',#2724,.T.);
#3417=FACE_BOUND('',#2725,.T.);
#3418=FACE_BOUND('',#2726,.T.);
#3419=FACE_BOUND('',#2727,.T.);
#3420=FACE_BOUND('',#2728,.T.);
#3421=FACE_BOUND('',#2729,.T.);
#3422=FACE_BOUND('',#2730,.T.);
#3423=FACE_BOUND('',#2731,.T.);
#3424=FACE_BOUND('',#2732,.T.);
#3425=FACE_BOUND('',#2733,.T.);
#3426=FACE_BOUND('',#2734,.T.);
#3427=FACE_BOUND('',#2735,.T.);
#3428=FACE_BOUND('',#2736,.T.);
#3429=FACE_BOUND('',#2737,.T.);
#3430=FACE_BOUND('',#2738,.T.);
#3431=FACE_BOUND('',#2739,.T.);
#3432=FACE_BOUND('',#2740,.T.);
#3433=FACE_BOUND('',#2741,.T.);
#3434=FACE_BOUND('',#2742,.T.);
#3435=FACE_BOUND('',#2743,.T.);
#3436=FACE_BOUND('',#2744,.T.);
#3437=FACE_BOUND('',#2745,.T.);
#3438=FACE_BOUND('',#2746,.T.);
#3439=FACE_BOUND('',#2747,.T.);
#3440=FACE_BOUND('',#2748,.T.);
#3441=FACE_BOUND('',#2749,.T.);
#3442=FACE_BOUND('',#2750,.T.);
#3443=FACE_BOUND('',#2751,.T.);
#3444=FACE_BOUND('',#2752,.T.);
#3445=FACE_BOUND('',#2753,.T.);
#3446=FACE_BOUND('',#2754,.T.);
#3447=FACE_BOUND('',#2755,.T.);
#3448=SPHERICAL_SURFACE('',#3833,3.68539614561028);
#3449=SPHERICAL_SURFACE('',#3834,3.68539614561028);
#3450=SPHERICAL_SURFACE('',#3835,3.68539614561028);
#3451=SPHERICAL_SURFACE('',#3836,3.68539614561028);
#3452=SPHERICAL_SURFACE('',#3837,3.68539614561028);
#3453=SPHERICAL_SURFACE('',#3838,3.68539614561028);
#3454=SPHERICAL_SURFACE('',#3839,3.68539614561028);
#3455=SPHERICAL_SURFACE('',#3892,26.);
#3456=SPHERICAL_SURFACE('',#4088,3.68539614561028);
#3457=SPHERICAL_SURFACE('',#4128,26.);
#3458=SPHERICAL_SURFACE('',#4171,1.1063829787234);
#3459=SPHERICAL_SURFACE('',#4177,1.1063829787234);
#3460=SPHERICAL_SURFACE('',#4182,1.1063829787234);
#3461=SPHERICAL_SURFACE('',#4189,1.1063829787234);
#3462=SPHERICAL_SURFACE('',#4203,1.1063829787234);
#3463=SPHERICAL_SURFACE('',#4205,1.1063829787234);
#3464=SPHERICAL_SURFACE('',#4215,1.1063829787234);
#3465=SPHERICAL_SURFACE('',#4217,1.1063829787234);
#3466=SPHERICAL_SURFACE('',#4226,1.1063829787234);
#3467=SPHERICAL_SURFACE('',#4232,1.1063829787234);
#3468=SPHERICAL_SURFACE('',#4237,1.1063829787234);
#3469=SPHERICAL_SURFACE('',#4243,1.1063829787234);
#3470=ADVANCED_FACE('',(#3182),#3448,.T.);
#3471=ADVANCED_FACE('',(#3183),#3449,.T.);
#3472=ADVANCED_FACE('',(#3184),#3450,.T.);
#3473=ADVANCED_FACE('',(#3185),#3451,.T.);
#3474=ADVANCED_FACE('',(#3186),#3452,.T.);
#3475=ADVANCED_FACE('',(#3187),#3453,.T.);
#3476=ADVANCED_FACE('',(#3188),#3454,.T.);
#3477=ADVANCED_FACE('',(#3189),#2756,.T.);
#3478=ADVANCED_FACE('',(#3190),#2757,.T.);
#3479=ADVANCED_FACE('',(#3191),#2758,.T.);
#3480=ADVANCED_FACE('',(#3192,#3193),#183,.F.);
#3481=ADVANCED_FACE('',(#3194,#3195),#136,.T.);
#3482=ADVANCED_FACE('',(#3196,#3197),#184,.F.);
#3483=ADVANCED_FACE('',(#3198),#2759,.T.);
#3484=ADVANCED_FACE('',(#3199,#3200),#2760,.F.);
#3485=ADVANCED_FACE('',(#3201,#3202),#185,.F.);
#3486=ADVANCED_FACE('',(#3203),#186,.F.);
#3487=ADVANCED_FACE('',(#3204),#187,.F.);
#3488=ADVANCED_FACE('',(#3205),#188,.F.);
#3489=ADVANCED_FACE('',(#3206),#189,.F.);
#3490=ADVANCED_FACE('',(#3207),#190,.F.);
#3491=ADVANCED_FACE('',(#3208),#191,.F.);
#3492=ADVANCED_FACE('',(#3209),#192,.F.);
#3493=ADVANCED_FACE('',(#3210),#193,.F.);
#3494=ADVANCED_FACE('',(#3211),#194,.F.);
#3495=ADVANCED_FACE('',(#3212),#195,.F.);
#3496=ADVANCED_FACE('',(#3213),#196,.F.);
#3497=ADVANCED_FACE('',(#3214),#197,.F.);
#3498=ADVANCED_FACE('',(#3215),#137,.T.);
#3499=ADVANCED_FACE('',(#3216),#138,.T.);
#3500=ADVANCED_FACE('',(#3217),#139,.T.);
#3501=ADVANCED_FACE('',(#3218),#140,.T.);
#3502=ADVANCED_FACE('',(#3219),#141,.T.);
#3503=ADVANCED_FACE('',(#3220),#142,.T.);
#3504=ADVANCED_FACE('',(#3221),#143,.T.);
#3505=ADVANCED_FACE('',(#3222),#144,.T.);
#3506=ADVANCED_FACE('',(#3223,#3224),#198,.F.);
#3507=ADVANCED_FACE('',(#3225,#3226),#3455,.T.);
#3508=ADVANCED_FACE('',(#3227,#3228),#199,.F.);
#3509=ADVANCED_FACE('',(#3229,#3230),#2761,.F.);
#3510=ADVANCED_FACE('',(#3231,#3232),#30,.F.);
#3511=ADVANCED_FACE('',(#3233,#3234),#2762,.F.);
#3512=ADVANCED_FACE('',(#3235,#3236),#200,.T.);
#3513=ADVANCED_FACE('',(#3237,#3238),#2763,.T.);
#3514=ADVANCED_FACE('',(#3239,#3240),#31,.F.);
#3515=ADVANCED_FACE('',(#3241,#3242),#2764,.T.);
#3516=ADVANCED_FACE('',(#3243,#3244),#201,.T.);
#3517=ADVANCED_FACE('',(#3245,#3246),#145,.F.);
#3518=ADVANCED_FACE('',(#3247,#3248),#146,.T.);
#3519=ADVANCED_FACE('',(#3249),#147,.F.);
#3520=ADVANCED_FACE('',(#3250),#148,.F.);
#3521=ADVANCED_FACE('',(#3251),#149,.T.);
#3522=ADVANCED_FACE('',(#3252),#150,.T.);
#3523=ADVANCED_FACE('',(#3253),#151,.T.);
#3524=ADVANCED_FACE('',(#3254),#152,.T.);
#3525=ADVANCED_FACE('',(#3255),#153,.F.);
#3526=ADVANCED_FACE('',(#3256),#154,.T.);
#3527=ADVANCED_FACE('',(#3257),#155,.T.);
#3528=ADVANCED_FACE('',(#3258),#156,.F.);
#3529=ADVANCED_FACE('',(#3259),#157,.T.);
#3530=ADVANCED_FACE('',(#3260),#158,.T.);
#3531=ADVANCED_FACE('',(#3261),#202,.F.);
#3532=ADVANCED_FACE('',(#3262),#203,.F.);
#3533=ADVANCED_FACE('',(#3263),#159,.F.);
#3534=ADVANCED_FACE('',(#3264),#160,.T.);
#3535=ADVANCED_FACE('',(#3265),#161,.T.);
#3536=ADVANCED_FACE('',(#3266),#162,.F.);
#3537=ADVANCED_FACE('',(#3267),#163,.T.);
#3538=ADVANCED_FACE('',(#3268),#164,.T.);
#3539=ADVANCED_FACE('',(#3269),#165,.F.);
#3540=ADVANCED_FACE('',(#3270),#166,.T.);
#3541=ADVANCED_FACE('',(#3271),#167,.T.);
#3542=ADVANCED_FACE('',(#3272),#204,.F.);
#3543=ADVANCED_FACE('',(#3273),#205,.F.);
#3544=ADVANCED_FACE('',(#3274),#168,.F.);
#3545=ADVANCED_FACE('',(#3275),#169,.T.);
#3546=ADVANCED_FACE('',(#3276),#170,.T.);
#3547=ADVANCED_FACE('',(#3277),#171,.F.);
#3548=ADVANCED_FACE('',(#3278),#172,.T.);
#3549=ADVANCED_FACE('',(#3279),#173,.T.);
#3550=ADVANCED_FACE('',(#3280),#174,.F.);
#3551=ADVANCED_FACE('',(#3281),#175,.T.);
#3552=ADVANCED_FACE('',(#3282),#176,.T.);
#3553=ADVANCED_FACE('',(#3283),#206,.F.);
#3554=ADVANCED_FACE('',(#3284),#207,.F.);
#3555=ADVANCED_FACE('',(#3285),#177,.F.);
#3556=ADVANCED_FACE('',(#3286),#178,.T.);
#3557=ADVANCED_FACE('',(#3287),#179,.T.);
#3558=ADVANCED_FACE('',(#3288),#180,.F.);
#3559=ADVANCED_FACE('',(#3289),#181,.T.);
#3560=ADVANCED_FACE('',(#3290),#182,.T.);
#3561=ADVANCED_FACE('',(#3291),#208,.F.);
#3562=ADVANCED_FACE('',(#3292),#209,.F.);
#3563=ADVANCED_FACE('',(#3293,#3294),#210,.T.);
#3564=ADVANCED_FACE('',(#3295,#3296),#2765,.F.);
#3565=ADVANCED_FACE('',(#3297,#3298),#211,.T.);
#3566=ADVANCED_FACE('',(#3299),#212,.F.);
#3567=ADVANCED_FACE('',(#3300),#213,.F.);
#3568=ADVANCED_FACE('',(#3301),#214,.F.);
#3569=ADVANCED_FACE('',(#3302),#215,.F.);
#3570=ADVANCED_FACE('',(#3303),#2766,.T.);
#3571=ADVANCED_FACE('',(#3304),#216,.T.);
#3572=ADVANCED_FACE('',(#3305),#2767,.T.);
#3573=ADVANCED_FACE('',(#3306),#217,.T.);
#3574=ADVANCED_FACE('',(#3307),#218,.T.);
#3575=ADVANCED_FACE('',(#3308),#219,.T.);
#3576=ADVANCED_FACE('',(#3309),#2768,.T.);
#3577=ADVANCED_FACE('',(#3310),#220,.T.);
#3578=ADVANCED_FACE('',(#3311),#221,.T.);
#3579=ADVANCED_FACE('',(#3312),#2769,.T.);
#3580=ADVANCED_FACE('',(#3313),#2770,.T.);
#3581=ADVANCED_FACE('',(#3314),#222,.T.);
#3582=ADVANCED_FACE('',(#3315),#2771,.T.);
#3583=ADVANCED_FACE('',(#3316),#223,.T.);
#3584=ADVANCED_FACE('',(#3317),#224,.T.);
#3585=ADVANCED_FACE('',(#3318),#225,.T.);
#3586=ADVANCED_FACE('',(#3319),#2772,.T.);
#3587=ADVANCED_FACE('',(#3320),#226,.T.);
#3588=ADVANCED_FACE('',(#3321),#227,.T.);
#3589=ADVANCED_FACE('',(#3322),#2773,.T.);
#3590=ADVANCED_FACE('',(#3323),#2774,.T.);
#3591=ADVANCED_FACE('',(#3324),#228,.T.);
#3592=ADVANCED_FACE('',(#3325),#2775,.T.);
#3593=ADVANCED_FACE('',(#3326),#229,.T.);
#3594=ADVANCED_FACE('',(#3327),#230,.T.);
#3595=ADVANCED_FACE('',(#3328),#231,.T.);
#3596=ADVANCED_FACE('',(#3329),#2776,.T.);
#3597=ADVANCED_FACE('',(#3330),#232,.T.);
#3598=ADVANCED_FACE('',(#3331),#233,.T.);
#3599=ADVANCED_FACE('',(#3332),#2777,.T.);
#3600=ADVANCED_FACE('',(#3333),#2778,.T.);
#3601=ADVANCED_FACE('',(#3334),#234,.T.);
#3602=ADVANCED_FACE('',(#3335),#2779,.T.);
#3603=ADVANCED_FACE('',(#3336),#235,.T.);
#3604=ADVANCED_FACE('',(#3337),#236,.T.);
#3605=ADVANCED_FACE('',(#3338),#237,.T.);
#3606=ADVANCED_FACE('',(#3339),#2780,.T.);
#3607=ADVANCED_FACE('',(#3340),#238,.T.);
#3608=ADVANCED_FACE('',(#3341),#239,.T.);
#3609=ADVANCED_FACE('',(#3342),#2781,.T.);
#3610=ADVANCED_FACE('',(#3343),#3456,.T.);
#3611=ADVANCED_FACE('',(#3344,#3345),#2782,.T.);
#3612=ADVANCED_FACE('',(#3346,#3347),#240,.F.);
#3613=ADVANCED_FACE('',(#3348,#3349),#241,.T.);
#3614=ADVANCED_FACE('',(#3350),#242,.F.);
#3615=ADVANCED_FACE('',(#3351),#243,.F.);
#3616=ADVANCED_FACE('',(#3352),#244,.F.);
#3617=ADVANCED_FACE('',(#3353),#245,.F.);
#3618=ADVANCED_FACE('',(#3354),#246,.F.);
#3619=ADVANCED_FACE('',(#3355),#247,.F.);
#3620=ADVANCED_FACE('',(#3356),#248,.F.);
#3621=ADVANCED_FACE('',(#3357),#249,.F.);
#3622=ADVANCED_FACE('',(#3358),#250,.F.);
#3623=ADVANCED_FACE('',(#3359),#251,.F.);
#3624=ADVANCED_FACE('',(#3360,#3361),#252,.F.);
#3625=ADVANCED_FACE('',(#3362),#253,.F.);
#3626=ADVANCED_FACE('',(#3363),#254,.F.);
#3627=ADVANCED_FACE('',(#3364),#255,.F.);
#3628=ADVANCED_FACE('',(#3365,#3366),#256,.F.);
#3629=ADVANCED_FACE('',(#3367,#3368,#3369),#3457,.F.);
#3630=ADVANCED_FACE('',(#3370,#3371),#32,.F.);
#3631=ADVANCED_FACE('',(#3372,#3373),#2783,.F.);
#3632=ADVANCED_FACE('',(#3374,#3375),#2784,.F.);
#3633=ADVANCED_FACE('',(#3376,#3377),#33,.F.);
#3634=ADVANCED_FACE('',(#3378),#257,.T.);
#3635=ADVANCED_FACE('',(#3379),#258,.T.);
#3636=ADVANCED_FACE('',(#3380),#259,.T.);
#3637=ADVANCED_FACE('',(#3381),#260,.F.);
#3638=ADVANCED_FACE('',(#3382),#261,.F.);
#3639=ADVANCED_FACE('',(#3383),#262,.F.);
#3640=ADVANCED_FACE('',(#3384),#2785,.T.);
#3641=ADVANCED_FACE('',(#3385),#2786,.T.);
#3642=ADVANCED_FACE('',(#3386,#3387),#2787,.F.);
#3643=ADVANCED_FACE('',(#3388),#2788,.T.);
#3644=ADVANCED_FACE('',(#3389),#2789,.T.);
#3645=ADVANCED_FACE('',(#3390),#2790,.T.);
#3646=ADVANCED_FACE('',(#3391),#2791,.T.);
#3647=ADVANCED_FACE('',(#3392),#2792,.T.);
#3648=ADVANCED_FACE('',(#3393),#3458,.T.);
#3649=ADVANCED_FACE('',(#3394),#2793,.T.);
#3650=ADVANCED_FACE('',(#3395),#2794,.T.);
#3651=ADVANCED_FACE('',(#3396),#3459,.T.);
#3652=ADVANCED_FACE('',(#3397),#2795,.T.);
#3653=ADVANCED_FACE('',(#3398),#2796,.T.);
#3654=ADVANCED_FACE('',(#3399),#3460,.T.);
#3655=ADVANCED_FACE('',(#3400),#2797,.T.);
#3656=ADVANCED_FACE('',(#3401),#2798,.T.);
#3657=ADVANCED_FACE('',(#3402),#3461,.T.);
#3658=ADVANCED_FACE('',(#3403),#2799,.T.);
#3659=ADVANCED_FACE('',(#3404),#2800,.T.);
#3660=ADVANCED_FACE('',(#3405),#2801,.T.);
#3661=ADVANCED_FACE('',(#3406),#2802,.T.);
#3662=ADVANCED_FACE('',(#3407),#2803,.T.);
#3663=ADVANCED_FACE('',(#3408),#2804,.T.);
#3664=ADVANCED_FACE('',(#3409),#3462,.T.);
#3665=ADVANCED_FACE('',(#3410),#3463,.T.);
#3666=ADVANCED_FACE('',(#3411),#2805,.T.);
#3667=ADVANCED_FACE('',(#3412),#2806,.T.);
#3668=ADVANCED_FACE('',(#3413),#34,.T.);
#3669=ADVANCED_FACE('',(#3414),#35,.T.);
#3670=ADVANCED_FACE('',(#3415),#2807,.T.);
#3671=ADVANCED_FACE('',(#3416),#2808,.T.);
#3672=ADVANCED_FACE('',(#3417),#3464,.T.);
#3673=ADVANCED_FACE('',(#3418),#3465,.T.);
#3674=ADVANCED_FACE('',(#3419),#2809,.T.);
#3675=ADVANCED_FACE('',(#3420),#2810,.F.);
#3676=ADVANCED_FACE('',(#3421),#2811,.F.);
#3677=ADVANCED_FACE('',(#3422),#2812,.F.);
#3678=ADVANCED_FACE('',(#3423),#2813,.F.);
#3679=ADVANCED_FACE('',(#3424),#2814,.T.);
#3680=ADVANCED_FACE('',(#3425),#3466,.T.);
#3681=ADVANCED_FACE('',(#3426),#2815,.T.);
#3682=ADVANCED_FACE('',(#3427),#36,.T.);
#3683=ADVANCED_FACE('',(#3428),#2816,.T.);
#3684=ADVANCED_FACE('',(#3429),#3467,.T.);
#3685=ADVANCED_FACE('',(#3430),#2817,.T.);
#3686=ADVANCED_FACE('',(#3431),#2818,.T.);
#3687=ADVANCED_FACE('',(#3432),#3468,.T.);
#3688=ADVANCED_FACE('',(#3433),#2819,.T.);
#3689=ADVANCED_FACE('',(#3434),#37,.T.);
#3690=ADVANCED_FACE('',(#3435),#2820,.T.);
#3691=ADVANCED_FACE('',(#3436),#3469,.T.);
#3692=ADVANCED_FACE('',(#3437),#2821,.T.);
#3693=ADVANCED_FACE('',(#3438,#3439),#2822,.F.);
#3694=ADVANCED_FACE('',(#3440,#3441),#2823,.T.);
#3695=ADVANCED_FACE('',(#3442,#3443),#263,.T.);
#3696=ADVANCED_FACE('',(#3444,#3445),#2824,.T.);
#3697=ADVANCED_FACE('',(#3446),#264,.T.);
#3698=ADVANCED_FACE('',(#3447),#265,.T.);
#3699=CLOSED_SHELL('',(#3470));
#3700=CLOSED_SHELL('',(#3471));
#3701=CLOSED_SHELL('',(#3472));
#3702=CLOSED_SHELL('',(#3473));
#3703=CLOSED_SHELL('',(#3474));
#3704=CLOSED_SHELL('',(#3475));
#3705=CLOSED_SHELL('',(#3476));
#3706=CLOSED_SHELL('',(#3477,#3478,#3479,#3480,#3481,#3482,#3483,#3484,
#3485,#3486,#3487,#3488,#3489,#3490,#3491,#3492,#3493,#3494,#3495,#3496,
#3497,#3498,#3499,#3500,#3501,#3502,#3503,#3504,#3505));
#3707=CLOSED_SHELL('',(#3506,#3507,#3508,#3509,#3510,#3511));
#3708=CLOSED_SHELL('',(#3512,#3513,#3514,#3515,#3516,#3517,#3518));
#3709=CLOSED_SHELL('',(#3519,#3520,#3521,#3522,#3523,#3524,#3525,#3526,
#3527,#3528,#3529,#3530,#3531,#3532,#3533,#3534,#3535,#3536,#3537,#3538,
#3539,#3540,#3541,#3542,#3543,#3544,#3545,#3546,#3547,#3548,#3549,#3550,
#3551,#3552,#3553,#3554,#3555,#3556,#3557,#3558,#3559,#3560,#3561,#3562,
#3563,#3564,#3565,#3566,#3567,#3568,#3569,#3570,#3571,#3572,#3573,#3574,
#3575,#3576,#3577,#3578,#3579,#3580,#3581,#3582,#3583,#3584,#3585,#3586,
#3587,#3588,#3589,#3590,#3591,#3592,#3593,#3594,#3595,#3596,#3597,#3598,
#3599,#3600,#3601,#3602,#3603,#3604,#3605,#3606,#3607,#3608,#3609));
#3710=CLOSED_SHELL('',(#3610));
#3711=CLOSED_SHELL('',(#3611,#3612,#3613,#3614,#3615,#3616,#3617,#3618,
#3619,#3620,#3621,#3622,#3623,#3624,#3625,#3626,#3627,#3628,#3629,#3630,
#3631,#3632,#3633,#3634,#3635,#3636,#3637,#3638,#3639,#3640,#3641,#3642,
#3643,#3644,#3645,#3646,#3647,#3648,#3649,#3650,#3651,#3652,#3653,#3654,
#3655,#3656,#3657,#3658,#3659,#3660,#3661,#3662,#3663,#3664,#3665,#3666,
#3667,#3668,#3669,#3670,#3671,#3672,#3673,#3674,#3675,#3676,#3677,#3678,
#3679,#3680,#3681,#3682,#3683,#3684,#3685,#3686,#3687,#3688,#3689,#3690,
#3691,#3692,#3693));
#3712=CLOSED_SHELL('',(#3694,#3695,#3696,#3697,#3698));
#3713=STYLED_ITEM('',(#3727),#3812);
#3714=STYLED_ITEM('',(#3728),#3813);
#3715=STYLED_ITEM('',(#3729),#3814);
#3716=STYLED_ITEM('',(#3730),#3815);
#3717=STYLED_ITEM('',(#3731),#3816);
#3718=STYLED_ITEM('',(#3732),#3817);
#3719=STYLED_ITEM('',(#3733),#3818);
#3720=STYLED_ITEM('',(#3734),#3819);
#3721=STYLED_ITEM('',(#3735),#3820);
#3722=STYLED_ITEM('',(#3736),#3821);
#3723=STYLED_ITEM('',(#3737),#3822);
#3724=STYLED_ITEM('',(#3738),#3823);
#3725=STYLED_ITEM('',(#3739),#3824);
#3726=STYLED_ITEM('',(#3740),#3825);
#3727=PRESENTATION_STYLE_ASSIGNMENT((#3741));
#3728=PRESENTATION_STYLE_ASSIGNMENT((#3742));
#3729=PRESENTATION_STYLE_ASSIGNMENT((#3743));
#3730=PRESENTATION_STYLE_ASSIGNMENT((#3744));
#3731=PRESENTATION_STYLE_ASSIGNMENT((#3745));
#3732=PRESENTATION_STYLE_ASSIGNMENT((#3746));
#3733=PRESENTATION_STYLE_ASSIGNMENT((#3747));
#3734=PRESENTATION_STYLE_ASSIGNMENT((#3748));
#3735=PRESENTATION_STYLE_ASSIGNMENT((#3749));
#3736=PRESENTATION_STYLE_ASSIGNMENT((#3750));
#3737=PRESENTATION_STYLE_ASSIGNMENT((#3751));
#3738=PRESENTATION_STYLE_ASSIGNMENT((#3752));
#3739=PRESENTATION_STYLE_ASSIGNMENT((#3753));
#3740=PRESENTATION_STYLE_ASSIGNMENT((#3754));
#3741=SURFACE_STYLE_USAGE(.BOTH.,#3755);
#3742=SURFACE_STYLE_USAGE(.BOTH.,#3756);
#3743=SURFACE_STYLE_USAGE(.BOTH.,#3757);
#3744=SURFACE_STYLE_USAGE(.BOTH.,#3758);
#3745=SURFACE_STYLE_USAGE(.BOTH.,#3759);
#3746=SURFACE_STYLE_USAGE(.BOTH.,#3760);
#3747=SURFACE_STYLE_USAGE(.BOTH.,#3761);
#3748=SURFACE_STYLE_USAGE(.BOTH.,#3762);
#3749=SURFACE_STYLE_USAGE(.BOTH.,#3763);
#3750=SURFACE_STYLE_USAGE(.BOTH.,#3764);
#3751=SURFACE_STYLE_USAGE(.BOTH.,#3765);
#3752=SURFACE_STYLE_USAGE(.BOTH.,#3766);
#3753=SURFACE_STYLE_USAGE(.BOTH.,#3767);
#3754=SURFACE_STYLE_USAGE(.BOTH.,#3768);
#3755=SURFACE_SIDE_STYLE('',(#3769));
#3756=SURFACE_SIDE_STYLE('',(#3770));
#3757=SURFACE_SIDE_STYLE('',(#3771));
#3758=SURFACE_SIDE_STYLE('',(#3772));
#3759=SURFACE_SIDE_STYLE('',(#3773));
#3760=SURFACE_SIDE_STYLE('',(#3774));
#3761=SURFACE_SIDE_STYLE('',(#3775));
#3762=SURFACE_SIDE_STYLE('',(#3776));
#3763=SURFACE_SIDE_STYLE('',(#3777));
#3764=SURFACE_SIDE_STYLE('',(#3778));
#3765=SURFACE_SIDE_STYLE('',(#3779));
#3766=SURFACE_SIDE_STYLE('',(#3780));
#3767=SURFACE_SIDE_STYLE('',(#3781));
#3768=SURFACE_SIDE_STYLE('',(#3782));
#3769=SURFACE_STYLE_FILL_AREA(#3783);
#3770=SURFACE_STYLE_FILL_AREA(#3784);
#3771=SURFACE_STYLE_FILL_AREA(#3785);
#3772=SURFACE_STYLE_FILL_AREA(#3786);
#3773=SURFACE_STYLE_FILL_AREA(#3787);
#3774=SURFACE_STYLE_FILL_AREA(#3788);
#3775=SURFACE_STYLE_FILL_AREA(#3789);
#3776=SURFACE_STYLE_FILL_AREA(#3790);
#3777=SURFACE_STYLE_FILL_AREA(#3791);
#3778=SURFACE_STYLE_FILL_AREA(#3792);
#3779=SURFACE_STYLE_FILL_AREA(#3793);
#3780=SURFACE_STYLE_FILL_AREA(#3794);
#3781=SURFACE_STYLE_FILL_AREA(#3795);
#3782=SURFACE_STYLE_FILL_AREA(#3796);
#3783=FILL_AREA_STYLE('',(#3797));
#3784=FILL_AREA_STYLE('',(#3798));
#3785=FILL_AREA_STYLE('',(#3799));
#3786=FILL_AREA_STYLE('',(#3800));
#3787=FILL_AREA_STYLE('',(#3801));
#3788=FILL_AREA_STYLE('',(#3802));
#3789=FILL_AREA_STYLE('',(#3803));
#3790=FILL_AREA_STYLE('',(#3804));
#3791=FILL_AREA_STYLE('',(#3805));
#3792=FILL_AREA_STYLE('',(#3806));
#3793=FILL_AREA_STYLE('',(#3807));
#3794=FILL_AREA_STYLE('',(#3808));
#3795=FILL_AREA_STYLE('',(#3809));
#3796=FILL_AREA_STYLE('',(#3810));
#3797=FILL_AREA_STYLE_COLOUR('',#3811);
#3798=FILL_AREA_STYLE_COLOUR('',#3811);
#3799=FILL_AREA_STYLE_COLOUR('',#3811);
#3800=FILL_AREA_STYLE_COLOUR('',#3811);
#3801=FILL_AREA_STYLE_COLOUR('',#3811);
#3802=FILL_AREA_STYLE_COLOUR('',#3811);
#3803=FILL_AREA_STYLE_COLOUR('',#3811);
#3804=FILL_AREA_STYLE_COLOUR('',#3811);
#3805=FILL_AREA_STYLE_COLOUR('',#3811);
#3806=FILL_AREA_STYLE_COLOUR('',#3811);
#3807=FILL_AREA_STYLE_COLOUR('',#3811);
#3808=FILL_AREA_STYLE_COLOUR('',#3811);
#3809=FILL_AREA_STYLE_COLOUR('',#3811);
#3810=FILL_AREA_STYLE_COLOUR('',#3811);
#3811=COLOUR_RGB('',0.506983280181885,0.531564235687256,0.550000011920929);
#3812=MANIFOLD_SOLID_BREP('',#3699);
#3813=MANIFOLD_SOLID_BREP('',#3700);
#3814=MANIFOLD_SOLID_BREP('',#3701);
#3815=MANIFOLD_SOLID_BREP('',#3702);
#3816=MANIFOLD_SOLID_BREP('',#3703);
#3817=MANIFOLD_SOLID_BREP('',#3704);
#3818=MANIFOLD_SOLID_BREP('',#3705);
#3819=MANIFOLD_SOLID_BREP('',#3706);
#3820=MANIFOLD_SOLID_BREP('',#3707);
#3821=MANIFOLD_SOLID_BREP('',#3708);
#3822=MANIFOLD_SOLID_BREP('',#3709);
#3823=MANIFOLD_SOLID_BREP('',#3710);
#3824=MANIFOLD_SOLID_BREP('',#3711);
#3825=MANIFOLD_SOLID_BREP('',#3712);
#3826=SHAPE_DEFINITION_REPRESENTATION(#6770,#3829);
#3827=SHAPE_DEFINITION_REPRESENTATION(#6769,#3830);
#3828=SHAPE_DEFINITION_REPRESENTATION(#6772,#3831);
#3829=SHAPE_REPRESENTATION('UK+H\X2\74038F74627F\X0\',(#3832),#6761);
#3830=SHAPE_REPRESENTATION(
'UKT+H\X2\752FFE3D7CA6936769409A877EF10443757E6FC26940E63B941E51AE6F70941E51AD917193B5\X0\?',
(#3832,#4089,#4256),#6760);
#3831=SHAPE_REPRESENTATION('T\X2\94F890206ED157575EA7\X0\',(#3832),#6762);
#3832=AXIS2_PLACEMENT_3D('',#5341,#4257,#4258);
#3833=AXIS2_PLACEMENT_3D('',#5342,#4259,#4260);
#3834=AXIS2_PLACEMENT_3D('',#5344,#4261,#4262);
#3835=AXIS2_PLACEMENT_3D('',#5346,#4263,#4264);
#3836=AXIS2_PLACEMENT_3D('',#5348,#4265,#4266);
#3837=AXIS2_PLACEMENT_3D('',#5350,#4267,#4268);
#3838=AXIS2_PLACEMENT_3D('',#5352,#4269,#4270);
#3839=AXIS2_PLACEMENT_3D('',#5354,#4271,#4272);
#3840=AXIS2_PLACEMENT_3D('',#5356,#4273,#4274);
#3841=AXIS2_PLACEMENT_3D('',#5360,#4276,#4277);
#3842=AXIS2_PLACEMENT_3D('',#5364,#4279,#4280);
#3843=AXIS2_PLACEMENT_3D('',#5365,#4281,#4282);
#3844=AXIS2_PLACEMENT_3D('',#5369,#4284,#4285);
#3845=AXIS2_PLACEMENT_3D('',#5373,#4287,#4288);
#3846=AXIS2_PLACEMENT_3D('',#5374,#4289,#4290);
#3847=AXIS2_PLACEMENT_3D('',#5378,#4292,#4293);
#3848=AXIS2_PLACEMENT_3D('',#5382,#4295,#4296);
#3849=AXIS2_PLACEMENT_3D('',#5383,#4297,#4298);
#3850=AXIS2_PLACEMENT_3D('',#5384,#4299,#4300);
#3851=AXIS2_PLACEMENT_3D('',#5389,#4302,#4303);
#3852=AXIS2_PLACEMENT_3D('',#5397,#4307,#4308);
#3853=AXIS2_PLACEMENT_3D('',#5405,#4312,#4313);
#3854=AXIS2_PLACEMENT_3D('',#5413,#4317,#4318);
#3855=AXIS2_PLACEMENT_3D('',#5418,#4321,#4322);
#3856=AXIS2_PLACEMENT_3D('',#5419,#4323,#4324);
#3857=AXIS2_PLACEMENT_3D('',#5421,#4325,#4326);
#3858=AXIS2_PLACEMENT_3D('',#5423,#4327,#4328);
#3859=AXIS2_PLACEMENT_3D('',#5427,#4330,#4331);
#3860=AXIS2_PLACEMENT_3D('',#5435,#4335,#4336);
#3861=AXIS2_PLACEMENT_3D('',#5443,#4340,#4341);
#3862=AXIS2_PLACEMENT_3D('',#5451,#4345,#4346);
#3863=AXIS2_PLACEMENT_3D('',#5456,#4349,#4350);
#3864=AXIS2_PLACEMENT_3D('',#5460,#4352,#4353);
#3865=AXIS2_PLACEMENT_3D('',#5464,#4355,#4356);
#3866=AXIS2_PLACEMENT_3D('',#5465,#4357,#4358);
#3867=AXIS2_PLACEMENT_3D('',#5466,#4359,#4360);
#3868=AXIS2_PLACEMENT_3D('',#5468,#4361,#4362);
#3869=AXIS2_PLACEMENT_3D('',#5469,#4363,#4364);
#3870=AXIS2_PLACEMENT_3D('',#5472,#4367,#4368);
#3871=AXIS2_PLACEMENT_3D('',#5481,#4369,#4370);
#3872=AXIS2_PLACEMENT_3D('',#5490,#4371,#4372);
#3873=AXIS2_PLACEMENT_3D('',#5493,#4375,#4376);
#3874=AXIS2_PLACEMENT_3D('',#5502,#4377,#4378);
#3875=AXIS2_PLACEMENT_3D('',#5511,#4379,#4380);
#3876=AXIS2_PLACEMENT_3D('',#5514,#4383,#4384);
#3877=AXIS2_PLACEMENT_3D('',#5523,#4385,#4386);
#3878=AXIS2_PLACEMENT_3D('',#5532,#4387,#4388);
#3879=AXIS2_PLACEMENT_3D('',#5535,#4391,#4392);
#3880=AXIS2_PLACEMENT_3D('',#5544,#4393,#4394);
#3881=AXIS2_PLACEMENT_3D('',#5553,#4395,#4396);
#3882=AXIS2_PLACEMENT_3D('',#5554,#4397,#4398);
#3883=AXIS2_PLACEMENT_3D('',#5555,#4399,#4400);
#3884=AXIS2_PLACEMENT_3D('',#5556,#4401,#4402);
#3885=AXIS2_PLACEMENT_3D('',#5557,#4403,#4404);
#3886=AXIS2_PLACEMENT_3D('',#5558,#4405,#4406);
#3887=AXIS2_PLACEMENT_3D('',#5559,#4407,#4408);
#3888=AXIS2_PLACEMENT_3D('',#5560,#4409,#4410);
#3889=AXIS2_PLACEMENT_3D('',#5561,#4411,#4412);
#3890=AXIS2_PLACEMENT_3D('',#5562,#4413,#4414);
#3891=AXIS2_PLACEMENT_3D('',#5564,#4415,#4416);
#3892=AXIS2_PLACEMENT_3D('',#5566,#4417,#4418);
#3893=AXIS2_PLACEMENT_3D('',#5567,#4419,#4420);
#3894=AXIS2_PLACEMENT_3D('',#5569,#4421,#4422);
#3895=AXIS2_PLACEMENT_3D('',#5570,#4423,#4424);
#3896=AXIS2_PLACEMENT_3D('',#5572,#4425,#4426);
#3897=AXIS2_PLACEMENT_3D('',#5573,#4427,#4428);
#3898=AXIS2_PLACEMENT_3D('',#5575,#4429,#4430);
#3899=AXIS2_PLACEMENT_3D('',#5576,#4431,#4432);
#3900=AXIS2_PLACEMENT_3D('',#5578,#4433,#4434);
#3901=AXIS2_PLACEMENT_3D('',#5579,#4435,#4436);
#3902=AXIS2_PLACEMENT_3D('',#5580,#4437,#4438);
#3903=AXIS2_PLACEMENT_3D('',#5582,#4439,#4440);
#3904=AXIS2_PLACEMENT_3D('',#5584,#4441,#4442);
#3905=AXIS2_PLACEMENT_3D('',#5585,#4443,#4444);
#3906=AXIS2_PLACEMENT_3D('',#5587,#4445,#4446);
#3907=AXIS2_PLACEMENT_3D('',#5588,#4447,#4448);
#3908=AXIS2_PLACEMENT_3D('',#5590,#4449,#4450);
#3909=AXIS2_PLACEMENT_3D('',#5591,#4451,#4452);
#3910=AXIS2_PLACEMENT_3D('',#5593,#4453,#4454);
#3911=AXIS2_PLACEMENT_3D('',#5594,#4455,#4456);
#3912=AXIS2_PLACEMENT_3D('',#5596,#4457,#4458);
#3913=AXIS2_PLACEMENT_3D('',#5598,#4459,#4460);
#3914=AXIS2_PLACEMENT_3D('',#5599,#4461,#4462);
#3915=AXIS2_PLACEMENT_3D('',#5600,#4463,#4464);
#3916=AXIS2_PLACEMENT_3D('',#5601,#4465,#4466);
#3917=AXIS2_PLACEMENT_3D('',#5609,#4467,#4468);
#3918=AXIS2_PLACEMENT_3D('',#5615,#4469,#4470);
#3919=AXIS2_PLACEMENT_3D('',#5616,#4471,#4472);
#3920=AXIS2_PLACEMENT_3D('',#5624,#4473,#4474);
#3921=AXIS2_PLACEMENT_3D('',#5630,#4475,#4476);
#3922=AXIS2_PLACEMENT_3D('',#5636,#4477,#4478);
#3923=AXIS2_PLACEMENT_3D('',#5642,#4479,#4480);
#3924=AXIS2_PLACEMENT_3D('',#5643,#4481,#4482);
#3925=AXIS2_PLACEMENT_3D('',#5654,#4483,#4484);
#3926=AXIS2_PLACEMENT_3D('',#5660,#4485,#4486);
#3927=AXIS2_PLACEMENT_3D('',#5666,#4487,#4488);
#3928=AXIS2_PLACEMENT_3D('',#5667,#4489,#4490);
#3929=AXIS2_PLACEMENT_3D('',#5678,#4491,#4492);
#3930=AXIS2_PLACEMENT_3D('',#5679,#4493,#4494);
#3931=AXIS2_PLACEMENT_3D('',#5687,#4495,#4496);
#3932=AXIS2_PLACEMENT_3D('',#5693,#4497,#4498);
#3933=AXIS2_PLACEMENT_3D('',#5699,#4499,#4500);
#3934=AXIS2_PLACEMENT_3D('',#5705,#4501,#4502);
#3935=AXIS2_PLACEMENT_3D('',#5711,#4503,#4504);
#3936=AXIS2_PLACEMENT_3D('',#5717,#4505,#4506);
#3937=AXIS2_PLACEMENT_3D('',#5718,#4507,#4508);
#3938=AXIS2_PLACEMENT_3D('',#5726,#4509,#4510);
#3939=AXIS2_PLACEMENT_3D('',#5732,#4511,#4512);
#3940=AXIS2_PLACEMENT_3D('',#5738,#4513,#4514);
#3941=AXIS2_PLACEMENT_3D('',#5744,#4515,#4516);
#3942=AXIS2_PLACEMENT_3D('',#5750,#4517,#4518);
#3943=AXIS2_PLACEMENT_3D('',#5756,#4519,#4520);
#3944=AXIS2_PLACEMENT_3D('',#5765,#4525,#4526);
#3945=AXIS2_PLACEMENT_3D('',#5774,#4531,#4532);
#3946=AXIS2_PLACEMENT_3D('',#5775,#4533,#4534);
#3947=AXIS2_PLACEMENT_3D('',#5783,#4535,#4536);
#3948=AXIS2_PLACEMENT_3D('',#5789,#4537,#4538);
#3949=AXIS2_PLACEMENT_3D('',#5795,#4539,#4540);
#3950=AXIS2_PLACEMENT_3D('',#5801,#4541,#4542);
#3951=AXIS2_PLACEMENT_3D('',#5807,#4543,#4544);
#3952=AXIS2_PLACEMENT_3D('',#5813,#4545,#4546);
#3953=AXIS2_PLACEMENT_3D('',#5814,#4547,#4548);
#3954=AXIS2_PLACEMENT_3D('',#5822,#4549,#4550);
#3955=AXIS2_PLACEMENT_3D('',#5828,#4551,#4552);
#3956=AXIS2_PLACEMENT_3D('',#5834,#4553,#4554);
#3957=AXIS2_PLACEMENT_3D('',#5840,#4555,#4556);
#3958=AXIS2_PLACEMENT_3D('',#5846,#4557,#4558);
#3959=AXIS2_PLACEMENT_3D('',#5852,#4559,#4560);
#3960=AXIS2_PLACEMENT_3D('',#5853,#4561,#4562);
#3961=AXIS2_PLACEMENT_3D('',#5861,#4563,#4564);
#3962=AXIS2_PLACEMENT_3D('',#5867,#4565,#4566);
#3963=AXIS2_PLACEMENT_3D('',#5873,#4567,#4568);
#3964=AXIS2_PLACEMENT_3D('',#5879,#4569,#4570);
#3965=AXIS2_PLACEMENT_3D('',#5885,#4571,#4572);
#3966=AXIS2_PLACEMENT_3D('',#5891,#4573,#4574);
#3967=AXIS2_PLACEMENT_3D('',#5900,#4579,#4580);
#3968=AXIS2_PLACEMENT_3D('',#5909,#4585,#4586);
#3969=AXIS2_PLACEMENT_3D('',#5910,#4587,#4588);
#3970=AXIS2_PLACEMENT_3D('',#5918,#4589,#4590);
#3971=AXIS2_PLACEMENT_3D('',#5924,#4591,#4592);
#3972=AXIS2_PLACEMENT_3D('',#5930,#4593,#4594);
#3973=AXIS2_PLACEMENT_3D('',#5936,#4595,#4596);
#3974=AXIS2_PLACEMENT_3D('',#5942,#4597,#4598);
#3975=AXIS2_PLACEMENT_3D('',#5948,#4599,#4600);
#3976=AXIS2_PLACEMENT_3D('',#5949,#4601,#4602);
#3977=AXIS2_PLACEMENT_3D('',#5957,#4603,#4604);
#3978=AXIS2_PLACEMENT_3D('',#5963,#4605,#4606);
#3979=AXIS2_PLACEMENT_3D('',#5969,#4607,#4608);
#3980=AXIS2_PLACEMENT_3D('',#5975,#4609,#4610);
#3981=AXIS2_PLACEMENT_3D('',#5981,#4611,#4612);
#3982=AXIS2_PLACEMENT_3D('',#5987,#4613,#4614);
#3983=AXIS2_PLACEMENT_3D('',#5988,#4615,#4616);
#3984=AXIS2_PLACEMENT_3D('',#5996,#4617,#4618);
#3985=AXIS2_PLACEMENT_3D('',#6002,#4619,#4620);
#3986=AXIS2_PLACEMENT_3D('',#6008,#4621,#4622);
#3987=AXIS2_PLACEMENT_3D('',#6014,#4623,#4624);
#3988=AXIS2_PLACEMENT_3D('',#6020,#4625,#4626);
#3989=AXIS2_PLACEMENT_3D('',#6026,#4627,#4628);
#3990=AXIS2_PLACEMENT_3D('',#6035,#4633,#4634);
#3991=AXIS2_PLACEMENT_3D('',#6044,#4639,#4640);
#3992=AXIS2_PLACEMENT_3D('',#6045,#4641,#4642);
#3993=AXIS2_PLACEMENT_3D('',#6053,#4643,#4644);
#3994=AXIS2_PLACEMENT_3D('',#6059,#4645,#4646);
#3995=AXIS2_PLACEMENT_3D('',#6065,#4647,#4648);
#3996=AXIS2_PLACEMENT_3D('',#6071,#4649,#4650);
#3997=AXIS2_PLACEMENT_3D('',#6077,#4651,#4652);
#3998=AXIS2_PLACEMENT_3D('',#6083,#4653,#4654);
#3999=AXIS2_PLACEMENT_3D('',#6084,#4655,#4656);
#4000=AXIS2_PLACEMENT_3D('',#6092,#4657,#4658);
#4001=AXIS2_PLACEMENT_3D('',#6098,#4659,#4660);
#4002=AXIS2_PLACEMENT_3D('',#6104,#4661,#4662);
#4003=AXIS2_PLACEMENT_3D('',#6110,#4663,#4664);
#4004=AXIS2_PLACEMENT_3D('',#6116,#4665,#4666);
#4005=AXIS2_PLACEMENT_3D('',#6122,#4667,#4668);
#4006=AXIS2_PLACEMENT_3D('',#6131,#4673,#4674);
#4007=AXIS2_PLACEMENT_3D('',#6140,#4679,#4680);
#4008=AXIS2_PLACEMENT_3D('',#6143,#4682,#4683);
#4009=AXIS2_PLACEMENT_3D('',#6148,#4686,#4687);
#4010=AXIS2_PLACEMENT_3D('',#6150,#4689,#4690);
#4011=AXIS2_PLACEMENT_3D('',#6155,#4693,#4694);
#4012=AXIS2_PLACEMENT_3D('',#6160,#4697,#4698);
#4013=AXIS2_PLACEMENT_3D('',#6165,#4701,#4702);
#4014=AXIS2_PLACEMENT_3D('',#6167,#4704,#4705);
#4015=AXIS2_PLACEMENT_3D('',#6172,#4708,#4709);
#4016=AXIS2_PLACEMENT_3D('',#6177,#4712,#4713);
#4017=AXIS2_PLACEMENT_3D('',#6182,#4716,#4717);
#4018=AXIS2_PLACEMENT_3D('',#6184,#4719,#4720);
#4019=AXIS2_PLACEMENT_3D('',#6189,#4723,#4724);
#4020=AXIS2_PLACEMENT_3D('',#6194,#4727,#4728);
#4021=AXIS2_PLACEMENT_3D('',#6199,#4731,#4732);
#4022=AXIS2_PLACEMENT_3D('',#6201,#4734,#4735);
#4023=AXIS2_PLACEMENT_3D('',#6206,#4738,#4739);
#4024=AXIS2_PLACEMENT_3D('',#6209,#4741,#4742);
#4025=AXIS2_PLACEMENT_3D('',#6211,#4743,#4744);
#4026=AXIS2_PLACEMENT_3D('',#6212,#4745,#4746);
#4027=AXIS2_PLACEMENT_3D('',#6214,#4747,#4748);
#4028=AXIS2_PLACEMENT_3D('',#6216,#4750,#4751);
#4029=AXIS2_PLACEMENT_3D('',#6217,#4752,#4753);
#4030=AXIS2_PLACEMENT_3D('',#6218,#4754,#4755);
#4031=AXIS2_PLACEMENT_3D('',#6219,#4756,#4757);
#4032=AXIS2_PLACEMENT_3D('',#6221,#4759,#4760);
#4033=AXIS2_PLACEMENT_3D('',#6222,#4761,#4762);
#4034=AXIS2_PLACEMENT_3D('',#6223,#4763,#4764);
#4035=AXIS2_PLACEMENT_3D('',#6224,#4765,#4766);
#4036=AXIS2_PLACEMENT_3D('',#6226,#4768,#4769);
#4037=AXIS2_PLACEMENT_3D('',#6227,#4770,#4771);
#4038=AXIS2_PLACEMENT_3D('',#6228,#4772,#4773);
#4039=AXIS2_PLACEMENT_3D('',#6229,#4774,#4775);
#4040=AXIS2_PLACEMENT_3D('',#6231,#4777,#4778);
#4041=AXIS2_PLACEMENT_3D('',#6232,#4779,#4780);
#4042=AXIS2_PLACEMENT_3D('',#6233,#4781,#4782);
#4043=AXIS2_PLACEMENT_3D('',#6234,#4783,#4784);
#4044=AXIS2_PLACEMENT_3D('',#6235,#4785,#4786);
#4045=AXIS2_PLACEMENT_3D('',#6236,#4787,#4788);
#4046=AXIS2_PLACEMENT_3D('',#6237,#4789,#4790);
#4047=AXIS2_PLACEMENT_3D('',#6238,#4791,#4792);
#4048=AXIS2_PLACEMENT_3D('',#6239,#4793,#4794);
#4049=AXIS2_PLACEMENT_3D('',#6241,#4796,#4797);
#4050=AXIS2_PLACEMENT_3D('',#6242,#4798,#4799);
#4051=AXIS2_PLACEMENT_3D('',#6244,#4801,#4802);
#4052=AXIS2_PLACEMENT_3D('',#6245,#4803,#4804);
#4053=AXIS2_PLACEMENT_3D('',#6247,#4806,#4807);
#4054=AXIS2_PLACEMENT_3D('',#6249,#4809,#4810);
#4055=AXIS2_PLACEMENT_3D('',#6250,#4811,#4812);
#4056=AXIS2_PLACEMENT_3D('',#6252,#4814,#4815);
#4057=AXIS2_PLACEMENT_3D('',#6254,#4817,#4818);
#4058=AXIS2_PLACEMENT_3D('',#6255,#4819,#4820);
#4059=AXIS2_PLACEMENT_3D('',#6257,#4822,#4823);
#4060=AXIS2_PLACEMENT_3D('',#6258,#4824,#4825);
#4061=AXIS2_PLACEMENT_3D('',#6260,#4827,#4828);
#4062=AXIS2_PLACEMENT_3D('',#6261,#4829,#4830);
#4063=AXIS2_PLACEMENT_3D('',#6263,#4832,#4833);
#4064=AXIS2_PLACEMENT_3D('',#6265,#4835,#4836);
#4065=AXIS2_PLACEMENT_3D('',#6266,#4837,#4838);
#4066=AXIS2_PLACEMENT_3D('',#6268,#4840,#4841);
#4067=AXIS2_PLACEMENT_3D('',#6270,#4843,#4844);
#4068=AXIS2_PLACEMENT_3D('',#6271,#4845,#4846);
#4069=AXIS2_PLACEMENT_3D('',#6273,#4848,#4849);
#4070=AXIS2_PLACEMENT_3D('',#6274,#4850,#4851);
#4071=AXIS2_PLACEMENT_3D('',#6276,#4853,#4854);
#4072=AXIS2_PLACEMENT_3D('',#6277,#4855,#4856);
#4073=AXIS2_PLACEMENT_3D('',#6279,#4858,#4859);
#4074=AXIS2_PLACEMENT_3D('',#6281,#4861,#4862);
#4075=AXIS2_PLACEMENT_3D('',#6282,#4863,#4864);
#4076=AXIS2_PLACEMENT_3D('',#6284,#4866,#4867);
#4077=AXIS2_PLACEMENT_3D('',#6286,#4869,#4870);
#4078=AXIS2_PLACEMENT_3D('',#6287,#4871,#4872);
#4079=AXIS2_PLACEMENT_3D('',#6289,#4874,#4875);
#4080=AXIS2_PLACEMENT_3D('',#6290,#4876,#4877);
#4081=AXIS2_PLACEMENT_3D('',#6292,#4879,#4880);
#4082=AXIS2_PLACEMENT_3D('',#6293,#4881,#4882);
#4083=AXIS2_PLACEMENT_3D('',#6295,#4884,#4885);
#4084=AXIS2_PLACEMENT_3D('',#6297,#4887,#4888);
#4085=AXIS2_PLACEMENT_3D('',#6298,#4889,#4890);
#4086=AXIS2_PLACEMENT_3D('',#6300,#4892,#4893);
#4087=AXIS2_PLACEMENT_3D('',#6302,#4895,#4896);
#4088=AXIS2_PLACEMENT_3D('',#6303,#4897,#4898);
#4089=AXIS2_PLACEMENT_3D('',#6305,#4899,#4900);
#4090=AXIS2_PLACEMENT_3D('',#6306,#4901,#4902);
#4091=AXIS2_PLACEMENT_3D('',#6310,#4904,#4905);
#4092=AXIS2_PLACEMENT_3D('',#6314,#4907,#4908);
#4093=AXIS2_PLACEMENT_3D('',#6327,#4909,#4910);
#4094=AXIS2_PLACEMENT_3D('',#6328,#4911,#4912);
#4095=AXIS2_PLACEMENT_3D('',#6330,#4913,#4914);
#4096=AXIS2_PLACEMENT_3D('',#6347,#4922,#4923);
#4097=AXIS2_PLACEMENT_3D('',#6351,#4925,#4926);
#4098=AXIS2_PLACEMENT_3D('',#6355,#4928,#4929);
#4099=AXIS2_PLACEMENT_3D('',#6359,#4931,#4932);
#4100=AXIS2_PLACEMENT_3D('',#6374,#4940,#4941);
#4101=AXIS2_PLACEMENT_3D('',#6375,#4942,#4943);
#4102=AXIS2_PLACEMENT_3D('',#6377,#4944,#4945);
#4103=AXIS2_PLACEMENT_3D('',#6394,#4953,#4954);
#4104=AXIS2_PLACEMENT_3D('',#6398,#4956,#4957);
#4105=AXIS2_PLACEMENT_3D('',#6402,#4959,#4960);
#4106=AXIS2_PLACEMENT_3D('',#6406,#4962,#4963);
#4107=AXIS2_PLACEMENT_3D('',#6421,#4971,#4972);
#4108=AXIS2_PLACEMENT_3D('',#6430,#4977,#4978);
#4109=AXIS2_PLACEMENT_3D('',#6447,#4987,#4988);
#4110=AXIS2_PLACEMENT_3D('',#6456,#4993,#4994);
#4111=AXIS2_PLACEMENT_3D('',#6465,#4999,#5000);
#4112=AXIS2_PLACEMENT_3D('',#6479,#5008,#5009);
#4113=AXIS2_PLACEMENT_3D('',#6493,#5017,#5018);
#4114=AXIS2_PLACEMENT_3D('',#6499,#5022,#5023);
#4115=AXIS2_PLACEMENT_3D('',#6508,#5028,#5029);
#4116=AXIS2_PLACEMENT_3D('',#6525,#5038,#5039);
#4117=AXIS2_PLACEMENT_3D('',#6531,#5043,#5044);
#4118=AXIS2_PLACEMENT_3D('',#6532,#5045,#5046);
#4119=AXIS2_PLACEMENT_3D('',#6535,#5048,#5049);
#4120=AXIS2_PLACEMENT_3D('',#6537,#5051,#5052);
#4121=AXIS2_PLACEMENT_3D('',#6538,#5053,#5054);
#4122=AXIS2_PLACEMENT_3D('',#6541,#5057,#5058);
#4123=AXIS2_PLACEMENT_3D('',#6544,#5061,#5062);
#4124=AXIS2_PLACEMENT_3D('',#6547,#5065,#5066);
#4125=AXIS2_PLACEMENT_3D('',#6555,#5070,#5071);
#4126=AXIS2_PLACEMENT_3D('',#6563,#5075,#5076);
#4127=AXIS2_PLACEMENT_3D('',#6564,#5077,#5078);
#4128=AXIS2_PLACEMENT_3D('',#6566,#5079,#5080);
#4129=AXIS2_PLACEMENT_3D('',#6567,#5081,#5082);
#4130=AXIS2_PLACEMENT_3D('',#6569,#5083,#5084);
#4131=AXIS2_PLACEMENT_3D('',#6583,#5085,#5086);
#4132=AXIS2_PLACEMENT_3D('',#6584,#5087,#5088);
#4133=AXIS2_PLACEMENT_3D('',#6586,#5089,#5090);
#4134=AXIS2_PLACEMENT_3D('',#6587,#5091,#5092);
#4135=AXIS2_PLACEMENT_3D('',#6588,#5093,#5094);
#4136=AXIS2_PLACEMENT_3D('',#6590,#5095,#5096);
#4137=AXIS2_PLACEMENT_3D('',#6591,#5097,#5098);
#4138=AXIS2_PLACEMENT_3D('',#6592,#5099,#5100);
#4139=AXIS2_PLACEMENT_3D('',#6594,#5102,#5103);
#4140=AXIS2_PLACEMENT_3D('',#6595,#5104,#5105);
#4141=AXIS2_PLACEMENT_3D('',#6597,#5107,#5108);
#4142=AXIS2_PLACEMENT_3D('',#6598,#5109,#5110);
#4143=AXIS2_PLACEMENT_3D('',#6599,#5111,#5112);
#4144=AXIS2_PLACEMENT_3D('',#6600,#5113,#5114);
#4145=AXIS2_PLACEMENT_3D('',#6601,#5115,#5116);
#4146=AXIS2_PLACEMENT_3D('',#6602,#5117,#5118);
#4147=AXIS2_PLACEMENT_3D('',#6604,#5120,#5121);
#4148=AXIS2_PLACEMENT_3D('',#6606,#5123,#5124);
#4149=AXIS2_PLACEMENT_3D('',#6607,#5125,#5126);
#4150=AXIS2_PLACEMENT_3D('',#6608,#5127,#5128);
#4151=AXIS2_PLACEMENT_3D('',#6609,#5129,#5130);
#4152=AXIS2_PLACEMENT_3D('',#6610,#5131,#5132);
#4153=AXIS2_PLACEMENT_3D('',#6611,#5133,#5134);
#4154=AXIS2_PLACEMENT_3D('',#6612,#5135,#5136);
#4155=AXIS2_PLACEMENT_3D('',#6613,#5137,#5138);
#4156=AXIS2_PLACEMENT_3D('',#6614,#5139,#5140);
#4157=AXIS2_PLACEMENT_3D('',#6615,#5141,#5142);
#4158=AXIS2_PLACEMENT_3D('',#6616,#5143,#5144);
#4159=AXIS2_PLACEMENT_3D('',#6617,#5145,#5146);
#4160=AXIS2_PLACEMENT_3D('',#6618,#5147,#5148);
#4161=AXIS2_PLACEMENT_3D('',#6619,#5149,#5150);
#4162=AXIS2_PLACEMENT_3D('',#6620,#5151,#5152);
#4163=AXIS2_PLACEMENT_3D('',#6621,#5153,#5154);
#4164=AXIS2_PLACEMENT_3D('',#6622,#5155,#5156);
#4165=AXIS2_PLACEMENT_3D('',#6623,#5157,#5158);
#4166=AXIS2_PLACEMENT_3D('',#6624,#5159,#5160);
#4167=AXIS2_PLACEMENT_3D('',#6625,#5161,#5162);
#4168=AXIS2_PLACEMENT_3D('',#6626,#5163,#5164);
#4169=AXIS2_PLACEMENT_3D('',#6627,#5165,#5166);
#4170=AXIS2_PLACEMENT_3D('',#6628,#5167,#5168);
#4171=AXIS2_PLACEMENT_3D('',#6629,#5169,#5170);
#4172=AXIS2_PLACEMENT_3D('',#6630,#5171,#5172);
#4173=AXIS2_PLACEMENT_3D('',#6631,#5173,#5174);
#4174=AXIS2_PLACEMENT_3D('',#6632,#5175,#5176);
#4175=AXIS2_PLACEMENT_3D('',#6633,#5177,#5178);
#4176=AXIS2_PLACEMENT_3D('',#6634,#5179,#5180);
#4177=AXIS2_PLACEMENT_3D('',#6635,#5181,#5182);
#4178=AXIS2_PLACEMENT_3D('',#6636,#5183,#5184);
#4179=AXIS2_PLACEMENT_3D('',#6637,#5185,#5186);
#4180=AXIS2_PLACEMENT_3D('',#6638,#5187,#5188);
#4181=AXIS2_PLACEMENT_3D('',#6639,#5189,#5190);
#4182=AXIS2_PLACEMENT_3D('',#6640,#5191,#5192);
#4183=AXIS2_PLACEMENT_3D('',#6641,#5193,#5194);
#4184=AXIS2_PLACEMENT_3D('',#6642,#5195,#5196);
#4185=AXIS2_PLACEMENT_3D('',#6643,#5197,#5198);
#4186=AXIS2_PLACEMENT_3D('',#6644,#5199,#5200);
#4187=AXIS2_PLACEMENT_3D('',#6645,#5201,#5202);
#4188=AXIS2_PLACEMENT_3D('',#6646,#5203,#5204);
#4189=AXIS2_PLACEMENT_3D('',#6647,#5205,#5206);
#4190=AXIS2_PLACEMENT_3D('',#6648,#5207,#5208);
#4191=AXIS2_PLACEMENT_3D('',#6649,#5209,#5210);
#4192=AXIS2_PLACEMENT_3D('',#6650,#5211,#5212);
#4193=AXIS2_PLACEMENT_3D('',#6651,#5213,#5214);
#4194=AXIS2_PLACEMENT_3D('',#6652,#5215,#5216);
#4195=AXIS2_PLACEMENT_3D('',#6653,#5217,#5218);
#4196=AXIS2_PLACEMENT_3D('',#6654,#5219,#5220);
#4197=AXIS2_PLACEMENT_3D('',#6655,#5221,#5222);
#4198=AXIS2_PLACEMENT_3D('',#6656,#5223,#5224);
#4199=AXIS2_PLACEMENT_3D('',#6657,#5225,#5226);
#4200=AXIS2_PLACEMENT_3D('',#6658,#5227,#5228);
#4201=AXIS2_PLACEMENT_3D('',#6659,#5229,#5230);
#4202=AXIS2_PLACEMENT_3D('',#6660,#5231,#5232);
#4203=AXIS2_PLACEMENT_3D('',#6661,#5233,#5234);
#4204=AXIS2_PLACEMENT_3D('',#6662,#5235,#5236);
#4205=AXIS2_PLACEMENT_3D('',#6663,#5237,#5238);
#4206=AXIS2_PLACEMENT_3D('',#6664,#5239,#5240);
#4207=AXIS2_PLACEMENT_3D('',#6665,#5241,#5242);
#4208=AXIS2_PLACEMENT_3D('',#6671,#5243,#5244);
#4209=AXIS2_PLACEMENT_3D('',#6677,#5245,#5246);
#4210=AXIS2_PLACEMENT_3D('',#6683,#5247,#5248);
#4211=AXIS2_PLACEMENT_3D('',#6689,#5249,#5250);
#4212=AXIS2_PLACEMENT_3D('',#6690,#5251,#5252);
#4213=AXIS2_PLACEMENT_3D('',#6691,#5253,#5254);
#4214=AXIS2_PLACEMENT_3D('',#6692,#5255,#5256);
#4215=AXIS2_PLACEMENT_3D('',#6693,#5257,#5258);
#4216=AXIS2_PLACEMENT_3D('',#6694,#5259,#5260);
#4217=AXIS2_PLACEMENT_3D('',#6695,#5261,#5262);
#4218=AXIS2_PLACEMENT_3D('',#6696,#5263,#5264);
#4219=AXIS2_PLACEMENT_3D('',#6697,#5265,#5266);
#4220=AXIS2_PLACEMENT_3D('',#6698,#5267,#5268);
#4221=AXIS2_PLACEMENT_3D('',#6699,#5269,#5270);
#4222=AXIS2_PLACEMENT_3D('',#6700,#5271,#5272);
#4223=AXIS2_PLACEMENT_3D('',#6701,#5273,#5274);
#4224=AXIS2_PLACEMENT_3D('',#6702,#5275,#5276);
#4225=AXIS2_PLACEMENT_3D('',#6703,#5277,#5278);
#4226=AXIS2_PLACEMENT_3D('',#6704,#5279,#5280);
#4227=AXIS2_PLACEMENT_3D('',#6705,#5281,#5282);
#4228=AXIS2_PLACEMENT_3D('',#6706,#5283,#5284);
#4229=AXIS2_PLACEMENT_3D('',#6712,#5285,#5286);
#4230=AXIS2_PLACEMENT_3D('',#6718,#5287,#5288);
#4231=AXIS2_PLACEMENT_3D('',#6719,#5289,#5290);
#4232=AXIS2_PLACEMENT_3D('',#6720,#5291,#5292);
#4233=AXIS2_PLACEMENT_3D('',#6721,#5293,#5294);
#4234=AXIS2_PLACEMENT_3D('',#6722,#5295,#5296);
#4235=AXIS2_PLACEMENT_3D('',#6723,#5297,#5298);
#4236=AXIS2_PLACEMENT_3D('',#6724,#5299,#5300);
#4237=AXIS2_PLACEMENT_3D('',#6725,#5301,#5302);
#4238=AXIS2_PLACEMENT_3D('',#6726,#5303,#5304);
#4239=AXIS2_PLACEMENT_3D('',#6727,#5305,#5306);
#4240=AXIS2_PLACEMENT_3D('',#6733,#5307,#5308);
#4241=AXIS2_PLACEMENT_3D('',#6739,#5309,#5310);
#4242=AXIS2_PLACEMENT_3D('',#6740,#5311,#5312);
#4243=AXIS2_PLACEMENT_3D('',#6741,#5313,#5314);
#4244=AXIS2_PLACEMENT_3D('',#6742,#5315,#5316);
#4245=AXIS2_PLACEMENT_3D('',#6743,#5317,#5318);
#4246=AXIS2_PLACEMENT_3D('',#6744,#5319,#5320);
#4247=AXIS2_PLACEMENT_3D('',#6745,#5321,#5322);
#4248=AXIS2_PLACEMENT_3D('',#6746,#5323,#5324);
#4249=AXIS2_PLACEMENT_3D('',#6748,#5325,#5326);
#4250=AXIS2_PLACEMENT_3D('',#6750,#5327,#5328);
#4251=AXIS2_PLACEMENT_3D('',#6751,#5329,#5330);
#4252=AXIS2_PLACEMENT_3D('',#6753,#5331,#5332);
#4253=AXIS2_PLACEMENT_3D('',#6754,#5333,#5334);
#4254=AXIS2_PLACEMENT_3D('',#6756,#5335,#5336);
#4255=AXIS2_PLACEMENT_3D('',#6757,#5337,#5338);
#4256=AXIS2_PLACEMENT_3D('',#6758,#5339,#5340);
#4257=DIRECTION('',(0.,0.,1.));
#4258=DIRECTION('',(1.,0.,0.));
#4259=DIRECTION('',(-0.707106781186548,-7.60008922825827E-17,0.707106781186547));
#4260=DIRECTION('',(-2.31255874636832E-17,1.,8.4355905154802E-17));
#4261=DIRECTION('',(-1.,-5.80669474450606E-17,-1.60812264967664E-16));
#4262=DIRECTION('',(-5.80669474450606E-17,1.,-1.91844634109969E-32));
#4263=DIRECTION('',(-0.707106781186547,-7.60008922825827E-17,-0.707106781186548));
#4264=DIRECTION('',(-2.31255874636831E-17,1.,-8.4355905154802E-17));
#4265=DIRECTION('',(-1.22464679914735E-16,-1.19297265136179E-16,-1.));
#4266=DIRECTION('',(6.12303176911189E-17,1.,-1.19297265136179E-16));
#4267=DIRECTION('',(0.707106781186547,-1.62593637989776E-16,-0.707106781186548));
#4268=DIRECTION('',(1.45586222845921E-16,1.,-8.4355905154802E-17));
#4269=DIRECTION('',(1.,-1.80527582827298E-16,-1.83697019872103E-16));
#4270=DIRECTION('',(1.80527582827298E-16,1.,-2.19145520844083E-32));
#4271=DIRECTION('',(0.707106781186548,-1.62593637989776E-16,0.707106781186547));
#4272=DIRECTION('',(1.45586222845921E-16,1.,8.4355905154802E-17));
#4273=DIRECTION('',(-6.12303176911189E-17,-1.,5.02818398833857E-17));
#4274=DIRECTION('',(1.,-6.12303176911189E-17,0.));
#4275=DIRECTION('',(-6.12303176911189E-17,-1.,5.02818398833857E-17));
#4276=DIRECTION('',(-6.1230317691119E-17,-1.,5.02818398833858E-17));
#4277=DIRECTION('',(1.,-6.1230317691119E-17,0.));
#4278=DIRECTION('',(-6.12303176911189E-17,-1.,5.02818398833857E-17));
#4279=DIRECTION('',(6.1230317691119E-17,1.,-5.02818398833857E-17));
#4280=DIRECTION('',(-1.,6.1230317691119E-17,0.));
#4281=DIRECTION('',(-6.12303176911189E-17,-1.,5.02818398833857E-17));
#4282=DIRECTION('',(1.,-6.12303176911189E-17,0.));
#4283=DIRECTION('',(-6.12303176911189E-17,-1.,5.02818398833857E-17));
#4284=DIRECTION('',(-6.12303176911188E-17,-1.,5.02818398833858E-17));
#4285=DIRECTION('',(1.,-6.12303176911188E-17,0.));
#4286=DIRECTION('',(-6.12303176911189E-17,-1.,5.02818398833857E-17));
#4287=DIRECTION('',(6.1230317691119E-17,1.,-5.02818398833857E-17));
#4288=DIRECTION('',(-1.,6.1230317691119E-17,0.));
#4289=DIRECTION('',(-6.12303176911189E-17,-1.,5.02818398833857E-17));
#4290=DIRECTION('',(1.,-6.12303176911189E-17,0.));
#4291=DIRECTION('',(-6.12303176911189E-17,-1.,5.02818398833857E-17));
#4292=DIRECTION('',(-6.1230317691119E-17,-1.,5.02818398833858E-17));
#4293=DIRECTION('',(1.,-6.1230317691119E-17,0.));
#4294=DIRECTION('',(-6.12303176911189E-17,-1.,5.02818398833857E-17));
#4295=DIRECTION('',(6.1230317691119E-17,1.,-5.02818398833857E-17));
#4296=DIRECTION('',(-1.,6.1230317691119E-17,0.));
#4297=DIRECTION('',(6.12303176911189E-17,1.,-5.02818398833857E-17));
#4298=DIRECTION('',(-1.,6.12303176911189E-17,0.));
#4299=DIRECTION('',(-6.12303176911189E-17,-1.,5.02818398833857E-17));
#4300=DIRECTION('',(1.,-6.12303176911189E-17,0.));
#4301=DIRECTION('',(5.3477043803392E-17,-3.05947702994146E-17,-1.));
#4302=DIRECTION('',(6.12303176911189E-17,1.,-5.02818398833857E-17));
#4303=DIRECTION('',(-1.,6.12303176911189E-17,0.));
#4304=DIRECTION('',(-1.,5.20417042793041E-17,5.3477043803392E-17));
#4305=DIRECTION('',(1.59220398841537E-33,3.05947702994146E-17,1.));
#4306=DIRECTION('',(1.,-5.20417042793042E-17,-1.71126540170854E-15));
#4307=DIRECTION('',(6.12303176911189E-17,1.,-5.02818398833857E-17));
#4308=DIRECTION('',(-1.,6.12303176911189E-17,0.));
#4309=DIRECTION('',(-3.58296193482726E-15,-3.05947702994144E-17,-1.));
#4310=DIRECTION('',(-1.,5.20417042793041E-17,-1.59220398841537E-33));
#4311=DIRECTION('',(-6.41724525640702E-16,3.05947702994146E-17,1.));
#4312=DIRECTION('',(6.12303176911189E-17,1.,-5.02818398833857E-17));
#4313=DIRECTION('',(-1.,6.12303176911189E-17,0.));
#4314=DIRECTION('',(1.,-5.20417042793041E-17,1.59220398841537E-33));
#4315=DIRECTION('',(-5.78241158658933E-15,-3.05947702994143E-17,-1.));
#4316=DIRECTION('',(-1.,5.20417042793042E-17,1.01192202765314E-15));
#4317=DIRECTION('',(6.12303176911189E-17,1.,-5.02818398833857E-17));
#4318=DIRECTION('',(-1.,6.12303176911189E-17,0.));
#4319=DIRECTION('',(-2.72732923397299E-15,3.05947702994147E-17,1.));
#4320=DIRECTION('',(1.,-5.20417042793041E-17,1.59220398841537E-33));
#4321=DIRECTION('',(6.12303176911189E-17,1.,-5.02818398833857E-17));
#4322=DIRECTION('',(-1.,6.12303176911189E-17,0.));
#4323=DIRECTION('',(-6.12303176911189E-17,-1.,5.02818398833857E-17));
#4324=DIRECTION('',(1.,-6.12303176911189E-17,0.));
#4325=DIRECTION('',(-6.12303176911189E-17,-1.,5.02818398833857E-17));
#4326=DIRECTION('',(1.,-6.12303176911189E-17,0.));
#4327=DIRECTION('',(-6.12303176911189E-17,-1.,5.02818398833857E-17));
#4328=DIRECTION('',(1.,-6.12303176911189E-17,0.));
#4329=DIRECTION('',(-1.,6.12303176911189E-17,5.3477043803392E-17));
#4330=DIRECTION('',(-6.12303176911189E-17,-1.,5.02818398833857E-17));
#4331=DIRECTION('',(1.,-6.12303176911189E-17,0.));
#4332=DIRECTION('',(5.3477043803392E-17,-5.02818398833857E-17,-1.));
#4333=DIRECTION('',(1.,-6.12303176911189E-17,1.87332750511996E-33));
#4334=DIRECTION('',(-2.72732923397299E-15,5.02818398833859E-17,1.));
#4335=DIRECTION('',(-6.12303176911189E-17,-1.,5.02818398833857E-17));
#4336=DIRECTION('',(1.,-6.12303176911189E-17,0.));
#4337=DIRECTION('',(-1.,6.12303176911189E-17,1.01192202765314E-15));
#4338=DIRECTION('',(-5.78241158658933E-15,-5.02818398833854E-17,-1.));
#4339=DIRECTION('',(1.,-6.12303176911189E-17,1.87332750511996E-33));
#4340=DIRECTION('',(-6.12303176911189E-17,-1.,5.02818398833857E-17));
#4341=DIRECTION('',(1.,-6.12303176911189E-17,0.));
#4342=DIRECTION('',(-6.41724525640702E-16,5.02818398833858E-17,1.));
#4343=DIRECTION('',(-1.,6.12303176911189E-17,-1.87332750511996E-33));
#4344=DIRECTION('',(-3.58296193482726E-15,-5.02818398833855E-17,-1.));
#4345=DIRECTION('',(-6.12303176911189E-17,-1.,5.02818398833857E-17));
#4346=DIRECTION('',(1.,-6.12303176911189E-17,0.));
#4347=DIRECTION('',(1.,-6.12303176911189E-17,-1.71126540170854E-15));
#4348=DIRECTION('',(2.79764951344909E-33,5.02818398833857E-17,1.));
#4349=DIRECTION('',(-6.12303176911189E-17,-1.,5.02818398833857E-17));
#4350=DIRECTION('',(1.,-6.12303176911189E-17,0.));
#4351=DIRECTION('',(-6.12303176911189E-17,-1.,5.02818398833857E-17));
#4352=DIRECTION('',(-6.1230317691119E-17,-1.,5.02818398833858E-17));
#4353=DIRECTION('',(1.,-6.1230317691119E-17,0.));
#4354=DIRECTION('',(-6.12303176911189E-17,-1.,5.02818398833857E-17));
#4355=DIRECTION('',(6.1230317691119E-17,1.,-5.02818398833857E-17));
#4356=DIRECTION('',(-1.,6.1230317691119E-17,0.));
#4357=DIRECTION('',(-6.12303176911189E-17,-1.,5.02818398833857E-17));
#4358=DIRECTION('',(1.,-6.12303176911189E-17,0.));
#4359=DIRECTION('',(-6.12303176911189E-17,-1.,5.02818398833857E-17));
#4360=DIRECTION('',(1.,-6.12303176911189E-17,0.));
#4361=DIRECTION('',(-6.12303176911189E-17,-1.,5.02818398833857E-17));
#4362=DIRECTION('',(1.,-6.12303176911189E-17,0.));
#4363=DIRECTION('',(0.,-3.05947702994146E-17,-1.));
#4364=DIRECTION('',(0.,1.,-3.05947702994146E-17));
#4365=DIRECTION('',(-6.12303176911189E-17,-1.,3.05947702994146E-17));
#4366=DIRECTION('',(-6.12303176911189E-17,-1.,3.05947702994146E-17));
#4367=DIRECTION('',(-1.,6.12303176911189E-17,-5.3477043803392E-17));
#4368=DIRECTION('',(-6.12303176911189E-17,-1.,0.));
#4369=DIRECTION('',(1.,-6.12303176911188E-17,2.72732923397299E-15));
#4370=DIRECTION('',(2.72732923397299E-15,0.,-1.));
#4371=DIRECTION('',(-1.,6.1230317691119E-17,5.78241158658933E-15));
#4372=DIRECTION('',(5.78241158658933E-15,0.,1.));
#4373=DIRECTION('',(-6.12303176911189E-17,-1.,3.05947702994146E-17));
#4374=DIRECTION('',(-6.12303176911189E-17,-1.,3.05947702994146E-17));
#4375=DIRECTION('',(0.,-3.05947702994146E-17,-1.));
#4376=DIRECTION('',(0.,1.,-3.05947702994146E-17));
#4377=DIRECTION('',(1.01192202765314E-15,3.05947702994145E-17,1.));
#4378=DIRECTION('',(1.,0.,-1.01192202765314E-15));
#4379=DIRECTION('',(1.,-6.12303176911189E-17,2.81123516704591E-34));
#4380=DIRECTION('',(6.12303176911189E-17,1.,0.));
#4381=DIRECTION('',(-6.12303176911189E-17,-1.,3.05947702994146E-17));
#4382=DIRECTION('',(-6.12303176911189E-17,-1.,3.05947702994146E-17));
#4383=DIRECTION('',(-1.71126540170854E-15,-3.05947702994145E-17,-1.));
#4384=DIRECTION('',(-1.,0.,1.71126540170854E-15));
#4385=DIRECTION('',(5.3477043803392E-17,3.05947702994146E-17,1.));
#4386=DIRECTION('',(1.,0.,-5.3477043803392E-17));
#4387=DIRECTION('',(0.,3.05947702994146E-17,1.));
#4388=DIRECTION('',(0.,-1.,3.05947702994146E-17));
#4389=DIRECTION('',(-6.12303176911189E-17,-1.,3.05947702994146E-17));
#4390=DIRECTION('',(-6.12303176911189E-17,-1.,3.05947702994146E-17));
#4391=DIRECTION('',(1.,-6.12303176911188E-17,6.41724525640702E-16));
#4392=DIRECTION('',(6.41724525640702E-16,0.,-1.));
#4393=DIRECTION('',(-1.,6.1230317691119E-17,3.58296193482726E-15));
#4394=DIRECTION('',(3.58296193482726E-15,0.,1.));
#4395=DIRECTION('',(-6.12303176911188E-17,-1.,5.02818398833858E-17));
#4396=DIRECTION('',(1.,-6.12303176911188E-17,0.));
#4397=DIRECTION('',(6.1230317691119E-17,1.,-5.02818398833857E-17));
#4398=DIRECTION('',(-1.,6.1230317691119E-17,0.));
#4399=DIRECTION('',(-6.1230317691119E-17,-1.,5.02818398833858E-17));
#4400=DIRECTION('',(1.,-6.1230317691119E-17,0.));
#4401=DIRECTION('',(6.1230317691119E-17,1.,-5.02818398833857E-17));
#4402=DIRECTION('',(-1.,6.1230317691119E-17,0.));
#4403=DIRECTION('',(-6.1230317691119E-17,-1.,5.02818398833858E-17));
#4404=DIRECTION('',(1.,-6.1230317691119E-17,0.));
#4405=DIRECTION('',(6.1230317691119E-17,1.,-5.02818398833857E-17));
#4406=DIRECTION('',(-1.,6.1230317691119E-17,0.));
#4407=DIRECTION('',(-6.1230317691119E-17,-1.,5.02818398833858E-17));
#4408=DIRECTION('',(1.,-6.1230317691119E-17,0.));
#4409=DIRECTION('',(6.1230317691119E-17,1.,-5.02818398833857E-17));
#4410=DIRECTION('',(-1.,6.1230317691119E-17,0.));
#4411=DIRECTION('',(-6.12303176911189E-17,-1.,0.));
#4412=DIRECTION('',(1.,-6.12303176911189E-17,0.));
#4413=DIRECTION('',(-6.12303176911189E-17,-1.,0.));
#4414=DIRECTION('',(1.,-6.12303176911189E-17,0.));
#4415=DIRECTION('',(-6.12303176911189E-17,-1.,0.));
#4416=DIRECTION('',(1.,-6.12303176911189E-17,0.));
#4417=DIRECTION('',(-6.12303176911189E-17,-1.,0.));
#4418=DIRECTION('',(0.,0.,1.));
#4419=DIRECTION('',(-6.12303176911189E-17,-1.,0.));
#4420=DIRECTION('',(1.,-6.12303176911189E-17,0.));
#4421=DIRECTION('',(6.12303176911189E-17,1.,0.));
#4422=DIRECTION('',(-1.,6.12303176911189E-17,0.));
#4423=DIRECTION('',(-6.12303176911189E-17,-1.,0.));
#4424=DIRECTION('',(1.,-6.12303176911189E-17,0.));
#4425=DIRECTION('',(-6.12303176911189E-17,-1.,0.));
#4426=DIRECTION('',(1.,-6.12303176911189E-17,0.));
#4427=DIRECTION('',(-6.12303176911189E-17,-1.,0.));
#4428=DIRECTION('',(1.,-6.12303176911189E-17,0.));
#4429=DIRECTION('',(-6.12303176911189E-17,-1.,0.));
#4430=DIRECTION('',(1.,-6.12303176911189E-17,0.));
#4431=DIRECTION('',(-6.12303176911189E-17,-1.,0.));
#4432=DIRECTION('',(1.,-6.12303176911189E-17,0.));
#4433=DIRECTION('',(-6.12303176911189E-17,-1.,0.));
#4434=DIRECTION('',(1.,-6.12303176911189E-17,0.));
#4435=DIRECTION('',(-6.12303176911189E-17,-1.,0.));
#4436=DIRECTION('',(1.,-6.12303176911189E-17,0.));
#4437=DIRECTION('',(-6.12303176911189E-17,-1.,0.));
#4438=DIRECTION('',(1.,-6.12303176911189E-17,0.));
#4439=DIRECTION('',(-6.12303176911189E-17,-1.,0.));
#4440=DIRECTION('',(1.,-6.12303176911189E-17,0.));
#4441=DIRECTION('',(-6.12303176911189E-17,-1.,0.));
#4442=DIRECTION('',(1.,-6.12303176911189E-17,0.));
#4443=DIRECTION('',(-6.12303176911189E-17,-1.,0.));
#4444=DIRECTION('',(1.,-6.12303176911189E-17,0.));
#4445=DIRECTION('',(-6.12303176911189E-17,-1.,0.));
#4446=DIRECTION('',(1.,-6.12303176911189E-17,0.));
#4447=DIRECTION('',(-6.12303176911189E-17,-1.,0.));
#4448=DIRECTION('',(1.,-6.12303176911189E-17,0.));
#4449=DIRECTION('',(-6.12303176911189E-17,-1.,0.));
#4450=DIRECTION('',(1.,-6.12303176911189E-17,0.));
#4451=DIRECTION('',(6.12303176911191E-17,1.,0.));
#4452=DIRECTION('',(-1.,6.12303176911191E-17,0.));
#4453=DIRECTION('',(6.12303176911189E-17,1.,0.));
#4454=DIRECTION('',(-1.,6.12303176911189E-17,0.));
#4455=DIRECTION('',(6.12303176911189E-17,1.,0.));
#4456=DIRECTION('',(-1.,6.12303176911189E-17,0.));
#4457=DIRECTION('',(-6.12303176911189E-17,-1.,0.));
#4458=DIRECTION('',(1.,-6.12303176911189E-17,0.));
#4459=DIRECTION('',(6.12303176911189E-17,1.,0.));
#4460=DIRECTION('',(-1.,6.12303176911189E-17,0.));
#4461=DIRECTION('',(-6.12303176911191E-17,-1.,0.));
#4462=DIRECTION('',(1.,-6.12303176911191E-17,0.));
#4463=DIRECTION('',(-6.12303176911189E-17,-1.,0.));
#4464=DIRECTION('',(1.,-6.12303176911189E-17,0.));
#4465=DIRECTION('',(-6.12303176911189E-17,-1.,0.));
#4466=DIRECTION('',(1.,-6.12303176911189E-17,0.));
#4467=DIRECTION('',(-6.12303176911189E-17,-1.,0.));
#4468=DIRECTION('',(1.,-6.12303176911189E-17,0.));
#4469=DIRECTION('',(-6.12303176911189E-17,-1.,0.));
#4470=DIRECTION('',(1.,-6.12303176911189E-17,0.));
#4471=DIRECTION('',(-6.12303176911189E-17,-1.,0.));
#4472=DIRECTION('',(1.,-6.12303176911189E-17,0.));
#4473=DIRECTION('',(-6.12303176911189E-17,-1.,0.));
#4474=DIRECTION('',(1.,-6.12303176911189E-17,0.));
#4475=DIRECTION('',(6.12303176911189E-17,1.,0.));
#4476=DIRECTION('',(-1.,6.12303176911189E-17,0.));
#4477=DIRECTION('',(-6.12303176911189E-17,-1.,0.));
#4478=DIRECTION('',(1.,-6.12303176911189E-17,0.));
#4479=DIRECTION('',(6.12303176911189E-17,1.,0.));
#4480=DIRECTION('',(-1.,6.12303176911189E-17,0.));
#4481=DIRECTION('',(-6.12303176911189E-17,-1.,0.));
#4482=DIRECTION('',(1.,-6.12303176911189E-17,0.));
#4483=DIRECTION('',(-6.12303176911189E-17,-1.,0.));
#4484=DIRECTION('',(1.,-6.12303176911189E-17,0.));
#4485=DIRECTION('',(-6.12303176911189E-17,-1.,0.));
#4486=DIRECTION('',(1.,-6.12303176911189E-17,0.));
#4487=DIRECTION('',(-6.12303176911189E-17,-1.,0.));
#4488=DIRECTION('',(1.,-6.12303176911189E-17,0.));
#4489=DIRECTION('',(-6.12303176911189E-17,-1.,0.));
#4490=DIRECTION('',(1.,-6.12303176911189E-17,0.));
#4491=DIRECTION('',(-6.12303176911189E-17,-1.,0.));
#4492=DIRECTION('',(1.,-6.12303176911189E-17,0.));
#4493=DIRECTION('',(-6.12303176911189E-17,-1.,0.));
#4494=DIRECTION('',(1.,-6.12303176911189E-17,0.));
#4495=DIRECTION('',(-6.12303176911189E-17,-1.,0.));
#4496=DIRECTION('',(1.,-6.12303176911189E-17,0.));
#4497=DIRECTION('',(6.12303176911189E-17,1.,0.));
#4498=DIRECTION('',(-1.,6.12303176911189E-17,0.));
#4499=DIRECTION('',(-6.12303176911189E-17,-1.,0.));
#4500=DIRECTION('',(1.,-6.12303176911189E-17,0.));
#4501=DIRECTION('',(-6.12303176911189E-17,-1.,0.));
#4502=DIRECTION('',(1.,-6.12303176911189E-17,0.));
#4503=DIRECTION('',(-6.12303176911189E-17,-1.,0.));
#4504=DIRECTION('',(1.,-6.12303176911189E-17,0.));
#4505=DIRECTION('',(-6.12303176911189E-17,-1.,0.));
#4506=DIRECTION('',(1.,-6.12303176911189E-17,0.));
#4507=DIRECTION('',(-6.12303176911189E-17,-1.,0.));
#4508=DIRECTION('',(1.,-6.12303176911189E-17,0.));
#4509=DIRECTION('',(-6.12303176911189E-17,-1.,0.));
#4510=DIRECTION('',(1.,-6.12303176911189E-17,0.));
#4511=DIRECTION('',(6.12303176911189E-17,1.,0.));
#4512=DIRECTION('',(-1.,6.12303176911189E-17,0.));
#4513=DIRECTION('',(-6.12303176911189E-17,-1.,0.));
#4514=DIRECTION('',(1.,-6.12303176911189E-17,0.));
#4515=DIRECTION('',(-6.12303176911189E-17,-1.,0.));
#4516=DIRECTION('',(1.,-6.12303176911189E-17,0.));
#4517=DIRECTION('',(-6.12303176911189E-17,-1.,0.));
#4518=DIRECTION('',(1.,-6.12303176911189E-17,0.));
#4519=DIRECTION('',(-1.,6.1230317691119E-17,3.58296193482726E-15));
#4520=DIRECTION('',(3.58296193482726E-15,0.,1.));
#4521=DIRECTION('',(-6.12303176911189E-17,-1.,0.));
#4522=DIRECTION('',(-3.58296193482726E-15,-3.05947702994144E-17,-1.));
#4523=DIRECTION('',(-6.12303176911189E-17,-1.,3.05947702994146E-17));
#4524=DIRECTION('',(-3.58296193482726E-15,2.19385897544659E-31,-1.));
#4525=DIRECTION('',(1.,-6.12303176911188E-17,6.41724525640702E-16));
#4526=DIRECTION('',(6.41724525640702E-16,0.,-1.));
#4527=DIRECTION('',(-6.12303176911189E-17,-1.,0.));
#4528=DIRECTION('',(-6.41724525640702E-16,3.92929965751628E-32,1.));
#4529=DIRECTION('',(-6.12303176911189E-17,-1.,3.05947702994146E-17));
#4530=DIRECTION('',(-6.41724525640702E-16,3.05947702994146E-17,1.));
#4531=DIRECTION('',(-6.12303176911189E-17,-1.,0.));
#4532=DIRECTION('',(1.,-6.12303176911189E-17,0.));
#4533=DIRECTION('',(-6.12303176911189E-17,-1.,0.));
#4534=DIRECTION('',(1.,-6.12303176911189E-17,0.));
#4535=DIRECTION('',(-6.12303176911189E-17,-1.,0.));
#4536=DIRECTION('',(1.,-6.12303176911189E-17,0.));
#4537=DIRECTION('',(6.12303176911189E-17,1.,0.));
#4538=DIRECTION('',(-1.,6.12303176911189E-17,0.));
#4539=DIRECTION('',(-6.12303176911189E-17,-1.,0.));
#4540=DIRECTION('',(1.,-6.12303176911189E-17,0.));
#4541=DIRECTION('',(-6.12303176911189E-17,-1.,0.));
#4542=DIRECTION('',(1.,-6.12303176911189E-17,0.));
#4543=DIRECTION('',(-6.12303176911189E-17,-1.,0.));
#4544=DIRECTION('',(1.,-6.12303176911189E-17,0.));
#4545=DIRECTION('',(-6.12303176911189E-17,-1.,0.));
#4546=DIRECTION('',(1.,-6.12303176911189E-17,0.));
#4547=DIRECTION('',(-6.12303176911189E-17,-1.,0.));
#4548=DIRECTION('',(1.,-6.12303176911189E-17,0.));
#4549=DIRECTION('',(-6.12303176911189E-17,-1.,0.));
#4550=DIRECTION('',(1.,-6.12303176911189E-17,0.));
#4551=DIRECTION('',(6.12303176911189E-17,1.,0.));
#4552=DIRECTION('',(-1.,6.12303176911189E-17,0.));
#4553=DIRECTION('',(-6.12303176911189E-17,-1.,0.));
#4554=DIRECTION('',(1.,-6.12303176911189E-17,0.));
#4555=DIRECTION('',(-6.12303176911189E-17,-1.,0.));
#4556=DIRECTION('',(1.,-6.12303176911189E-17,0.));
#4557=DIRECTION('',(-6.12303176911189E-17,-1.,0.));
#4558=DIRECTION('',(1.,-6.12303176911189E-17,0.));
#4559=DIRECTION('',(-6.12303176911189E-17,-1.,0.));
#4560=DIRECTION('',(1.,-6.12303176911189E-17,0.));
#4561=DIRECTION('',(-6.12303176911189E-17,-1.,0.));
#4562=DIRECTION('',(1.,-6.12303176911189E-17,0.));
#4563=DIRECTION('',(-6.12303176911189E-17,-1.,0.));
#4564=DIRECTION('',(1.,-6.12303176911189E-17,0.));
#4565=DIRECTION('',(6.12303176911189E-17,1.,0.));
#4566=DIRECTION('',(-1.,6.12303176911189E-17,0.));
#4567=DIRECTION('',(-6.12303176911189E-17,-1.,0.));
#4568=DIRECTION('',(1.,-6.12303176911189E-17,0.));
#4569=DIRECTION('',(-6.12303176911189E-17,-1.,0.));
#4570=DIRECTION('',(1.,-6.12303176911189E-17,0.));
#4571=DIRECTION('',(-6.12303176911189E-17,-1.,0.));
#4572=DIRECTION('',(1.,-6.12303176911189E-17,0.));
#4573=DIRECTION('',(1.01192202765314E-15,3.05947702994145E-17,1.));
#4574=DIRECTION('',(1.,0.,-1.01192202765314E-15));
#4575=DIRECTION('',(-6.12303176911189E-17,-1.,0.));
#4576=DIRECTION('',(-1.,6.12303176911189E-17,1.01192202765314E-15));
#4577=DIRECTION('',(-6.12303176911189E-17,-1.,3.05947702994146E-17));
#4578=DIRECTION('',(-1.,5.20417042793042E-17,1.01192202765314E-15));
#4579=DIRECTION('',(0.,-3.05947702994146E-17,-1.));
#4580=DIRECTION('',(0.,1.,-3.05947702994146E-17));
#4581=DIRECTION('',(-6.12303176911189E-17,-1.,0.));
#4582=DIRECTION('',(1.,-5.20417042793041E-17,1.59220398841537E-33));
#4583=DIRECTION('',(-6.12303176911189E-17,-1.,3.05947702994146E-17));
#4584=DIRECTION('',(1.,-6.12303176911189E-17,1.87332750511996E-33));
#4585=DIRECTION('',(-6.12303176911189E-17,-1.,0.));
#4586=DIRECTION('',(1.,-6.12303176911189E-17,0.));
#4587=DIRECTION('',(-6.12303176911189E-17,-1.,0.));
#4588=DIRECTION('',(1.,-6.12303176911189E-17,0.));
#4589=DIRECTION('',(-6.12303176911189E-17,-1.,0.));
#4590=DIRECTION('',(1.,-6.12303176911189E-17,0.));
#4591=DIRECTION('',(6.12303176911189E-17,1.,0.));
#4592=DIRECTION('',(-1.,6.12303176911189E-17,0.));
#4593=DIRECTION('',(-6.12303176911189E-17,-1.,0.));
#4594=DIRECTION('',(1.,-6.12303176911189E-17,0.));
#4595=DIRECTION('',(-6.12303176911189E-17,-1.,0.));
#4596=DIRECTION('',(1.,-6.12303176911189E-17,0.));
#4597=DIRECTION('',(-6.12303176911189E-17,-1.,0.));
#4598=DIRECTION('',(1.,-6.12303176911189E-17,0.));
#4599=DIRECTION('',(-6.12303176911189E-17,-1.,0.));
#4600=DIRECTION('',(1.,-6.12303176911189E-17,0.));
#4601=DIRECTION('',(-6.12303176911189E-17,-1.,0.));
#4602=DIRECTION('',(1.,-6.12303176911189E-17,0.));
#4603=DIRECTION('',(-6.12303176911189E-17,-1.,0.));
#4604=DIRECTION('',(1.,-6.12303176911189E-17,0.));
#4605=DIRECTION('',(6.12303176911189E-17,1.,0.));
#4606=DIRECTION('',(-1.,6.12303176911189E-17,0.));
#4607=DIRECTION('',(-6.12303176911189E-17,-1.,0.));
#4608=DIRECTION('',(1.,-6.12303176911189E-17,0.));
#4609=DIRECTION('',(-6.12303176911189E-17,-1.,0.));
#4610=DIRECTION('',(1.,-6.12303176911189E-17,0.));
#4611=DIRECTION('',(-6.12303176911189E-17,-1.,0.));
#4612=DIRECTION('',(1.,-6.12303176911189E-17,0.));
#4613=DIRECTION('',(-6.12303176911189E-17,-1.,0.));
#4614=DIRECTION('',(1.,-6.12303176911189E-17,0.));
#4615=DIRECTION('',(-6.12303176911189E-17,-1.,0.));
#4616=DIRECTION('',(1.,-6.12303176911189E-17,0.));
#4617=DIRECTION('',(-6.12303176911189E-17,-1.,0.));
#4618=DIRECTION('',(1.,-6.12303176911189E-17,0.));
#4619=DIRECTION('',(6.12303176911189E-17,1.,0.));
#4620=DIRECTION('',(-1.,6.12303176911189E-17,0.));
#4621=DIRECTION('',(-6.12303176911189E-17,-1.,0.));
#4622=DIRECTION('',(1.,-6.12303176911189E-17,0.));
#4623=DIRECTION('',(-6.12303176911189E-17,-1.,0.));
#4624=DIRECTION('',(1.,-6.12303176911189E-17,0.));
#4625=DIRECTION('',(-6.12303176911189E-17,-1.,0.));
#4626=DIRECTION('',(1.,-6.12303176911189E-17,0.));
#4627=DIRECTION('',(1.,-6.12303176911188E-17,2.72732923397299E-15));
#4628=DIRECTION('',(2.72732923397299E-15,0.,-1.));
#4629=DIRECTION('',(-6.12303176911189E-17,-1.,0.));
#4630=DIRECTION('',(1.44560289664734E-16,3.05947702994146E-17,1.));
#4631=DIRECTION('',(-6.12303176911189E-17,-1.,3.05947702994146E-17));
#4632=DIRECTION('',(-2.72732923397299E-15,1.66995235444442E-31,1.));
#4633=DIRECTION('',(-1.,6.12303176911189E-17,-5.3477043803392E-17));
#4634=DIRECTION('',(-6.12303176911189E-17,-1.,0.));
#4635=DIRECTION('',(-6.12303176911189E-17,-1.,0.));
#4636=DIRECTION('',(5.3477043803392E-17,-3.27441638126357E-33,-1.));
#4637=DIRECTION('',(-6.12303176911189E-17,-1.,3.05947702994146E-17));
#4638=DIRECTION('',(5.3477043803392E-17,-3.05947702994146E-17,-1.));
#4639=DIRECTION('',(-6.12303176911189E-17,-1.,0.));
#4640=DIRECTION('',(1.,-6.12303176911189E-17,0.));
#4641=DIRECTION('',(-6.12303176911189E-17,-1.,0.));
#4642=DIRECTION('',(1.,-6.12303176911189E-17,0.));
#4643=DIRECTION('',(-6.12303176911189E-17,-1.,0.));
#4644=DIRECTION('',(1.,-6.12303176911189E-17,0.));
#4645=DIRECTION('',(6.12303176911189E-17,1.,0.));
#4646=DIRECTION('',(-1.,6.12303176911189E-17,0.));
#4647=DIRECTION('',(-6.12303176911189E-17,-1.,0.));
#4648=DIRECTION('',(1.,-6.12303176911189E-17,0.));
#4649=DIRECTION('',(-6.12303176911189E-17,-1.,0.));
#4650=DIRECTION('',(1.,-6.12303176911189E-17,0.));
#4651=DIRECTION('',(-6.12303176911189E-17,-1.,0.));
#4652=DIRECTION('',(1.,-6.12303176911189E-17,0.));
#4653=DIRECTION('',(-6.12303176911189E-17,-1.,0.));
#4654=DIRECTION('',(1.,-6.12303176911189E-17,0.));
#4655=DIRECTION('',(-6.12303176911189E-17,-1.,0.));
#4656=DIRECTION('',(1.,-6.12303176911189E-17,0.));
#4657=DIRECTION('',(-6.12303176911189E-17,-1.,0.));
#4658=DIRECTION('',(1.,-6.12303176911189E-17,0.));
#4659=DIRECTION('',(6.12303176911189E-17,1.,0.));
#4660=DIRECTION('',(-1.,6.12303176911189E-17,0.));
#4661=DIRECTION('',(-6.12303176911189E-17,-1.,0.));
#4662=DIRECTION('',(1.,-6.12303176911189E-17,0.));
#4663=DIRECTION('',(-6.12303176911189E-17,-1.,0.));
#4664=DIRECTION('',(1.,-6.12303176911189E-17,0.));
#4665=DIRECTION('',(-6.12303176911189E-17,-1.,0.));
#4666=DIRECTION('',(1.,-6.12303176911189E-17,0.));
#4667=DIRECTION('',(5.3477043803392E-17,3.05947702994146E-17,1.));
#4668=DIRECTION('',(1.,0.,-5.3477043803392E-17));
#4669=DIRECTION('',(-6.12303176911189E-17,-1.,0.));
#4670=DIRECTION('',(-1.,5.20417042793041E-17,5.3477043803392E-17));
#4671=DIRECTION('',(-6.12303176911189E-17,-1.,3.05947702994146E-17));
#4672=DIRECTION('',(-1.,6.12303176911189E-17,5.3477043803392E-17));
#4673=DIRECTION('',(-1.71126540170854E-15,-3.05947702994145E-17,-1.));
#4674=DIRECTION('',(-1.,0.,1.71126540170854E-15));
#4675=DIRECTION('',(-6.12303176911189E-17,-1.,0.));
#4676=DIRECTION('',(1.,-6.12303176911189E-17,-1.71126540170854E-15));
#4677=DIRECTION('',(-6.12303176911189E-17,-1.,3.05947702994146E-17));
#4678=DIRECTION('',(1.,-5.20417042793042E-17,-1.71126540170854E-15));
#4679=DIRECTION('',(6.12303176911189E-17,1.,0.));
#4680=DIRECTION('',(-1.,6.12303176911189E-17,0.));
#4681=DIRECTION('',(-0.707106781186549,4.32963728535969E-17,-0.707106781186546));
#4682=DIRECTION('',(-6.12303176911189E-17,-1.,-3.08148791101958E-33));
#4683=DIRECTION('',(-0.5,3.06151588455595E-17,0.866025403784438));
#4684=DIRECTION('',(0.965925826289069,-5.91439452097362E-17,0.258819045102519));
#4685=DIRECTION('',(-0.965925826289069,5.91439452097362E-17,-0.258819045102518));
#4686=DIRECTION('',(-6.12303176911189E-17,-1.,0.));
#4687=DIRECTION('',(0.,0.,1.));
#4688=DIRECTION('',(1.59220398841537E-33,3.05947702994146E-17,1.));
#4689=DIRECTION('',(-6.12303176911189E-17,-1.,0.));
#4690=DIRECTION('',(0.,0.,1.));
#4691=DIRECTION('',(0.965925826289068,-5.91439452097361E-17,-0.258819045102523));
#4692=DIRECTION('',(-0.965925826289068,5.91439452097361E-17,0.258819045102524));
#4693=DIRECTION('',(-6.12303176911189E-17,-1.,3.08148791101958E-33));
#4694=DIRECTION('',(0.5,-3.06151588455595E-17,0.866025403784438));
#4695=DIRECTION('',(0.707106781186546,-4.32963728535967E-17,-0.707106781186549));
#4696=DIRECTION('',(-0.707106781186545,4.32963728535966E-17,0.70710678118655));
#4697=DIRECTION('',(-6.12303176911189E-17,-1.,-3.08148791101958E-33));
#4698=DIRECTION('',(0.866025403784439,-5.30270106023007E-17,0.499999999999999));
#4699=DIRECTION('',(0.258819045102518,-1.58475723561392E-17,-0.965925826289069));
#4700=DIRECTION('',(-0.258819045102518,1.58475723561392E-17,0.965925826289069));
#4701=DIRECTION('',(-6.12303176911189E-17,-1.,0.));
#4702=DIRECTION('',(1.,-6.12303176911189E-17,-1.83697019872103E-16));
#4703=DIRECTION('',(1.,-5.20417042793041E-17,1.59220398841537E-33));
#4704=DIRECTION('',(-6.12303176911189E-17,-1.,0.));
#4705=DIRECTION('',(1.,-6.12303176911189E-17,-1.83697019872103E-16));
#4706=DIRECTION('',(-0.258819045102523,1.58475723561395E-17,-0.965925826289068));
#4707=DIRECTION('',(0.258819045102523,-1.58475723561395E-17,0.965925826289068));
#4708=DIRECTION('',(-6.12303176911189E-17,-1.,0.));
#4709=DIRECTION('',(0.866025403784439,-5.30270106023007E-17,-0.5));
#4710=DIRECTION('',(-0.707106781186549,4.32963728535969E-17,-0.707106781186546));
#4711=DIRECTION('',(0.707106781186549,-4.32963728535969E-17,0.707106781186546));
#4712=DIRECTION('',(-6.12303176911189E-17,-1.,0.));
#4713=DIRECTION('',(0.5,-3.06151588455594E-17,-0.866025403784439));
#4714=DIRECTION('',(-0.965925826289069,5.91439452097362E-17,-0.258819045102519));
#4715=DIRECTION('',(0.965925826289069,-5.91439452097362E-17,0.258819045102518));
#4716=DIRECTION('',(-6.12303176911189E-17,-1.,0.));
#4717=DIRECTION('',(-1.22464679914735E-16,7.49855125712043E-33,-1.));
#4718=DIRECTION('',(-5.78241158658933E-15,-3.05947702994143E-17,-1.));
#4719=DIRECTION('',(-6.12303176911189E-17,-1.,0.));
#4720=DIRECTION('',(-1.22464679914735E-16,7.49855125712043E-33,-1.));
#4721=DIRECTION('',(-0.965925826289068,5.91439452097361E-17,0.258819045102523));
#4722=DIRECTION('',(0.965925826289068,-5.91439452097361E-17,-0.258819045102523));
#4723=DIRECTION('',(-6.12303176911189E-17,-1.,3.08148791101958E-33));
#4724=DIRECTION('',(-0.499999999999999,3.06151588455594E-17,-0.866025403784439));
#4725=DIRECTION('',(-0.707106781186547,4.32963728535967E-17,0.707106781186548));
#4726=DIRECTION('',(0.707106781186546,-4.32963728535967E-17,-0.707106781186549));
#4727=DIRECTION('',(-6.12303176911189E-17,-1.,3.08148791101958E-33));
#4728=DIRECTION('',(-0.866025403784438,5.30270106023006E-17,-0.500000000000001));
#4729=DIRECTION('',(-0.25881904510252,1.58475723561393E-17,0.965925826289069));
#4730=DIRECTION('',(0.258819045102519,-1.58475723561393E-17,-0.965925826289069));
#4731=DIRECTION('',(-6.12303176911189E-17,-1.,2.18952885050753E-47));
#4732=DIRECTION('',(-1.,6.12303176911189E-17,-1.04899068466779E-15));
#4733=DIRECTION('',(-1.,5.20417042793041E-17,-1.59220398841537E-33));
#4734=DIRECTION('',(-6.12303176911189E-17,-1.,2.18952885050753E-47));
#4735=DIRECTION('',(-1.,6.12303176911189E-17,-1.04899068466779E-15));
#4736=DIRECTION('',(0.258819045102522,-1.58475723561394E-17,0.965925826289068));
#4737=DIRECTION('',(-0.258819045102523,1.58475723561395E-17,-0.965925826289068));
#4738=DIRECTION('',(-6.12303176911189E-17,-1.,3.08148791101958E-33));
#4739=DIRECTION('',(-0.866025403784439,5.30270106023007E-17,0.499999999999999));
#4740=DIRECTION('',(0.707106781186548,-4.32963728535968E-17,0.707106781186547));
#4741=DIRECTION('',(-6.12303176911189E-17,-1.,0.));
#4742=DIRECTION('',(1.,-6.12303176911189E-17,0.));
#4743=DIRECTION('',(-6.12303176911189E-17,-1.,0.));
#4744=DIRECTION('',(1.,-6.12303176911189E-17,0.));
#4745=DIRECTION('',(-6.12303176911189E-17,-1.,0.));
#4746=DIRECTION('',(1.,-6.12303176911189E-17,0.));
#4747=DIRECTION('',(-6.12303176911189E-17,-1.,0.));
#4748=DIRECTION('',(1.,-6.12303176911189E-17,0.));
#4749=DIRECTION('',(-1.,6.12303176911189E-17,-1.87332750511996E-33));
#4750=DIRECTION('',(-6.12303176911189E-17,-1.,0.));
#4751=DIRECTION('',(1.,-6.12303176911189E-17,0.));
#4752=DIRECTION('',(-6.12303176911189E-17,-1.,0.));
#4753=DIRECTION('',(1.,-6.12303176911189E-17,0.));
#4754=DIRECTION('',(-6.12303176911189E-17,-1.,0.));
#4755=DIRECTION('',(1.,-6.12303176911189E-17,0.));
#4756=DIRECTION('',(-6.12303176911189E-17,-1.,0.));
#4757=DIRECTION('',(1.,-6.12303176911189E-17,0.));
#4758=DIRECTION('',(-5.78241158658933E-15,3.54058898467672E-31,-1.));
#4759=DIRECTION('',(-6.12303176911189E-17,-1.,0.));
#4760=DIRECTION('',(1.,-6.12303176911189E-17,0.));
#4761=DIRECTION('',(-6.12303176911189E-17,-1.,0.));
#4762=DIRECTION('',(1.,-6.12303176911189E-17,0.));
#4763=DIRECTION('',(-6.12303176911189E-17,-1.,0.));
#4764=DIRECTION('',(1.,-6.12303176911189E-17,0.));
#4765=DIRECTION('',(-6.12303176911189E-17,-1.,0.));
#4766=DIRECTION('',(1.,-6.12303176911189E-17,0.));
#4767=DIRECTION('',(1.,-6.12303176911189E-17,1.87332750511996E-33));
#4768=DIRECTION('',(-6.12303176911189E-17,-1.,0.));
#4769=DIRECTION('',(1.,-6.12303176911189E-17,0.));
#4770=DIRECTION('',(-6.12303176911189E-17,-1.,0.));
#4771=DIRECTION('',(1.,-6.12303176911189E-17,0.));
#4772=DIRECTION('',(-6.12303176911189E-17,-1.,0.));
#4773=DIRECTION('',(1.,-6.12303176911189E-17,0.));
#4774=DIRECTION('',(-6.12303176911189E-17,-1.,0.));
#4775=DIRECTION('',(1.,-6.12303176911189E-17,0.));
#4776=DIRECTION('',(-2.81123516704591E-34,1.72132822382667E-50,1.));
#4777=DIRECTION('',(-6.12303176911189E-17,-1.,0.));
#4778=DIRECTION('',(1.,-6.12303176911189E-17,0.));
#4779=DIRECTION('',(-6.12303176911189E-17,-1.,0.));
#4780=DIRECTION('',(1.,-6.12303176911189E-17,0.));
#4781=DIRECTION('',(-6.12303176911189E-17,-1.,0.));
#4782=DIRECTION('',(1.,-6.12303176911189E-17,0.));
#4783=DIRECTION('',(-6.12303176911189E-17,-1.,0.));
#4784=DIRECTION('',(1.,-6.12303176911189E-17,0.));
#4785=DIRECTION('',(0.,-3.05947702994146E-17,-1.));
#4786=DIRECTION('',(0.,1.,-3.05947702994146E-17));
#4787=DIRECTION('',(-1.,6.1230317691119E-17,5.78241158658933E-15));
#4788=DIRECTION('',(5.78241158658933E-15,0.,1.));
#4789=DIRECTION('',(1.,-6.12303176911189E-17,2.81123516704591E-34));
#4790=DIRECTION('',(6.12303176911189E-17,1.,0.));
#4791=DIRECTION('',(0.,3.05947702994146E-17,1.));
#4792=DIRECTION('',(0.,-1.,3.05947702994146E-17));
#4793=DIRECTION('',(-6.12303176911189E-17,-1.,0.));
#4794=DIRECTION('',(1.,-6.12303176911189E-17,0.));
#4795=DIRECTION('',(-6.12303176911189E-17,-1.,0.));
#4796=DIRECTION('',(-0.258819045102518,1.58475723561392E-17,0.965925826289069));
#4797=DIRECTION('',(0.965925826289069,0.,0.258819045102518));
#4798=DIRECTION('',(-6.12303176911189E-17,-1.,0.));
#4799=DIRECTION('',(1.,-6.12303176911189E-17,0.));
#4800=DIRECTION('',(-6.12303176911189E-17,-1.,0.));
#4801=DIRECTION('',(-0.258819045102523,1.58475723561395E-17,-0.965925826289068));
#4802=DIRECTION('',(-0.965925826289068,0.,0.258819045102523));
#4803=DIRECTION('',(0.258819045102524,-1.58475723561396E-17,0.965925826289068));
#4804=DIRECTION('',(0.965925826289068,0.,-0.258819045102524));
#4805=DIRECTION('',(-6.12303176911189E-17,-1.,0.));
#4806=DIRECTION('',(-0.707106781186549,4.32963728535969E-17,-0.707106781186546));
#4807=DIRECTION('',(-0.707106781186546,0.,0.707106781186549));
#4808=DIRECTION('',(-6.12303176911189E-17,-1.,0.));
#4809=DIRECTION('',(-6.12303176911189E-17,-1.,0.));
#4810=DIRECTION('',(1.,-6.12303176911189E-17,0.));
#4811=DIRECTION('',(0.70710678118655,-4.32963728535969E-17,0.707106781186545));
#4812=DIRECTION('',(0.707106781186545,0.,-0.70710678118655));
#4813=DIRECTION('',(-6.12303176911189E-17,-1.,0.));
#4814=DIRECTION('',(-0.965925826289069,5.91439452097362E-17,-0.258819045102518));
#4815=DIRECTION('',(-0.258819045102518,0.,0.965925826289069));
#4816=DIRECTION('',(-6.12303176911189E-17,-1.,0.));
#4817=DIRECTION('',(-6.12303176911189E-17,-1.,0.));
#4818=DIRECTION('',(1.,-6.12303176911189E-17,0.));
#4819=DIRECTION('',(-6.12303176911189E-17,-1.,0.));
#4820=DIRECTION('',(1.,-6.12303176911189E-17,0.));
#4821=DIRECTION('',(-6.12303176911189E-17,-1.,0.));
#4822=DIRECTION('',(0.965925826289069,-5.91439452097362E-17,0.258819045102518));
#4823=DIRECTION('',(0.258819045102518,0.,-0.965925826289069));
#4824=DIRECTION('',(-6.12303176911189E-17,-1.,0.));
#4825=DIRECTION('',(1.,-6.12303176911189E-17,0.));
#4826=DIRECTION('',(-6.12303176911189E-17,-1.,0.));
#4827=DIRECTION('',(-0.965925826289068,5.91439452097361E-17,0.258819045102523));
#4828=DIRECTION('',(0.258819045102523,0.,0.965925826289068));
#4829=DIRECTION('',(0.965925826289068,-5.91439452097361E-17,-0.258819045102523));
#4830=DIRECTION('',(-0.258819045102523,0.,-0.965925826289068));
#4831=DIRECTION('',(-6.12303176911189E-17,-1.,0.));
#4832=DIRECTION('',(-0.707106781186546,4.32963728535967E-17,0.707106781186549));
#4833=DIRECTION('',(0.707106781186549,0.,0.707106781186546));
#4834=DIRECTION('',(-6.12303176911189E-17,-1.,0.));
#4835=DIRECTION('',(-6.12303176911189E-17,-1.,0.));
#4836=DIRECTION('',(1.,-6.12303176911189E-17,0.));
#4837=DIRECTION('',(0.707106781186546,-4.32963728535967E-17,-0.707106781186549));
#4838=DIRECTION('',(-0.707106781186549,0.,-0.707106781186546));
#4839=DIRECTION('',(-6.12303176911189E-17,-1.,0.));
#4840=DIRECTION('',(-0.258819045102519,1.58475723561393E-17,0.965925826289069));
#4841=DIRECTION('',(0.965925826289069,0.,0.258819045102519));
#4842=DIRECTION('',(-6.12303176911189E-17,-1.,0.));
#4843=DIRECTION('',(-6.12303176911189E-17,-1.,0.));
#4844=DIRECTION('',(1.,-6.12303176911189E-17,0.));
#4845=DIRECTION('',(-6.12303176911189E-17,-1.,0.));
#4846=DIRECTION('',(1.,-6.12303176911189E-17,0.));
#4847=DIRECTION('',(-6.12303176911189E-17,-1.,0.));
#4848=DIRECTION('',(0.258819045102523,-1.58475723561395E-17,0.965925826289068));
#4849=DIRECTION('',(0.965925826289068,0.,-0.258819045102523));
#4850=DIRECTION('',(-6.12303176911189E-17,-1.,0.));
#4851=DIRECTION('',(1.,-6.12303176911189E-17,0.));
#4852=DIRECTION('',(-6.12303176911189E-17,-1.,0.));
#4853=DIRECTION('',(0.258819045102518,-1.58475723561392E-17,-0.965925826289069));
#4854=DIRECTION('',(-0.965925826289069,0.,-0.258819045102518));
#4855=DIRECTION('',(-0.258819045102523,1.58475723561395E-17,-0.965925826289068));
#4856=DIRECTION('',(-0.965925826289068,0.,0.258819045102523));
#4857=DIRECTION('',(-6.12303176911189E-17,-1.,0.));
#4858=DIRECTION('',(0.707106781186548,-4.32963728535968E-17,0.707106781186547));
#4859=DIRECTION('',(0.707106781186547,0.,-0.707106781186548));
#4860=DIRECTION('',(-6.12303176911189E-17,-1.,0.));
#4861=DIRECTION('',(-6.12303176911189E-17,-1.,0.));
#4862=DIRECTION('',(1.,-6.12303176911189E-17,0.));
#4863=DIRECTION('',(-0.707106781186549,4.32963728535969E-17,-0.707106781186546));
#4864=DIRECTION('',(-0.707106781186546,0.,0.707106781186549));
#4865=DIRECTION('',(-6.12303176911189E-17,-1.,0.));
#4866=DIRECTION('',(0.965925826289069,-5.91439452097362E-17,0.25881904510252));
#4867=DIRECTION('',(0.25881904510252,0.,-0.965925826289069));
#4868=DIRECTION('',(-6.12303176911189E-17,-1.,0.));
#4869=DIRECTION('',(-6.12303176911189E-17,-1.,0.));
#4870=DIRECTION('',(1.,-6.12303176911189E-17,0.));
#4871=DIRECTION('',(-6.12303176911189E-17,-1.,0.));
#4872=DIRECTION('',(1.,-6.12303176911189E-17,0.));
#4873=DIRECTION('',(-6.12303176911189E-17,-1.,0.));
#4874=DIRECTION('',(-0.965925826289069,5.91439452097362E-17,-0.258819045102519));
#4875=DIRECTION('',(-0.258819045102519,0.,0.965925826289069));
#4876=DIRECTION('',(-6.12303176911189E-17,-1.,0.));
#4877=DIRECTION('',(1.,-6.12303176911189E-17,0.));
#4878=DIRECTION('',(-6.12303176911189E-17,-1.,0.));
#4879=DIRECTION('',(0.965925826289068,-5.91439452097361E-17,-0.258819045102522));
#4880=DIRECTION('',(-0.258819045102522,0.,-0.965925826289068));
#4881=DIRECTION('',(-0.965925826289068,5.91439452097361E-17,0.258819045102523));
#4882=DIRECTION('',(0.258819045102523,0.,0.965925826289068));
#4883=DIRECTION('',(-6.12303176911189E-17,-1.,0.));
#4884=DIRECTION('',(0.707106781186547,-4.32963728535967E-17,-0.707106781186548));
#4885=DIRECTION('',(-0.707106781186548,0.,-0.707106781186547));
#4886=DIRECTION('',(-6.12303176911189E-17,-1.,0.));
#4887=DIRECTION('',(-6.12303176911189E-17,-1.,0.));
#4888=DIRECTION('',(1.,-6.12303176911189E-17,0.));
#4889=DIRECTION('',(-0.707106781186546,4.32963728535967E-17,0.707106781186549));
#4890=DIRECTION('',(0.707106781186549,0.,0.707106781186546));
#4891=DIRECTION('',(-6.12303176911189E-17,-1.,0.));
#4892=DIRECTION('',(0.258819045102519,-1.58475723561393E-17,-0.965925826289069));
#4893=DIRECTION('',(-0.965925826289069,0.,-0.258819045102519));
#4894=DIRECTION('',(-6.12303176911189E-17,-1.,0.));
#4895=DIRECTION('',(-6.12303176911189E-17,-1.,0.));
#4896=DIRECTION('',(1.,-6.12303176911189E-17,0.));
#4897=DIRECTION('',(-7.30460944396991E-33,-1.19297265136179E-16,1.));
#4898=DIRECTION('',(6.12303176911189E-17,1.,1.19297265136179E-16));
#4899=DIRECTION('',(0.,0.,1.));
#4900=DIRECTION('',(1.,0.,0.));
#4901=DIRECTION('',(6.12303176911189E-17,1.,0.));
#4902=DIRECTION('',(-1.,6.12303176911189E-17,0.));
#4903=DIRECTION('',(6.12303176911189E-17,1.,0.));
#4904=DIRECTION('',(0.,1.,0.));
#4905=DIRECTION('',(0.,0.,1.));
#4906=DIRECTION('',(6.12303176911189E-17,1.,0.));
#4907=DIRECTION('',(0.,1.,0.));
#4908=DIRECTION('',(0.,0.,1.));
#4909=DIRECTION('',(0.,1.,0.));
#4910=DIRECTION('',(0.,0.,1.));
#4911=DIRECTION('',(-6.12303176911189E-17,-1.,0.));
#4912=DIRECTION('',(1.,-6.12303176911189E-17,0.));
#4913=DIRECTION('',(0.,1.,0.));
#4914=DIRECTION('',(0.,0.,1.));
#4915=DIRECTION('',(0.,0.,-1.));
#4916=DIRECTION('',(1.,0.,0.));
#4917=DIRECTION('',(-4.62592926927148E-16,0.,1.));
#4918=DIRECTION('',(1.,0.,0.));
#4919=DIRECTION('',(0.,0.,1.));
#4920=DIRECTION('',(1.,0.,0.));
#4921=DIRECTION('',(0.,0.,1.));
#4922=DIRECTION('',(0.,1.,0.));
#4923=DIRECTION('',(0.,0.,1.));
#4924=DIRECTION('',(-1.,0.,-1.15648231731787E-16));
#4925=DIRECTION('',(0.,1.,0.));
#4926=DIRECTION('',(0.,0.,1.));
#4927=DIRECTION('',(0.,0.,1.));
#4928=DIRECTION('',(0.,1.,0.));
#4929=DIRECTION('',(0.,0.,1.));
#4930=DIRECTION('',(1.,0.,-1.15648231731787E-16));
#4931=DIRECTION('',(0.,1.,0.));
#4932=DIRECTION('',(0.,0.,1.));
#4933=DIRECTION('',(0.,0.,1.));
#4934=DIRECTION('',(1.,0.,0.));
#4935=DIRECTION('',(0.,0.,1.));
#4936=DIRECTION('',(-1.,0.,0.));
#4937=DIRECTION('',(2.31296463463574E-16,0.,1.));
#4938=DIRECTION('',(-1.,0.,0.));
#4939=DIRECTION('',(0.,0.,-1.));
#4940=DIRECTION('',(0.,1.,0.));
#4941=DIRECTION('',(0.,0.,1.));
#4942=DIRECTION('',(-6.12303176911189E-17,-1.,0.));
#4943=DIRECTION('',(1.,-6.12303176911189E-17,0.));
#4944=DIRECTION('',(0.,1.,0.));
#4945=DIRECTION('',(0.,0.,1.));
#4946=DIRECTION('',(0.,0.,-1.));
#4947=DIRECTION('',(-1.,0.,0.));
#4948=DIRECTION('',(2.31296463463574E-16,0.,1.));
#4949=DIRECTION('',(-1.,0.,0.));
#4950=DIRECTION('',(0.,0.,1.));
#4951=DIRECTION('',(1.,0.,0.));
#4952=DIRECTION('',(0.,0.,1.));
#4953=DIRECTION('',(0.,1.,0.));
#4954=DIRECTION('',(0.,0.,1.));
#4955=DIRECTION('',(1.,0.,-1.15648231731787E-16));
#4956=DIRECTION('',(0.,1.,0.));
#4957=DIRECTION('',(0.,0.,1.));
#4958=DIRECTION('',(0.,0.,1.));
#4959=DIRECTION('',(0.,1.,0.));
#4960=DIRECTION('',(0.,0.,1.));
#4961=DIRECTION('',(-1.,0.,-1.15648231731787E-16));
#4962=DIRECTION('',(0.,1.,0.));
#4963=DIRECTION('',(0.,0.,1.));
#4964=DIRECTION('',(0.,0.,1.));
#4965=DIRECTION('',(1.,0.,0.));
#4966=DIRECTION('',(0.,0.,1.));
#4967=DIRECTION('',(1.,0.,0.));
#4968=DIRECTION('',(-4.62592926927148E-16,0.,1.));
#4969=DIRECTION('',(1.,0.,0.));
#4970=DIRECTION('',(0.,0.,-1.));
#4971=DIRECTION('',(0.,0.,1.));
#4972=DIRECTION('',(1.,0.,0.));
#4973=DIRECTION('',(1.,0.,4.62592926927148E-16));
#4974=DIRECTION('',(0.,1.,0.));
#4975=DIRECTION('',(1.,0.,0.));
#4976=DIRECTION('',(0.,1.,0.));
#4977=DIRECTION('',(-1.,0.,2.31296463463574E-16));
#4978=DIRECTION('',(2.31296463463574E-16,0.,1.));
#4979=DIRECTION('',(0.,1.,0.));
#4980=DIRECTION('',(2.31296463463574E-16,0.,1.));
#4981=DIRECTION('',(0.,1.,0.));
#4982=DIRECTION('',(2.31296463463574E-16,0.,1.));
#4983=DIRECTION('',(0.,1.,0.));
#4984=DIRECTION('',(4.62592926927148E-16,-1.92747052886311E-16,-1.));
#4985=DIRECTION('',(0.,-1.,0.));
#4986=DIRECTION('',(-4.62592926927148E-16,0.,1.));
#4987=DIRECTION('',(0.,0.,-1.));
#4988=DIRECTION('',(-1.,0.,0.));
#4989=DIRECTION('',(-1.,0.,0.));
#4990=DIRECTION('',(0.,1.,0.));
#4991=DIRECTION('',(1.,0.,4.62592926927148E-16));
#4992=DIRECTION('',(0.,1.,0.));
#4993=DIRECTION('',(0.,0.,-1.));
#4994=DIRECTION('',(-1.,0.,0.));
#4995=DIRECTION('',(1.,0.,4.62592926927148E-16));
#4996=DIRECTION('',(0.,1.,0.));
#4997=DIRECTION('',(-1.,0.,0.));
#4998=DIRECTION('',(0.,1.,0.));
#4999=DIRECTION('',(1.,0.,0.));
#5000=DIRECTION('',(0.,0.,-1.));
#5001=DIRECTION('',(0.,-1.92747052886311E-16,-1.));
#5002=DIRECTION('',(0.,1.,0.));
#5003=DIRECTION('',(0.,0.,-1.));
#5004=DIRECTION('',(0.,0.,-1.));
#5005=DIRECTION('',(0.,1.,0.));
#5006=DIRECTION('',(0.,0.,1.));
#5007=DIRECTION('',(0.,-1.,0.));
#5008=DIRECTION('',(1.,0.,0.));
#5009=DIRECTION('',(0.,0.,-1.));
#5010=DIRECTION('',(0.,0.,-1.));
#5011=DIRECTION('',(0.,1.,0.));
#5012=DIRECTION('',(0.,-1.92747052886312E-16,1.));
#5013=DIRECTION('',(0.,-1.,0.));
#5014=DIRECTION('',(0.,0.,-1.));
#5015=DIRECTION('',(0.,1.,0.));
#5016=DIRECTION('',(0.,0.,-1.));
#5017=DIRECTION('',(0.,0.,-1.));
#5018=DIRECTION('',(-1.,0.,0.));
#5019=DIRECTION('',(-1.,0.,0.));
#5020=DIRECTION('',(0.,1.,0.));
#5021=DIRECTION('',(-1.,0.,0.));
#5022=DIRECTION('',(0.,0.,1.));
#5023=DIRECTION('',(1.,0.,0.));
#5024=DIRECTION('',(1.,0.,0.));
#5025=DIRECTION('',(0.,1.,0.));
#5026=DIRECTION('',(1.,0.,4.62592926927148E-16));
#5027=DIRECTION('',(0.,1.,0.));
#5028=DIRECTION('',(-1.,0.,-4.62592926927148E-16));
#5029=DIRECTION('',(-4.62592926927148E-16,0.,1.));
#5030=DIRECTION('',(-4.62592926927148E-16,-1.92747052886312E-16,1.));
#5031=DIRECTION('',(0.,1.,0.));
#5032=DIRECTION('',(-4.62592926927148E-16,0.,1.));
#5033=DIRECTION('',(0.,1.,0.));
#5034=DIRECTION('',(-4.62592926927148E-16,0.,1.));
#5035=DIRECTION('',(0.,1.,0.));
#5036=DIRECTION('',(4.62592926927148E-16,0.,-1.));
#5037=DIRECTION('',(0.,-1.,0.));
#5038=DIRECTION('',(0.,0.,1.));
#5039=DIRECTION('',(1.,0.,0.));
#5040=DIRECTION('',(1.,0.,0.));
#5041=DIRECTION('',(0.,1.,0.));
#5042=DIRECTION('',(1.,0.,0.));
#5043=DIRECTION('',(1.,0.,0.));
#5044=DIRECTION('',(0.,0.,-1.));
#5045=DIRECTION('',(-1.,0.,0.));
#5046=DIRECTION('',(0.,1.,0.));
#5047=DIRECTION('',(0.,1.,0.));
#5048=DIRECTION('',(-1.,0.,0.));
#5049=DIRECTION('',(0.,1.,0.));
#5050=DIRECTION('',(0.,1.,0.));
#5051=DIRECTION('',(-1.,0.,0.));
#5052=DIRECTION('',(0.,1.,0.));
#5053=DIRECTION('',(1.15648231731787E-16,0.,-1.));
#5054=DIRECTION('',(-1.,0.,-1.15648231731787E-16));
#5055=DIRECTION('',(0.,1.,0.));
#5056=DIRECTION('',(0.,1.,0.));
#5057=DIRECTION('',(-1.,0.,0.));
#5058=DIRECTION('',(0.,0.,1.));
#5059=DIRECTION('',(0.,1.,0.));
#5060=DIRECTION('',(0.,1.,0.));
#5061=DIRECTION('',(1.15648231731787E-16,0.,1.));
#5062=DIRECTION('',(1.,0.,-1.15648231731787E-16));
#5063=DIRECTION('',(0.,1.,0.));
#5064=DIRECTION('',(0.,1.,0.));
#5065=DIRECTION('',(-1.,0.,0.));
#5066=DIRECTION('',(0.,0.,1.));
#5067=DIRECTION('',(0.,0.,1.));
#5068=DIRECTION('',(0.,1.,0.));
#5069=DIRECTION('',(0.,0.,1.));
#5070=DIRECTION('',(-1.,0.,0.));
#5071=DIRECTION('',(0.,0.,1.));
#5072=DIRECTION('',(0.,0.,1.));
#5073=DIRECTION('',(0.,1.,0.));
#5074=DIRECTION('',(0.,0.,1.));
#5075=DIRECTION('',(-1.,0.,0.));
#5076=DIRECTION('',(0.,0.,1.));
#5077=DIRECTION('',(-1.,0.,0.));
#5078=DIRECTION('',(0.,1.,0.));
#5079=DIRECTION('',(-6.12303176911189E-17,-1.,0.));
#5080=DIRECTION('',(0.,0.,1.));
#5081=DIRECTION('',(-6.12303176911189E-17,-1.,0.));
#5082=DIRECTION('',(1.,-6.12303176911189E-17,0.));
#5083=DIRECTION('',(-6.12303176911189E-17,-1.,0.));
#5084=DIRECTION('',(1.,-6.12303176911189E-17,0.));
#5085=DIRECTION('',(-6.12303176911189E-17,-1.,0.));
#5086=DIRECTION('',(1.,-6.12303176911189E-17,0.));
#5087=DIRECTION('',(-6.12303176911189E-17,-1.,0.));
#5088=DIRECTION('',(1.,-6.12303176911189E-17,0.));
#5089=DIRECTION('',(-6.12303176911189E-17,-1.,0.));
#5090=DIRECTION('',(1.,-6.12303176911189E-17,0.));
#5091=DIRECTION('',(-6.12303176911189E-17,-1.,0.));
#5092=DIRECTION('',(1.,-6.12303176911189E-17,0.));
#5093=DIRECTION('',(-6.12303176911189E-17,-1.,0.));
#5094=DIRECTION('',(1.,-6.12303176911189E-17,0.));
#5095=DIRECTION('',(-6.12303176911189E-17,-1.,0.));
#5096=DIRECTION('',(1.,-6.12303176911189E-17,0.));
#5097=DIRECTION('',(-8.91634233512606E-32,-1.,1.92747052886311E-16));
#5098=DIRECTION('',(0.,-1.92747052886311E-16,-1.));
#5099=DIRECTION('',(-8.91634233512606E-32,-1.,1.92747052886311E-16));
#5100=DIRECTION('',(0.,-1.92747052886311E-16,-1.));
#5101=DIRECTION('',(1.,0.,4.62592926927148E-16));
#5102=DIRECTION('',(-8.91634233512606E-32,-1.,1.92747052886311E-16));
#5103=DIRECTION('',(0.,-1.92747052886311E-16,-1.));
#5104=DIRECTION('',(-4.62592926927148E-16,0.,1.));
#5105=DIRECTION('',(1.,0.,4.62592926927148E-16));
#5106=DIRECTION('',(1.,0.,4.62592926927148E-16));
#5107=DIRECTION('',(0.,1.,0.));
#5108=DIRECTION('',(0.,0.,1.));
#5109=DIRECTION('',(0.,1.,0.));
#5110=DIRECTION('',(0.,0.,1.));
#5111=DIRECTION('',(0.,1.,0.));
#5112=DIRECTION('',(0.,0.,1.));
#5113=DIRECTION('',(-8.91634233512609E-32,1.,1.92747052886312E-16));
#5114=DIRECTION('',(0.,-1.92747052886312E-16,1.));
#5115=DIRECTION('',(-8.91634233512609E-32,1.,1.92747052886312E-16));
#5116=DIRECTION('',(0.,-1.92747052886312E-16,1.));
#5117=DIRECTION('',(-8.91634233512609E-32,1.,1.92747052886312E-16));
#5118=DIRECTION('',(0.,-1.92747052886312E-16,1.));
#5119=DIRECTION('',(1.,0.,4.62592926927148E-16));
#5120=DIRECTION('',(-4.62592926927148E-16,0.,1.));
#5121=DIRECTION('',(1.,0.,4.62592926927148E-16));
#5122=DIRECTION('',(1.,0.,4.62592926927148E-16));
#5123=DIRECTION('',(0.,-1.,0.));
#5124=DIRECTION('',(0.,0.,-1.));
#5125=DIRECTION('',(0.,-1.,0.));
#5126=DIRECTION('',(0.,0.,-1.));
#5127=DIRECTION('',(0.,-1.,0.));
#5128=DIRECTION('',(0.,0.,-1.));
#5129=DIRECTION('',(1.,0.,0.));
#5130=DIRECTION('',(0.,0.,-1.));
#5131=DIRECTION('',(-1.,0.,0.));
#5132=DIRECTION('',(0.,0.,1.));
#5133=DIRECTION('',(1.,0.,0.));
#5134=DIRECTION('',(0.,0.,-1.));
#5135=DIRECTION('',(-1.,0.,0.));
#5136=DIRECTION('',(0.,0.,1.));
#5137=DIRECTION('',(1.,0.,0.));
#5138=DIRECTION('',(0.,0.,-1.));
#5139=DIRECTION('',(-1.,0.,0.));
#5140=DIRECTION('',(0.,0.,1.));
#5141=DIRECTION('',(-1.,0.,0.));
#5142=DIRECTION('',(0.,0.,1.));
#5143=DIRECTION('',(-1.,0.,0.));
#5144=DIRECTION('',(0.,0.,1.));
#5145=DIRECTION('',(-1.,0.,0.));
#5146=DIRECTION('',(0.,0.,1.));
#5147=DIRECTION('',(-1.,0.,0.));
#5148=DIRECTION('',(0.,0.,1.));
#5149=DIRECTION('',(-1.,0.,0.));
#5150=DIRECTION('',(0.,0.,1.));
#5151=DIRECTION('',(1.,0.,0.));
#5152=DIRECTION('',(0.,0.,-1.));
#5153=DIRECTION('',(1.,0.,0.));
#5154=DIRECTION('',(0.,0.,-1.));
#5155=DIRECTION('',(1.,0.,0.));
#5156=DIRECTION('',(0.,0.,-1.));
#5157=DIRECTION('',(1.,0.,0.));
#5158=DIRECTION('',(0.,0.,-1.));
#5159=DIRECTION('',(1.,0.,0.));
#5160=DIRECTION('',(0.,0.,-1.));
#5161=DIRECTION('',(1.,0.,0.));
#5162=DIRECTION('',(0.,0.,-1.));
#5163=DIRECTION('',(-4.62592926927148E-16,0.,1.));
#5164=DIRECTION('',(1.,0.,4.62592926927148E-16));
#5165=DIRECTION('',(0.707106781186547,0.,0.707106781186548));
#5166=DIRECTION('',(0.707106781186548,0.,-0.707106781186547));
#5167=DIRECTION('',(0.,0.,-1.));
#5168=DIRECTION('',(-1.,0.,0.));
#5169=DIRECTION('',(-1.,0.,-4.62592926927148E-16));
#5170=DIRECTION('',(-4.62592926927148E-16,0.,1.));
#5171=DIRECTION('',(0.,1.,0.));
#5172=DIRECTION('',(0.,0.,1.));
#5173=DIRECTION('',(0.,1.,0.));
#5174=DIRECTION('',(0.,0.,1.));
#5175=DIRECTION('',(-2.31296463463574E-16,0.,-1.));
#5176=DIRECTION('',(-1.,0.,2.31296463463574E-16));
#5177=DIRECTION('',(0.707106781186547,0.,-0.707106781186548));
#5178=DIRECTION('',(0.707106781186548,0.,0.707106781186547));
#5179=DIRECTION('',(0.,0.,1.));
#5180=DIRECTION('',(1.,0.,0.));
#5181=DIRECTION('',(-1.,0.,2.31296463463574E-16));
#5182=DIRECTION('',(2.31296463463574E-16,0.,1.));
#5183=DIRECTION('',(0.,-1.,0.));
#5184=DIRECTION('',(0.,0.,-1.));
#5185=DIRECTION('',(0.,1.,0.));
#5186=DIRECTION('',(0.,0.,1.));
#5187=DIRECTION('',(0.,1.,0.));
#5188=DIRECTION('',(0.,0.,1.));
#5189=DIRECTION('',(0.,-1.,0.));
#5190=DIRECTION('',(0.,0.,-1.));
#5191=DIRECTION('',(-1.,0.,2.31296463463574E-16));
#5192=DIRECTION('',(2.31296463463574E-16,0.,1.));
#5193=DIRECTION('',(0.,0.,-1.));
#5194=DIRECTION('',(-1.,0.,0.));
#5195=DIRECTION('',(2.31296463463574E-16,0.,1.));
#5196=DIRECTION('',(1.,0.,-2.31296463463574E-16));
#5197=DIRECTION('',(-0.707106781186547,0.,0.707106781186548));
#5198=DIRECTION('',(-0.707106781186548,0.,-0.707106781186547));
#5199=DIRECTION('',(4.62592926927148E-16,0.,-1.));
#5200=DIRECTION('',(-1.,0.,-4.62592926927148E-16));
#5201=DIRECTION('',(0.,0.,-1.));
#5202=DIRECTION('',(-1.,0.,0.));
#5203=DIRECTION('',(-0.707106781186547,0.,-0.707106781186548));
#5204=DIRECTION('',(-0.707106781186548,0.,0.707106781186547));
#5205=DIRECTION('',(-1.,0.,-4.62592926927148E-16));
#5206=DIRECTION('',(-4.62592926927148E-16,0.,1.));
#5207=DIRECTION('',(0.,-1.,0.));
#5208=DIRECTION('',(0.,0.,-1.));
#5209=DIRECTION('',(0.,1.,0.));
#5210=DIRECTION('',(0.,0.,1.));
#5211=DIRECTION('',(1.,0.,0.));
#5212=DIRECTION('',(0.,0.,-1.));
#5213=DIRECTION('',(1.,0.,0.));
#5214=DIRECTION('',(0.,0.,-1.));
#5215=DIRECTION('',(-1.,0.,0.));
#5216=DIRECTION('',(0.,0.,1.));
#5217=DIRECTION('',(-1.,0.,0.));
#5218=DIRECTION('',(0.,0.,1.));
#5219=DIRECTION('',(1.,0.,0.));
#5220=DIRECTION('',(0.,0.,-1.));
#5221=DIRECTION('',(1.,0.,0.));
#5222=DIRECTION('',(0.,0.,-1.));
#5223=DIRECTION('',(-1.,0.,0.));
#5224=DIRECTION('',(0.,0.,1.));
#5225=DIRECTION('',(-1.,0.,0.));
#5226=DIRECTION('',(0.,0.,1.));
#5227=DIRECTION('',(0.,1.,0.));
#5228=DIRECTION('',(0.,0.,1.));
#5229=DIRECTION('',(0.,1.,0.));
#5230=DIRECTION('',(0.,0.,1.));
#5231=DIRECTION('',(0.,-1.,0.));
#5232=DIRECTION('',(0.,0.,-1.));
#5233=DIRECTION('',(-1.,0.,0.));
#5234=DIRECTION('',(0.,0.,1.));
#5235=DIRECTION('',(0.,0.,-1.));
#5236=DIRECTION('',(-1.,0.,0.));
#5237=DIRECTION('',(-1.,0.,0.));
#5238=DIRECTION('',(0.,0.,1.));
#5239=DIRECTION('',(0.,0.,-1.));
#5240=DIRECTION('',(-1.,0.,0.));
#5241=DIRECTION('',(0.,0.,1.));
#5242=DIRECTION('',(1.,0.,0.));
#5243=DIRECTION('',(0.,0.,-1.));
#5244=DIRECTION('',(-1.,0.,0.));
#5245=DIRECTION('',(-1.,0.,0.));
#5246=DIRECTION('',(0.,0.,1.));
#5247=DIRECTION('',(-1.,0.,0.));
#5248=DIRECTION('',(0.,0.,1.));
#5249=DIRECTION('',(0.,0.,1.));
#5250=DIRECTION('',(1.,0.,0.));
#5251=DIRECTION('',(0.,0.,-1.));
#5252=DIRECTION('',(-1.,0.,0.));
#5253=DIRECTION('',(0.,0.,-1.));
#5254=DIRECTION('',(-1.,0.,0.));
#5255=DIRECTION('',(0.,0.,-1.));
#5256=DIRECTION('',(-1.,0.,0.));
#5257=DIRECTION('',(-1.,0.,0.));
#5258=DIRECTION('',(0.,0.,1.));
#5259=DIRECTION('',(0.,1.,0.));
#5260=DIRECTION('',(0.,0.,1.));
#5261=DIRECTION('',(-1.,0.,0.));
#5262=DIRECTION('',(0.,0.,1.));
#5263=DIRECTION('',(0.,-1.,0.));
#5264=DIRECTION('',(0.,0.,-1.));
#5265=DIRECTION('',(0.,1.,0.));
#5266=DIRECTION('',(0.,0.,1.));
#5267=DIRECTION('',(0.,-1.,0.));
#5268=DIRECTION('',(0.,0.,-1.));
#5269=DIRECTION('',(0.,-1.,0.));
#5270=DIRECTION('',(0.,0.,-1.));
#5271=DIRECTION('',(0.,-1.,0.));
#5272=DIRECTION('',(0.,0.,-1.));
#5273=DIRECTION('',(0.,-1.,0.));
#5274=DIRECTION('',(0.,0.,-1.));
#5275=DIRECTION('',(0.,1.,0.));
#5276=DIRECTION('',(0.,0.,1.));
#5277=DIRECTION('',(0.,-1.,0.));
#5278=DIRECTION('',(0.,0.,-1.));
#5279=DIRECTION('',(1.,0.,0.));
#5280=DIRECTION('',(0.,0.,-1.));
#5281=DIRECTION('',(0.,0.,-1.));
#5282=DIRECTION('',(-1.,0.,0.));
#5283=DIRECTION('',(0.,0.,-1.));
#5284=DIRECTION('',(-1.,0.,0.));
#5285=DIRECTION('',(0.,1.,0.));
#5286=DIRECTION('',(0.,0.,1.));
#5287=DIRECTION('',(0.,0.,-1.));
#5288=DIRECTION('',(-1.,0.,0.));
#5289=DIRECTION('',(0.,0.,-1.));
#5290=DIRECTION('',(-1.,0.,0.));
#5291=DIRECTION('',(1.,0.,0.));
#5292=DIRECTION('',(0.,0.,-1.));
#5293=DIRECTION('',(0.,1.,0.));
#5294=DIRECTION('',(0.,0.,1.));
#5295=DIRECTION('',(0.,1.,0.));
#5296=DIRECTION('',(0.,0.,1.));
#5297=DIRECTION('',(0.,1.,0.));
#5298=DIRECTION('',(0.,0.,1.));
#5299=DIRECTION('',(0.,1.,0.));
#5300=DIRECTION('',(0.,0.,1.));
#5301=DIRECTION('',(1.,0.,0.));
#5302=DIRECTION('',(0.,0.,-1.));
#5303=DIRECTION('',(0.,0.,1.));
#5304=DIRECTION('',(1.,0.,0.));
#5305=DIRECTION('',(0.,0.,1.));
#5306=DIRECTION('',(1.,0.,0.));
#5307=DIRECTION('',(0.,1.,0.));
#5308=DIRECTION('',(0.,0.,1.));
#5309=DIRECTION('',(0.,0.,1.));
#5310=DIRECTION('',(1.,0.,0.));
#5311=DIRECTION('',(0.,0.,1.));
#5312=DIRECTION('',(1.,0.,0.));
#5313=DIRECTION('',(1.,0.,0.));
#5314=DIRECTION('',(0.,0.,-1.));
#5315=DIRECTION('',(0.,-1.,0.));
#5316=DIRECTION('',(0.,0.,-1.));
#5317=DIRECTION('',(0.,1.,0.));
#5318=DIRECTION('',(0.,0.,1.));
#5319=DIRECTION('',(-1.,0.,0.));
#5320=DIRECTION('',(0.,0.,1.));
#5321=DIRECTION('',(-1.,-1.18643698505519E-16,0.));
#5322=DIRECTION('',(1.18643698505519E-16,-1.,0.));
#5323=DIRECTION('',(-1.,-1.18643698505519E-16,0.));
#5324=DIRECTION('',(1.18643698505519E-16,-1.,0.));
#5325=DIRECTION('',(-1.,-1.18643698505519E-16,0.));
#5326=DIRECTION('',(1.18643698505519E-16,-1.,0.));
#5327=DIRECTION('',(1.,1.18643698505519E-16,0.));
#5328=DIRECTION('',(-1.18643698505519E-16,1.,0.));
#5329=DIRECTION('',(-1.,-1.18643698505519E-16,0.));
#5330=DIRECTION('',(1.18643698505519E-16,-1.,0.));
#5331=DIRECTION('',(-1.,-1.18643698505519E-16,0.));
#5332=DIRECTION('',(1.18643698505519E-16,-1.,0.));
#5333=DIRECTION('',(-1.,-1.18643698505519E-16,0.));
#5334=DIRECTION('',(1.18643698505519E-16,-1.,0.));
#5335=DIRECTION('',(1.,1.18643698505519E-16,0.));
#5336=DIRECTION('',(-1.18643698505519E-16,1.,0.));
#5337=DIRECTION('',(-1.,-1.18643698505519E-16,0.));
#5338=DIRECTION('',(1.18643698505519E-16,-1.,0.));
#5339=DIRECTION('',(0.,0.,1.));
#5340=DIRECTION('',(1.,0.,0.));
#5341=CARTESIAN_POINT('',(0.,0.,0.));
#5342=CARTESIAN_POINT('',(-13.611805537841,8.33455177431738E-16,13.611805537841));
#5343=CARTESIAN_POINT('',(-11.0058369319213,1.33921400257849E-15,11.0058369319212));
#5344=CARTESIAN_POINT('',(-19.25,1.17868361555404E-15,-3.09563610062753E-15));
#5345=CARTESIAN_POINT('',(-15.5646038543897,1.618348749521E-15,-2.50297919914884E-15));
#5346=CARTESIAN_POINT('',(-13.611805537841,8.33455177431738E-16,-13.611805537841));
#5347=CARTESIAN_POINT('',(-11.0058369319212,1.33921400257849E-15,-11.0058369319213));
#5348=CARTESIAN_POINT('',(-2.35744508835866E-15,1.44347111699568E-31,-19.25));
#5349=CARTESIAN_POINT('',(-1.90611422902749E-15,6.65323110780304E-16,-15.5646038543897));
#5350=CARTESIAN_POINT('',(13.611805537841,-8.33455177431738E-16,-13.611805537841));
#5351=CARTESIAN_POINT('',(11.0058369319212,-8.56778101788267E-18,-11.0058369319213));
#5352=CARTESIAN_POINT('',(19.25,-1.17868361555404E-15,-3.53616763253798E-15));
#5353=CARTESIAN_POINT('',(15.5646038543897,-2.87702527960392E-16,-2.85917134354124E-15));
#5354=CARTESIAN_POINT('',(13.611805537841,-8.33455177431738E-16,13.611805537841));
#5355=CARTESIAN_POINT('',(11.0058369319213,-8.56778101788286E-18,11.0058369319212));
#5356=CARTESIAN_POINT('',(-1.2858366715135E-15,-21.,0.));
#5357=CARTESIAN_POINT('',(-21.4476105895272,-21.,-1.50000000000001));
#5358=CARTESIAN_POINT('',(-21.4476105895272,-20.,-1.50000000000001));
#5359=CARTESIAN_POINT('',(-21.4476105895272,-16.,-1.50000000000001));
#5360=CARTESIAN_POINT('',(-9.79685083057902E-16,-16.,-2.51409199416928E-16));
#5361=CARTESIAN_POINT('',(-1.49999999999999,-16.,-21.4476105895272));
#5362=CARTESIAN_POINT('',(-1.49999999999999,-21.,-21.4476105895272));
#5363=CARTESIAN_POINT('',(-1.49999999999999,-20.,-21.4476105895272));
#5364=CARTESIAN_POINT('',(-1.22460635382238E-15,-20.,-5.02818398833854E-17));
#5365=CARTESIAN_POINT('',(-1.2858366715135E-15,-21.,0.));
#5366=CARTESIAN_POINT('',(-1.5,-21.,21.4476105895272));
#5367=CARTESIAN_POINT('',(-1.5,-20.,21.4476105895272));
#5368=CARTESIAN_POINT('',(-1.5,-16.,21.4476105895272));
#5369=CARTESIAN_POINT('',(-9.79685083057902E-16,-16.,-2.51409199416928E-16));
#5370=CARTESIAN_POINT('',(-21.4476105895272,-16.,1.50000000000001));
#5371=CARTESIAN_POINT('',(-21.4476105895272,-21.,1.50000000000001));
#5372=CARTESIAN_POINT('',(-21.4476105895272,-20.,1.50000000000001));
#5373=CARTESIAN_POINT('',(-1.22460635382238E-15,-20.,-5.02818398833854E-17));
#5374=CARTESIAN_POINT('',(-1.2858366715135E-15,-21.,0.));
#5375=CARTESIAN_POINT('',(21.4476105895272,-21.,1.5));
#5376=CARTESIAN_POINT('',(21.4476105895272,-20.,1.5));
#5377=CARTESIAN_POINT('',(21.4476105895272,-16.,1.5));
#5378=CARTESIAN_POINT('',(-9.79685083057902E-16,-16.,-2.51409199416928E-16));
#5379=CARTESIAN_POINT('',(1.50000000000001,-16.,21.4476105895272));
#5380=CARTESIAN_POINT('',(1.50000000000001,-21.,21.4476105895272));
#5381=CARTESIAN_POINT('',(1.50000000000001,-20.,21.4476105895272));
#5382=CARTESIAN_POINT('',(-1.22460635382238E-15,-20.,-5.02818398833855E-17));
#5383=CARTESIAN_POINT('',(-1.2858366715135E-15,-21.,21.5));
#5384=CARTESIAN_POINT('',(-1.2858366715135E-15,-21.,1.99732810342617E-31));
#5385=CARTESIAN_POINT('',(10.,-21.,1.99732810342617E-31));
#5386=CARTESIAN_POINT('',(-1.5,-21.,21.4476105895272));
#5387=CARTESIAN_POINT('',(-1.5,-21.,20.4450483002609));
#5388=CARTESIAN_POINT('',(-1.5,-21.,19.9476105895272));
#5389=CARTESIAN_POINT('',(-1.2858366715135E-15,-21.,5.94017458343705E-31));
#5390=CARTESIAN_POINT('',(-20.4450483002609,-21.,1.50000000000001));
#5391=CARTESIAN_POINT('',(-21.4476105895272,-21.,1.50000000000001));
#5392=CARTESIAN_POINT('',(-19.9476105895272,-21.,1.50000000000001));
#5393=CARTESIAN_POINT('',(-19.9476105895272,-21.,1.50000000000001));
#5394=CARTESIAN_POINT('',(-19.9476105895272,-21.,-1.5));
#5395=CARTESIAN_POINT('',(-21.4476105895272,-21.,-1.50000000000001));
#5396=CARTESIAN_POINT('',(-20.4450483002609,-21.,-1.50000000000001));
#5397=CARTESIAN_POINT('',(-1.2858366715135E-15,-21.,3.60708884436734E-31));
#5398=CARTESIAN_POINT('',(-1.49999999999999,-21.,-20.4450483002609));
#5399=CARTESIAN_POINT('',(-1.49999999999999,-21.,-21.4476105895272));
#5400=CARTESIAN_POINT('',(-1.5,-21.,-19.9476105895272));
#5401=CARTESIAN_POINT('',(-1.5,-21.,-19.9476105895272));
#5402=CARTESIAN_POINT('',(1.50000000000001,-21.,-19.9476105895272));
#5403=CARTESIAN_POINT('',(1.49999999999999,-21.,-21.4476105895272));
#5404=CARTESIAN_POINT('',(1.49999999999999,-21.,-20.4450483002609));
#5405=CARTESIAN_POINT('',(-1.2858366715135E-15,-21.,3.2121390044145E-31));
#5406=CARTESIAN_POINT('',(20.4450483002609,-21.,-1.50000000000001));
#5407=CARTESIAN_POINT('',(21.4476105895272,-21.,-1.50000000000001));
#5408=CARTESIAN_POINT('',(19.9476105895272,-21.,-1.50000000000001));
#5409=CARTESIAN_POINT('',(19.9476105895272,-21.,1.50000000000001));
#5410=CARTESIAN_POINT('',(19.9476105895272,-21.,1.5));
#5411=CARTESIAN_POINT('',(21.4476105895272,-21.,1.5));
#5412=CARTESIAN_POINT('',(20.4450483002609,-21.,1.50000000000001));
#5413=CARTESIAN_POINT('',(-1.2858366715135E-15,-21.,5.5452247434842E-31));
#5414=CARTESIAN_POINT('',(1.50000000000001,-21.,20.4450483002609));
#5415=CARTESIAN_POINT('',(1.50000000000001,-21.,21.4476105895272));
#5416=CARTESIAN_POINT('',(1.50000000000001,-21.,19.9476105895272));
#5417=CARTESIAN_POINT('',(-1.5,-21.,19.9476105895272));
#5418=CARTESIAN_POINT('',(8.57224447675665E-16,14.,-1.7598643959185E-15));
#5419=CARTESIAN_POINT('',(-9.18454765366783E-16,-15.,-3.01691039300314E-16));
#5420=CARTESIAN_POINT('',(12.364965337851,-15.,-3.01691039300314E-16));
#5421=CARTESIAN_POINT('',(8.57224447675665E-16,14.,-1.7598643959185E-15));
#5422=CARTESIAN_POINT('',(14.7816320045177,14.,-1.7598643959185E-15));
#5423=CARTESIAN_POINT('',(-9.18454765366783E-16,-15.,12.364965337851));
#5424=CARTESIAN_POINT('',(-1.49948099266138E-15,-15.,1.5));
#5425=CARTESIAN_POINT('',(-19.9476105895272,-15.,1.50000000000001));
#5426=CARTESIAN_POINT('',(-20.4450483002609,-15.,1.5));
#5427=CARTESIAN_POINT('',(-9.18454765366783E-16,-15.,-3.01691039300314E-16));
#5428=CARTESIAN_POINT('',(-1.5,-15.,20.4450483002609));
#5429=CARTESIAN_POINT('',(-1.5,-15.,12.364965337851));
#5430=CARTESIAN_POINT('',(-1.5,-15.,19.9476105895272));
#5431=CARTESIAN_POINT('',(-9.18454765366783E-16,-15.,19.9476105895272));
#5432=CARTESIAN_POINT('',(1.50000000000001,-15.,19.9476105895272));
#5433=CARTESIAN_POINT('',(1.50000000000003,-15.,12.364965337851));
#5434=CARTESIAN_POINT('',(1.50000000000001,-15.,20.4450483002609));
#5435=CARTESIAN_POINT('',(-9.18454765366783E-16,-15.,-3.01691039300314E-16));
#5436=CARTESIAN_POINT('',(20.4450483002609,-15.,1.50000000000001));
#5437=CARTESIAN_POINT('',(-1.1912952520426E-14,-15.,1.50000000000003));
#5438=CARTESIAN_POINT('',(19.9476105895272,-15.,1.50000000000001));
#5439=CARTESIAN_POINT('',(19.9476105895273,-15.,12.3649653378509));
#5440=CARTESIAN_POINT('',(19.9476105895272,-15.,-1.50000000000001));
#5441=CARTESIAN_POINT('',(-9.18454765366783E-16,-15.,-1.50000000000001));
#5442=CARTESIAN_POINT('',(20.4450483002609,-15.,-1.50000000000001));
#5443=CARTESIAN_POINT('',(-9.18454765366783E-16,-15.,-3.01691039300314E-16));
#5444=CARTESIAN_POINT('',(1.49999999999999,-15.,-20.4450483002609));
#5445=CARTESIAN_POINT('',(1.49999999999997,-15.,12.364965337851));
#5446=CARTESIAN_POINT('',(1.50000000000001,-15.,-19.9476105895272));
#5447=CARTESIAN_POINT('',(-9.18454765366783E-16,-15.,-19.9476105895272));
#5448=CARTESIAN_POINT('',(-1.5,-15.,-19.9476105895272));
#5449=CARTESIAN_POINT('',(-1.49999999999987,-15.,12.364965337851));
#5450=CARTESIAN_POINT('',(-1.49999999999999,-15.,-20.4450483002609));
#5451=CARTESIAN_POINT('',(-9.18454765366783E-16,-15.,-3.01691039300314E-16));
#5452=CARTESIAN_POINT('',(-20.4450483002609,-15.,-1.50000000000001));
#5453=CARTESIAN_POINT('',(-2.46450902439195E-14,-15.,-1.50000000000004));
#5454=CARTESIAN_POINT('',(-19.9476105895272,-15.,-1.50000000000001));
#5455=CARTESIAN_POINT('',(-19.9476105895272,-15.,12.364965337851));
#5456=CARTESIAN_POINT('',(-1.2858366715135E-15,-21.,0.));
#5457=CARTESIAN_POINT('',(1.49999999999999,-21.,-21.4476105895272));
#5458=CARTESIAN_POINT('',(1.49999999999999,-20.,-21.4476105895272));
#5459=CARTESIAN_POINT('',(1.49999999999999,-16.,-21.4476105895272));
#5460=CARTESIAN_POINT('',(-9.79685083057902E-16,-16.,-2.51409199416928E-16));
#5461=CARTESIAN_POINT('',(21.4476105895272,-16.,-1.50000000000001));
#5462=CARTESIAN_POINT('',(21.4476105895272,-21.,-1.50000000000001));
#5463=CARTESIAN_POINT('',(21.4476105895272,-20.,-1.50000000000001));
#5464=CARTESIAN_POINT('',(-1.22460635382238E-15,-20.,-5.02818398833855E-17));
#5465=CARTESIAN_POINT('',(-1.2858366715135E-15,-21.,0.));
#5466=CARTESIAN_POINT('',(8.57224447675665E-16,14.,-1.7598643959185E-15));
#5467=CARTESIAN_POINT('',(10.,14.,-1.7598643959185E-15));
#5468=CARTESIAN_POINT('',(8.57224447675664E-16,14.,14.7816320045177));
#5469=CARTESIAN_POINT('',(-1.5,-13.51,19.9476105895272));
#5470=CARTESIAN_POINT('',(-1.5,-13.51,19.9476105895272));
#5471=CARTESIAN_POINT('',(1.50000000000001,-13.51,19.9476105895272));
#5472=CARTESIAN_POINT('',(-1.5,-13.51,21.4476105895272));
#5473=CARTESIAN_POINT('',(-1.5,-15.,20.4450483002609));
#5474=CARTESIAN_POINT('',(-1.5,-15.3333124203431,20.7792565895583));
#5475=CARTESIAN_POINT('',(-1.5,-15.6666467288048,21.1134430466776));
#5476=CARTESIAN_POINT('',(-1.5,-16.,21.4476105895272));
#5477=CARTESIAN_POINT('',(-1.5,-20.,21.4476105895272));
#5478=CARTESIAN_POINT('',(-1.5,-20.3333532711952,21.1134430466776));
#5479=CARTESIAN_POINT('',(-1.5,-20.6666875796569,20.7792565895583));
#5480=CARTESIAN_POINT('',(-1.5,-21.,20.4450483002609));
#5481=CARTESIAN_POINT('',(1.50000000000001,-13.51,21.4476105895272));
#5482=CARTESIAN_POINT('',(1.50000000000001,-16.,21.4476105895272));
#5483=CARTESIAN_POINT('',(1.50000000000001,-15.6666467288048,21.1134430466776));
#5484=CARTESIAN_POINT('',(1.50000000000001,-15.3333124203431,20.7792565895583));
#5485=CARTESIAN_POINT('',(1.50000000000001,-15.,20.4450483002609));
#5486=CARTESIAN_POINT('',(1.50000000000001,-21.,20.4450483002609));
#5487=CARTESIAN_POINT('',(1.50000000000001,-20.6666875796569,20.7792565895583));
#5488=CARTESIAN_POINT('',(1.50000000000001,-20.3333532711952,21.1134430466776));
#5489=CARTESIAN_POINT('',(1.50000000000001,-20.,21.4476105895272));
#5490=CARTESIAN_POINT('',(19.9476105895272,-13.51,1.50000000000001));
#5491=CARTESIAN_POINT('',(19.9476105895272,-13.51,1.50000000000001));
#5492=CARTESIAN_POINT('',(19.9476105895272,-13.51,-1.50000000000001));
#5493=CARTESIAN_POINT('',(21.4476105895272,-13.51,-1.50000000000001));
#5494=CARTESIAN_POINT('',(21.4476105895272,-16.,-1.50000000000001));
#5495=CARTESIAN_POINT('',(21.1134430466776,-15.6666467288048,-1.50000000000001));
#5496=CARTESIAN_POINT('',(20.7792565895583,-15.3333124203431,-1.50000000000001));
#5497=CARTESIAN_POINT('',(20.4450483002609,-15.,-1.50000000000001));
#5498=CARTESIAN_POINT('',(20.4450483002609,-21.,-1.50000000000001));
#5499=CARTESIAN_POINT('',(20.7792565895583,-20.6666875796569,-1.50000000000001));
#5500=CARTESIAN_POINT('',(21.1134430466776,-20.3333532711952,-1.50000000000001));
#5501=CARTESIAN_POINT('',(21.4476105895272,-20.,-1.50000000000001));
#5502=CARTESIAN_POINT('',(21.4476105895272,-13.51,1.5));
#5503=CARTESIAN_POINT('',(20.4450483002609,-15.,1.50000000000001));
#5504=CARTESIAN_POINT('',(20.7792565895583,-15.3333124203431,1.50000000000001));
#5505=CARTESIAN_POINT('',(21.1134430466776,-15.6666467288048,1.5));
#5506=CARTESIAN_POINT('',(21.4476105895272,-16.,1.5));
#5507=CARTESIAN_POINT('',(21.4476105895272,-20.,1.5));
#5508=CARTESIAN_POINT('',(21.1134430466776,-20.3333532711952,1.50000000000001));
#5509=CARTESIAN_POINT('',(20.7792565895583,-20.6666875796569,1.50000000000001));
#5510=CARTESIAN_POINT('',(20.4450483002609,-21.,1.50000000000001));
#5511=CARTESIAN_POINT('',(-19.9476105895272,-13.51,1.50000000000001));
#5512=CARTESIAN_POINT('',(-19.9476105895272,-13.51,-1.50000000000001));
#5513=CARTESIAN_POINT('',(-19.9476105895272,-13.51,1.50000000000001));
#5514=CARTESIAN_POINT('',(-21.4476105895272,-13.51,-1.50000000000001));
#5515=CARTESIAN_POINT('',(-20.4450483002609,-15.,-1.50000000000001));
#5516=CARTESIAN_POINT('',(-20.7792565895583,-15.3333124203431,-1.50000000000001));
#5517=CARTESIAN_POINT('',(-21.1134430466776,-15.6666467288048,-1.50000000000001));
#5518=CARTESIAN_POINT('',(-21.4476105895272,-16.,-1.50000000000001));
#5519=CARTESIAN_POINT('',(-21.4476105895272,-20.,-1.50000000000001));
#5520=CARTESIAN_POINT('',(-21.1134430466776,-20.3333532711952,-1.50000000000001));
#5521=CARTESIAN_POINT('',(-20.7792565895583,-20.6666875796569,-1.50000000000001));
#5522=CARTESIAN_POINT('',(-20.4450483002609,-21.,-1.50000000000001));
#5523=CARTESIAN_POINT('',(-21.4476105895272,-13.51,1.50000000000001));
#5524=CARTESIAN_POINT('',(-21.4476105895272,-16.,1.50000000000001));
#5525=CARTESIAN_POINT('',(-21.1134430466776,-15.6666467288048,1.50000000000001));
#5526=CARTESIAN_POINT('',(-20.7792565895583,-15.3333124203431,1.50000000000001));
#5527=CARTESIAN_POINT('',(-20.4450483002609,-15.,1.50000000000001));
#5528=CARTESIAN_POINT('',(-20.4450483002609,-21.,1.50000000000001));
#5529=CARTESIAN_POINT('',(-20.7792565895583,-20.6666875796569,1.50000000000001));
#5530=CARTESIAN_POINT('',(-21.1134430466776,-20.3333532711952,1.50000000000001));
#5531=CARTESIAN_POINT('',(-21.4476105895272,-20.,1.50000000000001));
#5532=CARTESIAN_POINT('',(-1.5,-13.51,-19.9476105895272));
#5533=CARTESIAN_POINT('',(1.50000000000001,-13.51,-19.9476105895272));
#5534=CARTESIAN_POINT('',(-1.5,-13.51,-19.9476105895272));
#5535=CARTESIAN_POINT('',(1.49999999999999,-13.51,-21.4476105895272));
#5536=CARTESIAN_POINT('',(1.49999999999999,-15.,-20.4450483002609));
#5537=CARTESIAN_POINT('',(1.49999999999999,-15.3333124203431,-20.7792565895584));
#5538=CARTESIAN_POINT('',(1.49999999999999,-15.6666467288048,-21.1134430466776));
#5539=CARTESIAN_POINT('',(1.49999999999999,-16.,-21.4476105895272));
#5540=CARTESIAN_POINT('',(1.49999999999999,-20.,-21.4476105895272));
#5541=CARTESIAN_POINT('',(1.49999999999999,-20.3333532711952,-21.1134430466776));
#5542=CARTESIAN_POINT('',(1.49999999999999,-20.6666875796569,-20.7792565895583));
#5543=CARTESIAN_POINT('',(1.49999999999999,-21.,-20.4450483002609));
#5544=CARTESIAN_POINT('',(-1.49999999999999,-13.51,-21.4476105895272));
#5545=CARTESIAN_POINT('',(-1.49999999999999,-16.,-21.4476105895272));
#5546=CARTESIAN_POINT('',(-1.49999999999999,-15.6666467288048,-21.1134430466776));
#5547=CARTESIAN_POINT('',(-1.49999999999999,-15.3333124203431,-20.7792565895583));
#5548=CARTESIAN_POINT('',(-1.49999999999999,-15.,-20.4450483002609));
#5549=CARTESIAN_POINT('',(-1.49999999999999,-21.,-20.4450483002609));
#5550=CARTESIAN_POINT('',(-1.49999999999999,-20.6666875796569,-20.7792565895583));
#5551=CARTESIAN_POINT('',(-1.49999999999999,-20.3333532711952,-21.1134430466776));
#5552=CARTESIAN_POINT('',(-1.49999999999999,-20.,-21.4476105895272));
#5553=CARTESIAN_POINT('',(-9.79685083057902E-16,-16.,-2.51409199416928E-16));
#5554=CARTESIAN_POINT('',(-1.2858366715135E-15,-21.,4.03258015818321E-31));
#5555=CARTESIAN_POINT('',(-9.79685083057902E-16,-16.,-2.51409199416928E-16));
#5556=CARTESIAN_POINT('',(-1.2858366715135E-15,-21.,4.03258015818321E-31));
#5557=CARTESIAN_POINT('',(-9.79685083057902E-16,-16.,-2.51409199416928E-16));
#5558=CARTESIAN_POINT('',(-1.2858366715135E-15,-21.,4.03258015818321E-31));
#5559=CARTESIAN_POINT('',(-9.79685083057902E-16,-16.,-2.51409199416928E-16));
#5560=CARTESIAN_POINT('',(-1.2858366715135E-15,-21.,4.03258015818321E-31));
#5561=CARTESIAN_POINT('',(4.59227382683391E-16,7.5,24.8947785690092));
#5562=CARTESIAN_POINT('',(4.59227382683391E-16,7.49999999999999,0.));
#5563=CARTESIAN_POINT('',(24.8947785690092,7.49999999999999,0.));
#5564=CARTESIAN_POINT('',(4.59227382683391E-16,7.5,0.));
#5565=CARTESIAN_POINT('',(21.5,7.5,0.));
#5566=CARTESIAN_POINT('',(0.,0.,-1.73472347597681E-15));
#5567=CARTESIAN_POINT('',(-4.59227382683392E-16,-7.5,0.));
#5568=CARTESIAN_POINT('',(24.8947785690092,-7.5,0.));
#5569=CARTESIAN_POINT('',(-4.59227382683391E-16,-7.5,24.8947785690092));
#5570=CARTESIAN_POINT('',(-4.59227382683392E-16,-7.5,0.));
#5571=CARTESIAN_POINT('',(21.5,-7.5,0.));
#5572=CARTESIAN_POINT('',(-1.53159860666952E-15,-25.0137295448276,0.));
#5573=CARTESIAN_POINT('',(-1.79494174268432E-16,-2.931459137186,0.));
#5574=CARTESIAN_POINT('',(21.5,-2.931459137186,0.));
#5575=CARTESIAN_POINT('',(0.,0.,0.));
#5576=CARTESIAN_POINT('',(1.79494174268432E-16,2.931459137186,0.));
#5577=CARTESIAN_POINT('',(21.5,2.931459137186,0.));
#5578=CARTESIAN_POINT('',(-1.53159860666952E-15,-25.0137295448276,0.));
#5579=CARTESIAN_POINT('',(-8.26609288830105E-16,-13.5,17.));
#5580=CARTESIAN_POINT('',(-8.26609288830105E-16,-13.5,0.));
#5581=CARTESIAN_POINT('',(17.,-13.5,0.));
#5582=CARTESIAN_POINT('',(-8.26609288830105E-16,-13.5,0.));
#5583=CARTESIAN_POINT('',(12.5,-13.5,0.));
#5584=CARTESIAN_POINT('',(-1.53159860666952E-15,-25.0137295448276,0.));
#5585=CARTESIAN_POINT('',(-1.79494174268432E-16,-2.931459137186,0.));
#5586=CARTESIAN_POINT('',(17.,-2.931459137186,0.));
#5587=CARTESIAN_POINT('',(0.,0.,0.));
#5588=CARTESIAN_POINT('',(1.79494174268432E-16,2.931459137186,0.));
#5589=CARTESIAN_POINT('',(17.,2.931459137186,0.));
#5590=CARTESIAN_POINT('',(-1.53159860666952E-15,-25.0137295448276,0.));
#5591=CARTESIAN_POINT('',(7.86809582330877E-16,12.85,0.));
#5592=CARTESIAN_POINT('',(-17.,12.85,0.));
#5593=CARTESIAN_POINT('',(8.26609288830105E-16,13.5,17.));
#5594=CARTESIAN_POINT('',(8.26609288830105E-16,13.5,0.));
#5595=CARTESIAN_POINT('',(-16.35,13.5,0.));
#5596=CARTESIAN_POINT('',(8.26609288830105E-16,13.5,0.));
#5597=CARTESIAN_POINT('',(14.75,13.5,0.));
#5598=CARTESIAN_POINT('',(8.26609288830105E-16,13.5,0.));
#5599=CARTESIAN_POINT('',(7.86809582330877E-16,12.85,0.));
#5600=CARTESIAN_POINT('',(-9.1784246218987E-16,-14.99,0.));
#5601=CARTESIAN_POINT('',(-9.1784246218987E-16,-14.99,0.));
#5602=CARTESIAN_POINT('',(-16.2264110598829,-14.99,-14.1050907163233));
#5603=CARTESIAN_POINT('',(-14.1050907163233,-14.99,-16.226411059883));
#5604=CARTESIAN_POINT('',(-16.2264110598829,-14.99,-14.1050907163233));
#5605=CARTESIAN_POINT('',(-16.9351387510344,-15.9898500103725,-14.8138184074748));
#5606=CARTESIAN_POINT('',(-17.6437476252175,-16.9898684133475,-15.5224272816579));
#5607=CARTESIAN_POINT('',(-18.3522766375704,-17.99,-16.2309562940108));
#5608=CARTESIAN_POINT('',(-18.3522766375704,-17.99,-16.2309562940108));
#5609=CARTESIAN_POINT('',(-1.10153341526323E-15,-17.99,0.));
#5610=CARTESIAN_POINT('',(-16.2309562940107,-17.99,-18.3522766375704));
#5611=CARTESIAN_POINT('',(-16.2309562940107,-17.99,-18.3522766375704));
#5612=CARTESIAN_POINT('',(-15.5224272816578,-16.9898684133476,-17.6437476252175));
#5613=CARTESIAN_POINT('',(-14.8138184074748,-15.9898500103725,-16.9351387510345));
#5614=CARTESIAN_POINT('',(-14.1050907163233,-14.99,-16.226411059883));
#5615=CARTESIAN_POINT('',(-9.1784246218987E-16,-14.99,0.));
#5616=CARTESIAN_POINT('',(-1.10153341526323E-15,-17.99,0.));
#5617=CARTESIAN_POINT('',(-24.009015932421,-17.99,-4.88028215954307));
#5618=CARTESIAN_POINT('',(-23.2325587971134,-17.99,-7.7780596384103));
#5619=CARTESIAN_POINT('',(-23.2325587971134,-17.99,-7.7780596384103));
#5620=CARTESIAN_POINT('',(-22.264690166921,-16.9898684133475,-7.51872002057082));
#5621=CARTESIAN_POINT('',(-21.2967124434399,-15.9898500103724,-7.25935117127274));
#5622=CARTESIAN_POINT('',(-20.3285724129615,-14.99,-6.99993883194581));
#5623=CARTESIAN_POINT('',(-20.3285724129615,-14.99,-6.99993883194581));
#5624=CARTESIAN_POINT('',(-9.1784246218987E-16,-14.99,0.));
#5625=CARTESIAN_POINT('',(-21.105029548269,-14.99,-4.10216135307859));
#5626=CARTESIAN_POINT('',(-21.105029548269,-14.99,-4.10216135307858));
#5627=CARTESIAN_POINT('',(-22.0731695787474,-15.9898500103724,-4.36157369240551));
#5628=CARTESIAN_POINT('',(-23.0411473022286,-16.9898684133475,-4.62094254170359));
#5629=CARTESIAN_POINT('',(-24.009015932421,-17.99,-4.88028215954307));
#5630=CARTESIAN_POINT('',(-1.10153341526323E-15,-17.99,0.));
#5631=CARTESIAN_POINT('',(-18.3522766375704,-17.99,-16.2309562940108));
#5632=CARTESIAN_POINT('',(-18.5993973765727,-17.6411741192187,-16.4780770330131));
#5633=CARTESIAN_POINT('',(-18.8465082217799,-17.2923342212804,-16.7251878782203));
#5634=CARTESIAN_POINT('',(-19.093610343225,-16.9434819638439,-16.9722899996654));
#5635=CARTESIAN_POINT('',(-19.093610343225,-16.9434819638439,-16.9722899996654));
#5636=CARTESIAN_POINT('',(-1.0374547834399E-15,-16.9434819638439,0.));
#5637=CARTESIAN_POINT('',(-16.9722899996653,-16.9434819638439,-19.093610343225));
#5638=CARTESIAN_POINT('',(-16.9722899996653,-16.9434819638439,-19.093610343225));
#5639=CARTESIAN_POINT('',(-16.7251878782202,-17.2923342212804,-18.8465082217799));
#5640=CARTESIAN_POINT('',(-16.478077033013,-17.6411741192187,-18.5993973765728));
#5641=CARTESIAN_POINT('',(-16.2309562940107,-17.99,-18.3522766375704));
#5642=CARTESIAN_POINT('',(-1.10153341526323E-15,-17.99,0.));
#5643=CARTESIAN_POINT('',(-1.0374547834399E-15,-16.9434819638439,0.));
#5644=CARTESIAN_POINT('',(-25.0216966070268,-16.9434819638439,-5.1516291284943));
#5645=CARTESIAN_POINT('',(-24.2452394717193,-16.9434819638439,-8.04940660736154));
#5646=CARTESIAN_POINT('',(-24.2452394717192,-16.9434819638439,-8.04940660736154));
#5647=CARTESIAN_POINT('',(-23.9076916964962,-17.2923342212804,-7.95896095358361));
#5648=CARTESIAN_POINT('',(-23.5701320043926,-17.6411741192187,-7.86851210668714));
#5649=CARTESIAN_POINT('',(-23.2325587971134,-17.99,-7.77805963841031));
#5650=CARTESIAN_POINT('',(-24.009015932421,-17.99,-4.88028215954307));
#5651=CARTESIAN_POINT('',(-24.3465891397002,-17.6411741192187,-4.9707346278199));
#5652=CARTESIAN_POINT('',(-24.6841488318038,-17.2923342212804,-5.06118347471637));
#5653=CARTESIAN_POINT('',(-25.0216966070268,-16.9434819638439,-5.1516291284943));
#5654=CARTESIAN_POINT('',(-1.0374547834399E-15,-16.9434819638439,0.));
#5655=CARTESIAN_POINT('',(-19.093610343225,-16.9434819638439,-16.9722899996654));
#5656=CARTESIAN_POINT('',(-18.2828230927818,-15.7988339091704,-16.1615027492222));
#5657=CARTESIAN_POINT('',(-17.4719440357953,-14.6543159478961,-15.3506236922357));
#5658=CARTESIAN_POINT('',(-16.6609224185399,-13.51,-14.5396020749804));
#5659=CARTESIAN_POINT('',(-16.6609224185399,-13.51,-14.5396020749804));
#5660=CARTESIAN_POINT('',(-8.27221592007016E-16,-13.51,0.));
#5661=CARTESIAN_POINT('',(-14.5396020749803,-13.51,-16.66092241854));
#5662=CARTESIAN_POINT('',(-14.5396020749803,-13.51,-16.66092241854));
#5663=CARTESIAN_POINT('',(-15.3506236922356,-14.6543159478961,-17.4719440357953));
#5664=CARTESIAN_POINT('',(-16.1615027492221,-15.7988339091704,-18.2828230927819));
#5665=CARTESIAN_POINT('',(-16.9722899996653,-16.9434819638439,-19.093610343225));
#5666=CARTESIAN_POINT('',(-1.0374547834399E-15,-16.9434819638439,0.));
#5667=CARTESIAN_POINT('',(-8.27221592007016E-16,-13.51,0.));
#5668=CARTESIAN_POINT('',(-21.6985831024274,-13.51,-4.26120354857995));
#5669=CARTESIAN_POINT('',(-20.9221259671199,-13.51,-7.15898102744718));
#5670=CARTESIAN_POINT('',(-20.9221259671199,-13.51,-7.15898102744718));
#5671=CARTESIAN_POINT('',(-22.030002099309,-14.6543159478962,-7.45583554238097));
#5672=CARTESIAN_POINT('',(-23.1376834905494,-15.7988339091704,-7.75263787663482));
#5673=CARTESIAN_POINT('',(-24.2452394717193,-16.9434819638439,-8.04940660736154));
#5674=CARTESIAN_POINT('',(-25.0216966070268,-16.9434819638439,-5.1516291284943));
#5675=CARTESIAN_POINT('',(-23.914140625857,-15.7988339091704,-4.85486039776758));
#5676=CARTESIAN_POINT('',(-22.8064592346166,-14.6543159478961,-4.55805806351374));
#5677=CARTESIAN_POINT('',(-21.6985831024274,-13.51,-4.26120354857995));
#5678=CARTESIAN_POINT('',(-9.1784246218987E-16,-14.99,0.));
#5679=CARTESIAN_POINT('',(-9.1784246218987E-16,-14.99,0.));
#5680=CARTESIAN_POINT('',(-6.99993883194571,-14.99,-20.3285724129615));
#5681=CARTESIAN_POINT('',(-4.1021613530785,-14.99,-21.1050295482691));
#5682=CARTESIAN_POINT('',(-6.99993883194572,-14.99,-20.3285724129615));
#5683=CARTESIAN_POINT('',(-7.25935117127266,-15.9898500103725,-21.2967124434399));
#5684=CARTESIAN_POINT('',(-7.51872002057075,-16.9898684133475,-22.2646901669211));
#5685=CARTESIAN_POINT('',(-7.77805963841023,-17.99,-23.2325587971135));
#5686=CARTESIAN_POINT('',(-7.77805963841023,-17.99,-23.2325587971135));
#5687=CARTESIAN_POINT('',(-1.10153341526323E-15,-17.99,0.));
#5688=CARTESIAN_POINT('',(-4.88028215954299,-17.99,-24.009015932421));
#5689=CARTESIAN_POINT('',(-4.88028215954299,-17.99,-24.009015932421));
#5690=CARTESIAN_POINT('',(-4.62094254170352,-16.9898684133476,-23.0411473022286));
#5691=CARTESIAN_POINT('',(-4.36157369240544,-15.9898500103725,-22.0731695787475));
#5692=CARTESIAN_POINT('',(-4.10216135307849,-14.99,-21.1050295482691));
#5693=CARTESIAN_POINT('',(-1.10153341526323E-15,-17.99,0.));
#5694=CARTESIAN_POINT('',(-7.77805963841023,-17.99,-23.2325587971135));
#5695=CARTESIAN_POINT('',(-7.86851210668706,-17.6411741192187,-23.5701320043926));
#5696=CARTESIAN_POINT('',(-7.95896095358353,-17.2923342212804,-23.9076916964963));
#5697=CARTESIAN_POINT('',(-8.04940660736146,-16.9434819638439,-24.2452394717193));
#5698=CARTESIAN_POINT('',(-8.04940660736147,-16.9434819638439,-24.2452394717193));
#5699=CARTESIAN_POINT('',(-1.0374547834399E-15,-16.9434819638439,0.));
#5700=CARTESIAN_POINT('',(-5.15162912849423,-16.9434819638439,-25.0216966070269));
#5701=CARTESIAN_POINT('',(-5.15162912849422,-16.9434819638439,-25.0216966070268));
#5702=CARTESIAN_POINT('',(-5.06118347471629,-17.2923342212804,-24.6841488318038));
#5703=CARTESIAN_POINT('',(-4.97073462781982,-17.6411741192187,-24.3465891397002));
#5704=CARTESIAN_POINT('',(-4.88028215954299,-17.99,-24.009015932421));
#5705=CARTESIAN_POINT('',(-1.0374547834399E-15,-16.9434819638439,0.));
#5706=CARTESIAN_POINT('',(-8.04940660736146,-16.9434819638439,-24.2452394717193));
#5707=CARTESIAN_POINT('',(-7.75263787663473,-15.7988339091704,-23.1376834905494));
#5708=CARTESIAN_POINT('',(-7.45583554238088,-14.6543159478961,-22.030002099309));
#5709=CARTESIAN_POINT('',(-7.15898102744709,-13.51,-20.9221259671199));
#5710=CARTESIAN_POINT('',(-7.15898102744709,-13.51,-20.9221259671199));
#5711=CARTESIAN_POINT('',(-8.27221592007016E-16,-13.51,0.));
#5712=CARTESIAN_POINT('',(-4.26120354857986,-13.51,-21.6985831024275));
#5713=CARTESIAN_POINT('',(-4.26120354857986,-13.51,-21.6985831024275));
#5714=CARTESIAN_POINT('',(-4.55805806351364,-14.6543159478961,-22.8064592346166));
#5715=CARTESIAN_POINT('',(-4.8548603977675,-15.7988339091704,-23.914140625857));
#5716=CARTESIAN_POINT('',(-5.15162912849423,-16.9434819638439,-25.0216966070269));
#5717=CARTESIAN_POINT('',(-9.1784246218987E-16,-14.99,0.));
#5718=CARTESIAN_POINT('',(-9.1784246218987E-16,-14.99,0.));
#5719=CARTESIAN_POINT('',(4.10216135307859,-14.99,-21.1050295482691));
#5720=CARTESIAN_POINT('',(6.9999388319458,-14.99,-20.3285724129615));
#5721=CARTESIAN_POINT('',(4.10216135307857,-14.99,-21.105029548269));
#5722=CARTESIAN_POINT('',(4.36157369240551,-15.9898500103725,-22.0731695787475));
#5723=CARTESIAN_POINT('',(4.6209425417036,-16.9898684133476,-23.0411473022286));
#5724=CARTESIAN_POINT('',(4.88028215954306,-17.99,-24.009015932421));
#5725=CARTESIAN_POINT('',(4.88028215954306,-17.99,-24.009015932421));
#5726=CARTESIAN_POINT('',(-1.10153341526323E-15,-17.99,0.));
#5727=CARTESIAN_POINT('',(7.77805963841028,-17.99,-23.2325587971134));
#5728=CARTESIAN_POINT('',(7.77805963841028,-17.99,-23.2325587971134));
#5729=CARTESIAN_POINT('',(7.51872002057081,-16.9898684133476,-22.264690166921));
#5730=CARTESIAN_POINT('',(7.25935117127273,-15.9898500103725,-21.2967124434399));
#5731=CARTESIAN_POINT('',(6.99993883194579,-14.99,-20.3285724129615));
#5732=CARTESIAN_POINT('',(-1.10153341526323E-15,-17.99,0.));
#5733=CARTESIAN_POINT('',(4.88028215954306,-17.99,-24.009015932421));
#5734=CARTESIAN_POINT('',(4.9707346278199,-17.6411741192187,-24.3465891397002));
#5735=CARTESIAN_POINT('',(5.06118347471637,-17.2923342212804,-24.6841488318038));
#5736=CARTESIAN_POINT('',(5.1516291284943,-16.9434819638439,-25.0216966070268));
#5737=CARTESIAN_POINT('',(5.1516291284943,-16.9434819638439,-25.0216966070269));
#5738=CARTESIAN_POINT('',(-1.0374547834399E-15,-16.9434819638439,0.));
#5739=CARTESIAN_POINT('',(8.04940660736152,-16.9434819638439,-24.2452394717193));
#5740=CARTESIAN_POINT('',(8.04940660736151,-16.9434819638439,-24.2452394717193));
#5741=CARTESIAN_POINT('',(7.95896095358359,-17.2923342212804,-23.9076916964962));
#5742=CARTESIAN_POINT('',(7.86851210668711,-17.6411741192187,-23.5701320043926));
#5743=CARTESIAN_POINT('',(7.77805963841028,-17.99,-23.2325587971134));
#5744=CARTESIAN_POINT('',(-1.0374547834399E-15,-16.9434819638439,0.));
#5745=CARTESIAN_POINT('',(5.1516291284943,-16.9434819638439,-25.0216966070268));
#5746=CARTESIAN_POINT('',(4.85486039776757,-15.7988339091704,-23.9141406258569));
#5747=CARTESIAN_POINT('',(4.55805806351372,-14.6543159478961,-22.8064592346165));
#5748=CARTESIAN_POINT('',(4.26120354857994,-13.51,-21.6985831024274));
#5749=CARTESIAN_POINT('',(4.26120354857994,-13.51,-21.6985831024274));
#5750=CARTESIAN_POINT('',(-8.27221592007016E-16,-13.51,0.));
#5751=CARTESIAN_POINT('',(7.15898102744716,-13.51,-20.9221259671199));
#5752=CARTESIAN_POINT('',(7.15898102744715,-13.51,-20.9221259671199));
#5753=CARTESIAN_POINT('',(7.45583554238094,-14.6543159478961,-22.030002099309));
#5754=CARTESIAN_POINT('',(7.75263787663479,-15.7988339091704,-23.1376834905494));
#5755=CARTESIAN_POINT('',(8.04940660736152,-16.9434819638439,-24.2452394717193));
#5756=CARTESIAN_POINT('',(-1.49999999999999,-13.51,-21.4476105895272));
#5757=CARTESIAN_POINT('',(-1.49999999999999,-13.51,-21.4476105895273));
#5758=CARTESIAN_POINT('',(-1.49999999999999,-13.51,-21.4476105895273));
#5759=CARTESIAN_POINT('',(-1.49999999999999,-14.99,-21.4476105895273));
#5760=CARTESIAN_POINT('',(-1.49999999999999,-13.51,-21.4476105895272));
#5761=CARTESIAN_POINT('',(-1.5,-13.51,-19.9476105895272));
#5762=CARTESIAN_POINT('',(-1.5,-13.51,-19.9476105895272));
#5763=CARTESIAN_POINT('',(-1.5,-14.99,-19.9476105895272));
#5764=CARTESIAN_POINT('',(-1.49999999999987,-14.99,12.5));
#5765=CARTESIAN_POINT('',(1.49999999999999,-13.51,-21.4476105895272));
#5766=CARTESIAN_POINT('',(1.49999999999999,-13.51,-21.4476105895272));
#5767=CARTESIAN_POINT('',(1.49999999999999,-14.99,-21.4476105895272));
#5768=CARTESIAN_POINT('',(1.49999999999999,-13.51,-21.4476105895273));
#5769=CARTESIAN_POINT('',(1.49999999999997,-14.99,12.5));
#5770=CARTESIAN_POINT('',(1.50000000000001,-14.99,-19.9476105895272));
#5771=CARTESIAN_POINT('',(1.50000000000001,-13.51,-19.9476105895272));
#5772=CARTESIAN_POINT('',(1.50000000000001,-13.51,-19.9476105895272));
#5773=CARTESIAN_POINT('',(1.49999999999999,-13.51,-21.4476105895272));
#5774=CARTESIAN_POINT('',(-9.1784246218987E-16,-14.99,0.));
#5775=CARTESIAN_POINT('',(-9.1784246218987E-16,-14.99,0.));
#5776=CARTESIAN_POINT('',(14.1050907163233,-14.99,-16.2264110598829));
#5777=CARTESIAN_POINT('',(16.226411059883,-14.99,-14.1050907163233));
#5778=CARTESIAN_POINT('',(14.1050907163233,-14.99,-16.2264110598829));
#5779=CARTESIAN_POINT('',(14.8138184074748,-15.9898500103725,-16.9351387510344));
#5780=CARTESIAN_POINT('',(15.5224272816578,-16.9898684133476,-17.6437476252175));
#5781=CARTESIAN_POINT('',(16.2309562940108,-17.99,-18.3522766375704));
#5782=CARTESIAN_POINT('',(16.2309562940108,-17.99,-18.3522766375704));
#5783=CARTESIAN_POINT('',(-1.10153341526323E-15,-17.99,0.));
#5784=CARTESIAN_POINT('',(18.3522766375704,-17.99,-16.2309562940107));
#5785=CARTESIAN_POINT('',(18.3522766375704,-17.99,-16.2309562940107));
#5786=CARTESIAN_POINT('',(17.6437476252175,-16.9898684133476,-15.5224272816578));
#5787=CARTESIAN_POINT('',(16.9351387510345,-15.9898500103725,-14.8138184074748));
#5788=CARTESIAN_POINT('',(16.226411059883,-14.99,-14.1050907163233));
#5789=CARTESIAN_POINT('',(-1.10153341526323E-15,-17.99,0.));
#5790=CARTESIAN_POINT('',(16.2309562940108,-17.99,-18.3522766375704));
#5791=CARTESIAN_POINT('',(16.4780770330131,-17.6411741192187,-18.5993973765727));
#5792=CARTESIAN_POINT('',(16.7251878782203,-17.2923342212804,-18.8465082217799));
#5793=CARTESIAN_POINT('',(16.9722899996654,-16.9434819638439,-19.093610343225));
#5794=CARTESIAN_POINT('',(16.9722899996654,-16.9434819638439,-19.093610343225));
#5795=CARTESIAN_POINT('',(-1.0374547834399E-15,-16.9434819638439,0.));
#5796=CARTESIAN_POINT('',(19.093610343225,-16.9434819638439,-16.9722899996653));
#5797=CARTESIAN_POINT('',(19.093610343225,-16.9434819638439,-16.9722899996653));
#5798=CARTESIAN_POINT('',(18.8465082217799,-17.2923342212804,-16.7251878782202));
#5799=CARTESIAN_POINT('',(18.5993973765727,-17.6411741192187,-16.4780770330131));
#5800=CARTESIAN_POINT('',(18.3522766375704,-17.99,-16.2309562940107));
#5801=CARTESIAN_POINT('',(-1.0374547834399E-15,-16.9434819638439,0.));
#5802=CARTESIAN_POINT('',(16.9722899996654,-16.9434819638439,-19.093610343225));
#5803=CARTESIAN_POINT('',(16.1615027492222,-15.7988339091704,-18.2828230927818));
#5804=CARTESIAN_POINT('',(15.3506236922356,-14.6543159478961,-17.4719440357953));
#5805=CARTESIAN_POINT('',(14.5396020749803,-13.51,-16.66092241854));
#5806=CARTESIAN_POINT('',(14.5396020749803,-13.51,-16.66092241854));
#5807=CARTESIAN_POINT('',(-8.27221592007016E-16,-13.51,0.));
#5808=CARTESIAN_POINT('',(16.66092241854,-13.51,-14.5396020749803));
#5809=CARTESIAN_POINT('',(16.66092241854,-13.51,-14.5396020749803));
#5810=CARTESIAN_POINT('',(17.4719440357953,-14.6543159478961,-15.3506236922356));
#5811=CARTESIAN_POINT('',(18.2828230927819,-15.7988339091704,-16.1615027492222));
#5812=CARTESIAN_POINT('',(19.093610343225,-16.9434819638439,-16.9722899996653));
#5813=CARTESIAN_POINT('',(-9.1784246218987E-16,-14.99,0.));
#5814=CARTESIAN_POINT('',(-9.1784246218987E-16,-14.99,0.));
#5815=CARTESIAN_POINT('',(20.3285724129615,-14.99,-6.99993883194574));
#5816=CARTESIAN_POINT('',(21.105029548269,-14.99,-4.10216135307855));
#5817=CARTESIAN_POINT('',(20.3285724129615,-14.99,-6.99993883194575));
#5818=CARTESIAN_POINT('',(21.2967124434399,-15.9898500103724,-7.25935117127268));
#5819=CARTESIAN_POINT('',(22.264690166921,-16.9898684133475,-7.51872002057077));
#5820=CARTESIAN_POINT('',(23.2325587971135,-17.99,-7.77805963841026));
#5821=CARTESIAN_POINT('',(23.2325587971135,-17.99,-7.77805963841026));
#5822=CARTESIAN_POINT('',(-1.10153341526323E-15,-17.99,0.));
#5823=CARTESIAN_POINT('',(24.009015932421,-17.99,-4.88028215954306));
#5824=CARTESIAN_POINT('',(24.009015932421,-17.99,-4.88028215954306));
#5825=CARTESIAN_POINT('',(23.0411473022286,-16.9898684133475,-4.62094254170357));
#5826=CARTESIAN_POINT('',(22.0731695787474,-15.9898500103724,-4.36157369240548));
#5827=CARTESIAN_POINT('',(21.105029548269,-14.99,-4.10216135307855));
#5828=CARTESIAN_POINT('',(-1.10153341526323E-15,-17.99,0.));
#5829=CARTESIAN_POINT('',(23.2325587971135,-17.99,-7.77805963841026));
#5830=CARTESIAN_POINT('',(23.5701320043926,-17.6411741192187,-7.86851210668709));
#5831=CARTESIAN_POINT('',(23.9076916964963,-17.2923342212804,-7.95896095358356));
#5832=CARTESIAN_POINT('',(24.2452394717193,-16.9434819638439,-8.04940660736149));
#5833=CARTESIAN_POINT('',(24.2452394717193,-16.9434819638439,-8.04940660736149));
#5834=CARTESIAN_POINT('',(-1.0374547834399E-15,-16.9434819638439,0.));
#5835=CARTESIAN_POINT('',(25.0216966070268,-16.9434819638439,-5.15162912849429));
#5836=CARTESIAN_POINT('',(25.0216966070268,-16.9434819638439,-5.15162912849429));
#5837=CARTESIAN_POINT('',(24.6841488318038,-17.2923342212804,-5.06118347471636));
#5838=CARTESIAN_POINT('',(24.3465891397002,-17.6411741192187,-4.97073462781989));
#5839=CARTESIAN_POINT('',(24.009015932421,-17.99,-4.88028215954306));
#5840=CARTESIAN_POINT('',(-1.0374547834399E-15,-16.9434819638439,0.));
#5841=CARTESIAN_POINT('',(24.2452394717193,-16.9434819638439,-8.04940660736149));
#5842=CARTESIAN_POINT('',(23.1376834905494,-15.7988339091704,-7.75263787663477));
#5843=CARTESIAN_POINT('',(22.030002099309,-14.6543159478962,-7.45583554238092));
#5844=CARTESIAN_POINT('',(20.9221259671199,-13.51,-7.15898102744712));
#5845=CARTESIAN_POINT('',(20.9221259671199,-13.51,-7.15898102744712));
#5846=CARTESIAN_POINT('',(-8.27221592007016E-16,-13.51,0.));
#5847=CARTESIAN_POINT('',(21.6985831024274,-13.51,-4.26120354857992));
#5848=CARTESIAN_POINT('',(21.6985831024274,-13.51,-4.26120354857992));
#5849=CARTESIAN_POINT('',(22.8064592346166,-14.6543159478961,-4.55805806351372));
#5850=CARTESIAN_POINT('',(23.914140625857,-15.7988339091704,-4.85486039776757));
#5851=CARTESIAN_POINT('',(25.0216966070268,-16.9434819638439,-5.15162912849429));
#5852=CARTESIAN_POINT('',(-9.1784246218987E-16,-14.99,0.));
#5853=CARTESIAN_POINT('',(-9.1784246218987E-16,-14.99,0.));
#5854=CARTESIAN_POINT('',(21.105029548269,-14.99,4.10216135307853));
#5855=CARTESIAN_POINT('',(20.3285724129615,-14.99,6.99993883194575));
#5856=CARTESIAN_POINT('',(21.105029548269,-14.99,4.10216135307852));
#5857=CARTESIAN_POINT('',(22.0731695787474,-15.9898500103724,4.36157369240545));
#5858=CARTESIAN_POINT('',(23.0411473022286,-16.9898684133475,4.62094254170353));
#5859=CARTESIAN_POINT('',(24.009015932421,-17.99,4.88028215954301));
#5860=CARTESIAN_POINT('',(24.009015932421,-17.99,4.88028215954301));
#5861=CARTESIAN_POINT('',(-1.10153341526323E-15,-17.99,0.));
#5862=CARTESIAN_POINT('',(23.2325587971135,-17.99,7.77805963841025));
#5863=CARTESIAN_POINT('',(23.2325587971135,-17.99,7.77805963841024));
#5864=CARTESIAN_POINT('',(22.264690166921,-16.9898684133475,7.51872002057076));
#5865=CARTESIAN_POINT('',(21.2967124434399,-15.9898500103724,7.25935117127268));
#5866=CARTESIAN_POINT('',(20.3285724129615,-14.99,6.99993883194575));
#5867=CARTESIAN_POINT('',(-1.10153341526323E-15,-17.99,0.));
#5868=CARTESIAN_POINT('',(24.009015932421,-17.99,4.88028215954301));
#5869=CARTESIAN_POINT('',(24.3465891397002,-17.6411741192187,4.97073462781984));
#5870=CARTESIAN_POINT('',(24.6841488318038,-17.2923342212804,5.06118347471631));
#5871=CARTESIAN_POINT('',(25.0216966070268,-16.9434819638439,5.15162912849424));
#5872=CARTESIAN_POINT('',(25.0216966070268,-16.9434819638439,5.15162912849424));
#5873=CARTESIAN_POINT('',(-1.0374547834399E-15,-16.9434819638439,0.));
#5874=CARTESIAN_POINT('',(24.2452394717193,-16.9434819638439,8.04940660736147));
#5875=CARTESIAN_POINT('',(24.2452394717193,-16.9434819638439,8.04940660736148));
#5876=CARTESIAN_POINT('',(23.9076916964963,-17.2923342212804,7.95896095358355));
#5877=CARTESIAN_POINT('',(23.5701320043926,-17.6411741192187,7.86851210668708));
#5878=CARTESIAN_POINT('',(23.2325587971135,-17.99,7.77805963841025));
#5879=CARTESIAN_POINT('',(-1.0374547834399E-15,-16.9434819638439,0.));
#5880=CARTESIAN_POINT('',(25.0216966070268,-16.9434819638439,5.15162912849424));
#5881=CARTESIAN_POINT('',(23.914140625857,-15.7988339091704,4.85486039776752));
#5882=CARTESIAN_POINT('',(22.8064592346166,-14.6543159478961,4.55805806351368));
#5883=CARTESIAN_POINT('',(21.6985831024275,-13.51,4.26120354857989));
#5884=CARTESIAN_POINT('',(21.6985831024275,-13.51,4.26120354857989));
#5885=CARTESIAN_POINT('',(-8.27221592007016E-16,-13.51,0.));
#5886=CARTESIAN_POINT('',(20.9221259671199,-13.51,7.15898102744712));
#5887=CARTESIAN_POINT('',(20.9221259671199,-13.51,7.15898102744712));
#5888=CARTESIAN_POINT('',(22.030002099309,-14.6543159478961,7.45583554238091));
#5889=CARTESIAN_POINT('',(23.1376834905494,-15.7988339091704,7.75263787663475));
#5890=CARTESIAN_POINT('',(24.2452394717193,-16.9434819638439,8.04940660736147));
#5891=CARTESIAN_POINT('',(21.4476105895272,-13.51,1.5));
#5892=CARTESIAN_POINT('',(21.4476105895272,-13.51,1.5));
#5893=CARTESIAN_POINT('',(21.4476105895272,-14.99,1.5));
#5894=CARTESIAN_POINT('',(21.4476105895272,-13.51,1.5));
#5895=CARTESIAN_POINT('',(-1.20489847663744E-14,-14.99,1.50000000000003));
#5896=CARTESIAN_POINT('',(19.9476105895272,-14.99,1.50000000000001));
#5897=CARTESIAN_POINT('',(19.9476105895272,-13.51,1.50000000000001));
#5898=CARTESIAN_POINT('',(19.9476105895272,-13.51,1.50000000000001));
#5899=CARTESIAN_POINT('',(21.4476105895272,-13.51,1.5));
#5900=CARTESIAN_POINT('',(21.4476105895272,-13.51,-1.50000000000001));
#5901=CARTESIAN_POINT('',(21.4476105895272,-13.51,-1.50000000000001));
#5902=CARTESIAN_POINT('',(21.4476105895272,-13.51,-1.50000000000001));
#5903=CARTESIAN_POINT('',(21.4476105895272,-14.99,-1.50000000000001));
#5904=CARTESIAN_POINT('',(21.4476105895272,-13.51,-1.50000000000001));
#5905=CARTESIAN_POINT('',(19.9476105895272,-13.51,-1.50000000000001));
#5906=CARTESIAN_POINT('',(19.9476105895272,-13.51,-1.50000000000001));
#5907=CARTESIAN_POINT('',(19.9476105895272,-14.99,-1.50000000000001));
#5908=CARTESIAN_POINT('',(-9.17842462189871E-16,-14.99,-1.50000000000001));
#5909=CARTESIAN_POINT('',(-9.1784246218987E-16,-14.99,0.));
#5910=CARTESIAN_POINT('',(-9.1784246218987E-16,-14.99,0.));
#5911=CARTESIAN_POINT('',(16.2264110598829,-14.99,14.1050907163233));
#5912=CARTESIAN_POINT('',(14.1050907163233,-14.99,16.2264110598829));
#5913=CARTESIAN_POINT('',(16.2264110598829,-14.99,14.1050907163233));
#5914=CARTESIAN_POINT('',(16.9351387510344,-15.9898500103725,14.8138184074748));
#5915=CARTESIAN_POINT('',(17.6437476252175,-16.9898684133476,15.5224272816578));
#5916=CARTESIAN_POINT('',(18.3522766375704,-17.99,16.2309562940107));
#5917=CARTESIAN_POINT('',(18.3522766375704,-17.99,16.2309562940108));
#5918=CARTESIAN_POINT('',(-1.10153341526323E-15,-17.99,0.));
#5919=CARTESIAN_POINT('',(16.2309562940108,-17.99,18.3522766375704));
#5920=CARTESIAN_POINT('',(16.2309562940108,-17.99,18.3522766375704));
#5921=CARTESIAN_POINT('',(15.5224272816578,-16.9898684133476,17.6437476252175));
#5922=CARTESIAN_POINT('',(14.8138184074748,-15.9898500103725,16.9351387510344));
#5923=CARTESIAN_POINT('',(14.1050907163233,-14.99,16.2264110598829));
#5924=CARTESIAN_POINT('',(-1.10153341526323E-15,-17.99,0.));
#5925=CARTESIAN_POINT('',(18.3522766375704,-17.99,16.2309562940108));
#5926=CARTESIAN_POINT('',(18.5993973765727,-17.6411741192187,16.4780770330131));
#5927=CARTESIAN_POINT('',(18.8465082217799,-17.2923342212804,16.7251878782202));
#5928=CARTESIAN_POINT('',(19.093610343225,-16.9434819638439,16.9722899996653));
#5929=CARTESIAN_POINT('',(19.093610343225,-16.9434819638439,16.9722899996653));
#5930=CARTESIAN_POINT('',(-1.0374547834399E-15,-16.9434819638439,0.));
#5931=CARTESIAN_POINT('',(16.9722899996653,-16.9434819638439,19.093610343225));
#5932=CARTESIAN_POINT('',(16.9722899996653,-16.9434819638439,19.093610343225));
#5933=CARTESIAN_POINT('',(16.7251878782203,-17.2923342212804,18.8465082217799));
#5934=CARTESIAN_POINT('',(16.4780770330131,-17.6411741192187,18.5993973765727));
#5935=CARTESIAN_POINT('',(16.2309562940108,-17.99,18.3522766375704));
#5936=CARTESIAN_POINT('',(-1.0374547834399E-15,-16.9434819638439,0.));
#5937=CARTESIAN_POINT('',(19.093610343225,-16.9434819638439,16.9722899996653));
#5938=CARTESIAN_POINT('',(18.2828230927818,-15.7988339091703,16.1615027492222));
#5939=CARTESIAN_POINT('',(17.4719440357953,-14.6543159478961,15.3506236922356));
#5940=CARTESIAN_POINT('',(16.66092241854,-13.51,14.5396020749803));
#5941=CARTESIAN_POINT('',(16.66092241854,-13.51,14.5396020749803));
#5942=CARTESIAN_POINT('',(-8.27221592007016E-16,-13.51,0.));
#5943=CARTESIAN_POINT('',(14.5396020749803,-13.51,16.66092241854));
#5944=CARTESIAN_POINT('',(14.5396020749803,-13.51,16.66092241854));
#5945=CARTESIAN_POINT('',(15.3506236922356,-14.6543159478961,17.4719440357953));
#5946=CARTESIAN_POINT('',(16.1615027492222,-15.7988339091703,18.2828230927818));
#5947=CARTESIAN_POINT('',(16.9722899996653,-16.9434819638439,19.093610343225));
#5948=CARTESIAN_POINT('',(-9.1784246218987E-16,-14.99,0.));
#5949=CARTESIAN_POINT('',(-9.1784246218987E-16,-14.99,0.));
#5950=CARTESIAN_POINT('',(6.99993883194574,-14.99,20.3285724129615));
#5951=CARTESIAN_POINT('',(4.10216135307853,-14.99,21.105029548269));
#5952=CARTESIAN_POINT('',(6.99993883194575,-14.99,20.3285724129615));
#5953=CARTESIAN_POINT('',(7.25935117127269,-15.9898500103725,21.2967124434399));
#5954=CARTESIAN_POINT('',(7.51872002057078,-16.9898684133475,22.264690166921));
#5955=CARTESIAN_POINT('',(7.77805963841025,-17.99,23.2325587971135));
#5956=CARTESIAN_POINT('',(7.77805963841025,-17.99,23.2325587971135));
#5957=CARTESIAN_POINT('',(-1.10153341526323E-15,-17.99,0.));
#5958=CARTESIAN_POINT('',(4.88028215954304,-17.99,24.009015932421));
#5959=CARTESIAN_POINT('',(4.88028215954304,-17.99,24.009015932421));
#5960=CARTESIAN_POINT('',(4.62094254170357,-16.9898684133475,23.0411473022286));
#5961=CARTESIAN_POINT('',(4.36157369240548,-15.9898500103725,22.0731695787475));
#5962=CARTESIAN_POINT('',(4.10216135307854,-14.99,21.105029548269));
#5963=CARTESIAN_POINT('',(-1.10153341526323E-15,-17.99,0.));
#5964=CARTESIAN_POINT('',(7.77805963841025,-17.99,23.2325587971135));
#5965=CARTESIAN_POINT('',(7.86851210668708,-17.6411741192187,23.5701320043926));
#5966=CARTESIAN_POINT('',(7.95896095358356,-17.2923342212804,23.9076916964962));
#5967=CARTESIAN_POINT('',(8.04940660736148,-16.9434819638439,24.2452394717192));
#5968=CARTESIAN_POINT('',(8.04940660736148,-16.9434819638439,24.2452394717192));
#5969=CARTESIAN_POINT('',(-1.0374547834399E-15,-16.9434819638439,0.));
#5970=CARTESIAN_POINT('',(5.15162912849427,-16.9434819638439,25.0216966070268));
#5971=CARTESIAN_POINT('',(5.15162912849427,-16.9434819638439,25.0216966070268));
#5972=CARTESIAN_POINT('',(5.06118347471635,-17.2923342212804,24.6841488318038));
#5973=CARTESIAN_POINT('',(4.97073462781987,-17.6411741192187,24.3465891397002));
#5974=CARTESIAN_POINT('',(4.88028215954304,-17.99,24.009015932421));
#5975=CARTESIAN_POINT('',(-1.0374547834399E-15,-16.9434819638439,0.));
#5976=CARTESIAN_POINT('',(8.04940660736148,-16.9434819638439,24.2452394717192));
#5977=CARTESIAN_POINT('',(7.75263787663475,-15.7988339091703,23.1376834905494));
#5978=CARTESIAN_POINT('',(7.4558355423809,-14.6543159478961,22.030002099309));
#5979=CARTESIAN_POINT('',(7.15898102744712,-13.51,20.9221259671199));
#5980=CARTESIAN_POINT('',(7.15898102744712,-13.51,20.9221259671199));
#5981=CARTESIAN_POINT('',(-8.27221592007016E-16,-13.51,0.));
#5982=CARTESIAN_POINT('',(4.26120354857991,-13.51,21.6985831024275));
#5983=CARTESIAN_POINT('',(4.26120354857991,-13.51,21.6985831024274));
#5984=CARTESIAN_POINT('',(4.55805806351369,-14.6543159478961,22.8064592346165));
#5985=CARTESIAN_POINT('',(4.85486039776754,-15.7988339091703,23.9141406258569));
#5986=CARTESIAN_POINT('',(5.15162912849427,-16.9434819638439,25.0216966070268));
#5987=CARTESIAN_POINT('',(-9.1784246218987E-16,-14.99,0.));
#5988=CARTESIAN_POINT('',(-9.1784246218987E-16,-14.99,0.));
#5989=CARTESIAN_POINT('',(-4.10216135307855,-14.99,21.105029548269));
#5990=CARTESIAN_POINT('',(-6.99993883194576,-14.99,20.3285724129614));
#5991=CARTESIAN_POINT('',(-4.10216135307855,-14.99,21.105029548269));
#5992=CARTESIAN_POINT('',(-4.36157369240549,-15.9898500103725,22.0731695787475));
#5993=CARTESIAN_POINT('',(-4.62094254170357,-16.9898684133475,23.0411473022286));
#5994=CARTESIAN_POINT('',(-4.88028215954304,-17.99,24.009015932421));
#5995=CARTESIAN_POINT('',(-4.88028215954304,-17.99,24.009015932421));
#5996=CARTESIAN_POINT('',(-1.10153341526323E-15,-17.99,0.));
#5997=CARTESIAN_POINT('',(-7.77805963841025,-17.99,23.2325587971135));
#5998=CARTESIAN_POINT('',(-7.77805963841025,-17.99,23.2325587971135));
#5999=CARTESIAN_POINT('',(-7.51872002057078,-16.9898684133475,22.264690166921));
#6000=CARTESIAN_POINT('',(-7.2593511712727,-15.9898500103725,21.2967124434399));
#6001=CARTESIAN_POINT('',(-6.99993883194576,-14.99,20.3285724129615));
#6002=CARTESIAN_POINT('',(-1.10153341526323E-15,-17.99,0.));
#6003=CARTESIAN_POINT('',(-4.88028215954304,-17.99,24.009015932421));
#6004=CARTESIAN_POINT('',(-4.97073462781987,-17.6411741192187,24.3465891397002));
#6005=CARTESIAN_POINT('',(-5.06118347471634,-17.2923342212804,24.6841488318038));
#6006=CARTESIAN_POINT('',(-5.15162912849427,-16.9434819638439,25.0216966070268));
#6007=CARTESIAN_POINT('',(-5.15162912849426,-16.9434819638439,25.0216966070268));
#6008=CARTESIAN_POINT('',(-1.0374547834399E-15,-16.9434819638439,0.));
#6009=CARTESIAN_POINT('',(-8.04940660736147,-16.9434819638439,24.2452394717192));
#6010=CARTESIAN_POINT('',(-8.04940660736148,-16.9434819638439,24.2452394717193));
#6011=CARTESIAN_POINT('',(-7.95896095358356,-17.2923342212804,23.9076916964963));
#6012=CARTESIAN_POINT('',(-7.86851210668708,-17.6411741192187,23.5701320043926));
#6013=CARTESIAN_POINT('',(-7.77805963841025,-17.99,23.2325587971135));
#6014=CARTESIAN_POINT('',(-1.0374547834399E-15,-16.9434819638439,0.));
#6015=CARTESIAN_POINT('',(-5.15162912849427,-16.9434819638439,25.0216966070268));
#6016=CARTESIAN_POINT('',(-4.85486039776754,-15.7988339091703,23.9141406258569));
#6017=CARTESIAN_POINT('',(-4.55805806351369,-14.6543159478961,22.8064592346165));
#6018=CARTESIAN_POINT('',(-4.26120354857992,-13.51,21.6985831024274));
#6019=CARTESIAN_POINT('',(-4.26120354857992,-13.51,21.6985831024274));
#6020=CARTESIAN_POINT('',(-8.27221592007016E-16,-13.51,0.));
#6021=CARTESIAN_POINT('',(-7.15898102744713,-13.51,20.9221259671199));
#6022=CARTESIAN_POINT('',(-7.15898102744713,-13.51,20.9221259671199));
#6023=CARTESIAN_POINT('',(-7.4558355423809,-14.6543159478961,22.030002099309));
#6024=CARTESIAN_POINT('',(-7.75263787663475,-15.7988339091703,23.1376834905494));
#6025=CARTESIAN_POINT('',(-8.04940660736148,-16.9434819638439,24.2452394717192));
#6026=CARTESIAN_POINT('',(1.50000000000001,-13.51,21.4476105895272));
#6027=CARTESIAN_POINT('',(1.50000000000001,-13.51,21.4476105895272));
#6028=CARTESIAN_POINT('',(1.50000000000001,-13.51,21.4476105895272));
#6029=CARTESIAN_POINT('',(1.50000000000001,-14.99,21.4476105895272));
#6030=CARTESIAN_POINT('',(1.50000000000001,-13.51,19.9476105895272));
#6031=CARTESIAN_POINT('',(1.50000000000001,-13.51,19.9476105895272));
#6032=CARTESIAN_POINT('',(1.50000000000001,-13.51,19.9476105895272));
#6033=CARTESIAN_POINT('',(1.50000000000001,-14.99,19.9476105895272));
#6034=CARTESIAN_POINT('',(1.50000000000003,-14.99,12.5));
#6035=CARTESIAN_POINT('',(-1.5,-13.51,21.4476105895272));
#6036=CARTESIAN_POINT('',(-1.5,-13.51,21.4476105895272));
#6037=CARTESIAN_POINT('',(-1.5,-14.99,21.4476105895272));
#6038=CARTESIAN_POINT('',(-1.5,-13.51,21.4476105895272));
#6039=CARTESIAN_POINT('',(-1.5,-14.99,12.5));
#6040=CARTESIAN_POINT('',(-1.5,-14.99,19.9476105895272));
#6041=CARTESIAN_POINT('',(-1.5,-13.51,19.9476105895272));
#6042=CARTESIAN_POINT('',(-1.5,-13.51,19.9476105895272));
#6043=CARTESIAN_POINT('',(-1.5,-13.51,21.4476105895272));
#6044=CARTESIAN_POINT('',(-9.1784246218987E-16,-14.99,0.));
#6045=CARTESIAN_POINT('',(-9.1784246218987E-16,-14.99,0.));
#6046=CARTESIAN_POINT('',(-14.1050907163233,-14.99,16.2264110598829));
#6047=CARTESIAN_POINT('',(-16.2264110598829,-14.99,14.1050907163233));
#6048=CARTESIAN_POINT('',(-14.1050907163233,-14.99,16.2264110598829));
#6049=CARTESIAN_POINT('',(-14.8138184074748,-15.9898500103725,16.9351387510344));
#6050=CARTESIAN_POINT('',(-15.5224272816578,-16.9898684133476,17.6437476252175));
#6051=CARTESIAN_POINT('',(-16.2309562940108,-17.99,18.3522766375704));
#6052=CARTESIAN_POINT('',(-16.2309562940108,-17.99,18.3522766375704));
#6053=CARTESIAN_POINT('',(-1.10153341526323E-15,-17.99,0.));
#6054=CARTESIAN_POINT('',(-18.3522766375704,-17.99,16.2309562940107));
#6055=CARTESIAN_POINT('',(-18.3522766375704,-17.99,16.2309562940108));
#6056=CARTESIAN_POINT('',(-17.6437476252175,-16.9898684133476,15.5224272816578));
#6057=CARTESIAN_POINT('',(-16.9351387510344,-15.9898500103725,14.8138184074748));
#6058=CARTESIAN_POINT('',(-16.2264110598829,-14.99,14.1050907163233));
#6059=CARTESIAN_POINT('',(-1.10153341526323E-15,-17.99,0.));
#6060=CARTESIAN_POINT('',(-16.2309562940108,-17.99,18.3522766375704));
#6061=CARTESIAN_POINT('',(-16.4780770330131,-17.6411741192187,18.5993973765727));
#6062=CARTESIAN_POINT('',(-16.7251878782203,-17.2923342212804,18.8465082217799));
#6063=CARTESIAN_POINT('',(-16.9722899996653,-16.9434819638439,19.093610343225));
#6064=CARTESIAN_POINT('',(-16.9722899996653,-16.9434819638439,19.093610343225));
#6065=CARTESIAN_POINT('',(-1.0374547834399E-15,-16.9434819638439,0.));
#6066=CARTESIAN_POINT('',(-19.093610343225,-16.9434819638439,16.9722899996653));
#6067=CARTESIAN_POINT('',(-19.093610343225,-16.9434819638439,16.9722899996653));
#6068=CARTESIAN_POINT('',(-18.8465082217799,-17.2923342212804,16.7251878782202));
#6069=CARTESIAN_POINT('',(-18.5993973765727,-17.6411741192187,16.4780770330131));
#6070=CARTESIAN_POINT('',(-18.3522766375704,-17.99,16.2309562940108));
#6071=CARTESIAN_POINT('',(-1.0374547834399E-15,-16.9434819638439,0.));
#6072=CARTESIAN_POINT('',(-16.9722899996653,-16.9434819638439,19.093610343225));
#6073=CARTESIAN_POINT('',(-16.1615027492222,-15.7988339091703,18.2828230927818));
#6074=CARTESIAN_POINT('',(-15.3506236922356,-14.6543159478961,17.4719440357953));
#6075=CARTESIAN_POINT('',(-14.5396020749803,-13.51,16.66092241854));
#6076=CARTESIAN_POINT('',(-14.5396020749803,-13.51,16.66092241854));
#6077=CARTESIAN_POINT('',(-8.27221592007016E-16,-13.51,0.));
#6078=CARTESIAN_POINT('',(-16.66092241854,-13.51,14.5396020749803));
#6079=CARTESIAN_POINT('',(-16.66092241854,-13.51,14.5396020749803));
#6080=CARTESIAN_POINT('',(-17.4719440357953,-14.6543159478961,15.3506236922356));
#6081=CARTESIAN_POINT('',(-18.2828230927818,-15.7988339091703,16.1615027492222));
#6082=CARTESIAN_POINT('',(-19.093610343225,-16.9434819638439,16.9722899996653));
#6083=CARTESIAN_POINT('',(-9.1784246218987E-16,-14.99,0.));
#6084=CARTESIAN_POINT('',(-9.1784246218987E-16,-14.99,0.));
#6085=CARTESIAN_POINT('',(-20.3285724129615,-14.99,6.99993883194572));
#6086=CARTESIAN_POINT('',(-21.105029548269,-14.99,4.1021613530785));
#6087=CARTESIAN_POINT('',(-20.3285724129615,-14.99,6.99993883194573));
#6088=CARTESIAN_POINT('',(-21.2967124434399,-15.9898500103724,7.25935117127266));
#6089=CARTESIAN_POINT('',(-22.264690166921,-16.9898684133475,7.51872002057075));
#6090=CARTESIAN_POINT('',(-23.2325587971135,-17.99,7.77805963841024));
#6091=CARTESIAN_POINT('',(-23.2325587971135,-17.99,7.77805963841024));
#6092=CARTESIAN_POINT('',(-1.10153341526323E-15,-17.99,0.));
#6093=CARTESIAN_POINT('',(-24.009015932421,-17.99,4.880282159543));
#6094=CARTESIAN_POINT('',(-24.009015932421,-17.99,4.880282159543));
#6095=CARTESIAN_POINT('',(-23.0411473022286,-16.9898684133475,4.62094254170352));
#6096=CARTESIAN_POINT('',(-22.0731695787474,-15.9898500103724,4.36157369240543));
#6097=CARTESIAN_POINT('',(-21.105029548269,-14.99,4.1021613530785));
#6098=CARTESIAN_POINT('',(-1.10153341526323E-15,-17.99,0.));
#6099=CARTESIAN_POINT('',(-23.2325587971135,-17.99,7.77805963841024));
#6100=CARTESIAN_POINT('',(-23.5701320043926,-17.6411741192187,7.86851210668707));
#6101=CARTESIAN_POINT('',(-23.9076916964963,-17.2923342212804,7.95896095358354));
#6102=CARTESIAN_POINT('',(-24.2452394717193,-16.9434819638439,8.04940660736147));
#6103=CARTESIAN_POINT('',(-24.2452394717193,-16.9434819638439,8.04940660736147));
#6104=CARTESIAN_POINT('',(-1.0374547834399E-15,-16.9434819638439,0.));
#6105=CARTESIAN_POINT('',(-25.0216966070268,-16.9434819638439,5.15162912849423));
#6106=CARTESIAN_POINT('',(-25.0216966070268,-16.9434819638439,5.15162912849423));
#6107=CARTESIAN_POINT('',(-24.6841488318038,-17.2923342212804,5.06118347471631));
#6108=CARTESIAN_POINT('',(-24.3465891397002,-17.6411741192187,4.97073462781983));
#6109=CARTESIAN_POINT('',(-24.009015932421,-17.99,4.880282159543));
#6110=CARTESIAN_POINT('',(-1.0374547834399E-15,-16.9434819638439,0.));
#6111=CARTESIAN_POINT('',(-24.2452394717193,-16.9434819638439,8.04940660736147));
#6112=CARTESIAN_POINT('',(-23.1376834905494,-15.7988339091704,7.75263787663475));
#6113=CARTESIAN_POINT('',(-22.030002099309,-14.6543159478961,7.4558355423809));
#6114=CARTESIAN_POINT('',(-20.9221259671199,-13.51,7.1589810274471));
#6115=CARTESIAN_POINT('',(-20.9221259671199,-13.51,7.1589810274471));
#6116=CARTESIAN_POINT('',(-8.27221592007016E-16,-13.51,0.));
#6117=CARTESIAN_POINT('',(-21.6985831024275,-13.51,4.26120354857987));
#6118=CARTESIAN_POINT('',(-21.6985831024275,-13.51,4.26120354857987));
#6119=CARTESIAN_POINT('',(-22.8064592346166,-14.6543159478961,4.55805806351366));
#6120=CARTESIAN_POINT('',(-23.914140625857,-15.7988339091704,4.85486039776751));
#6121=CARTESIAN_POINT('',(-25.0216966070268,-16.9434819638439,5.15162912849423));
#6122=CARTESIAN_POINT('',(-21.4476105895272,-13.51,1.50000000000001));
#6123=CARTESIAN_POINT('',(-21.4476105895272,-13.51,1.50000000000001));
#6124=CARTESIAN_POINT('',(-21.4476105895272,-13.51,1.50000000000001));
#6125=CARTESIAN_POINT('',(-21.4476105895272,-14.99,1.50000000000001));
#6126=CARTESIAN_POINT('',(-21.4476105895272,-13.51,1.50000000000001));
#6127=CARTESIAN_POINT('',(-19.9476105895272,-13.51,1.50000000000001));
#6128=CARTESIAN_POINT('',(-19.9476105895272,-13.51,1.50000000000001));
#6129=CARTESIAN_POINT('',(-19.9476105895272,-14.99,1.50000000000001));
#6130=CARTESIAN_POINT('',(-1.50608994402718E-15,-14.99,1.5));
#6131=CARTESIAN_POINT('',(-21.4476105895272,-13.51,-1.50000000000001));
#6132=CARTESIAN_POINT('',(-21.4476105895272,-13.51,-1.50000000000001));
#6133=CARTESIAN_POINT('',(-21.4476105895272,-14.99,-1.50000000000001));
#6134=CARTESIAN_POINT('',(-21.4476105895272,-13.51,-1.50000000000001));
#6135=CARTESIAN_POINT('',(-2.48755580861095E-14,-14.99,-1.50000000000004));
#6136=CARTESIAN_POINT('',(-19.9476105895272,-14.99,-1.50000000000001));
#6137=CARTESIAN_POINT('',(-19.9476105895272,-13.51,-1.50000000000001));
#6138=CARTESIAN_POINT('',(-19.9476105895272,-13.51,-1.50000000000001));
#6139=CARTESIAN_POINT('',(-21.4476105895272,-13.51,-1.50000000000001));
#6140=CARTESIAN_POINT('',(-8.27221592007016E-16,-13.51,22.1130360723122));
#6141=CARTESIAN_POINT('',(-19.093610343225,-13.51,-16.9722899996654));
#6142=CARTESIAN_POINT('',(-16.2264110598829,-13.51,-14.1050907163233));
#6143=CARTESIAN_POINT('',(-1.41034427247946E-14,-13.51,-6.10570154444535E-15));
#6144=CARTESIAN_POINT('',(-20.3285724129615,-13.51,-6.99993883194581));
#6145=CARTESIAN_POINT('',(-20.3285724129615,-13.51,-6.99993883194581));
#6146=CARTESIAN_POINT('',(-25.0216966070268,-13.51,-5.1516291284943));
#6147=CARTESIAN_POINT('',(-21.105029548269,-13.51,-4.10216135307859));
#6148=CARTESIAN_POINT('',(-8.27221592007016E-16,-13.51,0.));
#6149=CARTESIAN_POINT('',(-19.9476105895272,-13.51,1.50000000000001));
#6150=CARTESIAN_POINT('',(-8.27221592007016E-16,-13.51,0.));
#6151=CARTESIAN_POINT('',(-21.105029548269,-13.51,4.1021613530785));
#6152=CARTESIAN_POINT('',(-21.105029548269,-13.51,4.1021613530785));
#6153=CARTESIAN_POINT('',(-24.2452394717193,-13.51,8.04940660736147));
#6154=CARTESIAN_POINT('',(-20.3285724129615,-13.51,6.99993883194572));
#6155=CARTESIAN_POINT('',(1.37231739474695E-14,-13.51,-1.35041792097824E-15));
#6156=CARTESIAN_POINT('',(-16.2264110598829,-13.51,14.1050907163233));
#6157=CARTESIAN_POINT('',(-16.2264110598829,-13.51,14.1050907163233));
#6158=CARTESIAN_POINT('',(-16.9722899996653,-13.51,19.093610343225));
#6159=CARTESIAN_POINT('',(-14.1050907163233,-13.51,16.2264110598829));
#6160=CARTESIAN_POINT('',(2.56489771592788E-14,-13.51,-9.79511191600942E-15));
#6161=CARTESIAN_POINT('',(-6.99993883194576,-13.51,20.3285724129614));
#6162=CARTESIAN_POINT('',(-6.99993883194576,-13.51,20.3285724129614));
#6163=CARTESIAN_POINT('',(-5.15162912849426,-13.51,25.0216966070268));
#6164=CARTESIAN_POINT('',(-4.10216135307855,-13.51,21.105029548269));
#6165=CARTESIAN_POINT('',(3.17546787037242E-14,-13.51,-2.3071333048797E-14));
#6166=CARTESIAN_POINT('',(-1.5,-13.51,19.9476105895272));
#6167=CARTESIAN_POINT('',(3.17546787037242E-14,-13.51,-2.3071333048797E-14));
#6168=CARTESIAN_POINT('',(4.10216135307853,-13.51,21.105029548269));
#6169=CARTESIAN_POINT('',(4.10216135307853,-13.51,21.105029548269));
#6170=CARTESIAN_POINT('',(8.04940660736148,-13.51,24.2452394717192));
#6171=CARTESIAN_POINT('',(6.99993883194573,-13.51,20.3285724129614));
#6172=CARTESIAN_POINT('',(3.04042607827459E-14,-13.51,-3.76217285882735E-14));
#6173=CARTESIAN_POINT('',(14.1050907163233,-13.51,16.2264110598829));
#6174=CARTESIAN_POINT('',(14.1050907163233,-13.51,16.2264110598829));
#6175=CARTESIAN_POINT('',(19.093610343225,-13.51,16.9722899996653));
#6176=CARTESIAN_POINT('',(16.2264110598829,-13.51,14.1050907163233));
#6177=CARTESIAN_POINT('',(2.19595667877148E-14,-13.51,-4.95475318000828E-14));
#6178=CARTESIAN_POINT('',(20.3285724129615,-13.51,6.99993883194575));
#6179=CARTESIAN_POINT('',(20.3285724129615,-13.51,6.99993883194575));
#6180=CARTESIAN_POINT('',(25.0216966070268,-13.51,5.15162912849424));
#6181=CARTESIAN_POINT('',(21.105029548269,-13.51,4.10216135307853));
#6182=CARTESIAN_POINT('',(8.6833456549272E-15,-13.51,-5.56532333445281E-14));
#6183=CARTESIAN_POINT('',(19.9476105895272,-13.51,1.50000000000001));
#6184=CARTESIAN_POINT('',(8.6833456549272E-15,-13.51,-5.56532333445281E-14));
#6185=CARTESIAN_POINT('',(21.105029548269,-13.51,-4.10216135307855));
#6186=CARTESIAN_POINT('',(21.105029548269,-13.51,-4.10216135307855));
#6187=CARTESIAN_POINT('',(24.2452394717193,-13.51,-8.04940660736149));
#6188=CARTESIAN_POINT('',(20.3285724129615,-13.51,-6.99993883194574));
#6189=CARTESIAN_POINT('',(-5.86704988454929E-15,-13.51,-5.43028154235499E-14));
#6190=CARTESIAN_POINT('',(16.226411059883,-13.51,-14.1050907163233));
#6191=CARTESIAN_POINT('',(16.226411059883,-13.51,-14.1050907163233));
#6192=CARTESIAN_POINT('',(16.9722899996654,-13.51,-19.093610343225));
#6193=CARTESIAN_POINT('',(14.1050907163233,-13.51,-16.2264110598829));
#6194=CARTESIAN_POINT('',(-1.77928530963586E-14,-13.51,-4.58581214285188E-14));
#6195=CARTESIAN_POINT('',(6.9999388319458,-13.51,-20.3285724129615));
#6196=CARTESIAN_POINT('',(6.9999388319458,-13.51,-20.3285724129615));
#6197=CARTESIAN_POINT('',(5.1516291284943,-13.51,-25.0216966070269));
#6198=CARTESIAN_POINT('',(4.10216135307859,-13.51,-21.1050295482691));
#6199=CARTESIAN_POINT('',(-2.3898554640804E-14,-13.51,-3.25819002957312E-14));
#6200=CARTESIAN_POINT('',(-1.5,-13.51,-19.9476105895272));
#6201=CARTESIAN_POINT('',(-2.3898554640804E-14,-13.51,-3.25819002957312E-14));
#6202=CARTESIAN_POINT('',(-4.1021613530785,-13.51,-21.1050295482691));
#6203=CARTESIAN_POINT('',(-4.1021613530785,-13.51,-21.1050295482691));
#6204=CARTESIAN_POINT('',(-8.04940660736147,-13.51,-24.2452394717193));
#6205=CARTESIAN_POINT('',(-6.99993883194572,-13.51,-20.3285724129615));
#6206=CARTESIAN_POINT('',(-2.25481367198258E-14,-13.51,-1.80315047562547E-14));
#6207=CARTESIAN_POINT('',(-14.1050907163233,-13.51,-16.226411059883));
#6208=CARTESIAN_POINT('',(-14.1050907163233,-13.51,-16.226411059883));
#6209=CARTESIAN_POINT('',(-8.27221592007016E-16,-13.51,0.));
#6210=CARTESIAN_POINT('',(12.5,-13.51,0.));
#6211=CARTESIAN_POINT('',(-3.67381906146713E-15,-60.,0.));
#6212=CARTESIAN_POINT('',(-9.17842462189872E-16,-14.99,0.));
#6213=CARTESIAN_POINT('',(12.5,-14.99,0.));
#6214=CARTESIAN_POINT('',(-9.17842462189871E-16,-14.99,12.5));
#6215=CARTESIAN_POINT('',(-9.17842462189871E-16,-14.99,-19.9476105895272));
#6216=CARTESIAN_POINT('',(-9.1784246218987E-16,-14.99,0.));
#6217=CARTESIAN_POINT('',(-9.1784246218987E-16,-14.99,0.));
#6218=CARTESIAN_POINT('',(-5.95767075473214E-15,-14.99,-5.43028154235499E-14));
#6219=CARTESIAN_POINT('',(-9.1784246218987E-16,-14.99,0.));
#6220=CARTESIAN_POINT('',(19.9476105895273,-14.99,12.4999999999999));
#6221=CARTESIAN_POINT('',(-9.1784246218987E-16,-14.99,0.));
#6222=CARTESIAN_POINT('',(2.18689459175319E-14,-14.99,-4.95475318000828E-14));
#6223=CARTESIAN_POINT('',(-9.1784246218987E-16,-14.99,0.));
#6224=CARTESIAN_POINT('',(3.16640578335413E-14,-14.99,-2.3071333048797E-14));
#6225=CARTESIAN_POINT('',(-9.17842462189871E-16,-14.99,19.9476105895272));
#6226=CARTESIAN_POINT('',(-9.1784246218987E-16,-14.99,0.));
#6227=CARTESIAN_POINT('',(-9.1784246218987E-16,-14.99,0.));
#6228=CARTESIAN_POINT('',(1.36325530772867E-14,-14.99,-1.35041792097824E-15));
#6229=CARTESIAN_POINT('',(-9.17842462189871E-16,-14.99,0.));
#6230=CARTESIAN_POINT('',(-19.9476105895272,-14.99,12.5));
#6231=CARTESIAN_POINT('',(-9.1784246218987E-16,-14.99,0.));
#6232=CARTESIAN_POINT('',(-1.41940635949774E-14,-14.99,-6.10570154444535E-15));
#6233=CARTESIAN_POINT('',(-9.1784246218987E-16,-14.99,0.));
#6234=CARTESIAN_POINT('',(-2.39891755109868E-14,-14.99,-3.25819002957312E-14));
#6235=CARTESIAN_POINT('',(-1.5,-13.51,19.9476105895272));
#6236=CARTESIAN_POINT('',(19.9476105895272,-13.51,1.50000000000001));
#6237=CARTESIAN_POINT('',(-19.9476105895272,-13.51,1.50000000000001));
#6238=CARTESIAN_POINT('',(-1.5,-13.51,-19.9476105895272));
#6239=CARTESIAN_POINT('',(-8.27221592007016E-16,-13.51,0.));
#6240=CARTESIAN_POINT('',(-21.105029548269,-13.51,-4.10216135307859));
#6241=CARTESIAN_POINT('',(-25.0216966070268,-13.51,-5.1516291284943));
#6242=CARTESIAN_POINT('',(-8.27221592007016E-16,-13.51,0.));
#6243=CARTESIAN_POINT('',(-21.105029548269,-13.51,4.1021613530785));
#6244=CARTESIAN_POINT('',(-21.105029548269,-13.51,4.1021613530785));
#6245=CARTESIAN_POINT('',(-24.2452394717193,-13.51,8.04940660736147));
#6246=CARTESIAN_POINT('',(-20.3285724129615,-13.51,6.99993883194572));
#6247=CARTESIAN_POINT('',(-16.2264110598829,-13.51,14.1050907163233));
#6248=CARTESIAN_POINT('',(-16.2264110598829,-13.51,14.1050907163233));
#6249=CARTESIAN_POINT('',(1.37231739474695E-14,-13.51,-1.35041792097824E-15));
#6250=CARTESIAN_POINT('',(-16.9722899996653,-13.51,19.093610343225));
#6251=CARTESIAN_POINT('',(-14.1050907163233,-13.51,16.2264110598829));
#6252=CARTESIAN_POINT('',(-6.99993883194576,-13.51,20.3285724129614));
#6253=CARTESIAN_POINT('',(-6.99993883194576,-13.51,20.3285724129614));
#6254=CARTESIAN_POINT('',(2.56489771592788E-14,-13.51,-9.79511191600942E-15));
#6255=CARTESIAN_POINT('',(3.17546787037242E-14,-13.51,-2.3071333048797E-14));
#6256=CARTESIAN_POINT('',(-4.10216135307855,-13.51,21.105029548269));
#6257=CARTESIAN_POINT('',(-5.15162912849426,-13.51,25.0216966070268));
#6258=CARTESIAN_POINT('',(3.17546787037242E-14,-13.51,-2.3071333048797E-14));
#6259=CARTESIAN_POINT('',(4.10216135307853,-13.51,21.105029548269));
#6260=CARTESIAN_POINT('',(4.10216135307853,-13.51,21.105029548269));
#6261=CARTESIAN_POINT('',(8.04940660736148,-13.51,24.2452394717192));
#6262=CARTESIAN_POINT('',(6.99993883194573,-13.51,20.3285724129614));
#6263=CARTESIAN_POINT('',(14.1050907163233,-13.51,16.2264110598829));
#6264=CARTESIAN_POINT('',(14.1050907163233,-13.51,16.2264110598829));
#6265=CARTESIAN_POINT('',(3.04042607827459E-14,-13.51,-3.76217285882735E-14));
#6266=CARTESIAN_POINT('',(19.093610343225,-13.51,16.9722899996653));
#6267=CARTESIAN_POINT('',(16.2264110598829,-13.51,14.1050907163233));
#6268=CARTESIAN_POINT('',(20.3285724129615,-13.51,6.99993883194575));
#6269=CARTESIAN_POINT('',(20.3285724129615,-13.51,6.99993883194575));
#6270=CARTESIAN_POINT('',(2.19595667877148E-14,-13.51,-4.95475318000828E-14));
#6271=CARTESIAN_POINT('',(8.6833456549272E-15,-13.51,-5.56532333445281E-14));
#6272=CARTESIAN_POINT('',(21.105029548269,-13.51,-4.10216135307855));
#6273=CARTESIAN_POINT('',(21.105029548269,-13.51,-4.10216135307855));
#6274=CARTESIAN_POINT('',(8.6833456549272E-15,-13.51,-5.56532333445281E-14));
#6275=CARTESIAN_POINT('',(21.105029548269,-13.51,4.10216135307853));
#6276=CARTESIAN_POINT('',(25.0216966070268,-13.51,5.15162912849424));
#6277=CARTESIAN_POINT('',(24.2452394717193,-13.51,-8.04940660736149));
#6278=CARTESIAN_POINT('',(20.3285724129615,-13.51,-6.99993883194574));
#6279=CARTESIAN_POINT('',(16.226411059883,-13.51,-14.1050907163233));
#6280=CARTESIAN_POINT('',(16.226411059883,-13.51,-14.1050907163233));
#6281=CARTESIAN_POINT('',(-5.86704988454929E-15,-13.51,-5.43028154235499E-14));
#6282=CARTESIAN_POINT('',(16.9722899996654,-13.51,-19.093610343225));
#6283=CARTESIAN_POINT('',(14.1050907163233,-13.51,-16.2264110598829));
#6284=CARTESIAN_POINT('',(6.9999388319458,-13.51,-20.3285724129615));
#6285=CARTESIAN_POINT('',(6.9999388319458,-13.51,-20.3285724129615));
#6286=CARTESIAN_POINT('',(-1.77928530963586E-14,-13.51,-4.58581214285188E-14));
#6287=CARTESIAN_POINT('',(-2.3898554640804E-14,-13.51,-3.25819002957312E-14));
#6288=CARTESIAN_POINT('',(4.10216135307859,-13.51,-21.1050295482691));
#6289=CARTESIAN_POINT('',(5.1516291284943,-13.51,-25.0216966070269));
#6290=CARTESIAN_POINT('',(-2.3898554640804E-14,-13.51,-3.25819002957312E-14));
#6291=CARTESIAN_POINT('',(-4.1021613530785,-13.51,-21.1050295482691));
#6292=CARTESIAN_POINT('',(-4.1021613530785,-13.51,-21.1050295482691));
#6293=CARTESIAN_POINT('',(-8.04940660736147,-13.51,-24.2452394717193));
#6294=CARTESIAN_POINT('',(-6.99993883194572,-13.51,-20.3285724129615));
#6295=CARTESIAN_POINT('',(-14.1050907163233,-13.51,-16.226411059883));
#6296=CARTESIAN_POINT('',(-14.1050907163233,-13.51,-16.226411059883));
#6297=CARTESIAN_POINT('',(-2.25481367198258E-14,-13.51,-1.80315047562547E-14));
#6298=CARTESIAN_POINT('',(-19.093610343225,-13.51,-16.9722899996654));
#6299=CARTESIAN_POINT('',(-16.2264110598829,-13.51,-14.1050907163233));
#6300=CARTESIAN_POINT('',(-20.3285724129615,-13.51,-6.99993883194581));
#6301=CARTESIAN_POINT('',(-20.3285724129615,-13.51,-6.99993883194581));
#6302=CARTESIAN_POINT('',(-1.41034427247946E-14,-13.51,-6.10570154444535E-15));
#6303=CARTESIAN_POINT('',(0.,0.,19.25));
#6304=CARTESIAN_POINT('',(4.07379454403215E-32,6.65323110780304E-16,15.5646038543897));
#6305=CARTESIAN_POINT('',(0.,0.,0.));
#6306=CARTESIAN_POINT('',(-1.10214571844014E-15,-18.,0.));
#6307=CARTESIAN_POINT('',(-29.5,-18.,18.8348082018373));
#6308=CARTESIAN_POINT('',(-29.5,17.8936170212766,18.8348082018373));
#6309=CARTESIAN_POINT('',(-29.5,-17.8936170212766,18.8348082018373));
#6310=CARTESIAN_POINT('',(1.09563185485598E-15,17.8936170212766,0.));
#6311=CARTESIAN_POINT('',(-29.5,17.8936170212766,-18.8348082018373));
#6312=CARTESIAN_POINT('',(-29.5,-18.,-18.8348082018373));
#6313=CARTESIAN_POINT('',(-29.5,-17.8936170212766,-18.8348082018373));
#6314=CARTESIAN_POINT('',(-1.09563185485598E-15,-17.8936170212766,0.));
#6315=CARTESIAN_POINT('',(-34.9839697286522,-1.32325017425653,1.1744962205453));
#6316=CARTESIAN_POINT('',(-34.9597865348743,-2.50030091022748,1.66265769452278));
#6317=CARTESIAN_POINT('',(-34.9839383507209,-3.67554618483351,1.17487300136357));
#6318=CARTESIAN_POINT('',(-35.0080270747477,-4.16206025516868,0.00122640289328365));
#6319=CARTESIAN_POINT('',(-34.9839532953301,-3.67621151213756,-1.17497420108468));
#6320=CARTESIAN_POINT('',(-34.9598052751246,-2.50022863161333,-1.66211514086546));
#6321=CARTESIAN_POINT('',(-34.9838798475146,-1.326078523354,-1.17656466494138));
#6322=CARTESIAN_POINT('',(-35.008037556836,-0.837668971783664,-0.00175397609839898));
#6323=CARTESIAN_POINT('',(-34.9839697286522,-1.32325017425653,1.1744962205453));
#6324=CARTESIAN_POINT('',(-34.9597865348743,-2.50030091022748,1.66265769452278));
#6325=CARTESIAN_POINT('',(-34.9839383507209,-3.67554618483351,1.17487300136357));
#6326=CARTESIAN_POINT('',(-34.9678423698117,-2.49999999999999,1.5));
#6327=CARTESIAN_POINT('',(0.,-19.,0.));
#6328=CARTESIAN_POINT('',(-1.16337603613126E-15,-19.,0.));
#6329=CARTESIAN_POINT('',(27.107544526456,-19.,0.));
#6330=CARTESIAN_POINT('',(-1.09563185485598E-15,-19.,0.));
#6331=CARTESIAN_POINT('',(-28.3936170212766,-19.,18.5089110223708));
#6332=CARTESIAN_POINT('',(-28.3936170212766,-19.,-18.5089110223708));
#6333=CARTESIAN_POINT('',(-28.3936170212766,-19.,0.));
#6334=CARTESIAN_POINT('',(-28.3936170212766,-19.,-45.8936170212766));
#6335=CARTESIAN_POINT('',(0.,-19.,-45.8936170212766));
#6336=CARTESIAN_POINT('',(28.3936170212766,-19.,-45.8936170212766));
#6337=CARTESIAN_POINT('',(28.3936170212766,-19.,1.31346864039208E-14));
#6338=CARTESIAN_POINT('',(28.3936170212766,-19.,-30.8936170212766));
#6339=CARTESIAN_POINT('',(0.,-19.,-30.8936170212766));
#6340=CARTESIAN_POINT('',(67.8936170212766,-19.,-30.8936170212766));
#6341=CARTESIAN_POINT('',(67.8936170212766,-19.,0.));
#6342=CARTESIAN_POINT('',(67.8936170212766,-19.,-17.007351351695));
#6343=CARTESIAN_POINT('',(60.,-19.,-17.007351351695));
#6344=CARTESIAN_POINT('',(60.,-19.,-17.007351351695));
#6345=CARTESIAN_POINT('',(60.,-19.,0.));
#6346=CARTESIAN_POINT('',(60.,-19.,-13.8936170212766));
#6347=CARTESIAN_POINT('',(58.8936170212766,-19.,-13.8936170212766));
#6348=CARTESIAN_POINT('',(58.8936170212766,-19.,-15.));
#6349=CARTESIAN_POINT('',(60.,-19.,-15.));
#6350=CARTESIAN_POINT('',(46.1063829787234,-19.,-15.));
#6351=CARTESIAN_POINT('',(46.1063829787234,-19.,-13.8936170212766));
#6352=CARTESIAN_POINT('',(45.,-19.,-13.8936170212766));
#6353=CARTESIAN_POINT('',(45.,-19.,-15.));
#6354=CARTESIAN_POINT('',(45.,-19.,13.8936170212766));
#6355=CARTESIAN_POINT('',(46.1063829787234,-19.,13.8936170212766));
#6356=CARTESIAN_POINT('',(46.1063829787234,-19.,15.));
#6357=CARTESIAN_POINT('',(45.,-19.,15.));
#6358=CARTESIAN_POINT('',(58.8936170212766,-19.,15.));
#6359=CARTESIAN_POINT('',(58.8936170212766,-19.,13.8936170212766));
#6360=CARTESIAN_POINT('',(60.,-19.,13.8936170212766));
#6361=CARTESIAN_POINT('',(60.,-19.,0.));
#6362=CARTESIAN_POINT('',(60.,-19.,17.007351351695));
#6363=CARTESIAN_POINT('',(60.,-19.,17.007351351695));
#6364=CARTESIAN_POINT('',(67.8936170212766,-19.,17.007351351695));
#6365=CARTESIAN_POINT('',(67.8936170212766,-19.,0.));
#6366=CARTESIAN_POINT('',(67.8936170212766,-19.,30.8936170212766));
#6367=CARTESIAN_POINT('',(0.,-19.,30.8936170212766));
#6368=CARTESIAN_POINT('',(28.3936170212766,-19.,30.8936170212766));
#6369=CARTESIAN_POINT('',(28.3936170212766,-19.,-6.56734320196042E-15));
#6370=CARTESIAN_POINT('',(28.3936170212766,-19.,45.8936170212766));
#6371=CARTESIAN_POINT('',(0.,-19.,45.8936170212766));
#6372=CARTESIAN_POINT('',(-28.3936170212766,-19.,45.8936170212766));
#6373=CARTESIAN_POINT('',(-28.3936170212766,-19.,0.));
#6374=CARTESIAN_POINT('',(0.,19.,0.));
#6375=CARTESIAN_POINT('',(1.16337603613126E-15,19.,0.));
#6376=CARTESIAN_POINT('',(27.107544526456,19.,0.));
#6377=CARTESIAN_POINT('',(1.09563185485598E-15,19.,0.));
#6378=CARTESIAN_POINT('',(-28.3936170212766,19.,-18.5089110223708));
#6379=CARTESIAN_POINT('',(-28.3936170212766,19.,18.5089110223708));
#6380=CARTESIAN_POINT('',(-28.3936170212766,19.,45.8936170212766));
#6381=CARTESIAN_POINT('',(-28.3936170212766,19.,45.8936170212766));
#6382=CARTESIAN_POINT('',(29.5,19.,45.8936170212766));
#6383=CARTESIAN_POINT('',(28.3936170212766,19.,45.8936170212766));
#6384=CARTESIAN_POINT('',(28.3936170212766,19.,32.));
#6385=CARTESIAN_POINT('',(28.3936170212766,19.,30.8936170212766));
#6386=CARTESIAN_POINT('',(69.,19.,30.8936170212766));
#6387=CARTESIAN_POINT('',(67.8936170212766,19.,30.8936170212766));
#6388=CARTESIAN_POINT('',(67.8936170212766,19.,17.007351351695));
#6389=CARTESIAN_POINT('',(67.8936170212766,19.,17.007351351695));
#6390=CARTESIAN_POINT('',(60.,19.,17.007351351695));
#6391=CARTESIAN_POINT('',(60.,19.,17.007351351695));
#6392=CARTESIAN_POINT('',(60.,19.,0.));
#6393=CARTESIAN_POINT('',(60.,19.,13.8936170212766));
#6394=CARTESIAN_POINT('',(58.8936170212766,19.,13.8936170212766));
#6395=CARTESIAN_POINT('',(58.8936170212766,19.,15.));
#6396=CARTESIAN_POINT('',(45.,19.,15.));
#6397=CARTESIAN_POINT('',(46.1063829787234,19.,15.));
#6398=CARTESIAN_POINT('',(46.1063829787234,19.,13.8936170212766));
#6399=CARTESIAN_POINT('',(45.,19.,13.8936170212766));
#6400=CARTESIAN_POINT('',(45.,19.,-15.));
#6401=CARTESIAN_POINT('',(45.,19.,-13.8936170212766));
#6402=CARTESIAN_POINT('',(46.1063829787234,19.,-13.8936170212766));
#6403=CARTESIAN_POINT('',(46.1063829787234,19.,-15.));
#6404=CARTESIAN_POINT('',(60.,19.,-15.));
#6405=CARTESIAN_POINT('',(58.8936170212766,19.,-15.));
#6406=CARTESIAN_POINT('',(58.8936170212766,19.,-13.8936170212766));
#6407=CARTESIAN_POINT('',(60.,19.,-13.8936170212766));
#6408=CARTESIAN_POINT('',(60.,19.,0.));
#6409=CARTESIAN_POINT('',(60.,19.,-17.007351351695));
#6410=CARTESIAN_POINT('',(60.,19.,-17.007351351695));
#6411=CARTESIAN_POINT('',(67.8936170212766,19.,-17.007351351695));
#6412=CARTESIAN_POINT('',(67.8936170212766,19.,-30.8936170212766));
#6413=CARTESIAN_POINT('',(67.8936170212766,19.,-30.8936170212766));
#6414=CARTESIAN_POINT('',(28.3936170212766,19.,-30.8936170212766));
#6415=CARTESIAN_POINT('',(28.3936170212766,19.,-30.8936170212766));
#6416=CARTESIAN_POINT('',(28.3936170212766,19.,-45.8936170212766));
#6417=CARTESIAN_POINT('',(28.3936170212766,19.,-45.8936170212766));
#6418=CARTESIAN_POINT('',(-29.5,19.,-45.8936170212766));
#6419=CARTESIAN_POINT('',(-28.3936170212766,19.,-45.8936170212766));
#6420=CARTESIAN_POINT('',(-28.3936170212766,19.,-18.8348082018373));
#6421=CARTESIAN_POINT('',(-29.5,-19.,-47.));
#6422=CARTESIAN_POINT('',(-379.762751786673,6.,-47.0000000000002));
#6423=CARTESIAN_POINT('',(-28.3936170212767,6.,-47.));
#6424=CARTESIAN_POINT('',(28.3936170212765,6.,-47.));
#6425=CARTESIAN_POINT('',(-28.3936170212766,-19.,-47.));
#6426=CARTESIAN_POINT('',(-28.3936170212766,17.8936170212766,-47.));
#6427=CARTESIAN_POINT('',(29.5,17.8936170212766,-47.));
#6428=CARTESIAN_POINT('',(28.3936170212766,17.8936170212766,-47.));
#6429=CARTESIAN_POINT('',(28.3936170212766,-19.,-47.));
#6430=CARTESIAN_POINT('',(29.5,-19.,32.));
#6431=CARTESIAN_POINT('',(29.5,-19.,45.8936170212766));
#6432=CARTESIAN_POINT('',(29.5,-6.,45.8936170212766));
#6433=CARTESIAN_POINT('',(29.5,-17.8936170212766,45.8936170212766));
#6434=CARTESIAN_POINT('',(29.5,-17.8936170212766,32.));
#6435=CARTESIAN_POINT('',(29.5,-17.8936170212766,32.));
#6436=CARTESIAN_POINT('',(29.5,-19.,32.));
#6437=CARTESIAN_POINT('',(29.5,17.8936170212766,32.));
#6438=CARTESIAN_POINT('',(29.5,17.8936170212766,45.8936170212766));
#6439=CARTESIAN_POINT('',(29.5,17.8936170212766,45.8936170212766));
#6440=CARTESIAN_POINT('',(29.5,-19.,45.8936170212766));
#6441=CARTESIAN_POINT('',(29.5,6.,45.8936170212766));
#6442=CARTESIAN_POINT('',(29.5,6.,47.));
#6443=CARTESIAN_POINT('',(29.5,6.,38.));
#6444=CARTESIAN_POINT('',(29.5,6.,38.));
#6445=CARTESIAN_POINT('',(29.5,-6.,38.));
#6446=CARTESIAN_POINT('',(29.5,-6.,38.));
#6447=CARTESIAN_POINT('',(29.5,-19.,47.));
#6448=CARTESIAN_POINT('',(-29.5,17.8936170212766,47.));
#6449=CARTESIAN_POINT('',(28.3936170212766,17.8936170212766,47.));
#6450=CARTESIAN_POINT('',(-28.3936170212766,17.8936170212766,47.));
#6451=CARTESIAN_POINT('',(-28.3936170212766,-19.,47.));
#6452=CARTESIAN_POINT('',(-28.3936170212766,6.,47.));
#6453=CARTESIAN_POINT('',(-379.762751786673,6.,46.9999999999998));
#6454=CARTESIAN_POINT('',(28.3936170212766,6.,47.));
#6455=CARTESIAN_POINT('',(28.3936170212766,-19.,47.));
#6456=CARTESIAN_POINT('',(29.5,-19.,47.));
#6457=CARTESIAN_POINT('',(-379.762751786673,-6.,46.9999999999998));
#6458=CARTESIAN_POINT('',(-28.3936170212766,-6.,47.));
#6459=CARTESIAN_POINT('',(28.3936170212766,-6.,47.));
#6460=CARTESIAN_POINT('',(-28.3936170212766,-19.,47.));
#6461=CARTESIAN_POINT('',(-28.3936170212766,-17.8936170212766,47.));
#6462=CARTESIAN_POINT('',(29.5,-17.8936170212766,47.));
#6463=CARTESIAN_POINT('',(28.3936170212766,-17.8936170212766,47.));
#6464=CARTESIAN_POINT('',(28.3936170212766,-19.,47.));
#6465=CARTESIAN_POINT('',(-29.5,-19.,47.));
#6466=CARTESIAN_POINT('',(-29.5,6.,47.));
#6467=CARTESIAN_POINT('',(-29.5,6.,45.8936170212766));
#6468=CARTESIAN_POINT('',(-29.5,6.,38.));
#6469=CARTESIAN_POINT('',(-29.5,-19.,45.8936170212766));
#6470=CARTESIAN_POINT('',(-29.5,17.8936170212766,45.8936170212766));
#6471=CARTESIAN_POINT('',(-29.5,17.8936170212766,18.8348082018373));
#6472=CARTESIAN_POINT('',(-29.5,-17.8936170212766,47.));
#6473=CARTESIAN_POINT('',(-29.5,-17.8936170212766,45.8936170212766));
#6474=CARTESIAN_POINT('',(-29.5,-19.,45.8936170212766));
#6475=CARTESIAN_POINT('',(-29.5,-6.,45.8936170212766));
#6476=CARTESIAN_POINT('',(-29.5,-6.,47.));
#6477=CARTESIAN_POINT('',(-29.5,-6.,38.));
#6478=CARTESIAN_POINT('',(-29.5,-19.,38.));
#6479=CARTESIAN_POINT('',(-29.5,-19.,47.));
#6480=CARTESIAN_POINT('',(-29.5,17.8936170212766,-45.8936170212766));
#6481=CARTESIAN_POINT('',(-29.5,17.8936170212766,-45.8936170212766));
#6482=CARTESIAN_POINT('',(-29.5,-19.,-45.8936170212766));
#6483=CARTESIAN_POINT('',(-29.5,6.,-45.8936170212766));
#6484=CARTESIAN_POINT('',(-29.5,5.99999999999998,47.));
#6485=CARTESIAN_POINT('',(-29.5,6.,-38.));
#6486=CARTESIAN_POINT('',(-29.5,-19.,-38.));
#6487=CARTESIAN_POINT('',(-29.5000000000001,-6.,-38.));
#6488=CARTESIAN_POINT('',(-29.5,-6.,47.));
#6489=CARTESIAN_POINT('',(-29.5,-6.,-45.8936170212766));
#6490=CARTESIAN_POINT('',(-29.5,-19.,-45.8936170212766));
#6491=CARTESIAN_POINT('',(-29.5,-17.8936170212766,-45.8936170212766));
#6492=CARTESIAN_POINT('',(-29.5,-17.8936170212766,47.));
#6493=CARTESIAN_POINT('',(69.,-19.,32.));
#6494=CARTESIAN_POINT('',(69.,-17.8936170212766,32.));
#6495=CARTESIAN_POINT('',(67.8936170212766,-17.8936170212766,32.));
#6496=CARTESIAN_POINT('',(67.8936170212766,-19.,32.));
#6497=CARTESIAN_POINT('',(67.8936170212766,17.8936170212766,32.));
#6498=CARTESIAN_POINT('',(28.3936170212766,17.8936170212766,32.));
#6499=CARTESIAN_POINT('',(-29.5,-19.,-47.));
#6500=CARTESIAN_POINT('',(-29.5,-17.8936170212766,-47.));
#6501=CARTESIAN_POINT('',(28.3936170212766,-17.8936170212766,-47.));
#6502=CARTESIAN_POINT('',(-28.3936170212766,-17.8936170212766,-47.));
#6503=CARTESIAN_POINT('',(-28.3936170212766,-19.,-47.));
#6504=CARTESIAN_POINT('',(-28.3936170212767,-6.,-47.));
#6505=CARTESIAN_POINT('',(-379.762751786673,-6.,-47.0000000000002));
#6506=CARTESIAN_POINT('',(28.3936170212765,-6.,-47.));
#6507=CARTESIAN_POINT('',(28.3936170212766,-19.,-47.));
#6508=CARTESIAN_POINT('',(29.5,-19.,-47.));
#6509=CARTESIAN_POINT('',(29.5,6.,-47.));
#6510=CARTESIAN_POINT('',(29.5,6.,-45.8936170212766));
#6511=CARTESIAN_POINT('',(29.5,6.,-38.));
#6512=CARTESIAN_POINT('',(29.5,-19.,-45.8936170212766));
#6513=CARTESIAN_POINT('',(29.5,17.8936170212766,-45.8936170212766));
#6514=CARTESIAN_POINT('',(29.5,17.8936170212766,-32.));
#6515=CARTESIAN_POINT('',(29.5,17.8936170212766,-32.));
#6516=CARTESIAN_POINT('',(29.5,-19.,-32.));
#6517=CARTESIAN_POINT('',(29.5,-17.8936170212766,-32.));
#6518=CARTESIAN_POINT('',(29.5,-17.8936170212766,-47.));
#6519=CARTESIAN_POINT('',(29.5,-17.8936170212766,-45.8936170212766));
#6520=CARTESIAN_POINT('',(29.5,-19.,-45.8936170212766));
#6521=CARTESIAN_POINT('',(29.5,-6.,-45.8936170212766));
#6522=CARTESIAN_POINT('',(29.5,-6.,-38.));
#6523=CARTESIAN_POINT('',(29.5,-6.,-38.));
#6524=CARTESIAN_POINT('',(29.5,6.,-38.));
#6525=CARTESIAN_POINT('',(29.5,-19.,-32.));
#6526=CARTESIAN_POINT('',(69.,17.8936170212766,-32.));
#6527=CARTESIAN_POINT('',(67.8936170212766,17.8936170212766,-32.));
#6528=CARTESIAN_POINT('',(67.8936170212766,-19.,-32.));
#6529=CARTESIAN_POINT('',(67.8936170212766,-17.8936170212766,-32.));
#6530=CARTESIAN_POINT('',(29.5,-17.8936170212766,-32.));
#6531=CARTESIAN_POINT('',(60.,-19.,15.));
#6532=CARTESIAN_POINT('',(60.,0.,0.));
#6533=CARTESIAN_POINT('',(60.,9.,0.));
#6534=CARTESIAN_POINT('',(60.,-19.,-13.8936170212766));
#6535=CARTESIAN_POINT('',(60.,0.,0.));
#6536=CARTESIAN_POINT('',(60.,19.,13.8936170212766));
#6537=CARTESIAN_POINT('',(60.,0.,0.));
#6538=CARTESIAN_POINT('',(60.,-19.,-15.));
#6539=CARTESIAN_POINT('',(58.8936170212766,19.,-15.));
#6540=CARTESIAN_POINT('',(46.1063829787234,-19.,-15.));
#6541=CARTESIAN_POINT('',(45.,-19.,-15.));
#6542=CARTESIAN_POINT('',(45.,-19.,13.8936170212766));
#6543=CARTESIAN_POINT('',(45.,19.,-13.8936170212766));
#6544=CARTESIAN_POINT('',(45.,-19.,15.));
#6545=CARTESIAN_POINT('',(46.1063829787234,19.,15.));
#6546=CARTESIAN_POINT('',(58.8936170212766,-19.,15.));
#6547=CARTESIAN_POINT('',(69.,-19.,-32.));
#6548=CARTESIAN_POINT('',(69.,-17.8936170212766,-32.));
#6549=CARTESIAN_POINT('',(69.,-17.8936170212766,-16.5791140075879));
#6550=CARTESIAN_POINT('',(69.,-17.8936170212766,-30.8936170212766));
#6551=CARTESIAN_POINT('',(69.,-19.,-30.8936170212766));
#6552=CARTESIAN_POINT('',(69.,17.8936170212766,-30.8936170212766));
#6553=CARTESIAN_POINT('',(69.,17.8936170212766,-17.007351351695));
#6554=CARTESIAN_POINT('',(69.,17.8936170212766,-16.5791140075879));
#6555=CARTESIAN_POINT('',(69.,0.,0.));
#6556=CARTESIAN_POINT('',(69.,17.8936170212766,16.5791140075879));
#6557=CARTESIAN_POINT('',(69.,17.8936170212766,30.8936170212766));
#6558=CARTESIAN_POINT('',(69.,17.8936170212766,30.8936170212766));
#6559=CARTESIAN_POINT('',(69.,-19.,30.8936170212766));
#6560=CARTESIAN_POINT('',(69.,-17.8936170212766,30.8936170212766));
#6561=CARTESIAN_POINT('',(69.,-17.8936170212766,-32.));
#6562=CARTESIAN_POINT('',(69.,-17.8936170212766,16.5791140075879));
#6563=CARTESIAN_POINT('',(69.,0.,0.));
#6564=CARTESIAN_POINT('',(69.,0.,0.));
#6565=CARTESIAN_POINT('',(69.,9.,0.));
#6566=CARTESIAN_POINT('',(0.,0.,-1.73472347597681E-15));
#6567=CARTESIAN_POINT('',(-4.59227382683391E-16,-7.5,0.));
#6568=CARTESIAN_POINT('',(24.8947785690092,-7.5,0.));
#6569=CARTESIAN_POINT('',(4.59227382683391E-16,7.5,0.));
#6570=CARTESIAN_POINT('',(24.8947785690092,7.5,0.));
#6571=CARTESIAN_POINT('',(-25.8351084846491,-2.51048425329117,-1.66144224827307));
#6572=CARTESIAN_POINT('',(-25.7214124215559,-3.68226769752873,-1.16905717510352));
#6573=CARTESIAN_POINT('',(-25.6745883806411,-4.16301039786053,0.0125499403342091));
#6574=CARTESIAN_POINT('',(-25.7230486770587,-3.66544739972388,1.18503553926135));
#6575=CARTESIAN_POINT('',(-25.8372262812454,-2.48859635096015,1.66143501054733));
#6576=CARTESIAN_POINT('',(-25.9501362708842,-1.31855351050617,1.16901351350628));
#6577=CARTESIAN_POINT('',(-25.9964458196647,-0.836870986495137,-0.0100945331855328));
#6578=CARTESIAN_POINT('',(-25.9486361571342,-1.3341389479085,-1.18498471967851));
#6579=CARTESIAN_POINT('',(-25.8351084846491,-2.51048425329117,-1.66144224827307));
#6580=CARTESIAN_POINT('',(-25.7214124215559,-3.68226769752873,-1.16905717510352));
#6581=CARTESIAN_POINT('',(-25.6745883806411,-4.16301039786053,0.0125499403342091));
#6582=CARTESIAN_POINT('',(-25.7325577585856,-3.5670942402111,-1.05418683472549));
#6583=CARTESIAN_POINT('',(-5.94715745233952E-16,-9.71276595744681,0.));
#6584=CARTESIAN_POINT('',(-5.94715745233952E-16,-9.71276595744681,0.));
#6585=CARTESIAN_POINT('',(27.107544526456,-9.71276595744681,0.));
#6586=CARTESIAN_POINT('',(-1.10214571844014E-15,-18.,0.));
#6587=CARTESIAN_POINT('',(-1.10214571844014E-15,-18.,0.));
#6588=CARTESIAN_POINT('',(5.94715745233952E-16,9.71276595744681,0.));
#6589=CARTESIAN_POINT('',(27.107544526456,9.71276595744681,0.));
#6590=CARTESIAN_POINT('',(5.94715745233952E-16,9.71276595744681,0.));
#6591=CARTESIAN_POINT('',(-379.762751786673,6.,46.9999999999998));
#6592=CARTESIAN_POINT('',(-28.3936170212766,6.,45.8936170212766));
#6593=CARTESIAN_POINT('',(-379.762751786673,6.,37.9999999999998));
#6594=CARTESIAN_POINT('',(28.3936170212766,6.,45.8936170212766));
#6595=CARTESIAN_POINT('',(-379.762751786673,6.,37.9999999999998));
#6596=CARTESIAN_POINT('',(-379.762751786673,-6.,37.9999999999998));
#6597=CARTESIAN_POINT('',(-379.762751786673,-6.,37.9999999999998));
#6598=CARTESIAN_POINT('',(-28.3936170212766,-6.,45.8936170212766));
#6599=CARTESIAN_POINT('',(28.3936170212766,-6.,45.8936170212766));
#6600=CARTESIAN_POINT('',(-379.762751786673,6.,-47.0000000000002));
#6601=CARTESIAN_POINT('',(-28.3936170212766,6.,-45.8936170212766));
#6602=CARTESIAN_POINT('',(28.3936170212766,6.,-45.8936170212766));
#6603=CARTESIAN_POINT('',(-379.762751786673,6.,-38.0000000000002));
#6604=CARTESIAN_POINT('',(-379.762751786673,6.,-38.0000000000002));
#6605=CARTESIAN_POINT('',(-379.762751786673,-6.,-38.0000000000002));
#6606=CARTESIAN_POINT('',(-379.762751786673,-6.,-38.0000000000002));
#6607=CARTESIAN_POINT('',(-28.3936170212766,-6.,-45.8936170212766));
#6608=CARTESIAN_POINT('',(28.3936170212766,-6.,-45.8936170212766));
#6609=CARTESIAN_POINT('',(60.,0.,0.));
#6610=CARTESIAN_POINT('',(67.8936170212766,0.,0.));
#6611=CARTESIAN_POINT('',(60.,0.,0.));
#6612=CARTESIAN_POINT('',(67.8936170212766,0.,0.));
#6613=CARTESIAN_POINT('',(60.,0.,0.));
#6614=CARTESIAN_POINT('',(0.,-17.8936170212766,45.8936170212766));
#6615=CARTESIAN_POINT('',(-28.3936170212766,-17.8936170212766,45.8936170212766));
#6616=CARTESIAN_POINT('',(28.3936170212766,-17.8936170212766,45.8936170212766));
#6617=CARTESIAN_POINT('',(-29.5,17.8936170212766,-45.8936170212766));
#6618=CARTESIAN_POINT('',(-28.3936170212766,17.8936170212766,-45.8936170212766));
#6619=CARTESIAN_POINT('',(28.3936170212766,17.8936170212766,-45.8936170212766));
#6620=CARTESIAN_POINT('',(0.,-17.8936170212766,-45.8936170212766));
#6621=CARTESIAN_POINT('',(-28.3936170212766,-17.8936170212766,-45.8936170212766));
#6622=CARTESIAN_POINT('',(28.3936170212766,-17.8936170212766,-45.8936170212766));
#6623=CARTESIAN_POINT('',(29.5,17.8936170212766,45.8936170212766));
#6624=CARTESIAN_POINT('',(-28.3936170212766,17.8936170212766,45.8936170212766));
#6625=CARTESIAN_POINT('',(28.3936170212766,17.8936170212766,45.8936170212766));
#6626=CARTESIAN_POINT('',(28.3936170212766,-17.8936170212766,1.31346864039208E-14));
#6627=CARTESIAN_POINT('',(28.3936170212766,-17.8936170212766,-30.8936170212766));
#6628=CARTESIAN_POINT('',(28.3936170212766,-17.8936170212766,-45.8936170212766));
#6629=CARTESIAN_POINT('',(28.3936170212766,-17.8936170212766,-45.8936170212766));
#6630=CARTESIAN_POINT('',(28.3936170212766,-17.8936170212766,-45.8936170212766));
#6631=CARTESIAN_POINT('',(28.3936170212766,-19.,-45.8936170212766));
#6632=CARTESIAN_POINT('',(28.3936170212766,17.8936170212766,32.));
#6633=CARTESIAN_POINT('',(28.3936170212766,17.8936170212766,30.8936170212766));
#6634=CARTESIAN_POINT('',(28.3936170212766,17.8936170212766,45.8936170212766));
#6635=CARTESIAN_POINT('',(28.3936170212766,17.8936170212766,45.8936170212766));
#6636=CARTESIAN_POINT('',(28.3936170212766,17.8936170212766,45.8936170212766));
#6637=CARTESIAN_POINT('',(28.3936170212766,-19.,45.8936170212766));
#6638=CARTESIAN_POINT('',(28.3936170212766,-19.,45.8936170212766));
#6639=CARTESIAN_POINT('',(28.3936170212766,-17.8936170212766,45.8936170212766));
#6640=CARTESIAN_POINT('',(28.3936170212766,-17.8936170212766,45.8936170212766));
#6641=CARTESIAN_POINT('',(28.3936170212766,-17.8936170212766,45.8936170212766));
#6642=CARTESIAN_POINT('',(28.3936170212766,-17.8936170212766,-6.56734320196042E-15));
#6643=CARTESIAN_POINT('',(28.3936170212766,-17.8936170212766,30.8936170212766));
#6644=CARTESIAN_POINT('',(28.3936170212766,17.8936170212766,-47.));
#6645=CARTESIAN_POINT('',(28.3936170212766,17.8936170212766,-45.8936170212766));
#6646=CARTESIAN_POINT('',(28.3936170212766,17.8936170212766,-30.8936170212766));
#6647=CARTESIAN_POINT('',(28.3936170212766,17.8936170212766,-45.8936170212766));
#6648=CARTESIAN_POINT('',(28.3936170212766,17.8936170212766,-45.8936170212766));
#6649=CARTESIAN_POINT('',(28.3936170212766,-19.,-45.8936170212766));
#6650=CARTESIAN_POINT('',(69.,17.8936170212766,30.8936170212766));
#6651=CARTESIAN_POINT('',(67.8936170212766,17.8936170212766,30.8936170212766));
#6652=CARTESIAN_POINT('',(29.5,17.8936170212766,-30.8936170212766));
#6653=CARTESIAN_POINT('',(67.8936170212766,17.8936170212766,-30.8936170212766));
#6654=CARTESIAN_POINT('',(0.,-17.8936170212766,-30.8936170212766));
#6655=CARTESIAN_POINT('',(67.8936170212766,-17.8936170212766,-30.8936170212766));
#6656=CARTESIAN_POINT('',(0.,-17.8936170212766,30.8936170212766));
#6657=CARTESIAN_POINT('',(67.8936170212766,-17.8936170212766,30.8936170212766));
#6658=CARTESIAN_POINT('',(67.8936170212766,-19.,30.8936170212766));
#6659=CARTESIAN_POINT('',(67.8936170212766,17.8936170212766,30.8936170212766));
#6660=CARTESIAN_POINT('',(67.8936170212766,-17.8936170212766,30.8936170212766));
#6661=CARTESIAN_POINT('',(67.8936170212766,-17.8936170212766,30.8936170212766));
#6662=CARTESIAN_POINT('',(67.8936170212766,-17.8936170212766,30.8936170212766));
#6663=CARTESIAN_POINT('',(67.8936170212766,17.8936170212766,30.8936170212766));
#6664=CARTESIAN_POINT('',(67.8936170212766,17.8936170212766,30.8936170212766));
#6665=CARTESIAN_POINT('',(67.8936170212766,-17.8936170212766,0.));
#6666=CARTESIAN_POINT('',(67.8936170212766,-19.,17.007351351695));
#6667=CARTESIAN_POINT('',(68.1966646702358,-19.,17.007351351695));
#6668=CARTESIAN_POINT('',(68.7805664816288,-18.7385997803178,16.9077881844495));
#6669=CARTESIAN_POINT('',(69.,-18.1716376818928,16.688104982302));
#6670=CARTESIAN_POINT('',(69.,-17.8936170212766,16.5791140075879));
#6671=CARTESIAN_POINT('',(67.8936170212766,17.8936170212766,-32.));
#6672=CARTESIAN_POINT('',(67.8936170212766,19.,17.007351351695));
#6673=CARTESIAN_POINT('',(68.1966646702358,19.,17.007351351695));
#6674=CARTESIAN_POINT('',(68.7805664816288,18.7385997803176,16.90778818445));
#6675=CARTESIAN_POINT('',(69.,18.1716376818932,16.688104982301));
#6676=CARTESIAN_POINT('',(69.,17.8936170212766,16.5791140075879));
#6677=CARTESIAN_POINT('',(67.8936170212766,0.,0.));
#6678=CARTESIAN_POINT('',(67.8936170212766,-19.,-17.007351351695));
#6679=CARTESIAN_POINT('',(68.1966646702358,-19.,-17.007351351695));
#6680=CARTESIAN_POINT('',(68.7805664816288,-18.7385997803176,-16.9077881844499));
#6681=CARTESIAN_POINT('',(69.,-18.1716376818931,-16.6881049823011));
#6682=CARTESIAN_POINT('',(69.,-17.8936170212766,-16.5791140075879));
#6683=CARTESIAN_POINT('',(67.8936170212766,0.,0.));
#6684=CARTESIAN_POINT('',(67.8936170212766,19.,-17.007351351695));
#6685=CARTESIAN_POINT('',(68.1966646702358,19.,-17.007351351695));
#6686=CARTESIAN_POINT('',(68.7805664816288,18.7385997803176,-16.9077881844499));
#6687=CARTESIAN_POINT('',(69.,18.1716376818931,-16.6881049823011));
#6688=CARTESIAN_POINT('',(69.,17.8936170212766,-16.5791140075879));
#6689=CARTESIAN_POINT('',(67.8936170212766,-17.8936170212766,0.));
#6690=CARTESIAN_POINT('',(67.8936170212766,-17.8936170212766,-30.8936170212766));
#6691=CARTESIAN_POINT('',(67.8936170212766,17.8936170212766,-32.));
#6692=CARTESIAN_POINT('',(67.8936170212766,17.8936170212766,-30.8936170212766));
#6693=CARTESIAN_POINT('',(67.8936170212766,-17.8936170212766,-30.8936170212766));
#6694=CARTESIAN_POINT('',(67.8936170212766,-17.8936170212766,-30.8936170212766));
#6695=CARTESIAN_POINT('',(67.8936170212766,17.8936170212766,-30.8936170212766));
#6696=CARTESIAN_POINT('',(67.8936170212766,17.8936170212766,-30.8936170212766));
#6697=CARTESIAN_POINT('',(67.8936170212766,-19.,-30.8936170212766));
#6698=CARTESIAN_POINT('',(58.8936170212766,-19.,13.8936170212766));
#6699=CARTESIAN_POINT('',(46.1063829787234,-19.,-13.8936170212766));
#6700=CARTESIAN_POINT('',(58.8936170212766,-19.,-13.8936170212766));
#6701=CARTESIAN_POINT('',(46.1063829787234,-19.,13.8936170212766));
#6702=CARTESIAN_POINT('',(-28.3936170212766,-19.,45.8936170212766));
#6703=CARTESIAN_POINT('',(-28.3936170212766,-17.8936170212766,45.8936170212766));
#6704=CARTESIAN_POINT('',(-28.3936170212766,-17.8936170212766,45.8936170212766));
#6705=CARTESIAN_POINT('',(-28.3936170212766,-17.8936170212766,45.8936170212766));
#6706=CARTESIAN_POINT('',(-28.3936170212766,-17.8936170212766,0.));
#6707=CARTESIAN_POINT('',(-29.5,-17.8936170212766,18.8348082018373));
#6708=CARTESIAN_POINT('',(-29.5,-18.1921557544928,18.8348082018373));
#6709=CARTESIAN_POINT('',(-29.2480668865698,-18.771654728197,18.7614263780917));
#6710=CARTESIAN_POINT('',(-28.6756605622267,-19.,18.5927156304667));
#6711=CARTESIAN_POINT('',(-28.3936170212766,-19.,18.5089110223708));
#6712=CARTESIAN_POINT('',(-1.09563185485598E-15,-17.8936170212766,0.));
#6713=CARTESIAN_POINT('',(-29.5,-17.8936170212766,-18.8348082018373));
#6714=CARTESIAN_POINT('',(-29.5,-18.1921557544928,-18.8348082018373));
#6715=CARTESIAN_POINT('',(-29.2480668865698,-18.771654728197,-18.7614263780917));
#6716=CARTESIAN_POINT('',(-28.6756605622267,-19.,-18.5927156304667));
#6717=CARTESIAN_POINT('',(-28.3936170212766,-19.,-18.5089110223708));
#6718=CARTESIAN_POINT('',(-28.3936170212766,-17.8936170212766,0.));
#6719=CARTESIAN_POINT('',(-28.3936170212766,-17.8936170212766,-45.8936170212766));
#6720=CARTESIAN_POINT('',(-28.3936170212766,-17.8936170212766,-45.8936170212766));
#6721=CARTESIAN_POINT('',(-28.3936170212766,-17.8936170212766,-45.8936170212766));
#6722=CARTESIAN_POINT('',(-28.3936170212766,-19.,-45.8936170212766));
#6723=CARTESIAN_POINT('',(-28.3936170212766,-19.,-45.8936170212766));
#6724=CARTESIAN_POINT('',(-28.3936170212766,17.8936170212766,-45.8936170212766));
#6725=CARTESIAN_POINT('',(-28.3936170212766,17.8936170212766,-45.8936170212766));
#6726=CARTESIAN_POINT('',(-28.3936170212766,17.8936170212766,-45.8936170212766));
#6727=CARTESIAN_POINT('',(-28.3936170212766,17.8936170212766,47.));
#6728=CARTESIAN_POINT('',(-29.5,17.8936170212766,-18.8348082018373));
#6729=CARTESIAN_POINT('',(-29.5,18.1921557544928,-18.8348082018373));
#6730=CARTESIAN_POINT('',(-29.2480668865661,18.771654728197,-18.7614263781042));
#6731=CARTESIAN_POINT('',(-28.6756605622341,19.,-18.5927156304418));
#6732=CARTESIAN_POINT('',(-28.3936170212766,19.,-18.5089110223708));
#6733=CARTESIAN_POINT('',(1.09563185485598E-15,17.8936170212766,0.));
#6734=CARTESIAN_POINT('',(-29.5,17.8936170212766,18.8348082018373));
#6735=CARTESIAN_POINT('',(-29.5,18.1921557544928,18.8348082018373));
#6736=CARTESIAN_POINT('',(-29.2480668865661,18.771654728197,18.7614263781042));
#6737=CARTESIAN_POINT('',(-28.6756605622341,19.,18.5927156304418));
#6738=CARTESIAN_POINT('',(-28.3936170212766,19.,18.5089110223708));
#6739=CARTESIAN_POINT('',(-28.3936170212766,17.8936170212766,47.));
#6740=CARTESIAN_POINT('',(-28.3936170212766,17.8936170212766,45.8936170212766));
#6741=CARTESIAN_POINT('',(-28.3936170212766,17.8936170212766,45.8936170212766));
#6742=CARTESIAN_POINT('',(-28.3936170212766,17.8936170212766,45.8936170212766));
#6743=CARTESIAN_POINT('',(-28.3936170212766,-19.,45.8936170212766));
#6744=CARTESIAN_POINT('',(114.174394585666,-2.49999999999999,0.));
#6745=CARTESIAN_POINT('',(-23.4787137637478,-2.50000000000096,0.));
#6746=CARTESIAN_POINT('',(-35.1,-2.50000000000096,0.));
#6747=CARTESIAN_POINT('',(-35.1,-5.00000000000192,0.));
#6748=CARTESIAN_POINT('',(-38.1,-2.50000000000096,0.));
#6749=CARTESIAN_POINT('',(-38.1,-5.00000000000192,0.));
#6750=CARTESIAN_POINT('',(-35.1,-7.39007177741097E-33,0.));
#6751=CARTESIAN_POINT('',(-35.1,-2.50000000000096,0.));
#6752=CARTESIAN_POINT('',(-35.1,-3.95000000000192,0.));
#6753=CARTESIAN_POINT('',(-23.4787137637478,-2.50000000000096,0.));
#6754=CARTESIAN_POINT('',(-25.9807621135332,-2.50000000000096,0.));
#6755=CARTESIAN_POINT('',(-25.9807621135332,-3.95000000000192,0.));
#6756=CARTESIAN_POINT('',(-25.9807621135332,-1.04999999999999,0.));
#6757=CARTESIAN_POINT('',(-38.1,-2.50000000000096,0.));
#6758=CARTESIAN_POINT('',(0.,0.,0.));
#6759=MECHANICAL_DESIGN_GEOMETRIC_PRESENTATION_REPRESENTATION('',(#3713,
#3714,#3715,#3716,#3717,#3718,#3719,#3720,#3721,#3722,#3723,#3724,#3725,
#3726),#6760);
#6760=(
GEOMETRIC_REPRESENTATION_CONTEXT(3)
GLOBAL_UNCERTAINTY_ASSIGNED_CONTEXT((#6763))
GLOBAL_UNIT_ASSIGNED_CONTEXT((#6768,#6767,#6766))
REPRESENTATION_CONTEXT('UKT+H\X2\5E266ED157575EA77D275B9A595759167403976274038F74627F\X0\',
'TOP_LEVEL_ASSEMBLY_PART')
);
#6761=(
GEOMETRIC_REPRESENTATION_CONTEXT(3)
GLOBAL_UNCERTAINTY_ASSIGNED_CONTEXT((#6764))
GLOBAL_UNIT_ASSIGNED_CONTEXT((#6768,#6767,#6766))
REPRESENTATION_CONTEXT('UK+H\X2\74038F74627F\X0\','COMPONENT_PART')
);
#6762=(
GEOMETRIC_REPRESENTATION_CONTEXT(3)
GLOBAL_UNCERTAINTY_ASSIGNED_CONTEXT((#6765))
GLOBAL_UNIT_ASSIGNED_CONTEXT((#6768,#6767,#6766))
REPRESENTATION_CONTEXT('T\X2\94F890206ED157575EA7\X0\','COMPONENT_PART')
);
#6763=UNCERTAINTY_MEASURE_WITH_UNIT(LENGTH_MEASURE(0.005),#6768,
'DISTANCE_ACCURACY_VALUE','Maximum Tolerance applied to model');
#6764=UNCERTAINTY_MEASURE_WITH_UNIT(LENGTH_MEASURE(0.005),#6768,
'DISTANCE_ACCURACY_VALUE','Maximum Tolerance applied to model');
#6765=UNCERTAINTY_MEASURE_WITH_UNIT(LENGTH_MEASURE(0.005),#6768,
'DISTANCE_ACCURACY_VALUE','Maximum Tolerance applied to model');
#6766=(
NAMED_UNIT(*)
SI_UNIT($,.STERADIAN.)
SOLID_ANGLE_UNIT()
);
#6767=(
NAMED_UNIT(*)
PLANE_ANGLE_UNIT()
SI_UNIT($,.RADIAN.)
);
#6768=(
LENGTH_UNIT()
NAMED_UNIT(*)
SI_UNIT(.MILLI.,.METRE.)
);
#6769=PRODUCT_DEFINITION_SHAPE('','',#6774);
#6770=PRODUCT_DEFINITION_SHAPE('','',#6775);
#6771=PRODUCT_DEFINITION_SHAPE(' ','NAUO PRDDFN',#24);
#6772=PRODUCT_DEFINITION_SHAPE('','',#6776);
#6773=PRODUCT_DEFINITION_SHAPE(' ','NAUO PRDDFN',#25);
#6774=PRODUCT_DEFINITION('','',#6780,#6777);
#6775=PRODUCT_DEFINITION('','',#6781,#6778);
#6776=PRODUCT_DEFINITION('','',#6782,#6779);
#6777=PRODUCT_DEFINITION_CONTEXT('',#6796,'design');
#6778=PRODUCT_DEFINITION_CONTEXT('',#6796,'design');
#6779=PRODUCT_DEFINITION_CONTEXT('',#6796,'design');
#6780=PRODUCT_DEFINITION_FORMATION_WITH_SPECIFIED_SOURCE('','',#6786,
 .NOT_KNOWN.);
#6781=PRODUCT_DEFINITION_FORMATION_WITH_SPECIFIED_SOURCE('','',#6787,
 .NOT_KNOWN.);
#6782=PRODUCT_DEFINITION_FORMATION_WITH_SPECIFIED_SOURCE('','',#6788,
 .NOT_KNOWN.);
#6783=PRODUCT_RELATED_PRODUCT_CATEGORY('','',(#6786));
#6784=PRODUCT_RELATED_PRODUCT_CATEGORY('','',(#6787));
#6785=PRODUCT_RELATED_PRODUCT_CATEGORY('','',(#6788));
#6786=PRODUCT('UKT+H\X2\5E266ED157575EA77D275B9A595759167403976274038F74627F\X0\',
'UKT+H\X2\5E266ED157575EA77D275B9A595759167403976274038F74627F\X0\',
'UKT+H\X2\5E266ED157575EA77D275B9A595759167403976274038F74627F\X0\',(#6792));
#6787=PRODUCT('UK+H\X2\74038F74627F\X0\','UK+H\X2\74038F74627F\X0\',
'UK+H\X2\74038F74627F\X0\',(#6793));
#6788=PRODUCT('T\X2\94F890206ED157575EA7\X0\','T\X2\94F890206ED157575EA7\X0\',
'T\X2\94F890206ED157575EA7\X0\',(#6794));
#6789=PRODUCT_CATEGORY('','');
#6790=PRODUCT_CATEGORY('','');
#6791=PRODUCT_CATEGORY('','');
#6792=PRODUCT_CONTEXT('',#6796,'mechanical');
#6793=PRODUCT_CONTEXT('',#6796,'mechanical');
#6794=PRODUCT_CONTEXT('',#6796,'mechanical');
#6795=APPLICATION_PROTOCOL_DEFINITION('international standard',
'automotive_design',2010,#6796);
#6796=APPLICATION_CONTEXT(
'core data for automotive mechanical design processes');
ENDSEC;
END-ISO-10303-21;
