ISO-10303-21;
HEADER;
/* Generated by software containing HOOPS Exchange Step
 * from HOOPS Exchange, Inc. (www.tiangong.cloud) 
 */

FILE_DESCRIPTION(
/* description */ ('Unknown'),
/* implementation_level */ '2;1');

FILE_NAME(
/* name */ '\X2\51B2538B591657086EDA94888F74627F\X0\HK 0000\X2\578B\X0\ 
GBT290-2017',
/* time_stamp */ '2025-10-25T15:32:56+08:00',
/* author */ ('Unknown'),
/* organization */ ('Unknown'),
/* preprocessor_version */ 'ST-DEVELOPER v19.4',
/* originating_system */ 'TianGong',
/* authorisation */ 'Unknown');

FILE_SCHEMA (('AUTOMOTIVE_DESIGN {1 0 10303 214 3 1 1}'));
ENDSEC;

DATA;
#10=PROPERTY_DEFINITION_REPRESENTATION(#14,#12);
#11=PROPERTY_DEFINITION_REPRESENTATION(#15,#13);
#12=REPRESENTATION('',(#16),#2317);
#13=REPRESENTATION('',(#17),#2317);
#14=PROPERTY_DEFINITION('pmi validation property','',#2322);
#15=PROPERTY_DEFINITION('pmi validation property','',#2322);
#16=VALUE_REPRESENTATION_ITEM('number of annotations',COUNT_MEASURE(0.));
#17=VALUE_REPRESENTATION_ITEM('number of views',COUNT_MEASURE(0.));
#18=SHAPE_REPRESENTATION_RELATIONSHIP('','',#1285,#19);
#19=ADVANCED_BREP_SHAPE_REPRESENTATION('',(#1283),#2317);
#20=TOROIDAL_SURFACE('',#1487,12.6,0.4);
#21=TOROIDAL_SURFACE('',#1488,12.6,0.4);
#22=LINE('',#1959,#74);
#23=LINE('',#1960,#75);
#24=LINE('',#1972,#76);
#25=LINE('',#1973,#77);
#26=LINE('',#1985,#78);
#27=LINE('',#1986,#79);
#28=LINE('',#1998,#80);
#29=LINE('',#1999,#81);
#30=LINE('',#2011,#82);
#31=LINE('',#2012,#83);
#32=LINE('',#2024,#84);
#33=LINE('',#2025,#85);
#34=LINE('',#2037,#86);
#35=LINE('',#2038,#87);
#36=LINE('',#2050,#88);
#37=LINE('',#2051,#89);
#38=LINE('',#2063,#90);
#39=LINE('',#2064,#91);
#40=LINE('',#2076,#92);
#41=LINE('',#2077,#93);
#42=LINE('',#2089,#94);
#43=LINE('',#2090,#95);
#44=LINE('',#2102,#96);
#45=LINE('',#2103,#97);
#46=LINE('',#2115,#98);
#47=LINE('',#2116,#99);
#48=LINE('',#2128,#100);
#49=LINE('',#2129,#101);
#50=LINE('',#2141,#102);
#51=LINE('',#2142,#103);
#52=LINE('',#2154,#104);
#53=LINE('',#2155,#105);
#54=LINE('',#2167,#106);
#55=LINE('',#2168,#107);
#56=LINE('',#2180,#108);
#57=LINE('',#2181,#109);
#58=LINE('',#2193,#110);
#59=LINE('',#2194,#111);
#60=LINE('',#2206,#112);
#61=LINE('',#2207,#113);
#62=LINE('',#2219,#114);
#63=LINE('',#2220,#115);
#64=LINE('',#2232,#116);
#65=LINE('',#2233,#117);
#66=LINE('',#2245,#118);
#67=LINE('',#2246,#119);
#68=LINE('',#2258,#120);
#69=LINE('',#2259,#121);
#70=LINE('',#2271,#122);
#71=LINE('',#2272,#123);
#72=LINE('',#2298,#124);
#73=LINE('',#2302,#125);
#74=VECTOR('',#1505,1000.);
#75=VECTOR('',#1506,1000.);
#76=VECTOR('',#1521,1000.);
#77=VECTOR('',#1522,1000.);
#78=VECTOR('',#1537,1000.);
#79=VECTOR('',#1538,1000.);
#80=VECTOR('',#1553,1000.);
#81=VECTOR('',#1554,1000.);
#82=VECTOR('',#1569,1000.);
#83=VECTOR('',#1570,1000.);
#84=VECTOR('',#1585,1000.);
#85=VECTOR('',#1586,1000.);
#86=VECTOR('',#1601,1000.);
#87=VECTOR('',#1602,1000.);
#88=VECTOR('',#1617,1000.);
#89=VECTOR('',#1618,1000.);
#90=VECTOR('',#1633,1000.);
#91=VECTOR('',#1634,1000.);
#92=VECTOR('',#1649,1000.);
#93=VECTOR('',#1650,1000.);
#94=VECTOR('',#1665,1000.);
#95=VECTOR('',#1666,1000.);
#96=VECTOR('',#1681,1000.);
#97=VECTOR('',#1682,1000.);
#98=VECTOR('',#1697,1000.);
#99=VECTOR('',#1698,1000.);
#100=VECTOR('',#1713,1000.);
#101=VECTOR('',#1714,1000.);
#102=VECTOR('',#1729,1000.);
#103=VECTOR('',#1730,1000.);
#104=VECTOR('',#1745,1000.);
#105=VECTOR('',#1746,1000.);
#106=VECTOR('',#1761,1000.);
#107=VECTOR('',#1762,1000.);
#108=VECTOR('',#1777,1000.);
#109=VECTOR('',#1778,1000.);
#110=VECTOR('',#1793,1000.);
#111=VECTOR('',#1794,1000.);
#112=VECTOR('',#1809,1000.);
#113=VECTOR('',#1810,1000.);
#114=VECTOR('',#1825,1000.);
#115=VECTOR('',#1826,1000.);
#116=VECTOR('',#1841,1000.);
#117=VECTOR('',#1842,1000.);
#118=VECTOR('',#1857,1000.);
#119=VECTOR('',#1858,1000.);
#120=VECTOR('',#1873,1000.);
#121=VECTOR('',#1874,1000.);
#122=VECTOR('',#1889,1000.);
#123=VECTOR('',#1890,1000.);
#124=VECTOR('',#1921,1000.);
#125=VECTOR('',#1924,1000.);
#126=CYLINDRICAL_SURFACE('',#1293,1.2);
#127=CYLINDRICAL_SURFACE('',#1300,1.2);
#128=CYLINDRICAL_SURFACE('',#1307,1.2);
#129=CYLINDRICAL_SURFACE('',#1314,1.2);
#130=CYLINDRICAL_SURFACE('',#1321,1.2);
#131=CYLINDRICAL_SURFACE('',#1328,1.2);
#132=CYLINDRICAL_SURFACE('',#1335,1.2);
#133=CYLINDRICAL_SURFACE('',#1342,1.2);
#134=CYLINDRICAL_SURFACE('',#1349,1.2);
#135=CYLINDRICAL_SURFACE('',#1356,1.2);
#136=CYLINDRICAL_SURFACE('',#1363,1.2);
#137=CYLINDRICAL_SURFACE('',#1370,1.2);
#138=CYLINDRICAL_SURFACE('',#1377,1.2);
#139=CYLINDRICAL_SURFACE('',#1384,1.2);
#140=CYLINDRICAL_SURFACE('',#1391,1.2);
#141=CYLINDRICAL_SURFACE('',#1398,1.2);
#142=CYLINDRICAL_SURFACE('',#1405,1.2);
#143=CYLINDRICAL_SURFACE('',#1412,1.2);
#144=CYLINDRICAL_SURFACE('',#1419,1.2);
#145=CYLINDRICAL_SURFACE('',#1426,1.2);
#146=CYLINDRICAL_SURFACE('',#1433,1.2);
#147=CYLINDRICAL_SURFACE('',#1440,1.2);
#148=CYLINDRICAL_SURFACE('',#1447,1.2);
#149=CYLINDRICAL_SURFACE('',#1454,1.2);
#150=CYLINDRICAL_SURFACE('',#1461,1.2);
#151=CYLINDRICAL_SURFACE('',#1465,13.);
#152=CYLINDRICAL_SURFACE('',#1471,9.99999999999999);
#153=CYLINDRICAL_SURFACE('',#1475,10.66);
#154=CYLINDRICAL_SURFACE('',#1481,9.99999999999999);
#155=CYLINDRICAL_SURFACE('',#1486,1.2);
#156=ORIENTED_EDGE('',*,*,#488,.T.);
#157=ORIENTED_EDGE('',*,*,#489,.T.);
#158=ORIENTED_EDGE('',*,*,#490,.F.);
#159=ORIENTED_EDGE('',*,*,#491,.T.);
#160=ORIENTED_EDGE('',*,*,#488,.F.);
#161=ORIENTED_EDGE('',*,*,#492,.T.);
#162=ORIENTED_EDGE('',*,*,#490,.T.);
#163=ORIENTED_EDGE('',*,*,#493,.T.);
#164=ORIENTED_EDGE('',*,*,#494,.T.);
#165=ORIENTED_EDGE('',*,*,#495,.T.);
#166=ORIENTED_EDGE('',*,*,#496,.F.);
#167=ORIENTED_EDGE('',*,*,#497,.T.);
#168=ORIENTED_EDGE('',*,*,#494,.F.);
#169=ORIENTED_EDGE('',*,*,#498,.T.);
#170=ORIENTED_EDGE('',*,*,#496,.T.);
#171=ORIENTED_EDGE('',*,*,#499,.T.);
#172=ORIENTED_EDGE('',*,*,#500,.T.);
#173=ORIENTED_EDGE('',*,*,#501,.T.);
#174=ORIENTED_EDGE('',*,*,#502,.F.);
#175=ORIENTED_EDGE('',*,*,#503,.T.);
#176=ORIENTED_EDGE('',*,*,#500,.F.);
#177=ORIENTED_EDGE('',*,*,#504,.T.);
#178=ORIENTED_EDGE('',*,*,#502,.T.);
#179=ORIENTED_EDGE('',*,*,#505,.T.);
#180=ORIENTED_EDGE('',*,*,#506,.T.);
#181=ORIENTED_EDGE('',*,*,#507,.T.);
#182=ORIENTED_EDGE('',*,*,#508,.F.);
#183=ORIENTED_EDGE('',*,*,#509,.T.);
#184=ORIENTED_EDGE('',*,*,#506,.F.);
#185=ORIENTED_EDGE('',*,*,#510,.T.);
#186=ORIENTED_EDGE('',*,*,#508,.T.);
#187=ORIENTED_EDGE('',*,*,#511,.T.);
#188=ORIENTED_EDGE('',*,*,#512,.T.);
#189=ORIENTED_EDGE('',*,*,#513,.T.);
#190=ORIENTED_EDGE('',*,*,#514,.F.);
#191=ORIENTED_EDGE('',*,*,#515,.T.);
#192=ORIENTED_EDGE('',*,*,#512,.F.);
#193=ORIENTED_EDGE('',*,*,#516,.T.);
#194=ORIENTED_EDGE('',*,*,#514,.T.);
#195=ORIENTED_EDGE('',*,*,#517,.T.);
#196=ORIENTED_EDGE('',*,*,#518,.T.);
#197=ORIENTED_EDGE('',*,*,#519,.T.);
#198=ORIENTED_EDGE('',*,*,#520,.F.);
#199=ORIENTED_EDGE('',*,*,#521,.T.);
#200=ORIENTED_EDGE('',*,*,#518,.F.);
#201=ORIENTED_EDGE('',*,*,#522,.T.);
#202=ORIENTED_EDGE('',*,*,#520,.T.);
#203=ORIENTED_EDGE('',*,*,#523,.T.);
#204=ORIENTED_EDGE('',*,*,#524,.T.);
#205=ORIENTED_EDGE('',*,*,#525,.T.);
#206=ORIENTED_EDGE('',*,*,#526,.F.);
#207=ORIENTED_EDGE('',*,*,#527,.T.);
#208=ORIENTED_EDGE('',*,*,#524,.F.);
#209=ORIENTED_EDGE('',*,*,#528,.T.);
#210=ORIENTED_EDGE('',*,*,#526,.T.);
#211=ORIENTED_EDGE('',*,*,#529,.T.);
#212=ORIENTED_EDGE('',*,*,#530,.T.);
#213=ORIENTED_EDGE('',*,*,#531,.T.);
#214=ORIENTED_EDGE('',*,*,#532,.F.);
#215=ORIENTED_EDGE('',*,*,#533,.T.);
#216=ORIENTED_EDGE('',*,*,#530,.F.);
#217=ORIENTED_EDGE('',*,*,#534,.T.);
#218=ORIENTED_EDGE('',*,*,#532,.T.);
#219=ORIENTED_EDGE('',*,*,#535,.T.);
#220=ORIENTED_EDGE('',*,*,#536,.T.);
#221=ORIENTED_EDGE('',*,*,#537,.T.);
#222=ORIENTED_EDGE('',*,*,#538,.F.);
#223=ORIENTED_EDGE('',*,*,#539,.T.);
#224=ORIENTED_EDGE('',*,*,#536,.F.);
#225=ORIENTED_EDGE('',*,*,#540,.T.);
#226=ORIENTED_EDGE('',*,*,#538,.T.);
#227=ORIENTED_EDGE('',*,*,#541,.T.);
#228=ORIENTED_EDGE('',*,*,#542,.T.);
#229=ORIENTED_EDGE('',*,*,#543,.T.);
#230=ORIENTED_EDGE('',*,*,#544,.F.);
#231=ORIENTED_EDGE('',*,*,#545,.T.);
#232=ORIENTED_EDGE('',*,*,#542,.F.);
#233=ORIENTED_EDGE('',*,*,#546,.T.);
#234=ORIENTED_EDGE('',*,*,#544,.T.);
#235=ORIENTED_EDGE('',*,*,#547,.T.);
#236=ORIENTED_EDGE('',*,*,#548,.T.);
#237=ORIENTED_EDGE('',*,*,#549,.T.);
#238=ORIENTED_EDGE('',*,*,#550,.F.);
#239=ORIENTED_EDGE('',*,*,#551,.T.);
#240=ORIENTED_EDGE('',*,*,#548,.F.);
#241=ORIENTED_EDGE('',*,*,#552,.T.);
#242=ORIENTED_EDGE('',*,*,#550,.T.);
#243=ORIENTED_EDGE('',*,*,#553,.T.);
#244=ORIENTED_EDGE('',*,*,#554,.T.);
#245=ORIENTED_EDGE('',*,*,#555,.T.);
#246=ORIENTED_EDGE('',*,*,#556,.F.);
#247=ORIENTED_EDGE('',*,*,#557,.T.);
#248=ORIENTED_EDGE('',*,*,#554,.F.);
#249=ORIENTED_EDGE('',*,*,#558,.T.);
#250=ORIENTED_EDGE('',*,*,#556,.T.);
#251=ORIENTED_EDGE('',*,*,#559,.T.);
#252=ORIENTED_EDGE('',*,*,#560,.T.);
#253=ORIENTED_EDGE('',*,*,#561,.T.);
#254=ORIENTED_EDGE('',*,*,#562,.F.);
#255=ORIENTED_EDGE('',*,*,#563,.T.);
#256=ORIENTED_EDGE('',*,*,#560,.F.);
#257=ORIENTED_EDGE('',*,*,#564,.T.);
#258=ORIENTED_EDGE('',*,*,#562,.T.);
#259=ORIENTED_EDGE('',*,*,#565,.T.);
#260=ORIENTED_EDGE('',*,*,#566,.T.);
#261=ORIENTED_EDGE('',*,*,#567,.T.);
#262=ORIENTED_EDGE('',*,*,#568,.F.);
#263=ORIENTED_EDGE('',*,*,#569,.T.);
#264=ORIENTED_EDGE('',*,*,#566,.F.);
#265=ORIENTED_EDGE('',*,*,#570,.T.);
#266=ORIENTED_EDGE('',*,*,#568,.T.);
#267=ORIENTED_EDGE('',*,*,#571,.T.);
#268=ORIENTED_EDGE('',*,*,#572,.T.);
#269=ORIENTED_EDGE('',*,*,#573,.T.);
#270=ORIENTED_EDGE('',*,*,#574,.F.);
#271=ORIENTED_EDGE('',*,*,#575,.T.);
#272=ORIENTED_EDGE('',*,*,#572,.F.);
#273=ORIENTED_EDGE('',*,*,#576,.T.);
#274=ORIENTED_EDGE('',*,*,#574,.T.);
#275=ORIENTED_EDGE('',*,*,#577,.T.);
#276=ORIENTED_EDGE('',*,*,#578,.T.);
#277=ORIENTED_EDGE('',*,*,#579,.T.);
#278=ORIENTED_EDGE('',*,*,#580,.F.);
#279=ORIENTED_EDGE('',*,*,#581,.T.);
#280=ORIENTED_EDGE('',*,*,#578,.F.);
#281=ORIENTED_EDGE('',*,*,#582,.T.);
#282=ORIENTED_EDGE('',*,*,#580,.T.);
#283=ORIENTED_EDGE('',*,*,#583,.T.);
#284=ORIENTED_EDGE('',*,*,#584,.T.);
#285=ORIENTED_EDGE('',*,*,#585,.T.);
#286=ORIENTED_EDGE('',*,*,#586,.F.);
#287=ORIENTED_EDGE('',*,*,#587,.T.);
#288=ORIENTED_EDGE('',*,*,#584,.F.);
#289=ORIENTED_EDGE('',*,*,#588,.T.);
#290=ORIENTED_EDGE('',*,*,#586,.T.);
#291=ORIENTED_EDGE('',*,*,#589,.T.);
#292=ORIENTED_EDGE('',*,*,#590,.T.);
#293=ORIENTED_EDGE('',*,*,#591,.T.);
#294=ORIENTED_EDGE('',*,*,#592,.F.);
#295=ORIENTED_EDGE('',*,*,#593,.T.);
#296=ORIENTED_EDGE('',*,*,#590,.F.);
#297=ORIENTED_EDGE('',*,*,#594,.T.);
#298=ORIENTED_EDGE('',*,*,#592,.T.);
#299=ORIENTED_EDGE('',*,*,#595,.T.);
#300=ORIENTED_EDGE('',*,*,#596,.T.);
#301=ORIENTED_EDGE('',*,*,#597,.T.);
#302=ORIENTED_EDGE('',*,*,#598,.F.);
#303=ORIENTED_EDGE('',*,*,#599,.T.);
#304=ORIENTED_EDGE('',*,*,#596,.F.);
#305=ORIENTED_EDGE('',*,*,#600,.T.);
#306=ORIENTED_EDGE('',*,*,#598,.T.);
#307=ORIENTED_EDGE('',*,*,#601,.T.);
#308=ORIENTED_EDGE('',*,*,#602,.T.);
#309=ORIENTED_EDGE('',*,*,#603,.T.);
#310=ORIENTED_EDGE('',*,*,#604,.F.);
#311=ORIENTED_EDGE('',*,*,#605,.T.);
#312=ORIENTED_EDGE('',*,*,#602,.F.);
#313=ORIENTED_EDGE('',*,*,#606,.T.);
#314=ORIENTED_EDGE('',*,*,#604,.T.);
#315=ORIENTED_EDGE('',*,*,#607,.T.);
#316=ORIENTED_EDGE('',*,*,#608,.T.);
#317=ORIENTED_EDGE('',*,*,#609,.T.);
#318=ORIENTED_EDGE('',*,*,#610,.F.);
#319=ORIENTED_EDGE('',*,*,#611,.T.);
#320=ORIENTED_EDGE('',*,*,#608,.F.);
#321=ORIENTED_EDGE('',*,*,#612,.T.);
#322=ORIENTED_EDGE('',*,*,#610,.T.);
#323=ORIENTED_EDGE('',*,*,#613,.T.);
#324=ORIENTED_EDGE('',*,*,#614,.T.);
#325=ORIENTED_EDGE('',*,*,#615,.T.);
#326=ORIENTED_EDGE('',*,*,#616,.F.);
#327=ORIENTED_EDGE('',*,*,#617,.T.);
#328=ORIENTED_EDGE('',*,*,#614,.F.);
#329=ORIENTED_EDGE('',*,*,#618,.T.);
#330=ORIENTED_EDGE('',*,*,#616,.T.);
#331=ORIENTED_EDGE('',*,*,#619,.T.);
#332=ORIENTED_EDGE('',*,*,#620,.T.);
#333=ORIENTED_EDGE('',*,*,#621,.T.);
#334=ORIENTED_EDGE('',*,*,#622,.F.);
#335=ORIENTED_EDGE('',*,*,#623,.T.);
#336=ORIENTED_EDGE('',*,*,#620,.F.);
#337=ORIENTED_EDGE('',*,*,#624,.T.);
#338=ORIENTED_EDGE('',*,*,#622,.T.);
#339=ORIENTED_EDGE('',*,*,#625,.T.);
#340=ORIENTED_EDGE('',*,*,#626,.T.);
#341=ORIENTED_EDGE('',*,*,#627,.T.);
#342=ORIENTED_EDGE('',*,*,#628,.F.);
#343=ORIENTED_EDGE('',*,*,#629,.T.);
#344=ORIENTED_EDGE('',*,*,#626,.F.);
#345=ORIENTED_EDGE('',*,*,#630,.T.);
#346=ORIENTED_EDGE('',*,*,#628,.T.);
#347=ORIENTED_EDGE('',*,*,#631,.T.);
#348=ORIENTED_EDGE('',*,*,#632,.T.);
#349=ORIENTED_EDGE('',*,*,#633,.T.);
#350=ORIENTED_EDGE('',*,*,#634,.F.);
#351=ORIENTED_EDGE('',*,*,#635,.T.);
#352=ORIENTED_EDGE('',*,*,#632,.F.);
#353=ORIENTED_EDGE('',*,*,#636,.T.);
#354=ORIENTED_EDGE('',*,*,#634,.T.);
#355=ORIENTED_EDGE('',*,*,#637,.T.);
#356=ORIENTED_EDGE('',*,*,#638,.T.);
#357=ORIENTED_EDGE('',*,*,#639,.F.);
#358=ORIENTED_EDGE('',*,*,#640,.T.);
#359=ORIENTED_EDGE('',*,*,#641,.T.);
#360=ORIENTED_EDGE('',*,*,#642,.T.);
#361=ORIENTED_EDGE('',*,*,#643,.T.);
#362=ORIENTED_EDGE('',*,*,#644,.T.);
#363=ORIENTED_EDGE('',*,*,#643,.F.);
#364=ORIENTED_EDGE('',*,*,#645,.T.);
#365=ORIENTED_EDGE('',*,*,#644,.F.);
#366=ORIENTED_EDGE('',*,*,#489,.F.);
#367=ORIENTED_EDGE('',*,*,#493,.F.);
#368=ORIENTED_EDGE('',*,*,#491,.F.);
#369=ORIENTED_EDGE('',*,*,#492,.F.);
#370=ORIENTED_EDGE('',*,*,#495,.F.);
#371=ORIENTED_EDGE('',*,*,#499,.F.);
#372=ORIENTED_EDGE('',*,*,#497,.F.);
#373=ORIENTED_EDGE('',*,*,#498,.F.);
#374=ORIENTED_EDGE('',*,*,#501,.F.);
#375=ORIENTED_EDGE('',*,*,#505,.F.);
#376=ORIENTED_EDGE('',*,*,#503,.F.);
#377=ORIENTED_EDGE('',*,*,#504,.F.);
#378=ORIENTED_EDGE('',*,*,#507,.F.);
#379=ORIENTED_EDGE('',*,*,#511,.F.);
#380=ORIENTED_EDGE('',*,*,#509,.F.);
#381=ORIENTED_EDGE('',*,*,#510,.F.);
#382=ORIENTED_EDGE('',*,*,#513,.F.);
#383=ORIENTED_EDGE('',*,*,#517,.F.);
#384=ORIENTED_EDGE('',*,*,#515,.F.);
#385=ORIENTED_EDGE('',*,*,#516,.F.);
#386=ORIENTED_EDGE('',*,*,#519,.F.);
#387=ORIENTED_EDGE('',*,*,#523,.F.);
#388=ORIENTED_EDGE('',*,*,#521,.F.);
#389=ORIENTED_EDGE('',*,*,#522,.F.);
#390=ORIENTED_EDGE('',*,*,#525,.F.);
#391=ORIENTED_EDGE('',*,*,#529,.F.);
#392=ORIENTED_EDGE('',*,*,#527,.F.);
#393=ORIENTED_EDGE('',*,*,#528,.F.);
#394=ORIENTED_EDGE('',*,*,#531,.F.);
#395=ORIENTED_EDGE('',*,*,#535,.F.);
#396=ORIENTED_EDGE('',*,*,#533,.F.);
#397=ORIENTED_EDGE('',*,*,#534,.F.);
#398=ORIENTED_EDGE('',*,*,#537,.F.);
#399=ORIENTED_EDGE('',*,*,#541,.F.);
#400=ORIENTED_EDGE('',*,*,#539,.F.);
#401=ORIENTED_EDGE('',*,*,#540,.F.);
#402=ORIENTED_EDGE('',*,*,#543,.F.);
#403=ORIENTED_EDGE('',*,*,#547,.F.);
#404=ORIENTED_EDGE('',*,*,#545,.F.);
#405=ORIENTED_EDGE('',*,*,#546,.F.);
#406=ORIENTED_EDGE('',*,*,#549,.F.);
#407=ORIENTED_EDGE('',*,*,#553,.F.);
#408=ORIENTED_EDGE('',*,*,#551,.F.);
#409=ORIENTED_EDGE('',*,*,#552,.F.);
#410=ORIENTED_EDGE('',*,*,#555,.F.);
#411=ORIENTED_EDGE('',*,*,#559,.F.);
#412=ORIENTED_EDGE('',*,*,#557,.F.);
#413=ORIENTED_EDGE('',*,*,#558,.F.);
#414=ORIENTED_EDGE('',*,*,#561,.F.);
#415=ORIENTED_EDGE('',*,*,#565,.F.);
#416=ORIENTED_EDGE('',*,*,#563,.F.);
#417=ORIENTED_EDGE('',*,*,#564,.F.);
#418=ORIENTED_EDGE('',*,*,#567,.F.);
#419=ORIENTED_EDGE('',*,*,#571,.F.);
#420=ORIENTED_EDGE('',*,*,#569,.F.);
#421=ORIENTED_EDGE('',*,*,#570,.F.);
#422=ORIENTED_EDGE('',*,*,#573,.F.);
#423=ORIENTED_EDGE('',*,*,#577,.F.);
#424=ORIENTED_EDGE('',*,*,#575,.F.);
#425=ORIENTED_EDGE('',*,*,#576,.F.);
#426=ORIENTED_EDGE('',*,*,#579,.F.);
#427=ORIENTED_EDGE('',*,*,#583,.F.);
#428=ORIENTED_EDGE('',*,*,#581,.F.);
#429=ORIENTED_EDGE('',*,*,#582,.F.);
#430=ORIENTED_EDGE('',*,*,#585,.F.);
#431=ORIENTED_EDGE('',*,*,#589,.F.);
#432=ORIENTED_EDGE('',*,*,#587,.F.);
#433=ORIENTED_EDGE('',*,*,#588,.F.);
#434=ORIENTED_EDGE('',*,*,#591,.F.);
#435=ORIENTED_EDGE('',*,*,#595,.F.);
#436=ORIENTED_EDGE('',*,*,#593,.F.);
#437=ORIENTED_EDGE('',*,*,#594,.F.);
#438=ORIENTED_EDGE('',*,*,#597,.F.);
#439=ORIENTED_EDGE('',*,*,#601,.F.);
#440=ORIENTED_EDGE('',*,*,#599,.F.);
#441=ORIENTED_EDGE('',*,*,#600,.F.);
#442=ORIENTED_EDGE('',*,*,#603,.F.);
#443=ORIENTED_EDGE('',*,*,#607,.F.);
#444=ORIENTED_EDGE('',*,*,#605,.F.);
#445=ORIENTED_EDGE('',*,*,#606,.F.);
#446=ORIENTED_EDGE('',*,*,#609,.F.);
#447=ORIENTED_EDGE('',*,*,#613,.F.);
#448=ORIENTED_EDGE('',*,*,#611,.F.);
#449=ORIENTED_EDGE('',*,*,#612,.F.);
#450=ORIENTED_EDGE('',*,*,#615,.F.);
#451=ORIENTED_EDGE('',*,*,#619,.F.);
#452=ORIENTED_EDGE('',*,*,#617,.F.);
#453=ORIENTED_EDGE('',*,*,#618,.F.);
#454=ORIENTED_EDGE('',*,*,#621,.F.);
#455=ORIENTED_EDGE('',*,*,#625,.F.);
#456=ORIENTED_EDGE('',*,*,#623,.F.);
#457=ORIENTED_EDGE('',*,*,#624,.F.);
#458=ORIENTED_EDGE('',*,*,#627,.F.);
#459=ORIENTED_EDGE('',*,*,#631,.F.);
#460=ORIENTED_EDGE('',*,*,#629,.F.);
#461=ORIENTED_EDGE('',*,*,#630,.F.);
#462=ORIENTED_EDGE('',*,*,#633,.F.);
#463=ORIENTED_EDGE('',*,*,#637,.F.);
#464=ORIENTED_EDGE('',*,*,#635,.F.);
#465=ORIENTED_EDGE('',*,*,#636,.F.);
#466=ORIENTED_EDGE('',*,*,#646,.F.);
#467=ORIENTED_EDGE('',*,*,#647,.F.);
#468=ORIENTED_EDGE('',*,*,#648,.F.);
#469=ORIENTED_EDGE('',*,*,#649,.F.);
#470=ORIENTED_EDGE('',*,*,#650,.T.);
#471=ORIENTED_EDGE('',*,*,#645,.F.);
#472=ORIENTED_EDGE('',*,*,#651,.T.);
#473=ORIENTED_EDGE('',*,*,#650,.F.);
#474=ORIENTED_EDGE('',*,*,#639,.T.);
#475=ORIENTED_EDGE('',*,*,#651,.F.);
#476=ORIENTED_EDGE('',*,*,#652,.T.);
#477=ORIENTED_EDGE('',*,*,#646,.T.);
#478=ORIENTED_EDGE('',*,*,#653,.F.);
#479=ORIENTED_EDGE('',*,*,#648,.T.);
#480=ORIENTED_EDGE('',*,*,#652,.F.);
#481=ORIENTED_EDGE('',*,*,#649,.T.);
#482=ORIENTED_EDGE('',*,*,#653,.T.);
#483=ORIENTED_EDGE('',*,*,#647,.T.);
#484=ORIENTED_EDGE('',*,*,#642,.F.);
#485=ORIENTED_EDGE('',*,*,#641,.F.);
#486=ORIENTED_EDGE('',*,*,#640,.F.);
#487=ORIENTED_EDGE('',*,*,#638,.F.);
#488=EDGE_CURVE('',#654,#655,#768,.T.);
#489=EDGE_CURVE('',#655,#654,#769,.T.);
#490=EDGE_CURVE('',#656,#657,#770,.T.);
#491=EDGE_CURVE('',#656,#657,#771,.T.);
#492=EDGE_CURVE('',#654,#656,#22,.F.);
#493=EDGE_CURVE('',#657,#655,#23,.T.);
#494=EDGE_CURVE('',#658,#659,#772,.T.);
#495=EDGE_CURVE('',#659,#658,#773,.T.);
#496=EDGE_CURVE('',#660,#661,#774,.T.);
#497=EDGE_CURVE('',#660,#661,#775,.T.);
#498=EDGE_CURVE('',#658,#660,#24,.F.);
#499=EDGE_CURVE('',#661,#659,#25,.T.);
#500=EDGE_CURVE('',#662,#663,#776,.T.);
#501=EDGE_CURVE('',#663,#662,#777,.T.);
#502=EDGE_CURVE('',#664,#665,#778,.T.);
#503=EDGE_CURVE('',#664,#665,#779,.T.);
#504=EDGE_CURVE('',#662,#664,#26,.F.);
#505=EDGE_CURVE('',#665,#663,#27,.T.);
#506=EDGE_CURVE('',#666,#667,#780,.T.);
#507=EDGE_CURVE('',#667,#666,#781,.T.);
#508=EDGE_CURVE('',#668,#669,#782,.T.);
#509=EDGE_CURVE('',#668,#669,#783,.T.);
#510=EDGE_CURVE('',#666,#668,#28,.F.);
#511=EDGE_CURVE('',#669,#667,#29,.T.);
#512=EDGE_CURVE('',#670,#671,#784,.T.);
#513=EDGE_CURVE('',#671,#670,#785,.T.);
#514=EDGE_CURVE('',#672,#673,#786,.T.);
#515=EDGE_CURVE('',#672,#673,#787,.T.);
#516=EDGE_CURVE('',#670,#672,#30,.F.);
#517=EDGE_CURVE('',#673,#671,#31,.T.);
#518=EDGE_CURVE('',#674,#675,#788,.T.);
#519=EDGE_CURVE('',#675,#674,#789,.T.);
#520=EDGE_CURVE('',#676,#677,#790,.T.);
#521=EDGE_CURVE('',#676,#677,#791,.T.);
#522=EDGE_CURVE('',#674,#676,#32,.F.);
#523=EDGE_CURVE('',#677,#675,#33,.T.);
#524=EDGE_CURVE('',#678,#679,#792,.T.);
#525=EDGE_CURVE('',#679,#678,#793,.T.);
#526=EDGE_CURVE('',#680,#681,#794,.T.);
#527=EDGE_CURVE('',#680,#681,#795,.T.);
#528=EDGE_CURVE('',#678,#680,#34,.F.);
#529=EDGE_CURVE('',#681,#679,#35,.T.);
#530=EDGE_CURVE('',#682,#683,#796,.T.);
#531=EDGE_CURVE('',#683,#682,#797,.T.);
#532=EDGE_CURVE('',#684,#685,#798,.T.);
#533=EDGE_CURVE('',#684,#685,#799,.T.);
#534=EDGE_CURVE('',#682,#684,#36,.F.);
#535=EDGE_CURVE('',#685,#683,#37,.T.);
#536=EDGE_CURVE('',#686,#687,#800,.T.);
#537=EDGE_CURVE('',#687,#686,#801,.T.);
#538=EDGE_CURVE('',#688,#689,#802,.T.);
#539=EDGE_CURVE('',#688,#689,#803,.T.);
#540=EDGE_CURVE('',#686,#688,#38,.F.);
#541=EDGE_CURVE('',#689,#687,#39,.T.);
#542=EDGE_CURVE('',#690,#691,#804,.T.);
#543=EDGE_CURVE('',#691,#690,#805,.T.);
#544=EDGE_CURVE('',#692,#693,#806,.T.);
#545=EDGE_CURVE('',#692,#693,#807,.T.);
#546=EDGE_CURVE('',#690,#692,#40,.F.);
#547=EDGE_CURVE('',#693,#691,#41,.T.);
#548=EDGE_CURVE('',#694,#695,#808,.T.);
#549=EDGE_CURVE('',#695,#694,#809,.T.);
#550=EDGE_CURVE('',#696,#697,#810,.T.);
#551=EDGE_CURVE('',#696,#697,#811,.T.);
#552=EDGE_CURVE('',#694,#696,#42,.F.);
#553=EDGE_CURVE('',#697,#695,#43,.T.);
#554=EDGE_CURVE('',#698,#699,#812,.T.);
#555=EDGE_CURVE('',#699,#698,#813,.T.);
#556=EDGE_CURVE('',#700,#701,#814,.T.);
#557=EDGE_CURVE('',#700,#701,#815,.T.);
#558=EDGE_CURVE('',#698,#700,#44,.F.);
#559=EDGE_CURVE('',#701,#699,#45,.T.);
#560=EDGE_CURVE('',#702,#703,#816,.T.);
#561=EDGE_CURVE('',#703,#702,#817,.T.);
#562=EDGE_CURVE('',#704,#705,#818,.T.);
#563=EDGE_CURVE('',#704,#705,#819,.T.);
#564=EDGE_CURVE('',#702,#704,#46,.F.);
#565=EDGE_CURVE('',#705,#703,#47,.T.);
#566=EDGE_CURVE('',#706,#707,#820,.T.);
#567=EDGE_CURVE('',#707,#706,#821,.T.);
#568=EDGE_CURVE('',#708,#709,#822,.T.);
#569=EDGE_CURVE('',#708,#709,#823,.T.);
#570=EDGE_CURVE('',#706,#708,#48,.F.);
#571=EDGE_CURVE('',#709,#707,#49,.T.);
#572=EDGE_CURVE('',#710,#711,#824,.T.);
#573=EDGE_CURVE('',#711,#710,#825,.T.);
#574=EDGE_CURVE('',#712,#713,#826,.T.);
#575=EDGE_CURVE('',#712,#713,#827,.T.);
#576=EDGE_CURVE('',#710,#712,#50,.F.);
#577=EDGE_CURVE('',#713,#711,#51,.T.);
#578=EDGE_CURVE('',#714,#715,#828,.T.);
#579=EDGE_CURVE('',#715,#714,#829,.T.);
#580=EDGE_CURVE('',#716,#717,#830,.T.);
#581=EDGE_CURVE('',#716,#717,#831,.T.);
#582=EDGE_CURVE('',#714,#716,#52,.F.);
#583=EDGE_CURVE('',#717,#715,#53,.T.);
#584=EDGE_CURVE('',#718,#719,#832,.T.);
#585=EDGE_CURVE('',#719,#718,#833,.T.);
#586=EDGE_CURVE('',#720,#721,#834,.T.);
#587=EDGE_CURVE('',#720,#721,#835,.T.);
#588=EDGE_CURVE('',#718,#720,#54,.F.);
#589=EDGE_CURVE('',#721,#719,#55,.T.);
#590=EDGE_CURVE('',#722,#723,#836,.T.);
#591=EDGE_CURVE('',#723,#722,#837,.T.);
#592=EDGE_CURVE('',#724,#725,#838,.T.);
#593=EDGE_CURVE('',#724,#725,#839,.T.);
#594=EDGE_CURVE('',#722,#724,#56,.F.);
#595=EDGE_CURVE('',#725,#723,#57,.T.);
#596=EDGE_CURVE('',#726,#727,#840,.T.);
#597=EDGE_CURVE('',#727,#726,#841,.T.);
#598=EDGE_CURVE('',#728,#729,#842,.T.);
#599=EDGE_CURVE('',#728,#729,#843,.T.);
#600=EDGE_CURVE('',#726,#728,#58,.F.);
#601=EDGE_CURVE('',#729,#727,#59,.T.);
#602=EDGE_CURVE('',#730,#731,#844,.T.);
#603=EDGE_CURVE('',#731,#730,#845,.T.);
#604=EDGE_CURVE('',#732,#733,#846,.T.);
#605=EDGE_CURVE('',#732,#733,#847,.T.);
#606=EDGE_CURVE('',#730,#732,#60,.F.);
#607=EDGE_CURVE('',#733,#731,#61,.T.);
#608=EDGE_CURVE('',#734,#735,#848,.T.);
#609=EDGE_CURVE('',#735,#734,#849,.T.);
#610=EDGE_CURVE('',#736,#737,#850,.T.);
#611=EDGE_CURVE('',#736,#737,#851,.T.);
#612=EDGE_CURVE('',#734,#736,#62,.F.);
#613=EDGE_CURVE('',#737,#735,#63,.T.);
#614=EDGE_CURVE('',#738,#739,#852,.T.);
#615=EDGE_CURVE('',#739,#738,#853,.T.);
#616=EDGE_CURVE('',#740,#741,#854,.T.);
#617=EDGE_CURVE('',#740,#741,#855,.T.);
#618=EDGE_CURVE('',#738,#740,#64,.F.);
#619=EDGE_CURVE('',#741,#739,#65,.T.);
#620=EDGE_CURVE('',#742,#743,#856,.T.);
#621=EDGE_CURVE('',#743,#742,#857,.T.);
#622=EDGE_CURVE('',#744,#745,#858,.T.);
#623=EDGE_CURVE('',#744,#745,#859,.T.);
#624=EDGE_CURVE('',#742,#744,#66,.F.);
#625=EDGE_CURVE('',#745,#743,#67,.T.);
#626=EDGE_CURVE('',#746,#747,#860,.T.);
#627=EDGE_CURVE('',#747,#746,#861,.T.);
#628=EDGE_CURVE('',#748,#749,#862,.T.);
#629=EDGE_CURVE('',#748,#749,#863,.T.);
#630=EDGE_CURVE('',#746,#748,#68,.F.);
#631=EDGE_CURVE('',#749,#747,#69,.T.);
#632=EDGE_CURVE('',#750,#751,#864,.T.);
#633=EDGE_CURVE('',#751,#750,#865,.T.);
#634=EDGE_CURVE('',#752,#753,#866,.T.);
#635=EDGE_CURVE('',#752,#753,#867,.T.);
#636=EDGE_CURVE('',#750,#752,#70,.F.);
#637=EDGE_CURVE('',#753,#751,#71,.T.);
#638=EDGE_CURVE('',#754,#754,#868,.T.);
#639=EDGE_CURVE('',#755,#755,#869,.T.);
#640=EDGE_CURVE('',#756,#756,#870,.F.);
#641=EDGE_CURVE('',#757,#757,#871,.F.);
#642=EDGE_CURVE('',#758,#758,#872,.T.);
#643=EDGE_CURVE('',#759,#759,#873,.T.);
#644=EDGE_CURVE('',#760,#760,#874,.T.);
#645=EDGE_CURVE('',#761,#761,#875,.T.);
#646=EDGE_CURVE('',#762,#763,#876,.T.);
#647=EDGE_CURVE('',#764,#762,#72,.T.);
#648=EDGE_CURVE('',#765,#764,#877,.T.);
#649=EDGE_CURVE('',#763,#765,#73,.F.);
#650=EDGE_CURVE('',#766,#766,#878,.T.);
#651=EDGE_CURVE('',#767,#767,#879,.T.);
#652=EDGE_CURVE('',#763,#762,#880,.T.);
#653=EDGE_CURVE('',#765,#764,#881,.T.);
#654=VERTEX_POINT('',#1950);
#655=VERTEX_POINT('',#1951);
#656=VERTEX_POINT('',#1955);
#657=VERTEX_POINT('',#1956);
#658=VERTEX_POINT('',#1963);
#659=VERTEX_POINT('',#1964);
#660=VERTEX_POINT('',#1968);
#661=VERTEX_POINT('',#1969);
#662=VERTEX_POINT('',#1976);
#663=VERTEX_POINT('',#1977);
#664=VERTEX_POINT('',#1981);
#665=VERTEX_POINT('',#1982);
#666=VERTEX_POINT('',#1989);
#667=VERTEX_POINT('',#1990);
#668=VERTEX_POINT('',#1994);
#669=VERTEX_POINT('',#1995);
#670=VERTEX_POINT('',#2002);
#671=VERTEX_POINT('',#2003);
#672=VERTEX_POINT('',#2007);
#673=VERTEX_POINT('',#2008);
#674=VERTEX_POINT('',#2015);
#675=VERTEX_POINT('',#2016);
#676=VERTEX_POINT('',#2020);
#677=VERTEX_POINT('',#2021);
#678=VERTEX_POINT('',#2028);
#679=VERTEX_POINT('',#2029);
#680=VERTEX_POINT('',#2033);
#681=VERTEX_POINT('',#2034);
#682=VERTEX_POINT('',#2041);
#683=VERTEX_POINT('',#2042);
#684=VERTEX_POINT('',#2046);
#685=VERTEX_POINT('',#2047);
#686=VERTEX_POINT('',#2054);
#687=VERTEX_POINT('',#2055);
#688=VERTEX_POINT('',#2059);
#689=VERTEX_POINT('',#2060);
#690=VERTEX_POINT('',#2067);
#691=VERTEX_POINT('',#2068);
#692=VERTEX_POINT('',#2072);
#693=VERTEX_POINT('',#2073);
#694=VERTEX_POINT('',#2080);
#695=VERTEX_POINT('',#2081);
#696=VERTEX_POINT('',#2085);
#697=VERTEX_POINT('',#2086);
#698=VERTEX_POINT('',#2093);
#699=VERTEX_POINT('',#2094);
#700=VERTEX_POINT('',#2098);
#701=VERTEX_POINT('',#2099);
#702=VERTEX_POINT('',#2106);
#703=VERTEX_POINT('',#2107);
#704=VERTEX_POINT('',#2111);
#705=VERTEX_POINT('',#2112);
#706=VERTEX_POINT('',#2119);
#707=VERTEX_POINT('',#2120);
#708=VERTEX_POINT('',#2124);
#709=VERTEX_POINT('',#2125);
#710=VERTEX_POINT('',#2132);
#711=VERTEX_POINT('',#2133);
#712=VERTEX_POINT('',#2137);
#713=VERTEX_POINT('',#2138);
#714=VERTEX_POINT('',#2145);
#715=VERTEX_POINT('',#2146);
#716=VERTEX_POINT('',#2150);
#717=VERTEX_POINT('',#2151);
#718=VERTEX_POINT('',#2158);
#719=VERTEX_POINT('',#2159);
#720=VERTEX_POINT('',#2163);
#721=VERTEX_POINT('',#2164);
#722=VERTEX_POINT('',#2171);
#723=VERTEX_POINT('',#2172);
#724=VERTEX_POINT('',#2176);
#725=VERTEX_POINT('',#2177);
#726=VERTEX_POINT('',#2184);
#727=VERTEX_POINT('',#2185);
#728=VERTEX_POINT('',#2189);
#729=VERTEX_POINT('',#2190);
#730=VERTEX_POINT('',#2197);
#731=VERTEX_POINT('',#2198);
#732=VERTEX_POINT('',#2202);
#733=VERTEX_POINT('',#2203);
#734=VERTEX_POINT('',#2210);
#735=VERTEX_POINT('',#2211);
#736=VERTEX_POINT('',#2215);
#737=VERTEX_POINT('',#2216);
#738=VERTEX_POINT('',#2223);
#739=VERTEX_POINT('',#2224);
#740=VERTEX_POINT('',#2228);
#741=VERTEX_POINT('',#2229);
#742=VERTEX_POINT('',#2236);
#743=VERTEX_POINT('',#2237);
#744=VERTEX_POINT('',#2241);
#745=VERTEX_POINT('',#2242);
#746=VERTEX_POINT('',#2249);
#747=VERTEX_POINT('',#2250);
#748=VERTEX_POINT('',#2254);
#749=VERTEX_POINT('',#2255);
#750=VERTEX_POINT('',#2262);
#751=VERTEX_POINT('',#2263);
#752=VERTEX_POINT('',#2267);
#753=VERTEX_POINT('',#2268);
#754=VERTEX_POINT('',#2275);
#755=VERTEX_POINT('',#2277);
#756=VERTEX_POINT('',#2280);
#757=VERTEX_POINT('',#2282);
#758=VERTEX_POINT('',#2285);
#759=VERTEX_POINT('',#2287);
#760=VERTEX_POINT('',#2290);
#761=VERTEX_POINT('',#2293);
#762=VERTEX_POINT('',#2296);
#763=VERTEX_POINT('',#2297);
#764=VERTEX_POINT('',#2299);
#765=VERTEX_POINT('',#2301);
#766=VERTEX_POINT('',#2304);
#767=VERTEX_POINT('',#2307);
#768=CIRCLE('',#1288,1.2);
#769=CIRCLE('',#1289,10.66);
#770=CIRCLE('',#1291,1.2);
#771=CIRCLE('',#1292,10.66);
#772=CIRCLE('',#1295,1.2);
#773=CIRCLE('',#1296,10.66);
#774=CIRCLE('',#1298,1.2);
#775=CIRCLE('',#1299,10.66);
#776=CIRCLE('',#1302,1.2);
#777=CIRCLE('',#1303,10.66);
#778=CIRCLE('',#1305,1.2);
#779=CIRCLE('',#1306,10.66);
#780=CIRCLE('',#1309,1.2);
#781=CIRCLE('',#1310,10.66);
#782=CIRCLE('',#1312,1.2);
#783=CIRCLE('',#1313,10.66);
#784=CIRCLE('',#1316,1.2);
#785=CIRCLE('',#1317,10.66);
#786=CIRCLE('',#1319,1.2);
#787=CIRCLE('',#1320,10.66);
#788=CIRCLE('',#1323,1.2);
#789=CIRCLE('',#1324,10.66);
#790=CIRCLE('',#1326,1.2);
#791=CIRCLE('',#1327,10.66);
#792=CIRCLE('',#1330,1.2);
#793=CIRCLE('',#1331,10.66);
#794=CIRCLE('',#1333,1.2);
#795=CIRCLE('',#1334,10.66);
#796=CIRCLE('',#1337,1.2);
#797=CIRCLE('',#1338,10.66);
#798=CIRCLE('',#1340,1.2);
#799=CIRCLE('',#1341,10.66);
#800=CIRCLE('',#1344,1.2);
#801=CIRCLE('',#1345,10.66);
#802=CIRCLE('',#1347,1.2);
#803=CIRCLE('',#1348,10.66);
#804=CIRCLE('',#1351,1.2);
#805=CIRCLE('',#1352,10.66);
#806=CIRCLE('',#1354,1.2);
#807=CIRCLE('',#1355,10.66);
#808=CIRCLE('',#1358,1.2);
#809=CIRCLE('',#1359,10.66);
#810=CIRCLE('',#1361,1.2);
#811=CIRCLE('',#1362,10.66);
#812=CIRCLE('',#1365,1.2);
#813=CIRCLE('',#1366,10.66);
#814=CIRCLE('',#1368,1.2);
#815=CIRCLE('',#1369,10.66);
#816=CIRCLE('',#1372,1.2);
#817=CIRCLE('',#1373,10.66);
#818=CIRCLE('',#1375,1.2);
#819=CIRCLE('',#1376,10.66);
#820=CIRCLE('',#1379,1.2);
#821=CIRCLE('',#1380,10.66);
#822=CIRCLE('',#1382,1.2);
#823=CIRCLE('',#1383,10.66);
#824=CIRCLE('',#1386,1.2);
#825=CIRCLE('',#1387,10.66);
#826=CIRCLE('',#1389,1.2);
#827=CIRCLE('',#1390,10.66);
#828=CIRCLE('',#1393,1.2);
#829=CIRCLE('',#1394,10.66);
#830=CIRCLE('',#1396,1.2);
#831=CIRCLE('',#1397,10.66);
#832=CIRCLE('',#1400,1.2);
#833=CIRCLE('',#1401,10.66);
#834=CIRCLE('',#1403,1.2);
#835=CIRCLE('',#1404,10.66);
#836=CIRCLE('',#1407,1.2);
#837=CIRCLE('',#1408,10.66);
#838=CIRCLE('',#1410,1.2);
#839=CIRCLE('',#1411,10.66);
#840=CIRCLE('',#1414,1.2);
#841=CIRCLE('',#1415,10.66);
#842=CIRCLE('',#1417,1.2);
#843=CIRCLE('',#1418,10.66);
#844=CIRCLE('',#1421,1.2);
#845=CIRCLE('',#1422,10.66);
#846=CIRCLE('',#1424,1.2);
#847=CIRCLE('',#1425,10.66);
#848=CIRCLE('',#1428,1.2);
#849=CIRCLE('',#1429,10.66);
#850=CIRCLE('',#1431,1.2);
#851=CIRCLE('',#1432,10.66);
#852=CIRCLE('',#1435,1.2);
#853=CIRCLE('',#1436,10.66);
#854=CIRCLE('',#1438,1.2);
#855=CIRCLE('',#1439,10.66);
#856=CIRCLE('',#1442,1.2);
#857=CIRCLE('',#1443,10.66);
#858=CIRCLE('',#1445,1.2);
#859=CIRCLE('',#1446,10.66);
#860=CIRCLE('',#1449,1.2);
#861=CIRCLE('',#1450,10.66);
#862=CIRCLE('',#1452,1.2);
#863=CIRCLE('',#1453,10.66);
#864=CIRCLE('',#1456,1.2);
#865=CIRCLE('',#1457,10.66);
#866=CIRCLE('',#1459,1.2);
#867=CIRCLE('',#1460,10.66);
#868=CIRCLE('',#1463,12.6);
#869=CIRCLE('',#1464,9.99999999999999);
#870=CIRCLE('',#1466,13.);
#871=CIRCLE('',#1467,13.);
#872=CIRCLE('',#1469,12.6);
#873=CIRCLE('',#1470,9.99999999999999);
#874=CIRCLE('',#1472,9.99999999999999);
#875=CIRCLE('',#1474,10.66);
#876=CIRCLE('',#1476,10.66);
#877=CIRCLE('',#1477,10.66);
#878=CIRCLE('',#1478,10.66);
#879=CIRCLE('',#1480,9.99999999999999);
#880=CIRCLE('',#1483,1.2);
#881=CIRCLE('',#1485,1.2);
#882=EDGE_LOOP('',(#156,#157));
#883=EDGE_LOOP('',(#158,#159));
#884=EDGE_LOOP('',(#160,#161,#162,#163));
#885=EDGE_LOOP('',(#164,#165));
#886=EDGE_LOOP('',(#166,#167));
#887=EDGE_LOOP('',(#168,#169,#170,#171));
#888=EDGE_LOOP('',(#172,#173));
#889=EDGE_LOOP('',(#174,#175));
#890=EDGE_LOOP('',(#176,#177,#178,#179));
#891=EDGE_LOOP('',(#180,#181));
#892=EDGE_LOOP('',(#182,#183));
#893=EDGE_LOOP('',(#184,#185,#186,#187));
#894=EDGE_LOOP('',(#188,#189));
#895=EDGE_LOOP('',(#190,#191));
#896=EDGE_LOOP('',(#192,#193,#194,#195));
#897=EDGE_LOOP('',(#196,#197));
#898=EDGE_LOOP('',(#198,#199));
#899=EDGE_LOOP('',(#200,#201,#202,#203));
#900=EDGE_LOOP('',(#204,#205));
#901=EDGE_LOOP('',(#206,#207));
#902=EDGE_LOOP('',(#208,#209,#210,#211));
#903=EDGE_LOOP('',(#212,#213));
#904=EDGE_LOOP('',(#214,#215));
#905=EDGE_LOOP('',(#216,#217,#218,#219));
#906=EDGE_LOOP('',(#220,#221));
#907=EDGE_LOOP('',(#222,#223));
#908=EDGE_LOOP('',(#224,#225,#226,#227));
#909=EDGE_LOOP('',(#228,#229));
#910=EDGE_LOOP('',(#230,#231));
#911=EDGE_LOOP('',(#232,#233,#234,#235));
#912=EDGE_LOOP('',(#236,#237));
#913=EDGE_LOOP('',(#238,#239));
#914=EDGE_LOOP('',(#240,#241,#242,#243));
#915=EDGE_LOOP('',(#244,#245));
#916=EDGE_LOOP('',(#246,#247));
#917=EDGE_LOOP('',(#248,#249,#250,#251));
#918=EDGE_LOOP('',(#252,#253));
#919=EDGE_LOOP('',(#254,#255));
#920=EDGE_LOOP('',(#256,#257,#258,#259));
#921=EDGE_LOOP('',(#260,#261));
#922=EDGE_LOOP('',(#262,#263));
#923=EDGE_LOOP('',(#264,#265,#266,#267));
#924=EDGE_LOOP('',(#268,#269));
#925=EDGE_LOOP('',(#270,#271));
#926=EDGE_LOOP('',(#272,#273,#274,#275));
#927=EDGE_LOOP('',(#276,#277));
#928=EDGE_LOOP('',(#278,#279));
#929=EDGE_LOOP('',(#280,#281,#282,#283));
#930=EDGE_LOOP('',(#284,#285));
#931=EDGE_LOOP('',(#286,#287));
#932=EDGE_LOOP('',(#288,#289,#290,#291));
#933=EDGE_LOOP('',(#292,#293));
#934=EDGE_LOOP('',(#294,#295));
#935=EDGE_LOOP('',(#296,#297,#298,#299));
#936=EDGE_LOOP('',(#300,#301));
#937=EDGE_LOOP('',(#302,#303));
#938=EDGE_LOOP('',(#304,#305,#306,#307));
#939=EDGE_LOOP('',(#308,#309));
#940=EDGE_LOOP('',(#310,#311));
#941=EDGE_LOOP('',(#312,#313,#314,#315));
#942=EDGE_LOOP('',(#316,#317));
#943=EDGE_LOOP('',(#318,#319));
#944=EDGE_LOOP('',(#320,#321,#322,#323));
#945=EDGE_LOOP('',(#324,#325));
#946=EDGE_LOOP('',(#326,#327));
#947=EDGE_LOOP('',(#328,#329,#330,#331));
#948=EDGE_LOOP('',(#332,#333));
#949=EDGE_LOOP('',(#334,#335));
#950=EDGE_LOOP('',(#336,#337,#338,#339));
#951=EDGE_LOOP('',(#340,#341));
#952=EDGE_LOOP('',(#342,#343));
#953=EDGE_LOOP('',(#344,#345,#346,#347));
#954=EDGE_LOOP('',(#348,#349));
#955=EDGE_LOOP('',(#350,#351));
#956=EDGE_LOOP('',(#352,#353,#354,#355));
#957=EDGE_LOOP('',(#356));
#958=EDGE_LOOP('',(#357));
#959=EDGE_LOOP('',(#358));
#960=EDGE_LOOP('',(#359));
#961=EDGE_LOOP('',(#360));
#962=EDGE_LOOP('',(#361));
#963=EDGE_LOOP('',(#362));
#964=EDGE_LOOP('',(#363));
#965=EDGE_LOOP('',(#364));
#966=EDGE_LOOP('',(#365));
#967=EDGE_LOOP('',(#366,#367,#368,#369));
#968=EDGE_LOOP('',(#370,#371,#372,#373));
#969=EDGE_LOOP('',(#374,#375,#376,#377));
#970=EDGE_LOOP('',(#378,#379,#380,#381));
#971=EDGE_LOOP('',(#382,#383,#384,#385));
#972=EDGE_LOOP('',(#386,#387,#388,#389));
#973=EDGE_LOOP('',(#390,#391,#392,#393));
#974=EDGE_LOOP('',(#394,#395,#396,#397));
#975=EDGE_LOOP('',(#398,#399,#400,#401));
#976=EDGE_LOOP('',(#402,#403,#404,#405));
#977=EDGE_LOOP('',(#406,#407,#408,#409));
#978=EDGE_LOOP('',(#410,#411,#412,#413));
#979=EDGE_LOOP('',(#414,#415,#416,#417));
#980=EDGE_LOOP('',(#418,#419,#420,#421));
#981=EDGE_LOOP('',(#422,#423,#424,#425));
#982=EDGE_LOOP('',(#426,#427,#428,#429));
#983=EDGE_LOOP('',(#430,#431,#432,#433));
#984=EDGE_LOOP('',(#434,#435,#436,#437));
#985=EDGE_LOOP('',(#438,#439,#440,#441));
#986=EDGE_LOOP('',(#442,#443,#444,#445));
#987=EDGE_LOOP('',(#446,#447,#448,#449));
#988=EDGE_LOOP('',(#450,#451,#452,#453));
#989=EDGE_LOOP('',(#454,#455,#456,#457));
#990=EDGE_LOOP('',(#458,#459,#460,#461));
#991=EDGE_LOOP('',(#462,#463,#464,#465));
#992=EDGE_LOOP('',(#466,#467,#468,#469));
#993=EDGE_LOOP('',(#470));
#994=EDGE_LOOP('',(#471));
#995=EDGE_LOOP('',(#472));
#996=EDGE_LOOP('',(#473));
#997=EDGE_LOOP('',(#474));
#998=EDGE_LOOP('',(#475));
#999=EDGE_LOOP('',(#476,#477));
#1000=EDGE_LOOP('',(#478,#479));
#1001=EDGE_LOOP('',(#480,#481,#482,#483));
#1002=EDGE_LOOP('',(#484));
#1003=EDGE_LOOP('',(#485));
#1004=EDGE_LOOP('',(#486));
#1005=EDGE_LOOP('',(#487));
#1006=FACE_BOUND('',#882,.T.);
#1007=FACE_BOUND('',#883,.T.);
#1008=FACE_BOUND('',#884,.T.);
#1009=FACE_BOUND('',#885,.T.);
#1010=FACE_BOUND('',#886,.T.);
#1011=FACE_BOUND('',#887,.T.);
#1012=FACE_BOUND('',#888,.T.);
#1013=FACE_BOUND('',#889,.T.);
#1014=FACE_BOUND('',#890,.T.);
#1015=FACE_BOUND('',#891,.T.);
#1016=FACE_BOUND('',#892,.T.);
#1017=FACE_BOUND('',#893,.T.);
#1018=FACE_BOUND('',#894,.T.);
#1019=FACE_BOUND('',#895,.T.);
#1020=FACE_BOUND('',#896,.T.);
#1021=FACE_BOUND('',#897,.T.);
#1022=FACE_BOUND('',#898,.T.);
#1023=FACE_BOUND('',#899,.T.);
#1024=FACE_BOUND('',#900,.T.);
#1025=FACE_BOUND('',#901,.T.);
#1026=FACE_BOUND('',#902,.T.);
#1027=FACE_BOUND('',#903,.T.);
#1028=FACE_BOUND('',#904,.T.);
#1029=FACE_BOUND('',#905,.T.);
#1030=FACE_BOUND('',#906,.T.);
#1031=FACE_BOUND('',#907,.T.);
#1032=FACE_BOUND('',#908,.T.);
#1033=FACE_BOUND('',#909,.T.);
#1034=FACE_BOUND('',#910,.T.);
#1035=FACE_BOUND('',#911,.T.);
#1036=FACE_BOUND('',#912,.T.);
#1037=FACE_BOUND('',#913,.T.);
#1038=FACE_BOUND('',#914,.T.);
#1039=FACE_BOUND('',#915,.T.);
#1040=FACE_BOUND('',#916,.T.);
#1041=FACE_BOUND('',#917,.T.);
#1042=FACE_BOUND('',#918,.T.);
#1043=FACE_BOUND('',#919,.T.);
#1044=FACE_BOUND('',#920,.T.);
#1045=FACE_BOUND('',#921,.T.);
#1046=FACE_BOUND('',#922,.T.);
#1047=FACE_BOUND('',#923,.T.);
#1048=FACE_BOUND('',#924,.T.);
#1049=FACE_BOUND('',#925,.T.);
#1050=FACE_BOUND('',#926,.T.);
#1051=FACE_BOUND('',#927,.T.);
#1052=FACE_BOUND('',#928,.T.);
#1053=FACE_BOUND('',#929,.T.);
#1054=FACE_BOUND('',#930,.T.);
#1055=FACE_BOUND('',#931,.T.);
#1056=FACE_BOUND('',#932,.T.);
#1057=FACE_BOUND('',#933,.T.);
#1058=FACE_BOUND('',#934,.T.);
#1059=FACE_BOUND('',#935,.T.);
#1060=FACE_BOUND('',#936,.T.);
#1061=FACE_BOUND('',#937,.T.);
#1062=FACE_BOUND('',#938,.T.);
#1063=FACE_BOUND('',#939,.T.);
#1064=FACE_BOUND('',#940,.T.);
#1065=FACE_BOUND('',#941,.T.);
#1066=FACE_BOUND('',#942,.T.);
#1067=FACE_BOUND('',#943,.T.);
#1068=FACE_BOUND('',#944,.T.);
#1069=FACE_BOUND('',#945,.T.);
#1070=FACE_BOUND('',#946,.T.);
#1071=FACE_BOUND('',#947,.T.);
#1072=FACE_BOUND('',#948,.T.);
#1073=FACE_BOUND('',#949,.T.);
#1074=FACE_BOUND('',#950,.T.);
#1075=FACE_BOUND('',#951,.T.);
#1076=FACE_BOUND('',#952,.T.);
#1077=FACE_BOUND('',#953,.T.);
#1078=FACE_BOUND('',#954,.T.);
#1079=FACE_BOUND('',#955,.T.);
#1080=FACE_BOUND('',#956,.T.);
#1081=FACE_BOUND('',#957,.T.);
#1082=FACE_BOUND('',#958,.T.);
#1083=FACE_BOUND('',#959,.T.);
#1084=FACE_BOUND('',#960,.T.);
#1085=FACE_BOUND('',#961,.T.);
#1086=FACE_BOUND('',#962,.T.);
#1087=FACE_BOUND('',#963,.T.);
#1088=FACE_BOUND('',#964,.T.);
#1089=FACE_BOUND('',#965,.T.);
#1090=FACE_BOUND('',#966,.T.);
#1091=FACE_BOUND('',#967,.T.);
#1092=FACE_BOUND('',#968,.T.);
#1093=FACE_BOUND('',#969,.T.);
#1094=FACE_BOUND('',#970,.T.);
#1095=FACE_BOUND('',#971,.T.);
#1096=FACE_BOUND('',#972,.T.);
#1097=FACE_BOUND('',#973,.T.);
#1098=FACE_BOUND('',#974,.T.);
#1099=FACE_BOUND('',#975,.T.);
#1100=FACE_BOUND('',#976,.T.);
#1101=FACE_BOUND('',#977,.T.);
#1102=FACE_BOUND('',#978,.T.);
#1103=FACE_BOUND('',#979,.T.);
#1104=FACE_BOUND('',#980,.T.);
#1105=FACE_BOUND('',#981,.T.);
#1106=FACE_BOUND('',#982,.T.);
#1107=FACE_BOUND('',#983,.T.);
#1108=FACE_BOUND('',#984,.T.);
#1109=FACE_BOUND('',#985,.T.);
#1110=FACE_BOUND('',#986,.T.);
#1111=FACE_BOUND('',#987,.T.);
#1112=FACE_BOUND('',#988,.T.);
#1113=FACE_BOUND('',#989,.T.);
#1114=FACE_BOUND('',#990,.T.);
#1115=FACE_BOUND('',#991,.T.);
#1116=FACE_BOUND('',#992,.T.);
#1117=FACE_BOUND('',#993,.T.);
#1118=FACE_BOUND('',#994,.T.);
#1119=FACE_BOUND('',#995,.T.);
#1120=FACE_BOUND('',#996,.T.);
#1121=FACE_BOUND('',#997,.T.);
#1122=FACE_BOUND('',#998,.T.);
#1123=FACE_BOUND('',#999,.T.);
#1124=FACE_BOUND('',#1000,.T.);
#1125=FACE_BOUND('',#1001,.T.);
#1126=FACE_BOUND('',#1002,.T.);
#1127=FACE_BOUND('',#1003,.T.);
#1128=FACE_BOUND('',#1004,.T.);
#1129=FACE_BOUND('',#1005,.T.);
#1130=PLANE('',#1287);
#1131=PLANE('',#1290);
#1132=PLANE('',#1294);
#1133=PLANE('',#1297);
#1134=PLANE('',#1301);
#1135=PLANE('',#1304);
#1136=PLANE('',#1308);
#1137=PLANE('',#1311);
#1138=PLANE('',#1315);
#1139=PLANE('',#1318);
#1140=PLANE('',#1322);
#1141=PLANE('',#1325);
#1142=PLANE('',#1329);
#1143=PLANE('',#1332);
#1144=PLANE('',#1336);
#1145=PLANE('',#1339);
#1146=PLANE('',#1343);
#1147=PLANE('',#1346);
#1148=PLANE('',#1350);
#1149=PLANE('',#1353);
#1150=PLANE('',#1357);
#1151=PLANE('',#1360);
#1152=PLANE('',#1364);
#1153=PLANE('',#1367);
#1154=PLANE('',#1371);
#1155=PLANE('',#1374);
#1156=PLANE('',#1378);
#1157=PLANE('',#1381);
#1158=PLANE('',#1385);
#1159=PLANE('',#1388);
#1160=PLANE('',#1392);
#1161=PLANE('',#1395);
#1162=PLANE('',#1399);
#1163=PLANE('',#1402);
#1164=PLANE('',#1406);
#1165=PLANE('',#1409);
#1166=PLANE('',#1413);
#1167=PLANE('',#1416);
#1168=PLANE('',#1420);
#1169=PLANE('',#1423);
#1170=PLANE('',#1427);
#1171=PLANE('',#1430);
#1172=PLANE('',#1434);
#1173=PLANE('',#1437);
#1174=PLANE('',#1441);
#1175=PLANE('',#1444);
#1176=PLANE('',#1448);
#1177=PLANE('',#1451);
#1178=PLANE('',#1455);
#1179=PLANE('',#1458);
#1180=PLANE('',#1462);
#1181=PLANE('',#1468);
#1182=PLANE('',#1473);
#1183=PLANE('',#1479);
#1184=PLANE('',#1482);
#1185=PLANE('',#1484);
#1186=ADVANCED_FACE('',(#1006),#1130,.T.);
#1187=ADVANCED_FACE('',(#1007),#1131,.T.);
#1188=ADVANCED_FACE('',(#1008),#126,.T.);
#1189=ADVANCED_FACE('',(#1009),#1132,.T.);
#1190=ADVANCED_FACE('',(#1010),#1133,.T.);
#1191=ADVANCED_FACE('',(#1011),#127,.T.);
#1192=ADVANCED_FACE('',(#1012),#1134,.T.);
#1193=ADVANCED_FACE('',(#1013),#1135,.T.);
#1194=ADVANCED_FACE('',(#1014),#128,.T.);
#1195=ADVANCED_FACE('',(#1015),#1136,.T.);
#1196=ADVANCED_FACE('',(#1016),#1137,.T.);
#1197=ADVANCED_FACE('',(#1017),#129,.T.);
#1198=ADVANCED_FACE('',(#1018),#1138,.T.);
#1199=ADVANCED_FACE('',(#1019),#1139,.T.);
#1200=ADVANCED_FACE('',(#1020),#130,.T.);
#1201=ADVANCED_FACE('',(#1021),#1140,.T.);
#1202=ADVANCED_FACE('',(#1022),#1141,.T.);
#1203=ADVANCED_FACE('',(#1023),#131,.T.);
#1204=ADVANCED_FACE('',(#1024),#1142,.T.);
#1205=ADVANCED_FACE('',(#1025),#1143,.T.);
#1206=ADVANCED_FACE('',(#1026),#132,.T.);
#1207=ADVANCED_FACE('',(#1027),#1144,.T.);
#1208=ADVANCED_FACE('',(#1028),#1145,.T.);
#1209=ADVANCED_FACE('',(#1029),#133,.T.);
#1210=ADVANCED_FACE('',(#1030),#1146,.T.);
#1211=ADVANCED_FACE('',(#1031),#1147,.T.);
#1212=ADVANCED_FACE('',(#1032),#134,.T.);
#1213=ADVANCED_FACE('',(#1033),#1148,.T.);
#1214=ADVANCED_FACE('',(#1034),#1149,.T.);
#1215=ADVANCED_FACE('',(#1035),#135,.T.);
#1216=ADVANCED_FACE('',(#1036),#1150,.T.);
#1217=ADVANCED_FACE('',(#1037),#1151,.T.);
#1218=ADVANCED_FACE('',(#1038),#136,.T.);
#1219=ADVANCED_FACE('',(#1039),#1152,.T.);
#1220=ADVANCED_FACE('',(#1040),#1153,.T.);
#1221=ADVANCED_FACE('',(#1041),#137,.T.);
#1222=ADVANCED_FACE('',(#1042),#1154,.T.);
#1223=ADVANCED_FACE('',(#1043),#1155,.T.);
#1224=ADVANCED_FACE('',(#1044),#138,.T.);
#1225=ADVANCED_FACE('',(#1045),#1156,.T.);
#1226=ADVANCED_FACE('',(#1046),#1157,.T.);
#1227=ADVANCED_FACE('',(#1047),#139,.T.);
#1228=ADVANCED_FACE('',(#1048),#1158,.T.);
#1229=ADVANCED_FACE('',(#1049),#1159,.T.);
#1230=ADVANCED_FACE('',(#1050),#140,.T.);
#1231=ADVANCED_FACE('',(#1051),#1160,.T.);
#1232=ADVANCED_FACE('',(#1052),#1161,.T.);
#1233=ADVANCED_FACE('',(#1053),#141,.T.);
#1234=ADVANCED_FACE('',(#1054),#1162,.T.);
#1235=ADVANCED_FACE('',(#1055),#1163,.T.);
#1236=ADVANCED_FACE('',(#1056),#142,.T.);
#1237=ADVANCED_FACE('',(#1057),#1164,.T.);
#1238=ADVANCED_FACE('',(#1058),#1165,.T.);
#1239=ADVANCED_FACE('',(#1059),#143,.T.);
#1240=ADVANCED_FACE('',(#1060),#1166,.T.);
#1241=ADVANCED_FACE('',(#1061),#1167,.T.);
#1242=ADVANCED_FACE('',(#1062),#144,.T.);
#1243=ADVANCED_FACE('',(#1063),#1168,.T.);
#1244=ADVANCED_FACE('',(#1064),#1169,.T.);
#1245=ADVANCED_FACE('',(#1065),#145,.T.);
#1246=ADVANCED_FACE('',(#1066),#1170,.T.);
#1247=ADVANCED_FACE('',(#1067),#1171,.T.);
#1248=ADVANCED_FACE('',(#1068),#146,.T.);
#1249=ADVANCED_FACE('',(#1069),#1172,.T.);
#1250=ADVANCED_FACE('',(#1070),#1173,.T.);
#1251=ADVANCED_FACE('',(#1071),#147,.T.);
#1252=ADVANCED_FACE('',(#1072),#1174,.T.);
#1253=ADVANCED_FACE('',(#1073),#1175,.T.);
#1254=ADVANCED_FACE('',(#1074),#148,.T.);
#1255=ADVANCED_FACE('',(#1075),#1176,.T.);
#1256=ADVANCED_FACE('',(#1076),#1177,.T.);
#1257=ADVANCED_FACE('',(#1077),#149,.T.);
#1258=ADVANCED_FACE('',(#1078),#1178,.T.);
#1259=ADVANCED_FACE('',(#1079),#1179,.T.);
#1260=ADVANCED_FACE('',(#1080),#150,.T.);
#1261=ADVANCED_FACE('',(#1081,#1082),#1180,.T.);
#1262=ADVANCED_FACE('',(#1083,#1084),#151,.T.);
#1263=ADVANCED_FACE('',(#1085,#1086),#1181,.T.);
#1264=ADVANCED_FACE('',(#1087,#1088),#152,.F.);
#1265=ADVANCED_FACE('',(#1089,#1090),#1182,.T.);
#1266=ADVANCED_FACE('',(#1091,#1092,#1093,#1094,#1095,#1096,#1097,#1098,
#1099,#1100,#1101,#1102,#1103,#1104,#1105,#1106,#1107,#1108,#1109,#1110,
#1111,#1112,#1113,#1114,#1115,#1116,#1117,#1118),#153,.F.);
#1267=ADVANCED_FACE('',(#1119,#1120),#1183,.T.);
#1268=ADVANCED_FACE('',(#1121,#1122),#154,.F.);
#1269=ADVANCED_FACE('',(#1123),#1184,.T.);
#1270=ADVANCED_FACE('',(#1124),#1185,.T.);
#1271=ADVANCED_FACE('',(#1125),#155,.T.);
#1272=ADVANCED_FACE('',(#1126,#1127),#20,.T.);
#1273=ADVANCED_FACE('',(#1128,#1129),#21,.T.);
#1274=CLOSED_SHELL('',(#1186,#1187,#1188,#1189,#1190,#1191,#1192,#1193,
#1194,#1195,#1196,#1197,#1198,#1199,#1200,#1201,#1202,#1203,#1204,#1205,
#1206,#1207,#1208,#1209,#1210,#1211,#1212,#1213,#1214,#1215,#1216,#1217,
#1218,#1219,#1220,#1221,#1222,#1223,#1224,#1225,#1226,#1227,#1228,#1229,
#1230,#1231,#1232,#1233,#1234,#1235,#1236,#1237,#1238,#1239,#1240,#1241,
#1242,#1243,#1244,#1245,#1246,#1247,#1248,#1249,#1250,#1251,#1252,#1253,
#1254,#1255,#1256,#1257,#1258,#1259,#1260,#1261,#1262,#1263,#1264,#1265,
#1266,#1267,#1268,#1269,#1270,#1271,#1272,#1273));
#1275=STYLED_ITEM('',(#1276),#1283);
#1276=PRESENTATION_STYLE_ASSIGNMENT((#1277));
#1277=SURFACE_STYLE_USAGE(.BOTH.,#1278);
#1278=SURFACE_SIDE_STYLE('',(#1279));
#1279=SURFACE_STYLE_FILL_AREA(#1280);
#1280=FILL_AREA_STYLE('',(#1281));
#1281=FILL_AREA_STYLE_COLOUR('',#1282);
#1282=COLOUR_RGB('',0.506983280181885,0.531564235687256,0.550000011920929);
#1283=MANIFOLD_SOLID_BREP('',#1274);
#1284=SHAPE_DEFINITION_REPRESENTATION(#2322,#1285);
#1285=SHAPE_REPRESENTATION(
'\X2\51B2538B591657086EDA94888F74627F\X0\HK 0000\X2\578B\X0\ GBT290-20
17',(#1286),#2317);
#1286=AXIS2_PLACEMENT_3D('',#1947,#1489,#1490);
#1287=AXIS2_PLACEMENT_3D('',#1948,#1491,#1492);
#1288=AXIS2_PLACEMENT_3D('',#1949,#1493,#1494);
#1289=AXIS2_PLACEMENT_3D('',#1952,#1495,#1496);
#1290=AXIS2_PLACEMENT_3D('',#1953,#1497,#1498);
#1291=AXIS2_PLACEMENT_3D('',#1954,#1499,#1500);
#1292=AXIS2_PLACEMENT_3D('',#1957,#1501,#1502);
#1293=AXIS2_PLACEMENT_3D('',#1958,#1503,#1504);
#1294=AXIS2_PLACEMENT_3D('',#1961,#1507,#1508);
#1295=AXIS2_PLACEMENT_3D('',#1962,#1509,#1510);
#1296=AXIS2_PLACEMENT_3D('',#1965,#1511,#1512);
#1297=AXIS2_PLACEMENT_3D('',#1966,#1513,#1514);
#1298=AXIS2_PLACEMENT_3D('',#1967,#1515,#1516);
#1299=AXIS2_PLACEMENT_3D('',#1970,#1517,#1518);
#1300=AXIS2_PLACEMENT_3D('',#1971,#1519,#1520);
#1301=AXIS2_PLACEMENT_3D('',#1974,#1523,#1524);
#1302=AXIS2_PLACEMENT_3D('',#1975,#1525,#1526);
#1303=AXIS2_PLACEMENT_3D('',#1978,#1527,#1528);
#1304=AXIS2_PLACEMENT_3D('',#1979,#1529,#1530);
#1305=AXIS2_PLACEMENT_3D('',#1980,#1531,#1532);
#1306=AXIS2_PLACEMENT_3D('',#1983,#1533,#1534);
#1307=AXIS2_PLACEMENT_3D('',#1984,#1535,#1536);
#1308=AXIS2_PLACEMENT_3D('',#1987,#1539,#1540);
#1309=AXIS2_PLACEMENT_3D('',#1988,#1541,#1542);
#1310=AXIS2_PLACEMENT_3D('',#1991,#1543,#1544);
#1311=AXIS2_PLACEMENT_3D('',#1992,#1545,#1546);
#1312=AXIS2_PLACEMENT_3D('',#1993,#1547,#1548);
#1313=AXIS2_PLACEMENT_3D('',#1996,#1549,#1550);
#1314=AXIS2_PLACEMENT_3D('',#1997,#1551,#1552);
#1315=AXIS2_PLACEMENT_3D('',#2000,#1555,#1556);
#1316=AXIS2_PLACEMENT_3D('',#2001,#1557,#1558);
#1317=AXIS2_PLACEMENT_3D('',#2004,#1559,#1560);
#1318=AXIS2_PLACEMENT_3D('',#2005,#1561,#1562);
#1319=AXIS2_PLACEMENT_3D('',#2006,#1563,#1564);
#1320=AXIS2_PLACEMENT_3D('',#2009,#1565,#1566);
#1321=AXIS2_PLACEMENT_3D('',#2010,#1567,#1568);
#1322=AXIS2_PLACEMENT_3D('',#2013,#1571,#1572);
#1323=AXIS2_PLACEMENT_3D('',#2014,#1573,#1574);
#1324=AXIS2_PLACEMENT_3D('',#2017,#1575,#1576);
#1325=AXIS2_PLACEMENT_3D('',#2018,#1577,#1578);
#1326=AXIS2_PLACEMENT_3D('',#2019,#1579,#1580);
#1327=AXIS2_PLACEMENT_3D('',#2022,#1581,#1582);
#1328=AXIS2_PLACEMENT_3D('',#2023,#1583,#1584);
#1329=AXIS2_PLACEMENT_3D('',#2026,#1587,#1588);
#1330=AXIS2_PLACEMENT_3D('',#2027,#1589,#1590);
#1331=AXIS2_PLACEMENT_3D('',#2030,#1591,#1592);
#1332=AXIS2_PLACEMENT_3D('',#2031,#1593,#1594);
#1333=AXIS2_PLACEMENT_3D('',#2032,#1595,#1596);
#1334=AXIS2_PLACEMENT_3D('',#2035,#1597,#1598);
#1335=AXIS2_PLACEMENT_3D('',#2036,#1599,#1600);
#1336=AXIS2_PLACEMENT_3D('',#2039,#1603,#1604);
#1337=AXIS2_PLACEMENT_3D('',#2040,#1605,#1606);
#1338=AXIS2_PLACEMENT_3D('',#2043,#1607,#1608);
#1339=AXIS2_PLACEMENT_3D('',#2044,#1609,#1610);
#1340=AXIS2_PLACEMENT_3D('',#2045,#1611,#1612);
#1341=AXIS2_PLACEMENT_3D('',#2048,#1613,#1614);
#1342=AXIS2_PLACEMENT_3D('',#2049,#1615,#1616);
#1343=AXIS2_PLACEMENT_3D('',#2052,#1619,#1620);
#1344=AXIS2_PLACEMENT_3D('',#2053,#1621,#1622);
#1345=AXIS2_PLACEMENT_3D('',#2056,#1623,#1624);
#1346=AXIS2_PLACEMENT_3D('',#2057,#1625,#1626);
#1347=AXIS2_PLACEMENT_3D('',#2058,#1627,#1628);
#1348=AXIS2_PLACEMENT_3D('',#2061,#1629,#1630);
#1349=AXIS2_PLACEMENT_3D('',#2062,#1631,#1632);
#1350=AXIS2_PLACEMENT_3D('',#2065,#1635,#1636);
#1351=AXIS2_PLACEMENT_3D('',#2066,#1637,#1638);
#1352=AXIS2_PLACEMENT_3D('',#2069,#1639,#1640);
#1353=AXIS2_PLACEMENT_3D('',#2070,#1641,#1642);
#1354=AXIS2_PLACEMENT_3D('',#2071,#1643,#1644);
#1355=AXIS2_PLACEMENT_3D('',#2074,#1645,#1646);
#1356=AXIS2_PLACEMENT_3D('',#2075,#1647,#1648);
#1357=AXIS2_PLACEMENT_3D('',#2078,#1651,#1652);
#1358=AXIS2_PLACEMENT_3D('',#2079,#1653,#1654);
#1359=AXIS2_PLACEMENT_3D('',#2082,#1655,#1656);
#1360=AXIS2_PLACEMENT_3D('',#2083,#1657,#1658);
#1361=AXIS2_PLACEMENT_3D('',#2084,#1659,#1660);
#1362=AXIS2_PLACEMENT_3D('',#2087,#1661,#1662);
#1363=AXIS2_PLACEMENT_3D('',#2088,#1663,#1664);
#1364=AXIS2_PLACEMENT_3D('',#2091,#1667,#1668);
#1365=AXIS2_PLACEMENT_3D('',#2092,#1669,#1670);
#1366=AXIS2_PLACEMENT_3D('',#2095,#1671,#1672);
#1367=AXIS2_PLACEMENT_3D('',#2096,#1673,#1674);
#1368=AXIS2_PLACEMENT_3D('',#2097,#1675,#1676);
#1369=AXIS2_PLACEMENT_3D('',#2100,#1677,#1678);
#1370=AXIS2_PLACEMENT_3D('',#2101,#1679,#1680);
#1371=AXIS2_PLACEMENT_3D('',#2104,#1683,#1684);
#1372=AXIS2_PLACEMENT_3D('',#2105,#1685,#1686);
#1373=AXIS2_PLACEMENT_3D('',#2108,#1687,#1688);
#1374=AXIS2_PLACEMENT_3D('',#2109,#1689,#1690);
#1375=AXIS2_PLACEMENT_3D('',#2110,#1691,#1692);
#1376=AXIS2_PLACEMENT_3D('',#2113,#1693,#1694);
#1377=AXIS2_PLACEMENT_3D('',#2114,#1695,#1696);
#1378=AXIS2_PLACEMENT_3D('',#2117,#1699,#1700);
#1379=AXIS2_PLACEMENT_3D('',#2118,#1701,#1702);
#1380=AXIS2_PLACEMENT_3D('',#2121,#1703,#1704);
#1381=AXIS2_PLACEMENT_3D('',#2122,#1705,#1706);
#1382=AXIS2_PLACEMENT_3D('',#2123,#1707,#1708);
#1383=AXIS2_PLACEMENT_3D('',#2126,#1709,#1710);
#1384=AXIS2_PLACEMENT_3D('',#2127,#1711,#1712);
#1385=AXIS2_PLACEMENT_3D('',#2130,#1715,#1716);
#1386=AXIS2_PLACEMENT_3D('',#2131,#1717,#1718);
#1387=AXIS2_PLACEMENT_3D('',#2134,#1719,#1720);
#1388=AXIS2_PLACEMENT_3D('',#2135,#1721,#1722);
#1389=AXIS2_PLACEMENT_3D('',#2136,#1723,#1724);
#1390=AXIS2_PLACEMENT_3D('',#2139,#1725,#1726);
#1391=AXIS2_PLACEMENT_3D('',#2140,#1727,#1728);
#1392=AXIS2_PLACEMENT_3D('',#2143,#1731,#1732);
#1393=AXIS2_PLACEMENT_3D('',#2144,#1733,#1734);
#1394=AXIS2_PLACEMENT_3D('',#2147,#1735,#1736);
#1395=AXIS2_PLACEMENT_3D('',#2148,#1737,#1738);
#1396=AXIS2_PLACEMENT_3D('',#2149,#1739,#1740);
#1397=AXIS2_PLACEMENT_3D('',#2152,#1741,#1742);
#1398=AXIS2_PLACEMENT_3D('',#2153,#1743,#1744);
#1399=AXIS2_PLACEMENT_3D('',#2156,#1747,#1748);
#1400=AXIS2_PLACEMENT_3D('',#2157,#1749,#1750);
#1401=AXIS2_PLACEMENT_3D('',#2160,#1751,#1752);
#1402=AXIS2_PLACEMENT_3D('',#2161,#1753,#1754);
#1403=AXIS2_PLACEMENT_3D('',#2162,#1755,#1756);
#1404=AXIS2_PLACEMENT_3D('',#2165,#1757,#1758);
#1405=AXIS2_PLACEMENT_3D('',#2166,#1759,#1760);
#1406=AXIS2_PLACEMENT_3D('',#2169,#1763,#1764);
#1407=AXIS2_PLACEMENT_3D('',#2170,#1765,#1766);
#1408=AXIS2_PLACEMENT_3D('',#2173,#1767,#1768);
#1409=AXIS2_PLACEMENT_3D('',#2174,#1769,#1770);
#1410=AXIS2_PLACEMENT_3D('',#2175,#1771,#1772);
#1411=AXIS2_PLACEMENT_3D('',#2178,#1773,#1774);
#1412=AXIS2_PLACEMENT_3D('',#2179,#1775,#1776);
#1413=AXIS2_PLACEMENT_3D('',#2182,#1779,#1780);
#1414=AXIS2_PLACEMENT_3D('',#2183,#1781,#1782);
#1415=AXIS2_PLACEMENT_3D('',#2186,#1783,#1784);
#1416=AXIS2_PLACEMENT_3D('',#2187,#1785,#1786);
#1417=AXIS2_PLACEMENT_3D('',#2188,#1787,#1788);
#1418=AXIS2_PLACEMENT_3D('',#2191,#1789,#1790);
#1419=AXIS2_PLACEMENT_3D('',#2192,#1791,#1792);
#1420=AXIS2_PLACEMENT_3D('',#2195,#1795,#1796);
#1421=AXIS2_PLACEMENT_3D('',#2196,#1797,#1798);
#1422=AXIS2_PLACEMENT_3D('',#2199,#1799,#1800);
#1423=AXIS2_PLACEMENT_3D('',#2200,#1801,#1802);
#1424=AXIS2_PLACEMENT_3D('',#2201,#1803,#1804);
#1425=AXIS2_PLACEMENT_3D('',#2204,#1805,#1806);
#1426=AXIS2_PLACEMENT_3D('',#2205,#1807,#1808);
#1427=AXIS2_PLACEMENT_3D('',#2208,#1811,#1812);
#1428=AXIS2_PLACEMENT_3D('',#2209,#1813,#1814);
#1429=AXIS2_PLACEMENT_3D('',#2212,#1815,#1816);
#1430=AXIS2_PLACEMENT_3D('',#2213,#1817,#1818);
#1431=AXIS2_PLACEMENT_3D('',#2214,#1819,#1820);
#1432=AXIS2_PLACEMENT_3D('',#2217,#1821,#1822);
#1433=AXIS2_PLACEMENT_3D('',#2218,#1823,#1824);
#1434=AXIS2_PLACEMENT_3D('',#2221,#1827,#1828);
#1435=AXIS2_PLACEMENT_3D('',#2222,#1829,#1830);
#1436=AXIS2_PLACEMENT_3D('',#2225,#1831,#1832);
#1437=AXIS2_PLACEMENT_3D('',#2226,#1833,#1834);
#1438=AXIS2_PLACEMENT_3D('',#2227,#1835,#1836);
#1439=AXIS2_PLACEMENT_3D('',#2230,#1837,#1838);
#1440=AXIS2_PLACEMENT_3D('',#2231,#1839,#1840);
#1441=AXIS2_PLACEMENT_3D('',#2234,#1843,#1844);
#1442=AXIS2_PLACEMENT_3D('',#2235,#1845,#1846);
#1443=AXIS2_PLACEMENT_3D('',#2238,#1847,#1848);
#1444=AXIS2_PLACEMENT_3D('',#2239,#1849,#1850);
#1445=AXIS2_PLACEMENT_3D('',#2240,#1851,#1852);
#1446=AXIS2_PLACEMENT_3D('',#2243,#1853,#1854);
#1447=AXIS2_PLACEMENT_3D('',#2244,#1855,#1856);
#1448=AXIS2_PLACEMENT_3D('',#2247,#1859,#1860);
#1449=AXIS2_PLACEMENT_3D('',#2248,#1861,#1862);
#1450=AXIS2_PLACEMENT_3D('',#2251,#1863,#1864);
#1451=AXIS2_PLACEMENT_3D('',#2252,#1865,#1866);
#1452=AXIS2_PLACEMENT_3D('',#2253,#1867,#1868);
#1453=AXIS2_PLACEMENT_3D('',#2256,#1869,#1870);
#1454=AXIS2_PLACEMENT_3D('',#2257,#1871,#1872);
#1455=AXIS2_PLACEMENT_3D('',#2260,#1875,#1876);
#1456=AXIS2_PLACEMENT_3D('',#2261,#1877,#1878);
#1457=AXIS2_PLACEMENT_3D('',#2264,#1879,#1880);
#1458=AXIS2_PLACEMENT_3D('',#2265,#1881,#1882);
#1459=AXIS2_PLACEMENT_3D('',#2266,#1883,#1884);
#1460=AXIS2_PLACEMENT_3D('',#2269,#1885,#1886);
#1461=AXIS2_PLACEMENT_3D('',#2270,#1887,#1888);
#1462=AXIS2_PLACEMENT_3D('',#2273,#1891,#1892);
#1463=AXIS2_PLACEMENT_3D('',#2274,#1893,#1894);
#1464=AXIS2_PLACEMENT_3D('',#2276,#1895,#1896);
#1465=AXIS2_PLACEMENT_3D('',#2278,#1897,#1898);
#1466=AXIS2_PLACEMENT_3D('',#2279,#1899,#1900);
#1467=AXIS2_PLACEMENT_3D('',#2281,#1901,#1902);
#1468=AXIS2_PLACEMENT_3D('',#2283,#1903,#1904);
#1469=AXIS2_PLACEMENT_3D('',#2284,#1905,#1906);
#1470=AXIS2_PLACEMENT_3D('',#2286,#1907,#1908);
#1471=AXIS2_PLACEMENT_3D('',#2288,#1909,#1910);
#1472=AXIS2_PLACEMENT_3D('',#2289,#1911,#1912);
#1473=AXIS2_PLACEMENT_3D('',#2291,#1913,#1914);
#1474=AXIS2_PLACEMENT_3D('',#2292,#1915,#1916);
#1475=AXIS2_PLACEMENT_3D('',#2294,#1917,#1918);
#1476=AXIS2_PLACEMENT_3D('',#2295,#1919,#1920);
#1477=AXIS2_PLACEMENT_3D('',#2300,#1922,#1923);
#1478=AXIS2_PLACEMENT_3D('',#2303,#1925,#1926);
#1479=AXIS2_PLACEMENT_3D('',#2305,#1927,#1928);
#1480=AXIS2_PLACEMENT_3D('',#2306,#1929,#1930);
#1481=AXIS2_PLACEMENT_3D('',#2308,#1931,#1932);
#1482=AXIS2_PLACEMENT_3D('',#2309,#1933,#1934);
#1483=AXIS2_PLACEMENT_3D('',#2310,#1935,#1936);
#1484=AXIS2_PLACEMENT_3D('',#2311,#1937,#1938);
#1485=AXIS2_PLACEMENT_3D('',#2312,#1939,#1940);
#1486=AXIS2_PLACEMENT_3D('',#2313,#1941,#1942);
#1487=AXIS2_PLACEMENT_3D('',#2314,#1943,#1944);
#1488=AXIS2_PLACEMENT_3D('',#2315,#1945,#1946);
#1489=DIRECTION('',(0.,0.,1.));
#1490=DIRECTION('',(1.,0.,0.));
#1491=DIRECTION('',(-1.,0.,0.));
#1492=DIRECTION('',(0.,-0.663125879459594,0.748507894407895));
#1493=DIRECTION('',(-1.,0.,0.));
#1494=DIRECTION('',(0.,-0.663125879459594,0.748507894407895));
#1495=DIRECTION('',(-1.,0.,0.));
#1496=DIRECTION('',(0.,-0.663125879459594,0.748507894407895));
#1497=DIRECTION('',(1.,0.,0.));
#1498=DIRECTION('',(0.,0.663125879459594,-0.748507894407895));
#1499=DIRECTION('',(-1.,0.,0.));
#1500=DIRECTION('',(0.,-0.663125879459594,0.748507894407895));
#1501=DIRECTION('',(1.,0.,0.));
#1502=DIRECTION('',(0.,0.663125879459594,-0.748507894407895));
#1503=DIRECTION('',(-1.,0.,0.));
#1504=DIRECTION('',(0.,-0.663125879459594,0.748507894407895));
#1505=DIRECTION('',(-1.,0.,0.));
#1506=DIRECTION('',(-1.,0.,0.));
#1507=DIRECTION('',(-1.,0.,0.));
#1508=DIRECTION('',(0.,-0.663125882559282,-0.748507891661787));
#1509=DIRECTION('',(-1.,0.,0.));
#1510=DIRECTION('',(0.,-0.663125882559282,-0.748507891661787));
#1511=DIRECTION('',(-1.,0.,0.));
#1512=DIRECTION('',(0.,-0.663125882559282,-0.748507891661787));
#1513=DIRECTION('',(1.,0.,0.));
#1514=DIRECTION('',(0.,0.663125882559282,0.748507891661787));
#1515=DIRECTION('',(-1.,0.,0.));
#1516=DIRECTION('',(0.,-0.663125882559282,-0.748507891661787));
#1517=DIRECTION('',(1.,0.,0.));
#1518=DIRECTION('',(0.,0.663125882559282,0.748507891661787));
#1519=DIRECTION('',(-1.,0.,0.));
#1520=DIRECTION('',(0.,-0.663125882559282,-0.748507891661787));
#1521=DIRECTION('',(-1.,0.,0.));
#1522=DIRECTION('',(-1.,0.,0.));
#1523=DIRECTION('',(-1.,0.,0.));
#1524=DIRECTION('',(0.,0.66312588049282,-0.748507893492529));
#1525=DIRECTION('',(-1.,0.,0.));
#1526=DIRECTION('',(0.,0.66312588049282,-0.748507893492529));
#1527=DIRECTION('',(-1.,0.,0.));
#1528=DIRECTION('',(0.,0.66312588049282,-0.748507893492529));
#1529=DIRECTION('',(1.,0.,0.));
#1530=DIRECTION('',(0.,-0.66312588049282,0.748507893492529));
#1531=DIRECTION('',(-1.,0.,0.));
#1532=DIRECTION('',(0.,0.66312588049282,-0.748507893492529));
#1533=DIRECTION('',(1.,0.,0.));
#1534=DIRECTION('',(0.,-0.66312588049282,0.748507893492529));
#1535=DIRECTION('',(-1.,0.,0.));
#1536=DIRECTION('',(0.,0.66312588049282,-0.748507893492529));
#1537=DIRECTION('',(-1.,0.,0.));
#1538=DIRECTION('',(-1.,0.,0.));
#1539=DIRECTION('',(-1.,0.,0.));
#1540=DIRECTION('',(0.,0.663125881526049,0.74850789257716));
#1541=DIRECTION('',(-1.,0.,0.));
#1542=DIRECTION('',(0.,0.663125881526049,0.74850789257716));
#1543=DIRECTION('',(-1.,0.,0.));
#1544=DIRECTION('',(0.,0.663125881526049,0.74850789257716));
#1545=DIRECTION('',(1.,0.,0.));
#1546=DIRECTION('',(0.,-0.663125881526049,-0.74850789257716));
#1547=DIRECTION('',(-1.,0.,0.));
#1548=DIRECTION('',(0.,0.663125881526049,0.74850789257716));
#1549=DIRECTION('',(1.,0.,0.));
#1550=DIRECTION('',(0.,-0.663125881526049,-0.74850789257716));
#1551=DIRECTION('',(-1.,0.,0.));
#1552=DIRECTION('',(0.,0.663125881526049,0.74850789257716));
#1553=DIRECTION('',(-1.,0.,0.));
#1554=DIRECTION('',(-1.,0.,0.));
#1555=DIRECTION('',(-1.,0.,0.));
#1556=DIRECTION('',(0.,-0.239317125424331,0.970941457287016));
#1557=DIRECTION('',(-1.,0.,0.));
#1558=DIRECTION('',(0.,-0.239317125424331,0.970941457287016));
#1559=DIRECTION('',(-1.,0.,0.));
#1560=DIRECTION('',(0.,-0.239317125424331,0.970941457287016));
#1561=DIRECTION('',(1.,0.,0.));
#1562=DIRECTION('',(0.,0.239317125424331,-0.970941457287016));
#1563=DIRECTION('',(-1.,0.,0.));
#1564=DIRECTION('',(0.,-0.239317125424331,0.970941457287016));
#1565=DIRECTION('',(1.,0.,0.));
#1566=DIRECTION('',(0.,0.239317125424331,-0.970941457287016));
#1567=DIRECTION('',(-1.,0.,0.));
#1568=DIRECTION('',(0.,-0.239317125424331,0.970941457287016));
#1569=DIRECTION('',(-1.,0.,0.));
#1570=DIRECTION('',(-1.,0.,0.));
#1571=DIRECTION('',(-1.,0.,0.));
#1572=DIRECTION('',(0.,-0.464718977783642,0.885458226958069));
#1573=DIRECTION('',(-1.,0.,0.));
#1574=DIRECTION('',(0.,-0.464718977783642,0.885458226958069));
#1575=DIRECTION('',(-1.,0.,0.));
#1576=DIRECTION('',(0.,-0.464718977783642,0.885458226958069));
#1577=DIRECTION('',(1.,0.,0.));
#1578=DIRECTION('',(0.,0.464718977783642,-0.885458226958069));
#1579=DIRECTION('',(-1.,0.,0.));
#1580=DIRECTION('',(0.,-0.464718977783642,0.885458226958069));
#1581=DIRECTION('',(1.,0.,0.));
#1582=DIRECTION('',(0.,0.464718977783642,-0.885458226958069));
#1583=DIRECTION('',(-1.,0.,0.));
#1584=DIRECTION('',(0.,-0.464718977783642,0.885458226958069));
#1585=DIRECTION('',(-1.,0.,0.));
#1586=DIRECTION('',(-1.,0.,0.));
#1587=DIRECTION('',(-1.,0.,0.));
#1588=DIRECTION('',(0.,-0.822979829788005,0.568070593995241));
#1589=DIRECTION('',(-1.,0.,0.));
#1590=DIRECTION('',(0.,-0.822979829788005,0.568070593995241));
#1591=DIRECTION('',(-1.,0.,0.));
#1592=DIRECTION('',(0.,-0.822979829788005,0.568070593995241));
#1593=DIRECTION('',(1.,0.,0.));
#1594=DIRECTION('',(0.,0.822979829788005,-0.568070593995241));
#1595=DIRECTION('',(-1.,0.,0.));
#1596=DIRECTION('',(0.,-0.822979829788005,0.568070593995241));
#1597=DIRECTION('',(1.,0.,0.));
#1598=DIRECTION('',(0.,0.822979829788005,-0.568070593995241));
#1599=DIRECTION('',(-1.,0.,0.));
#1600=DIRECTION('',(0.,-0.822979829788005,0.568070593995241));
#1601=DIRECTION('',(-1.,0.,0.));
#1602=DIRECTION('',(-1.,0.,0.));
#1603=DIRECTION('',(-1.,0.,0.));
#1604=DIRECTION('',(0.,-0.935018532087161,0.354598850327479));
#1605=DIRECTION('',(-1.,0.,0.));
#1606=DIRECTION('',(0.,-0.935018532087161,0.354598850327479));
#1607=DIRECTION('',(-1.,0.,0.));
#1608=DIRECTION('',(0.,-0.935018532087161,0.354598850327479));
#1609=DIRECTION('',(1.,0.,0.));
#1610=DIRECTION('',(0.,0.935018532087161,-0.354598850327479));
#1611=DIRECTION('',(-1.,0.,0.));
#1612=DIRECTION('',(0.,-0.935018532087161,0.354598850327479));
#1613=DIRECTION('',(1.,0.,0.));
#1614=DIRECTION('',(0.,0.935018532087161,-0.354598850327479));
#1615=DIRECTION('',(-1.,0.,0.));
#1616=DIRECTION('',(0.,-0.935018532087161,0.354598850327479));
#1617=DIRECTION('',(-1.,0.,0.));
#1618=DIRECTION('',(-1.,0.,0.));
#1619=DIRECTION('',(-1.,0.,0.));
#1620=DIRECTION('',(0.,-0.992707965674706,0.120544161559103));
#1621=DIRECTION('',(-1.,0.,0.));
#1622=DIRECTION('',(0.,-0.992707965674706,0.120544161559103));
#1623=DIRECTION('',(-1.,0.,0.));
#1624=DIRECTION('',(0.,-0.992707965674706,0.120544161559103));
#1625=DIRECTION('',(1.,0.,0.));
#1626=DIRECTION('',(0.,0.992707965674706,-0.120544161559103));
#1627=DIRECTION('',(-1.,0.,0.));
#1628=DIRECTION('',(0.,-0.992707965674706,0.120544161559103));
#1629=DIRECTION('',(1.,0.,0.));
#1630=DIRECTION('',(0.,0.992707965674706,-0.120544161559103));
#1631=DIRECTION('',(-1.,0.,0.));
#1632=DIRECTION('',(0.,-0.992707965674706,0.120544161559103));
#1633=DIRECTION('',(-1.,0.,0.));
#1634=DIRECTION('',(-1.,0.,0.));
#1635=DIRECTION('',(-1.,0.,0.));
#1636=DIRECTION('',(0.,-0.992707966173899,-0.120544157448138));
#1637=DIRECTION('',(-1.,0.,0.));
#1638=DIRECTION('',(0.,-0.992707966173899,-0.120544157448138));
#1639=DIRECTION('',(-1.,0.,0.));
#1640=DIRECTION('',(0.,-0.992707966173899,-0.120544157448138));
#1641=DIRECTION('',(1.,0.,0.));
#1642=DIRECTION('',(0.,0.992707966173899,0.120544157448138));
#1643=DIRECTION('',(-1.,0.,0.));
#1644=DIRECTION('',(0.,-0.992707966173899,-0.120544157448138));
#1645=DIRECTION('',(1.,0.,0.));
#1646=DIRECTION('',(0.,0.992707966173899,0.120544157448138));
#1647=DIRECTION('',(-1.,0.,0.));
#1648=DIRECTION('',(0.,-0.992707966173899,-0.120544157448138));
#1649=DIRECTION('',(-1.,0.,0.));
#1650=DIRECTION('',(-1.,0.,0.));
#1651=DIRECTION('',(-1.,0.,0.));
#1652=DIRECTION('',(0.,-0.935018533555606,-0.354598846455435));
#1653=DIRECTION('',(-1.,0.,0.));
#1654=DIRECTION('',(0.,-0.935018533555606,-0.354598846455435));
#1655=DIRECTION('',(-1.,0.,0.));
#1656=DIRECTION('',(0.,-0.935018533555606,-0.354598846455435));
#1657=DIRECTION('',(1.,0.,0.));
#1658=DIRECTION('',(0.,0.935018533555606,0.354598846455435));
#1659=DIRECTION('',(-1.,0.,0.));
#1660=DIRECTION('',(0.,-0.935018533555606,-0.354598846455435));
#1661=DIRECTION('',(1.,0.,0.));
#1662=DIRECTION('',(0.,0.935018533555606,0.354598846455435));
#1663=DIRECTION('',(-1.,0.,0.));
#1664=DIRECTION('',(0.,-0.935018533555606,-0.354598846455435));
#1665=DIRECTION('',(-1.,0.,0.));
#1666=DIRECTION('',(-1.,0.,0.));
#1667=DIRECTION('',(-1.,0.,0.));
#1668=DIRECTION('',(0.,-0.822979832140476,-0.56807059058715));
#1669=DIRECTION('',(-1.,0.,0.));
#1670=DIRECTION('',(0.,-0.822979832140476,-0.56807059058715));
#1671=DIRECTION('',(-1.,0.,0.));
#1672=DIRECTION('',(0.,-0.822979832140476,-0.56807059058715));
#1673=DIRECTION('',(1.,0.,0.));
#1674=DIRECTION('',(0.,0.822979832140476,0.56807059058715));
#1675=DIRECTION('',(-1.,0.,0.));
#1676=DIRECTION('',(0.,-0.822979832140476,-0.56807059058715));
#1677=DIRECTION('',(1.,0.,0.));
#1678=DIRECTION('',(0.,0.822979832140476,0.56807059058715));
#1679=DIRECTION('',(-1.,0.,0.));
#1680=DIRECTION('',(0.,-0.822979832140476,-0.56807059058715));
#1681=DIRECTION('',(-1.,0.,0.));
#1682=DIRECTION('',(-1.,0.,0.));
#1683=DIRECTION('',(-1.,-2.87133457066413E-15,-1.16495809277576E-14));
#1684=DIRECTION('',(1.16495809277576E-14,-0.464718981451204,-0.885458225033206));
#1685=DIRECTION('',(-1.,-2.87133457066413E-15,-1.16495809277576E-14));
#1686=DIRECTION('',(1.16495809277576E-14,-0.464718981451204,-0.885458225033206));
#1687=DIRECTION('',(-1.,-2.87133457066413E-15,-1.16495809277576E-14));
#1688=DIRECTION('',(1.16495809277576E-14,-0.464718981451204,-0.885458225033206));
#1689=DIRECTION('',(1.,2.87133457066413E-15,1.16495809277576E-14));
#1690=DIRECTION('',(-1.16495809277576E-14,0.464718981451204,0.885458225033206));
#1691=DIRECTION('',(-1.,-2.87133457066413E-15,-1.16495809277576E-14));
#1692=DIRECTION('',(1.16495809277576E-14,-0.464718981451204,-0.885458225033206));
#1693=DIRECTION('',(1.,2.87133457066413E-15,1.16495809277576E-14));
#1694=DIRECTION('',(-1.16495809277576E-14,0.464718981451204,0.885458225033206));
#1695=DIRECTION('',(-1.,-2.87133457066413E-15,-1.16495809277576E-14));
#1696=DIRECTION('',(1.16495809277576E-14,-0.464718981451204,-0.885458225033206));
#1697=DIRECTION('',(-1.,-2.87133457066413E-15,-1.16495809277576E-14));
#1698=DIRECTION('',(-1.,-2.87133457066413E-15,-1.16495809277576E-14));
#1699=DIRECTION('',(-1.,0.,0.));
#1700=DIRECTION('',(0.,-0.239317129071529,-0.970941456388057));
#1701=DIRECTION('',(-1.,0.,0.));
#1702=DIRECTION('',(0.,-0.239317129071529,-0.970941456388057));
#1703=DIRECTION('',(-1.,0.,0.));
#1704=DIRECTION('',(0.,-0.239317129071529,-0.970941456388057));
#1705=DIRECTION('',(1.,0.,0.));
#1706=DIRECTION('',(0.,0.239317129071529,0.970941456388057));
#1707=DIRECTION('',(-1.,0.,0.));
#1708=DIRECTION('',(0.,-0.239317129071529,-0.970941456388057));
#1709=DIRECTION('',(1.,0.,0.));
#1710=DIRECTION('',(0.,0.239317129071529,0.970941456388057));
#1711=DIRECTION('',(-1.,0.,0.));
#1712=DIRECTION('',(0.,-0.239317129071529,-0.970941456388057));
#1713=DIRECTION('',(-1.,0.,0.));
#1714=DIRECTION('',(-1.,0.,0.));
#1715=DIRECTION('',(-1.,0.,0.));
#1716=DIRECTION('',(0.,1.38038703834817E-9,-1.));
#1717=DIRECTION('',(-1.,0.,0.));
#1718=DIRECTION('',(0.,1.38038703834817E-9,-1.));
#1719=DIRECTION('',(-1.,0.,0.));
#1720=DIRECTION('',(0.,1.38038703834817E-9,-1.));
#1721=DIRECTION('',(1.,0.,0.));
#1722=DIRECTION('',(0.,-1.38038703834817E-9,1.));
#1723=DIRECTION('',(-1.,0.,0.));
#1724=DIRECTION('',(0.,1.38038703834817E-9,-1.));
#1725=DIRECTION('',(1.,0.,0.));
#1726=DIRECTION('',(0.,-1.38038703834817E-9,1.));
#1727=DIRECTION('',(-1.,0.,0.));
#1728=DIRECTION('',(0.,1.38038703834817E-9,-1.));
#1729=DIRECTION('',(-1.,0.,0.));
#1730=DIRECTION('',(-1.,0.,0.));
#1731=DIRECTION('',(-1.,0.,0.));
#1732=DIRECTION('',(0.,0.239317126390965,-0.970941457048761));
#1733=DIRECTION('',(-1.,0.,0.));
#1734=DIRECTION('',(0.,0.239317126390965,-0.970941457048761));
#1735=DIRECTION('',(-1.,0.,0.));
#1736=DIRECTION('',(0.,0.239317126390965,-0.970941457048761));
#1737=DIRECTION('',(1.,0.,0.));
#1738=DIRECTION('',(0.,-0.239317126390965,0.970941457048761));
#1739=DIRECTION('',(-1.,0.,0.));
#1740=DIRECTION('',(0.,0.239317126390965,-0.970941457048761));
#1741=DIRECTION('',(1.,0.,0.));
#1742=DIRECTION('',(0.,-0.239317126390965,0.970941457048761));
#1743=DIRECTION('',(-1.,0.,0.));
#1744=DIRECTION('',(0.,0.239317126390965,-0.970941457048761));
#1745=DIRECTION('',(-1.,0.,0.));
#1746=DIRECTION('',(-1.,0.,0.));
#1747=DIRECTION('',(-1.,0.,0.));
#1748=DIRECTION('',(0.,0.464718979006653,-0.88545822631619));
#1749=DIRECTION('',(-1.,0.,0.));
#1750=DIRECTION('',(0.,0.464718979006653,-0.88545822631619));
#1751=DIRECTION('',(-1.,0.,0.));
#1752=DIRECTION('',(0.,0.464718979006653,-0.88545822631619));
#1753=DIRECTION('',(1.,0.,0.));
#1754=DIRECTION('',(0.,-0.464718979006653,0.88545822631619));
#1755=DIRECTION('',(-1.,0.,0.));
#1756=DIRECTION('',(0.,0.464718979006653,-0.88545822631619));
#1757=DIRECTION('',(1.,0.,0.));
#1758=DIRECTION('',(0.,-0.464718979006653,0.88545822631619));
#1759=DIRECTION('',(-1.,0.,0.));
#1760=DIRECTION('',(0.,0.464718979006653,-0.88545822631619));
#1761=DIRECTION('',(-1.,0.,0.));
#1762=DIRECTION('',(-1.,0.,0.));
#1763=DIRECTION('',(-1.,0.,0.));
#1764=DIRECTION('',(0.,0.822979830572165,-0.568070592859207));
#1765=DIRECTION('',(-1.,0.,0.));
#1766=DIRECTION('',(0.,0.822979830572165,-0.568070592859207));
#1767=DIRECTION('',(-1.,0.,0.));
#1768=DIRECTION('',(0.,0.822979830572165,-0.568070592859207));
#1769=DIRECTION('',(1.,0.,0.));
#1770=DIRECTION('',(0.,-0.822979830572165,0.568070592859207));
#1771=DIRECTION('',(-1.,0.,0.));
#1772=DIRECTION('',(0.,0.822979830572165,-0.568070592859207));
#1773=DIRECTION('',(1.,0.,0.));
#1774=DIRECTION('',(0.,-0.822979830572165,0.568070592859207));
#1775=DIRECTION('',(-1.,0.,0.));
#1776=DIRECTION('',(0.,0.822979830572165,-0.568070592859207));
#1777=DIRECTION('',(-1.,0.,0.));
#1778=DIRECTION('',(-1.,0.,0.));
#1779=DIRECTION('',(-1.,0.,0.));
#1780=DIRECTION('',(0.,0.935018532576644,-0.354598849036795));
#1781=DIRECTION('',(-1.,0.,0.));
#1782=DIRECTION('',(0.,0.935018532576644,-0.354598849036795));
#1783=DIRECTION('',(-1.,0.,0.));
#1784=DIRECTION('',(0.,0.935018532576644,-0.354598849036795));
#1785=DIRECTION('',(1.,0.,0.));
#1786=DIRECTION('',(0.,-0.935018532576644,0.354598849036795));
#1787=DIRECTION('',(-1.,0.,0.));
#1788=DIRECTION('',(0.,0.935018532576644,-0.354598849036795));
#1789=DIRECTION('',(1.,0.,0.));
#1790=DIRECTION('',(0.,-0.935018532576644,0.354598849036795));
#1791=DIRECTION('',(-1.,0.,0.));
#1792=DIRECTION('',(0.,0.935018532576644,-0.354598849036795));
#1793=DIRECTION('',(-1.,0.,0.));
#1794=DIRECTION('',(-1.,0.,0.));
#1795=DIRECTION('',(-1.,0.,0.));
#1796=DIRECTION('',(0.,0.992707965841105,-0.120544160188771));
#1797=DIRECTION('',(-1.,0.,0.));
#1798=DIRECTION('',(0.,0.992707965841105,-0.120544160188771));
#1799=DIRECTION('',(-1.,0.,0.));
#1800=DIRECTION('',(0.,0.992707965841105,-0.120544160188771));
#1801=DIRECTION('',(1.,0.,0.));
#1802=DIRECTION('',(0.,-0.992707965841105,0.120544160188771));
#1803=DIRECTION('',(-1.,0.,0.));
#1804=DIRECTION('',(0.,0.992707965841105,-0.120544160188771));
#1805=DIRECTION('',(1.,0.,0.));
#1806=DIRECTION('',(0.,-0.992707965841105,0.120544160188771));
#1807=DIRECTION('',(-1.,0.,0.));
#1808=DIRECTION('',(0.,0.992707965841105,-0.120544160188771));
#1809=DIRECTION('',(-1.,0.,0.));
#1810=DIRECTION('',(-1.,0.,0.));
#1811=DIRECTION('',(-1.,0.,0.));
#1812=DIRECTION('',(0.,0.992707966007501,0.120544158818462));
#1813=DIRECTION('',(-1.,0.,0.));
#1814=DIRECTION('',(0.,0.992707966007501,0.120544158818462));
#1815=DIRECTION('',(-1.,0.,0.));
#1816=DIRECTION('',(0.,0.992707966007501,0.120544158818462));
#1817=DIRECTION('',(1.,0.,0.));
#1818=DIRECTION('',(0.,-0.992707966007501,-0.120544158818462));
#1819=DIRECTION('',(-1.,0.,0.));
#1820=DIRECTION('',(0.,0.992707966007501,0.120544158818462));
#1821=DIRECTION('',(1.,0.,0.));
#1822=DIRECTION('',(0.,-0.992707966007501,-0.120544158818462));
#1823=DIRECTION('',(-1.,0.,0.));
#1824=DIRECTION('',(0.,0.992707966007501,0.120544158818462));
#1825=DIRECTION('',(-1.,0.,0.));
#1826=DIRECTION('',(-1.,0.,0.));
#1827=DIRECTION('',(-1.,0.,0.));
#1828=DIRECTION('',(0.,0.935018533066127,0.354598847746108));
#1829=DIRECTION('',(-1.,0.,0.));
#1830=DIRECTION('',(0.,0.935018533066127,0.354598847746108));
#1831=DIRECTION('',(-1.,0.,0.));
#1832=DIRECTION('',(0.,0.935018533066127,0.354598847746108));
#1833=DIRECTION('',(1.,0.,0.));
#1834=DIRECTION('',(0.,-0.935018533066127,-0.354598847746108));
#1835=DIRECTION('',(-1.,0.,0.));
#1836=DIRECTION('',(0.,0.935018533066127,0.354598847746108));
#1837=DIRECTION('',(1.,0.,0.));
#1838=DIRECTION('',(0.,-0.935018533066127,-0.354598847746108));
#1839=DIRECTION('',(-1.,0.,0.));
#1840=DIRECTION('',(0.,0.935018533066127,0.354598847746108));
#1841=DIRECTION('',(-1.,0.,0.));
#1842=DIRECTION('',(-1.,0.,0.));
#1843=DIRECTION('',(-1.,-3.13236511259152E-15,1.64397784494775E-15));
#1844=DIRECTION('',(-1.64397784494775E-15,0.822979831356324,0.568070591723174));
#1845=DIRECTION('',(-1.,-3.13236511259152E-15,1.64397784494775E-15));
#1846=DIRECTION('',(-1.64397784494775E-15,0.822979831356324,0.568070591723174));
#1847=DIRECTION('',(-1.,-3.13236511259152E-15,1.64397784494775E-15));
#1848=DIRECTION('',(-1.64397784494775E-15,0.822979831356324,0.568070591723174));
#1849=DIRECTION('',(1.,3.13236511259152E-15,-1.64397784494775E-15));
#1850=DIRECTION('',(1.64397784494775E-15,-0.822979831356324,-0.568070591723174));
#1851=DIRECTION('',(-1.,-3.13236511259152E-15,1.64397784494775E-15));
#1852=DIRECTION('',(-1.64397784494775E-15,0.822979831356324,0.568070591723174));
#1853=DIRECTION('',(1.,3.13236511259152E-15,-1.64397784494775E-15));
#1854=DIRECTION('',(1.64397784494775E-15,-0.822979831356324,-0.568070591723174));
#1855=DIRECTION('',(-1.,-3.13236511259152E-15,1.64397784494775E-15));
#1856=DIRECTION('',(-1.64397784494775E-15,0.822979831356324,0.568070591723174));
#1857=DIRECTION('',(-1.,-3.13236511259152E-15,1.64397784494775E-15));
#1858=DIRECTION('',(-1.,-3.13236511259152E-15,1.64397784494775E-15));
#1859=DIRECTION('',(-1.,0.,0.));
#1860=DIRECTION('',(0.,0.464718980228923,0.885458225674701));
#1861=DIRECTION('',(-1.,0.,0.));
#1862=DIRECTION('',(0.,0.464718980228923,0.885458225674701));
#1863=DIRECTION('',(-1.,0.,0.));
#1864=DIRECTION('',(0.,0.464718980228923,0.885458225674701));
#1865=DIRECTION('',(1.,0.,0.));
#1866=DIRECTION('',(0.,-0.464718980228923,-0.885458225674701));
#1867=DIRECTION('',(-1.,0.,0.));
#1868=DIRECTION('',(0.,0.464718980228923,0.885458225674701));
#1869=DIRECTION('',(1.,0.,0.));
#1870=DIRECTION('',(0.,-0.464718980228923,-0.885458225674701));
#1871=DIRECTION('',(-1.,0.,0.));
#1872=DIRECTION('',(0.,0.464718980228923,0.885458225674701));
#1873=DIRECTION('',(-1.,0.,0.));
#1874=DIRECTION('',(-1.,0.,0.));
#1875=DIRECTION('',(-1.,0.,0.));
#1876=DIRECTION('',(0.,0.239317127731252,0.970941456718408));
#1877=DIRECTION('',(-1.,0.,0.));
#1878=DIRECTION('',(0.,0.239317127731252,0.970941456718408));
#1879=DIRECTION('',(-1.,0.,0.));
#1880=DIRECTION('',(0.,0.239317127731252,0.970941456718408));
#1881=DIRECTION('',(1.,0.,0.));
#1882=DIRECTION('',(0.,-0.239317127731252,-0.970941456718408));
#1883=DIRECTION('',(-1.,0.,0.));
#1884=DIRECTION('',(0.,0.239317127731252,0.970941456718408));
#1885=DIRECTION('',(1.,0.,0.));
#1886=DIRECTION('',(0.,-0.239317127731252,-0.970941456718408));
#1887=DIRECTION('',(-1.,0.,0.));
#1888=DIRECTION('',(0.,0.239317127731252,0.970941456718408));
#1889=DIRECTION('',(-1.,0.,0.));
#1890=DIRECTION('',(-1.,0.,0.));
#1891=DIRECTION('',(-1.,0.,0.));
#1892=DIRECTION('',(0.,0.,1.));
#1893=DIRECTION('',(-1.,0.,0.));
#1894=DIRECTION('',(0.,0.,1.));
#1895=DIRECTION('',(-1.,0.,0.));
#1896=DIRECTION('',(0.,0.,1.));
#1897=DIRECTION('',(-1.,0.,0.));
#1898=DIRECTION('',(0.,0.,1.));
#1899=DIRECTION('',(-1.,0.,0.));
#1900=DIRECTION('',(0.,0.,1.));
#1901=DIRECTION('',(1.,0.,0.));
#1902=DIRECTION('',(0.,0.,-1.));
#1903=DIRECTION('',(1.,0.,0.));
#1904=DIRECTION('',(0.,0.,-1.));
#1905=DIRECTION('',(1.,0.,0.));
#1906=DIRECTION('',(0.,0.,-1.));
#1907=DIRECTION('',(-1.,0.,0.));
#1908=DIRECTION('',(0.,0.,1.));
#1909=DIRECTION('',(-1.,0.,0.));
#1910=DIRECTION('',(0.,0.,1.));
#1911=DIRECTION('',(-1.,0.,0.));
#1912=DIRECTION('',(0.,0.,1.));
#1913=DIRECTION('',(-1.,0.,0.));
#1914=DIRECTION('',(0.,0.,1.));
#1915=DIRECTION('',(-1.,0.,0.));
#1916=DIRECTION('',(0.,0.,1.));
#1917=DIRECTION('',(-1.,0.,0.));
#1918=DIRECTION('',(0.,0.,1.));
#1919=DIRECTION('',(-1.,0.,0.));
#1920=DIRECTION('',(0.,0.,1.));
#1921=DIRECTION('',(-1.,0.,0.));
#1922=DIRECTION('',(1.,0.,0.));
#1923=DIRECTION('',(0.,0.,-1.));
#1924=DIRECTION('',(-1.,0.,0.));
#1925=DIRECTION('',(-1.,0.,0.));
#1926=DIRECTION('',(0.,0.,1.));
#1927=DIRECTION('',(1.,0.,0.));
#1928=DIRECTION('',(0.,0.,-1.));
#1929=DIRECTION('',(-1.,0.,0.));
#1930=DIRECTION('',(0.,0.,1.));
#1931=DIRECTION('',(-1.,0.,0.));
#1932=DIRECTION('',(0.,0.,1.));
#1933=DIRECTION('',(-1.,0.,0.));
#1934=DIRECTION('',(0.,0.,1.));
#1935=DIRECTION('',(-1.,0.,0.));
#1936=DIRECTION('',(0.,0.,1.));
#1937=DIRECTION('',(1.,0.,0.));
#1938=DIRECTION('',(0.,0.,-1.));
#1939=DIRECTION('',(-1.,0.,0.));
#1940=DIRECTION('',(0.,0.,1.));
#1941=DIRECTION('',(-1.,0.,0.));
#1942=DIRECTION('',(0.,0.,1.));
#1943=DIRECTION('',(1.,0.,0.));
#1944=DIRECTION('',(0.,0.,-1.));
#1945=DIRECTION('',(-1.,0.,0.));
#1946=DIRECTION('',(0.,0.,1.));
#1947=CARTESIAN_POINT('',(0.,0.,0.));
#1948=CARTESIAN_POINT('',(-3.,-7.42697616654913,8.38331536185811));
#1949=CARTESIAN_POINT('',(-3.,-7.42697616654913,8.38331536185811));
#1950=CARTESIAN_POINT('',(-3.,-6.25328175773884,8.63319820386103));
#1951=CARTESIAN_POINT('',(-3.,-7.81650053983132,7.24829520229304));
#1952=CARTESIAN_POINT('',(-3.,3.36833983227182E-5,2.69444896897758E-5));
#1953=CARTESIAN_POINT('',(3.,-7.42697616654913,8.38331536185811));
#1954=CARTESIAN_POINT('',(3.,-7.42697616654913,8.38331536185811));
#1955=CARTESIAN_POINT('',(3.,-6.25328175773884,8.63319820386104));
#1956=CARTESIAN_POINT('',(3.,-7.81650053983132,7.24829520229304));
#1957=CARTESIAN_POINT('',(3.,3.36833983227182E-5,2.69444896897758E-5));
#1958=CARTESIAN_POINT('',(-3.,-7.42697616654913,8.38331536185811));
#1959=CARTESIAN_POINT('',(-1.30104260698261E-15,-6.25328175773884,8.63319820386103));
#1960=CARTESIAN_POINT('',(-1.30104260698261E-15,-7.81650053983132,7.24829520229304));
#1961=CARTESIAN_POINT('',(-3.,-7.42697620126575,-8.38331533110184));
#1962=CARTESIAN_POINT('',(-3.,-7.42697620126575,-8.38331533110184));
#1963=CARTESIAN_POINT('',(-3.,-7.81650056984764,-7.24829516992369));
#1964=CARTESIAN_POINT('',(-3.,-6.25328179349026,-8.63319817796522));
#1965=CARTESIAN_POINT('',(-3.,3.36833982095275E-5,-2.69444898320231E-5));
#1966=CARTESIAN_POINT('',(3.,-7.42697620126575,-8.38331533110184));
#1967=CARTESIAN_POINT('',(3.,-7.42697620126575,-8.38331533110184));
#1968=CARTESIAN_POINT('',(3.,-7.81650056984765,-7.24829516992369));
#1969=CARTESIAN_POINT('',(3.,-6.25328179349026,-8.63319817796522));
#1970=CARTESIAN_POINT('',(3.,3.36833982095275E-5,-2.69444898320231E-5));
#1971=CARTESIAN_POINT('',(-3.,-7.42697620126575,-8.38331533110184));
#1972=CARTESIAN_POINT('',(1.30104260698261E-15,-7.81650056984764,-7.24829516992369));
#1973=CARTESIAN_POINT('',(1.30104260698261E-15,-6.25328179349026,-8.63319817796522));
#1974=CARTESIAN_POINT('',(-3.,7.42697617812133,-8.38331535160602));
#1975=CARTESIAN_POINT('',(-3.,7.42697617812133,-8.38331535160602));
#1976=CARTESIAN_POINT('',(-3.,6.25328176965598,-8.63319819522908));
#1977=CARTESIAN_POINT('',(-3.,7.81650054983676,-7.24829519150326));
#1978=CARTESIAN_POINT('',(-3.,-3.3683398244222E-5,-2.69444896984494E-5));
#1979=CARTESIAN_POINT('',(3.,7.42697617812133,-8.38331535160602));
#1980=CARTESIAN_POINT('',(3.,7.42697617812133,-8.38331535160602));
#1981=CARTESIAN_POINT('',(3.,6.25328176965598,-8.63319819522909));
#1982=CARTESIAN_POINT('',(3.,7.81650054983677,-7.24829519150326));
#1983=CARTESIAN_POINT('',(3.,-3.3683398244222E-5,-2.69444896984494E-5));
#1984=CARTESIAN_POINT('',(-3.,7.42697617812133,-8.38331535160602));
#1985=CARTESIAN_POINT('',(-4.33680868994202E-16,6.25328176965598,-8.63319819522909));
#1986=CARTESIAN_POINT('',(-4.33680868994202E-16,7.81650054983676,-7.24829519150326));
#1987=CARTESIAN_POINT('',(-3.,7.42697618969354,8.38331534135393));
#1988=CARTESIAN_POINT('',(-3.,7.42697618969354,8.38331534135393));
#1989=CARTESIAN_POINT('',(-3.,7.81650055984221,7.24829518071348));
#1990=CARTESIAN_POINT('',(-3.,6.25328178157312,8.63319818659715));
#1991=CARTESIAN_POINT('',(-3.,-3.36833982012875E-5,2.6944489745287E-5));
#1992=CARTESIAN_POINT('',(3.,7.42697618969354,8.38331534135393));
#1993=CARTESIAN_POINT('',(3.,7.42697618969354,8.38331534135393));
#1994=CARTESIAN_POINT('',(3.,7.81650055984221,7.24829518071348));
#1995=CARTESIAN_POINT('',(3.,6.25328178157312,8.63319818659715));
#1996=CARTESIAN_POINT('',(3.,-3.36833982012875E-5,2.6944489745287E-5));
#1997=CARTESIAN_POINT('',(-3.,7.42697618969354,8.38331534135393));
#1998=CARTESIAN_POINT('',(-1.30104260698261E-15,7.81650055984221,7.24829518071348));
#1999=CARTESIAN_POINT('',(-1.30104260698261E-15,6.25328178157312,8.63319818659715));
#2000=CARTESIAN_POINT('',(-3.,-2.6803365927236,10.8745456092302));
#2001=CARTESIAN_POINT('',(-3.,-2.6803365927236,10.8745456092302));
#2002=CARTESIAN_POINT('',(-3.,-1.52495636646941,10.5503596552149));
#2003=CARTESIAN_POINT('',(-3.,-3.55271577112332,10.0505586135229));
#2004=CARTESIAN_POINT('',(-3.,1.52120289073632E-5,1.28761557817957E-6));
#2005=CARTESIAN_POINT('',(3.,-2.6803365927236,10.8745456092302));
#2006=CARTESIAN_POINT('',(3.,-2.6803365927236,10.8745456092302));
#2007=CARTESIAN_POINT('',(3.,-1.52495636646941,10.5503596552149));
#2008=CARTESIAN_POINT('',(3.,-3.55271577112332,10.0505586135229));
#2009=CARTESIAN_POINT('',(3.,1.52120289073632E-5,1.28761557817957E-6));
#2010=CARTESIAN_POINT('',(-3.,-2.6803365927236,10.8745456092302));
#2011=CARTESIAN_POINT('',(4.33680868994202E-16,-1.52495636646941,10.5503596552149));
#2012=CARTESIAN_POINT('',(4.33680868994202E-16,-3.55271577112332,10.0505586135229));
#2013=CARTESIAN_POINT('',(-3.,-5.20489438699935,9.91710996467196));
#2014=CARTESIAN_POINT('',(-3.,-5.20489438699935,9.91710996467196));
#2015=CARTESIAN_POINT('',(-3.,-4.00550487222668,9.87883736542161));
#2016=CARTESIAN_POINT('',(-3.,-5.8547371134365,8.90829658703628));
#2017=CARTESIAN_POINT('',(-3.,-4.18358225592712E-5,-2.2177258405566E-5));
#2018=CARTESIAN_POINT('',(3.,-5.20489438699935,9.91710996467196));
#2019=CARTESIAN_POINT('',(3.,-5.20489438699935,9.91710996467196));
#2020=CARTESIAN_POINT('',(3.,-4.00550487222668,9.87883736542162));
#2021=CARTESIAN_POINT('',(3.,-5.85473711343651,8.90829658703628));
#2022=CARTESIAN_POINT('',(3.,-4.18358225592712E-5,-2.2177258405566E-5));
#2023=CARTESIAN_POINT('',(-3.,-5.20489438699935,9.91710996467196));
#2024=CARTESIAN_POINT('',(-4.33680868994202E-16,-4.00550487222668,9.87883736542161));
#2025=CARTESIAN_POINT('',(-4.33680868994202E-16,-5.8547371134365,8.90829658703628));
#2026=CARTESIAN_POINT('',(-3.,-9.21741391263002,6.36233181127685));
#2027=CARTESIAN_POINT('',(-3.,-9.21741391263002,6.36233181127685));
#2028=CARTESIAN_POINT('',(-3.,-8.13761983623434,6.88582465036903));
#2029=CARTESIAN_POINT('',(-3.,-9.3240049481646,5.16707520654979));
#2030=CARTESIAN_POINT('',(-3.,-3.98190043698204E-5,-5.88414698510925E-5));
#2031=CARTESIAN_POINT('',(3.,-9.21741391263002,6.36233181127685));
#2032=CARTESIAN_POINT('',(3.,-9.21741391263002,6.36233181127685));
#2033=CARTESIAN_POINT('',(3.,-8.13761983623435,6.88582465036903));
#2034=CARTESIAN_POINT('',(3.,-9.32400494816461,5.16707520654979));
#2035=CARTESIAN_POINT('',(3.,-3.98190043698204E-5,-5.88414698510925E-5));
#2036=CARTESIAN_POINT('',(-3.,-9.21741391263002,6.36233181127685));
#2037=CARTESIAN_POINT('',(-4.33680868994202E-16,-8.13761983623434,6.88582465036903));
#2038=CARTESIAN_POINT('',(-4.33680868994202E-16,-9.3240049481646,5.16707520654979));
#2039=CARTESIAN_POINT('',(-3.,-10.472183005778,3.97156691475758));
#2040=CARTESIAN_POINT('',(-3.,-10.472183005778,3.97156691475758));
#2041=CARTESIAN_POINT('',(-3.,-9.54905621671719,4.73827215884966));
#2042=CARTESIAN_POINT('',(-3.,-10.2896169871267,2.7855358659086));
#2043=CARTESIAN_POINT('',(-3.,2.45535982127884E-5,5.97910898153531E-5));
#2044=CARTESIAN_POINT('',(3.,-10.472183005778,3.97156691475758));
#2045=CARTESIAN_POINT('',(3.,-10.472183005778,3.97156691475758));
#2046=CARTESIAN_POINT('',(3.,-9.5490562167172,4.73827215884966));
#2047=CARTESIAN_POINT('',(3.,-10.2896169871267,2.7855358659086));
#2048=CARTESIAN_POINT('',(3.,2.45535982127884E-5,5.97910898153531E-5));
#2049=CARTESIAN_POINT('',(-3.,-10.472183005778,3.97156691475758));
#2050=CARTESIAN_POINT('',(-4.33680868994202E-16,-9.54905621671719,4.73827215884966));
#2051=CARTESIAN_POINT('',(-4.33680868994202E-16,-10.2896169871267,2.7855358659086));
#2052=CARTESIAN_POINT('',(-3.,-11.1183370900644,1.35001964372369));
#2053=CARTESIAN_POINT('',(-3.,-11.1183370900644,1.35001964372369));
#2054=CARTESIAN_POINT('',(-3.,-10.405505755049,2.31535455338985));
#2055=CARTESIAN_POINT('',(-3.,-10.6572558018135,0.242136957865253));
#2056=CARTESIAN_POINT('',(-3.,-7.87450768827136E-6,-7.49657382628777E-5));
#2057=CARTESIAN_POINT('',(3.,-11.1183370900644,1.35001964372369));
#2058=CARTESIAN_POINT('',(3.,-11.1183370900644,1.35001964372369));
#2059=CARTESIAN_POINT('',(3.,-10.405505755049,2.31535455338985));
#2060=CARTESIAN_POINT('',(3.,-10.6572558018135,0.242136957865251));
#2061=CARTESIAN_POINT('',(3.,-7.87450768827136E-6,-7.49657382628777E-5));
#2062=CARTESIAN_POINT('',(-3.,-11.1183370900644,1.35001964372369));
#2063=CARTESIAN_POINT('',(-4.33680868994202E-16,-10.405505755049,2.31535455338985));
#2064=CARTESIAN_POINT('',(-4.33680868994202E-16,-10.6572558018135,0.242136957865253));
#2065=CARTESIAN_POINT('',(-3.,-11.118337095655,-1.35001959768089));
#2066=CARTESIAN_POINT('',(-3.,-11.118337095655,-1.35001959768089));
#2067=CARTESIAN_POINT('',(-3.,-10.6572558028162,-0.242136913731872));
#2068=CARTESIAN_POINT('',(-3.,-10.4055057646373,-2.31535451029901));
#2069=CARTESIAN_POINT('',(-3.,-7.87450737255169E-6,7.49657382559388E-5));
#2070=CARTESIAN_POINT('',(3.,-11.118337095655,-1.35001959768089));
#2071=CARTESIAN_POINT('',(3.,-11.118337095655,-1.35001959768089));
#2072=CARTESIAN_POINT('',(3.,-10.6572558028162,-0.24213691373187));
#2073=CARTESIAN_POINT('',(3.,-10.4055057646373,-2.31535451029901));
#2074=CARTESIAN_POINT('',(3.,-7.87450737255169E-6,7.49657382559388E-5));
#2075=CARTESIAN_POINT('',(-3.,-11.118337095655,-1.35001959768089));
#2076=CARTESIAN_POINT('',(-4.33680868994202E-16,-10.6572558028162,-0.242136913731872));
#2077=CARTESIAN_POINT('',(-4.33680868994202E-16,-10.4055057646373,-2.31535451029901));
#2078=CARTESIAN_POINT('',(-3.,-10.4721830222249,-3.97156687139062));
#2079=CARTESIAN_POINT('',(-3.,-10.4721830222249,-3.97156687139062));
#2080=CARTESIAN_POINT('',(-3.,-10.2896169986621,-2.78553582329768));
#2081=CARTESIAN_POINT('',(-3.,-9.54905623633911,-4.7382721193055));
#2082=CARTESIAN_POINT('',(-3.,2.45535979083444E-5,-5.97910897563725E-5));
#2083=CARTESIAN_POINT('',(3.,-10.4721830222249,-3.97156687139062));
#2084=CARTESIAN_POINT('',(3.,-10.4721830222249,-3.97156687139062));
#2085=CARTESIAN_POINT('',(3.,-10.2896169986621,-2.78553582329767));
#2086=CARTESIAN_POINT('',(3.,-9.54905623633911,-4.7382721193055));
#2087=CARTESIAN_POINT('',(3.,2.45535979083444E-5,-5.97910897563725E-5));
#2088=CARTESIAN_POINT('',(-3.,-10.4721830222249,-3.97156687139062));
#2089=CARTESIAN_POINT('',(-1.30104260698261E-15,-10.2896169986621,-2.78553582329767));
#2090=CARTESIAN_POINT('',(-1.30104260698261E-15,-9.54905623633911,-4.7382721193055));
#2091=CARTESIAN_POINT('',(-3.,-9.21741393897744,-6.36233177310609));
#2092=CARTESIAN_POINT('',(-3.,-9.21741393897744,-6.36233177310609));
#2093=CARTESIAN_POINT('',(-3.,-9.32400496956227,-5.16707516793762));
#2094=CARTESIAN_POINT('',(-3.,-8.13761986474963,-6.88582461666987));
#2095=CARTESIAN_POINT('',(-3.,-3.98190041078772E-5,5.88414699881357E-5));
#2096=CARTESIAN_POINT('',(3.,-9.21741393897744,-6.36233177310609));
#2097=CARTESIAN_POINT('',(3.,-9.21741393897744,-6.36233177310609));
#2098=CARTESIAN_POINT('',(3.,-9.32400496956227,-5.16707516793762));
#2099=CARTESIAN_POINT('',(3.,-8.13761986474963,-6.88582461666987));
#2100=CARTESIAN_POINT('',(3.,-3.98190041078772E-5,5.88414699881357E-5));
#2101=CARTESIAN_POINT('',(-3.,-9.21741393897744,-6.36233177310609));
#2102=CARTESIAN_POINT('',(-4.33680868994202E-16,-9.32400496956227,-5.16707516793762));
#2103=CARTESIAN_POINT('',(-4.33680868994202E-16,-8.13761986474963,-6.88582461666987));
#2104=CARTESIAN_POINT('',(-2.99999999999999,-5.20489442807048,-9.91710994311632));
#2105=CARTESIAN_POINT('',(-2.99999999999999,-5.20489442807048,-9.91710994311632));
#2106=CARTESIAN_POINT('',(-3.,-5.85473715032914,-8.90829656278899));
#2107=CARTESIAN_POINT('',(-2.99999999999999,-4.00550491313929,-9.87883734883384));
#2108=CARTESIAN_POINT('',(-3.00000000000012,-4.18358169963871E-5,2.21772555785798E-5));
#2109=CARTESIAN_POINT('',(3.00000000000001,-5.20489442807047,-9.91710994311625));
#2110=CARTESIAN_POINT('',(3.00000000000001,-5.20489442807047,-9.91710994311625));
#2111=CARTESIAN_POINT('',(3.,-5.85473715032913,-8.90829656278893));
#2112=CARTESIAN_POINT('',(3.00000000000001,-4.00550491313928,-9.87883734883377));
#2113=CARTESIAN_POINT('',(2.99999999999988,-4.18358169791591E-5,2.21772556484773E-5));
#2114=CARTESIAN_POINT('',(-2.99999999999999,-5.20489442807048,-9.91710994311632));
#2115=CARTESIAN_POINT('',(2.32221902239988E-15,-5.85473715032913,-8.90829656278896));
#2116=CARTESIAN_POINT('',(8.31884800128892E-15,-4.00550491313928,-9.8788373488338));
#2117=CARTESIAN_POINT('',(-3.,-2.68033663288793,-10.8745455992197));
#2118=CARTESIAN_POINT('',(-3.,-2.68033663288793,-10.8745455992197));
#2119=CARTESIAN_POINT('',(-3.,-3.55271580819247,-10.0505586002356));
#2120=CARTESIAN_POINT('',(-3.,-1.52495640541599,-10.5503596495445));
#2121=CARTESIAN_POINT('',(-3.,1.52127131837834E-5,-1.28767351642578E-6));
#2122=CARTESIAN_POINT('',(3.,-2.68033663288793,-10.8745455992197));
#2123=CARTESIAN_POINT('',(3.,-2.68033663288793,-10.8745455992197));
#2124=CARTESIAN_POINT('',(3.,-3.55271580819248,-10.0505586002356));
#2125=CARTESIAN_POINT('',(3.,-1.52495640541599,-10.5503596495445));
#2126=CARTESIAN_POINT('',(3.,1.52127131837834E-5,-1.28767351642578E-6));
#2127=CARTESIAN_POINT('',(-3.,-2.68033663288793,-10.8745455992197));
#2128=CARTESIAN_POINT('',(4.33680868994202E-16,-3.55271580819247,-10.0505586002356));
#2129=CARTESIAN_POINT('',(4.33680868994202E-16,-1.52495640541599,-10.5503596495445));
#2130=CARTESIAN_POINT('',(-3.,1.54603348294995E-8,-11.2));
#2131=CARTESIAN_POINT('',(-3.,1.54603348294995E-8,-11.2));
#2132=CARTESIAN_POINT('',(-3.,-1.0442232953378,-10.6087321442986));
#2133=CARTESIAN_POINT('',(-3.,1.04422332462612,-10.6087321414157));
#2134=CARTESIAN_POINT('',(-3.,0.,0.));
#2135=CARTESIAN_POINT('',(3.,1.54603348294995E-8,-11.2));
#2136=CARTESIAN_POINT('',(3.,1.54603348294995E-8,-11.2));
#2137=CARTESIAN_POINT('',(3.,-1.04422329533781,-10.6087321442986));
#2138=CARTESIAN_POINT('',(3.,1.04422332462612,-10.6087321414157));
#2139=CARTESIAN_POINT('',(3.,0.,0.));
#2140=CARTESIAN_POINT('',(-3.,1.54603348294995E-8,-11.2));
#2141=CARTESIAN_POINT('',(-4.33680868994202E-16,-1.0442232953378,-10.6087321442986));
#2142=CARTESIAN_POINT('',(-4.33680868994202E-16,1.04422332462612,-10.6087321414157));
#2143=CARTESIAN_POINT('',(-3.,2.68033660286577,-10.8745456066196));
#2144=CARTESIAN_POINT('',(-3.,2.68033660286577,-10.8745456066196));
#2145=CARTESIAN_POINT('',(-3.,1.52495637628883,-10.5503596537545));
#2146=CARTESIAN_POINT('',(-3.,3.55271578044516,-10.0505586100438));
#2147=CARTESIAN_POINT('',(-3.,-1.52127130337298E-5,-1.28767343315905E-6));
#2148=CARTESIAN_POINT('',(3.,2.68033660286577,-10.8745456066196));
#2149=CARTESIAN_POINT('',(3.,2.68033660286577,-10.8745456066196));
#2150=CARTESIAN_POINT('',(3.,1.52495637628883,-10.5503596537545));
#2151=CARTESIAN_POINT('',(3.,3.55271578044516,-10.0505586100438));
#2152=CARTESIAN_POINT('',(3.,-1.52127130337298E-5,-1.28767343315905E-6));
#2153=CARTESIAN_POINT('',(-3.,2.68033660286577,-10.8745456066196));
#2154=CARTESIAN_POINT('',(-4.33680868994202E-16,1.52495637628883,-10.5503596537545));
#2155=CARTESIAN_POINT('',(-4.33680868994202E-16,3.55271578044516,-10.0505586100438));
#2156=CARTESIAN_POINT('',(-3.,5.20489440069157,-9.91710995748576));
#2157=CARTESIAN_POINT('',(-3.,5.20489440069157,-9.91710995748576));
#2158=CARTESIAN_POINT('',(-3.,4.00550488586604,-9.87883735989203));
#2159=CARTESIAN_POINT('',(-3.,5.85473712573533,-8.9082965789525));
#2160=CARTESIAN_POINT('',(-3.,4.18358170536925E-5,2.2177255566691E-5));
#2161=CARTESIAN_POINT('',(3.,5.20489440069157,-9.91710995748576));
#2162=CARTESIAN_POINT('',(3.,5.20489440069157,-9.91710995748576));
#2163=CARTESIAN_POINT('',(3.,4.00550488586604,-9.87883735989204));
#2164=CARTESIAN_POINT('',(3.,5.85473712573534,-8.90829657895251));
#2165=CARTESIAN_POINT('',(3.,4.18358170536925E-5,2.2177255566691E-5));
#2166=CARTESIAN_POINT('',(-3.,5.20489440069157,-9.91710995748576));
#2167=CARTESIAN_POINT('',(-4.33680868994202E-16,4.00550488586604,-9.87883735989203));
#2168=CARTESIAN_POINT('',(-4.33680868994202E-16,5.85473712573533,-8.9082965789525));
#2169=CARTESIAN_POINT('',(-3.,9.21741392141249,-6.36233179855326));
#2170=CARTESIAN_POINT('',(-3.,9.21741392141249,-6.36233179855326));
#2171=CARTESIAN_POINT('',(-3.,8.13761984573944,-6.88582463913598));
#2172=CARTESIAN_POINT('',(-3.,9.32400495529715,-5.16707519367907));
#2173=CARTESIAN_POINT('',(-3.,3.9819004253594E-5,5.88414698562967E-5));
#2174=CARTESIAN_POINT('',(3.,9.21741392141249,-6.36233179855326));
#2175=CARTESIAN_POINT('',(3.,9.21741392141249,-6.36233179855326));
#2176=CARTESIAN_POINT('',(3.,8.13761984573944,-6.88582463913599));
#2177=CARTESIAN_POINT('',(3.,9.32400495529715,-5.16707519367907));
#2178=CARTESIAN_POINT('',(3.,3.9819004253594E-5,5.88414698562967E-5));
#2179=CARTESIAN_POINT('',(-3.,9.21741392141249,-6.36233179855326));
#2180=CARTESIAN_POINT('',(-4.33680868994202E-16,8.13761984573944,-6.88582463913598));
#2181=CARTESIAN_POINT('',(-4.33680868994202E-16,9.32400495529715,-5.16707519367907));
#2182=CARTESIAN_POINT('',(-3.,10.4721830112603,-3.97156690030193));
#2183=CARTESIAN_POINT('',(-3.,10.4721830112603,-3.97156690030193));
#2184=CARTESIAN_POINT('',(-3.,9.54905622325784,-4.73827214566827));
#2185=CARTESIAN_POINT('',(-3.,10.2896169909718,-2.78553585170496));
#2186=CARTESIAN_POINT('',(-3.,-2.45535981165113E-5,-5.97910898188225E-5));
#2187=CARTESIAN_POINT('',(3.,10.4721830112603,-3.97156690030193));
#2188=CARTESIAN_POINT('',(3.,10.4721830112603,-3.97156690030193));
#2189=CARTESIAN_POINT('',(3.,9.54905622325784,-4.73827214566828));
#2190=CARTESIAN_POINT('',(3.,10.2896169909718,-2.78553585170496));
#2191=CARTESIAN_POINT('',(3.,-2.45535981165113E-5,-5.97910898188225E-5));
#2192=CARTESIAN_POINT('',(-3.,10.4721830112603,-3.97156690030193));
#2193=CARTESIAN_POINT('',(-1.30104260698261E-15,9.54905622325784,-4.73827214566827));
#2194=CARTESIAN_POINT('',(-1.30104260698261E-15,10.2896169909718,-2.78553585170496));
#2195=CARTESIAN_POINT('',(-3.,11.1183370919279,-1.35001962837609));
#2196=CARTESIAN_POINT('',(-3.,11.1183370919279,-1.35001962837609));
#2197=CARTESIAN_POINT('',(-3.,10.4055057582451,-2.31535453902624));
#2198=CARTESIAN_POINT('',(-3.,10.6572558021477,-0.242136943154129));
#2199=CARTESIAN_POINT('',(-3.,7.87450756510599E-6,7.49657381535901E-5));
#2200=CARTESIAN_POINT('',(3.,11.1183370919279,-1.35001962837609));
#2201=CARTESIAN_POINT('',(3.,11.1183370919279,-1.35001962837609));
#2202=CARTESIAN_POINT('',(3.,10.4055057582451,-2.31535453902625));
#2203=CARTESIAN_POINT('',(3.,10.6572558021477,-0.242136943154127));
#2204=CARTESIAN_POINT('',(3.,7.87450756510599E-6,7.49657381535901E-5));
#2205=CARTESIAN_POINT('',(-3.,11.1183370919279,-1.35001962837609));
#2206=CARTESIAN_POINT('',(4.33680868994202E-16,10.4055057582451,-2.31535453902624));
#2207=CARTESIAN_POINT('',(4.33680868994202E-16,10.6572558021477,-0.242136943154129));
#2208=CARTESIAN_POINT('',(-3.,11.1183370937915,1.3500196130285));
#2209=CARTESIAN_POINT('',(-3.,11.1183370937915,1.3500196130285));
#2210=CARTESIAN_POINT('',(-3.,10.657255802482,0.242136928443007));
#2211=CARTESIAN_POINT('',(-3.,10.4055057614412,2.31535452466263));
#2212=CARTESIAN_POINT('',(-3.,7.87450747836982E-6,-7.49657382767555E-5));
#2213=CARTESIAN_POINT('',(3.,11.1183370937915,1.3500196130285));
#2214=CARTESIAN_POINT('',(3.,11.1183370937915,1.3500196130285));
#2215=CARTESIAN_POINT('',(3.,10.657255802482,0.242136928443005));
#2216=CARTESIAN_POINT('',(3.,10.4055057614412,2.31535452466263));
#2217=CARTESIAN_POINT('',(3.,7.87450747836982E-6,-7.49657382767555E-5));
#2218=CARTESIAN_POINT('',(-3.,11.1183370937915,1.3500196130285));
#2219=CARTESIAN_POINT('',(-4.33680868994202E-16,10.657255802482,0.242136928443006));
#2220=CARTESIAN_POINT('',(-4.33680868994202E-16,10.4055057614412,2.31535452466263));
#2221=CARTESIAN_POINT('',(-3.,10.4721830167426,3.97156688584628));
#2222=CARTESIAN_POINT('',(-3.,10.4721830167426,3.97156688584628));
#2223=CARTESIAN_POINT('',(-3.,10.2896169948169,2.78553583750132));
#2224=CARTESIAN_POINT('',(-3.,9.54905622979848,4.73827213248689));
#2225=CARTESIAN_POINT('',(-3.,-2.45535980410508E-5,5.97910898656601E-5));
#2226=CARTESIAN_POINT('',(3.,10.4721830167426,3.97156688584628));
#2227=CARTESIAN_POINT('',(3.,10.4721830167426,3.97156688584628));
#2228=CARTESIAN_POINT('',(3.,10.2896169948169,2.78553583750132));
#2229=CARTESIAN_POINT('',(3.,9.54905622979848,4.7382721324869));
#2230=CARTESIAN_POINT('',(3.,-2.45535980410508E-5,5.97910898656601E-5));
#2231=CARTESIAN_POINT('',(-3.,10.4721830167426,3.97156688584628));
#2232=CARTESIAN_POINT('',(-4.33680868994202E-16,10.2896169948169,2.78553583750132));
#2233=CARTESIAN_POINT('',(-4.33680868994202E-16,9.54905622979848,4.73827213248689));
#2234=CARTESIAN_POINT('',(-3.,9.21741393019494,6.36233178582969));
#2235=CARTESIAN_POINT('',(-3.,9.21741393019494,6.36233178582969));
#2236=CARTESIAN_POINT('',(-3.,9.32400496242967,5.16707518080835));
#2237=CARTESIAN_POINT('',(-3.,8.13761985524451,6.88582462790294));
#2238=CARTESIAN_POINT('',(-2.99999999999998,3.98190041153937E-5,-5.88414698565689E-5));
#2239=CARTESIAN_POINT('',(3.,9.21741393019496,6.36233178582968));
#2240=CARTESIAN_POINT('',(3.,9.21741393019496,6.36233178582968));
#2241=CARTESIAN_POINT('',(2.99999999999999,9.3240049624297,5.16707518080834));
#2242=CARTESIAN_POINT('',(3.,8.13761985524453,6.88582462790294));
#2243=CARTESIAN_POINT('',(3.00000000000001,3.98190041341879E-5,-5.88414698664328E-5));
#2244=CARTESIAN_POINT('',(-3.,9.21741393019494,6.36233178582969));
#2245=CARTESIAN_POINT('',(-5.99591969600261E-15,9.32400496242968,5.16707518080835));
#2246=CARTESIAN_POINT('',(5.45857635882059E-16,8.13761985524452,6.88582462790294));
#2247=CARTESIAN_POINT('',(-3.,5.20489441438101,9.917109950301));
#2248=CARTESIAN_POINT('',(-3.,5.20489441438101,9.917109950301));
#2249=CARTESIAN_POINT('',(-3.,5.85473713803222,8.90829657087071));
#2250=CARTESIAN_POINT('',(-3.,4.00550489950264,9.87883735436289));
#2251=CARTESIAN_POINT('',(-3.,4.18358170714735E-5,-2.2177255645621E-5));
#2252=CARTESIAN_POINT('',(3.,5.20489441438101,9.917109950301));
#2253=CARTESIAN_POINT('',(3.,5.20489441438101,9.917109950301));
#2254=CARTESIAN_POINT('',(3.,5.85473713803223,8.90829657087072));
#2255=CARTESIAN_POINT('',(3.,4.00550489950264,9.8788373543629));
#2256=CARTESIAN_POINT('',(3.,4.18358170714735E-5,-2.2177255645621E-5));
#2257=CARTESIAN_POINT('',(-3.,5.20489441438101,9.917109950301));
#2258=CARTESIAN_POINT('',(-4.33680868994202E-16,5.85473713803222,8.90829657087071));
#2259=CARTESIAN_POINT('',(-4.33680868994202E-16,4.00550489950264,9.87883735436289));
#2260=CARTESIAN_POINT('',(-3.,2.68033661787686,10.8745456029197));
#2261=CARTESIAN_POINT('',(-3.,2.68033661787686,10.8745456029197));
#2262=CARTESIAN_POINT('',(-3.,3.55271579431882,10.0505586051397));
#2263=CARTESIAN_POINT('',(-3.,1.52495639085242,10.5503596516495));
#2264=CARTESIAN_POINT('',(-3.,-1.52127131616657E-5,1.28767349127229E-6));
#2265=CARTESIAN_POINT('',(3.,2.68033661787686,10.8745456029197));
#2266=CARTESIAN_POINT('',(3.,2.68033661787686,10.8745456029197));
#2267=CARTESIAN_POINT('',(3.,3.55271579431883,10.0505586051397));
#2268=CARTESIAN_POINT('',(3.,1.52495639085242,10.5503596516495));
#2269=CARTESIAN_POINT('',(3.,-1.52127131616657E-5,1.28767349127229E-6));
#2270=CARTESIAN_POINT('',(-3.,2.68033661787686,10.8745456029197));
#2271=CARTESIAN_POINT('',(4.33680868994202E-16,3.55271579431882,10.0505586051397));
#2272=CARTESIAN_POINT('',(4.33680868994202E-16,1.52495639085242,10.5503596516495));
#2273=CARTESIAN_POINT('',(-5.,0.,13.));
#2274=CARTESIAN_POINT('',(-5.,0.,0.));
#2275=CARTESIAN_POINT('',(-5.,0.,12.6));
#2276=CARTESIAN_POINT('',(-5.,0.,0.));
#2277=CARTESIAN_POINT('',(-5.,0.,9.99999999999999));
#2278=CARTESIAN_POINT('',(0.,0.,0.));
#2279=CARTESIAN_POINT('',(-4.6,0.,0.));
#2280=CARTESIAN_POINT('',(-4.6,0.,13.));
#2281=CARTESIAN_POINT('',(4.6,0.,0.));
#2282=CARTESIAN_POINT('',(4.6,0.,-13.));
#2283=CARTESIAN_POINT('',(5.,0.,13.));
#2284=CARTESIAN_POINT('',(5.,0.,0.));
#2285=CARTESIAN_POINT('',(5.,0.,-12.6));
#2286=CARTESIAN_POINT('',(5.,0.,0.));
#2287=CARTESIAN_POINT('',(5.,0.,9.99999999999999));
#2288=CARTESIAN_POINT('',(0.,0.,0.));
#2289=CARTESIAN_POINT('',(4.,0.,0.));
#2290=CARTESIAN_POINT('',(4.,0.,9.99999999999999));
#2291=CARTESIAN_POINT('',(4.,0.,9.99999999999999));
#2292=CARTESIAN_POINT('',(4.,0.,0.));
#2293=CARTESIAN_POINT('',(4.,0.,10.66));
#2294=CARTESIAN_POINT('',(0.,0.,0.));
#2295=CARTESIAN_POINT('',(-3.,0.,0.));
#2296=CARTESIAN_POINT('',(-3.,-1.04422330998196,10.6087321428571));
#2297=CARTESIAN_POINT('',(-3.,1.04422330998196,10.6087321428571));
#2298=CARTESIAN_POINT('',(-4.33680868994202E-16,-1.04422330998196,10.6087321428571));
#2299=CARTESIAN_POINT('',(3.,-1.04422330998196,10.6087321428571));
#2300=CARTESIAN_POINT('',(3.,0.,0.));
#2301=CARTESIAN_POINT('',(3.,1.04422330998196,10.6087321428571));
#2302=CARTESIAN_POINT('',(-4.33680868994202E-16,1.04422330998196,10.6087321428571));
#2303=CARTESIAN_POINT('',(-4.,0.,0.));
#2304=CARTESIAN_POINT('',(-4.,0.,10.66));
#2305=CARTESIAN_POINT('',(-4.,0.,9.99999999999999));
#2306=CARTESIAN_POINT('',(-4.,0.,0.));
#2307=CARTESIAN_POINT('',(-4.,0.,9.99999999999999));
#2308=CARTESIAN_POINT('',(0.,0.,0.));
#2309=CARTESIAN_POINT('',(-3.,0.,11.2));
#2310=CARTESIAN_POINT('',(-3.,0.,11.2));
#2311=CARTESIAN_POINT('',(3.,0.,11.2));
#2312=CARTESIAN_POINT('',(3.,0.,11.2));
#2313=CARTESIAN_POINT('',(-3.,0.,11.2));
#2314=CARTESIAN_POINT('',(4.6,0.,0.));
#2315=CARTESIAN_POINT('',(-4.6,0.,0.));
#2316=MECHANICAL_DESIGN_GEOMETRIC_PRESENTATION_REPRESENTATION('',(#1275),
#2317);
#2317=(
GEOMETRIC_REPRESENTATION_CONTEXT(3)
GLOBAL_UNCERTAINTY_ASSIGNED_CONTEXT((#2318))
GLOBAL_UNIT_ASSIGNED_CONTEXT((#2321,#2320,#2319))
REPRESENTATION_CONTEXT('\X2\51B2538B591657086EDA94888F74627F\X0\HK 000
0\X2\578B\X0\ GBT290-2017','TOP_LEVEL_ASSEMBLY_PART')
);
#2318=UNCERTAINTY_MEASURE_WITH_UNIT(LENGTH_MEASURE(0.005),#2321,
'DISTANCE_ACCURACY_VALUE','Maximum Tolerance applied to model');
#2319=(
NAMED_UNIT(*)
SI_UNIT($,.STERADIAN.)
SOLID_ANGLE_UNIT()
);
#2320=(
NAMED_UNIT(*)
PLANE_ANGLE_UNIT()
SI_UNIT($,.RADIAN.)
);
#2321=(
LENGTH_UNIT()
NAMED_UNIT(*)
SI_UNIT(.MILLI.,.METRE.)
);
#2322=PRODUCT_DEFINITION_SHAPE('','',#2323);
#2323=PRODUCT_DEFINITION('','',#2325,#2324);
#2324=PRODUCT_DEFINITION_CONTEXT('',#2331,'design');
#2325=PRODUCT_DEFINITION_FORMATION_WITH_SPECIFIED_SOURCE('','',#2327,
 .NOT_KNOWN.);
#2326=PRODUCT_RELATED_PRODUCT_CATEGORY('','',(#2327));
#2327=PRODUCT('\X2\51B2538B591657086EDA94888F74627F\X0\HK 0000\X2\578B\X0\ 
GBT290-2017','\X2\51B2538B591657086EDA94888F74627F\X0\HK 0000\X2\578B\X0\ 
GBT290-2017','\X2\51B2538B591657086EDA94888F74627F\X0\HK 0000\X2\578B\X0\ 
GBT290-2017',(#2329));
#2328=PRODUCT_CATEGORY('','');
#2329=PRODUCT_CONTEXT('',#2331,'mechanical');
#2330=APPLICATION_PROTOCOL_DEFINITION('international standard',
'automotive_design',2010,#2331);
#2331=APPLICATION_CONTEXT(
'core data for automotive mechanical design processes');
ENDSEC;
END-ISO-10303-21;
