ISO-10303-21;
HEADER;
/* Generated by software containing HOOPS Exchange Step
 * from HOOPS Exchange, Inc. (www.tiangong.cloud) 
 */

FILE_DESCRIPTION(
/* description */ ('Unknown'),
/* implementation_level */ '2;1');

FILE_NAME(
/* name */ '11',
/* time_stamp */ '2025-09-23T16:00:58+08:00',
/* author */ ('Unknown'),
/* organization */ ('Unknown'),
/* preprocessor_version */ 'ST-DEVELOPER v19.4',
/* originating_system */ 'TianGong',
/* authorisation */ 'Unknown');

FILE_SCHEMA (('AUTOMOTIVE_DESIGN {1 0 10303 214 3 1 1}'));
ENDSEC;

DATA;
#10=PROPERTY_DEFINITION_REPRESENTATION(#14,#12);
#11=PROPERTY_DEFINITION_REPRESENTATION(#15,#13);
#12=REPRESENTATION('',(#16),#2929);
#13=REPRESENTATION('',(#17),#2929);
#14=PROPERTY_DEFINITION('pmi validation property','',#2934);
#15=PROPERTY_DEFINITION('pmi validation property','',#2934);
#16=VALUE_REPRESENTATION_ITEM('number of annotations',COUNT_MEASURE(0.));
#17=VALUE_REPRESENTATION_ITEM('number of views',COUNT_MEASURE(0.));
#18=SHAPE_REPRESENTATION_RELATIONSHIP('','',#1592,#19);
#19=ADVANCED_BREP_SHAPE_REPRESENTATION('',(#1590),#2929);
#20=CONICAL_SURFACE('',#1835,2.5,0.785398163397448);
#21=CONICAL_SURFACE('',#1836,2.65,0.785398163397448);
#22=PLANE('',#1641);
#23=PLANE('',#1642);
#24=PLANE('',#1647);
#25=PLANE('',#1652);
#26=PLANE('',#1657);
#27=PLANE('',#1665);
#28=PLANE('',#1666);
#29=PLANE('',#1671);
#30=PLANE('',#1676);
#31=PLANE('',#1681);
#32=PLANE('',#1689);
#33=PLANE('',#1690);
#34=PLANE('',#1695);
#35=PLANE('',#1700);
#36=PLANE('',#1705);
#37=PLANE('',#1713);
#38=PLANE('',#1714);
#39=PLANE('',#1719);
#40=PLANE('',#1724);
#41=PLANE('',#1729);
#42=PLANE('',#1737);
#43=PLANE('',#1738);
#44=PLANE('',#1743);
#45=PLANE('',#1748);
#46=PLANE('',#1753);
#47=PLANE('',#1761);
#48=PLANE('',#1762);
#49=PLANE('',#1767);
#50=PLANE('',#1772);
#51=PLANE('',#1777);
#52=PLANE('',#1798);
#53=PLANE('',#1800);
#54=PLANE('',#1802);
#55=PLANE('',#1804);
#56=PLANE('',#1814);
#57=PLANE('',#1815);
#58=PLANE('',#1816);
#59=PLANE('',#1818);
#60=PLANE('',#1822);
#61=PLANE('',#1828);
#62=PLANE('',#1833);
#63=B_SPLINE_CURVE_WITH_KNOTS('',3,(#2512,#2513,#2514,#2515,#2516,#2517,
#2518),.UNSPECIFIED.,.F.,.F.,(4,1,1,1,4),(-3.74167076003541E-6,0.000329557667546197,
0.000662857005852429,0.000996156344158661,0.00132945568246489),
 .UNSPECIFIED.);
#64=B_SPLINE_CURVE_WITH_KNOTS('',3,(#2522,#2523,#2524,#2525,#2526,#2527,
#2528),.UNSPECIFIED.,.F.,.F.,(4,1,1,1,4),(-3.74167076003541E-6,0.000329557667546197,
0.000662857005852429,0.000996156344158661,0.00132945568246489),
 .UNSPECIFIED.);
#65=B_SPLINE_CURVE_WITH_KNOTS('',3,(#2532,#2533,#2534,#2535,#2536,#2537,
#2538),.UNSPECIFIED.,.F.,.F.,(4,1,1,1,4),(-3.74167076003541E-6,0.000329557667546197,
0.000662857005852429,0.000996156344158661,0.00132945568246489),
 .UNSPECIFIED.);
#66=B_SPLINE_CURVE_WITH_KNOTS('',3,(#2573,#2574,#2575,#2576,#2577,#2578,
#2579),.UNSPECIFIED.,.F.,.F.,(4,1,1,1,4),(-3.74167076003541E-6,0.000329557667546197,
0.000662857005852429,0.000996156344158661,0.00132945568246489),
 .UNSPECIFIED.);
#67=B_SPLINE_CURVE_WITH_KNOTS('',3,(#2585,#2586,#2587,#2588,#2589,#2590,
#2591),.UNSPECIFIED.,.F.,.F.,(4,1,1,1,4),(-3.74167076003541E-6,0.000329557667546197,
0.000662857005852429,0.000996156344158661,0.00132945568246489),
 .UNSPECIFIED.);
#68=B_SPLINE_CURVE_WITH_KNOTS('',3,(#2626,#2627,#2628,#2629,#2630,#2631,
#2632),.UNSPECIFIED.,.F.,.F.,(4,1,1,1,4),(-3.74167076003541E-6,0.000329557667546197,
0.000662857005852429,0.000996156344158661,0.00132945568246489),
 .UNSPECIFIED.);
#69=B_SPLINE_CURVE_WITH_KNOTS('',3,(#2638,#2639,#2640,#2641,#2642,#2643,
#2644),.UNSPECIFIED.,.F.,.F.,(4,1,1,1,4),(-3.74167076003541E-6,0.000329557667546197,
0.000662857005852429,0.000996156344158661,0.00132945568246489),
 .UNSPECIFIED.);
#70=B_SPLINE_CURVE_WITH_KNOTS('',3,(#2679,#2680,#2681,#2682,#2683,#2684,
#2685),.UNSPECIFIED.,.F.,.F.,(4,1,1,1,4),(-3.74167076003541E-6,0.000329557667546197,
0.000662857005852429,0.000996156344158661,0.00132945568246489),
 .UNSPECIFIED.);
#71=B_SPLINE_CURVE_WITH_KNOTS('',3,(#2691,#2692,#2693,#2694,#2695,#2696,
#2697),.UNSPECIFIED.,.F.,.F.,(4,1,1,1,4),(-3.74167076003541E-6,0.000329557667546197,
0.000662857005852429,0.000996156344158661,0.00132945568246489),
 .UNSPECIFIED.);
#72=B_SPLINE_CURVE_WITH_KNOTS('',3,(#2732,#2733,#2734,#2735,#2736,#2737,
#2738),.UNSPECIFIED.,.F.,.F.,(4,1,1,1,4),(-3.74167076003541E-6,0.000329557667546197,
0.000662857005852429,0.000996156344158661,0.00132945568246489),
 .UNSPECIFIED.);
#73=B_SPLINE_CURVE_WITH_KNOTS('',3,(#2744,#2745,#2746,#2747,#2748,#2749,
#2750),.UNSPECIFIED.,.F.,.F.,(4,1,1,1,4),(-3.74167076003541E-6,0.000329557667546197,
0.000662857005852429,0.000996156344158661,0.00132945568246489),
 .UNSPECIFIED.);
#74=B_SPLINE_CURVE_WITH_KNOTS('',3,(#2785,#2786,#2787,#2788,#2789,#2790,
#2791),.UNSPECIFIED.,.F.,.F.,(4,1,1,1,4),(-3.74167076003541E-6,0.000329557667546197,
0.000662857005852429,0.000996156344158661,0.00132945568246489),
 .UNSPECIFIED.);
#75=B_SPLINE_CURVE_WITH_KNOTS('',3,(#2797,#2798,#2799,#2800,#2801,#2802,
#2803),.UNSPECIFIED.,.F.,.F.,(4,1,1,1,4),(-3.74167076003541E-6,0.000329557667546197,
0.000662857005852429,0.000996156344158661,0.00132945568246489),
 .UNSPECIFIED.);
#76=B_SPLINE_CURVE_WITH_KNOTS('',3,(#2837,#2838,#2839,#2840,#2841,#2842,
#2843),.UNSPECIFIED.,.F.,.F.,(4,1,1,1,4),(-3.74167076003541E-6,0.000329557667546197,
0.000662857005852429,0.000996156344158661,0.00132945568246489),
 .UNSPECIFIED.);
#77=TOROIDAL_SURFACE('',#1636,7.49999999999999,0.35);
#78=TOROIDAL_SURFACE('',#1660,7.49999999999999,0.35);
#79=TOROIDAL_SURFACE('',#1684,7.49999999999999,0.35);
#80=TOROIDAL_SURFACE('',#1708,7.49999999999999,0.35);
#81=TOROIDAL_SURFACE('',#1732,7.49999999999999,0.35);
#82=TOROIDAL_SURFACE('',#1756,7.49999999999999,0.35);
#83=TOROIDAL_SURFACE('',#1780,7.49999999999999,0.35);
#84=TOROIDAL_SURFACE('',#1823,7.34999999999999,0.15);
#85=TOROIDAL_SURFACE('',#1824,7.34999999999999,0.15);
#86=CIRCLE('',#1595,0.700000000000006);
#87=CIRCLE('',#1596,0.700000000000006);
#88=CIRCLE('',#1598,0.700000000000006);
#89=CIRCLE('',#1599,0.700000000000006);
#90=CIRCLE('',#1601,0.700000000000006);
#91=CIRCLE('',#1602,0.700000000000006);
#92=CIRCLE('',#1604,0.700000000000006);
#93=CIRCLE('',#1605,0.700000000000006);
#94=CIRCLE('',#1607,0.700000000000006);
#95=CIRCLE('',#1608,0.700000000000006);
#96=CIRCLE('',#1610,0.700000000000006);
#97=CIRCLE('',#1611,0.700000000000006);
#98=CIRCLE('',#1613,0.700000000000006);
#99=CIRCLE('',#1614,0.700000000000006);
#100=CIRCLE('',#1616,0.700000000000006);
#101=CIRCLE('',#1617,0.700000000000006);
#102=CIRCLE('',#1619,0.700000000000006);
#103=CIRCLE('',#1620,0.700000000000006);
#104=CIRCLE('',#1622,0.700000000000006);
#105=CIRCLE('',#1623,0.700000000000006);
#106=CIRCLE('',#1625,0.700000000000006);
#107=CIRCLE('',#1626,0.700000000000006);
#108=CIRCLE('',#1628,0.700000000000006);
#109=CIRCLE('',#1629,0.700000000000006);
#110=CIRCLE('',#1631,0.700000000000006);
#111=CIRCLE('',#1632,0.700000000000006);
#112=CIRCLE('',#1634,0.700000000000006);
#113=CIRCLE('',#1635,0.700000000000006);
#114=CIRCLE('',#1637,7.49999999999999);
#115=CIRCLE('',#1638,7.49999999999999);
#116=CIRCLE('',#1640,0.35);
#117=CIRCLE('',#1643,4.87499999999999);
#118=CIRCLE('',#1644,0.700000000000006);
#119=CIRCLE('',#1645,5.22499999999999);
#120=CIRCLE('',#1646,0.700000000000006);
#121=CIRCLE('',#1648,0.700000000000006);
#122=CIRCLE('',#1649,4.87499999999999);
#123=CIRCLE('',#1650,0.700000000000006);
#124=CIRCLE('',#1651,5.22499999999999);
#125=CIRCLE('',#1653,4.00999999999999);
#126=CIRCLE('',#1654,4.525);
#127=CIRCLE('',#1658,4.00999999999999);
#128=CIRCLE('',#1659,4.525);
#129=CIRCLE('',#1661,7.49999999999999);
#130=CIRCLE('',#1662,7.49999999999999);
#131=CIRCLE('',#1664,0.35);
#132=CIRCLE('',#1667,4.87499999999999);
#133=CIRCLE('',#1668,0.700000000000006);
#134=CIRCLE('',#1669,5.22499999999999);
#135=CIRCLE('',#1670,0.700000000000006);
#136=CIRCLE('',#1672,0.700000000000006);
#137=CIRCLE('',#1673,4.87499999999999);
#138=CIRCLE('',#1674,0.700000000000006);
#139=CIRCLE('',#1675,5.22499999999999);
#140=CIRCLE('',#1677,4.00999999999999);
#141=CIRCLE('',#1678,4.525);
#142=CIRCLE('',#1682,4.00999999999999);
#143=CIRCLE('',#1683,4.525);
#144=CIRCLE('',#1685,7.49999999999999);
#145=CIRCLE('',#1686,7.49999999999999);
#146=CIRCLE('',#1688,0.35);
#147=CIRCLE('',#1691,4.87499999999999);
#148=CIRCLE('',#1692,0.700000000000006);
#149=CIRCLE('',#1693,5.22499999999999);
#150=CIRCLE('',#1694,0.700000000000006);
#151=CIRCLE('',#1696,0.700000000000006);
#152=CIRCLE('',#1697,4.87499999999999);
#153=CIRCLE('',#1698,0.700000000000006);
#154=CIRCLE('',#1699,5.22499999999999);
#155=CIRCLE('',#1701,4.00999999999999);
#156=CIRCLE('',#1702,4.525);
#157=CIRCLE('',#1706,4.00999999999999);
#158=CIRCLE('',#1707,4.525);
#159=CIRCLE('',#1709,7.49999999999999);
#160=CIRCLE('',#1710,7.49999999999999);
#161=CIRCLE('',#1712,0.35);
#162=CIRCLE('',#1715,4.87499999999999);
#163=CIRCLE('',#1716,0.700000000000006);
#164=CIRCLE('',#1717,5.22499999999999);
#165=CIRCLE('',#1718,0.700000000000006);
#166=CIRCLE('',#1720,0.700000000000006);
#167=CIRCLE('',#1721,4.87499999999999);
#168=CIRCLE('',#1722,0.700000000000006);
#169=CIRCLE('',#1723,5.22499999999999);
#170=CIRCLE('',#1725,4.00999999999999);
#171=CIRCLE('',#1726,4.525);
#172=CIRCLE('',#1730,4.00999999999999);
#173=CIRCLE('',#1731,4.525);
#174=CIRCLE('',#1733,7.49999999999999);
#175=CIRCLE('',#1734,7.49999999999999);
#176=CIRCLE('',#1736,0.35);
#177=CIRCLE('',#1739,4.87499999999999);
#178=CIRCLE('',#1740,0.700000000000006);
#179=CIRCLE('',#1741,5.22499999999999);
#180=CIRCLE('',#1742,0.700000000000006);
#181=CIRCLE('',#1744,0.700000000000006);
#182=CIRCLE('',#1745,4.87499999999999);
#183=CIRCLE('',#1746,0.700000000000006);
#184=CIRCLE('',#1747,5.22499999999999);
#185=CIRCLE('',#1749,4.00999999999999);
#186=CIRCLE('',#1750,4.525);
#187=CIRCLE('',#1754,4.00999999999999);
#188=CIRCLE('',#1755,4.525);
#189=CIRCLE('',#1757,7.49999999999999);
#190=CIRCLE('',#1758,7.49999999999999);
#191=CIRCLE('',#1760,0.35);
#192=CIRCLE('',#1763,4.87499999999999);
#193=CIRCLE('',#1764,0.700000000000006);
#194=CIRCLE('',#1765,5.22499999999999);
#195=CIRCLE('',#1766,0.700000000000006);
#196=CIRCLE('',#1768,0.700000000000006);
#197=CIRCLE('',#1769,4.87499999999999);
#198=CIRCLE('',#1770,0.700000000000006);
#199=CIRCLE('',#1771,5.22499999999999);
#200=CIRCLE('',#1773,4.00999999999999);
#201=CIRCLE('',#1774,4.525);
#202=CIRCLE('',#1778,4.00999999999999);
#203=CIRCLE('',#1779,4.525);
#204=CIRCLE('',#1781,7.49999999999999);
#205=CIRCLE('',#1782,7.49999999999999);
#206=CIRCLE('',#1784,7.49999999999999);
#207=CIRCLE('',#1786,7.49999999999999);
#208=CIRCLE('',#1788,0.700000000000006);
#209=CIRCLE('',#1789,0.700000000000006);
#210=CIRCLE('',#1791,0.700000000000006);
#211=CIRCLE('',#1792,0.700000000000006);
#212=CIRCLE('',#1794,5.22499999999999);
#213=CIRCLE('',#1795,5.22499999999999);
#214=CIRCLE('',#1796,5.22499999999999);
#215=CIRCLE('',#1797,5.22499999999999);
#216=CIRCLE('',#1799,7.34999999999999);
#217=CIRCLE('',#1801,7.34999999999999);
#218=CIRCLE('',#1803,4.87499999999999);
#219=CIRCLE('',#1805,4.87499999999999);
#220=CIRCLE('',#1807,4.525);
#221=CIRCLE('',#1808,4.525);
#222=CIRCLE('',#1809,4.525);
#223=CIRCLE('',#1810,4.525);
#224=CIRCLE('',#1812,4.87499999999999);
#225=CIRCLE('',#1813,4.87499999999999);
#226=CIRCLE('',#1817,4.00999999999999);
#227=CIRCLE('',#1819,4.00999999999999);
#228=CIRCLE('',#1821,0.35);
#229=CIRCLE('',#1826,4.00999999999999);
#230=CIRCLE('',#1827,4.00999999999999);
#231=CIRCLE('',#1829,2.65);
#232=CIRCLE('',#1831,2.5);
#233=CIRCLE('',#1832,2.5);
#234=CIRCLE('',#1834,2.65);
#235=ORIENTED_EDGE('',*,*,#673,.F.);
#236=ORIENTED_EDGE('',*,*,#674,.T.);
#237=ORIENTED_EDGE('',*,*,#675,.F.);
#238=ORIENTED_EDGE('',*,*,#676,.F.);
#239=ORIENTED_EDGE('',*,*,#677,.F.);
#240=ORIENTED_EDGE('',*,*,#678,.F.);
#241=ORIENTED_EDGE('',*,*,#679,.F.);
#242=ORIENTED_EDGE('',*,*,#680,.T.);
#243=ORIENTED_EDGE('',*,*,#681,.F.);
#244=ORIENTED_EDGE('',*,*,#682,.T.);
#245=ORIENTED_EDGE('',*,*,#683,.F.);
#246=ORIENTED_EDGE('',*,*,#684,.F.);
#247=ORIENTED_EDGE('',*,*,#685,.F.);
#248=ORIENTED_EDGE('',*,*,#686,.F.);
#249=ORIENTED_EDGE('',*,*,#687,.F.);
#250=ORIENTED_EDGE('',*,*,#688,.T.);
#251=ORIENTED_EDGE('',*,*,#689,.F.);
#252=ORIENTED_EDGE('',*,*,#690,.T.);
#253=ORIENTED_EDGE('',*,*,#691,.F.);
#254=ORIENTED_EDGE('',*,*,#692,.F.);
#255=ORIENTED_EDGE('',*,*,#693,.F.);
#256=ORIENTED_EDGE('',*,*,#694,.F.);
#257=ORIENTED_EDGE('',*,*,#695,.F.);
#258=ORIENTED_EDGE('',*,*,#696,.T.);
#259=ORIENTED_EDGE('',*,*,#697,.F.);
#260=ORIENTED_EDGE('',*,*,#698,.T.);
#261=ORIENTED_EDGE('',*,*,#699,.F.);
#262=ORIENTED_EDGE('',*,*,#700,.F.);
#263=ORIENTED_EDGE('',*,*,#701,.F.);
#264=ORIENTED_EDGE('',*,*,#702,.F.);
#265=ORIENTED_EDGE('',*,*,#703,.F.);
#266=ORIENTED_EDGE('',*,*,#704,.T.);
#267=ORIENTED_EDGE('',*,*,#705,.F.);
#268=ORIENTED_EDGE('',*,*,#706,.T.);
#269=ORIENTED_EDGE('',*,*,#707,.F.);
#270=ORIENTED_EDGE('',*,*,#708,.F.);
#271=ORIENTED_EDGE('',*,*,#709,.F.);
#272=ORIENTED_EDGE('',*,*,#710,.F.);
#273=ORIENTED_EDGE('',*,*,#711,.F.);
#274=ORIENTED_EDGE('',*,*,#712,.T.);
#275=ORIENTED_EDGE('',*,*,#713,.F.);
#276=ORIENTED_EDGE('',*,*,#714,.T.);
#277=ORIENTED_EDGE('',*,*,#715,.F.);
#278=ORIENTED_EDGE('',*,*,#716,.F.);
#279=ORIENTED_EDGE('',*,*,#717,.F.);
#280=ORIENTED_EDGE('',*,*,#718,.F.);
#281=ORIENTED_EDGE('',*,*,#719,.F.);
#282=ORIENTED_EDGE('',*,*,#720,.T.);
#283=ORIENTED_EDGE('',*,*,#721,.F.);
#284=ORIENTED_EDGE('',*,*,#722,.T.);
#285=ORIENTED_EDGE('',*,*,#723,.F.);
#286=ORIENTED_EDGE('',*,*,#724,.F.);
#287=ORIENTED_EDGE('',*,*,#725,.F.);
#288=ORIENTED_EDGE('',*,*,#726,.F.);
#289=ORIENTED_EDGE('',*,*,#727,.F.);
#290=ORIENTED_EDGE('',*,*,#728,.T.);
#291=ORIENTED_EDGE('',*,*,#729,.F.);
#292=ORIENTED_EDGE('',*,*,#730,.T.);
#293=ORIENTED_EDGE('',*,*,#731,.T.);
#294=ORIENTED_EDGE('',*,*,#732,.T.);
#295=ORIENTED_EDGE('',*,*,#733,.T.);
#296=ORIENTED_EDGE('',*,*,#730,.F.);
#297=ORIENTED_EDGE('',*,*,#734,.F.);
#298=ORIENTED_EDGE('',*,*,#733,.F.);
#299=ORIENTED_EDGE('',*,*,#735,.F.);
#300=ORIENTED_EDGE('',*,*,#736,.F.);
#301=ORIENTED_EDGE('',*,*,#737,.F.);
#302=ORIENTED_EDGE('',*,*,#738,.F.);
#303=ORIENTED_EDGE('',*,*,#739,.T.);
#304=ORIENTED_EDGE('',*,*,#740,.F.);
#305=ORIENTED_EDGE('',*,*,#741,.T.);
#306=ORIENTED_EDGE('',*,*,#742,.F.);
#307=ORIENTED_EDGE('',*,*,#743,.F.);
#308=ORIENTED_EDGE('',*,*,#676,.T.);
#309=ORIENTED_EDGE('',*,*,#744,.F.);
#310=ORIENTED_EDGE('',*,*,#678,.T.);
#311=ORIENTED_EDGE('',*,*,#745,.F.);
#312=ORIENTED_EDGE('',*,*,#739,.F.);
#313=ORIENTED_EDGE('',*,*,#746,.F.);
#314=ORIENTED_EDGE('',*,*,#736,.T.);
#315=ORIENTED_EDGE('',*,*,#747,.F.);
#316=ORIENTED_EDGE('',*,*,#738,.T.);
#317=ORIENTED_EDGE('',*,*,#748,.F.);
#318=ORIENTED_EDGE('',*,*,#741,.F.);
#319=ORIENTED_EDGE('',*,*,#749,.F.);
#320=ORIENTED_EDGE('',*,*,#680,.F.);
#321=ORIENTED_EDGE('',*,*,#750,.F.);
#322=ORIENTED_EDGE('',*,*,#674,.F.);
#323=ORIENTED_EDGE('',*,*,#751,.F.);
#324=ORIENTED_EDGE('',*,*,#752,.T.);
#325=ORIENTED_EDGE('',*,*,#753,.T.);
#326=ORIENTED_EDGE('',*,*,#734,.T.);
#327=ORIENTED_EDGE('',*,*,#754,.T.);
#328=ORIENTED_EDGE('',*,*,#752,.F.);
#329=ORIENTED_EDGE('',*,*,#755,.F.);
#330=ORIENTED_EDGE('',*,*,#754,.F.);
#331=ORIENTED_EDGE('',*,*,#756,.F.);
#332=ORIENTED_EDGE('',*,*,#757,.F.);
#333=ORIENTED_EDGE('',*,*,#758,.F.);
#334=ORIENTED_EDGE('',*,*,#759,.F.);
#335=ORIENTED_EDGE('',*,*,#760,.T.);
#336=ORIENTED_EDGE('',*,*,#761,.F.);
#337=ORIENTED_EDGE('',*,*,#762,.T.);
#338=ORIENTED_EDGE('',*,*,#763,.F.);
#339=ORIENTED_EDGE('',*,*,#764,.F.);
#340=ORIENTED_EDGE('',*,*,#684,.T.);
#341=ORIENTED_EDGE('',*,*,#765,.F.);
#342=ORIENTED_EDGE('',*,*,#686,.T.);
#343=ORIENTED_EDGE('',*,*,#766,.F.);
#344=ORIENTED_EDGE('',*,*,#760,.F.);
#345=ORIENTED_EDGE('',*,*,#767,.F.);
#346=ORIENTED_EDGE('',*,*,#757,.T.);
#347=ORIENTED_EDGE('',*,*,#768,.F.);
#348=ORIENTED_EDGE('',*,*,#759,.T.);
#349=ORIENTED_EDGE('',*,*,#769,.F.);
#350=ORIENTED_EDGE('',*,*,#762,.F.);
#351=ORIENTED_EDGE('',*,*,#770,.F.);
#352=ORIENTED_EDGE('',*,*,#688,.F.);
#353=ORIENTED_EDGE('',*,*,#771,.F.);
#354=ORIENTED_EDGE('',*,*,#682,.F.);
#355=ORIENTED_EDGE('',*,*,#772,.F.);
#356=ORIENTED_EDGE('',*,*,#773,.T.);
#357=ORIENTED_EDGE('',*,*,#774,.T.);
#358=ORIENTED_EDGE('',*,*,#755,.T.);
#359=ORIENTED_EDGE('',*,*,#775,.T.);
#360=ORIENTED_EDGE('',*,*,#773,.F.);
#361=ORIENTED_EDGE('',*,*,#776,.F.);
#362=ORIENTED_EDGE('',*,*,#775,.F.);
#363=ORIENTED_EDGE('',*,*,#777,.F.);
#364=ORIENTED_EDGE('',*,*,#778,.F.);
#365=ORIENTED_EDGE('',*,*,#779,.F.);
#366=ORIENTED_EDGE('',*,*,#780,.F.);
#367=ORIENTED_EDGE('',*,*,#781,.T.);
#368=ORIENTED_EDGE('',*,*,#782,.F.);
#369=ORIENTED_EDGE('',*,*,#783,.T.);
#370=ORIENTED_EDGE('',*,*,#784,.F.);
#371=ORIENTED_EDGE('',*,*,#785,.F.);
#372=ORIENTED_EDGE('',*,*,#692,.T.);
#373=ORIENTED_EDGE('',*,*,#786,.F.);
#374=ORIENTED_EDGE('',*,*,#694,.T.);
#375=ORIENTED_EDGE('',*,*,#787,.F.);
#376=ORIENTED_EDGE('',*,*,#781,.F.);
#377=ORIENTED_EDGE('',*,*,#788,.F.);
#378=ORIENTED_EDGE('',*,*,#778,.T.);
#379=ORIENTED_EDGE('',*,*,#789,.F.);
#380=ORIENTED_EDGE('',*,*,#780,.T.);
#381=ORIENTED_EDGE('',*,*,#790,.F.);
#382=ORIENTED_EDGE('',*,*,#783,.F.);
#383=ORIENTED_EDGE('',*,*,#791,.F.);
#384=ORIENTED_EDGE('',*,*,#696,.F.);
#385=ORIENTED_EDGE('',*,*,#792,.F.);
#386=ORIENTED_EDGE('',*,*,#690,.F.);
#387=ORIENTED_EDGE('',*,*,#793,.F.);
#388=ORIENTED_EDGE('',*,*,#794,.T.);
#389=ORIENTED_EDGE('',*,*,#795,.T.);
#390=ORIENTED_EDGE('',*,*,#776,.T.);
#391=ORIENTED_EDGE('',*,*,#796,.T.);
#392=ORIENTED_EDGE('',*,*,#794,.F.);
#393=ORIENTED_EDGE('',*,*,#797,.F.);
#394=ORIENTED_EDGE('',*,*,#796,.F.);
#395=ORIENTED_EDGE('',*,*,#798,.F.);
#396=ORIENTED_EDGE('',*,*,#799,.F.);
#397=ORIENTED_EDGE('',*,*,#800,.F.);
#398=ORIENTED_EDGE('',*,*,#801,.F.);
#399=ORIENTED_EDGE('',*,*,#802,.T.);
#400=ORIENTED_EDGE('',*,*,#803,.F.);
#401=ORIENTED_EDGE('',*,*,#804,.T.);
#402=ORIENTED_EDGE('',*,*,#805,.F.);
#403=ORIENTED_EDGE('',*,*,#806,.F.);
#404=ORIENTED_EDGE('',*,*,#700,.T.);
#405=ORIENTED_EDGE('',*,*,#807,.F.);
#406=ORIENTED_EDGE('',*,*,#702,.T.);
#407=ORIENTED_EDGE('',*,*,#808,.F.);
#408=ORIENTED_EDGE('',*,*,#802,.F.);
#409=ORIENTED_EDGE('',*,*,#809,.F.);
#410=ORIENTED_EDGE('',*,*,#799,.T.);
#411=ORIENTED_EDGE('',*,*,#810,.F.);
#412=ORIENTED_EDGE('',*,*,#801,.T.);
#413=ORIENTED_EDGE('',*,*,#811,.F.);
#414=ORIENTED_EDGE('',*,*,#804,.F.);
#415=ORIENTED_EDGE('',*,*,#812,.F.);
#416=ORIENTED_EDGE('',*,*,#704,.F.);
#417=ORIENTED_EDGE('',*,*,#813,.F.);
#418=ORIENTED_EDGE('',*,*,#698,.F.);
#419=ORIENTED_EDGE('',*,*,#814,.F.);
#420=ORIENTED_EDGE('',*,*,#815,.T.);
#421=ORIENTED_EDGE('',*,*,#816,.T.);
#422=ORIENTED_EDGE('',*,*,#797,.T.);
#423=ORIENTED_EDGE('',*,*,#817,.T.);
#424=ORIENTED_EDGE('',*,*,#815,.F.);
#425=ORIENTED_EDGE('',*,*,#818,.F.);
#426=ORIENTED_EDGE('',*,*,#817,.F.);
#427=ORIENTED_EDGE('',*,*,#819,.F.);
#428=ORIENTED_EDGE('',*,*,#820,.F.);
#429=ORIENTED_EDGE('',*,*,#821,.F.);
#430=ORIENTED_EDGE('',*,*,#822,.F.);
#431=ORIENTED_EDGE('',*,*,#823,.T.);
#432=ORIENTED_EDGE('',*,*,#824,.F.);
#433=ORIENTED_EDGE('',*,*,#825,.T.);
#434=ORIENTED_EDGE('',*,*,#826,.F.);
#435=ORIENTED_EDGE('',*,*,#827,.F.);
#436=ORIENTED_EDGE('',*,*,#708,.T.);
#437=ORIENTED_EDGE('',*,*,#828,.F.);
#438=ORIENTED_EDGE('',*,*,#710,.T.);
#439=ORIENTED_EDGE('',*,*,#829,.F.);
#440=ORIENTED_EDGE('',*,*,#823,.F.);
#441=ORIENTED_EDGE('',*,*,#830,.F.);
#442=ORIENTED_EDGE('',*,*,#820,.T.);
#443=ORIENTED_EDGE('',*,*,#831,.F.);
#444=ORIENTED_EDGE('',*,*,#822,.T.);
#445=ORIENTED_EDGE('',*,*,#832,.F.);
#446=ORIENTED_EDGE('',*,*,#825,.F.);
#447=ORIENTED_EDGE('',*,*,#833,.F.);
#448=ORIENTED_EDGE('',*,*,#712,.F.);
#449=ORIENTED_EDGE('',*,*,#834,.F.);
#450=ORIENTED_EDGE('',*,*,#706,.F.);
#451=ORIENTED_EDGE('',*,*,#835,.F.);
#452=ORIENTED_EDGE('',*,*,#836,.T.);
#453=ORIENTED_EDGE('',*,*,#837,.T.);
#454=ORIENTED_EDGE('',*,*,#818,.T.);
#455=ORIENTED_EDGE('',*,*,#838,.T.);
#456=ORIENTED_EDGE('',*,*,#836,.F.);
#457=ORIENTED_EDGE('',*,*,#839,.F.);
#458=ORIENTED_EDGE('',*,*,#838,.F.);
#459=ORIENTED_EDGE('',*,*,#840,.F.);
#460=ORIENTED_EDGE('',*,*,#841,.F.);
#461=ORIENTED_EDGE('',*,*,#842,.F.);
#462=ORIENTED_EDGE('',*,*,#843,.F.);
#463=ORIENTED_EDGE('',*,*,#844,.T.);
#464=ORIENTED_EDGE('',*,*,#845,.F.);
#465=ORIENTED_EDGE('',*,*,#846,.T.);
#466=ORIENTED_EDGE('',*,*,#847,.F.);
#467=ORIENTED_EDGE('',*,*,#848,.F.);
#468=ORIENTED_EDGE('',*,*,#716,.T.);
#469=ORIENTED_EDGE('',*,*,#849,.F.);
#470=ORIENTED_EDGE('',*,*,#718,.T.);
#471=ORIENTED_EDGE('',*,*,#850,.F.);
#472=ORIENTED_EDGE('',*,*,#844,.F.);
#473=ORIENTED_EDGE('',*,*,#851,.F.);
#474=ORIENTED_EDGE('',*,*,#841,.T.);
#475=ORIENTED_EDGE('',*,*,#852,.F.);
#476=ORIENTED_EDGE('',*,*,#843,.T.);
#477=ORIENTED_EDGE('',*,*,#853,.F.);
#478=ORIENTED_EDGE('',*,*,#846,.F.);
#479=ORIENTED_EDGE('',*,*,#854,.F.);
#480=ORIENTED_EDGE('',*,*,#720,.F.);
#481=ORIENTED_EDGE('',*,*,#855,.F.);
#482=ORIENTED_EDGE('',*,*,#714,.F.);
#483=ORIENTED_EDGE('',*,*,#856,.F.);
#484=ORIENTED_EDGE('',*,*,#857,.T.);
#485=ORIENTED_EDGE('',*,*,#858,.T.);
#486=ORIENTED_EDGE('',*,*,#839,.T.);
#487=ORIENTED_EDGE('',*,*,#859,.T.);
#488=ORIENTED_EDGE('',*,*,#751,.T.);
#489=ORIENTED_EDGE('',*,*,#729,.T.);
#490=ORIENTED_EDGE('',*,*,#856,.T.);
#491=ORIENTED_EDGE('',*,*,#835,.T.);
#492=ORIENTED_EDGE('',*,*,#814,.T.);
#493=ORIENTED_EDGE('',*,*,#793,.T.);
#494=ORIENTED_EDGE('',*,*,#772,.T.);
#495=ORIENTED_EDGE('',*,*,#860,.T.);
#496=ORIENTED_EDGE('',*,*,#753,.F.);
#497=ORIENTED_EDGE('',*,*,#774,.F.);
#498=ORIENTED_EDGE('',*,*,#795,.F.);
#499=ORIENTED_EDGE('',*,*,#816,.F.);
#500=ORIENTED_EDGE('',*,*,#837,.F.);
#501=ORIENTED_EDGE('',*,*,#858,.F.);
#502=ORIENTED_EDGE('',*,*,#731,.F.);
#503=ORIENTED_EDGE('',*,*,#861,.F.);
#504=ORIENTED_EDGE('',*,*,#862,.T.);
#505=ORIENTED_EDGE('',*,*,#863,.F.);
#506=ORIENTED_EDGE('',*,*,#864,.F.);
#507=ORIENTED_EDGE('',*,*,#865,.F.);
#508=ORIENTED_EDGE('',*,*,#866,.F.);
#509=ORIENTED_EDGE('',*,*,#867,.F.);
#510=ORIENTED_EDGE('',*,*,#868,.T.);
#511=ORIENTED_EDGE('',*,*,#748,.T.);
#512=ORIENTED_EDGE('',*,*,#737,.T.);
#513=ORIENTED_EDGE('',*,*,#746,.T.);
#514=ORIENTED_EDGE('',*,*,#742,.T.);
#515=ORIENTED_EDGE('',*,*,#769,.T.);
#516=ORIENTED_EDGE('',*,*,#758,.T.);
#517=ORIENTED_EDGE('',*,*,#767,.T.);
#518=ORIENTED_EDGE('',*,*,#763,.T.);
#519=ORIENTED_EDGE('',*,*,#790,.T.);
#520=ORIENTED_EDGE('',*,*,#779,.T.);
#521=ORIENTED_EDGE('',*,*,#788,.T.);
#522=ORIENTED_EDGE('',*,*,#784,.T.);
#523=ORIENTED_EDGE('',*,*,#811,.T.);
#524=ORIENTED_EDGE('',*,*,#800,.T.);
#525=ORIENTED_EDGE('',*,*,#809,.T.);
#526=ORIENTED_EDGE('',*,*,#805,.T.);
#527=ORIENTED_EDGE('',*,*,#832,.T.);
#528=ORIENTED_EDGE('',*,*,#821,.T.);
#529=ORIENTED_EDGE('',*,*,#830,.T.);
#530=ORIENTED_EDGE('',*,*,#826,.T.);
#531=ORIENTED_EDGE('',*,*,#853,.T.);
#532=ORIENTED_EDGE('',*,*,#842,.T.);
#533=ORIENTED_EDGE('',*,*,#851,.T.);
#534=ORIENTED_EDGE('',*,*,#847,.T.);
#535=ORIENTED_EDGE('',*,*,#869,.T.);
#536=ORIENTED_EDGE('',*,*,#870,.F.);
#537=ORIENTED_EDGE('',*,*,#863,.T.);
#538=ORIENTED_EDGE('',*,*,#871,.T.);
#539=ORIENTED_EDGE('',*,*,#867,.T.);
#540=ORIENTED_EDGE('',*,*,#872,.T.);
#541=ORIENTED_EDGE('',*,*,#873,.T.);
#542=ORIENTED_EDGE('',*,*,#869,.F.);
#543=ORIENTED_EDGE('',*,*,#874,.T.);
#544=ORIENTED_EDGE('',*,*,#870,.T.);
#545=ORIENTED_EDGE('',*,*,#875,.F.);
#546=ORIENTED_EDGE('',*,*,#868,.F.);
#547=ORIENTED_EDGE('',*,*,#871,.F.);
#548=ORIENTED_EDGE('',*,*,#862,.F.);
#549=ORIENTED_EDGE('',*,*,#866,.T.);
#550=ORIENTED_EDGE('',*,*,#876,.F.);
#551=ORIENTED_EDGE('',*,*,#864,.T.);
#552=ORIENTED_EDGE('',*,*,#872,.F.);
#553=ORIENTED_EDGE('',*,*,#675,.T.);
#554=ORIENTED_EDGE('',*,*,#750,.T.);
#555=ORIENTED_EDGE('',*,*,#679,.T.);
#556=ORIENTED_EDGE('',*,*,#744,.T.);
#557=ORIENTED_EDGE('',*,*,#683,.T.);
#558=ORIENTED_EDGE('',*,*,#771,.T.);
#559=ORIENTED_EDGE('',*,*,#687,.T.);
#560=ORIENTED_EDGE('',*,*,#765,.T.);
#561=ORIENTED_EDGE('',*,*,#691,.T.);
#562=ORIENTED_EDGE('',*,*,#792,.T.);
#563=ORIENTED_EDGE('',*,*,#695,.T.);
#564=ORIENTED_EDGE('',*,*,#786,.T.);
#565=ORIENTED_EDGE('',*,*,#699,.T.);
#566=ORIENTED_EDGE('',*,*,#813,.T.);
#567=ORIENTED_EDGE('',*,*,#703,.T.);
#568=ORIENTED_EDGE('',*,*,#807,.T.);
#569=ORIENTED_EDGE('',*,*,#707,.T.);
#570=ORIENTED_EDGE('',*,*,#834,.T.);
#571=ORIENTED_EDGE('',*,*,#711,.T.);
#572=ORIENTED_EDGE('',*,*,#828,.T.);
#573=ORIENTED_EDGE('',*,*,#715,.T.);
#574=ORIENTED_EDGE('',*,*,#855,.T.);
#575=ORIENTED_EDGE('',*,*,#719,.T.);
#576=ORIENTED_EDGE('',*,*,#849,.T.);
#577=ORIENTED_EDGE('',*,*,#877,.F.);
#578=ORIENTED_EDGE('',*,*,#723,.T.);
#579=ORIENTED_EDGE('',*,*,#878,.T.);
#580=ORIENTED_EDGE('',*,*,#727,.T.);
#581=ORIENTED_EDGE('',*,*,#879,.T.);
#582=ORIENTED_EDGE('',*,*,#880,.T.);
#583=ORIENTED_EDGE('',*,*,#740,.T.);
#584=ORIENTED_EDGE('',*,*,#745,.T.);
#585=ORIENTED_EDGE('',*,*,#735,.T.);
#586=ORIENTED_EDGE('',*,*,#747,.T.);
#587=ORIENTED_EDGE('',*,*,#761,.T.);
#588=ORIENTED_EDGE('',*,*,#766,.T.);
#589=ORIENTED_EDGE('',*,*,#756,.T.);
#590=ORIENTED_EDGE('',*,*,#768,.T.);
#591=ORIENTED_EDGE('',*,*,#782,.T.);
#592=ORIENTED_EDGE('',*,*,#787,.T.);
#593=ORIENTED_EDGE('',*,*,#777,.T.);
#594=ORIENTED_EDGE('',*,*,#789,.T.);
#595=ORIENTED_EDGE('',*,*,#803,.T.);
#596=ORIENTED_EDGE('',*,*,#808,.T.);
#597=ORIENTED_EDGE('',*,*,#798,.T.);
#598=ORIENTED_EDGE('',*,*,#810,.T.);
#599=ORIENTED_EDGE('',*,*,#824,.T.);
#600=ORIENTED_EDGE('',*,*,#829,.T.);
#601=ORIENTED_EDGE('',*,*,#819,.T.);
#602=ORIENTED_EDGE('',*,*,#831,.T.);
#603=ORIENTED_EDGE('',*,*,#845,.T.);
#604=ORIENTED_EDGE('',*,*,#850,.T.);
#605=ORIENTED_EDGE('',*,*,#840,.T.);
#606=ORIENTED_EDGE('',*,*,#852,.T.);
#607=ORIENTED_EDGE('',*,*,#881,.F.);
#608=ORIENTED_EDGE('',*,*,#876,.T.);
#609=ORIENTED_EDGE('',*,*,#865,.T.);
#610=ORIENTED_EDGE('',*,*,#875,.T.);
#611=ORIENTED_EDGE('',*,*,#861,.T.);
#612=ORIENTED_EDGE('',*,*,#882,.T.);
#613=ORIENTED_EDGE('',*,*,#880,.F.);
#614=ORIENTED_EDGE('',*,*,#881,.T.);
#615=ORIENTED_EDGE('',*,*,#882,.F.);
#616=ORIENTED_EDGE('',*,*,#877,.T.);
#617=ORIENTED_EDGE('',*,*,#883,.F.);
#618=ORIENTED_EDGE('',*,*,#724,.T.);
#619=ORIENTED_EDGE('',*,*,#879,.F.);
#620=ORIENTED_EDGE('',*,*,#726,.T.);
#621=ORIENTED_EDGE('',*,*,#722,.F.);
#622=ORIENTED_EDGE('',*,*,#884,.F.);
#623=ORIENTED_EDGE('',*,*,#728,.F.);
#624=ORIENTED_EDGE('',*,*,#878,.F.);
#625=ORIENTED_EDGE('',*,*,#885,.T.);
#626=ORIENTED_EDGE('',*,*,#857,.F.);
#627=ORIENTED_EDGE('',*,*,#732,.F.);
#628=ORIENTED_EDGE('',*,*,#885,.F.);
#629=ORIENTED_EDGE('',*,*,#859,.F.);
#630=ORIENTED_EDGE('',*,*,#873,.F.);
#631=ORIENTED_EDGE('',*,*,#874,.F.);
#632=ORIENTED_EDGE('',*,*,#860,.F.);
#633=ORIENTED_EDGE('',*,*,#886,.F.);
#634=ORIENTED_EDGE('',*,*,#721,.T.);
#635=ORIENTED_EDGE('',*,*,#883,.T.);
#636=ORIENTED_EDGE('',*,*,#725,.T.);
#637=ORIENTED_EDGE('',*,*,#884,.T.);
#638=ORIENTED_EDGE('',*,*,#887,.T.);
#639=ORIENTED_EDGE('',*,*,#713,.T.);
#640=ORIENTED_EDGE('',*,*,#848,.T.);
#641=ORIENTED_EDGE('',*,*,#717,.T.);
#642=ORIENTED_EDGE('',*,*,#854,.T.);
#643=ORIENTED_EDGE('',*,*,#705,.T.);
#644=ORIENTED_EDGE('',*,*,#827,.T.);
#645=ORIENTED_EDGE('',*,*,#709,.T.);
#646=ORIENTED_EDGE('',*,*,#833,.T.);
#647=ORIENTED_EDGE('',*,*,#697,.T.);
#648=ORIENTED_EDGE('',*,*,#806,.T.);
#649=ORIENTED_EDGE('',*,*,#701,.T.);
#650=ORIENTED_EDGE('',*,*,#812,.T.);
#651=ORIENTED_EDGE('',*,*,#689,.T.);
#652=ORIENTED_EDGE('',*,*,#785,.T.);
#653=ORIENTED_EDGE('',*,*,#693,.T.);
#654=ORIENTED_EDGE('',*,*,#791,.T.);
#655=ORIENTED_EDGE('',*,*,#681,.T.);
#656=ORIENTED_EDGE('',*,*,#764,.T.);
#657=ORIENTED_EDGE('',*,*,#685,.T.);
#658=ORIENTED_EDGE('',*,*,#770,.T.);
#659=ORIENTED_EDGE('',*,*,#673,.T.);
#660=ORIENTED_EDGE('',*,*,#743,.T.);
#661=ORIENTED_EDGE('',*,*,#677,.T.);
#662=ORIENTED_EDGE('',*,*,#749,.T.);
#663=ORIENTED_EDGE('',*,*,#888,.T.);
#664=ORIENTED_EDGE('',*,*,#886,.T.);
#665=ORIENTED_EDGE('',*,*,#889,.T.);
#666=ORIENTED_EDGE('',*,*,#890,.T.);
#667=ORIENTED_EDGE('',*,*,#891,.T.);
#668=ORIENTED_EDGE('',*,*,#887,.F.);
#669=ORIENTED_EDGE('',*,*,#888,.F.);
#670=ORIENTED_EDGE('',*,*,#889,.F.);
#671=ORIENTED_EDGE('',*,*,#890,.F.);
#672=ORIENTED_EDGE('',*,*,#891,.F.);
#673=EDGE_CURVE('',#892,#893,#1041,.F.);
#674=EDGE_CURVE('',#892,#894,#86,.T.);
#675=EDGE_CURVE('',#895,#894,#1042,.T.);
#676=EDGE_CURVE('',#893,#895,#87,.T.);
#677=EDGE_CURVE('',#896,#897,#1043,.T.);
#678=EDGE_CURVE('',#898,#896,#88,.T.);
#679=EDGE_CURVE('',#899,#898,#1044,.F.);
#680=EDGE_CURVE('',#899,#897,#89,.T.);
#681=EDGE_CURVE('',#900,#901,#1045,.F.);
#682=EDGE_CURVE('',#900,#902,#90,.T.);
#683=EDGE_CURVE('',#903,#902,#1046,.T.);
#684=EDGE_CURVE('',#901,#903,#91,.T.);
#685=EDGE_CURVE('',#904,#905,#1047,.T.);
#686=EDGE_CURVE('',#906,#904,#92,.T.);
#687=EDGE_CURVE('',#907,#906,#1048,.F.);
#688=EDGE_CURVE('',#907,#905,#93,.T.);
#689=EDGE_CURVE('',#908,#909,#1049,.F.);
#690=EDGE_CURVE('',#908,#910,#94,.T.);
#691=EDGE_CURVE('',#911,#910,#1050,.T.);
#692=EDGE_CURVE('',#909,#911,#95,.T.);
#693=EDGE_CURVE('',#912,#913,#1051,.T.);
#694=EDGE_CURVE('',#914,#912,#96,.T.);
#695=EDGE_CURVE('',#915,#914,#1052,.F.);
#696=EDGE_CURVE('',#915,#913,#97,.T.);
#697=EDGE_CURVE('',#916,#917,#1053,.F.);
#698=EDGE_CURVE('',#916,#918,#98,.T.);
#699=EDGE_CURVE('',#919,#918,#1054,.T.);
#700=EDGE_CURVE('',#917,#919,#99,.T.);
#701=EDGE_CURVE('',#920,#921,#1055,.T.);
#702=EDGE_CURVE('',#922,#920,#100,.T.);
#703=EDGE_CURVE('',#923,#922,#1056,.F.);
#704=EDGE_CURVE('',#923,#921,#101,.T.);
#705=EDGE_CURVE('',#924,#925,#1057,.F.);
#706=EDGE_CURVE('',#924,#926,#102,.T.);
#707=EDGE_CURVE('',#927,#926,#1058,.T.);
#708=EDGE_CURVE('',#925,#927,#103,.T.);
#709=EDGE_CURVE('',#928,#929,#1059,.T.);
#710=EDGE_CURVE('',#930,#928,#104,.T.);
#711=EDGE_CURVE('',#931,#930,#1060,.F.);
#712=EDGE_CURVE('',#931,#929,#105,.T.);
#713=EDGE_CURVE('',#932,#933,#1061,.F.);
#714=EDGE_CURVE('',#932,#934,#106,.T.);
#715=EDGE_CURVE('',#935,#934,#1062,.T.);
#716=EDGE_CURVE('',#933,#935,#107,.T.);
#717=EDGE_CURVE('',#936,#937,#1063,.T.);
#718=EDGE_CURVE('',#938,#936,#108,.T.);
#719=EDGE_CURVE('',#939,#938,#1064,.F.);
#720=EDGE_CURVE('',#939,#937,#109,.T.);
#721=EDGE_CURVE('',#940,#941,#1065,.F.);
#722=EDGE_CURVE('',#940,#942,#110,.T.);
#723=EDGE_CURVE('',#943,#942,#1066,.T.);
#724=EDGE_CURVE('',#941,#943,#111,.T.);
#725=EDGE_CURVE('',#944,#945,#1067,.T.);
#726=EDGE_CURVE('',#946,#944,#112,.T.);
#727=EDGE_CURVE('',#947,#946,#1068,.F.);
#728=EDGE_CURVE('',#947,#945,#113,.T.);
#729=EDGE_CURVE('',#948,#949,#114,.T.);
#730=EDGE_CURVE('',#948,#950,#63,.T.);
#731=EDGE_CURVE('',#950,#951,#115,.T.);
#732=EDGE_CURVE('',#951,#949,#64,.T.);
#733=EDGE_CURVE('',#952,#952,#116,.T.);
#734=EDGE_CURVE('',#950,#948,#65,.T.);
#735=EDGE_CURVE('',#953,#954,#117,.F.);
#736=EDGE_CURVE('',#955,#953,#118,.T.);
#737=EDGE_CURVE('',#956,#955,#119,.T.);
#738=EDGE_CURVE('',#954,#956,#120,.T.);
#739=EDGE_CURVE('',#957,#958,#121,.T.);
#740=EDGE_CURVE('',#959,#958,#122,.F.);
#741=EDGE_CURVE('',#959,#960,#123,.T.);
#742=EDGE_CURVE('',#957,#960,#124,.T.);
#743=EDGE_CURVE('',#893,#896,#125,.F.);
#744=EDGE_CURVE('',#898,#895,#126,.T.);
#745=EDGE_CURVE('',#958,#953,#1069,.T.);
#746=EDGE_CURVE('',#955,#957,#1070,.T.);
#747=EDGE_CURVE('',#954,#959,#1071,.F.);
#748=EDGE_CURVE('',#960,#956,#1072,.F.);
#749=EDGE_CURVE('',#897,#892,#127,.F.);
#750=EDGE_CURVE('',#894,#899,#128,.T.);
#751=EDGE_CURVE('',#961,#948,#129,.T.);
#752=EDGE_CURVE('',#961,#962,#66,.T.);
#753=EDGE_CURVE('',#962,#950,#130,.T.);
#754=EDGE_CURVE('',#963,#963,#131,.T.);
#755=EDGE_CURVE('',#962,#961,#67,.T.);
#756=EDGE_CURVE('',#964,#965,#132,.F.);
#757=EDGE_CURVE('',#966,#964,#133,.T.);
#758=EDGE_CURVE('',#967,#966,#134,.T.);
#759=EDGE_CURVE('',#965,#967,#135,.T.);
#760=EDGE_CURVE('',#968,#969,#136,.T.);
#761=EDGE_CURVE('',#970,#969,#137,.F.);
#762=EDGE_CURVE('',#970,#971,#138,.T.);
#763=EDGE_CURVE('',#968,#971,#139,.T.);
#764=EDGE_CURVE('',#901,#904,#140,.F.);
#765=EDGE_CURVE('',#906,#903,#141,.T.);
#766=EDGE_CURVE('',#969,#964,#1073,.T.);
#767=EDGE_CURVE('',#966,#968,#1074,.T.);
#768=EDGE_CURVE('',#965,#970,#1075,.F.);
#769=EDGE_CURVE('',#971,#967,#1076,.F.);
#770=EDGE_CURVE('',#905,#900,#142,.F.);
#771=EDGE_CURVE('',#902,#907,#143,.T.);
#772=EDGE_CURVE('',#972,#961,#144,.T.);
#773=EDGE_CURVE('',#972,#973,#68,.T.);
#774=EDGE_CURVE('',#973,#962,#145,.T.);
#775=EDGE_CURVE('',#974,#974,#146,.T.);
#776=EDGE_CURVE('',#973,#972,#69,.T.);
#777=EDGE_CURVE('',#975,#976,#147,.F.);
#778=EDGE_CURVE('',#977,#975,#148,.T.);
#779=EDGE_CURVE('',#978,#977,#149,.T.);
#780=EDGE_CURVE('',#976,#978,#150,.T.);
#781=EDGE_CURVE('',#979,#980,#151,.T.);
#782=EDGE_CURVE('',#981,#980,#152,.F.);
#783=EDGE_CURVE('',#981,#982,#153,.T.);
#784=EDGE_CURVE('',#979,#982,#154,.T.);
#785=EDGE_CURVE('',#909,#912,#155,.F.);
#786=EDGE_CURVE('',#914,#911,#156,.T.);
#787=EDGE_CURVE('',#980,#975,#1077,.T.);
#788=EDGE_CURVE('',#977,#979,#1078,.T.);
#789=EDGE_CURVE('',#976,#981,#1079,.F.);
#790=EDGE_CURVE('',#982,#978,#1080,.F.);
#791=EDGE_CURVE('',#913,#908,#157,.F.);
#792=EDGE_CURVE('',#910,#915,#158,.T.);
#793=EDGE_CURVE('',#983,#972,#159,.T.);
#794=EDGE_CURVE('',#983,#984,#70,.T.);
#795=EDGE_CURVE('',#984,#973,#160,.T.);
#796=EDGE_CURVE('',#985,#985,#161,.T.);
#797=EDGE_CURVE('',#984,#983,#71,.T.);
#798=EDGE_CURVE('',#986,#987,#162,.F.);
#799=EDGE_CURVE('',#988,#986,#163,.T.);
#800=EDGE_CURVE('',#989,#988,#164,.T.);
#801=EDGE_CURVE('',#987,#989,#165,.T.);
#802=EDGE_CURVE('',#990,#991,#166,.T.);
#803=EDGE_CURVE('',#992,#991,#167,.F.);
#804=EDGE_CURVE('',#992,#993,#168,.T.);
#805=EDGE_CURVE('',#990,#993,#169,.T.);
#806=EDGE_CURVE('',#917,#920,#170,.F.);
#807=EDGE_CURVE('',#922,#919,#171,.T.);
#808=EDGE_CURVE('',#991,#986,#1081,.T.);
#809=EDGE_CURVE('',#988,#990,#1082,.T.);
#810=EDGE_CURVE('',#987,#992,#1083,.F.);
#811=EDGE_CURVE('',#993,#989,#1084,.F.);
#812=EDGE_CURVE('',#921,#916,#172,.F.);
#813=EDGE_CURVE('',#918,#923,#173,.T.);
#814=EDGE_CURVE('',#994,#983,#174,.T.);
#815=EDGE_CURVE('',#994,#995,#72,.T.);
#816=EDGE_CURVE('',#995,#984,#175,.T.);
#817=EDGE_CURVE('',#996,#996,#176,.T.);
#818=EDGE_CURVE('',#995,#994,#73,.T.);
#819=EDGE_CURVE('',#997,#998,#177,.F.);
#820=EDGE_CURVE('',#999,#997,#178,.T.);
#821=EDGE_CURVE('',#1000,#999,#179,.T.);
#822=EDGE_CURVE('',#998,#1000,#180,.T.);
#823=EDGE_CURVE('',#1001,#1002,#181,.T.);
#824=EDGE_CURVE('',#1003,#1002,#182,.F.);
#825=EDGE_CURVE('',#1003,#1004,#183,.T.);
#826=EDGE_CURVE('',#1001,#1004,#184,.T.);
#827=EDGE_CURVE('',#925,#928,#185,.F.);
#828=EDGE_CURVE('',#930,#927,#186,.T.);
#829=EDGE_CURVE('',#1002,#997,#1085,.T.);
#830=EDGE_CURVE('',#999,#1001,#1086,.T.);
#831=EDGE_CURVE('',#998,#1003,#1087,.F.);
#832=EDGE_CURVE('',#1004,#1000,#1088,.F.);
#833=EDGE_CURVE('',#929,#924,#187,.F.);
#834=EDGE_CURVE('',#926,#931,#188,.T.);
#835=EDGE_CURVE('',#1005,#994,#189,.T.);
#836=EDGE_CURVE('',#1005,#1006,#74,.T.);
#837=EDGE_CURVE('',#1006,#995,#190,.T.);
#838=EDGE_CURVE('',#1007,#1007,#191,.T.);
#839=EDGE_CURVE('',#1006,#1005,#75,.T.);
#840=EDGE_CURVE('',#1008,#1009,#192,.F.);
#841=EDGE_CURVE('',#1010,#1008,#193,.T.);
#842=EDGE_CURVE('',#1011,#1010,#194,.T.);
#843=EDGE_CURVE('',#1009,#1011,#195,.T.);
#844=EDGE_CURVE('',#1012,#1013,#196,.T.);
#845=EDGE_CURVE('',#1014,#1013,#197,.F.);
#846=EDGE_CURVE('',#1014,#1015,#198,.T.);
#847=EDGE_CURVE('',#1012,#1015,#199,.T.);
#848=EDGE_CURVE('',#933,#936,#200,.F.);
#849=EDGE_CURVE('',#938,#935,#201,.T.);
#850=EDGE_CURVE('',#1013,#1008,#1089,.T.);
#851=EDGE_CURVE('',#1010,#1012,#1090,.T.);
#852=EDGE_CURVE('',#1009,#1014,#1091,.F.);
#853=EDGE_CURVE('',#1015,#1011,#1092,.F.);
#854=EDGE_CURVE('',#937,#932,#202,.F.);
#855=EDGE_CURVE('',#934,#939,#203,.T.);
#856=EDGE_CURVE('',#949,#1005,#204,.T.);
#857=EDGE_CURVE('',#949,#951,#76,.T.);
#858=EDGE_CURVE('',#951,#1006,#205,.T.);
#859=EDGE_CURVE('',#1016,#1016,#206,.F.);
#860=EDGE_CURVE('',#1017,#1017,#207,.F.);
#861=EDGE_CURVE('',#1018,#1019,#1093,.F.);
#862=EDGE_CURVE('',#1018,#1020,#208,.T.);
#863=EDGE_CURVE('',#1021,#1020,#1094,.F.);
#864=EDGE_CURVE('',#1019,#1021,#209,.T.);
#865=EDGE_CURVE('',#1022,#1023,#1095,.T.);
#866=EDGE_CURVE('',#1024,#1022,#210,.T.);
#867=EDGE_CURVE('',#1025,#1024,#1096,.T.);
#868=EDGE_CURVE('',#1025,#1023,#211,.T.);
#869=EDGE_CURVE('',#1026,#1026,#212,.T.);
#870=EDGE_CURVE('',#1027,#1027,#213,.T.);
#871=EDGE_CURVE('',#1020,#1025,#214,.T.);
#872=EDGE_CURVE('',#1024,#1021,#215,.T.);
#873=EDGE_CURVE('',#1028,#1028,#216,.T.);
#874=EDGE_CURVE('',#1029,#1029,#217,.T.);
#875=EDGE_CURVE('',#1023,#1018,#218,.F.);
#876=EDGE_CURVE('',#1019,#1022,#219,.F.);
#877=EDGE_CURVE('',#1030,#1030,#220,.T.);
#878=EDGE_CURVE('',#942,#947,#221,.T.);
#879=EDGE_CURVE('',#946,#943,#222,.T.);
#880=EDGE_CURVE('',#1031,#1031,#223,.T.);
#881=EDGE_CURVE('',#1032,#1032,#224,.T.);
#882=EDGE_CURVE('',#1033,#1033,#225,.T.);
#883=EDGE_CURVE('',#941,#944,#226,.F.);
#884=EDGE_CURVE('',#945,#940,#227,.F.);
#885=EDGE_CURVE('',#1034,#1034,#228,.T.);
#886=EDGE_CURVE('',#1035,#1035,#229,.T.);
#887=EDGE_CURVE('',#1036,#1036,#230,.T.);
#888=EDGE_CURVE('',#1037,#1037,#231,.T.);
#889=EDGE_CURVE('',#1038,#1038,#232,.F.);
#890=EDGE_CURVE('',#1039,#1039,#233,.F.);
#891=EDGE_CURVE('',#1040,#1040,#234,.T.);
#892=VERTEX_POINT('',#2384);
#893=VERTEX_POINT('',#2385);
#894=VERTEX_POINT('',#2387);
#895=VERTEX_POINT('',#2389);
#896=VERTEX_POINT('',#2393);
#897=VERTEX_POINT('',#2394);
#898=VERTEX_POINT('',#2396);
#899=VERTEX_POINT('',#2398);
#900=VERTEX_POINT('',#2402);
#901=VERTEX_POINT('',#2403);
#902=VERTEX_POINT('',#2405);
#903=VERTEX_POINT('',#2407);
#904=VERTEX_POINT('',#2411);
#905=VERTEX_POINT('',#2412);
#906=VERTEX_POINT('',#2414);
#907=VERTEX_POINT('',#2416);
#908=VERTEX_POINT('',#2420);
#909=VERTEX_POINT('',#2421);
#910=VERTEX_POINT('',#2423);
#911=VERTEX_POINT('',#2425);
#912=VERTEX_POINT('',#2429);
#913=VERTEX_POINT('',#2430);
#914=VERTEX_POINT('',#2432);
#915=VERTEX_POINT('',#2434);
#916=VERTEX_POINT('',#2438);
#917=VERTEX_POINT('',#2439);
#918=VERTEX_POINT('',#2441);
#919=VERTEX_POINT('',#2443);
#920=VERTEX_POINT('',#2447);
#921=VERTEX_POINT('',#2448);
#922=VERTEX_POINT('',#2450);
#923=VERTEX_POINT('',#2452);
#924=VERTEX_POINT('',#2456);
#925=VERTEX_POINT('',#2457);
#926=VERTEX_POINT('',#2459);
#927=VERTEX_POINT('',#2461);
#928=VERTEX_POINT('',#2465);
#929=VERTEX_POINT('',#2466);
#930=VERTEX_POINT('',#2468);
#931=VERTEX_POINT('',#2470);
#932=VERTEX_POINT('',#2474);
#933=VERTEX_POINT('',#2475);
#934=VERTEX_POINT('',#2477);
#935=VERTEX_POINT('',#2479);
#936=VERTEX_POINT('',#2483);
#937=VERTEX_POINT('',#2484);
#938=VERTEX_POINT('',#2486);
#939=VERTEX_POINT('',#2488);
#940=VERTEX_POINT('',#2492);
#941=VERTEX_POINT('',#2493);
#942=VERTEX_POINT('',#2495);
#943=VERTEX_POINT('',#2497);
#944=VERTEX_POINT('',#2501);
#945=VERTEX_POINT('',#2502);
#946=VERTEX_POINT('',#2504);
#947=VERTEX_POINT('',#2506);
#948=VERTEX_POINT('',#2510);
#949=VERTEX_POINT('',#2511);
#950=VERTEX_POINT('',#2519);
#951=VERTEX_POINT('',#2521);
#952=VERTEX_POINT('',#2531);
#953=VERTEX_POINT('',#2542);
#954=VERTEX_POINT('',#2543);
#955=VERTEX_POINT('',#2545);
#956=VERTEX_POINT('',#2547);
#957=VERTEX_POINT('',#2551);
#958=VERTEX_POINT('',#2552);
#959=VERTEX_POINT('',#2554);
#960=VERTEX_POINT('',#2556);
#961=VERTEX_POINT('',#2572);
#962=VERTEX_POINT('',#2580);
#963=VERTEX_POINT('',#2584);
#964=VERTEX_POINT('',#2595);
#965=VERTEX_POINT('',#2596);
#966=VERTEX_POINT('',#2598);
#967=VERTEX_POINT('',#2600);
#968=VERTEX_POINT('',#2604);
#969=VERTEX_POINT('',#2605);
#970=VERTEX_POINT('',#2607);
#971=VERTEX_POINT('',#2609);
#972=VERTEX_POINT('',#2625);
#973=VERTEX_POINT('',#2633);
#974=VERTEX_POINT('',#2637);
#975=VERTEX_POINT('',#2648);
#976=VERTEX_POINT('',#2649);
#977=VERTEX_POINT('',#2651);
#978=VERTEX_POINT('',#2653);
#979=VERTEX_POINT('',#2657);
#980=VERTEX_POINT('',#2658);
#981=VERTEX_POINT('',#2660);
#982=VERTEX_POINT('',#2662);
#983=VERTEX_POINT('',#2678);
#984=VERTEX_POINT('',#2686);
#985=VERTEX_POINT('',#2690);
#986=VERTEX_POINT('',#2701);
#987=VERTEX_POINT('',#2702);
#988=VERTEX_POINT('',#2704);
#989=VERTEX_POINT('',#2706);
#990=VERTEX_POINT('',#2710);
#991=VERTEX_POINT('',#2711);
#992=VERTEX_POINT('',#2713);
#993=VERTEX_POINT('',#2715);
#994=VERTEX_POINT('',#2731);
#995=VERTEX_POINT('',#2739);
#996=VERTEX_POINT('',#2743);
#997=VERTEX_POINT('',#2754);
#998=VERTEX_POINT('',#2755);
#999=VERTEX_POINT('',#2757);
#1000=VERTEX_POINT('',#2759);
#1001=VERTEX_POINT('',#2763);
#1002=VERTEX_POINT('',#2764);
#1003=VERTEX_POINT('',#2766);
#1004=VERTEX_POINT('',#2768);
#1005=VERTEX_POINT('',#2784);
#1006=VERTEX_POINT('',#2792);
#1007=VERTEX_POINT('',#2796);
#1008=VERTEX_POINT('',#2807);
#1009=VERTEX_POINT('',#2808);
#1010=VERTEX_POINT('',#2810);
#1011=VERTEX_POINT('',#2812);
#1012=VERTEX_POINT('',#2816);
#1013=VERTEX_POINT('',#2817);
#1014=VERTEX_POINT('',#2819);
#1015=VERTEX_POINT('',#2821);
#1016=VERTEX_POINT('',#2847);
#1017=VERTEX_POINT('',#2850);
#1018=VERTEX_POINT('',#2853);
#1019=VERTEX_POINT('',#2854);
#1020=VERTEX_POINT('',#2856);
#1021=VERTEX_POINT('',#2858);
#1022=VERTEX_POINT('',#2862);
#1023=VERTEX_POINT('',#2863);
#1024=VERTEX_POINT('',#2865);
#1025=VERTEX_POINT('',#2867);
#1026=VERTEX_POINT('',#2871);
#1027=VERTEX_POINT('',#2873);
#1028=VERTEX_POINT('',#2878);
#1029=VERTEX_POINT('',#2881);
#1030=VERTEX_POINT('',#2888);
#1031=VERTEX_POINT('',#2892);
#1032=VERTEX_POINT('',#2895);
#1033=VERTEX_POINT('',#2897);
#1034=VERTEX_POINT('',#2906);
#1035=VERTEX_POINT('',#2912);
#1036=VERTEX_POINT('',#2914);
#1037=VERTEX_POINT('',#2917);
#1038=VERTEX_POINT('',#2920);
#1039=VERTEX_POINT('',#2922);
#1040=VERTEX_POINT('',#2925);
#1041=LINE('',#2383,#1097);
#1042=LINE('',#2388,#1098);
#1043=LINE('',#2392,#1099);
#1044=LINE('',#2397,#1100);
#1045=LINE('',#2401,#1101);
#1046=LINE('',#2406,#1102);
#1047=LINE('',#2410,#1103);
#1048=LINE('',#2415,#1104);
#1049=LINE('',#2419,#1105);
#1050=LINE('',#2424,#1106);
#1051=LINE('',#2428,#1107);
#1052=LINE('',#2433,#1108);
#1053=LINE('',#2437,#1109);
#1054=LINE('',#2442,#1110);
#1055=LINE('',#2446,#1111);
#1056=LINE('',#2451,#1112);
#1057=LINE('',#2455,#1113);
#1058=LINE('',#2460,#1114);
#1059=LINE('',#2464,#1115);
#1060=LINE('',#2469,#1116);
#1061=LINE('',#2473,#1117);
#1062=LINE('',#2478,#1118);
#1063=LINE('',#2482,#1119);
#1064=LINE('',#2487,#1120);
#1065=LINE('',#2491,#1121);
#1066=LINE('',#2496,#1122);
#1067=LINE('',#2500,#1123);
#1068=LINE('',#2505,#1124);
#1069=LINE('',#2562,#1125);
#1070=LINE('',#2563,#1126);
#1071=LINE('',#2565,#1127);
#1072=LINE('',#2566,#1128);
#1073=LINE('',#2615,#1129);
#1074=LINE('',#2616,#1130);
#1075=LINE('',#2618,#1131);
#1076=LINE('',#2619,#1132);
#1077=LINE('',#2668,#1133);
#1078=LINE('',#2669,#1134);
#1079=LINE('',#2671,#1135);
#1080=LINE('',#2672,#1136);
#1081=LINE('',#2721,#1137);
#1082=LINE('',#2722,#1138);
#1083=LINE('',#2724,#1139);
#1084=LINE('',#2725,#1140);
#1085=LINE('',#2774,#1141);
#1086=LINE('',#2775,#1142);
#1087=LINE('',#2777,#1143);
#1088=LINE('',#2778,#1144);
#1089=LINE('',#2827,#1145);
#1090=LINE('',#2828,#1146);
#1091=LINE('',#2830,#1147);
#1092=LINE('',#2831,#1148);
#1093=LINE('',#2852,#1149);
#1094=LINE('',#2857,#1150);
#1095=LINE('',#2861,#1151);
#1096=LINE('',#2866,#1152);
#1097=VECTOR('',#1841,1000.);
#1098=VECTOR('',#1844,1000.);
#1099=VECTOR('',#1849,1000.);
#1100=VECTOR('',#1852,1000.);
#1101=VECTOR('',#1857,1000.);
#1102=VECTOR('',#1860,1000.);
#1103=VECTOR('',#1865,1000.);
#1104=VECTOR('',#1868,1000.);
#1105=VECTOR('',#1873,1000.);
#1106=VECTOR('',#1876,1000.);
#1107=VECTOR('',#1881,1000.);
#1108=VECTOR('',#1884,1000.);
#1109=VECTOR('',#1889,1000.);
#1110=VECTOR('',#1892,1000.);
#1111=VECTOR('',#1897,1000.);
#1112=VECTOR('',#1900,1000.);
#1113=VECTOR('',#1905,1000.);
#1114=VECTOR('',#1908,1000.);
#1115=VECTOR('',#1913,1000.);
#1116=VECTOR('',#1916,1000.);
#1117=VECTOR('',#1921,1000.);
#1118=VECTOR('',#1924,1000.);
#1119=VECTOR('',#1929,1000.);
#1120=VECTOR('',#1932,1000.);
#1121=VECTOR('',#1937,1000.);
#1122=VECTOR('',#1940,1000.);
#1123=VECTOR('',#1945,1000.);
#1124=VECTOR('',#1948,1000.);
#1125=VECTOR('',#1991,1000.);
#1126=VECTOR('',#1992,1000.);
#1127=VECTOR('',#1995,1000.);
#1128=VECTOR('',#1996,1000.);
#1129=VECTOR('',#2043,1000.);
#1130=VECTOR('',#2044,1000.);
#1131=VECTOR('',#2047,1000.);
#1132=VECTOR('',#2048,1000.);
#1133=VECTOR('',#2095,1000.);
#1134=VECTOR('',#2096,1000.);
#1135=VECTOR('',#2099,1000.);
#1136=VECTOR('',#2100,1000.);
#1137=VECTOR('',#2147,1000.);
#1138=VECTOR('',#2148,1000.);
#1139=VECTOR('',#2151,1000.);
#1140=VECTOR('',#2152,1000.);
#1141=VECTOR('',#2199,1000.);
#1142=VECTOR('',#2200,1000.);
#1143=VECTOR('',#2203,1000.);
#1144=VECTOR('',#2204,1000.);
#1145=VECTOR('',#2251,1000.);
#1146=VECTOR('',#2252,1000.);
#1147=VECTOR('',#2255,1000.);
#1148=VECTOR('',#2256,1000.);
#1149=VECTOR('',#2279,1000.);
#1150=VECTOR('',#2282,1000.);
#1151=VECTOR('',#2287,1000.);
#1152=VECTOR('',#2290,1000.);
#1153=EDGE_LOOP('',(#235,#236,#237,#238));
#1154=EDGE_LOOP('',(#239,#240,#241,#242));
#1155=EDGE_LOOP('',(#243,#244,#245,#246));
#1156=EDGE_LOOP('',(#247,#248,#249,#250));
#1157=EDGE_LOOP('',(#251,#252,#253,#254));
#1158=EDGE_LOOP('',(#255,#256,#257,#258));
#1159=EDGE_LOOP('',(#259,#260,#261,#262));
#1160=EDGE_LOOP('',(#263,#264,#265,#266));
#1161=EDGE_LOOP('',(#267,#268,#269,#270));
#1162=EDGE_LOOP('',(#271,#272,#273,#274));
#1163=EDGE_LOOP('',(#275,#276,#277,#278));
#1164=EDGE_LOOP('',(#279,#280,#281,#282));
#1165=EDGE_LOOP('',(#283,#284,#285,#286));
#1166=EDGE_LOOP('',(#287,#288,#289,#290));
#1167=EDGE_LOOP('',(#291,#292,#293,#294));
#1168=EDGE_LOOP('',(#295));
#1169=EDGE_LOOP('',(#296,#297));
#1170=EDGE_LOOP('',(#298));
#1171=EDGE_LOOP('',(#299,#300,#301,#302));
#1172=EDGE_LOOP('',(#303,#304,#305,#306));
#1173=EDGE_LOOP('',(#307,#308,#309,#310));
#1174=EDGE_LOOP('',(#311,#312,#313,#314));
#1175=EDGE_LOOP('',(#315,#316,#317,#318));
#1176=EDGE_LOOP('',(#319,#320,#321,#322));
#1177=EDGE_LOOP('',(#323,#324,#325,#326));
#1178=EDGE_LOOP('',(#327));
#1179=EDGE_LOOP('',(#328,#329));
#1180=EDGE_LOOP('',(#330));
#1181=EDGE_LOOP('',(#331,#332,#333,#334));
#1182=EDGE_LOOP('',(#335,#336,#337,#338));
#1183=EDGE_LOOP('',(#339,#340,#341,#342));
#1184=EDGE_LOOP('',(#343,#344,#345,#346));
#1185=EDGE_LOOP('',(#347,#348,#349,#350));
#1186=EDGE_LOOP('',(#351,#352,#353,#354));
#1187=EDGE_LOOP('',(#355,#356,#357,#358));
#1188=EDGE_LOOP('',(#359));
#1189=EDGE_LOOP('',(#360,#361));
#1190=EDGE_LOOP('',(#362));
#1191=EDGE_LOOP('',(#363,#364,#365,#366));
#1192=EDGE_LOOP('',(#367,#368,#369,#370));
#1193=EDGE_LOOP('',(#371,#372,#373,#374));
#1194=EDGE_LOOP('',(#375,#376,#377,#378));
#1195=EDGE_LOOP('',(#379,#380,#381,#382));
#1196=EDGE_LOOP('',(#383,#384,#385,#386));
#1197=EDGE_LOOP('',(#387,#388,#389,#390));
#1198=EDGE_LOOP('',(#391));
#1199=EDGE_LOOP('',(#392,#393));
#1200=EDGE_LOOP('',(#394));
#1201=EDGE_LOOP('',(#395,#396,#397,#398));
#1202=EDGE_LOOP('',(#399,#400,#401,#402));
#1203=EDGE_LOOP('',(#403,#404,#405,#406));
#1204=EDGE_LOOP('',(#407,#408,#409,#410));
#1205=EDGE_LOOP('',(#411,#412,#413,#414));
#1206=EDGE_LOOP('',(#415,#416,#417,#418));
#1207=EDGE_LOOP('',(#419,#420,#421,#422));
#1208=EDGE_LOOP('',(#423));
#1209=EDGE_LOOP('',(#424,#425));
#1210=EDGE_LOOP('',(#426));
#1211=EDGE_LOOP('',(#427,#428,#429,#430));
#1212=EDGE_LOOP('',(#431,#432,#433,#434));
#1213=EDGE_LOOP('',(#435,#436,#437,#438));
#1214=EDGE_LOOP('',(#439,#440,#441,#442));
#1215=EDGE_LOOP('',(#443,#444,#445,#446));
#1216=EDGE_LOOP('',(#447,#448,#449,#450));
#1217=EDGE_LOOP('',(#451,#452,#453,#454));
#1218=EDGE_LOOP('',(#455));
#1219=EDGE_LOOP('',(#456,#457));
#1220=EDGE_LOOP('',(#458));
#1221=EDGE_LOOP('',(#459,#460,#461,#462));
#1222=EDGE_LOOP('',(#463,#464,#465,#466));
#1223=EDGE_LOOP('',(#467,#468,#469,#470));
#1224=EDGE_LOOP('',(#471,#472,#473,#474));
#1225=EDGE_LOOP('',(#475,#476,#477,#478));
#1226=EDGE_LOOP('',(#479,#480,#481,#482));
#1227=EDGE_LOOP('',(#483,#484,#485,#486));
#1228=EDGE_LOOP('',(#487));
#1229=EDGE_LOOP('',(#488,#489,#490,#491,#492,#493,#494));
#1230=EDGE_LOOP('',(#495));
#1231=EDGE_LOOP('',(#496,#497,#498,#499,#500,#501,#502));
#1232=EDGE_LOOP('',(#503,#504,#505,#506));
#1233=EDGE_LOOP('',(#507,#508,#509,#510));
#1234=EDGE_LOOP('',(#511,#512,#513,#514));
#1235=EDGE_LOOP('',(#515,#516,#517,#518));
#1236=EDGE_LOOP('',(#519,#520,#521,#522));
#1237=EDGE_LOOP('',(#523,#524,#525,#526));
#1238=EDGE_LOOP('',(#527,#528,#529,#530));
#1239=EDGE_LOOP('',(#531,#532,#533,#534));
#1240=EDGE_LOOP('',(#535));
#1241=EDGE_LOOP('',(#536));
#1242=EDGE_LOOP('',(#537,#538,#539,#540));
#1243=EDGE_LOOP('',(#541));
#1244=EDGE_LOOP('',(#542));
#1245=EDGE_LOOP('',(#543));
#1246=EDGE_LOOP('',(#544));
#1247=EDGE_LOOP('',(#545,#546,#547,#548));
#1248=EDGE_LOOP('',(#549,#550,#551,#552));
#1249=EDGE_LOOP('',(#553,#554,#555,#556));
#1250=EDGE_LOOP('',(#557,#558,#559,#560));
#1251=EDGE_LOOP('',(#561,#562,#563,#564));
#1252=EDGE_LOOP('',(#565,#566,#567,#568));
#1253=EDGE_LOOP('',(#569,#570,#571,#572));
#1254=EDGE_LOOP('',(#573,#574,#575,#576));
#1255=EDGE_LOOP('',(#577));
#1256=EDGE_LOOP('',(#578,#579,#580,#581));
#1257=EDGE_LOOP('',(#582));
#1258=EDGE_LOOP('',(#583,#584,#585,#586));
#1259=EDGE_LOOP('',(#587,#588,#589,#590));
#1260=EDGE_LOOP('',(#591,#592,#593,#594));
#1261=EDGE_LOOP('',(#595,#596,#597,#598));
#1262=EDGE_LOOP('',(#599,#600,#601,#602));
#1263=EDGE_LOOP('',(#603,#604,#605,#606));
#1264=EDGE_LOOP('',(#607));
#1265=EDGE_LOOP('',(#608,#609,#610,#611));
#1266=EDGE_LOOP('',(#612));
#1267=EDGE_LOOP('',(#613));
#1268=EDGE_LOOP('',(#614));
#1269=EDGE_LOOP('',(#615));
#1270=EDGE_LOOP('',(#616));
#1271=EDGE_LOOP('',(#617,#618,#619,#620));
#1272=EDGE_LOOP('',(#621,#622,#623,#624));
#1273=EDGE_LOOP('',(#625));
#1274=EDGE_LOOP('',(#626,#627));
#1275=EDGE_LOOP('',(#628));
#1276=EDGE_LOOP('',(#629));
#1277=EDGE_LOOP('',(#630));
#1278=EDGE_LOOP('',(#631));
#1279=EDGE_LOOP('',(#632));
#1280=EDGE_LOOP('',(#633));
#1281=EDGE_LOOP('',(#634,#635,#636,#637));
#1282=EDGE_LOOP('',(#638));
#1283=EDGE_LOOP('',(#639,#640,#641,#642));
#1284=EDGE_LOOP('',(#643,#644,#645,#646));
#1285=EDGE_LOOP('',(#647,#648,#649,#650));
#1286=EDGE_LOOP('',(#651,#652,#653,#654));
#1287=EDGE_LOOP('',(#655,#656,#657,#658));
#1288=EDGE_LOOP('',(#659,#660,#661,#662));
#1289=EDGE_LOOP('',(#663));
#1290=EDGE_LOOP('',(#664));
#1291=EDGE_LOOP('',(#665));
#1292=EDGE_LOOP('',(#666));
#1293=EDGE_LOOP('',(#667));
#1294=EDGE_LOOP('',(#668));
#1295=EDGE_LOOP('',(#669));
#1296=EDGE_LOOP('',(#670));
#1297=EDGE_LOOP('',(#671));
#1298=EDGE_LOOP('',(#672));
#1299=FACE_BOUND('',#1153,.T.);
#1300=FACE_BOUND('',#1154,.T.);
#1301=FACE_BOUND('',#1155,.T.);
#1302=FACE_BOUND('',#1156,.T.);
#1303=FACE_BOUND('',#1157,.T.);
#1304=FACE_BOUND('',#1158,.T.);
#1305=FACE_BOUND('',#1159,.T.);
#1306=FACE_BOUND('',#1160,.T.);
#1307=FACE_BOUND('',#1161,.T.);
#1308=FACE_BOUND('',#1162,.T.);
#1309=FACE_BOUND('',#1163,.T.);
#1310=FACE_BOUND('',#1164,.T.);
#1311=FACE_BOUND('',#1165,.T.);
#1312=FACE_BOUND('',#1166,.T.);
#1313=FACE_BOUND('',#1167,.T.);
#1314=FACE_BOUND('',#1168,.T.);
#1315=FACE_BOUND('',#1169,.T.);
#1316=FACE_BOUND('',#1170,.T.);
#1317=FACE_BOUND('',#1171,.T.);
#1318=FACE_BOUND('',#1172,.T.);
#1319=FACE_BOUND('',#1173,.T.);
#1320=FACE_BOUND('',#1174,.T.);
#1321=FACE_BOUND('',#1175,.T.);
#1322=FACE_BOUND('',#1176,.T.);
#1323=FACE_BOUND('',#1177,.T.);
#1324=FACE_BOUND('',#1178,.T.);
#1325=FACE_BOUND('',#1179,.T.);
#1326=FACE_BOUND('',#1180,.T.);
#1327=FACE_BOUND('',#1181,.T.);
#1328=FACE_BOUND('',#1182,.T.);
#1329=FACE_BOUND('',#1183,.T.);
#1330=FACE_BOUND('',#1184,.T.);
#1331=FACE_BOUND('',#1185,.T.);
#1332=FACE_BOUND('',#1186,.T.);
#1333=FACE_BOUND('',#1187,.T.);
#1334=FACE_BOUND('',#1188,.T.);
#1335=FACE_BOUND('',#1189,.T.);
#1336=FACE_BOUND('',#1190,.T.);
#1337=FACE_BOUND('',#1191,.T.);
#1338=FACE_BOUND('',#1192,.T.);
#1339=FACE_BOUND('',#1193,.T.);
#1340=FACE_BOUND('',#1194,.T.);
#1341=FACE_BOUND('',#1195,.T.);
#1342=FACE_BOUND('',#1196,.T.);
#1343=FACE_BOUND('',#1197,.T.);
#1344=FACE_BOUND('',#1198,.T.);
#1345=FACE_BOUND('',#1199,.T.);
#1346=FACE_BOUND('',#1200,.T.);
#1347=FACE_BOUND('',#1201,.T.);
#1348=FACE_BOUND('',#1202,.T.);
#1349=FACE_BOUND('',#1203,.T.);
#1350=FACE_BOUND('',#1204,.T.);
#1351=FACE_BOUND('',#1205,.T.);
#1352=FACE_BOUND('',#1206,.T.);
#1353=FACE_BOUND('',#1207,.T.);
#1354=FACE_BOUND('',#1208,.T.);
#1355=FACE_BOUND('',#1209,.T.);
#1356=FACE_BOUND('',#1210,.T.);
#1357=FACE_BOUND('',#1211,.T.);
#1358=FACE_BOUND('',#1212,.T.);
#1359=FACE_BOUND('',#1213,.T.);
#1360=FACE_BOUND('',#1214,.T.);
#1361=FACE_BOUND('',#1215,.T.);
#1362=FACE_BOUND('',#1216,.T.);
#1363=FACE_BOUND('',#1217,.T.);
#1364=FACE_BOUND('',#1218,.T.);
#1365=FACE_BOUND('',#1219,.T.);
#1366=FACE_BOUND('',#1220,.T.);
#1367=FACE_BOUND('',#1221,.T.);
#1368=FACE_BOUND('',#1222,.T.);
#1369=FACE_BOUND('',#1223,.T.);
#1370=FACE_BOUND('',#1224,.T.);
#1371=FACE_BOUND('',#1225,.T.);
#1372=FACE_BOUND('',#1226,.T.);
#1373=FACE_BOUND('',#1227,.T.);
#1374=FACE_BOUND('',#1228,.T.);
#1375=FACE_BOUND('',#1229,.T.);
#1376=FACE_BOUND('',#1230,.T.);
#1377=FACE_BOUND('',#1231,.T.);
#1378=FACE_BOUND('',#1232,.T.);
#1379=FACE_BOUND('',#1233,.T.);
#1380=FACE_BOUND('',#1234,.T.);
#1381=FACE_BOUND('',#1235,.T.);
#1382=FACE_BOUND('',#1236,.T.);
#1383=FACE_BOUND('',#1237,.T.);
#1384=FACE_BOUND('',#1238,.T.);
#1385=FACE_BOUND('',#1239,.T.);
#1386=FACE_BOUND('',#1240,.T.);
#1387=FACE_BOUND('',#1241,.T.);
#1388=FACE_BOUND('',#1242,.T.);
#1389=FACE_BOUND('',#1243,.T.);
#1390=FACE_BOUND('',#1244,.T.);
#1391=FACE_BOUND('',#1245,.T.);
#1392=FACE_BOUND('',#1246,.T.);
#1393=FACE_BOUND('',#1247,.T.);
#1394=FACE_BOUND('',#1248,.T.);
#1395=FACE_BOUND('',#1249,.T.);
#1396=FACE_BOUND('',#1250,.T.);
#1397=FACE_BOUND('',#1251,.T.);
#1398=FACE_BOUND('',#1252,.T.);
#1399=FACE_BOUND('',#1253,.T.);
#1400=FACE_BOUND('',#1254,.T.);
#1401=FACE_BOUND('',#1255,.T.);
#1402=FACE_BOUND('',#1256,.T.);
#1403=FACE_BOUND('',#1257,.T.);
#1404=FACE_BOUND('',#1258,.T.);
#1405=FACE_BOUND('',#1259,.T.);
#1406=FACE_BOUND('',#1260,.T.);
#1407=FACE_BOUND('',#1261,.T.);
#1408=FACE_BOUND('',#1262,.T.);
#1409=FACE_BOUND('',#1263,.T.);
#1410=FACE_BOUND('',#1264,.T.);
#1411=FACE_BOUND('',#1265,.T.);
#1412=FACE_BOUND('',#1266,.T.);
#1413=FACE_BOUND('',#1267,.T.);
#1414=FACE_BOUND('',#1268,.T.);
#1415=FACE_BOUND('',#1269,.T.);
#1416=FACE_BOUND('',#1270,.T.);
#1417=FACE_BOUND('',#1271,.T.);
#1418=FACE_BOUND('',#1272,.T.);
#1419=FACE_BOUND('',#1273,.T.);
#1420=FACE_BOUND('',#1274,.T.);
#1421=FACE_BOUND('',#1275,.T.);
#1422=FACE_BOUND('',#1276,.T.);
#1423=FACE_BOUND('',#1277,.T.);
#1424=FACE_BOUND('',#1278,.T.);
#1425=FACE_BOUND('',#1279,.T.);
#1426=FACE_BOUND('',#1280,.T.);
#1427=FACE_BOUND('',#1281,.T.);
#1428=FACE_BOUND('',#1282,.T.);
#1429=FACE_BOUND('',#1283,.T.);
#1430=FACE_BOUND('',#1284,.T.);
#1431=FACE_BOUND('',#1285,.T.);
#1432=FACE_BOUND('',#1286,.T.);
#1433=FACE_BOUND('',#1287,.T.);
#1434=FACE_BOUND('',#1288,.T.);
#1435=FACE_BOUND('',#1289,.T.);
#1436=FACE_BOUND('',#1290,.T.);
#1437=FACE_BOUND('',#1291,.T.);
#1438=FACE_BOUND('',#1292,.T.);
#1439=FACE_BOUND('',#1293,.T.);
#1440=FACE_BOUND('',#1294,.T.);
#1441=FACE_BOUND('',#1295,.T.);
#1442=FACE_BOUND('',#1296,.T.);
#1443=FACE_BOUND('',#1297,.T.);
#1444=FACE_BOUND('',#1298,.T.);
#1445=CYLINDRICAL_SURFACE('',#1594,0.700000000000006);
#1446=CYLINDRICAL_SURFACE('',#1597,0.700000000000006);
#1447=CYLINDRICAL_SURFACE('',#1600,0.700000000000006);
#1448=CYLINDRICAL_SURFACE('',#1603,0.700000000000006);
#1449=CYLINDRICAL_SURFACE('',#1606,0.700000000000006);
#1450=CYLINDRICAL_SURFACE('',#1609,0.700000000000006);
#1451=CYLINDRICAL_SURFACE('',#1612,0.700000000000006);
#1452=CYLINDRICAL_SURFACE('',#1615,0.700000000000006);
#1453=CYLINDRICAL_SURFACE('',#1618,0.700000000000006);
#1454=CYLINDRICAL_SURFACE('',#1621,0.700000000000006);
#1455=CYLINDRICAL_SURFACE('',#1624,0.700000000000006);
#1456=CYLINDRICAL_SURFACE('',#1627,0.700000000000006);
#1457=CYLINDRICAL_SURFACE('',#1630,0.700000000000006);
#1458=CYLINDRICAL_SURFACE('',#1633,0.700000000000006);
#1459=CYLINDRICAL_SURFACE('',#1639,0.35);
#1460=CYLINDRICAL_SURFACE('',#1655,0.700000000000006);
#1461=CYLINDRICAL_SURFACE('',#1656,0.700000000000006);
#1462=CYLINDRICAL_SURFACE('',#1663,0.35);
#1463=CYLINDRICAL_SURFACE('',#1679,0.700000000000006);
#1464=CYLINDRICAL_SURFACE('',#1680,0.700000000000006);
#1465=CYLINDRICAL_SURFACE('',#1687,0.35);
#1466=CYLINDRICAL_SURFACE('',#1703,0.700000000000006);
#1467=CYLINDRICAL_SURFACE('',#1704,0.700000000000006);
#1468=CYLINDRICAL_SURFACE('',#1711,0.35);
#1469=CYLINDRICAL_SURFACE('',#1727,0.700000000000006);
#1470=CYLINDRICAL_SURFACE('',#1728,0.700000000000006);
#1471=CYLINDRICAL_SURFACE('',#1735,0.35);
#1472=CYLINDRICAL_SURFACE('',#1751,0.700000000000006);
#1473=CYLINDRICAL_SURFACE('',#1752,0.700000000000006);
#1474=CYLINDRICAL_SURFACE('',#1759,0.35);
#1475=CYLINDRICAL_SURFACE('',#1775,0.700000000000006);
#1476=CYLINDRICAL_SURFACE('',#1776,0.700000000000006);
#1477=CYLINDRICAL_SURFACE('',#1783,7.49999999999999);
#1478=CYLINDRICAL_SURFACE('',#1785,7.49999999999999);
#1479=CYLINDRICAL_SURFACE('',#1787,0.700000000000006);
#1480=CYLINDRICAL_SURFACE('',#1790,0.700000000000006);
#1481=CYLINDRICAL_SURFACE('',#1793,5.22499999999999);
#1482=CYLINDRICAL_SURFACE('',#1806,4.525);
#1483=CYLINDRICAL_SURFACE('',#1811,4.87499999999999);
#1484=CYLINDRICAL_SURFACE('',#1820,0.35);
#1485=CYLINDRICAL_SURFACE('',#1825,4.00999999999999);
#1486=CYLINDRICAL_SURFACE('',#1830,2.5);
#1487=ADVANCED_FACE('',(#1299),#1445,.T.);
#1488=ADVANCED_FACE('',(#1300),#1446,.T.);
#1489=ADVANCED_FACE('',(#1301),#1447,.T.);
#1490=ADVANCED_FACE('',(#1302),#1448,.T.);
#1491=ADVANCED_FACE('',(#1303),#1449,.T.);
#1492=ADVANCED_FACE('',(#1304),#1450,.T.);
#1493=ADVANCED_FACE('',(#1305),#1451,.T.);
#1494=ADVANCED_FACE('',(#1306),#1452,.T.);
#1495=ADVANCED_FACE('',(#1307),#1453,.T.);
#1496=ADVANCED_FACE('',(#1308),#1454,.T.);
#1497=ADVANCED_FACE('',(#1309),#1455,.T.);
#1498=ADVANCED_FACE('',(#1310),#1456,.T.);
#1499=ADVANCED_FACE('',(#1311),#1457,.T.);
#1500=ADVANCED_FACE('',(#1312),#1458,.T.);
#1501=ADVANCED_FACE('',(#1313),#77,.F.);
#1502=ADVANCED_FACE('',(#1314,#1315),#1459,.F.);
#1503=ADVANCED_FACE('',(#1316),#22,.F.);
#1504=ADVANCED_FACE('',(#1317),#23,.F.);
#1505=ADVANCED_FACE('',(#1318),#24,.F.);
#1506=ADVANCED_FACE('',(#1319),#25,.F.);
#1507=ADVANCED_FACE('',(#1320),#1460,.T.);
#1508=ADVANCED_FACE('',(#1321),#1461,.T.);
#1509=ADVANCED_FACE('',(#1322),#26,.F.);
#1510=ADVANCED_FACE('',(#1323),#78,.F.);
#1511=ADVANCED_FACE('',(#1324,#1325),#1462,.F.);
#1512=ADVANCED_FACE('',(#1326),#27,.F.);
#1513=ADVANCED_FACE('',(#1327),#28,.F.);
#1514=ADVANCED_FACE('',(#1328),#29,.F.);
#1515=ADVANCED_FACE('',(#1329),#30,.F.);
#1516=ADVANCED_FACE('',(#1330),#1463,.T.);
#1517=ADVANCED_FACE('',(#1331),#1464,.T.);
#1518=ADVANCED_FACE('',(#1332),#31,.F.);
#1519=ADVANCED_FACE('',(#1333),#79,.F.);
#1520=ADVANCED_FACE('',(#1334,#1335),#1465,.F.);
#1521=ADVANCED_FACE('',(#1336),#32,.F.);
#1522=ADVANCED_FACE('',(#1337),#33,.F.);
#1523=ADVANCED_FACE('',(#1338),#34,.F.);
#1524=ADVANCED_FACE('',(#1339),#35,.F.);
#1525=ADVANCED_FACE('',(#1340),#1466,.T.);
#1526=ADVANCED_FACE('',(#1341),#1467,.T.);
#1527=ADVANCED_FACE('',(#1342),#36,.F.);
#1528=ADVANCED_FACE('',(#1343),#80,.F.);
#1529=ADVANCED_FACE('',(#1344,#1345),#1468,.F.);
#1530=ADVANCED_FACE('',(#1346),#37,.F.);
#1531=ADVANCED_FACE('',(#1347),#38,.F.);
#1532=ADVANCED_FACE('',(#1348),#39,.F.);
#1533=ADVANCED_FACE('',(#1349),#40,.F.);
#1534=ADVANCED_FACE('',(#1350),#1469,.T.);
#1535=ADVANCED_FACE('',(#1351),#1470,.T.);
#1536=ADVANCED_FACE('',(#1352),#41,.F.);
#1537=ADVANCED_FACE('',(#1353),#81,.F.);
#1538=ADVANCED_FACE('',(#1354,#1355),#1471,.F.);
#1539=ADVANCED_FACE('',(#1356),#42,.F.);
#1540=ADVANCED_FACE('',(#1357),#43,.F.);
#1541=ADVANCED_FACE('',(#1358),#44,.F.);
#1542=ADVANCED_FACE('',(#1359),#45,.F.);
#1543=ADVANCED_FACE('',(#1360),#1472,.T.);
#1544=ADVANCED_FACE('',(#1361),#1473,.T.);
#1545=ADVANCED_FACE('',(#1362),#46,.F.);
#1546=ADVANCED_FACE('',(#1363),#82,.F.);
#1547=ADVANCED_FACE('',(#1364,#1365),#1474,.F.);
#1548=ADVANCED_FACE('',(#1366),#47,.F.);
#1549=ADVANCED_FACE('',(#1367),#48,.F.);
#1550=ADVANCED_FACE('',(#1368),#49,.F.);
#1551=ADVANCED_FACE('',(#1369),#50,.F.);
#1552=ADVANCED_FACE('',(#1370),#1475,.T.);
#1553=ADVANCED_FACE('',(#1371),#1476,.T.);
#1554=ADVANCED_FACE('',(#1372),#51,.F.);
#1555=ADVANCED_FACE('',(#1373),#83,.F.);
#1556=ADVANCED_FACE('',(#1374,#1375),#1477,.T.);
#1557=ADVANCED_FACE('',(#1376,#1377),#1478,.T.);
#1558=ADVANCED_FACE('',(#1378),#1479,.T.);
#1559=ADVANCED_FACE('',(#1379),#1480,.T.);
#1560=ADVANCED_FACE('',(#1380,#1381,#1382,#1383,#1384,#1385,#1386,#1387,
#1388),#1481,.F.);
#1561=ADVANCED_FACE('',(#1389,#1390),#52,.T.);
#1562=ADVANCED_FACE('',(#1391,#1392),#53,.T.);
#1563=ADVANCED_FACE('',(#1393),#54,.F.);
#1564=ADVANCED_FACE('',(#1394),#55,.F.);
#1565=ADVANCED_FACE('',(#1395,#1396,#1397,#1398,#1399,#1400,#1401,#1402,
#1403),#1482,.F.);
#1566=ADVANCED_FACE('',(#1404,#1405,#1406,#1407,#1408,#1409,#1410,#1411,
#1412),#1483,.T.);
#1567=ADVANCED_FACE('',(#1413,#1414),#56,.F.);
#1568=ADVANCED_FACE('',(#1415,#1416),#57,.F.);
#1569=ADVANCED_FACE('',(#1417),#58,.F.);
#1570=ADVANCED_FACE('',(#1418),#59,.F.);
#1571=ADVANCED_FACE('',(#1419,#1420),#1484,.F.);
#1572=ADVANCED_FACE('',(#1421),#60,.F.);
#1573=ADVANCED_FACE('',(#1422,#1423),#84,.T.);
#1574=ADVANCED_FACE('',(#1424,#1425),#85,.T.);
#1575=ADVANCED_FACE('',(#1426,#1427,#1428,#1429,#1430,#1431,#1432,#1433,
#1434),#1485,.T.);
#1576=ADVANCED_FACE('',(#1435,#1436),#61,.F.);
#1577=ADVANCED_FACE('',(#1437,#1438),#1486,.F.);
#1578=ADVANCED_FACE('',(#1439,#1440),#62,.F.);
#1579=ADVANCED_FACE('',(#1441,#1442),#20,.F.);
#1580=ADVANCED_FACE('',(#1443,#1444),#21,.F.);
#1581=CLOSED_SHELL('',(#1487,#1488,#1489,#1490,#1491,#1492,#1493,#1494,
#1495,#1496,#1497,#1498,#1499,#1500,#1501,#1502,#1503,#1504,#1505,#1506,
#1507,#1508,#1509,#1510,#1511,#1512,#1513,#1514,#1515,#1516,#1517,#1518,
#1519,#1520,#1521,#1522,#1523,#1524,#1525,#1526,#1527,#1528,#1529,#1530,
#1531,#1532,#1533,#1534,#1535,#1536,#1537,#1538,#1539,#1540,#1541,#1542,
#1543,#1544,#1545,#1546,#1547,#1548,#1549,#1550,#1551,#1552,#1553,#1554,
#1555,#1556,#1557,#1558,#1559,#1560,#1561,#1562,#1563,#1564,#1565,#1566,
#1567,#1568,#1569,#1570,#1571,#1572,#1573,#1574,#1575,#1576,#1577,#1578,
#1579,#1580));
#1582=STYLED_ITEM('',(#1583),#1590);
#1583=PRESENTATION_STYLE_ASSIGNMENT((#1584));
#1584=SURFACE_STYLE_USAGE(.BOTH.,#1585);
#1585=SURFACE_SIDE_STYLE('',(#1586));
#1586=SURFACE_STYLE_FILL_AREA(#1587);
#1587=FILL_AREA_STYLE('',(#1588));
#1588=FILL_AREA_STYLE_COLOUR('',#1589);
#1589=COLOUR_RGB('',0.506983280181885,0.531564235687256,0.550000011920929);
#1590=MANIFOLD_SOLID_BREP('',#1581);
#1591=SHAPE_DEFINITION_REPRESENTATION(#2934,#1592);
#1592=SHAPE_REPRESENTATION('11',(#1593),#2929);
#1593=AXIS2_PLACEMENT_3D('',#2381,#1837,#1838);
#1594=AXIS2_PLACEMENT_3D('',#2382,#1839,#1840);
#1595=AXIS2_PLACEMENT_3D('',#2386,#1842,#1843);
#1596=AXIS2_PLACEMENT_3D('',#2390,#1845,#1846);
#1597=AXIS2_PLACEMENT_3D('',#2391,#1847,#1848);
#1598=AXIS2_PLACEMENT_3D('',#2395,#1850,#1851);
#1599=AXIS2_PLACEMENT_3D('',#2399,#1853,#1854);
#1600=AXIS2_PLACEMENT_3D('',#2400,#1855,#1856);
#1601=AXIS2_PLACEMENT_3D('',#2404,#1858,#1859);
#1602=AXIS2_PLACEMENT_3D('',#2408,#1861,#1862);
#1603=AXIS2_PLACEMENT_3D('',#2409,#1863,#1864);
#1604=AXIS2_PLACEMENT_3D('',#2413,#1866,#1867);
#1605=AXIS2_PLACEMENT_3D('',#2417,#1869,#1870);
#1606=AXIS2_PLACEMENT_3D('',#2418,#1871,#1872);
#1607=AXIS2_PLACEMENT_3D('',#2422,#1874,#1875);
#1608=AXIS2_PLACEMENT_3D('',#2426,#1877,#1878);
#1609=AXIS2_PLACEMENT_3D('',#2427,#1879,#1880);
#1610=AXIS2_PLACEMENT_3D('',#2431,#1882,#1883);
#1611=AXIS2_PLACEMENT_3D('',#2435,#1885,#1886);
#1612=AXIS2_PLACEMENT_3D('',#2436,#1887,#1888);
#1613=AXIS2_PLACEMENT_3D('',#2440,#1890,#1891);
#1614=AXIS2_PLACEMENT_3D('',#2444,#1893,#1894);
#1615=AXIS2_PLACEMENT_3D('',#2445,#1895,#1896);
#1616=AXIS2_PLACEMENT_3D('',#2449,#1898,#1899);
#1617=AXIS2_PLACEMENT_3D('',#2453,#1901,#1902);
#1618=AXIS2_PLACEMENT_3D('',#2454,#1903,#1904);
#1619=AXIS2_PLACEMENT_3D('',#2458,#1906,#1907);
#1620=AXIS2_PLACEMENT_3D('',#2462,#1909,#1910);
#1621=AXIS2_PLACEMENT_3D('',#2463,#1911,#1912);
#1622=AXIS2_PLACEMENT_3D('',#2467,#1914,#1915);
#1623=AXIS2_PLACEMENT_3D('',#2471,#1917,#1918);
#1624=AXIS2_PLACEMENT_3D('',#2472,#1919,#1920);
#1625=AXIS2_PLACEMENT_3D('',#2476,#1922,#1923);
#1626=AXIS2_PLACEMENT_3D('',#2480,#1925,#1926);
#1627=AXIS2_PLACEMENT_3D('',#2481,#1927,#1928);
#1628=AXIS2_PLACEMENT_3D('',#2485,#1930,#1931);
#1629=AXIS2_PLACEMENT_3D('',#2489,#1933,#1934);
#1630=AXIS2_PLACEMENT_3D('',#2490,#1935,#1936);
#1631=AXIS2_PLACEMENT_3D('',#2494,#1938,#1939);
#1632=AXIS2_PLACEMENT_3D('',#2498,#1941,#1942);
#1633=AXIS2_PLACEMENT_3D('',#2499,#1943,#1944);
#1634=AXIS2_PLACEMENT_3D('',#2503,#1946,#1947);
#1635=AXIS2_PLACEMENT_3D('',#2507,#1949,#1950);
#1636=AXIS2_PLACEMENT_3D('',#2508,#1951,#1952);
#1637=AXIS2_PLACEMENT_3D('',#2509,#1953,#1954);
#1638=AXIS2_PLACEMENT_3D('',#2520,#1955,#1956);
#1639=AXIS2_PLACEMENT_3D('',#2529,#1957,#1958);
#1640=AXIS2_PLACEMENT_3D('',#2530,#1959,#1960);
#1641=AXIS2_PLACEMENT_3D('',#2539,#1961,#1962);
#1642=AXIS2_PLACEMENT_3D('',#2540,#1963,#1964);
#1643=AXIS2_PLACEMENT_3D('',#2541,#1965,#1966);
#1644=AXIS2_PLACEMENT_3D('',#2544,#1967,#1968);
#1645=AXIS2_PLACEMENT_3D('',#2546,#1969,#1970);
#1646=AXIS2_PLACEMENT_3D('',#2548,#1971,#1972);
#1647=AXIS2_PLACEMENT_3D('',#2549,#1973,#1974);
#1648=AXIS2_PLACEMENT_3D('',#2550,#1975,#1976);
#1649=AXIS2_PLACEMENT_3D('',#2553,#1977,#1978);
#1650=AXIS2_PLACEMENT_3D('',#2555,#1979,#1980);
#1651=AXIS2_PLACEMENT_3D('',#2557,#1981,#1982);
#1652=AXIS2_PLACEMENT_3D('',#2558,#1983,#1984);
#1653=AXIS2_PLACEMENT_3D('',#2559,#1985,#1986);
#1654=AXIS2_PLACEMENT_3D('',#2560,#1987,#1988);
#1655=AXIS2_PLACEMENT_3D('',#2561,#1989,#1990);
#1656=AXIS2_PLACEMENT_3D('',#2564,#1993,#1994);
#1657=AXIS2_PLACEMENT_3D('',#2567,#1997,#1998);
#1658=AXIS2_PLACEMENT_3D('',#2568,#1999,#2000);
#1659=AXIS2_PLACEMENT_3D('',#2569,#2001,#2002);
#1660=AXIS2_PLACEMENT_3D('',#2570,#2003,#2004);
#1661=AXIS2_PLACEMENT_3D('',#2571,#2005,#2006);
#1662=AXIS2_PLACEMENT_3D('',#2581,#2007,#2008);
#1663=AXIS2_PLACEMENT_3D('',#2582,#2009,#2010);
#1664=AXIS2_PLACEMENT_3D('',#2583,#2011,#2012);
#1665=AXIS2_PLACEMENT_3D('',#2592,#2013,#2014);
#1666=AXIS2_PLACEMENT_3D('',#2593,#2015,#2016);
#1667=AXIS2_PLACEMENT_3D('',#2594,#2017,#2018);
#1668=AXIS2_PLACEMENT_3D('',#2597,#2019,#2020);
#1669=AXIS2_PLACEMENT_3D('',#2599,#2021,#2022);
#1670=AXIS2_PLACEMENT_3D('',#2601,#2023,#2024);
#1671=AXIS2_PLACEMENT_3D('',#2602,#2025,#2026);
#1672=AXIS2_PLACEMENT_3D('',#2603,#2027,#2028);
#1673=AXIS2_PLACEMENT_3D('',#2606,#2029,#2030);
#1674=AXIS2_PLACEMENT_3D('',#2608,#2031,#2032);
#1675=AXIS2_PLACEMENT_3D('',#2610,#2033,#2034);
#1676=AXIS2_PLACEMENT_3D('',#2611,#2035,#2036);
#1677=AXIS2_PLACEMENT_3D('',#2612,#2037,#2038);
#1678=AXIS2_PLACEMENT_3D('',#2613,#2039,#2040);
#1679=AXIS2_PLACEMENT_3D('',#2614,#2041,#2042);
#1680=AXIS2_PLACEMENT_3D('',#2617,#2045,#2046);
#1681=AXIS2_PLACEMENT_3D('',#2620,#2049,#2050);
#1682=AXIS2_PLACEMENT_3D('',#2621,#2051,#2052);
#1683=AXIS2_PLACEMENT_3D('',#2622,#2053,#2054);
#1684=AXIS2_PLACEMENT_3D('',#2623,#2055,#2056);
#1685=AXIS2_PLACEMENT_3D('',#2624,#2057,#2058);
#1686=AXIS2_PLACEMENT_3D('',#2634,#2059,#2060);
#1687=AXIS2_PLACEMENT_3D('',#2635,#2061,#2062);
#1688=AXIS2_PLACEMENT_3D('',#2636,#2063,#2064);
#1689=AXIS2_PLACEMENT_3D('',#2645,#2065,#2066);
#1690=AXIS2_PLACEMENT_3D('',#2646,#2067,#2068);
#1691=AXIS2_PLACEMENT_3D('',#2647,#2069,#2070);
#1692=AXIS2_PLACEMENT_3D('',#2650,#2071,#2072);
#1693=AXIS2_PLACEMENT_3D('',#2652,#2073,#2074);
#1694=AXIS2_PLACEMENT_3D('',#2654,#2075,#2076);
#1695=AXIS2_PLACEMENT_3D('',#2655,#2077,#2078);
#1696=AXIS2_PLACEMENT_3D('',#2656,#2079,#2080);
#1697=AXIS2_PLACEMENT_3D('',#2659,#2081,#2082);
#1698=AXIS2_PLACEMENT_3D('',#2661,#2083,#2084);
#1699=AXIS2_PLACEMENT_3D('',#2663,#2085,#2086);
#1700=AXIS2_PLACEMENT_3D('',#2664,#2087,#2088);
#1701=AXIS2_PLACEMENT_3D('',#2665,#2089,#2090);
#1702=AXIS2_PLACEMENT_3D('',#2666,#2091,#2092);
#1703=AXIS2_PLACEMENT_3D('',#2667,#2093,#2094);
#1704=AXIS2_PLACEMENT_3D('',#2670,#2097,#2098);
#1705=AXIS2_PLACEMENT_3D('',#2673,#2101,#2102);
#1706=AXIS2_PLACEMENT_3D('',#2674,#2103,#2104);
#1707=AXIS2_PLACEMENT_3D('',#2675,#2105,#2106);
#1708=AXIS2_PLACEMENT_3D('',#2676,#2107,#2108);
#1709=AXIS2_PLACEMENT_3D('',#2677,#2109,#2110);
#1710=AXIS2_PLACEMENT_3D('',#2687,#2111,#2112);
#1711=AXIS2_PLACEMENT_3D('',#2688,#2113,#2114);
#1712=AXIS2_PLACEMENT_3D('',#2689,#2115,#2116);
#1713=AXIS2_PLACEMENT_3D('',#2698,#2117,#2118);
#1714=AXIS2_PLACEMENT_3D('',#2699,#2119,#2120);
#1715=AXIS2_PLACEMENT_3D('',#2700,#2121,#2122);
#1716=AXIS2_PLACEMENT_3D('',#2703,#2123,#2124);
#1717=AXIS2_PLACEMENT_3D('',#2705,#2125,#2126);
#1718=AXIS2_PLACEMENT_3D('',#2707,#2127,#2128);
#1719=AXIS2_PLACEMENT_3D('',#2708,#2129,#2130);
#1720=AXIS2_PLACEMENT_3D('',#2709,#2131,#2132);
#1721=AXIS2_PLACEMENT_3D('',#2712,#2133,#2134);
#1722=AXIS2_PLACEMENT_3D('',#2714,#2135,#2136);
#1723=AXIS2_PLACEMENT_3D('',#2716,#2137,#2138);
#1724=AXIS2_PLACEMENT_3D('',#2717,#2139,#2140);
#1725=AXIS2_PLACEMENT_3D('',#2718,#2141,#2142);
#1726=AXIS2_PLACEMENT_3D('',#2719,#2143,#2144);
#1727=AXIS2_PLACEMENT_3D('',#2720,#2145,#2146);
#1728=AXIS2_PLACEMENT_3D('',#2723,#2149,#2150);
#1729=AXIS2_PLACEMENT_3D('',#2726,#2153,#2154);
#1730=AXIS2_PLACEMENT_3D('',#2727,#2155,#2156);
#1731=AXIS2_PLACEMENT_3D('',#2728,#2157,#2158);
#1732=AXIS2_PLACEMENT_3D('',#2729,#2159,#2160);
#1733=AXIS2_PLACEMENT_3D('',#2730,#2161,#2162);
#1734=AXIS2_PLACEMENT_3D('',#2740,#2163,#2164);
#1735=AXIS2_PLACEMENT_3D('',#2741,#2165,#2166);
#1736=AXIS2_PLACEMENT_3D('',#2742,#2167,#2168);
#1737=AXIS2_PLACEMENT_3D('',#2751,#2169,#2170);
#1738=AXIS2_PLACEMENT_3D('',#2752,#2171,#2172);
#1739=AXIS2_PLACEMENT_3D('',#2753,#2173,#2174);
#1740=AXIS2_PLACEMENT_3D('',#2756,#2175,#2176);
#1741=AXIS2_PLACEMENT_3D('',#2758,#2177,#2178);
#1742=AXIS2_PLACEMENT_3D('',#2760,#2179,#2180);
#1743=AXIS2_PLACEMENT_3D('',#2761,#2181,#2182);
#1744=AXIS2_PLACEMENT_3D('',#2762,#2183,#2184);
#1745=AXIS2_PLACEMENT_3D('',#2765,#2185,#2186);
#1746=AXIS2_PLACEMENT_3D('',#2767,#2187,#2188);
#1747=AXIS2_PLACEMENT_3D('',#2769,#2189,#2190);
#1748=AXIS2_PLACEMENT_3D('',#2770,#2191,#2192);
#1749=AXIS2_PLACEMENT_3D('',#2771,#2193,#2194);
#1750=AXIS2_PLACEMENT_3D('',#2772,#2195,#2196);
#1751=AXIS2_PLACEMENT_3D('',#2773,#2197,#2198);
#1752=AXIS2_PLACEMENT_3D('',#2776,#2201,#2202);
#1753=AXIS2_PLACEMENT_3D('',#2779,#2205,#2206);
#1754=AXIS2_PLACEMENT_3D('',#2780,#2207,#2208);
#1755=AXIS2_PLACEMENT_3D('',#2781,#2209,#2210);
#1756=AXIS2_PLACEMENT_3D('',#2782,#2211,#2212);
#1757=AXIS2_PLACEMENT_3D('',#2783,#2213,#2214);
#1758=AXIS2_PLACEMENT_3D('',#2793,#2215,#2216);
#1759=AXIS2_PLACEMENT_3D('',#2794,#2217,#2218);
#1760=AXIS2_PLACEMENT_3D('',#2795,#2219,#2220);
#1761=AXIS2_PLACEMENT_3D('',#2804,#2221,#2222);
#1762=AXIS2_PLACEMENT_3D('',#2805,#2223,#2224);
#1763=AXIS2_PLACEMENT_3D('',#2806,#2225,#2226);
#1764=AXIS2_PLACEMENT_3D('',#2809,#2227,#2228);
#1765=AXIS2_PLACEMENT_3D('',#2811,#2229,#2230);
#1766=AXIS2_PLACEMENT_3D('',#2813,#2231,#2232);
#1767=AXIS2_PLACEMENT_3D('',#2814,#2233,#2234);
#1768=AXIS2_PLACEMENT_3D('',#2815,#2235,#2236);
#1769=AXIS2_PLACEMENT_3D('',#2818,#2237,#2238);
#1770=AXIS2_PLACEMENT_3D('',#2820,#2239,#2240);
#1771=AXIS2_PLACEMENT_3D('',#2822,#2241,#2242);
#1772=AXIS2_PLACEMENT_3D('',#2823,#2243,#2244);
#1773=AXIS2_PLACEMENT_3D('',#2824,#2245,#2246);
#1774=AXIS2_PLACEMENT_3D('',#2825,#2247,#2248);
#1775=AXIS2_PLACEMENT_3D('',#2826,#2249,#2250);
#1776=AXIS2_PLACEMENT_3D('',#2829,#2253,#2254);
#1777=AXIS2_PLACEMENT_3D('',#2832,#2257,#2258);
#1778=AXIS2_PLACEMENT_3D('',#2833,#2259,#2260);
#1779=AXIS2_PLACEMENT_3D('',#2834,#2261,#2262);
#1780=AXIS2_PLACEMENT_3D('',#2835,#2263,#2264);
#1781=AXIS2_PLACEMENT_3D('',#2836,#2265,#2266);
#1782=AXIS2_PLACEMENT_3D('',#2844,#2267,#2268);
#1783=AXIS2_PLACEMENT_3D('',#2845,#2269,#2270);
#1784=AXIS2_PLACEMENT_3D('',#2846,#2271,#2272);
#1785=AXIS2_PLACEMENT_3D('',#2848,#2273,#2274);
#1786=AXIS2_PLACEMENT_3D('',#2849,#2275,#2276);
#1787=AXIS2_PLACEMENT_3D('',#2851,#2277,#2278);
#1788=AXIS2_PLACEMENT_3D('',#2855,#2280,#2281);
#1789=AXIS2_PLACEMENT_3D('',#2859,#2283,#2284);
#1790=AXIS2_PLACEMENT_3D('',#2860,#2285,#2286);
#1791=AXIS2_PLACEMENT_3D('',#2864,#2288,#2289);
#1792=AXIS2_PLACEMENT_3D('',#2868,#2291,#2292);
#1793=AXIS2_PLACEMENT_3D('',#2869,#2293,#2294);
#1794=AXIS2_PLACEMENT_3D('',#2870,#2295,#2296);
#1795=AXIS2_PLACEMENT_3D('',#2872,#2297,#2298);
#1796=AXIS2_PLACEMENT_3D('',#2874,#2299,#2300);
#1797=AXIS2_PLACEMENT_3D('',#2875,#2301,#2302);
#1798=AXIS2_PLACEMENT_3D('',#2876,#2303,#2304);
#1799=AXIS2_PLACEMENT_3D('',#2877,#2305,#2306);
#1800=AXIS2_PLACEMENT_3D('',#2879,#2307,#2308);
#1801=AXIS2_PLACEMENT_3D('',#2880,#2309,#2310);
#1802=AXIS2_PLACEMENT_3D('',#2882,#2311,#2312);
#1803=AXIS2_PLACEMENT_3D('',#2883,#2313,#2314);
#1804=AXIS2_PLACEMENT_3D('',#2884,#2315,#2316);
#1805=AXIS2_PLACEMENT_3D('',#2885,#2317,#2318);
#1806=AXIS2_PLACEMENT_3D('',#2886,#2319,#2320);
#1807=AXIS2_PLACEMENT_3D('',#2887,#2321,#2322);
#1808=AXIS2_PLACEMENT_3D('',#2889,#2323,#2324);
#1809=AXIS2_PLACEMENT_3D('',#2890,#2325,#2326);
#1810=AXIS2_PLACEMENT_3D('',#2891,#2327,#2328);
#1811=AXIS2_PLACEMENT_3D('',#2893,#2329,#2330);
#1812=AXIS2_PLACEMENT_3D('',#2894,#2331,#2332);
#1813=AXIS2_PLACEMENT_3D('',#2896,#2333,#2334);
#1814=AXIS2_PLACEMENT_3D('',#2898,#2335,#2336);
#1815=AXIS2_PLACEMENT_3D('',#2899,#2337,#2338);
#1816=AXIS2_PLACEMENT_3D('',#2900,#2339,#2340);
#1817=AXIS2_PLACEMENT_3D('',#2901,#2341,#2342);
#1818=AXIS2_PLACEMENT_3D('',#2902,#2343,#2344);
#1819=AXIS2_PLACEMENT_3D('',#2903,#2345,#2346);
#1820=AXIS2_PLACEMENT_3D('',#2904,#2347,#2348);
#1821=AXIS2_PLACEMENT_3D('',#2905,#2349,#2350);
#1822=AXIS2_PLACEMENT_3D('',#2907,#2351,#2352);
#1823=AXIS2_PLACEMENT_3D('',#2908,#2353,#2354);
#1824=AXIS2_PLACEMENT_3D('',#2909,#2355,#2356);
#1825=AXIS2_PLACEMENT_3D('',#2910,#2357,#2358);
#1826=AXIS2_PLACEMENT_3D('',#2911,#2359,#2360);
#1827=AXIS2_PLACEMENT_3D('',#2913,#2361,#2362);
#1828=AXIS2_PLACEMENT_3D('',#2915,#2363,#2364);
#1829=AXIS2_PLACEMENT_3D('',#2916,#2365,#2366);
#1830=AXIS2_PLACEMENT_3D('',#2918,#2367,#2368);
#1831=AXIS2_PLACEMENT_3D('',#2919,#2369,#2370);
#1832=AXIS2_PLACEMENT_3D('',#2921,#2371,#2372);
#1833=AXIS2_PLACEMENT_3D('',#2923,#2373,#2374);
#1834=AXIS2_PLACEMENT_3D('',#2924,#2375,#2376);
#1835=AXIS2_PLACEMENT_3D('',#2926,#2377,#2378);
#1836=AXIS2_PLACEMENT_3D('',#2927,#2379,#2380);
#1837=DIRECTION('',(0.,0.,1.));
#1838=DIRECTION('',(1.,0.,0.));
#1839=DIRECTION('',(1.,0.,0.));
#1840=DIRECTION('',(0.,0.781835778626453,-0.623484414608391));
#1841=DIRECTION('',(-1.,0.,0.));
#1842=DIRECTION('',(1.,0.,0.));
#1843=DIRECTION('',(0.,0.781835778626453,-0.623484414608391));
#1844=DIRECTION('',(-1.,0.,0.));
#1845=DIRECTION('',(1.,0.,0.));
#1846=DIRECTION('',(0.,0.781835778626453,-0.623484414608391));
#1847=DIRECTION('',(1.,0.,0.));
#1848=DIRECTION('',(0.,0.781835778626453,-0.623484414608391));
#1849=DIRECTION('',(-1.,0.,0.));
#1850=DIRECTION('',(1.,0.,0.));
#1851=DIRECTION('',(0.,0.781835778626453,-0.623484414608391));
#1852=DIRECTION('',(-1.,0.,0.));
#1853=DIRECTION('',(1.,0.,0.));
#1854=DIRECTION('',(0.,0.781835778626453,-0.623484414608391));
#1855=DIRECTION('',(1.,0.,0.));
#1856=DIRECTION('',(0.,0.974926378421045,0.222527653694601));
#1857=DIRECTION('',(-1.,0.,0.));
#1858=DIRECTION('',(1.,0.,0.));
#1859=DIRECTION('',(0.,0.974926378421045,0.222527653694601));
#1860=DIRECTION('',(-1.,0.,0.));
#1861=DIRECTION('',(1.,0.,0.));
#1862=DIRECTION('',(0.,0.974926378421045,0.222527653694601));
#1863=DIRECTION('',(1.,0.,0.));
#1864=DIRECTION('',(0.,0.974926378421045,0.222527653694601));
#1865=DIRECTION('',(-1.,0.,0.));
#1866=DIRECTION('',(1.,0.,0.));
#1867=DIRECTION('',(0.,0.974926378421045,0.222527653694601));
#1868=DIRECTION('',(-1.,0.,0.));
#1869=DIRECTION('',(1.,0.,0.));
#1870=DIRECTION('',(0.,0.974926378421045,0.222527653694601));
#1871=DIRECTION('',(1.,0.,0.));
#1872=DIRECTION('',(0.,0.433881255542795,0.900970063924772));
#1873=DIRECTION('',(-1.,0.,0.));
#1874=DIRECTION('',(1.,0.,0.));
#1875=DIRECTION('',(0.,0.433881255542795,0.900970063924772));
#1876=DIRECTION('',(-1.,0.,0.));
#1877=DIRECTION('',(1.,0.,0.));
#1878=DIRECTION('',(0.,0.433881255542795,0.900970063924772));
#1879=DIRECTION('',(1.,0.,0.));
#1880=DIRECTION('',(0.,0.433881255542795,0.900970063924772));
#1881=DIRECTION('',(-1.,0.,0.));
#1882=DIRECTION('',(1.,0.,0.));
#1883=DIRECTION('',(0.,0.433881255542795,0.900970063924772));
#1884=DIRECTION('',(-1.,0.,0.));
#1885=DIRECTION('',(1.,0.,0.));
#1886=DIRECTION('',(0.,0.433881255542795,0.900970063924772));
#1887=DIRECTION('',(1.,0.,0.));
#1888=DIRECTION('',(0.,-0.433881253055433,0.900970065122614));
#1889=DIRECTION('',(-1.,0.,0.));
#1890=DIRECTION('',(1.,0.,0.));
#1891=DIRECTION('',(0.,-0.433881253055433,0.900970065122614));
#1892=DIRECTION('',(-1.,0.,0.));
#1893=DIRECTION('',(1.,0.,0.));
#1894=DIRECTION('',(0.,-0.433881253055433,0.900970065122614));
#1895=DIRECTION('',(1.,0.,0.));
#1896=DIRECTION('',(0.,-0.433881253055433,0.900970065122614));
#1897=DIRECTION('',(-1.,0.,0.));
#1898=DIRECTION('',(1.,0.,0.));
#1899=DIRECTION('',(0.,-0.433881253055433,0.900970065122614));
#1900=DIRECTION('',(-1.,0.,0.));
#1901=DIRECTION('',(1.,0.,0.));
#1902=DIRECTION('',(0.,-0.433881253055433,0.900970065122614));
#1903=DIRECTION('',(1.,0.,0.));
#1904=DIRECTION('',(0.,-0.9749263778067,0.222527656386139));
#1905=DIRECTION('',(-1.,0.,0.));
#1906=DIRECTION('',(1.,0.,0.));
#1907=DIRECTION('',(0.,-0.9749263778067,0.222527656386139));
#1908=DIRECTION('',(-1.,0.,0.));
#1909=DIRECTION('',(1.,0.,0.));
#1910=DIRECTION('',(0.,-0.9749263778067,0.222527656386139));
#1911=DIRECTION('',(1.,0.,0.));
#1912=DIRECTION('',(0.,-0.9749263778067,0.222527656386139));
#1913=DIRECTION('',(-1.,0.,0.));
#1914=DIRECTION('',(1.,0.,0.));
#1915=DIRECTION('',(0.,-0.9749263778067,0.222527656386139));
#1916=DIRECTION('',(-1.,0.,0.));
#1917=DIRECTION('',(1.,0.,0.));
#1918=DIRECTION('',(0.,-0.9749263778067,0.222527656386139));
#1919=DIRECTION('',(1.,0.,0.));
#1920=DIRECTION('',(0.,-0.781835780347749,-0.623484412449924));
#1921=DIRECTION('',(-1.,0.,0.));
#1922=DIRECTION('',(1.,0.,0.));
#1923=DIRECTION('',(0.,-0.781835780347749,-0.623484412449924));
#1924=DIRECTION('',(-1.,0.,0.));
#1925=DIRECTION('',(1.,0.,0.));
#1926=DIRECTION('',(0.,-0.781835780347749,-0.623484412449924));
#1927=DIRECTION('',(1.,0.,0.));
#1928=DIRECTION('',(0.,-0.781835780347749,-0.623484412449924));
#1929=DIRECTION('',(-1.,0.,0.));
#1930=DIRECTION('',(1.,0.,0.));
#1931=DIRECTION('',(0.,-0.781835780347749,-0.623484412449924));
#1932=DIRECTION('',(-1.,0.,0.));
#1933=DIRECTION('',(1.,0.,0.));
#1934=DIRECTION('',(0.,-0.781835780347749,-0.623484412449924));
#1935=DIRECTION('',(1.,0.,0.));
#1936=DIRECTION('',(0.,0.,-1.));
#1937=DIRECTION('',(-1.,0.,0.));
#1938=DIRECTION('',(1.,0.,0.));
#1939=DIRECTION('',(0.,0.,-1.));
#1940=DIRECTION('',(-1.,0.,0.));
#1941=DIRECTION('',(1.,0.,0.));
#1942=DIRECTION('',(0.,0.,-1.));
#1943=DIRECTION('',(1.,0.,0.));
#1944=DIRECTION('',(0.,0.,-1.));
#1945=DIRECTION('',(-1.,0.,0.));
#1946=DIRECTION('',(1.,0.,0.));
#1947=DIRECTION('',(0.,0.,-1.));
#1948=DIRECTION('',(-1.,0.,0.));
#1949=DIRECTION('',(1.,0.,0.));
#1950=DIRECTION('',(0.,0.,-1.));
#1951=DIRECTION('',(-1.,0.,0.));
#1952=DIRECTION('',(0.,0.,1.));
#1953=DIRECTION('',(-1.,0.,0.));
#1954=DIRECTION('',(0.,0.,1.));
#1955=DIRECTION('',(-1.,0.,0.));
#1956=DIRECTION('',(0.,0.,1.));
#1957=DIRECTION('',(0.,-0.781835778626453,0.623484414608391));
#1958=DIRECTION('',(1.,0.,0.));
#1959=DIRECTION('',(0.,0.781835778626453,-0.623484414608391));
#1960=DIRECTION('',(1.,0.,0.));
#1961=DIRECTION('',(0.,0.781835778626453,-0.623484414608391));
#1962=DIRECTION('',(-1.,0.,0.));
#1963=DIRECTION('',(1.,0.,0.));
#1964=DIRECTION('',(0.,0.781835778626453,-0.623484414608391));
#1965=DIRECTION('',(1.,0.,0.));
#1966=DIRECTION('',(0.,0.781835778626453,-0.623484414608391));
#1967=DIRECTION('',(1.,0.,0.));
#1968=DIRECTION('',(0.,0.781835778626453,-0.623484414608391));
#1969=DIRECTION('',(1.,0.,0.));
#1970=DIRECTION('',(0.,0.781835778626453,-0.623484414608391));
#1971=DIRECTION('',(1.,0.,0.));
#1972=DIRECTION('',(0.,0.781835778626453,-0.623484414608391));
#1973=DIRECTION('',(-1.,0.,0.));
#1974=DIRECTION('',(0.,-0.781835778626453,0.623484414608391));
#1975=DIRECTION('',(1.,0.,0.));
#1976=DIRECTION('',(0.,0.781835778626453,-0.623484414608391));
#1977=DIRECTION('',(-1.,0.,0.));
#1978=DIRECTION('',(0.,-0.781835778626453,0.623484414608391));
#1979=DIRECTION('',(1.,0.,0.));
#1980=DIRECTION('',(0.,0.781835778626453,-0.623484414608391));
#1981=DIRECTION('',(-1.,0.,0.));
#1982=DIRECTION('',(0.,-0.781835778626453,0.623484414608391));
#1983=DIRECTION('',(-1.,0.,0.));
#1984=DIRECTION('',(0.,-0.781835778626453,0.623484414608391));
#1985=DIRECTION('',(-1.,0.,0.));
#1986=DIRECTION('',(0.,0.,1.));
#1987=DIRECTION('',(-1.,0.,0.));
#1988=DIRECTION('',(0.,-0.781835778626453,0.623484414608391));
#1989=DIRECTION('',(1.,0.,0.));
#1990=DIRECTION('',(0.,0.781835778626453,-0.623484414608391));
#1991=DIRECTION('',(-1.,0.,0.));
#1992=DIRECTION('',(1.,0.,0.));
#1993=DIRECTION('',(1.,0.,0.));
#1994=DIRECTION('',(0.,0.781835778626453,-0.623484414608391));
#1995=DIRECTION('',(-1.,0.,0.));
#1996=DIRECTION('',(1.,0.,0.));
#1997=DIRECTION('',(1.,0.,0.));
#1998=DIRECTION('',(0.,0.781835778626453,-0.623484414608391));
#1999=DIRECTION('',(1.,0.,0.));
#2000=DIRECTION('',(0.,0.,-1.));
#2001=DIRECTION('',(1.,0.,0.));
#2002=DIRECTION('',(0.,0.781835778626453,-0.623484414608391));
#2003=DIRECTION('',(-1.,0.,0.));
#2004=DIRECTION('',(0.,0.,1.));
#2005=DIRECTION('',(-1.,0.,0.));
#2006=DIRECTION('',(0.,0.,1.));
#2007=DIRECTION('',(-1.,0.,0.));
#2008=DIRECTION('',(0.,0.,1.));
#2009=DIRECTION('',(0.,-0.974926378421045,-0.222527653694601));
#2010=DIRECTION('',(1.,0.,0.));
#2011=DIRECTION('',(0.,0.974926378421045,0.222527653694601));
#2012=DIRECTION('',(1.,0.,0.));
#2013=DIRECTION('',(0.,0.974926378421045,0.222527653694601));
#2014=DIRECTION('',(-1.,0.,0.));
#2015=DIRECTION('',(1.,0.,0.));
#2016=DIRECTION('',(0.,0.974926378421045,0.222527653694601));
#2017=DIRECTION('',(1.,0.,0.));
#2018=DIRECTION('',(0.,0.974926378421045,0.222527653694601));
#2019=DIRECTION('',(1.,0.,0.));
#2020=DIRECTION('',(0.,0.974926378421045,0.222527653694601));
#2021=DIRECTION('',(1.,0.,0.));
#2022=DIRECTION('',(0.,0.974926378421045,0.222527653694601));
#2023=DIRECTION('',(1.,0.,0.));
#2024=DIRECTION('',(0.,0.974926378421045,0.222527653694601));
#2025=DIRECTION('',(-1.,0.,0.));
#2026=DIRECTION('',(0.,-0.974926378421045,-0.222527653694601));
#2027=DIRECTION('',(1.,0.,0.));
#2028=DIRECTION('',(0.,0.974926378421045,0.222527653694601));
#2029=DIRECTION('',(-1.,0.,0.));
#2030=DIRECTION('',(0.,-0.974926378421045,-0.222527653694601));
#2031=DIRECTION('',(1.,0.,0.));
#2032=DIRECTION('',(0.,0.974926378421045,0.222527653694601));
#2033=DIRECTION('',(-1.,0.,0.));
#2034=DIRECTION('',(0.,-0.974926378421045,-0.222527653694601));
#2035=DIRECTION('',(-1.,0.,0.));
#2036=DIRECTION('',(0.,-0.974926378421045,-0.222527653694601));
#2037=DIRECTION('',(-1.,0.,0.));
#2038=DIRECTION('',(0.,0.,1.));
#2039=DIRECTION('',(-1.,0.,0.));
#2040=DIRECTION('',(0.,-0.974926378421045,-0.222527653694601));
#2041=DIRECTION('',(1.,0.,0.));
#2042=DIRECTION('',(0.,0.974926378421045,0.222527653694601));
#2043=DIRECTION('',(-1.,0.,0.));
#2044=DIRECTION('',(1.,0.,0.));
#2045=DIRECTION('',(1.,0.,0.));
#2046=DIRECTION('',(0.,0.974926378421045,0.222527653694601));
#2047=DIRECTION('',(-1.,0.,0.));
#2048=DIRECTION('',(1.,0.,0.));
#2049=DIRECTION('',(1.,0.,0.));
#2050=DIRECTION('',(0.,0.974926378421045,0.222527653694601));
#2051=DIRECTION('',(1.,0.,0.));
#2052=DIRECTION('',(0.,0.,-1.));
#2053=DIRECTION('',(1.,0.,0.));
#2054=DIRECTION('',(0.,0.974926378421045,0.222527653694601));
#2055=DIRECTION('',(-1.,0.,0.));
#2056=DIRECTION('',(0.,0.,1.));
#2057=DIRECTION('',(-1.,0.,0.));
#2058=DIRECTION('',(0.,0.,1.));
#2059=DIRECTION('',(-1.,0.,0.));
#2060=DIRECTION('',(0.,0.,1.));
#2061=DIRECTION('',(0.,-0.433881255542795,-0.900970063924772));
#2062=DIRECTION('',(1.,0.,0.));
#2063=DIRECTION('',(0.,0.433881255542795,0.900970063924772));
#2064=DIRECTION('',(1.,0.,0.));
#2065=DIRECTION('',(0.,0.433881255542795,0.900970063924772));
#2066=DIRECTION('',(-1.,0.,0.));
#2067=DIRECTION('',(1.,0.,0.));
#2068=DIRECTION('',(0.,0.433881255542795,0.900970063924772));
#2069=DIRECTION('',(1.,0.,0.));
#2070=DIRECTION('',(0.,0.433881255542795,0.900970063924772));
#2071=DIRECTION('',(1.,0.,0.));
#2072=DIRECTION('',(0.,0.433881255542795,0.900970063924772));
#2073=DIRECTION('',(1.,0.,0.));
#2074=DIRECTION('',(0.,0.433881255542795,0.900970063924772));
#2075=DIRECTION('',(1.,0.,0.));
#2076=DIRECTION('',(0.,0.433881255542795,0.900970063924772));
#2077=DIRECTION('',(-1.,0.,0.));
#2078=DIRECTION('',(0.,-0.433881255542795,-0.900970063924772));
#2079=DIRECTION('',(1.,0.,0.));
#2080=DIRECTION('',(0.,0.433881255542795,0.900970063924772));
#2081=DIRECTION('',(-1.,0.,0.));
#2082=DIRECTION('',(0.,-0.433881255542795,-0.900970063924772));
#2083=DIRECTION('',(1.,0.,0.));
#2084=DIRECTION('',(0.,0.433881255542795,0.900970063924772));
#2085=DIRECTION('',(-1.,0.,0.));
#2086=DIRECTION('',(0.,-0.433881255542795,-0.900970063924772));
#2087=DIRECTION('',(-1.,0.,0.));
#2088=DIRECTION('',(0.,-0.433881255542795,-0.900970063924772));
#2089=DIRECTION('',(-1.,0.,0.));
#2090=DIRECTION('',(0.,0.,1.));
#2091=DIRECTION('',(-1.,0.,0.));
#2092=DIRECTION('',(0.,-0.433881255542795,-0.900970063924772));
#2093=DIRECTION('',(1.,0.,0.));
#2094=DIRECTION('',(0.,0.433881255542795,0.900970063924772));
#2095=DIRECTION('',(-1.,0.,0.));
#2096=DIRECTION('',(1.,0.,0.));
#2097=DIRECTION('',(1.,0.,0.));
#2098=DIRECTION('',(0.,0.433881255542795,0.900970063924772));
#2099=DIRECTION('',(-1.,0.,0.));
#2100=DIRECTION('',(1.,0.,0.));
#2101=DIRECTION('',(1.,0.,0.));
#2102=DIRECTION('',(0.,0.433881255542795,0.900970063924772));
#2103=DIRECTION('',(1.,0.,0.));
#2104=DIRECTION('',(0.,0.,-1.));
#2105=DIRECTION('',(1.,0.,0.));
#2106=DIRECTION('',(0.,0.433881255542795,0.900970063924772));
#2107=DIRECTION('',(-1.,0.,0.));
#2108=DIRECTION('',(0.,0.,1.));
#2109=DIRECTION('',(-1.,0.,0.));
#2110=DIRECTION('',(0.,0.,1.));
#2111=DIRECTION('',(-1.,0.,0.));
#2112=DIRECTION('',(0.,0.,1.));
#2113=DIRECTION('',(0.,0.433881253055433,-0.900970065122614));
#2114=DIRECTION('',(1.,0.,0.));
#2115=DIRECTION('',(0.,-0.433881253055433,0.900970065122614));
#2116=DIRECTION('',(1.,0.,0.));
#2117=DIRECTION('',(0.,-0.433881253055433,0.900970065122614));
#2118=DIRECTION('',(-1.,0.,0.));
#2119=DIRECTION('',(1.,0.,0.));
#2120=DIRECTION('',(0.,-0.433881253055433,0.900970065122614));
#2121=DIRECTION('',(1.,0.,0.));
#2122=DIRECTION('',(0.,-0.433881253055433,0.900970065122614));
#2123=DIRECTION('',(1.,0.,0.));
#2124=DIRECTION('',(0.,-0.433881253055433,0.900970065122614));
#2125=DIRECTION('',(1.,0.,0.));
#2126=DIRECTION('',(0.,-0.433881253055433,0.900970065122614));
#2127=DIRECTION('',(1.,0.,0.));
#2128=DIRECTION('',(0.,-0.433881253055433,0.900970065122614));
#2129=DIRECTION('',(-1.,0.,0.));
#2130=DIRECTION('',(0.,0.433881253055433,-0.900970065122614));
#2131=DIRECTION('',(1.,0.,0.));
#2132=DIRECTION('',(0.,-0.433881253055433,0.900970065122614));
#2133=DIRECTION('',(-1.,0.,0.));
#2134=DIRECTION('',(0.,0.433881253055433,-0.900970065122614));
#2135=DIRECTION('',(1.,0.,0.));
#2136=DIRECTION('',(0.,-0.433881253055433,0.900970065122614));
#2137=DIRECTION('',(-1.,0.,0.));
#2138=DIRECTION('',(0.,0.433881253055433,-0.900970065122614));
#2139=DIRECTION('',(-1.,0.,0.));
#2140=DIRECTION('',(0.,0.433881253055433,-0.900970065122614));
#2141=DIRECTION('',(-1.,0.,0.));
#2142=DIRECTION('',(0.,0.,1.));
#2143=DIRECTION('',(-1.,0.,0.));
#2144=DIRECTION('',(0.,0.433881253055433,-0.900970065122614));
#2145=DIRECTION('',(1.,0.,0.));
#2146=DIRECTION('',(0.,-0.433881253055433,0.900970065122614));
#2147=DIRECTION('',(-1.,0.,0.));
#2148=DIRECTION('',(1.,0.,0.));
#2149=DIRECTION('',(1.,0.,0.));
#2150=DIRECTION('',(0.,-0.433881253055433,0.900970065122614));
#2151=DIRECTION('',(-1.,0.,0.));
#2152=DIRECTION('',(1.,0.,0.));
#2153=DIRECTION('',(1.,0.,0.));
#2154=DIRECTION('',(0.,-0.433881253055433,0.900970065122614));
#2155=DIRECTION('',(1.,0.,0.));
#2156=DIRECTION('',(0.,0.,-1.));
#2157=DIRECTION('',(1.,0.,0.));
#2158=DIRECTION('',(0.,-0.433881253055433,0.900970065122614));
#2159=DIRECTION('',(-1.,0.,0.));
#2160=DIRECTION('',(0.,0.,1.));
#2161=DIRECTION('',(-1.,0.,0.));
#2162=DIRECTION('',(0.,0.,1.));
#2163=DIRECTION('',(-1.,0.,0.));
#2164=DIRECTION('',(0.,0.,1.));
#2165=DIRECTION('',(0.,0.9749263778067,-0.222527656386139));
#2166=DIRECTION('',(1.,0.,0.));
#2167=DIRECTION('',(0.,-0.9749263778067,0.222527656386139));
#2168=DIRECTION('',(1.,0.,0.));
#2169=DIRECTION('',(0.,-0.9749263778067,0.222527656386139));
#2170=DIRECTION('',(-1.,0.,0.));
#2171=DIRECTION('',(1.,0.,0.));
#2172=DIRECTION('',(0.,-0.9749263778067,0.222527656386139));
#2173=DIRECTION('',(1.,0.,0.));
#2174=DIRECTION('',(0.,-0.9749263778067,0.222527656386139));
#2175=DIRECTION('',(1.,0.,0.));
#2176=DIRECTION('',(0.,-0.9749263778067,0.222527656386139));
#2177=DIRECTION('',(1.,0.,0.));
#2178=DIRECTION('',(0.,-0.9749263778067,0.222527656386139));
#2179=DIRECTION('',(1.,0.,0.));
#2180=DIRECTION('',(0.,-0.9749263778067,0.222527656386139));
#2181=DIRECTION('',(-1.,0.,0.));
#2182=DIRECTION('',(0.,0.9749263778067,-0.222527656386139));
#2183=DIRECTION('',(1.,0.,0.));
#2184=DIRECTION('',(0.,-0.9749263778067,0.222527656386139));
#2185=DIRECTION('',(-1.,0.,0.));
#2186=DIRECTION('',(0.,0.9749263778067,-0.222527656386139));
#2187=DIRECTION('',(1.,0.,0.));
#2188=DIRECTION('',(0.,-0.9749263778067,0.222527656386139));
#2189=DIRECTION('',(-1.,0.,0.));
#2190=DIRECTION('',(0.,0.9749263778067,-0.222527656386139));
#2191=DIRECTION('',(-1.,0.,0.));
#2192=DIRECTION('',(0.,0.9749263778067,-0.222527656386139));
#2193=DIRECTION('',(-1.,0.,0.));
#2194=DIRECTION('',(0.,0.,1.));
#2195=DIRECTION('',(-1.,0.,0.));
#2196=DIRECTION('',(0.,0.9749263778067,-0.222527656386139));
#2197=DIRECTION('',(1.,0.,0.));
#2198=DIRECTION('',(0.,-0.9749263778067,0.222527656386139));
#2199=DIRECTION('',(-1.,0.,0.));
#2200=DIRECTION('',(1.,0.,0.));
#2201=DIRECTION('',(1.,0.,0.));
#2202=DIRECTION('',(0.,-0.9749263778067,0.222527656386139));
#2203=DIRECTION('',(-1.,0.,0.));
#2204=DIRECTION('',(1.,0.,0.));
#2205=DIRECTION('',(1.,0.,0.));
#2206=DIRECTION('',(0.,-0.9749263778067,0.222527656386139));
#2207=DIRECTION('',(1.,0.,0.));
#2208=DIRECTION('',(0.,0.,-1.));
#2209=DIRECTION('',(1.,0.,0.));
#2210=DIRECTION('',(0.,-0.9749263778067,0.222527656386139));
#2211=DIRECTION('',(-1.,0.,0.));
#2212=DIRECTION('',(0.,0.,1.));
#2213=DIRECTION('',(-1.,0.,0.));
#2214=DIRECTION('',(0.,0.,1.));
#2215=DIRECTION('',(-1.,0.,0.));
#2216=DIRECTION('',(0.,0.,1.));
#2217=DIRECTION('',(0.,0.781835780347749,0.623484412449924));
#2218=DIRECTION('',(1.,0.,0.));
#2219=DIRECTION('',(0.,-0.781835780347749,-0.623484412449924));
#2220=DIRECTION('',(1.,0.,0.));
#2221=DIRECTION('',(0.,-0.781835780347749,-0.623484412449924));
#2222=DIRECTION('',(-1.,0.,0.));
#2223=DIRECTION('',(1.,0.,0.));
#2224=DIRECTION('',(0.,-0.781835780347749,-0.623484412449924));
#2225=DIRECTION('',(1.,0.,0.));
#2226=DIRECTION('',(0.,-0.781835780347749,-0.623484412449924));
#2227=DIRECTION('',(1.,0.,0.));
#2228=DIRECTION('',(0.,-0.781835780347749,-0.623484412449924));
#2229=DIRECTION('',(1.,0.,0.));
#2230=DIRECTION('',(0.,-0.781835780347749,-0.623484412449924));
#2231=DIRECTION('',(1.,0.,0.));
#2232=DIRECTION('',(0.,-0.781835780347749,-0.623484412449924));
#2233=DIRECTION('',(-1.,0.,0.));
#2234=DIRECTION('',(0.,0.781835780347749,0.623484412449924));
#2235=DIRECTION('',(1.,0.,0.));
#2236=DIRECTION('',(0.,-0.781835780347749,-0.623484412449924));
#2237=DIRECTION('',(-1.,0.,0.));
#2238=DIRECTION('',(0.,0.781835780347749,0.623484412449924));
#2239=DIRECTION('',(1.,0.,0.));
#2240=DIRECTION('',(0.,-0.781835780347749,-0.623484412449924));
#2241=DIRECTION('',(-1.,0.,0.));
#2242=DIRECTION('',(0.,0.781835780347749,0.623484412449924));
#2243=DIRECTION('',(-1.,0.,0.));
#2244=DIRECTION('',(0.,0.781835780347749,0.623484412449924));
#2245=DIRECTION('',(-1.,0.,0.));
#2246=DIRECTION('',(0.,0.,1.));
#2247=DIRECTION('',(-1.,0.,0.));
#2248=DIRECTION('',(0.,0.781835780347749,0.623484412449924));
#2249=DIRECTION('',(1.,0.,0.));
#2250=DIRECTION('',(0.,-0.781835780347749,-0.623484412449924));
#2251=DIRECTION('',(-1.,0.,0.));
#2252=DIRECTION('',(1.,0.,0.));
#2253=DIRECTION('',(1.,0.,0.));
#2254=DIRECTION('',(0.,-0.781835780347749,-0.623484412449924));
#2255=DIRECTION('',(-1.,0.,0.));
#2256=DIRECTION('',(1.,0.,0.));
#2257=DIRECTION('',(1.,0.,0.));
#2258=DIRECTION('',(0.,-0.781835780347749,-0.623484412449924));
#2259=DIRECTION('',(1.,0.,0.));
#2260=DIRECTION('',(0.,0.,-1.));
#2261=DIRECTION('',(1.,0.,0.));
#2262=DIRECTION('',(0.,-0.781835780347749,-0.623484412449924));
#2263=DIRECTION('',(-1.,0.,0.));
#2264=DIRECTION('',(0.,0.,1.));
#2265=DIRECTION('',(-1.,0.,0.));
#2266=DIRECTION('',(0.,0.,1.));
#2267=DIRECTION('',(-1.,0.,0.));
#2268=DIRECTION('',(0.,0.,1.));
#2269=DIRECTION('',(-1.,0.,0.));
#2270=DIRECTION('',(0.,0.,1.));
#2271=DIRECTION('',(-1.,0.,0.));
#2272=DIRECTION('',(0.,0.,1.));
#2273=DIRECTION('',(-1.,0.,0.));
#2274=DIRECTION('',(0.,0.,1.));
#2275=DIRECTION('',(1.,0.,0.));
#2276=DIRECTION('',(0.,0.,-1.));
#2277=DIRECTION('',(1.,0.,0.));
#2278=DIRECTION('',(0.,0.,-1.));
#2279=DIRECTION('',(-1.,0.,0.));
#2280=DIRECTION('',(1.,0.,0.));
#2281=DIRECTION('',(0.,0.,-1.));
#2282=DIRECTION('',(1.,0.,0.));
#2283=DIRECTION('',(1.,0.,0.));
#2284=DIRECTION('',(0.,0.,-1.));
#2285=DIRECTION('',(1.,0.,0.));
#2286=DIRECTION('',(0.,0.,-1.));
#2287=DIRECTION('',(-1.,0.,0.));
#2288=DIRECTION('',(1.,0.,0.));
#2289=DIRECTION('',(0.,0.,-1.));
#2290=DIRECTION('',(1.,0.,0.));
#2291=DIRECTION('',(1.,0.,0.));
#2292=DIRECTION('',(0.,0.,-1.));
#2293=DIRECTION('',(-1.,0.,0.));
#2294=DIRECTION('',(0.,0.,1.));
#2295=DIRECTION('',(-1.,0.,0.));
#2296=DIRECTION('',(0.,0.,1.));
#2297=DIRECTION('',(-1.,0.,0.));
#2298=DIRECTION('',(0.,0.,1.));
#2299=DIRECTION('',(1.,0.,0.));
#2300=DIRECTION('',(0.,0.,-1.));
#2301=DIRECTION('',(-1.,0.,0.));
#2302=DIRECTION('',(0.,0.,1.));
#2303=DIRECTION('',(-1.,0.,0.));
#2304=DIRECTION('',(0.,0.,1.));
#2305=DIRECTION('',(-1.,0.,0.));
#2306=DIRECTION('',(0.,0.,1.));
#2307=DIRECTION('',(1.,0.,0.));
#2308=DIRECTION('',(0.,0.,-1.));
#2309=DIRECTION('',(1.,0.,0.));
#2310=DIRECTION('',(0.,0.,-1.));
#2311=DIRECTION('',(1.,0.,0.));
#2312=DIRECTION('',(0.,0.,-1.));
#2313=DIRECTION('',(1.,0.,0.));
#2314=DIRECTION('',(0.,0.,-1.));
#2315=DIRECTION('',(-1.,0.,0.));
#2316=DIRECTION('',(0.,0.,1.));
#2317=DIRECTION('',(-1.,0.,0.));
#2318=DIRECTION('',(0.,0.,1.));
#2319=DIRECTION('',(-1.,0.,0.));
#2320=DIRECTION('',(0.,0.,1.));
#2321=DIRECTION('',(-1.,0.,0.));
#2322=DIRECTION('',(0.,0.,1.));
#2323=DIRECTION('',(1.,0.,0.));
#2324=DIRECTION('',(0.,0.,-1.));
#2325=DIRECTION('',(-1.,0.,0.));
#2326=DIRECTION('',(0.,0.,1.));
#2327=DIRECTION('',(-1.,0.,0.));
#2328=DIRECTION('',(0.,0.,1.));
#2329=DIRECTION('',(-1.,0.,0.));
#2330=DIRECTION('',(0.,0.,1.));
#2331=DIRECTION('',(-1.,0.,0.));
#2332=DIRECTION('',(0.,0.,1.));
#2333=DIRECTION('',(-1.,0.,0.));
#2334=DIRECTION('',(0.,0.,1.));
#2335=DIRECTION('',(1.,0.,0.));
#2336=DIRECTION('',(0.,0.,-1.));
#2337=DIRECTION('',(-1.,0.,0.));
#2338=DIRECTION('',(0.,0.,1.));
#2339=DIRECTION('',(-1.,0.,0.));
#2340=DIRECTION('',(0.,0.,1.));
#2341=DIRECTION('',(-1.,0.,0.));
#2342=DIRECTION('',(0.,0.,1.));
#2343=DIRECTION('',(1.,0.,0.));
#2344=DIRECTION('',(0.,0.,-1.));
#2345=DIRECTION('',(1.,0.,0.));
#2346=DIRECTION('',(0.,0.,-1.));
#2347=DIRECTION('',(0.,0.,1.));
#2348=DIRECTION('',(1.,0.,0.));
#2349=DIRECTION('',(0.,0.,-1.));
#2350=DIRECTION('',(1.,0.,0.));
#2351=DIRECTION('',(0.,0.,-1.));
#2352=DIRECTION('',(-1.,0.,0.));
#2353=DIRECTION('',(-1.,0.,0.));
#2354=DIRECTION('',(0.,0.,1.));
#2355=DIRECTION('',(1.,0.,0.));
#2356=DIRECTION('',(0.,0.,-1.));
#2357=DIRECTION('',(-1.,0.,0.));
#2358=DIRECTION('',(0.,0.,1.));
#2359=DIRECTION('',(-1.,0.,0.));
#2360=DIRECTION('',(0.,0.,1.));
#2361=DIRECTION('',(-1.,0.,0.));
#2362=DIRECTION('',(0.,0.,1.));
#2363=DIRECTION('',(1.,0.,0.));
#2364=DIRECTION('',(0.,0.,-1.));
#2365=DIRECTION('',(1.,0.,0.));
#2366=DIRECTION('',(0.,0.,-1.));
#2367=DIRECTION('',(-1.,0.,0.));
#2368=DIRECTION('',(0.,0.,1.));
#2369=DIRECTION('',(1.,0.,0.));
#2370=DIRECTION('',(0.,0.,-1.));
#2371=DIRECTION('',(-1.,0.,0.));
#2372=DIRECTION('',(0.,0.,1.));
#2373=DIRECTION('',(-1.,0.,0.));
#2374=DIRECTION('',(0.,0.,1.));
#2375=DIRECTION('',(-1.,0.,0.));
#2376=DIRECTION('',(0.,0.,1.));
#2377=DIRECTION('',(-1.,0.,0.));
#2378=DIRECTION('',(0.,0.,1.));
#2379=DIRECTION('',(1.,0.,0.));
#2380=DIRECTION('',(0.,0.,-1.));
#2381=CARTESIAN_POINT('',(0.,0.,0.));
#2382=CARTESIAN_POINT('',(4.2,-3.67460546177962,2.93040472484343));
#2383=CARTESIAN_POINT('',(5.20417042793042E-15,-3.06609285907749,2.58440990934371));
#2384=CARTESIAN_POINT('',(-4.2,-3.06609285907749,2.58440990934371));
#2385=CARTESIAN_POINT('',(4.2,-3.06609285907749,2.58440990934371));
#2386=CARTESIAN_POINT('',(-4.2,-3.67460546177962,2.93040472484343));
#2387=CARTESIAN_POINT('',(-4.2,-3.08605865040056,3.30936732301842));
#2388=CARTESIAN_POINT('',(-5.20417042793042E-15,-3.08605865040056,3.30936732301842));
#2389=CARTESIAN_POINT('',(4.2,-3.08605865040056,3.30936732301842));
#2390=CARTESIAN_POINT('',(4.2,-3.67460546177962,2.93040472484343));
#2391=CARTESIAN_POINT('',(4.2,-3.67460546177962,2.93040472484343));
#2392=CARTESIAN_POINT('',(5.20417042793042E-15,-3.20187946543945,2.41413916102554));
#2393=CARTESIAN_POINT('',(4.2,-3.20187946543945,2.41413916102554));
#2394=CARTESIAN_POINT('',(-4.2,-3.20187946543945,2.41413916102554));
#2395=CARTESIAN_POINT('',(4.2,-3.67460546177962,2.93040472484343));
#2396=CARTESIAN_POINT('',(4.2,-3.9130936206806,2.27228361284046));
#2397=CARTESIAN_POINT('',(-5.20417042793042E-15,-3.9130936206806,2.27228361284046));
#2398=CARTESIAN_POINT('',(-4.2,-3.9130936206806,2.27228361284046));
#2399=CARTESIAN_POINT('',(-4.2,-3.67460546177962,2.93040472484343));
#2400=CARTESIAN_POINT('',(4.2,-4.58216117704408,-1.0458446499084));
#2401=CARTESIAN_POINT('',(5.20417042793042E-15,-3.93225123298727,-0.785811835409765));
#2402=CARTESIAN_POINT('',(-4.2,-3.93225123298727,-0.785811835409766));
#2403=CARTESIAN_POINT('',(4.2,-3.93225123298727,-0.785811835409766));
#2404=CARTESIAN_POINT('',(-4.2,-4.58216117704408,-1.0458446499084));
#2405=CARTESIAN_POINT('',(-4.2,-4.51149313357161,-0.349420908475222));
#2406=CARTESIAN_POINT('',(-5.20417042793042E-15,-4.51149313357161,-0.349420908475222));
#2407=CARTESIAN_POINT('',(4.2,-4.51149313357161,-0.349420908475222));
#2408=CARTESIAN_POINT('',(4.2,-4.58216117704408,-1.0458446499084));
#2409=CARTESIAN_POINT('',(4.2,-4.58216117704408,-1.0458446499084));
#2410=CARTESIAN_POINT('',(5.20417042793042E-15,-3.88378846669717,-0.998141846607989));
#2411=CARTESIAN_POINT('',(4.2,-3.88378846669717,-0.99814184660799));
#2412=CARTESIAN_POINT('',(-4.2,-3.88378846669717,-0.998141846607989));
#2413=CARTESIAN_POINT('',(4.2,-4.58216117704408,-1.0458446499084));
#2414=CARTESIAN_POINT('',(4.2,-4.21631630613575,-1.64263400171528));
#2415=CARTESIAN_POINT('',(-5.20417042793042E-15,-4.21631630613575,-1.64263400171528));
#2416=CARTESIAN_POINT('',(-4.2,-4.21631630613575,-1.64263400171528));
#2417=CARTESIAN_POINT('',(-4.2,-4.58216117704408,-1.0458446499084));
#2418=CARTESIAN_POINT('',(4.2,-2.03925436527356,-4.23455195188702));
#2419=CARTESIAN_POINT('',(5.20417042793042E-15,-1.8373462409083,-3.56430340894544));
#2420=CARTESIAN_POINT('',(-4.2,-1.8373462409083,-3.56430340894544));
#2421=CARTESIAN_POINT('',(4.2,-1.8373462409083,-3.56430340894544));
#2422=CARTESIAN_POINT('',(-4.2,-2.03925436527356,-4.23455195188702));
#2423=CARTESIAN_POINT('',(-4.2,-2.53967754261796,-3.74508628038743));
#2424=CARTESIAN_POINT('',(-4.33680868994202E-15,-2.53967754261796,-3.74508628038743));
#2425=CARTESIAN_POINT('',(4.2,-2.53967754261796,-3.74508628038743));
#2426=CARTESIAN_POINT('',(4.2,-2.03925436527356,-4.23455195188702));
#2427=CARTESIAN_POINT('',(4.2,-2.03925436527356,-4.23455195188702));
#2428=CARTESIAN_POINT('',(5.20417042793042E-15,-1.64112025147092,-3.65880094022782));
#2429=CARTESIAN_POINT('',(4.2,-1.64112025147092,-3.65880094022782));
#2430=CARTESIAN_POINT('',(-4.2,-1.64112025147092,-3.65880094022782));
#2431=CARTESIAN_POINT('',(4.2,-2.03925436527356,-4.23455195188702));
#2432=CARTESIAN_POINT('',(4.2,-1.34456547151791,-4.32061786205221));
#2433=CARTESIAN_POINT('',(-4.33680868994202E-15,-1.34456547151791,-4.32061786205221));
#2434=CARTESIAN_POINT('',(-4.2,-1.34456547151791,-4.32061786205221));
#2435=CARTESIAN_POINT('',(-4.2,-2.03925436527356,-4.23455195188702));
#2436=CARTESIAN_POINT('',(4.2,2.03925435358296,-4.23455195751692));
#2437=CARTESIAN_POINT('',(5.20417042793042E-15,1.64112024136982,-3.65880094475857));
#2438=CARTESIAN_POINT('',(-4.2,1.64112024136982,-3.65880094475857));
#2439=CARTESIAN_POINT('',(4.2,1.64112024136982,-3.65880094475857));
#2440=CARTESIAN_POINT('',(-4.2,2.03925435358296,-4.23455195751692));
#2441=CARTESIAN_POINT('',(-4.2,1.3445654595897,-4.32061786576424));
#2442=CARTESIAN_POINT('',(-5.20417042793042E-15,1.3445654595897,-4.32061786576424));
#2443=CARTESIAN_POINT('',(4.2,1.3445654595897,-4.32061786576424));
#2444=CARTESIAN_POINT('',(4.2,2.03925435358296,-4.23455195751692));
#2445=CARTESIAN_POINT('',(4.2,2.03925435358296,-4.23455195751692));
#2446=CARTESIAN_POINT('',(5.20417042793042E-15,1.8373462310681,-3.56430341401792));
#2447=CARTESIAN_POINT('',(4.2,1.8373462310681,-3.56430341401792));
#2448=CARTESIAN_POINT('',(-4.2,1.8373462310681,-3.56430341401792));
#2449=CARTESIAN_POINT('',(4.2,2.03925435358296,-4.23455195751692));
#2450=CARTESIAN_POINT('',(4.2,2.53967753227866,-3.74508628739888));
#2451=CARTESIAN_POINT('',(-5.20417042793042E-15,2.53967753227866,-3.74508628739888));
#2452=CARTESIAN_POINT('',(-4.2,2.53967753227866,-3.74508628739888));
#2453=CARTESIAN_POINT('',(-4.2,2.03925435358296,-4.23455195751692));
#2454=CARTESIAN_POINT('',(4.2,4.58216117415675,-1.04584466255867));
#2455=CARTESIAN_POINT('',(5.20417042793042E-15,3.88378846394153,-0.998141857330225));
#2456=CARTESIAN_POINT('',(-4.2,3.88378846394153,-0.998141857330225));
#2457=CARTESIAN_POINT('',(4.2,3.88378846394153,-0.998141857330225));
#2458=CARTESIAN_POINT('',(-4.2,4.58216117415675,-1.04584466255867));
#2459=CARTESIAN_POINT('',(-4.2,4.21631630160083,-1.64263401335554));
#2460=CARTESIAN_POINT('',(-5.20417042793042E-15,4.21631630160083,-1.64263401335554));
#2461=CARTESIAN_POINT('',(4.2,4.21631630160083,-1.64263401335554));
#2462=CARTESIAN_POINT('',(4.2,4.58216117415675,-1.04584466255867));
#2463=CARTESIAN_POINT('',(4.2,4.58216117415675,-1.04584466255867));
#2464=CARTESIAN_POINT('',(5.20417042793042E-15,3.93225123081783,-0.785811846265785));
#2465=CARTESIAN_POINT('',(4.2,3.93225123081783,-0.785811846265784));
#2466=CARTESIAN_POINT('',(-4.2,3.93225123081783,-0.785811846265785));
#2467=CARTESIAN_POINT('',(4.2,4.58216117415675,-1.04584466255867));
#2468=CARTESIAN_POINT('',(4.2,4.51149313260693,-0.349420920930398));
#2469=CARTESIAN_POINT('',(-5.20417042793042E-15,4.51149313260693,-0.349420920930398));
#2470=CARTESIAN_POINT('',(-4.2,4.51149313260693,-0.349420920930398));
#2471=CARTESIAN_POINT('',(-4.2,4.58216117415675,-1.04584466255867));
#2472=CARTESIAN_POINT('',(4.2,3.67460546986978,2.93040471469871));
#2473=CARTESIAN_POINT('',(5.20417042793042E-15,3.20187947210432,2.4141391521859));
#2474=CARTESIAN_POINT('',(-4.2,3.20187947210432,2.4141391521859));
#2475=CARTESIAN_POINT('',(4.2,3.20187947210432,2.4141391521859));
#2476=CARTESIAN_POINT('',(-4.2,3.67460546986978,2.93040471469871));
#2477=CARTESIAN_POINT('',(-4.2,3.91309362695384,2.27228360203732));
#2478=CARTESIAN_POINT('',(-5.20417042793042E-15,3.91309362695384,2.27228360203732));
#2479=CARTESIAN_POINT('',(4.2,3.91309362695384,2.27228360203732));
#2480=CARTESIAN_POINT('',(4.2,3.67460546986978,2.93040471469871));
#2481=CARTESIAN_POINT('',(4.2,3.67460546986978,2.93040471469871));
#2482=CARTESIAN_POINT('',(5.20417042793042E-15,3.06609286621244,2.58440990087895));
#2483=CARTESIAN_POINT('',(4.2,3.06609286621244,2.58440990087895));
#2484=CARTESIAN_POINT('',(-4.2,3.06609286621244,2.58440990087895));
#2485=CARTESIAN_POINT('',(4.2,3.67460546986978,2.93040471469871));
#2486=CARTESIAN_POINT('',(4.2,3.08605865953694,3.30936731449854));
#2487=CARTESIAN_POINT('',(-5.20417042793042E-15,3.08605865953694,3.30936731449854));
#2488=CARTESIAN_POINT('',(-4.2,3.08605865953694,3.30936731449854));
#2489=CARTESIAN_POINT('',(-4.2,3.67460546986978,2.93040471469871));
#2490=CARTESIAN_POINT('',(4.2,0.,4.7));
#2491=CARTESIAN_POINT('',(5.20417042793042E-15,0.108890656528581,4.00852127659574));
#2492=CARTESIAN_POINT('',(-4.2,0.108890656528581,4.00852127659574));
#2493=CARTESIAN_POINT('',(4.2,0.108890656528581,4.00852127659574));
#2494=CARTESIAN_POINT('',(-4.2,0.,4.7));
#2495=CARTESIAN_POINT('',(-4.2,0.663236282176762,4.47613031914894));
#2496=CARTESIAN_POINT('',(-5.20417042793042E-15,0.663236282176762,4.47613031914894));
#2497=CARTESIAN_POINT('',(4.2,0.663236282176762,4.47613031914894));
#2498=CARTESIAN_POINT('',(4.2,0.,4.7));
#2499=CARTESIAN_POINT('',(4.2,0.,4.7));
#2500=CARTESIAN_POINT('',(5.20417042793042E-15,-0.108890656528581,4.00852127659574));
#2501=CARTESIAN_POINT('',(4.2,-0.108890656528581,4.00852127659574));
#2502=CARTESIAN_POINT('',(-4.2,-0.108890656528581,4.00852127659574));
#2503=CARTESIAN_POINT('',(4.2,0.,4.7));
#2504=CARTESIAN_POINT('',(4.2,-0.663236282176762,4.47613031914894));
#2505=CARTESIAN_POINT('',(-5.20417042793042E-15,-0.663236282176762,4.47613031914894));
#2506=CARTESIAN_POINT('',(-4.2,-0.663236282176762,4.47613031914894));
#2507=CARTESIAN_POINT('',(-4.2,0.,4.7));
#2508=CARTESIAN_POINT('',(0.,0.,0.));
#2509=CARTESIAN_POINT('',(-0.35,0.,0.));
#2510=CARTESIAN_POINT('',(-0.35,-5.86374564193142,4.67616108574979));
#2511=CARTESIAN_POINT('',(-0.35,3.66375855818314E-12,7.50000000000001));
#2512=CARTESIAN_POINT('',(-0.350000000000005,-5.86374564193369,4.67616108574692));
#2513=CARTESIAN_POINT('',(-0.350000000000005,-5.75334302927473,4.68859138121894));
#2514=CARTESIAN_POINT('',(-0.308835956105638,-5.52944151297749,4.71191663086988));
#2515=CARTESIAN_POINT('',(-0.00120614749177745,-5.2834534567141,4.73336098898812));
#2516=CARTESIAN_POINT('',(0.308580136261056,-5.52783875570681,4.71207209326765));
#2517=CARTESIAN_POINT('',(0.350000000000005,-5.75334302927473,4.68859138121894));
#2518=CARTESIAN_POINT('',(0.350000000000005,-5.86374564193369,4.67616108574692));
#2519=CARTESIAN_POINT('',(0.35,-5.8637456419337,4.67616108574693));
#2520=CARTESIAN_POINT('',(0.35,0.,0.));
#2521=CARTESIAN_POINT('',(0.35,0.,7.50000000000001));
#2522=CARTESIAN_POINT('',(0.350000000000005,0.,7.49999999999999));
#2523=CARTESIAN_POINT('',(0.350000000000005,-0.0785527580638348,7.42143338286516));
#2524=CARTESIAN_POINT('',(0.308835556817281,-0.236388998196602,7.26092235239663));
#2525=CARTESIAN_POINT('',(0.00120598972053885,-0.40652374488423,7.08197212973921));
#2526=CARTESIAN_POINT('',(-0.308579611080012,-0.237509878107396,7.25976615256141));
#2527=CARTESIAN_POINT('',(-0.350000000000005,-0.0785527580638348,7.42143338286516));
#2528=CARTESIAN_POINT('',(-0.350000000000005,0.,7.49999999999999));
#2529=CARTESIAN_POINT('',(0.,-4.22189050681815,3.36684381506931));
#2530=CARTESIAN_POINT('',(0.,-4.22189050681815,3.36684381506931));
#2531=CARTESIAN_POINT('',(0.35,-4.22189050681815,3.36684381506931));
#2532=CARTESIAN_POINT('',(0.350000000000005,-5.86374564193369,4.67616108574692));
#2533=CARTESIAN_POINT('',(0.350000000000005,-5.85129587002934,4.56576066769075));
#2534=CARTESIAN_POINT('',(0.308834845731459,-5.82421225244313,4.34228210627058));
#2535=CARTESIAN_POINT('',(0.00120576352254099,-5.7903795369833,4.09769458030317));
#2536=CARTESIAN_POINT('',(-0.308578709817698,-5.82400713725561,4.3406847969902));
#2537=CARTESIAN_POINT('',(-0.350000000000005,-5.85129587002934,4.56576066769076));
#2538=CARTESIAN_POINT('',(-0.350000000000005,-5.86374564193369,4.67616108574692));
#2539=CARTESIAN_POINT('',(0.,-4.22189050681815,3.36684381506931));
#2540=CARTESIAN_POINT('',(-4.2,-3.67460546177962,2.93040472484343));
#2541=CARTESIAN_POINT('',(-4.2,2.26977647031345E-5,2.79761839961506E-5));
#2542=CARTESIAN_POINT('',(-4.2,-4.20251434234885,2.47071764234474));
#2543=CARTESIAN_POINT('',(-4.2,-3.34392297377081,3.54737238373999));
#2544=CARTESIAN_POINT('',(-4.2,-3.67460546177962,2.93040472484343));
#2545=CARTESIAN_POINT('',(-4.2,-4.37128004023053,2.86225392337882));
#2546=CARTESIAN_POINT('',(-4.2,2.26977647031345E-5,2.79761839961506E-5));
#2547=CARTESIAN_POINT('',(-4.2,-3.76319759023903,3.62477597624648));
#2548=CARTESIAN_POINT('',(-4.2,-3.67460546177962,2.93040472484343));
#2549=CARTESIAN_POINT('',(4.2,-3.1273204167411,2.49396563461755));
#2550=CARTESIAN_POINT('',(4.2,-3.67460546177962,2.93040472484343));
#2551=CARTESIAN_POINT('',(4.2,-4.37128004023053,2.86225392337882));
#2552=CARTESIAN_POINT('',(4.2,-4.20251434234885,2.47071764234474));
#2553=CARTESIAN_POINT('',(4.2,2.26977647031345E-5,2.79761839961506E-5));
#2554=CARTESIAN_POINT('',(4.2,-3.34392297377081,3.54737238373999));
#2555=CARTESIAN_POINT('',(4.2,-3.67460546177962,2.93040472484343));
#2556=CARTESIAN_POINT('',(4.2,-3.76319759023903,3.62477597624648));
#2557=CARTESIAN_POINT('',(4.2,2.26977647031345E-5,2.79761839961506E-5));
#2558=CARTESIAN_POINT('',(4.2,-3.1273204167411,2.49396563461755));
#2559=CARTESIAN_POINT('',(4.2,0.,0.));
#2560=CARTESIAN_POINT('',(4.2,2.26977647031345E-5,2.79761839961506E-5));
#2561=CARTESIAN_POINT('',(4.2,-3.67460546177962,2.93040472484343));
#2562=CARTESIAN_POINT('',(-5.20417042793042E-15,-4.20251434234885,2.47071764234474));
#2563=CARTESIAN_POINT('',(-8.67361737988404E-16,-4.37128004023053,2.86225392337882));
#2564=CARTESIAN_POINT('',(4.2,-3.67460546177962,2.93040472484343));
#2565=CARTESIAN_POINT('',(-5.20417042793042E-15,-3.34392297377081,3.54737238373999));
#2566=CARTESIAN_POINT('',(-8.67361737988404E-16,-3.76319759023903,3.62477597624648));
#2567=CARTESIAN_POINT('',(-4.2,-3.67460546177962,2.93040472484343));
#2568=CARTESIAN_POINT('',(-4.2,0.,0.));
#2569=CARTESIAN_POINT('',(-4.2,2.26977647031345E-5,2.79761839961506E-5));
#2570=CARTESIAN_POINT('',(0.,0.,0.));
#2571=CARTESIAN_POINT('',(-0.35,0.,0.));
#2572=CARTESIAN_POINT('',(-0.35,-7.31195503662383,-1.66892208024971));
#2573=CARTESIAN_POINT('',(-0.350000000000005,-7.311955036623,-1.66892208025328));
#2574=CARTESIAN_POINT('',(-0.350000000000005,-7.25283853005814,-1.57485567934938));
#2575=CARTESIAN_POINT('',(-0.308835679093392,-7.13147509934885,-1.38525905496011));
#2576=CARTESIAN_POINT('',(-0.00120608672549474,-6.99487002199708,-1.17956816807261));
#2577=CARTESIAN_POINT('',(0.30857980215375,-7.13059732252793,-1.38390900984373));
#2578=CARTESIAN_POINT('',(0.350000000000005,-7.25283853005813,-1.57485567934938));
#2579=CARTESIAN_POINT('',(0.350000000000005,-7.311955036623,-1.66892208025328));
#2580=CARTESIAN_POINT('',(0.35,-7.31195503662302,-1.66892208025328));
#2581=CARTESIAN_POINT('',(0.35,0.,0.));
#2582=CARTESIAN_POINT('',(0.,-5.26460964193882,-1.20161400749462));
#2583=CARTESIAN_POINT('',(0.,-5.26460964193882,-1.20161400749462));
#2584=CARTESIAN_POINT('',(0.35,-5.26460964193882,-1.20161400749462));
#2585=CARTESIAN_POINT('',(0.350000000000005,-7.311955036623,-1.66892208025328));
#2586=CARTESIAN_POINT('',(0.350000000000005,-7.21787820817176,-1.7280219912177));
#2587=CARTESIAN_POINT('',(0.308834568280004,-7.02626955760701,-1.84618425634427));
#2588=CARTESIAN_POINT('',(0.00120570260509542,-6.81394934703337,-1.97223004792682));
#2589=CARTESIAN_POINT('',(-0.308578375146271,-7.02489281323117,-1.84701981533946));
#2590=CARTESIAN_POINT('',(-0.350000000000005,-7.21787820817176,-1.7280219912177));
#2591=CARTESIAN_POINT('',(-0.350000000000005,-7.311955036623,-1.66892208025328));
#2592=CARTESIAN_POINT('',(0.,-5.26460964193882,-1.20161400749462));
#2593=CARTESIAN_POINT('',(-4.2,-4.58216117704408,-1.0458446499084));
#2594=CARTESIAN_POINT('',(-4.2,-7.19846516943068E-6,3.53224562286113E-5));
#2595=CARTESIAN_POINT('',(-4.2,-4.55190914579464,-1.74519064053485));
#2596=CARTESIAN_POINT('',(-4.2,-4.85834875880744,-0.402633627241871));
#2597=CARTESIAN_POINT('',(-4.2,-4.58216117704408,-1.0458446499084));
#2598=CARTESIAN_POINT('',(-4.2,-4.96324822859507,-1.63301809884847));
#2599=CARTESIAN_POINT('',(-4.2,-7.19846516943068E-6,3.53224562286113E-5));
#2600=CARTESIAN_POINT('',(-4.2,-5.18027877126624,-0.682175372292168));
#2601=CARTESIAN_POINT('',(-4.2,-4.58216117704408,-1.0458446499084));
#2602=CARTESIAN_POINT('',(4.2,-3.89971271214934,-0.890075292322174));
#2603=CARTESIAN_POINT('',(4.2,-4.58216117704408,-1.0458446499084));
#2604=CARTESIAN_POINT('',(4.2,-4.96324822859507,-1.63301809884847));
#2605=CARTESIAN_POINT('',(4.2,-4.55190914579464,-1.74519064053485));
#2606=CARTESIAN_POINT('',(4.2,-7.19846516943068E-6,3.53224562286113E-5));
#2607=CARTESIAN_POINT('',(4.2,-4.85834875880744,-0.402633627241871));
#2608=CARTESIAN_POINT('',(4.2,-4.58216117704408,-1.0458446499084));
#2609=CARTESIAN_POINT('',(4.2,-5.18027877126624,-0.682175372292168));
#2610=CARTESIAN_POINT('',(4.2,-7.19846516943068E-6,3.53224562286113E-5));
#2611=CARTESIAN_POINT('',(4.2,-3.89971271214934,-0.890075292322174));
#2612=CARTESIAN_POINT('',(4.2,0.,0.));
#2613=CARTESIAN_POINT('',(4.2,-7.19846516943068E-6,3.53224562286113E-5));
#2614=CARTESIAN_POINT('',(4.2,-4.58216117704408,-1.0458446499084));
#2615=CARTESIAN_POINT('',(-5.20417042793042E-15,-4.55190914579464,-1.74519064053485));
#2616=CARTESIAN_POINT('',(-8.67361737988404E-16,-4.96324822859507,-1.63301809884847));
#2617=CARTESIAN_POINT('',(4.2,-4.58216117704408,-1.0458446499084));
#2618=CARTESIAN_POINT('',(-5.20417042793042E-15,-4.85834875880744,-0.402633627241871));
#2619=CARTESIAN_POINT('',(-8.67361737988404E-16,-5.18027877126624,-0.682175372292168));
#2620=CARTESIAN_POINT('',(-4.2,-4.58216117704408,-1.0458446499084));
#2621=CARTESIAN_POINT('',(-4.2,0.,0.));
#2622=CARTESIAN_POINT('',(-4.2,-7.19846516943068E-6,3.53224562286113E-5));
#2623=CARTESIAN_POINT('',(0.,0.,0.));
#2624=CARTESIAN_POINT('',(-0.35,0.,0.));
#2625=CARTESIAN_POINT('',(-0.349999999999999,-3.25412188079669,-6.7572681308748));
#2626=CARTESIAN_POINT('',(-0.350000000000004,-3.25412188079339,-6.75726813087638));
#2627=CARTESIAN_POINT('',(-0.350000000000004,-3.29080698176142,-6.65239939151897));
#2628=CARTESIAN_POINT('',(-0.308835155259321,-3.36337080122889,-6.4393019287591));
#2629=CARTESIAN_POINT('',(-0.00120592966716779,-3.43901306409874,-6.20425501886491));
#2630=CARTESIAN_POINT('',(0.308579144170427,-3.36387904155264,-6.43777384972787));
#2631=CARTESIAN_POINT('',(0.350000000000005,-3.29080698176142,-6.65239939151897));
#2632=CARTESIAN_POINT('',(0.350000000000005,-3.25412188079339,-6.75726813087638));
#2633=CARTESIAN_POINT('',(0.350000000000001,-3.25412188079339,-6.75726813087639));
#2634=CARTESIAN_POINT('',(0.35,0.,0.));
#2635=CARTESIAN_POINT('',(8.67361737988404E-16,-2.34297124415352,-4.86523099663437));
#2636=CARTESIAN_POINT('',(8.67361737988404E-16,-2.34297124415352,-4.86523099663437));
#2637=CARTESIAN_POINT('',(0.350000000000001,-2.34297124415352,-4.86523099663437));
#2638=CARTESIAN_POINT('',(0.350000000000005,-3.25412188079339,-6.75726813087638));
#2639=CARTESIAN_POINT('',(0.350000000000005,-3.14925961485294,-6.72056453010914));
#2640=CARTESIAN_POINT('',(0.308834710845962,-2.93741047870319,-6.64443258219723));
#2641=CARTESIAN_POINT('',(0.0012057759887753,-2.7064833143132,-6.55702241993144));
#2642=CARTESIAN_POINT('',(-0.308578573254409,-2.93589884293008,-6.64387717328421));
#2643=CARTESIAN_POINT('',(-0.350000000000004,-3.14925961485294,-6.72056453010914));
#2644=CARTESIAN_POINT('',(-0.350000000000004,-3.25412188079339,-6.75726813087638));
#2645=CARTESIAN_POINT('',(8.67361737988404E-16,-2.34297124415352,-4.86523099663437));
#2646=CARTESIAN_POINT('',(-4.2,-2.03925436527356,-4.23455195188702));
#2647=CARTESIAN_POINT('',(-4.2,-1.24642224232779E-5,7.34855940508206E-6));
#2648=CARTESIAN_POINT('',(-4.2,-1.47362352531421,-4.64693739402446));
#2649=CARTESIAN_POINT('',(-4.2,-2.71433636770161,-4.0494457931625));
#2650=CARTESIAN_POINT('',(-4.2,-2.03925436527356,-4.23455195188702));
#2651=CARTESIAN_POINT('',(-4.2,-1.81779031396447,-4.89859537966699));
#2652=CARTESIAN_POINT('',(-4.2,-1.24642224232779E-5,7.34855940508206E-6));
#2653=CARTESIAN_POINT('',(-4.2,-2.69650367231599,-4.47543231304637));
#2654=CARTESIAN_POINT('',(-4.2,-2.03925436527356,-4.23455195188702));
#2655=CARTESIAN_POINT('',(4.2,-1.7355374863936,-3.60387290713967));
#2656=CARTESIAN_POINT('',(4.2,-2.03925436527356,-4.23455195188702));
#2657=CARTESIAN_POINT('',(4.2,-1.81779031396447,-4.89859537966699));
#2658=CARTESIAN_POINT('',(4.2,-1.47362352531421,-4.64693739402446));
#2659=CARTESIAN_POINT('',(4.2,-1.24642224232779E-5,7.34855940508206E-6));
#2660=CARTESIAN_POINT('',(4.2,-2.71433636770161,-4.0494457931625));
#2661=CARTESIAN_POINT('',(4.2,-2.03925436527356,-4.23455195188702));
#2662=CARTESIAN_POINT('',(4.2,-2.69650367231599,-4.47543231304637));
#2663=CARTESIAN_POINT('',(4.2,-1.24642224232779E-5,7.34855940508206E-6));
#2664=CARTESIAN_POINT('',(4.2,-1.7355374863936,-3.60387290713967));
#2665=CARTESIAN_POINT('',(4.2,0.,0.));
#2666=CARTESIAN_POINT('',(4.2,-1.24642224232779E-5,7.34855940508206E-6));
#2667=CARTESIAN_POINT('',(4.2,-2.03925436527356,-4.23455195188702));
#2668=CARTESIAN_POINT('',(-4.33680868994202E-15,-1.47362352531421,-4.64693739402446));
#2669=CARTESIAN_POINT('',(9.62964972193618E-32,-1.81779031396447,-4.89859537966699));
#2670=CARTESIAN_POINT('',(4.2,-2.03925436527356,-4.23455195188702));
#2671=CARTESIAN_POINT('',(-4.33680868994202E-15,-2.71433636770161,-4.0494457931625));
#2672=CARTESIAN_POINT('',(9.62964972193618E-32,-2.69650367231599,-4.47543231304637));
#2673=CARTESIAN_POINT('',(-4.2,-2.03925436527356,-4.23455195188702));
#2674=CARTESIAN_POINT('',(-4.2,0.,0.));
#2675=CARTESIAN_POINT('',(-4.2,-1.24642224232779E-5,7.34855940508206E-6));
#2676=CARTESIAN_POINT('',(0.,0.,0.));
#2677=CARTESIAN_POINT('',(-0.35,0.,0.));
#2678=CARTESIAN_POINT('',(-0.35,3.25412186213487,-6.75726813986184));
#2679=CARTESIAN_POINT('',(-0.350000000000005,3.25412186213817,-6.75726813986024));
#2680=CARTESIAN_POINT('',(-0.350000000000005,3.14925959629905,-6.7205645388035));
#2681=CARTESIAN_POINT('',(-0.308834710845961,2.93741046035949,-6.64443259030673));
#2682=CARTESIAN_POINT('',(-0.00120577598877452,2.7064832962108,-6.55702242740339));
#2683=CARTESIAN_POINT('',(0.308578573254411,2.9358988245879,-6.64387718138953));
#2684=CARTESIAN_POINT('',(0.350000000000005,3.14925959629905,-6.7205645388035));
#2685=CARTESIAN_POINT('',(0.350000000000005,3.25412186213817,-6.75726813986024));
#2686=CARTESIAN_POINT('',(0.35,3.25412186213817,-6.75726813986025));
#2687=CARTESIAN_POINT('',(0.35,0.,0.));
#2688=CARTESIAN_POINT('',(0.,2.34297123072176,-4.86523100310276));
#2689=CARTESIAN_POINT('',(0.,2.34297123072176,-4.86523100310276));
#2690=CARTESIAN_POINT('',(0.35,2.34297123072176,-4.86523100310276));
#2691=CARTESIAN_POINT('',(0.350000000000005,3.25412186213817,-6.75726813986024));
#2692=CARTESIAN_POINT('',(0.350000000000005,3.29080696339571,-6.65239940060411));
#2693=CARTESIAN_POINT('',(0.308835155259321,3.3633707834515,-6.43930193804457));
#2694=CARTESIAN_POINT('',(0.00120592966716933,3.43901304697026,-6.20425502835921));
#2695=CARTESIAN_POINT('',(-0.308579144170427,3.36387902377947,-6.43777385901474));
#2696=CARTESIAN_POINT('',(-0.350000000000005,3.29080696339571,-6.65239940060411));
#2697=CARTESIAN_POINT('',(-0.350000000000005,3.25412186213817,-6.75726813986024));
#2698=CARTESIAN_POINT('',(0.,2.34297123072176,-4.86523100310276));
#2699=CARTESIAN_POINT('',(-4.2,2.03925435358296,-4.23455195751692));
#2700=CARTESIAN_POINT('',(-4.2,1.24642224224106E-5,7.34855935997925E-6));
#2701=CARTESIAN_POINT('',(-4.2,2.71433635652204,-4.04944580065615));
#2702=CARTESIAN_POINT('',(-4.2,1.47362351248511,-4.64693739809279));
#2703=CARTESIAN_POINT('',(-4.2,2.03925435358296,-4.23455195751692));
#2704=CARTESIAN_POINT('',(-4.2,2.69650365996037,-4.47543232049078));
#2705=CARTESIAN_POINT('',(-4.2,1.24642224224106E-5,7.34855935997925E-6));
#2706=CARTESIAN_POINT('',(-4.2,1.8177903004406,-4.89859538468548));
#2707=CARTESIAN_POINT('',(-4.2,2.03925435358296,-4.23455195751692));
#2708=CARTESIAN_POINT('',(4.2,1.73553747644415,-3.60387291193109));
#2709=CARTESIAN_POINT('',(4.2,2.03925435358296,-4.23455195751692));
#2710=CARTESIAN_POINT('',(4.2,2.69650365996037,-4.47543232049078));
#2711=CARTESIAN_POINT('',(4.2,2.71433635652204,-4.04944580065615));
#2712=CARTESIAN_POINT('',(4.2,1.24642224224106E-5,7.34855935997925E-6));
#2713=CARTESIAN_POINT('',(4.2,1.47362351248511,-4.64693739809279));
#2714=CARTESIAN_POINT('',(4.2,2.03925435358296,-4.23455195751692));
#2715=CARTESIAN_POINT('',(4.2,1.8177903004406,-4.89859538468548));
#2716=CARTESIAN_POINT('',(4.2,1.24642224224106E-5,7.34855935997925E-6));
#2717=CARTESIAN_POINT('',(4.2,1.73553747644415,-3.60387291193109));
#2718=CARTESIAN_POINT('',(4.2,0.,0.));
#2719=CARTESIAN_POINT('',(4.2,1.24642224224106E-5,7.34855935997925E-6));
#2720=CARTESIAN_POINT('',(4.2,2.03925435358296,-4.23455195751692));
#2721=CARTESIAN_POINT('',(-5.20417042793042E-15,2.71433635652204,-4.04944580065615));
#2722=CARTESIAN_POINT('',(-8.67361737988404E-16,2.69650365996037,-4.47543232049078));
#2723=CARTESIAN_POINT('',(4.2,2.03925435358296,-4.23455195751692));
#2724=CARTESIAN_POINT('',(-5.20417042793042E-15,1.47362351248511,-4.64693739809279));
#2725=CARTESIAN_POINT('',(-8.67361737988404E-16,1.8177903004406,-4.89859538468548));
#2726=CARTESIAN_POINT('',(-4.2,2.03925435358296,-4.23455195751692));
#2727=CARTESIAN_POINT('',(-4.2,0.,0.));
#2728=CARTESIAN_POINT('',(-4.2,1.24642224224106E-5,7.34855935997925E-6));
#2729=CARTESIAN_POINT('',(0.,0.,0.));
#2730=CARTESIAN_POINT('',(-0.35,0.,0.));
#2731=CARTESIAN_POINT('',(-0.35,7.3119550320147,-1.66892210044343));
#2732=CARTESIAN_POINT('',(-0.350000000000005,7.3119550320155,-1.66892210043986));
#2733=CARTESIAN_POINT('',(-0.350000000000005,7.21787820340111,-1.72802201114456));
#2734=CARTESIAN_POINT('',(-0.308834568280004,7.02626955251013,-1.84618427574214));
#2735=CARTESIAN_POINT('',(-0.00120570260509545,6.8139493415885,-1.97223006673853));
#2736=CARTESIAN_POINT('',(0.308578375146272,7.02489280813199,-1.84701983473353));
#2737=CARTESIAN_POINT('',(0.350000000000005,7.2178782034011,-1.72802201114456));
#2738=CARTESIAN_POINT('',(0.350000000000005,7.3119550320155,-1.66892210043986));
#2739=CARTESIAN_POINT('',(0.35,7.31195503201552,-1.66892210043986));
#2740=CARTESIAN_POINT('',(0.35,0.,0.));
#2741=CARTESIAN_POINT('',(0.,5.26460963862145,-1.20161402202897));
#2742=CARTESIAN_POINT('',(0.,5.26460963862145,-1.20161402202897));
#2743=CARTESIAN_POINT('',(0.35,5.26460963862145,-1.20161402202897));
#2744=CARTESIAN_POINT('',(0.350000000000005,7.3119550320155,-1.66892210043986));
#2745=CARTESIAN_POINT('',(0.350000000000005,7.25283852571033,-1.57485569937276));
#2746=CARTESIAN_POINT('',(0.308835679093391,7.13147509552448,-1.38525907464842));
#2747=CARTESIAN_POINT('',(0.00120608672549492,6.99487001874058,-1.1795681873838));
#2748=CARTESIAN_POINT('',(-0.308579802153749,7.13059731870728,-1.38390902952962));
#2749=CARTESIAN_POINT('',(-0.350000000000005,7.25283852571033,-1.57485569937276));
#2750=CARTESIAN_POINT('',(-0.350000000000005,7.3119550320155,-1.66892210043986));
#2751=CARTESIAN_POINT('',(0.,5.26460963862145,-1.20161402202897));
#2752=CARTESIAN_POINT('',(-4.2,4.58216117415675,-1.04584466255867));
#2753=CARTESIAN_POINT('',(-4.2,7.1984652596363E-6,3.53224561809064E-5));
#2754=CARTESIAN_POINT('',(-4.2,4.85834875769585,-0.402633640654632));
#2755=CARTESIAN_POINT('',(-4.2,4.55190914097658,-1.7451906531016));
#2756=CARTESIAN_POINT('',(-4.2,4.58216117415675,-1.04584466255867));
#2757=CARTESIAN_POINT('',(-4.2,5.18027876938291,-0.6821753865937));
#2758=CARTESIAN_POINT('',(-4.2,7.1984652596363E-6,3.53224561809064E-5));
#2759=CARTESIAN_POINT('',(-4.2,4.96324822408669,-1.63301811255083));
#2760=CARTESIAN_POINT('',(-4.2,4.58216117415675,-1.04584466255867));
#2761=CARTESIAN_POINT('',(4.2,3.89971270969205,-0.890075303088371));
#2762=CARTESIAN_POINT('',(4.2,4.58216117415675,-1.04584466255867));
#2763=CARTESIAN_POINT('',(4.2,5.18027876938291,-0.6821753865937));
#2764=CARTESIAN_POINT('',(4.2,4.85834875769585,-0.402633640654632));
#2765=CARTESIAN_POINT('',(4.2,7.1984652596363E-6,3.53224561809064E-5));
#2766=CARTESIAN_POINT('',(4.2,4.55190914097658,-1.7451906531016));
#2767=CARTESIAN_POINT('',(4.2,4.58216117415675,-1.04584466255867));
#2768=CARTESIAN_POINT('',(4.2,4.96324822408669,-1.63301811255083));
#2769=CARTESIAN_POINT('',(4.2,7.1984652596363E-6,3.53224561809064E-5));
#2770=CARTESIAN_POINT('',(4.2,3.89971270969205,-0.890075303088371));
#2771=CARTESIAN_POINT('',(4.2,0.,0.));
#2772=CARTESIAN_POINT('',(4.2,7.1984652596363E-6,3.53224561809064E-5));
#2773=CARTESIAN_POINT('',(4.2,4.58216117415675,-1.04584466255867));
#2774=CARTESIAN_POINT('',(-5.20417042793042E-15,4.85834875769585,-0.402633640654632));
#2775=CARTESIAN_POINT('',(-8.67361737988404E-16,5.18027876938291,-0.6821753865937));
#2776=CARTESIAN_POINT('',(4.2,4.58216117415675,-1.04584466255867));
#2777=CARTESIAN_POINT('',(-5.20417042793042E-15,4.55190914097658,-1.7451906531016));
#2778=CARTESIAN_POINT('',(-8.67361737988404E-16,4.96324822408669,-1.63301811255083));
#2779=CARTESIAN_POINT('',(-4.2,4.58216117415675,-1.04584466255867));
#2780=CARTESIAN_POINT('',(-4.2,0.,0.));
#2781=CARTESIAN_POINT('',(-4.2,7.1984652596363E-6,3.53224561809064E-5));
#2782=CARTESIAN_POINT('',(0.,0.,0.));
#2783=CARTESIAN_POINT('',(-0.35,0.,0.));
#2784=CARTESIAN_POINT('',(-0.35,5.86374565484577,4.67616106955564));
#2785=CARTESIAN_POINT('',(-0.350000000000005,5.86374565484348,4.67616106955849));
#2786=CARTESIAN_POINT('',(-0.350000000000005,5.85129588263434,4.5657606515367));
#2787=CARTESIAN_POINT('',(-0.308834845731458,5.82421226443115,4.3422820901913));
#2788=CARTESIAN_POINT('',(-0.00120576352254076,5.79037954829607,4.09769456431728));
#2789=CARTESIAN_POINT('',(0.308578709817698,5.82400714923923,4.34068478091148));
#2790=CARTESIAN_POINT('',(0.350000000000005,5.85129588263433,4.5657606515367));
#2791=CARTESIAN_POINT('',(0.350000000000005,5.86374565484348,4.67616106955849));
#2792=CARTESIAN_POINT('',(0.35,5.86374565484349,4.6761610695585));
#2793=CARTESIAN_POINT('',(0.35,0.,0.));
#2794=CARTESIAN_POINT('',(0.,4.22189051611321,3.36684380341366));
#2795=CARTESIAN_POINT('',(0.,4.22189051611321,3.36684380341366));
#2796=CARTESIAN_POINT('',(0.35,4.22189051611321,3.36684380341366));
#2797=CARTESIAN_POINT('',(0.350000000000005,5.86374565484348,4.67616106955849));
#2798=CARTESIAN_POINT('',(0.350000000000005,5.75334304221883,4.68859136533531));
#2799=CARTESIAN_POINT('',(0.308835956105639,5.52944152598599,4.71191661560438));
#2800=CARTESIAN_POINT('',(0.00120614749177708,5.2834534697818,4.73336097440175));
#2801=CARTESIAN_POINT('',(-0.308580136261055,5.52783876871573,4.71207207800658));
#2802=CARTESIAN_POINT('',(-0.350000000000005,5.75334304221883,4.68859136533531));
#2803=CARTESIAN_POINT('',(-0.350000000000005,5.86374565484348,4.67616106955849));
#2804=CARTESIAN_POINT('',(0.,4.22189051611321,3.36684380341366));
#2805=CARTESIAN_POINT('',(-4.2,3.67460546986978,2.93040471469871));
#2806=CARTESIAN_POINT('',(-4.2,-2.26977646337456E-5,2.79761840681417E-5));
#2807=CARTESIAN_POINT('',(-4.2,3.34392298356427,3.54737237450821));
#2808=CARTESIAN_POINT('',(-4.2,4.20251434916992,2.47071763074259));
#2809=CARTESIAN_POINT('',(-4.2,3.67460546986978,2.93040471469871));
#2810=CARTESIAN_POINT('',(-4.2,3.76319760024619,3.62477596585718));
#2811=CARTESIAN_POINT('',(-4.2,-2.26977646337456E-5,2.79761840681417E-5));
#2812=CARTESIAN_POINT('',(-4.2,4.37128004813253,2.86225391131075));
#2813=CARTESIAN_POINT('',(-4.2,3.67460546986978,2.93040471469871));
#2814=CARTESIAN_POINT('',(4.2,3.12732042362635,2.49396562598376));
#2815=CARTESIAN_POINT('',(4.2,3.67460546986978,2.93040471469871));
#2816=CARTESIAN_POINT('',(4.2,3.76319760024619,3.62477596585718));
#2817=CARTESIAN_POINT('',(4.2,3.34392298356427,3.54737237450821));
#2818=CARTESIAN_POINT('',(4.2,-2.26977646337456E-5,2.79761840681417E-5));
#2819=CARTESIAN_POINT('',(4.2,4.20251434916992,2.47071763074259));
#2820=CARTESIAN_POINT('',(4.2,3.67460546986978,2.93040471469871));
#2821=CARTESIAN_POINT('',(4.2,4.37128004813253,2.86225391131075));
#2822=CARTESIAN_POINT('',(4.2,-2.26977646337456E-5,2.79761840681417E-5));
#2823=CARTESIAN_POINT('',(4.2,3.12732042362635,2.49396562598376));
#2824=CARTESIAN_POINT('',(4.2,0.,0.));
#2825=CARTESIAN_POINT('',(4.2,-2.26977646337456E-5,2.79761840681417E-5));
#2826=CARTESIAN_POINT('',(4.2,3.67460546986978,2.93040471469871));
#2827=CARTESIAN_POINT('',(-5.20417042793042E-15,3.34392298356427,3.54737237450821));
#2828=CARTESIAN_POINT('',(-8.67361737988404E-16,3.76319760024619,3.62477596585718));
#2829=CARTESIAN_POINT('',(4.2,3.67460546986978,2.93040471469871));
#2830=CARTESIAN_POINT('',(-5.20417042793042E-15,4.20251434916992,2.47071763074259));
#2831=CARTESIAN_POINT('',(-8.67361737988404E-16,4.37128004813253,2.86225391131075));
#2832=CARTESIAN_POINT('',(-4.2,3.67460546986978,2.93040471469871));
#2833=CARTESIAN_POINT('',(-4.2,0.,0.));
#2834=CARTESIAN_POINT('',(-4.2,-2.26977646337456E-5,2.79761840681417E-5));
#2835=CARTESIAN_POINT('',(0.,0.,0.));
#2836=CARTESIAN_POINT('',(-0.35,0.,0.));
#2837=CARTESIAN_POINT('',(-0.350000000000005,0.,7.49999999999999));
#2838=CARTESIAN_POINT('',(-0.350000000000005,0.0785527580638348,7.42143338286516));
#2839=CARTESIAN_POINT('',(-0.308835556817281,0.236388998196602,7.26092235239663));
#2840=CARTESIAN_POINT('',(-0.00120598972053869,0.40652374488423,7.08197212973921));
#2841=CARTESIAN_POINT('',(0.308579611080012,0.237509878107396,7.25976615256141));
#2842=CARTESIAN_POINT('',(0.350000000000005,0.0785527580638349,7.42143338286516));
#2843=CARTESIAN_POINT('',(0.350000000000005,0.,7.49999999999999));
#2844=CARTESIAN_POINT('',(0.35,0.,0.));
#2845=CARTESIAN_POINT('',(0.,0.,0.));
#2846=CARTESIAN_POINT('',(-5.85,0.,0.));
#2847=CARTESIAN_POINT('',(-5.85,0.,7.49999999999999));
#2848=CARTESIAN_POINT('',(0.,0.,0.));
#2849=CARTESIAN_POINT('',(5.85,0.,0.));
#2850=CARTESIAN_POINT('',(5.85,0.,-7.49999999999999));
#2851=CARTESIAN_POINT('',(4.2,0.,4.7));
#2852=CARTESIAN_POINT('',(-5.20417042793042E-15,0.688542767438158,4.82613031914893));
#2853=CARTESIAN_POINT('',(-4.2,0.688542767438158,4.82613031914893));
#2854=CARTESIAN_POINT('',(4.2,0.688542767438158,4.82613031914893));
#2855=CARTESIAN_POINT('',(-4.2,0.,4.7));
#2856=CARTESIAN_POINT('',(-4.2,0.487648476645103,5.20219414893616));
#2857=CARTESIAN_POINT('',(-8.67361737988404E-16,0.487648476645104,5.20219414893616));
#2858=CARTESIAN_POINT('',(4.2,0.487648476645103,5.20219414893616));
#2859=CARTESIAN_POINT('',(4.2,0.,4.7));
#2860=CARTESIAN_POINT('',(4.2,0.,4.7));
#2861=CARTESIAN_POINT('',(-5.20417042793042E-15,-0.688542767438158,4.82613031914893));
#2862=CARTESIAN_POINT('',(4.2,-0.688542767438158,4.82613031914893));
#2863=CARTESIAN_POINT('',(-4.2,-0.688542767438158,4.82613031914893));
#2864=CARTESIAN_POINT('',(4.2,0.,4.7));
#2865=CARTESIAN_POINT('',(4.2,-0.487648476645103,5.20219414893616));
#2866=CARTESIAN_POINT('',(-8.67361737988404E-16,-0.487648476645104,5.20219414893616));
#2867=CARTESIAN_POINT('',(-4.2,-0.487648476645103,5.20219414893616));
#2868=CARTESIAN_POINT('',(-4.2,0.,4.7));
#2869=CARTESIAN_POINT('',(0.,0.,0.));
#2870=CARTESIAN_POINT('',(-6.,0.,0.));
#2871=CARTESIAN_POINT('',(-6.,0.,5.22499999999999));
#2872=CARTESIAN_POINT('',(6.,0.,0.));
#2873=CARTESIAN_POINT('',(6.,0.,5.22499999999999));
#2874=CARTESIAN_POINT('',(-4.2,0.,0.));
#2875=CARTESIAN_POINT('',(4.2,0.,0.));
#2876=CARTESIAN_POINT('',(-6.,0.,7.49999999999999));
#2877=CARTESIAN_POINT('',(-6.,0.,0.));
#2878=CARTESIAN_POINT('',(-6.,0.,7.34999999999999));
#2879=CARTESIAN_POINT('',(6.,0.,7.49999999999999));
#2880=CARTESIAN_POINT('',(6.,0.,0.));
#2881=CARTESIAN_POINT('',(6.,0.,-7.34999999999999));
#2882=CARTESIAN_POINT('',(-4.2,0.,4.7));
#2883=CARTESIAN_POINT('',(-4.2,0.,0.));
#2884=CARTESIAN_POINT('',(4.2,0.,3.99999999999999));
#2885=CARTESIAN_POINT('',(4.2,0.,0.));
#2886=CARTESIAN_POINT('',(0.,0.,0.));
#2887=CARTESIAN_POINT('',(5.09999999999999,0.,0.));
#2888=CARTESIAN_POINT('',(5.09999999999999,0.,4.525));
#2889=CARTESIAN_POINT('',(-4.2,0.,0.));
#2890=CARTESIAN_POINT('',(4.2,0.,0.));
#2891=CARTESIAN_POINT('',(-5.1,0.,0.));
#2892=CARTESIAN_POINT('',(-5.1,0.,4.525));
#2893=CARTESIAN_POINT('',(0.,0.,0.));
#2894=CARTESIAN_POINT('',(-5.1,0.,0.));
#2895=CARTESIAN_POINT('',(-5.1,0.,4.87499999999999));
#2896=CARTESIAN_POINT('',(5.09999999999999,0.,0.));
#2897=CARTESIAN_POINT('',(5.09999999999999,0.,4.87499999999999));
#2898=CARTESIAN_POINT('',(-5.1,0.,4.87499999999999));
#2899=CARTESIAN_POINT('',(5.09999999999999,0.,4.87499999999999));
#2900=CARTESIAN_POINT('',(4.2,0.,3.99999999999999));
#2901=CARTESIAN_POINT('',(4.2,0.,0.));
#2902=CARTESIAN_POINT('',(-4.2,0.,4.7));
#2903=CARTESIAN_POINT('',(-4.2,0.,0.));
#2904=CARTESIAN_POINT('',(0.,0.,5.40000000000001));
#2905=CARTESIAN_POINT('',(0.,0.,5.40000000000001));
#2906=CARTESIAN_POINT('',(0.35,0.,5.40000000000001));
#2907=CARTESIAN_POINT('',(0.,0.,5.40000000000001));
#2908=CARTESIAN_POINT('',(-5.85,0.,0.));
#2909=CARTESIAN_POINT('',(5.85,0.,0.));
#2910=CARTESIAN_POINT('',(0.,0.,0.));
#2911=CARTESIAN_POINT('',(-6.00000000000001,0.,0.));
#2912=CARTESIAN_POINT('',(-6.00000000000001,0.,4.00999999999999));
#2913=CARTESIAN_POINT('',(6.00000000000002,0.,0.));
#2914=CARTESIAN_POINT('',(6.00000000000002,0.,4.00999999999999));
#2915=CARTESIAN_POINT('',(-6.,0.,2.5));
#2916=CARTESIAN_POINT('',(-6.,0.,0.));
#2917=CARTESIAN_POINT('',(-6.,0.,-2.65));
#2918=CARTESIAN_POINT('',(0.,0.,0.));
#2919=CARTESIAN_POINT('',(-5.85,0.,0.));
#2920=CARTESIAN_POINT('',(-5.85,0.,-2.5));
#2921=CARTESIAN_POINT('',(5.85,0.,0.));
#2922=CARTESIAN_POINT('',(5.85,0.,2.5));
#2923=CARTESIAN_POINT('',(6.,0.,2.5));
#2924=CARTESIAN_POINT('',(6.,0.,0.));
#2925=CARTESIAN_POINT('',(6.,0.,2.65));
#2926=CARTESIAN_POINT('',(-5.85,0.,0.));
#2927=CARTESIAN_POINT('',(6.,0.,0.));
#2928=MECHANICAL_DESIGN_GEOMETRIC_PRESENTATION_REPRESENTATION('',(#1582),
#2929);
#2929=(
GEOMETRIC_REPRESENTATION_CONTEXT(3)
GLOBAL_UNCERTAINTY_ASSIGNED_CONTEXT((#2930))
GLOBAL_UNIT_ASSIGNED_CONTEXT((#2933,#2932,#2931))
REPRESENTATION_CONTEXT('11','TOP_LEVEL_ASSEMBLY_PART')
);
#2930=UNCERTAINTY_MEASURE_WITH_UNIT(LENGTH_MEASURE(0.005),#2933,
'DISTANCE_ACCURACY_VALUE','Maximum Tolerance applied to model');
#2931=(
NAMED_UNIT(*)
SI_UNIT($,.STERADIAN.)
SOLID_ANGLE_UNIT()
);
#2932=(
NAMED_UNIT(*)
PLANE_ANGLE_UNIT()
SI_UNIT($,.RADIAN.)
);
#2933=(
LENGTH_UNIT()
NAMED_UNIT(*)
SI_UNIT(.MILLI.,.METRE.)
);
#2934=PRODUCT_DEFINITION_SHAPE('','',#2935);
#2935=PRODUCT_DEFINITION('','',#2937,#2936);
#2936=PRODUCT_DEFINITION_CONTEXT('',#2943,'design');
#2937=PRODUCT_DEFINITION_FORMATION_WITH_SPECIFIED_SOURCE('','',#2939,
 .NOT_KNOWN.);
#2938=PRODUCT_RELATED_PRODUCT_CATEGORY('','',(#2939));
#2939=PRODUCT('11','11','11',(#2941));
#2940=PRODUCT_CATEGORY('','');
#2941=PRODUCT_CONTEXT('',#2943,'mechanical');
#2942=APPLICATION_PROTOCOL_DEFINITION('international standard',
'automotive_design',2010,#2943);
#2943=APPLICATION_CONTEXT(
'core data for automotive mechanical design processes');
ENDSEC;
END-ISO-10303-21;
