ISO-10303-21;
HEADER;
/* Generated by software containing HOOPS Exchange Step
 * from HOOPS Exchange, Inc. (www.tiangong.cloud) 
 */

FILE_DESCRIPTION(
/* description */ ('Unknown'),
/* implementation_level */ '2;1');

FILE_NAME(
/* name */ 'K+H1',
/* time_stamp */ '2025-02-06T17:08:48+08:00',
/* author */ ('Unknown'),
/* organization */ ('Unknown'),
/* preprocessor_version */ 'ST-DEVELOPER v19.4',
/* originating_system */ 'TianGong',
/* authorisation */ 'Unknown');

FILE_SCHEMA (('AUTOMOTIVE_DESIGN {1 0 10303 214 3 1 1}'));
ENDSEC;

DATA;
#10=PROPERTY_DEFINITION_REPRESENTATION(#14,#12);
#11=PROPERTY_DEFINITION_REPRESENTATION(#15,#13);
#12=REPRESENTATION('',(#16),#6877);
#13=REPRESENTATION('',(#17),#6877);
#14=PROPERTY_DEFINITION('pmi validation property','',#6882);
#15=PROPERTY_DEFINITION('pmi validation property','',#6882);
#16=VALUE_REPRESENTATION_ITEM('number of annotations',COUNT_MEASURE(0.));
#17=VALUE_REPRESENTATION_ITEM('number of views',COUNT_MEASURE(0.));
#18=SHAPE_REPRESENTATION_RELATIONSHIP('','',#3503,#19);
#19=ADVANCED_BREP_SHAPE_REPRESENTATION('',(#3501),#6877);
#20=ELLIPSE('',#3569,61.9898048104333,61.5036027561907);
#21=ELLIPSE('',#3570,63.9861733957263,63.4843133069059);
#22=ELLIPSE('',#3572,61.9898040202511,61.5036019722061);
#23=ELLIPSE('',#3573,63.9861726055441,63.4843125229213);
#24=ELLIPSE('',#3574,61.989805008067,61.5036029522743);
#25=ELLIPSE('',#3575,63.98617359336,63.4843135029895);
#26=ELLIPSE('',#3576,61.9898043025094,61.5036022522506);
#27=ELLIPSE('',#3577,63.9861728878024,63.4843128029657);
#28=ELLIPSE('',#3578,61.9898032581763,61.5036012161085);
#29=ELLIPSE('',#3579,63.9861718434693,63.4843117668237);
#30=ELLIPSE('',#3580,61.9898032581763,61.5036012161085);
#31=ELLIPSE('',#3581,63.9861718434693,63.4843117668237);
#32=ELLIPSE('',#3582,61.9898048104333,61.5036027561907);
#33=ELLIPSE('',#3583,63.9861733957263,63.4843133069059);
#34=ELLIPSE('',#3584,61.9898037379928,61.5036016921617);
#35=ELLIPSE('',#3585,63.9861723232858,63.4843122428768);
#36=ELLIPSE('',#3586,61.9898030324352,61.5036009921379);
#37=ELLIPSE('',#3587,63.9861716177282,63.4843115428531);
#38=ELLIPSE('',#3589,61.9898048104333,61.5036027561907);
#39=ELLIPSE('',#3590,63.9861733957263,63.4843133069059);
#40=ELLIPSE('',#3591,61.9898040202511,61.5036019722061);
#41=ELLIPSE('',#3592,63.9861726055441,63.4843125229213);
#42=ELLIPSE('',#3594,61.989805008067,61.5036029522743);
#43=ELLIPSE('',#3595,63.98617359336,63.4843135029895);
#44=ELLIPSE('',#3596,61.9898043025093,61.5036022522505);
#45=ELLIPSE('',#3597,63.9861728878024,63.4843128029657);
#46=ELLIPSE('',#3598,61.9898032581764,61.5036012161085);
#47=ELLIPSE('',#3599,63.9861718434694,63.4843117668237);
#48=ELLIPSE('',#3600,61.9898032581764,61.5036012161085);
#49=ELLIPSE('',#3601,63.9861718434694,63.4843117668237);
#50=ELLIPSE('',#3602,61.9898048104333,61.5036027561907);
#51=ELLIPSE('',#3603,63.9861733957263,63.4843133069059);
#52=ELLIPSE('',#3604,61.9898037379928,61.5036016921616);
#53=ELLIPSE('',#3605,63.9861723232858,63.4843122428768);
#54=ELLIPSE('',#3606,61.9898030324352,61.5036009921379);
#55=ELLIPSE('',#3607,63.9861716177282,63.4843115428531);
#56=ELLIPSE('',#3619,71.8180791446468,71.2547913956586);
#57=ELLIPSE('',#3623,73.8144477299398,73.2355019463738);
#58=ELLIPSE('',#3629,71.8180798502044,71.2547920956824);
#59=ELLIPSE('',#3633,73.8144484354974,73.2355026463975);
#60=ELLIPSE('',#3639,71.8180809226449,71.2547931597114);
#61=ELLIPSE('',#3643,73.8144495079379,73.2355037104266);
#62=ELLIPSE('',#3649,71.8180793703879,71.2547916196292);
#63=ELLIPSE('',#3653,73.8144479556809,73.2355021703444);
#64=ELLIPSE('',#3659,71.8180793703879,71.2547916196292);
#65=ELLIPSE('',#3663,73.8144479556809,73.2355021703444);
#66=ELLIPSE('',#3669,71.8180804147209,71.2547926557713);
#67=ELLIPSE('',#3673,73.8144490000139,73.2355032064864);
#68=ELLIPSE('',#3679,71.8180811202786,71.254793355795);
#69=ELLIPSE('',#3683,73.8144497055715,73.2355039065102);
#70=ELLIPSE('',#3689,71.8180801324627,71.2547923757268);
#71=ELLIPSE('',#3693,73.8144487177557,73.235502926442);
#72=ELLIPSE('',#3701,71.8180809226449,71.2547931597114);
#73=ELLIPSE('',#3705,73.8144495079379,73.2355037104266);
#74=ELLIPSE('',#3708,71.8180791446468,71.2547913956586);
#75=ELLIPSE('',#3713,73.8144477299398,73.2355019463738);
#76=ELLIPSE('',#3718,71.8180798502044,71.2547920956824);
#77=ELLIPSE('',#3723,73.8144484354974,73.2355026463975);
#78=ELLIPSE('',#3728,71.8180809226449,71.2547931597114);
#79=ELLIPSE('',#3733,73.8144495079379,73.2355037104266);
#80=ELLIPSE('',#3738,71.818079370388,71.2547916196293);
#81=ELLIPSE('',#3743,73.814447955681,73.2355021703444);
#82=ELLIPSE('',#3748,71.8180793703879,71.2547916196293);
#83=ELLIPSE('',#3753,73.8144479556809,73.2355021703444);
#84=ELLIPSE('',#3758,71.8180804147209,71.2547926557713);
#85=ELLIPSE('',#3763,73.8144490000139,73.2355032064864);
#86=ELLIPSE('',#3768,71.8180811202786,71.254793355795);
#87=ELLIPSE('',#3773,73.8144497055715,73.2355039065102);
#88=ELLIPSE('',#3780,71.8180801324627,71.2547923757268);
#89=ELLIPSE('',#3785,73.8144487177557,73.235502926442);
#90=ELLIPSE('',#3790,71.8180809226449,71.2547931597114);
#91=ELLIPSE('',#3795,73.8144495079379,73.2355037104266);
#92=PLANE('',#3566);
#93=PLANE('',#3617);
#94=PLANE('',#3622);
#95=PLANE('',#3627);
#96=PLANE('',#3632);
#97=PLANE('',#3637);
#98=PLANE('',#3642);
#99=PLANE('',#3647);
#100=PLANE('',#3652);
#101=PLANE('',#3657);
#102=PLANE('',#3662);
#103=PLANE('',#3667);
#104=PLANE('',#3672);
#105=PLANE('',#3677);
#106=PLANE('',#3682);
#107=PLANE('',#3687);
#108=PLANE('',#3692);
#109=PLANE('',#3694);
#110=PLANE('',#3699);
#111=PLANE('',#3704);
#112=PLANE('',#3706);
#113=PLANE('',#3712);
#114=PLANE('',#3716);
#115=PLANE('',#3722);
#116=PLANE('',#3726);
#117=PLANE('',#3732);
#118=PLANE('',#3736);
#119=PLANE('',#3742);
#120=PLANE('',#3746);
#121=PLANE('',#3752);
#122=PLANE('',#3756);
#123=PLANE('',#3762);
#124=PLANE('',#3766);
#125=PLANE('',#3772);
#126=PLANE('',#3776);
#127=PLANE('',#3778);
#128=PLANE('',#3784);
#129=PLANE('',#3788);
#130=PLANE('',#3794);
#131=PLANE('',#3818);
#132=PLANE('',#3822);
#133=PLANE('',#3826);
#134=PLANE('',#3827);
#135=PLANE('',#3828);
#136=PLANE('',#3829);
#137=PLANE('',#3830);
#138=PLANE('',#3831);
#139=PLANE('',#3832);
#140=PLANE('',#3833);
#141=PLANE('',#3834);
#142=PLANE('',#3835);
#143=PLANE('',#3836);
#144=PLANE('',#3837);
#145=PLANE('',#3838);
#146=PLANE('',#3839);
#147=PLANE('',#3840);
#148=PLANE('',#3841);
#149=PLANE('',#3842);
#150=PLANE('',#3843);
#151=PLANE('',#3844);
#152=PLANE('',#3845);
#153=PLANE('',#3846);
#154=PLANE('',#3847);
#155=PLANE('',#3848);
#156=PLANE('',#3849);
#157=PLANE('',#3850);
#158=PLANE('',#3851);
#159=PLANE('',#3852);
#160=PLANE('',#3853);
#161=PLANE('',#3854);
#162=PLANE('',#3855);
#163=PLANE('',#3856);
#164=PLANE('',#3857);
#165=PLANE('',#3858);
#166=PLANE('',#3859);
#167=PLANE('',#3860);
#168=PLANE('',#3861);
#169=PLANE('',#3862);
#170=PLANE('',#3863);
#171=PLANE('',#3864);
#172=PLANE('',#3865);
#173=PLANE('',#3866);
#174=PLANE('',#3867);
#175=PLANE('',#3868);
#176=PLANE('',#3869);
#177=PLANE('',#3870);
#178=PLANE('',#3871);
#179=PLANE('',#3872);
#180=PLANE('',#3873);
#181=PLANE('',#3874);
#182=PLANE('',#3875);
#183=PLANE('',#3876);
#184=PLANE('',#3877);
#185=PLANE('',#3878);
#186=PLANE('',#3879);
#187=PLANE('',#3880);
#188=PLANE('',#3881);
#189=PLANE('',#3882);
#190=PLANE('',#3883);
#191=PLANE('',#3884);
#192=PLANE('',#3885);
#193=PLANE('',#3886);
#194=PLANE('',#3887);
#195=PLANE('',#3888);
#196=PLANE('',#3889);
#197=PLANE('',#3890);
#198=PLANE('',#3891);
#199=PLANE('',#3892);
#200=PLANE('',#3893);
#201=PLANE('',#3894);
#202=PLANE('',#3895);
#203=PLANE('',#3896);
#204=PLANE('',#3897);
#205=PLANE('',#3898);
#206=PLANE('',#3899);
#207=CONICAL_SURFACE('',#3563,56.3333333333333,0.826968779341678);
#208=CONICAL_SURFACE('',#3568,59.75,0.124354994546763);
#209=CONICAL_SURFACE('',#3588,63.,0.124354994546763);
#210=CONICAL_SURFACE('',#3807,69.5,0.124354994546762);
#211=CONICAL_SURFACE('',#3817,72.75,0.124354994546762);
#212=TOROIDAL_SURFACE('',#3534,82.5,2.6);
#213=TOROIDAL_SURFACE('',#3538,82.5,2.6);
#214=TOROIDAL_SURFACE('',#3542,82.5,2.6);
#215=TOROIDAL_SURFACE('',#3546,82.5,2.6);
#216=TOROIDAL_SURFACE('',#3550,82.5,2.6);
#217=TOROIDAL_SURFACE('',#3554,82.5,2.6);
#218=TOROIDAL_SURFACE('',#3558,82.5,2.6);
#219=TOROIDAL_SURFACE('',#3608,80.5,2.);
#220=TOROIDAL_SURFACE('',#3611,80.5,2.);
#221=TOROIDAL_SURFACE('',#3805,82.5,2.6);
#222=TOROIDAL_SURFACE('',#3806,82.5,2.6);
#223=B_SPLINE_CURVE_WITH_KNOTS('',3,(#4933,#4934,#4935,#4936),
 .UNSPECIFIED.,.F.,.F.,(4,4),(0.,1.),.UNSPECIFIED.);
#224=B_SPLINE_CURVE_WITH_KNOTS('',3,(#4948,#4949,#4950,#4951),
 .UNSPECIFIED.,.F.,.F.,(4,4),(0.,1.),.UNSPECIFIED.);
#225=B_SPLINE_CURVE_WITH_KNOTS('',3,(#4979,#4980,#4981,#4982),
 .UNSPECIFIED.,.F.,.F.,(4,4),(0.,1.),.UNSPECIFIED.);
#226=B_SPLINE_CURVE_WITH_KNOTS('',3,(#4994,#4995,#4996,#4997),
 .UNSPECIFIED.,.F.,.F.,(4,4),(0.,1.),.UNSPECIFIED.);
#227=B_SPLINE_CURVE_WITH_KNOTS('',3,(#5018,#5019,#5020,#5021,#5022,#5023,
#5024,#5025,#5026,#5027,#5028,#5029,#5030,#5031,#5032,#5033,#5034,#5035,
#5036,#5037,#5038,#5039,#5040,#5041,#5042,#5043,#5044,#5045,#5046,#5047,
#5048,#5049,#5050,#5051,#5052),.UNSPECIFIED.,.F.,.F.,(4,1,1,1,1,1,1,1,1,
1,1,1,1,1,1,1,1,1,1,1,1,1,1,1,1,1,1,1,1,1,1,1,4),(0.,0.0625,0.09375,0.109375,
0.125,0.140625,0.15625,0.1875,0.21875,0.25,0.28125,0.3125,0.34375,0.375,
0.40625,0.4375,0.5,0.5625,0.59375,0.625,0.65625,0.6875,0.71875,0.75,0.78125,
0.8125,0.84375,0.859375,0.875,0.890625,0.90625,0.9375,1.),.UNSPECIFIED.);
#228=B_SPLINE_CURVE_WITH_KNOTS('',3,(#5056,#5057,#5058,#5059,#5060,#5061,
#5062,#5063,#5064,#5065,#5066),.UNSPECIFIED.,.F.,.F.,(4,1,1,1,1,1,1,1,4),
(-1.01980439321146E-5,0.00122488386767478,0.00245996577928168,0.00369504769088858,
0.00493012960249548,0.00616521151410238,0.00740029342570928,0.00863537533731618,
0.00987045724892308),.UNSPECIFIED.);
#229=B_SPLINE_CURVE_WITH_KNOTS('',3,(#5068,#5069,#5070,#5071,#5072,#5073,
#5074,#5075,#5076),.UNSPECIFIED.,.F.,.F.,(4,1,1,1,1,1,4),(0.,0.25,0.375,
0.5,0.625,0.75,1.),.UNSPECIFIED.);
#230=B_SPLINE_CURVE_WITH_KNOTS('',3,(#5079,#5080,#5081,#5082,#5083,#5084,
#5085,#5086,#5087),.UNSPECIFIED.,.F.,.F.,(4,1,1,1,1,1,4),(0.,0.25,0.375,
0.5,0.625,0.75,1.),.UNSPECIFIED.);
#231=B_SPLINE_CURVE_WITH_KNOTS('',3,(#5088,#5089,#5090,#5091,#5092,#5093,
#5094,#5095,#5096,#5097,#5098,#5099,#5100,#5101,#5102,#5103,#5104,#5105,
#5106,#5107,#5108,#5109,#5110,#5111,#5112,#5113,#5114,#5115,#5116,#5117,
#5118,#5119,#5120,#5121,#5122),.UNSPECIFIED.,.F.,.F.,(4,1,1,1,1,1,1,1,1,
1,1,1,1,1,1,1,1,1,1,1,1,1,1,1,1,1,1,1,1,1,1,1,4),(0.,0.0625,0.09375,0.109375,
0.125,0.140625,0.15625,0.1875,0.21875,0.25,0.28125,0.3125,0.34375,0.375,
0.40625,0.4375,0.5,0.5625,0.59375,0.625,0.65625,0.6875,0.71875,0.75,0.78125,
0.8125,0.84375,0.859375,0.875,0.890625,0.90625,0.9375,1.),.UNSPECIFIED.);
#232=B_SPLINE_CURVE_WITH_KNOTS('',3,(#5126,#5127,#5128,#5129,#5130,#5131,
#5132,#5133,#5134,#5135,#5136,#5137,#5138,#5139,#5140,#5141,#5142,#5143,
#5144,#5145,#5146,#5147,#5148,#5149,#5150,#5151,#5152,#5153,#5154,#5155,
#5156,#5157,#5158,#5159,#5160),.UNSPECIFIED.,.F.,.F.,(4,1,1,1,1,1,1,1,1,
1,1,1,1,1,1,1,1,1,1,1,1,1,1,1,1,1,1,1,1,1,1,1,4),(0.,0.0625,0.09375,0.109375,
0.125,0.140625,0.15625,0.1875,0.21875,0.25,0.28125,0.3125,0.34375,0.375,
0.40625,0.4375,0.5,0.5625,0.59375,0.625,0.65625,0.6875,0.71875,0.75,0.78125,
0.8125,0.84375,0.859375,0.875,0.890625,0.90625,0.9375,1.),.UNSPECIFIED.);
#233=B_SPLINE_CURVE_WITH_KNOTS('',3,(#5164,#5165,#5166,#5167,#5168,#5169,
#5170,#5171,#5172),.UNSPECIFIED.,.F.,.F.,(4,1,1,1,1,1,4),(0.,0.25,0.375,
0.5,0.625,0.75,1.),.UNSPECIFIED.);
#234=B_SPLINE_CURVE_WITH_KNOTS('',3,(#5175,#5176,#5177,#5178,#5179,#5180,
#5181,#5182,#5183),.UNSPECIFIED.,.F.,.F.,(4,1,1,1,1,1,4),(0.,0.25,0.375,
0.5,0.625,0.75,1.),.UNSPECIFIED.);
#235=B_SPLINE_CURVE_WITH_KNOTS('',3,(#5184,#5185,#5186,#5187,#5188,#5189,
#5190,#5191,#5192,#5193,#5194,#5195,#5196,#5197,#5198,#5199,#5200,#5201,
#5202,#5203,#5204,#5205,#5206,#5207,#5208,#5209,#5210,#5211,#5212,#5213,
#5214,#5215,#5216,#5217,#5218),.UNSPECIFIED.,.F.,.F.,(4,1,1,1,1,1,1,1,1,
1,1,1,1,1,1,1,1,1,1,1,1,1,1,1,1,1,1,1,1,1,1,1,4),(0.,0.0625,0.09375,0.109375,
0.125,0.140625,0.15625,0.1875,0.21875,0.25,0.28125,0.3125,0.34375,0.375,
0.40625,0.4375,0.5,0.5625,0.59375,0.625,0.65625,0.6875,0.71875,0.75,0.78125,
0.8125,0.84375,0.859375,0.875,0.890625,0.90625,0.9375,1.),.UNSPECIFIED.);
#236=B_SPLINE_CURVE_WITH_KNOTS('',3,(#5222,#5223,#5224,#5225,#5226,#5227,
#5228,#5229,#5230,#5231,#5232,#5233,#5234,#5235,#5236,#5237,#5238,#5239,
#5240,#5241,#5242,#5243,#5244,#5245,#5246,#5247,#5248,#5249,#5250,#5251,
#5252,#5253,#5254,#5255,#5256),.UNSPECIFIED.,.F.,.F.,(4,1,1,1,1,1,1,1,1,
1,1,1,1,1,1,1,1,1,1,1,1,1,1,1,1,1,1,1,1,1,1,1,4),(0.,0.0625,0.09375,0.109375,
0.125,0.140625,0.15625,0.1875,0.21875,0.25,0.28125,0.3125,0.34375,0.375,
0.40625,0.4375,0.5,0.5625,0.59375,0.625,0.65625,0.6875,0.71875,0.75,0.78125,
0.8125,0.84375,0.859375,0.875,0.890625,0.90625,0.9375,1.),.UNSPECIFIED.);
#237=B_SPLINE_CURVE_WITH_KNOTS('',3,(#5260,#5261,#5262,#5263,#5264,#5265,
#5266,#5267,#5268),.UNSPECIFIED.,.F.,.F.,(4,1,1,1,1,1,4),(0.,0.25,0.375,
0.5,0.625,0.75,1.),.UNSPECIFIED.);
#238=B_SPLINE_CURVE_WITH_KNOTS('',3,(#5271,#5272,#5273,#5274,#5275,#5276,
#5277,#5278,#5279),.UNSPECIFIED.,.F.,.F.,(4,1,1,1,1,1,4),(0.,0.25,0.375,
0.5,0.625,0.75,1.),.UNSPECIFIED.);
#239=B_SPLINE_CURVE_WITH_KNOTS('',3,(#5280,#5281,#5282,#5283,#5284,#5285,
#5286,#5287,#5288,#5289,#5290,#5291,#5292,#5293,#5294,#5295,#5296,#5297,
#5298,#5299,#5300,#5301,#5302,#5303,#5304,#5305,#5306,#5307,#5308,#5309,
#5310,#5311,#5312,#5313,#5314),.UNSPECIFIED.,.F.,.F.,(4,1,1,1,1,1,1,1,1,
1,1,1,1,1,1,1,1,1,1,1,1,1,1,1,1,1,1,1,1,1,1,1,4),(0.,0.0625,0.09375,0.109375,
0.125,0.140625,0.15625,0.1875,0.21875,0.25,0.28125,0.3125,0.34375,0.375,
0.40625,0.4375,0.5,0.5625,0.59375,0.625,0.65625,0.6875,0.71875,0.75,0.78125,
0.8125,0.84375,0.859375,0.875,0.890625,0.90625,0.9375,1.),.UNSPECIFIED.);
#240=B_SPLINE_CURVE_WITH_KNOTS('',3,(#5318,#5319,#5320,#5321,#5322,#5323,
#5324,#5325,#5326,#5327,#5328,#5329,#5330,#5331,#5332,#5333,#5334,#5335,
#5336,#5337,#5338,#5339,#5340,#5341,#5342,#5343,#5344,#5345,#5346,#5347,
#5348,#5349,#5350,#5351,#5352),.UNSPECIFIED.,.F.,.F.,(4,1,1,1,1,1,1,1,1,
1,1,1,1,1,1,1,1,1,1,1,1,1,1,1,1,1,1,1,1,1,1,1,4),(0.,0.0625,0.09375,0.109375,
0.125,0.140625,0.15625,0.1875,0.21875,0.25,0.28125,0.3125,0.34375,0.375,
0.40625,0.4375,0.5,0.5625,0.59375,0.625,0.65625,0.6875,0.71875,0.75,0.78125,
0.8125,0.84375,0.859375,0.875,0.890625,0.90625,0.9375,1.),.UNSPECIFIED.);
#241=B_SPLINE_CURVE_WITH_KNOTS('',3,(#5356,#5357,#5358,#5359,#5360,#5361,
#5362,#5363,#5364),.UNSPECIFIED.,.F.,.F.,(4,1,1,1,1,1,4),(0.,0.25,0.375,
0.5,0.625,0.75,1.),.UNSPECIFIED.);
#242=B_SPLINE_CURVE_WITH_KNOTS('',3,(#5367,#5368,#5369,#5370,#5371,#5372,
#5373,#5374,#5375),.UNSPECIFIED.,.F.,.F.,(4,1,1,1,1,1,4),(0.,0.25,0.375,
0.5,0.625,0.75,1.),.UNSPECIFIED.);
#243=B_SPLINE_CURVE_WITH_KNOTS('',3,(#5376,#5377,#5378,#5379,#5380,#5381,
#5382,#5383,#5384,#5385,#5386,#5387,#5388,#5389,#5390,#5391,#5392,#5393,
#5394,#5395,#5396,#5397,#5398,#5399,#5400,#5401,#5402,#5403,#5404,#5405,
#5406,#5407,#5408,#5409,#5410),.UNSPECIFIED.,.F.,.F.,(4,1,1,1,1,1,1,1,1,
1,1,1,1,1,1,1,1,1,1,1,1,1,1,1,1,1,1,1,1,1,1,1,4),(0.,0.0625,0.09375,0.109375,
0.125,0.140625,0.15625,0.1875,0.21875,0.25,0.28125,0.3125,0.34375,0.375,
0.40625,0.4375,0.5,0.5625,0.59375,0.625,0.65625,0.6875,0.71875,0.75,0.78125,
0.8125,0.84375,0.859375,0.875,0.890625,0.90625,0.9375,1.),.UNSPECIFIED.);
#244=B_SPLINE_CURVE_WITH_KNOTS('',3,(#5414,#5415,#5416,#5417,#5418,#5419,
#5420,#5421,#5422,#5423,#5424,#5425,#5426,#5427,#5428,#5429,#5430,#5431,
#5432,#5433,#5434,#5435,#5436,#5437,#5438,#5439,#5440,#5441,#5442,#5443,
#5444,#5445,#5446,#5447,#5448),.UNSPECIFIED.,.F.,.F.,(4,1,1,1,1,1,1,1,1,
1,1,1,1,1,1,1,1,1,1,1,1,1,1,1,1,1,1,1,1,1,1,1,4),(0.,0.0625,0.09375,0.109375,
0.125,0.140625,0.15625,0.1875,0.21875,0.25,0.28125,0.3125,0.34375,0.375,
0.40625,0.4375,0.5,0.5625,0.59375,0.625,0.65625,0.6875,0.71875,0.75,0.78125,
0.8125,0.84375,0.859375,0.875,0.890625,0.90625,0.9375,1.),.UNSPECIFIED.);
#245=B_SPLINE_CURVE_WITH_KNOTS('',3,(#5452,#5453,#5454,#5455,#5456,#5457,
#5458,#5459,#5460),.UNSPECIFIED.,.F.,.F.,(4,1,1,1,1,1,4),(0.,0.25,0.375,
0.5,0.625,0.75,1.),.UNSPECIFIED.);
#246=B_SPLINE_CURVE_WITH_KNOTS('',3,(#5463,#5464,#5465,#5466,#5467,#5468,
#5469,#5470,#5471),.UNSPECIFIED.,.F.,.F.,(4,1,1,1,1,1,4),(0.,0.25,0.375,
0.5,0.625,0.75,1.),.UNSPECIFIED.);
#247=B_SPLINE_CURVE_WITH_KNOTS('',3,(#5472,#5473,#5474,#5475,#5476,#5477,
#5478,#5479,#5480,#5481,#5482,#5483,#5484,#5485,#5486,#5487,#5488,#5489,
#5490,#5491,#5492,#5493,#5494,#5495,#5496,#5497,#5498,#5499,#5500,#5501,
#5502,#5503,#5504,#5505,#5506),.UNSPECIFIED.,.F.,.F.,(4,1,1,1,1,1,1,1,1,
1,1,1,1,1,1,1,1,1,1,1,1,1,1,1,1,1,1,1,1,1,1,1,4),(0.,0.0625,0.09375,0.109375,
0.125,0.140625,0.15625,0.1875,0.21875,0.25,0.28125,0.3125,0.34375,0.375,
0.40625,0.4375,0.5,0.5625,0.59375,0.625,0.65625,0.6875,0.71875,0.75,0.78125,
0.8125,0.84375,0.859375,0.875,0.890625,0.90625,0.9375,1.),.UNSPECIFIED.);
#248=B_SPLINE_CURVE_WITH_KNOTS('',3,(#5510,#5511,#5512,#5513,#5514,#5515,
#5516,#5517,#5518,#5519,#5520,#5521,#5522,#5523,#5524,#5525,#5526,#5527,
#5528,#5529,#5530,#5531,#5532,#5533,#5534,#5535,#5536,#5537,#5538,#5539,
#5540,#5541,#5542,#5543,#5544),.UNSPECIFIED.,.F.,.F.,(4,1,1,1,1,1,1,1,1,
1,1,1,1,1,1,1,1,1,1,1,1,1,1,1,1,1,1,1,1,1,1,1,4),(0.,0.0625,0.09375,0.109375,
0.125,0.140625,0.15625,0.1875,0.21875,0.25,0.28125,0.3125,0.34375,0.375,
0.40625,0.4375,0.5,0.5625,0.59375,0.625,0.65625,0.6875,0.71875,0.75,0.78125,
0.8125,0.84375,0.859375,0.875,0.890625,0.90625,0.9375,1.),.UNSPECIFIED.);
#249=B_SPLINE_CURVE_WITH_KNOTS('',3,(#5548,#5549,#5550,#5551,#5552,#5553,
#5554,#5555,#5556),.UNSPECIFIED.,.F.,.F.,(4,1,1,1,1,1,4),(0.,0.25,0.375,
0.5,0.625,0.75,1.),.UNSPECIFIED.);
#250=B_SPLINE_CURVE_WITH_KNOTS('',3,(#5559,#5560,#5561,#5562,#5563,#5564,
#5565,#5566,#5567),.UNSPECIFIED.,.F.,.F.,(4,1,1,1,1,1,4),(0.,0.25,0.375,
0.5,0.625,0.75,1.),.UNSPECIFIED.);
#251=B_SPLINE_CURVE_WITH_KNOTS('',3,(#5568,#5569,#5570,#5571,#5572,#5573,
#5574,#5575,#5576,#5577,#5578,#5579,#5580,#5581,#5582,#5583,#5584,#5585,
#5586,#5587,#5588,#5589,#5590,#5591,#5592,#5593,#5594,#5595,#5596,#5597,
#5598,#5599,#5600,#5601,#5602),.UNSPECIFIED.,.F.,.F.,(4,1,1,1,1,1,1,1,1,
1,1,1,1,1,1,1,1,1,1,1,1,1,1,1,1,1,1,1,1,1,1,1,4),(0.,0.0625,0.09375,0.109375,
0.125,0.140625,0.15625,0.1875,0.21875,0.25,0.28125,0.3125,0.34375,0.375,
0.40625,0.4375,0.5,0.5625,0.59375,0.625,0.65625,0.6875,0.71875,0.75,0.78125,
0.8125,0.84375,0.859375,0.875,0.890625,0.90625,0.9375,1.),.UNSPECIFIED.);
#252=B_SPLINE_CURVE_WITH_KNOTS('',3,(#5606,#5607,#5608,#5609,#5610,#5611,
#5612,#5613,#5614,#5615,#5616,#5617,#5618,#5619,#5620,#5621,#5622,#5623,
#5624,#5625,#5626,#5627,#5628,#5629,#5630,#5631,#5632,#5633,#5634,#5635,
#5636,#5637,#5638,#5639,#5640),.UNSPECIFIED.,.F.,.F.,(4,1,1,1,1,1,1,1,1,
1,1,1,1,1,1,1,1,1,1,1,1,1,1,1,1,1,1,1,1,1,1,1,4),(0.,0.0625,0.09375,0.109375,
0.125,0.140625,0.15625,0.1875,0.21875,0.25,0.28125,0.3125,0.34375,0.375,
0.40625,0.4375,0.5,0.5625,0.59375,0.625,0.65625,0.6875,0.71875,0.75,0.78125,
0.8125,0.84375,0.859375,0.875,0.890625,0.90625,0.9375,1.),.UNSPECIFIED.);
#253=B_SPLINE_CURVE_WITH_KNOTS('',3,(#5644,#5645,#5646,#5647,#5648,#5649,
#5650,#5651,#5652),.UNSPECIFIED.,.F.,.F.,(4,1,1,1,1,1,4),(0.,0.25,0.375,
0.5,0.625,0.75,1.),.UNSPECIFIED.);
#254=B_SPLINE_CURVE_WITH_KNOTS('',3,(#5655,#5656,#5657,#5658,#5659,#5660,
#5661,#5662,#5663),.UNSPECIFIED.,.F.,.F.,(4,1,1,1,1,1,4),(0.,0.25,0.375,
0.5,0.625,0.75,1.),.UNSPECIFIED.);
#255=B_SPLINE_CURVE_WITH_KNOTS('',3,(#5664,#5665,#5666,#5667,#5668,#5669,
#5670,#5671,#5672,#5673,#5674,#5675,#5676,#5677,#5678,#5679,#5680,#5681,
#5682,#5683,#5684,#5685,#5686,#5687,#5688,#5689,#5690,#5691,#5692,#5693,
#5694,#5695,#5696,#5697,#5698),.UNSPECIFIED.,.F.,.F.,(4,1,1,1,1,1,1,1,1,
1,1,1,1,1,1,1,1,1,1,1,1,1,1,1,1,1,1,1,1,1,1,1,4),(0.,0.0625,0.09375,0.109375,
0.125,0.140625,0.15625,0.1875,0.21875,0.25,0.28125,0.3125,0.34375,0.375,
0.40625,0.4375,0.5,0.5625,0.59375,0.625,0.65625,0.6875,0.71875,0.75,0.78125,
0.8125,0.84375,0.859375,0.875,0.890625,0.90625,0.9375,1.),.UNSPECIFIED.);
#256=B_SPLINE_CURVE_WITH_KNOTS('',3,(#5700,#5701,#5702,#5703,#5704,#5705,
#5706,#5707,#5708),.UNSPECIFIED.,.F.,.F.,(4,1,1,1,1,1,4),(0.,0.25,0.375,
0.5,0.625,0.75,1.),.UNSPECIFIED.);
#257=B_SPLINE_CURVE_WITH_KNOTS('',3,(#5711,#5712,#5713,#5714,#5715,#5716,
#5717,#5718,#5719),.UNSPECIFIED.,.F.,.F.,(4,1,1,1,1,1,4),(0.,0.25,0.375,
0.5,0.625,0.75,1.),.UNSPECIFIED.);
#258=B_SPLINE_CURVE_WITH_KNOTS('',3,(#5720,#5721,#5722,#5723,#5724,#5725,
#5726,#5727,#5728,#5729,#5730,#5731,#5732,#5733,#5734,#5735,#5736,#5737,
#5738,#5739,#5740,#5741,#5742,#5743,#5744,#5745,#5746,#5747,#5748,#5749,
#5750,#5751,#5752,#5753,#5754),.UNSPECIFIED.,.F.,.F.,(4,1,1,1,1,1,1,1,1,
1,1,1,1,1,1,1,1,1,1,1,1,1,1,1,1,1,1,1,1,1,1,1,4),(0.,0.0625,0.09375,0.109375,
0.125,0.140625,0.15625,0.1875,0.21875,0.25,0.28125,0.3125,0.34375,0.375,
0.40625,0.4375,0.5,0.5625,0.59375,0.625,0.65625,0.6875,0.71875,0.75,0.78125,
0.8125,0.84375,0.859375,0.875,0.890625,0.90625,0.9375,1.),.UNSPECIFIED.);
#259=B_SPLINE_CURVE_WITH_KNOTS('',3,(#5757,#5758,#5759,#5760,#5761,#5762,
#5763,#5764,#5765,#5766,#5767,#5768,#5769,#5770,#5771,#5772,#5773,#5774,
#5775,#5776,#5777,#5778,#5779,#5780,#5781,#5782,#5783,#5784,#5785,#5786,
#5787,#5788,#5789,#5790,#5791),.UNSPECIFIED.,.F.,.F.,(4,1,1,1,1,1,1,1,1,
1,1,1,1,1,1,1,1,1,1,1,1,1,1,1,1,1,1,1,1,1,1,1,4),(0.,0.0625,0.09375,0.109375,
0.125,0.140625,0.15625,0.1875,0.21875,0.25,0.28125,0.3125,0.34375,0.375,
0.40625,0.4375,0.5,0.5625,0.59375,0.625,0.65625,0.6875,0.71875,0.75,0.78125,
0.8125,0.84375,0.859375,0.875,0.890625,0.90625,0.9375,1.),.UNSPECIFIED.);
#260=B_SPLINE_CURVE_WITH_KNOTS('',3,(#5801,#5802,#5803,#5804),
 .UNSPECIFIED.,.F.,.F.,(4,4),(0.,0.0157214026487026),.UNSPECIFIED.);
#261=B_SPLINE_CURVE_WITH_KNOTS('',3,(#5809,#5810,#5811,#5812),
 .UNSPECIFIED.,.F.,.F.,(4,4),(0.,0.0157214026487031),.UNSPECIFIED.);
#262=B_SPLINE_CURVE_WITH_KNOTS('',3,(#5817,#5818,#5819,#5820),
 .UNSPECIFIED.,.F.,.F.,(4,4),(0.000742160878492408,0.016463563527215),
 .UNSPECIFIED.);
#263=B_SPLINE_CURVE_WITH_KNOTS('',3,(#5825,#5826,#5827,#5828),
 .UNSPECIFIED.,.F.,.F.,(4,4),(1.18008312871196E-5,0.0157332034800098),
 .UNSPECIFIED.);
#264=B_SPLINE_CURVE_WITH_KNOTS('',3,(#5831,#5832,#5833,#5834),
 .UNSPECIFIED.,.F.,.F.,(4,4),(0.,0.0157214026486977),.UNSPECIFIED.);
#265=B_SPLINE_CURVE_WITH_KNOTS('',3,(#5839,#5840,#5841,#5842),
 .UNSPECIFIED.,.F.,.F.,(4,4),(0.,0.0157214026486983),.UNSPECIFIED.);
#266=B_SPLINE_CURVE_WITH_KNOTS('',3,(#5845,#5846,#5847,#5848),
 .UNSPECIFIED.,.F.,.F.,(4,4),(0.,0.0157214026487151),.UNSPECIFIED.);
#267=B_SPLINE_CURVE_WITH_KNOTS('',3,(#5853,#5854,#5855,#5856),
 .UNSPECIFIED.,.F.,.F.,(4,4),(0.,0.0157214026487158),.UNSPECIFIED.);
#268=B_SPLINE_CURVE_WITH_KNOTS('',3,(#5859,#5860,#5861,#5862),
 .UNSPECIFIED.,.F.,.F.,(4,4),(0.,0.015721402648741),.UNSPECIFIED.);
#269=B_SPLINE_CURVE_WITH_KNOTS('',3,(#5867,#5868,#5869,#5870),
 .UNSPECIFIED.,.F.,.F.,(4,4),(0.,0.0157214026487417),.UNSPECIFIED.);
#270=B_SPLINE_CURVE_WITH_KNOTS('',3,(#5873,#5874,#5875,#5876),
 .UNSPECIFIED.,.F.,.F.,(4,4),(0.,0.015721402648741),.UNSPECIFIED.);
#271=B_SPLINE_CURVE_WITH_KNOTS('',3,(#5881,#5882,#5883,#5884),
 .UNSPECIFIED.,.F.,.F.,(4,4),(0.,0.0157214026487417),.UNSPECIFIED.);
#272=B_SPLINE_CURVE_WITH_KNOTS('',3,(#5887,#5888,#5889,#5890),
 .UNSPECIFIED.,.F.,.F.,(4,4),(0.,0.0157214026487026),.UNSPECIFIED.);
#273=B_SPLINE_CURVE_WITH_KNOTS('',3,(#5895,#5896,#5897,#5898),
 .UNSPECIFIED.,.F.,.F.,(4,4),(0.,0.0157214026487031),.UNSPECIFIED.);
#274=B_SPLINE_CURVE_WITH_KNOTS('',3,(#5901,#5902,#5903,#5904),
 .UNSPECIFIED.,.F.,.F.,(4,4),(0.,0.0157214026487291),.UNSPECIFIED.);
#275=B_SPLINE_CURVE_WITH_KNOTS('',3,(#5909,#5910,#5911,#5912),
 .UNSPECIFIED.,.F.,.F.,(4,4),(0.,0.0157214026487298),.UNSPECIFIED.);
#276=B_SPLINE_CURVE_WITH_KNOTS('',3,(#5915,#5916,#5917,#5918),
 .UNSPECIFIED.,.F.,.F.,(4,4),(0.,0.0157214026487466),.UNSPECIFIED.);
#277=B_SPLINE_CURVE_WITH_KNOTS('',3,(#5923,#5924,#5925,#5926),
 .UNSPECIFIED.,.F.,.F.,(4,4),(0.,0.0157214026487472),.UNSPECIFIED.);
#278=B_SPLINE_CURVE_WITH_KNOTS('',3,(#5933,#5934,#5935,#5936),
 .UNSPECIFIED.,.F.,.F.,(4,4),(0.,0.0157214026487026),.UNSPECIFIED.);
#279=B_SPLINE_CURVE_WITH_KNOTS('',3,(#5940,#5941,#5942,#5943),
 .UNSPECIFIED.,.F.,.F.,(4,4),(0.,0.0157214026487031),.UNSPECIFIED.);
#280=B_SPLINE_CURVE_WITH_KNOTS('',3,(#5947,#5948,#5949,#5950),
 .UNSPECIFIED.,.F.,.F.,(4,4),(0.000742160878492405,0.016463563527215),
 .UNSPECIFIED.);
#281=B_SPLINE_CURVE_WITH_KNOTS('',3,(#5954,#5955,#5956,#5957),
 .UNSPECIFIED.,.F.,.F.,(4,4),(1.18008312865825E-5,0.0157332034800098),
 .UNSPECIFIED.);
#282=B_SPLINE_CURVE_WITH_KNOTS('',3,(#5963,#5964,#5965,#5966),
 .UNSPECIFIED.,.F.,.F.,(4,4),(0.,0.0157214026486977),.UNSPECIFIED.);
#283=B_SPLINE_CURVE_WITH_KNOTS('',3,(#5970,#5971,#5972,#5973),
 .UNSPECIFIED.,.F.,.F.,(4,4),(0.,0.0157214026486983),.UNSPECIFIED.);
#284=B_SPLINE_CURVE_WITH_KNOTS('',3,(#5977,#5978,#5979,#5980),
 .UNSPECIFIED.,.F.,.F.,(4,4),(0.,0.0157214026487151),.UNSPECIFIED.);
#285=B_SPLINE_CURVE_WITH_KNOTS('',3,(#5984,#5985,#5986,#5987),
 .UNSPECIFIED.,.F.,.F.,(4,4),(0.,0.0157214026487158),.UNSPECIFIED.);
#286=B_SPLINE_CURVE_WITH_KNOTS('',3,(#5991,#5992,#5993,#5994),
 .UNSPECIFIED.,.F.,.F.,(4,4),(0.,0.015721402648741),.UNSPECIFIED.);
#287=B_SPLINE_CURVE_WITH_KNOTS('',3,(#5998,#5999,#6000,#6001),
 .UNSPECIFIED.,.F.,.F.,(4,4),(0.,0.0157214026487417),.UNSPECIFIED.);
#288=B_SPLINE_CURVE_WITH_KNOTS('',3,(#6005,#6006,#6007,#6008),
 .UNSPECIFIED.,.F.,.F.,(4,4),(0.,0.015721402648741),.UNSPECIFIED.);
#289=B_SPLINE_CURVE_WITH_KNOTS('',3,(#6012,#6013,#6014,#6015),
 .UNSPECIFIED.,.F.,.F.,(4,4),(0.,0.0157214026487417),.UNSPECIFIED.);
#290=B_SPLINE_CURVE_WITH_KNOTS('',3,(#6019,#6020,#6021,#6022),
 .UNSPECIFIED.,.F.,.F.,(4,4),(0.,0.0157214026487026),.UNSPECIFIED.);
#291=B_SPLINE_CURVE_WITH_KNOTS('',3,(#6026,#6027,#6028,#6029),
 .UNSPECIFIED.,.F.,.F.,(4,4),(0.,0.0157214026487031),.UNSPECIFIED.);
#292=B_SPLINE_CURVE_WITH_KNOTS('',3,(#6033,#6034,#6035,#6036),
 .UNSPECIFIED.,.F.,.F.,(4,4),(0.,0.0157214026487291),.UNSPECIFIED.);
#293=B_SPLINE_CURVE_WITH_KNOTS('',3,(#6040,#6041,#6042,#6043),
 .UNSPECIFIED.,.F.,.F.,(4,4),(0.,0.0157214026487298),.UNSPECIFIED.);
#294=B_SPLINE_CURVE_WITH_KNOTS('',3,(#6047,#6048,#6049,#6050),
 .UNSPECIFIED.,.F.,.F.,(4,4),(0.,0.0157214026487466),.UNSPECIFIED.);
#295=B_SPLINE_CURVE_WITH_KNOTS('',3,(#6054,#6055,#6056,#6057),
 .UNSPECIFIED.,.F.,.F.,(4,4),(0.,0.0157214026487472),.UNSPECIFIED.);
#296=B_SPLINE_CURVE_WITH_KNOTS('',3,(#6073,#6074,#6075,#6076),
 .UNSPECIFIED.,.F.,.F.,(4,4),(0.,0.0157214026433627),.UNSPECIFIED.);
#297=B_SPLINE_CURVE_WITH_KNOTS('',3,(#6084,#6085,#6086,#6087),
 .UNSPECIFIED.,.F.,.F.,(4,4),(0.,0.0157214026433632),.UNSPECIFIED.);
#298=B_SPLINE_CURVE_WITH_KNOTS('',3,(#6095,#6096,#6097,#6098),
 .UNSPECIFIED.,.F.,.F.,(4,4),(0.,0.0157214026433776),.UNSPECIFIED.);
#299=B_SPLINE_CURVE_WITH_KNOTS('',3,(#6106,#6107,#6108,#6109),
 .UNSPECIFIED.,.F.,.F.,(4,4),(0.,0.0157214026433783),.UNSPECIFIED.);
#300=B_SPLINE_CURVE_WITH_KNOTS('',3,(#6117,#6118,#6119,#6120),
 .UNSPECIFIED.,.F.,.F.,(4,4),(0.,0.0157214026434005),.UNSPECIFIED.);
#301=B_SPLINE_CURVE_WITH_KNOTS('',3,(#6128,#6129,#6130,#6131),
 .UNSPECIFIED.,.F.,.F.,(4,4),(0.,0.0157214026434009),.UNSPECIFIED.);
#302=B_SPLINE_CURVE_WITH_KNOTS('',3,(#6139,#6140,#6141,#6142),
 .UNSPECIFIED.,.F.,.F.,(4,4),(0.,0.0157214026433675),.UNSPECIFIED.);
#303=B_SPLINE_CURVE_WITH_KNOTS('',3,(#6150,#6151,#6152,#6153),
 .UNSPECIFIED.,.F.,.F.,(4,4),(0.,0.0157214026433681),.UNSPECIFIED.);
#304=B_SPLINE_CURVE_WITH_KNOTS('',3,(#6161,#6162,#6163,#6164),
 .UNSPECIFIED.,.F.,.F.,(4,4),(0.,0.0157214026433675),.UNSPECIFIED.);
#305=B_SPLINE_CURVE_WITH_KNOTS('',3,(#6172,#6173,#6174,#6175),
 .UNSPECIFIED.,.F.,.F.,(4,4),(0.,0.0157214026433681),.UNSPECIFIED.);
#306=B_SPLINE_CURVE_WITH_KNOTS('',3,(#6183,#6184,#6185,#6186),
 .UNSPECIFIED.,.F.,.F.,(4,4),(0.,0.0157214026433896),.UNSPECIFIED.);
#307=B_SPLINE_CURVE_WITH_KNOTS('',3,(#6194,#6195,#6196,#6197),
 .UNSPECIFIED.,.F.,.F.,(4,4),(0.,0.0157214026433903),.UNSPECIFIED.);
#308=B_SPLINE_CURVE_WITH_KNOTS('',3,(#6205,#6206,#6207,#6208),
 .UNSPECIFIED.,.F.,.F.,(4,4),(0.,0.0157214026434047),.UNSPECIFIED.);
#309=B_SPLINE_CURVE_WITH_KNOTS('',3,(#6216,#6217,#6218,#6219),
 .UNSPECIFIED.,.F.,.F.,(4,4),(0.,0.0157214026434052),.UNSPECIFIED.);
#310=B_SPLINE_CURVE_WITH_KNOTS('',3,(#6227,#6228,#6229,#6230),
 .UNSPECIFIED.,.F.,.F.,(4,4),(1.36292028176734E-5,0.0157350318462019),
 .UNSPECIFIED.);
#311=B_SPLINE_CURVE_WITH_KNOTS('',3,(#6238,#6239,#6240,#6241),
 .UNSPECIFIED.,.F.,.F.,(4,4),(0.00085916898065117,0.0165805716240358),
 .UNSPECIFIED.);
#312=B_SPLINE_CURVE_WITH_KNOTS('',3,(#6252,#6253,#6254,#6255),
 .UNSPECIFIED.,.F.,.F.,(4,4),(0.,0.0157214026434005),.UNSPECIFIED.);
#313=B_SPLINE_CURVE_WITH_KNOTS('',3,(#6263,#6264,#6265,#6266),
 .UNSPECIFIED.,.F.,.F.,(4,4),(0.,0.0157214026434009),.UNSPECIFIED.);
#314=B_SPLINE_CURVE_WITH_KNOTS('',3,(#6276,#6277,#6278,#6279),
 .UNSPECIFIED.,.F.,.F.,(4,4),(0.,0.0157214026433627),.UNSPECIFIED.);
#315=B_SPLINE_CURVE_WITH_KNOTS('',3,(#6287,#6288,#6289,#6290),
 .UNSPECIFIED.,.F.,.F.,(4,4),(0.,0.0157214026433632),.UNSPECIFIED.);
#316=B_SPLINE_CURVE_WITH_KNOTS('',3,(#6298,#6299,#6300,#6301),
 .UNSPECIFIED.,.F.,.F.,(4,4),(0.,0.0157214026433776),.UNSPECIFIED.);
#317=B_SPLINE_CURVE_WITH_KNOTS('',3,(#6309,#6310,#6311,#6312),
 .UNSPECIFIED.,.F.,.F.,(4,4),(0.,0.0157214026433783),.UNSPECIFIED.);
#318=B_SPLINE_CURVE_WITH_KNOTS('',3,(#6320,#6321,#6322,#6323),
 .UNSPECIFIED.,.F.,.F.,(4,4),(0.,0.0157214026434005),.UNSPECIFIED.);
#319=B_SPLINE_CURVE_WITH_KNOTS('',3,(#6331,#6332,#6333,#6334),
 .UNSPECIFIED.,.F.,.F.,(4,4),(0.,0.0157214026434009),.UNSPECIFIED.);
#320=B_SPLINE_CURVE_WITH_KNOTS('',3,(#6342,#6343,#6344,#6345),
 .UNSPECIFIED.,.F.,.F.,(4,4),(0.,0.0157214026433675),.UNSPECIFIED.);
#321=B_SPLINE_CURVE_WITH_KNOTS('',3,(#6353,#6354,#6355,#6356),
 .UNSPECIFIED.,.F.,.F.,(4,4),(0.,0.0157214026433681),.UNSPECIFIED.);
#322=B_SPLINE_CURVE_WITH_KNOTS('',3,(#6364,#6365,#6366,#6367),
 .UNSPECIFIED.,.F.,.F.,(4,4),(0.,0.0157214026433675),.UNSPECIFIED.);
#323=B_SPLINE_CURVE_WITH_KNOTS('',3,(#6375,#6376,#6377,#6378),
 .UNSPECIFIED.,.F.,.F.,(4,4),(0.,0.0157214026433681),.UNSPECIFIED.);
#324=B_SPLINE_CURVE_WITH_KNOTS('',3,(#6386,#6387,#6388,#6389),
 .UNSPECIFIED.,.F.,.F.,(4,4),(0.,0.0157214026433896),.UNSPECIFIED.);
#325=B_SPLINE_CURVE_WITH_KNOTS('',3,(#6397,#6398,#6399,#6400),
 .UNSPECIFIED.,.F.,.F.,(4,4),(0.,0.0157214026433903),.UNSPECIFIED.);
#326=B_SPLINE_CURVE_WITH_KNOTS('',3,(#6408,#6409,#6410,#6411),
 .UNSPECIFIED.,.F.,.F.,(4,4),(0.,0.0157214026434047),.UNSPECIFIED.);
#327=B_SPLINE_CURVE_WITH_KNOTS('',3,(#6419,#6420,#6421,#6422),
 .UNSPECIFIED.,.F.,.F.,(4,4),(0.,0.0157214026434052),.UNSPECIFIED.);
#328=B_SPLINE_CURVE_WITH_KNOTS('',3,(#6433,#6434,#6435,#6436),
 .UNSPECIFIED.,.F.,.F.,(4,4),(1.362920281767E-5,0.0157350318462019),
 .UNSPECIFIED.);
#329=B_SPLINE_CURVE_WITH_KNOTS('',3,(#6444,#6445,#6446,#6447),
 .UNSPECIFIED.,.F.,.F.,(4,4),(0.000859168980651169,0.0165805716240358),
 .UNSPECIFIED.);
#330=B_SPLINE_CURVE_WITH_KNOTS('',3,(#6455,#6456,#6457,#6458),
 .UNSPECIFIED.,.F.,.F.,(4,4),(0.,0.0157214026434005),.UNSPECIFIED.);
#331=B_SPLINE_CURVE_WITH_KNOTS('',3,(#6466,#6467,#6468,#6469),
 .UNSPECIFIED.,.F.,.F.,(4,4),(0.,0.0157214026434009),.UNSPECIFIED.);
#332=B_SPLINE_CURVE_WITH_KNOTS('',3,(#6474,#6475,#6476,#6477,#6478,#6479,
#6480),.UNSPECIFIED.,.F.,.F.,(4,1,1,1,4),(1.98714304522865E-7,0.00203804039363382,
0.00407588207296312,0.00611372375229242,0.00815156543162171),
 .UNSPECIFIED.);
#333=B_SPLINE_CURVE_WITH_KNOTS('',3,(#6483,#6484,#6485,#6486,#6487,#6488,
#6489),.UNSPECIFIED.,.F.,.F.,(4,1,1,1,4),(1.98714304522763E-7,0.00203804039363382,
0.00407588207296312,0.00611372375229242,0.00815156543162172),
 .UNSPECIFIED.);
#334=B_SPLINE_CURVE_WITH_KNOTS('',3,(#6490,#6491,#6492,#6493,#6494,#6495,
#6496,#6497,#6498,#6499,#6500),.UNSPECIFIED.,.F.,.F.,(4,1,1,1,1,1,1,1,4),
(-1.01980439321146E-5,0.00122488386767479,0.00245996577928169,0.00369504769088858,
0.00493012960249549,0.00616521151410238,0.00740029342570928,0.00863537533731618,
0.00987045724892308),.UNSPECIFIED.);
#335=B_SPLINE_CURVE_WITH_KNOTS('',3,(#6522,#6523,#6524,#6525),
 .UNSPECIFIED.,.F.,.F.,(4,4),(0.,1.),.UNSPECIFIED.);
#336=B_SPLINE_CURVE_WITH_KNOTS('',3,(#6553,#6554,#6555,#6556),
 .UNSPECIFIED.,.F.,.F.,(4,4),(0.,1.),.UNSPECIFIED.);
#337=B_SPLINE_CURVE_WITH_KNOTS('',3,(#6565,#6566,#6567,#6568),
 .UNSPECIFIED.,.F.,.F.,(4,4),(0.,1.),.UNSPECIFIED.);
#338=CIRCLE('',#3506,69.3);
#339=CIRCLE('',#3507,69.3);
#340=CIRCLE('',#3508,69.3);
#341=CIRCLE('',#3509,69.3);
#342=CIRCLE('',#3510,69.3);
#343=CIRCLE('',#3511,69.3);
#344=CIRCLE('',#3512,69.3);
#345=CIRCLE('',#3513,69.3);
#346=CIRCLE('',#3514,69.3);
#347=CIRCLE('',#3515,69.3);
#348=CIRCLE('',#3516,69.3);
#349=CIRCLE('',#3517,69.3);
#350=CIRCLE('',#3518,69.3);
#351=CIRCLE('',#3519,69.3);
#352=CIRCLE('',#3520,69.3);
#353=CIRCLE('',#3521,69.3);
#354=CIRCLE('',#3522,69.3);
#355=CIRCLE('',#3523,69.3);
#356=CIRCLE('',#3524,69.3);
#357=CIRCLE('',#3525,69.3);
#358=CIRCLE('',#3526,69.3);
#359=CIRCLE('',#3527,69.3);
#360=CIRCLE('',#3528,69.3);
#361=CIRCLE('',#3529,69.3);
#362=CIRCLE('',#3530,69.3);
#363=CIRCLE('',#3531,69.3);
#364=CIRCLE('',#3532,69.3);
#365=CIRCLE('',#3533,69.3);
#366=CIRCLE('',#3535,82.5);
#367=CIRCLE('',#3536,82.5);
#368=CIRCLE('',#3539,82.5);
#369=CIRCLE('',#3540,82.5);
#370=CIRCLE('',#3543,82.5);
#371=CIRCLE('',#3544,82.5);
#372=CIRCLE('',#3547,82.5);
#373=CIRCLE('',#3548,82.5);
#374=CIRCLE('',#3551,82.5);
#375=CIRCLE('',#3552,82.5);
#376=CIRCLE('',#3555,82.5);
#377=CIRCLE('',#3556,82.5);
#378=CIRCLE('',#3559,82.5);
#379=CIRCLE('',#3560,82.5);
#380=CIRCLE('',#3564,54.3333333333333);
#381=CIRCLE('',#3565,56.3333333333333);
#382=CIRCLE('',#3567,59.75);
#383=CIRCLE('',#3571,63.);
#384=CIRCLE('',#3593,59.75);
#385=CIRCLE('',#3609,82.5);
#386=CIRCLE('',#3610,80.5);
#387=CIRCLE('',#3612,80.5);
#388=CIRCLE('',#3613,82.5);
#389=CIRCLE('',#3615,4.93735464897916);
#390=CIRCLE('',#3616,4.93735464897914);
#391=CIRCLE('',#3618,4.93735464897916);
#392=CIRCLE('',#3621,4.93735464897914);
#393=CIRCLE('',#3625,4.93735464897916);
#394=CIRCLE('',#3626,4.93735464897914);
#395=CIRCLE('',#3628,4.93735464897916);
#396=CIRCLE('',#3631,4.93735464897914);
#397=CIRCLE('',#3635,4.93735464897916);
#398=CIRCLE('',#3636,4.93735464897914);
#399=CIRCLE('',#3638,4.93735464897916);
#400=CIRCLE('',#3641,4.93735464897914);
#401=CIRCLE('',#3645,4.93735464897916);
#402=CIRCLE('',#3646,4.93735464897914);
#403=CIRCLE('',#3648,4.93735464897916);
#404=CIRCLE('',#3651,4.93735464897914);
#405=CIRCLE('',#3655,4.93735464897916);
#406=CIRCLE('',#3656,4.93735464897914);
#407=CIRCLE('',#3658,4.93735464897916);
#408=CIRCLE('',#3661,4.93735464897914);
#409=CIRCLE('',#3665,4.93735464897916);
#410=CIRCLE('',#3666,4.93735464897914);
#411=CIRCLE('',#3668,4.93735464897916);
#412=CIRCLE('',#3671,4.93735464897914);
#413=CIRCLE('',#3675,4.93735464897916);
#414=CIRCLE('',#3676,4.93735464897914);
#415=CIRCLE('',#3678,4.93735464897916);
#416=CIRCLE('',#3681,4.93735464897914);
#417=CIRCLE('',#3685,4.93735464897916);
#418=CIRCLE('',#3686,4.93735464897914);
#419=CIRCLE('',#3688,4.93735464897916);
#420=CIRCLE('',#3691,4.93735464897914);
#421=CIRCLE('',#3695,69.5);
#422=CIRCLE('',#3697,4.93735464897916);
#423=CIRCLE('',#3698,4.93735464897914);
#424=CIRCLE('',#3700,4.93735464897916);
#425=CIRCLE('',#3703,4.93735464897914);
#426=CIRCLE('',#3707,4.93735464897916);
#427=CIRCLE('',#3709,4.93735464897916);
#428=CIRCLE('',#3711,4.93735464897914);
#429=CIRCLE('',#3714,4.93735464897914);
#430=CIRCLE('',#3717,4.93735464897916);
#431=CIRCLE('',#3719,4.93735464897916);
#432=CIRCLE('',#3721,4.93735464897914);
#433=CIRCLE('',#3724,4.93735464897914);
#434=CIRCLE('',#3727,4.93735464897916);
#435=CIRCLE('',#3729,4.93735464897916);
#436=CIRCLE('',#3731,4.93735464897914);
#437=CIRCLE('',#3734,4.93735464897914);
#438=CIRCLE('',#3737,4.93735464897916);
#439=CIRCLE('',#3739,4.93735464897916);
#440=CIRCLE('',#3741,4.93735464897914);
#441=CIRCLE('',#3744,4.93735464897914);
#442=CIRCLE('',#3747,4.93735464897916);
#443=CIRCLE('',#3749,4.93735464897916);
#444=CIRCLE('',#3751,4.93735464897914);
#445=CIRCLE('',#3754,4.93735464897914);
#446=CIRCLE('',#3757,4.93735464897916);
#447=CIRCLE('',#3759,4.93735464897916);
#448=CIRCLE('',#3761,4.93735464897914);
#449=CIRCLE('',#3764,4.93735464897914);
#450=CIRCLE('',#3767,4.93735464897916);
#451=CIRCLE('',#3769,4.93735464897916);
#452=CIRCLE('',#3771,4.93735464897914);
#453=CIRCLE('',#3774,4.93735464897914);
#454=CIRCLE('',#3777,69.5);
#455=CIRCLE('',#3779,4.93735464897916);
#456=CIRCLE('',#3781,4.93735464897916);
#457=CIRCLE('',#3783,4.93735464897914);
#458=CIRCLE('',#3786,4.93735464897914);
#459=CIRCLE('',#3789,4.93735464897916);
#460=CIRCLE('',#3791,4.93735464897916);
#461=CIRCLE('',#3793,4.93735464897914);
#462=CIRCLE('',#3796,4.93735464897914);
#463=CIRCLE('',#3799,82.5);
#464=CIRCLE('',#3800,82.5);
#465=CIRCLE('',#3803,82.5);
#466=CIRCLE('',#3804,82.5);
#467=CIRCLE('',#3808,72.75);
#468=CIRCLE('',#3809,72.75);
#469=CIRCLE('',#3810,72.75);
#470=CIRCLE('',#3811,72.75);
#471=CIRCLE('',#3812,72.75);
#472=CIRCLE('',#3813,72.75);
#473=CIRCLE('',#3814,72.75);
#474=CIRCLE('',#3815,72.75);
#475=CIRCLE('',#3816,72.75);
#476=CIRCLE('',#3819,69.3);
#477=CIRCLE('',#3821,54.3333333333333);
#478=CIRCLE('',#3823,45.);
#479=CIRCLE('',#3825,45.);
#480=ORIENTED_EDGE('',*,*,#1522,.F.);
#481=ORIENTED_EDGE('',*,*,#1523,.F.);
#482=ORIENTED_EDGE('',*,*,#1524,.F.);
#483=ORIENTED_EDGE('',*,*,#1525,.T.);
#484=ORIENTED_EDGE('',*,*,#1526,.F.);
#485=ORIENTED_EDGE('',*,*,#1527,.F.);
#486=ORIENTED_EDGE('',*,*,#1528,.F.);
#487=ORIENTED_EDGE('',*,*,#1529,.T.);
#488=ORIENTED_EDGE('',*,*,#1530,.F.);
#489=ORIENTED_EDGE('',*,*,#1531,.F.);
#490=ORIENTED_EDGE('',*,*,#1532,.F.);
#491=ORIENTED_EDGE('',*,*,#1533,.F.);
#492=ORIENTED_EDGE('',*,*,#1534,.T.);
#493=ORIENTED_EDGE('',*,*,#1535,.T.);
#494=ORIENTED_EDGE('',*,*,#1536,.F.);
#495=ORIENTED_EDGE('',*,*,#1537,.F.);
#496=ORIENTED_EDGE('',*,*,#1538,.T.);
#497=ORIENTED_EDGE('',*,*,#1539,.T.);
#498=ORIENTED_EDGE('',*,*,#1540,.F.);
#499=ORIENTED_EDGE('',*,*,#1541,.F.);
#500=ORIENTED_EDGE('',*,*,#1542,.T.);
#501=ORIENTED_EDGE('',*,*,#1543,.T.);
#502=ORIENTED_EDGE('',*,*,#1544,.F.);
#503=ORIENTED_EDGE('',*,*,#1545,.F.);
#504=ORIENTED_EDGE('',*,*,#1546,.F.);
#505=ORIENTED_EDGE('',*,*,#1547,.F.);
#506=ORIENTED_EDGE('',*,*,#1548,.T.);
#507=ORIENTED_EDGE('',*,*,#1549,.T.);
#508=ORIENTED_EDGE('',*,*,#1550,.F.);
#509=ORIENTED_EDGE('',*,*,#1551,.F.);
#510=ORIENTED_EDGE('',*,*,#1552,.F.);
#511=ORIENTED_EDGE('',*,*,#1553,.F.);
#512=ORIENTED_EDGE('',*,*,#1554,.T.);
#513=ORIENTED_EDGE('',*,*,#1555,.T.);
#514=ORIENTED_EDGE('',*,*,#1556,.F.);
#515=ORIENTED_EDGE('',*,*,#1557,.F.);
#516=ORIENTED_EDGE('',*,*,#1558,.T.);
#517=ORIENTED_EDGE('',*,*,#1559,.T.);
#518=ORIENTED_EDGE('',*,*,#1560,.F.);
#519=ORIENTED_EDGE('',*,*,#1561,.F.);
#520=ORIENTED_EDGE('',*,*,#1562,.T.);
#521=ORIENTED_EDGE('',*,*,#1563,.T.);
#522=ORIENTED_EDGE('',*,*,#1564,.F.);
#523=ORIENTED_EDGE('',*,*,#1565,.F.);
#524=ORIENTED_EDGE('',*,*,#1566,.F.);
#525=ORIENTED_EDGE('',*,*,#1567,.F.);
#526=ORIENTED_EDGE('',*,*,#1568,.T.);
#527=ORIENTED_EDGE('',*,*,#1569,.T.);
#528=ORIENTED_EDGE('',*,*,#1570,.F.);
#529=ORIENTED_EDGE('',*,*,#1571,.F.);
#530=ORIENTED_EDGE('',*,*,#1572,.F.);
#531=ORIENTED_EDGE('',*,*,#1573,.F.);
#532=ORIENTED_EDGE('',*,*,#1574,.T.);
#533=ORIENTED_EDGE('',*,*,#1575,.T.);
#534=ORIENTED_EDGE('',*,*,#1576,.F.);
#535=ORIENTED_EDGE('',*,*,#1577,.F.);
#536=ORIENTED_EDGE('',*,*,#1578,.F.);
#537=ORIENTED_EDGE('',*,*,#1579,.T.);
#538=ORIENTED_EDGE('',*,*,#1580,.F.);
#539=ORIENTED_EDGE('',*,*,#1581,.F.);
#540=ORIENTED_EDGE('',*,*,#1582,.T.);
#541=ORIENTED_EDGE('',*,*,#1583,.T.);
#542=ORIENTED_EDGE('',*,*,#1584,.T.);
#543=ORIENTED_EDGE('',*,*,#1585,.T.);
#544=ORIENTED_EDGE('',*,*,#1581,.T.);
#545=ORIENTED_EDGE('',*,*,#1586,.T.);
#546=ORIENTED_EDGE('',*,*,#1587,.F.);
#547=ORIENTED_EDGE('',*,*,#1588,.F.);
#548=ORIENTED_EDGE('',*,*,#1589,.T.);
#549=ORIENTED_EDGE('',*,*,#1586,.F.);
#550=ORIENTED_EDGE('',*,*,#1590,.T.);
#551=ORIENTED_EDGE('',*,*,#1591,.T.);
#552=ORIENTED_EDGE('',*,*,#1588,.T.);
#553=ORIENTED_EDGE('',*,*,#1592,.T.);
#554=ORIENTED_EDGE('',*,*,#1593,.F.);
#555=ORIENTED_EDGE('',*,*,#1594,.F.);
#556=ORIENTED_EDGE('',*,*,#1595,.T.);
#557=ORIENTED_EDGE('',*,*,#1592,.F.);
#558=ORIENTED_EDGE('',*,*,#1596,.T.);
#559=ORIENTED_EDGE('',*,*,#1597,.T.);
#560=ORIENTED_EDGE('',*,*,#1594,.T.);
#561=ORIENTED_EDGE('',*,*,#1598,.T.);
#562=ORIENTED_EDGE('',*,*,#1599,.F.);
#563=ORIENTED_EDGE('',*,*,#1600,.F.);
#564=ORIENTED_EDGE('',*,*,#1601,.T.);
#565=ORIENTED_EDGE('',*,*,#1598,.F.);
#566=ORIENTED_EDGE('',*,*,#1602,.T.);
#567=ORIENTED_EDGE('',*,*,#1603,.T.);
#568=ORIENTED_EDGE('',*,*,#1600,.T.);
#569=ORIENTED_EDGE('',*,*,#1604,.T.);
#570=ORIENTED_EDGE('',*,*,#1605,.F.);
#571=ORIENTED_EDGE('',*,*,#1606,.F.);
#572=ORIENTED_EDGE('',*,*,#1607,.T.);
#573=ORIENTED_EDGE('',*,*,#1604,.F.);
#574=ORIENTED_EDGE('',*,*,#1608,.T.);
#575=ORIENTED_EDGE('',*,*,#1609,.T.);
#576=ORIENTED_EDGE('',*,*,#1606,.T.);
#577=ORIENTED_EDGE('',*,*,#1610,.T.);
#578=ORIENTED_EDGE('',*,*,#1611,.F.);
#579=ORIENTED_EDGE('',*,*,#1612,.F.);
#580=ORIENTED_EDGE('',*,*,#1613,.T.);
#581=ORIENTED_EDGE('',*,*,#1610,.F.);
#582=ORIENTED_EDGE('',*,*,#1614,.T.);
#583=ORIENTED_EDGE('',*,*,#1615,.T.);
#584=ORIENTED_EDGE('',*,*,#1612,.T.);
#585=ORIENTED_EDGE('',*,*,#1616,.T.);
#586=ORIENTED_EDGE('',*,*,#1617,.F.);
#587=ORIENTED_EDGE('',*,*,#1618,.F.);
#588=ORIENTED_EDGE('',*,*,#1619,.T.);
#589=ORIENTED_EDGE('',*,*,#1616,.F.);
#590=ORIENTED_EDGE('',*,*,#1620,.T.);
#591=ORIENTED_EDGE('',*,*,#1621,.T.);
#592=ORIENTED_EDGE('',*,*,#1618,.T.);
#593=ORIENTED_EDGE('',*,*,#1622,.T.);
#594=ORIENTED_EDGE('',*,*,#1623,.T.);
#595=ORIENTED_EDGE('',*,*,#1624,.T.);
#596=ORIENTED_EDGE('',*,*,#1625,.T.);
#597=ORIENTED_EDGE('',*,*,#1626,.T.);
#598=ORIENTED_EDGE('',*,*,#1627,.F.);
#599=ORIENTED_EDGE('',*,*,#1628,.F.);
#600=ORIENTED_EDGE('',*,*,#1628,.T.);
#601=ORIENTED_EDGE('',*,*,#1629,.F.);
#602=ORIENTED_EDGE('',*,*,#1630,.F.);
#603=ORIENTED_EDGE('',*,*,#1631,.F.);
#604=ORIENTED_EDGE('',*,*,#1632,.F.);
#605=ORIENTED_EDGE('',*,*,#1633,.F.);
#606=ORIENTED_EDGE('',*,*,#1629,.T.);
#607=ORIENTED_EDGE('',*,*,#1634,.F.);
#608=ORIENTED_EDGE('',*,*,#1635,.F.);
#609=ORIENTED_EDGE('',*,*,#1636,.F.);
#610=ORIENTED_EDGE('',*,*,#1637,.F.);
#611=ORIENTED_EDGE('',*,*,#1638,.F.);
#612=ORIENTED_EDGE('',*,*,#1639,.F.);
#613=ORIENTED_EDGE('',*,*,#1640,.F.);
#614=ORIENTED_EDGE('',*,*,#1641,.F.);
#615=ORIENTED_EDGE('',*,*,#1642,.F.);
#616=ORIENTED_EDGE('',*,*,#1643,.F.);
#617=ORIENTED_EDGE('',*,*,#1644,.F.);
#618=ORIENTED_EDGE('',*,*,#1645,.F.);
#619=ORIENTED_EDGE('',*,*,#1646,.F.);
#620=ORIENTED_EDGE('',*,*,#1647,.F.);
#621=ORIENTED_EDGE('',*,*,#1648,.F.);
#622=ORIENTED_EDGE('',*,*,#1649,.F.);
#623=ORIENTED_EDGE('',*,*,#1650,.F.);
#624=ORIENTED_EDGE('',*,*,#1651,.F.);
#625=ORIENTED_EDGE('',*,*,#1652,.F.);
#626=ORIENTED_EDGE('',*,*,#1653,.F.);
#627=ORIENTED_EDGE('',*,*,#1654,.F.);
#628=ORIENTED_EDGE('',*,*,#1655,.F.);
#629=ORIENTED_EDGE('',*,*,#1656,.F.);
#630=ORIENTED_EDGE('',*,*,#1657,.F.);
#631=ORIENTED_EDGE('',*,*,#1658,.F.);
#632=ORIENTED_EDGE('',*,*,#1659,.F.);
#633=ORIENTED_EDGE('',*,*,#1660,.F.);
#634=ORIENTED_EDGE('',*,*,#1661,.F.);
#635=ORIENTED_EDGE('',*,*,#1662,.F.);
#636=ORIENTED_EDGE('',*,*,#1663,.F.);
#637=ORIENTED_EDGE('',*,*,#1664,.F.);
#638=ORIENTED_EDGE('',*,*,#1665,.F.);
#639=ORIENTED_EDGE('',*,*,#1666,.F.);
#640=ORIENTED_EDGE('',*,*,#1667,.T.);
#641=ORIENTED_EDGE('',*,*,#1668,.T.);
#642=ORIENTED_EDGE('',*,*,#1669,.T.);
#643=ORIENTED_EDGE('',*,*,#1670,.T.);
#644=ORIENTED_EDGE('',*,*,#1671,.T.);
#645=ORIENTED_EDGE('',*,*,#1672,.T.);
#646=ORIENTED_EDGE('',*,*,#1673,.T.);
#647=ORIENTED_EDGE('',*,*,#1674,.T.);
#648=ORIENTED_EDGE('',*,*,#1675,.F.);
#649=ORIENTED_EDGE('',*,*,#1634,.T.);
#650=ORIENTED_EDGE('',*,*,#1676,.T.);
#651=ORIENTED_EDGE('',*,*,#1677,.T.);
#652=ORIENTED_EDGE('',*,*,#1678,.T.);
#653=ORIENTED_EDGE('',*,*,#1679,.T.);
#654=ORIENTED_EDGE('',*,*,#1680,.T.);
#655=ORIENTED_EDGE('',*,*,#1681,.T.);
#656=ORIENTED_EDGE('',*,*,#1682,.T.);
#657=ORIENTED_EDGE('',*,*,#1683,.T.);
#658=ORIENTED_EDGE('',*,*,#1684,.T.);
#659=ORIENTED_EDGE('',*,*,#1685,.T.);
#660=ORIENTED_EDGE('',*,*,#1686,.T.);
#661=ORIENTED_EDGE('',*,*,#1687,.T.);
#662=ORIENTED_EDGE('',*,*,#1688,.T.);
#663=ORIENTED_EDGE('',*,*,#1689,.T.);
#664=ORIENTED_EDGE('',*,*,#1690,.T.);
#665=ORIENTED_EDGE('',*,*,#1691,.T.);
#666=ORIENTED_EDGE('',*,*,#1692,.T.);
#667=ORIENTED_EDGE('',*,*,#1693,.T.);
#668=ORIENTED_EDGE('',*,*,#1694,.T.);
#669=ORIENTED_EDGE('',*,*,#1695,.T.);
#670=ORIENTED_EDGE('',*,*,#1696,.T.);
#671=ORIENTED_EDGE('',*,*,#1697,.T.);
#672=ORIENTED_EDGE('',*,*,#1698,.T.);
#673=ORIENTED_EDGE('',*,*,#1699,.T.);
#674=ORIENTED_EDGE('',*,*,#1700,.T.);
#675=ORIENTED_EDGE('',*,*,#1701,.T.);
#676=ORIENTED_EDGE('',*,*,#1702,.T.);
#677=ORIENTED_EDGE('',*,*,#1703,.T.);
#678=ORIENTED_EDGE('',*,*,#1704,.F.);
#679=ORIENTED_EDGE('',*,*,#1705,.F.);
#680=ORIENTED_EDGE('',*,*,#1706,.F.);
#681=ORIENTED_EDGE('',*,*,#1707,.F.);
#682=ORIENTED_EDGE('',*,*,#1708,.F.);
#683=ORIENTED_EDGE('',*,*,#1663,.T.);
#684=ORIENTED_EDGE('',*,*,#1709,.T.);
#685=ORIENTED_EDGE('',*,*,#1710,.F.);
#686=ORIENTED_EDGE('',*,*,#1711,.T.);
#687=ORIENTED_EDGE('',*,*,#1664,.T.);
#688=ORIENTED_EDGE('',*,*,#1708,.T.);
#689=ORIENTED_EDGE('',*,*,#1712,.F.);
#690=ORIENTED_EDGE('',*,*,#1713,.T.);
#691=ORIENTED_EDGE('',*,*,#1665,.T.);
#692=ORIENTED_EDGE('',*,*,#1711,.F.);
#693=ORIENTED_EDGE('',*,*,#1714,.F.);
#694=ORIENTED_EDGE('',*,*,#1666,.T.);
#695=ORIENTED_EDGE('',*,*,#1713,.F.);
#696=ORIENTED_EDGE('',*,*,#1715,.F.);
#697=ORIENTED_EDGE('',*,*,#1709,.F.);
#698=ORIENTED_EDGE('',*,*,#1716,.F.);
#699=ORIENTED_EDGE('',*,*,#1659,.T.);
#700=ORIENTED_EDGE('',*,*,#1717,.T.);
#701=ORIENTED_EDGE('',*,*,#1718,.F.);
#702=ORIENTED_EDGE('',*,*,#1719,.T.);
#703=ORIENTED_EDGE('',*,*,#1660,.T.);
#704=ORIENTED_EDGE('',*,*,#1716,.T.);
#705=ORIENTED_EDGE('',*,*,#1720,.F.);
#706=ORIENTED_EDGE('',*,*,#1721,.T.);
#707=ORIENTED_EDGE('',*,*,#1661,.T.);
#708=ORIENTED_EDGE('',*,*,#1719,.F.);
#709=ORIENTED_EDGE('',*,*,#1722,.F.);
#710=ORIENTED_EDGE('',*,*,#1662,.T.);
#711=ORIENTED_EDGE('',*,*,#1721,.F.);
#712=ORIENTED_EDGE('',*,*,#1723,.F.);
#713=ORIENTED_EDGE('',*,*,#1717,.F.);
#714=ORIENTED_EDGE('',*,*,#1724,.F.);
#715=ORIENTED_EDGE('',*,*,#1655,.T.);
#716=ORIENTED_EDGE('',*,*,#1725,.T.);
#717=ORIENTED_EDGE('',*,*,#1726,.F.);
#718=ORIENTED_EDGE('',*,*,#1727,.T.);
#719=ORIENTED_EDGE('',*,*,#1656,.T.);
#720=ORIENTED_EDGE('',*,*,#1724,.T.);
#721=ORIENTED_EDGE('',*,*,#1728,.F.);
#722=ORIENTED_EDGE('',*,*,#1729,.T.);
#723=ORIENTED_EDGE('',*,*,#1657,.T.);
#724=ORIENTED_EDGE('',*,*,#1727,.F.);
#725=ORIENTED_EDGE('',*,*,#1730,.F.);
#726=ORIENTED_EDGE('',*,*,#1658,.T.);
#727=ORIENTED_EDGE('',*,*,#1729,.F.);
#728=ORIENTED_EDGE('',*,*,#1731,.F.);
#729=ORIENTED_EDGE('',*,*,#1725,.F.);
#730=ORIENTED_EDGE('',*,*,#1732,.F.);
#731=ORIENTED_EDGE('',*,*,#1651,.T.);
#732=ORIENTED_EDGE('',*,*,#1733,.T.);
#733=ORIENTED_EDGE('',*,*,#1734,.F.);
#734=ORIENTED_EDGE('',*,*,#1735,.T.);
#735=ORIENTED_EDGE('',*,*,#1652,.T.);
#736=ORIENTED_EDGE('',*,*,#1732,.T.);
#737=ORIENTED_EDGE('',*,*,#1736,.F.);
#738=ORIENTED_EDGE('',*,*,#1737,.T.);
#739=ORIENTED_EDGE('',*,*,#1653,.T.);
#740=ORIENTED_EDGE('',*,*,#1735,.F.);
#741=ORIENTED_EDGE('',*,*,#1738,.F.);
#742=ORIENTED_EDGE('',*,*,#1654,.T.);
#743=ORIENTED_EDGE('',*,*,#1737,.F.);
#744=ORIENTED_EDGE('',*,*,#1739,.F.);
#745=ORIENTED_EDGE('',*,*,#1733,.F.);
#746=ORIENTED_EDGE('',*,*,#1740,.F.);
#747=ORIENTED_EDGE('',*,*,#1647,.T.);
#748=ORIENTED_EDGE('',*,*,#1741,.T.);
#749=ORIENTED_EDGE('',*,*,#1742,.F.);
#750=ORIENTED_EDGE('',*,*,#1743,.T.);
#751=ORIENTED_EDGE('',*,*,#1648,.T.);
#752=ORIENTED_EDGE('',*,*,#1740,.T.);
#753=ORIENTED_EDGE('',*,*,#1744,.F.);
#754=ORIENTED_EDGE('',*,*,#1745,.T.);
#755=ORIENTED_EDGE('',*,*,#1649,.T.);
#756=ORIENTED_EDGE('',*,*,#1743,.F.);
#757=ORIENTED_EDGE('',*,*,#1746,.F.);
#758=ORIENTED_EDGE('',*,*,#1650,.T.);
#759=ORIENTED_EDGE('',*,*,#1745,.F.);
#760=ORIENTED_EDGE('',*,*,#1747,.F.);
#761=ORIENTED_EDGE('',*,*,#1741,.F.);
#762=ORIENTED_EDGE('',*,*,#1748,.F.);
#763=ORIENTED_EDGE('',*,*,#1643,.T.);
#764=ORIENTED_EDGE('',*,*,#1749,.T.);
#765=ORIENTED_EDGE('',*,*,#1750,.F.);
#766=ORIENTED_EDGE('',*,*,#1751,.T.);
#767=ORIENTED_EDGE('',*,*,#1644,.T.);
#768=ORIENTED_EDGE('',*,*,#1748,.T.);
#769=ORIENTED_EDGE('',*,*,#1752,.F.);
#770=ORIENTED_EDGE('',*,*,#1753,.T.);
#771=ORIENTED_EDGE('',*,*,#1645,.T.);
#772=ORIENTED_EDGE('',*,*,#1751,.F.);
#773=ORIENTED_EDGE('',*,*,#1754,.F.);
#774=ORIENTED_EDGE('',*,*,#1646,.T.);
#775=ORIENTED_EDGE('',*,*,#1753,.F.);
#776=ORIENTED_EDGE('',*,*,#1755,.F.);
#777=ORIENTED_EDGE('',*,*,#1749,.F.);
#778=ORIENTED_EDGE('',*,*,#1756,.F.);
#779=ORIENTED_EDGE('',*,*,#1639,.T.);
#780=ORIENTED_EDGE('',*,*,#1757,.T.);
#781=ORIENTED_EDGE('',*,*,#1758,.F.);
#782=ORIENTED_EDGE('',*,*,#1759,.T.);
#783=ORIENTED_EDGE('',*,*,#1640,.T.);
#784=ORIENTED_EDGE('',*,*,#1756,.T.);
#785=ORIENTED_EDGE('',*,*,#1760,.F.);
#786=ORIENTED_EDGE('',*,*,#1761,.T.);
#787=ORIENTED_EDGE('',*,*,#1641,.T.);
#788=ORIENTED_EDGE('',*,*,#1759,.F.);
#789=ORIENTED_EDGE('',*,*,#1762,.F.);
#790=ORIENTED_EDGE('',*,*,#1642,.T.);
#791=ORIENTED_EDGE('',*,*,#1761,.F.);
#792=ORIENTED_EDGE('',*,*,#1763,.F.);
#793=ORIENTED_EDGE('',*,*,#1757,.F.);
#794=ORIENTED_EDGE('',*,*,#1764,.F.);
#795=ORIENTED_EDGE('',*,*,#1635,.T.);
#796=ORIENTED_EDGE('',*,*,#1765,.T.);
#797=ORIENTED_EDGE('',*,*,#1766,.F.);
#798=ORIENTED_EDGE('',*,*,#1767,.T.);
#799=ORIENTED_EDGE('',*,*,#1636,.T.);
#800=ORIENTED_EDGE('',*,*,#1764,.T.);
#801=ORIENTED_EDGE('',*,*,#1768,.F.);
#802=ORIENTED_EDGE('',*,*,#1769,.T.);
#803=ORIENTED_EDGE('',*,*,#1637,.T.);
#804=ORIENTED_EDGE('',*,*,#1767,.F.);
#805=ORIENTED_EDGE('',*,*,#1770,.F.);
#806=ORIENTED_EDGE('',*,*,#1638,.T.);
#807=ORIENTED_EDGE('',*,*,#1769,.F.);
#808=ORIENTED_EDGE('',*,*,#1771,.F.);
#809=ORIENTED_EDGE('',*,*,#1765,.F.);
#810=ORIENTED_EDGE('',*,*,#1706,.T.);
#811=ORIENTED_EDGE('',*,*,#1772,.T.);
#812=ORIENTED_EDGE('',*,*,#1773,.F.);
#813=ORIENTED_EDGE('',*,*,#1630,.T.);
#814=ORIENTED_EDGE('',*,*,#1774,.T.);
#815=ORIENTED_EDGE('',*,*,#1775,.F.);
#816=ORIENTED_EDGE('',*,*,#1776,.T.);
#817=ORIENTED_EDGE('',*,*,#1631,.T.);
#818=ORIENTED_EDGE('',*,*,#1773,.T.);
#819=ORIENTED_EDGE('',*,*,#1777,.F.);
#820=ORIENTED_EDGE('',*,*,#1778,.T.);
#821=ORIENTED_EDGE('',*,*,#1632,.T.);
#822=ORIENTED_EDGE('',*,*,#1776,.F.);
#823=ORIENTED_EDGE('',*,*,#1779,.F.);
#824=ORIENTED_EDGE('',*,*,#1633,.T.);
#825=ORIENTED_EDGE('',*,*,#1778,.F.);
#826=ORIENTED_EDGE('',*,*,#1780,.F.);
#827=ORIENTED_EDGE('',*,*,#1774,.F.);
#828=ORIENTED_EDGE('',*,*,#1781,.F.);
#829=ORIENTED_EDGE('',*,*,#1782,.T.);
#830=ORIENTED_EDGE('',*,*,#1783,.F.);
#831=ORIENTED_EDGE('',*,*,#1700,.F.);
#832=ORIENTED_EDGE('',*,*,#1783,.T.);
#833=ORIENTED_EDGE('',*,*,#1784,.T.);
#834=ORIENTED_EDGE('',*,*,#1785,.F.);
#835=ORIENTED_EDGE('',*,*,#1701,.F.);
#836=ORIENTED_EDGE('',*,*,#1702,.F.);
#837=ORIENTED_EDGE('',*,*,#1785,.T.);
#838=ORIENTED_EDGE('',*,*,#1786,.T.);
#839=ORIENTED_EDGE('',*,*,#1787,.T.);
#840=ORIENTED_EDGE('',*,*,#1787,.F.);
#841=ORIENTED_EDGE('',*,*,#1788,.T.);
#842=ORIENTED_EDGE('',*,*,#1781,.T.);
#843=ORIENTED_EDGE('',*,*,#1703,.F.);
#844=ORIENTED_EDGE('',*,*,#1789,.F.);
#845=ORIENTED_EDGE('',*,*,#1790,.T.);
#846=ORIENTED_EDGE('',*,*,#1791,.F.);
#847=ORIENTED_EDGE('',*,*,#1696,.F.);
#848=ORIENTED_EDGE('',*,*,#1791,.T.);
#849=ORIENTED_EDGE('',*,*,#1792,.T.);
#850=ORIENTED_EDGE('',*,*,#1793,.F.);
#851=ORIENTED_EDGE('',*,*,#1697,.F.);
#852=ORIENTED_EDGE('',*,*,#1698,.F.);
#853=ORIENTED_EDGE('',*,*,#1793,.T.);
#854=ORIENTED_EDGE('',*,*,#1794,.T.);
#855=ORIENTED_EDGE('',*,*,#1795,.T.);
#856=ORIENTED_EDGE('',*,*,#1795,.F.);
#857=ORIENTED_EDGE('',*,*,#1796,.T.);
#858=ORIENTED_EDGE('',*,*,#1789,.T.);
#859=ORIENTED_EDGE('',*,*,#1699,.F.);
#860=ORIENTED_EDGE('',*,*,#1797,.F.);
#861=ORIENTED_EDGE('',*,*,#1798,.T.);
#862=ORIENTED_EDGE('',*,*,#1799,.F.);
#863=ORIENTED_EDGE('',*,*,#1692,.F.);
#864=ORIENTED_EDGE('',*,*,#1799,.T.);
#865=ORIENTED_EDGE('',*,*,#1800,.T.);
#866=ORIENTED_EDGE('',*,*,#1801,.F.);
#867=ORIENTED_EDGE('',*,*,#1693,.F.);
#868=ORIENTED_EDGE('',*,*,#1694,.F.);
#869=ORIENTED_EDGE('',*,*,#1801,.T.);
#870=ORIENTED_EDGE('',*,*,#1802,.T.);
#871=ORIENTED_EDGE('',*,*,#1803,.T.);
#872=ORIENTED_EDGE('',*,*,#1803,.F.);
#873=ORIENTED_EDGE('',*,*,#1804,.T.);
#874=ORIENTED_EDGE('',*,*,#1797,.T.);
#875=ORIENTED_EDGE('',*,*,#1695,.F.);
#876=ORIENTED_EDGE('',*,*,#1805,.F.);
#877=ORIENTED_EDGE('',*,*,#1806,.T.);
#878=ORIENTED_EDGE('',*,*,#1807,.F.);
#879=ORIENTED_EDGE('',*,*,#1688,.F.);
#880=ORIENTED_EDGE('',*,*,#1807,.T.);
#881=ORIENTED_EDGE('',*,*,#1808,.T.);
#882=ORIENTED_EDGE('',*,*,#1809,.F.);
#883=ORIENTED_EDGE('',*,*,#1689,.F.);
#884=ORIENTED_EDGE('',*,*,#1690,.F.);
#885=ORIENTED_EDGE('',*,*,#1809,.T.);
#886=ORIENTED_EDGE('',*,*,#1810,.T.);
#887=ORIENTED_EDGE('',*,*,#1811,.T.);
#888=ORIENTED_EDGE('',*,*,#1811,.F.);
#889=ORIENTED_EDGE('',*,*,#1812,.T.);
#890=ORIENTED_EDGE('',*,*,#1805,.T.);
#891=ORIENTED_EDGE('',*,*,#1691,.F.);
#892=ORIENTED_EDGE('',*,*,#1813,.F.);
#893=ORIENTED_EDGE('',*,*,#1814,.T.);
#894=ORIENTED_EDGE('',*,*,#1815,.F.);
#895=ORIENTED_EDGE('',*,*,#1684,.F.);
#896=ORIENTED_EDGE('',*,*,#1815,.T.);
#897=ORIENTED_EDGE('',*,*,#1816,.T.);
#898=ORIENTED_EDGE('',*,*,#1817,.F.);
#899=ORIENTED_EDGE('',*,*,#1685,.F.);
#900=ORIENTED_EDGE('',*,*,#1686,.F.);
#901=ORIENTED_EDGE('',*,*,#1817,.T.);
#902=ORIENTED_EDGE('',*,*,#1818,.T.);
#903=ORIENTED_EDGE('',*,*,#1819,.T.);
#904=ORIENTED_EDGE('',*,*,#1819,.F.);
#905=ORIENTED_EDGE('',*,*,#1820,.T.);
#906=ORIENTED_EDGE('',*,*,#1813,.T.);
#907=ORIENTED_EDGE('',*,*,#1687,.F.);
#908=ORIENTED_EDGE('',*,*,#1821,.F.);
#909=ORIENTED_EDGE('',*,*,#1822,.T.);
#910=ORIENTED_EDGE('',*,*,#1823,.F.);
#911=ORIENTED_EDGE('',*,*,#1680,.F.);
#912=ORIENTED_EDGE('',*,*,#1823,.T.);
#913=ORIENTED_EDGE('',*,*,#1824,.T.);
#914=ORIENTED_EDGE('',*,*,#1825,.F.);
#915=ORIENTED_EDGE('',*,*,#1681,.F.);
#916=ORIENTED_EDGE('',*,*,#1682,.F.);
#917=ORIENTED_EDGE('',*,*,#1825,.T.);
#918=ORIENTED_EDGE('',*,*,#1826,.T.);
#919=ORIENTED_EDGE('',*,*,#1827,.T.);
#920=ORIENTED_EDGE('',*,*,#1827,.F.);
#921=ORIENTED_EDGE('',*,*,#1828,.T.);
#922=ORIENTED_EDGE('',*,*,#1821,.T.);
#923=ORIENTED_EDGE('',*,*,#1683,.F.);
#924=ORIENTED_EDGE('',*,*,#1829,.F.);
#925=ORIENTED_EDGE('',*,*,#1830,.T.);
#926=ORIENTED_EDGE('',*,*,#1831,.F.);
#927=ORIENTED_EDGE('',*,*,#1676,.F.);
#928=ORIENTED_EDGE('',*,*,#1831,.T.);
#929=ORIENTED_EDGE('',*,*,#1832,.T.);
#930=ORIENTED_EDGE('',*,*,#1833,.F.);
#931=ORIENTED_EDGE('',*,*,#1677,.F.);
#932=ORIENTED_EDGE('',*,*,#1678,.F.);
#933=ORIENTED_EDGE('',*,*,#1833,.T.);
#934=ORIENTED_EDGE('',*,*,#1834,.T.);
#935=ORIENTED_EDGE('',*,*,#1835,.T.);
#936=ORIENTED_EDGE('',*,*,#1835,.F.);
#937=ORIENTED_EDGE('',*,*,#1836,.T.);
#938=ORIENTED_EDGE('',*,*,#1829,.T.);
#939=ORIENTED_EDGE('',*,*,#1679,.F.);
#940=ORIENTED_EDGE('',*,*,#1705,.T.);
#941=ORIENTED_EDGE('',*,*,#1837,.F.);
#942=ORIENTED_EDGE('',*,*,#1838,.F.);
#943=ORIENTED_EDGE('',*,*,#1839,.T.);
#944=ORIENTED_EDGE('',*,*,#1840,.F.);
#945=ORIENTED_EDGE('',*,*,#1671,.F.);
#946=ORIENTED_EDGE('',*,*,#1840,.T.);
#947=ORIENTED_EDGE('',*,*,#1841,.T.);
#948=ORIENTED_EDGE('',*,*,#1842,.F.);
#949=ORIENTED_EDGE('',*,*,#1672,.F.);
#950=ORIENTED_EDGE('',*,*,#1673,.F.);
#951=ORIENTED_EDGE('',*,*,#1842,.T.);
#952=ORIENTED_EDGE('',*,*,#1843,.T.);
#953=ORIENTED_EDGE('',*,*,#1844,.T.);
#954=ORIENTED_EDGE('',*,*,#1844,.F.);
#955=ORIENTED_EDGE('',*,*,#1845,.T.);
#956=ORIENTED_EDGE('',*,*,#1838,.T.);
#957=ORIENTED_EDGE('',*,*,#1674,.F.);
#958=ORIENTED_EDGE('',*,*,#1846,.F.);
#959=ORIENTED_EDGE('',*,*,#1847,.T.);
#960=ORIENTED_EDGE('',*,*,#1848,.F.);
#961=ORIENTED_EDGE('',*,*,#1667,.F.);
#962=ORIENTED_EDGE('',*,*,#1848,.T.);
#963=ORIENTED_EDGE('',*,*,#1849,.T.);
#964=ORIENTED_EDGE('',*,*,#1850,.F.);
#965=ORIENTED_EDGE('',*,*,#1668,.F.);
#966=ORIENTED_EDGE('',*,*,#1669,.F.);
#967=ORIENTED_EDGE('',*,*,#1850,.T.);
#968=ORIENTED_EDGE('',*,*,#1851,.T.);
#969=ORIENTED_EDGE('',*,*,#1852,.T.);
#970=ORIENTED_EDGE('',*,*,#1852,.F.);
#971=ORIENTED_EDGE('',*,*,#1853,.T.);
#972=ORIENTED_EDGE('',*,*,#1846,.T.);
#973=ORIENTED_EDGE('',*,*,#1670,.F.);
#974=ORIENTED_EDGE('',*,*,#1707,.T.);
#975=ORIENTED_EDGE('',*,*,#1589,.F.);
#976=ORIENTED_EDGE('',*,*,#1595,.F.);
#977=ORIENTED_EDGE('',*,*,#1601,.F.);
#978=ORIENTED_EDGE('',*,*,#1607,.F.);
#979=ORIENTED_EDGE('',*,*,#1613,.F.);
#980=ORIENTED_EDGE('',*,*,#1619,.F.);
#981=ORIENTED_EDGE('',*,*,#1854,.F.);
#982=ORIENTED_EDGE('',*,*,#1855,.F.);
#983=ORIENTED_EDGE('',*,*,#1582,.F.);
#984=ORIENTED_EDGE('',*,*,#1856,.F.);
#985=ORIENTED_EDGE('',*,*,#1857,.F.);
#986=ORIENTED_EDGE('',*,*,#1858,.F.);
#987=ORIENTED_EDGE('',*,*,#1583,.F.);
#988=ORIENTED_EDGE('',*,*,#1704,.T.);
#989=ORIENTED_EDGE('',*,*,#1587,.T.);
#990=ORIENTED_EDGE('',*,*,#1580,.T.);
#991=ORIENTED_EDGE('',*,*,#1859,.T.);
#992=ORIENTED_EDGE('',*,*,#1860,.T.);
#993=ORIENTED_EDGE('',*,*,#1617,.T.);
#994=ORIENTED_EDGE('',*,*,#1611,.T.);
#995=ORIENTED_EDGE('',*,*,#1605,.T.);
#996=ORIENTED_EDGE('',*,*,#1599,.T.);
#997=ORIENTED_EDGE('',*,*,#1593,.T.);
#998=ORIENTED_EDGE('',*,*,#1626,.F.);
#999=ORIENTED_EDGE('',*,*,#1859,.F.);
#1000=ORIENTED_EDGE('',*,*,#1858,.T.);
#1001=ORIENTED_EDGE('',*,*,#1855,.T.);
#1002=ORIENTED_EDGE('',*,*,#1860,.F.);
#1003=ORIENTED_EDGE('',*,*,#1625,.F.);
#1004=ORIENTED_EDGE('',*,*,#1854,.T.);
#1005=ORIENTED_EDGE('',*,*,#1622,.F.);
#1006=ORIENTED_EDGE('',*,*,#1861,.T.);
#1007=ORIENTED_EDGE('',*,*,#1585,.F.);
#1008=ORIENTED_EDGE('',*,*,#1862,.T.);
#1009=ORIENTED_EDGE('',*,*,#1857,.T.);
#1010=ORIENTED_EDGE('',*,*,#1863,.T.);
#1011=ORIENTED_EDGE('',*,*,#1624,.F.);
#1012=ORIENTED_EDGE('',*,*,#1864,.T.);
#1013=ORIENTED_EDGE('',*,*,#1621,.F.);
#1014=ORIENTED_EDGE('',*,*,#1865,.T.);
#1015=ORIENTED_EDGE('',*,*,#1615,.F.);
#1016=ORIENTED_EDGE('',*,*,#1866,.T.);
#1017=ORIENTED_EDGE('',*,*,#1609,.F.);
#1018=ORIENTED_EDGE('',*,*,#1867,.T.);
#1019=ORIENTED_EDGE('',*,*,#1603,.F.);
#1020=ORIENTED_EDGE('',*,*,#1868,.T.);
#1021=ORIENTED_EDGE('',*,*,#1597,.F.);
#1022=ORIENTED_EDGE('',*,*,#1869,.T.);
#1023=ORIENTED_EDGE('',*,*,#1591,.F.);
#1024=ORIENTED_EDGE('',*,*,#1780,.T.);
#1025=ORIENTED_EDGE('',*,*,#1779,.T.);
#1026=ORIENTED_EDGE('',*,*,#1777,.T.);
#1027=ORIENTED_EDGE('',*,*,#1775,.T.);
#1028=ORIENTED_EDGE('',*,*,#1772,.F.);
#1029=ORIENTED_EDGE('',*,*,#1771,.T.);
#1030=ORIENTED_EDGE('',*,*,#1770,.T.);
#1031=ORIENTED_EDGE('',*,*,#1768,.T.);
#1032=ORIENTED_EDGE('',*,*,#1766,.T.);
#1033=ORIENTED_EDGE('',*,*,#1763,.T.);
#1034=ORIENTED_EDGE('',*,*,#1762,.T.);
#1035=ORIENTED_EDGE('',*,*,#1760,.T.);
#1036=ORIENTED_EDGE('',*,*,#1758,.T.);
#1037=ORIENTED_EDGE('',*,*,#1755,.T.);
#1038=ORIENTED_EDGE('',*,*,#1754,.T.);
#1039=ORIENTED_EDGE('',*,*,#1752,.T.);
#1040=ORIENTED_EDGE('',*,*,#1750,.T.);
#1041=ORIENTED_EDGE('',*,*,#1747,.T.);
#1042=ORIENTED_EDGE('',*,*,#1746,.T.);
#1043=ORIENTED_EDGE('',*,*,#1744,.T.);
#1044=ORIENTED_EDGE('',*,*,#1742,.T.);
#1045=ORIENTED_EDGE('',*,*,#1739,.T.);
#1046=ORIENTED_EDGE('',*,*,#1738,.T.);
#1047=ORIENTED_EDGE('',*,*,#1736,.T.);
#1048=ORIENTED_EDGE('',*,*,#1734,.T.);
#1049=ORIENTED_EDGE('',*,*,#1731,.T.);
#1050=ORIENTED_EDGE('',*,*,#1730,.T.);
#1051=ORIENTED_EDGE('',*,*,#1728,.T.);
#1052=ORIENTED_EDGE('',*,*,#1726,.T.);
#1053=ORIENTED_EDGE('',*,*,#1723,.T.);
#1054=ORIENTED_EDGE('',*,*,#1722,.T.);
#1055=ORIENTED_EDGE('',*,*,#1720,.T.);
#1056=ORIENTED_EDGE('',*,*,#1718,.T.);
#1057=ORIENTED_EDGE('',*,*,#1715,.T.);
#1058=ORIENTED_EDGE('',*,*,#1714,.T.);
#1059=ORIENTED_EDGE('',*,*,#1712,.T.);
#1060=ORIENTED_EDGE('',*,*,#1710,.T.);
#1061=ORIENTED_EDGE('',*,*,#1861,.F.);
#1062=ORIENTED_EDGE('',*,*,#1590,.F.);
#1063=ORIENTED_EDGE('',*,*,#1869,.F.);
#1064=ORIENTED_EDGE('',*,*,#1596,.F.);
#1065=ORIENTED_EDGE('',*,*,#1868,.F.);
#1066=ORIENTED_EDGE('',*,*,#1602,.F.);
#1067=ORIENTED_EDGE('',*,*,#1867,.F.);
#1068=ORIENTED_EDGE('',*,*,#1608,.F.);
#1069=ORIENTED_EDGE('',*,*,#1866,.F.);
#1070=ORIENTED_EDGE('',*,*,#1614,.F.);
#1071=ORIENTED_EDGE('',*,*,#1865,.F.);
#1072=ORIENTED_EDGE('',*,*,#1620,.F.);
#1073=ORIENTED_EDGE('',*,*,#1864,.F.);
#1074=ORIENTED_EDGE('',*,*,#1623,.F.);
#1075=ORIENTED_EDGE('',*,*,#1863,.F.);
#1076=ORIENTED_EDGE('',*,*,#1856,.T.);
#1077=ORIENTED_EDGE('',*,*,#1862,.F.);
#1078=ORIENTED_EDGE('',*,*,#1584,.F.);
#1079=ORIENTED_EDGE('',*,*,#1853,.F.);
#1080=ORIENTED_EDGE('',*,*,#1851,.F.);
#1081=ORIENTED_EDGE('',*,*,#1849,.F.);
#1082=ORIENTED_EDGE('',*,*,#1847,.F.);
#1083=ORIENTED_EDGE('',*,*,#1845,.F.);
#1084=ORIENTED_EDGE('',*,*,#1843,.F.);
#1085=ORIENTED_EDGE('',*,*,#1841,.F.);
#1086=ORIENTED_EDGE('',*,*,#1839,.F.);
#1087=ORIENTED_EDGE('',*,*,#1837,.T.);
#1088=ORIENTED_EDGE('',*,*,#1836,.F.);
#1089=ORIENTED_EDGE('',*,*,#1834,.F.);
#1090=ORIENTED_EDGE('',*,*,#1832,.F.);
#1091=ORIENTED_EDGE('',*,*,#1830,.F.);
#1092=ORIENTED_EDGE('',*,*,#1828,.F.);
#1093=ORIENTED_EDGE('',*,*,#1826,.F.);
#1094=ORIENTED_EDGE('',*,*,#1824,.F.);
#1095=ORIENTED_EDGE('',*,*,#1822,.F.);
#1096=ORIENTED_EDGE('',*,*,#1820,.F.);
#1097=ORIENTED_EDGE('',*,*,#1818,.F.);
#1098=ORIENTED_EDGE('',*,*,#1816,.F.);
#1099=ORIENTED_EDGE('',*,*,#1814,.F.);
#1100=ORIENTED_EDGE('',*,*,#1812,.F.);
#1101=ORIENTED_EDGE('',*,*,#1810,.F.);
#1102=ORIENTED_EDGE('',*,*,#1808,.F.);
#1103=ORIENTED_EDGE('',*,*,#1806,.F.);
#1104=ORIENTED_EDGE('',*,*,#1804,.F.);
#1105=ORIENTED_EDGE('',*,*,#1802,.F.);
#1106=ORIENTED_EDGE('',*,*,#1800,.F.);
#1107=ORIENTED_EDGE('',*,*,#1798,.F.);
#1108=ORIENTED_EDGE('',*,*,#1796,.F.);
#1109=ORIENTED_EDGE('',*,*,#1794,.F.);
#1110=ORIENTED_EDGE('',*,*,#1792,.F.);
#1111=ORIENTED_EDGE('',*,*,#1790,.F.);
#1112=ORIENTED_EDGE('',*,*,#1788,.F.);
#1113=ORIENTED_EDGE('',*,*,#1786,.F.);
#1114=ORIENTED_EDGE('',*,*,#1784,.F.);
#1115=ORIENTED_EDGE('',*,*,#1782,.F.);
#1116=ORIENTED_EDGE('',*,*,#1675,.T.);
#1117=ORIENTED_EDGE('',*,*,#1574,.F.);
#1118=ORIENTED_EDGE('',*,*,#1870,.F.);
#1119=ORIENTED_EDGE('',*,*,#1871,.F.);
#1120=ORIENTED_EDGE('',*,*,#1872,.F.);
#1121=ORIENTED_EDGE('',*,*,#1873,.F.);
#1122=ORIENTED_EDGE('',*,*,#1874,.T.);
#1123=ORIENTED_EDGE('',*,*,#1568,.F.);
#1124=ORIENTED_EDGE('',*,*,#1875,.F.);
#1125=ORIENTED_EDGE('',*,*,#1876,.F.);
#1126=ORIENTED_EDGE('',*,*,#1877,.F.);
#1127=ORIENTED_EDGE('',*,*,#1878,.F.);
#1128=ORIENTED_EDGE('',*,*,#1879,.T.);
#1129=ORIENTED_EDGE('',*,*,#1562,.F.);
#1130=ORIENTED_EDGE('',*,*,#1880,.F.);
#1131=ORIENTED_EDGE('',*,*,#1881,.F.);
#1132=ORIENTED_EDGE('',*,*,#1882,.T.);
#1133=ORIENTED_EDGE('',*,*,#1558,.F.);
#1134=ORIENTED_EDGE('',*,*,#1883,.F.);
#1135=ORIENTED_EDGE('',*,*,#1884,.F.);
#1136=ORIENTED_EDGE('',*,*,#1885,.T.);
#1137=ORIENTED_EDGE('',*,*,#1554,.F.);
#1138=ORIENTED_EDGE('',*,*,#1886,.F.);
#1139=ORIENTED_EDGE('',*,*,#1887,.F.);
#1140=ORIENTED_EDGE('',*,*,#1888,.F.);
#1141=ORIENTED_EDGE('',*,*,#1889,.F.);
#1142=ORIENTED_EDGE('',*,*,#1890,.T.);
#1143=ORIENTED_EDGE('',*,*,#1548,.F.);
#1144=ORIENTED_EDGE('',*,*,#1891,.F.);
#1145=ORIENTED_EDGE('',*,*,#1892,.F.);
#1146=ORIENTED_EDGE('',*,*,#1893,.F.);
#1147=ORIENTED_EDGE('',*,*,#1894,.F.);
#1148=ORIENTED_EDGE('',*,*,#1895,.T.);
#1149=ORIENTED_EDGE('',*,*,#1542,.F.);
#1150=ORIENTED_EDGE('',*,*,#1896,.F.);
#1151=ORIENTED_EDGE('',*,*,#1897,.F.);
#1152=ORIENTED_EDGE('',*,*,#1898,.T.);
#1153=ORIENTED_EDGE('',*,*,#1538,.F.);
#1154=ORIENTED_EDGE('',*,*,#1899,.F.);
#1155=ORIENTED_EDGE('',*,*,#1900,.F.);
#1156=ORIENTED_EDGE('',*,*,#1901,.T.);
#1157=ORIENTED_EDGE('',*,*,#1534,.F.);
#1158=ORIENTED_EDGE('',*,*,#1902,.F.);
#1159=ORIENTED_EDGE('',*,*,#1903,.F.);
#1160=ORIENTED_EDGE('',*,*,#1904,.T.);
#1161=ORIENTED_EDGE('',*,*,#1905,.T.);
#1162=ORIENTED_EDGE('',*,*,#1627,.T.);
#1163=ORIENTED_EDGE('',*,*,#1906,.T.);
#1164=ORIENTED_EDGE('',*,*,#1905,.F.);
#1165=ORIENTED_EDGE('',*,*,#1907,.T.);
#1166=ORIENTED_EDGE('',*,*,#1906,.F.);
#1167=ORIENTED_EDGE('',*,*,#1908,.F.);
#1168=ORIENTED_EDGE('',*,*,#1909,.F.);
#1169=ORIENTED_EDGE('',*,*,#1910,.F.);
#1170=ORIENTED_EDGE('',*,*,#1577,.T.);
#1171=ORIENTED_EDGE('',*,*,#1911,.F.);
#1172=ORIENTED_EDGE('',*,*,#1912,.F.);
#1173=ORIENTED_EDGE('',*,*,#1913,.F.);
#1174=ORIENTED_EDGE('',*,*,#1531,.T.);
#1175=ORIENTED_EDGE('',*,*,#1914,.F.);
#1176=ORIENTED_EDGE('',*,*,#1915,.F.);
#1177=ORIENTED_EDGE('',*,*,#1916,.F.);
#1178=ORIENTED_EDGE('',*,*,#1527,.T.);
#1179=ORIENTED_EDGE('',*,*,#1917,.F.);
#1180=ORIENTED_EDGE('',*,*,#1918,.F.);
#1181=ORIENTED_EDGE('',*,*,#1919,.F.);
#1182=ORIENTED_EDGE('',*,*,#1523,.T.);
#1183=ORIENTED_EDGE('',*,*,#1907,.F.);
#1184=ORIENTED_EDGE('',*,*,#1920,.T.);
#1185=ORIENTED_EDGE('',*,*,#1921,.F.);
#1186=ORIENTED_EDGE('',*,*,#1922,.T.);
#1187=ORIENTED_EDGE('',*,*,#1923,.T.);
#1188=ORIENTED_EDGE('',*,*,#1924,.T.);
#1189=ORIENTED_EDGE('',*,*,#1925,.T.);
#1190=ORIENTED_EDGE('',*,*,#1926,.F.);
#1191=ORIENTED_EDGE('',*,*,#1927,.F.);
#1192=ORIENTED_EDGE('',*,*,#1928,.T.);
#1193=ORIENTED_EDGE('',*,*,#1929,.T.);
#1194=ORIENTED_EDGE('',*,*,#1930,.F.);
#1195=ORIENTED_EDGE('',*,*,#1929,.F.);
#1196=ORIENTED_EDGE('',*,*,#1931,.T.);
#1197=ORIENTED_EDGE('',*,*,#1903,.T.);
#1198=ORIENTED_EDGE('',*,*,#1932,.F.);
#1199=ORIENTED_EDGE('',*,*,#1920,.F.);
#1200=ORIENTED_EDGE('',*,*,#1933,.T.);
#1201=ORIENTED_EDGE('',*,*,#1927,.T.);
#1202=ORIENTED_EDGE('',*,*,#1575,.F.);
#1203=ORIENTED_EDGE('',*,*,#1904,.F.);
#1204=ORIENTED_EDGE('',*,*,#1931,.F.);
#1205=ORIENTED_EDGE('',*,*,#1928,.F.);
#1206=ORIENTED_EDGE('',*,*,#1933,.F.);
#1207=ORIENTED_EDGE('',*,*,#1925,.F.);
#1208=ORIENTED_EDGE('',*,*,#1902,.T.);
#1209=ORIENTED_EDGE('',*,*,#1533,.T.);
#1210=ORIENTED_EDGE('',*,*,#1921,.T.);
#1211=ORIENTED_EDGE('',*,*,#1932,.T.);
#1212=ORIENTED_EDGE('',*,*,#1926,.T.);
#1213=ORIENTED_EDGE('',*,*,#1930,.T.);
#1214=ORIENTED_EDGE('',*,*,#1934,.F.);
#1215=ORIENTED_EDGE('',*,*,#1935,.F.);
#1216=ORIENTED_EDGE('',*,*,#1936,.T.);
#1217=ORIENTED_EDGE('',*,*,#1937,.T.);
#1218=ORIENTED_EDGE('',*,*,#1938,.F.);
#1219=ORIENTED_EDGE('',*,*,#1937,.F.);
#1220=ORIENTED_EDGE('',*,*,#1939,.T.);
#1221=ORIENTED_EDGE('',*,*,#1900,.T.);
#1222=ORIENTED_EDGE('',*,*,#1940,.F.);
#1223=ORIENTED_EDGE('',*,*,#1536,.T.);
#1224=ORIENTED_EDGE('',*,*,#1941,.T.);
#1225=ORIENTED_EDGE('',*,*,#1942,.T.);
#1226=ORIENTED_EDGE('',*,*,#1943,.F.);
#1227=ORIENTED_EDGE('',*,*,#1942,.F.);
#1228=ORIENTED_EDGE('',*,*,#1944,.T.);
#1229=ORIENTED_EDGE('',*,*,#1935,.T.);
#1230=ORIENTED_EDGE('',*,*,#1535,.F.);
#1231=ORIENTED_EDGE('',*,*,#1901,.F.);
#1232=ORIENTED_EDGE('',*,*,#1939,.F.);
#1233=ORIENTED_EDGE('',*,*,#1936,.F.);
#1234=ORIENTED_EDGE('',*,*,#1944,.F.);
#1235=ORIENTED_EDGE('',*,*,#1941,.F.);
#1236=ORIENTED_EDGE('',*,*,#1899,.T.);
#1237=ORIENTED_EDGE('',*,*,#1537,.T.);
#1238=ORIENTED_EDGE('',*,*,#1940,.T.);
#1239=ORIENTED_EDGE('',*,*,#1943,.T.);
#1240=ORIENTED_EDGE('',*,*,#1934,.T.);
#1241=ORIENTED_EDGE('',*,*,#1938,.T.);
#1242=ORIENTED_EDGE('',*,*,#1945,.F.);
#1243=ORIENTED_EDGE('',*,*,#1946,.F.);
#1244=ORIENTED_EDGE('',*,*,#1947,.T.);
#1245=ORIENTED_EDGE('',*,*,#1948,.T.);
#1246=ORIENTED_EDGE('',*,*,#1949,.F.);
#1247=ORIENTED_EDGE('',*,*,#1948,.F.);
#1248=ORIENTED_EDGE('',*,*,#1950,.T.);
#1249=ORIENTED_EDGE('',*,*,#1897,.T.);
#1250=ORIENTED_EDGE('',*,*,#1951,.F.);
#1251=ORIENTED_EDGE('',*,*,#1540,.T.);
#1252=ORIENTED_EDGE('',*,*,#1952,.T.);
#1253=ORIENTED_EDGE('',*,*,#1953,.T.);
#1254=ORIENTED_EDGE('',*,*,#1954,.F.);
#1255=ORIENTED_EDGE('',*,*,#1953,.F.);
#1256=ORIENTED_EDGE('',*,*,#1955,.T.);
#1257=ORIENTED_EDGE('',*,*,#1946,.T.);
#1258=ORIENTED_EDGE('',*,*,#1539,.F.);
#1259=ORIENTED_EDGE('',*,*,#1898,.F.);
#1260=ORIENTED_EDGE('',*,*,#1950,.F.);
#1261=ORIENTED_EDGE('',*,*,#1947,.F.);
#1262=ORIENTED_EDGE('',*,*,#1955,.F.);
#1263=ORIENTED_EDGE('',*,*,#1952,.F.);
#1264=ORIENTED_EDGE('',*,*,#1896,.T.);
#1265=ORIENTED_EDGE('',*,*,#1541,.T.);
#1266=ORIENTED_EDGE('',*,*,#1951,.T.);
#1267=ORIENTED_EDGE('',*,*,#1954,.T.);
#1268=ORIENTED_EDGE('',*,*,#1945,.T.);
#1269=ORIENTED_EDGE('',*,*,#1949,.T.);
#1270=ORIENTED_EDGE('',*,*,#1956,.F.);
#1271=ORIENTED_EDGE('',*,*,#1546,.T.);
#1272=ORIENTED_EDGE('',*,*,#1957,.T.);
#1273=ORIENTED_EDGE('',*,*,#1958,.F.);
#1274=ORIENTED_EDGE('',*,*,#1959,.F.);
#1275=ORIENTED_EDGE('',*,*,#1960,.T.);
#1276=ORIENTED_EDGE('',*,*,#1961,.T.);
#1277=ORIENTED_EDGE('',*,*,#1894,.T.);
#1278=ORIENTED_EDGE('',*,*,#1893,.T.);
#1279=ORIENTED_EDGE('',*,*,#1892,.T.);
#1280=ORIENTED_EDGE('',*,*,#1962,.F.);
#1281=ORIENTED_EDGE('',*,*,#1961,.F.);
#1282=ORIENTED_EDGE('',*,*,#1963,.T.);
#1283=ORIENTED_EDGE('',*,*,#1964,.T.);
#1284=ORIENTED_EDGE('',*,*,#1544,.T.);
#1285=ORIENTED_EDGE('',*,*,#1965,.T.);
#1286=ORIENTED_EDGE('',*,*,#1957,.F.);
#1287=ORIENTED_EDGE('',*,*,#1545,.T.);
#1288=ORIENTED_EDGE('',*,*,#1964,.F.);
#1289=ORIENTED_EDGE('',*,*,#1966,.T.);
#1290=ORIENTED_EDGE('',*,*,#1959,.T.);
#1291=ORIENTED_EDGE('',*,*,#1967,.F.);
#1292=ORIENTED_EDGE('',*,*,#1543,.F.);
#1293=ORIENTED_EDGE('',*,*,#1895,.F.);
#1294=ORIENTED_EDGE('',*,*,#1963,.F.);
#1295=ORIENTED_EDGE('',*,*,#1960,.F.);
#1296=ORIENTED_EDGE('',*,*,#1966,.F.);
#1297=ORIENTED_EDGE('',*,*,#1965,.F.);
#1298=ORIENTED_EDGE('',*,*,#1891,.T.);
#1299=ORIENTED_EDGE('',*,*,#1547,.T.);
#1300=ORIENTED_EDGE('',*,*,#1956,.T.);
#1301=ORIENTED_EDGE('',*,*,#1967,.T.);
#1302=ORIENTED_EDGE('',*,*,#1958,.T.);
#1303=ORIENTED_EDGE('',*,*,#1962,.T.);
#1304=ORIENTED_EDGE('',*,*,#1968,.F.);
#1305=ORIENTED_EDGE('',*,*,#1552,.T.);
#1306=ORIENTED_EDGE('',*,*,#1969,.T.);
#1307=ORIENTED_EDGE('',*,*,#1970,.F.);
#1308=ORIENTED_EDGE('',*,*,#1971,.F.);
#1309=ORIENTED_EDGE('',*,*,#1972,.T.);
#1310=ORIENTED_EDGE('',*,*,#1973,.T.);
#1311=ORIENTED_EDGE('',*,*,#1889,.T.);
#1312=ORIENTED_EDGE('',*,*,#1888,.T.);
#1313=ORIENTED_EDGE('',*,*,#1887,.T.);
#1314=ORIENTED_EDGE('',*,*,#1974,.F.);
#1315=ORIENTED_EDGE('',*,*,#1973,.F.);
#1316=ORIENTED_EDGE('',*,*,#1975,.T.);
#1317=ORIENTED_EDGE('',*,*,#1976,.T.);
#1318=ORIENTED_EDGE('',*,*,#1550,.T.);
#1319=ORIENTED_EDGE('',*,*,#1977,.T.);
#1320=ORIENTED_EDGE('',*,*,#1969,.F.);
#1321=ORIENTED_EDGE('',*,*,#1551,.T.);
#1322=ORIENTED_EDGE('',*,*,#1976,.F.);
#1323=ORIENTED_EDGE('',*,*,#1978,.T.);
#1324=ORIENTED_EDGE('',*,*,#1971,.T.);
#1325=ORIENTED_EDGE('',*,*,#1979,.F.);
#1326=ORIENTED_EDGE('',*,*,#1549,.F.);
#1327=ORIENTED_EDGE('',*,*,#1890,.F.);
#1328=ORIENTED_EDGE('',*,*,#1975,.F.);
#1329=ORIENTED_EDGE('',*,*,#1972,.F.);
#1330=ORIENTED_EDGE('',*,*,#1978,.F.);
#1331=ORIENTED_EDGE('',*,*,#1977,.F.);
#1332=ORIENTED_EDGE('',*,*,#1886,.T.);
#1333=ORIENTED_EDGE('',*,*,#1553,.T.);
#1334=ORIENTED_EDGE('',*,*,#1968,.T.);
#1335=ORIENTED_EDGE('',*,*,#1979,.T.);
#1336=ORIENTED_EDGE('',*,*,#1970,.T.);
#1337=ORIENTED_EDGE('',*,*,#1974,.T.);
#1338=ORIENTED_EDGE('',*,*,#1980,.F.);
#1339=ORIENTED_EDGE('',*,*,#1981,.F.);
#1340=ORIENTED_EDGE('',*,*,#1982,.T.);
#1341=ORIENTED_EDGE('',*,*,#1983,.T.);
#1342=ORIENTED_EDGE('',*,*,#1984,.F.);
#1343=ORIENTED_EDGE('',*,*,#1983,.F.);
#1344=ORIENTED_EDGE('',*,*,#1985,.T.);
#1345=ORIENTED_EDGE('',*,*,#1884,.T.);
#1346=ORIENTED_EDGE('',*,*,#1986,.F.);
#1347=ORIENTED_EDGE('',*,*,#1556,.T.);
#1348=ORIENTED_EDGE('',*,*,#1987,.T.);
#1349=ORIENTED_EDGE('',*,*,#1988,.T.);
#1350=ORIENTED_EDGE('',*,*,#1989,.F.);
#1351=ORIENTED_EDGE('',*,*,#1988,.F.);
#1352=ORIENTED_EDGE('',*,*,#1990,.T.);
#1353=ORIENTED_EDGE('',*,*,#1981,.T.);
#1354=ORIENTED_EDGE('',*,*,#1555,.F.);
#1355=ORIENTED_EDGE('',*,*,#1885,.F.);
#1356=ORIENTED_EDGE('',*,*,#1985,.F.);
#1357=ORIENTED_EDGE('',*,*,#1982,.F.);
#1358=ORIENTED_EDGE('',*,*,#1990,.F.);
#1359=ORIENTED_EDGE('',*,*,#1987,.F.);
#1360=ORIENTED_EDGE('',*,*,#1883,.T.);
#1361=ORIENTED_EDGE('',*,*,#1557,.T.);
#1362=ORIENTED_EDGE('',*,*,#1986,.T.);
#1363=ORIENTED_EDGE('',*,*,#1989,.T.);
#1364=ORIENTED_EDGE('',*,*,#1980,.T.);
#1365=ORIENTED_EDGE('',*,*,#1984,.T.);
#1366=ORIENTED_EDGE('',*,*,#1991,.F.);
#1367=ORIENTED_EDGE('',*,*,#1992,.F.);
#1368=ORIENTED_EDGE('',*,*,#1993,.T.);
#1369=ORIENTED_EDGE('',*,*,#1994,.T.);
#1370=ORIENTED_EDGE('',*,*,#1995,.F.);
#1371=ORIENTED_EDGE('',*,*,#1994,.F.);
#1372=ORIENTED_EDGE('',*,*,#1996,.T.);
#1373=ORIENTED_EDGE('',*,*,#1881,.T.);
#1374=ORIENTED_EDGE('',*,*,#1997,.F.);
#1375=ORIENTED_EDGE('',*,*,#1560,.T.);
#1376=ORIENTED_EDGE('',*,*,#1998,.T.);
#1377=ORIENTED_EDGE('',*,*,#1999,.T.);
#1378=ORIENTED_EDGE('',*,*,#2000,.F.);
#1379=ORIENTED_EDGE('',*,*,#1999,.F.);
#1380=ORIENTED_EDGE('',*,*,#2001,.T.);
#1381=ORIENTED_EDGE('',*,*,#1992,.T.);
#1382=ORIENTED_EDGE('',*,*,#1559,.F.);
#1383=ORIENTED_EDGE('',*,*,#1882,.F.);
#1384=ORIENTED_EDGE('',*,*,#1996,.F.);
#1385=ORIENTED_EDGE('',*,*,#1993,.F.);
#1386=ORIENTED_EDGE('',*,*,#2001,.F.);
#1387=ORIENTED_EDGE('',*,*,#1998,.F.);
#1388=ORIENTED_EDGE('',*,*,#1880,.T.);
#1389=ORIENTED_EDGE('',*,*,#1561,.T.);
#1390=ORIENTED_EDGE('',*,*,#1997,.T.);
#1391=ORIENTED_EDGE('',*,*,#2000,.T.);
#1392=ORIENTED_EDGE('',*,*,#1991,.T.);
#1393=ORIENTED_EDGE('',*,*,#1995,.T.);
#1394=ORIENTED_EDGE('',*,*,#2002,.F.);
#1395=ORIENTED_EDGE('',*,*,#1566,.T.);
#1396=ORIENTED_EDGE('',*,*,#2003,.T.);
#1397=ORIENTED_EDGE('',*,*,#2004,.F.);
#1398=ORIENTED_EDGE('',*,*,#2005,.F.);
#1399=ORIENTED_EDGE('',*,*,#2006,.T.);
#1400=ORIENTED_EDGE('',*,*,#2007,.T.);
#1401=ORIENTED_EDGE('',*,*,#2008,.F.);
#1402=ORIENTED_EDGE('',*,*,#2007,.F.);
#1403=ORIENTED_EDGE('',*,*,#2009,.T.);
#1404=ORIENTED_EDGE('',*,*,#1878,.T.);
#1405=ORIENTED_EDGE('',*,*,#1877,.T.);
#1406=ORIENTED_EDGE('',*,*,#1876,.T.);
#1407=ORIENTED_EDGE('',*,*,#2010,.T.);
#1408=ORIENTED_EDGE('',*,*,#1564,.T.);
#1409=ORIENTED_EDGE('',*,*,#2011,.T.);
#1410=ORIENTED_EDGE('',*,*,#2003,.F.);
#1411=ORIENTED_EDGE('',*,*,#1565,.T.);
#1412=ORIENTED_EDGE('',*,*,#2010,.F.);
#1413=ORIENTED_EDGE('',*,*,#2012,.T.);
#1414=ORIENTED_EDGE('',*,*,#2005,.T.);
#1415=ORIENTED_EDGE('',*,*,#2013,.F.);
#1416=ORIENTED_EDGE('',*,*,#1563,.F.);
#1417=ORIENTED_EDGE('',*,*,#1879,.F.);
#1418=ORIENTED_EDGE('',*,*,#2009,.F.);
#1419=ORIENTED_EDGE('',*,*,#2006,.F.);
#1420=ORIENTED_EDGE('',*,*,#2012,.F.);
#1421=ORIENTED_EDGE('',*,*,#2011,.F.);
#1422=ORIENTED_EDGE('',*,*,#1875,.T.);
#1423=ORIENTED_EDGE('',*,*,#1567,.T.);
#1424=ORIENTED_EDGE('',*,*,#2002,.T.);
#1425=ORIENTED_EDGE('',*,*,#2013,.T.);
#1426=ORIENTED_EDGE('',*,*,#2004,.T.);
#1427=ORIENTED_EDGE('',*,*,#2008,.T.);
#1428=ORIENTED_EDGE('',*,*,#2014,.F.);
#1429=ORIENTED_EDGE('',*,*,#1572,.T.);
#1430=ORIENTED_EDGE('',*,*,#2015,.T.);
#1431=ORIENTED_EDGE('',*,*,#2016,.F.);
#1432=ORIENTED_EDGE('',*,*,#2017,.F.);
#1433=ORIENTED_EDGE('',*,*,#2018,.T.);
#1434=ORIENTED_EDGE('',*,*,#2019,.T.);
#1435=ORIENTED_EDGE('',*,*,#1873,.T.);
#1436=ORIENTED_EDGE('',*,*,#1872,.T.);
#1437=ORIENTED_EDGE('',*,*,#1871,.T.);
#1438=ORIENTED_EDGE('',*,*,#2020,.F.);
#1439=ORIENTED_EDGE('',*,*,#2019,.F.);
#1440=ORIENTED_EDGE('',*,*,#2021,.T.);
#1441=ORIENTED_EDGE('',*,*,#2022,.T.);
#1442=ORIENTED_EDGE('',*,*,#1570,.T.);
#1443=ORIENTED_EDGE('',*,*,#2023,.T.);
#1444=ORIENTED_EDGE('',*,*,#2015,.F.);
#1445=ORIENTED_EDGE('',*,*,#1571,.T.);
#1446=ORIENTED_EDGE('',*,*,#2022,.F.);
#1447=ORIENTED_EDGE('',*,*,#2024,.T.);
#1448=ORIENTED_EDGE('',*,*,#2017,.T.);
#1449=ORIENTED_EDGE('',*,*,#2025,.F.);
#1450=ORIENTED_EDGE('',*,*,#1569,.F.);
#1451=ORIENTED_EDGE('',*,*,#1874,.F.);
#1452=ORIENTED_EDGE('',*,*,#2021,.F.);
#1453=ORIENTED_EDGE('',*,*,#2018,.F.);
#1454=ORIENTED_EDGE('',*,*,#2024,.F.);
#1455=ORIENTED_EDGE('',*,*,#2023,.F.);
#1456=ORIENTED_EDGE('',*,*,#1870,.T.);
#1457=ORIENTED_EDGE('',*,*,#1573,.T.);
#1458=ORIENTED_EDGE('',*,*,#2014,.T.);
#1459=ORIENTED_EDGE('',*,*,#2025,.T.);
#1460=ORIENTED_EDGE('',*,*,#2016,.T.);
#1461=ORIENTED_EDGE('',*,*,#2020,.T.);
#1462=ORIENTED_EDGE('',*,*,#1912,.T.);
#1463=ORIENTED_EDGE('',*,*,#2026,.F.);
#1464=ORIENTED_EDGE('',*,*,#1923,.F.);
#1465=ORIENTED_EDGE('',*,*,#2027,.T.);
#1466=ORIENTED_EDGE('',*,*,#1576,.T.);
#1467=ORIENTED_EDGE('',*,*,#1924,.F.);
#1468=ORIENTED_EDGE('',*,*,#2026,.T.);
#1469=ORIENTED_EDGE('',*,*,#1911,.T.);
#1470=ORIENTED_EDGE('',*,*,#1532,.T.);
#1471=ORIENTED_EDGE('',*,*,#1913,.T.);
#1472=ORIENTED_EDGE('',*,*,#2027,.F.);
#1473=ORIENTED_EDGE('',*,*,#1922,.F.);
#1474=ORIENTED_EDGE('',*,*,#1915,.T.);
#1475=ORIENTED_EDGE('',*,*,#2028,.F.);
#1476=ORIENTED_EDGE('',*,*,#2029,.F.);
#1477=ORIENTED_EDGE('',*,*,#2030,.T.);
#1478=ORIENTED_EDGE('',*,*,#1530,.T.);
#1479=ORIENTED_EDGE('',*,*,#2031,.F.);
#1480=ORIENTED_EDGE('',*,*,#2028,.T.);
#1481=ORIENTED_EDGE('',*,*,#1914,.T.);
#1482=ORIENTED_EDGE('',*,*,#1528,.T.);
#1483=ORIENTED_EDGE('',*,*,#1916,.T.);
#1484=ORIENTED_EDGE('',*,*,#2030,.F.);
#1485=ORIENTED_EDGE('',*,*,#2032,.F.);
#1486=ORIENTED_EDGE('',*,*,#2032,.T.);
#1487=ORIENTED_EDGE('',*,*,#2029,.T.);
#1488=ORIENTED_EDGE('',*,*,#2031,.T.);
#1489=ORIENTED_EDGE('',*,*,#1529,.F.);
#1490=ORIENTED_EDGE('',*,*,#1918,.T.);
#1491=ORIENTED_EDGE('',*,*,#2033,.F.);
#1492=ORIENTED_EDGE('',*,*,#2034,.F.);
#1493=ORIENTED_EDGE('',*,*,#2035,.T.);
#1494=ORIENTED_EDGE('',*,*,#1526,.T.);
#1495=ORIENTED_EDGE('',*,*,#2036,.F.);
#1496=ORIENTED_EDGE('',*,*,#2033,.T.);
#1497=ORIENTED_EDGE('',*,*,#1917,.T.);
#1498=ORIENTED_EDGE('',*,*,#1524,.T.);
#1499=ORIENTED_EDGE('',*,*,#1919,.T.);
#1500=ORIENTED_EDGE('',*,*,#2035,.F.);
#1501=ORIENTED_EDGE('',*,*,#2037,.F.);
#1502=ORIENTED_EDGE('',*,*,#2037,.T.);
#1503=ORIENTED_EDGE('',*,*,#2034,.T.);
#1504=ORIENTED_EDGE('',*,*,#2036,.T.);
#1505=ORIENTED_EDGE('',*,*,#1525,.F.);
#1506=ORIENTED_EDGE('',*,*,#1909,.T.);
#1507=ORIENTED_EDGE('',*,*,#2038,.F.);
#1508=ORIENTED_EDGE('',*,*,#2039,.F.);
#1509=ORIENTED_EDGE('',*,*,#2040,.T.);
#1510=ORIENTED_EDGE('',*,*,#1522,.T.);
#1511=ORIENTED_EDGE('',*,*,#2041,.F.);
#1512=ORIENTED_EDGE('',*,*,#2038,.T.);
#1513=ORIENTED_EDGE('',*,*,#1908,.T.);
#1514=ORIENTED_EDGE('',*,*,#1578,.T.);
#1515=ORIENTED_EDGE('',*,*,#1910,.T.);
#1516=ORIENTED_EDGE('',*,*,#2040,.F.);
#1517=ORIENTED_EDGE('',*,*,#2042,.F.);
#1518=ORIENTED_EDGE('',*,*,#2042,.T.);
#1519=ORIENTED_EDGE('',*,*,#2039,.T.);
#1520=ORIENTED_EDGE('',*,*,#2041,.T.);
#1521=ORIENTED_EDGE('',*,*,#1579,.F.);
#1522=EDGE_CURVE('',#2043,#2044,#2391,.F.);
#1523=EDGE_CURVE('',#2045,#2043,#338,.T.);
#1524=EDGE_CURVE('',#2046,#2045,#2392,.T.);
#1525=EDGE_CURVE('',#2046,#2047,#339,.F.);
#1526=EDGE_CURVE('',#2048,#2047,#2393,.F.);
#1527=EDGE_CURVE('',#2049,#2048,#340,.T.);
#1528=EDGE_CURVE('',#2050,#2049,#2394,.T.);
#1529=EDGE_CURVE('',#2050,#2051,#341,.F.);
#1530=EDGE_CURVE('',#2052,#2051,#2395,.F.);
#1531=EDGE_CURVE('',#2053,#2052,#342,.T.);
#1532=EDGE_CURVE('',#2054,#2053,#2396,.T.);
#1533=EDGE_CURVE('',#2055,#2054,#2397,.T.);
#1534=EDGE_CURVE('',#2055,#2056,#343,.T.);
#1535=EDGE_CURVE('',#2056,#2057,#2398,.T.);
#1536=EDGE_CURVE('',#2058,#2057,#344,.F.);
#1537=EDGE_CURVE('',#2059,#2058,#2399,.T.);
#1538=EDGE_CURVE('',#2059,#2060,#345,.T.);
#1539=EDGE_CURVE('',#2060,#2061,#2400,.T.);
#1540=EDGE_CURVE('',#2062,#2061,#346,.F.);
#1541=EDGE_CURVE('',#2063,#2062,#2401,.T.);
#1542=EDGE_CURVE('',#2063,#2064,#347,.T.);
#1543=EDGE_CURVE('',#2064,#2065,#2402,.T.);
#1544=EDGE_CURVE('',#2066,#2065,#348,.F.);
#1545=EDGE_CURVE('',#2067,#2066,#223,.T.);
#1546=EDGE_CURVE('',#2068,#2067,#349,.F.);
#1547=EDGE_CURVE('',#2069,#2068,#2403,.T.);
#1548=EDGE_CURVE('',#2069,#2070,#350,.T.);
#1549=EDGE_CURVE('',#2070,#2071,#2404,.T.);
#1550=EDGE_CURVE('',#2072,#2071,#351,.F.);
#1551=EDGE_CURVE('',#2073,#2072,#224,.T.);
#1552=EDGE_CURVE('',#2074,#2073,#352,.F.);
#1553=EDGE_CURVE('',#2075,#2074,#2405,.T.);
#1554=EDGE_CURVE('',#2075,#2076,#353,.T.);
#1555=EDGE_CURVE('',#2076,#2077,#2406,.T.);
#1556=EDGE_CURVE('',#2078,#2077,#354,.F.);
#1557=EDGE_CURVE('',#2079,#2078,#2407,.T.);
#1558=EDGE_CURVE('',#2079,#2080,#355,.T.);
#1559=EDGE_CURVE('',#2080,#2081,#2408,.T.);
#1560=EDGE_CURVE('',#2082,#2081,#356,.F.);
#1561=EDGE_CURVE('',#2083,#2082,#2409,.T.);
#1562=EDGE_CURVE('',#2083,#2084,#357,.T.);
#1563=EDGE_CURVE('',#2084,#2085,#2410,.T.);
#1564=EDGE_CURVE('',#2086,#2085,#358,.F.);
#1565=EDGE_CURVE('',#2087,#2086,#225,.T.);
#1566=EDGE_CURVE('',#2088,#2087,#359,.F.);
#1567=EDGE_CURVE('',#2089,#2088,#2411,.T.);
#1568=EDGE_CURVE('',#2089,#2090,#360,.T.);
#1569=EDGE_CURVE('',#2090,#2091,#2412,.T.);
#1570=EDGE_CURVE('',#2092,#2091,#361,.F.);
#1571=EDGE_CURVE('',#2093,#2092,#226,.T.);
#1572=EDGE_CURVE('',#2094,#2093,#362,.F.);
#1573=EDGE_CURVE('',#2095,#2094,#2413,.T.);
#1574=EDGE_CURVE('',#2095,#2096,#363,.T.);
#1575=EDGE_CURVE('',#2096,#2097,#2414,.T.);
#1576=EDGE_CURVE('',#2098,#2097,#2415,.F.);
#1577=EDGE_CURVE('',#2099,#2098,#364,.T.);
#1578=EDGE_CURVE('',#2100,#2099,#2416,.T.);
#1579=EDGE_CURVE('',#2100,#2044,#365,.F.);
#1580=EDGE_CURVE('',#2101,#2102,#366,.T.);
#1581=EDGE_CURVE('',#2103,#2101,#227,.T.);
#1582=EDGE_CURVE('',#2103,#2104,#367,.T.);
#1583=EDGE_CURVE('',#2104,#2102,#228,.T.);
#1584=EDGE_CURVE('',#2105,#2106,#229,.T.);
#1585=EDGE_CURVE('',#2106,#2105,#230,.T.);
#1586=EDGE_CURVE('',#2101,#2103,#231,.T.);
#1587=EDGE_CURVE('',#2107,#2101,#368,.T.);
#1588=EDGE_CURVE('',#2108,#2107,#232,.T.);
#1589=EDGE_CURVE('',#2108,#2103,#369,.T.);
#1590=EDGE_CURVE('',#2109,#2110,#233,.T.);
#1591=EDGE_CURVE('',#2110,#2109,#234,.T.);
#1592=EDGE_CURVE('',#2107,#2108,#235,.T.);
#1593=EDGE_CURVE('',#2111,#2107,#370,.T.);
#1594=EDGE_CURVE('',#2112,#2111,#236,.T.);
#1595=EDGE_CURVE('',#2112,#2108,#371,.T.);
#1596=EDGE_CURVE('',#2113,#2114,#237,.T.);
#1597=EDGE_CURVE('',#2114,#2113,#238,.T.);
#1598=EDGE_CURVE('',#2111,#2112,#239,.T.);
#1599=EDGE_CURVE('',#2115,#2111,#372,.T.);
#1600=EDGE_CURVE('',#2116,#2115,#240,.T.);
#1601=EDGE_CURVE('',#2116,#2112,#373,.T.);
#1602=EDGE_CURVE('',#2117,#2118,#241,.T.);
#1603=EDGE_CURVE('',#2118,#2117,#242,.T.);
#1604=EDGE_CURVE('',#2115,#2116,#243,.T.);
#1605=EDGE_CURVE('',#2119,#2115,#374,.T.);
#1606=EDGE_CURVE('',#2120,#2119,#244,.T.);
#1607=EDGE_CURVE('',#2120,#2116,#375,.T.);
#1608=EDGE_CURVE('',#2121,#2122,#245,.T.);
#1609=EDGE_CURVE('',#2122,#2121,#246,.T.);
#1610=EDGE_CURVE('',#2119,#2120,#247,.T.);
#1611=EDGE_CURVE('',#2123,#2119,#376,.T.);
#1612=EDGE_CURVE('',#2124,#2123,#248,.T.);
#1613=EDGE_CURVE('',#2124,#2120,#377,.T.);
#1614=EDGE_CURVE('',#2125,#2126,#249,.T.);
#1615=EDGE_CURVE('',#2126,#2125,#250,.T.);
#1616=EDGE_CURVE('',#2123,#2124,#251,.T.);
#1617=EDGE_CURVE('',#2127,#2123,#378,.T.);
#1618=EDGE_CURVE('',#2128,#2127,#252,.T.);
#1619=EDGE_CURVE('',#2128,#2124,#379,.T.);
#1620=EDGE_CURVE('',#2129,#2130,#253,.T.);
#1621=EDGE_CURVE('',#2130,#2129,#254,.T.);
#1622=EDGE_CURVE('',#2127,#2128,#255,.T.);
#1623=EDGE_CURVE('',#2131,#2132,#256,.T.);
#1624=EDGE_CURVE('',#2132,#2131,#257,.T.);
#1625=EDGE_CURVE('',#2133,#2134,#258,.T.);
#1626=EDGE_CURVE('',#2134,#2133,#259,.T.);
#1627=EDGE_CURVE('',#2135,#2135,#380,.T.);
#1628=EDGE_CURVE('',#2136,#2136,#381,.T.);
#1629=EDGE_CURVE('',#2137,#2137,#382,.T.);
#1630=EDGE_CURVE('',#2138,#2139,#260,.T.);
#1631=EDGE_CURVE('',#2140,#2138,#20,.T.);
#1632=EDGE_CURVE('',#2141,#2140,#261,.T.);
#1633=EDGE_CURVE('',#2139,#2141,#21,.T.);
#1634=EDGE_CURVE('',#2142,#2142,#383,.T.);
#1635=EDGE_CURVE('',#2143,#2144,#262,.T.);
#1636=EDGE_CURVE('',#2145,#2143,#22,.T.);
#1637=EDGE_CURVE('',#2146,#2145,#263,.T.);
#1638=EDGE_CURVE('',#2144,#2146,#23,.T.);
#1639=EDGE_CURVE('',#2147,#2148,#264,.T.);
#1640=EDGE_CURVE('',#2149,#2147,#24,.T.);
#1641=EDGE_CURVE('',#2150,#2149,#265,.T.);
#1642=EDGE_CURVE('',#2148,#2150,#25,.T.);
#1643=EDGE_CURVE('',#2151,#2152,#266,.T.);
#1644=EDGE_CURVE('',#2153,#2151,#26,.T.);
#1645=EDGE_CURVE('',#2154,#2153,#267,.T.);
#1646=EDGE_CURVE('',#2152,#2154,#27,.T.);
#1647=EDGE_CURVE('',#2155,#2156,#268,.T.);
#1648=EDGE_CURVE('',#2157,#2155,#28,.T.);
#1649=EDGE_CURVE('',#2158,#2157,#269,.T.);
#1650=EDGE_CURVE('',#2156,#2158,#29,.T.);
#1651=EDGE_CURVE('',#2159,#2160,#270,.T.);
#1652=EDGE_CURVE('',#2161,#2159,#30,.T.);
#1653=EDGE_CURVE('',#2162,#2161,#271,.T.);
#1654=EDGE_CURVE('',#2160,#2162,#31,.T.);
#1655=EDGE_CURVE('',#2163,#2164,#272,.T.);
#1656=EDGE_CURVE('',#2165,#2163,#32,.T.);
#1657=EDGE_CURVE('',#2166,#2165,#273,.T.);
#1658=EDGE_CURVE('',#2164,#2166,#33,.T.);
#1659=EDGE_CURVE('',#2167,#2168,#274,.T.);
#1660=EDGE_CURVE('',#2169,#2167,#34,.T.);
#1661=EDGE_CURVE('',#2170,#2169,#275,.T.);
#1662=EDGE_CURVE('',#2168,#2170,#35,.T.);
#1663=EDGE_CURVE('',#2171,#2172,#276,.T.);
#1664=EDGE_CURVE('',#2173,#2171,#36,.T.);
#1665=EDGE_CURVE('',#2174,#2173,#277,.T.);
#1666=EDGE_CURVE('',#2172,#2174,#37,.T.);
#1667=EDGE_CURVE('',#2175,#2176,#38,.T.);
#1668=EDGE_CURVE('',#2176,#2177,#278,.T.);
#1669=EDGE_CURVE('',#2177,#2178,#39,.T.);
#1670=EDGE_CURVE('',#2178,#2175,#279,.T.);
#1671=EDGE_CURVE('',#2179,#2180,#40,.T.);
#1672=EDGE_CURVE('',#2180,#2181,#280,.T.);
#1673=EDGE_CURVE('',#2181,#2182,#41,.T.);
#1674=EDGE_CURVE('',#2182,#2179,#281,.T.);
#1675=EDGE_CURVE('',#2183,#2183,#384,.T.);
#1676=EDGE_CURVE('',#2184,#2185,#42,.T.);
#1677=EDGE_CURVE('',#2185,#2186,#282,.T.);
#1678=EDGE_CURVE('',#2186,#2187,#43,.T.);
#1679=EDGE_CURVE('',#2187,#2184,#283,.T.);
#1680=EDGE_CURVE('',#2188,#2189,#44,.T.);
#1681=EDGE_CURVE('',#2189,#2190,#284,.T.);
#1682=EDGE_CURVE('',#2190,#2191,#45,.T.);
#1683=EDGE_CURVE('',#2191,#2188,#285,.T.);
#1684=EDGE_CURVE('',#2192,#2193,#46,.T.);
#1685=EDGE_CURVE('',#2193,#2194,#286,.T.);
#1686=EDGE_CURVE('',#2194,#2195,#47,.T.);
#1687=EDGE_CURVE('',#2195,#2192,#287,.T.);
#1688=EDGE_CURVE('',#2196,#2197,#48,.T.);
#1689=EDGE_CURVE('',#2197,#2198,#288,.T.);
#1690=EDGE_CURVE('',#2198,#2199,#49,.T.);
#1691=EDGE_CURVE('',#2199,#2196,#289,.T.);
#1692=EDGE_CURVE('',#2200,#2201,#50,.T.);
#1693=EDGE_CURVE('',#2201,#2202,#290,.T.);
#1694=EDGE_CURVE('',#2202,#2203,#51,.T.);
#1695=EDGE_CURVE('',#2203,#2200,#291,.T.);
#1696=EDGE_CURVE('',#2204,#2205,#52,.T.);
#1697=EDGE_CURVE('',#2205,#2206,#292,.T.);
#1698=EDGE_CURVE('',#2206,#2207,#53,.T.);
#1699=EDGE_CURVE('',#2207,#2204,#293,.T.);
#1700=EDGE_CURVE('',#2208,#2209,#54,.T.);
#1701=EDGE_CURVE('',#2209,#2210,#294,.T.);
#1702=EDGE_CURVE('',#2210,#2211,#55,.T.);
#1703=EDGE_CURVE('',#2211,#2208,#295,.T.);
#1704=EDGE_CURVE('',#2212,#2212,#385,.F.);
#1705=EDGE_CURVE('',#2213,#2213,#386,.T.);
#1706=EDGE_CURVE('',#2214,#2214,#387,.T.);
#1707=EDGE_CURVE('',#2215,#2215,#388,.F.);
#1708=EDGE_CURVE('',#2171,#2216,#389,.T.);
#1709=EDGE_CURVE('',#2172,#2217,#390,.T.);
#1710=EDGE_CURVE('',#2216,#2217,#296,.T.);
#1711=EDGE_CURVE('',#2218,#2173,#391,.T.);
#1712=EDGE_CURVE('',#2218,#2216,#56,.T.);
#1713=EDGE_CURVE('',#2219,#2174,#392,.T.);
#1714=EDGE_CURVE('',#2219,#2218,#297,.T.);
#1715=EDGE_CURVE('',#2217,#2219,#57,.T.);
#1716=EDGE_CURVE('',#2167,#2220,#393,.T.);
#1717=EDGE_CURVE('',#2168,#2221,#394,.T.);
#1718=EDGE_CURVE('',#2220,#2221,#298,.T.);
#1719=EDGE_CURVE('',#2222,#2169,#395,.T.);
#1720=EDGE_CURVE('',#2222,#2220,#58,.T.);
#1721=EDGE_CURVE('',#2223,#2170,#396,.T.);
#1722=EDGE_CURVE('',#2223,#2222,#299,.T.);
#1723=EDGE_CURVE('',#2221,#2223,#59,.T.);
#1724=EDGE_CURVE('',#2163,#2224,#397,.T.);
#1725=EDGE_CURVE('',#2164,#2225,#398,.T.);
#1726=EDGE_CURVE('',#2224,#2225,#300,.T.);
#1727=EDGE_CURVE('',#2226,#2165,#399,.T.);
#1728=EDGE_CURVE('',#2226,#2224,#60,.T.);
#1729=EDGE_CURVE('',#2227,#2166,#400,.T.);
#1730=EDGE_CURVE('',#2227,#2226,#301,.T.);
#1731=EDGE_CURVE('',#2225,#2227,#61,.T.);
#1732=EDGE_CURVE('',#2159,#2228,#401,.T.);
#1733=EDGE_CURVE('',#2160,#2229,#402,.T.);
#1734=EDGE_CURVE('',#2228,#2229,#302,.T.);
#1735=EDGE_CURVE('',#2230,#2161,#403,.T.);
#1736=EDGE_CURVE('',#2230,#2228,#62,.T.);
#1737=EDGE_CURVE('',#2231,#2162,#404,.T.);
#1738=EDGE_CURVE('',#2231,#2230,#303,.T.);
#1739=EDGE_CURVE('',#2229,#2231,#63,.T.);
#1740=EDGE_CURVE('',#2155,#2232,#405,.T.);
#1741=EDGE_CURVE('',#2156,#2233,#406,.T.);
#1742=EDGE_CURVE('',#2232,#2233,#304,.T.);
#1743=EDGE_CURVE('',#2234,#2157,#407,.T.);
#1744=EDGE_CURVE('',#2234,#2232,#64,.T.);
#1745=EDGE_CURVE('',#2235,#2158,#408,.T.);
#1746=EDGE_CURVE('',#2235,#2234,#305,.T.);
#1747=EDGE_CURVE('',#2233,#2235,#65,.T.);
#1748=EDGE_CURVE('',#2151,#2236,#409,.T.);
#1749=EDGE_CURVE('',#2152,#2237,#410,.T.);
#1750=EDGE_CURVE('',#2236,#2237,#306,.T.);
#1751=EDGE_CURVE('',#2238,#2153,#411,.T.);
#1752=EDGE_CURVE('',#2238,#2236,#66,.T.);
#1753=EDGE_CURVE('',#2239,#2154,#412,.T.);
#1754=EDGE_CURVE('',#2239,#2238,#307,.T.);
#1755=EDGE_CURVE('',#2237,#2239,#67,.T.);
#1756=EDGE_CURVE('',#2147,#2240,#413,.T.);
#1757=EDGE_CURVE('',#2148,#2241,#414,.T.);
#1758=EDGE_CURVE('',#2240,#2241,#308,.T.);
#1759=EDGE_CURVE('',#2242,#2149,#415,.T.);
#1760=EDGE_CURVE('',#2242,#2240,#68,.T.);
#1761=EDGE_CURVE('',#2243,#2150,#416,.T.);
#1762=EDGE_CURVE('',#2243,#2242,#309,.T.);
#1763=EDGE_CURVE('',#2241,#2243,#69,.T.);
#1764=EDGE_CURVE('',#2143,#2244,#417,.T.);
#1765=EDGE_CURVE('',#2144,#2245,#418,.T.);
#1766=EDGE_CURVE('',#2244,#2245,#310,.T.);
#1767=EDGE_CURVE('',#2246,#2145,#419,.T.);
#1768=EDGE_CURVE('',#2246,#2244,#70,.T.);
#1769=EDGE_CURVE('',#2247,#2146,#420,.T.);
#1770=EDGE_CURVE('',#2247,#2246,#311,.T.);
#1771=EDGE_CURVE('',#2245,#2247,#71,.T.);
#1772=EDGE_CURVE('',#2248,#2248,#421,.T.);
#1773=EDGE_CURVE('',#2138,#2249,#422,.T.);
#1774=EDGE_CURVE('',#2139,#2250,#423,.T.);
#1775=EDGE_CURVE('',#2249,#2250,#312,.T.);
#1776=EDGE_CURVE('',#2251,#2140,#424,.T.);
#1777=EDGE_CURVE('',#2251,#2249,#72,.T.);
#1778=EDGE_CURVE('',#2252,#2141,#425,.T.);
#1779=EDGE_CURVE('',#2252,#2251,#313,.T.);
#1780=EDGE_CURVE('',#2250,#2252,#73,.T.);
#1781=EDGE_CURVE('',#2253,#2208,#426,.T.);
#1782=EDGE_CURVE('',#2253,#2254,#74,.T.);
#1783=EDGE_CURVE('',#2209,#2254,#427,.T.);
#1784=EDGE_CURVE('',#2254,#2255,#314,.T.);
#1785=EDGE_CURVE('',#2210,#2255,#428,.T.);
#1786=EDGE_CURVE('',#2255,#2256,#75,.T.);
#1787=EDGE_CURVE('',#2256,#2211,#429,.T.);
#1788=EDGE_CURVE('',#2256,#2253,#315,.T.);
#1789=EDGE_CURVE('',#2257,#2204,#430,.T.);
#1790=EDGE_CURVE('',#2257,#2258,#76,.T.);
#1791=EDGE_CURVE('',#2205,#2258,#431,.T.);
#1792=EDGE_CURVE('',#2258,#2259,#316,.T.);
#1793=EDGE_CURVE('',#2206,#2259,#432,.T.);
#1794=EDGE_CURVE('',#2259,#2260,#77,.T.);
#1795=EDGE_CURVE('',#2260,#2207,#433,.T.);
#1796=EDGE_CURVE('',#2260,#2257,#317,.T.);
#1797=EDGE_CURVE('',#2261,#2200,#434,.T.);
#1798=EDGE_CURVE('',#2261,#2262,#78,.T.);
#1799=EDGE_CURVE('',#2201,#2262,#435,.T.);
#1800=EDGE_CURVE('',#2262,#2263,#318,.T.);
#1801=EDGE_CURVE('',#2202,#2263,#436,.T.);
#1802=EDGE_CURVE('',#2263,#2264,#79,.T.);
#1803=EDGE_CURVE('',#2264,#2203,#437,.T.);
#1804=EDGE_CURVE('',#2264,#2261,#319,.T.);
#1805=EDGE_CURVE('',#2265,#2196,#438,.T.);
#1806=EDGE_CURVE('',#2265,#2266,#80,.T.);
#1807=EDGE_CURVE('',#2197,#2266,#439,.T.);
#1808=EDGE_CURVE('',#2266,#2267,#320,.T.);
#1809=EDGE_CURVE('',#2198,#2267,#440,.T.);
#1810=EDGE_CURVE('',#2267,#2268,#81,.T.);
#1811=EDGE_CURVE('',#2268,#2199,#441,.T.);
#1812=EDGE_CURVE('',#2268,#2265,#321,.T.);
#1813=EDGE_CURVE('',#2269,#2192,#442,.T.);
#1814=EDGE_CURVE('',#2269,#2270,#82,.T.);
#1815=EDGE_CURVE('',#2193,#2270,#443,.T.);
#1816=EDGE_CURVE('',#2270,#2271,#322,.T.);
#1817=EDGE_CURVE('',#2194,#2271,#444,.T.);
#1818=EDGE_CURVE('',#2271,#2272,#83,.T.);
#1819=EDGE_CURVE('',#2272,#2195,#445,.T.);
#1820=EDGE_CURVE('',#2272,#2269,#323,.T.);
#1821=EDGE_CURVE('',#2273,#2188,#446,.T.);
#1822=EDGE_CURVE('',#2273,#2274,#84,.T.);
#1823=EDGE_CURVE('',#2189,#2274,#447,.T.);
#1824=EDGE_CURVE('',#2274,#2275,#324,.T.);
#1825=EDGE_CURVE('',#2190,#2275,#448,.T.);
#1826=EDGE_CURVE('',#2275,#2276,#85,.T.);
#1827=EDGE_CURVE('',#2276,#2191,#449,.T.);
#1828=EDGE_CURVE('',#2276,#2273,#325,.T.);
#1829=EDGE_CURVE('',#2277,#2184,#450,.T.);
#1830=EDGE_CURVE('',#2277,#2278,#86,.T.);
#1831=EDGE_CURVE('',#2185,#2278,#451,.T.);
#1832=EDGE_CURVE('',#2278,#2279,#326,.T.);
#1833=EDGE_CURVE('',#2186,#2279,#452,.T.);
#1834=EDGE_CURVE('',#2279,#2280,#87,.T.);
#1835=EDGE_CURVE('',#2280,#2187,#453,.T.);
#1836=EDGE_CURVE('',#2280,#2277,#327,.T.);
#1837=EDGE_CURVE('',#2281,#2281,#454,.T.);
#1838=EDGE_CURVE('',#2282,#2179,#455,.T.);
#1839=EDGE_CURVE('',#2282,#2283,#88,.T.);
#1840=EDGE_CURVE('',#2180,#2283,#456,.T.);
#1841=EDGE_CURVE('',#2283,#2284,#328,.T.);
#1842=EDGE_CURVE('',#2181,#2284,#457,.T.);
#1843=EDGE_CURVE('',#2284,#2285,#89,.T.);
#1844=EDGE_CURVE('',#2285,#2182,#458,.T.);
#1845=EDGE_CURVE('',#2285,#2282,#329,.T.);
#1846=EDGE_CURVE('',#2286,#2175,#459,.T.);
#1847=EDGE_CURVE('',#2286,#2287,#90,.T.);
#1848=EDGE_CURVE('',#2176,#2287,#460,.T.);
#1849=EDGE_CURVE('',#2287,#2288,#330,.T.);
#1850=EDGE_CURVE('',#2177,#2288,#461,.T.);
#1851=EDGE_CURVE('',#2288,#2289,#91,.T.);
#1852=EDGE_CURVE('',#2289,#2178,#462,.T.);
#1853=EDGE_CURVE('',#2289,#2286,#331,.T.);
#1854=EDGE_CURVE('',#2133,#2128,#463,.T.);
#1855=EDGE_CURVE('',#2104,#2133,#464,.T.);
#1856=EDGE_CURVE('',#2290,#2291,#332,.T.);
#1857=EDGE_CURVE('',#2291,#2290,#333,.T.);
#1858=EDGE_CURVE('',#2102,#2104,#334,.T.);
#1859=EDGE_CURVE('',#2102,#2134,#465,.T.);
#1860=EDGE_CURVE('',#2134,#2127,#466,.T.);
#1861=EDGE_CURVE('',#2110,#2105,#467,.T.);
#1862=EDGE_CURVE('',#2106,#2291,#468,.T.);
#1863=EDGE_CURVE('',#2290,#2131,#469,.T.);
#1864=EDGE_CURVE('',#2132,#2129,#470,.T.);
#1865=EDGE_CURVE('',#2130,#2125,#471,.T.);
#1866=EDGE_CURVE('',#2126,#2121,#472,.T.);
#1867=EDGE_CURVE('',#2122,#2117,#473,.T.);
#1868=EDGE_CURVE('',#2118,#2113,#474,.T.);
#1869=EDGE_CURVE('',#2114,#2109,#475,.T.);
#1870=EDGE_CURVE('',#2292,#2095,#2417,.T.);
#1871=EDGE_CURVE('',#2293,#2292,#2418,.T.);
#1872=EDGE_CURVE('',#2294,#2293,#335,.F.);
#1873=EDGE_CURVE('',#2295,#2294,#2419,.T.);
#1874=EDGE_CURVE('',#2295,#2090,#2420,.T.);
#1875=EDGE_CURVE('',#2296,#2089,#2421,.T.);
#1876=EDGE_CURVE('',#2297,#2296,#2422,.T.);
#1877=EDGE_CURVE('',#2298,#2297,#476,.T.);
#1878=EDGE_CURVE('',#2299,#2298,#2423,.T.);
#1879=EDGE_CURVE('',#2299,#2084,#2424,.T.);
#1880=EDGE_CURVE('',#2300,#2083,#2425,.T.);
#1881=EDGE_CURVE('',#2301,#2300,#2426,.T.);
#1882=EDGE_CURVE('',#2301,#2080,#2427,.T.);
#1883=EDGE_CURVE('',#2302,#2079,#2428,.T.);
#1884=EDGE_CURVE('',#2303,#2302,#2429,.T.);
#1885=EDGE_CURVE('',#2303,#2076,#2430,.T.);
#1886=EDGE_CURVE('',#2304,#2075,#2431,.T.);
#1887=EDGE_CURVE('',#2305,#2304,#2432,.T.);
#1888=EDGE_CURVE('',#2306,#2305,#336,.F.);
#1889=EDGE_CURVE('',#2307,#2306,#2433,.T.);
#1890=EDGE_CURVE('',#2307,#2070,#2434,.T.);
#1891=EDGE_CURVE('',#2308,#2069,#2435,.T.);
#1892=EDGE_CURVE('',#2309,#2308,#2436,.T.);
#1893=EDGE_CURVE('',#2310,#2309,#337,.F.);
#1894=EDGE_CURVE('',#2311,#2310,#2437,.T.);
#1895=EDGE_CURVE('',#2311,#2064,#2438,.T.);
#1896=EDGE_CURVE('',#2312,#2063,#2439,.T.);
#1897=EDGE_CURVE('',#2313,#2312,#2440,.T.);
#1898=EDGE_CURVE('',#2313,#2060,#2441,.T.);
#1899=EDGE_CURVE('',#2314,#2059,#2442,.T.);
#1900=EDGE_CURVE('',#2315,#2314,#2443,.T.);
#1901=EDGE_CURVE('',#2315,#2056,#2444,.T.);
#1902=EDGE_CURVE('',#2316,#2055,#2445,.T.);
#1903=EDGE_CURVE('',#2317,#2316,#2446,.T.);
#1904=EDGE_CURVE('',#2317,#2096,#2447,.T.);
#1905=EDGE_CURVE('',#2318,#2318,#477,.T.);
#1906=EDGE_CURVE('',#2319,#2319,#478,.T.);
#1907=EDGE_CURVE('',#2320,#2320,#479,.T.);
#1908=EDGE_CURVE('',#2321,#2043,#2448,.T.);
#1909=EDGE_CURVE('',#2322,#2321,#2449,.T.);
#1910=EDGE_CURVE('',#2099,#2322,#2450,.T.);
#1911=EDGE_CURVE('',#2323,#2098,#2451,.T.);
#1912=EDGE_CURVE('',#2324,#2323,#2452,.T.);
#1913=EDGE_CURVE('',#2053,#2324,#2453,.T.);
#1914=EDGE_CURVE('',#2325,#2052,#2454,.T.);
#1915=EDGE_CURVE('',#2326,#2325,#2455,.T.);
#1916=EDGE_CURVE('',#2049,#2326,#2456,.T.);
#1917=EDGE_CURVE('',#2327,#2048,#2457,.T.);
#1918=EDGE_CURVE('',#2328,#2327,#2458,.T.);
#1919=EDGE_CURVE('',#2045,#2328,#2459,.T.);
#1920=EDGE_CURVE('',#2329,#2330,#2460,.T.);
#1921=EDGE_CURVE('',#2054,#2330,#2461,.T.);
#1922=EDGE_CURVE('',#2054,#2331,#2462,.T.);
#1923=EDGE_CURVE('',#2331,#2332,#2463,.T.);
#1924=EDGE_CURVE('',#2332,#2097,#2464,.T.);
#1925=EDGE_CURVE('',#2097,#2329,#2465,.T.);
#1926=EDGE_CURVE('',#2333,#2334,#2466,.T.);
#1927=EDGE_CURVE('',#2335,#2333,#2467,.T.);
#1928=EDGE_CURVE('',#2335,#2336,#2468,.T.);
#1929=EDGE_CURVE('',#2336,#2334,#2469,.T.);
#1930=EDGE_CURVE('',#2334,#2316,#2470,.T.);
#1931=EDGE_CURVE('',#2336,#2317,#2471,.T.);
#1932=EDGE_CURVE('',#2330,#2333,#2472,.T.);
#1933=EDGE_CURVE('',#2329,#2335,#2473,.T.);
#1934=EDGE_CURVE('',#2337,#2338,#2474,.T.);
#1935=EDGE_CURVE('',#2339,#2337,#2475,.T.);
#1936=EDGE_CURVE('',#2339,#2340,#2476,.T.);
#1937=EDGE_CURVE('',#2340,#2338,#2477,.T.);
#1938=EDGE_CURVE('',#2338,#2314,#2478,.T.);
#1939=EDGE_CURVE('',#2340,#2315,#2479,.T.);
#1940=EDGE_CURVE('',#2058,#2341,#2480,.T.);
#1941=EDGE_CURVE('',#2057,#2342,#2481,.T.);
#1942=EDGE_CURVE('',#2342,#2341,#2482,.T.);
#1943=EDGE_CURVE('',#2341,#2337,#2483,.T.);
#1944=EDGE_CURVE('',#2342,#2339,#2484,.T.);
#1945=EDGE_CURVE('',#2343,#2344,#2485,.T.);
#1946=EDGE_CURVE('',#2345,#2343,#2486,.T.);
#1947=EDGE_CURVE('',#2345,#2346,#2487,.T.);
#1948=EDGE_CURVE('',#2346,#2344,#2488,.T.);
#1949=EDGE_CURVE('',#2344,#2312,#2489,.T.);
#1950=EDGE_CURVE('',#2346,#2313,#2490,.T.);
#1951=EDGE_CURVE('',#2062,#2347,#2491,.T.);
#1952=EDGE_CURVE('',#2061,#2348,#2492,.T.);
#1953=EDGE_CURVE('',#2348,#2347,#2493,.T.);
#1954=EDGE_CURVE('',#2347,#2343,#2494,.T.);
#1955=EDGE_CURVE('',#2348,#2345,#2495,.T.);
#1956=EDGE_CURVE('',#2068,#2349,#2496,.T.);
#1957=EDGE_CURVE('',#2067,#2349,#2497,.T.);
#1958=EDGE_CURVE('',#2350,#2351,#2498,.T.);
#1959=EDGE_CURVE('',#2352,#2350,#2499,.T.);
#1960=EDGE_CURVE('',#2352,#2353,#2500,.T.);
#1961=EDGE_CURVE('',#2353,#2351,#2501,.T.);
#1962=EDGE_CURVE('',#2351,#2308,#2502,.T.);
#1963=EDGE_CURVE('',#2353,#2311,#2503,.T.);
#1964=EDGE_CURVE('',#2354,#2066,#2504,.T.);
#1965=EDGE_CURVE('',#2065,#2354,#2505,.T.);
#1966=EDGE_CURVE('',#2354,#2352,#2506,.T.);
#1967=EDGE_CURVE('',#2349,#2350,#2507,.T.);
#1968=EDGE_CURVE('',#2074,#2355,#2508,.T.);
#1969=EDGE_CURVE('',#2073,#2355,#2509,.T.);
#1970=EDGE_CURVE('',#2356,#2357,#2510,.T.);
#1971=EDGE_CURVE('',#2358,#2356,#2511,.T.);
#1972=EDGE_CURVE('',#2358,#2359,#2512,.T.);
#1973=EDGE_CURVE('',#2359,#2357,#2513,.T.);
#1974=EDGE_CURVE('',#2357,#2304,#2514,.T.);
#1975=EDGE_CURVE('',#2359,#2307,#2515,.T.);
#1976=EDGE_CURVE('',#2360,#2072,#2516,.T.);
#1977=EDGE_CURVE('',#2071,#2360,#2517,.T.);
#1978=EDGE_CURVE('',#2360,#2358,#2518,.T.);
#1979=EDGE_CURVE('',#2355,#2356,#2519,.T.);
#1980=EDGE_CURVE('',#2361,#2362,#2520,.T.);
#1981=EDGE_CURVE('',#2363,#2361,#2521,.T.);
#1982=EDGE_CURVE('',#2363,#2364,#2522,.T.);
#1983=EDGE_CURVE('',#2364,#2362,#2523,.T.);
#1984=EDGE_CURVE('',#2362,#2302,#2524,.T.);
#1985=EDGE_CURVE('',#2364,#2303,#2525,.T.);
#1986=EDGE_CURVE('',#2078,#2365,#2526,.T.);
#1987=EDGE_CURVE('',#2077,#2366,#2527,.T.);
#1988=EDGE_CURVE('',#2366,#2365,#2528,.T.);
#1989=EDGE_CURVE('',#2365,#2361,#2529,.T.);
#1990=EDGE_CURVE('',#2366,#2363,#2530,.T.);
#1991=EDGE_CURVE('',#2367,#2368,#2531,.T.);
#1992=EDGE_CURVE('',#2369,#2367,#2532,.T.);
#1993=EDGE_CURVE('',#2369,#2370,#2533,.T.);
#1994=EDGE_CURVE('',#2370,#2368,#2534,.T.);
#1995=EDGE_CURVE('',#2368,#2300,#2535,.T.);
#1996=EDGE_CURVE('',#2370,#2301,#2536,.T.);
#1997=EDGE_CURVE('',#2082,#2371,#2537,.T.);
#1998=EDGE_CURVE('',#2081,#2372,#2538,.T.);
#1999=EDGE_CURVE('',#2372,#2371,#2539,.T.);
#2000=EDGE_CURVE('',#2371,#2367,#2540,.T.);
#2001=EDGE_CURVE('',#2372,#2369,#2541,.T.);
#2002=EDGE_CURVE('',#2088,#2373,#2542,.T.);
#2003=EDGE_CURVE('',#2087,#2373,#2543,.T.);
#2004=EDGE_CURVE('',#2374,#2375,#2544,.T.);
#2005=EDGE_CURVE('',#2376,#2374,#2545,.T.);
#2006=EDGE_CURVE('',#2376,#2377,#2546,.T.);
#2007=EDGE_CURVE('',#2377,#2375,#2547,.T.);
#2008=EDGE_CURVE('',#2375,#2296,#2548,.T.);
#2009=EDGE_CURVE('',#2377,#2299,#2549,.T.);
#2010=EDGE_CURVE('',#2378,#2086,#2550,.T.);
#2011=EDGE_CURVE('',#2085,#2378,#2551,.T.);
#2012=EDGE_CURVE('',#2378,#2376,#2552,.T.);
#2013=EDGE_CURVE('',#2373,#2374,#2553,.T.);
#2014=EDGE_CURVE('',#2094,#2379,#2554,.T.);
#2015=EDGE_CURVE('',#2093,#2379,#2555,.T.);
#2016=EDGE_CURVE('',#2380,#2381,#2556,.T.);
#2017=EDGE_CURVE('',#2382,#2380,#2557,.T.);
#2018=EDGE_CURVE('',#2382,#2383,#2558,.T.);
#2019=EDGE_CURVE('',#2383,#2381,#2559,.T.);
#2020=EDGE_CURVE('',#2381,#2292,#2560,.T.);
#2021=EDGE_CURVE('',#2383,#2295,#2561,.T.);
#2022=EDGE_CURVE('',#2384,#2092,#2562,.T.);
#2023=EDGE_CURVE('',#2091,#2384,#2563,.T.);
#2024=EDGE_CURVE('',#2384,#2382,#2564,.T.);
#2025=EDGE_CURVE('',#2379,#2380,#2565,.T.);
#2026=EDGE_CURVE('',#2332,#2323,#2566,.T.);
#2027=EDGE_CURVE('',#2331,#2324,#2567,.T.);
#2028=EDGE_CURVE('',#2385,#2325,#2568,.T.);
#2029=EDGE_CURVE('',#2386,#2385,#2569,.T.);
#2030=EDGE_CURVE('',#2386,#2326,#2570,.T.);
#2031=EDGE_CURVE('',#2385,#2051,#2571,.T.);
#2032=EDGE_CURVE('',#2050,#2386,#2572,.T.);
#2033=EDGE_CURVE('',#2387,#2327,#2573,.T.);
#2034=EDGE_CURVE('',#2388,#2387,#2574,.T.);
#2035=EDGE_CURVE('',#2388,#2328,#2575,.T.);
#2036=EDGE_CURVE('',#2387,#2047,#2576,.T.);
#2037=EDGE_CURVE('',#2046,#2388,#2577,.T.);
#2038=EDGE_CURVE('',#2389,#2321,#2578,.T.);
#2039=EDGE_CURVE('',#2390,#2389,#2579,.T.);
#2040=EDGE_CURVE('',#2390,#2322,#2580,.T.);
#2041=EDGE_CURVE('',#2389,#2044,#2581,.T.);
#2042=EDGE_CURVE('',#2100,#2390,#2582,.T.);
#2043=VERTEX_POINT('',#4887);
#2044=VERTEX_POINT('',#4888);
#2045=VERTEX_POINT('',#4890);
#2046=VERTEX_POINT('',#4892);
#2047=VERTEX_POINT('',#4894);
#2048=VERTEX_POINT('',#4896);
#2049=VERTEX_POINT('',#4898);
#2050=VERTEX_POINT('',#4900);
#2051=VERTEX_POINT('',#4902);
#2052=VERTEX_POINT('',#4904);
#2053=VERTEX_POINT('',#4906);
#2054=VERTEX_POINT('',#4908);
#2055=VERTEX_POINT('',#4910);
#2056=VERTEX_POINT('',#4912);
#2057=VERTEX_POINT('',#4914);
#2058=VERTEX_POINT('',#4916);
#2059=VERTEX_POINT('',#4918);
#2060=VERTEX_POINT('',#4920);
#2061=VERTEX_POINT('',#4922);
#2062=VERTEX_POINT('',#4924);
#2063=VERTEX_POINT('',#4926);
#2064=VERTEX_POINT('',#4928);
#2065=VERTEX_POINT('',#4930);
#2066=VERTEX_POINT('',#4932);
#2067=VERTEX_POINT('',#4937);
#2068=VERTEX_POINT('',#4939);
#2069=VERTEX_POINT('',#4941);
#2070=VERTEX_POINT('',#4943);
#2071=VERTEX_POINT('',#4945);
#2072=VERTEX_POINT('',#4947);
#2073=VERTEX_POINT('',#4952);
#2074=VERTEX_POINT('',#4954);
#2075=VERTEX_POINT('',#4956);
#2076=VERTEX_POINT('',#4958);
#2077=VERTEX_POINT('',#4960);
#2078=VERTEX_POINT('',#4962);
#2079=VERTEX_POINT('',#4964);
#2080=VERTEX_POINT('',#4966);
#2081=VERTEX_POINT('',#4968);
#2082=VERTEX_POINT('',#4970);
#2083=VERTEX_POINT('',#4972);
#2084=VERTEX_POINT('',#4974);
#2085=VERTEX_POINT('',#4976);
#2086=VERTEX_POINT('',#4978);
#2087=VERTEX_POINT('',#4983);
#2088=VERTEX_POINT('',#4985);
#2089=VERTEX_POINT('',#4987);
#2090=VERTEX_POINT('',#4989);
#2091=VERTEX_POINT('',#4991);
#2092=VERTEX_POINT('',#4993);
#2093=VERTEX_POINT('',#4998);
#2094=VERTEX_POINT('',#5000);
#2095=VERTEX_POINT('',#5002);
#2096=VERTEX_POINT('',#5004);
#2097=VERTEX_POINT('',#5006);
#2098=VERTEX_POINT('',#5008);
#2099=VERTEX_POINT('',#5010);
#2100=VERTEX_POINT('',#5012);
#2101=VERTEX_POINT('',#5016);
#2102=VERTEX_POINT('',#5017);
#2103=VERTEX_POINT('',#5053);
#2104=VERTEX_POINT('',#5055);
#2105=VERTEX_POINT('',#5077);
#2106=VERTEX_POINT('',#5078);
#2107=VERTEX_POINT('',#5125);
#2108=VERTEX_POINT('',#5161);
#2109=VERTEX_POINT('',#5173);
#2110=VERTEX_POINT('',#5174);
#2111=VERTEX_POINT('',#5221);
#2112=VERTEX_POINT('',#5257);
#2113=VERTEX_POINT('',#5269);
#2114=VERTEX_POINT('',#5270);
#2115=VERTEX_POINT('',#5317);
#2116=VERTEX_POINT('',#5353);
#2117=VERTEX_POINT('',#5365);
#2118=VERTEX_POINT('',#5366);
#2119=VERTEX_POINT('',#5413);
#2120=VERTEX_POINT('',#5449);
#2121=VERTEX_POINT('',#5461);
#2122=VERTEX_POINT('',#5462);
#2123=VERTEX_POINT('',#5509);
#2124=VERTEX_POINT('',#5545);
#2125=VERTEX_POINT('',#5557);
#2126=VERTEX_POINT('',#5558);
#2127=VERTEX_POINT('',#5605);
#2128=VERTEX_POINT('',#5641);
#2129=VERTEX_POINT('',#5653);
#2130=VERTEX_POINT('',#5654);
#2131=VERTEX_POINT('',#5709);
#2132=VERTEX_POINT('',#5710);
#2133=VERTEX_POINT('',#5755);
#2134=VERTEX_POINT('',#5756);
#2135=VERTEX_POINT('',#5794);
#2136=VERTEX_POINT('',#5796);
#2137=VERTEX_POINT('',#5799);
#2138=VERTEX_POINT('',#5805);
#2139=VERTEX_POINT('',#5806);
#2140=VERTEX_POINT('',#5808);
#2141=VERTEX_POINT('',#5813);
#2142=VERTEX_POINT('',#5816);
#2143=VERTEX_POINT('',#5821);
#2144=VERTEX_POINT('',#5822);
#2145=VERTEX_POINT('',#5824);
#2146=VERTEX_POINT('',#5829);
#2147=VERTEX_POINT('',#5835);
#2148=VERTEX_POINT('',#5836);
#2149=VERTEX_POINT('',#5838);
#2150=VERTEX_POINT('',#5843);
#2151=VERTEX_POINT('',#5849);
#2152=VERTEX_POINT('',#5850);
#2153=VERTEX_POINT('',#5852);
#2154=VERTEX_POINT('',#5857);
#2155=VERTEX_POINT('',#5863);
#2156=VERTEX_POINT('',#5864);
#2157=VERTEX_POINT('',#5866);
#2158=VERTEX_POINT('',#5871);
#2159=VERTEX_POINT('',#5877);
#2160=VERTEX_POINT('',#5878);
#2161=VERTEX_POINT('',#5880);
#2162=VERTEX_POINT('',#5885);
#2163=VERTEX_POINT('',#5891);
#2164=VERTEX_POINT('',#5892);
#2165=VERTEX_POINT('',#5894);
#2166=VERTEX_POINT('',#5899);
#2167=VERTEX_POINT('',#5905);
#2168=VERTEX_POINT('',#5906);
#2169=VERTEX_POINT('',#5908);
#2170=VERTEX_POINT('',#5913);
#2171=VERTEX_POINT('',#5919);
#2172=VERTEX_POINT('',#5920);
#2173=VERTEX_POINT('',#5922);
#2174=VERTEX_POINT('',#5927);
#2175=VERTEX_POINT('',#5931);
#2176=VERTEX_POINT('',#5932);
#2177=VERTEX_POINT('',#5937);
#2178=VERTEX_POINT('',#5939);
#2179=VERTEX_POINT('',#5945);
#2180=VERTEX_POINT('',#5946);
#2181=VERTEX_POINT('',#5951);
#2182=VERTEX_POINT('',#5953);
#2183=VERTEX_POINT('',#5959);
#2184=VERTEX_POINT('',#5961);
#2185=VERTEX_POINT('',#5962);
#2186=VERTEX_POINT('',#5967);
#2187=VERTEX_POINT('',#5969);
#2188=VERTEX_POINT('',#5975);
#2189=VERTEX_POINT('',#5976);
#2190=VERTEX_POINT('',#5981);
#2191=VERTEX_POINT('',#5983);
#2192=VERTEX_POINT('',#5989);
#2193=VERTEX_POINT('',#5990);
#2194=VERTEX_POINT('',#5995);
#2195=VERTEX_POINT('',#5997);
#2196=VERTEX_POINT('',#6003);
#2197=VERTEX_POINT('',#6004);
#2198=VERTEX_POINT('',#6009);
#2199=VERTEX_POINT('',#6011);
#2200=VERTEX_POINT('',#6017);
#2201=VERTEX_POINT('',#6018);
#2202=VERTEX_POINT('',#6023);
#2203=VERTEX_POINT('',#6025);
#2204=VERTEX_POINT('',#6031);
#2205=VERTEX_POINT('',#6032);
#2206=VERTEX_POINT('',#6037);
#2207=VERTEX_POINT('',#6039);
#2208=VERTEX_POINT('',#6045);
#2209=VERTEX_POINT('',#6046);
#2210=VERTEX_POINT('',#6051);
#2211=VERTEX_POINT('',#6053);
#2212=VERTEX_POINT('',#6060);
#2213=VERTEX_POINT('',#6062);
#2214=VERTEX_POINT('',#6065);
#2215=VERTEX_POINT('',#6067);
#2216=VERTEX_POINT('',#6070);
#2217=VERTEX_POINT('',#6072);
#2218=VERTEX_POINT('',#6079);
#2219=VERTEX_POINT('',#6083);
#2220=VERTEX_POINT('',#6092);
#2221=VERTEX_POINT('',#6094);
#2222=VERTEX_POINT('',#6101);
#2223=VERTEX_POINT('',#6105);
#2224=VERTEX_POINT('',#6114);
#2225=VERTEX_POINT('',#6116);
#2226=VERTEX_POINT('',#6123);
#2227=VERTEX_POINT('',#6127);
#2228=VERTEX_POINT('',#6136);
#2229=VERTEX_POINT('',#6138);
#2230=VERTEX_POINT('',#6145);
#2231=VERTEX_POINT('',#6149);
#2232=VERTEX_POINT('',#6158);
#2233=VERTEX_POINT('',#6160);
#2234=VERTEX_POINT('',#6167);
#2235=VERTEX_POINT('',#6171);
#2236=VERTEX_POINT('',#6180);
#2237=VERTEX_POINT('',#6182);
#2238=VERTEX_POINT('',#6189);
#2239=VERTEX_POINT('',#6193);
#2240=VERTEX_POINT('',#6202);
#2241=VERTEX_POINT('',#6204);
#2242=VERTEX_POINT('',#6211);
#2243=VERTEX_POINT('',#6215);
#2244=VERTEX_POINT('',#6224);
#2245=VERTEX_POINT('',#6226);
#2246=VERTEX_POINT('',#6233);
#2247=VERTEX_POINT('',#6237);
#2248=VERTEX_POINT('',#6246);
#2249=VERTEX_POINT('',#6249);
#2250=VERTEX_POINT('',#6251);
#2251=VERTEX_POINT('',#6258);
#2252=VERTEX_POINT('',#6262);
#2253=VERTEX_POINT('',#6271);
#2254=VERTEX_POINT('',#6273);
#2255=VERTEX_POINT('',#6280);
#2256=VERTEX_POINT('',#6284);
#2257=VERTEX_POINT('',#6293);
#2258=VERTEX_POINT('',#6295);
#2259=VERTEX_POINT('',#6302);
#2260=VERTEX_POINT('',#6306);
#2261=VERTEX_POINT('',#6315);
#2262=VERTEX_POINT('',#6317);
#2263=VERTEX_POINT('',#6324);
#2264=VERTEX_POINT('',#6328);
#2265=VERTEX_POINT('',#6337);
#2266=VERTEX_POINT('',#6339);
#2267=VERTEX_POINT('',#6346);
#2268=VERTEX_POINT('',#6350);
#2269=VERTEX_POINT('',#6359);
#2270=VERTEX_POINT('',#6361);
#2271=VERTEX_POINT('',#6368);
#2272=VERTEX_POINT('',#6372);
#2273=VERTEX_POINT('',#6381);
#2274=VERTEX_POINT('',#6383);
#2275=VERTEX_POINT('',#6390);
#2276=VERTEX_POINT('',#6394);
#2277=VERTEX_POINT('',#6403);
#2278=VERTEX_POINT('',#6405);
#2279=VERTEX_POINT('',#6412);
#2280=VERTEX_POINT('',#6416);
#2281=VERTEX_POINT('',#6425);
#2282=VERTEX_POINT('',#6428);
#2283=VERTEX_POINT('',#6430);
#2284=VERTEX_POINT('',#6437);
#2285=VERTEX_POINT('',#6441);
#2286=VERTEX_POINT('',#6450);
#2287=VERTEX_POINT('',#6452);
#2288=VERTEX_POINT('',#6459);
#2289=VERTEX_POINT('',#6463);
#2290=VERTEX_POINT('',#6481);
#2291=VERTEX_POINT('',#6482);
#2292=VERTEX_POINT('',#6519);
#2293=VERTEX_POINT('',#6521);
#2294=VERTEX_POINT('',#6526);
#2295=VERTEX_POINT('',#6528);
#2296=VERTEX_POINT('',#6531);
#2297=VERTEX_POINT('',#6533);
#2298=VERTEX_POINT('',#6535);
#2299=VERTEX_POINT('',#6537);
#2300=VERTEX_POINT('',#6540);
#2301=VERTEX_POINT('',#6542);
#2302=VERTEX_POINT('',#6545);
#2303=VERTEX_POINT('',#6547);
#2304=VERTEX_POINT('',#6550);
#2305=VERTEX_POINT('',#6552);
#2306=VERTEX_POINT('',#6557);
#2307=VERTEX_POINT('',#6559);
#2308=VERTEX_POINT('',#6562);
#2309=VERTEX_POINT('',#6564);
#2310=VERTEX_POINT('',#6569);
#2311=VERTEX_POINT('',#6571);
#2312=VERTEX_POINT('',#6574);
#2313=VERTEX_POINT('',#6576);
#2314=VERTEX_POINT('',#6579);
#2315=VERTEX_POINT('',#6581);
#2316=VERTEX_POINT('',#6584);
#2317=VERTEX_POINT('',#6586);
#2318=VERTEX_POINT('',#6590);
#2319=VERTEX_POINT('',#6593);
#2320=VERTEX_POINT('',#6596);
#2321=VERTEX_POINT('',#6599);
#2322=VERTEX_POINT('',#6601);
#2323=VERTEX_POINT('',#6604);
#2324=VERTEX_POINT('',#6606);
#2325=VERTEX_POINT('',#6609);
#2326=VERTEX_POINT('',#6611);
#2327=VERTEX_POINT('',#6614);
#2328=VERTEX_POINT('',#6616);
#2329=VERTEX_POINT('',#6620);
#2330=VERTEX_POINT('',#6621);
#2331=VERTEX_POINT('',#6624);
#2332=VERTEX_POINT('',#6626);
#2333=VERTEX_POINT('',#6631);
#2334=VERTEX_POINT('',#6632);
#2335=VERTEX_POINT('',#6634);
#2336=VERTEX_POINT('',#6636);
#2337=VERTEX_POINT('',#6648);
#2338=VERTEX_POINT('',#6649);
#2339=VERTEX_POINT('',#6651);
#2340=VERTEX_POINT('',#6653);
#2341=VERTEX_POINT('',#6660);
#2342=VERTEX_POINT('',#6662);
#2343=VERTEX_POINT('',#6671);
#2344=VERTEX_POINT('',#6672);
#2345=VERTEX_POINT('',#6674);
#2346=VERTEX_POINT('',#6676);
#2347=VERTEX_POINT('',#6683);
#2348=VERTEX_POINT('',#6685);
#2349=VERTEX_POINT('',#6694);
#2350=VERTEX_POINT('',#6698);
#2351=VERTEX_POINT('',#6699);
#2352=VERTEX_POINT('',#6701);
#2353=VERTEX_POINT('',#6703);
#2354=VERTEX_POINT('',#6710);
#2355=VERTEX_POINT('',#6719);
#2356=VERTEX_POINT('',#6723);
#2357=VERTEX_POINT('',#6724);
#2358=VERTEX_POINT('',#6726);
#2359=VERTEX_POINT('',#6728);
#2360=VERTEX_POINT('',#6735);
#2361=VERTEX_POINT('',#6744);
#2362=VERTEX_POINT('',#6745);
#2363=VERTEX_POINT('',#6747);
#2364=VERTEX_POINT('',#6749);
#2365=VERTEX_POINT('',#6756);
#2366=VERTEX_POINT('',#6758);
#2367=VERTEX_POINT('',#6767);
#2368=VERTEX_POINT('',#6768);
#2369=VERTEX_POINT('',#6770);
#2370=VERTEX_POINT('',#6772);
#2371=VERTEX_POINT('',#6779);
#2372=VERTEX_POINT('',#6781);
#2373=VERTEX_POINT('',#6790);
#2374=VERTEX_POINT('',#6794);
#2375=VERTEX_POINT('',#6795);
#2376=VERTEX_POINT('',#6797);
#2377=VERTEX_POINT('',#6799);
#2378=VERTEX_POINT('',#6806);
#2379=VERTEX_POINT('',#6815);
#2380=VERTEX_POINT('',#6819);
#2381=VERTEX_POINT('',#6820);
#2382=VERTEX_POINT('',#6822);
#2383=VERTEX_POINT('',#6824);
#2384=VERTEX_POINT('',#6831);
#2385=VERTEX_POINT('',#6845);
#2386=VERTEX_POINT('',#6847);
#2387=VERTEX_POINT('',#6856);
#2388=VERTEX_POINT('',#6858);
#2389=VERTEX_POINT('',#6867);
#2390=VERTEX_POINT('',#6869);
#2391=LINE('',#4886,#2583);
#2392=LINE('',#4891,#2584);
#2393=LINE('',#4895,#2585);
#2394=LINE('',#4899,#2586);
#2395=LINE('',#4903,#2587);
#2396=LINE('',#4907,#2588);
#2397=LINE('',#4909,#2589);
#2398=LINE('',#4913,#2590);
#2399=LINE('',#4917,#2591);
#2400=LINE('',#4921,#2592);
#2401=LINE('',#4925,#2593);
#2402=LINE('',#4929,#2594);
#2403=LINE('',#4940,#2595);
#2404=LINE('',#4944,#2596);
#2405=LINE('',#4955,#2597);
#2406=LINE('',#4959,#2598);
#2407=LINE('',#4963,#2599);
#2408=LINE('',#4967,#2600);
#2409=LINE('',#4971,#2601);
#2410=LINE('',#4975,#2602);
#2411=LINE('',#4986,#2603);
#2412=LINE('',#4990,#2604);
#2413=LINE('',#5001,#2605);
#2414=LINE('',#5005,#2606);
#2415=LINE('',#5007,#2607);
#2416=LINE('',#5011,#2608);
#2417=LINE('',#6518,#2609);
#2418=LINE('',#6520,#2610);
#2419=LINE('',#6527,#2611);
#2420=LINE('',#6529,#2612);
#2421=LINE('',#6530,#2613);
#2422=LINE('',#6532,#2614);
#2423=LINE('',#6536,#2615);
#2424=LINE('',#6538,#2616);
#2425=LINE('',#6539,#2617);
#2426=LINE('',#6541,#2618);
#2427=LINE('',#6543,#2619);
#2428=LINE('',#6544,#2620);
#2429=LINE('',#6546,#2621);
#2430=LINE('',#6548,#2622);
#2431=LINE('',#6549,#2623);
#2432=LINE('',#6551,#2624);
#2433=LINE('',#6558,#2625);
#2434=LINE('',#6560,#2626);
#2435=LINE('',#6561,#2627);
#2436=LINE('',#6563,#2628);
#2437=LINE('',#6570,#2629);
#2438=LINE('',#6572,#2630);
#2439=LINE('',#6573,#2631);
#2440=LINE('',#6575,#2632);
#2441=LINE('',#6577,#2633);
#2442=LINE('',#6578,#2634);
#2443=LINE('',#6580,#2635);
#2444=LINE('',#6582,#2636);
#2445=LINE('',#6583,#2637);
#2446=LINE('',#6585,#2638);
#2447=LINE('',#6587,#2639);
#2448=LINE('',#6598,#2640);
#2449=LINE('',#6600,#2641);
#2450=LINE('',#6602,#2642);
#2451=LINE('',#6603,#2643);
#2452=LINE('',#6605,#2644);
#2453=LINE('',#6607,#2645);
#2454=LINE('',#6608,#2646);
#2455=LINE('',#6610,#2647);
#2456=LINE('',#6612,#2648);
#2457=LINE('',#6613,#2649);
#2458=LINE('',#6615,#2650);
#2459=LINE('',#6617,#2651);
#2460=LINE('',#6619,#2652);
#2461=LINE('',#6622,#2653);
#2462=LINE('',#6623,#2654);
#2463=LINE('',#6625,#2655);
#2464=LINE('',#6627,#2656);
#2465=LINE('',#6628,#2657);
#2466=LINE('',#6630,#2658);
#2467=LINE('',#6633,#2659);
#2468=LINE('',#6635,#2660);
#2469=LINE('',#6637,#2661);
#2470=LINE('',#6639,#2662);
#2471=LINE('',#6640,#2663);
#2472=LINE('',#6642,#2664);
#2473=LINE('',#6643,#2665);
#2474=LINE('',#6647,#2666);
#2475=LINE('',#6650,#2667);
#2476=LINE('',#6652,#2668);
#2477=LINE('',#6654,#2669);
#2478=LINE('',#6656,#2670);
#2479=LINE('',#6657,#2671);
#2480=LINE('',#6659,#2672);
#2481=LINE('',#6661,#2673);
#2482=LINE('',#6663,#2674);
#2483=LINE('',#6665,#2675);
#2484=LINE('',#6666,#2676);
#2485=LINE('',#6670,#2677);
#2486=LINE('',#6673,#2678);
#2487=LINE('',#6675,#2679);
#2488=LINE('',#6677,#2680);
#2489=LINE('',#6679,#2681);
#2490=LINE('',#6680,#2682);
#2491=LINE('',#6682,#2683);
#2492=LINE('',#6684,#2684);
#2493=LINE('',#6686,#2685);
#2494=LINE('',#6688,#2686);
#2495=LINE('',#6689,#2687);
#2496=LINE('',#6693,#2688);
#2497=LINE('',#6695,#2689);
#2498=LINE('',#6697,#2690);
#2499=LINE('',#6700,#2691);
#2500=LINE('',#6702,#2692);
#2501=LINE('',#6704,#2693);
#2502=LINE('',#6706,#2694);
#2503=LINE('',#6707,#2695);
#2504=LINE('',#6709,#2696);
#2505=LINE('',#6711,#2697);
#2506=LINE('',#6713,#2698);
#2507=LINE('',#6714,#2699);
#2508=LINE('',#6718,#2700);
#2509=LINE('',#6720,#2701);
#2510=LINE('',#6722,#2702);
#2511=LINE('',#6725,#2703);
#2512=LINE('',#6727,#2704);
#2513=LINE('',#6729,#2705);
#2514=LINE('',#6731,#2706);
#2515=LINE('',#6732,#2707);
#2516=LINE('',#6734,#2708);
#2517=LINE('',#6736,#2709);
#2518=LINE('',#6738,#2710);
#2519=LINE('',#6739,#2711);
#2520=LINE('',#6743,#2712);
#2521=LINE('',#6746,#2713);
#2522=LINE('',#6748,#2714);
#2523=LINE('',#6750,#2715);
#2524=LINE('',#6752,#2716);
#2525=LINE('',#6753,#2717);
#2526=LINE('',#6755,#2718);
#2527=LINE('',#6757,#2719);
#2528=LINE('',#6759,#2720);
#2529=LINE('',#6761,#2721);
#2530=LINE('',#6762,#2722);
#2531=LINE('',#6766,#2723);
#2532=LINE('',#6769,#2724);
#2533=LINE('',#6771,#2725);
#2534=LINE('',#6773,#2726);
#2535=LINE('',#6775,#2727);
#2536=LINE('',#6776,#2728);
#2537=LINE('',#6778,#2729);
#2538=LINE('',#6780,#2730);
#2539=LINE('',#6782,#2731);
#2540=LINE('',#6784,#2732);
#2541=LINE('',#6785,#2733);
#2542=LINE('',#6789,#2734);
#2543=LINE('',#6791,#2735);
#2544=LINE('',#6793,#2736);
#2545=LINE('',#6796,#2737);
#2546=LINE('',#6798,#2738);
#2547=LINE('',#6800,#2739);
#2548=LINE('',#6802,#2740);
#2549=LINE('',#6803,#2741);
#2550=LINE('',#6805,#2742);
#2551=LINE('',#6807,#2743);
#2552=LINE('',#6809,#2744);
#2553=LINE('',#6810,#2745);
#2554=LINE('',#6814,#2746);
#2555=LINE('',#6816,#2747);
#2556=LINE('',#6818,#2748);
#2557=LINE('',#6821,#2749);
#2558=LINE('',#6823,#2750);
#2559=LINE('',#6825,#2751);
#2560=LINE('',#6827,#2752);
#2561=LINE('',#6828,#2753);
#2562=LINE('',#6830,#2754);
#2563=LINE('',#6832,#2755);
#2564=LINE('',#6834,#2756);
#2565=LINE('',#6835,#2757);
#2566=LINE('',#6839,#2758);
#2567=LINE('',#6840,#2759);
#2568=LINE('',#6844,#2760);
#2569=LINE('',#6846,#2761);
#2570=LINE('',#6848,#2762);
#2571=LINE('',#6850,#2763);
#2572=LINE('',#6852,#2764);
#2573=LINE('',#6855,#2765);
#2574=LINE('',#6857,#2766);
#2575=LINE('',#6859,#2767);
#2576=LINE('',#6861,#2768);
#2577=LINE('',#6863,#2769);
#2578=LINE('',#6866,#2770);
#2579=LINE('',#6868,#2771);
#2580=LINE('',#6870,#2772);
#2581=LINE('',#6872,#2773);
#2582=LINE('',#6874,#2774);
#2583=VECTOR('',#3904,1000.);
#2584=VECTOR('',#3907,1000.);
#2585=VECTOR('',#3910,1000.);
#2586=VECTOR('',#3913,1000.);
#2587=VECTOR('',#3916,1000.);
#2588=VECTOR('',#3919,1000.);
#2589=VECTOR('',#3920,1000.);
#2590=VECTOR('',#3923,1000.);
#2591=VECTOR('',#3926,1000.);
#2592=VECTOR('',#3929,1000.);
#2593=VECTOR('',#3932,1000.);
#2594=VECTOR('',#3935,1000.);
#2595=VECTOR('',#3940,1000.);
#2596=VECTOR('',#3943,1000.);
#2597=VECTOR('',#3948,1000.);
#2598=VECTOR('',#3951,1000.);
#2599=VECTOR('',#3954,1000.);
#2600=VECTOR('',#3957,1000.);
#2601=VECTOR('',#3960,1000.);
#2602=VECTOR('',#3963,1000.);
#2603=VECTOR('',#3968,1000.);
#2604=VECTOR('',#3971,1000.);
#2605=VECTOR('',#3976,1000.);
#2606=VECTOR('',#3979,1000.);
#2607=VECTOR('',#3980,1000.);
#2608=VECTOR('',#3983,1000.);
#2609=VECTOR('',#4556,1000.);
#2610=VECTOR('',#4557,1000.);
#2611=VECTOR('',#4558,1000.);
#2612=VECTOR('',#4559,1000.);
#2613=VECTOR('',#4560,1000.);
#2614=VECTOR('',#4561,1000.);
#2615=VECTOR('',#4564,1000.);
#2616=VECTOR('',#4565,1000.);
#2617=VECTOR('',#4566,1000.);
#2618=VECTOR('',#4567,1000.);
#2619=VECTOR('',#4568,1000.);
#2620=VECTOR('',#4569,1000.);
#2621=VECTOR('',#4570,1000.);
#2622=VECTOR('',#4571,1000.);
#2623=VECTOR('',#4572,1000.);
#2624=VECTOR('',#4573,1000.);
#2625=VECTOR('',#4574,1000.);
#2626=VECTOR('',#4575,1000.);
#2627=VECTOR('',#4576,1000.);
#2628=VECTOR('',#4577,1000.);
#2629=VECTOR('',#4578,1000.);
#2630=VECTOR('',#4579,1000.);
#2631=VECTOR('',#4580,1000.);
#2632=VECTOR('',#4581,1000.);
#2633=VECTOR('',#4582,1000.);
#2634=VECTOR('',#4583,1000.);
#2635=VECTOR('',#4584,1000.);
#2636=VECTOR('',#4585,1000.);
#2637=VECTOR('',#4586,1000.);
#2638=VECTOR('',#4587,1000.);
#2639=VECTOR('',#4588,1000.);
#2640=VECTOR('',#4603,1000.);
#2641=VECTOR('',#4604,1000.);
#2642=VECTOR('',#4605,1000.);
#2643=VECTOR('',#4606,1000.);
#2644=VECTOR('',#4607,1000.);
#2645=VECTOR('',#4608,1000.);
#2646=VECTOR('',#4609,1000.);
#2647=VECTOR('',#4610,1000.);
#2648=VECTOR('',#4611,1000.);
#2649=VECTOR('',#4612,1000.);
#2650=VECTOR('',#4613,1000.);
#2651=VECTOR('',#4614,1000.);
#2652=VECTOR('',#4617,1000.);
#2653=VECTOR('',#4618,1000.);
#2654=VECTOR('',#4619,1000.);
#2655=VECTOR('',#4620,1000.);
#2656=VECTOR('',#4621,1000.);
#2657=VECTOR('',#4622,1000.);
#2658=VECTOR('',#4625,1000.);
#2659=VECTOR('',#4626,1000.);
#2660=VECTOR('',#4627,1000.);
#2661=VECTOR('',#4628,1000.);
#2662=VECTOR('',#4631,1000.);
#2663=VECTOR('',#4632,1000.);
#2664=VECTOR('',#4635,1000.);
#2665=VECTOR('',#4636,1000.);
#2666=VECTOR('',#4643,1000.);
#2667=VECTOR('',#4644,1000.);
#2668=VECTOR('',#4645,1000.);
#2669=VECTOR('',#4646,1000.);
#2670=VECTOR('',#4649,1000.);
#2671=VECTOR('',#4650,1000.);
#2672=VECTOR('',#4653,1000.);
#2673=VECTOR('',#4654,1000.);
#2674=VECTOR('',#4655,1000.);
#2675=VECTOR('',#4658,1000.);
#2676=VECTOR('',#4659,1000.);
#2677=VECTOR('',#4666,1000.);
#2678=VECTOR('',#4667,1000.);
#2679=VECTOR('',#4668,1000.);
#2680=VECTOR('',#4669,1000.);
#2681=VECTOR('',#4672,1000.);
#2682=VECTOR('',#4673,1000.);
#2683=VECTOR('',#4676,1000.);
#2684=VECTOR('',#4677,1000.);
#2685=VECTOR('',#4678,1000.);
#2686=VECTOR('',#4681,1000.);
#2687=VECTOR('',#4682,1000.);
#2688=VECTOR('',#4689,1000.);
#2689=VECTOR('',#4690,1000.);
#2690=VECTOR('',#4693,1000.);
#2691=VECTOR('',#4694,1000.);
#2692=VECTOR('',#4695,1000.);
#2693=VECTOR('',#4696,1000.);
#2694=VECTOR('',#4699,1000.);
#2695=VECTOR('',#4700,1000.);
#2696=VECTOR('',#4703,1000.);
#2697=VECTOR('',#4704,1000.);
#2698=VECTOR('',#4707,1000.);
#2699=VECTOR('',#4708,1000.);
#2700=VECTOR('',#4715,1000.);
#2701=VECTOR('',#4716,1000.);
#2702=VECTOR('',#4719,1000.);
#2703=VECTOR('',#4720,1000.);
#2704=VECTOR('',#4721,1000.);
#2705=VECTOR('',#4722,1000.);
#2706=VECTOR('',#4725,1000.);
#2707=VECTOR('',#4726,1000.);
#2708=VECTOR('',#4729,1000.);
#2709=VECTOR('',#4730,1000.);
#2710=VECTOR('',#4733,1000.);
#2711=VECTOR('',#4734,1000.);
#2712=VECTOR('',#4741,1000.);
#2713=VECTOR('',#4742,1000.);
#2714=VECTOR('',#4743,1000.);
#2715=VECTOR('',#4744,1000.);
#2716=VECTOR('',#4747,1000.);
#2717=VECTOR('',#4748,1000.);
#2718=VECTOR('',#4751,1000.);
#2719=VECTOR('',#4752,1000.);
#2720=VECTOR('',#4753,1000.);
#2721=VECTOR('',#4756,1000.);
#2722=VECTOR('',#4757,1000.);
#2723=VECTOR('',#4764,1000.);
#2724=VECTOR('',#4765,1000.);
#2725=VECTOR('',#4766,1000.);
#2726=VECTOR('',#4767,1000.);
#2727=VECTOR('',#4770,1000.);
#2728=VECTOR('',#4771,1000.);
#2729=VECTOR('',#4774,1000.);
#2730=VECTOR('',#4775,1000.);
#2731=VECTOR('',#4776,1000.);
#2732=VECTOR('',#4779,1000.);
#2733=VECTOR('',#4780,1000.);
#2734=VECTOR('',#4787,1000.);
#2735=VECTOR('',#4788,1000.);
#2736=VECTOR('',#4791,1000.);
#2737=VECTOR('',#4792,1000.);
#2738=VECTOR('',#4793,1000.);
#2739=VECTOR('',#4794,1000.);
#2740=VECTOR('',#4797,1000.);
#2741=VECTOR('',#4798,1000.);
#2742=VECTOR('',#4801,1000.);
#2743=VECTOR('',#4802,1000.);
#2744=VECTOR('',#4805,1000.);
#2745=VECTOR('',#4806,1000.);
#2746=VECTOR('',#4813,1000.);
#2747=VECTOR('',#4814,1000.);
#2748=VECTOR('',#4817,1000.);
#2749=VECTOR('',#4818,1000.);
#2750=VECTOR('',#4819,1000.);
#2751=VECTOR('',#4820,1000.);
#2752=VECTOR('',#4823,1000.);
#2753=VECTOR('',#4824,1000.);
#2754=VECTOR('',#4827,1000.);
#2755=VECTOR('',#4828,1000.);
#2756=VECTOR('',#4831,1000.);
#2757=VECTOR('',#4832,1000.);
#2758=VECTOR('',#4839,1000.);
#2759=VECTOR('',#4840,1000.);
#2760=VECTOR('',#4847,1000.);
#2761=VECTOR('',#4848,1000.);
#2762=VECTOR('',#4849,1000.);
#2763=VECTOR('',#4852,1000.);
#2764=VECTOR('',#4855,1000.);
#2765=VECTOR('',#4860,1000.);
#2766=VECTOR('',#4861,1000.);
#2767=VECTOR('',#4862,1000.);
#2768=VECTOR('',#4865,1000.);
#2769=VECTOR('',#4868,1000.);
#2770=VECTOR('',#4873,1000.);
#2771=VECTOR('',#4874,1000.);
#2772=VECTOR('',#4875,1000.);
#2773=VECTOR('',#4878,1000.);
#2774=VECTOR('',#4881,1000.);
#2775=EDGE_LOOP('',(#480,#481,#482,#483,#484,#485,#486,#487,#488,#489,#490,
#491,#492,#493,#494,#495,#496,#497,#498,#499,#500,#501,#502,#503,#504,#505,
#506,#507,#508,#509,#510,#511,#512,#513,#514,#515,#516,#517,#518,#519,#520,
#521,#522,#523,#524,#525,#526,#527,#528,#529,#530,#531,#532,#533,#534,#535,
#536,#537));
#2776=EDGE_LOOP('',(#538,#539,#540,#541));
#2777=EDGE_LOOP('',(#542,#543));
#2778=EDGE_LOOP('',(#544,#545));
#2779=EDGE_LOOP('',(#546,#547,#548,#549));
#2780=EDGE_LOOP('',(#550,#551));
#2781=EDGE_LOOP('',(#552,#553));
#2782=EDGE_LOOP('',(#554,#555,#556,#557));
#2783=EDGE_LOOP('',(#558,#559));
#2784=EDGE_LOOP('',(#560,#561));
#2785=EDGE_LOOP('',(#562,#563,#564,#565));
#2786=EDGE_LOOP('',(#566,#567));
#2787=EDGE_LOOP('',(#568,#569));
#2788=EDGE_LOOP('',(#570,#571,#572,#573));
#2789=EDGE_LOOP('',(#574,#575));
#2790=EDGE_LOOP('',(#576,#577));
#2791=EDGE_LOOP('',(#578,#579,#580,#581));
#2792=EDGE_LOOP('',(#582,#583));
#2793=EDGE_LOOP('',(#584,#585));
#2794=EDGE_LOOP('',(#586,#587,#588,#589));
#2795=EDGE_LOOP('',(#590,#591));
#2796=EDGE_LOOP('',(#592,#593));
#2797=EDGE_LOOP('',(#594,#595));
#2798=EDGE_LOOP('',(#596,#597));
#2799=EDGE_LOOP('',(#598));
#2800=EDGE_LOOP('',(#599));
#2801=EDGE_LOOP('',(#600));
#2802=EDGE_LOOP('',(#601));
#2803=EDGE_LOOP('',(#602,#603,#604,#605));
#2804=EDGE_LOOP('',(#606));
#2805=EDGE_LOOP('',(#607));
#2806=EDGE_LOOP('',(#608,#609,#610,#611));
#2807=EDGE_LOOP('',(#612,#613,#614,#615));
#2808=EDGE_LOOP('',(#616,#617,#618,#619));
#2809=EDGE_LOOP('',(#620,#621,#622,#623));
#2810=EDGE_LOOP('',(#624,#625,#626,#627));
#2811=EDGE_LOOP('',(#628,#629,#630,#631));
#2812=EDGE_LOOP('',(#632,#633,#634,#635));
#2813=EDGE_LOOP('',(#636,#637,#638,#639));
#2814=EDGE_LOOP('',(#640,#641,#642,#643));
#2815=EDGE_LOOP('',(#644,#645,#646,#647));
#2816=EDGE_LOOP('',(#648));
#2817=EDGE_LOOP('',(#649));
#2818=EDGE_LOOP('',(#650,#651,#652,#653));
#2819=EDGE_LOOP('',(#654,#655,#656,#657));
#2820=EDGE_LOOP('',(#658,#659,#660,#661));
#2821=EDGE_LOOP('',(#662,#663,#664,#665));
#2822=EDGE_LOOP('',(#666,#667,#668,#669));
#2823=EDGE_LOOP('',(#670,#671,#672,#673));
#2824=EDGE_LOOP('',(#674,#675,#676,#677));
#2825=EDGE_LOOP('',(#678));
#2826=EDGE_LOOP('',(#679));
#2827=EDGE_LOOP('',(#680));
#2828=EDGE_LOOP('',(#681));
#2829=EDGE_LOOP('',(#682,#683,#684,#685));
#2830=EDGE_LOOP('',(#686,#687,#688,#689));
#2831=EDGE_LOOP('',(#690,#691,#692,#693));
#2832=EDGE_LOOP('',(#694,#695,#696,#697));
#2833=EDGE_LOOP('',(#698,#699,#700,#701));
#2834=EDGE_LOOP('',(#702,#703,#704,#705));
#2835=EDGE_LOOP('',(#706,#707,#708,#709));
#2836=EDGE_LOOP('',(#710,#711,#712,#713));
#2837=EDGE_LOOP('',(#714,#715,#716,#717));
#2838=EDGE_LOOP('',(#718,#719,#720,#721));
#2839=EDGE_LOOP('',(#722,#723,#724,#725));
#2840=EDGE_LOOP('',(#726,#727,#728,#729));
#2841=EDGE_LOOP('',(#730,#731,#732,#733));
#2842=EDGE_LOOP('',(#734,#735,#736,#737));
#2843=EDGE_LOOP('',(#738,#739,#740,#741));
#2844=EDGE_LOOP('',(#742,#743,#744,#745));
#2845=EDGE_LOOP('',(#746,#747,#748,#749));
#2846=EDGE_LOOP('',(#750,#751,#752,#753));
#2847=EDGE_LOOP('',(#754,#755,#756,#757));
#2848=EDGE_LOOP('',(#758,#759,#760,#761));
#2849=EDGE_LOOP('',(#762,#763,#764,#765));
#2850=EDGE_LOOP('',(#766,#767,#768,#769));
#2851=EDGE_LOOP('',(#770,#771,#772,#773));
#2852=EDGE_LOOP('',(#774,#775,#776,#777));
#2853=EDGE_LOOP('',(#778,#779,#780,#781));
#2854=EDGE_LOOP('',(#782,#783,#784,#785));
#2855=EDGE_LOOP('',(#786,#787,#788,#789));
#2856=EDGE_LOOP('',(#790,#791,#792,#793));
#2857=EDGE_LOOP('',(#794,#795,#796,#797));
#2858=EDGE_LOOP('',(#798,#799,#800,#801));
#2859=EDGE_LOOP('',(#802,#803,#804,#805));
#2860=EDGE_LOOP('',(#806,#807,#808,#809));
#2861=EDGE_LOOP('',(#810));
#2862=EDGE_LOOP('',(#811));
#2863=EDGE_LOOP('',(#812,#813,#814,#815));
#2864=EDGE_LOOP('',(#816,#817,#818,#819));
#2865=EDGE_LOOP('',(#820,#821,#822,#823));
#2866=EDGE_LOOP('',(#824,#825,#826,#827));
#2867=EDGE_LOOP('',(#828,#829,#830,#831));
#2868=EDGE_LOOP('',(#832,#833,#834,#835));
#2869=EDGE_LOOP('',(#836,#837,#838,#839));
#2870=EDGE_LOOP('',(#840,#841,#842,#843));
#2871=EDGE_LOOP('',(#844,#845,#846,#847));
#2872=EDGE_LOOP('',(#848,#849,#850,#851));
#2873=EDGE_LOOP('',(#852,#853,#854,#855));
#2874=EDGE_LOOP('',(#856,#857,#858,#859));
#2875=EDGE_LOOP('',(#860,#861,#862,#863));
#2876=EDGE_LOOP('',(#864,#865,#866,#867));
#2877=EDGE_LOOP('',(#868,#869,#870,#871));
#2878=EDGE_LOOP('',(#872,#873,#874,#875));
#2879=EDGE_LOOP('',(#876,#877,#878,#879));
#2880=EDGE_LOOP('',(#880,#881,#882,#883));
#2881=EDGE_LOOP('',(#884,#885,#886,#887));
#2882=EDGE_LOOP('',(#888,#889,#890,#891));
#2883=EDGE_LOOP('',(#892,#893,#894,#895));
#2884=EDGE_LOOP('',(#896,#897,#898,#899));
#2885=EDGE_LOOP('',(#900,#901,#902,#903));
#2886=EDGE_LOOP('',(#904,#905,#906,#907));
#2887=EDGE_LOOP('',(#908,#909,#910,#911));
#2888=EDGE_LOOP('',(#912,#913,#914,#915));
#2889=EDGE_LOOP('',(#916,#917,#918,#919));
#2890=EDGE_LOOP('',(#920,#921,#922,#923));
#2891=EDGE_LOOP('',(#924,#925,#926,#927));
#2892=EDGE_LOOP('',(#928,#929,#930,#931));
#2893=EDGE_LOOP('',(#932,#933,#934,#935));
#2894=EDGE_LOOP('',(#936,#937,#938,#939));
#2895=EDGE_LOOP('',(#940));
#2896=EDGE_LOOP('',(#941));
#2897=EDGE_LOOP('',(#942,#943,#944,#945));
#2898=EDGE_LOOP('',(#946,#947,#948,#949));
#2899=EDGE_LOOP('',(#950,#951,#952,#953));
#2900=EDGE_LOOP('',(#954,#955,#956,#957));
#2901=EDGE_LOOP('',(#958,#959,#960,#961));
#2902=EDGE_LOOP('',(#962,#963,#964,#965));
#2903=EDGE_LOOP('',(#966,#967,#968,#969));
#2904=EDGE_LOOP('',(#970,#971,#972,#973));
#2905=EDGE_LOOP('',(#974));
#2906=EDGE_LOOP('',(#975,#976,#977,#978,#979,#980,#981,#982,#983));
#2907=EDGE_LOOP('',(#984,#985));
#2908=EDGE_LOOP('',(#986,#987));
#2909=EDGE_LOOP('',(#988));
#2910=EDGE_LOOP('',(#989,#990,#991,#992,#993,#994,#995,#996,#997));
#2911=EDGE_LOOP('',(#998,#999,#1000,#1001));
#2912=EDGE_LOOP('',(#1002,#1003,#1004,#1005));
#2913=EDGE_LOOP('',(#1006,#1007,#1008,#1009,#1010,#1011,#1012,#1013,#1014,
#1015,#1016,#1017,#1018,#1019,#1020,#1021,#1022,#1023));
#2914=EDGE_LOOP('',(#1024,#1025,#1026,#1027));
#2915=EDGE_LOOP('',(#1028));
#2916=EDGE_LOOP('',(#1029,#1030,#1031,#1032));
#2917=EDGE_LOOP('',(#1033,#1034,#1035,#1036));
#2918=EDGE_LOOP('',(#1037,#1038,#1039,#1040));
#2919=EDGE_LOOP('',(#1041,#1042,#1043,#1044));
#2920=EDGE_LOOP('',(#1045,#1046,#1047,#1048));
#2921=EDGE_LOOP('',(#1049,#1050,#1051,#1052));
#2922=EDGE_LOOP('',(#1053,#1054,#1055,#1056));
#2923=EDGE_LOOP('',(#1057,#1058,#1059,#1060));
#2924=EDGE_LOOP('',(#1061,#1062,#1063,#1064,#1065,#1066,#1067,#1068,#1069,
#1070,#1071,#1072,#1073,#1074,#1075,#1076,#1077,#1078));
#2925=EDGE_LOOP('',(#1079,#1080,#1081,#1082));
#2926=EDGE_LOOP('',(#1083,#1084,#1085,#1086));
#2927=EDGE_LOOP('',(#1087));
#2928=EDGE_LOOP('',(#1088,#1089,#1090,#1091));
#2929=EDGE_LOOP('',(#1092,#1093,#1094,#1095));
#2930=EDGE_LOOP('',(#1096,#1097,#1098,#1099));
#2931=EDGE_LOOP('',(#1100,#1101,#1102,#1103));
#2932=EDGE_LOOP('',(#1104,#1105,#1106,#1107));
#2933=EDGE_LOOP('',(#1108,#1109,#1110,#1111));
#2934=EDGE_LOOP('',(#1112,#1113,#1114,#1115));
#2935=EDGE_LOOP('',(#1116));
#2936=EDGE_LOOP('',(#1117,#1118,#1119,#1120,#1121,#1122,#1123,#1124,#1125,
#1126,#1127,#1128,#1129,#1130,#1131,#1132,#1133,#1134,#1135,#1136,#1137,
#1138,#1139,#1140,#1141,#1142,#1143,#1144,#1145,#1146,#1147,#1148,#1149,
#1150,#1151,#1152,#1153,#1154,#1155,#1156,#1157,#1158,#1159,#1160));
#2937=EDGE_LOOP('',(#1161));
#2938=EDGE_LOOP('',(#1162));
#2939=EDGE_LOOP('',(#1163));
#2940=EDGE_LOOP('',(#1164));
#2941=EDGE_LOOP('',(#1165));
#2942=EDGE_LOOP('',(#1166));
#2943=EDGE_LOOP('',(#1167,#1168,#1169,#1170,#1171,#1172,#1173,#1174,#1175,
#1176,#1177,#1178,#1179,#1180,#1181,#1182));
#2944=EDGE_LOOP('',(#1183));
#2945=EDGE_LOOP('',(#1184,#1185,#1186,#1187,#1188,#1189));
#2946=EDGE_LOOP('',(#1190,#1191,#1192,#1193));
#2947=EDGE_LOOP('',(#1194,#1195,#1196,#1197));
#2948=EDGE_LOOP('',(#1198,#1199,#1200,#1201));
#2949=EDGE_LOOP('',(#1202,#1203,#1204,#1205,#1206,#1207));
#2950=EDGE_LOOP('',(#1208,#1209,#1210,#1211,#1212,#1213));
#2951=EDGE_LOOP('',(#1214,#1215,#1216,#1217));
#2952=EDGE_LOOP('',(#1218,#1219,#1220,#1221));
#2953=EDGE_LOOP('',(#1222,#1223,#1224,#1225));
#2954=EDGE_LOOP('',(#1226,#1227,#1228,#1229));
#2955=EDGE_LOOP('',(#1230,#1231,#1232,#1233,#1234,#1235));
#2956=EDGE_LOOP('',(#1236,#1237,#1238,#1239,#1240,#1241));
#2957=EDGE_LOOP('',(#1242,#1243,#1244,#1245));
#2958=EDGE_LOOP('',(#1246,#1247,#1248,#1249));
#2959=EDGE_LOOP('',(#1250,#1251,#1252,#1253));
#2960=EDGE_LOOP('',(#1254,#1255,#1256,#1257));
#2961=EDGE_LOOP('',(#1258,#1259,#1260,#1261,#1262,#1263));
#2962=EDGE_LOOP('',(#1264,#1265,#1266,#1267,#1268,#1269));
#2963=EDGE_LOOP('',(#1270,#1271,#1272));
#2964=EDGE_LOOP('',(#1273,#1274,#1275,#1276));
#2965=EDGE_LOOP('',(#1277,#1278,#1279,#1280,#1281,#1282));
#2966=EDGE_LOOP('',(#1283,#1284,#1285));
#2967=EDGE_LOOP('',(#1286,#1287,#1288,#1289,#1290,#1291));
#2968=EDGE_LOOP('',(#1292,#1293,#1294,#1295,#1296,#1297));
#2969=EDGE_LOOP('',(#1298,#1299,#1300,#1301,#1302,#1303));
#2970=EDGE_LOOP('',(#1304,#1305,#1306));
#2971=EDGE_LOOP('',(#1307,#1308,#1309,#1310));
#2972=EDGE_LOOP('',(#1311,#1312,#1313,#1314,#1315,#1316));
#2973=EDGE_LOOP('',(#1317,#1318,#1319));
#2974=EDGE_LOOP('',(#1320,#1321,#1322,#1323,#1324,#1325));
#2975=EDGE_LOOP('',(#1326,#1327,#1328,#1329,#1330,#1331));
#2976=EDGE_LOOP('',(#1332,#1333,#1334,#1335,#1336,#1337));
#2977=EDGE_LOOP('',(#1338,#1339,#1340,#1341));
#2978=EDGE_LOOP('',(#1342,#1343,#1344,#1345));
#2979=EDGE_LOOP('',(#1346,#1347,#1348,#1349));
#2980=EDGE_LOOP('',(#1350,#1351,#1352,#1353));
#2981=EDGE_LOOP('',(#1354,#1355,#1356,#1357,#1358,#1359));
#2982=EDGE_LOOP('',(#1360,#1361,#1362,#1363,#1364,#1365));
#2983=EDGE_LOOP('',(#1366,#1367,#1368,#1369));
#2984=EDGE_LOOP('',(#1370,#1371,#1372,#1373));
#2985=EDGE_LOOP('',(#1374,#1375,#1376,#1377));
#2986=EDGE_LOOP('',(#1378,#1379,#1380,#1381));
#2987=EDGE_LOOP('',(#1382,#1383,#1384,#1385,#1386,#1387));
#2988=EDGE_LOOP('',(#1388,#1389,#1390,#1391,#1392,#1393));
#2989=EDGE_LOOP('',(#1394,#1395,#1396));
#2990=EDGE_LOOP('',(#1397,#1398,#1399,#1400));
#2991=EDGE_LOOP('',(#1401,#1402,#1403,#1404,#1405,#1406));
#2992=EDGE_LOOP('',(#1407,#1408,#1409));
#2993=EDGE_LOOP('',(#1410,#1411,#1412,#1413,#1414,#1415));
#2994=EDGE_LOOP('',(#1416,#1417,#1418,#1419,#1420,#1421));
#2995=EDGE_LOOP('',(#1422,#1423,#1424,#1425,#1426,#1427));
#2996=EDGE_LOOP('',(#1428,#1429,#1430));
#2997=EDGE_LOOP('',(#1431,#1432,#1433,#1434));
#2998=EDGE_LOOP('',(#1435,#1436,#1437,#1438,#1439,#1440));
#2999=EDGE_LOOP('',(#1441,#1442,#1443));
#3000=EDGE_LOOP('',(#1444,#1445,#1446,#1447,#1448,#1449));
#3001=EDGE_LOOP('',(#1450,#1451,#1452,#1453,#1454,#1455));
#3002=EDGE_LOOP('',(#1456,#1457,#1458,#1459,#1460,#1461));
#3003=EDGE_LOOP('',(#1462,#1463,#1464,#1465));
#3004=EDGE_LOOP('',(#1466,#1467,#1468,#1469));
#3005=EDGE_LOOP('',(#1470,#1471,#1472,#1473));
#3006=EDGE_LOOP('',(#1474,#1475,#1476,#1477));
#3007=EDGE_LOOP('',(#1478,#1479,#1480,#1481));
#3008=EDGE_LOOP('',(#1482,#1483,#1484,#1485));
#3009=EDGE_LOOP('',(#1486,#1487,#1488,#1489));
#3010=EDGE_LOOP('',(#1490,#1491,#1492,#1493));
#3011=EDGE_LOOP('',(#1494,#1495,#1496,#1497));
#3012=EDGE_LOOP('',(#1498,#1499,#1500,#1501));
#3013=EDGE_LOOP('',(#1502,#1503,#1504,#1505));
#3014=EDGE_LOOP('',(#1506,#1507,#1508,#1509));
#3015=EDGE_LOOP('',(#1510,#1511,#1512,#1513));
#3016=EDGE_LOOP('',(#1514,#1515,#1516,#1517));
#3017=EDGE_LOOP('',(#1518,#1519,#1520,#1521));
#3018=FACE_BOUND('',#2775,.T.);
#3019=FACE_BOUND('',#2776,.T.);
#3020=FACE_BOUND('',#2777,.T.);
#3021=FACE_BOUND('',#2778,.T.);
#3022=FACE_BOUND('',#2779,.T.);
#3023=FACE_BOUND('',#2780,.T.);
#3024=FACE_BOUND('',#2781,.T.);
#3025=FACE_BOUND('',#2782,.T.);
#3026=FACE_BOUND('',#2783,.T.);
#3027=FACE_BOUND('',#2784,.T.);
#3028=FACE_BOUND('',#2785,.T.);
#3029=FACE_BOUND('',#2786,.T.);
#3030=FACE_BOUND('',#2787,.T.);
#3031=FACE_BOUND('',#2788,.T.);
#3032=FACE_BOUND('',#2789,.T.);
#3033=FACE_BOUND('',#2790,.T.);
#3034=FACE_BOUND('',#2791,.T.);
#3035=FACE_BOUND('',#2792,.T.);
#3036=FACE_BOUND('',#2793,.T.);
#3037=FACE_BOUND('',#2794,.T.);
#3038=FACE_BOUND('',#2795,.T.);
#3039=FACE_BOUND('',#2796,.T.);
#3040=FACE_BOUND('',#2797,.T.);
#3041=FACE_BOUND('',#2798,.T.);
#3042=FACE_BOUND('',#2799,.T.);
#3043=FACE_BOUND('',#2800,.T.);
#3044=FACE_BOUND('',#2801,.T.);
#3045=FACE_BOUND('',#2802,.T.);
#3046=FACE_BOUND('',#2803,.T.);
#3047=FACE_BOUND('',#2804,.T.);
#3048=FACE_BOUND('',#2805,.T.);
#3049=FACE_BOUND('',#2806,.T.);
#3050=FACE_BOUND('',#2807,.T.);
#3051=FACE_BOUND('',#2808,.T.);
#3052=FACE_BOUND('',#2809,.T.);
#3053=FACE_BOUND('',#2810,.T.);
#3054=FACE_BOUND('',#2811,.T.);
#3055=FACE_BOUND('',#2812,.T.);
#3056=FACE_BOUND('',#2813,.T.);
#3057=FACE_BOUND('',#2814,.T.);
#3058=FACE_BOUND('',#2815,.T.);
#3059=FACE_BOUND('',#2816,.T.);
#3060=FACE_BOUND('',#2817,.T.);
#3061=FACE_BOUND('',#2818,.T.);
#3062=FACE_BOUND('',#2819,.T.);
#3063=FACE_BOUND('',#2820,.T.);
#3064=FACE_BOUND('',#2821,.T.);
#3065=FACE_BOUND('',#2822,.T.);
#3066=FACE_BOUND('',#2823,.T.);
#3067=FACE_BOUND('',#2824,.T.);
#3068=FACE_BOUND('',#2825,.T.);
#3069=FACE_BOUND('',#2826,.T.);
#3070=FACE_BOUND('',#2827,.T.);
#3071=FACE_BOUND('',#2828,.T.);
#3072=FACE_BOUND('',#2829,.T.);
#3073=FACE_BOUND('',#2830,.T.);
#3074=FACE_BOUND('',#2831,.T.);
#3075=FACE_BOUND('',#2832,.T.);
#3076=FACE_BOUND('',#2833,.T.);
#3077=FACE_BOUND('',#2834,.T.);
#3078=FACE_BOUND('',#2835,.T.);
#3079=FACE_BOUND('',#2836,.T.);
#3080=FACE_BOUND('',#2837,.T.);
#3081=FACE_BOUND('',#2838,.T.);
#3082=FACE_BOUND('',#2839,.T.);
#3083=FACE_BOUND('',#2840,.T.);
#3084=FACE_BOUND('',#2841,.T.);
#3085=FACE_BOUND('',#2842,.T.);
#3086=FACE_BOUND('',#2843,.T.);
#3087=FACE_BOUND('',#2844,.T.);
#3088=FACE_BOUND('',#2845,.T.);
#3089=FACE_BOUND('',#2846,.T.);
#3090=FACE_BOUND('',#2847,.T.);
#3091=FACE_BOUND('',#2848,.T.);
#3092=FACE_BOUND('',#2849,.T.);
#3093=FACE_BOUND('',#2850,.T.);
#3094=FACE_BOUND('',#2851,.T.);
#3095=FACE_BOUND('',#2852,.T.);
#3096=FACE_BOUND('',#2853,.T.);
#3097=FACE_BOUND('',#2854,.T.);
#3098=FACE_BOUND('',#2855,.T.);
#3099=FACE_BOUND('',#2856,.T.);
#3100=FACE_BOUND('',#2857,.T.);
#3101=FACE_BOUND('',#2858,.T.);
#3102=FACE_BOUND('',#2859,.T.);
#3103=FACE_BOUND('',#2860,.T.);
#3104=FACE_BOUND('',#2861,.T.);
#3105=FACE_BOUND('',#2862,.T.);
#3106=FACE_BOUND('',#2863,.T.);
#3107=FACE_BOUND('',#2864,.T.);
#3108=FACE_BOUND('',#2865,.T.);
#3109=FACE_BOUND('',#2866,.T.);
#3110=FACE_BOUND('',#2867,.T.);
#3111=FACE_BOUND('',#2868,.T.);
#3112=FACE_BOUND('',#2869,.T.);
#3113=FACE_BOUND('',#2870,.T.);
#3114=FACE_BOUND('',#2871,.T.);
#3115=FACE_BOUND('',#2872,.T.);
#3116=FACE_BOUND('',#2873,.T.);
#3117=FACE_BOUND('',#2874,.T.);
#3118=FACE_BOUND('',#2875,.T.);
#3119=FACE_BOUND('',#2876,.T.);
#3120=FACE_BOUND('',#2877,.T.);
#3121=FACE_BOUND('',#2878,.T.);
#3122=FACE_BOUND('',#2879,.T.);
#3123=FACE_BOUND('',#2880,.T.);
#3124=FACE_BOUND('',#2881,.T.);
#3125=FACE_BOUND('',#2882,.T.);
#3126=FACE_BOUND('',#2883,.T.);
#3127=FACE_BOUND('',#2884,.T.);
#3128=FACE_BOUND('',#2885,.T.);
#3129=FACE_BOUND('',#2886,.T.);
#3130=FACE_BOUND('',#2887,.T.);
#3131=FACE_BOUND('',#2888,.T.);
#3132=FACE_BOUND('',#2889,.T.);
#3133=FACE_BOUND('',#2890,.T.);
#3134=FACE_BOUND('',#2891,.T.);
#3135=FACE_BOUND('',#2892,.T.);
#3136=FACE_BOUND('',#2893,.T.);
#3137=FACE_BOUND('',#2894,.T.);
#3138=FACE_BOUND('',#2895,.T.);
#3139=FACE_BOUND('',#2896,.T.);
#3140=FACE_BOUND('',#2897,.T.);
#3141=FACE_BOUND('',#2898,.T.);
#3142=FACE_BOUND('',#2899,.T.);
#3143=FACE_BOUND('',#2900,.T.);
#3144=FACE_BOUND('',#2901,.T.);
#3145=FACE_BOUND('',#2902,.T.);
#3146=FACE_BOUND('',#2903,.T.);
#3147=FACE_BOUND('',#2904,.T.);
#3148=FACE_BOUND('',#2905,.T.);
#3149=FACE_BOUND('',#2906,.T.);
#3150=FACE_BOUND('',#2907,.T.);
#3151=FACE_BOUND('',#2908,.T.);
#3152=FACE_BOUND('',#2909,.T.);
#3153=FACE_BOUND('',#2910,.T.);
#3154=FACE_BOUND('',#2911,.T.);
#3155=FACE_BOUND('',#2912,.T.);
#3156=FACE_BOUND('',#2913,.T.);
#3157=FACE_BOUND('',#2914,.T.);
#3158=FACE_BOUND('',#2915,.T.);
#3159=FACE_BOUND('',#2916,.T.);
#3160=FACE_BOUND('',#2917,.T.);
#3161=FACE_BOUND('',#2918,.T.);
#3162=FACE_BOUND('',#2919,.T.);
#3163=FACE_BOUND('',#2920,.T.);
#3164=FACE_BOUND('',#2921,.T.);
#3165=FACE_BOUND('',#2922,.T.);
#3166=FACE_BOUND('',#2923,.T.);
#3167=FACE_BOUND('',#2924,.T.);
#3168=FACE_BOUND('',#2925,.T.);
#3169=FACE_BOUND('',#2926,.T.);
#3170=FACE_BOUND('',#2927,.T.);
#3171=FACE_BOUND('',#2928,.T.);
#3172=FACE_BOUND('',#2929,.T.);
#3173=FACE_BOUND('',#2930,.T.);
#3174=FACE_BOUND('',#2931,.T.);
#3175=FACE_BOUND('',#2932,.T.);
#3176=FACE_BOUND('',#2933,.T.);
#3177=FACE_BOUND('',#2934,.T.);
#3178=FACE_BOUND('',#2935,.T.);
#3179=FACE_BOUND('',#2936,.T.);
#3180=FACE_BOUND('',#2937,.T.);
#3181=FACE_BOUND('',#2938,.T.);
#3182=FACE_BOUND('',#2939,.T.);
#3183=FACE_BOUND('',#2940,.T.);
#3184=FACE_BOUND('',#2941,.T.);
#3185=FACE_BOUND('',#2942,.T.);
#3186=FACE_BOUND('',#2943,.T.);
#3187=FACE_BOUND('',#2944,.T.);
#3188=FACE_BOUND('',#2945,.T.);
#3189=FACE_BOUND('',#2946,.T.);
#3190=FACE_BOUND('',#2947,.T.);
#3191=FACE_BOUND('',#2948,.T.);
#3192=FACE_BOUND('',#2949,.T.);
#3193=FACE_BOUND('',#2950,.T.);
#3194=FACE_BOUND('',#2951,.T.);
#3195=FACE_BOUND('',#2952,.T.);
#3196=FACE_BOUND('',#2953,.T.);
#3197=FACE_BOUND('',#2954,.T.);
#3198=FACE_BOUND('',#2955,.T.);
#3199=FACE_BOUND('',#2956,.T.);
#3200=FACE_BOUND('',#2957,.T.);
#3201=FACE_BOUND('',#2958,.T.);
#3202=FACE_BOUND('',#2959,.T.);
#3203=FACE_BOUND('',#2960,.T.);
#3204=FACE_BOUND('',#2961,.T.);
#3205=FACE_BOUND('',#2962,.T.);
#3206=FACE_BOUND('',#2963,.T.);
#3207=FACE_BOUND('',#2964,.T.);
#3208=FACE_BOUND('',#2965,.T.);
#3209=FACE_BOUND('',#2966,.T.);
#3210=FACE_BOUND('',#2967,.T.);
#3211=FACE_BOUND('',#2968,.T.);
#3212=FACE_BOUND('',#2969,.T.);
#3213=FACE_BOUND('',#2970,.T.);
#3214=FACE_BOUND('',#2971,.T.);
#3215=FACE_BOUND('',#2972,.T.);
#3216=FACE_BOUND('',#2973,.T.);
#3217=FACE_BOUND('',#2974,.T.);
#3218=FACE_BOUND('',#2975,.T.);
#3219=FACE_BOUND('',#2976,.T.);
#3220=FACE_BOUND('',#2977,.T.);
#3221=FACE_BOUND('',#2978,.T.);
#3222=FACE_BOUND('',#2979,.T.);
#3223=FACE_BOUND('',#2980,.T.);
#3224=FACE_BOUND('',#2981,.T.);
#3225=FACE_BOUND('',#2982,.T.);
#3226=FACE_BOUND('',#2983,.T.);
#3227=FACE_BOUND('',#2984,.T.);
#3228=FACE_BOUND('',#2985,.T.);
#3229=FACE_BOUND('',#2986,.T.);
#3230=FACE_BOUND('',#2987,.T.);
#3231=FACE_BOUND('',#2988,.T.);
#3232=FACE_BOUND('',#2989,.T.);
#3233=FACE_BOUND('',#2990,.T.);
#3234=FACE_BOUND('',#2991,.T.);
#3235=FACE_BOUND('',#2992,.T.);
#3236=FACE_BOUND('',#2993,.T.);
#3237=FACE_BOUND('',#2994,.T.);
#3238=FACE_BOUND('',#2995,.T.);
#3239=FACE_BOUND('',#2996,.T.);
#3240=FACE_BOUND('',#2997,.T.);
#3241=FACE_BOUND('',#2998,.T.);
#3242=FACE_BOUND('',#2999,.T.);
#3243=FACE_BOUND('',#3000,.T.);
#3244=FACE_BOUND('',#3001,.T.);
#3245=FACE_BOUND('',#3002,.T.);
#3246=FACE_BOUND('',#3003,.T.);
#3247=FACE_BOUND('',#3004,.T.);
#3248=FACE_BOUND('',#3005,.T.);
#3249=FACE_BOUND('',#3006,.T.);
#3250=FACE_BOUND('',#3007,.T.);
#3251=FACE_BOUND('',#3008,.T.);
#3252=FACE_BOUND('',#3009,.T.);
#3253=FACE_BOUND('',#3010,.T.);
#3254=FACE_BOUND('',#3011,.T.);
#3255=FACE_BOUND('',#3012,.T.);
#3256=FACE_BOUND('',#3013,.T.);
#3257=FACE_BOUND('',#3014,.T.);
#3258=FACE_BOUND('',#3015,.T.);
#3259=FACE_BOUND('',#3016,.T.);
#3260=FACE_BOUND('',#3017,.T.);
#3261=CYLINDRICAL_SURFACE('',#3505,69.3);
#3262=CYLINDRICAL_SURFACE('',#3537,2.6);
#3263=CYLINDRICAL_SURFACE('',#3541,2.6);
#3264=CYLINDRICAL_SURFACE('',#3545,2.6);
#3265=CYLINDRICAL_SURFACE('',#3549,2.6);
#3266=CYLINDRICAL_SURFACE('',#3553,2.6);
#3267=CYLINDRICAL_SURFACE('',#3557,2.6);
#3268=CYLINDRICAL_SURFACE('',#3561,2.6);
#3269=CYLINDRICAL_SURFACE('',#3562,2.6);
#3270=CYLINDRICAL_SURFACE('',#3614,4.93735464897915);
#3271=CYLINDRICAL_SURFACE('',#3620,4.93735464897915);
#3272=CYLINDRICAL_SURFACE('',#3624,4.93735464897915);
#3273=CYLINDRICAL_SURFACE('',#3630,4.93735464897915);
#3274=CYLINDRICAL_SURFACE('',#3634,4.93735464897915);
#3275=CYLINDRICAL_SURFACE('',#3640,4.93735464897915);
#3276=CYLINDRICAL_SURFACE('',#3644,4.93735464897915);
#3277=CYLINDRICAL_SURFACE('',#3650,4.93735464897915);
#3278=CYLINDRICAL_SURFACE('',#3654,4.93735464897915);
#3279=CYLINDRICAL_SURFACE('',#3660,4.93735464897915);
#3280=CYLINDRICAL_SURFACE('',#3664,4.93735464897915);
#3281=CYLINDRICAL_SURFACE('',#3670,4.93735464897915);
#3282=CYLINDRICAL_SURFACE('',#3674,4.93735464897915);
#3283=CYLINDRICAL_SURFACE('',#3680,4.93735464897915);
#3284=CYLINDRICAL_SURFACE('',#3684,4.93735464897915);
#3285=CYLINDRICAL_SURFACE('',#3690,4.93735464897915);
#3286=CYLINDRICAL_SURFACE('',#3696,4.93735464897915);
#3287=CYLINDRICAL_SURFACE('',#3702,4.93735464897915);
#3288=CYLINDRICAL_SURFACE('',#3710,4.93735464897915);
#3289=CYLINDRICAL_SURFACE('',#3715,4.93735464897915);
#3290=CYLINDRICAL_SURFACE('',#3720,4.93735464897915);
#3291=CYLINDRICAL_SURFACE('',#3725,4.93735464897915);
#3292=CYLINDRICAL_SURFACE('',#3730,4.93735464897915);
#3293=CYLINDRICAL_SURFACE('',#3735,4.93735464897915);
#3294=CYLINDRICAL_SURFACE('',#3740,4.93735464897915);
#3295=CYLINDRICAL_SURFACE('',#3745,4.93735464897915);
#3296=CYLINDRICAL_SURFACE('',#3750,4.93735464897915);
#3297=CYLINDRICAL_SURFACE('',#3755,4.93735464897915);
#3298=CYLINDRICAL_SURFACE('',#3760,4.93735464897915);
#3299=CYLINDRICAL_SURFACE('',#3765,4.93735464897915);
#3300=CYLINDRICAL_SURFACE('',#3770,4.93735464897915);
#3301=CYLINDRICAL_SURFACE('',#3775,4.93735464897915);
#3302=CYLINDRICAL_SURFACE('',#3782,4.93735464897915);
#3303=CYLINDRICAL_SURFACE('',#3787,4.93735464897915);
#3304=CYLINDRICAL_SURFACE('',#3792,4.93735464897915);
#3305=CYLINDRICAL_SURFACE('',#3797,4.93735464897915);
#3306=CYLINDRICAL_SURFACE('',#3798,82.5);
#3307=CYLINDRICAL_SURFACE('',#3801,2.6);
#3308=CYLINDRICAL_SURFACE('',#3802,82.5);
#3309=CYLINDRICAL_SURFACE('',#3820,54.3333333333333);
#3310=CYLINDRICAL_SURFACE('',#3824,45.);
#3311=ADVANCED_FACE('',(#3018),#3261,.T.);
#3312=ADVANCED_FACE('',(#3019),#212,.F.);
#3313=ADVANCED_FACE('',(#3020,#3021),#3262,.F.);
#3314=ADVANCED_FACE('',(#3022),#213,.F.);
#3315=ADVANCED_FACE('',(#3023,#3024),#3263,.F.);
#3316=ADVANCED_FACE('',(#3025),#214,.F.);
#3317=ADVANCED_FACE('',(#3026,#3027),#3264,.F.);
#3318=ADVANCED_FACE('',(#3028),#215,.F.);
#3319=ADVANCED_FACE('',(#3029,#3030),#3265,.F.);
#3320=ADVANCED_FACE('',(#3031),#216,.F.);
#3321=ADVANCED_FACE('',(#3032,#3033),#3266,.F.);
#3322=ADVANCED_FACE('',(#3034),#217,.F.);
#3323=ADVANCED_FACE('',(#3035,#3036),#3267,.F.);
#3324=ADVANCED_FACE('',(#3037),#218,.F.);
#3325=ADVANCED_FACE('',(#3038,#3039),#3268,.F.);
#3326=ADVANCED_FACE('',(#3040,#3041),#3269,.F.);
#3327=ADVANCED_FACE('',(#3042,#3043),#207,.F.);
#3328=ADVANCED_FACE('',(#3044,#3045),#92,.F.);
#3329=ADVANCED_FACE('',(#3046,#3047,#3048,#3049,#3050,#3051,#3052,#3053,
#3054,#3055,#3056),#208,.T.);
#3330=ADVANCED_FACE('',(#3057,#3058,#3059,#3060,#3061,#3062,#3063,#3064,
#3065,#3066,#3067),#209,.T.);
#3331=ADVANCED_FACE('',(#3068,#3069),#219,.T.);
#3332=ADVANCED_FACE('',(#3070,#3071),#220,.T.);
#3333=ADVANCED_FACE('',(#3072),#3270,.T.);
#3334=ADVANCED_FACE('',(#3073),#93,.F.);
#3335=ADVANCED_FACE('',(#3074),#3271,.T.);
#3336=ADVANCED_FACE('',(#3075),#94,.F.);
#3337=ADVANCED_FACE('',(#3076),#3272,.T.);
#3338=ADVANCED_FACE('',(#3077),#95,.F.);
#3339=ADVANCED_FACE('',(#3078),#3273,.T.);
#3340=ADVANCED_FACE('',(#3079),#96,.F.);
#3341=ADVANCED_FACE('',(#3080),#3274,.T.);
#3342=ADVANCED_FACE('',(#3081),#97,.F.);
#3343=ADVANCED_FACE('',(#3082),#3275,.T.);
#3344=ADVANCED_FACE('',(#3083),#98,.F.);
#3345=ADVANCED_FACE('',(#3084),#3276,.T.);
#3346=ADVANCED_FACE('',(#3085),#99,.F.);
#3347=ADVANCED_FACE('',(#3086),#3277,.T.);
#3348=ADVANCED_FACE('',(#3087),#100,.F.);
#3349=ADVANCED_FACE('',(#3088),#3278,.T.);
#3350=ADVANCED_FACE('',(#3089),#101,.F.);
#3351=ADVANCED_FACE('',(#3090),#3279,.T.);
#3352=ADVANCED_FACE('',(#3091),#102,.F.);
#3353=ADVANCED_FACE('',(#3092),#3280,.T.);
#3354=ADVANCED_FACE('',(#3093),#103,.F.);
#3355=ADVANCED_FACE('',(#3094),#3281,.T.);
#3356=ADVANCED_FACE('',(#3095),#104,.F.);
#3357=ADVANCED_FACE('',(#3096),#3282,.T.);
#3358=ADVANCED_FACE('',(#3097),#105,.F.);
#3359=ADVANCED_FACE('',(#3098),#3283,.T.);
#3360=ADVANCED_FACE('',(#3099),#106,.F.);
#3361=ADVANCED_FACE('',(#3100),#3284,.T.);
#3362=ADVANCED_FACE('',(#3101),#107,.F.);
#3363=ADVANCED_FACE('',(#3102),#3285,.T.);
#3364=ADVANCED_FACE('',(#3103),#108,.F.);
#3365=ADVANCED_FACE('',(#3104,#3105),#109,.T.);
#3366=ADVANCED_FACE('',(#3106),#3286,.T.);
#3367=ADVANCED_FACE('',(#3107),#110,.F.);
#3368=ADVANCED_FACE('',(#3108),#3287,.T.);
#3369=ADVANCED_FACE('',(#3109),#111,.F.);
#3370=ADVANCED_FACE('',(#3110),#112,.T.);
#3371=ADVANCED_FACE('',(#3111),#3288,.T.);
#3372=ADVANCED_FACE('',(#3112),#113,.T.);
#3373=ADVANCED_FACE('',(#3113),#3289,.T.);
#3374=ADVANCED_FACE('',(#3114),#114,.T.);
#3375=ADVANCED_FACE('',(#3115),#3290,.T.);
#3376=ADVANCED_FACE('',(#3116),#115,.T.);
#3377=ADVANCED_FACE('',(#3117),#3291,.T.);
#3378=ADVANCED_FACE('',(#3118),#116,.T.);
#3379=ADVANCED_FACE('',(#3119),#3292,.T.);
#3380=ADVANCED_FACE('',(#3120),#117,.T.);
#3381=ADVANCED_FACE('',(#3121),#3293,.T.);
#3382=ADVANCED_FACE('',(#3122),#118,.T.);
#3383=ADVANCED_FACE('',(#3123),#3294,.T.);
#3384=ADVANCED_FACE('',(#3124),#119,.T.);
#3385=ADVANCED_FACE('',(#3125),#3295,.T.);
#3386=ADVANCED_FACE('',(#3126),#120,.T.);
#3387=ADVANCED_FACE('',(#3127),#3296,.T.);
#3388=ADVANCED_FACE('',(#3128),#121,.T.);
#3389=ADVANCED_FACE('',(#3129),#3297,.T.);
#3390=ADVANCED_FACE('',(#3130),#122,.T.);
#3391=ADVANCED_FACE('',(#3131),#3298,.T.);
#3392=ADVANCED_FACE('',(#3132),#123,.T.);
#3393=ADVANCED_FACE('',(#3133),#3299,.T.);
#3394=ADVANCED_FACE('',(#3134),#124,.T.);
#3395=ADVANCED_FACE('',(#3135),#3300,.T.);
#3396=ADVANCED_FACE('',(#3136),#125,.T.);
#3397=ADVANCED_FACE('',(#3137),#3301,.T.);
#3398=ADVANCED_FACE('',(#3138,#3139),#126,.T.);
#3399=ADVANCED_FACE('',(#3140),#127,.T.);
#3400=ADVANCED_FACE('',(#3141),#3302,.T.);
#3401=ADVANCED_FACE('',(#3142),#128,.T.);
#3402=ADVANCED_FACE('',(#3143),#3303,.T.);
#3403=ADVANCED_FACE('',(#3144),#129,.T.);
#3404=ADVANCED_FACE('',(#3145),#3304,.T.);
#3405=ADVANCED_FACE('',(#3146),#130,.T.);
#3406=ADVANCED_FACE('',(#3147),#3305,.T.);
#3407=ADVANCED_FACE('',(#3148,#3149),#3306,.T.);
#3408=ADVANCED_FACE('',(#3150,#3151),#3307,.F.);
#3409=ADVANCED_FACE('',(#3152,#3153),#3308,.T.);
#3410=ADVANCED_FACE('',(#3154),#221,.F.);
#3411=ADVANCED_FACE('',(#3155),#222,.F.);
#3412=ADVANCED_FACE('',(#3156,#3157,#3158,#3159,#3160,#3161,#3162,#3163,
#3164,#3165,#3166),#210,.F.);
#3413=ADVANCED_FACE('',(#3167,#3168,#3169,#3170,#3171,#3172,#3173,#3174,
#3175,#3176,#3177),#211,.F.);
#3414=ADVANCED_FACE('',(#3178,#3179),#131,.T.);
#3415=ADVANCED_FACE('',(#3180,#3181),#3309,.T.);
#3416=ADVANCED_FACE('',(#3182,#3183),#132,.T.);
#3417=ADVANCED_FACE('',(#3184,#3185),#3310,.F.);
#3418=ADVANCED_FACE('',(#3186,#3187),#133,.T.);
#3419=ADVANCED_FACE('',(#3188),#134,.T.);
#3420=ADVANCED_FACE('',(#3189),#135,.T.);
#3421=ADVANCED_FACE('',(#3190),#136,.T.);
#3422=ADVANCED_FACE('',(#3191),#137,.T.);
#3423=ADVANCED_FACE('',(#3192),#138,.F.);
#3424=ADVANCED_FACE('',(#3193),#139,.T.);
#3425=ADVANCED_FACE('',(#3194),#140,.T.);
#3426=ADVANCED_FACE('',(#3195),#141,.T.);
#3427=ADVANCED_FACE('',(#3196),#142,.T.);
#3428=ADVANCED_FACE('',(#3197),#143,.T.);
#3429=ADVANCED_FACE('',(#3198),#144,.F.);
#3430=ADVANCED_FACE('',(#3199),#145,.T.);
#3431=ADVANCED_FACE('',(#3200),#146,.T.);
#3432=ADVANCED_FACE('',(#3201),#147,.T.);
#3433=ADVANCED_FACE('',(#3202),#148,.T.);
#3434=ADVANCED_FACE('',(#3203),#149,.T.);
#3435=ADVANCED_FACE('',(#3204),#150,.F.);
#3436=ADVANCED_FACE('',(#3205),#151,.T.);
#3437=ADVANCED_FACE('',(#3206),#152,.T.);
#3438=ADVANCED_FACE('',(#3207),#153,.T.);
#3439=ADVANCED_FACE('',(#3208),#154,.T.);
#3440=ADVANCED_FACE('',(#3209),#155,.T.);
#3441=ADVANCED_FACE('',(#3210),#156,.T.);
#3442=ADVANCED_FACE('',(#3211),#157,.F.);
#3443=ADVANCED_FACE('',(#3212),#158,.T.);
#3444=ADVANCED_FACE('',(#3213),#159,.T.);
#3445=ADVANCED_FACE('',(#3214),#160,.T.);
#3446=ADVANCED_FACE('',(#3215),#161,.T.);
#3447=ADVANCED_FACE('',(#3216),#162,.T.);
#3448=ADVANCED_FACE('',(#3217),#163,.T.);
#3449=ADVANCED_FACE('',(#3218),#164,.F.);
#3450=ADVANCED_FACE('',(#3219),#165,.T.);
#3451=ADVANCED_FACE('',(#3220),#166,.T.);
#3452=ADVANCED_FACE('',(#3221),#167,.T.);
#3453=ADVANCED_FACE('',(#3222),#168,.T.);
#3454=ADVANCED_FACE('',(#3223),#169,.T.);
#3455=ADVANCED_FACE('',(#3224),#170,.F.);
#3456=ADVANCED_FACE('',(#3225),#171,.T.);
#3457=ADVANCED_FACE('',(#3226),#172,.T.);
#3458=ADVANCED_FACE('',(#3227),#173,.T.);
#3459=ADVANCED_FACE('',(#3228),#174,.T.);
#3460=ADVANCED_FACE('',(#3229),#175,.T.);
#3461=ADVANCED_FACE('',(#3230),#176,.F.);
#3462=ADVANCED_FACE('',(#3231),#177,.T.);
#3463=ADVANCED_FACE('',(#3232),#178,.T.);
#3464=ADVANCED_FACE('',(#3233),#179,.T.);
#3465=ADVANCED_FACE('',(#3234),#180,.T.);
#3466=ADVANCED_FACE('',(#3235),#181,.T.);
#3467=ADVANCED_FACE('',(#3236),#182,.T.);
#3468=ADVANCED_FACE('',(#3237),#183,.F.);
#3469=ADVANCED_FACE('',(#3238),#184,.T.);
#3470=ADVANCED_FACE('',(#3239),#185,.T.);
#3471=ADVANCED_FACE('',(#3240),#186,.T.);
#3472=ADVANCED_FACE('',(#3241),#187,.T.);
#3473=ADVANCED_FACE('',(#3242),#188,.T.);
#3474=ADVANCED_FACE('',(#3243),#189,.T.);
#3475=ADVANCED_FACE('',(#3244),#190,.F.);
#3476=ADVANCED_FACE('',(#3245),#191,.T.);
#3477=ADVANCED_FACE('',(#3246),#192,.F.);
#3478=ADVANCED_FACE('',(#3247),#193,.F.);
#3479=ADVANCED_FACE('',(#3248),#194,.F.);
#3480=ADVANCED_FACE('',(#3249),#195,.F.);
#3481=ADVANCED_FACE('',(#3250),#196,.F.);
#3482=ADVANCED_FACE('',(#3251),#197,.F.);
#3483=ADVANCED_FACE('',(#3252),#198,.T.);
#3484=ADVANCED_FACE('',(#3253),#199,.F.);
#3485=ADVANCED_FACE('',(#3254),#200,.F.);
#3486=ADVANCED_FACE('',(#3255),#201,.F.);
#3487=ADVANCED_FACE('',(#3256),#202,.T.);
#3488=ADVANCED_FACE('',(#3257),#203,.F.);
#3489=ADVANCED_FACE('',(#3258),#204,.F.);
#3490=ADVANCED_FACE('',(#3259),#205,.F.);
#3491=ADVANCED_FACE('',(#3260),#206,.T.);
#3492=CLOSED_SHELL('',(#3311,#3312,#3313,#3314,#3315,#3316,#3317,#3318,
#3319,#3320,#3321,#3322,#3323,#3324,#3325,#3326,#3327,#3328,#3329,#3330,
#3331,#3332,#3333,#3334,#3335,#3336,#3337,#3338,#3339,#3340,#3341,#3342,
#3343,#3344,#3345,#3346,#3347,#3348,#3349,#3350,#3351,#3352,#3353,#3354,
#3355,#3356,#3357,#3358,#3359,#3360,#3361,#3362,#3363,#3364,#3365,#3366,
#3367,#3368,#3369,#3370,#3371,#3372,#3373,#3374,#3375,#3376,#3377,#3378,
#3379,#3380,#3381,#3382,#3383,#3384,#3385,#3386,#3387,#3388,#3389,#3390,
#3391,#3392,#3393,#3394,#3395,#3396,#3397,#3398,#3399,#3400,#3401,#3402,
#3403,#3404,#3405,#3406,#3407,#3408,#3409,#3410,#3411,#3412,#3413,#3414,
#3415,#3416,#3417,#3418,#3419,#3420,#3421,#3422,#3423,#3424,#3425,#3426,
#3427,#3428,#3429,#3430,#3431,#3432,#3433,#3434,#3435,#3436,#3437,#3438,
#3439,#3440,#3441,#3442,#3443,#3444,#3445,#3446,#3447,#3448,#3449,#3450,
#3451,#3452,#3453,#3454,#3455,#3456,#3457,#3458,#3459,#3460,#3461,#3462,
#3463,#3464,#3465,#3466,#3467,#3468,#3469,#3470,#3471,#3472,#3473,#3474,
#3475,#3476,#3477,#3478,#3479,#3480,#3481,#3482,#3483,#3484,#3485,#3486,
#3487,#3488,#3489,#3490,#3491));
#3493=STYLED_ITEM('',(#3494),#3501);
#3494=PRESENTATION_STYLE_ASSIGNMENT((#3495));
#3495=SURFACE_STYLE_USAGE(.BOTH.,#3496);
#3496=SURFACE_SIDE_STYLE('',(#3497));
#3497=SURFACE_STYLE_FILL_AREA(#3498);
#3498=FILL_AREA_STYLE('',(#3499));
#3499=FILL_AREA_STYLE_COLOUR('',#3500);
#3500=COLOUR_RGB('',0.506983280181885,0.531564235687256,0.550000011920929);
#3501=MANIFOLD_SOLID_BREP('',#3492);
#3502=SHAPE_DEFINITION_REPRESENTATION(#6882,#3503);
#3503=SHAPE_REPRESENTATION('K+H1',(#3504),#6877);
#3504=AXIS2_PLACEMENT_3D('',#4884,#3900,#3901);
#3505=AXIS2_PLACEMENT_3D('',#4885,#3902,#3903);
#3506=AXIS2_PLACEMENT_3D('',#4889,#3905,#3906);
#3507=AXIS2_PLACEMENT_3D('',#4893,#3908,#3909);
#3508=AXIS2_PLACEMENT_3D('',#4897,#3911,#3912);
#3509=AXIS2_PLACEMENT_3D('',#4901,#3914,#3915);
#3510=AXIS2_PLACEMENT_3D('',#4905,#3917,#3918);
#3511=AXIS2_PLACEMENT_3D('',#4911,#3921,#3922);
#3512=AXIS2_PLACEMENT_3D('',#4915,#3924,#3925);
#3513=AXIS2_PLACEMENT_3D('',#4919,#3927,#3928);
#3514=AXIS2_PLACEMENT_3D('',#4923,#3930,#3931);
#3515=AXIS2_PLACEMENT_3D('',#4927,#3933,#3934);
#3516=AXIS2_PLACEMENT_3D('',#4931,#3936,#3937);
#3517=AXIS2_PLACEMENT_3D('',#4938,#3938,#3939);
#3518=AXIS2_PLACEMENT_3D('',#4942,#3941,#3942);
#3519=AXIS2_PLACEMENT_3D('',#4946,#3944,#3945);
#3520=AXIS2_PLACEMENT_3D('',#4953,#3946,#3947);
#3521=AXIS2_PLACEMENT_3D('',#4957,#3949,#3950);
#3522=AXIS2_PLACEMENT_3D('',#4961,#3952,#3953);
#3523=AXIS2_PLACEMENT_3D('',#4965,#3955,#3956);
#3524=AXIS2_PLACEMENT_3D('',#4969,#3958,#3959);
#3525=AXIS2_PLACEMENT_3D('',#4973,#3961,#3962);
#3526=AXIS2_PLACEMENT_3D('',#4977,#3964,#3965);
#3527=AXIS2_PLACEMENT_3D('',#4984,#3966,#3967);
#3528=AXIS2_PLACEMENT_3D('',#4988,#3969,#3970);
#3529=AXIS2_PLACEMENT_3D('',#4992,#3972,#3973);
#3530=AXIS2_PLACEMENT_3D('',#4999,#3974,#3975);
#3531=AXIS2_PLACEMENT_3D('',#5003,#3977,#3978);
#3532=AXIS2_PLACEMENT_3D('',#5009,#3981,#3982);
#3533=AXIS2_PLACEMENT_3D('',#5013,#3984,#3985);
#3534=AXIS2_PLACEMENT_3D('',#5014,#3986,#3987);
#3535=AXIS2_PLACEMENT_3D('',#5015,#3988,#3989);
#3536=AXIS2_PLACEMENT_3D('',#5054,#3990,#3991);
#3537=AXIS2_PLACEMENT_3D('',#5067,#3992,#3993);
#3538=AXIS2_PLACEMENT_3D('',#5123,#3994,#3995);
#3539=AXIS2_PLACEMENT_3D('',#5124,#3996,#3997);
#3540=AXIS2_PLACEMENT_3D('',#5162,#3998,#3999);
#3541=AXIS2_PLACEMENT_3D('',#5163,#4000,#4001);
#3542=AXIS2_PLACEMENT_3D('',#5219,#4002,#4003);
#3543=AXIS2_PLACEMENT_3D('',#5220,#4004,#4005);
#3544=AXIS2_PLACEMENT_3D('',#5258,#4006,#4007);
#3545=AXIS2_PLACEMENT_3D('',#5259,#4008,#4009);
#3546=AXIS2_PLACEMENT_3D('',#5315,#4010,#4011);
#3547=AXIS2_PLACEMENT_3D('',#5316,#4012,#4013);
#3548=AXIS2_PLACEMENT_3D('',#5354,#4014,#4015);
#3549=AXIS2_PLACEMENT_3D('',#5355,#4016,#4017);
#3550=AXIS2_PLACEMENT_3D('',#5411,#4018,#4019);
#3551=AXIS2_PLACEMENT_3D('',#5412,#4020,#4021);
#3552=AXIS2_PLACEMENT_3D('',#5450,#4022,#4023);
#3553=AXIS2_PLACEMENT_3D('',#5451,#4024,#4025);
#3554=AXIS2_PLACEMENT_3D('',#5507,#4026,#4027);
#3555=AXIS2_PLACEMENT_3D('',#5508,#4028,#4029);
#3556=AXIS2_PLACEMENT_3D('',#5546,#4030,#4031);
#3557=AXIS2_PLACEMENT_3D('',#5547,#4032,#4033);
#3558=AXIS2_PLACEMENT_3D('',#5603,#4034,#4035);
#3559=AXIS2_PLACEMENT_3D('',#5604,#4036,#4037);
#3560=AXIS2_PLACEMENT_3D('',#5642,#4038,#4039);
#3561=AXIS2_PLACEMENT_3D('',#5643,#4040,#4041);
#3562=AXIS2_PLACEMENT_3D('',#5699,#4042,#4043);
#3563=AXIS2_PLACEMENT_3D('',#5792,#4044,#4045);
#3564=AXIS2_PLACEMENT_3D('',#5793,#4046,#4047);
#3565=AXIS2_PLACEMENT_3D('',#5795,#4048,#4049);
#3566=AXIS2_PLACEMENT_3D('',#5797,#4050,#4051);
#3567=AXIS2_PLACEMENT_3D('',#5798,#4052,#4053);
#3568=AXIS2_PLACEMENT_3D('',#5800,#4054,#4055);
#3569=AXIS2_PLACEMENT_3D('',#5807,#4056,#4057);
#3570=AXIS2_PLACEMENT_3D('',#5814,#4058,#4059);
#3571=AXIS2_PLACEMENT_3D('',#5815,#4060,#4061);
#3572=AXIS2_PLACEMENT_3D('',#5823,#4062,#4063);
#3573=AXIS2_PLACEMENT_3D('',#5830,#4064,#4065);
#3574=AXIS2_PLACEMENT_3D('',#5837,#4066,#4067);
#3575=AXIS2_PLACEMENT_3D('',#5844,#4068,#4069);
#3576=AXIS2_PLACEMENT_3D('',#5851,#4070,#4071);
#3577=AXIS2_PLACEMENT_3D('',#5858,#4072,#4073);
#3578=AXIS2_PLACEMENT_3D('',#5865,#4074,#4075);
#3579=AXIS2_PLACEMENT_3D('',#5872,#4076,#4077);
#3580=AXIS2_PLACEMENT_3D('',#5879,#4078,#4079);
#3581=AXIS2_PLACEMENT_3D('',#5886,#4080,#4081);
#3582=AXIS2_PLACEMENT_3D('',#5893,#4082,#4083);
#3583=AXIS2_PLACEMENT_3D('',#5900,#4084,#4085);
#3584=AXIS2_PLACEMENT_3D('',#5907,#4086,#4087);
#3585=AXIS2_PLACEMENT_3D('',#5914,#4088,#4089);
#3586=AXIS2_PLACEMENT_3D('',#5921,#4090,#4091);
#3587=AXIS2_PLACEMENT_3D('',#5928,#4092,#4093);
#3588=AXIS2_PLACEMENT_3D('',#5929,#4094,#4095);
#3589=AXIS2_PLACEMENT_3D('',#5930,#4096,#4097);
#3590=AXIS2_PLACEMENT_3D('',#5938,#4098,#4099);
#3591=AXIS2_PLACEMENT_3D('',#5944,#4100,#4101);
#3592=AXIS2_PLACEMENT_3D('',#5952,#4102,#4103);
#3593=AXIS2_PLACEMENT_3D('',#5958,#4104,#4105);
#3594=AXIS2_PLACEMENT_3D('',#5960,#4106,#4107);
#3595=AXIS2_PLACEMENT_3D('',#5968,#4108,#4109);
#3596=AXIS2_PLACEMENT_3D('',#5974,#4110,#4111);
#3597=AXIS2_PLACEMENT_3D('',#5982,#4112,#4113);
#3598=AXIS2_PLACEMENT_3D('',#5988,#4114,#4115);
#3599=AXIS2_PLACEMENT_3D('',#5996,#4116,#4117);
#3600=AXIS2_PLACEMENT_3D('',#6002,#4118,#4119);
#3601=AXIS2_PLACEMENT_3D('',#6010,#4120,#4121);
#3602=AXIS2_PLACEMENT_3D('',#6016,#4122,#4123);
#3603=AXIS2_PLACEMENT_3D('',#6024,#4124,#4125);
#3604=AXIS2_PLACEMENT_3D('',#6030,#4126,#4127);
#3605=AXIS2_PLACEMENT_3D('',#6038,#4128,#4129);
#3606=AXIS2_PLACEMENT_3D('',#6044,#4130,#4131);
#3607=AXIS2_PLACEMENT_3D('',#6052,#4132,#4133);
#3608=AXIS2_PLACEMENT_3D('',#6058,#4134,#4135);
#3609=AXIS2_PLACEMENT_3D('',#6059,#4136,#4137);
#3610=AXIS2_PLACEMENT_3D('',#6061,#4138,#4139);
#3611=AXIS2_PLACEMENT_3D('',#6063,#4140,#4141);
#3612=AXIS2_PLACEMENT_3D('',#6064,#4142,#4143);
#3613=AXIS2_PLACEMENT_3D('',#6066,#4144,#4145);
#3614=AXIS2_PLACEMENT_3D('',#6068,#4146,#4147);
#3615=AXIS2_PLACEMENT_3D('',#6069,#4148,#4149);
#3616=AXIS2_PLACEMENT_3D('',#6071,#4150,#4151);
#3617=AXIS2_PLACEMENT_3D('',#6077,#4152,#4153);
#3618=AXIS2_PLACEMENT_3D('',#6078,#4154,#4155);
#3619=AXIS2_PLACEMENT_3D('',#6080,#4156,#4157);
#3620=AXIS2_PLACEMENT_3D('',#6081,#4158,#4159);
#3621=AXIS2_PLACEMENT_3D('',#6082,#4160,#4161);
#3622=AXIS2_PLACEMENT_3D('',#6088,#4162,#4163);
#3623=AXIS2_PLACEMENT_3D('',#6089,#4164,#4165);
#3624=AXIS2_PLACEMENT_3D('',#6090,#4166,#4167);
#3625=AXIS2_PLACEMENT_3D('',#6091,#4168,#4169);
#3626=AXIS2_PLACEMENT_3D('',#6093,#4170,#4171);
#3627=AXIS2_PLACEMENT_3D('',#6099,#4172,#4173);
#3628=AXIS2_PLACEMENT_3D('',#6100,#4174,#4175);
#3629=AXIS2_PLACEMENT_3D('',#6102,#4176,#4177);
#3630=AXIS2_PLACEMENT_3D('',#6103,#4178,#4179);
#3631=AXIS2_PLACEMENT_3D('',#6104,#4180,#4181);
#3632=AXIS2_PLACEMENT_3D('',#6110,#4182,#4183);
#3633=AXIS2_PLACEMENT_3D('',#6111,#4184,#4185);
#3634=AXIS2_PLACEMENT_3D('',#6112,#4186,#4187);
#3635=AXIS2_PLACEMENT_3D('',#6113,#4188,#4189);
#3636=AXIS2_PLACEMENT_3D('',#6115,#4190,#4191);
#3637=AXIS2_PLACEMENT_3D('',#6121,#4192,#4193);
#3638=AXIS2_PLACEMENT_3D('',#6122,#4194,#4195);
#3639=AXIS2_PLACEMENT_3D('',#6124,#4196,#4197);
#3640=AXIS2_PLACEMENT_3D('',#6125,#4198,#4199);
#3641=AXIS2_PLACEMENT_3D('',#6126,#4200,#4201);
#3642=AXIS2_PLACEMENT_3D('',#6132,#4202,#4203);
#3643=AXIS2_PLACEMENT_3D('',#6133,#4204,#4205);
#3644=AXIS2_PLACEMENT_3D('',#6134,#4206,#4207);
#3645=AXIS2_PLACEMENT_3D('',#6135,#4208,#4209);
#3646=AXIS2_PLACEMENT_3D('',#6137,#4210,#4211);
#3647=AXIS2_PLACEMENT_3D('',#6143,#4212,#4213);
#3648=AXIS2_PLACEMENT_3D('',#6144,#4214,#4215);
#3649=AXIS2_PLACEMENT_3D('',#6146,#4216,#4217);
#3650=AXIS2_PLACEMENT_3D('',#6147,#4218,#4219);
#3651=AXIS2_PLACEMENT_3D('',#6148,#4220,#4221);
#3652=AXIS2_PLACEMENT_3D('',#6154,#4222,#4223);
#3653=AXIS2_PLACEMENT_3D('',#6155,#4224,#4225);
#3654=AXIS2_PLACEMENT_3D('',#6156,#4226,#4227);
#3655=AXIS2_PLACEMENT_3D('',#6157,#4228,#4229);
#3656=AXIS2_PLACEMENT_3D('',#6159,#4230,#4231);
#3657=AXIS2_PLACEMENT_3D('',#6165,#4232,#4233);
#3658=AXIS2_PLACEMENT_3D('',#6166,#4234,#4235);
#3659=AXIS2_PLACEMENT_3D('',#6168,#4236,#4237);
#3660=AXIS2_PLACEMENT_3D('',#6169,#4238,#4239);
#3661=AXIS2_PLACEMENT_3D('',#6170,#4240,#4241);
#3662=AXIS2_PLACEMENT_3D('',#6176,#4242,#4243);
#3663=AXIS2_PLACEMENT_3D('',#6177,#4244,#4245);
#3664=AXIS2_PLACEMENT_3D('',#6178,#4246,#4247);
#3665=AXIS2_PLACEMENT_3D('',#6179,#4248,#4249);
#3666=AXIS2_PLACEMENT_3D('',#6181,#4250,#4251);
#3667=AXIS2_PLACEMENT_3D('',#6187,#4252,#4253);
#3668=AXIS2_PLACEMENT_3D('',#6188,#4254,#4255);
#3669=AXIS2_PLACEMENT_3D('',#6190,#4256,#4257);
#3670=AXIS2_PLACEMENT_3D('',#6191,#4258,#4259);
#3671=AXIS2_PLACEMENT_3D('',#6192,#4260,#4261);
#3672=AXIS2_PLACEMENT_3D('',#6198,#4262,#4263);
#3673=AXIS2_PLACEMENT_3D('',#6199,#4264,#4265);
#3674=AXIS2_PLACEMENT_3D('',#6200,#4266,#4267);
#3675=AXIS2_PLACEMENT_3D('',#6201,#4268,#4269);
#3676=AXIS2_PLACEMENT_3D('',#6203,#4270,#4271);
#3677=AXIS2_PLACEMENT_3D('',#6209,#4272,#4273);
#3678=AXIS2_PLACEMENT_3D('',#6210,#4274,#4275);
#3679=AXIS2_PLACEMENT_3D('',#6212,#4276,#4277);
#3680=AXIS2_PLACEMENT_3D('',#6213,#4278,#4279);
#3681=AXIS2_PLACEMENT_3D('',#6214,#4280,#4281);
#3682=AXIS2_PLACEMENT_3D('',#6220,#4282,#4283);
#3683=AXIS2_PLACEMENT_3D('',#6221,#4284,#4285);
#3684=AXIS2_PLACEMENT_3D('',#6222,#4286,#4287);
#3685=AXIS2_PLACEMENT_3D('',#6223,#4288,#4289);
#3686=AXIS2_PLACEMENT_3D('',#6225,#4290,#4291);
#3687=AXIS2_PLACEMENT_3D('',#6231,#4292,#4293);
#3688=AXIS2_PLACEMENT_3D('',#6232,#4294,#4295);
#3689=AXIS2_PLACEMENT_3D('',#6234,#4296,#4297);
#3690=AXIS2_PLACEMENT_3D('',#6235,#4298,#4299);
#3691=AXIS2_PLACEMENT_3D('',#6236,#4300,#4301);
#3692=AXIS2_PLACEMENT_3D('',#6242,#4302,#4303);
#3693=AXIS2_PLACEMENT_3D('',#6243,#4304,#4305);
#3694=AXIS2_PLACEMENT_3D('',#6244,#4306,#4307);
#3695=AXIS2_PLACEMENT_3D('',#6245,#4308,#4309);
#3696=AXIS2_PLACEMENT_3D('',#6247,#4310,#4311);
#3697=AXIS2_PLACEMENT_3D('',#6248,#4312,#4313);
#3698=AXIS2_PLACEMENT_3D('',#6250,#4314,#4315);
#3699=AXIS2_PLACEMENT_3D('',#6256,#4316,#4317);
#3700=AXIS2_PLACEMENT_3D('',#6257,#4318,#4319);
#3701=AXIS2_PLACEMENT_3D('',#6259,#4320,#4321);
#3702=AXIS2_PLACEMENT_3D('',#6260,#4322,#4323);
#3703=AXIS2_PLACEMENT_3D('',#6261,#4324,#4325);
#3704=AXIS2_PLACEMENT_3D('',#6267,#4326,#4327);
#3705=AXIS2_PLACEMENT_3D('',#6268,#4328,#4329);
#3706=AXIS2_PLACEMENT_3D('',#6269,#4330,#4331);
#3707=AXIS2_PLACEMENT_3D('',#6270,#4332,#4333);
#3708=AXIS2_PLACEMENT_3D('',#6272,#4334,#4335);
#3709=AXIS2_PLACEMENT_3D('',#6274,#4336,#4337);
#3710=AXIS2_PLACEMENT_3D('',#6275,#4338,#4339);
#3711=AXIS2_PLACEMENT_3D('',#6281,#4340,#4341);
#3712=AXIS2_PLACEMENT_3D('',#6282,#4342,#4343);
#3713=AXIS2_PLACEMENT_3D('',#6283,#4344,#4345);
#3714=AXIS2_PLACEMENT_3D('',#6285,#4346,#4347);
#3715=AXIS2_PLACEMENT_3D('',#6286,#4348,#4349);
#3716=AXIS2_PLACEMENT_3D('',#6291,#4350,#4351);
#3717=AXIS2_PLACEMENT_3D('',#6292,#4352,#4353);
#3718=AXIS2_PLACEMENT_3D('',#6294,#4354,#4355);
#3719=AXIS2_PLACEMENT_3D('',#6296,#4356,#4357);
#3720=AXIS2_PLACEMENT_3D('',#6297,#4358,#4359);
#3721=AXIS2_PLACEMENT_3D('',#6303,#4360,#4361);
#3722=AXIS2_PLACEMENT_3D('',#6304,#4362,#4363);
#3723=AXIS2_PLACEMENT_3D('',#6305,#4364,#4365);
#3724=AXIS2_PLACEMENT_3D('',#6307,#4366,#4367);
#3725=AXIS2_PLACEMENT_3D('',#6308,#4368,#4369);
#3726=AXIS2_PLACEMENT_3D('',#6313,#4370,#4371);
#3727=AXIS2_PLACEMENT_3D('',#6314,#4372,#4373);
#3728=AXIS2_PLACEMENT_3D('',#6316,#4374,#4375);
#3729=AXIS2_PLACEMENT_3D('',#6318,#4376,#4377);
#3730=AXIS2_PLACEMENT_3D('',#6319,#4378,#4379);
#3731=AXIS2_PLACEMENT_3D('',#6325,#4380,#4381);
#3732=AXIS2_PLACEMENT_3D('',#6326,#4382,#4383);
#3733=AXIS2_PLACEMENT_3D('',#6327,#4384,#4385);
#3734=AXIS2_PLACEMENT_3D('',#6329,#4386,#4387);
#3735=AXIS2_PLACEMENT_3D('',#6330,#4388,#4389);
#3736=AXIS2_PLACEMENT_3D('',#6335,#4390,#4391);
#3737=AXIS2_PLACEMENT_3D('',#6336,#4392,#4393);
#3738=AXIS2_PLACEMENT_3D('',#6338,#4394,#4395);
#3739=AXIS2_PLACEMENT_3D('',#6340,#4396,#4397);
#3740=AXIS2_PLACEMENT_3D('',#6341,#4398,#4399);
#3741=AXIS2_PLACEMENT_3D('',#6347,#4400,#4401);
#3742=AXIS2_PLACEMENT_3D('',#6348,#4402,#4403);
#3743=AXIS2_PLACEMENT_3D('',#6349,#4404,#4405);
#3744=AXIS2_PLACEMENT_3D('',#6351,#4406,#4407);
#3745=AXIS2_PLACEMENT_3D('',#6352,#4408,#4409);
#3746=AXIS2_PLACEMENT_3D('',#6357,#4410,#4411);
#3747=AXIS2_PLACEMENT_3D('',#6358,#4412,#4413);
#3748=AXIS2_PLACEMENT_3D('',#6360,#4414,#4415);
#3749=AXIS2_PLACEMENT_3D('',#6362,#4416,#4417);
#3750=AXIS2_PLACEMENT_3D('',#6363,#4418,#4419);
#3751=AXIS2_PLACEMENT_3D('',#6369,#4420,#4421);
#3752=AXIS2_PLACEMENT_3D('',#6370,#4422,#4423);
#3753=AXIS2_PLACEMENT_3D('',#6371,#4424,#4425);
#3754=AXIS2_PLACEMENT_3D('',#6373,#4426,#4427);
#3755=AXIS2_PLACEMENT_3D('',#6374,#4428,#4429);
#3756=AXIS2_PLACEMENT_3D('',#6379,#4430,#4431);
#3757=AXIS2_PLACEMENT_3D('',#6380,#4432,#4433);
#3758=AXIS2_PLACEMENT_3D('',#6382,#4434,#4435);
#3759=AXIS2_PLACEMENT_3D('',#6384,#4436,#4437);
#3760=AXIS2_PLACEMENT_3D('',#6385,#4438,#4439);
#3761=AXIS2_PLACEMENT_3D('',#6391,#4440,#4441);
#3762=AXIS2_PLACEMENT_3D('',#6392,#4442,#4443);
#3763=AXIS2_PLACEMENT_3D('',#6393,#4444,#4445);
#3764=AXIS2_PLACEMENT_3D('',#6395,#4446,#4447);
#3765=AXIS2_PLACEMENT_3D('',#6396,#4448,#4449);
#3766=AXIS2_PLACEMENT_3D('',#6401,#4450,#4451);
#3767=AXIS2_PLACEMENT_3D('',#6402,#4452,#4453);
#3768=AXIS2_PLACEMENT_3D('',#6404,#4454,#4455);
#3769=AXIS2_PLACEMENT_3D('',#6406,#4456,#4457);
#3770=AXIS2_PLACEMENT_3D('',#6407,#4458,#4459);
#3771=AXIS2_PLACEMENT_3D('',#6413,#4460,#4461);
#3772=AXIS2_PLACEMENT_3D('',#6414,#4462,#4463);
#3773=AXIS2_PLACEMENT_3D('',#6415,#4464,#4465);
#3774=AXIS2_PLACEMENT_3D('',#6417,#4466,#4467);
#3775=AXIS2_PLACEMENT_3D('',#6418,#4468,#4469);
#3776=AXIS2_PLACEMENT_3D('',#6423,#4470,#4471);
#3777=AXIS2_PLACEMENT_3D('',#6424,#4472,#4473);
#3778=AXIS2_PLACEMENT_3D('',#6426,#4474,#4475);
#3779=AXIS2_PLACEMENT_3D('',#6427,#4476,#4477);
#3780=AXIS2_PLACEMENT_3D('',#6429,#4478,#4479);
#3781=AXIS2_PLACEMENT_3D('',#6431,#4480,#4481);
#3782=AXIS2_PLACEMENT_3D('',#6432,#4482,#4483);
#3783=AXIS2_PLACEMENT_3D('',#6438,#4484,#4485);
#3784=AXIS2_PLACEMENT_3D('',#6439,#4486,#4487);
#3785=AXIS2_PLACEMENT_3D('',#6440,#4488,#4489);
#3786=AXIS2_PLACEMENT_3D('',#6442,#4490,#4491);
#3787=AXIS2_PLACEMENT_3D('',#6443,#4492,#4493);
#3788=AXIS2_PLACEMENT_3D('',#6448,#4494,#4495);
#3789=AXIS2_PLACEMENT_3D('',#6449,#4496,#4497);
#3790=AXIS2_PLACEMENT_3D('',#6451,#4498,#4499);
#3791=AXIS2_PLACEMENT_3D('',#6453,#4500,#4501);
#3792=AXIS2_PLACEMENT_3D('',#6454,#4502,#4503);
#3793=AXIS2_PLACEMENT_3D('',#6460,#4504,#4505);
#3794=AXIS2_PLACEMENT_3D('',#6461,#4506,#4507);
#3795=AXIS2_PLACEMENT_3D('',#6462,#4508,#4509);
#3796=AXIS2_PLACEMENT_3D('',#6464,#4510,#4511);
#3797=AXIS2_PLACEMENT_3D('',#6465,#4512,#4513);
#3798=AXIS2_PLACEMENT_3D('',#6470,#4514,#4515);
#3799=AXIS2_PLACEMENT_3D('',#6471,#4516,#4517);
#3800=AXIS2_PLACEMENT_3D('',#6472,#4518,#4519);
#3801=AXIS2_PLACEMENT_3D('',#6473,#4520,#4521);
#3802=AXIS2_PLACEMENT_3D('',#6501,#4522,#4523);
#3803=AXIS2_PLACEMENT_3D('',#6502,#4524,#4525);
#3804=AXIS2_PLACEMENT_3D('',#6503,#4526,#4527);
#3805=AXIS2_PLACEMENT_3D('',#6504,#4528,#4529);
#3806=AXIS2_PLACEMENT_3D('',#6505,#4530,#4531);
#3807=AXIS2_PLACEMENT_3D('',#6506,#4532,#4533);
#3808=AXIS2_PLACEMENT_3D('',#6507,#4534,#4535);
#3809=AXIS2_PLACEMENT_3D('',#6508,#4536,#4537);
#3810=AXIS2_PLACEMENT_3D('',#6509,#4538,#4539);
#3811=AXIS2_PLACEMENT_3D('',#6510,#4540,#4541);
#3812=AXIS2_PLACEMENT_3D('',#6511,#4542,#4543);
#3813=AXIS2_PLACEMENT_3D('',#6512,#4544,#4545);
#3814=AXIS2_PLACEMENT_3D('',#6513,#4546,#4547);
#3815=AXIS2_PLACEMENT_3D('',#6514,#4548,#4549);
#3816=AXIS2_PLACEMENT_3D('',#6515,#4550,#4551);
#3817=AXIS2_PLACEMENT_3D('',#6516,#4552,#4553);
#3818=AXIS2_PLACEMENT_3D('',#6517,#4554,#4555);
#3819=AXIS2_PLACEMENT_3D('',#6534,#4562,#4563);
#3820=AXIS2_PLACEMENT_3D('',#6588,#4589,#4590);
#3821=AXIS2_PLACEMENT_3D('',#6589,#4591,#4592);
#3822=AXIS2_PLACEMENT_3D('',#6591,#4593,#4594);
#3823=AXIS2_PLACEMENT_3D('',#6592,#4595,#4596);
#3824=AXIS2_PLACEMENT_3D('',#6594,#4597,#4598);
#3825=AXIS2_PLACEMENT_3D('',#6595,#4599,#4600);
#3826=AXIS2_PLACEMENT_3D('',#6597,#4601,#4602);
#3827=AXIS2_PLACEMENT_3D('',#6618,#4615,#4616);
#3828=AXIS2_PLACEMENT_3D('',#6629,#4623,#4624);
#3829=AXIS2_PLACEMENT_3D('',#6638,#4629,#4630);
#3830=AXIS2_PLACEMENT_3D('',#6641,#4633,#4634);
#3831=AXIS2_PLACEMENT_3D('',#6644,#4637,#4638);
#3832=AXIS2_PLACEMENT_3D('',#6645,#4639,#4640);
#3833=AXIS2_PLACEMENT_3D('',#6646,#4641,#4642);
#3834=AXIS2_PLACEMENT_3D('',#6655,#4647,#4648);
#3835=AXIS2_PLACEMENT_3D('',#6658,#4651,#4652);
#3836=AXIS2_PLACEMENT_3D('',#6664,#4656,#4657);
#3837=AXIS2_PLACEMENT_3D('',#6667,#4660,#4661);
#3838=AXIS2_PLACEMENT_3D('',#6668,#4662,#4663);
#3839=AXIS2_PLACEMENT_3D('',#6669,#4664,#4665);
#3840=AXIS2_PLACEMENT_3D('',#6678,#4670,#4671);
#3841=AXIS2_PLACEMENT_3D('',#6681,#4674,#4675);
#3842=AXIS2_PLACEMENT_3D('',#6687,#4679,#4680);
#3843=AXIS2_PLACEMENT_3D('',#6690,#4683,#4684);
#3844=AXIS2_PLACEMENT_3D('',#6691,#4685,#4686);
#3845=AXIS2_PLACEMENT_3D('',#6692,#4687,#4688);
#3846=AXIS2_PLACEMENT_3D('',#6696,#4691,#4692);
#3847=AXIS2_PLACEMENT_3D('',#6705,#4697,#4698);
#3848=AXIS2_PLACEMENT_3D('',#6708,#4701,#4702);
#3849=AXIS2_PLACEMENT_3D('',#6712,#4705,#4706);
#3850=AXIS2_PLACEMENT_3D('',#6715,#4709,#4710);
#3851=AXIS2_PLACEMENT_3D('',#6716,#4711,#4712);
#3852=AXIS2_PLACEMENT_3D('',#6717,#4713,#4714);
#3853=AXIS2_PLACEMENT_3D('',#6721,#4717,#4718);
#3854=AXIS2_PLACEMENT_3D('',#6730,#4723,#4724);
#3855=AXIS2_PLACEMENT_3D('',#6733,#4727,#4728);
#3856=AXIS2_PLACEMENT_3D('',#6737,#4731,#4732);
#3857=AXIS2_PLACEMENT_3D('',#6740,#4735,#4736);
#3858=AXIS2_PLACEMENT_3D('',#6741,#4737,#4738);
#3859=AXIS2_PLACEMENT_3D('',#6742,#4739,#4740);
#3860=AXIS2_PLACEMENT_3D('',#6751,#4745,#4746);
#3861=AXIS2_PLACEMENT_3D('',#6754,#4749,#4750);
#3862=AXIS2_PLACEMENT_3D('',#6760,#4754,#4755);
#3863=AXIS2_PLACEMENT_3D('',#6763,#4758,#4759);
#3864=AXIS2_PLACEMENT_3D('',#6764,#4760,#4761);
#3865=AXIS2_PLACEMENT_3D('',#6765,#4762,#4763);
#3866=AXIS2_PLACEMENT_3D('',#6774,#4768,#4769);
#3867=AXIS2_PLACEMENT_3D('',#6777,#4772,#4773);
#3868=AXIS2_PLACEMENT_3D('',#6783,#4777,#4778);
#3869=AXIS2_PLACEMENT_3D('',#6786,#4781,#4782);
#3870=AXIS2_PLACEMENT_3D('',#6787,#4783,#4784);
#3871=AXIS2_PLACEMENT_3D('',#6788,#4785,#4786);
#3872=AXIS2_PLACEMENT_3D('',#6792,#4789,#4790);
#3873=AXIS2_PLACEMENT_3D('',#6801,#4795,#4796);
#3874=AXIS2_PLACEMENT_3D('',#6804,#4799,#4800);
#3875=AXIS2_PLACEMENT_3D('',#6808,#4803,#4804);
#3876=AXIS2_PLACEMENT_3D('',#6811,#4807,#4808);
#3877=AXIS2_PLACEMENT_3D('',#6812,#4809,#4810);
#3878=AXIS2_PLACEMENT_3D('',#6813,#4811,#4812);
#3879=AXIS2_PLACEMENT_3D('',#6817,#4815,#4816);
#3880=AXIS2_PLACEMENT_3D('',#6826,#4821,#4822);
#3881=AXIS2_PLACEMENT_3D('',#6829,#4825,#4826);
#3882=AXIS2_PLACEMENT_3D('',#6833,#4829,#4830);
#3883=AXIS2_PLACEMENT_3D('',#6836,#4833,#4834);
#3884=AXIS2_PLACEMENT_3D('',#6837,#4835,#4836);
#3885=AXIS2_PLACEMENT_3D('',#6838,#4837,#4838);
#3886=AXIS2_PLACEMENT_3D('',#6841,#4841,#4842);
#3887=AXIS2_PLACEMENT_3D('',#6842,#4843,#4844);
#3888=AXIS2_PLACEMENT_3D('',#6843,#4845,#4846);
#3889=AXIS2_PLACEMENT_3D('',#6849,#4850,#4851);
#3890=AXIS2_PLACEMENT_3D('',#6851,#4853,#4854);
#3891=AXIS2_PLACEMENT_3D('',#6853,#4856,#4857);
#3892=AXIS2_PLACEMENT_3D('',#6854,#4858,#4859);
#3893=AXIS2_PLACEMENT_3D('',#6860,#4863,#4864);
#3894=AXIS2_PLACEMENT_3D('',#6862,#4866,#4867);
#3895=AXIS2_PLACEMENT_3D('',#6864,#4869,#4870);
#3896=AXIS2_PLACEMENT_3D('',#6865,#4871,#4872);
#3897=AXIS2_PLACEMENT_3D('',#6871,#4876,#4877);
#3898=AXIS2_PLACEMENT_3D('',#6873,#4879,#4880);
#3899=AXIS2_PLACEMENT_3D('',#6875,#4882,#4883);
#3900=DIRECTION('',(0.,0.,1.));
#3901=DIRECTION('',(1.,0.,0.));
#3902=DIRECTION('',(-1.,0.,0.));
#3903=DIRECTION('',(0.,0.,1.));
#3904=DIRECTION('',(-1.,0.,0.));
#3905=DIRECTION('',(-1.,0.,0.));
#3906=DIRECTION('',(0.,0.,1.));
#3907=DIRECTION('',(-1.,0.,0.));
#3908=DIRECTION('',(-1.,1.54430720503356E-16,-2.33367999122449E-25));
#3909=DIRECTION('',(-1.54430720503356E-16,-1.,0.));
#3910=DIRECTION('',(-1.,0.,0.));
#3911=DIRECTION('',(-1.,0.,0.));
#3912=DIRECTION('',(0.,0.,1.));
#3913=DIRECTION('',(-1.,0.,0.));
#3914=DIRECTION('',(-1.,-4.22609240991698E-26,-6.12303176911189E-17));
#3915=DIRECTION('',(-6.12303176911189E-17,0.,1.));
#3916=DIRECTION('',(-1.,0.,0.));
#3917=DIRECTION('',(-1.,0.,0.));
#3918=DIRECTION('',(0.,0.,1.));
#3919=DIRECTION('',(-1.,0.,0.));
#3920=DIRECTION('',(-1.,0.,0.));
#3921=DIRECTION('',(-1.,0.,0.));
#3922=DIRECTION('',(0.,0.,1.));
#3923=DIRECTION('',(-1.,0.,0.));
#3924=DIRECTION('',(-1.,1.15550260602471E-16,1.37707173403535E-16));
#3925=DIRECTION('',(1.37707173403535E-16,0.,1.));
#3926=DIRECTION('',(-1.,0.,0.));
#3927=DIRECTION('',(-1.,0.,0.));
#3928=DIRECTION('',(0.,0.,1.));
#3929=DIRECTION('',(-1.,0.,0.));
#3930=DIRECTION('',(-1.,1.77033078769669E-16,3.12156587856525E-17));
#3931=DIRECTION('',(-1.77033078769669E-16,-1.,0.));
#3932=DIRECTION('',(-1.,0.,0.));
#3933=DIRECTION('',(-1.,0.,0.));
#3934=DIRECTION('',(0.,0.,1.));
#3935=DIRECTION('',(-1.,0.,0.));
#3936=DIRECTION('',(-1.,-7.79363810477939E-15,-4.67942693771943E-15));
#3937=DIRECTION('',(7.79363810477939E-15,-1.,0.));
#3938=DIRECTION('',(-1.,-7.79363810477939E-15,-4.67942693771943E-15));
#3939=DIRECTION('',(7.79363810477939E-15,-1.,0.));
#3940=DIRECTION('',(-1.,0.,0.));
#3941=DIRECTION('',(-1.,0.,0.));
#3942=DIRECTION('',(0.,0.,1.));
#3943=DIRECTION('',(-1.,0.,0.));
#3944=DIRECTION('',(-1.,6.14830677896182E-17,-1.68922943105036E-16));
#3945=DIRECTION('',(-1.68922943105036E-16,0.,1.));
#3946=DIRECTION('',(-1.,6.14830677896182E-17,-1.68922943105036E-16));
#3947=DIRECTION('',(-1.68922943105036E-16,0.,1.));
#3948=DIRECTION('',(-1.,0.,0.));
#3949=DIRECTION('',(-1.,0.,0.));
#3950=DIRECTION('',(0.,0.,1.));
#3951=DIRECTION('',(-1.,0.,0.));
#3952=DIRECTION('',(-1.,-6.14830682559746E-17,-1.68922942935296E-16));
#3953=DIRECTION('',(-1.68922942935296E-16,0.,1.));
#3954=DIRECTION('',(-1.,0.,0.));
#3955=DIRECTION('',(-1.,0.,0.));
#3956=DIRECTION('',(0.,0.,1.));
#3957=DIRECTION('',(-1.,0.,0.));
#3958=DIRECTION('',(-1.,-1.60543171636709E-14,9.08920808031218E-15));
#3959=DIRECTION('',(1.60543171636709E-14,-1.,0.));
#3960=DIRECTION('',(-1.,0.,0.));
#3961=DIRECTION('',(-1.,0.,0.));
#3962=DIRECTION('',(0.,0.,1.));
#3963=DIRECTION('',(-1.,0.,0.));
#3964=DIRECTION('',(-1.,-1.7703307868349E-16,3.12156592743996E-17));
#3965=DIRECTION('',(1.7703307868349E-16,-1.,0.));
#3966=DIRECTION('',(-1.,-1.7703307868349E-16,3.12156592743996E-17));
#3967=DIRECTION('',(1.7703307868349E-16,-1.,0.));
#3968=DIRECTION('',(-1.,0.,0.));
#3969=DIRECTION('',(-1.,0.,0.));
#3970=DIRECTION('',(0.,0.,1.));
#3971=DIRECTION('',(-1.,0.,0.));
#3972=DIRECTION('',(-1.,-1.15550260222292E-16,1.37707173722543E-16));
#3973=DIRECTION('',(1.37707173722543E-16,0.,1.));
#3974=DIRECTION('',(-1.,-1.15550260222292E-16,1.37707173722543E-16));
#3975=DIRECTION('',(1.37707173722543E-16,0.,1.));
#3976=DIRECTION('',(-1.,0.,0.));
#3977=DIRECTION('',(-1.,0.,0.));
#3978=DIRECTION('',(0.,0.,1.));
#3979=DIRECTION('',(-1.,0.,0.));
#3980=DIRECTION('',(-1.,0.,0.));
#3981=DIRECTION('',(-1.,0.,0.));
#3982=DIRECTION('',(0.,0.,1.));
#3983=DIRECTION('',(-1.,0.,0.));
#3984=DIRECTION('',(-1.,1.26781957947048E-25,6.12303176911189E-17));
#3985=DIRECTION('',(6.12303176911189E-17,0.,1.));
#3986=DIRECTION('',(-1.,0.,0.));
#3987=DIRECTION('',(0.,0.,1.));
#3988=DIRECTION('',(-1.,0.,0.));
#3989=DIRECTION('',(0.,0.,1.));
#3990=DIRECTION('',(-1.,0.,0.));
#3991=DIRECTION('',(0.,0.,1.));
#3992=DIRECTION('',(-3.93581338308876E-17,-0.642788332888185,0.766043836280162));
#3993=DIRECTION('',(1.,-1.43252102303609E-17,3.93581338308876E-17));
#3994=DIRECTION('',(-1.,0.,0.));
#3995=DIRECTION('',(0.,0.,1.));
#3996=DIRECTION('',(-1.,0.,0.));
#3997=DIRECTION('',(0.,0.,1.));
#3998=DIRECTION('',(-1.,0.,0.));
#3999=DIRECTION('',(0.,0.,1.));
#4000=DIRECTION('',(-6.03000944343585E-17,-0.984807799602591,0.173647913439534));
#4001=DIRECTION('',(1.,-5.05978007848164E-17,6.03000944343585E-17));
#4002=DIRECTION('',(-1.,0.,0.));
#4003=DIRECTION('',(0.,0.,1.));
#4004=DIRECTION('',(-1.,0.,0.));
#4005=DIRECTION('',(0.,0.,1.));
#4006=DIRECTION('',(-1.,0.,0.));
#4007=DIRECTION('',(0.,0.,1.));
#4008=DIRECTION('',(-5.30270330139482E-17,-0.86602576980651,-0.499999366030639));
#4009=DIRECTION('',(1.,-9.18454377185326E-17,5.30270330139482E-17));
#4010=DIRECTION('',(-1.,0.,0.));
#4011=DIRECTION('',(0.,0.,1.));
#4012=DIRECTION('',(-1.,0.,0.));
#4013=DIRECTION('',(0.,0.,1.));
#4014=DIRECTION('',(-1.,0.,0.));
#4015=DIRECTION('',(0.,0.,1.));
#4016=DIRECTION('',(-2.09420456872788E-17,-0.342020856284359,-0.939692361289861));
#4017=DIRECTION('',(1.,-1.18767979504809E-16,2.09420456872788E-17));
#4018=DIRECTION('',(-1.,0.,0.));
#4019=DIRECTION('',(0.,0.,1.));
#4020=DIRECTION('',(-1.,0.,0.));
#4021=DIRECTION('',(0.,0.,1.));
#4022=DIRECTION('',(-1.,0.,0.));
#4023=DIRECTION('',(0.,0.,1.));
#4024=DIRECTION('',(2.09420455284309E-17,0.34202085369007,-0.939692362234107));
#4025=DIRECTION('',(1.,-1.18767979562633E-16,-2.09420455284309E-17));
#4026=DIRECTION('',(-1.,0.,0.));
#4027=DIRECTION('',(0.,0.,1.));
#4028=DIRECTION('',(-1.,0.,0.));
#4029=DIRECTION('',(0.,0.,1.));
#4030=DIRECTION('',(-1.,0.,0.));
#4031=DIRECTION('',(0.,0.,1.));
#4032=DIRECTION('',(5.3027032929427E-17,0.866025768426126,-0.499999368421539));
#4033=DIRECTION('',(1.,-9.18454378649285E-17,-5.3027032929427E-17));
#4034=DIRECTION('',(-1.,0.,0.));
#4035=DIRECTION('',(0.,0.,1.));
#4036=DIRECTION('',(-1.,0.,0.));
#4037=DIRECTION('',(0.,0.,1.));
#4038=DIRECTION('',(-1.,0.,0.));
#4039=DIRECTION('',(0.,0.,1.));
#4040=DIRECTION('',(6.03000944637126E-17,0.984807800081997,0.173647910720683));
#4041=DIRECTION('',(1.,-5.05978009512924E-17,-6.03000944637126E-17));
#4042=DIRECTION('',(3.93581339603826E-17,0.642788335003051,0.766043834505576));
#4043=DIRECTION('',(1.,-1.43252103390198E-17,-3.93581339603826E-17));
#4044=DIRECTION('',(1.,0.,0.));
#4045=DIRECTION('',(0.,0.,-1.));
#4046=DIRECTION('',(1.,0.,0.));
#4047=DIRECTION('',(0.,0.,-1.));
#4048=DIRECTION('',(-1.,0.,0.));
#4049=DIRECTION('',(0.,0.,1.));
#4050=DIRECTION('',(-1.,0.,0.));
#4051=DIRECTION('',(0.,0.,1.));
#4052=DIRECTION('',(-1.,0.,0.));
#4053=DIRECTION('',(0.,0.,1.));
#4054=DIRECTION('',(-1.,0.,0.));
#4055=DIRECTION('',(0.,0.,1.));
#4056=DIRECTION('',(-0.992277876713667,-0.107417276505367,-0.0620172886603851));
#4057=DIRECTION('',(-0.124034734589211,0.859338212042918,0.496138309283072));
#4058=DIRECTION('',(0.992277876713667,0.107417276505367,0.0620172886603851));
#4059=DIRECTION('',(-0.124034734589211,0.859338212042918,0.496138309283072));
#4060=DIRECTION('',(-1.,0.,0.));
#4061=DIRECTION('',(0.,0.,1.));
#4062=DIRECTION('',(-0.992277876713667,0.,0.124034734589211));
#4063=DIRECTION('',(-0.124034734589211,0.,-0.992277876713667));
#4064=DIRECTION('',(0.992277876713667,0.,-0.124034734589211));
#4065=DIRECTION('',(-0.124034734589211,0.,-0.992277876713667));
#4066=DIRECTION('',(-0.992277876713667,0.0797280805291442,0.0950160436966002));
#4067=DIRECTION('',(-0.124034734589211,-0.637824644233142,-0.760128349572788));
#4068=DIRECTION('',(0.992277876713667,-0.0797280805291442,-0.0950160436966002));
#4069=DIRECTION('',(-0.124034734589211,-0.637824644233142,-0.760128349572788));
#4070=DIRECTION('',(-0.992277876713667,0.122150374104554,0.0215383725182161));
#4071=DIRECTION('',(-0.124034734589211,-0.977202992836414,-0.172306980145726));
#4072=DIRECTION('',(0.992277876713667,-0.122150374104554,-0.0215383725182161));
#4073=DIRECTION('',(-0.124034734589211,-0.977202992836414,-0.172306980145726));
#4074=DIRECTION('',(-0.992277876713667,0.107417276334157,-0.0620172889569348));
#4075=DIRECTION('',(-0.124034734589213,-0.859338210673221,0.496138311655459));
#4076=DIRECTION('',(0.992277876713667,-0.107417276334157,0.0620172889569348));
#4077=DIRECTION('',(-0.124034734589213,-0.859338210673221,0.496138311655459));
#4078=DIRECTION('',(-0.992277876713667,0.0424224658114243,-0.116554492745215));
#4079=DIRECTION('',(-0.124034734589211,-0.339379726491388,0.932435941961706));
#4080=DIRECTION('',(0.992277876713667,-0.0424224658114243,0.116554492745215));
#4081=DIRECTION('',(-0.124034734589211,-0.339379726491388,0.932435941961706));
#4082=DIRECTION('',(-0.992277876713667,-0.0424224661332042,-0.116554492628097));
#4083=DIRECTION('',(-0.124034734589211,0.339379729065627,0.932435941024758));
#4084=DIRECTION('',(0.992277876713667,0.0424224661332042,0.116554492628097));
#4085=DIRECTION('',(-0.124034734589211,0.339379729065627,0.932435941024758));
#4086=DIRECTION('',(-0.992277876713667,-0.122150374045092,0.0215383728554446));
#4087=DIRECTION('',(-0.124034734589211,0.977202992360715,-0.172306982843554));
#4088=DIRECTION('',(0.992277876713667,0.122150374045092,-0.0215383728554446));
#4089=DIRECTION('',(-0.124034734589211,0.977202992360715,-0.172306982843554));
#4090=DIRECTION('',(-0.992277876713667,-0.0797280802668277,0.0950160439167103));
#4091=DIRECTION('',(-0.124034734589211,0.63782464213461,-0.760128351333669));
#4092=DIRECTION('',(0.992277876713667,0.0797280802668277,-0.0950160439167103));
#4093=DIRECTION('',(-0.124034734589211,0.63782464213461,-0.760128351333669));
#4094=DIRECTION('',(1.,0.,0.));
#4095=DIRECTION('',(0.,0.,-1.));
#4096=DIRECTION('',(-0.992277876713667,0.107417276505367,0.0620172886603851));
#4097=DIRECTION('',(0.124034734589211,0.859338212042918,0.496138309283072));
#4098=DIRECTION('',(0.992277876713667,-0.107417276505367,-0.0620172886603851));
#4099=DIRECTION('',(0.124034734589211,0.859338212042918,0.496138309283072));
#4100=DIRECTION('',(-0.992277876713667,0.,-0.124034734589211));
#4101=DIRECTION('',(0.124034734589211,0.,-0.992277876713667));
#4102=DIRECTION('',(0.992277876713667,0.,0.124034734589211));
#4103=DIRECTION('',(0.124034734589211,0.,-0.992277876713667));
#4104=DIRECTION('',(-1.,0.,0.));
#4105=DIRECTION('',(0.,0.,1.));
#4106=DIRECTION('',(-0.992277876713667,-0.0797280805291442,-0.0950160436966002));
#4107=DIRECTION('',(0.124034734589211,-0.637824644233142,-0.760128349572788));
#4108=DIRECTION('',(0.992277876713667,0.0797280805291442,0.0950160436966002));
#4109=DIRECTION('',(0.124034734589211,-0.637824644233142,-0.760128349572788));
#4110=DIRECTION('',(-0.992277876713667,-0.122150374104554,-0.0215383725182161));
#4111=DIRECTION('',(0.124034734589211,-0.977202992836414,-0.172306980145726));
#4112=DIRECTION('',(0.992277876713667,0.122150374104554,0.0215383725182161));
#4113=DIRECTION('',(0.124034734589211,-0.977202992836414,-0.172306980145726));
#4114=DIRECTION('',(-0.992277876713668,-0.107417276334149,0.0620172889569395));
#4115=DIRECTION('',(0.124034734589208,-0.859338210673189,0.496138311655517));
#4116=DIRECTION('',(0.992277876713668,0.107417276334149,-0.0620172889569395));
#4117=DIRECTION('',(0.124034734589208,-0.859338210673189,0.496138311655517));
#4118=DIRECTION('',(-0.992277876713667,-0.0424224658114244,0.116554492745215));
#4119=DIRECTION('',(0.124034734589211,-0.339379726491388,0.932435941961706));
#4120=DIRECTION('',(0.992277876713667,0.0424224658114244,-0.116554492745215));
#4121=DIRECTION('',(0.124034734589211,-0.339379726491388,0.932435941961706));
#4122=DIRECTION('',(-0.992277876713667,0.0424224661332042,0.116554492628097));
#4123=DIRECTION('',(0.124034734589211,0.339379729065627,0.932435941024758));
#4124=DIRECTION('',(0.992277876713667,-0.0424224661332042,-0.116554492628097));
#4125=DIRECTION('',(0.124034734589211,0.339379729065627,0.932435941024758));
#4126=DIRECTION('',(-0.992277876713667,0.122150374045092,-0.0215383728554446));
#4127=DIRECTION('',(0.124034734589211,0.977202992360715,-0.172306982843554));
#4128=DIRECTION('',(0.992277876713667,-0.122150374045092,0.0215383728554446));
#4129=DIRECTION('',(0.124034734589211,0.977202992360715,-0.172306982843554));
#4130=DIRECTION('',(-0.992277876713667,0.0797280802668277,-0.0950160439167103));
#4131=DIRECTION('',(0.124034734589211,0.63782464213461,-0.760128351333669));
#4132=DIRECTION('',(0.992277876713667,-0.0797280802668277,0.0950160439167103));
#4133=DIRECTION('',(0.124034734589211,0.63782464213461,-0.760128351333669));
#4134=DIRECTION('',(-1.,0.,0.));
#4135=DIRECTION('',(0.,0.,1.));
#4136=DIRECTION('',(-1.,0.,0.));
#4137=DIRECTION('',(0.,0.,1.));
#4138=DIRECTION('',(-1.,0.,0.));
#4139=DIRECTION('',(0.,0.,1.));
#4140=DIRECTION('',(1.,0.,0.));
#4141=DIRECTION('',(0.,0.,-1.));
#4142=DIRECTION('',(1.,0.,0.));
#4143=DIRECTION('',(0.,0.,-1.));
#4144=DIRECTION('',(1.,0.,0.));
#4145=DIRECTION('',(0.,0.,-1.));
#4146=DIRECTION('',(0.992277876713667,0.0797280802668277,-0.0950160439167103));
#4147=DIRECTION('',(-0.124034734589211,0.63782464213461,-0.760128351333669));
#4148=DIRECTION('',(0.992277876713667,0.0797280802668277,-0.0950160439167103));
#4149=DIRECTION('',(-0.124034734589211,0.63782464213461,-0.760128351333669));
#4150=DIRECTION('',(0.992277876713667,0.0797280802668277,-0.0950160439167103));
#4151=DIRECTION('',(-0.124034734589211,0.63782464213461,-0.760128351333669));
#4152=DIRECTION('',(-0.992277876713667,-0.0797280802668277,0.0950160439167103));
#4153=DIRECTION('',(0.124034734589211,-0.63782464213461,0.760128351333669));
#4154=DIRECTION('',(0.992277876713667,0.0797280802668277,-0.0950160439167103));
#4155=DIRECTION('',(-0.124034734589211,0.63782464213461,-0.760128351333669));
#4156=DIRECTION('',(-0.992277876713667,-0.0797280802668277,0.0950160439167103));
#4157=DIRECTION('',(-0.124034734589211,0.63782464213461,-0.760128351333669));
#4158=DIRECTION('',(0.992277876713667,0.0797280802668277,-0.0950160439167103));
#4159=DIRECTION('',(-0.124034734589211,0.63782464213461,-0.760128351333669));
#4160=DIRECTION('',(0.992277876713667,0.0797280802668277,-0.0950160439167103));
#4161=DIRECTION('',(-0.124034734589211,0.63782464213461,-0.760128351333669));
#4162=DIRECTION('',(0.992277876713667,0.0797280802668277,-0.0950160439167103));
#4163=DIRECTION('',(-0.124034734589211,0.63782464213461,-0.760128351333669));
#4164=DIRECTION('',(0.992277876713667,0.0797280802668277,-0.0950160439167103));
#4165=DIRECTION('',(-0.124034734589211,0.63782464213461,-0.760128351333669));
#4166=DIRECTION('',(0.992277876713667,0.122150374045092,-0.0215383728554446));
#4167=DIRECTION('',(-0.124034734589211,0.977202992360715,-0.172306982843554));
#4168=DIRECTION('',(0.992277876713667,0.122150374045092,-0.0215383728554446));
#4169=DIRECTION('',(-0.124034734589211,0.977202992360715,-0.172306982843554));
#4170=DIRECTION('',(0.992277876713667,0.122150374045092,-0.0215383728554446));
#4171=DIRECTION('',(-0.124034734589211,0.977202992360715,-0.172306982843554));
#4172=DIRECTION('',(-0.992277876713667,-0.122150374045092,0.0215383728554446));
#4173=DIRECTION('',(0.124034734589211,-0.977202992360715,0.172306982843554));
#4174=DIRECTION('',(0.992277876713667,0.122150374045092,-0.0215383728554446));
#4175=DIRECTION('',(-0.124034734589211,0.977202992360715,-0.172306982843554));
#4176=DIRECTION('',(-0.992277876713667,-0.122150374045092,0.0215383728554446));
#4177=DIRECTION('',(-0.124034734589211,0.977202992360715,-0.172306982843554));
#4178=DIRECTION('',(0.992277876713667,0.122150374045092,-0.0215383728554446));
#4179=DIRECTION('',(-0.124034734589211,0.977202992360715,-0.172306982843554));
#4180=DIRECTION('',(0.992277876713667,0.122150374045092,-0.0215383728554446));
#4181=DIRECTION('',(-0.124034734589211,0.977202992360715,-0.172306982843554));
#4182=DIRECTION('',(0.992277876713667,0.122150374045092,-0.0215383728554446));
#4183=DIRECTION('',(-0.124034734589211,0.977202992360715,-0.172306982843554));
#4184=DIRECTION('',(0.992277876713667,0.122150374045092,-0.0215383728554446));
#4185=DIRECTION('',(-0.124034734589211,0.977202992360715,-0.172306982843554));
#4186=DIRECTION('',(0.992277876713667,0.0424224661332042,0.116554492628097));
#4187=DIRECTION('',(-0.124034734589211,0.339379729065627,0.932435941024758));
#4188=DIRECTION('',(0.992277876713667,0.0424224661332042,0.116554492628097));
#4189=DIRECTION('',(-0.124034734589211,0.339379729065627,0.932435941024758));
#4190=DIRECTION('',(0.992277876713667,0.0424224661332042,0.116554492628097));
#4191=DIRECTION('',(-0.124034734589211,0.339379729065627,0.932435941024758));
#4192=DIRECTION('',(-0.992277876713667,-0.0424224661332042,-0.116554492628097));
#4193=DIRECTION('',(0.124034734589211,-0.339379729065627,-0.932435941024758));
#4194=DIRECTION('',(0.992277876713667,0.0424224661332042,0.116554492628097));
#4195=DIRECTION('',(-0.124034734589211,0.339379729065627,0.932435941024758));
#4196=DIRECTION('',(-0.992277876713667,-0.0424224661332042,-0.116554492628097));
#4197=DIRECTION('',(-0.124034734589211,0.339379729065627,0.932435941024758));
#4198=DIRECTION('',(0.992277876713667,0.0424224661332042,0.116554492628097));
#4199=DIRECTION('',(-0.124034734589211,0.339379729065627,0.932435941024758));
#4200=DIRECTION('',(0.992277876713667,0.0424224661332042,0.116554492628097));
#4201=DIRECTION('',(-0.124034734589211,0.339379729065627,0.932435941024758));
#4202=DIRECTION('',(0.992277876713667,0.0424224661332042,0.116554492628097));
#4203=DIRECTION('',(-0.124034734589211,0.339379729065627,0.932435941024758));
#4204=DIRECTION('',(0.992277876713667,0.0424224661332042,0.116554492628097));
#4205=DIRECTION('',(-0.124034734589211,0.339379729065627,0.932435941024758));
#4206=DIRECTION('',(0.992277876713667,-0.0424224658114243,0.116554492745215));
#4207=DIRECTION('',(-0.124034734589211,-0.339379726491388,0.932435941961706));
#4208=DIRECTION('',(0.992277876713667,-0.0424224658114243,0.116554492745215));
#4209=DIRECTION('',(-0.124034734589211,-0.339379726491388,0.932435941961706));
#4210=DIRECTION('',(0.992277876713667,-0.0424224658114243,0.116554492745215));
#4211=DIRECTION('',(-0.124034734589211,-0.339379726491388,0.932435941961706));
#4212=DIRECTION('',(-0.992277876713667,0.0424224658114243,-0.116554492745215));
#4213=DIRECTION('',(0.124034734589211,0.339379726491388,-0.932435941961706));
#4214=DIRECTION('',(0.992277876713667,-0.0424224658114243,0.116554492745215));
#4215=DIRECTION('',(-0.124034734589211,-0.339379726491388,0.932435941961706));
#4216=DIRECTION('',(-0.992277876713667,0.0424224658114243,-0.116554492745215));
#4217=DIRECTION('',(-0.124034734589211,-0.339379726491388,0.932435941961706));
#4218=DIRECTION('',(0.992277876713667,-0.0424224658114243,0.116554492745215));
#4219=DIRECTION('',(-0.124034734589211,-0.339379726491388,0.932435941961706));
#4220=DIRECTION('',(0.992277876713667,-0.0424224658114243,0.116554492745215));
#4221=DIRECTION('',(-0.124034734589211,-0.339379726491388,0.932435941961706));
#4222=DIRECTION('',(0.992277876713667,-0.0424224658114243,0.116554492745215));
#4223=DIRECTION('',(-0.124034734589211,-0.339379726491388,0.932435941961706));
#4224=DIRECTION('',(0.992277876713667,-0.0424224658114243,0.116554492745215));
#4225=DIRECTION('',(-0.124034734589211,-0.339379726491388,0.932435941961706));
#4226=DIRECTION('',(0.992277876713667,-0.107417276334157,0.0620172889569348));
#4227=DIRECTION('',(-0.124034734589213,-0.859338210673205,0.496138311655488));
#4228=DIRECTION('',(0.992277876713667,-0.107417276334157,0.0620172889569348));
#4229=DIRECTION('',(-0.124034734589213,-0.859338210673205,0.496138311655488));
#4230=DIRECTION('',(0.992277876713667,-0.107417276334157,0.0620172889569348));
#4231=DIRECTION('',(-0.124034734589213,-0.859338210673205,0.496138311655488));
#4232=DIRECTION('',(-0.992277876713667,0.107417276334157,-0.0620172889569348));
#4233=DIRECTION('',(0.124034734589213,0.859338210673205,-0.496138311655488));
#4234=DIRECTION('',(0.992277876713667,-0.107417276334157,0.0620172889569348));
#4235=DIRECTION('',(-0.124034734589213,-0.859338210673205,0.496138311655488));
#4236=DIRECTION('',(-0.992277876713667,0.107417276334157,-0.0620172889569348));
#4237=DIRECTION('',(-0.124034734589213,-0.859338210673221,0.496138311655459));
#4238=DIRECTION('',(0.992277876713667,-0.107417276334157,0.0620172889569348));
#4239=DIRECTION('',(-0.124034734589213,-0.859338210673205,0.496138311655488));
#4240=DIRECTION('',(0.992277876713667,-0.107417276334157,0.0620172889569348));
#4241=DIRECTION('',(-0.124034734589213,-0.859338210673205,0.496138311655488));
#4242=DIRECTION('',(0.992277876713667,-0.107417276334157,0.0620172889569348));
#4243=DIRECTION('',(-0.124034734589213,-0.859338210673205,0.496138311655488));
#4244=DIRECTION('',(0.992277876713667,-0.107417276334157,0.0620172889569348));
#4245=DIRECTION('',(-0.124034734589213,-0.859338210673221,0.496138311655459));
#4246=DIRECTION('',(0.992277876713667,-0.122150374104554,-0.0215383725182161));
#4247=DIRECTION('',(-0.124034734589211,-0.977202992836414,-0.172306980145726));
#4248=DIRECTION('',(0.992277876713667,-0.122150374104554,-0.0215383725182161));
#4249=DIRECTION('',(-0.124034734589211,-0.977202992836414,-0.172306980145726));
#4250=DIRECTION('',(0.992277876713667,-0.122150374104554,-0.0215383725182161));
#4251=DIRECTION('',(-0.124034734589211,-0.977202992836414,-0.172306980145726));
#4252=DIRECTION('',(-0.992277876713667,0.122150374104554,0.0215383725182161));
#4253=DIRECTION('',(0.124034734589211,0.977202992836414,0.172306980145726));
#4254=DIRECTION('',(0.992277876713667,-0.122150374104554,-0.0215383725182161));
#4255=DIRECTION('',(-0.124034734589211,-0.977202992836414,-0.172306980145726));
#4256=DIRECTION('',(-0.992277876713667,0.122150374104554,0.0215383725182161));
#4257=DIRECTION('',(-0.124034734589211,-0.977202992836414,-0.172306980145726));
#4258=DIRECTION('',(0.992277876713667,-0.122150374104554,-0.0215383725182161));
#4259=DIRECTION('',(-0.124034734589211,-0.977202992836414,-0.172306980145726));
#4260=DIRECTION('',(0.992277876713667,-0.122150374104554,-0.0215383725182161));
#4261=DIRECTION('',(-0.124034734589211,-0.977202992836414,-0.172306980145726));
#4262=DIRECTION('',(0.992277876713667,-0.122150374104554,-0.0215383725182161));
#4263=DIRECTION('',(-0.124034734589211,-0.977202992836414,-0.172306980145726));
#4264=DIRECTION('',(0.992277876713667,-0.122150374104554,-0.0215383725182161));
#4265=DIRECTION('',(-0.124034734589211,-0.977202992836414,-0.172306980145726));
#4266=DIRECTION('',(0.992277876713667,-0.0797280805291442,-0.0950160436966002));
#4267=DIRECTION('',(-0.124034734589211,-0.637824644233142,-0.760128349572788));
#4268=DIRECTION('',(0.992277876713667,-0.0797280805291442,-0.0950160436966002));
#4269=DIRECTION('',(-0.124034734589211,-0.637824644233142,-0.760128349572788));
#4270=DIRECTION('',(0.992277876713667,-0.0797280805291442,-0.0950160436966002));
#4271=DIRECTION('',(-0.124034734589211,-0.637824644233142,-0.760128349572788));
#4272=DIRECTION('',(-0.992277876713667,0.0797280805291442,0.0950160436966002));
#4273=DIRECTION('',(0.124034734589211,0.637824644233142,0.760128349572788));
#4274=DIRECTION('',(0.992277876713667,-0.0797280805291442,-0.0950160436966002));
#4275=DIRECTION('',(-0.124034734589211,-0.637824644233142,-0.760128349572788));
#4276=DIRECTION('',(-0.992277876713667,0.0797280805291442,0.0950160436966002));
#4277=DIRECTION('',(-0.124034734589211,-0.637824644233142,-0.760128349572788));
#4278=DIRECTION('',(0.992277876713667,-0.0797280805291442,-0.0950160436966002));
#4279=DIRECTION('',(-0.124034734589211,-0.637824644233142,-0.760128349572788));
#4280=DIRECTION('',(0.992277876713667,-0.0797280805291442,-0.0950160436966002));
#4281=DIRECTION('',(-0.124034734589211,-0.637824644233142,-0.760128349572788));
#4282=DIRECTION('',(0.992277876713667,-0.0797280805291442,-0.0950160436966002));
#4283=DIRECTION('',(-0.124034734589211,-0.637824644233142,-0.760128349572788));
#4284=DIRECTION('',(0.992277876713667,-0.0797280805291442,-0.0950160436966002));
#4285=DIRECTION('',(-0.124034734589211,-0.637824644233142,-0.760128349572788));
#4286=DIRECTION('',(0.992277876713667,0.,-0.124034734589211));
#4287=DIRECTION('',(-0.124034734589211,0.,-0.992277876713667));
#4288=DIRECTION('',(0.992277876713667,0.,-0.124034734589211));
#4289=DIRECTION('',(-0.124034734589211,0.,-0.992277876713667));
#4290=DIRECTION('',(0.992277876713667,0.,-0.124034734589211));
#4291=DIRECTION('',(-0.124034734589211,0.,-0.992277876713667));
#4292=DIRECTION('',(-0.992277876713667,0.,0.124034734589211));
#4293=DIRECTION('',(0.124034734589211,0.,0.992277876713667));
#4294=DIRECTION('',(0.992277876713667,0.,-0.124034734589211));
#4295=DIRECTION('',(-0.124034734589211,0.,-0.992277876713667));
#4296=DIRECTION('',(-0.992277876713667,0.,0.124034734589211));
#4297=DIRECTION('',(-0.124034734589211,0.,-0.992277876713667));
#4298=DIRECTION('',(0.992277876713667,0.,-0.124034734589211));
#4299=DIRECTION('',(-0.124034734589211,0.,-0.992277876713667));
#4300=DIRECTION('',(0.992277876713667,0.,-0.124034734589211));
#4301=DIRECTION('',(-0.124034734589211,0.,-0.992277876713667));
#4302=DIRECTION('',(0.992277876713667,0.,-0.124034734589211));
#4303=DIRECTION('',(-0.124034734589211,0.,-0.992277876713667));
#4304=DIRECTION('',(0.992277876713667,0.,-0.124034734589211));
#4305=DIRECTION('',(-0.124034734589211,0.,-0.992277876713667));
#4306=DIRECTION('',(1.,0.,0.));
#4307=DIRECTION('',(0.,0.,-1.));
#4308=DIRECTION('',(-1.,0.,0.));
#4309=DIRECTION('',(0.,0.,1.));
#4310=DIRECTION('',(0.992277876713667,0.107417276505367,0.0620172886603851));
#4311=DIRECTION('',(-0.124034734589211,0.859338212042918,0.496138309283072));
#4312=DIRECTION('',(0.992277876713667,0.107417276505367,0.0620172886603851));
#4313=DIRECTION('',(-0.124034734589211,0.859338212042918,0.496138309283072));
#4314=DIRECTION('',(0.992277876713667,0.107417276505367,0.0620172886603851));
#4315=DIRECTION('',(-0.124034734589211,0.859338212042918,0.496138309283072));
#4316=DIRECTION('',(-0.992277876713667,-0.107417276505367,-0.0620172886603851));
#4317=DIRECTION('',(0.124034734589211,-0.859338212042918,-0.496138309283072));
#4318=DIRECTION('',(0.992277876713667,0.107417276505367,0.0620172886603851));
#4319=DIRECTION('',(-0.124034734589211,0.859338212042918,0.496138309283072));
#4320=DIRECTION('',(-0.992277876713667,-0.107417276505367,-0.0620172886603851));
#4321=DIRECTION('',(-0.124034734589211,0.859338212042918,0.496138309283072));
#4322=DIRECTION('',(0.992277876713667,0.107417276505367,0.0620172886603851));
#4323=DIRECTION('',(-0.124034734589211,0.859338212042918,0.496138309283072));
#4324=DIRECTION('',(0.992277876713667,0.107417276505367,0.0620172886603851));
#4325=DIRECTION('',(-0.124034734589211,0.859338212042918,0.496138309283072));
#4326=DIRECTION('',(0.992277876713667,0.107417276505367,0.0620172886603851));
#4327=DIRECTION('',(-0.124034734589211,0.859338212042918,0.496138309283072));
#4328=DIRECTION('',(0.992277876713667,0.107417276505367,0.0620172886603851));
#4329=DIRECTION('',(-0.124034734589211,0.859338212042918,0.496138309283072));
#4330=DIRECTION('',(-0.992277876713667,0.0797280802668277,-0.0950160439167103));
#4331=DIRECTION('',(-0.124034734589211,-0.63782464213461,0.760128351333669));
#4332=DIRECTION('',(0.992277876713667,-0.0797280802668277,0.0950160439167103));
#4333=DIRECTION('',(0.124034734589211,0.63782464213461,-0.760128351333669));
#4334=DIRECTION('',(-0.992277876713667,0.0797280802668277,-0.0950160439167103));
#4335=DIRECTION('',(0.124034734589211,0.63782464213461,-0.760128351333669));
#4336=DIRECTION('',(0.992277876713667,-0.0797280802668277,0.0950160439167103));
#4337=DIRECTION('',(0.124034734589211,0.63782464213461,-0.760128351333669));
#4338=DIRECTION('',(0.992277876713667,-0.0797280802668277,0.0950160439167103));
#4339=DIRECTION('',(0.124034734589211,0.63782464213461,-0.760128351333669));
#4340=DIRECTION('',(0.992277876713667,-0.0797280802668277,0.0950160439167103));
#4341=DIRECTION('',(0.124034734589211,0.63782464213461,-0.760128351333669));
#4342=DIRECTION('',(0.992277876713667,-0.0797280802668277,0.0950160439167103));
#4343=DIRECTION('',(0.124034734589211,0.63782464213461,-0.760128351333669));
#4344=DIRECTION('',(0.992277876713667,-0.0797280802668277,0.0950160439167103));
#4345=DIRECTION('',(0.124034734589211,0.63782464213461,-0.760128351333669));
#4346=DIRECTION('',(0.992277876713667,-0.0797280802668277,0.0950160439167103));
#4347=DIRECTION('',(0.124034734589211,0.63782464213461,-0.760128351333669));
#4348=DIRECTION('',(0.992277876713667,-0.0797280802668277,0.0950160439167103));
#4349=DIRECTION('',(0.124034734589211,0.63782464213461,-0.760128351333669));
#4350=DIRECTION('',(-0.992277876713667,0.122150374045092,-0.0215383728554446));
#4351=DIRECTION('',(-0.124034734589211,-0.977202992360715,0.172306982843554));
#4352=DIRECTION('',(0.992277876713667,-0.122150374045092,0.0215383728554446));
#4353=DIRECTION('',(0.124034734589211,0.977202992360715,-0.172306982843554));
#4354=DIRECTION('',(-0.992277876713667,0.122150374045092,-0.0215383728554446));
#4355=DIRECTION('',(0.124034734589211,0.977202992360715,-0.172306982843554));
#4356=DIRECTION('',(0.992277876713667,-0.122150374045092,0.0215383728554446));
#4357=DIRECTION('',(0.124034734589211,0.977202992360715,-0.172306982843554));
#4358=DIRECTION('',(0.992277876713667,-0.122150374045092,0.0215383728554446));
#4359=DIRECTION('',(0.124034734589211,0.977202992360715,-0.172306982843554));
#4360=DIRECTION('',(0.992277876713667,-0.122150374045092,0.0215383728554446));
#4361=DIRECTION('',(0.124034734589211,0.977202992360715,-0.172306982843554));
#4362=DIRECTION('',(0.992277876713667,-0.122150374045092,0.0215383728554446));
#4363=DIRECTION('',(0.124034734589211,0.977202992360715,-0.172306982843554));
#4364=DIRECTION('',(0.992277876713667,-0.122150374045092,0.0215383728554446));
#4365=DIRECTION('',(0.124034734589211,0.977202992360715,-0.172306982843554));
#4366=DIRECTION('',(0.992277876713667,-0.122150374045092,0.0215383728554446));
#4367=DIRECTION('',(0.124034734589211,0.977202992360715,-0.172306982843554));
#4368=DIRECTION('',(0.992277876713667,-0.122150374045092,0.0215383728554446));
#4369=DIRECTION('',(0.124034734589211,0.977202992360715,-0.172306982843554));
#4370=DIRECTION('',(-0.992277876713667,0.0424224661332042,0.116554492628097));
#4371=DIRECTION('',(-0.124034734589211,-0.339379729065627,-0.932435941024758));
#4372=DIRECTION('',(0.992277876713667,-0.0424224661332042,-0.116554492628097));
#4373=DIRECTION('',(0.124034734589211,0.339379729065627,0.932435941024758));
#4374=DIRECTION('',(-0.992277876713667,0.0424224661332042,0.116554492628097));
#4375=DIRECTION('',(0.124034734589211,0.339379729065627,0.932435941024758));
#4376=DIRECTION('',(0.992277876713667,-0.0424224661332042,-0.116554492628097));
#4377=DIRECTION('',(0.124034734589211,0.339379729065627,0.932435941024758));
#4378=DIRECTION('',(0.992277876713667,-0.0424224661332042,-0.116554492628097));
#4379=DIRECTION('',(0.124034734589211,0.339379729065627,0.932435941024758));
#4380=DIRECTION('',(0.992277876713667,-0.0424224661332042,-0.116554492628097));
#4381=DIRECTION('',(0.124034734589211,0.339379729065627,0.932435941024758));
#4382=DIRECTION('',(0.992277876713667,-0.0424224661332042,-0.116554492628097));
#4383=DIRECTION('',(0.124034734589211,0.339379729065627,0.932435941024758));
#4384=DIRECTION('',(0.992277876713667,-0.0424224661332042,-0.116554492628097));
#4385=DIRECTION('',(0.124034734589211,0.339379729065627,0.932435941024758));
#4386=DIRECTION('',(0.992277876713667,-0.0424224661332042,-0.116554492628097));
#4387=DIRECTION('',(0.124034734589211,0.339379729065627,0.932435941024758));
#4388=DIRECTION('',(0.992277876713667,-0.0424224661332042,-0.116554492628097));
#4389=DIRECTION('',(0.124034734589211,0.339379729065627,0.932435941024758));
#4390=DIRECTION('',(-0.992277876713667,-0.0424224658114244,0.116554492745215));
#4391=DIRECTION('',(-0.124034734589211,0.339379726491388,-0.932435941961706));
#4392=DIRECTION('',(0.992277876713667,0.0424224658114244,-0.116554492745215));
#4393=DIRECTION('',(0.124034734589211,-0.339379726491388,0.932435941961706));
#4394=DIRECTION('',(-0.992277876713667,-0.0424224658114244,0.116554492745215));
#4395=DIRECTION('',(0.124034734589211,-0.339379726491388,0.932435941961706));
#4396=DIRECTION('',(0.992277876713667,0.0424224658114244,-0.116554492745215));
#4397=DIRECTION('',(0.124034734589211,-0.339379726491388,0.932435941961706));
#4398=DIRECTION('',(0.992277876713667,0.0424224658114244,-0.116554492745215));
#4399=DIRECTION('',(0.124034734589211,-0.339379726491388,0.932435941961706));
#4400=DIRECTION('',(0.992277876713667,0.0424224658114244,-0.116554492745215));
#4401=DIRECTION('',(0.124034734589211,-0.339379726491388,0.932435941961706));
#4402=DIRECTION('',(0.992277876713667,0.0424224658114244,-0.116554492745215));
#4403=DIRECTION('',(0.124034734589211,-0.339379726491388,0.932435941961706));
#4404=DIRECTION('',(0.992277876713667,0.0424224658114244,-0.116554492745215));
#4405=DIRECTION('',(0.124034734589211,-0.339379726491388,0.932435941961706));
#4406=DIRECTION('',(0.992277876713667,0.0424224658114244,-0.116554492745215));
#4407=DIRECTION('',(0.124034734589211,-0.339379726491388,0.932435941961706));
#4408=DIRECTION('',(0.992277876713667,0.0424224658114244,-0.116554492745215));
#4409=DIRECTION('',(0.124034734589211,-0.339379726491388,0.932435941961706));
#4410=DIRECTION('',(-0.992277876713668,-0.107417276334149,0.0620172889569395));
#4411=DIRECTION('',(-0.124034734589208,0.859338210673206,-0.496138311655488));
#4412=DIRECTION('',(0.992277876713668,0.107417276334149,-0.0620172889569395));
#4413=DIRECTION('',(0.124034734589208,-0.859338210673206,0.496138311655488));
#4414=DIRECTION('',(-0.992277876713668,-0.107417276334149,0.0620172889569395));
#4415=DIRECTION('',(0.124034734589208,-0.859338210673189,0.496138311655517));
#4416=DIRECTION('',(0.992277876713668,0.107417276334149,-0.0620172889569395));
#4417=DIRECTION('',(0.124034734589208,-0.859338210673206,0.496138311655488));
#4418=DIRECTION('',(0.992277876713668,0.107417276334149,-0.0620172889569395));
#4419=DIRECTION('',(0.124034734589208,-0.859338210673206,0.496138311655488));
#4420=DIRECTION('',(0.992277876713668,0.107417276334149,-0.0620172889569395));
#4421=DIRECTION('',(0.124034734589208,-0.859338210673206,0.496138311655488));
#4422=DIRECTION('',(0.992277876713668,0.107417276334149,-0.0620172889569395));
#4423=DIRECTION('',(0.124034734589208,-0.859338210673206,0.496138311655488));
#4424=DIRECTION('',(0.992277876713668,0.107417276334149,-0.0620172889569395));
#4425=DIRECTION('',(0.124034734589208,-0.859338210673189,0.496138311655517));
#4426=DIRECTION('',(0.992277876713668,0.107417276334149,-0.0620172889569395));
#4427=DIRECTION('',(0.124034734589208,-0.859338210673206,0.496138311655488));
#4428=DIRECTION('',(0.992277876713668,0.107417276334149,-0.0620172889569395));
#4429=DIRECTION('',(0.124034734589208,-0.859338210673206,0.496138311655488));
#4430=DIRECTION('',(-0.992277876713667,-0.122150374104554,-0.0215383725182161));
#4431=DIRECTION('',(-0.124034734589211,0.977202992836414,0.172306980145726));
#4432=DIRECTION('',(0.992277876713667,0.122150374104554,0.0215383725182161));
#4433=DIRECTION('',(0.124034734589211,-0.977202992836414,-0.172306980145726));
#4434=DIRECTION('',(-0.992277876713667,-0.122150374104554,-0.0215383725182161));
#4435=DIRECTION('',(0.124034734589211,-0.977202992836414,-0.172306980145726));
#4436=DIRECTION('',(0.992277876713667,0.122150374104554,0.0215383725182161));
#4437=DIRECTION('',(0.124034734589211,-0.977202992836414,-0.172306980145726));
#4438=DIRECTION('',(0.992277876713667,0.122150374104554,0.0215383725182161));
#4439=DIRECTION('',(0.124034734589211,-0.977202992836414,-0.172306980145726));
#4440=DIRECTION('',(0.992277876713667,0.122150374104554,0.0215383725182161));
#4441=DIRECTION('',(0.124034734589211,-0.977202992836414,-0.172306980145726));
#4442=DIRECTION('',(0.992277876713667,0.122150374104554,0.0215383725182161));
#4443=DIRECTION('',(0.124034734589211,-0.977202992836414,-0.172306980145726));
#4444=DIRECTION('',(0.992277876713667,0.122150374104554,0.0215383725182161));
#4445=DIRECTION('',(0.124034734589211,-0.977202992836414,-0.172306980145726));
#4446=DIRECTION('',(0.992277876713667,0.122150374104554,0.0215383725182161));
#4447=DIRECTION('',(0.124034734589211,-0.977202992836414,-0.172306980145726));
#4448=DIRECTION('',(0.992277876713667,0.122150374104554,0.0215383725182161));
#4449=DIRECTION('',(0.124034734589211,-0.977202992836414,-0.172306980145726));
#4450=DIRECTION('',(-0.992277876713667,-0.0797280805291442,-0.0950160436966002));
#4451=DIRECTION('',(-0.124034734589211,0.637824644233142,0.760128349572788));
#4452=DIRECTION('',(0.992277876713667,0.0797280805291442,0.0950160436966002));
#4453=DIRECTION('',(0.124034734589211,-0.637824644233142,-0.760128349572788));
#4454=DIRECTION('',(-0.992277876713667,-0.0797280805291442,-0.0950160436966002));
#4455=DIRECTION('',(0.124034734589211,-0.637824644233142,-0.760128349572788));
#4456=DIRECTION('',(0.992277876713667,0.0797280805291442,0.0950160436966002));
#4457=DIRECTION('',(0.124034734589211,-0.637824644233142,-0.760128349572788));
#4458=DIRECTION('',(0.992277876713667,0.0797280805291442,0.0950160436966002));
#4459=DIRECTION('',(0.124034734589211,-0.637824644233142,-0.760128349572788));
#4460=DIRECTION('',(0.992277876713667,0.0797280805291442,0.0950160436966002));
#4461=DIRECTION('',(0.124034734589211,-0.637824644233142,-0.760128349572788));
#4462=DIRECTION('',(0.992277876713667,0.0797280805291442,0.0950160436966002));
#4463=DIRECTION('',(0.124034734589211,-0.637824644233142,-0.760128349572788));
#4464=DIRECTION('',(0.992277876713667,0.0797280805291442,0.0950160436966002));
#4465=DIRECTION('',(0.124034734589211,-0.637824644233142,-0.760128349572788));
#4466=DIRECTION('',(0.992277876713667,0.0797280805291442,0.0950160436966002));
#4467=DIRECTION('',(0.124034734589211,-0.637824644233142,-0.760128349572788));
#4468=DIRECTION('',(0.992277876713667,0.0797280805291442,0.0950160436966002));
#4469=DIRECTION('',(0.124034734589211,-0.637824644233142,-0.760128349572788));
#4470=DIRECTION('',(-1.,0.,0.));
#4471=DIRECTION('',(0.,0.,1.));
#4472=DIRECTION('',(-1.,0.,0.));
#4473=DIRECTION('',(0.,0.,1.));
#4474=DIRECTION('',(-0.992277876713667,0.,-0.124034734589211));
#4475=DIRECTION('',(-0.124034734589211,0.,0.992277876713667));
#4476=DIRECTION('',(0.992277876713667,0.,0.124034734589211));
#4477=DIRECTION('',(0.124034734589211,0.,-0.992277876713667));
#4478=DIRECTION('',(-0.992277876713667,0.,-0.124034734589211));
#4479=DIRECTION('',(0.124034734589211,0.,-0.992277876713667));
#4480=DIRECTION('',(0.992277876713667,0.,0.124034734589211));
#4481=DIRECTION('',(0.124034734589211,0.,-0.992277876713667));
#4482=DIRECTION('',(0.992277876713667,0.,0.124034734589211));
#4483=DIRECTION('',(0.124034734589211,0.,-0.992277876713667));
#4484=DIRECTION('',(0.992277876713667,0.,0.124034734589211));
#4485=DIRECTION('',(0.124034734589211,0.,-0.992277876713667));
#4486=DIRECTION('',(0.992277876713667,0.,0.124034734589211));
#4487=DIRECTION('',(0.124034734589211,0.,-0.992277876713667));
#4488=DIRECTION('',(0.992277876713667,0.,0.124034734589211));
#4489=DIRECTION('',(0.124034734589211,0.,-0.992277876713667));
#4490=DIRECTION('',(0.992277876713667,0.,0.124034734589211));
#4491=DIRECTION('',(0.124034734589211,0.,-0.992277876713667));
#4492=DIRECTION('',(0.992277876713667,0.,0.124034734589211));
#4493=DIRECTION('',(0.124034734589211,0.,-0.992277876713667));
#4494=DIRECTION('',(-0.992277876713667,0.107417276505367,0.0620172886603851));
#4495=DIRECTION('',(-0.124034734589211,-0.859338212042918,-0.496138309283072));
#4496=DIRECTION('',(0.992277876713667,-0.107417276505367,-0.0620172886603851));
#4497=DIRECTION('',(0.124034734589211,0.859338212042918,0.496138309283072));
#4498=DIRECTION('',(-0.992277876713667,0.107417276505367,0.0620172886603851));
#4499=DIRECTION('',(0.124034734589211,0.859338212042918,0.496138309283072));
#4500=DIRECTION('',(0.992277876713667,-0.107417276505367,-0.0620172886603851));
#4501=DIRECTION('',(0.124034734589211,0.859338212042918,0.496138309283072));
#4502=DIRECTION('',(0.992277876713667,-0.107417276505367,-0.0620172886603851));
#4503=DIRECTION('',(0.124034734589211,0.859338212042918,0.496138309283072));
#4504=DIRECTION('',(0.992277876713667,-0.107417276505367,-0.0620172886603851));
#4505=DIRECTION('',(0.124034734589211,0.859338212042918,0.496138309283072));
#4506=DIRECTION('',(0.992277876713667,-0.107417276505367,-0.0620172886603851));
#4507=DIRECTION('',(0.124034734589211,0.859338212042918,0.496138309283072));
#4508=DIRECTION('',(0.992277876713667,-0.107417276505367,-0.0620172886603851));
#4509=DIRECTION('',(0.124034734589211,0.859338212042918,0.496138309283072));
#4510=DIRECTION('',(0.992277876713667,-0.107417276505367,-0.0620172886603851));
#4511=DIRECTION('',(0.124034734589211,0.859338212042918,0.496138309283072));
#4512=DIRECTION('',(0.992277876713667,-0.107417276505367,-0.0620172886603851));
#4513=DIRECTION('',(0.124034734589211,0.859338212042918,0.496138309283072));
#4514=DIRECTION('',(-1.,0.,0.));
#4515=DIRECTION('',(0.,0.,1.));
#4516=DIRECTION('',(-1.,0.,0.));
#4517=DIRECTION('',(0.,0.,1.));
#4518=DIRECTION('',(-1.,0.,0.));
#4519=DIRECTION('',(0.,0.,1.));
#4520=DIRECTION('',(0.,0.,1.));
#4521=DIRECTION('',(1.,0.,0.));
#4522=DIRECTION('',(-1.,0.,0.));
#4523=DIRECTION('',(0.,0.,1.));
#4524=DIRECTION('',(-1.,0.,0.));
#4525=DIRECTION('',(0.,0.,1.));
#4526=DIRECTION('',(-1.,0.,0.));
#4527=DIRECTION('',(0.,0.,1.));
#4528=DIRECTION('',(-1.,0.,0.));
#4529=DIRECTION('',(0.,0.,1.));
#4530=DIRECTION('',(-1.,0.,0.));
#4531=DIRECTION('',(0.,0.,1.));
#4532=DIRECTION('',(-1.,0.,0.));
#4533=DIRECTION('',(0.,0.,1.));
#4534=DIRECTION('',(-1.,0.,0.));
#4535=DIRECTION('',(0.,0.,1.));
#4536=DIRECTION('',(-1.,0.,0.));
#4537=DIRECTION('',(0.,0.,1.));
#4538=DIRECTION('',(-1.,0.,0.));
#4539=DIRECTION('',(0.,0.,1.));
#4540=DIRECTION('',(-1.,0.,0.));
#4541=DIRECTION('',(0.,0.,1.));
#4542=DIRECTION('',(-1.,0.,0.));
#4543=DIRECTION('',(0.,0.,1.));
#4544=DIRECTION('',(-1.,0.,0.));
#4545=DIRECTION('',(0.,0.,1.));
#4546=DIRECTION('',(-1.,0.,0.));
#4547=DIRECTION('',(0.,0.,1.));
#4548=DIRECTION('',(-1.,0.,0.));
#4549=DIRECTION('',(0.,0.,1.));
#4550=DIRECTION('',(-1.,0.,0.));
#4551=DIRECTION('',(0.,0.,1.));
#4552=DIRECTION('',(1.,0.,0.));
#4553=DIRECTION('',(0.,0.,-1.));
#4554=DIRECTION('',(1.,0.,0.));
#4555=DIRECTION('',(0.,0.,-1.));
#4556=DIRECTION('',(-1.43811272619839E-15,0.64278833288818,-0.766043836280167));
#4557=DIRECTION('',(0.,0.766043836280167,0.64278833288818));
#4558=DIRECTION('',(0.,0.766043836280167,0.64278833288818));
#4559=DIRECTION('',(-1.43811272619839E-15,0.64278833288818,-0.766043836280167));
#4560=DIRECTION('',(-1.43811272619839E-15,0.98480779960259,-0.173647913439539));
#4561=DIRECTION('',(0.,0.173647913439539,0.98480779960259));
#4562=DIRECTION('',(-1.,0.,0.));
#4563=DIRECTION('',(0.,0.,1.));
#4564=DIRECTION('',(0.,0.173647913439539,0.98480779960259));
#4565=DIRECTION('',(-1.43811272619839E-15,0.98480779960259,-0.173647913439539));
#4566=DIRECTION('',(-1.0617202737933E-14,0.866025769806515,0.499999366030632));
#4567=DIRECTION('',(1.58986368285741E-14,-0.499999366030632,0.866025769806515));
#4568=DIRECTION('',(-1.0617202737933E-14,0.866025769806515,0.499999366030632));
#4569=DIRECTION('',(-1.43811272619839E-15,0.342020856284351,0.939692361289863));
#4570=DIRECTION('',(0.,-0.939692361289863,0.342020856284351));
#4571=DIRECTION('',(-1.43811272619839E-15,0.342020856284351,0.939692361289863));
#4572=DIRECTION('',(-1.43811272619839E-15,-0.342020853690083,0.939692362234102));
#4573=DIRECTION('',(0.,-0.939692362234102,-0.342020853690083));
#4574=DIRECTION('',(0.,-0.939692362234102,-0.342020853690083));
#4575=DIRECTION('',(-1.43811272619839E-15,-0.342020853690083,0.939692362234102));
#4576=DIRECTION('',(3.15143227966877E-15,-0.866025768426132,0.499999368421528));
#4577=DIRECTION('',(7.94931843962806E-15,-0.499999368421528,-0.866025768426132));
#4578=DIRECTION('',(7.94931843962806E-15,-0.499999368421528,-0.866025768426132));
#4579=DIRECTION('',(3.15143227966877E-15,-0.866025768426132,0.499999368421528));
#4580=DIRECTION('',(-1.43811272619839E-15,-0.984807800081991,-0.173647910720713));
#4581=DIRECTION('',(0.,0.173647910720713,-0.984807800081991));
#4582=DIRECTION('',(-1.43811272619839E-15,-0.984807800081991,-0.173647910720713));
#4583=DIRECTION('',(-1.43811272619839E-15,-0.642788335003054,-0.766043834505573));
#4584=DIRECTION('',(0.,0.766043834505572,-0.642788335003054));
#4585=DIRECTION('',(-1.43811272619839E-15,-0.642788335003054,-0.766043834505573));
#4586=DIRECTION('',(-1.43811272619839E-15,0.,-1.));
#4587=DIRECTION('',(0.,1.,0.));
#4588=DIRECTION('',(-1.43811272619839E-15,0.,-1.));
#4589=DIRECTION('',(-1.,0.,0.));
#4590=DIRECTION('',(0.,0.,1.));
#4591=DIRECTION('',(-1.,0.,0.));
#4592=DIRECTION('',(0.,0.,1.));
#4593=DIRECTION('',(1.,0.,0.));
#4594=DIRECTION('',(0.,0.,-1.));
#4595=DIRECTION('',(-1.,0.,0.));
#4596=DIRECTION('',(0.,0.,1.));
#4597=DIRECTION('',(-1.,0.,0.));
#4598=DIRECTION('',(0.,0.,1.));
#4599=DIRECTION('',(-1.,0.,0.));
#4600=DIRECTION('',(0.,0.,1.));
#4601=DIRECTION('',(-1.,0.,0.));
#4602=DIRECTION('',(0.,0.,1.));
#4603=DIRECTION('',(0.,-1.,2.07057488394245E-9));
#4604=DIRECTION('',(-6.12303176911189E-17,-2.07057488394245E-9,-1.));
#4605=DIRECTION('',(8.15408372228579E-31,1.,-2.07056156687335E-9));
#4606=DIRECTION('',(0.,0.,1.));
#4607=DIRECTION('',(-6.12303176911189E-17,-1.,0.));
#4608=DIRECTION('',(8.15408372228579E-31,1.33170691085088E-14,-1.));
#4609=DIRECTION('',(0.,1.,-6.90196061244665E-10));
#4610=DIRECTION('',(-6.12303176911189E-17,6.90196061244665E-10,1.));
#4611=DIRECTION('',(8.15408372228579E-31,-1.,6.90182744175556E-10));
#4612=DIRECTION('',(4.46540929569752E-25,1.38037904474239E-9,-1.));
#4613=DIRECTION('',(1.54430720503356E-16,1.,1.38037904474239E-9));
#4614=DIRECTION('',(-4.46542986134329E-25,-1.3803923618115E-9,1.));
#4615=DIRECTION('',(-1.,0.,1.79764090774799E-16));
#4616=DIRECTION('',(1.79764090774799E-16,0.,1.));
#4617=DIRECTION('',(0.,1.,0.));
#4618=DIRECTION('',(1.79764090774799E-16,0.,1.));
#4619=DIRECTION('',(8.15408372228579E-31,1.33170691085088E-14,-1.));
#4620=DIRECTION('',(-6.12303176911189E-17,-1.,0.));
#4621=DIRECTION('',(0.,0.,1.));
#4622=DIRECTION('',(1.79764090774799E-16,0.,1.));
#4623=DIRECTION('',(0.,0.,1.));
#4624=DIRECTION('',(1.,0.,0.));
#4625=DIRECTION('',(1.,0.,0.));
#4626=DIRECTION('',(0.,1.,0.));
#4627=DIRECTION('',(1.,0.,0.));
#4628=DIRECTION('',(0.,1.,0.));
#4629=DIRECTION('',(0.906307787036647,0.,0.422618261740705));
#4630=DIRECTION('',(0.422618261740706,0.,-0.906307787036647));
#4631=DIRECTION('',(0.422618261740705,0.,-0.906307787036647));
#4632=DIRECTION('',(0.422618261740705,0.,-0.906307787036647));
#4633=DIRECTION('',(-0.90630778703665,0.,-0.422618261740698));
#4634=DIRECTION('',(-0.422618261740699,0.,0.906307787036651));
#4635=DIRECTION('',(-0.422618261740698,0.,0.90630778703665));
#4636=DIRECTION('',(-0.422618261740698,0.,0.90630778703665));
#4637=DIRECTION('',(0.,1.,0.));
#4638=DIRECTION('',(0.,0.,1.));
#4639=DIRECTION('',(0.,1.,0.));
#4640=DIRECTION('',(0.,0.,1.));
#4641=DIRECTION('',(0.,0.642788335003054,0.766043834505572));
#4642=DIRECTION('',(0.,-0.766043834505573,0.642788335003055));
#4643=DIRECTION('',(1.,0.,0.));
#4644=DIRECTION('',(0.,0.766043834505572,-0.642788335003054));
#4645=DIRECTION('',(1.,0.,0.));
#4646=DIRECTION('',(0.,0.766043834505572,-0.642788335003054));
#4647=DIRECTION('',(0.906307787036647,0.271654088806193,0.32374411375593));
#4648=DIRECTION('',(0.336394232862545,0.,-0.941721253926458));
#4649=DIRECTION('',(0.422618261740705,-0.582564073429589,-0.694271492423813));
#4650=DIRECTION('',(0.422618261740705,-0.582564073429589,-0.694271492423813));
#4651=DIRECTION('',(-1.,1.15550260602471E-16,1.37707173403535E-16));
#4652=DIRECTION('',(1.37707173403535E-16,0.,1.));
#4653=DIRECTION('',(1.79764090774799E-16,0.642788335003054,0.766043834505573));
#4654=DIRECTION('',(1.79764090774799E-16,0.642788335003054,0.766043834505573));
#4655=DIRECTION('',(0.,0.766043834505572,-0.642788335003054));
#4656=DIRECTION('',(-0.90630778703665,-0.271654088806189,-0.323744113755924));
#4657=DIRECTION('',(-0.336394232862539,0.,0.94172125392646));
#4658=DIRECTION('',(-0.422618261740698,0.582564073429591,0.694271492423816));
#4659=DIRECTION('',(-0.422618261740698,0.582564073429591,0.694271492423816));
#4660=DIRECTION('',(0.,0.766043834505573,-0.642788335003054));
#4661=DIRECTION('',(0.,0.642788335003054,0.766043834505573));
#4662=DIRECTION('',(0.,0.766043834505573,-0.642788335003054));
#4663=DIRECTION('',(0.,0.642788335003054,0.766043834505573));
#4664=DIRECTION('',(0.,0.984807800081991,0.173647910720713));
#4665=DIRECTION('',(0.,-0.173647910720713,0.984807800081991));
#4666=DIRECTION('',(1.,0.,0.));
#4667=DIRECTION('',(0.,0.173647910720713,-0.984807800081991));
#4668=DIRECTION('',(1.,0.,0.));
#4669=DIRECTION('',(0.,0.173647910720713,-0.984807800081991));
#4670=DIRECTION('',(0.906307787036647,0.416197760619339,0.0733867781836931));
#4671=DIRECTION('',(-0.417323049274762,0.90875820356353,0.));
#4672=DIRECTION('',(0.422618261740705,-0.892538977948738,-0.157378453688827));
#4673=DIRECTION('',(0.422618261740705,-0.892538977948738,-0.157378453688827));
#4674=DIRECTION('',(-1.,1.77033078769669E-16,3.12156587856525E-17));
#4675=DIRECTION('',(-1.77033078769669E-16,-1.,0.));
#4676=DIRECTION('',(1.79764090774799E-16,0.984807800081991,0.173647910720713));
#4677=DIRECTION('',(1.79764090774799E-16,0.984807800081991,0.173647910720713));
#4678=DIRECTION('',(0.,0.173647910720713,-0.984807800081991));
#4679=DIRECTION('',(-0.90630778703665,-0.416197760619332,-0.0733867781836918));
#4680=DIRECTION('',(0.417323049274755,-0.908758203563533,0.));
#4681=DIRECTION('',(-0.422618261740698,0.892538977948742,0.157378453688828));
#4682=DIRECTION('',(-0.422618261740698,0.892538977948742,0.157378453688828));
#4683=DIRECTION('',(0.,0.173647910720713,-0.984807800081991));
#4684=DIRECTION('',(0.,0.984807800081991,0.173647910720713));
#4685=DIRECTION('',(0.,0.173647910720713,-0.984807800081991));
#4686=DIRECTION('',(0.,0.984807800081991,0.173647910720713));
#4687=DIRECTION('',(-1.,-7.79363810477939E-15,-4.67942693771943E-15));
#4688=DIRECTION('',(7.79363810477939E-15,-1.,0.));
#4689=DIRECTION('',(-4.40978091509236E-15,0.866025768426132,-0.499999368421528));
#4690=DIRECTION('',(7.94931843962806E-15,-0.499999368421528,-0.866025768426132));
#4691=DIRECTION('',(-4.58954500586716E-15,0.866025768426132,-0.499999368421528));
#4692=DIRECTION('',(0.,0.499999368421528,0.866025768426132));
#4693=DIRECTION('',(1.,7.94931843962806E-15,4.58954500586716E-15));
#4694=DIRECTION('',(7.94931843962806E-15,-0.499999368421528,-0.866025768426132));
#4695=DIRECTION('',(1.,7.94931843962806E-15,4.58954500586716E-15));
#4696=DIRECTION('',(7.94931843962806E-15,-0.499999368421528,-0.866025768426132));
#4697=DIRECTION('',(0.906307787036645,0.365998304874918,-0.211308863953753));
#4698=DIRECTION('',(-0.37445371737242,0.927245605838052,0.));
#4699=DIRECTION('',(0.42261826174071,-0.784885897698997,0.453153321113838));
#4700=DIRECTION('',(0.42261826174071,-0.784885897698997,0.453153321113838));
#4701=DIRECTION('',(-1.,-7.79363810477939E-15,-4.67942693771943E-15));
#4702=DIRECTION('',(7.79363810477939E-15,-1.,0.));
#4703=DIRECTION('',(7.94931843962806E-15,-0.499999368421528,-0.866025768426132));
#4704=DIRECTION('',(-4.40978091509236E-15,0.866025768426132,-0.499999368421528));
#4705=DIRECTION('',(-0.906307787036648,-0.365998304874912,0.211308863953749));
#4706=DIRECTION('',(0.374453717372414,-0.927245605838055,0.));
#4707=DIRECTION('',(-0.422618261740703,0.784885897699,-0.45315332111384));
#4708=DIRECTION('',(-0.422618261740703,0.784885897699,-0.45315332111384));
#4709=DIRECTION('',(7.94931843962806E-15,-0.499999368421528,-0.866025768426132));
#4710=DIRECTION('',(0.,0.866025768426132,-0.499999368421528));
#4711=DIRECTION('',(7.94931843962806E-15,-0.499999368421528,-0.866025768426132));
#4712=DIRECTION('',(0.,0.866025768426132,-0.499999368421528));
#4713=DIRECTION('',(-1.,6.14830677896182E-17,-1.68922943105036E-16));
#4714=DIRECTION('',(-1.68922943105036E-16,0.,1.));
#4715=DIRECTION('',(1.79764090774799E-16,0.342020853690083,-0.939692362234102));
#4716=DIRECTION('',(0.,-0.939692362234102,-0.342020853690083));
#4717=DIRECTION('',(0.,0.342020853690083,-0.939692362234102));
#4718=DIRECTION('',(0.,0.939692362234102,0.342020853690083));
#4719=DIRECTION('',(1.,0.,0.));
#4720=DIRECTION('',(0.,-0.939692362234102,-0.342020853690083));
#4721=DIRECTION('',(1.,0.,0.));
#4722=DIRECTION('',(0.,-0.939692362234102,-0.342020853690083));
#4723=DIRECTION('',(0.906307787036647,0.144544258665575,-0.397131152698394));
#4724=DIRECTION('',(-0.401345952975337,0.,-0.915926539647323));
#4725=DIRECTION('',(0.422618261740705,-0.309976163028244,0.851650505311629));
#4726=DIRECTION('',(0.422618261740705,-0.309976163028244,0.851650505311629));
#4727=DIRECTION('',(-1.,6.14830677896182E-17,-1.68922943105036E-16));
#4728=DIRECTION('',(-1.68922943105036E-16,0.,1.));
#4729=DIRECTION('',(0.,-0.939692362234102,-0.342020853690083));
#4730=DIRECTION('',(1.79764090774799E-16,0.342020853690083,-0.939692362234102));
#4731=DIRECTION('',(-0.90630778703665,-0.144544258665573,0.397131152698387));
#4732=DIRECTION('',(0.40134595297533,0.,0.915926539647326));
#4733=DIRECTION('',(-0.422618261740698,0.309976163028245,-0.851650505311632));
#4734=DIRECTION('',(-0.422618261740698,0.309976163028245,-0.851650505311632));
#4735=DIRECTION('',(0.,-0.939692362234102,-0.342020853690083));
#4736=DIRECTION('',(0.,0.342020853690083,-0.939692362234102));
#4737=DIRECTION('',(0.,-0.939692362234102,-0.342020853690083));
#4738=DIRECTION('',(0.,0.342020853690083,-0.939692362234102));
#4739=DIRECTION('',(0.,-0.342020856284351,-0.939692361289863));
#4740=DIRECTION('',(0.,0.939692361289863,-0.342020856284351));
#4741=DIRECTION('',(1.,0.,0.));
#4742=DIRECTION('',(0.,-0.939692361289863,0.342020856284351));
#4743=DIRECTION('',(1.,0.,0.));
#4744=DIRECTION('',(0.,-0.939692361289863,0.342020856284351));
#4745=DIRECTION('',(0.906307787036647,-0.14454425976196,-0.397131152299341));
#4746=DIRECTION('',(-0.40134595263701,0.,-0.915926539795572));
#4747=DIRECTION('',(0.422618261740705,0.30997616537945,0.851650504455858));
#4748=DIRECTION('',(0.422618261740705,0.30997616537945,0.851650504455858));
#4749=DIRECTION('',(-1.,-6.14830682559746E-17,-1.68922942935296E-16));
#4750=DIRECTION('',(-1.68922942935296E-16,0.,1.));
#4751=DIRECTION('',(1.79764090774799E-16,-0.342020856284351,-0.939692361289863));
#4752=DIRECTION('',(1.79764090774799E-16,-0.342020856284351,-0.939692361289863));
#4753=DIRECTION('',(0.,-0.939692361289863,0.342020856284351));
#4754=DIRECTION('',(-0.90630778703665,0.144544259761958,0.397131152299335));
#4755=DIRECTION('',(0.401345952637004,0.,0.915926539795576));
#4756=DIRECTION('',(-0.422618261740698,-0.309976165379451,-0.851650504455861));
#4757=DIRECTION('',(-0.422618261740698,-0.309976165379451,-0.851650504455861));
#4758=DIRECTION('',(0.,-0.939692361289863,0.342020856284351));
#4759=DIRECTION('',(0.,-0.342020856284351,-0.939692361289863));
#4760=DIRECTION('',(0.,-0.939692361289863,0.342020856284351));
#4761=DIRECTION('',(0.,-0.342020856284351,-0.939692361289863));
#4762=DIRECTION('',(9.17909001173465E-15,-0.866025769806515,-0.499999366030632));
#4763=DIRECTION('',(0.,0.499999366030632,-0.866025769806515));
#4764=DIRECTION('',(1.,1.58986368285741E-14,-9.17909001173465E-15));
#4765=DIRECTION('',(1.58986368285741E-14,-0.499999366030632,0.866025769806515));
#4766=DIRECTION('',(1.,1.58986368285741E-14,-9.17909001173465E-15));
#4767=DIRECTION('',(1.58986368285741E-14,-0.499999366030632,0.866025769806515));
#4768=DIRECTION('',(0.906307787036651,-0.365998305458271,-0.211308862943329));
#4769=DIRECTION('',(0.374453717885563,0.927245605630827,0.));
#4770=DIRECTION('',(0.422618261740697,0.784885898950058,0.453153318946944));
#4771=DIRECTION('',(0.422618261740697,0.784885898950058,0.453153318946944));
#4772=DIRECTION('',(-1.,-1.60543171636709E-14,9.08920808031218E-15));
#4773=DIRECTION('',(1.60543171636709E-14,-1.,0.));
#4774=DIRECTION('',(9.35885410250945E-15,-0.866025769806515,-0.499999366030632));
#4775=DIRECTION('',(9.35885410250945E-15,-0.866025769806515,-0.499999366030632));
#4776=DIRECTION('',(1.58986368285741E-14,-0.499999366030632,0.866025769806515));
#4777=DIRECTION('',(-0.906307787036654,0.365998305458265,0.211308862943325));
#4778=DIRECTION('',(-0.374453717885556,-0.92724560563083,0.));
#4779=DIRECTION('',(-0.42261826174069,-0.784885898950061,-0.453153318946946));
#4780=DIRECTION('',(-0.42261826174069,-0.784885898950061,-0.453153318946946));
#4781=DIRECTION('',(1.58986368285741E-14,-0.499999366030632,0.866025769806515));
#4782=DIRECTION('',(0.,-0.866025769806515,-0.499999366030632));
#4783=DIRECTION('',(1.58986368285741E-14,-0.499999366030632,0.866025769806515));
#4784=DIRECTION('',(0.,-0.866025769806515,-0.499999366030632));
#4785=DIRECTION('',(-1.,-1.7703307868349E-16,3.12156592743996E-17));
#4786=DIRECTION('',(1.7703307868349E-16,-1.,0.));
#4787=DIRECTION('',(1.79764090774799E-16,-0.98480779960259,0.173647913439539));
#4788=DIRECTION('',(0.,0.173647913439539,0.98480779960259));
#4789=DIRECTION('',(0.,-0.98480779960259,0.173647913439539));
#4790=DIRECTION('',(0.,-0.173647913439539,-0.98480779960259));
#4791=DIRECTION('',(1.,0.,0.));
#4792=DIRECTION('',(0.,0.173647913439539,0.98480779960259));
#4793=DIRECTION('',(1.,0.,0.));
#4794=DIRECTION('',(0.,0.173647913439539,0.98480779960259));
#4795=DIRECTION('',(0.906307787036647,-0.416197760416735,0.0733867793327184));
#4796=DIRECTION('',(0.417323049106991,0.908758203640575,0.));
#4797=DIRECTION('',(0.422618261740705,0.892538977514253,-0.15737845615292));
#4798=DIRECTION('',(0.422618261740705,0.892538977514253,-0.15737845615292));
#4799=DIRECTION('',(-1.,-1.7703307868349E-16,3.12156592743996E-17));
#4800=DIRECTION('',(1.7703307868349E-16,-1.,0.));
#4801=DIRECTION('',(0.,0.173647913439539,0.98480779960259));
#4802=DIRECTION('',(1.79764090774799E-16,-0.98480779960259,0.173647913439539));
#4803=DIRECTION('',(-0.90630778703665,0.416197760416729,-0.0733867793327171));
#4804=DIRECTION('',(-0.417323049106984,-0.908758203640578,0.));
#4805=DIRECTION('',(-0.422618261740698,-0.892538977514256,0.15737845615292));
#4806=DIRECTION('',(-0.422618261740698,-0.892538977514256,0.15737845615292));
#4807=DIRECTION('',(0.,0.173647913439539,0.98480779960259));
#4808=DIRECTION('',(0.,-0.98480779960259,0.173647913439539));
#4809=DIRECTION('',(0.,0.173647913439539,0.98480779960259));
#4810=DIRECTION('',(0.,-0.98480779960259,0.173647913439539));
#4811=DIRECTION('',(-1.,-1.15550260222292E-16,1.37707173722543E-16));
#4812=DIRECTION('',(1.37707173722543E-16,0.,1.));
#4813=DIRECTION('',(1.79764090774799E-16,-0.64278833288818,0.766043836280167));
#4814=DIRECTION('',(0.,0.766043836280167,0.64278833288818));
#4815=DIRECTION('',(0.,-0.64278833288818,0.766043836280167));
#4816=DIRECTION('',(0.,-0.766043836280167,-0.64278833288818));
#4817=DIRECTION('',(1.,0.,0.));
#4818=DIRECTION('',(0.,0.766043836280167,0.64278833288818));
#4819=DIRECTION('',(1.,0.,0.));
#4820=DIRECTION('',(0.,0.766043836280167,0.64278833288818));
#4821=DIRECTION('',(0.906307787036647,-0.271654087912408,0.323744114505906));
#4822=DIRECTION('',(0.336394233553642,0.,-0.941721253679589));
#4823=DIRECTION('',(0.422618261740705,0.582564071512862,-0.694271494032141));
#4824=DIRECTION('',(0.422618261740705,0.582564071512862,-0.694271494032141));
#4825=DIRECTION('',(-1.,-1.15550260222292E-16,1.37707173722543E-16));
#4826=DIRECTION('',(1.37707173722543E-16,0.,1.));
#4827=DIRECTION('',(0.,0.766043836280167,0.64278833288818));
#4828=DIRECTION('',(1.79764090774799E-16,-0.64278833288818,0.766043836280167));
#4829=DIRECTION('',(-0.90630778703665,0.271654087912404,-0.3237441145059));
#4830=DIRECTION('',(-0.336394233553636,0.,0.941721253679592));
#4831=DIRECTION('',(-0.422618261740698,-0.582564071512864,0.694271494032144));
#4832=DIRECTION('',(-0.422618261740698,-0.582564071512864,0.694271494032144));
#4833=DIRECTION('',(0.,0.766043836280167,0.64278833288818));
#4834=DIRECTION('',(0.,-0.64278833288818,0.766043836280167));
#4835=DIRECTION('',(0.,0.766043836280167,0.64278833288818));
#4836=DIRECTION('',(0.,-0.64278833288818,0.766043836280167));
#4837=DIRECTION('',(0.,0.,-1.));
#4838=DIRECTION('',(-1.,0.,0.));
#4839=DIRECTION('',(-1.,0.,0.));
#4840=DIRECTION('',(-1.,0.,0.));
#4841=DIRECTION('',(0.,-1.,0.));
#4842=DIRECTION('',(0.,0.,-1.));
#4843=DIRECTION('',(0.,1.,1.33170691085088E-14));
#4844=DIRECTION('',(0.,-1.33170691085088E-14,1.));
#4845=DIRECTION('',(0.,-1.,6.90196061244665E-10));
#4846=DIRECTION('',(0.,-6.90196061244665E-10,-1.));
#4847=DIRECTION('',(-1.,0.,0.));
#4848=DIRECTION('',(-6.12303176911189E-17,6.90196061244665E-10,1.));
#4849=DIRECTION('',(-1.,0.,0.));
#4850=DIRECTION('',(0.,6.90196061244665E-10,1.));
#4851=DIRECTION('',(0.,-1.,6.90196061244665E-10));
#4852=DIRECTION('',(0.,1.,-6.90196061244665E-10));
#4853=DIRECTION('',(0.,-6.90182744175556E-10,-1.));
#4854=DIRECTION('',(0.,1.,-6.90182744175556E-10));
#4855=DIRECTION('',(8.15408372228579E-31,-1.,6.90182744175556E-10));
#4856=DIRECTION('',(-1.,-4.22609240991698E-26,-6.12303176911189E-17));
#4857=DIRECTION('',(-6.12303176911189E-17,0.,1.));
#4858=DIRECTION('',(-4.46540929569751E-25,-1.38037904474239E-9,1.));
#4859=DIRECTION('',(0.,-1.,-1.38037904474239E-9));
#4860=DIRECTION('',(-1.,2.15661038194475E-16,-1.48846951678709E-25));
#4861=DIRECTION('',(1.54430720503356E-16,1.,1.38037904474239E-9));
#4862=DIRECTION('',(-1.,2.15661038194475E-16,-1.48846951678709E-25));
#4863=DIRECTION('',(2.15661038194475E-16,1.,1.38037904474239E-9));
#4864=DIRECTION('',(0.,-1.38037904474239E-9,1.));
#4865=DIRECTION('',(4.46540929569752E-25,1.38037904474239E-9,-1.));
#4866=DIRECTION('',(-2.15661038194475E-16,-1.,-1.3803923618115E-9));
#4867=DIRECTION('',(0.,1.3803923618115E-9,-1.));
#4868=DIRECTION('',(-4.46542986134329E-25,-1.3803923618115E-9,1.));
#4869=DIRECTION('',(-1.,1.54430720503356E-16,-2.33367999122449E-25));
#4870=DIRECTION('',(-1.54430720503356E-16,-1.,0.));
#4871=DIRECTION('',(0.,1.,-2.07057488394245E-9));
#4872=DIRECTION('',(0.,2.07057488394245E-9,1.));
#4873=DIRECTION('',(-1.,0.,0.));
#4874=DIRECTION('',(-6.12303176911189E-17,-2.07057488394245E-9,-1.));
#4875=DIRECTION('',(-1.,0.,0.));
#4876=DIRECTION('',(0.,-2.07057488394245E-9,-1.));
#4877=DIRECTION('',(0.,1.,-2.07057488394245E-9));
#4878=DIRECTION('',(0.,-1.,2.07057488394245E-9));
#4879=DIRECTION('',(0.,2.07056156687335E-9,1.));
#4880=DIRECTION('',(0.,-1.,2.07056156687335E-9));
#4881=DIRECTION('',(8.15408372228579E-31,1.,-2.07056156687335E-9));
#4882=DIRECTION('',(-1.,1.26781957947048E-25,6.12303176911189E-17));
#4883=DIRECTION('',(6.12303176911189E-17,0.,1.));
#4884=CARTESIAN_POINT('',(0.,0.,0.));
#4885=CARTESIAN_POINT('',(0.,0.,0.));
#4886=CARTESIAN_POINT('',(0.,-69.2557894743091,-2.47499985660073));
#4887=CARTESIAN_POINT('',(-36.4,-69.2557894743091,-2.47499985660073));
#4888=CARTESIAN_POINT('',(-26.78,-69.2557894743091,-2.47499985660073));
#4889=CARTESIAN_POINT('',(-36.4,0.,0.));
#4890=CARTESIAN_POINT('',(-36.4,-2.47499990440072,-69.2557894726009));
#4891=CARTESIAN_POINT('',(-5.33761069531517E-16,-2.47499990440073,-69.2557894726009));
#4892=CARTESIAN_POINT('',(-26.78,-2.47499990440072,-69.2557894726009));
#4893=CARTESIAN_POINT('',(-26.78,0.,0.));
#4894=CARTESIAN_POINT('',(-26.78,2.47500009559928,-69.255789465768));
#4895=CARTESIAN_POINT('',(5.33761069531332E-16,2.47500009559927,-69.255789465768));
#4896=CARTESIAN_POINT('',(-36.4,2.47500009559928,-69.255789465768));
#4897=CARTESIAN_POINT('',(-36.4,0.,0.));
#4898=CARTESIAN_POINT('',(-36.4,69.2557894674762,-2.47500004780004));
#4899=CARTESIAN_POINT('',(0.,69.2557894674762,-2.47500004780004));
#4900=CARTESIAN_POINT('',(-26.78,69.2557894674762,-2.47500004780004));
#4901=CARTESIAN_POINT('',(-26.78,0.,0.));
#4902=CARTESIAN_POINT('',(-26.78,69.2557894708927,2.47499995219996));
#4903=CARTESIAN_POINT('',(0.,69.2557894708927,2.47499995219996));
#4904=CARTESIAN_POINT('',(-36.4,69.2557894708927,2.47499995219996));
#4905=CARTESIAN_POINT('',(-36.4,0.,0.));
#4906=CARTESIAN_POINT('',(-36.4,2.47499999999997,69.2557894691844));
#4907=CARTESIAN_POINT('',(0.,2.47499999999997,69.2557894691844));
#4908=CARTESIAN_POINT('',(-26.78,2.47499999999997,69.2557894691844));
#4909=CARTESIAN_POINT('',(0.,2.475,69.2557894691844));
#4910=CARTESIAN_POINT('',(-25.9999999999999,2.475,69.2557894691844));
#4911=CARTESIAN_POINT('',(-25.9999999999999,0.,0.));
#4912=CARTESIAN_POINT('',(-25.9999999999999,42.6208547165712,54.6438719640997));
#4913=CARTESIAN_POINT('',(0.,42.6208547165712,54.6438719640998));
#4914=CARTESIAN_POINT('',(-26.78,42.6208547165712,54.6438719640998));
#4915=CARTESIAN_POINT('',(-26.78,0.,0.));
#4916=CARTESIAN_POINT('',(-26.78,46.4127717203882,51.4620697332621));
#4917=CARTESIAN_POINT('',(0.,46.4127717203882,51.4620697332621));
#4918=CARTESIAN_POINT('',(-25.9999999999999,46.4127717203882,51.4620697332621));
#4919=CARTESIAN_POINT('',(-25.9999999999999,0.,0.));
#4920=CARTESIAN_POINT('',(-25.9999999999999,67.7738628775519,14.4635234522846));
#4921=CARTESIAN_POINT('',(0.,67.7738628775519,14.4635234522846));
#4922=CARTESIAN_POINT('',(-26.78,67.7738628775519,14.4635234522846));
#4923=CARTESIAN_POINT('',(-26.78,0.,0.));
#4924=CARTESIAN_POINT('',(-26.78,68.6334201075788,9.58872485456709));
#4925=CARTESIAN_POINT('',(0.,68.6334201075788,9.58872485456709));
#4926=CARTESIAN_POINT('',(-25.9999999999999,68.6334201075788,9.58872485456711));
#4927=CARTESIAN_POINT('',(-25.9999999999999,0.,0.));
#4928=CARTESIAN_POINT('',(-25.9999999999999,61.2147971182627,-32.4844364853376));
#4929=CARTESIAN_POINT('',(-1.96745697207444E-14,61.2147971182628,-32.4844364853374));
#4930=CARTESIAN_POINT('',(-26.7800000000009,61.2147971182627,-32.4844364853376));
#4931=CARTESIAN_POINT('',(-26.7800000000005,0.,0.));
#4932=CARTESIAN_POINT('',(-26.7800000000008,60.0574190662924,-34.5773974598399));
#4933=CARTESIAN_POINT('',(-26.7800000000008,59.9736647752477,-34.722464391604));
#4934=CARTESIAN_POINT('',(-26.7800314675995,60.0016413138316,-34.674142488882));
#4935=CARTESIAN_POINT('',(-26.7800314675995,60.0295594108465,-34.6257868449606));
#4936=CARTESIAN_POINT('',(-26.7800000000008,60.0574190662924,-34.5773974598398));
#4937=CARTESIAN_POINT('',(-26.7800000000008,59.97366477524,-34.7224643916173));
#4938=CARTESIAN_POINT('',(-26.7800000000005,0.,0.));
#4939=CARTESIAN_POINT('',(-26.7800000000008,58.739800295833,-36.7712640686401));
#4940=CARTESIAN_POINT('',(1.96745565554145E-14,58.7398002958331,-36.7712640686399));
#4941=CARTESIAN_POINT('',(-25.9999999999999,58.739800295833,-36.77126406864));
#4942=CARTESIAN_POINT('',(-25.9999999999999,0.,0.));
#4943=CARTESIAN_POINT('',(-25.9999999999999,26.0126629854678,-64.2326347303648));
#4944=CARTESIAN_POINT('',(0.,26.0126629854678,-64.2326347303649));
#4945=CARTESIAN_POINT('',(-26.78,26.0126629854678,-64.2326347303649));
#4946=CARTESIAN_POINT('',(-26.78,0.,0.));
#4947=CARTESIAN_POINT('',(-26.78,23.7821688384425,-65.0914621539554));
#4948=CARTESIAN_POINT('',(-26.78,23.6218855854845,-65.1498006243018));
#4949=CARTESIAN_POINT('',(-26.7800326282133,23.6753372681573,-65.1304202191379));
#4950=CARTESIAN_POINT('',(-26.7800326282133,23.7287650191433,-65.1109740623558));
#4951=CARTESIAN_POINT('',(-26.78,23.7821688384425,-65.0914621539554));
#4952=CARTESIAN_POINT('',(-26.78,23.62188558549,-65.1498006242998));
#4953=CARTESIAN_POINT('',(-26.78,0.,0.));
#4954=CARTESIAN_POINT('',(-26.78,21.3611857964076,-65.9256379671168));
#4955=CARTESIAN_POINT('',(0.,21.3611857964076,-65.9256379671168));
#4956=CARTESIAN_POINT('',(-25.9999999999999,21.3611857964076,-65.9256379671168));
#4957=CARTESIAN_POINT('',(-25.9999999999999,0.,0.));
#4958=CARTESIAN_POINT('',(-25.9999999999999,-21.3611856670009,-65.9256380090471));
#4959=CARTESIAN_POINT('',(0.,-21.3611856670009,-65.9256380090471));
#4960=CARTESIAN_POINT('',(-26.78,-21.3611856670009,-65.9256380090471));
#4961=CARTESIAN_POINT('',(-26.78,0.,0.));
#4962=CARTESIAN_POINT('',(-26.78,-26.0126628593844,-64.2326347814256));
#4963=CARTESIAN_POINT('',(0.,-26.0126628593844,-64.2326347814256));
#4964=CARTESIAN_POINT('',(-25.9999999999999,-26.0126628593844,-64.2326347814256));
#4965=CARTESIAN_POINT('',(-25.9999999999999,0.,0.));
#4966=CARTESIAN_POINT('',(-25.9999999999999,-58.7397995180152,-36.7712653111554));
#4967=CARTESIAN_POINT('',(-3.93491393160539E-14,-58.739799518015,-36.7712653111558));
#4968=CARTESIAN_POINT('',(-26.7800000000005,-58.7397995180152,-36.7712653111554));
#4969=CARTESIAN_POINT('',(-26.7800000000011,0.,0.));
#4970=CARTESIAN_POINT('',(-26.7800000000004,-61.2147964311237,-32.4844377802062));
#4971=CARTESIAN_POINT('',(3.93491129853878E-14,-61.2147964311234,-32.4844377802066));
#4972=CARTESIAN_POINT('',(-25.9999999999999,-61.2147964311236,-32.4844377802062));
#4973=CARTESIAN_POINT('',(-25.9999999999999,0.,0.));
#4974=CARTESIAN_POINT('',(-25.9999999999999,-68.6334203641946,9.58872301778285));
#4975=CARTESIAN_POINT('',(0.,-68.6334203641946,9.58872301778286));
#4976=CARTESIAN_POINT('',(-26.78,-68.6334203641946,9.58872301778286));
#4977=CARTESIAN_POINT('',(-26.78,0.,0.));
#4978=CARTESIAN_POINT('',(-26.78,-68.2560132443997,11.9835994584403));
#4979=CARTESIAN_POINT('',(-26.78,-68.2383108587273,12.0839948339819));
#4980=CARTESIAN_POINT('',(-26.7800116550097,-68.2442362684825,12.0505340490016));
#4981=CARTESIAN_POINT('',(-26.7800116550097,-68.2501370637067,12.0170689238211));
#4982=CARTESIAN_POINT('',(-26.78,-68.2560132443997,11.9835994584403));
#4983=CARTESIAN_POINT('',(-26.78,-68.2383108587235,12.083994834003));
#4984=CARTESIAN_POINT('',(-26.78,0.,0.));
#4985=CARTESIAN_POINT('',(-26.78,-67.7738632646282,14.463521638504));
#4986=CARTESIAN_POINT('',(0.,-67.7738632646282,14.463521638504));
#4987=CARTESIAN_POINT('',(-25.9999999999999,-67.7738632646282,14.463521638504));
#4988=CARTESIAN_POINT('',(-25.9999999999999,0.,0.));
#4989=CARTESIAN_POINT('',(-25.9999999999999,-46.4127723227774,51.4620691899774));
#4990=CARTESIAN_POINT('',(0.,-46.4127723227774,51.4620691899774));
#4991=CARTESIAN_POINT('',(-26.78,-46.4127723227774,51.4620691899774));
#4992=CARTESIAN_POINT('',(-26.78,0.,0.));
#4993=CARTESIAN_POINT('',(-26.78,-44.618235972164,53.0254940451505));
#4994=CARTESIAN_POINT('',(-26.78,-44.4721426271108,53.1480811521349));
#4995=CARTESIAN_POINT('',(-26.7800407889095,-44.5208966348395,53.1072857906025));
#4996=CARTESIAN_POINT('',(-26.7800407889095,-44.5695944165239,53.0664234216077));
#4997=CARTESIAN_POINT('',(-26.78,-44.618235972164,53.0254940451505));
#4998=CARTESIAN_POINT('',(-26.78,-44.4721426271171,53.1480811521296));
#4999=CARTESIAN_POINT('',(-26.78,0.,0.));
#5000=CARTESIAN_POINT('',(-26.78,-42.620855356205,54.6438714652013));
#5001=CARTESIAN_POINT('',(0.,-42.620855356205,54.6438714652013));
#5002=CARTESIAN_POINT('',(-25.9999999999999,-42.620855356205,54.6438714652013));
#5003=CARTESIAN_POINT('',(-25.9999999999999,0.,0.));
#5004=CARTESIAN_POINT('',(-25.9999999999999,-2.475,69.2557894691844));
#5005=CARTESIAN_POINT('',(0.,-2.475,69.2557894691844));
#5006=CARTESIAN_POINT('',(-26.78,-2.47500000000003,69.2557894691844));
#5007=CARTESIAN_POINT('',(0.,-2.47500000000003,69.2557894691844));
#5008=CARTESIAN_POINT('',(-36.4,-2.47500000000003,69.2557894691844));
#5009=CARTESIAN_POINT('',(-36.4,0.,0.));
#5010=CARTESIAN_POINT('',(-36.4,-69.2557894640598,2.47500014339927));
#5011=CARTESIAN_POINT('',(0.,-69.2557894640598,2.47500014339927));
#5012=CARTESIAN_POINT('',(-26.78,-69.2557894640598,2.47500014339927));
#5013=CARTESIAN_POINT('',(-26.78,0.,0.));
#5014=CARTESIAN_POINT('',(0.,0.,0.));
#5015=CARTESIAN_POINT('',(-2.6,0.,0.));
#5016=CARTESIAN_POINT('',(-2.6,-53.0299626174051,63.19852636769));
#5017=CARTESIAN_POINT('',(-2.6,5.13929862265126E-16,82.5));
#5018=CARTESIAN_POINT('',(2.6,-53.029987718306,63.1985562817214));
#5019=CARTESIAN_POINT('',(2.6,-52.7360770555547,63.1728362382995));
#5020=CARTESIAN_POINT('',(2.56243023456958,-52.3579640860119,63.1400794783198));
#5021=CARTESIAN_POINT('',(2.50592662906681,-52.0448084308072,63.1107545419627));
#5022=CARTESIAN_POINT('',(2.47035268607865,-51.884577499224,63.0955870812493));
#5023=CARTESIAN_POINT('',(2.45569026576868,-51.820564566793,63.0895367226532));
#5024=CARTESIAN_POINT('',(2.40242237870496,-51.6204115876576,63.0709785474877));
#5025=CARTESIAN_POINT('',(2.33701175261551,-51.413693295737,63.0516778013268));
#5026=CARTESIAN_POINT('',(2.24292882177697,-51.1595270424229,63.0276518066562));
#5027=CARTESIAN_POINT('',(2.11399767193779,-50.8831247362748,63.000833366519));
#5028=CARTESIAN_POINT('',(2.00092457668985,-50.6711339651088,62.9799686981691));
#5029=CARTESIAN_POINT('',(1.79578010162404,-50.3564029260469,62.9491759986005));
#5030=CARTESIAN_POINT('',(1.59823827763189,-50.1163198595104,62.9252996019811));
#5031=CARTESIAN_POINT('',(1.37804044124707,-49.8984644109094,62.903181220189));
#5032=CARTESIAN_POINT('',(1.17869526342303,-49.7354115362879,62.886373231186));
#5033=CARTESIAN_POINT('',(0.877101150642852,-49.5474733927624,62.8673418195237));
#5034=CARTESIAN_POINT('',(0.493142613792986,-49.3890390747071,62.8511813388041));
#5035=CARTESIAN_POINT('',(-0.00698472372094846,-49.30600084244,62.8419042539208));
#5036=CARTESIAN_POINT('',(-0.503604585471493,-49.3921380830706,62.8514991921844));
#5037=CARTESIAN_POINT('',(-0.886094118302882,-49.5521379939669,62.8678204804103));
#5038=CARTESIAN_POINT('',(-1.18619142124866,-49.740915939045,62.8869360136647));
#5039=CARTESIAN_POINT('',(-1.3848520203222,-49.9045653149738,62.9037990555087));
#5040=CARTESIAN_POINT('',(-1.60411943837167,-50.1228856051853,62.9259576280805));
#5041=CARTESIAN_POINT('',(-1.80084478552088,-50.3633280404273,62.9498631115701));
#5042=CARTESIAN_POINT('',(-2.00497512236305,-50.6780907265358,62.9806494728074));
#5043=CARTESIAN_POINT('',(-2.11779565112812,-50.8906503739643,63.0015641067393));
#5044=CARTESIAN_POINT('',(-2.24626972302655,-51.1675764962501,63.0284250568332));
#5045=CARTESIAN_POINT('',(-2.33999962903254,-51.4223790707743,63.0525010147964));
#5046=CARTESIAN_POINT('',(-2.40507144652747,-51.629455721105,63.0718258762125));
#5047=CARTESIAN_POINT('',(-2.45811222584054,-51.8304386817517,63.0904530757882));
#5048=CARTESIAN_POINT('',(-2.47235124137999,-51.8932610145522,63.0963878422742));
#5049=CARTESIAN_POINT('',(-2.50740432982734,-52.0524253200649,63.1114424956975));
#5050=CARTESIAN_POINT('',(-2.56298049253514,-52.3630031744651,63.1405070057953));
#5051=CARTESIAN_POINT('',(-2.6,-52.7382835310169,63.1730293263765));
#5052=CARTESIAN_POINT('',(-2.6,-53.029987718306,63.1985562817214));
#5053=CARTESIAN_POINT('',(2.6,-53.0299626174051,63.19852636769));
#5054=CARTESIAN_POINT('',(2.6,0.,0.));
#5055=CARTESIAN_POINT('',(2.6,0.,82.5));
#5056=CARTESIAN_POINT('',(2.60000000000003,-6.16297582203915E-30,82.5));
#5057=CARTESIAN_POINT('',(2.60000000000003,-0.291105376613977,82.2088819001827));
#5058=CARTESIAN_POINT('',(2.50313082257379,-0.874701471331209,81.6221487243799));
#5059=CARTESIAN_POINT('',(2.04891371226128,-1.69608333237103,80.7874180945464));
#5060=CARTESIAN_POINT('',(1.23975525448292,-2.38244121398537,80.0827331148288));
#5061=CARTESIAN_POINT('',(0.00777709342677114,-2.70755726792553,79.7464210798321));
#5062=CARTESIAN_POINT('',(-1.23316425678038,-2.3872841615984,80.0777451271087));
#5063=CARTESIAN_POINT('',(-2.04504271188729,-1.69967303107902,80.7837330123991));
#5064=CARTESIAN_POINT('',(-2.50014097599174,-0.885224619817291,81.6115292149783));
#5065=CARTESIAN_POINT('',(-2.60000000000003,-0.291105376613977,82.2088819001827));
#5066=CARTESIAN_POINT('',(-2.60000000000003,-6.16297582203915E-30,82.5));
#5067=CARTESIAN_POINT('',(-2.60747332039605E-15,-42.584677308873,50.7503439421688));
#5068=CARTESIAN_POINT('',(-3.3018387132586E-15,-48.7246416495533,54.0227770753384));
#5069=CARTESIAN_POINT('',(-0.742593747136792,-48.6649371835933,53.9516241999563));
#5070=CARTESIAN_POINT('',(-1.78445939343399,-48.2175213093356,54.190665733223));
#5071=CARTESIAN_POINT('',(-2.48826738068638,-47.2823043044754,54.8845349274716));
#5072=CARTESIAN_POINT('',(-2.65617230974339,-46.5484014249275,55.4776998705274));
#5073=CARTESIAN_POINT('',(-2.48703885893942,-45.8383633921134,56.096288206394));
#5074=CARTESIAN_POINT('',(-1.78288083715795,-44.9939150375814,56.8957874757093));
#5075=CARTESIAN_POINT('',(-0.74192220505944,-44.681563226855,57.2941878759144));
#5076=CARTESIAN_POINT('',(-3.89414541651002E-15,-44.7412137008964,57.3652764063569));
#5077=CARTESIAN_POINT('',(-4.27358521502289E-15,-48.7246165417982,54.0227471531384));
#5078=CARTESIAN_POINT('',(-4.40174818771793E-15,-44.7411886068498,57.365246500494));
#5079=CARTESIAN_POINT('',(-1.58488152528969E-15,-44.7412137008964,57.3652764063569));
#5080=CARTESIAN_POINT('',(0.742612208075853,-44.6815077506787,57.2941217621087));
#5081=CARTESIAN_POINT('',(1.78439196459454,-44.994589211869,56.8950268377021));
#5082=CARTESIAN_POINT('',(2.48811395124987,-45.8401534162011,56.0946416509035));
#5083=CARTESIAN_POINT('',(2.65617280023739,-46.5513083398007,55.4752606775408));
#5084=CARTESIAN_POINT('',(2.48719271346841,-47.2842362214808,54.8830583303538));
#5085=CARTESIAN_POINT('',(1.78294869476587,-48.21838726258,54.1901339810438));
#5086=CARTESIAN_POINT('',(0.741903987371708,-48.6649926402122,53.9516902904543));
#5087=CARTESIAN_POINT('',(-2.66502237770198E-15,-48.7246416495533,54.0227770753384));
#5088=CARTESIAN_POINT('',(-2.6,-53.029987718306,63.1985562817214));
#5089=CARTESIAN_POINT('',(-2.6,-53.0556949161715,62.9046444951419));
#5090=CARTESIAN_POINT('',(-2.56243023456961,-53.0890937192669,62.5265876964825));
#5091=CARTESIAN_POINT('',(-2.50592662906684,-53.1145926115226,62.2130973094325));
#5092=CARTESIAN_POINT('',(-2.47035268607867,-53.1274790849777,62.0526668194924));
#5093=CARTESIAN_POINT('',(-2.45569026576868,-53.1326362529741,61.9885757438591));
#5094=CARTESIAN_POINT('',(-2.40242237870497,-53.1491158400095,61.7882409138036));
#5095=CARTESIAN_POINT('',(-2.33701175261553,-53.1660041795209,61.5813115659442));
#5096=CARTESIAN_POINT('',(-2.24292882177699,-53.1864782199181,61.3268345602769));
#5097=CARTESIAN_POINT('',(-2.11399767193782,-53.2080634461605,61.0499744122175));
#5098=CARTESIAN_POINT('',(-2.00092457668985,-53.2243271690711,60.8375811148609));
#5099=CARTESIAN_POINT('',(-1.79578010162405,-53.2486541558618,60.5222844053802));
#5100=CARTESIAN_POINT('',(-1.59823827763189,-53.2668300280963,60.2817026130067));
#5101=CARTESIAN_POINT('',(-1.37804044124707,-53.282877463522,60.0633160311971));
#5102=CARTESIAN_POINT('',(-1.17869526342303,-53.2946383514793,59.8998215972517));
#5103=CARTESIAN_POINT('',(-0.87710115064284,-53.3085308301573,59.7114338602362));
#5104=CARTESIAN_POINT('',(-0.493142613792974,-53.3201273941613,59.5526002555486));
#5105=CARTESIAN_POINT('',(0.00698472372093936,-53.3254105293048,59.469212601756));
#5106=CARTESIAN_POINT('',(0.503604585471479,-53.3199022873464,59.5557073780969));
#5107=CARTESIAN_POINT('',(0.886094118302867,-53.3081922284413,59.716110714897));
#5108=CARTESIAN_POINT('',(1.18619142124866,-53.2942367649394,59.9053401026727));
#5109=CARTESIAN_POINT('',(1.38485202032218,-53.282426513209,60.0694315356489));
#5110=CARTESIAN_POINT('',(1.60411943837165,-53.2663379399537,60.2882828762139));
#5111=CARTESIAN_POINT('',(1.80084478552086,-53.2481283096515,60.5292236286204));
#5112=CARTESIAN_POINT('',(2.00497512236303,-53.2237895854278,60.8445504037404));
#5113=CARTESIAN_POINT('',(2.11779565112816,-53.2074762857576,61.0575126113768));
#5114=CARTESIAN_POINT('',(2.24626972302658,-53.1858419649203,61.334895999499));
#5115=CARTESIAN_POINT('',(2.33999962903256,-53.1653066339421,61.5900083353779));
#5116=CARTESIAN_POINT('',(2.40507144652747,-53.1483798157103,61.7972947850206));
#5117=CARTESIAN_POINT('',(2.45811222584053,-53.1318240812383,61.9984589734101));
#5118=CARTESIAN_POINT('',(2.47235124137997,-53.12675982044,62.0613574647616));
#5119=CARTESIAN_POINT('',(2.50740432982731,-53.1139474691441,62.2207179441575));
#5120=CARTESIAN_POINT('',(2.5629804925351,-53.0886397326226,62.5316244700831));
#5121=CARTESIAN_POINT('',(2.6,-53.0555019245299,62.9068509790408));
#5122=CARTESIAN_POINT('',(2.6,-53.029987718306,63.1985562817214));
#5123=CARTESIAN_POINT('',(0.,0.,0.));
#5124=CARTESIAN_POINT('',(-2.6,0.,0.));
#5125=CARTESIAN_POINT('',(-2.60000000000001,-81.2465832445239,14.3259410040711));
#5126=CARTESIAN_POINT('',(2.6,-81.2466217012937,14.3259477850265));
#5127=CARTESIAN_POINT('',(2.6,-81.0049404317341,14.4951670577369));
#5128=CARTESIAN_POINT('',(2.56243023456958,-80.6942333058102,14.7131200456974));
#5129=CARTESIAN_POINT('',(2.50592662906681,-80.4354923297174,14.8919482413758));
#5130=CARTESIAN_POINT('',(2.47035268607865,-80.3029987973966,14.9833236603553));
#5131=CARTESIAN_POINT('',(2.45569026576868,-80.2500729260067,15.0198355008345));
#5132=CARTESIAN_POINT('',(2.40242237870496,-80.0848178061769,15.1342748572303));
#5133=CARTESIAN_POINT('',(2.33701175261551,-79.9140560470681,15.2523654692322));
#5134=CARTESIAN_POINT('',(2.24292882177696,-79.7039096914375,15.3973352659446));
#5135=CARTESIAN_POINT('',(2.11399767193779,-79.4749345735368,15.5544589718509));
#5136=CARTESIAN_POINT('',(2.00092457668985,-79.2991285897143,15.674740630873));
#5137=CARTESIAN_POINT('',(1.79578010162404,-79.0382373396411,15.8534570904702));
#5138=CARTESIAN_POINT('',(1.59823827763189,-78.8389754967967,15.9894889953284));
#5139=CARTESIAN_POINT('',(1.37804044124707,-78.6578710360493,16.1125799925444));
#5140=CARTESIAN_POINT('',(1.17869526342302,-78.5221612583107,16.2045126017906));
#5141=CARTESIAN_POINT('',(0.87710115064285,-78.3659590604178,16.310737899131));
#5142=CARTESIAN_POINT('',(0.493142613792984,-78.2342035142446,16.4001977802363));
#5143=CARTESIAN_POINT('',(-0.00698472372095023,-78.1646293113657,16.4464670207286));
#5144=CARTESIAN_POINT('',(-0.503604585471495,-78.2367818057768,16.398449267616));
#5145=CARTESIAN_POINT('',(-0.886094118302884,-78.3698400313152,16.3081062294076));
#5146=CARTESIAN_POINT('',(-1.18619142124867,-78.5267396271594,16.201405559384));
#5147=CARTESIAN_POINT('',(-1.38485202032221,-78.6629417389244,16.1091316997439));
#5148=CARTESIAN_POINT('',(-1.60411943837167,-78.8444281233209,15.9857726962818));
#5149=CARTESIAN_POINT('',(-1.80084478552088,-79.043983955386,15.8495320757064));
#5150=CARTESIAN_POINT('',(-2.00497512236305,-79.3048953743194,15.6707904183499));
#5151=CARTESIAN_POINT('',(-2.11779565112813,-79.48116926012,15.5501813688874));
#5152=CARTESIAN_POINT('',(-2.24626972302655,-79.7105729695412,15.3927535252638));
#5153=CARTESIAN_POINT('',(-2.33999962903255,-79.9212388915347,15.2474129836155));
#5154=CARTESIAN_POINT('',(-2.40507144652747,-80.0922906702427,15.129110496821));
#5155=CARTESIAN_POINT('',(-2.45811222584054,-80.2582259611576,15.014190514819));
#5156=CARTESIAN_POINT('',(-2.47235124137999,-80.310165478683,14.9783554276701));
#5157=CARTESIAN_POINT('',(-2.50740432982735,-80.4417694164964,14.8875792067141));
#5158=CARTESIAN_POINT('',(-2.56298049253514,-80.6983682828497,14.7102084899168));
#5159=CARTESIAN_POINT('',(-2.6,-81.0067548054828,14.4938966779232));
#5160=CARTESIAN_POINT('',(-2.6,-81.2466217012937,14.3259477850265));
#5161=CARTESIAN_POINT('',(2.59999999999999,-81.2465832445239,14.3259410040711));
#5162=CARTESIAN_POINT('',(2.6,0.,0.));
#5163=CARTESIAN_POINT('',(-3.99487992354204E-15,-65.2434949577516,11.5041691916341));
#5164=CARTESIAN_POINT('',(-4.73008604043614E-15,-72.0504609664221,10.0643100066106));
#5165=CARTESIAN_POINT('',(-0.742593747136793,-71.9589885162543,10.04818097096));
#5166=CARTESIAN_POINT('',(-1.78445939343399,-71.7699006897091,10.5188906617638));
#5167=CARTESIAN_POINT('',(-2.48826738068638,-71.4994926554007,11.6515710226284));
#5168=CARTESIAN_POINT('',(-2.65617230974339,-71.3185688827773,12.5777052865334));
#5169=CARTESIAN_POINT('',(-2.48703885893942,-71.1722684824807,13.5079749948362));
#5170=CARTESIAN_POINT('',(-1.78288083715796,-71.0392909565751,14.6632278168244));
#5171=CARTESIAN_POINT('',(-0.741922205059442,-71.0561020866979,15.1691961146965));
#5172=CARTESIAN_POINT('',(-5.51101021457073E-15,-71.1474918165365,15.1853105645441));
#5173=CARTESIAN_POINT('',(-5.70183172419302E-15,-72.050422499151,10.0643032238035));
#5174=CARTESIAN_POINT('',(-6.01861216821785E-15,-71.147453370268,15.1853037854403));
#5175=CARTESIAN_POINT('',(-3.2017463233504E-15,-71.1474918165365,15.1853105645441));
#5176=CARTESIAN_POINT('',(0.742612208075852,-71.0560170923564,15.1691811279244));
#5177=CARTESIAN_POINT('',(1.78439196459454,-71.0393184760419,14.6622117834455));
#5178=CARTESIAN_POINT('',(2.48811395124986,-71.172581336648,13.5055630550592));
#5179=CARTESIAN_POINT('',(2.65617280023739,-71.3192278282585,12.5739682278827));
#5180=CARTESIAN_POINT('',(2.48719271346841,-71.500023452959,11.6491980716563));
#5181=CARTESIAN_POINT('',(1.78294869476587,-71.7702222453191,10.5179266921631));
#5182=CARTESIAN_POINT('',(0.741903987371707,-71.9590734806322,10.0481959524487));
#5183=CARTESIAN_POINT('',(-4.09326970487952E-15,-72.0504609664221,10.0643100066106));
#5184=CARTESIAN_POINT('',(-2.6,-81.2466217012937,14.3259477850265));
#5185=CARTESIAN_POINT('',(-2.6,-81.0773918659284,14.084273911522));
#5186=CARTESIAN_POINT('',(-2.56243023456961,-80.8599668177266,13.7731971179882));
#5187=CARTESIAN_POINT('',(-2.50592662906685,-80.6779925392538,13.5166590540419));
#5188=CARTESIAN_POINT('',(-2.47035268607867,-80.5847415081335,13.3854788402307));
#5189=CARTESIAN_POINT('',(-2.45569026576868,-80.547495214129,13.3330672390292));
#5190=CARTESIAN_POINT('',(-2.40242237870497,-80.4313466745196,13.1690089028532));
#5191=CARTESIAN_POINT('',(-2.33701175261553,-80.3112723867283,12.9996361292787));
#5192=CARTESIAN_POINT('',(-2.242928821777,-80.1633818860381,12.7915348737581));
#5193=CARTESIAN_POINT('',(-2.11399767193782,-80.0019550085643,12.5655728707478));
#5194=CARTESIAN_POINT('',(-2.00092457668985,-79.8778900802172,12.3924159621384));
#5195=CARTESIAN_POINT('',(-1.79578010162405,-79.6938569888235,12.1352474598529));
#5196=CARTESIAN_POINT('',(-1.59823827763189,-79.5531376519307,11.9392677941282));
#5197=CARTESIAN_POINT('',(-1.37804044124707,-79.4250546317787,11.7616587874676));
#5198=CARTESIAN_POINT('',(-1.17869526342303,-79.3289718879964,11.6288549668752));
#5199=CARTESIAN_POINT('',(-0.877101150642842,-79.2185209444755,11.4756115999812));
#5200=CARTESIAN_POINT('',(-0.493142613792975,-79.1253082420557,11.3464838090827));
#5201=CARTESIAN_POINT('',(0.00698472372093781,-79.0757548531779,11.2792091929729));
#5202=CARTESIAN_POINT('',(0.503604585471477,-79.1271330184005,11.3490087001495));
#5203=CARTESIAN_POINT('',(0.886094118302866,-79.2212677821727,11.4794119293493));
#5204=CARTESIAN_POINT('',(1.18619142124866,-79.3322114787365,11.6333405243286));
#5205=CARTESIAN_POINT('',(1.38485202032218,-79.4286401509242,11.7666334033666));
#5206=CARTESIAN_POINT('',(1.60411943837165,-79.5569903985815,11.9446248789568));
#5207=CARTESIAN_POINT('',(1.80084478552086,-79.6979146101552,12.1409012234263));
#5208=CARTESIAN_POINT('',(2.00497512236303,-79.8819580359532,12.3981003020112));
#5209=CARTESIAN_POINT('',(2.11779565112816,-80.006350674462,12.5717248887273));
#5210=CARTESIAN_POINT('',(2.24626972302658,-80.1680762752313,12.7981192744793));
#5211=CARTESIAN_POINT('',(2.33999962903256,-80.316328206645,13.0067466182483));
#5212=CARTESIAN_POINT('',(2.40507144652747,-80.4366025584266,13.1764176814394));
#5213=CARTESIAN_POINT('',(2.45811222584053,-80.553225866514,13.3411602899082));
#5214=CARTESIAN_POINT('',(2.47235124137996,-80.5897767538192,13.3925985984819));
#5215=CARTESIAN_POINT('',(2.50740432982731,-80.6823967768737,13.5229114914297));
#5216=CARTESIAN_POINT('',(2.5629804925351,-80.8628566166391,13.777347329359));
#5217=CARTESIAN_POINT('',(2.6,-81.0786623250389,14.0860882297461));
#5218=CARTESIAN_POINT('',(2.6,-81.2466217012937,14.3259477850265));
#5219=CARTESIAN_POINT('',(0.,0.,0.));
#5220=CARTESIAN_POINT('',(-2.6,0.,0.));
#5221=CARTESIAN_POINT('',(-2.60000000000001,-71.4471438777579,-41.2499591523339));
#5222=CARTESIAN_POINT('',(2.6,-71.4471776960864,-41.249978677322));
#5223=CARTESIAN_POINT('',(2.6,-71.3708108692743,-40.9649995446206));
#5224=CARTESIAN_POINT('',(2.56243023456958,-71.27289251537,-40.5983192764993));
#5225=CARTESIAN_POINT('',(2.50592662906681,-71.1896336734603,-40.2950135206639));
#5226=CARTESIAN_POINT('',(2.47035268607865,-71.1468725712098,-40.1398507305536));
#5227=CARTESIAN_POINT('',(2.45569026576868,-71.1297982981898,-40.0778609607653));
#5228=CARTESIAN_POINT('',(2.40242237870496,-71.076765538342,-39.8839714373114));
#5229=CARTESIAN_POINT('',(2.33701175261551,-71.0218614235987,-39.6837452921625));
#5230=CARTESIAN_POINT('',(2.24292882177696,-70.9540645185133,-39.4376125791712));
#5231=CARTESIAN_POINT('',(2.11399767193779,-70.8796563055382,-39.1700665431003));
#5232=CARTESIAN_POINT('',(2.00092457668985,-70.8222964634375,-38.9649195958672));
#5233=CARTESIAN_POINT('',(1.79578010162404,-70.7373185922283,-38.6603172670835));
#5234=CARTESIAN_POINT('',(1.59823827763189,-70.6721145553863,-38.4280278038429));
#5235=CARTESIAN_POINT('',(1.37804044124707,-70.6125016467029,-38.2173229856338));
#5236=CARTESIAN_POINT('',(1.17869526342303,-70.567634910027,-38.0596660024179));
#5237=CARTESIAN_POINT('',(0.877101150642851,-70.5162572074524,-37.8778879176557));
#5238=CARTESIAN_POINT('',(0.493142613792984,-70.4728301533205,-37.7246668837074));
#5239=CARTESIAN_POINT('',(-0.0069847237209499,-70.4492744361251,-37.6445011771404));
#5240=CARTESIAN_POINT('',(-0.503604585471494,-70.4736813199715,-37.7276636150835));
#5241=CARTESIAN_POINT('',(-0.886094118302884,-70.5175386034635,-37.8823985323481));
#5242=CARTESIAN_POINT('',(-1.18619142124867,-70.5691449810052,-38.0649890522459));
#5243=CARTESIAN_POINT('',(-1.38485202032221,-70.6141695164794,-38.2232239144839));
#5244=CARTESIAN_POINT('',(-1.60411943837167,-70.6739027250084,-38.4343795330577));
#5245=CARTESIAN_POINT('',(-1.80084478552088,-70.7391978111313,-38.667017854351));
#5246=CARTESIAN_POINT('',(-2.00497512236305,-70.8241749358087,-38.9716524500324));
#5247=CARTESIAN_POINT('',(-2.11779565112812,-70.8816827696527,-39.1773509543391));
#5248=CARTESIAN_POINT('',(-2.24626972302655,-70.9562238073327,-39.4454054666045));
#5249=CARTESIAN_POINT('',(-2.33999962903255,-71.0241804137104,-39.6921561573545));
#5250=CARTESIAN_POINT('',(-2.40507144652747,-71.0791705062133,-39.8927310289298));
#5251=CARTESIAN_POINT('',(-2.45811222584054,-71.1324153679624,-40.0874259382923));
#5252=CARTESIAN_POINT('',(-2.47235124137999,-71.1491690575882,-40.1482632692303));
#5253=CARTESIAN_POINT('',(-2.50740432982734,-71.1916338469437,-40.3023952269939));
#5254=CARTESIAN_POINT('',(-2.56298049253514,-71.2741885844628,-40.6032075683368));
#5255=CARTESIAN_POINT('',(-2.6,-71.3713841779386,-40.967138968409));
#5256=CARTESIAN_POINT('',(-2.6,-71.4471776960864,-41.249978677322));
#5257=CARTESIAN_POINT('',(2.59999999999999,-71.4471438777579,-41.2499591523339));
#5258=CARTESIAN_POINT('',(2.6,0.,0.));
#5259=CARTESIAN_POINT('',(-3.51304410198854E-15,-57.3742589367306,-33.1249889793241));
#5260=CARTESIAN_POINT('',(-4.09406948152399E-15,-61.6631792586805,-38.6034142264052));
#5261=CARTESIAN_POINT('',(-0.742593747136793,-61.5827397058007,-38.5569725074103));
#5262=CARTESIAN_POINT('',(-1.78445939343399,-61.7404559017265,-38.0748444946306));
#5263=CARTESIAN_POINT('',(-2.48826738068638,-62.2613831895076,-37.033345543238));
#5264=CARTESIAN_POINT('',(-2.65617230974339,-62.7180943425624,-36.2075895205809));
#5265=CARTESIAN_POINT('',(-2.48703885893942,-63.2039867691037,-35.4009210092688));
#5266=CARTESIAN_POINT('',(-1.78288083715796,-63.844701303564,-34.4304690576303));
#5267=CARTESIAN_POINT('',(-0.741922205059442,-64.182809152224,-34.053680502573));
#5268=CARTESIAN_POINT('',(-5.0894813677139E-15,-64.2631759620398,-34.1000802234114));
#5269=CARTESIAN_POINT('',(-5.06581544937166E-15,-61.6631454311173,-38.6033946960855));
#5270=CARTESIAN_POINT('',(-5.5970836052967E-15,-64.263142152946,-34.100060703755));
#5271=CARTESIAN_POINT('',(-2.78021747649357E-15,-64.2631759620398,-34.1000802234114));
#5272=CARTESIAN_POINT('',(0.742612208075852,-64.1827344094264,-34.0536373498717));
#5273=CARTESIAN_POINT('',(1.78439196459454,-63.8440692918279,-34.4312650741588));
#5274=CARTESIAN_POINT('',(2.48811395124986,-63.2026760663457,-35.4029697624257));
#5275=CARTESIAN_POINT('',(2.65617280023739,-62.7161969923767,-36.2108758374826));
#5276=CARTESIAN_POINT('',(2.48719271346841,-62.2602645027041,-37.0355045203568));
#5277=CARTESIAN_POINT('',(1.78294869476587,-61.7400826008448,-38.075789630522));
#5278=CARTESIAN_POINT('',(0.741903987371707,-61.5828144222487,-38.5570156448988));
#5279=CARTESIAN_POINT('',(-3.45725314596737E-15,-61.6631792586805,-38.6034142264052));
#5280=CARTESIAN_POINT('',(-2.6,-71.4471776960864,-41.249978677322));
#5281=CARTESIAN_POINT('',(-2.6,-71.162195226002,-41.3263330488868));
#5282=CARTESIAN_POINT('',(-2.56243023456961,-70.7956817660626,-41.424873937578));
#5283=CARTESIAN_POINT('',(-2.50592662906685,-70.4913819719068,-41.5044229888344));
#5284=CARTESIAN_POINT('',(-2.47035268607868,-70.3356265621916,-41.5449724110867));
#5285=CARTESIAN_POINT('',(-2.45569026576868,-70.2734047340004,-41.5611806328928));
#5286=CARTESIAN_POINT('',(-2.40242237870497,-70.0789751759315,-41.6121979620209));
#5287=CARTESIAN_POINT('',(-2.33701175261553,-69.8781222673187,-41.664762970522));
#5288=CARTESIAN_POINT('',(-2.242928821777,-69.6310667268412,-41.7291158466272));
#5289=CARTESIAN_POINT('',(-2.11399767193782,-69.3621610579454,-41.798449855678));
#5290=CARTESIAN_POINT('',(-2.00092457668985,-69.1558187465304,-41.8513485509819));
#5291=CARTESIAN_POINT('',(-1.79578010162405,-68.8495365713834,-41.9300571685716));
#5292=CARTESIAN_POINT('',(-1.59823827763189,-68.6157660641363,-41.9897338901183));
#5293=CARTESIAN_POINT('',(-1.37804044124707,-68.4034839631858,-42.0434603167095));
#5294=CARTESIAN_POINT('',(-1.17869526342303,-68.2445157008228,-42.083433307315));
#5295=CARTESIAN_POINT('',(-0.877101150642841,-68.0614024782062,-42.1298282221726));
#5296=CARTESIAN_POINT('',(-0.493142613792975,-67.9069957004489,-42.1688300331223));
#5297=CARTESIAN_POINT('',(0.00698472372093856,-67.8257923322697,-42.1885131557992));
#5298=CARTESIAN_POINT('',(0.503604585471478,-67.9100165281599,-42.1680687949542));
#5299=CARTESIAN_POINT('',(0.886094118302867,-68.0659494814448,-42.1286826296671));
#5300=CARTESIAN_POINT('',(1.18619142124866,-68.2498806307065,-42.0820795343749));
#5301=CARTESIAN_POINT('',(1.38485202032218,-68.4094282501592,-42.0419542611781));
#5302=CARTESIAN_POINT('',(1.60411943837165,-68.6221609054229,-41.9881066164674));
#5303=CARTESIAN_POINT('',(1.80084478552086,-68.8562790571064,-41.9283343163754));
#5304=CARTESIAN_POINT('',(2.00497512236303,-69.1625888029161,-41.8496089187811));
#5305=CARTESIAN_POINT('',(2.11779565112816,-69.369482772424,-41.7965626087419));
#5306=CARTESIAN_POINT('',(2.24626972302658,-69.6388952067701,-41.7270893904207));
#5307=CARTESIAN_POINT('',(2.33999962903256,-69.8865657820819,-41.6625658299118));
#5308=CARTESIAN_POINT('',(2.40507144652747,-70.0877636853724,-41.6099009166164));
#5309=CARTESIAN_POINT('',(2.45811222584053,-70.2829967787279,-41.5586645789921));
#5310=CARTESIAN_POINT('',(2.47235124137996,-70.3440602743385,-41.5427549449439));
#5311=CARTESIAN_POINT('',(2.50740432982731,-70.4987748009856,-41.5024643258943));
#5312=CARTESIAN_POINT('',(2.5629804925351,-70.8005631835858,-41.423552213272));
#5313=CARTESIAN_POINT('',(2.6,-71.1643346748448,-41.3257598337278));
#5314=CARTESIAN_POINT('',(2.6,-71.4471776960864,-41.249978677322));
#5315=CARTESIAN_POINT('',(0.,0.,0.));
#5316=CARTESIAN_POINT('',(-2.6,0.,0.));
#5317=CARTESIAN_POINT('',(-2.6,-28.2167284721232,-77.5246418847832));
#5318=CARTESIAN_POINT('',(2.6,-28.2167418280464,-77.524678579794));
#5319=CARTESIAN_POINT('',(2.6,-28.3414224931165,-77.2572842453921));
#5320=CARTESIAN_POINT('',(2.56243023456958,-28.5021102061236,-76.9134501546602));
#5321=CARTESIAN_POINT('',(2.50592662906681,-28.6332914071116,-76.6275867103615));
#5322=CARTESIAN_POINT('',(2.47035268607865,-28.7002712174152,-76.481238808729));
#5323=CARTESIAN_POINT('',(2.45569026576869,-28.727037819836,-76.422776758197));
#5324=CARTESIAN_POINT('',(2.40242237870496,-28.811042147305,-76.2401599629981));
#5325=CARTESIAN_POINT('',(2.33701175261551,-28.8976860355065,-76.051486150151));
#5326=CARTESIAN_POINT('',(2.24292882177697,-29.0039616451637,-75.8193585396958));
#5327=CARTESIAN_POINT('',(2.11399767193779,-29.1189369173571,-75.5665777050595));
#5328=CARTESIAN_POINT('',(2.00092457668985,-29.2068626397295,-75.3725558279678));
#5329=CARTESIAN_POINT('',(1.79578010162405,-29.3375604088455,-75.0845941804454));
#5330=CARTESIAN_POINT('',(1.59823827763189,-29.4369240017218,-74.8647377783012));
#5331=CARTESIAN_POINT('',(1.37804044124707,-29.526696305406,-74.6650100817004));
#5332=CARTESIAN_POINT('',(1.17869526342303,-29.5936663424961,-74.5153980415805));
#5333=CARTESIAN_POINT('',(0.877101150642853,-29.6711534349417,-74.343122997172));
#5334=CARTESIAN_POINT('',(0.493142613792987,-29.7363749597334,-74.1978345014863));
#5335=CARTESIAN_POINT('',(-0.00698472372094735,-29.7698597543335,-74.1212826833984));
#5336=CARTESIAN_POINT('',(-0.503604585471492,-29.7351007294943,-74.2006772503155));
#5337=CARTESIAN_POINT('',(-0.886094118302881,-29.6692356741132,-74.3474019940223));
#5338=CARTESIAN_POINT('',(-1.18619142124866,-29.5914015336372,-74.5204463892967));
#5339=CARTESIAN_POINT('',(-1.3848520203222,-29.5241809239788,-74.6706025415492));
#5340=CARTESIAN_POINT('',(-1.60411943837167,-29.4342110064453,-74.8707528985199));
#5341=CARTESIAN_POINT('',(-1.80084478552088,-29.3346929197394,-75.0909350667905));
#5342=CARTESIAN_POINT('',(-2.00497512236305,-29.2039738379855,-75.3789209523298));
#5343=CARTESIAN_POINT('',(-2.11779565112812,-29.1158069498266,-75.5734604739181));
#5344=CARTESIAN_POINT('',(-2.24626972302655,-29.0006065850753,-75.8267162019983));
#5345=CARTESIAN_POINT('',(-2.33999962903254,-28.8940560852747,-76.0594198649008));
#5346=CARTESIAN_POINT('',(-2.40507144652746,-28.8072539028407,-76.2484160831318));
#5347=CARTESIAN_POINT('',(-2.45811222584054,-28.7228943627915,-76.4317861762141));
#5348=CARTESIAN_POINT('',(-2.47235124137999,-28.6966229526279,-76.4891593403221));
#5349=CARTESIAN_POINT('',(-2.50740432982734,-28.6300787597117,-76.6345271122943));
#5350=CARTESIAN_POINT('',(-2.56298049253514,-28.4999609193465,-76.9180279006701));
#5351=CARTESIAN_POINT('',(-2.6,-28.3404864779835,-77.2592916548276));
#5352=CARTESIAN_POINT('',(-2.6,-28.2167418280464,-77.524678579794));
#5353=CARTESIAN_POINT('',(2.6,-28.2167284721232,-77.5246418847832));
#5354=CARTESIAN_POINT('',(2.6,0.,0.));
#5355=CARTESIAN_POINT('',(-1.38741182392169E-15,-22.6589029134256,-62.2546777088337));
#5356=CARTESIAN_POINT('',(-1.69137733744024E-15,-22.4229428090717,-69.2082597745783));
#5357=CARTESIAN_POINT('',(-0.74259374713679,-22.3911746957958,-69.1209778067408));
#5358=CARTESIAN_POINT('',(-1.78445939343399,-22.8218982170259,-68.8530243267794));
#5359=CARTESIAN_POINT('',(-2.48826738068638,-23.8904142802083,-68.3900354201865));
#5360=CARTESIAN_POINT('',(-2.65617230974339,-24.7710610520632,-68.0510378545602));
#5361=CARTESIAN_POINT('',(-2.48703885893942,-25.6617927614136,-67.7454195316957));
#5362=CARTESIAN_POINT('',(-1.78288083715795,-26.7764030516288,-67.4138535411991));
#5363=CARTESIAN_POINT('',(-0.741922205059439,-27.2776037030304,-67.342548284856));
#5364=CARTESIAN_POINT('',(-2.82678644091878E-15,-27.309343087779,-67.4297513218996));
#5365=CARTESIAN_POINT('',(-2.66312455854961E-15,-22.4229294495014,-69.2082230695473));
#5366=CARTESIAN_POINT('',(-3.33438993107903E-15,-27.3093297355029,-67.4297146369091));
#5367=CARTESIAN_POINT('',(-5.17522549698459E-16,-27.309343087779,-67.4297513218996));
#5368=CARTESIAN_POINT('',(0.742612208075854,-27.2775741847453,-67.3424671842255));
#5369=CARTESIAN_POINT('',(1.78439196459454,-26.7754072329942,-67.4140570759509));
#5370=CARTESIAN_POINT('',(2.48811395124987,-25.659471791724,-67.7461464642358));
#5371=CARTESIAN_POINT('',(2.65617280023739,-24.7674951937455,-68.0523357262656));
#5372=CARTESIAN_POINT('',(2.48719271346841,-23.8881695526822,-68.3909702146546));
#5373=CARTESIAN_POINT('',(1.78294869476587,-22.8210047303322,-68.8535083897193));
#5374=CARTESIAN_POINT('',(0.74190398737171,-22.3912042036747,-69.1210588787803));
#5375=CARTESIAN_POINT('',(-1.05456100188362E-15,-22.4229428090717,-69.2082597745783));
#5376=CARTESIAN_POINT('',(-2.6,-28.2167418280464,-77.524678579794));
#5377=CARTESIAN_POINT('',(-2.6,-27.9493529431391,-77.3999862282222));
#5378=CARTESIAN_POINT('',(-2.56243023456961,-27.605246477256,-77.2398826267692));
#5379=CARTESIAN_POINT('',(-2.50592662906684,-27.3210061627993,-77.1052206057068));
#5380=CARTESIAN_POINT('',(-2.47035268607867,-27.1756259286558,-77.0361656216657));
#5381=CARTESIAN_POINT('',(-2.45569026576868,-27.1175427980416,-77.0085864212487));
#5382=CARTESIAN_POINT('',(-2.40242237870497,-26.9358078061712,-76.9226910566936));
#5383=CARTESIAN_POINT('',(-2.33701175261553,-26.7481574131072,-76.8338524333372));
#5384=CARTESIAN_POINT('',(-2.24292882177699,-26.517536654854,-76.7243453623037));
#5385=CARTESIAN_POINT('',(-2.11399767193782,-26.2669759163319,-76.604609069198));
#5386=CARTESIAN_POINT('',(-2.00092457668985,-26.0749059069256,-76.5124975447748));
#5387=CARTESIAN_POINT('',(-1.79578010162405,-25.789687220823,-76.3759174642594));
#5388=CARTESIAN_POINT('',(-1.59823827763189,-25.572249162796,-76.2713677054145));
#5389=CARTESIAN_POINT('',(-1.37804044124707,-25.375096955122,-76.1760722369622));
#5390=CARTESIAN_POINT('',(-1.17869526342303,-25.2276260561147,-76.1045104988431));
#5391=CARTESIAN_POINT('',(-0.877101150642838,-25.0575311108534,-76.0223481594275));
#5392=CARTESIAN_POINT('',(-0.493142613792972,-24.9141787740885,-75.9529745202064));
#5393=CARTESIAN_POINT('',(0.00698472372094106,-24.8393213167656,-75.9158561500223));
#5394=CARTESIAN_POINT('',(0.50360458547148,-24.9169821768689,-75.9543331284866));
#5395=CARTESIAN_POINT('',(0.886094118302869,-25.0617506901401,-76.024393341885));
#5396=CARTESIAN_POINT('',(1.18619142124867,-25.2326060193764,-76.1069219589284));
#5397=CARTESIAN_POINT('',(1.38485202032219,-25.3806186170325,-76.178739445359));
#5398=CARTESIAN_POINT('',(1.60411943837165,-25.5781938868449,-76.2742316660631));
#5399=CARTESIAN_POINT('',(1.80084478552087,-25.7959596926693,-76.3789316690222));
#5400=CARTESIAN_POINT('',(2.00497512236303,-26.0812102851041,-76.5155166173877));
#5401=CARTESIAN_POINT('',(2.11779565112816,-26.2737977740563,-76.6078696613364));
#5402=CARTESIAN_POINT('',(2.24626972302658,-26.5248361994355,-76.7278250564938));
#5403=CARTESIAN_POINT('',(2.33999962903256,-26.7560378155327,-76.8375967124438));
#5404=CARTESIAN_POINT('',(2.40507144652747,-26.9440167074204,-76.9265805625832));
#5405=CARTESIAN_POINT('',(2.45811222584053,-27.126508018989,-77.0128246594029));
#5406=CARTESIAN_POINT('',(2.47235124137997,-27.1835118868416,-77.0398880295105));
#5407=CARTESIAN_POINT('',(2.50740432982731,-27.3279284027902,-77.1084722015934));
#5408=CARTESIAN_POINT('',(2.5629804925351,-27.6098354480882,-77.2420078417885));
#5409=CARTESIAN_POINT('',(2.6,-27.9513603116633,-77.4009223310892));
#5410=CARTESIAN_POINT('',(2.6,-28.2167418280464,-77.524678579794));
#5411=CARTESIAN_POINT('',(0.,0.,0.));
#5412=CARTESIAN_POINT('',(-2.6,0.,0.));
#5413=CARTESIAN_POINT('',(-2.6,28.2166858889215,-77.5245244159236));
#5414=CARTESIAN_POINT('',(2.6,28.2166992448446,-77.5245611109344));
#5415=CARTESIAN_POINT('',(2.6,27.9493103602814,-77.3998687586244));
#5416=CARTESIAN_POINT('',(2.56243023456958,27.6052038948402,-77.2397651562214));
#5417=CARTESIAN_POINT('',(2.50592662906682,27.3209635807554,-77.1051031343743));
#5418=CARTESIAN_POINT('',(2.47035268607865,27.1755833468026,-77.0360481499318));
#5419=CARTESIAN_POINT('',(2.45569026576869,27.1175002162647,-77.0084689493545));
#5420=CARTESIAN_POINT('',(2.40242237870496,26.9357652246313,-76.9225735842976));
#5421=CARTESIAN_POINT('',(2.33701175261551,26.7481148318125,-76.8337349604231));
#5422=CARTESIAN_POINT('',(2.24292882177697,26.5174940738616,-76.724227888753));
#5423=CARTESIAN_POINT('',(2.11399767193779,26.2669333356702,-76.6044915949555));
#5424=CARTESIAN_POINT('',(2.00092457668986,26.0748633265182,-76.5123800700021));
#5425=CARTESIAN_POINT('',(1.79578010162405,25.7896446407926,-76.3757999886993));
#5426=CARTESIAN_POINT('',(1.5982382776319,25.5722065830543,-76.271250229254));
#5427=CARTESIAN_POINT('',(1.37804044124707,25.3750543756434,-76.1759547602574));
#5428=CARTESIAN_POINT('',(1.17869526342303,25.2275834768336,-76.1043930217312));
#5429=CARTESIAN_POINT('',(0.877101150642856,25.0574885317992,-76.0222306818461));
#5430=CARTESIAN_POINT('',(0.49314261379299,24.9141361952258,-75.9528570422291));
#5431=CARTESIAN_POINT('',(-0.00698472372094389,24.8392787380054,-75.9157386718383));
#5432=CARTESIAN_POINT('',(-0.503604585471489,24.9169395980025,-75.9542156505171));
#5433=CARTESIAN_POINT('',(-0.886094118302878,25.0617081110802,-76.0242758643152));
#5434=CARTESIAN_POINT('',(-1.18619142124866,25.2325634400887,-76.1068044818303));
#5435=CARTESIAN_POINT('',(-1.3848520203222,25.3805760375465,-76.1786219686695));
#5436=CARTESIAN_POINT('',(-1.60411943837167,25.5781513070953,-76.274114189919));
#5437=CARTESIAN_POINT('',(-1.80084478552087,25.7959171126306,-76.3788141934794));
#5438=CARTESIAN_POINT('',(-2.00497512236305,26.0811677046884,-76.5153991426324));
#5439=CARTESIAN_POINT('',(-2.11779565112812,26.2737551933855,-76.6077521871128));
#5440=CARTESIAN_POINT('',(-2.24626972302655,26.5247936184335,-76.7277075829632));
#5441=CARTESIAN_POINT('',(-2.33999962903254,26.7559952342277,-76.8374792395515));
#5442=CARTESIAN_POINT('',(-2.40507144652746,26.9439741258697,-76.9264630902098));
#5443=CARTESIAN_POINT('',(-2.45811222584053,27.1264654372003,-77.0127071875335));
#5444=CARTESIAN_POINT('',(-2.47235124137999,27.1834693049782,-77.0397705577984));
#5445=CARTESIAN_POINT('',(-2.50740432982734,27.3278858207375,-77.1083547302801));
#5446=CARTESIAN_POINT('',(-2.56298049253513,27.6097928656669,-77.2418903712535));
#5447=CARTESIAN_POINT('',(-2.6,27.9513177288033,-77.4008048614971));
#5448=CARTESIAN_POINT('',(-2.6,28.2166992448446,-77.5245611109344));
#5449=CARTESIAN_POINT('',(2.6,28.2166858889215,-77.5245244159236));
#5450=CARTESIAN_POINT('',(2.6,0.,0.));
#5451=CARTESIAN_POINT('',(1.38740921911973E-15,22.6588603723809,-62.2545602246301));
#5452=CARTESIAN_POINT('',(1.35374372185357E-15,27.3093005324471,-67.4296338505349));
#5453=CARTESIAN_POINT('',(-0.742593747136787,27.2775324194121,-67.3423518826097));
#5454=CARTESIAN_POINT('',(-1.78445939343399,26.7753419910117,-67.4139521115705));
#5455=CARTESIAN_POINT('',(-2.48826738068637,25.6592081689592,-67.7461126091876));
#5456=CARTESIAN_POINT('',(-2.65617230974339,24.7666906321983,-68.0524955931365));
#5457=CARTESIAN_POINT('',(-2.48703885893942,23.8879033973268,-68.3909310125883));
#5458=CARTESIAN_POINT('',(-1.78288083715795,22.8209365682597,-68.8533960283229));
#5459=CARTESIAN_POINT('',(-0.741922205059436,22.3911608643219,-69.120939252592));
#5460=CARTESIAN_POINT('',(2.18334618074337E-16,22.4229002488297,-69.2081422897233));
#5461=CARTESIAN_POINT('',(3.81994864722734E-16,27.3092871728769,-67.4295971455039));
#5462=CARTESIAN_POINT('',(-2.89270507214124E-16,22.4228868965537,-69.2081056047327));
#5463=CARTESIAN_POINT('',(2.52759850929466E-15,22.4229002488297,-69.2081422897233));
#5464=CARTESIAN_POINT('',(0.742612208075857,22.391131346037,-69.1208581519614));
#5465=CARTESIAN_POINT('',(1.78439196459455,22.8218302384743,-68.8529118437549));
#5466=CARTESIAN_POINT('',(2.48811395124987,23.8901486250737,-68.3899959812615));
#5467=CARTESIAN_POINT('',(2.6561728002374,24.7702564920329,-68.0511977255987));
#5468=CARTESIAN_POINT('',(2.48719271346841,25.6615286032077,-67.7453858167398));
#5469=CARTESIAN_POINT('',(1.78294869476588,26.7763375908802,-67.4137486016116));
#5470=CARTESIAN_POINT('',(0.741903987371713,27.2775619272908,-67.3424329546493));
#5471=CARTESIAN_POINT('',(1.99056005741019E-15,27.3093005324471,-67.4296338505349));
#5472=CARTESIAN_POINT('',(-2.6,28.2166992448446,-77.5245611109344));
#5473=CARTESIAN_POINT('',(-2.6,28.3413799106529,-77.2571667768769));
#5474=CARTESIAN_POINT('',(-2.56243023456961,28.5020676246091,-76.9133326865887));
#5475=CARTESIAN_POINT('',(-2.50592662906684,28.6332488263864,-76.6274692426521));
#5476=CARTESIAN_POINT('',(-2.47035268607867,28.7002286370941,-76.4811213412045));
#5477=CARTESIAN_POINT('',(-2.45569026576867,28.7269952396763,-76.4226592907462));
#5478=CARTESIAN_POINT('',(-2.40242237870497,28.8109995676494,-76.2400424957793));
#5479=CARTESIAN_POINT('',(-2.33701175261553,28.8976434563719,-76.0513686831714));
#5480=CARTESIAN_POINT('',(-2.24292882177699,29.0039190666699,-75.8192410730096));
#5481=CARTESIAN_POINT('',(-2.11399767193782,29.1188943395612,-75.5664602386907));
#5482=CARTESIAN_POINT('',(-2.00092457668984,29.2068200624693,-75.3724383618417));
#5483=CARTESIAN_POINT('',(-1.79578010162404,29.3375178323802,-75.0844767146802));
#5484=CARTESIAN_POINT('',(-1.59823827763189,29.4368814258635,-74.8646203128103));
#5485=CARTESIAN_POINT('',(-1.37804044124706,29.5266537300991,-74.6648926164573));
#5486=CARTESIAN_POINT('',(-1.17869526342302,29.5936237676023,-74.5152805765224));
#5487=CARTESIAN_POINT('',(-0.877101150642835,29.6711108605235,-74.3430055323277));
#5488=CARTESIAN_POINT('',(-0.493142613792969,29.7363323857163,-74.1977170368221));
#5489=CARTESIAN_POINT('',(0.00698472372094445,29.7698171805277,-74.1211652188266));
#5490=CARTESIAN_POINT('',(0.503604585471484,29.7350581554693,-74.2005597856478));
#5491=CARTESIAN_POINT('',(0.886094118302872,29.6691930996832,-74.3472845291727));
#5492=CARTESIAN_POINT('',(1.18619142124867,29.5913589587294,-74.5203289242323));
#5493=CARTESIAN_POINT('',(1.38485202032219,29.5241383486565,-74.6704850762992));
#5494=CARTESIAN_POINT('',(1.60411943837165,29.4341684305704,-74.8706354330215));
#5495=CARTESIAN_POINT('',(1.80084478552087,29.3346503432566,-75.0908176010174));
#5496=CARTESIAN_POINT('',(2.00497512236304,29.2039312607077,-75.3788034861957));
#5497=CARTESIAN_POINT('',(2.11779565112816,29.1157643720116,-75.5733430075408));
#5498=CARTESIAN_POINT('',(2.24626972302659,29.0005640065612,-75.8265987353029));
#5499=CARTESIAN_POINT('',(2.33999962903257,28.8940135061181,-76.0593023979112));
#5500=CARTESIAN_POINT('',(2.40507144652748,28.8072113231623,-76.2482986159025));
#5501=CARTESIAN_POINT('',(2.45811222584054,28.7228517826069,-76.4316687087519));
#5502=CARTESIAN_POINT('',(2.47235124137997,28.696580372285,-76.4890418727873));
#5503=CARTESIAN_POINT('',(2.50740432982731,28.6300361789675,-76.6344096445757));
#5504=CARTESIAN_POINT('',(2.56298049253511,28.4999183378196,-76.9179104325922));
#5505=CARTESIAN_POINT('',(2.6,28.3404438955144,-77.2591741863095));
#5506=CARTESIAN_POINT('',(2.6,28.2166992448446,-77.5245611109344));
#5507=CARTESIAN_POINT('',(0.,0.,0.));
#5508=CARTESIAN_POINT('',(-2.6,0.,0.));
#5509=CARTESIAN_POINT('',(-2.6,71.4470403897779,-41.2498973899946));
#5510=CARTESIAN_POINT('',(2.6,71.4470742081064,-41.2499169149827));
#5511=CARTESIAN_POINT('',(2.6,71.1620917378111,-41.3262712857608));
#5512=CARTESIAN_POINT('',(2.56243023456959,70.7955782775996,-41.4248121734403));
#5513=CARTESIAN_POINT('',(2.50592662906682,70.4912784832242,-41.5043612238565));
#5514=CARTESIAN_POINT('',(2.47035268607866,70.3355230733971,-41.5449106456788));
#5515=CARTESIAN_POINT('',(2.45569026576869,70.2733012451613,-41.561118867313));
#5516=CARTESIAN_POINT('',(2.40242237870497,70.0788716869515,-41.6121361959044));
#5517=CARTESIAN_POINT('',(2.33701175261552,69.8780187781936,-41.664701203851));
#5518=CARTESIAN_POINT('',(2.24292882177697,69.6309632375384,-41.7290540792741));
#5519=CARTESIAN_POINT('',(2.1139976719378,69.3620575684511,-41.7983880875825));
#5520=CARTESIAN_POINT('',(2.00092457668986,69.1557152568902,-41.8512867823167));
#5521=CARTESIAN_POINT('',(1.79578010162405,68.8494330815259,-41.9299953990609));
#5522=CARTESIAN_POINT('',(1.5982382776319,68.615662574114,-41.9896721199622));
#5523=CARTESIAN_POINT('',(1.37804044124707,68.4033804730152,-42.0433985459674));
#5524=CARTESIAN_POINT('',(1.17869526342303,68.2444122105418,-42.083371536134));
#5525=CARTESIAN_POINT('',(0.877101150642859,68.0612989877972,-42.129766450486));
#5526=CARTESIAN_POINT('',(0.493142613792993,67.9068922099322,-42.1687682610095));
#5527=CARTESIAN_POINT('',(-0.00698472372094137,67.8256888416986,-42.1884513834622));
#5528=CARTESIAN_POINT('',(-0.503604585471486,67.9099130376453,-42.1680070228496));
#5529=CARTESIAN_POINT('',(-0.886094118302875,68.0658459910389,-42.1286208579931));
#5530=CARTESIAN_POINT('',(-1.18619142124866,68.2497771404293,-42.0820177632087));
#5531=CARTESIAN_POINT('',(-1.3848520203222,68.4093247599927,-42.0418924904524));
#5532=CARTESIAN_POINT('',(-1.60411943837166,68.6220574154051,-41.9880448463289));
#5533=CARTESIAN_POINT('',(-1.80084478552087,68.8561755672536,-41.9282725468833));
#5534=CARTESIAN_POINT('',(-2.00497512236304,69.1624853132807,-41.8495471501346));
#5535=CARTESIAN_POINT('',(-2.11779565112812,69.369379282935,-41.7965008406667));
#5536=CARTESIAN_POINT('',(-2.24626972302654,69.6387917174729,-41.7270276230892));
#5537=CARTESIAN_POINT('',(-2.33999962903254,69.8864622929627,-41.6625040632641));
#5538=CARTESIAN_POINT('',(-2.40507144652746,70.0876601963988,-41.6098391505242));
#5539=CARTESIAN_POINT('',(-2.45811222584053,70.2828932898957,-41.5586028134389));
#5540=CARTESIAN_POINT('',(-2.47235124137998,70.3439567855503,-41.5426931795591));
#5541=CARTESIAN_POINT('',(-2.50740432982734,70.4986713123087,-41.5024025609368));
#5542=CARTESIAN_POINT('',(-2.56298049253513,70.8004596951268,-41.4234904491476));
#5543=CARTESIAN_POINT('',(-2.6,71.1642311866558,-41.3256980706077));
#5544=CARTESIAN_POINT('',(-2.6,71.4470742081064,-41.2499169149827));
#5545=CARTESIAN_POINT('',(2.6,71.4470403897779,-41.2498973899946));
#5546=CARTESIAN_POINT('',(2.6,0.,0.));
#5547=CARTESIAN_POINT('',(3.51303776676011E-15,57.3741554711818,-33.1249271781327));
#5548=CARTESIAN_POINT('',(3.61643491893216E-15,64.2630724937991,-34.1000184412388));
#5549=CARTESIAN_POINT('',(-0.742593747136785,64.1826329410475,-34.0535767220218));
#5550=CARTESIAN_POINT('',(-1.78445939343399,63.8439564839385,-34.4312274555896));
#5551=CARTESIAN_POINT('',(-2.48826738068637,63.2024569981531,-35.4031141334714));
#5552=CARTESIAN_POINT('',(-2.65617230974339,62.7156880630721,-36.2115163168672));
#5553=CARTESIAN_POINT('',(-2.48703885893941,62.2600400574377,-37.0356464232668));
#5554=CARTESIAN_POINT('',(-1.78288083715795,61.7399628013265,-38.0757482225073));
#5555=CARTESIAN_POINT('',(-0.741922205059434,61.5827089683193,-38.5569527159944));
#5556=CARTESIAN_POINT('',(2.62102303198099E-15,61.6630757780071,-38.6033524370546));
#5557=CARTESIAN_POINT('',(2.64468480853962E-15,64.263038666236,-34.099998910919));
#5558=CARTESIAN_POINT('',(2.11341665411509E-15,61.6630419689133,-38.6033329173981));
#5559=CARTESIAN_POINT('',(4.93028692320132E-15,61.6630757780071,-38.6033524370546));
#5560=CARTESIAN_POINT('',(0.74261220807586,61.5826342255219,-38.5569095632928));
#5561=CARTESIAN_POINT('',(1.78439196459455,61.7403361646125,-38.0748028754785));
#5562=CARTESIAN_POINT('',(2.48811395124987,62.2611589751829,-37.0334869431679));
#5563=CARTESIAN_POINT('',(2.6561728002374,62.7175854170986,-36.208230002183));
#5564=CARTESIAN_POINT('',(2.48719271346841,63.2037673807892,-35.4010658318063));
#5565=CARTESIAN_POINT('',(1.78294869476588,63.8445883440265,-34.4304315986737));
#5566=CARTESIAN_POINT('',(0.741903987371715,64.1827076574954,-34.0536198595104));
#5567=CARTESIAN_POINT('',(4.25325125448879E-15,64.2630724937991,-34.1000184412388));
#5568=CARTESIAN_POINT('',(-2.6,71.4470742081064,-41.2499169149827));
#5569=CARTESIAN_POINT('',(-2.6,71.3707073820811,-40.9649377820707));
#5570=CARTESIAN_POINT('',(-2.56243023456961,71.2727890291892,-40.5982575136791));
#5571=CARTESIAN_POINT('',(-2.50592662906684,71.1895301881168,-40.2949517576138));
#5572=CARTESIAN_POINT('',(-2.47035268607867,71.1467690862947,-40.1397889673853));
#5573=CARTESIAN_POINT('',(-2.45569026576867,71.1296948134458,-40.0777991975498));
#5574=CARTESIAN_POINT('',(-2.40242237870496,71.0766620541332,-39.8839096739496));
#5575=CARTESIAN_POINT('',(-2.33701175261552,71.0217579399427,-39.6836835286491));
#5576=CARTESIAN_POINT('',(-2.24292882177699,70.9539610355369,-39.4375508154706));
#5577=CARTESIAN_POINT('',(-2.11399767193781,70.8795528233004,-39.1700047791943));
#5578=CARTESIAN_POINT('',(-2.00092457668984,70.8221929817661,-38.9648578318028));
#5579=CARTESIAN_POINT('',(-1.79578010162404,70.7372151113978,-38.6602555027845));
#5580=CARTESIAN_POINT('',(-1.59823827763189,70.672011075197,-38.4279660393639));
#5581=CARTESIAN_POINT('',(-1.37804044124706,70.6123981670954,-38.2172612209902));
#5582=CARTESIAN_POINT('',(-1.17869526342302,70.5675314308548,-38.0596042376505));
#5583=CARTESIAN_POINT('',(-0.877101150642833,70.516153728782,-37.8778261527464));
#5584=CARTESIAN_POINT('',(-0.493142613792966,70.4727266750731,-37.7246051186782));
#5585=CARTESIAN_POINT('',(0.006984723720947,70.449170958099,-37.6444394120462));
#5586=CARTESIAN_POINT('',(0.503604585471486,70.4735778417159,-37.7276018500567));
#5587=CARTESIAN_POINT('',(0.886094118302875,70.5174351247807,-37.8823367674423));
#5588=CARTESIAN_POINT('',(1.18619142124867,70.5690415018183,-38.0649272874826));
#5589=CARTESIAN_POINT('',(1.38485202032219,70.6140660368555,-38.2231621498449));
#5590=CARTESIAN_POINT('',(1.60411943837166,70.6737992448017,-38.4343177685836));
#5591=CARTESIAN_POINT('',(1.80084478552087,70.7390943302823,-38.6669560900572));
#5592=CARTESIAN_POINT('',(2.00497512236304,70.8240714541187,-38.9715906859732));
#5593=CARTESIAN_POINT('',(2.11779565112817,70.8815792873948,-39.1772891904388));
#5594=CARTESIAN_POINT('',(2.24626972302659,70.9561203243348,-39.4453437029099));
#5595=CARTESIAN_POINT('',(2.33999962903257,71.0240769300312,-39.6920943938476));
#5596=CARTESIAN_POINT('',(2.40507144652748,71.0790670219804,-39.8926692655747));
#5597=CARTESIAN_POINT('',(2.45811222584054,71.132311883192,-40.0873641750841));
#5598=CARTESIAN_POINT('',(2.47235124137997,71.1490655726498,-40.1482015060683));
#5599=CARTESIAN_POINT('',(2.50740432982732,71.1915303615798,-40.302333463949));
#5600=CARTESIAN_POINT('',(2.56298049253511,71.2740850982684,-40.6031458055197));
#5601=CARTESIAN_POINT('',(2.6,71.3712806907395,-40.9670772058604));
#5602=CARTESIAN_POINT('',(2.6,71.4470742081064,-41.2499169149827));
#5603=CARTESIAN_POINT('',(0.,0.,0.));
#5604=CARTESIAN_POINT('',(-2.6,0.,0.));
#5605=CARTESIAN_POINT('',(-2.6,81.2466268159168,14.3259509272362));
#5606=CARTESIAN_POINT('',(2.6,81.2466652726866,14.3259577081916));
#5607=CARTESIAN_POINT('',(2.6,81.077435436654,14.0842838351542));
#5608=CARTESIAN_POINT('',(2.56243023456959,80.8600103875934,13.7732070422206));
#5609=CARTESIAN_POINT('',(2.50592662906682,80.6780361084123,13.5166689787767));
#5610=CARTESIAN_POINT('',(2.47035268607866,80.5847850769299,13.385488765223));
#5611=CARTESIAN_POINT('',(2.45569026576869,80.5475387827808,13.3330771641244));
#5612=CARTESIAN_POINT('',(2.40242237870497,80.4313902427185,13.1690188282691));
#5613=CARTESIAN_POINT('',(2.33701175261552,80.3113159544596,12.999646055026));
#5614=CARTESIAN_POINT('',(2.24292882177697,80.1634254531948,12.7915447999137));
#5615=CARTESIAN_POINT('',(2.1139976719378,80.0019985750971,12.5655827973491));
#5616=CARTESIAN_POINT('',(2.00092457668986,79.8779336462721,12.3924258890823));
#5617=CARTESIAN_POINT('',(1.79578010162405,79.6939005541683,12.1352573873049));
#5618=CARTESIAN_POINT('',(1.5982382776319,79.5531812167345,11.9392777219686));
#5619=CARTESIAN_POINT('',(1.37804044124708,79.4250981960921,11.7616687156617));
#5620=CARTESIAN_POINT('',(1.17869526342303,79.3290154519432,11.6288648953345));
#5621=CARTESIAN_POINT('',(0.87710115064286,79.2185645079992,11.4756215287455));
#5622=CARTESIAN_POINT('',(0.493142613792993,79.1253518052229,11.3464937381042));
#5623=CARTESIAN_POINT('',(-0.00698472372094038,79.0757984161595,11.2792191221313));
#5624=CARTESIAN_POINT('',(-0.503604585471486,79.1271765815748,11.349018629166));
#5625=CARTESIAN_POINT('',(-0.886094118302874,79.2213113457069,11.479421858106));
#5626=CARTESIAN_POINT('',(-1.18619142124866,79.3322550426957,11.633350452779));
#5627=CARTESIAN_POINT('',(-1.3848520203222,79.4286837152513,11.7666433315508));
#5628=CARTESIAN_POINT('',(-1.60411943837166,79.5570339634001,11.9446348067866));
#5629=CARTESIAN_POINT('',(-1.80084478552087,79.6979581755156,12.140911150867));
#5630=CARTESIAN_POINT('',(-2.00497512236304,79.8820016020238,12.3981102289438));
#5631=CARTESIAN_POINT('',(-2.11779565112812,80.0063942410118,12.5717348153164));
#5632=CARTESIAN_POINT('',(-2.24626972302654,80.1681198424061,12.7981292006219));
#5633=CARTESIAN_POINT('',(-2.33999962903254,80.3163717743958,13.0067565439816));
#5634=CARTESIAN_POINT('',(-2.40507144652746,80.4366461266459,13.1764276068408));
#5635=CARTESIAN_POINT('',(-2.45811222584053,80.5532694351881,13.3411702149876));
#5636=CARTESIAN_POINT('',(-2.47235124137998,80.5898203226354,13.3926085234605));
#5637=CARTESIAN_POINT('',(-2.50740432982734,80.6824403460497,13.5229214161526));
#5638=CARTESIAN_POINT('',(-2.56298049253513,80.8629001865176,13.7773572535837));
#5639=CARTESIAN_POINT('',(-2.6,81.0787058957697,14.0860981533749));
#5640=CARTESIAN_POINT('',(-2.6,81.2466652726866,14.3259577081916));
#5641=CARTESIAN_POINT('',(2.6,81.2466268159168,14.3259509272362));
#5642=CARTESIAN_POINT('',(2.6,0.,0.));
#5643=CARTESIAN_POINT('',(3.99488259095527E-15,65.2435385213542,11.5041791589805));
#5644=CARTESIAN_POINT('',(4.03797276921776E-15,71.1475353903019,15.1853205155908));
#5645=CARTESIAN_POINT('',(-0.742593747136784,71.0560629400897,15.1691914801927));
#5646=CARTESIAN_POINT('',(-1.78445939343399,71.0393704272618,14.6621972206791));
#5647=CARTESIAN_POINT('',(-2.48826738068637,71.1726688682148,13.5053407773179));
#5648=CARTESIAN_POINT('',(-2.65617230974339,71.3194122050578,12.5731795898769));
#5649=CARTESIAN_POINT('',(-2.48703885893941,71.5001052789596,11.6489742283059));
#5650=CARTESIAN_POINT('',(-1.78288083715795,71.7702664048303,10.5179105381558));
#5651=CARTESIAN_POINT('',(-0.741922205059433,71.9591147961664,10.0482055055691));
#5652=CARTESIAN_POINT('',(3.2570485942175E-15,72.0505045260495,10.0643199551644));
#5653=CARTESIAN_POINT('',(3.06622237473442E-15,71.1474969230308,15.1853137327838));
#5654=CARTESIAN_POINT('',(2.7494419324159E-15,72.0504660797809,10.0643131760607));
#5655=CARTESIAN_POINT('',(5.56631248543782E-15,72.0505045260495,10.0643199551644));
#5656=CARTESIAN_POINT('',(0.74261220807586,71.9590298018249,10.0481905187972));
#5657=CARTESIAN_POINT('',(1.78439196459455,71.7699447613083,10.5188747096099));
#5658=CARTESIAN_POINT('',(2.48811395124987,71.4995743350041,11.6513477130297));
#5659=CARTESIAN_POINT('',(2.6561728002374,71.3187532639443,12.5769166492978));
#5660=CARTESIAN_POINT('',(2.48719271346841,71.1723560590326,13.5077521654616));
#5661=CARTESIAN_POINT('',(1.78294869476588,71.0393428942226,14.6632130343102));
#5662=CARTESIAN_POINT('',(0.741903987371715,71.0561479044676,15.1692064616812));
#5663=CARTESIAN_POINT('',(4.67478910477438E-15,71.1475353903019,15.1853205155908));
#5664=CARTESIAN_POINT('',(-2.6,81.2466652726866,14.3259577081916));
#5665=CARTESIAN_POINT('',(-2.6,81.0049840035943,14.4951769815691));
#5666=CARTESIAN_POINT('',(-2.56243023456961,80.6942768782722,14.7131299703874));
#5667=CARTESIAN_POINT('',(-2.50592662906684,80.4355359026732,14.8919581667802));
#5668=CARTESIAN_POINT('',(-2.47035268607867,80.3030423706045,14.9833335861255));
#5669=CARTESIAN_POINT('',(-2.45569026576867,80.2501164993153,15.0198454267508));
#5670=CARTESIAN_POINT('',(-2.40242237870496,80.0848613798015,15.1342847836028));
#5671=CARTESIAN_POINT('',(-2.33701175261552,79.9140996210187,15.2523753960762));
#5672=CARTESIAN_POINT('',(-2.24292882177699,79.7039532657884,15.3973451933688));
#5673=CARTESIAN_POINT('',(-2.11399767193781,79.4749781483214,15.5544688999072));
#5674=CARTESIAN_POINT('',(-2.00092457668984,79.2991721648309,15.6747505594147));
#5675=CARTESIAN_POINT('',(-1.79578010162404,79.0382809152512,15.8534670197322));
#5676=CARTESIAN_POINT('',(-1.59823827763189,78.8390190727823,15.9894989251405));
#5677=CARTESIAN_POINT('',(-1.37804044124706,78.6579146123748,16.1125899228565));
#5678=CARTESIAN_POINT('',(-1.17869526342302,78.52220483489,16.2045225324773));
#5679=CARTESIAN_POINT('',(-0.877101150642832,78.3660026372903,16.310747830249));
#5680=CARTESIAN_POINT('',(-0.493142613792966,78.2342470913641,16.400207711718));
#5681=CARTESIAN_POINT('',(0.0069847237209477,78.1646728886129,16.4464769524024));
#5682=CARTESIAN_POINT('',(0.503604585471486,78.2368253828915,16.3984591990906));
#5683=CARTESIAN_POINT('',(0.886094118302876,78.3698836081805,16.3081161605148));
#5684=CARTESIAN_POINT('',(1.18619142124867,78.5267832037301,16.2014154900581));
#5685=CARTESIAN_POINT('',(1.38485202032219,78.6629853152403,16.109141630042));
#5686=CARTESIAN_POINT('',(1.60411943837166,78.8444716992962,15.9857826260789));
#5687=CARTESIAN_POINT('',(1.80084478552087,79.0440275309852,15.8495420049525));
#5688=CARTESIAN_POINT('',(2.00497512236304,79.3049389494252,15.6708003468757));
#5689=CARTESIAN_POINT('',(2.11779565112817,79.4812128348928,15.5501912969265));
#5690=CARTESIAN_POINT('',(2.24626972302659,79.7106165438795,15.3927634526695));
#5691=CARTESIAN_POINT('',(2.33999962903257,79.9212824654717,15.2474229104396));
#5692=CARTESIAN_POINT('',(2.40507144652748,80.092334243853,15.1291204231729));
#5693=CARTESIAN_POINT('',(2.45811222584054,80.2582695344506,15.0142004407128));
#5694=CARTESIAN_POINT('',(2.47235124137997,80.310209051877,14.9783653534206));
#5695=CARTESIAN_POINT('',(2.50740432982732,80.4418129894397,14.8875891321013));
#5696=CARTESIAN_POINT('',(2.56298049253511,80.6984118553033,14.7102184145955));
#5697=CARTESIAN_POINT('',(2.6,81.0067983773393,14.4939066017506));
#5698=CARTESIAN_POINT('',(2.6,81.2466652726866,14.3259577081916));
#5699=CARTESIAN_POINT('',(2.60747942077564E-15,42.5847769389214,50.750464247386));
#5700=CARTESIAN_POINT('',(2.42111140461934E-15,44.7413133492071,57.3653967056204));
#5701=CARTESIAN_POINT('',(-0.742593747136786,44.6816088830506,57.2942438304032));
#5702=CARTESIAN_POINT('',(-1.78445939343399,44.9947110348483,56.8951337432043));
#5703=CARTESIAN_POINT('',(-2.48826738068637,45.8404360118277,56.0946123080008));
#5704=CARTESIAN_POINT('',(-2.65617230974339,46.5520291722889,55.4748597281241));
#5705=CARTESIAN_POINT('',(-2.48703885893941,47.284515452741,54.8830241206601));
#5706=CARTESIAN_POINT('',(-1.78288083715795,48.2185041395899,54.1902346591743));
#5707=CARTESIAN_POINT('',(-0.741922205059435,48.6650908143983,53.9518088333267));
#5708=CARTESIAN_POINT('',(1.8288047008029E-15,48.7247412886361,54.0228973636046));
#5709=CARTESIAN_POINT('',(1.44936182814341E-15,44.7412882414519,57.3653667834205));
#5710=CARTESIAN_POINT('',(1.32119885656209E-15,48.7247161945893,54.0228674577417));
#5711=CARTESIAN_POINT('',(4.13806859202322E-15,48.7247412886361,54.0228973636046));
#5712=CARTESIAN_POINT('',(0.742612208075859,48.6650353382219,53.9517427195212));
#5713=CARTESIAN_POINT('',(1.78439196459455,48.2176379892524,54.1907665094736));
#5714=CARTESIAN_POINT('',(2.48811395124987,47.2825830805,54.8845010325533));
#5715=CARTESIAN_POINT('',(2.6561728002374,46.5491222602665,55.4772989245082));
#5716=CARTESIAN_POINT('',(2.48719271346841,45.8386463767834,56.0962584698314));
#5717=CARTESIAN_POINT('',(1.78294869476588,44.9940369914147,56.8958942041507));
#5718=CARTESIAN_POINT('',(0.741903987371714,44.6816643396697,57.2943099209011));
#5719=CARTESIAN_POINT('',(3.05792774017596E-15,44.7413133492071,57.3653967056204));
#5720=CARTESIAN_POINT('',(2.6,53.0300873827209,63.1986765581016));
#5721=CARTESIAN_POINT('',(2.6,53.0557945797751,62.904764771451));
#5722=CARTESIAN_POINT('',(2.56243023456959,53.0891933818267,62.5267079726993));
#5723=CARTESIAN_POINT('',(2.50592662906682,53.1146922732169,62.2132175855789));
#5724=CARTESIAN_POINT('',(2.47035268607866,53.1275787462291,62.0527870956033));
#5725=CARTESIAN_POINT('',(2.45569026576869,53.1327359140486,61.9886960199559));
#5726=CARTESIAN_POINT('',(2.40242237870496,53.1492155005309,61.7883611898548));
#5727=CARTESIAN_POINT('',(2.33701175261552,53.166103839471,61.5814318419488));
#5728=CARTESIAN_POINT('',(2.24292882177697,53.1865778791657,61.3269548362249));
#5729=CARTESIAN_POINT('',(2.1139976719378,53.2081631046438,61.050094688106));
#5730=CARTESIAN_POINT('',(2.00092457668986,53.224426826968,60.8377013907045));
#5731=CARTESIAN_POINT('',(1.79578010162405,53.2487538128882,60.5224046811566));
#5732=CARTESIAN_POINT('',(1.5982382776319,53.2669296844585,60.281822888733));
#5733=CARTESIAN_POINT('',(1.37804044124707,53.2829771192813,60.0634363068791));
#5734=CARTESIAN_POINT('',(1.17869526342303,53.2947380067872,59.8999418729012));
#5735=CARTESIAN_POINT('',(0.877101150642858,53.3086304849451,59.7115541358473));
#5736=CARTESIAN_POINT('',(0.493142613792992,53.3202270485106,59.5527205311277));
#5737=CARTESIAN_POINT('',(-0.0069847237209421,53.3255101834239,59.4693328773205));
#5738=CARTESIAN_POINT('',(-0.503604585471487,53.3200019417043,59.5558276536766));
#5739=CARTESIAN_POINT('',(-0.886094118302876,53.308291883242,59.7162309905091));
#5740=CARTESIAN_POINT('',(-1.18619142124866,53.2943364202625,59.9054603783233));
#5741=CARTESIAN_POINT('',(-1.3848520203222,53.2825261689852,60.0695518113322));
#5742=CARTESIAN_POINT('',(-1.60411943837167,53.2664375963341,60.2884031519415));
#5743=CARTESIAN_POINT('',(-1.80084478552087,53.248227966697,60.5293439043983));
#5744=CARTESIAN_POINT('',(-2.00497512236304,53.2238892433438,60.8446706795855));
#5745=CARTESIAN_POINT('',(-2.11779565112812,53.2075759442616,61.0576328872669));
#5746=CARTESIAN_POINT('',(-2.24626972302654,53.1859416241901,61.3350162754488));
#5747=CARTESIAN_POINT('',(-2.33999962903254,53.1654062939161,61.5901286113844));
#5748=CARTESIAN_POINT('',(-2.40507144652746,53.1484794762567,61.7974150610738));
#5749=CARTESIAN_POINT('',(-2.45811222584053,53.13192374234,61.9985792495091));
#5750=CARTESIAN_POINT('',(-2.47235124137999,53.1268594817154,62.0614777408747));
#5751=CARTESIAN_POINT('',(-2.50740432982734,53.1140471308594,62.220838220306));
#5752=CARTESIAN_POINT('',(-2.56298049253513,53.0887393951963,62.5317447463016));
#5753=CARTESIAN_POINT('',(-2.6,53.0556015881395,62.9069712553506));
#5754=CARTESIAN_POINT('',(-2.6,53.0300873827209,63.1986765581016));
#5755=CARTESIAN_POINT('',(2.6,53.03006228182,63.1986466440702));
#5756=CARTESIAN_POINT('',(-2.6,53.03006228182,63.1986466440702));
#5757=CARTESIAN_POINT('',(-2.6,53.0300873827209,63.1986765581016));
#5758=CARTESIAN_POINT('',(-2.6,52.7361767198988,63.1729565154911));
#5759=CARTESIAN_POINT('',(-2.56243023456961,52.3580637502656,63.1401997565553));
#5760=CARTESIAN_POINT('',(-2.50592662906684,52.0449080949799,63.1108748210627));
#5761=CARTESIAN_POINT('',(-2.47035268607867,51.8846771633547,63.0957073607917));
#5762=CARTESIAN_POINT('',(-2.45569026576867,51.8206642309069,63.0896570023722));
#5763=CARTESIAN_POINT('',(-2.40242237870496,51.6205112517203,63.0710988277594));
#5764=CARTESIAN_POINT('',(-2.33701175261552,51.4137929597465,63.0517980821692));
#5765=CARTESIAN_POINT('',(-2.24292882177699,51.1596267063661,63.0277720882002));
#5766=CARTESIAN_POINT('',(-2.11399767193781,50.8832244001439,63.0009536488261));
#5767=CARTESIAN_POINT('',(-2.00092457668984,50.6712336289203,62.9800889810615));
#5768=CARTESIAN_POINT('',(-1.79578010162404,50.3565025897734,62.9492962823617));
#5769=CARTESIAN_POINT('',(-1.59823827763189,50.116419523171,62.9254198864052));
#5770=CARTESIAN_POINT('',(-1.37804044124706,49.8985640745089,62.9033015052146));
#5771=CARTESIAN_POINT('',(-1.17869526342302,49.735511199841,62.8864935166617));
#5772=CARTESIAN_POINT('',(-0.877101150642834,49.547573056263,62.8674621055183));
#5773=CARTESIAN_POINT('',(-0.493142613792968,49.389138738163,62.851301625236));
#5774=CARTESIAN_POINT('',(0.00698472372094558,49.3061005058703,62.842024540582));
#5775=CARTESIAN_POINT('',(0.503604585471485,49.3922377465273,62.8516194786078));
#5776=CARTESIAN_POINT('',(0.886094118302874,49.5522376574687,62.8679407663919));
#5777=CARTESIAN_POINT('',(1.18619142124867,49.7410156025997,62.8870562991251));
#5778=CARTESIAN_POINT('',(1.38485202032219,49.904664978575,62.9039193405174));
#5779=CARTESIAN_POINT('',(1.60411943837166,50.1229852688477,62.9260779124865));
#5780=CARTESIAN_POINT('',(1.80084478552087,50.3634277041557,62.9499833953122));
#5781=CARTESIAN_POINT('',(2.00497512236304,50.6781903903491,62.9807697556806));
#5782=CARTESIAN_POINT('',(2.11779565112817,50.8907500378355,63.0016843890257));
#5783=CARTESIAN_POINT('',(2.24626972302659,51.1676761601955,63.028545338355));
#5784=CARTESIAN_POINT('',(2.33999962903257,51.4224787347861,63.0526212956148));
#5785=CARTESIAN_POINT('',(2.40507144652748,51.6295553851701,63.0719461564592));
#5786=CARTESIAN_POINT('',(2.45811222584054,51.8305383458682,63.09057335548));
#5787=CARTESIAN_POINT('',(2.47235124137997,51.893360678685,63.0965081217925));
#5788=CARTESIAN_POINT('',(2.50740432982731,52.0525249842392,63.1115627747764));
#5789=CARTESIAN_POINT('',(2.56298049253511,52.3631028387195,63.1406272840168));
#5790=CARTESIAN_POINT('',(2.6,52.7383831953613,63.173149603562));
#5791=CARTESIAN_POINT('',(2.6,53.0300873827209,63.1986765581016));
#5792=CARTESIAN_POINT('',(26.,0.,0.));
#5793=CARTESIAN_POINT('',(24.159734236868,0.,0.));
#5794=CARTESIAN_POINT('',(24.159734236868,0.,-54.3333333333333));
#5795=CARTESIAN_POINT('',(26.,0.,0.));
#5796=CARTESIAN_POINT('',(26.,0.,56.3333333333333));
#5797=CARTESIAN_POINT('',(26.,0.,50.));
#5798=CARTESIAN_POINT('',(26.,0.,0.));
#5799=CARTESIAN_POINT('',(26.,0.,59.75));
#5800=CARTESIAN_POINT('',(26.,0.,0.));
#5801=CARTESIAN_POINT('',(19.5990738207546,-52.9071893184316,-29.447340091685));
#5802=CARTESIAN_POINT('',(14.3990829723054,-53.4703573098937,-29.7720509285211));
#5803=CARTESIAN_POINT('',(9.19909185019857,-54.0335176956475,-30.0967705739032));
#5804=CARTESIAN_POINT('',(3.99910047758427,-54.5966711277279,-30.4214982671981));
#5805=CARTESIAN_POINT('',(19.5990738207546,-52.9071893184316,-29.447340091685));
#5806=CARTESIAN_POINT('',(3.99910047758427,-54.5966711277225,-30.4214982672074));
#5807=CARTESIAN_POINT('',(11.9111048384684,0.832347000479512,0.480554952366202));
#5808=CARTESIAN_POINT('',(19.5990738201942,-51.9557846299809,-31.095224127561));
#5809=CARTESIAN_POINT('',(3.99910047703949,-53.6441726907372,-32.0712767345683));
#5810=CARTESIAN_POINT('',(9.19909184964862,-53.0813730667362,-31.745936226587));
#5811=CARTESIAN_POINT('',(14.3990829717505,-52.5185769355717,-31.4205856725995));
#5812=CARTESIAN_POINT('',(19.5990738201942,-51.9557846299751,-31.0952241275711));
#5813=CARTESIAN_POINT('',(3.99910047703949,-53.6441726907372,-32.0712767345683));
#5814=CARTESIAN_POINT('',(-3.93651420915082,0.859152560021144,0.496031123219532));
#5815=CARTESIAN_POINT('',(0.,0.,0.));
#5816=CARTESIAN_POINT('',(0.,0.,63.));
#5817=CARTESIAN_POINT('',(19.5990795408684,0.951640712973162,60.5426363269453));
#5818=CARTESIAN_POINT('',(14.3990886969486,0.952016488804297,61.1927095690646));
#5819=CARTESIAN_POINT('',(9.19909757923322,0.952380830610991,61.8427806276308));
#5820=CARTESIAN_POINT('',(3.99910621088719,0.952734723396924,62.4928496870978));
#5821=CARTESIAN_POINT('',(19.5990795408684,0.951640712973169,60.5426363269453));
#5822=CARTESIAN_POINT('',(3.99910621088719,0.952734723396879,62.4928496870978));
#5823=CARTESIAN_POINT('',(11.9111111111111,0.,-0.961111111111138));
#5824=CARTESIAN_POINT('',(19.5990795408684,-0.951640712972869,60.5426363269453));
#5825=CARTESIAN_POINT('',(3.99910621088772,-0.952734723396961,62.4928496870978));
#5826=CARTESIAN_POINT('',(9.19909757923347,-0.952380830611016,61.8427806276308));
#5827=CARTESIAN_POINT('',(14.3990886969484,-0.952016488804009,61.1927095690647));
#5828=CARTESIAN_POINT('',(19.5990795408684,-0.951640712972874,60.5426363269452));
#5829=CARTESIAN_POINT('',(3.99910621088772,-0.952734723396961,62.4928496870978));
#5830=CARTESIAN_POINT('',(-3.93650793650813,0.,-0.992063492063522));
#5831=CARTESIAN_POINT('',(19.5990723905966,39.6448772246835,45.766802942095));
#5832=CARTESIAN_POINT('',(14.3990815410099,40.0630244673079,46.2645460342677));
#5833=CARTESIAN_POINT('',(9.19909041779981,40.4811615509091,46.7622948022269));
#5834=CARTESIAN_POINT('',(3.99909904411334,40.8992893482906,47.260048754241));
#5835=CARTESIAN_POINT('',(19.5990723905966,39.6448772246835,45.766802942095));
#5836=CARTESIAN_POINT('',(3.99909904411334,40.8992893482824,47.2600487542479));
#5837=CARTESIAN_POINT('',(11.9111032696082,-0.617791020708646,-0.736253252673785));
#5838=CARTESIAN_POINT('',(19.5990723888805,38.1873299787048,46.9898326324353));
#5839=CARTESIAN_POINT('',(3.99909904244508,39.4400664814154,48.4844844606603));
#5840=CARTESIAN_POINT('',(9.19909041611594,39.0224807174114,47.9862756876028));
#5841=CARTESIAN_POINT('',(14.3990815393104,38.6049016712195,47.4880586695925));
#5842=CARTESIAN_POINT('',(19.5990723888805,38.1873299786958,46.9898326324428));
#5843=CARTESIAN_POINT('',(3.99909904244508,39.4400664814154,48.4844844606603));
#5844=CARTESIAN_POINT('',(-3.93651577801105,-0.637686850125408,-0.759964133265625));
#5845=CARTESIAN_POINT('',(19.5990774992572,59.7880977558981,9.57600287695579));
#5846=CARTESIAN_POINT('',(14.3990866537028,60.4283601895112,9.68851670019698));
#5847=CARTESIAN_POINT('',(9.19909553440419,61.0686184878084,9.80104140365963));
#5848=CARTESIAN_POINT('',(3.99910416451869,61.7088730034345,9.9135760494355));
#5849=CARTESIAN_POINT('',(19.5990774992572,59.7880977558981,9.57600287695579));
#5850=CARTESIAN_POINT('',(3.99910416451869,61.7088730034327,9.91357604944599));
#5851=CARTESIAN_POINT('',(11.9111088704819,-0.946509723277462,-0.166894937174847));
#5852=CARTESIAN_POINT('',(19.5990774957542,59.4576260139476,11.4502040683499));
#5853=CARTESIAN_POINT('',(3.99910416111332,61.3780213493028,11.7899318377874));
#5854=CARTESIAN_POINT('',(9.19909553096709,60.7378897284659,11.6767002184662));
#5855=CARTESIAN_POINT('',(14.3990866502335,60.0977579535424,11.563457962659));
#5856=CARTESIAN_POINT('',(19.5990774957542,59.4576260139456,11.4502040683614));
#5857=CARTESIAN_POINT('',(3.99910416111332,61.3780213493028,11.7899318377874));
#5858=CARTESIAN_POINT('',(-3.93651017713728,-0.976991869470477,-0.172269753459061));
#5859=CARTESIAN_POINT('',(19.5990850592063,51.9555468828675,-31.0956186307895));
#5860=CARTESIAN_POINT('',(14.3990942196361,52.5183391615373,-31.4209803644211));
#5861=CARTESIAN_POINT('',(9.19910310614245,53.0811352666016,-31.7463311013406));
#5862=CARTESIAN_POINT('',(3.99911174189785,53.6439348652756,-32.0716717870344));
#5863=CARTESIAN_POINT('',(19.5990850592063,51.9555468828675,-31.0956186307895));
#5864=CARTESIAN_POINT('',(3.99911174189785,53.643934865281,-32.0716717870252));
#5865=CARTESIAN_POINT('',(11.9111171606306,-0.832346978310451,0.480554942630737));
#5866=CARTESIAN_POINT('',(19.599085056368,52.9074127862312,-29.4469357020326));
#5867=CARTESIAN_POINT('',(3.99911173913861,54.5968950292968,-30.4210935412953));
#5868=CARTESIAN_POINT('',(9.19910310335748,54.033741456902,-30.096365956693));
#5869=CARTESIAN_POINT('',(14.3990942168251,53.4705809266974,-29.7716464232736));
#5870=CARTESIAN_POINT('',(19.599085056368,52.9074127862371,-29.4469357020225));
#5871=CARTESIAN_POINT('',(3.99911173913861,54.5968950292968,-30.4210935412953));
#5872=CARTESIAN_POINT('',(-3.93650188698864,-0.859152537809358,0.49603111355807));
#5873=CARTESIAN_POINT('',(19.5990850592062,19.8123811334122,-57.2170071198569));
#5874=CARTESIAN_POINT('',(14.399094219636,20.0343665563683,-57.8280045655448));
#5875=CARTESIAN_POINT('',(9.19910310614231,20.2563619790628,-58.4389960468212));
#5876=CARTESIAN_POINT('',(3.99911174189771,20.4783665388208,-59.0499820740608));
#5877=CARTESIAN_POINT('',(19.5990850592062,19.8123811334122,-57.2170071198569));
#5878=CARTESIAN_POINT('',(3.99911174189771,20.4783665388308,-59.0499820740571));
#5879=CARTESIAN_POINT('',(11.9111171606306,-0.328720038672117,0.903148759266565));
#5880=CARTESIAN_POINT('',(19.5990850563679,21.6013056608192,-56.5658902848719));
#5881=CARTESIAN_POINT('',(3.99911173913846,22.2693476047768,-58.3981167191709));
#5882=CARTESIAN_POINT('',(9.19910310335732,22.0466777916382,-57.7873728247115));
#5883=CARTESIAN_POINT('',(14.3990942168249,21.8239974733076,-57.1766306254223));
#5884=CARTESIAN_POINT('',(19.5990850563679,21.6013056608302,-56.5658902848679));
#5885=CARTESIAN_POINT('',(3.99911173913846,22.2693476047768,-58.3981167191709));
#5886=CARTESIAN_POINT('',(-3.93650188698864,-0.339306398429191,0.932234475240479));
#5887=CARTESIAN_POINT('',(19.5990738207546,-21.6008745379007,-56.5660564229963));
#5888=CARTESIAN_POINT('',(14.3990829723054,-21.8235661619421,-57.1767967563197));
#5889=CARTESIAN_POINT('',(9.19909185019857,-22.0462462976488,-57.7875389485261));
#5890=CARTESIAN_POINT('',(3.99910047758427,-22.268915933434,-58.3982828360565));
#5891=CARTESIAN_POINT('',(19.5990738207546,-21.6008745379007,-56.5660564229963));
#5892=CARTESIAN_POINT('',(3.99910047758427,-22.2689159334239,-58.3982828360602));
#5893=CARTESIAN_POINT('',(11.9111048384684,0.328720049396821,0.903148780974361));
#5894=CARTESIAN_POINT('',(19.5990738201942,-19.8128168400514,-57.2168577337377));
#5895=CARTESIAN_POINT('',(3.99910047703949,-20.4788026585216,-59.0498323175623));
#5896=CARTESIAN_POINT('',(9.19909184964862,-20.2567979651306,-58.4388464101785));
#5897=CARTESIAN_POINT('',(14.3990829717505,-20.0348024048555,-57.8278550522594));
#5898=CARTESIAN_POINT('',(19.5990738201942,-19.8128168400404,-57.2168577337417));
#5899=CARTESIAN_POINT('',(3.99910047703949,-20.4788026585216,-59.0498323175623));
#5900=CARTESIAN_POINT('',(-3.93651420915082,0.339306409234195,0.932234496919049));
#5901=CARTESIAN_POINT('',(19.5990815859835,-59.4575940972533,11.4503670976793));
#5902=CARTESIAN_POINT('',(14.3990907436622,-60.0977260508962,11.563621059704));
#5903=CARTESIAN_POINT('',(9.19909962749977,-60.7378578394404,11.6768633812472));
#5904=CARTESIAN_POINT('',(3.99910826066185,-61.3779894735156,11.7900950644434));
#5905=CARTESIAN_POINT('',(19.5990815859835,-59.4575940972533,11.4503670976793));
#5906=CARTESIAN_POINT('',(3.99910826066185,-61.3779894735174,11.7900950644329));
#5907=CARTESIAN_POINT('',(11.9111133517402,0.946509714197216,-0.166894938268092));
#5908=CARTESIAN_POINT('',(19.5990815824799,-59.7881240440722,9.57583551701978));
#5909=CARTESIAN_POINT('',(3.99910825725588,-61.7088993986576,9.91340852074374));
#5910=CARTESIAN_POINT('',(9.19909962406205,-61.0686448483991,9.80087392949974));
#5911=CARTESIAN_POINT('',(14.3990907401922,-60.4283865144537,9.68834928221774));
#5912=CARTESIAN_POINT('',(19.5990815824799,-59.7881240440743,9.57583551700829));
#5913=CARTESIAN_POINT('',(3.99910825725588,-61.7088993986576,9.91340852074374));
#5914=CARTESIAN_POINT('',(-3.93650569587899,0.976991860375392,-0.172269754636459));
#5915=CARTESIAN_POINT('',(19.5990866928632,-38.1868737643405,46.990201077524));
#5916=CARTESIAN_POINT('',(14.3990958545912,-38.6044453428183,47.4884273283484));
#5917=CARTESIAN_POINT('',(9.19910474235681,-39.0220242784296,47.9866445536026));
#5918=CARTESIAN_POINT('',(3.99911337933594,-39.4396099350484,48.4848535279979));
#5919=CARTESIAN_POINT('',(19.5990866928632,-38.1868737643405,46.990201077524));
#5920=CARTESIAN_POINT('',(3.99911337933594,-39.4396099350566,48.484853527991));
#5921=CARTESIAN_POINT('',(11.9111189526141,0.617790998986861,-0.736253230914768));
#5922=CARTESIAN_POINT('',(19.5990866911461,-39.6453203814271,45.7664166947753));
#5923=CARTESIAN_POINT('',(3.99911337766664,-40.8997331708438,47.2596622929113));
#5924=CARTESIAN_POINT('',(9.19910474067189,-40.4816051581113,46.7619084100416));
#5925=CARTESIAN_POINT('',(14.3990958528906,-40.0634678527882,46.2641597133384));
#5926=CARTESIAN_POINT('',(19.5990866911461,-39.645320381436,45.7664166947678));
#5927=CARTESIAN_POINT('',(3.99911337766664,-40.8997331708438,47.2596622929113));
#5928=CARTESIAN_POINT('',(-3.93650009500515,0.637686828338163,-0.759964111561537));
#5929=CARTESIAN_POINT('',(0.,0.,0.));
#5930=CARTESIAN_POINT('',(-11.9111048384684,0.832347000479512,0.480554952366202));
#5931=CARTESIAN_POINT('',(-19.5990738201942,-51.9557846299809,-31.095224127561));
#5932=CARTESIAN_POINT('',(-19.5990738207546,-52.9071893184316,-29.4473400916851));
#5933=CARTESIAN_POINT('',(-19.5990738207546,-52.9071893184316,-29.4473400916851));
#5934=CARTESIAN_POINT('',(-14.3990829723054,-53.4703573098937,-29.7720509285212));
#5935=CARTESIAN_POINT('',(-9.19909185019858,-54.0335176956475,-30.0967705739032));
#5936=CARTESIAN_POINT('',(-3.99910047758428,-54.5966711277278,-30.4214982671981));
#5937=CARTESIAN_POINT('',(-3.99910047758428,-54.5966711277225,-30.4214982672074));
#5938=CARTESIAN_POINT('',(3.9365142091508,0.859152560021144,0.496031123219532));
#5939=CARTESIAN_POINT('',(-3.99910047703951,-53.6441726907372,-32.0712767345683));
#5940=CARTESIAN_POINT('',(-3.99910047703951,-53.6441726907372,-32.0712767345683));
#5941=CARTESIAN_POINT('',(-9.19909184964863,-53.0813730667362,-31.7459362265869));
#5942=CARTESIAN_POINT('',(-14.3990829717505,-52.5185769355717,-31.4205856725995));
#5943=CARTESIAN_POINT('',(-19.5990738201942,-51.9557846299751,-31.0952241275711));
#5944=CARTESIAN_POINT('',(-11.9111111111111,0.,-0.961111111111139));
#5945=CARTESIAN_POINT('',(-19.5990795408684,-0.951640712972873,60.5426363269453));
#5946=CARTESIAN_POINT('',(-19.5990795408685,0.951640712973152,60.5426363269453));
#5947=CARTESIAN_POINT('',(-19.5990795408684,0.951640712973168,60.5426363269453));
#5948=CARTESIAN_POINT('',(-14.3990886969486,0.952016488804303,61.1927095690646));
#5949=CARTESIAN_POINT('',(-9.19909757923323,0.952380830610989,61.8427806276308));
#5950=CARTESIAN_POINT('',(-3.99910621088719,0.952734723396922,62.4928496870978));
#5951=CARTESIAN_POINT('',(-3.99910621088719,0.952734723396922,62.4928496870978));
#5952=CARTESIAN_POINT('',(3.93650793650813,0.,-0.992063492063521));
#5953=CARTESIAN_POINT('',(-3.99910621088719,-0.952734723396958,62.4928496870978));
#5954=CARTESIAN_POINT('',(-3.99910621088719,-0.952734723396991,62.4928496870978));
#5955=CARTESIAN_POINT('',(-9.19909757923311,-0.952380830611066,61.8427806276309));
#5956=CARTESIAN_POINT('',(-14.3990886969482,-0.952016488804008,61.1927095690647));
#5957=CARTESIAN_POINT('',(-19.5990795408684,-0.951640712972873,60.5426363269453));
#5958=CARTESIAN_POINT('',(-26.,0.,0.));
#5959=CARTESIAN_POINT('',(-26.,0.,59.75));
#5960=CARTESIAN_POINT('',(-11.9111032696082,-0.617791020708645,-0.736253252673785));
#5961=CARTESIAN_POINT('',(-19.5990723888805,38.1873299787048,46.9898326324353));
#5962=CARTESIAN_POINT('',(-19.5990723905966,39.6448772246835,45.766802942095));
#5963=CARTESIAN_POINT('',(-19.5990723905966,39.6448772246835,45.766802942095));
#5964=CARTESIAN_POINT('',(-14.3990815410099,40.0630244673079,46.2645460342677));
#5965=CARTESIAN_POINT('',(-9.19909041779981,40.4811615509091,46.762294802227));
#5966=CARTESIAN_POINT('',(-3.99909904411334,40.8992893482906,47.260048754241));
#5967=CARTESIAN_POINT('',(-3.99909904411334,40.8992893482824,47.2600487542479));
#5968=CARTESIAN_POINT('',(3.93651577801105,-0.637686850125407,-0.759964133265625));
#5969=CARTESIAN_POINT('',(-3.99909904244508,39.4400664814154,48.4844844606603));
#5970=CARTESIAN_POINT('',(-3.99909904244508,39.4400664814154,48.4844844606603));
#5971=CARTESIAN_POINT('',(-9.19909041611594,39.0224807174114,47.9862756876028));
#5972=CARTESIAN_POINT('',(-14.3990815393104,38.6049016712195,47.4880586695925));
#5973=CARTESIAN_POINT('',(-19.5990723888805,38.1873299786958,46.9898326324428));
#5974=CARTESIAN_POINT('',(-11.9111088704819,-0.946509723277461,-0.166894937174847));
#5975=CARTESIAN_POINT('',(-19.5990774957542,59.4576260139476,11.4502040683499));
#5976=CARTESIAN_POINT('',(-19.5990774992572,59.7880977558981,9.57600287695581));
#5977=CARTESIAN_POINT('',(-19.5990774992572,59.7880977558981,9.57600287695581));
#5978=CARTESIAN_POINT('',(-14.3990866537028,60.4283601895111,9.688516700197));
#5979=CARTESIAN_POINT('',(-9.1990955344042,61.0686184878084,9.80104140365962));
#5980=CARTESIAN_POINT('',(-3.9991041645187,61.7088730034345,9.91357604943549));
#5981=CARTESIAN_POINT('',(-3.9991041645187,61.7088730034327,9.91357604944597));
#5982=CARTESIAN_POINT('',(3.93651017713726,-0.976991869470477,-0.172269753459061));
#5983=CARTESIAN_POINT('',(-3.99910416111333,61.3780213493028,11.7899318377874));
#5984=CARTESIAN_POINT('',(-3.99910416111333,61.3780213493028,11.7899318377874));
#5985=CARTESIAN_POINT('',(-9.1990955309671,60.7378897284659,11.6767002184661));
#5986=CARTESIAN_POINT('',(-14.3990866502335,60.0977579535424,11.563457962659));
#5987=CARTESIAN_POINT('',(-19.5990774957542,59.4576260139456,11.4502040683614));
#5988=CARTESIAN_POINT('',(-11.91111716063,-0.832346978310387,0.480554942630774));
#5989=CARTESIAN_POINT('',(-19.5990850563672,52.9074127862314,-29.4469357020325));
#5990=CARTESIAN_POINT('',(-19.5990850592055,51.9555468828676,-31.0956186307895));
#5991=CARTESIAN_POINT('',(-19.5990850592055,51.9555468828676,-31.0956186307895));
#5992=CARTESIAN_POINT('',(-14.3990942196353,52.5183391615373,-31.4209803644212));
#5993=CARTESIAN_POINT('',(-9.19910310614164,53.0811352666016,-31.7463311013408));
#5994=CARTESIAN_POINT('',(-3.99911174189703,53.6439348652755,-32.0716717870348));
#5995=CARTESIAN_POINT('',(-3.99911174189703,53.6439348652809,-32.0716717870255));
#5996=CARTESIAN_POINT('',(3.93650188698917,-0.859152537809292,0.496031113558109));
#5997=CARTESIAN_POINT('',(-3.99911173913778,54.596895029297,-30.421093541295));
#5998=CARTESIAN_POINT('',(-3.99911173913778,54.596895029297,-30.421093541295));
#5999=CARTESIAN_POINT('',(-9.19910310335664,54.0337414569022,-30.0963659566928));
#6000=CARTESIAN_POINT('',(-14.3990942168242,53.4705809266976,-29.7716464232734));
#6001=CARTESIAN_POINT('',(-19.5990850563672,52.9074127862373,-29.4469357020224));
#6002=CARTESIAN_POINT('',(-11.91111716063,-0.328720038672117,0.903148759266566));
#6003=CARTESIAN_POINT('',(-19.5990850563673,21.6013056608196,-56.5658902848719));
#6004=CARTESIAN_POINT('',(-19.5990850592057,19.8123811334119,-57.2170071198571));
#6005=CARTESIAN_POINT('',(-19.5990850592057,19.8123811334119,-57.2170071198571));
#6006=CARTESIAN_POINT('',(-14.3990942196355,20.034366556368,-57.8280045655449));
#6007=CARTESIAN_POINT('',(-9.19910310614178,20.2563619790626,-58.4389960468213));
#6008=CARTESIAN_POINT('',(-3.99911174189718,20.4783665388205,-59.0499820740609));
#6009=CARTESIAN_POINT('',(-3.99911174189718,20.4783665388305,-59.0499820740573));
#6010=CARTESIAN_POINT('',(3.93650188698917,-0.339306398429191,0.93223447524048));
#6011=CARTESIAN_POINT('',(-3.99911173913793,22.2693476047771,-58.3981167191709));
#6012=CARTESIAN_POINT('',(-3.99911173913793,22.2693476047771,-58.3981167191709));
#6013=CARTESIAN_POINT('',(-9.19910310335679,22.0466777916386,-57.7873728247114));
#6014=CARTESIAN_POINT('',(-14.3990942168244,21.8239974733079,-57.1766306254223));
#6015=CARTESIAN_POINT('',(-19.5990850563673,21.6013056608305,-56.5658902848679));
#6016=CARTESIAN_POINT('',(-11.9111048384684,0.328720049396821,0.903148780974361));
#6017=CARTESIAN_POINT('',(-19.5990738201942,-19.8128168400514,-57.2168577337377));
#6018=CARTESIAN_POINT('',(-19.5990738207546,-21.6008745379007,-56.5660564229963));
#6019=CARTESIAN_POINT('',(-19.5990738207546,-21.6008745379007,-56.5660564229963));
#6020=CARTESIAN_POINT('',(-14.3990829723054,-21.8235661619421,-57.1767967563197));
#6021=CARTESIAN_POINT('',(-9.19909185019858,-22.0462462976488,-57.7875389485261));
#6022=CARTESIAN_POINT('',(-3.99910047758428,-22.268915933434,-58.3982828360566));
#6023=CARTESIAN_POINT('',(-3.99910047758428,-22.2689159334239,-58.3982828360602));
#6024=CARTESIAN_POINT('',(3.9365142091508,0.339306409234195,0.932234496919049));
#6025=CARTESIAN_POINT('',(-3.99910047703951,-20.4788026585217,-59.0498323175623));
#6026=CARTESIAN_POINT('',(-3.99910047703951,-20.4788026585217,-59.0498323175623));
#6027=CARTESIAN_POINT('',(-9.19909184964863,-20.2567979651306,-58.4388464101785));
#6028=CARTESIAN_POINT('',(-14.3990829717505,-20.0348024048555,-57.8278550522594));
#6029=CARTESIAN_POINT('',(-19.5990738201942,-19.8128168400404,-57.2168577337417));
#6030=CARTESIAN_POINT('',(-11.9111133517402,0.946509714197215,-0.166894938268092));
#6031=CARTESIAN_POINT('',(-19.5990815824799,-59.7881240440722,9.57583551701977));
#6032=CARTESIAN_POINT('',(-19.5990815859835,-59.4575940972533,11.4503670976793));
#6033=CARTESIAN_POINT('',(-19.5990815859835,-59.4575940972533,11.4503670976793));
#6034=CARTESIAN_POINT('',(-14.3990907436622,-60.0977260508962,11.563621059704));
#6035=CARTESIAN_POINT('',(-9.19909962749977,-60.7378578394404,11.6768633812472));
#6036=CARTESIAN_POINT('',(-3.99910826066185,-61.3779894735156,11.7900950644434));
#6037=CARTESIAN_POINT('',(-3.99910826066186,-61.3779894735174,11.7900950644329));
#6038=CARTESIAN_POINT('',(3.93650569587898,0.976991860375392,-0.172269754636459));
#6039=CARTESIAN_POINT('',(-3.99910825725589,-61.7088993986576,9.91340852074371));
#6040=CARTESIAN_POINT('',(-3.99910825725589,-61.7088993986576,9.91340852074371));
#6041=CARTESIAN_POINT('',(-9.19909962406206,-61.0686448483991,9.80087392949971));
#6042=CARTESIAN_POINT('',(-14.3990907401922,-60.4283865144537,9.68834928221774));
#6043=CARTESIAN_POINT('',(-19.5990815824799,-59.7881240440743,9.5758355170083));
#6044=CARTESIAN_POINT('',(-11.9111189526141,0.61779099898686,-0.736253230914768));
#6045=CARTESIAN_POINT('',(-19.5990866911461,-39.6453203814271,45.7664166947753));
#6046=CARTESIAN_POINT('',(-19.5990866928632,-38.1868737643405,46.990201077524));
#6047=CARTESIAN_POINT('',(-19.5990866928632,-38.1868737643405,46.990201077524));
#6048=CARTESIAN_POINT('',(-14.3990958545912,-38.6044453428183,47.4884273283484));
#6049=CARTESIAN_POINT('',(-9.19910474235681,-39.0220242784296,47.9866445536026));
#6050=CARTESIAN_POINT('',(-3.99911337933594,-39.4396099350484,48.4848535279979));
#6051=CARTESIAN_POINT('',(-3.99911337933594,-39.4396099350566,48.484853527991));
#6052=CARTESIAN_POINT('',(3.93650009500513,0.637686828338162,-0.759964111561536));
#6053=CARTESIAN_POINT('',(-3.99911337766665,-40.8997331708438,47.2596622929113));
#6054=CARTESIAN_POINT('',(-3.99911337766665,-40.8997331708438,47.2596622929113));
#6055=CARTESIAN_POINT('',(-9.1991047406719,-40.4816051581112,46.7619084100416));
#6056=CARTESIAN_POINT('',(-14.3990958528906,-40.0634678527882,46.2641597133384));
#6057=CARTESIAN_POINT('',(-19.5990866911461,-39.645320381436,45.7664166947678));
#6058=CARTESIAN_POINT('',(-24.,0.,0.));
#6059=CARTESIAN_POINT('',(-24.,0.,0.));
#6060=CARTESIAN_POINT('',(-24.,0.,82.5));
#6061=CARTESIAN_POINT('',(-26.,0.,0.));
#6062=CARTESIAN_POINT('',(-26.,0.,80.5));
#6063=CARTESIAN_POINT('',(24.,0.,0.));
#6064=CARTESIAN_POINT('',(26.,0.,0.));
#6065=CARTESIAN_POINT('',(26.,0.,-80.5));
#6066=CARTESIAN_POINT('',(24.,0.,0.));
#6067=CARTESIAN_POINT('',(24.,0.,-82.5));
#6068=CARTESIAN_POINT('',(20.1999999999999,-42.0061776075251,50.0609163493357));
#6069=CARTESIAN_POINT('',(20.2000000000003,-42.006177607525,50.0609163493357));
#6070=CARTESIAN_POINT('',(20.7990878268554,-44.3024456520865,54.3905488710442));
#6071=CARTESIAN_POINT('',(4.59999999999997,-43.2596148566571,51.554701830082));
#6072=CARTESIAN_POINT('',(5.19911448046928,-45.5567968180331,55.8838458338565));
#6073=CARTESIAN_POINT('',(20.7990878268554,-44.3024456520865,54.3905488710442));
#6074=CARTESIAN_POINT('',(15.5990969771692,-44.7205716595718,54.8883097820247));
#6075=CARTESIAN_POINT('',(10.3991058539981,-45.1386884592488,55.3860755705874));
#6076=CARTESIAN_POINT('',(5.19911448046927,-45.5567968180269,55.8838458338617));
#6077=CARTESIAN_POINT('',(20.2000000000001,-42.0061776075251,50.0609163493357));
#6078=CARTESIAN_POINT('',(20.2000000000003,-42.006177607525,50.0609163493357));
#6079=CARTESIAN_POINT('',(20.7990878250083,-45.871296254919,53.0741243656018));
#6080=CARTESIAN_POINT('',(11.8920713335665,0.715739697331724,-0.852983720252692));
#6081=CARTESIAN_POINT('',(20.1999999999999,-42.0061776075251,50.0609163493357));
#6082=CARTESIAN_POINT('',(4.59999999999997,-43.2596148566571,51.554701830082));
#6083=CARTESIAN_POINT('',(5.19911447867746,-47.1240937080795,54.568725051317));
#6084=CARTESIAN_POINT('',(5.19911447867746,-47.1240937080795,54.568725051317));
#6085=CARTESIAN_POINT('',(10.3991058521883,-46.7064885079082,54.0705325868452));
#6086=CARTESIAN_POINT('',(15.5990969753412,-46.2888891802248,53.5723325866986));
#6087=CARTESIAN_POINT('',(20.7990878250083,-45.8712962549257,53.0741243655962));
#6088=CARTESIAN_POINT('',(4.59999999999997,-43.2596148566571,51.554701830082));
#6089=CARTESIAN_POINT('',(-3.95554771405276,0.735635526683025,-0.876694600899461));
#6090=CARTESIAN_POINT('',(20.1999999999999,-64.357172225337,11.3478870689117));
#6091=CARTESIAN_POINT('',(20.2000000000003,-64.357172225337,11.3478870689117));
#6092=CARTESIAN_POINT('',(20.7990819101248,-68.8991628148589,13.1887817642846));
#6093=CARTESIAN_POINT('',(4.59999999999997,-66.2775474345621,11.6865005001188));
#6094=CARTESIAN_POINT('',(5.19910857540752,-70.819924240947,13.5264333232093));
#6095=CARTESIAN_POINT('',(20.7990819101248,-68.8991628148589,13.1887817642846));
#6096=CARTESIAN_POINT('',(15.5990910644444,-69.5394204336624,13.3013228941524));
#6097=CARTESIAN_POINT('',(10.3990999451595,-70.1796741328125,13.4138736810415));
#6098=CARTESIAN_POINT('',(5.19910857540752,-70.8199242409456,13.5264333232173));
#6099=CARTESIAN_POINT('',(20.2000000000001,-64.357172225337,11.3478870689117));
#6100=CARTESIAN_POINT('',(20.2000000000003,-64.357172225337,11.3478870689117));
#6101=CARTESIAN_POINT('',(20.7990819063544,-69.2548702340653,11.1714614058882));
#6102=CARTESIAN_POINT('',(11.8920657326926,1.09657566461284,-0.193355572696975));
#6103=CARTESIAN_POINT('',(20.1999999999999,-64.357172225337,11.3478870689117));
#6104=CARTESIAN_POINT('',(4.59999999999997,-66.2775474345621,11.6865005001188));
#6105=CARTESIAN_POINT('',(5.19910857174999,-71.1752793894513,11.5111107995781));
#6106=CARTESIAN_POINT('',(5.19910857174999,-71.1752793894513,11.5111107995781));
#6107=CARTESIAN_POINT('',(10.3990999414654,-70.5351433616297,11.3979041731098));
#6108=CARTESIAN_POINT('',(15.5990910607128,-69.8950069880425,11.2846879971105));
#6109=CARTESIAN_POINT('',(20.7990819063544,-69.2548702340668,11.1714614058796));
#6110=CARTESIAN_POINT('',(4.59999999999997,-66.2775474345621,11.6865005001188));
#6111=CARTESIAN_POINT('',(-3.95555331492661,1.12705781079102,-0.198730389065342));
#6112=CARTESIAN_POINT('',(20.1999999999999,-22.3510799700474,-61.4089430070979));
#6113=CARTESIAN_POINT('',(20.2000000000003,-22.3510799700474,-61.4089430070979));
#6114=CARTESIAN_POINT('',(20.7990729137169,-24.9530167323994,-65.5620752778747));
#6115=CARTESIAN_POINT('',(4.59999999999997,-23.0180206398019,-63.2413431116132));
#6116=CARTESIAN_POINT('',(5.19909959682703,-25.6190769534922,-67.3950230048993));
#6117=CARTESIAN_POINT('',(20.7990729137169,-24.9530167323994,-65.5620752778747));
#6118=CARTESIAN_POINT('',(15.5990820741564,-25.1750282181199,-66.1730632387084));
#6119=CARTESIAN_POINT('',(10.3990909608089,-25.3970485360523,-66.7840456600252));
#6120=CARTESIAN_POINT('',(5.19909959682703,-25.6190769534999,-67.3950230048965));
#6121=CARTESIAN_POINT('',(20.2000000000001,-22.3510799700474,-61.4089430070979));
#6122=CARTESIAN_POINT('',(20.2000000000003,-22.3510799700474,-61.4089430070979));
#6123=CARTESIAN_POINT('',(20.7990729131134,-23.0274700793095,-66.2629185936313));
#6124=CARTESIAN_POINT('',(11.8920572194208,0.380837513211578,1.04633999793281));
#6125=CARTESIAN_POINT('',(20.1999999999999,-22.3510799700474,-61.4089430070979));
#6126=CARTESIAN_POINT('',(4.59999999999997,-23.0180206398019,-63.2413431116132));
#6127=CARTESIAN_POINT('',(5.19909959624163,-23.6954372172832,-68.0951722581873));
#6128=CARTESIAN_POINT('',(5.19909959624163,-23.6954372172832,-68.0951722581873));
#6129=CARTESIAN_POINT('',(10.3990909602176,-23.4727912586088,-67.4844196804219));
#6130=CARTESIAN_POINT('',(15.5990820735593,-23.2501358322493,-66.8736684201626));
#6131=CARTESIAN_POINT('',(20.7990729131134,-23.0274700793012,-66.2629185936343));
#6132=CARTESIAN_POINT('',(4.59999999999996,-23.0180206398019,-63.2413431116132));
#6133=CARTESIAN_POINT('',(-3.95556182819843,0.391423873048951,1.0754257138775));
#6134=CARTESIAN_POINT('',(20.2000000000002,22.3510469840863,-61.4088501348501));
#6135=CARTESIAN_POINT('',(20.2000000000006,22.3510469840863,-61.4088501348501));
#6136=CARTESIAN_POINT('',(20.7990859341095,23.0279378588498,-66.2627543074732));
#6137=CARTESIAN_POINT('',(4.60000000000024,23.017987648782,-63.2412502412067));
#6138=CARTESIAN_POINT('',(5.19911259144798,23.6959044807944,-68.0950079402927));
#6139=CARTESIAN_POINT('',(20.7990859341095,23.0279378588498,-66.2627543074732));
#6140=CARTESIAN_POINT('',(15.5990950857019,23.2506034348026,-66.8735041230568));
#6141=CARTESIAN_POINT('',(10.3991039637713,23.473258689277,-67.4842553727549));
#6142=CARTESIAN_POINT('',(5.19911259144798,23.6959044807856,-68.0950079402958));
#6143=CARTESIAN_POINT('',(20.2000000000004,22.3510469840863,-61.4088501348501));
#6144=CARTESIAN_POINT('',(20.2000000000006,22.3510469840863,-61.4088501348501));
#6145=CARTESIAN_POINT('',(20.7990859310559,24.9525543319638,-65.5622495252226));
#6146=CARTESIAN_POINT('',(11.892069541583,-0.380837502091555,1.0463399763689));
#6147=CARTESIAN_POINT('',(20.2000000000002,22.3510469840863,-61.4088501348501));
#6148=CARTESIAN_POINT('',(4.60000000000024,23.017987648782,-63.2412502412067));
#6149=CARTESIAN_POINT('',(5.19911258848579,25.6186149143559,-67.3951969021145));
#6150=CARTESIAN_POINT('',(5.19911258848579,25.6186149143559,-67.3951969021145));
#6151=CARTESIAN_POINT('',(10.3991039607794,25.3965863799245,-66.7842196705906));
#6152=CARTESIAN_POINT('',(15.5990950826798,25.1745659416751,-66.1732373658796));
#6153=CARTESIAN_POINT('',(20.7990859310559,24.952554331972,-65.5622495252196));
#6154=CARTESIAN_POINT('',(4.60000000000024,23.017987648782,-63.2412502412067));
#6155=CARTESIAN_POINT('',(-3.95554950603625,-0.39142386184863,1.07542569234281));
#6156=CARTESIAN_POINT('',(20.2000000000004,56.5947424603803,-32.6749338486329));
#6157=CARTESIAN_POINT('',(20.2000000000007,56.5947424603803,-32.6749338486329));
#6158=CARTESIAN_POINT('',(20.7990859341097,60.233300326794,-35.9581431971374));
#6159=CARTESIAN_POINT('',(4.6000000000004,58.2834927088114,-33.6499326170549));
#6160=CARTESIAN_POINT('',(5.19911259144815,61.9227423527202,-36.932370287731));
#6161=CARTESIAN_POINT('',(20.7990859341097,60.233300326794,-35.9581431971374));
#6162=CARTESIAN_POINT('',(15.5990950857021,60.7964544593412,-36.2828780411945));
#6163=CARTESIAN_POINT('',(10.3991039637714,61.3596016070089,-36.6076206183641));
#6164=CARTESIAN_POINT('',(5.19911259144815,61.9227423527162,-36.932370287738));
#6165=CARTESIAN_POINT('',(20.2000000000005,56.5947424603803,-32.6749338486329));
#6166=CARTESIAN_POINT('',(20.2000000000007,56.5947424603803,-32.6749338486329));
#6167=CARTESIAN_POINT('',(20.7990859310561,61.2573663339081,-34.184405806311));
#6168=CARTESIAN_POINT('',(11.892069541583,-0.964312809689671,0.556745322580679));
#6169=CARTESIAN_POINT('',(20.2000000000004,56.5947424603803,-32.6749338486329));
#6170=CARTESIAN_POINT('',(4.6000000000004,58.2834927088114,-33.6499326170549));
#6171=CARTESIAN_POINT('',(5.19911258848596,62.945794178874,-35.1603895142769));
#6172=CARTESIAN_POINT('',(5.19911258848596,62.945794178874,-35.1603895142769));
#6173=CARTESIAN_POINT('',(10.3991039607796,62.3829818683111,-34.8350709771149));
#6174=CARTESIAN_POINT('',(15.59909508268,61.8201724988019,-34.5097433495406));
#6175=CARTESIAN_POINT('',(20.7990859310561,61.2573663339124,-34.1844058063034));
#6176=CARTESIAN_POINT('',(4.6000000000004,58.2834927088114,-33.6499326170549));
#6177=CARTESIAN_POINT('',(-3.95554950603626,-0.991118369188578,0.572221493508012));
#6178=CARTESIAN_POINT('',(20.1999999999999,64.35720721405,11.3478950399621));
#6179=CARTESIAN_POINT('',(20.2000000000003,64.35720721405,11.3478950399621));
#6180=CARTESIAN_POINT('',(20.7990771753836,69.2548991805323,11.1712856710551));
#6181=CARTESIAN_POINT('',(4.59999999999997,66.27758242421,11.6865084658675));
#6182=CARTESIAN_POINT('',(5.19910385002545,71.1753083809569,11.5109352353111));
#6183=CARTESIAN_POINT('',(20.7990771753836,69.2548991805323,11.1712856710551));
#6184=CARTESIAN_POINT('',(15.599086332916,69.895035949963,11.2845123208632));
#6185=CARTESIAN_POINT('',(10.3990952167482,70.5351723385558,11.3977285536347));
#6186=CARTESIAN_POINT('',(5.19910385002545,71.1753083809583,11.5109352353031));
#6187=CARTESIAN_POINT('',(20.2000000000001,64.35720721405,11.3478950399621));
#6188=CARTESIAN_POINT('',(20.2000000000003,64.35720721405,11.3478950399621));
#6189=CARTESIAN_POINT('',(20.7990771716125,68.8991291956615,13.1889605426543));
#6190=CARTESIAN_POINT('',(11.8920612514343,-1.09657567376614,-0.193355571189433));
#6191=CARTESIAN_POINT('',(20.1999999999999,64.35720721405,11.3478950399621));
#6192=CARTESIAN_POINT('',(4.59999999999997,66.27758242421,11.6865084658675));
#6193=CARTESIAN_POINT('',(5.19910384636724,70.8198907274976,13.5266119382159));
#6194=CARTESIAN_POINT('',(5.19910384636724,70.8198907274976,13.5266119382159));
#6195=CARTESIAN_POINT('',(10.3990952130534,70.1796405851206,13.4140523490022));
#6196=CARTESIAN_POINT('',(15.5990863291838,69.539386850748,13.3015016165406));
#6197=CARTESIAN_POINT('',(20.7990771716125,68.89912919566,13.1889605426629));
#6198=CARTESIAN_POINT('',(4.59999999999997,66.27758242421,11.6865084658675));
#6199=CARTESIAN_POINT('',(-3.9555577961849,-1.12705781995915,-0.198730387473646));
#6200=CARTESIAN_POINT('',(20.2,42.0062576391672,50.0610129365114));
#6201=CARTESIAN_POINT('',(20.2000000000003,42.0062576391672,50.0610129365114));
#6202=CARTESIAN_POINT('',(20.7990712567377,45.8717735955226,53.0737145397753));
#6203=CARTESIAN_POINT('',(4.59999999999997,43.2596948924232,51.5547984137973));
#6204=CARTESIAN_POINT('',(5.1990979431057,47.1245707675285,54.5683158028946));
#6205=CARTESIAN_POINT('',(20.7990712567377,45.8717735955226,53.0737145397753));
#6206=CARTESIAN_POINT('',(15.5990804182956,46.2893664243624,53.5719229590367));
#6207=CARTESIAN_POINT('',(10.3990893060331,46.7069656584173,54.070123151478));
#6208=CARTESIAN_POINT('',(5.1990979431057,47.1245707675346,54.5683158028894));
#6209=CARTESIAN_POINT('',(20.2000000000001,42.0062576391672,50.0610129365114));
#6210=CARTESIAN_POINT('',(20.2000000000003,42.0062576391672,50.0610129365114));
#6211=CARTESIAN_POINT('',(20.7990712548894,44.3019578701625,54.3909488495209));
#6212=CARTESIAN_POINT('',(11.8920556505605,-0.715739719375773,-0.852983741741296));
#6213=CARTESIAN_POINT('',(20.2,42.0062576391672,50.0610129365114));
#6214=CARTESIAN_POINT('',(4.59999999999997,43.2596948924232,51.5547984137973));
#6215=CARTESIAN_POINT('',(5.19909794131278,45.5563096654904,55.8842456268535));
#6216=CARTESIAN_POINT('',(5.19909794131278,45.5563096654904,55.8842456268535));
#6217=CARTESIAN_POINT('',(10.3990893042222,45.1382011028614,55.3864754237235));
#6218=CARTESIAN_POINT('',(15.5990804164665,44.7200840935521,54.8887096969502));
#6219=CARTESIAN_POINT('',(20.7990712548894,44.3019578701558,54.3909488495265));
#6220=CARTESIAN_POINT('',(4.59999999999997,43.2596948924232,51.5547984137973));
#6221=CARTESIAN_POINT('',(-3.95556339705867,-0.735635548792535,-0.876694622333137));
#6222=CARTESIAN_POINT('',(20.2,0.,65.35));
#6223=CARTESIAN_POINT('',(20.2000000000003,0.,65.3499999999999));
#6224=CARTESIAN_POINT('',(20.7990795408685,1.02431033927856,70.1426363269453));
#6225=CARTESIAN_POINT('',(4.59999999999997,0.,67.3));
#6226=CARTESIAN_POINT('',(5.19910621088721,1.02329592726588,72.0928496870978));
#6227=CARTESIAN_POINT('',(20.7990795408685,1.02431033927856,70.1426363269453));
#6228=CARTESIAN_POINT('',(15.5990886968138,1.02396229235515,70.7927095690815));
#6229=CARTESIAN_POINT('',(10.3990975791058,1.02362443724344,71.4427806276468));
#6230=CARTESIAN_POINT('',(5.19910621088721,1.02329592726588,72.0928496870978));
#6231=CARTESIAN_POINT('',(20.2000000000001,0.,65.35));
#6232=CARTESIAN_POINT('',(20.2000000000003,0.,65.3499999999999));
#6233=CARTESIAN_POINT('',(20.7990795408685,-1.02431033927851,70.1426363269453));
#6234=CARTESIAN_POINT('',(11.8920634920635,0.,-1.11349206349209));
#6235=CARTESIAN_POINT('',(20.2,0.,65.35));
#6236=CARTESIAN_POINT('',(4.59999999999997,0.,67.3));
#6237=CARTESIAN_POINT('',(5.1991062108872,-1.0232959272661,72.0928496870977));
#6238=CARTESIAN_POINT('',(5.19910621088722,-1.02329592726612,72.0928496870978));
#6239=CARTESIAN_POINT('',(10.3990975791053,-1.02362443724368,71.4427806276469));
#6240=CARTESIAN_POINT('',(15.5990886968139,-1.02396229235511,70.7927095690815));
#6241=CARTESIAN_POINT('',(20.7990795408685,-1.02431033927851,70.1426363269453));
#6242=CARTESIAN_POINT('',(4.59999999999997,0.,67.3));
#6243=CARTESIAN_POINT('',(-3.95555555555575,0.,-1.14444444444447));
#6244=CARTESIAN_POINT('',(26.,0.,82.5));
#6245=CARTESIAN_POINT('',(26.,0.,0.));
#6246=CARTESIAN_POINT('',(26.,0.,69.5));
#6247=CARTESIAN_POINT('',(20.1999999999999,-56.5948274262208,-32.6749837899384));
#6248=CARTESIAN_POINT('',(20.2000000000003,-56.5948274262208,-32.6749837899384));
#6249=CARTESIAN_POINT('',(20.7990729137169,-61.257608549167,-34.1839750998351));
#6250=CARTESIAN_POINT('',(4.59999999999997,-58.2835776773435,-33.6499825536982));
#6251=CARTESIAN_POINT('',(5.19909959682703,-62.9460363424224,-35.1599593082572));
#6252=CARTESIAN_POINT('',(20.7990729137169,-61.257608549167,-34.1839750998351));
#6253=CARTESIAN_POINT('',(15.5990820741564,-61.8204146963265,-34.5093128148253));
#6254=CARTESIAN_POINT('',(10.3990909608089,-62.3832240486202,-34.8346406090631));
#6255=CARTESIAN_POINT('',(5.19909959682703,-62.9460363424265,-35.1599593082501));
#6256=CARTESIAN_POINT('',(20.2000000000001,-56.5948274262208,-32.6749837899384));
#6257=CARTESIAN_POINT('',(20.2000000000003,-56.5948274262208,-32.6749837899384));
#6258=CARTESIAN_POINT('',(20.7990729131134,-60.2330475879721,-35.9585697305218));
#6259=CARTESIAN_POINT('',(11.8920572194208,0.96431283206907,0.556745331951822));
#6260=CARTESIAN_POINT('',(20.1999999999999,-56.5948274262208,-32.6749837899384));
#6261=CARTESIAN_POINT('',(4.59999999999997,-58.2835776773435,-33.6499825536982));
#6262=CARTESIAN_POINT('',(5.19909959624163,-61.9224900295994,-36.9327965137299));
#6263=CARTESIAN_POINT('',(5.19909959624163,-61.9224900295994,-36.9327965137299));
#6264=CARTESIAN_POINT('',(10.3990909602176,-61.3593491492634,-36.6080469439757));
#6265=CARTESIAN_POINT('',(15.5990820735593,-60.7962018631363,-36.2833044692002));
#6266=CARTESIAN_POINT('',(20.7990729131134,-60.2330475879677,-35.9585697305294));
#6267=CARTESIAN_POINT('',(4.59999999999996,-58.2835776773435,-33.6499825536982));
#6268=CARTESIAN_POINT('',(-3.95556182819843,0.991118391610701,0.572221502805152));
#6269=CARTESIAN_POINT('',(-20.2000000000001,-42.0061776075251,50.0609163493357));
#6270=CARTESIAN_POINT('',(-20.2000000000003,-42.006177607525,50.0609163493357));
#6271=CARTESIAN_POINT('',(-20.7990878250083,-45.8712962549191,53.0741243656018));
#6272=CARTESIAN_POINT('',(-11.8920713335665,0.715739697331723,-0.852983720252692));
#6273=CARTESIAN_POINT('',(-20.7990878268554,-44.3024456520865,54.3905488710442));
#6274=CARTESIAN_POINT('',(-20.2000000000003,-42.006177607525,50.0609163493357));
#6275=CARTESIAN_POINT('',(-20.2,-42.0061776075251,50.0609163493357));
#6276=CARTESIAN_POINT('',(-20.7990878268554,-44.3024456520865,54.3905488710442));
#6277=CARTESIAN_POINT('',(-15.5990969771692,-44.7205716595718,54.8883097820247));
#6278=CARTESIAN_POINT('',(-10.3991058539981,-45.1386884592489,55.3860755705874));
#6279=CARTESIAN_POINT('',(-5.19911448046928,-45.5567968180269,55.8838458338617));
#6280=CARTESIAN_POINT('',(-5.19911448046928,-45.5567968180331,55.8838458338565));
#6281=CARTESIAN_POINT('',(-4.59999999999998,-43.2596148566571,51.554701830082));
#6282=CARTESIAN_POINT('',(-4.59999999999997,-43.2596148566571,51.554701830082));
#6283=CARTESIAN_POINT('',(3.95554771405275,0.735635526683025,-0.87669460089946));
#6284=CARTESIAN_POINT('',(-5.19911447867746,-47.1240937080795,54.568725051317));
#6285=CARTESIAN_POINT('',(-4.59999999999998,-43.2596148566571,51.554701830082));
#6286=CARTESIAN_POINT('',(-20.2,-42.0061776075251,50.0609163493357));
#6287=CARTESIAN_POINT('',(-5.19911447867746,-47.1240937080795,54.568725051317));
#6288=CARTESIAN_POINT('',(-10.3991058521883,-46.7064885079082,54.0705325868451));
#6289=CARTESIAN_POINT('',(-15.5990969753412,-46.2888891802248,53.5723325866986));
#6290=CARTESIAN_POINT('',(-20.7990878250083,-45.8712962549258,53.0741243655962));
#6291=CARTESIAN_POINT('',(-20.2000000000001,-64.357172225337,11.3478870689117));
#6292=CARTESIAN_POINT('',(-20.2000000000003,-64.357172225337,11.3478870689117));
#6293=CARTESIAN_POINT('',(-20.7990819063544,-69.2548702340654,11.1714614058882));
#6294=CARTESIAN_POINT('',(-11.8920657326926,1.09657566461284,-0.193355572696974));
#6295=CARTESIAN_POINT('',(-20.7990819101248,-68.8991628148589,13.1887817642846));
#6296=CARTESIAN_POINT('',(-20.2000000000003,-64.357172225337,11.3478870689117));
#6297=CARTESIAN_POINT('',(-20.2,-64.357172225337,11.3478870689117));
#6298=CARTESIAN_POINT('',(-20.7990819101248,-68.8991628148589,13.1887817642846));
#6299=CARTESIAN_POINT('',(-15.5990910644444,-69.5394204336624,13.3013228941525));
#6300=CARTESIAN_POINT('',(-10.3990999451595,-70.1796741328125,13.4138736810415));
#6301=CARTESIAN_POINT('',(-5.19910857540753,-70.8199242409456,13.5264333232173));
#6302=CARTESIAN_POINT('',(-5.19910857540753,-70.819924240947,13.5264333232093));
#6303=CARTESIAN_POINT('',(-4.59999999999998,-66.2775474345621,11.6865005001188));
#6304=CARTESIAN_POINT('',(-4.59999999999997,-66.2775474345621,11.6865005001188));
#6305=CARTESIAN_POINT('',(3.9555533149266,1.12705781079102,-0.198730389065342));
#6306=CARTESIAN_POINT('',(-5.19910857175,-71.1752793894513,11.5111107995781));
#6307=CARTESIAN_POINT('',(-4.59999999999998,-66.2775474345621,11.6865005001188));
#6308=CARTESIAN_POINT('',(-20.2,-64.357172225337,11.3478870689117));
#6309=CARTESIAN_POINT('',(-5.19910857175,-71.1752793894513,11.5111107995781));
#6310=CARTESIAN_POINT('',(-10.3990999414654,-70.5351433616297,11.3979041731098));
#6311=CARTESIAN_POINT('',(-15.5990910607128,-69.8950069880425,11.2846879971105));
#6312=CARTESIAN_POINT('',(-20.7990819063544,-69.2548702340668,11.1714614058796));
#6313=CARTESIAN_POINT('',(-20.2000000000001,-22.3510799700474,-61.4089430070979));
#6314=CARTESIAN_POINT('',(-20.2000000000003,-22.3510799700474,-61.4089430070979));
#6315=CARTESIAN_POINT('',(-20.7990729131134,-23.0274700793094,-66.2629185936313));
#6316=CARTESIAN_POINT('',(-11.8920572194208,0.380837513211577,1.04633999793281));
#6317=CARTESIAN_POINT('',(-20.7990729137169,-24.9530167323995,-65.5620752778747));
#6318=CARTESIAN_POINT('',(-20.2000000000003,-22.3510799700474,-61.4089430070979));
#6319=CARTESIAN_POINT('',(-20.2,-22.3510799700474,-61.4089430070979));
#6320=CARTESIAN_POINT('',(-20.7990729137169,-24.9530167323995,-65.5620752778747));
#6321=CARTESIAN_POINT('',(-15.5990820741564,-25.17502821812,-66.1730632387084));
#6322=CARTESIAN_POINT('',(-10.3990909608089,-25.3970485360524,-66.7840456600252));
#6323=CARTESIAN_POINT('',(-5.19909959682704,-25.6190769534999,-67.3950230048965));
#6324=CARTESIAN_POINT('',(-5.19909959682705,-25.6190769534922,-67.3950230048993));
#6325=CARTESIAN_POINT('',(-4.59999999999998,-23.0180206398019,-63.2413431116132));
#6326=CARTESIAN_POINT('',(-4.59999999999998,-23.0180206398019,-63.2413431116132));
#6327=CARTESIAN_POINT('',(3.95556182819841,0.391423873048951,1.0754257138775));
#6328=CARTESIAN_POINT('',(-5.19909959624164,-23.6954372172833,-68.0951722581873));
#6329=CARTESIAN_POINT('',(-4.59999999999998,-23.0180206398019,-63.2413431116132));
#6330=CARTESIAN_POINT('',(-20.2,-22.3510799700474,-61.4089430070979));
#6331=CARTESIAN_POINT('',(-5.19909959624164,-23.6954372172833,-68.0951722581873));
#6332=CARTESIAN_POINT('',(-10.3990909602176,-23.4727912586088,-67.4844196804219));
#6333=CARTESIAN_POINT('',(-15.5990820735593,-23.2501358322493,-66.8736684201626));
#6334=CARTESIAN_POINT('',(-20.7990729131134,-23.0274700793012,-66.2629185936343));
#6335=CARTESIAN_POINT('',(-20.1999999999999,22.3510469840863,-61.4088501348501));
#6336=CARTESIAN_POINT('',(-20.2,22.3510469840863,-61.4088501348501));
#6337=CARTESIAN_POINT('',(-20.7990859310554,24.9525543319635,-65.5622495252228));
#6338=CARTESIAN_POINT('',(-11.8920695415824,-0.380837502091556,1.0463399763689));
#6339=CARTESIAN_POINT('',(-20.799085934109,23.0279378588502,-66.2627543074731));
#6340=CARTESIAN_POINT('',(-20.2,22.3510469840863,-61.4088501348501));
#6341=CARTESIAN_POINT('',(-20.1999999999997,22.3510469840863,-61.4088501348501));
#6342=CARTESIAN_POINT('',(-20.799085934109,23.0279378588502,-66.2627543074731));
#6343=CARTESIAN_POINT('',(-15.5990950857014,23.250603434803,-66.8735041230567));
#6344=CARTESIAN_POINT('',(-10.3991039637708,23.4732586892774,-67.4842553727549));
#6345=CARTESIAN_POINT('',(-5.19911259144745,23.6959044807859,-68.0950079402958));
#6346=CARTESIAN_POINT('',(-5.19911259144746,23.6959044807948,-68.0950079402926));
#6347=CARTESIAN_POINT('',(-4.5999999999997,23.017987648782,-63.2412502412067));
#6348=CARTESIAN_POINT('',(-4.5999999999997,23.017987648782,-63.2412502412067));
#6349=CARTESIAN_POINT('',(3.95554950603679,-0.39142386184863,1.07542569234281));
#6350=CARTESIAN_POINT('',(-5.19911258848526,25.6186149143556,-67.3951969021147));
#6351=CARTESIAN_POINT('',(-4.5999999999997,23.017987648782,-63.2412502412067));
#6352=CARTESIAN_POINT('',(-20.1999999999997,22.3510469840863,-61.4088501348501));
#6353=CARTESIAN_POINT('',(-5.19911258848526,25.6186149143556,-67.3951969021147));
#6354=CARTESIAN_POINT('',(-10.3991039607789,25.3965863799242,-66.7842196705908));
#6355=CARTESIAN_POINT('',(-15.5990950826793,25.1745659416748,-66.1732373658798));
#6356=CARTESIAN_POINT('',(-20.7990859310554,24.9525543319718,-65.5622495252198));
#6357=CARTESIAN_POINT('',(-20.1999999999997,56.5947424603805,-32.6749338486328));
#6358=CARTESIAN_POINT('',(-20.1999999999999,56.5947424603804,-32.6749338486328));
#6359=CARTESIAN_POINT('',(-20.7990859310552,61.2573663339082,-34.1844058063109));
#6360=CARTESIAN_POINT('',(-11.8920695415824,-0.964312809689597,0.556745322580721));
#6361=CARTESIAN_POINT('',(-20.7990859341088,60.2333003267942,-35.9581431971373));
#6362=CARTESIAN_POINT('',(-20.1999999999999,56.5947424603804,-32.6749338486328));
#6363=CARTESIAN_POINT('',(-20.1999999999995,56.5947424603805,-32.6749338486328));
#6364=CARTESIAN_POINT('',(-20.7990859341088,60.2333003267942,-35.9581431971373));
#6365=CARTESIAN_POINT('',(-15.5990950857012,60.7964544593415,-36.2828780411943));
#6366=CARTESIAN_POINT('',(-10.3991039637706,61.3596016070092,-36.6076206183638));
#6367=CARTESIAN_POINT('',(-5.19911259144729,61.9227423527165,-36.9323702877377));
#6368=CARTESIAN_POINT('',(-5.19911259144729,61.9227423527206,-36.9323702877306));
#6369=CARTESIAN_POINT('',(-4.59999999999954,58.2834927088114,-33.6499326170549));
#6370=CARTESIAN_POINT('',(-4.59999999999954,58.2834927088114,-33.6499326170549));
#6371=CARTESIAN_POINT('',(3.95554950603679,-0.991118369188501,0.572221493508055));
#6372=CARTESIAN_POINT('',(-5.19911258848508,62.9457941788739,-35.1603895142773));
#6373=CARTESIAN_POINT('',(-4.59999999999954,58.2834927088114,-33.6499326170549));
#6374=CARTESIAN_POINT('',(-20.1999999999995,56.5947424603805,-32.6749338486328));
#6375=CARTESIAN_POINT('',(-5.19911258848508,62.9457941788739,-35.1603895142773));
#6376=CARTESIAN_POINT('',(-10.3991039607787,62.3829818683111,-34.8350709771151));
#6377=CARTESIAN_POINT('',(-15.5990950826791,61.820172498802,-34.5097433495407));
#6378=CARTESIAN_POINT('',(-20.7990859310552,61.2573663339126,-34.1844058063033));
#6379=CARTESIAN_POINT('',(-20.2000000000001,64.35720721405,11.3478950399621));
#6380=CARTESIAN_POINT('',(-20.2000000000003,64.35720721405,11.3478950399621));
#6381=CARTESIAN_POINT('',(-20.7990771716125,68.8991291956615,13.1889605426543));
#6382=CARTESIAN_POINT('',(-11.8920612514343,-1.09657567376614,-0.193355571189433));
#6383=CARTESIAN_POINT('',(-20.7990771753836,69.2548991805323,11.1712856710551));
#6384=CARTESIAN_POINT('',(-20.2000000000003,64.35720721405,11.3478950399621));
#6385=CARTESIAN_POINT('',(-20.2,64.35720721405,11.3478950399621));
#6386=CARTESIAN_POINT('',(-20.7990771753836,69.2548991805323,11.1712856710551));
#6387=CARTESIAN_POINT('',(-15.599086332916,69.895035949963,11.2845123208632));
#6388=CARTESIAN_POINT('',(-10.3990952167482,70.5351723385558,11.3977285536347));
#6389=CARTESIAN_POINT('',(-5.19910385002546,71.1753083809583,11.5109352353032));
#6390=CARTESIAN_POINT('',(-5.19910385002546,71.1753083809569,11.5109352353111));
#6391=CARTESIAN_POINT('',(-4.59999999999998,66.27758242421,11.6865084658675));
#6392=CARTESIAN_POINT('',(-4.59999999999997,66.27758242421,11.6865084658675));
#6393=CARTESIAN_POINT('',(3.95555779618488,-1.12705781995915,-0.198730387473646));
#6394=CARTESIAN_POINT('',(-5.19910384636724,70.8198907274976,13.5266119382159));
#6395=CARTESIAN_POINT('',(-4.59999999999998,66.27758242421,11.6865084658675));
#6396=CARTESIAN_POINT('',(-20.2,64.35720721405,11.3478950399621));
#6397=CARTESIAN_POINT('',(-5.19910384636724,70.8198907274976,13.5266119382159));
#6398=CARTESIAN_POINT('',(-10.3990952130534,70.1796405851206,13.4140523490021));
#6399=CARTESIAN_POINT('',(-15.5990863291838,69.539386850748,13.3015016165406));
#6400=CARTESIAN_POINT('',(-20.7990771716125,68.89912919566,13.188960542663));
#6401=CARTESIAN_POINT('',(-20.2000000000001,42.0062576391672,50.0610129365114));
#6402=CARTESIAN_POINT('',(-20.2000000000003,42.0062576391672,50.0610129365114));
#6403=CARTESIAN_POINT('',(-20.7990712548894,44.3019578701625,54.3909488495209));
#6404=CARTESIAN_POINT('',(-11.8920556505605,-0.715739719375773,-0.852983741741297));
#6405=CARTESIAN_POINT('',(-20.7990712567377,45.8717735955226,53.0737145397753));
#6406=CARTESIAN_POINT('',(-20.2000000000003,42.0062576391672,50.0610129365114));
#6407=CARTESIAN_POINT('',(-20.2,42.0062576391672,50.0610129365114));
#6408=CARTESIAN_POINT('',(-20.7990712567377,45.8717735955226,53.0737145397753));
#6409=CARTESIAN_POINT('',(-15.5990804182956,46.2893664243623,53.5719229590368));
#6410=CARTESIAN_POINT('',(-10.3990893060331,46.7069656584173,54.0701231514779));
#6411=CARTESIAN_POINT('',(-5.1990979431057,47.1245707675347,54.5683158028894));
#6412=CARTESIAN_POINT('',(-5.1990979431057,47.1245707675285,54.5683158028946));
#6413=CARTESIAN_POINT('',(-4.59999999999997,43.2596948924232,51.5547984137973));
#6414=CARTESIAN_POINT('',(-4.59999999999997,43.2596948924232,51.5547984137973));
#6415=CARTESIAN_POINT('',(3.95556339705867,-0.735635548792535,-0.876694622333136));
#6416=CARTESIAN_POINT('',(-5.19909794131278,45.5563096654904,55.8842456268535));
#6417=CARTESIAN_POINT('',(-4.59999999999997,43.2596948924232,51.5547984137973));
#6418=CARTESIAN_POINT('',(-20.2,42.0062576391672,50.0610129365114));
#6419=CARTESIAN_POINT('',(-5.19909794131278,45.5563096654904,55.8842456268535));
#6420=CARTESIAN_POINT('',(-10.3990893042222,45.1382011028614,55.3864754237235));
#6421=CARTESIAN_POINT('',(-15.5990804164665,44.7200840935521,54.8887096969502));
#6422=CARTESIAN_POINT('',(-20.7990712548894,44.3019578701558,54.3909488495265));
#6423=CARTESIAN_POINT('',(-26.,0.,82.5));
#6424=CARTESIAN_POINT('',(-26.,0.,0.));
#6425=CARTESIAN_POINT('',(-26.,0.,69.5));
#6426=CARTESIAN_POINT('',(-20.2000000000001,0.,65.35));
#6427=CARTESIAN_POINT('',(-20.2000000000003,0.,65.3499999999999));
#6428=CARTESIAN_POINT('',(-20.7990795408685,-1.02431033927852,70.1426363269453));
#6429=CARTESIAN_POINT('',(-11.8920634920635,0.,-1.11349206349208));
#6430=CARTESIAN_POINT('',(-20.7990795408685,1.02431033927855,70.1426363269453));
#6431=CARTESIAN_POINT('',(-20.2000000000003,0.,65.3499999999999));
#6432=CARTESIAN_POINT('',(-20.2,0.,65.35));
#6433=CARTESIAN_POINT('',(-20.7990795408685,1.02431033927855,70.1426363269453));
#6434=CARTESIAN_POINT('',(-15.5990886968138,1.02396229235515,70.7927095690815));
#6435=CARTESIAN_POINT('',(-10.3990975791058,1.02362443724343,71.4427806276468));
#6436=CARTESIAN_POINT('',(-5.19910621088721,1.02329592726588,72.0928496870978));
#6437=CARTESIAN_POINT('',(-5.19910621088721,1.02329592726587,72.0928496870978));
#6438=CARTESIAN_POINT('',(-4.59999999999997,0.,67.3));
#6439=CARTESIAN_POINT('',(-4.59999999999997,0.,67.3));
#6440=CARTESIAN_POINT('',(3.95555555555575,0.,-1.14444444444447));
#6441=CARTESIAN_POINT('',(-5.19910621088722,-1.02329592726558,72.0928496870978));
#6442=CARTESIAN_POINT('',(-4.59999999999997,0.,67.3));
#6443=CARTESIAN_POINT('',(-20.2,0.,65.35));
#6444=CARTESIAN_POINT('',(-5.19910621088722,-1.02329592726611,72.0928496870978));
#6445=CARTESIAN_POINT('',(-10.3990975791053,-1.02362443724367,71.4427806276469));
#6446=CARTESIAN_POINT('',(-15.5990886968139,-1.02396229235511,70.7927095690815));
#6447=CARTESIAN_POINT('',(-20.7990795408685,-1.02431033927851,70.1426363269453));
#6448=CARTESIAN_POINT('',(-20.2000000000001,-56.5948274262208,-32.6749837899384));
#6449=CARTESIAN_POINT('',(-20.2000000000003,-56.5948274262208,-32.6749837899384));
#6450=CARTESIAN_POINT('',(-20.7990729131134,-60.233047587972,-35.9585697305218));
#6451=CARTESIAN_POINT('',(-11.8920572194208,0.964312832069069,0.556745331951821));
#6452=CARTESIAN_POINT('',(-20.7990729137169,-61.257608549167,-34.183975099835));
#6453=CARTESIAN_POINT('',(-20.2000000000003,-56.5948274262208,-32.6749837899384));
#6454=CARTESIAN_POINT('',(-20.2,-56.5948274262208,-32.6749837899384));
#6455=CARTESIAN_POINT('',(-20.7990729137169,-61.257608549167,-34.183975099835));
#6456=CARTESIAN_POINT('',(-15.5990820741564,-61.8204146963265,-34.5093128148253));
#6457=CARTESIAN_POINT('',(-10.3990909608089,-62.3832240486202,-34.834640609063));
#6458=CARTESIAN_POINT('',(-5.19909959682704,-62.9460363424265,-35.1599593082501));
#6459=CARTESIAN_POINT('',(-5.19909959682705,-62.9460363424224,-35.1599593082571));
#6460=CARTESIAN_POINT('',(-4.59999999999998,-58.2835776773435,-33.6499825536982));
#6461=CARTESIAN_POINT('',(-4.59999999999998,-58.2835776773435,-33.6499825536982));
#6462=CARTESIAN_POINT('',(3.95556182819841,0.9911183916107,0.572221502805151));
#6463=CARTESIAN_POINT('',(-5.19909959624164,-61.9224900295994,-36.9327965137298));
#6464=CARTESIAN_POINT('',(-4.59999999999998,-58.2835776773435,-33.6499825536982));
#6465=CARTESIAN_POINT('',(-20.2,-56.5948274262208,-32.6749837899384));
#6466=CARTESIAN_POINT('',(-5.19909959624164,-61.9224900295994,-36.9327965137298));
#6467=CARTESIAN_POINT('',(-10.3990909602176,-61.3593491492634,-36.6080469439757));
#6468=CARTESIAN_POINT('',(-15.5990820735593,-60.7962018631363,-36.2833044692002));
#6469=CARTESIAN_POINT('',(-20.7990729131134,-60.2330475879677,-35.9585697305293));
#6470=CARTESIAN_POINT('',(0.,0.,0.));
#6471=CARTESIAN_POINT('',(2.6,0.,0.));
#6472=CARTESIAN_POINT('',(2.6,0.,0.));
#6473=CARTESIAN_POINT('',(0.,0.,66.25));
#6474=CARTESIAN_POINT('',(-1.06940018901733E-15,2.6,72.7035246738423));
#6475=CARTESIAN_POINT('',(-0.683671236366872,2.6,72.6180111401642));
#6476=CARTESIAN_POINT('',(-2.02882460335255,2.04218231283439,72.472887475177));
#6477=CARTESIAN_POINT('',(-2.88494753316715,0.00271847874476866,72.4011200370919));
#6478=CARTESIAN_POINT('',(-2.03138074257819,-2.04117903623588,72.4726327793155));
#6479=CARTESIAN_POINT('',(-0.683688805076448,-2.6,72.6180089426717));
#6480=CARTESIAN_POINT('',(6.85714378752081E-16,-2.6,72.7035246738423));
#6481=CARTESIAN_POINT('',(-1.81834849399748E-16,2.6,72.7035246738423));
#6482=CARTESIAN_POINT('',(0.,-2.6,72.7035246738423));
#6483=CARTESIAN_POINT('',(8.45518670366288E-16,-2.6,72.7035246738423));
#6484=CARTESIAN_POINT('',(0.683671236366873,-2.6,72.6180111401642));
#6485=CARTESIAN_POINT('',(2.02882460335255,-2.04218231283439,72.472887475177));
#6486=CARTESIAN_POINT('',(2.88494753316715,-0.0027184787447684,72.401120037092));
#6487=CARTESIAN_POINT('',(2.03138074257819,2.04117903623587,72.4726327793155));
#6488=CARTESIAN_POINT('',(0.683688805076446,2.6,72.6180089426717));
#6489=CARTESIAN_POINT('',(-6.59606806671288E-16,2.6,72.7035246738423));
#6490=CARTESIAN_POINT('',(-2.60000000000003,-6.16297582203915E-30,82.5));
#6491=CARTESIAN_POINT('',(-2.60000000000003,0.291105376613977,82.2088819001827));
#6492=CARTESIAN_POINT('',(-2.50313082257379,0.874701471331207,81.6221487243799));
#6493=CARTESIAN_POINT('',(-2.04891371226127,1.69608333237104,80.7874180945464));
#6494=CARTESIAN_POINT('',(-1.23975525448292,2.38244121398536,80.0827331148288));
#6495=CARTESIAN_POINT('',(-0.00777709342676717,2.70755726792553,79.7464210798321));
#6496=CARTESIAN_POINT('',(1.23316425678038,2.3872841615984,80.0777451271087));
#6497=CARTESIAN_POINT('',(2.04504271188728,1.69967303107903,80.7837330123991));
#6498=CARTESIAN_POINT('',(2.50014097599174,0.88522461981729,81.6115292149783));
#6499=CARTESIAN_POINT('',(2.60000000000003,0.291105376613978,82.2088819001827));
#6500=CARTESIAN_POINT('',(2.60000000000003,-6.16297582203915E-30,82.5));
#6501=CARTESIAN_POINT('',(0.,0.,0.));
#6502=CARTESIAN_POINT('',(-2.6,0.,0.));
#6503=CARTESIAN_POINT('',(-2.6,0.,0.));
#6504=CARTESIAN_POINT('',(0.,0.,0.));
#6505=CARTESIAN_POINT('',(0.,0.,0.));
#6506=CARTESIAN_POINT('',(26.,0.,0.));
#6507=CARTESIAN_POINT('',(0.,0.,0.));
#6508=CARTESIAN_POINT('',(0.,0.,0.));
#6509=CARTESIAN_POINT('',(0.,0.,0.));
#6510=CARTESIAN_POINT('',(0.,0.,0.));
#6511=CARTESIAN_POINT('',(0.,0.,0.));
#6512=CARTESIAN_POINT('',(0.,0.,0.));
#6513=CARTESIAN_POINT('',(0.,0.,0.));
#6514=CARTESIAN_POINT('',(0.,0.,0.));
#6515=CARTESIAN_POINT('',(0.,0.,0.));
#6516=CARTESIAN_POINT('',(0.,0.,0.));
#6517=CARTESIAN_POINT('',(-26.,0.,69.3));
#6518=CARTESIAN_POINT('',(-25.9999999999999,-42.6492311885834,54.6776884005447));
#6519=CARTESIAN_POINT('',(-25.9999999999999,-42.6492311885834,54.6776884005447));
#6520=CARTESIAN_POINT('',(-25.9999999999999,-46.4411481781702,51.4958861527482));
#6521=CARTESIAN_POINT('',(-25.9999999999999,-44.4721426272148,53.1480811520478));
#6522=CARTESIAN_POINT('',(-26.,-44.4721426272147,53.1480811520477));
#6523=CARTESIAN_POINT('',(-26.,-44.5208404088298,53.107218783111));
#6524=CARTESIAN_POINT('',(-26.,-44.5695381904449,53.0663564141744));
#6525=CARTESIAN_POINT('',(-26.,-44.6182359720601,53.0254940452377));
#6526=CARTESIAN_POINT('',(-25.9999999999999,-44.6182359720602,53.0254940452378));
#6527=CARTESIAN_POINT('',(-25.9999999999999,-46.4411481781702,51.4958861527482));
#6528=CARTESIAN_POINT('',(-25.9999999999999,-46.4411481781702,51.4958861527482));
#6529=CARTESIAN_POINT('',(-25.9999999999999,-46.4411481781702,51.4958861527482));
#6530=CARTESIAN_POINT('',(-25.9999999999999,-67.8173836433243,14.4711954434391));
#6531=CARTESIAN_POINT('',(-25.9999999999999,-67.8173836433243,14.4711954434391));
#6532=CARTESIAN_POINT('',(-25.9999999999999,-68.67694081485,9.59639683540628));
#6533=CARTESIAN_POINT('',(-25.9999999999999,-68.2383108587665,12.0839948337601));
#6534=CARTESIAN_POINT('',(-25.9999999999999,0.,0.));
#6535=CARTESIAN_POINT('',(-25.9999999999999,-68.2560132443607,11.9835994586622));
#6536=CARTESIAN_POINT('',(-25.9999999999999,-68.67694081485,9.59639683540628));
#6537=CARTESIAN_POINT('',(-25.9999999999999,-68.67694081485,9.59639683540628));
#6538=CARTESIAN_POINT('',(-25.9999999999999,-68.67694081485,9.59639683540628));
#6539=CARTESIAN_POINT('',(-26.0000000000004,-61.2531276956395,-32.5065683086792));
#6540=CARTESIAN_POINT('',(-26.0000000000004,-61.2531276956395,-32.5065683086792));
#6541=CARTESIAN_POINT('',(-26.0000000000005,-58.7781308337878,-36.7933958692215));
#6542=CARTESIAN_POINT('',(-26.0000000000005,-58.7781308337878,-36.7933958692215));
#6543=CARTESIAN_POINT('',(-26.0000000000005,-58.7781308337878,-36.7933958692215));
#6544=CARTESIAN_POINT('',(-26.,-26.0278017297507,-64.2742283877231));
#6545=CARTESIAN_POINT('',(-26.,-26.0278017297507,-64.2742283877231));
#6546=CARTESIAN_POINT('',(-26.,-21.3763245413659,-65.9672316263306));
#6547=CARTESIAN_POINT('',(-26.,-21.3763245413659,-65.9672316263306));
#6548=CARTESIAN_POINT('',(-26.,-21.3763245413659,-65.9672316263306));
#6549=CARTESIAN_POINT('',(-26.,21.3762887691407,-65.9671329460668));
#6550=CARTESIAN_POINT('',(-26.,21.3762887691407,-65.9671329460668));
#6551=CARTESIAN_POINT('',(-26.,26.0277659621995,-64.2741297203009));
#6552=CARTESIAN_POINT('',(-25.9999999999999,23.6218855856047,-65.1498006242582));
#6553=CARTESIAN_POINT('',(-26.,23.6218855856046,-65.1498006242581));
#6554=CARTESIAN_POINT('',(-26.,23.6753133365106,-65.1303544675051));
#6555=CARTESIAN_POINT('',(-26.,23.7287410874165,-65.1109083107521));
#6556=CARTESIAN_POINT('',(-26.,23.7821688383224,-65.0914621539991));
#6557=CARTESIAN_POINT('',(-25.9999999999999,23.7821688383225,-65.0914621539993));
#6558=CARTESIAN_POINT('',(-26.,26.0277659621995,-64.2741297203009));
#6559=CARTESIAN_POINT('',(-26.,26.0277659621995,-64.2741297203009));
#6560=CARTESIAN_POINT('',(-26.,26.0277659621995,-64.2741297203009));
#6561=CARTESIAN_POINT('',(-26.0000000000008,58.7780438979657,-36.7933439854389));
#6562=CARTESIAN_POINT('',(-26.0000000000008,58.7780438979657,-36.7933439854389));
#6563=CARTESIAN_POINT('',(-26.0000000000008,61.2530407716523,-32.5065164317295));
#6564=CARTESIAN_POINT('',(-25.9999999999999,59.9736647745556,-34.7224643927994));
#6565=CARTESIAN_POINT('',(-26.,59.9736647745571,-34.7224643928002));
#6566=CARTESIAN_POINT('',(-26.,60.0015828720328,-34.6741087480807));
#6567=CARTESIAN_POINT('',(-26.,60.0295009695085,-34.6257531033612));
#6568=CARTESIAN_POINT('',(-26.,60.0574190669842,-34.5773974586416));
#6569=CARTESIAN_POINT('',(-25.9999999999999,60.0574190669827,-34.5773974586408));
#6570=CARTESIAN_POINT('',(-26.0000000000008,61.2530407716523,-32.5065164317295));
#6571=CARTESIAN_POINT('',(-26.0000000000008,61.2530407716523,-32.5065164317295));
#6572=CARTESIAN_POINT('',(-26.0000000000008,61.2530407716523,-32.5065164317295));
#6573=CARTESIAN_POINT('',(-25.9999999999999,68.6769774080881,9.59640516967979));
#6574=CARTESIAN_POINT('',(-25.9999999999999,68.6769774080881,9.59640516967979));
#6575=CARTESIAN_POINT('',(-25.9999999999999,67.8174202500205,14.4712037800856));
#6576=CARTESIAN_POINT('',(-25.9999999999999,67.8174202500205,14.4712037800856));
#6577=CARTESIAN_POINT('',(-25.9999999999999,67.8174202500205,14.4712037800856));
#6578=CARTESIAN_POINT('',(-25.9999999999999,46.4412318918874,51.4959871796729));
#6579=CARTESIAN_POINT('',(-25.9999999999999,46.4412318918874,51.4959871796729));
#6580=CARTESIAN_POINT('',(-25.9999999999999,42.6493149110848,54.677789437938));
#6581=CARTESIAN_POINT('',(-25.9999999999999,42.6493149110848,54.677789437938));
#6582=CARTESIAN_POINT('',(-25.9999999999999,42.6493149110848,54.677789437938));
#6583=CARTESIAN_POINT('',(-25.9999999999999,2.475,69.3));
#6584=CARTESIAN_POINT('',(-25.9999999999999,2.475,69.3));
#6585=CARTESIAN_POINT('',(-25.9999999999999,-2.475,69.3));
#6586=CARTESIAN_POINT('',(-25.9999999999999,-2.475,69.3));
#6587=CARTESIAN_POINT('',(-25.9999999999999,-2.475,69.3));
#6588=CARTESIAN_POINT('',(0.,0.,0.));
#6589=CARTESIAN_POINT('',(31.2,0.,0.));
#6590=CARTESIAN_POINT('',(31.2,0.,54.3333333333333));
#6591=CARTESIAN_POINT('',(31.2,0.,45.));
#6592=CARTESIAN_POINT('',(31.2,0.,0.));
#6593=CARTESIAN_POINT('',(31.2,0.,45.));
#6594=CARTESIAN_POINT('',(0.,0.,0.));
#6595=CARTESIAN_POINT('',(-36.4,0.,0.));
#6596=CARTESIAN_POINT('',(-36.4,0.,45.));
#6597=CARTESIAN_POINT('',(-36.4,0.,69.3));
#6598=CARTESIAN_POINT('',(-36.4,-64.3500000051246,-2.47499986675854));
#6599=CARTESIAN_POINT('',(-36.4,-64.3500000051246,-2.47499986675854));
#6600=CARTESIAN_POINT('',(-36.4,-64.3499999948752,2.47500013324153));
#6601=CARTESIAN_POINT('',(-36.4,-64.3499999948752,2.47500013324152));
#6602=CARTESIAN_POINT('',(-36.4,-64.3499999948752,2.47500013324153));
#6603=CARTESIAN_POINT('',(-36.4,-2.47500000000003,64.35));
#6604=CARTESIAN_POINT('',(-36.4,-2.47500000000003,64.35));
#6605=CARTESIAN_POINT('',(-36.4,2.47500000000003,64.35));
#6606=CARTESIAN_POINT('',(-36.4,2.47500000000003,64.35));
#6607=CARTESIAN_POINT('',(-36.4,2.47500000000003,64.35));
#6608=CARTESIAN_POINT('',(-36.4,64.3500000017086,2.47499995558592));
#6609=CARTESIAN_POINT('',(-36.4,64.3500000017086,2.47499995558592));
#6610=CARTESIAN_POINT('',(-36.4,64.3499999982921,-2.47500004441415));
#6611=CARTESIAN_POINT('',(-36.4,64.3499999982921,-2.47500004441414));
#6612=CARTESIAN_POINT('',(-36.4,64.3499999982921,-2.47500004441415));
#6613=CARTESIAN_POINT('',(-36.4,2.47500008882743,-64.3499998189286));
#6614=CARTESIAN_POINT('',(-36.4,2.47500008882743,-64.3499998189286));
#6615=CARTESIAN_POINT('',(-36.4,-2.47499991117263,-64.3499998257614));
#6616=CARTESIAN_POINT('',(-36.4,-2.47499991117264,-64.3499998257614));
#6617=CARTESIAN_POINT('',(-36.4,-2.47499991117263,-64.3499998257614));
#6618=CARTESIAN_POINT('',(-26.78,-2.475,69.3));
#6619=CARTESIAN_POINT('',(-26.78,-2.475,69.3));
#6620=CARTESIAN_POINT('',(-26.78,-2.475,69.3));
#6621=CARTESIAN_POINT('',(-26.78,2.475,69.3));
#6622=CARTESIAN_POINT('',(-26.78,2.475,69.3));
#6623=CARTESIAN_POINT('',(-26.78,2.47500000000003,64.35));
#6624=CARTESIAN_POINT('',(-26.78,2.47500000000003,64.35));
#6625=CARTESIAN_POINT('',(-26.78,2.47500000000003,64.35));
#6626=CARTESIAN_POINT('',(-26.78,-2.47500000000003,64.35));
#6627=CARTESIAN_POINT('',(-26.78,-2.47500000000003,64.35));
#6628=CARTESIAN_POINT('',(-26.78,-2.475,69.3));
#6629=CARTESIAN_POINT('',(-28.3188152719115,-2.475,72.6));
#6630=CARTESIAN_POINT('',(-28.3188152719115,2.475,72.6));
#6631=CARTESIAN_POINT('',(-28.3188152719115,2.475,72.6));
#6632=CARTESIAN_POINT('',(-27.5388152719115,2.475,72.6));
#6633=CARTESIAN_POINT('',(-28.3188152719115,-2.475,72.6));
#6634=CARTESIAN_POINT('',(-28.3188152719115,-2.475,72.6));
#6635=CARTESIAN_POINT('',(-28.3188152719115,-2.475,72.6));
#6636=CARTESIAN_POINT('',(-27.5388152719115,-2.475,72.6));
#6637=CARTESIAN_POINT('',(-27.5388152719115,-2.475,72.6));
#6638=CARTESIAN_POINT('',(-27.5388152719115,-2.475,72.6));
#6639=CARTESIAN_POINT('',(-27.5388152719115,2.475,72.6));
#6640=CARTESIAN_POINT('',(-27.5388152719115,-2.475,72.6));
#6641=CARTESIAN_POINT('',(-28.3188152719115,-2.475,72.6));
#6642=CARTESIAN_POINT('',(-28.3188152719115,2.475,72.6));
#6643=CARTESIAN_POINT('',(-28.3188152719115,-2.475,72.6));
#6644=CARTESIAN_POINT('',(0.,-2.475,0.));
#6645=CARTESIAN_POINT('',(0.,2.475,0.));
#6646=CARTESIAN_POINT('',(-28.3188152719115,44.7705164165949,57.2057340918064));
#6647=CARTESIAN_POINT('',(-28.3188152719115,48.5624333973975,54.0239318335413));
#6648=CARTESIAN_POINT('',(-28.3188152719115,48.5624333973975,54.0239318335413));
#6649=CARTESIAN_POINT('',(-27.5388152719115,48.5624333973975,54.0239318335413));
#6650=CARTESIAN_POINT('',(-28.3188152719115,44.7705164165949,57.2057340918064));
#6651=CARTESIAN_POINT('',(-28.3188152719115,44.7705164165949,57.2057340918064));
#6652=CARTESIAN_POINT('',(-28.3188152719115,44.7705164165949,57.2057340918064));
#6653=CARTESIAN_POINT('',(-27.5388152719115,44.7705164165949,57.2057340918064));
#6654=CARTESIAN_POINT('',(-27.5388152719115,44.7705164165949,57.2057340918064));
#6655=CARTESIAN_POINT('',(-27.5388152719115,44.7705164165949,57.2057340918064));
#6656=CARTESIAN_POINT('',(-27.5388152719115,48.5624333973975,54.0239318335413));
#6657=CARTESIAN_POINT('',(-27.5388152719115,44.7705164165949,57.2057340918064));
#6658=CARTESIAN_POINT('',(-26.78,42.6493149110848,54.677789437938));
#6659=CARTESIAN_POINT('',(-26.78,46.4412318918874,51.4959871796729));
#6660=CARTESIAN_POINT('',(-26.78,46.4412318918874,51.4959871796729));
#6661=CARTESIAN_POINT('',(-26.78,42.6493149110848,54.677789437938));
#6662=CARTESIAN_POINT('',(-26.78,42.6493149110848,54.677789437938));
#6663=CARTESIAN_POINT('',(-26.78,42.6493149110848,54.677789437938));
#6664=CARTESIAN_POINT('',(-28.3188152719115,44.7705164165949,57.2057340918064));
#6665=CARTESIAN_POINT('',(-28.3188152719115,48.5624333973975,54.0239318335413));
#6666=CARTESIAN_POINT('',(-28.3188152719115,44.7705164165949,57.2057340918064));
#6667=CARTESIAN_POINT('',(0.,-1.89595887414073,1.5909014511288));
#6668=CARTESIAN_POINT('',(0.,1.89595810666186,-1.59090080713632));
#6669=CARTESIAN_POINT('',(-28.3188152719115,71.0672859902912,15.044241885464));
#6670=CARTESIAN_POINT('',(-28.3188152719115,71.9268431483587,10.1694432750581));
#6671=CARTESIAN_POINT('',(-28.3188152719115,71.9268431483587,10.1694432750581));
#6672=CARTESIAN_POINT('',(-27.5388152719115,71.9268431483587,10.1694432750581));
#6673=CARTESIAN_POINT('',(-28.3188152719115,71.0672859902912,15.044241885464));
#6674=CARTESIAN_POINT('',(-28.3188152719115,71.0672859902912,15.044241885464));
#6675=CARTESIAN_POINT('',(-28.3188152719115,71.0672859902912,15.044241885464));
#6676=CARTESIAN_POINT('',(-27.5388152719115,71.0672859902912,15.044241885464));
#6677=CARTESIAN_POINT('',(-27.5388152719115,71.0672859902912,15.044241885464));
#6678=CARTESIAN_POINT('',(-27.5388152719115,71.0672859902912,15.044241885464));
#6679=CARTESIAN_POINT('',(-27.5388152719115,71.9268431483587,10.1694432750581));
#6680=CARTESIAN_POINT('',(-27.5388152719115,71.0672859902912,15.044241885464));
#6681=CARTESIAN_POINT('',(-26.78,67.8174202500205,14.4712037800856));
#6682=CARTESIAN_POINT('',(-26.78,68.6769774080881,9.59640516967979));
#6683=CARTESIAN_POINT('',(-26.78,68.6769774080881,9.59640516967979));
#6684=CARTESIAN_POINT('',(-26.78,67.8174202500205,14.4712037800856));
#6685=CARTESIAN_POINT('',(-26.78,67.8174202500205,14.4712037800856));
#6686=CARTESIAN_POINT('',(-26.78,67.8174202500205,14.4712037800856));
#6687=CARTESIAN_POINT('',(-28.3188152719115,71.0672859902912,15.044241885464));
#6688=CARTESIAN_POINT('',(-28.3188152719115,71.9268431483587,10.1694432750581));
#6689=CARTESIAN_POINT('',(-28.3188152719115,71.0672859902912,15.044241885464));
#6690=CARTESIAN_POINT('',(0.,-0.429778756557441,2.43740031199132));
#6691=CARTESIAN_POINT('',(0.,0.429778401510089,-2.43739829841454));
#6692=CARTESIAN_POINT('',(-26.7800000000009,61.2530407716523,-32.5065164317296));
#6693=CARTESIAN_POINT('',(-26.7800000000008,58.7780438979657,-36.7933439854389));
#6694=CARTESIAN_POINT('',(-26.7800000000008,58.7780438979657,-36.7933439854389));
#6695=CARTESIAN_POINT('',(-26.7800000000009,61.2530407716523,-32.5065164317296));
#6696=CARTESIAN_POINT('',(-28.3188152719124,64.1109258074585,-34.1565143475206));
#6697=CARTESIAN_POINT('',(-28.3188152719123,61.635928933772,-38.44334190123));
#6698=CARTESIAN_POINT('',(-28.3188152719123,61.635928933772,-38.44334190123));
#6699=CARTESIAN_POINT('',(-27.5388152719123,61.635928933772,-38.44334190123));
#6700=CARTESIAN_POINT('',(-28.3188152719124,64.1109258074585,-34.1565143475206));
#6701=CARTESIAN_POINT('',(-28.3188152719124,64.1109258074585,-34.1565143475206));
#6702=CARTESIAN_POINT('',(-28.3188152719124,64.1109258074585,-34.1565143475206));
#6703=CARTESIAN_POINT('',(-27.5388152719124,64.1109258074585,-34.1565143475206));
#6704=CARTESIAN_POINT('',(-27.5388152719124,64.1109258074585,-34.1565143475206));
#6705=CARTESIAN_POINT('',(-27.5388152719124,64.1109258074585,-34.1565143475206));
#6706=CARTESIAN_POINT('',(-27.5388152719123,61.635928933772,-38.44334190123));
#6707=CARTESIAN_POINT('',(-27.5388152719124,64.1109258074585,-34.1565143475206));
#6708=CARTESIAN_POINT('',(-26.7800000000009,61.2530407716523,-32.5065164317296));
#6709=CARTESIAN_POINT('',(-26.7800000000009,61.2530407716523,-32.5065164317296));
#6710=CARTESIAN_POINT('',(-26.7800000000009,61.2530407716523,-32.5065164317296));
#6711=CARTESIAN_POINT('',(-26.7800000000009,61.2530407716523,-32.5065164317296));
#6712=CARTESIAN_POINT('',(-28.3188152719124,64.1109258074585,-34.1565143475206));
#6713=CARTESIAN_POINT('',(-28.3188152719124,64.1109258074585,-34.1565143475206));
#6714=CARTESIAN_POINT('',(-28.3188152719123,61.635928933772,-38.44334190123));
#6715=CARTESIAN_POINT('',(-1.96745697207444E-14,1.23749885088234,2.14341449399257));
#6716=CARTESIAN_POINT('',(1.96745565554145E-14,-1.23749802280422,-2.14341305971679));
#6717=CARTESIAN_POINT('',(-26.78,26.0277659621995,-64.2741297203009));
#6718=CARTESIAN_POINT('',(-26.78,21.3762887691407,-65.9671329460668));
#6719=CARTESIAN_POINT('',(-26.78,21.3762887691407,-65.9671329460668));
#6720=CARTESIAN_POINT('',(-26.78,26.0277659621995,-64.2741297203009));
#6721=CARTESIAN_POINT('',(-28.3188152719115,27.1564347793768,-67.3751145156735));
#6722=CARTESIAN_POINT('',(-28.3188152719115,22.504957586318,-69.0681177414394));
#6723=CARTESIAN_POINT('',(-28.3188152719115,22.504957586318,-69.0681177414394));
#6724=CARTESIAN_POINT('',(-27.5388152719115,22.504957586318,-69.0681177414394));
#6725=CARTESIAN_POINT('',(-28.3188152719115,27.1564347793768,-67.3751145156735));
#6726=CARTESIAN_POINT('',(-28.3188152719115,27.1564347793768,-67.3751145156735));
#6727=CARTESIAN_POINT('',(-28.3188152719115,27.1564347793768,-67.3751145156735));
#6728=CARTESIAN_POINT('',(-27.5388152719115,27.1564347793768,-67.3751145156735));
#6729=CARTESIAN_POINT('',(-27.5388152719115,27.1564347793768,-67.3751145156735));
#6730=CARTESIAN_POINT('',(-27.5388152719115,27.1564347793768,-67.3751145156735));
#6731=CARTESIAN_POINT('',(-27.5388152719115,22.504957586318,-69.0681177414394));
#6732=CARTESIAN_POINT('',(-27.5388152719115,27.1564347793768,-67.3751145156735));
#6733=CARTESIAN_POINT('',(-26.78,26.0277659621995,-64.2741297203009));
#6734=CARTESIAN_POINT('',(-26.78,26.0277659621995,-64.2741297203009));
#6735=CARTESIAN_POINT('',(-26.78,26.0277659621995,-64.2741297203009));
#6736=CARTESIAN_POINT('',(-26.78,26.0277659621995,-64.2741297203009));
#6737=CARTESIAN_POINT('',(-28.3188152719115,27.1564347793768,-67.3751145156735));
#6738=CARTESIAN_POINT('',(-28.3188152719115,27.1564347793768,-67.3751145156735));
#6739=CARTESIAN_POINT('',(-28.3188152719115,22.504957586318,-69.0681177414394));
#6740=CARTESIAN_POINT('',(0.,2.32573875023597,0.846501668827703));
#6741=CARTESIAN_POINT('',(0.,-2.32573844282283,-0.846501556938207));
#6742=CARTESIAN_POINT('',(-28.3188152719115,-22.5049933671043,-69.0682164185872));
#6743=CARTESIAN_POINT('',(-28.3188152719115,-27.1564705554891,-67.3752131799797));
#6744=CARTESIAN_POINT('',(-28.3188152719115,-27.1564705554891,-67.3752131799797));
#6745=CARTESIAN_POINT('',(-27.5388152719115,-27.1564705554891,-67.3752131799797));
#6746=CARTESIAN_POINT('',(-28.3188152719115,-22.5049933671043,-69.0682164185872));
#6747=CARTESIAN_POINT('',(-28.3188152719115,-22.5049933671043,-69.0682164185872));
#6748=CARTESIAN_POINT('',(-28.3188152719115,-22.5049933671043,-69.0682164185872));
#6749=CARTESIAN_POINT('',(-27.5388152719115,-22.5049933671043,-69.0682164185872));
#6750=CARTESIAN_POINT('',(-27.5388152719115,-22.5049933671043,-69.0682164185872));
#6751=CARTESIAN_POINT('',(-27.5388152719115,-22.5049933671043,-69.0682164185872));
#6752=CARTESIAN_POINT('',(-27.5388152719115,-27.1564705554891,-67.3752131799797));
#6753=CARTESIAN_POINT('',(-27.5388152719115,-22.5049933671043,-69.0682164185872));
#6754=CARTESIAN_POINT('',(-26.78,-21.3763245413659,-65.9672316263306));
#6755=CARTESIAN_POINT('',(-26.78,-26.0278017297507,-64.2742283877231));
#6756=CARTESIAN_POINT('',(-26.78,-26.0278017297507,-64.2742283877231));
#6757=CARTESIAN_POINT('',(-26.78,-21.3763245413659,-65.9672316263306));
#6758=CARTESIAN_POINT('',(-26.78,-21.3763245413659,-65.9672316263306));
#6759=CARTESIAN_POINT('',(-26.78,-21.3763245413659,-65.9672316263306));
#6760=CARTESIAN_POINT('',(-28.3188152719115,-22.5049933671043,-69.0682164185872));
#6761=CARTESIAN_POINT('',(-28.3188152719115,-27.1564705554891,-67.3752131799797));
#6762=CARTESIAN_POINT('',(-28.3188152719115,-22.5049933671043,-69.0682164185872));
#6763=CARTESIAN_POINT('',(0.,2.32573874789899,-0.84650167524852));
#6764=CARTESIAN_POINT('',(0.,-2.32573844048584,0.846501563359019));
#6765=CARTESIAN_POINT('',(-28.318815271912,-61.6360158741494,-38.4433937771226));
#6766=CARTESIAN_POINT('',(-28.3188152719119,-64.111012736001,-34.1565662165803));
#6767=CARTESIAN_POINT('',(-28.3188152719119,-64.111012736001,-34.1565662165803));
#6768=CARTESIAN_POINT('',(-27.5388152719119,-64.111012736001,-34.1565662165803));
#6769=CARTESIAN_POINT('',(-28.318815271912,-61.6360158741494,-38.4433937771226));
#6770=CARTESIAN_POINT('',(-28.318815271912,-61.6360158741494,-38.4433937771226));
#6771=CARTESIAN_POINT('',(-28.318815271912,-61.6360158741494,-38.4433937771226));
#6772=CARTESIAN_POINT('',(-27.538815271912,-61.6360158741494,-38.4433937771226));
#6773=CARTESIAN_POINT('',(-27.538815271912,-61.6360158741494,-38.4433937771226));
#6774=CARTESIAN_POINT('',(-27.538815271912,-61.6360158741494,-38.4433937771226));
#6775=CARTESIAN_POINT('',(-27.5388152719119,-64.111012736001,-34.1565662165803));
#6776=CARTESIAN_POINT('',(-27.538815271912,-61.6360158741494,-38.4433937771226));
#6777=CARTESIAN_POINT('',(-26.7800000000005,-58.7781308337878,-36.7933958692215));
#6778=CARTESIAN_POINT('',(-26.7800000000004,-61.2531276956395,-32.5065683086792));
#6779=CARTESIAN_POINT('',(-26.7800000000004,-61.2531276956395,-32.5065683086792));
#6780=CARTESIAN_POINT('',(-26.7800000000005,-58.7781308337878,-36.7933958692215));
#6781=CARTESIAN_POINT('',(-26.7800000000005,-58.7781308337878,-36.7933958692215));
#6782=CARTESIAN_POINT('',(-26.7800000000005,-58.7781308337878,-36.7933958692215));
#6783=CARTESIAN_POINT('',(-28.318815271912,-61.6360158741494,-38.4433937771226));
#6784=CARTESIAN_POINT('',(-28.3188152719119,-64.111012736001,-34.1565662165803));
#6785=CARTESIAN_POINT('',(-28.318815271912,-61.6360158741494,-38.4433937771226));
#6786=CARTESIAN_POINT('',(-3.93491393160539E-14,1.23749884496497,-2.14341449740919));
#6787=CARTESIAN_POINT('',(3.93491129853878E-14,-1.23749801688666,2.14341306313306));
#6788=CARTESIAN_POINT('',(-26.78,-68.67694081485,9.59639683540628));
#6789=CARTESIAN_POINT('',(-26.78,-67.8173836433243,14.4711954434391));
#6790=CARTESIAN_POINT('',(-26.78,-67.8173836433243,14.4711954434391));
#6791=CARTESIAN_POINT('',(-26.78,-68.67694081485,9.59639683540628));
#6792=CARTESIAN_POINT('',(-28.3188152719115,-71.9268065535386,10.1694349497568));
#6793=CARTESIAN_POINT('',(-28.3188152719115,-71.0672493820129,15.0442335577896));
#6794=CARTESIAN_POINT('',(-28.3188152719115,-71.0672493820129,15.0442335577896));
#6795=CARTESIAN_POINT('',(-27.5388152719115,-71.0672493820129,15.0442335577896));
#6796=CARTESIAN_POINT('',(-28.3188152719115,-71.9268065535386,10.1694349497568));
#6797=CARTESIAN_POINT('',(-28.3188152719115,-71.9268065535386,10.1694349497568));
#6798=CARTESIAN_POINT('',(-28.3188152719115,-71.9268065535386,10.1694349497568));
#6799=CARTESIAN_POINT('',(-27.5388152719115,-71.9268065535386,10.1694349497568));
#6800=CARTESIAN_POINT('',(-27.5388152719115,-71.9268065535386,10.1694349497568));
#6801=CARTESIAN_POINT('',(-27.5388152719115,-71.9268065535386,10.1694349497568));
#6802=CARTESIAN_POINT('',(-27.5388152719115,-71.0672493820129,15.0442335577896));
#6803=CARTESIAN_POINT('',(-27.5388152719115,-71.9268065535386,10.1694349497568));
#6804=CARTESIAN_POINT('',(-26.78,-68.67694081485,9.59639683540628));
#6805=CARTESIAN_POINT('',(-26.78,-68.67694081485,9.59639683540628));
#6806=CARTESIAN_POINT('',(-26.78,-68.67694081485,9.59639683540628));
#6807=CARTESIAN_POINT('',(-26.78,-68.67694081485,9.59639683540628));
#6808=CARTESIAN_POINT('',(-28.3188152719115,-71.9268065535386,10.1694349497568));
#6809=CARTESIAN_POINT('',(-28.3188152719115,-71.9268065535386,10.1694349497568));
#6810=CARTESIAN_POINT('',(-28.3188152719115,-71.0672493820129,15.0442335577896));
#6811=CARTESIAN_POINT('',(0.,-0.42977876328654,-2.43740031080482));
#6812=CARTESIAN_POINT('',(0.,0.429778408239177,2.437398297228));
#6813=CARTESIAN_POINT('',(-26.78,-46.4411481781702,51.4958861527482));
#6814=CARTESIAN_POINT('',(-26.78,-42.6492311885834,54.6776884005447));
#6815=CARTESIAN_POINT('',(-26.78,-42.6492311885834,54.6776884005447));
#6816=CARTESIAN_POINT('',(-26.78,-46.4411481781702,51.4958861527482));
#6817=CARTESIAN_POINT('',(-28.3188152719115,-48.5623496767012,54.0238308124728));
#6818=CARTESIAN_POINT('',(-28.3188152719115,-44.7704326871144,57.2056330602693));
#6819=CARTESIAN_POINT('',(-28.3188152719115,-44.7704326871144,57.2056330602693));
#6820=CARTESIAN_POINT('',(-27.5388152719115,-44.7704326871144,57.2056330602693));
#6821=CARTESIAN_POINT('',(-28.3188152719115,-48.5623496767012,54.0238308124728));
#6822=CARTESIAN_POINT('',(-28.3188152719115,-48.5623496767012,54.0238308124728));
#6823=CARTESIAN_POINT('',(-28.3188152719115,-48.5623496767012,54.0238308124728));
#6824=CARTESIAN_POINT('',(-27.5388152719115,-48.5623496767012,54.0238308124728));
#6825=CARTESIAN_POINT('',(-27.5388152719115,-48.5623496767012,54.0238308124728));
#6826=CARTESIAN_POINT('',(-27.5388152719115,-48.5623496767012,54.0238308124728));
#6827=CARTESIAN_POINT('',(-27.5388152719115,-44.7704326871144,57.2056330602693));
#6828=CARTESIAN_POINT('',(-27.5388152719115,-48.5623496767012,54.0238308124728));
#6829=CARTESIAN_POINT('',(-26.78,-46.4411481781702,51.4958861527482));
#6830=CARTESIAN_POINT('',(-26.78,-46.4411481781702,51.4958861527482));
#6831=CARTESIAN_POINT('',(-26.78,-46.4411481781702,51.4958861527482));
#6832=CARTESIAN_POINT('',(-26.78,-46.4411481781702,51.4958861527482));
#6833=CARTESIAN_POINT('',(-28.3188152719115,-48.5623496767012,54.0238308124728));
#6834=CARTESIAN_POINT('',(-28.3188152719115,-48.5623496767012,54.0238308124728));
#6835=CARTESIAN_POINT('',(-28.3188152719115,-44.7704326871144,57.2056330602693));
#6836=CARTESIAN_POINT('',(0.,-1.89595887853285,-1.59090144589448));
#6837=CARTESIAN_POINT('',(0.,1.89595811105398,1.59090080190201));
#6838=CARTESIAN_POINT('',(-26.78,2.47500000000003,64.35));
#6839=CARTESIAN_POINT('',(-26.78,-2.47500000000003,64.35));
#6840=CARTESIAN_POINT('',(-26.78,2.47500000000003,64.35));
#6841=CARTESIAN_POINT('',(-26.78,-2.47500000000003,64.35));
#6842=CARTESIAN_POINT('',(-26.78,2.47500000000003,64.35));
#6843=CARTESIAN_POINT('',(-26.78,64.3499999982921,-2.47500004441415));
#6844=CARTESIAN_POINT('',(-26.78,64.3500000017086,2.47499995558592));
#6845=CARTESIAN_POINT('',(-26.78,64.3500000017086,2.47499995558592));
#6846=CARTESIAN_POINT('',(-26.78,64.3499999982921,-2.47500004441415));
#6847=CARTESIAN_POINT('',(-26.78,64.3499999982921,-2.47500004441415));
#6848=CARTESIAN_POINT('',(-26.78,64.3499999982921,-2.47500004441415));
#6849=CARTESIAN_POINT('',(-26.78,64.3500000017086,2.47499995558592));
#6850=CARTESIAN_POINT('',(-26.78,64.3500000017086,2.47499995558592));
#6851=CARTESIAN_POINT('',(-26.78,64.3499999982921,-2.47500004441415));
#6852=CARTESIAN_POINT('',(-26.78,64.3499999982921,-2.47500004441415));
#6853=CARTESIAN_POINT('',(-26.78,-1.53829763720978E-24,-2.22878356395673E-15));
#6854=CARTESIAN_POINT('',(-26.78,-2.47499991117264,-64.3499998257614));
#6855=CARTESIAN_POINT('',(-26.78,2.47500008882743,-64.3499998189286));
#6856=CARTESIAN_POINT('',(-26.78,2.47500008882743,-64.3499998189286));
#6857=CARTESIAN_POINT('',(-26.78,-2.47499991117264,-64.3499998257614));
#6858=CARTESIAN_POINT('',(-26.78,-2.47499991117264,-64.3499998257614));
#6859=CARTESIAN_POINT('',(-26.78,-2.47499991117264,-64.3499998257614));
#6860=CARTESIAN_POINT('',(-26.78,2.47500008882743,-64.3499998189286));
#6861=CARTESIAN_POINT('',(-26.78,2.47500008882743,-64.3499998189286));
#6862=CARTESIAN_POINT('',(-26.78,-2.47499991117264,-64.3499998257614));
#6863=CARTESIAN_POINT('',(-26.78,-2.47499991117264,-64.3499998257614));
#6864=CARTESIAN_POINT('',(-26.78,3.54661903889131E-15,-7.06268749290798E-24));
#6865=CARTESIAN_POINT('',(-26.78,-64.3499999948752,2.47500013324153));
#6866=CARTESIAN_POINT('',(-26.78,-64.3500000051246,-2.47499986675854));
#6867=CARTESIAN_POINT('',(-26.78,-64.3500000051246,-2.47499986675854));
#6868=CARTESIAN_POINT('',(-26.78,-64.3499999948752,2.47500013324153));
#6869=CARTESIAN_POINT('',(-26.78,-64.3499999948752,2.47500013324153));
#6870=CARTESIAN_POINT('',(-26.78,-64.3499999948752,2.47500013324153));
#6871=CARTESIAN_POINT('',(-26.78,-64.3500000051246,-2.47499986675854));
#6872=CARTESIAN_POINT('',(-26.78,-64.3500000051246,-2.47499986675854));
#6873=CARTESIAN_POINT('',(-26.78,-64.3499999948752,2.47500013324153));
#6874=CARTESIAN_POINT('',(-26.78,-64.3499999948752,2.47500013324153));
#6875=CARTESIAN_POINT('',(-26.78,4.61486326927255E-24,2.22878356395673E-15));
#6876=MECHANICAL_DESIGN_GEOMETRIC_PRESENTATION_REPRESENTATION('',(#3493),
#6877);
#6877=(
GEOMETRIC_REPRESENTATION_CONTEXT(3)
GLOBAL_UNCERTAINTY_ASSIGNED_CONTEXT((#6878))
GLOBAL_UNIT_ASSIGNED_CONTEXT((#6881,#6880,#6879))
REPRESENTATION_CONTEXT('K+H1','TOP_LEVEL_ASSEMBLY_PART')
);
#6878=UNCERTAINTY_MEASURE_WITH_UNIT(LENGTH_MEASURE(0.005),#6881,
'DISTANCE_ACCURACY_VALUE','Maximum Tolerance applied to model');
#6879=(
NAMED_UNIT(*)
SI_UNIT($,.STERADIAN.)
SOLID_ANGLE_UNIT()
);
#6880=(
NAMED_UNIT(*)
PLANE_ANGLE_UNIT()
SI_UNIT($,.RADIAN.)
);
#6881=(
LENGTH_UNIT()
NAMED_UNIT(*)
SI_UNIT(.MILLI.,.METRE.)
);
#6882=PRODUCT_DEFINITION_SHAPE('','',#6883);
#6883=PRODUCT_DEFINITION('','',#6885,#6884);
#6884=PRODUCT_DEFINITION_CONTEXT('',#6891,'design');
#6885=PRODUCT_DEFINITION_FORMATION_WITH_SPECIFIED_SOURCE('','',#6887,
 .NOT_KNOWN.);
#6886=PRODUCT_RELATED_PRODUCT_CATEGORY('','',(#6887));
#6887=PRODUCT('K+H1','K+H1','K+H1',(#6889));
#6888=PRODUCT_CATEGORY('','');
#6889=PRODUCT_CONTEXT('',#6891,'mechanical');
#6890=APPLICATION_PROTOCOL_DEFINITION('international standard',
'automotive_design',2010,#6891);
#6891=APPLICATION_CONTEXT(
'core data for automotive mechanical design processes');
ENDSEC;
END-ISO-10303-21;
