ISO-10303-21;
HEADER;
/* Generated by software containing HOOPS Exchange Step
 * from HOOPS Exchange, Inc. (www.tiangong.cloud) 
 */

FILE_DESCRIPTION(
/* description */ ('Unknown'),
/* implementation_level */ '2;1');

FILE_NAME(
/* name */ 'tmpF48D.tmp',
/* time_stamp */ '2025-01-10T09:32:08+08:00',
/* author */ ('Unknown'),
/* organization */ ('Unknown'),
/* preprocessor_version */ 'ST-DEVELOPER v18.104',
/* originating_system */ 'TianGong',
/* authorisation */ 'Unknown');

FILE_SCHEMA (('AUTOMOTIVE_DESIGN {1 0 10303 214 3 1 1}'));
ENDSEC;

DATA;
#10=PROPERTY_DEFINITION_REPRESENTATION(#14,#12);
#11=PROPERTY_DEFINITION_REPRESENTATION(#15,#13);
#12=REPRESENTATION('',(#16),#2516);
#13=REPRESENTATION('',(#17),#2516);
#14=PROPERTY_DEFINITION('pmi validation property','',#2529);
#15=PROPERTY_DEFINITION('pmi validation property','',#2529);
#16=VALUE_REPRESENTATION_ITEM('number of annotations',COUNT_MEASURE(0.));
#17=VALUE_REPRESENTATION_ITEM('number of views',COUNT_MEASURE(0.));
#18=(
BOUNDED_SURFACE()
B_SPLINE_SURFACE(3,2,((#2266,#2267,#2268),(#2269,#2270,#2271),(#2272,#2273,
#2274),(#2275,#2276,#2277)),.UNSPECIFIED.,.F.,.F.,.F.)
B_SPLINE_SURFACE_WITH_KNOTS((4,4),(3,3),(1.6415782682263,1.66357870107431),
(0.,1.),.PIECEWISE_BEZIER_KNOTS.)
GEOMETRIC_REPRESENTATION_ITEM()
RATIONAL_B_SPLINE_SURFACE(((1.,0.730623569711195,1.),(1.,0.73301684770708,
1.),(1.,0.735396499509169,1.),(1.,0.737762349246073,1.)))
REPRESENTATION_ITEM('')
SURFACE()
);
#19=(
BOUNDED_SURFACE()
B_SPLINE_SURFACE(3,2,((#2279,#2280,#2281),(#2282,#2283,#2284),(#2285,#2286,
#2287),(#2288,#2289,#2290),(#2291,#2292,#2293),(#2294,#2295,#2296),(#2297,
#2298,#2299),(#2300,#2301,#2302),(#2303,#2304,#2305),(#2306,#2307,#2308),
(#2309,#2310,#2311),(#2312,#2313,#2314),(#2315,#2316,#2317),(#2318,#2319,
#2320),(#2321,#2322,#2323),(#2324,#2325,#2326),(#2327,#2328,#2329),(#2330,
#2331,#2332),(#2333,#2334,#2335),(#2336,#2337,#2338),(#2339,#2340,#2341),
(#2342,#2343,#2344),(#2345,#2346,#2347),(#2348,#2349,#2350),(#2351,#2352,
#2353),(#2354,#2355,#2356)),.UNSPECIFIED.,.F.,.F.,.F.)
B_SPLINE_SURFACE_WITH_KNOTS((4,1,1,1,1,1,1,1,1,1,1,1,1,1,1,1,1,1,1,1,1,
1,1,4),(3,3),(-1.04083408558608E-17,0.00579905073819089,0.00869857610728634,
0.0115981014763818,0.0173971522145727,0.0231962029527636,0.0289952536909545,
0.0318947790600499,0.0347943044291454,0.0376938297982408,0.0405933551673363,
0.0434928805364317,0.0463924059055272,0.0492919312746226,0.0521914566437181,
0.057990507381909,0.0608900327510044,0.0637895581200999,0.0666890834891953,
0.0695886088582908,0.0753876595964817,0.0811867103346726,0.0869857610728635,
0.0927848118110544),(0.,1.),.UNSPECIFIED.)
GEOMETRIC_REPRESENTATION_ITEM()
RATIONAL_B_SPLINE_SURFACE(((1.,0.730623569711195,1.),(1.,0.736155332514972,
1.),(1.,0.744211110912325,1.),(1.,0.754507145790131,1.),(1.,0.764562836233958,
1.),(1.,0.775997910598669,1.),(1.,0.788199406989986,1.),(1.,0.796338887083565,
1.),(1.,0.801730886101108,1.),(1.,0.805046131413425,1.),(1.,0.80765760280995,
1.),(1.,0.809571163739794,1.),(1.,0.81072572827993,1.),(1.,0.811112804299021,
1.),(1.,0.810747604082585,1.),(1.,0.809217245669751,1.),(1.,0.806243540854019,
1.),(1.,0.801778236418626,1.),(1.,0.79780187901407,1.),(1.,0.793211522600467,
1.),(1.,0.786191364946846,1.),(1.,0.776220757043998,1.),(1.,0.762224514583541,
1.),(1.,0.747081223088853,1.),(1.,0.736156091062142,1.),(1.,0.730623569711195,
1.)))
REPRESENTATION_ITEM('')
SURFACE()
);
#20=(
BOUNDED_SURFACE()
B_SPLINE_SURFACE(3,2,((#2358,#2359,#2360),(#2361,#2362,#2363),(#2364,#2365,
#2366),(#2367,#2368,#2369)),.UNSPECIFIED.,.F.,.F.,.F.)
B_SPLINE_SURFACE_WITH_KNOTS((4,4),(3,3),(4.61960660610528,4.64160703895328),
(0.,1.),.PIECEWISE_BEZIER_KNOTS.)
GEOMETRIC_REPRESENTATION_ITEM()
RATIONAL_B_SPLINE_SURFACE(((1.,0.737762349246073,1.),(1.,0.735396499508567,
1.),(1.,0.733016847709082,1.),(1.,0.730623569711195,1.)))
REPRESENTATION_ITEM('')
SURFACE()
);
#21=(
BOUNDED_SURFACE()
B_SPLINE_SURFACE(3,2,((#2370,#2371,#2372),(#2373,#2374,#2375),(#2376,#2377,
#2378),(#2379,#2380,#2381)),.UNSPECIFIED.,.F.,.F.,.F.)
B_SPLINE_SURFACE_WITH_KNOTS((4,4),(3,3),(1.6415782682263,1.66357870107431),
(0.,1.),.PIECEWISE_BEZIER_KNOTS.)
GEOMETRIC_REPRESENTATION_ITEM()
RATIONAL_B_SPLINE_SURFACE(((1.,0.730623569711195,1.),(1.,0.73301684770708,
1.),(1.,0.735396499508906,1.),(1.,0.737762349246073,1.)))
REPRESENTATION_ITEM('')
SURFACE()
);
#22=(
BOUNDED_SURFACE()
B_SPLINE_SURFACE(3,2,((#2383,#2384,#2385),(#2386,#2387,#2388),(#2389,#2390,
#2391),(#2392,#2393,#2394),(#2395,#2396,#2397),(#2398,#2399,#2400),(#2401,
#2402,#2403),(#2404,#2405,#2406),(#2407,#2408,#2409),(#2410,#2411,#2412),
(#2413,#2414,#2415),(#2416,#2417,#2418),(#2419,#2420,#2421),(#2422,#2423,
#2424),(#2425,#2426,#2427),(#2428,#2429,#2430),(#2431,#2432,#2433),(#2434,
#2435,#2436),(#2437,#2438,#2439),(#2440,#2441,#2442),(#2443,#2444,#2445),
(#2446,#2447,#2448),(#2449,#2450,#2451),(#2452,#2453,#2454),(#2455,#2456,
#2457),(#2458,#2459,#2460)),.UNSPECIFIED.,.F.,.F.,.F.)
B_SPLINE_SURFACE_WITH_KNOTS((4,1,1,1,1,1,1,1,1,1,1,1,1,1,1,1,1,1,1,1,1,
1,1,4),(3,3),(0.,0.00579905073819089,0.00869857610728634,0.0115981014763818,
0.0173971522145727,0.0231962029527636,0.0289952536909545,0.0318947790600499,
0.0347943044291454,0.0376938297982408,0.0405933551673363,0.0434928805364317,
0.0463924059055272,0.0492919312746226,0.052191456643718,0.0579905073819089,
0.0608900327510044,0.0637895581200998,0.0666890834891953,0.0695886088582907,
0.0753876595964816,0.0811867103346725,0.0869857610728634,0.0927848118110543),
(0.,1.),.UNSPECIFIED.)
GEOMETRIC_REPRESENTATION_ITEM()
RATIONAL_B_SPLINE_SURFACE(((1.,0.730623569711195,1.),(1.,0.736155332514754,
1.),(1.,0.744211110912374,1.),(1.,0.754507145790121,1.),(1.,0.764562836233961,
1.),(1.,0.775997910598668,1.),(1.,0.788199406989986,1.),(1.,0.796338887083564,
1.),(1.,0.801730886101107,1.),(1.,0.805046131413427,1.),(1.,0.807657602809947,
1.),(1.,0.809571163739798,1.),(1.,0.81072572827993,1.),(1.,0.811112804299018,
1.),(1.,0.810747604082586,1.),(1.,0.809217245669749,1.),(1.,0.806243540854016,
1.),(1.,0.801778236418626,1.),(1.,0.797801879014068,1.),(1.,0.793211522600465,
1.),(1.,0.786191364946864,1.),(1.,0.776220757043848,1.),(1.,0.762224514584084,
1.),(1.,0.747081223086831,1.),(1.,0.736156091066496,1.),(1.,0.730623569711195,
1.)))
REPRESENTATION_ITEM('')
SURFACE()
);
#23=(
BOUNDED_SURFACE()
B_SPLINE_SURFACE(3,2,((#2462,#2463,#2464),(#2465,#2466,#2467),(#2468,#2469,
#2470),(#2471,#2472,#2473)),.UNSPECIFIED.,.F.,.F.,.F.)
B_SPLINE_SURFACE_WITH_KNOTS((4,4),(3,3),(4.61960660610528,4.64160703895328),
(0.,1.),.PIECEWISE_BEZIER_KNOTS.)
GEOMETRIC_REPRESENTATION_ITEM()
RATIONAL_B_SPLINE_SURFACE(((1.,0.737762349246073,1.),(1.,0.735396499508567,
1.),(1.,0.733016847709082,1.),(1.,0.730623569711195,1.)))
REPRESENTATION_ITEM('')
SURFACE()
);
#24=ELLIPSE('',#1356,22.0454958616142,21.0787840283389);
#25=ELLIPSE('',#1358,22.0454958616142,21.0787840283389);
#26=ELLIPSE('',#1360,647.743264924416,190.625);
#27=ELLIPSE('',#1362,647.743264924416,190.625);
#28=ELLIPSE('',#1366,22.0454958616142,21.0787840283389);
#29=ELLIPSE('',#1368,22.0454958616142,21.0787840283389);
#30=ELLIPSE('',#1370,647.743264924416,190.625);
#31=ELLIPSE('',#1371,647.743264924416,190.625);
#32=ELLIPSE('',#1383,647.449679322604,189.625);
#33=ELLIPSE('',#1384,647.449679322604,189.625);
#34=ELLIPSE('',#1386,647.449679322604,189.625);
#35=ELLIPSE('',#1387,647.449679322604,189.625);
#36=DEGENERATE_TOROIDAL_SURFACE('',#1350,160.424999999999,190.624999999999,
 .F.);
#37=LINE('',#1925,#85);
#38=LINE('',#1930,#86);
#39=LINE('',#1933,#87);
#40=LINE('',#1938,#88);
#41=LINE('',#1942,#89);
#42=LINE('',#1946,#90);
#43=LINE('',#1953,#91);
#44=LINE('',#1957,#92);
#45=LINE('',#1959,#93);
#46=LINE('',#1962,#94);
#47=LINE('',#1964,#95);
#48=LINE('',#1966,#96);
#49=LINE('',#1968,#97);
#50=LINE('',#1970,#98);
#51=LINE('',#1986,#99);
#52=LINE('',#1987,#100);
#53=LINE('',#1992,#101);
#54=LINE('',#2070,#102);
#55=LINE('',#2072,#103);
#56=LINE('',#2073,#104);
#57=LINE('',#2075,#105);
#58=LINE('',#2088,#106);
#59=LINE('',#2101,#107);
#60=LINE('',#2103,#108);
#61=LINE('',#2107,#109);
#62=LINE('',#2109,#110);
#63=LINE('',#2121,#111);
#64=LINE('',#2138,#112);
#65=LINE('',#2141,#113);
#66=LINE('',#2142,#114);
#67=LINE('',#2147,#115);
#68=LINE('',#2151,#116);
#69=LINE('',#2152,#117);
#70=LINE('',#2154,#118);
#71=LINE('',#2156,#119);
#72=LINE('',#2157,#120);
#73=LINE('',#2170,#121);
#74=LINE('',#2172,#122);
#75=LINE('',#2175,#123);
#76=LINE('',#2176,#124);
#77=LINE('',#2251,#125);
#78=LINE('',#2252,#126);
#79=LINE('',#2254,#127);
#80=LINE('',#2256,#128);
#81=LINE('',#2259,#129);
#82=LINE('',#2260,#130);
#83=LINE('',#2262,#131);
#84=LINE('',#2264,#132);
#85=VECTOR('',#1549,1000.);
#86=VECTOR('',#1552,1000.);
#87=VECTOR('',#1555,1000.);
#88=VECTOR('',#1558,1000.);
#89=VECTOR('',#1561,1000.);
#90=VECTOR('',#1564,1000.);
#91=VECTOR('',#1569,1000.);
#92=VECTOR('',#1572,1000.);
#93=VECTOR('',#1575,1000.);
#94=VECTOR('',#1576,1000.);
#95=VECTOR('',#1577,1000.);
#96=VECTOR('',#1578,1000.);
#97=VECTOR('',#1579,1000.);
#98=VECTOR('',#1580,1000.);
#99=VECTOR('',#1583,1000.);
#100=VECTOR('',#1584,1000.);
#101=VECTOR('',#1587,1000.);
#102=VECTOR('',#1600,1000.);
#103=VECTOR('',#1601,1000.);
#104=VECTOR('',#1602,1000.);
#105=VECTOR('',#1603,1000.);
#106=VECTOR('',#1606,1000.);
#107=VECTOR('',#1623,1000.);
#108=VECTOR('',#1624,1000.);
#109=VECTOR('',#1627,1000.);
#110=VECTOR('',#1628,1000.);
#111=VECTOR('',#1637,1000.);
#112=VECTOR('',#1654,1000.);
#113=VECTOR('',#1655,1000.);
#114=VECTOR('',#1656,1000.);
#115=VECTOR('',#1661,1000.);
#116=VECTOR('',#1664,1000.);
#117=VECTOR('',#1665,1000.);
#118=VECTOR('',#1666,1000.);
#119=VECTOR('',#1667,1000.);
#120=VECTOR('',#1668,1000.);
#121=VECTOR('',#1669,1000.);
#122=VECTOR('',#1672,1000.);
#123=VECTOR('',#1673,1000.);
#124=VECTOR('',#1674,1000.);
#125=VECTOR('',#1691,1000.);
#126=VECTOR('',#1692,1000.);
#127=VECTOR('',#1695,1000.);
#128=VECTOR('',#1698,1000.);
#129=VECTOR('',#1703,1000.);
#130=VECTOR('',#1704,1000.);
#131=VECTOR('',#1707,1000.);
#132=VECTOR('',#1710,1000.);
#133=CONTEXT_DEPENDENT_SHAPE_REPRESENTATION(#143,#2532);
#134=CONTEXT_DEPENDENT_SHAPE_REPRESENTATION(#144,#2534);
#135=CONTEXT_DEPENDENT_SHAPE_REPRESENTATION(#145,#2535);
#136=CONTEXT_DEPENDENT_SHAPE_REPRESENTATION(#146,#2536);
#137=CONTEXT_DEPENDENT_SHAPE_REPRESENTATION(#147,#2538);
#138=NEXT_ASSEMBLY_USAGE_OCCURRENCE('UC\X2\941E51AD917193B5\X0\?',
'UC\X2\941E51AD917193B5\X0\?','UC\X2\941E51AD917193B5\X0\?',#2540,#2541,
'');
#139=NEXT_ASSEMBLY_USAGE_OCCURRENCE('\X2\692467357B23\X0\','\X2\692467357B23\X0\',
'\X2\692467357B23\X0\',#2540,#2542,'');
#140=NEXT_ASSEMBLY_USAGE_OCCURRENCE('\X2\692467357B23\X0\','\X2\692467357B23\X0\',
'\X2\692467357B23\X0\',#2540,#2542,'');
#141=NEXT_ASSEMBLY_USAGE_OCCURRENCE('UC\X2\7441547453A46D63\X0\?',
'UC\X2\7441547453A46D63\X0\?','UC\X2\7441547453A46D63\X0\?',#2539,#2540,
'');
#142=NEXT_ASSEMBLY_USAGE_OCCURRENCE('P\X2\95BE640120AC72B573DB5BEE5FD39A87\X0\',
'P\X2\95BE640120AC72B573DB5BEE5FD39A87\X0\','P\X2\95BE640120AC72B573DB5BEE5FD39A87\X0\',
#2539,#2543,'');
#143=(
REPRESENTATION_RELATIONSHIP(' ',' ',#1277,#1278)
REPRESENTATION_RELATIONSHIP_WITH_TRANSFORMATION(#148)
SHAPE_REPRESENTATION_RELATIONSHIP()
);
#144=(
REPRESENTATION_RELATIONSHIP(' ',' ',#1279,#1278)
REPRESENTATION_RELATIONSHIP_WITH_TRANSFORMATION(#149)
SHAPE_REPRESENTATION_RELATIONSHIP()
);
#145=(
REPRESENTATION_RELATIONSHIP(' ',' ',#1279,#1278)
REPRESENTATION_RELATIONSHIP_WITH_TRANSFORMATION(#150)
SHAPE_REPRESENTATION_RELATIONSHIP()
);
#146=(
REPRESENTATION_RELATIONSHIP(' ',' ',#1278,#1280)
REPRESENTATION_RELATIONSHIP_WITH_TRANSFORMATION(#151)
SHAPE_REPRESENTATION_RELATIONSHIP()
);
#147=(
REPRESENTATION_RELATIONSHIP(' ',' ',#1281,#1280)
REPRESENTATION_RELATIONSHIP_WITH_TRANSFORMATION(#152)
SHAPE_REPRESENTATION_RELATIONSHIP()
);
#148=ITEM_DEFINED_TRANSFORMATION(' ',' ',#1282,#1324);
#149=ITEM_DEFINED_TRANSFORMATION(' ',' ',#1282,#1334);
#150=ITEM_DEFINED_TRANSFORMATION(' ',' ',#1282,#1335);
#151=ITEM_DEFINED_TRANSFORMATION(' ',' ',#1282,#1336);
#152=ITEM_DEFINED_TRANSFORMATION(' ',' ',#1282,#1436);
#153=CONICAL_SURFACE('',#1320,7.,0.785398163397448);
#154=CONICAL_SURFACE('',#1321,10.6666666666667,0.785398163397448);
#155=CONICAL_SURFACE('',#1322,9.66666666666667,0.785398163397449);
#156=CONICAL_SURFACE('',#1332,1.5,0.785398163397448);
#157=CONICAL_SURFACE('',#1333,2.5,0.785398163397448);
#158=B_SPLINE_CURVE_WITH_KNOTS('',3,(#1829,#1830,#1831,#1832,#1833,#1834,
#1835,#1836,#1837,#1838,#1839),.UNSPECIFIED.,.T.,.F.,(1,1,1,1,1,1,1,1,1,
1,1,1,1,1,1),(-0.00195906901577484,1.52957589291333E-6,0.00196212816756067,
0.00392272675922842,0.00588332535089617,0.00784392394256392,0.00980452253423167,
0.0117651211258994,0.0137257197175672,0.0156863183092349,0.0176469169009027,
0.0196075154925704,0.0215681140842382,0.0235287126759059,0.0254893112675737),
 .UNSPECIFIED.);
#159=B_SPLINE_CURVE_WITH_KNOTS('',3,(#1841,#1842,#1843,#1844,#1845,#1846,
#1847,#1848,#1849,#1850,#1851),.UNSPECIFIED.,.T.,.F.,(1,1,1,1,1,1,1,1,1,
1,1,1,1,1,1),(-0.00592782843441151,-0.003951885622941,-0.0019759428114705,
0.,0.0019759428114705,0.003951885622941,0.00592782843441151,0.00790377124588201,
0.00987971405735251,0.011855656868823,0.0138315996802935,0.015807542491764,
0.0177834853032345,0.019759428114705,0.0217353709261755),.UNSPECIFIED.);
#160=B_SPLINE_CURVE_WITH_KNOTS('',3,(#1861,#1862,#1863,#1864,#1865,#1866,
#1867,#1868,#1869,#1870,#1871),.UNSPECIFIED.,.T.,.F.,(1,1,1,1,1,1,1,1,1,
1,1,1,1,1,1),(-0.00195906901577484,1.5295758929168E-6,0.00196212816756067,
0.00392272675922842,0.00588332535089617,0.00784392394256393,0.00980452253423168,
0.0117651211258994,0.0137257197175672,0.0156863183092349,0.0176469169009027,
0.0196075154925704,0.0215681140842382,0.0235287126759059,0.0254893112675737),
 .UNSPECIFIED.);
#161=B_SPLINE_CURVE_WITH_KNOTS('',3,(#1889,#1890,#1891,#1892,#1893,#1894,
#1895,#1896,#1897,#1898,#1899),.UNSPECIFIED.,.T.,.F.,(1,1,1,1,1,1,1,1,1,
1,1,1,1,1,1),(-0.00592782843441151,-0.003951885622941,-0.0019759428114705,
0.,0.0019759428114705,0.003951885622941,0.00592782843441151,0.00790377124588201,
0.00987971405735251,0.011855656868823,0.0138315996802935,0.015807542491764,
0.0177834853032345,0.019759428114705,0.0217353709261755),.UNSPECIFIED.);
#162=B_SPLINE_CURVE_WITH_KNOTS('',3,(#1972,#1973,#1974,#1975,#1976),
 .UNSPECIFIED.,.F.,.F.,(4,1,4),(0.,0.000755285468989771,0.00151057093797954),
 .UNSPECIFIED.);
#163=B_SPLINE_CURVE_WITH_KNOTS('',3,(#1980,#1981,#1982,#1983,#1984),
 .UNSPECIFIED.,.F.,.F.,(4,1,4),(0.,0.000755680869834572,0.00151136173966914),
 .UNSPECIFIED.);
#164=B_SPLINE_CURVE_WITH_KNOTS('',3,(#1996,#1997,#1998,#1999,#2000,#2001,
#2002,#2003,#2004,#2005,#2006),.UNSPECIFIED.,.T.,.F.,(1,1,1,1,1,1,1,1,1,
1,1,1,1,1,1),(-0.00351740597036321,-0.00234493731357547,-0.00117246865678774,
0.,0.00117246865678774,0.00234493731357547,0.00351740597036321,0.00468987462715095,
0.00586234328393868,0.00703481194072642,0.00820728059751416,0.00937974925430189,
0.0105522179110896,0.0117246865678774,0.0128971552246651),.UNSPECIFIED.);
#165=B_SPLINE_CURVE_WITH_KNOTS('',3,(#2011,#2012,#2013,#2014,#2015,#2016,
#2017,#2018,#2019,#2020,#2021,#2022,#2023,#2024,#2025,#2026,#2027,#2028,
#2029,#2030,#2031,#2032,#2033,#2034,#2035,#2036),.UNSPECIFIED.,.F.,.F.,
(4,1,1,1,1,1,1,1,1,1,1,1,1,1,1,1,1,1,1,1,1,1,1,4),(1.05618839325984E-19,
0.00599066048850387,0.0089859907327558,0.0119813209770077,0.0179719814655116,
0.0239626419540155,0.0299533024425193,0.0329486326867713,0.0359439629310232,
0.0389392931752751,0.0419346234195271,0.044929953663779,0.0479252839080309,
0.0509206141522829,0.0539159443965348,0.0599066048850387,0.0629019351292906,
0.0658972653735425,0.0688925956177945,0.0718879258620464,0.0778785863505503,
0.0838692468390541,0.089859907327558,0.0958505678160619),.UNSPECIFIED.);
#166=B_SPLINE_CURVE_WITH_KNOTS('',3,(#2040,#2041,#2042,#2043,#2044,#2045,
#2046,#2047,#2048,#2049,#2050,#2051,#2052,#2053,#2054,#2055,#2056,#2057,
#2058,#2059,#2060,#2061,#2062,#2063,#2064,#2065),.UNSPECIFIED.,.F.,.F.,
(4,1,1,1,1,1,1,1,1,1,1,1,1,1,1,1,1,1,1,1,1,1,1,4),(1.98442085020603E-19,
0.00599066048850387,0.0089859907327558,0.0119813209770077,0.0179719814655116,
0.0239626419540155,0.0299533024425193,0.0329486326867713,0.0359439629310232,
0.0389392931752751,0.0419346234195271,0.044929953663779,0.0479252839080309,
0.0509206141522829,0.0539159443965348,0.0599066048850387,0.0629019351292906,
0.0658972653735425,0.0688925956177945,0.0718879258620464,0.0778785863505503,
0.0838692468390541,0.089859907327558,0.0958505678160619),.UNSPECIFIED.);
#167=B_SPLINE_CURVE_WITH_KNOTS('',3,(#2077,#2078,#2079,#2080,#2081),
 .UNSPECIFIED.,.F.,.F.,(4,1,4),(0.,0.000726710126824286,0.00145342025364857),
 .UNSPECIFIED.);
#168=B_SPLINE_CURVE_WITH_KNOTS('',3,(#2082,#2083,#2084,#2085,#2086),
 .UNSPECIFIED.,.F.,.F.,(4,1,4),(0.,0.000725582388372214,0.00145116477674443),
 .UNSPECIFIED.);
#169=B_SPLINE_CURVE_WITH_KNOTS('',3,(#2111,#2112,#2113,#2114,#2115),
 .UNSPECIFIED.,.F.,.F.,(4,1,4),(4.9065389333868E-18,0.00072558238837222,
0.00145116477674443),.UNSPECIFIED.);
#170=B_SPLINE_CURVE_WITH_KNOTS('',3,(#2123,#2124,#2125,#2126,#2127),
 .UNSPECIFIED.,.F.,.F.,(4,1,4),(0.,0.000726710126824284,0.00145342025364857),
 .UNSPECIFIED.);
#171=B_SPLINE_CURVE_WITH_KNOTS('',3,(#2159,#2160,#2161,#2162,#2163),
 .UNSPECIFIED.,.F.,.F.,(4,1,4),(0.,0.000755285468989796,0.00151057093797959),
 .UNSPECIFIED.);
#172=B_SPLINE_CURVE_WITH_KNOTS('',3,(#2164,#2165,#2166,#2167,#2168),
 .UNSPECIFIED.,.F.,.F.,(4,1,4),(0.,0.00075568086983458,0.00151136173966916),
 .UNSPECIFIED.);
#173=B_SPLINE_CURVE_WITH_KNOTS('',3,(#2178,#2179,#2180,#2181,#2182,#2183,
#2184,#2185,#2186,#2187,#2188),.UNSPECIFIED.,.T.,.F.,(1,1,1,1,1,1,1,1,1,
1,1,1,1,1,1),(-0.0035306048594104,-0.00235373657294027,-0.00117686828647013,
0.,0.00117686828647013,0.00235373657294026,0.0035306048594104,0.00470747314588053,
0.00588434143235066,0.00706120971882079,0.00823807800529093,0.00941494629176106,
0.0105918145782312,0.0117686828647013,0.0129455511511715),.UNSPECIFIED.);
#174=B_SPLINE_CURVE_WITH_KNOTS('',3,(#2191,#2192,#2193,#2194,#2195,#2196,
#2197,#2198,#2199,#2200,#2201,#2202,#2203,#2204,#2205,#2206,#2207,#2208,
#2209,#2210,#2211,#2212,#2213,#2214,#2215),.UNSPECIFIED.,.F.,.F.,(4,1,1,
1,1,1,1,1,1,1,1,1,1,1,1,1,1,1,1,1,1,1,4),(0.,0.0058670232242702,0.0117340464485404,
0.0176010696728106,0.0234680928970808,0.0264016045092159,0.029335116121351,
0.0322686277334861,0.0352021393456212,0.0410691625698914,0.0469361857941616,
0.0498696974062967,0.0528032090184318,0.0557367206305669,0.058670232242702,
0.0616037438548371,0.0645372554669722,0.0704042786912424,0.0762713019155127,
0.0821383251397829,0.085071836751918,0.088005348364053,0.0938723715883233),
 .UNSPECIFIED.);
#175=B_SPLINE_CURVE_WITH_KNOTS('',3,(#2223,#2224,#2225,#2226,#2227,#2228,
#2229,#2230,#2231,#2232,#2233,#2234,#2235,#2236,#2237,#2238,#2239,#2240,
#2241,#2242,#2243,#2244,#2245,#2246,#2247),.UNSPECIFIED.,.F.,.F.,(4,1,1,
1,1,1,1,1,1,1,1,1,1,1,1,1,1,1,1,1,1,1,4),(0.,0.0058670232242702,0.0117340464485404,
0.0176010696728106,0.0234680928970808,0.0264016045092159,0.029335116121351,
0.0322686277334861,0.0352021393456212,0.0410691625698914,0.0469361857941616,
0.0498696974062967,0.0528032090184318,0.0557367206305669,0.058670232242702,
0.0616037438548371,0.0645372554669722,0.0704042786912424,0.0762713019155126,
0.0821383251397828,0.0850718367519179,0.088005348364053,0.0938723715883232),
 .UNSPECIFIED.);
#176=TOROIDAL_SURFACE('',#1299,13.,3.83226266952177);
#177=TOROIDAL_SURFACE('',#1310,13.,3.83226266952177);
#178=TOROIDAL_SURFACE('',#1372,19.0787840283389,2.);
#179=TOROIDAL_SURFACE('',#1374,19.0787840283389,2.);
#180=CYLINDRICAL_SURFACE('',#1297,15.3333333333333);
#181=CYLINDRICAL_SURFACE('',#1301,15.3333333333333);
#182=CYLINDRICAL_SURFACE('',#1302,2.5);
#183=CYLINDRICAL_SURFACE('',#1306,10.6666666666667);
#184=CYLINDRICAL_SURFACE('',#1312,10.6666666666667);
#185=CYLINDRICAL_SURFACE('',#1317,6.);
#186=CYLINDRICAL_SURFACE('',#1319,2.5);
#187=CYLINDRICAL_SURFACE('',#1325,2.5);
#188=CYLINDRICAL_SURFACE('',#1355,21.0787840283389);
#189=CYLINDRICAL_SURFACE('',#1359,190.625);
#190=CYLINDRICAL_SURFACE('',#1365,21.0787840283389);
#191=CYLINDRICAL_SURFACE('',#1369,190.625);
#192=CYLINDRICAL_SURFACE('',#1388,5.25);
#193=CYLINDRICAL_SURFACE('',#1390,5.25);
#194=CYLINDRICAL_SURFACE('',#1392,5.25);
#195=CYLINDRICAL_SURFACE('',#1394,5.25);
#196=CYLINDRICAL_SURFACE('',#1400,0.8);
#197=CYLINDRICAL_SURFACE('',#1402,0.8);
#198=CYLINDRICAL_SURFACE('',#1406,0.8);
#199=CYLINDRICAL_SURFACE('',#1408,0.8);
#200=CYLINDRICAL_SURFACE('',#1412,0.8);
#201=CYLINDRICAL_SURFACE('',#1413,0.8);
#202=CYLINDRICAL_SURFACE('',#1415,0.8);
#203=CYLINDRICAL_SURFACE('',#1419,0.8);
#204=CYLINDRICAL_SURFACE('',#1421,0.8);
#205=CYLINDRICAL_SURFACE('',#1425,0.8);
#206=CYLINDRICAL_SURFACE('',#1426,1.5);
#207=CYLINDRICAL_SURFACE('',#1430,2.5);
#208=CYLINDRICAL_SURFACE('',#1435,1.49);
#209=ORIENTED_EDGE('',*,*,#489,.F.);
#210=ORIENTED_EDGE('',*,*,#490,.T.);
#211=ORIENTED_EDGE('',*,*,#491,.F.);
#212=ORIENTED_EDGE('',*,*,#489,.T.);
#213=ORIENTED_EDGE('',*,*,#492,.F.);
#214=ORIENTED_EDGE('',*,*,#491,.T.);
#215=ORIENTED_EDGE('',*,*,#493,.F.);
#216=ORIENTED_EDGE('',*,*,#492,.T.);
#217=ORIENTED_EDGE('',*,*,#494,.F.);
#218=ORIENTED_EDGE('',*,*,#493,.T.);
#219=ORIENTED_EDGE('',*,*,#490,.F.);
#220=ORIENTED_EDGE('',*,*,#494,.T.);
#221=ORIENTED_EDGE('',*,*,#495,.T.);
#222=ORIENTED_EDGE('',*,*,#496,.T.);
#223=ORIENTED_EDGE('',*,*,#497,.T.);
#224=ORIENTED_EDGE('',*,*,#498,.F.);
#225=ORIENTED_EDGE('',*,*,#495,.F.);
#226=ORIENTED_EDGE('',*,*,#499,.T.);
#227=ORIENTED_EDGE('',*,*,#500,.F.);
#228=ORIENTED_EDGE('',*,*,#501,.T.);
#229=ORIENTED_EDGE('',*,*,#502,.T.);
#230=ORIENTED_EDGE('',*,*,#503,.T.);
#231=ORIENTED_EDGE('',*,*,#502,.F.);
#232=ORIENTED_EDGE('',*,*,#504,.T.);
#233=ORIENTED_EDGE('',*,*,#503,.F.);
#234=ORIENTED_EDGE('',*,*,#505,.T.);
#235=ORIENTED_EDGE('',*,*,#506,.T.);
#236=ORIENTED_EDGE('',*,*,#507,.T.);
#237=ORIENTED_EDGE('',*,*,#496,.F.);
#238=ORIENTED_EDGE('',*,*,#508,.F.);
#239=ORIENTED_EDGE('',*,*,#498,.T.);
#240=ORIENTED_EDGE('',*,*,#500,.T.);
#241=ORIENTED_EDGE('',*,*,#508,.T.);
#242=ORIENTED_EDGE('',*,*,#507,.F.);
#243=ORIENTED_EDGE('',*,*,#505,.F.);
#244=ORIENTED_EDGE('',*,*,#506,.F.);
#245=ORIENTED_EDGE('',*,*,#504,.F.);
#246=ORIENTED_EDGE('',*,*,#501,.F.);
#247=ORIENTED_EDGE('',*,*,#499,.F.);
#248=ORIENTED_EDGE('',*,*,#497,.F.);
#249=ORIENTED_EDGE('',*,*,#509,.T.);
#250=ORIENTED_EDGE('',*,*,#510,.T.);
#251=ORIENTED_EDGE('',*,*,#511,.T.);
#252=ORIENTED_EDGE('',*,*,#512,.T.);
#253=ORIENTED_EDGE('',*,*,#509,.F.);
#254=ORIENTED_EDGE('',*,*,#512,.F.);
#255=ORIENTED_EDGE('',*,*,#511,.F.);
#256=ORIENTED_EDGE('',*,*,#510,.F.);
#257=ORIENTED_EDGE('',*,*,#513,.T.);
#258=ORIENTED_EDGE('',*,*,#514,.T.);
#259=ORIENTED_EDGE('',*,*,#515,.T.);
#260=ORIENTED_EDGE('',*,*,#516,.T.);
#261=ORIENTED_EDGE('',*,*,#517,.F.);
#262=ORIENTED_EDGE('',*,*,#518,.T.);
#263=ORIENTED_EDGE('',*,*,#519,.F.);
#264=ORIENTED_EDGE('',*,*,#520,.T.);
#265=ORIENTED_EDGE('',*,*,#521,.F.);
#266=ORIENTED_EDGE('',*,*,#522,.T.);
#267=ORIENTED_EDGE('',*,*,#523,.F.);
#268=ORIENTED_EDGE('',*,*,#524,.T.);
#269=ORIENTED_EDGE('',*,*,#525,.F.);
#270=ORIENTED_EDGE('',*,*,#526,.F.);
#271=ORIENTED_EDGE('',*,*,#527,.F.);
#272=ORIENTED_EDGE('',*,*,#528,.F.);
#273=ORIENTED_EDGE('',*,*,#529,.F.);
#274=ORIENTED_EDGE('',*,*,#530,.T.);
#275=ORIENTED_EDGE('',*,*,#531,.T.);
#276=ORIENTED_EDGE('',*,*,#532,.T.);
#277=ORIENTED_EDGE('',*,*,#533,.T.);
#278=ORIENTED_EDGE('',*,*,#534,.F.);
#279=ORIENTED_EDGE('',*,*,#535,.T.);
#280=ORIENTED_EDGE('',*,*,#536,.T.);
#281=ORIENTED_EDGE('',*,*,#537,.T.);
#282=ORIENTED_EDGE('',*,*,#538,.T.);
#283=ORIENTED_EDGE('',*,*,#539,.T.);
#284=ORIENTED_EDGE('',*,*,#540,.T.);
#285=ORIENTED_EDGE('',*,*,#541,.T.);
#286=ORIENTED_EDGE('',*,*,#542,.T.);
#287=ORIENTED_EDGE('',*,*,#543,.F.);
#288=ORIENTED_EDGE('',*,*,#544,.T.);
#289=ORIENTED_EDGE('',*,*,#545,.T.);
#290=ORIENTED_EDGE('',*,*,#546,.T.);
#291=ORIENTED_EDGE('',*,*,#547,.T.);
#292=ORIENTED_EDGE('',*,*,#548,.T.);
#293=ORIENTED_EDGE('',*,*,#549,.T.);
#294=ORIENTED_EDGE('',*,*,#550,.T.);
#295=ORIENTED_EDGE('',*,*,#523,.T.);
#296=ORIENTED_EDGE('',*,*,#551,.T.);
#297=ORIENTED_EDGE('',*,*,#552,.T.);
#298=ORIENTED_EDGE('',*,*,#533,.F.);
#299=ORIENTED_EDGE('',*,*,#553,.T.);
#300=ORIENTED_EDGE('',*,*,#548,.F.);
#301=ORIENTED_EDGE('',*,*,#554,.T.);
#302=ORIENTED_EDGE('',*,*,#555,.T.);
#303=ORIENTED_EDGE('',*,*,#556,.T.);
#304=ORIENTED_EDGE('',*,*,#557,.T.);
#305=ORIENTED_EDGE('',*,*,#558,.F.);
#306=ORIENTED_EDGE('',*,*,#546,.F.);
#307=ORIENTED_EDGE('',*,*,#559,.T.);
#308=ORIENTED_EDGE('',*,*,#560,.F.);
#309=ORIENTED_EDGE('',*,*,#561,.T.);
#310=ORIENTED_EDGE('',*,*,#519,.T.);
#311=ORIENTED_EDGE('',*,*,#562,.T.);
#312=ORIENTED_EDGE('',*,*,#563,.T.);
#313=ORIENTED_EDGE('',*,*,#564,.F.);
#314=ORIENTED_EDGE('',*,*,#565,.T.);
#315=ORIENTED_EDGE('',*,*,#566,.T.);
#316=ORIENTED_EDGE('',*,*,#564,.T.);
#317=ORIENTED_EDGE('',*,*,#567,.T.);
#318=ORIENTED_EDGE('',*,*,#529,.T.);
#319=ORIENTED_EDGE('',*,*,#568,.T.);
#320=ORIENTED_EDGE('',*,*,#569,.F.);
#321=ORIENTED_EDGE('',*,*,#570,.F.);
#322=ORIENTED_EDGE('',*,*,#571,.F.);
#323=ORIENTED_EDGE('',*,*,#572,.T.);
#324=ORIENTED_EDGE('',*,*,#536,.F.);
#325=ORIENTED_EDGE('',*,*,#573,.T.);
#326=ORIENTED_EDGE('',*,*,#544,.F.);
#327=ORIENTED_EDGE('',*,*,#574,.T.);
#328=ORIENTED_EDGE('',*,*,#575,.T.);
#329=ORIENTED_EDGE('',*,*,#557,.F.);
#330=ORIENTED_EDGE('',*,*,#569,.T.);
#331=ORIENTED_EDGE('',*,*,#576,.F.);
#332=ORIENTED_EDGE('',*,*,#577,.T.);
#333=ORIENTED_EDGE('',*,*,#578,.T.);
#334=ORIENTED_EDGE('',*,*,#517,.T.);
#335=ORIENTED_EDGE('',*,*,#579,.T.);
#336=ORIENTED_EDGE('',*,*,#580,.F.);
#337=ORIENTED_EDGE('',*,*,#581,.F.);
#338=ORIENTED_EDGE('',*,*,#582,.F.);
#339=ORIENTED_EDGE('',*,*,#583,.F.);
#340=ORIENTED_EDGE('',*,*,#555,.F.);
#341=ORIENTED_EDGE('',*,*,#584,.T.);
#342=ORIENTED_EDGE('',*,*,#585,.T.);
#343=ORIENTED_EDGE('',*,*,#586,.T.);
#344=ORIENTED_EDGE('',*,*,#571,.T.);
#345=ORIENTED_EDGE('',*,*,#587,.F.);
#346=ORIENTED_EDGE('',*,*,#588,.T.);
#347=ORIENTED_EDGE('',*,*,#560,.T.);
#348=ORIENTED_EDGE('',*,*,#589,.T.);
#349=ORIENTED_EDGE('',*,*,#590,.T.);
#350=ORIENTED_EDGE('',*,*,#591,.T.);
#351=ORIENTED_EDGE('',*,*,#592,.T.);
#352=ORIENTED_EDGE('',*,*,#521,.T.);
#353=ORIENTED_EDGE('',*,*,#593,.T.);
#354=ORIENTED_EDGE('',*,*,#594,.F.);
#355=ORIENTED_EDGE('',*,*,#576,.T.);
#356=ORIENTED_EDGE('',*,*,#575,.F.);
#357=ORIENTED_EDGE('',*,*,#595,.T.);
#358=ORIENTED_EDGE('',*,*,#596,.T.);
#359=ORIENTED_EDGE('',*,*,#587,.T.);
#360=ORIENTED_EDGE('',*,*,#570,.T.);
#361=ORIENTED_EDGE('',*,*,#568,.F.);
#362=ORIENTED_EDGE('',*,*,#538,.F.);
#363=ORIENTED_EDGE('',*,*,#597,.T.);
#364=ORIENTED_EDGE('',*,*,#590,.F.);
#365=ORIENTED_EDGE('',*,*,#598,.T.);
#366=ORIENTED_EDGE('',*,*,#599,.T.);
#367=ORIENTED_EDGE('',*,*,#600,.T.);
#368=ORIENTED_EDGE('',*,*,#534,.T.);
#369=ORIENTED_EDGE('',*,*,#558,.T.);
#370=ORIENTED_EDGE('',*,*,#556,.F.);
#371=ORIENTED_EDGE('',*,*,#525,.T.);
#372=ORIENTED_EDGE('',*,*,#601,.T.);
#373=ORIENTED_EDGE('',*,*,#540,.F.);
#374=ORIENTED_EDGE('',*,*,#602,.F.);
#375=ORIENTED_EDGE('',*,*,#528,.T.);
#376=ORIENTED_EDGE('',*,*,#603,.T.);
#377=ORIENTED_EDGE('',*,*,#541,.F.);
#378=ORIENTED_EDGE('',*,*,#601,.F.);
#379=ORIENTED_EDGE('',*,*,#527,.T.);
#380=ORIENTED_EDGE('',*,*,#604,.T.);
#381=ORIENTED_EDGE('',*,*,#542,.F.);
#382=ORIENTED_EDGE('',*,*,#603,.F.);
#383=ORIENTED_EDGE('',*,*,#526,.T.);
#384=ORIENTED_EDGE('',*,*,#602,.T.);
#385=ORIENTED_EDGE('',*,*,#539,.F.);
#386=ORIENTED_EDGE('',*,*,#604,.F.);
#387=ORIENTED_EDGE('',*,*,#605,.T.);
#388=ORIENTED_EDGE('',*,*,#580,.T.);
#389=ORIENTED_EDGE('',*,*,#606,.F.);
#390=ORIENTED_EDGE('',*,*,#514,.F.);
#391=ORIENTED_EDGE('',*,*,#606,.T.);
#392=ORIENTED_EDGE('',*,*,#583,.T.);
#393=ORIENTED_EDGE('',*,*,#607,.F.);
#394=ORIENTED_EDGE('',*,*,#515,.F.);
#395=ORIENTED_EDGE('',*,*,#607,.T.);
#396=ORIENTED_EDGE('',*,*,#582,.T.);
#397=ORIENTED_EDGE('',*,*,#608,.F.);
#398=ORIENTED_EDGE('',*,*,#516,.F.);
#399=ORIENTED_EDGE('',*,*,#608,.T.);
#400=ORIENTED_EDGE('',*,*,#581,.T.);
#401=ORIENTED_EDGE('',*,*,#605,.F.);
#402=ORIENTED_EDGE('',*,*,#513,.F.);
#403=ORIENTED_EDGE('',*,*,#537,.F.);
#404=ORIENTED_EDGE('',*,*,#574,.F.);
#405=ORIENTED_EDGE('',*,*,#609,.F.);
#406=ORIENTED_EDGE('',*,*,#597,.F.);
#407=ORIENTED_EDGE('',*,*,#609,.T.);
#408=ORIENTED_EDGE('',*,*,#547,.F.);
#409=ORIENTED_EDGE('',*,*,#610,.F.);
#410=ORIENTED_EDGE('',*,*,#595,.F.);
#411=ORIENTED_EDGE('',*,*,#610,.T.);
#412=ORIENTED_EDGE('',*,*,#561,.F.);
#413=ORIENTED_EDGE('',*,*,#588,.F.);
#414=ORIENTED_EDGE('',*,*,#596,.F.);
#415=ORIENTED_EDGE('',*,*,#535,.F.);
#416=ORIENTED_EDGE('',*,*,#600,.F.);
#417=ORIENTED_EDGE('',*,*,#611,.F.);
#418=ORIENTED_EDGE('',*,*,#573,.F.);
#419=ORIENTED_EDGE('',*,*,#611,.T.);
#420=ORIENTED_EDGE('',*,*,#599,.F.);
#421=ORIENTED_EDGE('',*,*,#612,.F.);
#422=ORIENTED_EDGE('',*,*,#545,.F.);
#423=ORIENTED_EDGE('',*,*,#612,.T.);
#424=ORIENTED_EDGE('',*,*,#598,.F.);
#425=ORIENTED_EDGE('',*,*,#589,.F.);
#426=ORIENTED_EDGE('',*,*,#559,.F.);
#427=ORIENTED_EDGE('',*,*,#572,.F.);
#428=ORIENTED_EDGE('',*,*,#586,.F.);
#429=ORIENTED_EDGE('',*,*,#613,.F.);
#430=ORIENTED_EDGE('',*,*,#565,.F.);
#431=ORIENTED_EDGE('',*,*,#520,.F.);
#432=ORIENTED_EDGE('',*,*,#566,.F.);
#433=ORIENTED_EDGE('',*,*,#614,.F.);
#434=ORIENTED_EDGE('',*,*,#593,.F.);
#435=ORIENTED_EDGE('',*,*,#614,.T.);
#436=ORIENTED_EDGE('',*,*,#613,.T.);
#437=ORIENTED_EDGE('',*,*,#615,.F.);
#438=ORIENTED_EDGE('',*,*,#554,.F.);
#439=ORIENTED_EDGE('',*,*,#552,.F.);
#440=ORIENTED_EDGE('',*,*,#616,.F.);
#441=ORIENTED_EDGE('',*,*,#584,.F.);
#442=ORIENTED_EDGE('',*,*,#615,.T.);
#443=ORIENTED_EDGE('',*,*,#585,.F.);
#444=ORIENTED_EDGE('',*,*,#617,.F.);
#445=ORIENTED_EDGE('',*,*,#591,.F.);
#446=ORIENTED_EDGE('',*,*,#617,.T.);
#447=ORIENTED_EDGE('',*,*,#616,.T.);
#448=ORIENTED_EDGE('',*,*,#618,.F.);
#449=ORIENTED_EDGE('',*,*,#618,.T.);
#450=ORIENTED_EDGE('',*,*,#551,.F.);
#451=ORIENTED_EDGE('',*,*,#522,.F.);
#452=ORIENTED_EDGE('',*,*,#592,.F.);
#453=ORIENTED_EDGE('',*,*,#553,.F.);
#454=ORIENTED_EDGE('',*,*,#532,.F.);
#455=ORIENTED_EDGE('',*,*,#619,.F.);
#456=ORIENTED_EDGE('',*,*,#549,.F.);
#457=ORIENTED_EDGE('',*,*,#524,.F.);
#458=ORIENTED_EDGE('',*,*,#550,.F.);
#459=ORIENTED_EDGE('',*,*,#620,.F.);
#460=ORIENTED_EDGE('',*,*,#579,.F.);
#461=ORIENTED_EDGE('',*,*,#620,.T.);
#462=ORIENTED_EDGE('',*,*,#619,.T.);
#463=ORIENTED_EDGE('',*,*,#621,.F.);
#464=ORIENTED_EDGE('',*,*,#567,.F.);
#465=ORIENTED_EDGE('',*,*,#563,.F.);
#466=ORIENTED_EDGE('',*,*,#622,.F.);
#467=ORIENTED_EDGE('',*,*,#530,.F.);
#468=ORIENTED_EDGE('',*,*,#621,.T.);
#469=ORIENTED_EDGE('',*,*,#531,.F.);
#470=ORIENTED_EDGE('',*,*,#623,.F.);
#471=ORIENTED_EDGE('',*,*,#577,.F.);
#472=ORIENTED_EDGE('',*,*,#623,.T.);
#473=ORIENTED_EDGE('',*,*,#622,.T.);
#474=ORIENTED_EDGE('',*,*,#624,.F.);
#475=ORIENTED_EDGE('',*,*,#624,.T.);
#476=ORIENTED_EDGE('',*,*,#562,.F.);
#477=ORIENTED_EDGE('',*,*,#518,.F.);
#478=ORIENTED_EDGE('',*,*,#578,.F.);
#479=ORIENTED_EDGE('',*,*,#594,.T.);
#480=ORIENTED_EDGE('',*,*,#543,.T.);
#481=ORIENTED_EDGE('',*,*,#625,.F.);
#482=ORIENTED_EDGE('',*,*,#626,.T.);
#483=ORIENTED_EDGE('',*,*,#627,.F.);
#484=ORIENTED_EDGE('',*,*,#625,.T.);
#485=ORIENTED_EDGE('',*,*,#627,.T.);
#486=ORIENTED_EDGE('',*,*,#628,.F.);
#487=ORIENTED_EDGE('',*,*,#626,.F.);
#488=ORIENTED_EDGE('',*,*,#628,.T.);
#489=EDGE_CURVE('',#834,#834,#629,.T.);
#490=EDGE_CURVE('',#835,#835,#630,.T.);
#491=EDGE_CURVE('',#836,#836,#631,.T.);
#492=EDGE_CURVE('',#837,#837,#632,.T.);
#493=EDGE_CURVE('',#838,#838,#633,.T.);
#494=EDGE_CURVE('',#839,#839,#634,.T.);
#495=EDGE_CURVE('',#840,#840,#158,.T.);
#496=EDGE_CURVE('',#841,#841,#159,.T.);
#497=EDGE_CURVE('',#842,#842,#635,.T.);
#498=EDGE_CURVE('',#843,#843,#636,.T.);
#499=EDGE_CURVE('',#840,#844,#637,.F.);
#500=EDGE_CURVE('',#844,#844,#160,.T.);
#501=EDGE_CURVE('',#844,#840,#638,.F.);
#502=EDGE_CURVE('',#845,#845,#639,.T.);
#503=EDGE_CURVE('',#846,#846,#640,.T.);
#504=EDGE_CURVE('',#847,#847,#641,.F.);
#505=EDGE_CURVE('',#848,#848,#642,.F.);
#506=EDGE_CURVE('',#849,#849,#643,.T.);
#507=EDGE_CURVE('',#850,#850,#644,.T.);
#508=EDGE_CURVE('',#851,#851,#161,.T.);
#509=EDGE_CURVE('',#853,#853,#645,.F.);
#510=EDGE_CURVE('',#854,#854,#646,.T.);
#511=EDGE_CURVE('',#855,#855,#647,.F.);
#512=EDGE_CURVE('',#856,#856,#648,.T.);
#513=EDGE_CURVE('',#857,#858,#37,.T.);
#514=EDGE_CURVE('',#858,#859,#649,.T.);
#515=EDGE_CURVE('',#859,#860,#38,.T.);
#516=EDGE_CURVE('',#860,#857,#650,.T.);
#517=EDGE_CURVE('',#861,#862,#39,.T.);
#518=EDGE_CURVE('',#861,#863,#651,.F.);
#519=EDGE_CURVE('',#864,#863,#40,.T.);
#520=EDGE_CURVE('',#864,#865,#652,.F.);
#521=EDGE_CURVE('',#866,#865,#41,.T.);
#522=EDGE_CURVE('',#866,#867,#653,.F.);
#523=EDGE_CURVE('',#868,#867,#42,.T.);
#524=EDGE_CURVE('',#868,#862,#654,.F.);
#525=EDGE_CURVE('',#870,#871,#655,.F.);
#526=EDGE_CURVE('',#872,#870,#43,.T.);
#527=EDGE_CURVE('',#873,#872,#656,.F.);
#528=EDGE_CURVE('',#871,#873,#44,.T.);
#529=EDGE_CURVE('',#874,#875,#45,.F.);
#530=EDGE_CURVE('',#874,#876,#46,.T.);
#531=EDGE_CURVE('',#876,#877,#47,.T.);
#532=EDGE_CURVE('',#877,#878,#48,.T.);
#533=EDGE_CURVE('',#878,#879,#49,.T.);
#534=EDGE_CURVE('',#880,#879,#50,.T.);
#535=EDGE_CURVE('',#880,#881,#162,.T.);
#536=EDGE_CURVE('',#881,#882,#657,.F.);
#537=EDGE_CURVE('',#882,#883,#163,.T.);
#538=EDGE_CURVE('',#883,#875,#51,.T.);
#539=EDGE_CURVE('',#884,#885,#52,.T.);
#540=EDGE_CURVE('',#885,#886,#658,.T.);
#541=EDGE_CURVE('',#886,#887,#53,.T.);
#542=EDGE_CURVE('',#887,#884,#659,.T.);
#543=EDGE_CURVE('',#888,#888,#164,.T.);
#544=EDGE_CURVE('',#889,#890,#660,.T.);
#545=EDGE_CURVE('',#890,#891,#165,.T.);
#546=EDGE_CURVE('',#891,#892,#661,.T.);
#547=EDGE_CURVE('',#892,#889,#166,.T.);
#548=EDGE_CURVE('',#893,#894,#662,.T.);
#549=EDGE_CURVE('',#894,#895,#54,.F.);
#550=EDGE_CURVE('',#895,#868,#55,.T.);
#551=EDGE_CURVE('',#867,#896,#56,.F.);
#552=EDGE_CURVE('',#896,#893,#57,.F.);
#553=EDGE_CURVE('',#878,#894,#167,.T.);
#554=EDGE_CURVE('',#893,#897,#168,.T.);
#555=EDGE_CURVE('',#897,#898,#58,.T.);
#556=EDGE_CURVE('',#898,#899,#24,.T.);
#557=EDGE_CURVE('',#899,#899,#663,.T.);
#558=EDGE_CURVE('',#879,#899,#25,.T.);
#559=EDGE_CURVE('',#891,#900,#26,.T.);
#560=EDGE_CURVE('',#901,#900,#664,.F.);
#561=EDGE_CURVE('',#901,#892,#27,.F.);
#562=EDGE_CURVE('',#863,#902,#59,.F.);
#563=EDGE_CURVE('',#902,#903,#60,.F.);
#564=EDGE_CURVE('',#904,#903,#665,.T.);
#565=EDGE_CURVE('',#904,#905,#61,.F.);
#566=EDGE_CURVE('',#905,#864,#62,.T.);
#567=EDGE_CURVE('',#903,#874,#169,.T.);
#568=EDGE_CURVE('',#875,#906,#28,.T.);
#569=EDGE_CURVE('',#906,#906,#666,.T.);
#570=EDGE_CURVE('',#907,#906,#29,.T.);
#571=EDGE_CURVE('',#908,#907,#63,.F.);
#572=EDGE_CURVE('',#908,#904,#170,.T.);
#573=EDGE_CURVE('',#881,#890,#30,.T.);
#574=EDGE_CURVE('',#889,#882,#31,.F.);
#575=EDGE_CURVE('',#909,#909,#667,.T.);
#576=EDGE_CURVE('',#910,#910,#668,.T.);
#577=EDGE_CURVE('',#911,#912,#64,.F.);
#578=EDGE_CURVE('',#912,#861,#65,.T.);
#579=EDGE_CURVE('',#862,#911,#66,.F.);
#580=EDGE_CURVE('',#913,#914,#669,.T.);
#581=EDGE_CURVE('',#915,#913,#67,.T.);
#582=EDGE_CURVE('',#916,#915,#670,.T.);
#583=EDGE_CURVE('',#914,#916,#68,.T.);
#584=EDGE_CURVE('',#897,#917,#69,.T.);
#585=EDGE_CURVE('',#917,#918,#70,.T.);
#586=EDGE_CURVE('',#918,#908,#71,.T.);
#587=EDGE_CURVE('',#919,#907,#72,.T.);
#588=EDGE_CURVE('',#919,#901,#171,.T.);
#589=EDGE_CURVE('',#900,#920,#172,.T.);
#590=EDGE_CURVE('',#920,#898,#73,.T.);
#591=EDGE_CURVE('',#921,#922,#74,.F.);
#592=EDGE_CURVE('',#922,#866,#75,.T.);
#593=EDGE_CURVE('',#865,#921,#76,.F.);
#594=EDGE_CURVE('',#923,#923,#173,.T.);
#595=EDGE_CURVE('',#924,#925,#174,.T.);
#596=EDGE_CURVE('',#925,#919,#32,.F.);
#597=EDGE_CURVE('',#883,#924,#33,.F.);
#598=EDGE_CURVE('',#920,#926,#34,.T.);
#599=EDGE_CURVE('',#926,#927,#175,.T.);
#600=EDGE_CURVE('',#927,#880,#35,.T.);
#601=EDGE_CURVE('',#871,#886,#77,.T.);
#602=EDGE_CURVE('',#870,#885,#78,.T.);
#603=EDGE_CURVE('',#873,#887,#79,.T.);
#604=EDGE_CURVE('',#872,#884,#80,.T.);
#605=EDGE_CURVE('',#858,#913,#81,.T.);
#606=EDGE_CURVE('',#859,#914,#82,.T.);
#607=EDGE_CURVE('',#860,#916,#83,.T.);
#608=EDGE_CURVE('',#857,#915,#84,.T.);
#609=EDGE_CURVE('',#924,#889,#671,.T.);
#610=EDGE_CURVE('',#925,#892,#672,.T.);
#611=EDGE_CURVE('',#890,#927,#673,.T.);
#612=EDGE_CURVE('',#891,#926,#674,.T.);
#613=EDGE_CURVE('',#905,#918,#675,.T.);
#614=EDGE_CURVE('',#921,#905,#676,.T.);
#615=EDGE_CURVE('',#921,#918,#677,.F.);
#616=EDGE_CURVE('',#917,#896,#678,.T.);
#617=EDGE_CURVE('',#922,#917,#679,.T.);
#618=EDGE_CURVE('',#922,#896,#680,.F.);
#619=EDGE_CURVE('',#895,#877,#681,.T.);
#620=EDGE_CURVE('',#911,#895,#682,.T.);
#621=EDGE_CURVE('',#911,#877,#683,.F.);
#622=EDGE_CURVE('',#876,#902,#684,.T.);
#623=EDGE_CURVE('',#912,#876,#685,.T.);
#624=EDGE_CURVE('',#912,#902,#686,.F.);
#625=EDGE_CURVE('',#928,#928,#687,.T.);
#626=EDGE_CURVE('',#929,#929,#688,.T.);
#627=EDGE_CURVE('',#930,#930,#689,.T.);
#628=EDGE_CURVE('',#931,#931,#690,.T.);
#629=CIRCLE('',#1291,19.0787840283389);
#630=CIRCLE('',#1292,15.3333333333333);
#631=CIRCLE('',#1294,19.0787840283389);
#632=CIRCLE('',#1296,15.3333333333333);
#633=CIRCLE('',#1298,15.3333333333333);
#634=CIRCLE('',#1300,15.3333333333333);
#635=CIRCLE('',#1304,9.66666666666667);
#636=CIRCLE('',#1305,6.);
#637=CIRCLE('',#1307,10.6666666666667);
#638=CIRCLE('',#1308,10.6666666666667);
#639=CIRCLE('',#1309,10.6666666666667);
#640=CIRCLE('',#1311,10.6666666666667);
#641=CIRCLE('',#1313,10.6666666666667);
#642=CIRCLE('',#1315,7.);
#643=CIRCLE('',#1316,9.66666666666667);
#644=CIRCLE('',#1318,6.);
#645=CIRCLE('',#1326,2.5);
#646=CIRCLE('',#1327,2.5);
#647=CIRCLE('',#1329,1.5);
#648=CIRCLE('',#1331,1.5);
#649=CIRCLE('',#1338,5.25);
#650=CIRCLE('',#1339,5.25);
#651=CIRCLE('',#1340,0.8);
#652=CIRCLE('',#1341,0.8);
#653=CIRCLE('',#1342,0.8);
#654=CIRCLE('',#1343,0.8);
#655=CIRCLE('',#1344,5.25);
#656=CIRCLE('',#1345,5.25);
#657=CIRCLE('',#1347,190.625);
#658=CIRCLE('',#1348,5.25);
#659=CIRCLE('',#1349,5.25);
#660=CIRCLE('',#1351,190.625);
#661=CIRCLE('',#1352,190.625);
#662=CIRCLE('',#1354,21.0787840283389);
#663=CIRCLE('',#1357,21.0787840283389);
#664=CIRCLE('',#1361,190.625);
#665=CIRCLE('',#1364,21.0787840283389);
#666=CIRCLE('',#1367,21.0787840283389);
#667=CIRCLE('',#1373,19.0787840283389);
#668=CIRCLE('',#1375,19.0787840283389);
#669=CIRCLE('',#1378,5.25);
#670=CIRCLE('',#1379,5.25);
#671=CIRCLE('',#1396,1.);
#672=CIRCLE('',#1397,1.);
#673=CIRCLE('',#1398,1.);
#674=CIRCLE('',#1399,1.);
#675=CIRCLE('',#1401,0.8);
#676=CIRCLE('',#1403,0.8);
#677=CIRCLE('',#1405,0.8);
#678=CIRCLE('',#1407,0.8);
#679=CIRCLE('',#1409,0.8);
#680=CIRCLE('',#1411,0.8);
#681=CIRCLE('',#1414,0.8);
#682=CIRCLE('',#1416,0.8);
#683=CIRCLE('',#1418,0.8);
#684=CIRCLE('',#1420,0.8);
#685=CIRCLE('',#1422,0.8);
#686=CIRCLE('',#1424,0.8);
#687=CIRCLE('',#1428,2.5);
#688=CIRCLE('',#1429,1.49);
#689=CIRCLE('',#1431,2.5);
#690=CIRCLE('',#1434,1.49);
#691=EDGE_LOOP('',(#209));
#692=EDGE_LOOP('',(#210));
#693=EDGE_LOOP('',(#211));
#694=EDGE_LOOP('',(#212));
#695=EDGE_LOOP('',(#213));
#696=EDGE_LOOP('',(#214));
#697=EDGE_LOOP('',(#215));
#698=EDGE_LOOP('',(#216));
#699=EDGE_LOOP('',(#217));
#700=EDGE_LOOP('',(#218));
#701=EDGE_LOOP('',(#219));
#702=EDGE_LOOP('',(#220));
#703=EDGE_LOOP('',(#221));
#704=EDGE_LOOP('',(#222));
#705=EDGE_LOOP('',(#223));
#706=EDGE_LOOP('',(#224));
#707=EDGE_LOOP('',(#225,#226,#227,#228));
#708=EDGE_LOOP('',(#229));
#709=EDGE_LOOP('',(#230));
#710=EDGE_LOOP('',(#231));
#711=EDGE_LOOP('',(#232));
#712=EDGE_LOOP('',(#233));
#713=EDGE_LOOP('',(#234));
#714=EDGE_LOOP('',(#235));
#715=EDGE_LOOP('',(#236));
#716=EDGE_LOOP('',(#237));
#717=EDGE_LOOP('',(#238));
#718=EDGE_LOOP('',(#239));
#719=EDGE_LOOP('',(#240));
#720=EDGE_LOOP('',(#241));
#721=EDGE_LOOP('',(#242));
#722=EDGE_LOOP('',(#243));
#723=EDGE_LOOP('',(#244));
#724=EDGE_LOOP('',(#245));
#725=EDGE_LOOP('',(#246,#247));
#726=EDGE_LOOP('',(#248));
#727=EDGE_LOOP('',(#249));
#728=EDGE_LOOP('',(#250));
#729=EDGE_LOOP('',(#251));
#730=EDGE_LOOP('',(#252));
#731=EDGE_LOOP('',(#253));
#732=EDGE_LOOP('',(#254));
#733=EDGE_LOOP('',(#255));
#734=EDGE_LOOP('',(#256));
#735=EDGE_LOOP('',(#257,#258,#259,#260));
#736=EDGE_LOOP('',(#261,#262,#263,#264,#265,#266,#267,#268));
#737=EDGE_LOOP('',(#269,#270,#271,#272));
#738=EDGE_LOOP('',(#273,#274,#275,#276,#277,#278,#279,#280,#281,#282));
#739=EDGE_LOOP('',(#283,#284,#285,#286));
#740=EDGE_LOOP('',(#287));
#741=EDGE_LOOP('',(#288,#289,#290,#291));
#742=EDGE_LOOP('',(#292,#293,#294,#295,#296,#297));
#743=EDGE_LOOP('',(#298,#299,#300,#301,#302,#303,#304,#305));
#744=EDGE_LOOP('',(#306,#307,#308,#309));
#745=EDGE_LOOP('',(#310,#311,#312,#313,#314,#315));
#746=EDGE_LOOP('',(#316,#317,#318,#319,#320,#321,#322,#323));
#747=EDGE_LOOP('',(#324,#325,#326,#327));
#748=EDGE_LOOP('',(#328));
#749=EDGE_LOOP('',(#329));
#750=EDGE_LOOP('',(#330));
#751=EDGE_LOOP('',(#331));
#752=EDGE_LOOP('',(#332,#333,#334,#335));
#753=EDGE_LOOP('',(#336,#337,#338,#339));
#754=EDGE_LOOP('',(#340,#341,#342,#343,#344,#345,#346,#347,#348,#349));
#755=EDGE_LOOP('',(#350,#351,#352,#353));
#756=EDGE_LOOP('',(#354));
#757=EDGE_LOOP('',(#355));
#758=EDGE_LOOP('',(#356));
#759=EDGE_LOOP('',(#357,#358,#359,#360,#361,#362,#363));
#760=EDGE_LOOP('',(#364,#365,#366,#367,#368,#369,#370));
#761=EDGE_LOOP('',(#371,#372,#373,#374));
#762=EDGE_LOOP('',(#375,#376,#377,#378));
#763=EDGE_LOOP('',(#379,#380,#381,#382));
#764=EDGE_LOOP('',(#383,#384,#385,#386));
#765=EDGE_LOOP('',(#387,#388,#389,#390));
#766=EDGE_LOOP('',(#391,#392,#393,#394));
#767=EDGE_LOOP('',(#395,#396,#397,#398));
#768=EDGE_LOOP('',(#399,#400,#401,#402));
#769=EDGE_LOOP('',(#403,#404,#405,#406));
#770=EDGE_LOOP('',(#407,#408,#409,#410));
#771=EDGE_LOOP('',(#411,#412,#413,#414));
#772=EDGE_LOOP('',(#415,#416,#417,#418));
#773=EDGE_LOOP('',(#419,#420,#421,#422));
#774=EDGE_LOOP('',(#423,#424,#425,#426));
#775=EDGE_LOOP('',(#427,#428,#429,#430));
#776=EDGE_LOOP('',(#431,#432,#433,#434));
#777=EDGE_LOOP('',(#435,#436,#437));
#778=EDGE_LOOP('',(#438,#439,#440,#441));
#779=EDGE_LOOP('',(#442,#443,#444,#445));
#780=EDGE_LOOP('',(#446,#447,#448));
#781=EDGE_LOOP('',(#449,#450,#451,#452));
#782=EDGE_LOOP('',(#453,#454,#455,#456));
#783=EDGE_LOOP('',(#457,#458,#459,#460));
#784=EDGE_LOOP('',(#461,#462,#463));
#785=EDGE_LOOP('',(#464,#465,#466,#467));
#786=EDGE_LOOP('',(#468,#469,#470,#471));
#787=EDGE_LOOP('',(#472,#473,#474));
#788=EDGE_LOOP('',(#475,#476,#477,#478));
#789=EDGE_LOOP('',(#479));
#790=EDGE_LOOP('',(#480));
#791=EDGE_LOOP('',(#481));
#792=EDGE_LOOP('',(#482));
#793=EDGE_LOOP('',(#483));
#794=EDGE_LOOP('',(#484));
#795=EDGE_LOOP('',(#485));
#796=EDGE_LOOP('',(#486));
#797=EDGE_LOOP('',(#487));
#798=EDGE_LOOP('',(#488));
#799=PLANE('',#1290);
#800=PLANE('',#1295);
#801=PLANE('',#1303);
#802=PLANE('',#1314);
#803=PLANE('',#1328);
#804=PLANE('',#1330);
#805=PLANE('',#1337);
#806=PLANE('',#1346);
#807=PLANE('',#1353);
#808=PLANE('',#1363);
#809=PLANE('',#1376);
#810=PLANE('',#1377);
#811=PLANE('',#1380);
#812=PLANE('',#1382);
#813=PLANE('',#1385);
#814=PLANE('',#1389);
#815=PLANE('',#1391);
#816=PLANE('',#1393);
#817=PLANE('',#1395);
#818=PLANE('',#1427);
#819=PLANE('',#1432);
#820=PLANE('',#1433);
#821=SHAPE_REPRESENTATION_RELATIONSHIP('','',#1277,#824);
#822=SHAPE_REPRESENTATION_RELATIONSHIP('','',#1279,#825);
#823=SHAPE_REPRESENTATION_RELATIONSHIP('','',#1281,#826);
#824=ADVANCED_BREP_SHAPE_REPRESENTATION('',(#1259,#1260,#1261,#1262,#1263,
#1264,#1265,#1266,#1267,#1268),#2518);
#825=ADVANCED_BREP_SHAPE_REPRESENTATION('',(#1269),#2519);
#826=ADVANCED_BREP_SHAPE_REPRESENTATION('',(#1270,#1271),#2520);
#827=VERTEX_POINT('',#1797);
#828=VERTEX_POINT('',#1799);
#829=VERTEX_POINT('',#1801);
#830=VERTEX_POINT('',#1803);
#831=VERTEX_POINT('',#1805);
#832=VERTEX_POINT('',#1807);
#833=VERTEX_POINT('',#1809);
#834=VERTEX_POINT('',#1812);
#835=VERTEX_POINT('',#1814);
#836=VERTEX_POINT('',#1817);
#837=VERTEX_POINT('',#1820);
#838=VERTEX_POINT('',#1823);
#839=VERTEX_POINT('',#1826);
#840=VERTEX_POINT('',#1840);
#841=VERTEX_POINT('',#1852);
#842=VERTEX_POINT('',#1855);
#843=VERTEX_POINT('',#1857);
#844=VERTEX_POINT('',#1860);
#845=VERTEX_POINT('',#1874);
#846=VERTEX_POINT('',#1877);
#847=VERTEX_POINT('',#1880);
#848=VERTEX_POINT('',#1883);
#849=VERTEX_POINT('',#1885);
#850=VERTEX_POINT('',#1888);
#851=VERTEX_POINT('',#1900);
#852=VERTEX_POINT('',#1906);
#853=VERTEX_POINT('',#1910);
#854=VERTEX_POINT('',#1912);
#855=VERTEX_POINT('',#1915);
#856=VERTEX_POINT('',#1918);
#857=VERTEX_POINT('',#1926);
#858=VERTEX_POINT('',#1927);
#859=VERTEX_POINT('',#1929);
#860=VERTEX_POINT('',#1931);
#861=VERTEX_POINT('',#1934);
#862=VERTEX_POINT('',#1935);
#863=VERTEX_POINT('',#1937);
#864=VERTEX_POINT('',#1939);
#865=VERTEX_POINT('',#1941);
#866=VERTEX_POINT('',#1943);
#867=VERTEX_POINT('',#1945);
#868=VERTEX_POINT('',#1947);
#869=VERTEX_POINT('',#1949);
#870=VERTEX_POINT('',#1951);
#871=VERTEX_POINT('',#1952);
#872=VERTEX_POINT('',#1954);
#873=VERTEX_POINT('',#1956);
#874=VERTEX_POINT('',#1960);
#875=VERTEX_POINT('',#1961);
#876=VERTEX_POINT('',#1963);
#877=VERTEX_POINT('',#1965);
#878=VERTEX_POINT('',#1967);
#879=VERTEX_POINT('',#1969);
#880=VERTEX_POINT('',#1971);
#881=VERTEX_POINT('',#1977);
#882=VERTEX_POINT('',#1979);
#883=VERTEX_POINT('',#1985);
#884=VERTEX_POINT('',#1988);
#885=VERTEX_POINT('',#1989);
#886=VERTEX_POINT('',#1991);
#887=VERTEX_POINT('',#1993);
#888=VERTEX_POINT('',#2007);
#889=VERTEX_POINT('',#2009);
#890=VERTEX_POINT('',#2010);
#891=VERTEX_POINT('',#2037);
#892=VERTEX_POINT('',#2039);
#893=VERTEX_POINT('',#2068);
#894=VERTEX_POINT('',#2069);
#895=VERTEX_POINT('',#2071);
#896=VERTEX_POINT('',#2074);
#897=VERTEX_POINT('',#2087);
#898=VERTEX_POINT('',#2089);
#899=VERTEX_POINT('',#2091);
#900=VERTEX_POINT('',#2096);
#901=VERTEX_POINT('',#2098);
#902=VERTEX_POINT('',#2102);
#903=VERTEX_POINT('',#2104);
#904=VERTEX_POINT('',#2106);
#905=VERTEX_POINT('',#2108);
#906=VERTEX_POINT('',#2117);
#907=VERTEX_POINT('',#2120);
#908=VERTEX_POINT('',#2122);
#909=VERTEX_POINT('',#2133);
#910=VERTEX_POINT('',#2136);
#911=VERTEX_POINT('',#2139);
#912=VERTEX_POINT('',#2140);
#913=VERTEX_POINT('',#2145);
#914=VERTEX_POINT('',#2146);
#915=VERTEX_POINT('',#2148);
#916=VERTEX_POINT('',#2150);
#917=VERTEX_POINT('',#2153);
#918=VERTEX_POINT('',#2155);
#919=VERTEX_POINT('',#2158);
#920=VERTEX_POINT('',#2169);
#921=VERTEX_POINT('',#2173);
#922=VERTEX_POINT('',#2174);
#923=VERTEX_POINT('',#2189);
#924=VERTEX_POINT('',#2216);
#925=VERTEX_POINT('',#2217);
#926=VERTEX_POINT('',#2222);
#927=VERTEX_POINT('',#2248);
#928=VERTEX_POINT('',#2503);
#929=VERTEX_POINT('',#2505);
#930=VERTEX_POINT('',#2508);
#931=VERTEX_POINT('',#2512);
#932=VERTEX_LOOP('',#827);
#933=VERTEX_LOOP('',#828);
#934=VERTEX_LOOP('',#829);
#935=VERTEX_LOOP('',#830);
#936=VERTEX_LOOP('',#831);
#937=VERTEX_LOOP('',#832);
#938=VERTEX_LOOP('',#833);
#939=VERTEX_LOOP('',#852);
#940=VERTEX_LOOP('',#869);
#941=FACE_BOUND('',#932,.T.);
#942=FACE_BOUND('',#933,.T.);
#943=FACE_BOUND('',#934,.T.);
#944=FACE_BOUND('',#935,.T.);
#945=FACE_BOUND('',#936,.T.);
#946=FACE_BOUND('',#937,.T.);
#947=FACE_BOUND('',#938,.T.);
#948=FACE_BOUND('',#691,.T.);
#949=FACE_BOUND('',#692,.T.);
#950=FACE_BOUND('',#693,.T.);
#951=FACE_BOUND('',#694,.T.);
#952=FACE_BOUND('',#695,.T.);
#953=FACE_BOUND('',#696,.T.);
#954=FACE_BOUND('',#697,.T.);
#955=FACE_BOUND('',#698,.T.);
#956=FACE_BOUND('',#699,.T.);
#957=FACE_BOUND('',#700,.T.);
#958=FACE_BOUND('',#701,.T.);
#959=FACE_BOUND('',#702,.T.);
#960=FACE_BOUND('',#703,.T.);
#961=FACE_BOUND('',#704,.T.);
#962=FACE_BOUND('',#705,.T.);
#963=FACE_BOUND('',#706,.T.);
#964=FACE_BOUND('',#707,.T.);
#965=FACE_BOUND('',#708,.T.);
#966=FACE_BOUND('',#709,.T.);
#967=FACE_BOUND('',#710,.T.);
#968=FACE_BOUND('',#711,.T.);
#969=FACE_BOUND('',#712,.T.);
#970=FACE_BOUND('',#713,.T.);
#971=FACE_BOUND('',#714,.T.);
#972=FACE_BOUND('',#715,.T.);
#973=FACE_BOUND('',#716,.T.);
#974=FACE_BOUND('',#717,.T.);
#975=FACE_BOUND('',#718,.T.);
#976=FACE_BOUND('',#719,.T.);
#977=FACE_BOUND('',#720,.T.);
#978=FACE_BOUND('',#721,.T.);
#979=FACE_BOUND('',#722,.T.);
#980=FACE_BOUND('',#723,.T.);
#981=FACE_BOUND('',#724,.T.);
#982=FACE_BOUND('',#725,.T.);
#983=FACE_BOUND('',#726,.T.);
#984=FACE_BOUND('',#939,.T.);
#985=FACE_BOUND('',#727,.T.);
#986=FACE_BOUND('',#728,.T.);
#987=FACE_BOUND('',#729,.T.);
#988=FACE_BOUND('',#730,.T.);
#989=FACE_BOUND('',#731,.T.);
#990=FACE_BOUND('',#732,.T.);
#991=FACE_BOUND('',#733,.T.);
#992=FACE_BOUND('',#734,.T.);
#993=FACE_BOUND('',#735,.T.);
#994=FACE_BOUND('',#736,.T.);
#995=FACE_BOUND('',#940,.T.);
#996=FACE_BOUND('',#737,.T.);
#997=FACE_BOUND('',#738,.T.);
#998=FACE_BOUND('',#739,.T.);
#999=FACE_BOUND('',#740,.T.);
#1000=FACE_BOUND('',#741,.T.);
#1001=FACE_BOUND('',#742,.T.);
#1002=FACE_BOUND('',#743,.T.);
#1003=FACE_BOUND('',#744,.T.);
#1004=FACE_BOUND('',#745,.T.);
#1005=FACE_BOUND('',#746,.T.);
#1006=FACE_BOUND('',#747,.T.);
#1007=FACE_BOUND('',#748,.T.);
#1008=FACE_BOUND('',#749,.T.);
#1009=FACE_BOUND('',#750,.T.);
#1010=FACE_BOUND('',#751,.T.);
#1011=FACE_BOUND('',#752,.T.);
#1012=FACE_BOUND('',#753,.T.);
#1013=FACE_BOUND('',#754,.T.);
#1014=FACE_BOUND('',#755,.T.);
#1015=FACE_BOUND('',#756,.T.);
#1016=FACE_BOUND('',#757,.T.);
#1017=FACE_BOUND('',#758,.T.);
#1018=FACE_BOUND('',#759,.T.);
#1019=FACE_BOUND('',#760,.T.);
#1020=FACE_BOUND('',#761,.T.);
#1021=FACE_BOUND('',#762,.T.);
#1022=FACE_BOUND('',#763,.T.);
#1023=FACE_BOUND('',#764,.T.);
#1024=FACE_BOUND('',#765,.T.);
#1025=FACE_BOUND('',#766,.T.);
#1026=FACE_BOUND('',#767,.T.);
#1027=FACE_BOUND('',#768,.T.);
#1028=FACE_BOUND('',#769,.T.);
#1029=FACE_BOUND('',#770,.T.);
#1030=FACE_BOUND('',#771,.T.);
#1031=FACE_BOUND('',#772,.T.);
#1032=FACE_BOUND('',#773,.T.);
#1033=FACE_BOUND('',#774,.T.);
#1034=FACE_BOUND('',#775,.T.);
#1035=FACE_BOUND('',#776,.T.);
#1036=FACE_BOUND('',#777,.T.);
#1037=FACE_BOUND('',#778,.T.);
#1038=FACE_BOUND('',#779,.T.);
#1039=FACE_BOUND('',#780,.T.);
#1040=FACE_BOUND('',#781,.T.);
#1041=FACE_BOUND('',#782,.T.);
#1042=FACE_BOUND('',#783,.T.);
#1043=FACE_BOUND('',#784,.T.);
#1044=FACE_BOUND('',#785,.T.);
#1045=FACE_BOUND('',#786,.T.);
#1046=FACE_BOUND('',#787,.T.);
#1047=FACE_BOUND('',#788,.T.);
#1048=FACE_BOUND('',#789,.T.);
#1049=FACE_BOUND('',#790,.T.);
#1050=FACE_BOUND('',#791,.T.);
#1051=FACE_BOUND('',#792,.T.);
#1052=FACE_BOUND('',#793,.T.);
#1053=FACE_BOUND('',#794,.T.);
#1054=FACE_BOUND('',#795,.T.);
#1055=FACE_BOUND('',#796,.T.);
#1056=FACE_BOUND('',#797,.T.);
#1057=FACE_BOUND('',#798,.T.);
#1058=SPHERICAL_SURFACE('',#1283,3.73226266952177);
#1059=SPHERICAL_SURFACE('',#1284,3.73226266952177);
#1060=SPHERICAL_SURFACE('',#1285,3.73226266952177);
#1061=SPHERICAL_SURFACE('',#1286,3.73226266952177);
#1062=SPHERICAL_SURFACE('',#1287,3.73226266952177);
#1063=SPHERICAL_SURFACE('',#1288,3.73226266952177);
#1064=SPHERICAL_SURFACE('',#1289,3.73226266952177);
#1065=SPHERICAL_SURFACE('',#1293,20.);
#1066=SPHERICAL_SURFACE('',#1323,3.73226266952177);
#1067=SPHERICAL_SURFACE('',#1381,20.);
#1068=SPHERICAL_SURFACE('',#1404,0.8);
#1069=SPHERICAL_SURFACE('',#1410,0.8);
#1070=SPHERICAL_SURFACE('',#1417,0.8);
#1071=SPHERICAL_SURFACE('',#1423,0.8);
#1072=ADVANCED_FACE('',(#941),#1058,.T.);
#1073=ADVANCED_FACE('',(#942),#1059,.T.);
#1074=ADVANCED_FACE('',(#943),#1060,.T.);
#1075=ADVANCED_FACE('',(#944),#1061,.T.);
#1076=ADVANCED_FACE('',(#945),#1062,.T.);
#1077=ADVANCED_FACE('',(#946),#1063,.T.);
#1078=ADVANCED_FACE('',(#947),#1064,.T.);
#1079=ADVANCED_FACE('',(#948,#949),#799,.F.);
#1080=ADVANCED_FACE('',(#950,#951),#1065,.T.);
#1081=ADVANCED_FACE('',(#952,#953),#800,.F.);
#1082=ADVANCED_FACE('',(#954,#955),#180,.F.);
#1083=ADVANCED_FACE('',(#956,#957),#176,.F.);
#1084=ADVANCED_FACE('',(#958,#959),#181,.F.);
#1085=ADVANCED_FACE('',(#960,#961),#182,.F.);
#1086=ADVANCED_FACE('',(#962,#963),#801,.T.);
#1087=ADVANCED_FACE('',(#964,#965),#183,.T.);
#1088=ADVANCED_FACE('',(#966,#967),#177,.F.);
#1089=ADVANCED_FACE('',(#968,#969),#184,.T.);
#1090=ADVANCED_FACE('',(#970,#971),#802,.T.);
#1091=ADVANCED_FACE('',(#972,#973,#974,#975),#185,.F.);
#1092=ADVANCED_FACE('',(#976,#977),#186,.F.);
#1093=ADVANCED_FACE('',(#978,#979),#153,.F.);
#1094=ADVANCED_FACE('',(#980,#981),#154,.T.);
#1095=ADVANCED_FACE('',(#982,#983),#155,.T.);
#1096=ADVANCED_FACE('',(#984),#1066,.T.);
#1097=ADVANCED_FACE('',(#985,#986),#187,.T.);
#1098=ADVANCED_FACE('',(#987),#803,.F.);
#1099=ADVANCED_FACE('',(#988),#804,.T.);
#1100=ADVANCED_FACE('',(#989,#990),#156,.T.);
#1101=ADVANCED_FACE('',(#991,#992),#157,.T.);
#1102=ADVANCED_FACE('',(#993,#994,#995,#996),#805,.F.);
#1103=ADVANCED_FACE('',(#997,#998),#806,.T.);
#1104=ADVANCED_FACE('',(#999,#1000),#36,.F.);
#1105=ADVANCED_FACE('',(#1001),#807,.T.);
#1106=ADVANCED_FACE('',(#1002),#188,.F.);
#1107=ADVANCED_FACE('',(#1003),#189,.T.);
#1108=ADVANCED_FACE('',(#1004),#808,.T.);
#1109=ADVANCED_FACE('',(#1005),#190,.F.);
#1110=ADVANCED_FACE('',(#1006),#191,.T.);
#1111=ADVANCED_FACE('',(#1007,#1008),#178,.F.);
#1112=ADVANCED_FACE('',(#1009,#1010),#179,.F.);
#1113=ADVANCED_FACE('',(#1011),#809,.F.);
#1114=ADVANCED_FACE('',(#1012,#1013),#810,.T.);
#1115=ADVANCED_FACE('',(#1014),#811,.F.);
#1116=ADVANCED_FACE('',(#1015,#1016,#1017),#1067,.F.);
#1117=ADVANCED_FACE('',(#1018),#812,.F.);
#1118=ADVANCED_FACE('',(#1019),#813,.T.);
#1119=ADVANCED_FACE('',(#1020),#192,.F.);
#1120=ADVANCED_FACE('',(#1021),#814,.T.);
#1121=ADVANCED_FACE('',(#1022),#193,.F.);
#1122=ADVANCED_FACE('',(#1023),#815,.T.);
#1123=ADVANCED_FACE('',(#1024),#194,.F.);
#1124=ADVANCED_FACE('',(#1025),#816,.F.);
#1125=ADVANCED_FACE('',(#1026),#195,.F.);
#1126=ADVANCED_FACE('',(#1027),#817,.F.);
#1127=ADVANCED_FACE('',(#1028),#18,.T.);
#1128=ADVANCED_FACE('',(#1029),#19,.T.);
#1129=ADVANCED_FACE('',(#1030),#20,.T.);
#1130=ADVANCED_FACE('',(#1031),#21,.T.);
#1131=ADVANCED_FACE('',(#1032),#22,.T.);
#1132=ADVANCED_FACE('',(#1033),#23,.T.);
#1133=ADVANCED_FACE('',(#1034),#196,.T.);
#1134=ADVANCED_FACE('',(#1035),#197,.T.);
#1135=ADVANCED_FACE('',(#1036),#1068,.T.);
#1136=ADVANCED_FACE('',(#1037),#198,.T.);
#1137=ADVANCED_FACE('',(#1038),#199,.T.);
#1138=ADVANCED_FACE('',(#1039),#1069,.T.);
#1139=ADVANCED_FACE('',(#1040),#200,.T.);
#1140=ADVANCED_FACE('',(#1041),#201,.T.);
#1141=ADVANCED_FACE('',(#1042),#202,.T.);
#1142=ADVANCED_FACE('',(#1043),#1070,.T.);
#1143=ADVANCED_FACE('',(#1044),#203,.T.);
#1144=ADVANCED_FACE('',(#1045),#204,.T.);
#1145=ADVANCED_FACE('',(#1046),#1071,.T.);
#1146=ADVANCED_FACE('',(#1047),#205,.T.);
#1147=ADVANCED_FACE('',(#1048,#1049),#206,.F.);
#1148=ADVANCED_FACE('',(#1050,#1051),#818,.F.);
#1149=ADVANCED_FACE('',(#1052,#1053),#207,.T.);
#1150=ADVANCED_FACE('',(#1054),#819,.F.);
#1151=ADVANCED_FACE('',(#1055),#820,.F.);
#1152=ADVANCED_FACE('',(#1056,#1057),#208,.T.);
#1153=CLOSED_SHELL('',(#1072));
#1154=CLOSED_SHELL('',(#1073));
#1155=CLOSED_SHELL('',(#1074));
#1156=CLOSED_SHELL('',(#1075));
#1157=CLOSED_SHELL('',(#1076));
#1158=CLOSED_SHELL('',(#1077));
#1159=CLOSED_SHELL('',(#1078));
#1160=CLOSED_SHELL('',(#1079,#1080,#1081,#1082,#1083,#1084));
#1161=CLOSED_SHELL('',(#1085,#1086,#1087,#1088,#1089,#1090,#1091,#1092,
#1093,#1094,#1095));
#1162=CLOSED_SHELL('',(#1096));
#1163=CLOSED_SHELL('',(#1097,#1098,#1099,#1100,#1101));
#1164=CLOSED_SHELL('',(#1102,#1103,#1104,#1105,#1106,#1107,#1108,#1109,
#1110,#1111,#1112,#1113,#1114,#1115,#1116,#1117,#1118,#1119,#1120,#1121,
#1122,#1123,#1124,#1125,#1126,#1127,#1128,#1129,#1130,#1131,#1132,#1133,
#1134,#1135,#1136,#1137,#1138,#1139,#1140,#1141,#1142,#1143,#1144,#1145,
#1146,#1147));
#1165=CLOSED_SHELL('',(#1148,#1149,#1150,#1151,#1152));
#1166=STYLED_ITEM('',(#1179),#1259);
#1167=STYLED_ITEM('',(#1180),#1260);
#1168=STYLED_ITEM('',(#1181),#1261);
#1169=STYLED_ITEM('',(#1182),#1262);
#1170=STYLED_ITEM('',(#1183),#1263);
#1171=STYLED_ITEM('',(#1184),#1264);
#1172=STYLED_ITEM('',(#1185),#1265);
#1173=STYLED_ITEM('',(#1186),#1266);
#1174=STYLED_ITEM('',(#1187),#1267);
#1175=STYLED_ITEM('',(#1188),#1268);
#1176=STYLED_ITEM('',(#1189),#1269);
#1177=STYLED_ITEM('',(#1190),#1270);
#1178=STYLED_ITEM('',(#1191),#1271);
#1179=PRESENTATION_STYLE_ASSIGNMENT((#1192));
#1180=PRESENTATION_STYLE_ASSIGNMENT((#1193));
#1181=PRESENTATION_STYLE_ASSIGNMENT((#1194));
#1182=PRESENTATION_STYLE_ASSIGNMENT((#1195));
#1183=PRESENTATION_STYLE_ASSIGNMENT((#1196));
#1184=PRESENTATION_STYLE_ASSIGNMENT((#1197));
#1185=PRESENTATION_STYLE_ASSIGNMENT((#1198));
#1186=PRESENTATION_STYLE_ASSIGNMENT((#1199));
#1187=PRESENTATION_STYLE_ASSIGNMENT((#1200));
#1188=PRESENTATION_STYLE_ASSIGNMENT((#1201));
#1189=PRESENTATION_STYLE_ASSIGNMENT((#1202));
#1190=PRESENTATION_STYLE_ASSIGNMENT((#1203));
#1191=PRESENTATION_STYLE_ASSIGNMENT((#1204));
#1192=SURFACE_STYLE_USAGE(.BOTH.,#1205);
#1193=SURFACE_STYLE_USAGE(.BOTH.,#1206);
#1194=SURFACE_STYLE_USAGE(.BOTH.,#1207);
#1195=SURFACE_STYLE_USAGE(.BOTH.,#1208);
#1196=SURFACE_STYLE_USAGE(.BOTH.,#1209);
#1197=SURFACE_STYLE_USAGE(.BOTH.,#1210);
#1198=SURFACE_STYLE_USAGE(.BOTH.,#1211);
#1199=SURFACE_STYLE_USAGE(.BOTH.,#1212);
#1200=SURFACE_STYLE_USAGE(.BOTH.,#1213);
#1201=SURFACE_STYLE_USAGE(.BOTH.,#1214);
#1202=SURFACE_STYLE_USAGE(.BOTH.,#1215);
#1203=SURFACE_STYLE_USAGE(.BOTH.,#1216);
#1204=SURFACE_STYLE_USAGE(.BOTH.,#1217);
#1205=SURFACE_SIDE_STYLE('',(#1218));
#1206=SURFACE_SIDE_STYLE('',(#1219));
#1207=SURFACE_SIDE_STYLE('',(#1220));
#1208=SURFACE_SIDE_STYLE('',(#1221));
#1209=SURFACE_SIDE_STYLE('',(#1222));
#1210=SURFACE_SIDE_STYLE('',(#1223));
#1211=SURFACE_SIDE_STYLE('',(#1224));
#1212=SURFACE_SIDE_STYLE('',(#1225));
#1213=SURFACE_SIDE_STYLE('',(#1226));
#1214=SURFACE_SIDE_STYLE('',(#1227));
#1215=SURFACE_SIDE_STYLE('',(#1228));
#1216=SURFACE_SIDE_STYLE('',(#1229));
#1217=SURFACE_SIDE_STYLE('',(#1230));
#1218=SURFACE_STYLE_FILL_AREA(#1231);
#1219=SURFACE_STYLE_FILL_AREA(#1232);
#1220=SURFACE_STYLE_FILL_AREA(#1233);
#1221=SURFACE_STYLE_FILL_AREA(#1234);
#1222=SURFACE_STYLE_FILL_AREA(#1235);
#1223=SURFACE_STYLE_FILL_AREA(#1236);
#1224=SURFACE_STYLE_FILL_AREA(#1237);
#1225=SURFACE_STYLE_FILL_AREA(#1238);
#1226=SURFACE_STYLE_FILL_AREA(#1239);
#1227=SURFACE_STYLE_FILL_AREA(#1240);
#1228=SURFACE_STYLE_FILL_AREA(#1241);
#1229=SURFACE_STYLE_FILL_AREA(#1242);
#1230=SURFACE_STYLE_FILL_AREA(#1243);
#1231=FILL_AREA_STYLE('',(#1244));
#1232=FILL_AREA_STYLE('',(#1245));
#1233=FILL_AREA_STYLE('',(#1246));
#1234=FILL_AREA_STYLE('',(#1247));
#1235=FILL_AREA_STYLE('',(#1248));
#1236=FILL_AREA_STYLE('',(#1249));
#1237=FILL_AREA_STYLE('',(#1250));
#1238=FILL_AREA_STYLE('',(#1251));
#1239=FILL_AREA_STYLE('',(#1252));
#1240=FILL_AREA_STYLE('',(#1253));
#1241=FILL_AREA_STYLE('',(#1254));
#1242=FILL_AREA_STYLE('',(#1255));
#1243=FILL_AREA_STYLE('',(#1256));
#1244=FILL_AREA_STYLE_COLOUR('',#1257);
#1245=FILL_AREA_STYLE_COLOUR('',#1257);
#1246=FILL_AREA_STYLE_COLOUR('',#1257);
#1247=FILL_AREA_STYLE_COLOUR('',#1257);
#1248=FILL_AREA_STYLE_COLOUR('',#1257);
#1249=FILL_AREA_STYLE_COLOUR('',#1257);
#1250=FILL_AREA_STYLE_COLOUR('',#1257);
#1251=FILL_AREA_STYLE_COLOUR('',#1257);
#1252=FILL_AREA_STYLE_COLOUR('',#1257);
#1253=FILL_AREA_STYLE_COLOUR('',#1257);
#1254=FILL_AREA_STYLE_COLOUR('',#1257);
#1255=FILL_AREA_STYLE_COLOUR('',#1258);
#1256=FILL_AREA_STYLE_COLOUR('',#1258);
#1257=COLOUR_RGB('',0.331739127635956,0.340869575738907,0.349999994039536);
#1258=COLOUR_RGB('',0.506983280181885,0.531564235687256,0.550000011920929);
#1259=MANIFOLD_SOLID_BREP('',#1153);
#1260=MANIFOLD_SOLID_BREP('',#1154);
#1261=MANIFOLD_SOLID_BREP('',#1155);
#1262=MANIFOLD_SOLID_BREP('',#1156);
#1263=MANIFOLD_SOLID_BREP('',#1157);
#1264=MANIFOLD_SOLID_BREP('',#1158);
#1265=MANIFOLD_SOLID_BREP('',#1159);
#1266=MANIFOLD_SOLID_BREP('',#1160);
#1267=MANIFOLD_SOLID_BREP('',#1161);
#1268=MANIFOLD_SOLID_BREP('',#1162);
#1269=MANIFOLD_SOLID_BREP('',#1163);
#1270=MANIFOLD_SOLID_BREP('',#1164);
#1271=MANIFOLD_SOLID_BREP('',#1165);
#1272=SHAPE_DEFINITION_REPRESENTATION(#2531,#1277);
#1273=SHAPE_DEFINITION_REPRESENTATION(#2530,#1278);
#1274=SHAPE_DEFINITION_REPRESENTATION(#2533,#1279);
#1275=SHAPE_DEFINITION_REPRESENTATION(#2529,#1280);
#1276=SHAPE_DEFINITION_REPRESENTATION(#2537,#1281);
#1277=SHAPE_REPRESENTATION('UC\X2\74038F74627F\X0\',(#1282),#2518);
#1278=SHAPE_REPRESENTATION('UC\X2\7441547453A46D63\X0\?',(#1282,#1324,#1334,
#1335),#2517);
#1279=SHAPE_REPRESENTATION('\X2\98764E1D\X0\',(#1282),#2519);
#1280=SHAPE_REPRESENTATION(
'UCP\X2\752FFE3E73DB5BEE5FD39A87692467357B236FB6682B608695C832226086675E5B5858D9\X0\',
(#1282,#1336,#1436),#2516);
#1281=SHAPE_REPRESENTATION('P\X2\94F890207ACB5F0F5EA7\X0\',(#1282),#2520);
#1282=AXIS2_PLACEMENT_3D('',#1795,#1437,#1438);
#1283=AXIS2_PLACEMENT_3D('',#1796,#1439,#1440);
#1284=AXIS2_PLACEMENT_3D('',#1798,#1441,#1442);
#1285=AXIS2_PLACEMENT_3D('',#1800,#1443,#1444);
#1286=AXIS2_PLACEMENT_3D('',#1802,#1445,#1446);
#1287=AXIS2_PLACEMENT_3D('',#1804,#1447,#1448);
#1288=AXIS2_PLACEMENT_3D('',#1806,#1449,#1450);
#1289=AXIS2_PLACEMENT_3D('',#1808,#1451,#1452);
#1290=AXIS2_PLACEMENT_3D('',#1810,#1453,#1454);
#1291=AXIS2_PLACEMENT_3D('',#1811,#1455,#1456);
#1292=AXIS2_PLACEMENT_3D('',#1813,#1457,#1458);
#1293=AXIS2_PLACEMENT_3D('',#1815,#1459,#1460);
#1294=AXIS2_PLACEMENT_3D('',#1816,#1461,#1462);
#1295=AXIS2_PLACEMENT_3D('',#1818,#1463,#1464);
#1296=AXIS2_PLACEMENT_3D('',#1819,#1465,#1466);
#1297=AXIS2_PLACEMENT_3D('',#1821,#1467,#1468);
#1298=AXIS2_PLACEMENT_3D('',#1822,#1469,#1470);
#1299=AXIS2_PLACEMENT_3D('',#1824,#1471,#1472);
#1300=AXIS2_PLACEMENT_3D('',#1825,#1473,#1474);
#1301=AXIS2_PLACEMENT_3D('',#1827,#1475,#1476);
#1302=AXIS2_PLACEMENT_3D('',#1828,#1477,#1478);
#1303=AXIS2_PLACEMENT_3D('',#1853,#1479,#1480);
#1304=AXIS2_PLACEMENT_3D('',#1854,#1481,#1482);
#1305=AXIS2_PLACEMENT_3D('',#1856,#1483,#1484);
#1306=AXIS2_PLACEMENT_3D('',#1858,#1485,#1486);
#1307=AXIS2_PLACEMENT_3D('',#1859,#1487,#1488);
#1308=AXIS2_PLACEMENT_3D('',#1872,#1489,#1490);
#1309=AXIS2_PLACEMENT_3D('',#1873,#1491,#1492);
#1310=AXIS2_PLACEMENT_3D('',#1875,#1493,#1494);
#1311=AXIS2_PLACEMENT_3D('',#1876,#1495,#1496);
#1312=AXIS2_PLACEMENT_3D('',#1878,#1497,#1498);
#1313=AXIS2_PLACEMENT_3D('',#1879,#1499,#1500);
#1314=AXIS2_PLACEMENT_3D('',#1881,#1501,#1502);
#1315=AXIS2_PLACEMENT_3D('',#1882,#1503,#1504);
#1316=AXIS2_PLACEMENT_3D('',#1884,#1505,#1506);
#1317=AXIS2_PLACEMENT_3D('',#1886,#1507,#1508);
#1318=AXIS2_PLACEMENT_3D('',#1887,#1509,#1510);
#1319=AXIS2_PLACEMENT_3D('',#1901,#1511,#1512);
#1320=AXIS2_PLACEMENT_3D('',#1902,#1513,#1514);
#1321=AXIS2_PLACEMENT_3D('',#1903,#1515,#1516);
#1322=AXIS2_PLACEMENT_3D('',#1904,#1517,#1518);
#1323=AXIS2_PLACEMENT_3D('',#1905,#1519,#1520);
#1324=AXIS2_PLACEMENT_3D('',#1907,#1521,#1522);
#1325=AXIS2_PLACEMENT_3D('',#1908,#1523,#1524);
#1326=AXIS2_PLACEMENT_3D('',#1909,#1525,#1526);
#1327=AXIS2_PLACEMENT_3D('',#1911,#1527,#1528);
#1328=AXIS2_PLACEMENT_3D('',#1913,#1529,#1530);
#1329=AXIS2_PLACEMENT_3D('',#1914,#1531,#1532);
#1330=AXIS2_PLACEMENT_3D('',#1916,#1533,#1534);
#1331=AXIS2_PLACEMENT_3D('',#1917,#1535,#1536);
#1332=AXIS2_PLACEMENT_3D('',#1919,#1537,#1538);
#1333=AXIS2_PLACEMENT_3D('',#1920,#1539,#1540);
#1334=AXIS2_PLACEMENT_3D('',#1921,#1541,#1542);
#1335=AXIS2_PLACEMENT_3D('',#1922,#1543,#1544);
#1336=AXIS2_PLACEMENT_3D('',#1923,#1545,#1546);
#1337=AXIS2_PLACEMENT_3D('',#1924,#1547,#1548);
#1338=AXIS2_PLACEMENT_3D('',#1928,#1550,#1551);
#1339=AXIS2_PLACEMENT_3D('',#1932,#1553,#1554);
#1340=AXIS2_PLACEMENT_3D('',#1936,#1556,#1557);
#1341=AXIS2_PLACEMENT_3D('',#1940,#1559,#1560);
#1342=AXIS2_PLACEMENT_3D('',#1944,#1562,#1563);
#1343=AXIS2_PLACEMENT_3D('',#1948,#1565,#1566);
#1344=AXIS2_PLACEMENT_3D('',#1950,#1567,#1568);
#1345=AXIS2_PLACEMENT_3D('',#1955,#1570,#1571);
#1346=AXIS2_PLACEMENT_3D('',#1958,#1573,#1574);
#1347=AXIS2_PLACEMENT_3D('',#1978,#1581,#1582);
#1348=AXIS2_PLACEMENT_3D('',#1990,#1585,#1586);
#1349=AXIS2_PLACEMENT_3D('',#1994,#1588,#1589);
#1350=AXIS2_PLACEMENT_3D('',#1995,#1590,#1591);
#1351=AXIS2_PLACEMENT_3D('',#2008,#1592,#1593);
#1352=AXIS2_PLACEMENT_3D('',#2038,#1594,#1595);
#1353=AXIS2_PLACEMENT_3D('',#2066,#1596,#1597);
#1354=AXIS2_PLACEMENT_3D('',#2067,#1598,#1599);
#1355=AXIS2_PLACEMENT_3D('',#2076,#1604,#1605);
#1356=AXIS2_PLACEMENT_3D('',#2090,#1607,#1608);
#1357=AXIS2_PLACEMENT_3D('',#2092,#1609,#1610);
#1358=AXIS2_PLACEMENT_3D('',#2093,#1611,#1612);
#1359=AXIS2_PLACEMENT_3D('',#2094,#1613,#1614);
#1360=AXIS2_PLACEMENT_3D('',#2095,#1615,#1616);
#1361=AXIS2_PLACEMENT_3D('',#2097,#1617,#1618);
#1362=AXIS2_PLACEMENT_3D('',#2099,#1619,#1620);
#1363=AXIS2_PLACEMENT_3D('',#2100,#1621,#1622);
#1364=AXIS2_PLACEMENT_3D('',#2105,#1625,#1626);
#1365=AXIS2_PLACEMENT_3D('',#2110,#1629,#1630);
#1366=AXIS2_PLACEMENT_3D('',#2116,#1631,#1632);
#1367=AXIS2_PLACEMENT_3D('',#2118,#1633,#1634);
#1368=AXIS2_PLACEMENT_3D('',#2119,#1635,#1636);
#1369=AXIS2_PLACEMENT_3D('',#2128,#1638,#1639);
#1370=AXIS2_PLACEMENT_3D('',#2129,#1640,#1641);
#1371=AXIS2_PLACEMENT_3D('',#2130,#1642,#1643);
#1372=AXIS2_PLACEMENT_3D('',#2131,#1644,#1645);
#1373=AXIS2_PLACEMENT_3D('',#2132,#1646,#1647);
#1374=AXIS2_PLACEMENT_3D('',#2134,#1648,#1649);
#1375=AXIS2_PLACEMENT_3D('',#2135,#1650,#1651);
#1376=AXIS2_PLACEMENT_3D('',#2137,#1652,#1653);
#1377=AXIS2_PLACEMENT_3D('',#2143,#1657,#1658);
#1378=AXIS2_PLACEMENT_3D('',#2144,#1659,#1660);
#1379=AXIS2_PLACEMENT_3D('',#2149,#1662,#1663);
#1380=AXIS2_PLACEMENT_3D('',#2171,#1670,#1671);
#1381=AXIS2_PLACEMENT_3D('',#2177,#1675,#1676);
#1382=AXIS2_PLACEMENT_3D('',#2190,#1677,#1678);
#1383=AXIS2_PLACEMENT_3D('',#2218,#1679,#1680);
#1384=AXIS2_PLACEMENT_3D('',#2219,#1681,#1682);
#1385=AXIS2_PLACEMENT_3D('',#2220,#1683,#1684);
#1386=AXIS2_PLACEMENT_3D('',#2221,#1685,#1686);
#1387=AXIS2_PLACEMENT_3D('',#2249,#1687,#1688);
#1388=AXIS2_PLACEMENT_3D('',#2250,#1689,#1690);
#1389=AXIS2_PLACEMENT_3D('',#2253,#1693,#1694);
#1390=AXIS2_PLACEMENT_3D('',#2255,#1696,#1697);
#1391=AXIS2_PLACEMENT_3D('',#2257,#1699,#1700);
#1392=AXIS2_PLACEMENT_3D('',#2258,#1701,#1702);
#1393=AXIS2_PLACEMENT_3D('',#2261,#1705,#1706);
#1394=AXIS2_PLACEMENT_3D('',#2263,#1708,#1709);
#1395=AXIS2_PLACEMENT_3D('',#2265,#1711,#1712);
#1396=AXIS2_PLACEMENT_3D('',#2278,#1713,#1714);
#1397=AXIS2_PLACEMENT_3D('',#2357,#1715,#1716);
#1398=AXIS2_PLACEMENT_3D('',#2382,#1717,#1718);
#1399=AXIS2_PLACEMENT_3D('',#2461,#1719,#1720);
#1400=AXIS2_PLACEMENT_3D('',#2474,#1721,#1722);
#1401=AXIS2_PLACEMENT_3D('',#2475,#1723,#1724);
#1402=AXIS2_PLACEMENT_3D('',#2476,#1725,#1726);
#1403=AXIS2_PLACEMENT_3D('',#2477,#1727,#1728);
#1404=AXIS2_PLACEMENT_3D('',#2478,#1729,#1730);
#1405=AXIS2_PLACEMENT_3D('',#2479,#1731,#1732);
#1406=AXIS2_PLACEMENT_3D('',#2480,#1733,#1734);
#1407=AXIS2_PLACEMENT_3D('',#2481,#1735,#1736);
#1408=AXIS2_PLACEMENT_3D('',#2482,#1737,#1738);
#1409=AXIS2_PLACEMENT_3D('',#2483,#1739,#1740);
#1410=AXIS2_PLACEMENT_3D('',#2484,#1741,#1742);
#1411=AXIS2_PLACEMENT_3D('',#2485,#1743,#1744);
#1412=AXIS2_PLACEMENT_3D('',#2486,#1745,#1746);
#1413=AXIS2_PLACEMENT_3D('',#2487,#1747,#1748);
#1414=AXIS2_PLACEMENT_3D('',#2488,#1749,#1750);
#1415=AXIS2_PLACEMENT_3D('',#2489,#1751,#1752);
#1416=AXIS2_PLACEMENT_3D('',#2490,#1753,#1754);
#1417=AXIS2_PLACEMENT_3D('',#2491,#1755,#1756);
#1418=AXIS2_PLACEMENT_3D('',#2492,#1757,#1758);
#1419=AXIS2_PLACEMENT_3D('',#2493,#1759,#1760);
#1420=AXIS2_PLACEMENT_3D('',#2494,#1761,#1762);
#1421=AXIS2_PLACEMENT_3D('',#2495,#1763,#1764);
#1422=AXIS2_PLACEMENT_3D('',#2496,#1765,#1766);
#1423=AXIS2_PLACEMENT_3D('',#2497,#1767,#1768);
#1424=AXIS2_PLACEMENT_3D('',#2498,#1769,#1770);
#1425=AXIS2_PLACEMENT_3D('',#2499,#1771,#1772);
#1426=AXIS2_PLACEMENT_3D('',#2500,#1773,#1774);
#1427=AXIS2_PLACEMENT_3D('',#2501,#1775,#1776);
#1428=AXIS2_PLACEMENT_3D('',#2502,#1777,#1778);
#1429=AXIS2_PLACEMENT_3D('',#2504,#1779,#1780);
#1430=AXIS2_PLACEMENT_3D('',#2506,#1781,#1782);
#1431=AXIS2_PLACEMENT_3D('',#2507,#1783,#1784);
#1432=AXIS2_PLACEMENT_3D('',#2509,#1785,#1786);
#1433=AXIS2_PLACEMENT_3D('',#2510,#1787,#1788);
#1434=AXIS2_PLACEMENT_3D('',#2511,#1789,#1790);
#1435=AXIS2_PLACEMENT_3D('',#2513,#1791,#1792);
#1436=AXIS2_PLACEMENT_3D('',#2514,#1793,#1794);
#1437=DIRECTION('',(0.,0.,1.));
#1438=DIRECTION('',(1.,0.,0.));
#1439=DIRECTION('',(-0.707106781186548,-1.22464679914735E-16,0.707106781186547));
#1440=DIRECTION('',(-4.32992327699526E-17,1.,1.29891978477146E-16));
#1441=DIRECTION('',(-1.,-1.22464679914735E-16,-1.60812264967664E-16));
#1442=DIRECTION('',(-1.22464679914735E-16,1.,6.12303176911188E-17));
#1443=DIRECTION('',(-0.707106781186547,-1.22464679914735E-16,-0.707106781186548));
#1444=DIRECTION('',(-1.29891978477146E-16,1.,-4.32992327699527E-17));
#1445=DIRECTION('',(-1.22464679914735E-16,-1.22464679914735E-16,-1.));
#1446=DIRECTION('',(-6.12303176911189E-17,1.,-1.22464679914735E-16));
#1447=DIRECTION('',(0.707106781186547,-1.22464679914735E-16,-0.707106781186548));
#1448=DIRECTION('',(4.32992327699526E-17,1.,-1.29891978477146E-16));
#1449=DIRECTION('',(1.,-1.22464679914735E-16,-1.83697019872103E-16));
#1450=DIRECTION('',(1.22464679914735E-16,1.,-6.12303176911189E-17));
#1451=DIRECTION('',(0.707106781186548,-1.22464679914735E-16,0.707106781186547));
#1452=DIRECTION('',(1.29891978477146E-16,1.,4.32992327699526E-17));
#1453=DIRECTION('',(-6.12303176911189E-17,-1.,0.));
#1454=DIRECTION('',(1.,-6.12303176911189E-17,0.));
#1455=DIRECTION('',(-6.12303176911189E-17,-1.,0.));
#1456=DIRECTION('',(1.,-6.12303176911189E-17,0.));
#1457=DIRECTION('',(-6.12303176911189E-17,-1.,0.));
#1458=DIRECTION('',(1.,-6.12303176911189E-17,0.));
#1459=DIRECTION('',(-6.12303176911189E-17,-1.,0.));
#1460=DIRECTION('',(0.,0.,1.));
#1461=DIRECTION('',(-6.12303176911189E-17,-1.,0.));
#1462=DIRECTION('',(1.,-6.12303176911189E-17,0.));
#1463=DIRECTION('',(6.12303176911189E-17,1.,0.));
#1464=DIRECTION('',(-1.,6.12303176911189E-17,0.));
#1465=DIRECTION('',(-6.12303176911189E-17,-1.,0.));
#1466=DIRECTION('',(1.,-6.12303176911189E-17,0.));
#1467=DIRECTION('',(-6.12303176911189E-17,-1.,0.));
#1468=DIRECTION('',(1.,-6.12303176911189E-17,0.));
#1469=DIRECTION('',(-6.12303176911189E-17,-1.,0.));
#1470=DIRECTION('',(1.,-6.12303176911189E-17,0.));
#1471=DIRECTION('',(-6.12303176911189E-17,-1.,0.));
#1472=DIRECTION('',(1.,-6.12303176911189E-17,0.));
#1473=DIRECTION('',(-6.12303176911189E-17,-1.,0.));
#1474=DIRECTION('',(1.,-6.12303176911189E-17,0.));
#1475=DIRECTION('',(-6.12303176911189E-17,-1.,0.));
#1476=DIRECTION('',(1.,-6.12303176911189E-17,0.));
#1477=DIRECTION('',(-0.866025403784439,5.30270106023007E-17,0.5));
#1478=DIRECTION('',(0.5,-9.18454765366783E-17,0.866025403784439));
#1479=DIRECTION('',(-6.12303176911189E-17,-1.,0.));
#1480=DIRECTION('',(1.,-6.12303176911189E-17,0.));
#1481=DIRECTION('',(-6.12303176911189E-17,-1.,0.));
#1482=DIRECTION('',(1.,-6.12303176911189E-17,0.));
#1483=DIRECTION('',(-6.12303176911189E-17,-1.,0.));
#1484=DIRECTION('',(1.,-6.12303176911189E-17,0.));
#1485=DIRECTION('',(-6.12303176911189E-17,-1.,0.));
#1486=DIRECTION('',(1.,-6.12303176911189E-17,0.));
#1487=DIRECTION('',(-6.12303176911189E-17,-1.,0.));
#1488=DIRECTION('',(1.,-6.12303176911189E-17,0.));
#1489=DIRECTION('',(-6.12303176911189E-17,-1.,0.));
#1490=DIRECTION('',(1.,-6.12303176911189E-17,0.));
#1491=DIRECTION('',(-6.12303176911189E-17,-1.,0.));
#1492=DIRECTION('',(1.,-6.12303176911189E-17,0.));
#1493=DIRECTION('',(-6.12303176911189E-17,-1.,0.));
#1494=DIRECTION('',(1.,-6.12303176911189E-17,0.));
#1495=DIRECTION('',(-6.12303176911189E-17,-1.,0.));
#1496=DIRECTION('',(1.,-6.12303176911189E-17,0.));
#1497=DIRECTION('',(-6.12303176911189E-17,-1.,0.));
#1498=DIRECTION('',(1.,-6.12303176911189E-17,0.));
#1499=DIRECTION('',(6.12303176911188E-17,1.,0.));
#1500=DIRECTION('',(-1.,6.12303176911188E-17,0.));
#1501=DIRECTION('',(6.12303176911189E-17,1.,0.));
#1502=DIRECTION('',(-1.,6.12303176911189E-17,0.));
#1503=DIRECTION('',(6.12303176911189E-17,1.,0.));
#1504=DIRECTION('',(-1.,6.12303176911189E-17,0.));
#1505=DIRECTION('',(6.12303176911189E-17,1.,0.));
#1506=DIRECTION('',(-1.,6.12303176911189E-17,0.));
#1507=DIRECTION('',(-6.12303176911189E-17,-1.,0.));
#1508=DIRECTION('',(1.,-6.12303176911189E-17,0.));
#1509=DIRECTION('',(6.12303176911188E-17,1.,0.));
#1510=DIRECTION('',(-1.,6.12303176911188E-17,0.));
#1511=DIRECTION('',(0.,0.,-1.));
#1512=DIRECTION('',(-1.,0.,0.));
#1513=DIRECTION('',(6.12303176911188E-17,1.,0.));
#1514=DIRECTION('',(-1.,6.12303176911188E-17,0.));
#1515=DIRECTION('',(-6.12303176911188E-17,-1.,0.));
#1516=DIRECTION('',(1.,-6.12303176911188E-17,0.));
#1517=DIRECTION('',(6.12303176911189E-17,1.,0.));
#1518=DIRECTION('',(-1.,6.12303176911189E-17,0.));
#1519=DIRECTION('',(-7.49855125712043E-33,-1.22464679914735E-16,1.));
#1520=DIRECTION('',(6.12303176911189E-17,1.,1.22464679914735E-16));
#1521=DIRECTION('',(0.,0.,1.));
#1522=DIRECTION('',(1.,0.,0.));
#1523=DIRECTION('',(0.,0.,-1.));
#1524=DIRECTION('',(-1.,0.,0.));
#1525=DIRECTION('',(0.,0.,-1.));
#1526=DIRECTION('',(-1.,0.,0.));
#1527=DIRECTION('',(0.,0.,-1.));
#1528=DIRECTION('',(-1.,0.,0.));
#1529=DIRECTION('',(0.,0.,-1.));
#1530=DIRECTION('',(-1.,0.,0.));
#1531=DIRECTION('',(0.,0.,-1.));
#1532=DIRECTION('',(-1.,0.,0.));
#1533=DIRECTION('',(0.,0.,-1.));
#1534=DIRECTION('',(-1.,0.,0.));
#1535=DIRECTION('',(0.,0.,-1.));
#1536=DIRECTION('',(-1.,0.,0.));
#1537=DIRECTION('',(0.,0.,1.));
#1538=DIRECTION('',(1.,0.,0.));
#1539=DIRECTION('',(0.,0.,-1.));
#1540=DIRECTION('',(-1.,0.,0.));
#1541=DIRECTION('',(0.,0.,1.));
#1542=DIRECTION('',(1.,0.,0.));
#1543=DIRECTION('',(0.866025406594013,0.,-0.499999995133675));
#1544=DIRECTION('',(-0.499999995133675,0.,-0.866025406594013));
#1545=DIRECTION('',(0.,0.,1.));
#1546=DIRECTION('',(1.,0.,0.));
#1547=DIRECTION('',(0.,0.,1.));
#1548=DIRECTION('',(1.,0.,0.));
#1549=DIRECTION('',(-1.,0.,0.));
#1550=DIRECTION('',(0.,0.,1.));
#1551=DIRECTION('',(1.,0.,0.));
#1552=DIRECTION('',(1.,0.,0.));
#1553=DIRECTION('',(0.,0.,1.));
#1554=DIRECTION('',(1.,0.,0.));
#1555=DIRECTION('',(0.,1.,0.));
#1556=DIRECTION('',(0.,0.,1.));
#1557=DIRECTION('',(1.,0.,0.));
#1558=DIRECTION('',(1.,-1.14064009379297E-14,0.));
#1559=DIRECTION('',(0.,0.,1.));
#1560=DIRECTION('',(1.,0.,0.));
#1561=DIRECTION('',(0.,-1.,0.));
#1562=DIRECTION('',(0.,0.,1.));
#1563=DIRECTION('',(1.,0.,0.));
#1564=DIRECTION('',(-1.,1.18816676436768E-16,0.));
#1565=DIRECTION('',(0.,0.,1.));
#1566=DIRECTION('',(1.,0.,0.));
#1567=DIRECTION('',(0.,0.,1.));
#1568=DIRECTION('',(1.,0.,0.));
#1569=DIRECTION('',(1.,0.,0.));
#1570=DIRECTION('',(0.,0.,1.));
#1571=DIRECTION('',(1.,0.,0.));
#1572=DIRECTION('',(-1.,0.,0.));
#1573=DIRECTION('',(0.,0.,1.));
#1574=DIRECTION('',(1.,0.,0.));
#1575=DIRECTION('',(-6.12303176911189E-17,-1.,0.));
#1576=DIRECTION('',(1.,-6.12303176911189E-17,0.));
#1577=DIRECTION('',(0.,1.,0.));
#1578=DIRECTION('',(-1.,6.12303176911189E-17,0.));
#1579=DIRECTION('',(-6.12303176911189E-17,-1.,0.));
#1580=DIRECTION('',(-1.,0.,0.));
#1581=DIRECTION('',(0.,0.,1.));
#1582=DIRECTION('',(1.,0.,0.));
#1583=DIRECTION('',(-1.,0.,0.));
#1584=DIRECTION('',(1.,0.,0.));
#1585=DIRECTION('',(0.,0.,-1.));
#1586=DIRECTION('',(-1.,0.,0.));
#1587=DIRECTION('',(-1.,0.,0.));
#1588=DIRECTION('',(0.,0.,-1.));
#1589=DIRECTION('',(1.,0.,0.));
#1590=DIRECTION('',(-6.12303176911189E-17,-1.,0.));
#1591=DIRECTION('',(1.,-6.12303176911189E-17,0.));
#1592=DIRECTION('',(0.,0.,1.));
#1593=DIRECTION('',(-1.,0.,0.));
#1594=DIRECTION('',(0.,0.,1.));
#1595=DIRECTION('',(1.,0.,0.));
#1596=DIRECTION('',(6.12303176911189E-17,1.,0.));
#1597=DIRECTION('',(-1.,6.12303176911189E-17,0.));
#1598=DIRECTION('',(-6.12303176911189E-17,-1.,0.));
#1599=DIRECTION('',(1.,-6.12303176911189E-17,0.));
#1600=DIRECTION('',(-1.,6.12303176911189E-17,0.));
#1601=DIRECTION('',(0.,0.,-1.));
#1602=DIRECTION('',(0.,0.,-1.));
#1603=DIRECTION('',(-1.,6.12303176911189E-17,0.));
#1604=DIRECTION('',(-6.12303176911189E-17,-1.,0.));
#1605=DIRECTION('',(1.,-6.12303176911189E-17,0.));
#1606=DIRECTION('',(-6.12303176911189E-17,-1.,0.));
#1607=DIRECTION('',(0.,0.95614923613678,0.292879904116094));
#1608=DIRECTION('',(-2.09062884925174E-16,-0.292879904116094,0.95614923613678));
#1609=DIRECTION('',(-6.12303176911189E-17,-1.,0.));
#1610=DIRECTION('',(1.,-6.12303176911189E-17,0.));
#1611=DIRECTION('',(0.,-0.95614923613678,-0.292879904116094));
#1612=DIRECTION('',(-2.09062884925174E-16,-0.292879904116094,0.95614923613678));
#1613=DIRECTION('',(0.,0.,1.));
#1614=DIRECTION('',(1.,0.,0.));
#1615=DIRECTION('',(0.,-0.955715867448729,-0.294290979655718));
#1616=DIRECTION('',(0.,-0.294290979655718,0.955715867448729));
#1617=DIRECTION('',(0.,0.,1.));
#1618=DIRECTION('',(1.,0.,0.));
#1619=DIRECTION('',(0.,-0.95571586744873,0.294290979655718));
#1620=DIRECTION('',(0.,0.294290979655718,0.955715867448729));
#1621=DIRECTION('',(-6.12303176911189E-17,-1.,0.));
#1622=DIRECTION('',(1.,-6.12303176911189E-17,0.));
#1623=DIRECTION('',(0.,0.,-1.));
#1624=DIRECTION('',(1.,-6.12303176911189E-17,0.));
#1625=DIRECTION('',(-6.12303176911189E-17,-1.,0.));
#1626=DIRECTION('',(1.,-6.12303176911189E-17,0.));
#1627=DIRECTION('',(1.,-6.12303176911189E-17,0.));
#1628=DIRECTION('',(0.,0.,-1.));
#1629=DIRECTION('',(-6.12303176911189E-17,-1.,0.));
#1630=DIRECTION('',(1.,-6.12303176911189E-17,0.));
#1631=DIRECTION('',(0.,-0.95614923613678,0.292879904116094));
#1632=DIRECTION('',(-2.09062884925174E-16,-0.292879904116094,-0.95614923613678));
#1633=DIRECTION('',(-6.12303176911189E-17,-1.,0.));
#1634=DIRECTION('',(1.,-6.12303176911189E-17,0.));
#1635=DIRECTION('',(0.,0.95614923613678,-0.292879904116094));
#1636=DIRECTION('',(-2.09062884925174E-16,-0.292879904116094,-0.95614923613678));
#1637=DIRECTION('',(-6.12303176911189E-17,-1.,0.));
#1638=DIRECTION('',(0.,0.,1.));
#1639=DIRECTION('',(1.,0.,0.));
#1640=DIRECTION('',(0.,-0.955715867448729,-0.294290979655718));
#1641=DIRECTION('',(0.,-0.294290979655718,0.955715867448729));
#1642=DIRECTION('',(0.,-0.95571586744873,0.294290979655718));
#1643=DIRECTION('',(0.,0.294290979655718,0.955715867448729));
#1644=DIRECTION('',(-6.12303176911189E-17,-1.,0.));
#1645=DIRECTION('',(1.,-6.12303176911189E-17,0.));
#1646=DIRECTION('',(-6.12303176911189E-17,-1.,0.));
#1647=DIRECTION('',(1.,-6.12303176911189E-17,0.));
#1648=DIRECTION('',(-6.12303176911189E-17,-1.,0.));
#1649=DIRECTION('',(1.,-6.12303176911189E-17,0.));
#1650=DIRECTION('',(-6.12303176911189E-17,-1.,0.));
#1651=DIRECTION('',(1.,-6.12303176911189E-17,0.));
#1652=DIRECTION('',(-1.,0.,0.));
#1653=DIRECTION('',(0.,0.,1.));
#1654=DIRECTION('',(0.,1.,0.));
#1655=DIRECTION('',(0.,0.,-1.));
#1656=DIRECTION('',(0.,0.,-1.));
#1657=DIRECTION('',(0.,0.,1.));
#1658=DIRECTION('',(1.,0.,0.));
#1659=DIRECTION('',(0.,0.,1.));
#1660=DIRECTION('',(1.,0.,0.));
#1661=DIRECTION('',(-1.,0.,0.));
#1662=DIRECTION('',(0.,0.,1.));
#1663=DIRECTION('',(-1.,0.,0.));
#1664=DIRECTION('',(1.,0.,0.));
#1665=DIRECTION('',(-1.,6.12303176911189E-17,0.));
#1666=DIRECTION('',(0.,-1.,0.));
#1667=DIRECTION('',(1.,-6.12303176911189E-17,0.));
#1668=DIRECTION('',(1.,0.,0.));
#1669=DIRECTION('',(1.,0.,0.));
#1670=DIRECTION('',(1.,0.,0.));
#1671=DIRECTION('',(0.,0.,-1.));
#1672=DIRECTION('',(0.,-1.,0.));
#1673=DIRECTION('',(0.,0.,-1.));
#1674=DIRECTION('',(0.,0.,-1.));
#1675=DIRECTION('',(-6.12303176911189E-17,-1.,-1.44560289664734E-16));
#1676=DIRECTION('',(-8.85147246169183E-33,-1.44560289664734E-16,1.));
#1677=DIRECTION('',(0.,0.95614923613678,-0.292879904116094));
#1678=DIRECTION('',(0.,0.292879904116094,0.95614923613678));
#1679=DIRECTION('',(0.,0.95614923613678,-0.292879904116094));
#1680=DIRECTION('',(0.,0.292879904116094,0.95614923613678));
#1681=DIRECTION('',(0.,0.95614923613678,-0.292879904116094));
#1682=DIRECTION('',(0.,0.292879904116094,0.95614923613678));
#1683=DIRECTION('',(0.,0.95614923613678,0.292879904116094));
#1684=DIRECTION('',(0.,-0.292879904116094,0.95614923613678));
#1685=DIRECTION('',(0.,0.95614923613678,0.292879904116094));
#1686=DIRECTION('',(0.,-0.292879904116094,0.95614923613678));
#1687=DIRECTION('',(0.,0.95614923613678,0.292879904116094));
#1688=DIRECTION('',(0.,-0.292879904116094,0.95614923613678));
#1689=DIRECTION('',(0.,0.,1.));
#1690=DIRECTION('',(1.,0.,0.));
#1691=DIRECTION('',(0.,0.,1.));
#1692=DIRECTION('',(0.,0.,1.));
#1693=DIRECTION('',(0.,1.,0.));
#1694=DIRECTION('',(0.,0.,1.));
#1695=DIRECTION('',(0.,0.,1.));
#1696=DIRECTION('',(0.,0.,1.));
#1697=DIRECTION('',(1.,0.,0.));
#1698=DIRECTION('',(0.,0.,1.));
#1699=DIRECTION('',(0.,-1.,0.));
#1700=DIRECTION('',(0.,0.,-1.));
#1701=DIRECTION('',(0.,0.,1.));
#1702=DIRECTION('',(1.,0.,0.));
#1703=DIRECTION('',(0.,0.,1.));
#1704=DIRECTION('',(0.,0.,1.));
#1705=DIRECTION('',(0.,-1.,0.));
#1706=DIRECTION('',(0.,0.,-1.));
#1707=DIRECTION('',(0.,0.,1.));
#1708=DIRECTION('',(0.,0.,1.));
#1709=DIRECTION('',(1.,0.,0.));
#1710=DIRECTION('',(0.,0.,1.));
#1711=DIRECTION('',(0.,1.,0.));
#1712=DIRECTION('',(0.,0.,1.));
#1713=DIRECTION('',(0.0207608229061676,0.292816779970944,0.955943158142631));
#1714=DIRECTION('',(0.,-0.95614923613678,0.292879904116094));
#1715=DIRECTION('',(0.0207608229061683,-0.292816779970944,-0.955943158142631));
#1716=DIRECTION('',(0.,0.95614923613678,-0.292879904116094));
#1717=DIRECTION('',(0.0207608229061679,-0.292816779970944,0.95594315814263));
#1718=DIRECTION('',(0.,-0.95614923613678,-0.292879904116094));
#1719=DIRECTION('',(0.0207608229061683,0.292816779970944,-0.955943158142631));
#1720=DIRECTION('',(0.,0.95614923613678,0.292879904116093));
#1721=DIRECTION('',(1.,-6.12303176911189E-17,0.));
#1722=DIRECTION('',(6.12303176911189E-17,1.,0.));
#1723=DIRECTION('',(-1.,0.,0.));
#1724=DIRECTION('',(0.,0.,1.));
#1725=DIRECTION('',(0.,0.,1.));
#1726=DIRECTION('',(1.,0.,0.));
#1727=DIRECTION('',(0.,0.,1.));
#1728=DIRECTION('',(1.,0.,0.));
#1729=DIRECTION('',(0.,-1.,0.));
#1730=DIRECTION('',(0.,0.,-1.));
#1731=DIRECTION('',(0.,-1.,0.));
#1732=DIRECTION('',(0.,0.,-1.));
#1733=DIRECTION('',(-1.,6.12303176911189E-17,0.));
#1734=DIRECTION('',(-6.12303176911189E-17,-1.,0.));
#1735=DIRECTION('',(-1.,0.,0.));
#1736=DIRECTION('',(0.,0.,1.));
#1737=DIRECTION('',(0.,1.,0.));
#1738=DIRECTION('',(0.,0.,1.));
#1739=DIRECTION('',(0.,1.,0.));
#1740=DIRECTION('',(0.,0.,1.));
#1741=DIRECTION('',(0.,0.,1.));
#1742=DIRECTION('',(1.,0.,0.));
#1743=DIRECTION('',(0.,0.,1.));
#1744=DIRECTION('',(1.,0.,0.));
#1745=DIRECTION('',(0.,0.,1.));
#1746=DIRECTION('',(1.,0.,0.));
#1747=DIRECTION('',(-1.,6.12303176911189E-17,0.));
#1748=DIRECTION('',(-6.12303176911189E-17,-1.,0.));
#1749=DIRECTION('',(1.,0.,0.));
#1750=DIRECTION('',(0.,0.,-1.));
#1751=DIRECTION('',(0.,0.,1.));
#1752=DIRECTION('',(1.,0.,0.));
#1753=DIRECTION('',(0.,0.,1.));
#1754=DIRECTION('',(1.,0.,0.));
#1755=DIRECTION('',(0.,1.,0.));
#1756=DIRECTION('',(0.,0.,1.));
#1757=DIRECTION('',(0.,1.,0.));
#1758=DIRECTION('',(0.,0.,1.));
#1759=DIRECTION('',(1.,-6.12303176911189E-17,0.));
#1760=DIRECTION('',(6.12303176911189E-17,1.,0.));
#1761=DIRECTION('',(1.,0.,0.));
#1762=DIRECTION('',(0.,0.,-1.));
#1763=DIRECTION('',(0.,-1.,0.));
#1764=DIRECTION('',(0.,0.,-1.));
#1765=DIRECTION('',(0.,-1.,0.));
#1766=DIRECTION('',(0.,0.,-1.));
#1767=DIRECTION('',(0.,0.,1.));
#1768=DIRECTION('',(1.,0.,0.));
#1769=DIRECTION('',(0.,0.,1.));
#1770=DIRECTION('',(1.,0.,0.));
#1771=DIRECTION('',(0.,0.,1.));
#1772=DIRECTION('',(1.,0.,0.));
#1773=DIRECTION('',(0.,0.,1.));
#1774=DIRECTION('',(1.,0.,0.));
#1775=DIRECTION('',(-6.0236792376109E-33,-9.83773964394211E-17,1.));
#1776=DIRECTION('',(0.,-1.,-9.83773964394211E-17));
#1777=DIRECTION('',(-6.0236792376109E-33,-9.83773964394211E-17,1.));
#1778=DIRECTION('',(0.,-1.,-9.83773964394211E-17));
#1779=DIRECTION('',(-6.0236792376109E-33,-9.83773964394211E-17,1.));
#1780=DIRECTION('',(0.,-1.,-9.83773964394211E-17));
#1781=DIRECTION('',(-6.0236792376109E-33,-9.83773964394211E-17,1.));
#1782=DIRECTION('',(0.,-1.,-9.83773964394211E-17));
#1783=DIRECTION('',(-6.0236792376109E-33,-9.83773964394211E-17,1.));
#1784=DIRECTION('',(0.,-1.,-9.83773964394211E-17));
#1785=DIRECTION('',(6.0236792376109E-33,9.83773964394211E-17,-1.));
#1786=DIRECTION('',(0.,1.,9.83773964394211E-17));
#1787=DIRECTION('',(-6.0236792376109E-33,-9.83773964394211E-17,1.));
#1788=DIRECTION('',(0.,-1.,-9.83773964394211E-17));
#1789=DIRECTION('',(-6.0236792376109E-33,-9.83773964394211E-17,1.));
#1790=DIRECTION('',(0.,-1.,-9.83773964394211E-17));
#1791=DIRECTION('',(-6.0236792376109E-33,-9.83773964394211E-17,1.));
#1792=DIRECTION('',(0.,-1.,-9.83773964394211E-17));
#1793=DIRECTION('',(0.,0.,1.));
#1794=DIRECTION('',(1.,0.,0.));
#1795=CARTESIAN_POINT('',(0.,0.,0.));
#1796=CARTESIAN_POINT('',(-9.19238815542512,0.,9.19238815542511));
#1797=CARTESIAN_POINT('',(-6.55327991263686,6.8560552977105E-16,6.55327991263686));
#1798=CARTESIAN_POINT('',(-13.,0.,-2.09055944457963E-15));
#1799=CARTESIAN_POINT('',(-9.26773733047822,6.8560552977105E-16,-1.49036583123957E-15));
#1800=CARTESIAN_POINT('',(-9.19238815542511,0.,-9.19238815542512));
#1801=CARTESIAN_POINT('',(-6.55327991263686,6.8560552977105E-16,-6.55327991263686));
#1802=CARTESIAN_POINT('',(-1.59204083889156E-15,0.,-13.));
#1803=CARTESIAN_POINT('',(-1.13497048571086E-15,6.8560552977105E-16,-9.26773733047822));
#1804=CARTESIAN_POINT('',(9.19238815542511,0.,-9.19238815542512));
#1805=CARTESIAN_POINT('',(6.55327991263686,6.8560552977105E-16,-6.55327991263686));
#1806=CARTESIAN_POINT('',(13.,0.,-2.38806125833734E-15));
#1807=CARTESIAN_POINT('',(9.26773733047822,6.8560552977105E-16,-1.70245572856629E-15));
#1808=CARTESIAN_POINT('',(9.19238815542512,0.,9.19238815542511));
#1809=CARTESIAN_POINT('',(6.55327991263686,6.8560552977105E-16,6.55327991263686));
#1810=CARTESIAN_POINT('',(3.67381906146713E-16,6.,19.0787840283389));
#1811=CARTESIAN_POINT('',(3.67381906146713E-16,6.,0.));
#1812=CARTESIAN_POINT('',(19.0787840283389,6.,0.));
#1813=CARTESIAN_POINT('',(3.67381906146713E-16,6.,0.));
#1814=CARTESIAN_POINT('',(15.3333333333333,6.,0.));
#1815=CARTESIAN_POINT('',(0.,0.,-1.73472347597681E-15));
#1816=CARTESIAN_POINT('',(-3.67381906146713E-16,-6.,0.));
#1817=CARTESIAN_POINT('',(19.0787840283389,-6.,0.));
#1818=CARTESIAN_POINT('',(-3.67381906146713E-16,-6.,19.0787840283389));
#1819=CARTESIAN_POINT('',(-3.67381906146713E-16,-6.,0.));
#1820=CARTESIAN_POINT('',(15.3333333333333,-6.,0.));
#1821=CARTESIAN_POINT('',(-1.53159860666952E-15,-25.0137295448276,0.));
#1822=CARTESIAN_POINT('',(-1.86142106648745E-16,-3.04003169782253,0.));
#1823=CARTESIAN_POINT('',(15.3333333333333,-3.04003169782253,0.));
#1824=CARTESIAN_POINT('',(0.,0.,0.));
#1825=CARTESIAN_POINT('',(1.86142106648745E-16,3.04003169782253,0.));
#1826=CARTESIAN_POINT('',(15.3333333333333,3.04003169782253,0.));
#1827=CARTESIAN_POINT('',(-1.53159860666952E-15,-25.0137295448276,0.));
#1828=CARTESIAN_POINT('',(54.4340885842686,-12.4,-31.4275356972194));
#1829=CARTESIAN_POINT('',(10.0894108980725,-14.360430765049,-3.56575819051684));
#1830=CARTESIAN_POINT('',(9.30152710064089,-15.1704508251725,-5.36902252387161));
#1831=CARTESIAN_POINT('',(8.13010654156798,-14.3577659342608,-6.9581517139967));
#1832=CARTESIAN_POINT('',(7.53025374996925,-12.3994095724599,-7.54588174122497));
#1833=CARTESIAN_POINT('',(8.13069376597064,-10.441736003234,-6.95738263524916));
#1834=CARTESIAN_POINT('',(9.30127283942981,-9.62947529161988,-5.36956174301109));
#1835=CARTESIAN_POINT('',(10.0901272384916,-10.4403628412324,-3.56387412041727));
#1836=CARTESIAN_POINT('',(10.3005690339884,-12.4021295278543,-2.74716748608971));
#1837=CARTESIAN_POINT('',(10.0894108980725,-14.360430765049,-3.56575819051684));
#1838=CARTESIAN_POINT('',(9.30152710064089,-15.1704508251725,-5.36902252387161));
#1839=CARTESIAN_POINT('',(8.13010654156798,-14.3577659342608,-6.9581517139967));
#1840=CARTESIAN_POINT('',(9.23760430703402,-14.9,-5.33333333333333));
#1841=CARTESIAN_POINT('',(5.95087598497301,-14.3593112129789,-1.17313130688406));
#1842=CARTESIAN_POINT('',(5.9851552564914,-12.3996646402003,-0.256451094401179));
#1843=CARTESIAN_POINT('',(5.95016843059817,-10.4420302262197,-1.1737514306982));
#1844=CARTESIAN_POINT('',(5.31124803597561,-9.62879059228731,-3.06073295920348));
#1845=CARTESIAN_POINT('',(3.99050695615516,-10.4428176285689,-4.56814758149517));
#1846=CARTESIAN_POINT('',(3.21521020205341,-12.3949660169258,-5.05443998416881));
#1847=CARTESIAN_POINT('',(3.99032838433337,-14.358394186061,-4.56753410819802));
#1848=CARTESIAN_POINT('',(5.30747263106918,-15.1705725219303,-3.06735268516228));
#1849=CARTESIAN_POINT('',(5.95087598497301,-14.3593112129789,-1.17313130688406));
#1850=CARTESIAN_POINT('',(5.9851552564914,-12.3996646402003,-0.256451094401179));
#1851=CARTESIAN_POINT('',(5.95016843059817,-10.4420302262197,-1.1737514306982));
#1852=CARTESIAN_POINT('',(5.97361090692279,-12.4,-0.56211451919783));
#1853=CARTESIAN_POINT('',(-9.73562051288789E-16,-15.9,10.6666666666667));
#1854=CARTESIAN_POINT('',(-9.73562051288789E-16,-15.9,0.));
#1855=CARTESIAN_POINT('',(9.66666666666667,-15.9,0.));
#1856=CARTESIAN_POINT('',(-9.73562051288789E-16,-15.9,0.));
#1857=CARTESIAN_POINT('',(6.,-15.9,0.));
#1858=CARTESIAN_POINT('',(-1.53159860666952E-15,-25.0137295448276,0.));
#1859=CARTESIAN_POINT('',(-9.12331733597671E-16,-14.9,0.));
#1860=CARTESIAN_POINT('',(-1.53075801479969E-16,-14.9,10.6666666666667));
#1861=CARTESIAN_POINT('',(-1.95666827229623,-14.360430765049,10.5205652422088));
#1862=CARTESIAN_POINT('',(-0.00105365115679156,-15.1704508251725,10.7398700250802));
#1863=CARTESIAN_POINT('',(1.9608828769234,-14.3577659342608,10.5199546574703));
#1864=CARTESIAN_POINT('',(2.76979840686936,-12.3994095724599,10.2943319150289));
#1865=CARTESIAN_POINT('',(1.95992322298918,-10.441736003234,10.5200786693469));
#1866=CARTESIAN_POINT('',(-0.00045954307825323,-9.62947529161988,10.739919437982));
#1867=CARTESIAN_POINT('',(-1.95865809507455,-10.4403628412324,10.5202435761597));
#1868=CARTESIAN_POINT('',(-2.77116768558985,-12.4021295278543,10.2941381999141));
#1869=CARTESIAN_POINT('',(-1.95666827229623,-14.360430765049,10.5205652422088));
#1870=CARTESIAN_POINT('',(-0.00105365115679156,-15.1704508251725,10.7398700250802));
#1871=CARTESIAN_POINT('',(1.9608828769234,-14.3577659342608,10.5199546574703));
#1872=CARTESIAN_POINT('',(-9.12331733597671E-16,-14.9,0.));
#1873=CARTESIAN_POINT('',(-1.86142106648745E-16,-3.04003169782253,0.));
#1874=CARTESIAN_POINT('',(10.6666666666667,-3.04003169782253,0.));
#1875=CARTESIAN_POINT('',(0.,0.,0.));
#1876=CARTESIAN_POINT('',(1.86142106648745E-16,3.04003169782253,0.));
#1877=CARTESIAN_POINT('',(10.6666666666667,3.04003169782253,0.));
#1878=CARTESIAN_POINT('',(-1.53159860666952E-15,-25.0137295448276,0.));
#1879=CARTESIAN_POINT('',(6.42918335756749E-16,10.5,0.));
#1880=CARTESIAN_POINT('',(-10.6666666666667,10.5,0.));
#1881=CARTESIAN_POINT('',(7.04148653447867E-16,11.5,10.6666666666667));
#1882=CARTESIAN_POINT('',(7.04148653447867E-16,11.5,0.));
#1883=CARTESIAN_POINT('',(-7.,11.5,0.));
#1884=CARTESIAN_POINT('',(7.04148653447867E-16,11.5,0.));
#1885=CARTESIAN_POINT('',(-9.66666666666667,11.5,0.));
#1886=CARTESIAN_POINT('',(-1.53159860666952E-15,-25.0137295448276,0.));
#1887=CARTESIAN_POINT('',(6.42918335756749E-16,10.5,0.));
#1888=CARTESIAN_POINT('',(-6.,10.5,0.));
#1889=CARTESIAN_POINT('',(-1.95947647875006,-14.3593112129789,5.7401754311994));
#1890=CARTESIAN_POINT('',(-2.77048446566596,-12.3996646402003,5.31152204491611));
#1891=CARTESIAN_POINT('',(-1.9585856585861,-10.4420302262197,5.7398727330433));
#1892=CARTESIAN_POINT('',(-0.00495152111727588,-9.62879059228731,6.13004220455682));
#1893=CARTESIAN_POINT('',(1.96087837573369,-10.4428176285689,5.73995418875646));
#1894=CARTESIAN_POINT('',(2.7696683271673,-12.3949660169258,5.31167370556956));
#1895=CARTESIAN_POINT('',(1.9604363781847,-14.358394186061,5.73949280437382));
#1896=CARTESIAN_POINT('',(0.00266903218235502,-15.1705725219303,6.13008247097769));
#1897=CARTESIAN_POINT('',(-1.95947647875006,-14.3593112129789,5.7401754311994));
#1898=CARTESIAN_POINT('',(-2.77048446566596,-12.3996646402003,5.31152204491611));
#1899=CARTESIAN_POINT('',(-1.9585856585861,-10.4420302262197,5.7398727330433));
#1900=CARTESIAN_POINT('',(-2.5,-12.4,5.45435605731786));
#1901=CARTESIAN_POINT('',(0.,-12.4,62.8550713944388));
#1902=CARTESIAN_POINT('',(7.04148653447868E-16,11.5,0.));
#1903=CARTESIAN_POINT('',(6.42918335756749E-16,10.5,0.));
#1904=CARTESIAN_POINT('',(-9.73562051288789E-16,-15.9,0.));
#1905=CARTESIAN_POINT('',(0.,0.,13.));
#1906=CARTESIAN_POINT('',(4.19798443986692E-32,6.8560552977105E-16,9.26773733047822));
#1907=CARTESIAN_POINT('',(0.,0.,0.));
#1908=CARTESIAN_POINT('',(0.,0.,5.));
#1909=CARTESIAN_POINT('',(0.,0.,1.));
#1910=CARTESIAN_POINT('',(-2.5,0.,1.));
#1911=CARTESIAN_POINT('',(0.,0.,4.));
#1912=CARTESIAN_POINT('',(-2.5,0.,4.));
#1913=CARTESIAN_POINT('',(0.,0.,5.));
#1914=CARTESIAN_POINT('',(0.,0.,5.));
#1915=CARTESIAN_POINT('',(-1.5,0.,5.));
#1916=CARTESIAN_POINT('',(0.,0.,0.));
#1917=CARTESIAN_POINT('',(0.,0.,0.));
#1918=CARTESIAN_POINT('',(-1.5,0.,0.));
#1919=CARTESIAN_POINT('',(0.,0.,0.));
#1920=CARTESIAN_POINT('',(0.,0.,4.));
#1921=CARTESIAN_POINT('',(0.,-12.4,6.));
#1922=CARTESIAN_POINT('',(5.19615243957432,-12.4,-2.99999997080216));
#1923=CARTESIAN_POINT('',(0.,0.,0.));
#1924=CARTESIAN_POINT('',(160.425,0.,-30.2));
#1925=CARTESIAN_POINT('',(160.425,5.25,-30.2));
#1926=CARTESIAN_POINT('',(-40.,5.25,-30.2));
#1927=CARTESIAN_POINT('',(-56.,5.25,-30.2));
#1928=CARTESIAN_POINT('',(-56.,0.,-30.2));
#1929=CARTESIAN_POINT('',(-56.,-5.25,-30.2));
#1930=CARTESIAN_POINT('',(160.425,-5.25,-30.2));
#1931=CARTESIAN_POINT('',(-40.,-5.25,-30.2));
#1932=CARTESIAN_POINT('',(-40.,0.,-30.2));
#1933=CARTESIAN_POINT('',(64.5,-19.5,-30.2));
#1934=CARTESIAN_POINT('',(64.5,-18.7,-30.2));
#1935=CARTESIAN_POINT('',(64.5,18.7,-30.2));
#1936=CARTESIAN_POINT('',(63.7,-18.7,-30.2));
#1937=CARTESIAN_POINT('',(63.7,-19.5000000000007,-30.2));
#1938=CARTESIAN_POINT('',(0.,-19.5,-30.2));
#1939=CARTESIAN_POINT('',(-63.7,-19.4999999999993,-30.2));
#1940=CARTESIAN_POINT('',(-63.7,-18.7,-30.2));
#1941=CARTESIAN_POINT('',(-64.5,-18.7,-30.2));
#1942=CARTESIAN_POINT('',(-64.5,19.5,-30.2));
#1943=CARTESIAN_POINT('',(-64.5,18.7,-30.2));
#1944=CARTESIAN_POINT('',(-63.7,18.7,-30.2));
#1945=CARTESIAN_POINT('',(-63.7,19.5,-30.2));
#1946=CARTESIAN_POINT('',(0.,19.5,-30.2));
#1947=CARTESIAN_POINT('',(63.7,19.5,-30.2));
#1948=CARTESIAN_POINT('',(63.7,18.7,-30.2));
#1949=CARTESIAN_POINT('',(0.,0.,-30.2));
#1950=CARTESIAN_POINT('',(56.,0.,-30.2));
#1951=CARTESIAN_POINT('',(56.,5.25,-30.2));
#1952=CARTESIAN_POINT('',(56.,-5.25,-30.2));
#1953=CARTESIAN_POINT('',(160.425,5.25,-30.2));
#1954=CARTESIAN_POINT('',(40.,5.25,-30.2));
#1955=CARTESIAN_POINT('',(40.,0.,-30.2));
#1956=CARTESIAN_POINT('',(40.,-5.25,-30.2));
#1957=CARTESIAN_POINT('',(160.425,-5.25,-30.2));
#1958=CARTESIAN_POINT('',(0.,0.,-13.2));
#1959=CARTESIAN_POINT('',(16.4339628852373,-6.,-13.2));
#1960=CARTESIAN_POINT('',(16.4339628852373,-18.7,-13.2));
#1961=CARTESIAN_POINT('',(16.4339628852373,-18.5,-13.2));
#1962=CARTESIAN_POINT('',(-1.14500694082392E-15,-18.7,-13.2));
#1963=CARTESIAN_POINT('',(63.7,-18.7,-13.2));
#1964=CARTESIAN_POINT('',(63.7,19.5,-13.2));
#1965=CARTESIAN_POINT('',(63.7,18.7,-13.2));
#1966=CARTESIAN_POINT('',(1.14500694082392E-15,18.7,-13.2));
#1967=CARTESIAN_POINT('',(16.4339628852373,18.7,-13.2));
#1968=CARTESIAN_POINT('',(16.4339628852373,-6.,-13.2));
#1969=CARTESIAN_POINT('',(16.4339628852373,18.5,-13.2));
#1970=CARTESIAN_POINT('',(148.414173525885,18.5,-13.2));
#1971=CARTESIAN_POINT('',(28.3866890591663,18.5,-13.2));
#1972=CARTESIAN_POINT('',(28.3866890591663,18.5,-13.2));
#1973=CARTESIAN_POINT('',(28.6421687285531,18.5,-13.2));
#1974=CARTESIAN_POINT('',(29.1388298838737,18.2867721559687,-13.2));
#1975=CARTESIAN_POINT('',(29.3672707268627,17.8002727576077,-13.2));
#1976=CARTESIAN_POINT('',(29.3907582027877,17.5461837132999,-13.2));
#1977=CARTESIAN_POINT('',(29.3907582027876,17.5461837132999,-13.2));
#1978=CARTESIAN_POINT('',(-160.425,0.,-13.2));
#1979=CARTESIAN_POINT('',(29.3907582027876,-17.5461837132999,-13.2));
#1980=CARTESIAN_POINT('',(29.3907582027876,-17.5461837132999,-13.2));
#1981=CARTESIAN_POINT('',(29.3672438020848,-17.8005640316081,-13.2));
#1982=CARTESIAN_POINT('',(29.1394374239382,-18.285889360189,-13.2));
#1983=CARTESIAN_POINT('',(28.6425013071467,-18.5,-13.2));
#1984=CARTESIAN_POINT('',(28.3866890591663,-18.5,-13.2));
#1985=CARTESIAN_POINT('',(28.3866890591663,-18.5,-13.2));
#1986=CARTESIAN_POINT('',(147.682632695927,-18.5,-13.2));
#1987=CARTESIAN_POINT('',(56.,5.25,-13.2));
#1988=CARTESIAN_POINT('',(40.,5.25,-13.2));
#1989=CARTESIAN_POINT('',(56.,5.25,-13.2));
#1990=CARTESIAN_POINT('',(56.,0.,-13.2));
#1991=CARTESIAN_POINT('',(56.,-5.25,-13.2));
#1992=CARTESIAN_POINT('',(56.,-5.25,-13.2));
#1993=CARTESIAN_POINT('',(40.,-5.25,-13.2));
#1994=CARTESIAN_POINT('',(40.,0.,-13.2));
#1995=CARTESIAN_POINT('',(0.,0.,0.));
#1996=CARTESIAN_POINT('',(-1.66255028051098,-2.49559629398411,30.1385031539222));
#1997=CARTESIAN_POINT('',(-1.17729115382369,-3.67416452990986,30.1465329192986));
#1998=CARTESIAN_POINT('',(-0.00191967773385323,-4.16201834751977,30.163748113136));
#1999=CARTESIAN_POINT('',(1.17284582790315,-3.67775391377016,30.1466433906021));
#2000=CARTESIAN_POINT('',(1.66252063081015,-2.50288129648761,30.1384182245325));
#2001=CARTESIAN_POINT('',(1.1770576790141,-1.32657829488237,30.1773415920186));
#2002=CARTESIAN_POINT('',(0.0042845179718379,-0.837938633985591,30.207328084693));
#2003=CARTESIAN_POINT('',(-1.17248142609442,-1.32169336431904,30.1776068174026));
#2004=CARTESIAN_POINT('',(-1.66255028051098,-2.49559629398411,30.1385031539222));
#2005=CARTESIAN_POINT('',(-1.17729115382369,-3.67416452990986,30.1465329192986));
#2006=CARTESIAN_POINT('',(-0.00191967773385323,-4.16201834751977,30.163748113136));
#2007=CARTESIAN_POINT('',(-1.06227242892327,-3.55904546019055,30.1480638240421));
#2008=CARTESIAN_POINT('',(-160.425,0.,0.));
#2009=CARTESIAN_POINT('',(29.7226757779793,-13.4815437258678,0.));
#2010=CARTESIAN_POINT('',(29.7226757779792,13.4815437258678,0.));
#2011=CARTESIAN_POINT('',(29.7226757779792,13.4815437258678,3.75681789494847E-16));
#2012=CARTESIAN_POINT('',(29.7636281760924,12.9039390036577,1.94092042253423));
#2013=CARTESIAN_POINT('',(29.537497304385,12.0493005460072,4.81240337941095));
#2014=CARTESIAN_POINT('',(28.6849491170579,10.9345006239716,8.55747533105787));
#2015=CARTESIAN_POINT('',(27.4421932057702,9.83142428844416,12.2628569031795));
#2016=CARTESIAN_POINT('',(25.2589697445544,8.55405314289619,16.5532676928912));
#2017=CARTESIAN_POINT('',(21.5704732762033,7.16420981430393,21.2210349543778));
#2018=CARTESIAN_POINT('',(17.8418398628787,6.22273745659711,24.3827967057014));
#2019=CARTESIAN_POINT('',(14.4299683389437,5.59429644575257,26.4932688507095));
#2020=CARTESIAN_POINT('',(11.7482180948903,5.20611218219866,27.796885524985));
#2021=CARTESIAN_POINT('',(8.95601261292786,4.89921346553151,28.8275222716065));
#2022=CARTESIAN_POINT('',(6.0324592887703,4.67372016290826,29.5847797302139));
#2023=CARTESIAN_POINT('',(3.03967605894228,4.53739503047979,30.0425901769507));
#2024=CARTESIAN_POINT('',(0.0505935997355972,4.49158694031511,30.1964240372329));
#2025=CARTESIAN_POINT('',(-2.95859161561683,4.53463716795396,30.0518517172659));
#2026=CARTESIAN_POINT('',(-6.96755814412848,4.71509073643565,29.4458479414747));
#2027=CARTESIAN_POINT('',(-10.7624805893638,5.06523569989349,28.2699827044384));
#2028=CARTESIAN_POINT('',(-14.3907912997563,5.5879073198822,26.514725076313));
#2029=CARTESIAN_POINT('',(-16.9178351281037,6.05129558394435,24.958544539899));
#2030=CARTESIAN_POINT('',(-19.2671825252724,6.5833190158412,23.1718491461583));
#2031=CARTESIAN_POINT('',(-22.175963194286,7.39162056174136,20.4572795897645));
#2032=CARTESIAN_POINT('',(-25.2020125208399,8.52742838396248,16.6426914038131));
#2033=CARTESIAN_POINT('',(-27.8864885161205,10.0912264958725,11.3902365537635));
#2034=CARTESIAN_POINT('',(-29.4525397503285,11.7421173775357,5.84449859499728));
#2035=CARTESIAN_POINT('',(-29.7636335620921,12.9038630379257,1.94117568956169));
#2036=CARTESIAN_POINT('',(-29.7226757779793,13.4815437258678,-1.08459390712903E-15));
#2037=CARTESIAN_POINT('',(-29.7226757779792,13.4815437258678,0.));
#2038=CARTESIAN_POINT('',(160.425,0.,0.));
#2039=CARTESIAN_POINT('',(-29.7226757779793,-13.4815437258678,0.));
#2040=CARTESIAN_POINT('',(-29.7226757779792,-13.4815437258678,-8.90381568015964E-15));
#2041=CARTESIAN_POINT('',(-29.7636281760924,-12.9039390036577,1.94092042253422));
#2042=CARTESIAN_POINT('',(-29.5374973043851,-12.0493005460072,4.81240337941095));
#2043=CARTESIAN_POINT('',(-28.6849491170579,-10.9345006239716,8.55747533105785));
#2044=CARTESIAN_POINT('',(-27.4421932057702,-9.83142428844416,12.2628569031795));
#2045=CARTESIAN_POINT('',(-25.2589697445544,-8.55405314289619,16.5532676928912));
#2046=CARTESIAN_POINT('',(-21.5704732762033,-7.16420981430393,21.2210349543778));
#2047=CARTESIAN_POINT('',(-17.8418398628787,-6.22273745659711,24.3827967057014));
#2048=CARTESIAN_POINT('',(-14.4299683389437,-5.59429644575258,26.4932688507095));
#2049=CARTESIAN_POINT('',(-11.7482180948903,-5.20611218219866,27.796885524985));
#2050=CARTESIAN_POINT('',(-8.95601261292787,-4.89921346553151,28.8275222716065));
#2051=CARTESIAN_POINT('',(-6.03245928877027,-4.67372016290827,29.5847797302139));
#2052=CARTESIAN_POINT('',(-3.0396760589423,-4.53739503047981,30.0425901769507));
#2053=CARTESIAN_POINT('',(-0.0505935997355984,-4.49158694031511,30.1964240372329));
#2054=CARTESIAN_POINT('',(2.95859161561683,-4.53463716795396,30.0518517172659));
#2055=CARTESIAN_POINT('',(6.96755814412848,-4.71509073643565,29.4458479414747));
#2056=CARTESIAN_POINT('',(10.7624805893638,-5.06523569989349,28.2699827044384));
#2057=CARTESIAN_POINT('',(14.3907912997563,-5.5879073198822,26.514725076313));
#2058=CARTESIAN_POINT('',(16.9178351281037,-6.05129558394435,24.958544539899));
#2059=CARTESIAN_POINT('',(19.2671825252724,-6.58331901584117,23.1718491461584));
#2060=CARTESIAN_POINT('',(22.175963194286,-7.39162056174137,20.4572795897644));
#2061=CARTESIAN_POINT('',(25.2020125208399,-8.52742838396247,16.6426914038132));
#2062=CARTESIAN_POINT('',(27.8864885161206,-10.0912264958725,11.3902365537635));
#2063=CARTESIAN_POINT('',(29.4525397503286,-11.7421173775357,5.84449859499731));
#2064=CARTESIAN_POINT('',(29.7636335620921,-12.9038630379257,1.94117568956169));
#2065=CARTESIAN_POINT('',(29.7226757779792,-13.4815437258678,8.82280651194136E-16));
#2066=CARTESIAN_POINT('',(1.19399119497682E-15,19.5,21.0787840283389));
#2067=CARTESIAN_POINT('',(1.19399119497682E-15,19.5,0.));
#2068=CARTESIAN_POINT('',(-15.7580181530977,19.5,-14.));
#2069=CARTESIAN_POINT('',(15.7580181530977,19.5,-14.));
#2070=CARTESIAN_POINT('',(1.19399119497682E-15,19.5,-14.));
#2071=CARTESIAN_POINT('',(63.7,19.5,-14.));
#2072=CARTESIAN_POINT('',(63.7,19.5,-30.2));
#2073=CARTESIAN_POINT('',(-63.7,19.5,-13.2));
#2074=CARTESIAN_POINT('',(-63.7,19.5,-14.));
#2075=CARTESIAN_POINT('',(1.19399119497682E-15,19.5,-14.));
#2076=CARTESIAN_POINT('',(-3.67381906146713E-16,-6.,0.));
#2077=CARTESIAN_POINT('',(16.4339628852373,18.7,-13.2));
#2078=CARTESIAN_POINT('',(16.4339628852373,18.9461914114567,-13.2));
#2079=CARTESIAN_POINT('',(16.2394903324397,19.3860513355207,-13.4435639285418));
#2080=CARTESIAN_POINT('',(15.9204269063834,19.5,-13.8171971369644));
#2081=CARTESIAN_POINT('',(15.7580181530977,19.5,-14.));
#2082=CARTESIAN_POINT('',(-15.7580181530977,19.5,-14.));
#2083=CARTESIAN_POINT('',(-15.9204017963337,19.5,-13.8172254001515));
#2084=CARTESIAN_POINT('',(-16.2394492730095,19.3860745610587,-13.4436142815474));
#2085=CARTESIAN_POINT('',(-16.4339628852373,18.9462567180712,-13.2));
#2086=CARTESIAN_POINT('',(-16.4339628852373,18.7,-13.2));
#2087=CARTESIAN_POINT('',(-16.4339628852373,18.7,-13.2));
#2088=CARTESIAN_POINT('',(-16.4339628852373,-6.,-13.2));
#2089=CARTESIAN_POINT('',(-16.4339628852373,18.5,-13.2));
#2090=CARTESIAN_POINT('',(8.85187275346579E-16,14.4566827141413,0.));
#2091=CARTESIAN_POINT('',(4.89842541528951E-16,8.00000000000001,21.0787840283389));
#2092=CARTESIAN_POINT('',(4.89842541528951E-16,8.,0.));
#2093=CARTESIAN_POINT('',(8.85187275346579E-16,14.4566827141413,0.));
#2094=CARTESIAN_POINT('',(160.425,0.,-30.2));
#2095=CARTESIAN_POINT('',(160.425,0.,43.7815840349197));
#2096=CARTESIAN_POINT('',(-29.3907582027876,17.5461837132999,-13.2));
#2097=CARTESIAN_POINT('',(160.425,0.,-13.2));
#2098=CARTESIAN_POINT('',(-29.3907582027876,-17.5461837132999,-13.2));
#2099=CARTESIAN_POINT('',(160.425,0.,43.7815840349197));
#2100=CARTESIAN_POINT('',(-1.19399119497682E-15,-19.5,21.0787840283389));
#2101=CARTESIAN_POINT('',(63.7,-19.5,-13.2));
#2102=CARTESIAN_POINT('',(63.7,-19.5,-14.));
#2103=CARTESIAN_POINT('',(-1.19399119497682E-15,-19.5,-14.));
#2104=CARTESIAN_POINT('',(15.7580181530977,-19.5,-14.));
#2105=CARTESIAN_POINT('',(-1.19399119497682E-15,-19.5,0.));
#2106=CARTESIAN_POINT('',(-15.7580181530977,-19.5,-14.));
#2107=CARTESIAN_POINT('',(-1.19399119497682E-15,-19.5,-14.));
#2108=CARTESIAN_POINT('',(-63.7,-19.5,-14.));
#2109=CARTESIAN_POINT('',(-63.7,-19.5,-30.2));
#2110=CARTESIAN_POINT('',(-3.67381906146713E-16,-6.,0.));
#2111=CARTESIAN_POINT('',(15.7580181530977,-19.5,-14.));
#2112=CARTESIAN_POINT('',(15.9204017963337,-19.5,-13.8172254001515));
#2113=CARTESIAN_POINT('',(16.2394492730095,-19.3860745610587,-13.4436142815474));
#2114=CARTESIAN_POINT('',(16.4339628852373,-18.9462567180713,-13.2));
#2115=CARTESIAN_POINT('',(16.4339628852373,-18.7,-13.2));
#2116=CARTESIAN_POINT('',(-8.85187275346579E-16,-14.4566827141413,0.));
#2117=CARTESIAN_POINT('',(-4.89842541528951E-16,-8.00000000000001,21.0787840283389));
#2118=CARTESIAN_POINT('',(-4.89842541528951E-16,-8.,0.));
#2119=CARTESIAN_POINT('',(-8.85187275346579E-16,-14.4566827141413,0.));
#2120=CARTESIAN_POINT('',(-16.4339628852373,-18.5,-13.2));
#2121=CARTESIAN_POINT('',(-16.4339628852373,-6.,-13.2));
#2122=CARTESIAN_POINT('',(-16.4339628852373,-18.7,-13.2));
#2123=CARTESIAN_POINT('',(-16.4339628852373,-18.7,-13.2));
#2124=CARTESIAN_POINT('',(-16.4339628852373,-18.9461914114568,-13.2));
#2125=CARTESIAN_POINT('',(-16.2394903324397,-19.3860513355207,-13.4435639285418));
#2126=CARTESIAN_POINT('',(-15.9204269063834,-19.5,-13.8171971369644));
#2127=CARTESIAN_POINT('',(-15.7580181530977,-19.5,-14.));
#2128=CARTESIAN_POINT('',(-160.425,0.,-30.2));
#2129=CARTESIAN_POINT('',(-160.425,0.,43.7815840349197));
#2130=CARTESIAN_POINT('',(-160.425,0.,43.7815840349197));
#2131=CARTESIAN_POINT('',(4.89842541528951E-16,8.,0.));
#2132=CARTESIAN_POINT('',(3.67381906146713E-16,6.,0.));
#2133=CARTESIAN_POINT('',(19.0787840283389,6.,0.));
#2134=CARTESIAN_POINT('',(-4.89842541528951E-16,-8.,0.));
#2135=CARTESIAN_POINT('',(-3.67381906146713E-16,-6.,0.));
#2136=CARTESIAN_POINT('',(19.0787840283389,-6.,0.));
#2137=CARTESIAN_POINT('',(64.5,-19.5,-13.2));
#2138=CARTESIAN_POINT('',(64.5,-19.5,-14.));
#2139=CARTESIAN_POINT('',(64.5,18.7,-14.));
#2140=CARTESIAN_POINT('',(64.5,-18.7,-14.));
#2141=CARTESIAN_POINT('',(64.5,-18.7,-30.2));
#2142=CARTESIAN_POINT('',(64.5,18.7,-13.2));
#2143=CARTESIAN_POINT('',(0.,0.,-13.2));
#2144=CARTESIAN_POINT('',(-56.,0.,-13.2));
#2145=CARTESIAN_POINT('',(-56.,5.25,-13.2));
#2146=CARTESIAN_POINT('',(-56.,-5.25,-13.2));
#2147=CARTESIAN_POINT('',(-56.,5.25,-13.2));
#2148=CARTESIAN_POINT('',(-40.,5.25,-13.2));
#2149=CARTESIAN_POINT('',(-40.,0.,-13.2));
#2150=CARTESIAN_POINT('',(-40.,-5.25,-13.2));
#2151=CARTESIAN_POINT('',(-56.,-5.25,-13.2));
#2152=CARTESIAN_POINT('',(1.14500694082392E-15,18.7,-13.2));
#2153=CARTESIAN_POINT('',(-63.7,18.7,-13.2));
#2154=CARTESIAN_POINT('',(-63.7,-19.5,-13.2));
#2155=CARTESIAN_POINT('',(-63.7,-18.7,-13.2));
#2156=CARTESIAN_POINT('',(-1.14500694082392E-15,-18.7,-13.2));
#2157=CARTESIAN_POINT('',(-147.682632695927,-18.5,-13.2));
#2158=CARTESIAN_POINT('',(-28.3866890591663,-18.5,-13.2));
#2159=CARTESIAN_POINT('',(-28.3866890591663,-18.5,-13.2));
#2160=CARTESIAN_POINT('',(-28.6421687285531,-18.5,-13.2));
#2161=CARTESIAN_POINT('',(-29.1388298838738,-18.2867721559687,-13.2));
#2162=CARTESIAN_POINT('',(-29.3672707268628,-17.8002727576078,-13.2));
#2163=CARTESIAN_POINT('',(-29.3907582027877,-17.5461837132999,-13.2));
#2164=CARTESIAN_POINT('',(-29.3907582027876,17.5461837132999,-13.2));
#2165=CARTESIAN_POINT('',(-29.3672438020848,17.8005640316081,-13.2));
#2166=CARTESIAN_POINT('',(-29.1394374239381,18.2858893601889,-13.2));
#2167=CARTESIAN_POINT('',(-28.6425013071467,18.5,-13.2));
#2168=CARTESIAN_POINT('',(-28.3866890591663,18.5,-13.2));
#2169=CARTESIAN_POINT('',(-28.3866890591663,18.5,-13.2));
#2170=CARTESIAN_POINT('',(-148.414173525885,18.5,-13.2));
#2171=CARTESIAN_POINT('',(-64.5,19.5,-13.2));
#2172=CARTESIAN_POINT('',(-64.5,19.5,-14.));
#2173=CARTESIAN_POINT('',(-64.5,-18.7,-14.));
#2174=CARTESIAN_POINT('',(-64.5,18.7,-14.));
#2175=CARTESIAN_POINT('',(-64.5,18.7,-30.2));
#2176=CARTESIAN_POINT('',(-64.5,-18.7,-13.2));
#2177=CARTESIAN_POINT('',(0.,0.,-1.73472347597681E-15));
#2178=CARTESIAN_POINT('',(0.0314728422460731,-4.16417575674291,19.574942027951));
#2179=CARTESIAN_POINT('',(-1.15852528345957,-3.69265452836857,19.6351913419101));
#2180=CARTESIAN_POINT('',(-1.65995437969497,-2.52895568289193,19.7829249688542));
#2181=CARTESIAN_POINT('',(-1.2002528169459,-1.35050979104116,19.931172745278));
#2182=CARTESIAN_POINT('',(-0.0312632605480796,-0.835951021477597,19.9954870388013));
#2183=CARTESIAN_POINT('',(1.15792721570295,-1.30724268044562,19.9365904186437));
#2184=CARTESIAN_POINT('',(1.65986535283555,-2.46912846220361,19.7904837069196));
#2185=CARTESIAN_POINT('',(1.20105856216196,-3.64906636988422,19.6407492715291));
#2186=CARTESIAN_POINT('',(0.0314728422460731,-4.16417575674291,19.574942027951));
#2187=CARTESIAN_POINT('',(-1.15852528345957,-3.69265452836857,19.6351913419101));
#2188=CARTESIAN_POINT('',(-1.65995437969497,-2.52895568289193,19.7829249688542));
#2189=CARTESIAN_POINT('',(-1.04376377854786,-3.57729159218486,19.6497720607409));
#2190=CARTESIAN_POINT('',(-147.682632695927,-18.5,-13.2));
#2191=CARTESIAN_POINT('',(28.725179773898,-14.3669701096721,0.292879904116094));
#2192=CARTESIAN_POINT('',(28.7658883573876,-13.7928042209467,2.16732833231204));
#2193=CARTESIAN_POINT('',(28.4691103631985,-12.6406755527921,5.92862069312447));
#2194=CARTESIAN_POINT('',(26.9614694984901,-10.9985393814297,11.289614137244));
#2195=CARTESIAN_POINT('',(24.3729990084307,-9.4436890308863,16.3656502670215));
#2196=CARTESIAN_POINT('',(21.4521124477628,-8.31349988697872,20.0553178456102));
#2197=CARTESIAN_POINT('',(18.6420202381229,-7.50875917237115,22.6825114794048));
#2198=CARTESIAN_POINT('',(16.3714500161991,-6.97890018226006,24.4123135639278));
#2199=CARTESIAN_POINT('',(13.9281782724696,-6.51724671168162,25.9194487652509));
#2200=CARTESIAN_POINT('',(10.4199345916855,-5.99647516336386,27.6195835683831));
#2201=CARTESIAN_POINT('',(5.82118366066591,-5.55883324179147,29.048329559938));
#2202=CARTESIAN_POINT('',(0.91428356698112,-5.40840051171378,29.5394391851882));
#2203=CARTESIAN_POINT('',(-2.93867719265421,-5.46982588649549,29.3389070750928));
#2204=CARTESIAN_POINT('',(-5.83652611552011,-5.60553685911153,28.8958587778946));
#2205=CARTESIAN_POINT('',(-8.66553951260177,-5.83027970486103,28.1621529234792));
#2206=CARTESIAN_POINT('',(-11.3670924049712,-6.13605187852638,27.1639149898649));
#2207=CARTESIAN_POINT('',(-13.9612055474024,-6.52278697140135,25.9013617779753));
#2208=CARTESIAN_POINT('',(-17.2602849188821,-7.14867624916757,23.8580547895751));
#2209=CARTESIAN_POINT('',(-20.8635346132215,-8.08592906331598,20.798256047085));
#2210=CARTESIAN_POINT('',(-24.4249140531583,-9.46864475471909,16.2841786605895));
#2211=CARTESIAN_POINT('',(-26.5309209108088,-10.7388492206135,12.1374106074252));
#2212=CARTESIAN_POINT('',(-27.7285702348298,-11.8353690584539,8.5576613975089));
#2213=CARTESIAN_POINT('',(-28.549356423431,-12.9434361090545,4.94021462451316));
#2214=CARTESIAN_POINT('',(-28.7658827759368,-13.7928829433787,2.16707133143156));
#2215=CARTESIAN_POINT('',(-28.7251797738981,-14.3669701096721,0.292879904116094));
#2216=CARTESIAN_POINT('',(28.725179773898,-14.3669701096721,0.292879904116094));
#2217=CARTESIAN_POINT('',(-28.725179773898,-14.3669701096721,0.292879904116085));
#2218=CARTESIAN_POINT('',(160.425,-0.95614923613678,44.0744639390358));
#2219=CARTESIAN_POINT('',(-160.425,-0.95614923613678,44.0744639390358));
#2220=CARTESIAN_POINT('',(-148.414173525885,18.5,-13.2));
#2221=CARTESIAN_POINT('',(160.425,0.95614923613678,44.0744639390358));
#2222=CARTESIAN_POINT('',(-28.725179773898,14.3669701096721,0.292879904116094));
#2223=CARTESIAN_POINT('',(-28.725179773898,14.3669701096721,0.292879904116094));
#2224=CARTESIAN_POINT('',(-28.7658883573876,13.7928042209467,2.16732833231204));
#2225=CARTESIAN_POINT('',(-28.4691103631984,12.6406755527921,5.92862069312447));
#2226=CARTESIAN_POINT('',(-26.9614694984901,10.9985393814297,11.289614137244));
#2227=CARTESIAN_POINT('',(-24.3729990084307,9.44368903088628,16.3656502670215));
#2228=CARTESIAN_POINT('',(-21.4521124477627,8.31349988697874,20.0553178456101));
#2229=CARTESIAN_POINT('',(-18.642020238123,7.50875917237114,22.6825114794049));
#2230=CARTESIAN_POINT('',(-16.3714500161991,6.97890018226006,24.4123135639279));
#2231=CARTESIAN_POINT('',(-13.9281782724696,6.51724671168161,25.9194487652509));
#2232=CARTESIAN_POINT('',(-10.4199345916855,5.99647516336387,27.619583568383));
#2233=CARTESIAN_POINT('',(-5.82118366066589,5.55883324179147,29.048329559938));
#2234=CARTESIAN_POINT('',(-0.914283566981115,5.40840051171376,29.5394391851882));
#2235=CARTESIAN_POINT('',(2.93867719265421,5.46982588649549,29.3389070750927));
#2236=CARTESIAN_POINT('',(5.83652611552013,5.6055368591115,28.8958587778946));
#2237=CARTESIAN_POINT('',(8.66553951260178,5.83027970486104,28.1621529234792));
#2238=CARTESIAN_POINT('',(11.3670924049713,6.13605187852637,27.1639149898649));
#2239=CARTESIAN_POINT('',(13.9612055474024,6.52278697140135,25.9013617779753));
#2240=CARTESIAN_POINT('',(17.260284918882,7.14867624916758,23.8580547895751));
#2241=CARTESIAN_POINT('',(20.8635346132216,8.08592906331597,20.7982560470851));
#2242=CARTESIAN_POINT('',(24.4249140531582,9.46864475471912,16.2841786605895));
#2243=CARTESIAN_POINT('',(26.5309209108089,10.7388492206135,12.1374106074252));
#2244=CARTESIAN_POINT('',(27.7285702348298,11.8353690584539,8.5576613975089));
#2245=CARTESIAN_POINT('',(28.549356423431,12.9434361090545,4.94021462451316));
#2246=CARTESIAN_POINT('',(28.7658827759367,13.7928829433787,2.16707133143156));
#2247=CARTESIAN_POINT('',(28.7251797738981,14.3669701096721,0.292879904116102));
#2248=CARTESIAN_POINT('',(28.725179773898,14.3669701096721,0.292879904116094));
#2249=CARTESIAN_POINT('',(-160.425,0.95614923613678,44.0744639390358));
#2250=CARTESIAN_POINT('',(56.,0.,-161.614173525885));
#2251=CARTESIAN_POINT('',(56.,-5.25,-161.614173525885));
#2252=CARTESIAN_POINT('',(56.,5.25,-161.614173525885));
#2253=CARTESIAN_POINT('',(56.,-5.25,-161.614173525885));
#2254=CARTESIAN_POINT('',(40.,-5.25,-161.614173525885));
#2255=CARTESIAN_POINT('',(40.,0.,-161.614173525885));
#2256=CARTESIAN_POINT('',(40.,5.25,-161.614173525885));
#2257=CARTESIAN_POINT('',(56.,5.25,-161.614173525885));
#2258=CARTESIAN_POINT('',(-56.,0.,-161.614173525885));
#2259=CARTESIAN_POINT('',(-56.,5.25,-161.614173525885));
#2260=CARTESIAN_POINT('',(-56.,-5.25,-161.614173525885));
#2261=CARTESIAN_POINT('',(-56.,-5.25,-161.614173525885));
#2262=CARTESIAN_POINT('',(-40.,-5.25,-161.614173525885));
#2263=CARTESIAN_POINT('',(-40.,0.,-161.614173525885));
#2264=CARTESIAN_POINT('',(-40.,5.25,-161.614173525885));
#2265=CARTESIAN_POINT('',(-56.,5.25,-161.614173525885));
#2266=CARTESIAN_POINT('',(28.7251797738981,-14.3669701096721,0.292879904116066));
#2267=CARTESIAN_POINT('',(29.659495830193,-14.3726523757092,0.274329316470603));
#2268=CARTESIAN_POINT('',(29.7226757779793,-13.4815437258678,-2.77189828989307E-14));
#2269=CARTESIAN_POINT('',(28.626831819334,-15.7540987190836,-4.23560409793597));
#2270=CARTESIAN_POINT('',(29.5548837428487,-15.7558007649098,-4.24116067526716));
#2271=CARTESIAN_POINT('',(29.6238091788396,-14.8759874498769,-4.52848400205449));
#2272=CARTESIAN_POINT('',(28.5132245345076,-17.1401454306998,-8.76055608657226));
#2273=CARTESIAN_POINT('',(29.4348215921307,-17.1424612690637,-8.76811647939189));
#2274=CARTESIAN_POINT('',(29.5096027786485,-16.2693435706855,-9.0534359906918));
#2275=CARTESIAN_POINT('',(28.3843854120111,-18.5247748323146,-13.2808810596429));
#2276=CARTESIAN_POINT('',(29.2990566304239,-18.5320754292209,-13.3047149248455));
#2277=CARTESIAN_POINT('',(29.3800842144475,-17.6612749071663,-13.573760963759));
#2278=CARTESIAN_POINT('',(28.725179773898,-13.4108208735353,-2.71050543121376E-16));
#2279=CARTESIAN_POINT('',(-28.725179773898,-14.3669701096721,0.292879904116094));
#2280=CARTESIAN_POINT('',(-29.659495830193,-14.3726523757092,0.274329316470631));
#2281=CARTESIAN_POINT('',(-29.7226757779792,-13.4815437258678,0.));
#2282=CARTESIAN_POINT('',(-28.7658827754983,-13.7928829434071,2.16707133133897));
#2283=CARTESIAN_POINT('',(-29.6860508751144,-13.7856095406227,2.19081641737311));
#2284=CARTESIAN_POINT('',(-29.7635934299919,-12.9044290729238,1.93927364687154));
#2285=CARTESIAN_POINT('',(-28.5493564262915,-12.9434361086675,4.94021462577644));
#2286=CARTESIAN_POINT('',(-29.4458051251347,-12.9142151270266,5.03561078946513));
#2287=CARTESIAN_POINT('',(-29.5378941910529,-12.0505026239953,4.80836464119013));
#2288=CARTESIAN_POINT('',(-27.7285702302085,-11.8353690590894,8.55766139543437));
#2289=CARTESIAN_POINT('',(-28.5726822328763,-11.7721672990827,8.76399277462348));
#2290=CARTESIAN_POINT('',(-28.6868350182483,-10.9365921094293,8.55044941100499));
#2291=CARTESIAN_POINT('',(-26.5309209356758,-10.7388492171879,12.1374106186087));
#2292=CARTESIAN_POINT('',(-27.3208963123759,-10.6506536134448,12.4253380522234));
#2293=CARTESIAN_POINT('',(-27.4461479552974,-9.83428969749637,12.2532321051352));
#2294=CARTESIAN_POINT('',(-24.4249138524622,-9.46864478237274,16.2841785703102));
#2295=CARTESIAN_POINT('',(-25.1399870482633,-9.35172597704272,16.6658770919064));
#2296=CARTESIAN_POINT('',(-25.2659314737607,-8.55738675544506,16.5420713478127));
#2297=CARTESIAN_POINT('',(-20.863535346026,-8.0859289623429,20.7982563767264));
#2298=CARTESIAN_POINT('',(-21.4588787434061,-7.93538877321565,21.2897168177434));
#2299=CARTESIAN_POINT('',(-21.5807353858337,-7.16737909193425,21.2103913230172));
#2300=CARTESIAN_POINT('',(-17.2602827655813,-7.14867654587096,23.8580538209436));
#2301=CARTESIAN_POINT('',(-17.7373947408656,-6.97414059942887,24.4278519174455));
#2302=CARTESIAN_POINT('',(-17.8530892237672,-6.2251840127519,24.3745804683204));
#2303=CARTESIAN_POINT('',(-13.9612092767829,-6.52278645752988,25.9013634555838));
#2304=CARTESIAN_POINT('',(-14.3378250062042,-6.33389895220145,26.5180143128033));
#2305=CARTESIAN_POINT('',(-14.4404551187486,-5.59599325156525,26.4875705527816));
#2306=CARTESIAN_POINT('',(-11.3670781700797,-6.13605383995255,27.1639085865026));
#2307=CARTESIAN_POINT('',(-11.6711638282396,-5.93904635346812,27.8070683085183));
#2308=CARTESIAN_POINT('',(-11.7571522878027,-5.2072211739084,27.7931612714652));
#2309=CARTESIAN_POINT('',(-8.66559272278727,-5.83027237302786,28.1621768593198));
#2310=CARTESIAN_POINT('',(-8.89600516114514,-5.62696244255269,28.8259118305174));
#2311=CARTESIAN_POINT('',(-8.96289264086259,-4.89982714816011,28.8254613861405));
#2312=CARTESIAN_POINT('',(-5.83632750966954,-5.60556422501811,28.8957694378944));
#2313=CARTESIAN_POINT('',(-5.99083978217566,-5.3976625572848,29.5744948062146));
#2314=CARTESIAN_POINT('',(-6.03652812502495,-4.6739339868451,29.5840616613979));
#2315=CARTESIAN_POINT('',(-2.93941840587128,-5.46972375470231,29.3392404992528));
#2316=CARTESIAN_POINT('',(-3.01700488833823,-5.25906278374051,30.0269740160909));
#2317=CARTESIAN_POINT('',(-3.04023832959701,-4.53737715280978,30.0426502141829));
#2318=CARTESIAN_POINT('',(-0.0461903759099733,-5.42413801667532,29.4880618010242));
#2319=CARTESIAN_POINT('',(-0.0474123535293785,-5.21255286889809,30.1788124280966));
#2320=CARTESIAN_POINT('',(-0.0477746026757316,-4.49155101537329,30.1965446812356));
#2321=CARTESIAN_POINT('',(2.86671982960113,-5.46715109047356,29.3476393374885));
#2322=CARTESIAN_POINT('',(2.94240679708885,-5.25644339868104,30.0355253813043));
#2323=CARTESIAN_POINT('',(2.96504597202317,-4.53479092146578,30.0513353785238));
#2324=CARTESIAN_POINT('',(6.74697121670764,-5.64719351549132,28.7598645371912));
#2325=CARTESIAN_POINT('',(6.92749765179809,-5.44019787819988,29.4356320367646));
#2326=CARTESIAN_POINT('',(6.97841201101256,-4.71578281213953,29.4435237949785));
#2327=CARTESIAN_POINT('',(10.4189681022366,-5.99634199075143,27.6200183298326));
#2328=CARTESIAN_POINT('',(10.7017118098564,-5.79714198498781,28.2703358513578));
#2329=CARTESIAN_POINT('',(10.7764531194737,-5.06677254501473,28.2648216323634));
#2330=CARTESIAN_POINT('',(13.9283602865457,-6.51727179140704,25.9193668888231));
#2331=CARTESIAN_POINT('',(14.3040329986031,-6.32826366945479,26.5364115166329));
#2332=CARTESIAN_POINT('',(14.4064763532301,-5.59044950348527,26.5061877880403));
#2333=CARTESIAN_POINT('',(16.3714013234622,-6.97889347288628,24.4123354676588));
#2334=CARTESIAN_POINT('',(16.8171290543209,-6.79967261255608,24.9974281500047));
#2335=CARTESIAN_POINT('',(16.9336091377954,-6.05450557748384,24.9477644848757));
#2336=CARTESIAN_POINT('',(18.6420329949943,-7.50876093014085,22.6825057409088));
#2337=CARTESIAN_POINT('',(19.1554759123559,-7.34107494010263,23.2299411539658));
#2338=CARTESIAN_POINT('',(19.282541871622,-6.58716732587752,23.1589252612325));
#2339=CARTESIAN_POINT('',(21.4521050824741,-8.31349887211549,20.0553211587795));
#2340=CARTESIAN_POINT('',(22.059458561246,-8.16548809503093,20.5385239646413));
#2341=CARTESIAN_POINT('',(22.189766395176,-7.39614910670244,20.4420708480036));
#2342=CARTESIAN_POINT('',(24.3730015116724,-9.44368937580704,16.3656491409773));
#2343=CARTESIAN_POINT('',(25.0861283775001,-9.32624715939478,16.7490564145197));
#2344=CARTESIAN_POINT('',(25.212203746443,-8.53229974488897,16.626330298202));
#2345=CARTESIAN_POINT('',(26.961468824518,-10.9985392885667,11.2896144404089));
#2346=CARTESIAN_POINT('',(27.7750114038678,-10.9209608567634,11.5428805650832));
#2347=CARTESIAN_POINT('',(27.891866553136,-10.0953492616728,11.3763883197087));
#2348=CARTESIAN_POINT('',(28.4691105558448,-12.6406755793232,5.92862060650973));
#2349=CARTESIAN_POINT('',(29.3582154872694,-12.6080058596014,6.03527567950674));
#2350=CARTESIAN_POINT('',(29.4542737695605,-11.7461454669423,5.83096541454123));
#2351=CARTESIAN_POINT('',(28.765888357194,-13.7928042209494,2.1673283323033));
#2352=CARTESIAN_POINT('',(29.6860544893763,-13.7855296466003,2.19107724309555));
#2353=CARTESIAN_POINT('',(29.7635990408798,-12.904349935304,1.93953957232016));
#2354=CARTESIAN_POINT('',(28.7251797738981,-14.3669701096721,0.292879904116099));
#2355=CARTESIAN_POINT('',(29.659495830193,-14.3726523757092,0.274329316470636));
#2356=CARTESIAN_POINT('',(29.7226757779793,-13.4815437258678,5.50535146951149E-15));
#2357=CARTESIAN_POINT('',(-28.725179773898,-13.4108208735353,-8.89045781438114E-15));
#2358=CARTESIAN_POINT('',(-28.3843854120111,-18.5247748323146,-13.280881059643));
#2359=CARTESIAN_POINT('',(-29.2990566304239,-18.5320754292209,-13.3047149248455));
#2360=CARTESIAN_POINT('',(-29.3800842144475,-17.6612749071663,-13.573760963759));
#2361=CARTESIAN_POINT('',(-28.5132245345261,-17.1401454307036,-8.76055608658464));
#2362=CARTESIAN_POINT('',(-29.4348215921607,-17.1424612690766,-8.76811647939585));
#2363=CARTESIAN_POINT('',(-29.5096027786474,-16.2693435706968,-9.05343599070075));
#2364=CARTESIAN_POINT('',(-28.6268318192401,-15.7540987191011,-4.23560409799305));
#2365=CARTESIAN_POINT('',(-29.5548837427545,-15.7558007649579,-4.24116067530799));
#2366=CARTESIAN_POINT('',(-29.6238091788361,-14.8759874499263,-4.52848400210567));
#2367=CARTESIAN_POINT('',(-28.7251797738981,-14.3669701096725,0.292879904114956));
#2368=CARTESIAN_POINT('',(-29.659495830193,-14.3726523757096,0.274329316469493));
#2369=CARTESIAN_POINT('',(-29.7226757779793,-13.4815437258681,-1.13794200752409E-12));
#2370=CARTESIAN_POINT('',(29.7226757779792,13.4815437258678,-3.46578768028379E-14));
#2371=CARTESIAN_POINT('',(29.6594958301929,14.3726523757092,0.274329316470596));
#2372=CARTESIAN_POINT('',(28.725179773898,14.3669701096721,0.292879904116059));
#2373=CARTESIAN_POINT('',(29.6238091788395,14.8759874498769,-4.52848400205449));
#2374=CARTESIAN_POINT('',(29.5548837428934,15.7558007649098,-4.24116067526752));
#2375=CARTESIAN_POINT('',(28.626831819334,15.7540987190836,-4.23560409793598));
#2376=CARTESIAN_POINT('',(29.5096027786484,16.2693435706847,-9.05343599069181));
#2377=CARTESIAN_POINT('',(29.4348215921411,17.1424612690643,-8.76811647936714));
#2378=CARTESIAN_POINT('',(28.5132245345075,17.1401454306998,-8.76055608657226));
#2379=CARTESIAN_POINT('',(29.3800842144475,17.6612749071663,-13.573760963759));
#2380=CARTESIAN_POINT('',(29.2990566304238,18.5320754292209,-13.3047149248455));
#2381=CARTESIAN_POINT('',(28.384385412011,18.5247748323146,-13.280881059643));
#2382=CARTESIAN_POINT('',(28.7251797738981,13.4108208735353,-8.62434398055041E-16));
#2383=CARTESIAN_POINT('',(28.725179773898,14.3669701096721,0.292879904116094));
#2384=CARTESIAN_POINT('',(29.6594958301929,14.3726523757092,0.274329316470631));
#2385=CARTESIAN_POINT('',(29.7226757779792,13.4815437258678,0.));
#2386=CARTESIAN_POINT('',(28.7658827757159,13.7928829433882,2.16707133140071));
#2387=CARTESIAN_POINT('',(29.6860508753403,13.785609540606,2.19081641743728));
#2388=CARTESIAN_POINT('',(29.7635934299943,12.9044290728898,1.93927364693553));
#2389=CARTESIAN_POINT('',(28.5493564262425,12.9434361086718,4.94021462576257));
#2390=CARTESIAN_POINT('',(29.4458051250844,12.9142151270303,5.03561078945068));
#2391=CARTESIAN_POINT('',(29.5378941910524,12.0505026240029,4.80836464117575));
#2392=CARTESIAN_POINT('',(27.7285702302176,11.8353690590886,8.55766139543694));
#2393=CARTESIAN_POINT('',(28.5726822328855,11.772167299082,8.76399277462617));
#2394=CARTESIAN_POINT('',(28.6868350182484,10.9365921094279,8.55044941100765));
#2395=CARTESIAN_POINT('',(26.5309209356706,10.7388492171883,12.1374106186072));
#2396=CARTESIAN_POINT('',(27.3208963123707,10.6506536134452,12.4253380522219));
#2397=CARTESIAN_POINT('',(27.4461479552974,9.83428969749717,12.2532321051337));
#2398=CARTESIAN_POINT('',(24.424913852464,9.46864478237258,16.2841785703107));
#2399=CARTESIAN_POINT('',(25.1399870482651,9.35172597704258,16.6658770919069));
#2400=CARTESIAN_POINT('',(25.2659314737607,8.55738675544477,16.5420713478133));
#2401=CARTESIAN_POINT('',(20.8635353460255,8.08592896234295,20.7982563767263));
#2402=CARTESIAN_POINT('',(21.4588787434056,7.93538877321569,21.2897168177432));
#2403=CARTESIAN_POINT('',(21.5807353858337,7.16737909193433,21.210391323017));
#2404=CARTESIAN_POINT('',(17.2602827655813,7.14867654587094,23.8580538209436));
#2405=CARTESIAN_POINT('',(17.7373947408656,6.97414059942886,24.4278519174456));
#2406=CARTESIAN_POINT('',(17.8530892237672,6.22518401275188,24.3745804683204));
#2407=CARTESIAN_POINT('',(13.9612092767828,6.52278645752989,25.9013634555837));
#2408=CARTESIAN_POINT('',(14.3378250062042,6.33389895220146,26.5180143128033));
#2409=CARTESIAN_POINT('',(14.4404551187485,5.59599325156525,26.4875705527815));
#2410=CARTESIAN_POINT('',(11.3670781700797,6.13605383995253,27.1639085865026));
#2411=CARTESIAN_POINT('',(11.6711638282396,5.9390463534681,27.8070683085184));
#2412=CARTESIAN_POINT('',(11.7571522878027,5.20722117390839,27.7931612714652));
#2413=CARTESIAN_POINT('',(8.66559272278728,5.83027237302784,28.1621768593198));
#2414=CARTESIAN_POINT('',(8.89600516114515,5.62696244255268,28.8259118305174));
#2415=CARTESIAN_POINT('',(8.96289264086259,4.8998271481601,28.8254613861405));
#2416=CARTESIAN_POINT('',(5.83632750966954,5.6055642250181,28.8957694378945));
#2417=CARTESIAN_POINT('',(5.99083978217566,5.39766255728478,29.5744948062146));
#2418=CARTESIAN_POINT('',(6.03652812502496,4.6739339868451,29.5840616613979));
#2419=CARTESIAN_POINT('',(2.93941840587128,5.46972375470232,29.3392404992528));
#2420=CARTESIAN_POINT('',(3.01700488833822,5.25906278374052,30.0269740160909));
#2421=CARTESIAN_POINT('',(3.04023832959702,4.53737715280979,30.0426502141829));
#2422=CARTESIAN_POINT('',(0.046190375909972,5.42413801667531,29.4880618010243));
#2423=CARTESIAN_POINT('',(0.0474123535293792,5.21255286889808,30.1788124280966));
#2424=CARTESIAN_POINT('',(0.0477746026757305,4.49155101537327,30.1965446812357));
#2425=CARTESIAN_POINT('',(-2.86671982960116,5.46715109047357,29.3476393374885));
#2426=CARTESIAN_POINT('',(-2.94240679708887,5.25644339868105,30.0355253813043));
#2427=CARTESIAN_POINT('',(-2.9650459720232,4.53479092146579,30.0513353785238));
#2428=CARTESIAN_POINT('',(-6.74697121670751,5.64719351549132,28.7598645371912));
#2429=CARTESIAN_POINT('',(-6.92749765179798,5.44019787819989,29.4356320367646));
#2430=CARTESIAN_POINT('',(-6.97841201101243,4.71578281213953,29.4435237949785));
#2431=CARTESIAN_POINT('',(-10.4189681022366,5.99634199075143,27.6200183298326));
#2432=CARTESIAN_POINT('',(-10.7017118098565,5.79714198498781,28.2703358513578));
#2433=CARTESIAN_POINT('',(-10.7764531194737,5.06677254501473,28.2648216323634));
#2434=CARTESIAN_POINT('',(-13.9283602865457,6.51727179140705,25.9193668888231));
#2435=CARTESIAN_POINT('',(-14.304032998603,6.3282636694548,26.5364115166329));
#2436=CARTESIAN_POINT('',(-14.4064763532301,5.59044950348527,26.5061877880403));
#2437=CARTESIAN_POINT('',(-16.3714013234622,6.97889347288627,24.4123354676588));
#2438=CARTESIAN_POINT('',(-16.817129054321,6.79967261255608,24.9974281500047));
#2439=CARTESIAN_POINT('',(-16.9336091377955,6.05450557748384,24.9477644848757));
#2440=CARTESIAN_POINT('',(-18.6420329949943,7.50876093014084,22.6825057409089));
#2441=CARTESIAN_POINT('',(-19.1554759123558,7.3410749401026,23.2299411539659));
#2442=CARTESIAN_POINT('',(-19.282541871622,6.58716732587751,23.1589252612325));
#2443=CARTESIAN_POINT('',(-21.4521050824741,8.31349887211549,20.0553211587794));
#2444=CARTESIAN_POINT('',(-22.0594585612463,8.16548809503104,20.5385239646408));
#2445=CARTESIAN_POINT('',(-22.189766395176,7.39614910670247,20.4420708480035));
#2446=CARTESIAN_POINT('',(-24.3730015116718,9.44368937580704,16.3656491409773));
#2447=CARTESIAN_POINT('',(-25.086128377498,9.32624715939418,16.7490564145229));
#2448=CARTESIAN_POINT('',(-25.2122037464429,8.53229974488878,16.6263302982019));
#2449=CARTESIAN_POINT('',(-26.9614688245197,10.9985392885667,11.2896144404088));
#2450=CARTESIAN_POINT('',(-27.7750114038736,10.9209608567645,11.5428805650749));
#2451=CARTESIAN_POINT('',(-27.8918665531359,10.0953492616736,11.3763883197089));
#2452=CARTESIAN_POINT('',(-28.4691105558385,12.6406755793232,5.92862060650983));
#2453=CARTESIAN_POINT('',(-29.3582154872516,12.6080058596017,6.03527567952305));
#2454=CARTESIAN_POINT('',(-29.4542737695607,11.7461454669396,5.83096541454031));
#2455=CARTESIAN_POINT('',(-28.7658883572075,13.7928042209495,2.16732833230309));
#2456=CARTESIAN_POINT('',(-29.6860544894133,13.7855296465927,2.19107724308263));
#2457=CARTESIAN_POINT('',(-29.7635990408793,12.9043499353098,1.93953957232214));
#2458=CARTESIAN_POINT('',(-28.725179773898,14.3669701096721,0.292879904116096));
#2459=CARTESIAN_POINT('',(-29.6594958301929,14.3726523757092,0.274329316470633));
#2460=CARTESIAN_POINT('',(-29.7226757779792,13.4815437258678,2.05605202509572E-15));
#2461=CARTESIAN_POINT('',(-28.7251797738981,13.4108208735353,-1.65319854111302E-16));
#2462=CARTESIAN_POINT('',(-29.3800842144475,17.6612749071663,-13.5737609637591));
#2463=CARTESIAN_POINT('',(-29.2990566304238,18.5320754292209,-13.3047149248455));
#2464=CARTESIAN_POINT('',(-28.384385412011,18.5247748323146,-13.280881059643));
#2465=CARTESIAN_POINT('',(-29.5096027786473,16.2693435706968,-9.05343599070076));
#2466=CARTESIAN_POINT('',(-29.4348215921606,17.1424612690766,-8.76811647937354));
#2467=CARTESIAN_POINT('',(-28.513224534526,17.1401454307036,-8.76055608658465));
#2468=CARTESIAN_POINT('',(-29.623809178836,14.8759874499263,-4.52848400210568));
#2469=CARTESIAN_POINT('',(-29.5548837427992,15.7558007649579,-4.24116067530799));
#2470=CARTESIAN_POINT('',(-28.62683181924,15.7540987191011,-4.23560409799305));
#2471=CARTESIAN_POINT('',(-29.7226757779792,13.4815437258681,-1.14488090142799E-12));
#2472=CARTESIAN_POINT('',(-29.6594958301929,14.3726523757096,0.274329316469486));
#2473=CARTESIAN_POINT('',(-28.725179773898,14.3669701096725,0.292879904114949));
#2474=CARTESIAN_POINT('',(-1.14500694082392E-15,-18.7,-14.));
#2475=CARTESIAN_POINT('',(-63.7,-18.7,-14.));
#2476=CARTESIAN_POINT('',(-63.7,-18.7,21.0787840283389));
#2477=CARTESIAN_POINT('',(-63.7,-18.7,-14.));
#2478=CARTESIAN_POINT('',(-63.7,-18.7,-14.));
#2479=CARTESIAN_POINT('',(-63.7,-18.7,-14.));
#2480=CARTESIAN_POINT('',(1.14500694082392E-15,18.7,-14.));
#2481=CARTESIAN_POINT('',(-63.7,18.7,-14.));
#2482=CARTESIAN_POINT('',(-63.7,0.,-14.));
#2483=CARTESIAN_POINT('',(-63.7,18.7,-14.));
#2484=CARTESIAN_POINT('',(-63.7,18.7,-14.));
#2485=CARTESIAN_POINT('',(-63.7,18.7,-14.));
#2486=CARTESIAN_POINT('',(-63.7,18.7,-13.2));
#2487=CARTESIAN_POINT('',(1.14500694082392E-15,18.7,-14.));
#2488=CARTESIAN_POINT('',(63.7,18.7,-14.));
#2489=CARTESIAN_POINT('',(63.7,18.7,21.0787840283389));
#2490=CARTESIAN_POINT('',(63.7,18.7,-14.));
#2491=CARTESIAN_POINT('',(63.7,18.7,-14.));
#2492=CARTESIAN_POINT('',(63.7,18.7,-14.));
#2493=CARTESIAN_POINT('',(-1.14500694082392E-15,-18.7,-14.));
#2494=CARTESIAN_POINT('',(63.7,-18.7,-14.));
#2495=CARTESIAN_POINT('',(63.7,0.,-14.));
#2496=CARTESIAN_POINT('',(63.7,-18.7,-14.));
#2497=CARTESIAN_POINT('',(63.7,-18.7,-14.));
#2498=CARTESIAN_POINT('',(63.7,-18.7,-14.));
#2499=CARTESIAN_POINT('',(63.7,-18.7,-13.2));
#2500=CARTESIAN_POINT('',(0.,-2.5,-118.123049939049));
#2501=CARTESIAN_POINT('',(-6.18426208680301E-17,-1.01,30.21));
#2502=CARTESIAN_POINT('',(-1.53075794227797E-16,-2.5,30.21));
#2503=CARTESIAN_POINT('',(-1.53075794227797E-16,-5.,30.21));
#2504=CARTESIAN_POINT('',(-1.53075794227797E-16,-2.5,30.21));
#2505=CARTESIAN_POINT('',(-1.53075794227797E-16,-3.99,30.21));
#2506=CARTESIAN_POINT('',(-1.53075794227797E-16,-2.5,33.2));
#2507=CARTESIAN_POINT('',(-1.53075794227797E-16,-2.5,33.2));
#2508=CARTESIAN_POINT('',(-1.53075794227797E-16,-5.,33.2));
#2509=CARTESIAN_POINT('',(-7.40742350477948E-49,-1.20976401627488E-32,33.2));
#2510=CARTESIAN_POINT('',(-1.53075794227797E-16,-2.5,19.9749843554382));
#2511=CARTESIAN_POINT('',(-1.53075794227797E-16,-2.5,19.9749843554382));
#2512=CARTESIAN_POINT('',(-1.53075794227797E-16,-3.99,19.9749843554382));
#2513=CARTESIAN_POINT('',(-1.53075794227797E-16,-2.5,33.2));
#2514=CARTESIAN_POINT('',(0.,0.,0.));
#2515=MECHANICAL_DESIGN_GEOMETRIC_PRESENTATION_REPRESENTATION('',(#1166,
#1167,#1168,#1169,#1170,#1171,#1172,#1173,#1174,#1175,#1176,#1177,#1178),
#2516);
#2516=(
GEOMETRIC_REPRESENTATION_CONTEXT(3)
GLOBAL_UNCERTAINTY_ASSIGNED_CONTEXT((#2521))
GLOBAL_UNIT_ASSIGNED_CONTEXT((#2528,#2527,#2526))
REPRESENTATION_CONTEXT('UCP\X2\5E267ACB5F0F5EA798764E1D59167403976274038F74627F\X0\',
'TOP_LEVEL_ASSEMBLY_PART')
);
#2517=(
GEOMETRIC_REPRESENTATION_CONTEXT(3)
GLOBAL_UNCERTAINTY_ASSIGNED_CONTEXT((#2522))
GLOBAL_UNIT_ASSIGNED_CONTEXT((#2528,#2527,#2526))
REPRESENTATION_CONTEXT('UC\X2\88C5914D4F53\X0\','COMPONENT_PART')
);
#2518=(
GEOMETRIC_REPRESENTATION_CONTEXT(3)
GLOBAL_UNCERTAINTY_ASSIGNED_CONTEXT((#2523))
GLOBAL_UNIT_ASSIGNED_CONTEXT((#2528,#2527,#2526))
REPRESENTATION_CONTEXT('UC\X2\74038F74627F\X0\','COMPONENT_PART')
);
#2519=(
GEOMETRIC_REPRESENTATION_CONTEXT(3)
GLOBAL_UNCERTAINTY_ASSIGNED_CONTEXT((#2524))
GLOBAL_UNIT_ASSIGNED_CONTEXT((#2528,#2527,#2526))
REPRESENTATION_CONTEXT('\X2\98764E1D\X0\','COMPONENT_PART')
);
#2520=(
GEOMETRIC_REPRESENTATION_CONTEXT(3)
GLOBAL_UNCERTAINTY_ASSIGNED_CONTEXT((#2525))
GLOBAL_UNIT_ASSIGNED_CONTEXT((#2528,#2527,#2526))
REPRESENTATION_CONTEXT('P\X2\94F890207ACB5F0F5EA7\X0\','COMPONENT_PART')
);
#2521=UNCERTAINTY_MEASURE_WITH_UNIT(LENGTH_MEASURE(0.005),#2528,
'DISTANCE_ACCURACY_VALUE','Maximum Tolerance applied to model');
#2522=UNCERTAINTY_MEASURE_WITH_UNIT(LENGTH_MEASURE(0.005),#2528,
'DISTANCE_ACCURACY_VALUE','Maximum Tolerance applied to model');
#2523=UNCERTAINTY_MEASURE_WITH_UNIT(LENGTH_MEASURE(0.005),#2528,
'DISTANCE_ACCURACY_VALUE','Maximum Tolerance applied to model');
#2524=UNCERTAINTY_MEASURE_WITH_UNIT(LENGTH_MEASURE(0.005),#2528,
'DISTANCE_ACCURACY_VALUE','Maximum Tolerance applied to model');
#2525=UNCERTAINTY_MEASURE_WITH_UNIT(LENGTH_MEASURE(0.005),#2528,
'DISTANCE_ACCURACY_VALUE','Maximum Tolerance applied to model');
#2526=(
NAMED_UNIT(*)
SI_UNIT($,.STERADIAN.)
SOLID_ANGLE_UNIT()
);
#2527=(
NAMED_UNIT(*)
PLANE_ANGLE_UNIT()
SI_UNIT($,.RADIAN.)
);
#2528=(
LENGTH_UNIT()
NAMED_UNIT(*)
SI_UNIT(.MILLI.,.METRE.)
);
#2529=PRODUCT_DEFINITION_SHAPE('','',#2539);
#2530=PRODUCT_DEFINITION_SHAPE('','',#2540);
#2531=PRODUCT_DEFINITION_SHAPE('','',#2541);
#2532=PRODUCT_DEFINITION_SHAPE(' ','NAUO PRDDFN',#138);
#2533=PRODUCT_DEFINITION_SHAPE('','',#2542);
#2534=PRODUCT_DEFINITION_SHAPE(' ','NAUO PRDDFN',#139);
#2535=PRODUCT_DEFINITION_SHAPE(' ','NAUO PRDDFN',#140);
#2536=PRODUCT_DEFINITION_SHAPE(' ','NAUO PRDDFN',#141);
#2537=PRODUCT_DEFINITION_SHAPE('','',#2543);
#2538=PRODUCT_DEFINITION_SHAPE(' ','NAUO PRDDFN',#142);
#2539=PRODUCT_DEFINITION('','',#2549,#2544);
#2540=PRODUCT_DEFINITION('','',#2550,#2545);
#2541=PRODUCT_DEFINITION('','',#2551,#2546);
#2542=PRODUCT_DEFINITION('','',#2552,#2547);
#2543=PRODUCT_DEFINITION('','',#2553,#2548);
#2544=PRODUCT_DEFINITION_CONTEXT('',#2575,'design');
#2545=PRODUCT_DEFINITION_CONTEXT('',#2575,'design');
#2546=PRODUCT_DEFINITION_CONTEXT('',#2575,'design');
#2547=PRODUCT_DEFINITION_CONTEXT('',#2575,'design');
#2548=PRODUCT_DEFINITION_CONTEXT('',#2575,'design');
#2549=PRODUCT_DEFINITION_FORMATION_WITH_SPECIFIED_SOURCE('','',#2559,
 .NOT_KNOWN.);
#2550=PRODUCT_DEFINITION_FORMATION_WITH_SPECIFIED_SOURCE('','',#2560,
 .NOT_KNOWN.);
#2551=PRODUCT_DEFINITION_FORMATION_WITH_SPECIFIED_SOURCE('','',#2561,
 .NOT_KNOWN.);
#2552=PRODUCT_DEFINITION_FORMATION_WITH_SPECIFIED_SOURCE('','',#2562,
 .NOT_KNOWN.);
#2553=PRODUCT_DEFINITION_FORMATION_WITH_SPECIFIED_SOURCE('','',#2563,
 .NOT_KNOWN.);
#2554=PRODUCT_RELATED_PRODUCT_CATEGORY('','',(#2559));
#2555=PRODUCT_RELATED_PRODUCT_CATEGORY('','',(#2560));
#2556=PRODUCT_RELATED_PRODUCT_CATEGORY('','',(#2561));
#2557=PRODUCT_RELATED_PRODUCT_CATEGORY('','',(#2562));
#2558=PRODUCT_RELATED_PRODUCT_CATEGORY('','',(#2563));
#2559=PRODUCT('UCP\X2\5E267ACB5F0F5EA798764E1D59167403976274038F74627F\X0\',
'UCP\X2\5E267ACB5F0F5EA798764E1D59167403976274038F74627F\X0\',
'UCP\X2\5E267ACB5F0F5EA798764E1D59167403976274038F74627F\X0\',(#2569));
#2560=PRODUCT('UC\X2\88C5914D4F53\X0\','UC\X2\88C5914D4F53\X0\',
'UC\X2\88C5914D4F53\X0\',(#2570));
#2561=PRODUCT('UC\X2\74038F74627F\X0\','UC\X2\74038F74627F\X0\',
'UC\X2\74038F74627F\X0\',(#2571));
#2562=PRODUCT('\X2\98764E1D\X0\','\X2\98764E1D\X0\','\X2\98764E1D\X0\',
(#2572));
#2563=PRODUCT('P\X2\94F890207ACB5F0F5EA7\X0\','P\X2\94F890207ACB5F0F5EA7\X0\',
'P\X2\94F890207ACB5F0F5EA7\X0\',(#2573));
#2564=PRODUCT_CATEGORY('','');
#2565=PRODUCT_CATEGORY('','');
#2566=PRODUCT_CATEGORY('','');
#2567=PRODUCT_CATEGORY('','');
#2568=PRODUCT_CATEGORY('','');
#2569=PRODUCT_CONTEXT('',#2575,'mechanical');
#2570=PRODUCT_CONTEXT('',#2575,'mechanical');
#2571=PRODUCT_CONTEXT('',#2575,'mechanical');
#2572=PRODUCT_CONTEXT('',#2575,'mechanical');
#2573=PRODUCT_CONTEXT('',#2575,'mechanical');
#2574=APPLICATION_PROTOCOL_DEFINITION('international standard',
'automotive_design',2010,#2575);
#2575=APPLICATION_CONTEXT(
'core data for automotive mechanical design processes');
ENDSEC;
END-ISO-10303-21;
