ISO-10303-21;
HEADER;
/* Generated by software containing HOOPS Exchange Step
 * from HOOPS Exchange, Inc. (www.tiangong.cloud) 
 */

FILE_DESCRIPTION(
/* description */ ('Unknown'),
/* implementation_level */ '2;1');

FILE_NAME(
/* name */ 'ukfl+h\X2\5E26\X0\fl200\X2\578B83F15F625EA77D275B9A595759167403976274038F74627F\X0\',

/* time_stamp */ '2025-01-21T18:47:31+08:00',
/* author */ ('Unknown'),
/* organization */ ('Unknown'),
/* preprocessor_version */ 'ST-DEVELOPER v19.4',
/* originating_system */ 'TianGong',
/* authorisation */ 'Unknown');

FILE_SCHEMA (('AUTOMOTIVE_DESIGN {1 0 10303 214 3 1 1}'));
ENDSEC;

DATA;
#10=PROPERTY_DEFINITION_REPRESENTATION(#14,#12);
#11=PROPERTY_DEFINITION_REPRESENTATION(#15,#13);
#12=REPRESENTATION('',(#16),#5736);
#13=REPRESENTATION('',(#17),#5736);
#14=PROPERTY_DEFINITION('pmi validation property','',#5745);
#15=PROPERTY_DEFINITION('pmi validation property','',#5745);
#16=VALUE_REPRESENTATION_ITEM('number of annotations',COUNT_MEASURE(0.));
#17=VALUE_REPRESENTATION_ITEM('number of views',COUNT_MEASURE(0.));
#18=(
BOUNDED_SURFACE()
B_SPLINE_SURFACE(3,2,((#5532,#5533,#5534),(#5535,#5536,#5537),(#5538,#5539,
#5540),(#5541,#5542,#5543),(#5544,#5545,#5546),(#5547,#5548,#5549)),
 .UNSPECIFIED.,.F.,.F.,.F.)
B_SPLINE_SURFACE_WITH_KNOTS((4,1,1,4),(3,3),(0.,0.00347678024769812,0.00695356049539624,
0.0139071209907925),(0.,1.),.UNSPECIFIED.)
GEOMETRIC_REPRESENTATION_ITEM()
RATIONAL_B_SPLINE_SURFACE(((1.,0.707106781186548,1.),(1.,0.762554821846112,
1.),(1.,0.850942623930007,1.),(1.,0.96839917901175,1.),(1.,1.00000000000013,
1.),(1.,1.,1.)))
REPRESENTATION_ITEM('')
SURFACE()
);
#19=(
BOUNDED_SURFACE()
B_SPLINE_SURFACE(3,2,((#5558,#5559,#5560),(#5561,#5562,#5563),(#5564,#5565,
#5566),(#5567,#5568,#5569),(#5570,#5571,#5572)),.UNSPECIFIED.,.F.,.F.,.F.)
B_SPLINE_SURFACE_WITH_KNOTS((4,1,4),(3,3),(0.,0.00214474160459839,0.00428948320919677),
(0.,1.),.UNSPECIFIED.)
GEOMETRIC_REPRESENTATION_ITEM()
RATIONAL_B_SPLINE_SURFACE(((1.,0.8590461803322,1.),(1.,0.859046179010757,
1.),(1.,0.819190467614706,1.),(1.,0.743368000096767,1.),(1.,0.707106781186548,
1.)))
REPRESENTATION_ITEM('')
SURFACE()
);
#20=(
BOUNDED_SURFACE()
B_SPLINE_SURFACE(3,2,((#5576,#5577,#5578),(#5579,#5580,#5581),(#5582,#5583,
#5584),(#5585,#5586,#5587),(#5588,#5589,#5590)),.UNSPECIFIED.,.F.,.F.,.F.)
B_SPLINE_SURFACE_WITH_KNOTS((4,1,4),(3,3),(0.,0.00214503920383626,0.00429007840767251),
(0.,1.),.UNSPECIFIED.)
GEOMETRIC_REPRESENTATION_ITEM()
RATIONAL_B_SPLINE_SURFACE(((1.,0.707106781186548,1.),(1.,0.743428443900478,
1.),(1.,0.819071143493051,1.),(1.,0.859046179858525,1.),(1.,0.8590461803322,
1.)))
REPRESENTATION_ITEM('')
SURFACE()
);
#21=(
BOUNDED_SURFACE()
B_SPLINE_SURFACE(3,2,((#5599,#5600,#5601),(#5602,#5603,#5604),(#5605,#5606,
#5607),(#5608,#5609,#5610),(#5611,#5612,#5613),(#5614,#5615,#5616)),
 .UNSPECIFIED.,.F.,.F.,.F.)
B_SPLINE_SURFACE_WITH_KNOTS((4,1,1,4),(3,3),(0.,0.00347678024769813,0.00695356049539626,
0.0139071209907925),(0.,1.),.UNSPECIFIED.)
GEOMETRIC_REPRESENTATION_ITEM()
RATIONAL_B_SPLINE_SURFACE(((1.,0.707106781186547,1.),(1.,0.762554821845981,
1.),(1.,0.850942623930069,1.),(1.,0.968399179011714,1.),(1.,1.00000000000013,
1.),(1.,1.,1.)))
REPRESENTATION_ITEM('')
SURFACE()
);
#22=(
BOUNDED_SURFACE()
B_SPLINE_SURFACE(3,2,((#5629,#5630,#5631),(#5632,#5633,#5634),(#5635,#5636,
#5637),(#5638,#5639,#5640),(#5641,#5642,#5643),(#5644,#5645,#5646)),
 .UNSPECIFIED.,.F.,.F.,.F.)
B_SPLINE_SURFACE_WITH_KNOTS((4,1,1,4),(3,3),(-4.77048955893622E-18,0.0034767802476981,
0.00695356049539621,0.0139071209907924),(0.,1.),.UNSPECIFIED.)
GEOMETRIC_REPRESENTATION_ITEM()
RATIONAL_B_SPLINE_SURFACE(((1.,0.707106781186548,1.),(1.,0.762554821842674,
1.),(1.,0.850942623931573,1.),(1.,0.968399179010811,1.),(1.,1.00000000000013,
1.),(1.,1.,1.)))
REPRESENTATION_ITEM('')
SURFACE()
);
#23=(
BOUNDED_SURFACE()
B_SPLINE_SURFACE(3,2,((#5655,#5656,#5657),(#5658,#5659,#5660),(#5661,#5662,
#5663),(#5664,#5665,#5666),(#5667,#5668,#5669)),.UNSPECIFIED.,.F.,.F.,.F.)
B_SPLINE_SURFACE_WITH_KNOTS((4,1,4),(3,3),(0.,0.00214474160459839,0.00428948320919678),
(0.,1.),.UNSPECIFIED.)
GEOMETRIC_REPRESENTATION_ITEM()
RATIONAL_B_SPLINE_SURFACE(((1.,0.8590461803322,1.),(1.,0.859046179012208,
1.),(1.,0.819190467613639,1.),(1.,0.743368000097449,1.),(1.,0.707106781186547,
1.)))
REPRESENTATION_ITEM('')
SURFACE()
);
#24=(
BOUNDED_SURFACE()
B_SPLINE_SURFACE(3,2,((#5673,#5674,#5675),(#5676,#5677,#5678),(#5679,#5680,
#5681),(#5682,#5683,#5684),(#5685,#5686,#5687)),.UNSPECIFIED.,.F.,.F.,.F.)
B_SPLINE_SURFACE_WITH_KNOTS((4,1,4),(3,3),(0.,0.00214503920383626,0.00429007840767251),
(0.,1.),.UNSPECIFIED.)
GEOMETRIC_REPRESENTATION_ITEM()
RATIONAL_B_SPLINE_SURFACE(((1.,0.707106781186548,1.),(1.,0.743428443900317,
1.),(1.,0.819071143492384,1.),(1.,0.85904617986002,1.),(1.,0.8590461803322,
1.)))
REPRESENTATION_ITEM('')
SURFACE()
);
#25=(
BOUNDED_SURFACE()
B_SPLINE_SURFACE(3,2,((#5696,#5697,#5698),(#5699,#5700,#5701),(#5702,#5703,
#5704),(#5705,#5706,#5707),(#5708,#5709,#5710),(#5711,#5712,#5713)),
 .UNSPECIFIED.,.F.,.F.,.F.)
B_SPLINE_SURFACE_WITH_KNOTS((4,1,1,4),(3,3),(0.,0.00347678024769812,0.00695356049539623,
0.0139071209907925),(0.,1.),.UNSPECIFIED.)
GEOMETRIC_REPRESENTATION_ITEM()
RATIONAL_B_SPLINE_SURFACE(((1.,0.707106781186548,1.),(1.,0.762554821845981,
1.),(1.,0.850942623930066,1.),(1.,0.968399179011715,1.),(1.,1.00000000000013,
1.),(1.,1.,1.)))
REPRESENTATION_ITEM('')
SURFACE()
);
#26=ELLIPSE('',#3291,3.47837837837837,1.3);
#27=ELLIPSE('',#3293,3.47837837837838,1.3);
#28=ELLIPSE('',#3298,3.47837837837837,1.3);
#29=ELLIPSE('',#3300,3.47837837837838,1.3);
#30=CONTEXT_DEPENDENT_SHAPE_REPRESENTATION(#34,#5747);
#31=CONTEXT_DEPENDENT_SHAPE_REPRESENTATION(#35,#5749);
#32=NEXT_ASSEMBLY_USAGE_OCCURRENCE('UK+H\X2\941E51AD917193B5\X0\?',
'UK+H\X2\941E51AD917193B5\X0\?','UK+H\X2\941E51AD917193B5\X0\?',#5750,#5751,
'');
#33=NEXT_ASSEMBLY_USAGE_OCCURRENCE(
'FL\X2\95BE640120AC72B256AB7F026A3A9A87947F535E8230\X0\',
'FL\X2\95BE640120AC72B256AB7F026A3A9A87947F535E8230\X0\',
'FL\X2\95BE640120AC72B256AB7F026A3A9A87947F535E8230\X0\',#5750,#5752,'');
#34=(
REPRESENTATION_RELATIONSHIP(' ',' ',#2993,#2994)
REPRESENTATION_RELATIONSHIP_WITH_TRANSFORMATION(#36)
SHAPE_REPRESENTATION_RELATIONSHIP()
);
#35=(
REPRESENTATION_RELATIONSHIP(' ',' ',#2995,#2994)
REPRESENTATION_RELATIONSHIP_WITH_TRANSFORMATION(#37)
SHAPE_REPRESENTATION_RELATIONSHIP()
);
#36=ITEM_DEFINED_TRANSFORMATION(' ',' ',#2996,#3238);
#37=ITEM_DEFINED_TRANSFORMATION(' ',' ',#2996,#3348);
#38=LINE('',#5074,#126);
#39=LINE('',#5078,#127);
#40=LINE('',#5079,#128);
#41=LINE('',#5083,#129);
#42=LINE('',#5084,#130);
#43=LINE('',#5088,#131);
#44=LINE('',#5089,#132);
#45=LINE('',#5093,#133);
#46=LINE('',#5094,#134);
#47=LINE('',#5098,#135);
#48=LINE('',#5099,#136);
#49=LINE('',#5103,#137);
#50=LINE('',#5104,#138);
#51=LINE('',#5108,#139);
#52=LINE('',#5109,#140);
#53=LINE('',#5113,#141);
#54=LINE('',#5114,#142);
#55=LINE('',#5118,#143);
#56=LINE('',#5119,#144);
#57=LINE('',#5123,#145);
#58=LINE('',#5124,#146);
#59=LINE('',#5128,#147);
#60=LINE('',#5129,#148);
#61=LINE('',#5133,#149);
#62=LINE('',#5153,#150);
#63=LINE('',#5155,#151);
#64=LINE('',#5158,#152);
#65=LINE('',#5160,#153);
#66=LINE('',#5163,#154);
#67=LINE('',#5165,#155);
#68=LINE('',#5168,#156);
#69=LINE('',#5170,#157);
#70=LINE('',#5173,#158);
#71=LINE('',#5175,#159);
#72=LINE('',#5178,#160);
#73=LINE('',#5180,#161);
#74=LINE('',#5183,#162);
#75=LINE('',#5185,#163);
#76=LINE('',#5188,#164);
#77=LINE('',#5190,#165);
#78=LINE('',#5193,#166);
#79=LINE('',#5195,#167);
#80=LINE('',#5198,#168);
#81=LINE('',#5200,#169);
#82=LINE('',#5203,#170);
#83=LINE('',#5205,#171);
#84=LINE('',#5208,#172);
#85=LINE('',#5210,#173);
#86=LINE('',#5214,#174);
#87=LINE('',#5219,#175);
#88=LINE('',#5221,#176);
#89=LINE('',#5224,#177);
#90=LINE('',#5231,#178);
#91=LINE('',#5233,#179);
#92=LINE('',#5263,#180);
#93=LINE('',#5267,#181);
#94=LINE('',#5299,#182);
#95=LINE('',#5303,#183);
#96=LINE('',#5327,#184);
#97=LINE('',#5331,#185);
#98=LINE('',#5332,#186);
#99=LINE('',#5336,#187);
#100=LINE('',#5372,#188);
#101=LINE('',#5374,#189);
#102=LINE('',#5376,#190);
#103=LINE('',#5381,#191);
#104=LINE('',#5389,#192);
#105=LINE('',#5390,#193);
#106=LINE('',#5398,#194);
#107=LINE('',#5400,#195);
#108=LINE('',#5408,#196);
#109=LINE('',#5410,#197);
#110=LINE('',#5412,#198);
#111=LINE('',#5414,#199);
#112=LINE('',#5416,#200);
#113=LINE('',#5421,#201);
#114=LINE('',#5434,#202);
#115=LINE('',#5439,#203);
#116=LINE('',#5448,#204);
#117=LINE('',#5450,#205);
#118=LINE('',#5453,#206);
#119=LINE('',#5461,#207);
#120=LINE('',#5463,#208);
#121=LINE('',#5468,#209);
#122=LINE('',#5477,#210);
#123=LINE('',#5479,#211);
#124=LINE('',#5482,#212);
#125=LINE('',#5490,#213);
#126=VECTOR('',#3705,1000.);
#127=VECTOR('',#3708,1000.);
#128=VECTOR('',#3709,1000.);
#129=VECTOR('',#3712,1000.);
#130=VECTOR('',#3713,1000.);
#131=VECTOR('',#3716,1000.);
#132=VECTOR('',#3717,1000.);
#133=VECTOR('',#3720,1000.);
#134=VECTOR('',#3721,1000.);
#135=VECTOR('',#3724,1000.);
#136=VECTOR('',#3725,1000.);
#137=VECTOR('',#3728,1000.);
#138=VECTOR('',#3729,1000.);
#139=VECTOR('',#3732,1000.);
#140=VECTOR('',#3733,1000.);
#141=VECTOR('',#3736,1000.);
#142=VECTOR('',#3737,1000.);
#143=VECTOR('',#3740,1000.);
#144=VECTOR('',#3741,1000.);
#145=VECTOR('',#3744,1000.);
#146=VECTOR('',#3745,1000.);
#147=VECTOR('',#3748,1000.);
#148=VECTOR('',#3749,1000.);
#149=VECTOR('',#3752,1000.);
#150=VECTOR('',#3787,1000.);
#151=VECTOR('',#3790,1000.);
#152=VECTOR('',#3795,1000.);
#153=VECTOR('',#3798,1000.);
#154=VECTOR('',#3803,1000.);
#155=VECTOR('',#3806,1000.);
#156=VECTOR('',#3811,1000.);
#157=VECTOR('',#3814,1000.);
#158=VECTOR('',#3819,1000.);
#159=VECTOR('',#3822,1000.);
#160=VECTOR('',#3827,1000.);
#161=VECTOR('',#3830,1000.);
#162=VECTOR('',#3835,1000.);
#163=VECTOR('',#3838,1000.);
#164=VECTOR('',#3843,1000.);
#165=VECTOR('',#3846,1000.);
#166=VECTOR('',#3851,1000.);
#167=VECTOR('',#3854,1000.);
#168=VECTOR('',#3859,1000.);
#169=VECTOR('',#3862,1000.);
#170=VECTOR('',#3867,1000.);
#171=VECTOR('',#3870,1000.);
#172=VECTOR('',#3875,1000.);
#173=VECTOR('',#3878,1000.);
#174=VECTOR('',#3885,1000.);
#175=VECTOR('',#3888,1000.);
#176=VECTOR('',#3891,1000.);
#177=VECTOR('',#3892,1000.);
#178=VECTOR('',#3899,1000.);
#179=VECTOR('',#3900,1000.);
#180=VECTOR('',#3913,1000.);
#181=VECTOR('',#3916,1000.);
#182=VECTOR('',#3923,1000.);
#183=VECTOR('',#3926,1000.);
#184=VECTOR('',#3933,1000.);
#185=VECTOR('',#3936,1000.);
#186=VECTOR('',#3937,1000.);
#187=VECTOR('',#3940,1000.);
#188=VECTOR('',#3969,1000.);
#189=VECTOR('',#3970,1000.);
#190=VECTOR('',#3973,1000.);
#191=VECTOR('',#3976,1000.);
#192=VECTOR('',#3977,1000.);
#193=VECTOR('',#3978,1000.);
#194=VECTOR('',#3981,1000.);
#195=VECTOR('',#3984,1000.);
#196=VECTOR('',#3995,1000.);
#197=VECTOR('',#3996,1000.);
#198=VECTOR('',#3999,1000.);
#199=VECTOR('',#4000,1000.);
#200=VECTOR('',#4003,1000.);
#201=VECTOR('',#4006,1000.);
#202=VECTOR('',#4009,1000.);
#203=VECTOR('',#4012,1000.);
#204=VECTOR('',#4017,1000.);
#205=VECTOR('',#4018,1000.);
#206=VECTOR('',#4023,1000.);
#207=VECTOR('',#4026,1000.);
#208=VECTOR('',#4029,1000.);
#209=VECTOR('',#4032,1000.);
#210=VECTOR('',#4037,1000.);
#211=VECTOR('',#4038,1000.);
#212=VECTOR('',#4043,1000.);
#213=VECTOR('',#4046,1000.);
#214=SHAPE_REPRESENTATION_RELATIONSHIP('','',#2993,#216);
#215=SHAPE_REPRESENTATION_RELATIONSHIP('','',#2995,#217);
#216=ADVANCED_BREP_SHAPE_REPRESENTATION('',(#2986,#2987),#5737);
#217=ADVANCED_BREP_SHAPE_REPRESENTATION('',(#2988,#2989),#5738);
#218=CONICAL_SURFACE('',#3058,14.8017013288157,0.0831412318884412);
#219=CONICAL_SURFACE('',#3060,14.8017013288157,0.0831412318884412);
#220=CONICAL_SURFACE('',#3073,21.5,0.785398163397448);
#221=CONICAL_SURFACE('',#3074,20.5,0.785398163397448);
#222=CONICAL_SURFACE('',#3088,17.,0.785398163397451);
#223=CONICAL_SURFACE('',#3089,33.3333333333333,0.783734271422152);
#224=CONICAL_SURFACE('',#3092,33.3333333333333,0.783734271422152);
#225=CONICAL_SURFACE('',#3095,36.3333333333333,0.787062055372754);
#226=CONICAL_SURFACE('',#3097,36.3333333333333,0.787062055372754);
#227=CONICAL_SURFACE('',#3099,37.3815912129869,0.78373427142215);
#228=CONICAL_SURFACE('',#3101,37.3815912129869,0.78373427142215);
#229=CONICAL_SURFACE('',#3103,33.3333333333333,0.783734271422152);
#230=CONICAL_SURFACE('',#3106,36.3333333333333,0.787062055372754);
#231=CONICAL_SURFACE('',#3108,37.3815912129869,0.78373427142215);
#232=CONICAL_SURFACE('',#3110,33.3333333333333,0.783734271422152);
#233=CONICAL_SURFACE('',#3113,36.3333333333333,0.787062055372754);
#234=CONICAL_SURFACE('',#3115,37.3815912129869,0.78373427142215);
#235=CONICAL_SURFACE('',#3117,33.3333333333333,0.783734271422152);
#236=CONICAL_SURFACE('',#3120,36.3333333333333,0.787062055372754);
#237=CONICAL_SURFACE('',#3122,37.3815912129869,0.78373427142215);
#238=CONICAL_SURFACE('',#3124,33.3333333333333,0.783734271422152);
#239=CONICAL_SURFACE('',#3127,36.3333333333333,0.787062055372754);
#240=CONICAL_SURFACE('',#3129,37.3815912129869,0.78373427142215);
#241=CONICAL_SURFACE('',#3131,33.3333333333333,0.783734271422152);
#242=CONICAL_SURFACE('',#3134,36.3333333333333,0.787062055372754);
#243=CONICAL_SURFACE('',#3136,37.3815912129869,0.78373427142215);
#244=CONICAL_SURFACE('',#3138,33.3333333333333,0.783734271422152);
#245=CONICAL_SURFACE('',#3141,36.3333333333333,0.787062055372754);
#246=CONICAL_SURFACE('',#3143,37.3815912129869,0.78373427142215);
#247=CONICAL_SURFACE('',#3145,33.3333333333333,0.783734271422152);
#248=CONICAL_SURFACE('',#3148,36.3333333333333,0.787062055372754);
#249=CONICAL_SURFACE('',#3150,37.3815912129869,0.78373427142215);
#250=CONICAL_SURFACE('',#3152,33.3333333333333,0.783734271422152);
#251=CONICAL_SURFACE('',#3155,36.3333333333333,0.787062055372754);
#252=CONICAL_SURFACE('',#3157,37.3815912129869,0.78373427142215);
#253=CONICAL_SURFACE('',#3159,33.3333333333333,0.783734271422152);
#254=CONICAL_SURFACE('',#3162,36.3333333333333,0.787062055372754);
#255=CONICAL_SURFACE('',#3164,37.3815912129869,0.78373427142215);
#256=CONICAL_SURFACE('',#3166,33.3333333333333,0.783734271422152);
#257=CONICAL_SURFACE('',#3169,36.3333333333333,0.787062055372754);
#258=CONICAL_SURFACE('',#3171,37.3815912129869,0.78373427142215);
#259=PLANE('',#3053);
#260=PLANE('',#3055);
#261=PLANE('',#3062);
#262=PLANE('',#3067);
#263=PLANE('',#3072);
#264=PLANE('',#3083);
#265=PLANE('',#3087);
#266=PLANE('',#3173);
#267=PLANE('',#3189);
#268=PLANE('',#3202);
#269=PLANE('',#3203);
#270=PLANE('',#3205);
#271=PLANE('',#3206);
#272=PLANE('',#3208);
#273=PLANE('',#3209);
#274=PLANE('',#3211);
#275=PLANE('',#3212);
#276=PLANE('',#3214);
#277=PLANE('',#3215);
#278=PLANE('',#3217);
#279=PLANE('',#3218);
#280=PLANE('',#3220);
#281=PLANE('',#3221);
#282=PLANE('',#3223);
#283=PLANE('',#3224);
#284=PLANE('',#3226);
#285=PLANE('',#3227);
#286=PLANE('',#3229);
#287=PLANE('',#3230);
#288=PLANE('',#3232);
#289=PLANE('',#3233);
#290=PLANE('',#3235);
#291=PLANE('',#3236);
#292=PLANE('',#3239);
#293=PLANE('',#3241);
#294=PLANE('',#3243);
#295=PLANE('',#3245);
#296=PLANE('',#3258);
#297=PLANE('',#3273);
#298=PLANE('',#3277);
#299=PLANE('',#3278);
#300=PLANE('',#3283);
#301=PLANE('',#3284);
#302=PLANE('',#3287);
#303=PLANE('',#3290);
#304=PLANE('',#3292);
#305=PLANE('',#3294);
#306=PLANE('',#3297);
#307=PLANE('',#3299);
#308=PLANE('',#3342);
#309=PLANE('',#3343);
#310=PLANE('',#3347);
#311=CYLINDRICAL_SURFACE('',#3046,17.);
#312=CYLINDRICAL_SURFACE('',#3051,17.);
#313=CYLINDRICAL_SURFACE('',#3064,21.5);
#314=CYLINDRICAL_SURFACE('',#3070,10.);
#315=CYLINDRICAL_SURFACE('',#3076,21.5);
#316=CYLINDRICAL_SURFACE('',#3081,21.5);
#317=CYLINDRICAL_SURFACE('',#3187,20.);
#318=CYLINDRICAL_SURFACE('',#3204,33.3333333333333);
#319=CYLINDRICAL_SURFACE('',#3207,33.3333333333333);
#320=CYLINDRICAL_SURFACE('',#3210,33.3333333333333);
#321=CYLINDRICAL_SURFACE('',#3213,33.3333333333333);
#322=CYLINDRICAL_SURFACE('',#3216,33.3333333333333);
#323=CYLINDRICAL_SURFACE('',#3219,33.3333333333333);
#324=CYLINDRICAL_SURFACE('',#3222,33.3333333333333);
#325=CYLINDRICAL_SURFACE('',#3225,33.3333333333333);
#326=CYLINDRICAL_SURFACE('',#3228,33.3333333333333);
#327=CYLINDRICAL_SURFACE('',#3231,33.3333333333333);
#328=CYLINDRICAL_SURFACE('',#3234,33.3333333333333);
#329=CYLINDRICAL_SURFACE('',#3237,33.3333333333333);
#330=CYLINDRICAL_SURFACE('',#3248,34.);
#331=CYLINDRICAL_SURFACE('',#3264,25.5447785690092);
#332=CYLINDRICAL_SURFACE('',#3272,25.5447785690092);
#333=CYLINDRICAL_SURFACE('',#3275,15.5);
#334=CYLINDRICAL_SURFACE('',#3279,5.75);
#335=CYLINDRICAL_SURFACE('',#3281,5.75);
#336=CYLINDRICAL_SURFACE('',#3285,15.5);
#337=CYLINDRICAL_SURFACE('',#3302,1.3);
#338=CYLINDRICAL_SURFACE('',#3306,1.3);
#339=CYLINDRICAL_SURFACE('',#3307,1.3);
#340=CYLINDRICAL_SURFACE('',#3311,1.3);
#341=CYLINDRICAL_SURFACE('',#3312,1.3);
#342=CYLINDRICAL_SURFACE('',#3315,1.3);
#343=CYLINDRICAL_SURFACE('',#3321,1.3);
#344=CYLINDRICAL_SURFACE('',#3324,1.3);
#345=CYLINDRICAL_SURFACE('',#3325,1.3);
#346=CYLINDRICAL_SURFACE('',#3328,1.3);
#347=CYLINDRICAL_SURFACE('',#3334,1.3);
#348=CYLINDRICAL_SURFACE('',#3337,1.3);
#349=CYLINDRICAL_SURFACE('',#3338,1.5);
#350=CYLINDRICAL_SURFACE('',#3339,2.50000000000231);
#351=CYLINDRICAL_SURFACE('',#3345,1.45000000000231);
#352=SPHERICAL_SURFACE('',#3003,3.70539614561028);
#353=SPHERICAL_SURFACE('',#3010,3.70539614561028);
#354=SPHERICAL_SURFACE('',#3017,3.70539614561028);
#355=SPHERICAL_SURFACE('',#3024,3.70539614561028);
#356=SPHERICAL_SURFACE('',#3031,3.70539614561028);
#357=SPHERICAL_SURFACE('',#3038,3.70539614561028);
#358=SPHERICAL_SURFACE('',#3045,3.70539614561028);
#359=SPHERICAL_SURFACE('',#3075,3.70539614561028);
#360=SPHERICAL_SURFACE('',#3085,26.);
#361=SPHERICAL_SURFACE('',#3268,26.);
#362=B_SPLINE_CURVE_WITH_KNOTS('',3,(#4148,#4149,#4150,#4151,#4152),
 .UNSPECIFIED.,.F.,.F.,(4,1,4),(3.23844454692691E-7,0.00336783941969862,
0.00673535499494254),.UNSPECIFIED.);
#363=B_SPLINE_CURVE_WITH_KNOTS('',3,(#4156,#4157,#4158,#4159,#4160),
 .UNSPECIFIED.,.F.,.F.,(4,1,4),(3.23844454684327E-7,0.00336783941969643,
0.00673535499493817),.UNSPECIFIED.);
#364=B_SPLINE_CURVE_WITH_KNOTS('',3,(#4165,#4166,#4167,#4168,#4169),
 .UNSPECIFIED.,.F.,.F.,(4,1,4),(3.23843214783813E-7,0.00336783347516634,
0.00673534310711789),.UNSPECIFIED.);
#365=B_SPLINE_CURVE_WITH_KNOTS('',3,(#4173,#4174,#4175,#4176,#4177),
 .UNSPECIFIED.,.F.,.F.,(4,1,4),(3.23843214776759E-7,0.00336783347516633,
0.00673534310711789),.UNSPECIFIED.);
#366=B_SPLINE_CURVE_WITH_KNOTS('',3,(#4179,#4180,#4181,#4182),
 .UNSPECIFIED.,.F.,.F.,(4,4),(2.2684247461039E-6,0.000577262353206508),
 .UNSPECIFIED.);
#367=B_SPLINE_CURVE_WITH_KNOTS('',3,(#4184,#4185,#4186,#4187,#4188),
 .UNSPECIFIED.,.F.,.F.,(4,1,4),(3.2384321477666E-7,0.00336783347516633,
0.00673534310711789),.UNSPECIFIED.);
#368=B_SPLINE_CURVE_WITH_KNOTS('',3,(#4190,#4191,#4192,#4193),
 .UNSPECIFIED.,.F.,.F.,(4,4),(2.26842474640074E-6,0.000577262353206832),
 .UNSPECIFIED.);
#369=B_SPLINE_CURVE_WITH_KNOTS('',3,(#4194,#4195,#4196,#4197,#4198),
 .UNSPECIFIED.,.F.,.F.,(4,1,4),(3.23844454692625E-7,0.00336783941969862,
0.00673535499494254),.UNSPECIFIED.);
#370=B_SPLINE_CURVE_WITH_KNOTS('',3,(#4201,#4202,#4203,#4204),
 .UNSPECIFIED.,.F.,.F.,(4,4),(2.01707400528256E-6,0.000513305450691113),
 .UNSPECIFIED.);
#371=B_SPLINE_CURVE_WITH_KNOTS('',3,(#4205,#4206,#4207,#4208),
 .UNSPECIFIED.,.F.,.F.,(4,4),(2.01707406832423E-6,0.000513305450692003),
 .UNSPECIFIED.);
#372=B_SPLINE_CURVE_WITH_KNOTS('',3,(#4213,#4214,#4215,#4216,#4217),
 .UNSPECIFIED.,.F.,.F.,(4,1,4),(3.23844454691479E-7,0.00336783941969862,
0.00673535499494254),.UNSPECIFIED.);
#373=B_SPLINE_CURVE_WITH_KNOTS('',3,(#4221,#4222,#4223,#4224,#4225),
 .UNSPECIFIED.,.F.,.F.,(4,1,4),(3.23844454683839E-7,0.00336783941969643,
0.00673535499493817),.UNSPECIFIED.);
#374=B_SPLINE_CURVE_WITH_KNOTS('',3,(#4230,#4231,#4232,#4233,#4234),
 .UNSPECIFIED.,.F.,.F.,(4,1,4),(3.23843214783252E-7,0.00336783347516634,
0.00673534310711789),.UNSPECIFIED.);
#375=B_SPLINE_CURVE_WITH_KNOTS('',3,(#4238,#4239,#4240,#4241,#4242),
 .UNSPECIFIED.,.F.,.F.,(4,1,4),(3.23843214775707E-7,0.00336783347516633,
0.00673534310711789),.UNSPECIFIED.);
#376=B_SPLINE_CURVE_WITH_KNOTS('',3,(#4244,#4245,#4246,#4247),
 .UNSPECIFIED.,.F.,.F.,(4,4),(2.26842474610389E-6,0.000577262353206507),
 .UNSPECIFIED.);
#377=B_SPLINE_CURVE_WITH_KNOTS('',3,(#4248,#4249,#4250,#4251),
 .UNSPECIFIED.,.F.,.F.,(4,4),(2.26842474640101E-6,0.000577262353206832),
 .UNSPECIFIED.);
#378=B_SPLINE_CURVE_WITH_KNOTS('',3,(#4252,#4253,#4254,#4255),
 .UNSPECIFIED.,.F.,.F.,(4,4),(2.01707400528095E-6,0.000513305450691112),
 .UNSPECIFIED.);
#379=B_SPLINE_CURVE_WITH_KNOTS('',3,(#4256,#4257,#4258,#4259),
 .UNSPECIFIED.,.F.,.F.,(4,4),(2.0170740683246E-6,0.000513305450692002),
 .UNSPECIFIED.);
#380=B_SPLINE_CURVE_WITH_KNOTS('',3,(#4264,#4265,#4266,#4267,#4268),
 .UNSPECIFIED.,.F.,.F.,(4,1,4),(3.23844454692691E-7,0.00336783941969862,
0.00673535499494254),.UNSPECIFIED.);
#381=B_SPLINE_CURVE_WITH_KNOTS('',3,(#4272,#4273,#4274,#4275,#4276),
 .UNSPECIFIED.,.F.,.F.,(4,1,4),(3.23844454684327E-7,0.00336783941969643,
0.00673535499493817),.UNSPECIFIED.);
#382=B_SPLINE_CURVE_WITH_KNOTS('',3,(#4281,#4282,#4283,#4284,#4285),
 .UNSPECIFIED.,.F.,.F.,(4,1,4),(3.23843214783813E-7,0.00336783347516634,
0.00673534310711789),.UNSPECIFIED.);
#383=B_SPLINE_CURVE_WITH_KNOTS('',3,(#4289,#4290,#4291,#4292,#4293),
 .UNSPECIFIED.,.F.,.F.,(4,1,4),(3.23843214776759E-7,0.00336783347516633,
0.00673534310711789),.UNSPECIFIED.);
#384=B_SPLINE_CURVE_WITH_KNOTS('',3,(#4295,#4296,#4297,#4298),
 .UNSPECIFIED.,.F.,.F.,(4,4),(2.2684247461039E-6,0.000577262353206507),
 .UNSPECIFIED.);
#385=B_SPLINE_CURVE_WITH_KNOTS('',3,(#4299,#4300,#4301,#4302),
 .UNSPECIFIED.,.F.,.F.,(4,4),(2.26842474640074E-6,0.000577262353206832),
 .UNSPECIFIED.);
#386=B_SPLINE_CURVE_WITH_KNOTS('',3,(#4303,#4304,#4305,#4306),
 .UNSPECIFIED.,.F.,.F.,(4,4),(2.01707400528133E-6,0.000513305450691113),
 .UNSPECIFIED.);
#387=B_SPLINE_CURVE_WITH_KNOTS('',3,(#4307,#4308,#4309,#4310),
 .UNSPECIFIED.,.F.,.F.,(4,4),(2.01707406832545E-6,0.000513305450692003),
 .UNSPECIFIED.);
#388=B_SPLINE_CURVE_WITH_KNOTS('',3,(#4315,#4316,#4317,#4318,#4319),
 .UNSPECIFIED.,.F.,.F.,(4,1,4),(3.23844454692625E-7,0.00336783941969862,
0.00673535499494254),.UNSPECIFIED.);
#389=B_SPLINE_CURVE_WITH_KNOTS('',3,(#4323,#4324,#4325,#4326,#4327),
 .UNSPECIFIED.,.F.,.F.,(4,1,4),(3.23844454683839E-7,0.00336783941969643,
0.00673535499493817),.UNSPECIFIED.);
#390=B_SPLINE_CURVE_WITH_KNOTS('',3,(#4332,#4333,#4334,#4335,#4336),
 .UNSPECIFIED.,.F.,.F.,(4,1,4),(3.23843214783252E-7,0.00336783347516634,
0.00673534310711789),.UNSPECIFIED.);
#391=B_SPLINE_CURVE_WITH_KNOTS('',3,(#4340,#4341,#4342,#4343,#4344),
 .UNSPECIFIED.,.F.,.F.,(4,1,4),(3.23843214776342E-7,0.00336783347516633,
0.00673534310711789),.UNSPECIFIED.);
#392=B_SPLINE_CURVE_WITH_KNOTS('',3,(#4346,#4347,#4348,#4349),
 .UNSPECIFIED.,.F.,.F.,(4,4),(2.26842474610389E-6,0.000577262353206507),
 .UNSPECIFIED.);
#393=B_SPLINE_CURVE_WITH_KNOTS('',3,(#4350,#4351,#4352,#4353),
 .UNSPECIFIED.,.F.,.F.,(4,4),(2.26842474640101E-6,0.000577262353206832),
 .UNSPECIFIED.);
#394=B_SPLINE_CURVE_WITH_KNOTS('',3,(#4354,#4355,#4356,#4357),
 .UNSPECIFIED.,.F.,.F.,(4,4),(2.01707400528095E-6,0.000513305450691112),
 .UNSPECIFIED.);
#395=B_SPLINE_CURVE_WITH_KNOTS('',3,(#4358,#4359,#4360,#4361),
 .UNSPECIFIED.,.F.,.F.,(4,4),(2.0170740683246E-6,0.000513305450692002),
 .UNSPECIFIED.);
#396=B_SPLINE_CURVE_WITH_KNOTS('',3,(#4366,#4367,#4368,#4369,#4370),
 .UNSPECIFIED.,.F.,.F.,(4,1,4),(3.23844454692691E-7,0.00336783941969862,
0.00673535499494254),.UNSPECIFIED.);
#397=B_SPLINE_CURVE_WITH_KNOTS('',3,(#4374,#4375,#4376,#4377,#4378),
 .UNSPECIFIED.,.F.,.F.,(4,1,4),(3.23844454684327E-7,0.00336783941969643,
0.00673535499493817),.UNSPECIFIED.);
#398=B_SPLINE_CURVE_WITH_KNOTS('',3,(#4383,#4384,#4385,#4386,#4387),
 .UNSPECIFIED.,.F.,.F.,(4,1,4),(3.23843214785289E-7,0.00336783347516634,
0.00673534310711789),.UNSPECIFIED.);
#399=B_SPLINE_CURVE_WITH_KNOTS('',3,(#4391,#4392,#4393,#4394,#4395),
 .UNSPECIFIED.,.F.,.F.,(4,1,4),(3.23843214776759E-7,0.00336783347516633,
0.00673534310711789),.UNSPECIFIED.);
#400=B_SPLINE_CURVE_WITH_KNOTS('',3,(#4397,#4398,#4399,#4400),
 .UNSPECIFIED.,.F.,.F.,(4,4),(2.26842474610389E-6,0.000577262353206507),
 .UNSPECIFIED.);
#401=B_SPLINE_CURVE_WITH_KNOTS('',3,(#4401,#4402,#4403,#4404),
 .UNSPECIFIED.,.F.,.F.,(4,4),(2.2684247464032E-6,0.000577262353206832),
 .UNSPECIFIED.);
#402=B_SPLINE_CURVE_WITH_KNOTS('',3,(#4405,#4406,#4407,#4408),
 .UNSPECIFIED.,.F.,.F.,(4,4),(2.01707400528255E-6,0.000513305450691109),
 .UNSPECIFIED.);
#403=B_SPLINE_CURVE_WITH_KNOTS('',3,(#4409,#4410,#4411,#4412),
 .UNSPECIFIED.,.F.,.F.,(4,4),(2.01707406832667E-6,0.000513305450692003),
 .UNSPECIFIED.);
#404=B_SPLINE_CURVE_WITH_KNOTS('',3,(#4417,#4418,#4419,#4420,#4421),
 .UNSPECIFIED.,.F.,.F.,(4,1,4),(3.23844454692625E-7,0.00336783941969862,
0.00673535499494254),.UNSPECIFIED.);
#405=B_SPLINE_CURVE_WITH_KNOTS('',3,(#4425,#4426,#4427,#4428,#4429),
 .UNSPECIFIED.,.F.,.F.,(4,1,4),(3.23844454683839E-7,0.00336783941969643,
0.00673535499493817),.UNSPECIFIED.);
#406=B_SPLINE_CURVE_WITH_KNOTS('',3,(#4434,#4435,#4436,#4437,#4438),
 .UNSPECIFIED.,.F.,.F.,(4,1,4),(3.23843214783252E-7,0.00336783347516634,
0.00673534310711789),.UNSPECIFIED.);
#407=B_SPLINE_CURVE_WITH_KNOTS('',3,(#4442,#4443,#4444,#4445,#4446),
 .UNSPECIFIED.,.F.,.F.,(4,1,4),(3.2384321477666E-7,0.00336783347516633,
0.00673534310711789),.UNSPECIFIED.);
#408=B_SPLINE_CURVE_WITH_KNOTS('',3,(#4448,#4449,#4450,#4451),
 .UNSPECIFIED.,.F.,.F.,(4,4),(2.26842474610389E-6,0.000577262353206507),
 .UNSPECIFIED.);
#409=B_SPLINE_CURVE_WITH_KNOTS('',3,(#4452,#4453,#4454,#4455),
 .UNSPECIFIED.,.F.,.F.,(4,4),(2.26842474640101E-6,0.000577262353206832),
 .UNSPECIFIED.);
#410=B_SPLINE_CURVE_WITH_KNOTS('',3,(#4456,#4457,#4458,#4459),
 .UNSPECIFIED.,.F.,.F.,(4,4),(2.01707400528095E-6,0.000513305450691112),
 .UNSPECIFIED.);
#411=B_SPLINE_CURVE_WITH_KNOTS('',3,(#4460,#4461,#4462,#4463),
 .UNSPECIFIED.,.F.,.F.,(4,4),(2.0170740683246E-6,0.000513305450692002),
 .UNSPECIFIED.);
#412=B_SPLINE_CURVE_WITH_KNOTS('',3,(#4468,#4469,#4470,#4471,#4472),
 .UNSPECIFIED.,.F.,.F.,(4,1,4),(3.23844454692691E-7,0.00336783941969862,
0.00673535499494254),.UNSPECIFIED.);
#413=B_SPLINE_CURVE_WITH_KNOTS('',3,(#4476,#4477,#4478,#4479,#4480),
 .UNSPECIFIED.,.F.,.F.,(4,1,4),(3.23844454684327E-7,0.00336783941969643,
0.00673535499493817),.UNSPECIFIED.);
#414=B_SPLINE_CURVE_WITH_KNOTS('',3,(#4485,#4486,#4487,#4488,#4489),
 .UNSPECIFIED.,.F.,.F.,(4,1,4),(3.23843214783813E-7,0.00336783347516634,
0.00673534310711789),.UNSPECIFIED.);
#415=B_SPLINE_CURVE_WITH_KNOTS('',3,(#4493,#4494,#4495,#4496,#4497),
 .UNSPECIFIED.,.F.,.F.,(4,1,4),(3.23843214776759E-7,0.00336783347516633,
0.00673534310711789),.UNSPECIFIED.);
#416=B_SPLINE_CURVE_WITH_KNOTS('',3,(#4499,#4500,#4501,#4502),
 .UNSPECIFIED.,.F.,.F.,(4,4),(2.26842474610389E-6,0.000577262353206505),
 .UNSPECIFIED.);
#417=B_SPLINE_CURVE_WITH_KNOTS('',3,(#4503,#4504,#4505,#4506),
 .UNSPECIFIED.,.F.,.F.,(4,4),(2.2684247464032E-6,0.000577262353206832),
 .UNSPECIFIED.);
#418=B_SPLINE_CURVE_WITH_KNOTS('',3,(#4507,#4508,#4509,#4510),
 .UNSPECIFIED.,.F.,.F.,(4,4),(2.01707400528255E-6,0.000513305450691109),
 .UNSPECIFIED.);
#419=B_SPLINE_CURVE_WITH_KNOTS('',3,(#4511,#4512,#4513,#4514),
 .UNSPECIFIED.,.F.,.F.,(4,4),(2.01707406832667E-6,0.000513305450692003),
 .UNSPECIFIED.);
#420=B_SPLINE_CURVE_WITH_KNOTS('',3,(#4520,#4521,#4522,#4523),
 .UNSPECIFIED.,.F.,.F.,(4,4),(2.01707400528095E-6,0.000513305450691112),
 .UNSPECIFIED.);
#421=B_SPLINE_CURVE_WITH_KNOTS('',3,(#4527,#4528,#4529,#4530,#4531),
 .UNSPECIFIED.,.F.,.F.,(4,1,4),(3.23844454683839E-7,0.00336783941969643,
0.00673535499493817),.UNSPECIFIED.);
#422=B_SPLINE_CURVE_WITH_KNOTS('',3,(#4535,#4536,#4537,#4538),
 .UNSPECIFIED.,.F.,.F.,(4,4),(2.0170740683246E-6,0.000513305450692002),
 .UNSPECIFIED.);
#423=B_SPLINE_CURVE_WITH_KNOTS('',3,(#4573,#4574,#4575,#4576),
 .UNSPECIFIED.,.F.,.F.,(4,4),(2.26842474610389E-6,0.000577262353206507),
 .UNSPECIFIED.);
#424=B_SPLINE_CURVE_WITH_KNOTS('',3,(#4578,#4579,#4580,#4581),
 .UNSPECIFIED.,.F.,.F.,(4,4),(2.26842474640101E-6,0.000577262353206832),
 .UNSPECIFIED.);
#425=B_SPLINE_CURVE_WITH_KNOTS('',3,(#4583,#4584,#4585,#4586,#4587),
 .UNSPECIFIED.,.F.,.F.,(4,1,4),(3.23843214783252E-7,0.00336783347516634,
0.00673534310711789),.UNSPECIFIED.);
#426=B_SPLINE_CURVE_WITH_KNOTS('',3,(#4609,#4610,#4611,#4612),
 .UNSPECIFIED.,.F.,.F.,(4,4),(2.82620126711775E-7,0.00425340790780726),
 .UNSPECIFIED.);
#427=B_SPLINE_CURVE_WITH_KNOTS('',3,(#4616,#4617,#4618,#4619),
 .UNSPECIFIED.,.F.,.F.,(4,4),(2.82580940172095E-7,0.0042534078686207),
 .UNSPECIFIED.);
#428=B_SPLINE_CURVE_WITH_KNOTS('',3,(#4624,#4625,#4626,#4627),
 .UNSPECIFIED.,.F.,.F.,(4,4),(2.82580940158428E-7,0.0042534078686207),
 .UNSPECIFIED.);
#429=B_SPLINE_CURVE_WITH_KNOTS('',3,(#4631,#4632,#4633,#4634),
 .UNSPECIFIED.,.F.,.F.,(4,4),(2.82620126713242E-7,0.00425340790780725),
 .UNSPECIFIED.);
#430=B_SPLINE_CURVE_WITH_KNOTS('',3,(#4636,#4637,#4638,#4639),
 .UNSPECIFIED.,.F.,.F.,(4,4),(2.83524270443752E-7,0.00148134848154717),
 .UNSPECIFIED.);
#431=B_SPLINE_CURVE_WITH_KNOTS('',3,(#4643,#4644,#4645,#4646),
 .UNSPECIFIED.,.F.,.F.,(4,4),(2.83512640647651E-7,0.00148134846991737),
 .UNSPECIFIED.);
#432=B_SPLINE_CURVE_WITH_KNOTS('',3,(#4651,#4652,#4653,#4654),
 .UNSPECIFIED.,.F.,.F.,(4,4),(2.92131655711741E-7,0.00148135708893243),
 .UNSPECIFIED.);
#433=B_SPLINE_CURVE_WITH_KNOTS('',3,(#4655,#4656,#4657,#4658),
 .UNSPECIFIED.,.F.,.F.,(4,4),(2.83524270454058E-7,0.00148134848154718),
 .UNSPECIFIED.);
#434=B_SPLINE_CURVE_WITH_KNOTS('',3,(#4660,#4661,#4662,#4663),
 .UNSPECIFIED.,.F.,.F.,(4,4),(2.82569428065658E-7,0.00486820121490808),
 .UNSPECIFIED.);
#435=B_SPLINE_CURVE_WITH_KNOTS('',3,(#4667,#4668,#4669,#4670),
 .UNSPECIFIED.,.F.,.F.,(4,4),(2.82611244466394E-7,0.00486820125672448),
 .UNSPECIFIED.);
#436=B_SPLINE_CURVE_WITH_KNOTS('',3,(#4675,#4676,#4677,#4678),
 .UNSPECIFIED.,.F.,.F.,(4,4),(2.82611244477989E-7,0.00486820125672447),
 .UNSPECIFIED.);
#437=B_SPLINE_CURVE_WITH_KNOTS('',3,(#4679,#4680,#4681,#4682),
 .UNSPECIFIED.,.F.,.F.,(4,4),(2.82569428067216E-7,0.00486820121490806),
 .UNSPECIFIED.);
#438=B_SPLINE_CURVE_WITH_KNOTS('',3,(#4687,#4688,#4689,#4690),
 .UNSPECIFIED.,.F.,.F.,(4,4),(2.93051304452662E-7,0.00425341833898499),
 .UNSPECIFIED.);
#439=B_SPLINE_CURVE_WITH_KNOTS('',3,(#4694,#4695,#4696,#4697),
 .UNSPECIFIED.,.F.,.F.,(4,4),(2.82580940168232E-7,0.00425340786862068),
 .UNSPECIFIED.);
#440=B_SPLINE_CURVE_WITH_KNOTS('',3,(#4699,#4700,#4701,#4702),
 .UNSPECIFIED.,.F.,.F.,(4,4),(2.83524270437274E-7,0.00148134848154718),
 .UNSPECIFIED.);
#441=B_SPLINE_CURVE_WITH_KNOTS('',3,(#4706,#4707,#4708,#4709),
 .UNSPECIFIED.,.F.,.F.,(4,4),(2.83512640639146E-7,0.00148134846991737),
 .UNSPECIFIED.);
#442=B_SPLINE_CURVE_WITH_KNOTS('',3,(#4711,#4712,#4713,#4714),
 .UNSPECIFIED.,.F.,.F.,(4,4),(2.93104068930045E-7,0.00486821174954893),
 .UNSPECIFIED.);
#443=B_SPLINE_CURVE_WITH_KNOTS('',3,(#4718,#4719,#4720,#4721),
 .UNSPECIFIED.,.F.,.F.,(4,4),(2.82611244462797E-7,0.00486820125672449),
 .UNSPECIFIED.);
#444=B_SPLINE_CURVE_WITH_KNOTS('',3,(#4726,#4727,#4728,#4729),
 .UNSPECIFIED.,.F.,.F.,(4,4),(2.93051304442857E-7,0.00425341833898499),
 .UNSPECIFIED.);
#445=B_SPLINE_CURVE_WITH_KNOTS('',3,(#4733,#4734,#4735,#4736),
 .UNSPECIFIED.,.F.,.F.,(4,4),(2.82580940168391E-7,0.00425340786862069),
 .UNSPECIFIED.);
#446=B_SPLINE_CURVE_WITH_KNOTS('',3,(#4738,#4739,#4740,#4741),
 .UNSPECIFIED.,.F.,.F.,(4,4),(2.83524270437114E-7,0.00148134848154718),
 .UNSPECIFIED.);
#447=B_SPLINE_CURVE_WITH_KNOTS('',3,(#4745,#4746,#4747,#4748),
 .UNSPECIFIED.,.F.,.F.,(4,4),(2.83512640641435E-7,0.00148134846991736),
 .UNSPECIFIED.);
#448=B_SPLINE_CURVE_WITH_KNOTS('',3,(#4750,#4751,#4752,#4753),
 .UNSPECIFIED.,.F.,.F.,(4,4),(2.9310406893478E-7,0.00486821174954893),
 .UNSPECIFIED.);
#449=B_SPLINE_CURVE_WITH_KNOTS('',3,(#4757,#4758,#4759,#4760),
 .UNSPECIFIED.,.F.,.F.,(4,4),(2.82611244458062E-7,0.00486820125672449),
 .UNSPECIFIED.);
#450=B_SPLINE_CURVE_WITH_KNOTS('',3,(#4765,#4766,#4767,#4768),
 .UNSPECIFIED.,.F.,.F.,(4,4),(2.82620126714231E-7,0.00425340790780726),
 .UNSPECIFIED.);
#451=B_SPLINE_CURVE_WITH_KNOTS('',3,(#4772,#4773,#4774,#4775),
 .UNSPECIFIED.,.F.,.F.,(4,4),(2.82580940163718E-7,0.00425340786862069),
 .UNSPECIFIED.);
#452=B_SPLINE_CURVE_WITH_KNOTS('',3,(#4777,#4778,#4779,#4780),
 .UNSPECIFIED.,.F.,.F.,(4,4),(2.83524270437827E-7,0.00148134848154718),
 .UNSPECIFIED.);
#453=B_SPLINE_CURVE_WITH_KNOTS('',3,(#4784,#4785,#4786,#4787),
 .UNSPECIFIED.,.F.,.F.,(4,4),(2.83512640651128E-7,0.00148134846991737),
 .UNSPECIFIED.);
#454=B_SPLINE_CURVE_WITH_KNOTS('',3,(#4789,#4790,#4791,#4792),
 .UNSPECIFIED.,.F.,.F.,(4,4),(2.82569428045437E-7,0.00486820121490806),
 .UNSPECIFIED.);
#455=B_SPLINE_CURVE_WITH_KNOTS('',3,(#4796,#4797,#4798,#4799),
 .UNSPECIFIED.,.F.,.F.,(4,4),(2.82611244480693E-7,0.00486820125672448),
 .UNSPECIFIED.);
#456=B_SPLINE_CURVE_WITH_KNOTS('',3,(#4804,#4805,#4806,#4807),
 .UNSPECIFIED.,.F.,.F.,(4,4),(2.82620126713401E-7,0.00425340790780726),
 .UNSPECIFIED.);
#457=B_SPLINE_CURVE_WITH_KNOTS('',3,(#4811,#4812,#4813,#4814),
 .UNSPECIFIED.,.F.,.F.,(4,4),(2.82580940165777E-7,0.0042534078686207),
 .UNSPECIFIED.);
#458=B_SPLINE_CURVE_WITH_KNOTS('',3,(#4816,#4817,#4818,#4819),
 .UNSPECIFIED.,.F.,.F.,(4,4),(2.83524270424166E-7,0.00148134848154717),
 .UNSPECIFIED.);
#459=B_SPLINE_CURVE_WITH_KNOTS('',3,(#4823,#4824,#4825,#4826),
 .UNSPECIFIED.,.F.,.F.,(4,4),(2.92131655721705E-7,0.00148135708893244),
 .UNSPECIFIED.);
#460=B_SPLINE_CURVE_WITH_KNOTS('',3,(#4828,#4829,#4830,#4831),
 .UNSPECIFIED.,.F.,.F.,(4,4),(2.82569428064443E-7,0.00486820121490805),
 .UNSPECIFIED.);
#461=B_SPLINE_CURVE_WITH_KNOTS('',3,(#4835,#4836,#4837,#4838),
 .UNSPECIFIED.,.F.,.F.,(4,4),(2.82611244465411E-7,0.00486820125672447),
 .UNSPECIFIED.);
#462=B_SPLINE_CURVE_WITH_KNOTS('',3,(#4843,#4844,#4845,#4846),
 .UNSPECIFIED.,.F.,.F.,(4,4),(2.82620126713242E-7,0.00425340790780726),
 .UNSPECIFIED.);
#463=B_SPLINE_CURVE_WITH_KNOTS('',3,(#4850,#4851,#4852,#4853),
 .UNSPECIFIED.,.F.,.F.,(4,4),(2.82580940168391E-7,0.00425340786862071),
 .UNSPECIFIED.);
#464=B_SPLINE_CURVE_WITH_KNOTS('',3,(#4855,#4856,#4857,#4858),
 .UNSPECIFIED.,.F.,.F.,(4,4),(2.8352427043413E-7,0.00148134848154716),
 .UNSPECIFIED.);
#465=B_SPLINE_CURVE_WITH_KNOTS('',3,(#4862,#4863,#4864,#4865),
 .UNSPECIFIED.,.F.,.F.,(4,4),(2.92131655694579E-7,0.00148135708893242),
 .UNSPECIFIED.);
#466=B_SPLINE_CURVE_WITH_KNOTS('',3,(#4867,#4868,#4869,#4870),
 .UNSPECIFIED.,.F.,.F.,(4,4),(2.82569428077179E-7,0.00486820121490807),
 .UNSPECIFIED.);
#467=B_SPLINE_CURVE_WITH_KNOTS('',3,(#4874,#4875,#4876,#4877),
 .UNSPECIFIED.,.F.,.F.,(4,4),(2.82611244465253E-7,0.00486820125672445),
 .UNSPECIFIED.);
#468=B_SPLINE_CURVE_WITH_KNOTS('',3,(#4882,#4883,#4884,#4885),
 .UNSPECIFIED.,.F.,.F.,(4,4),(2.82620126714231E-7,0.00425340790780726),
 .UNSPECIFIED.);
#469=B_SPLINE_CURVE_WITH_KNOTS('',3,(#4889,#4890,#4891,#4892),
 .UNSPECIFIED.,.F.,.F.,(4,4),(2.8258094016964E-7,0.00425340786862072),
 .UNSPECIFIED.);
#470=B_SPLINE_CURVE_WITH_KNOTS('',3,(#4894,#4895,#4896,#4897),
 .UNSPECIFIED.,.F.,.F.,(4,4),(2.83524270435379E-7,0.00148134848154715),
 .UNSPECIFIED.);
#471=B_SPLINE_CURVE_WITH_KNOTS('',3,(#4901,#4902,#4903,#4904),
 .UNSPECIFIED.,.F.,.F.,(4,4),(2.83512640653576E-7,0.00148134846991738),
 .UNSPECIFIED.);
#472=B_SPLINE_CURVE_WITH_KNOTS('',3,(#4906,#4907,#4908,#4909),
 .UNSPECIFIED.,.F.,.F.,(4,4),(2.82569428082412E-7,0.00486820121490805),
 .UNSPECIFIED.);
#473=B_SPLINE_CURVE_WITH_KNOTS('',3,(#4913,#4914,#4915,#4916),
 .UNSPECIFIED.,.F.,.F.,(4,4),(2.82611244462927E-7,0.00486820125672444),
 .UNSPECIFIED.);
#474=B_SPLINE_CURVE_WITH_KNOTS('',3,(#4921,#4922,#4923,#4924),
 .UNSPECIFIED.,.F.,.F.,(4,4),(2.93051304522721E-7,0.00425341833898507),
 .UNSPECIFIED.);
#475=B_SPLINE_CURVE_WITH_KNOTS('',3,(#4928,#4929,#4930,#4931),
 .UNSPECIFIED.,.F.,.F.,(4,4),(2.82580940168391E-7,0.00425340786862073),
 .UNSPECIFIED.);
#476=B_SPLINE_CURVE_WITH_KNOTS('',3,(#4933,#4934,#4935,#4936),
 .UNSPECIFIED.,.F.,.F.,(4,4),(2.83524270442168E-7,0.00148134848154714),
 .UNSPECIFIED.);
#477=B_SPLINE_CURVE_WITH_KNOTS('',3,(#4940,#4941,#4942,#4943),
 .UNSPECIFIED.,.F.,.F.,(4,4),(2.83512640638987E-7,0.00148134846991736),
 .UNSPECIFIED.);
#478=B_SPLINE_CURVE_WITH_KNOTS('',3,(#4945,#4946,#4947,#4948),
 .UNSPECIFIED.,.F.,.F.,(4,4),(2.9310406888742E-7,0.00486821174954886),
 .UNSPECIFIED.);
#479=B_SPLINE_CURVE_WITH_KNOTS('',3,(#4952,#4953,#4954,#4955),
 .UNSPECIFIED.,.F.,.F.,(4,4),(2.82611244465411E-7,0.00486820125672441),
 .UNSPECIFIED.);
#480=B_SPLINE_CURVE_WITH_KNOTS('',3,(#4960,#4961,#4962,#4963),
 .UNSPECIFIED.,.F.,.F.,(4,4),(2.93051304525335E-7,0.00425341833898507),
 .UNSPECIFIED.);
#481=B_SPLINE_CURVE_WITH_KNOTS('',3,(#4967,#4968,#4969,#4970),
 .UNSPECIFIED.,.F.,.F.,(4,4),(2.82580940178354E-7,0.00425340786862074),
 .UNSPECIFIED.);
#482=B_SPLINE_CURVE_WITH_KNOTS('',3,(#4972,#4973,#4974,#4975),
 .UNSPECIFIED.,.F.,.F.,(4,4),(2.83524270439721E-7,0.00148134848154714),
 .UNSPECIFIED.);
#483=B_SPLINE_CURVE_WITH_KNOTS('',3,(#4979,#4980,#4981,#4982),
 .UNSPECIFIED.,.F.,.F.,(4,4),(2.83512640648951E-7,0.00148134846991737),
 .UNSPECIFIED.);
#484=B_SPLINE_CURVE_WITH_KNOTS('',3,(#4984,#4985,#4986,#4987),
 .UNSPECIFIED.,.F.,.F.,(4,4),(2.9310406888742E-7,0.00486821174954885),
 .UNSPECIFIED.);
#485=B_SPLINE_CURVE_WITH_KNOTS('',3,(#4991,#4992,#4993,#4994),
 .UNSPECIFIED.,.F.,.F.,(4,4),(2.82611244462797E-7,0.00486820125672441),
 .UNSPECIFIED.);
#486=B_SPLINE_CURVE_WITH_KNOTS('',3,(#4999,#5000,#5001,#5002),
 .UNSPECIFIED.,.F.,.F.,(4,4),(2.82620126714231E-7,0.00425340790780726),
 .UNSPECIFIED.);
#487=B_SPLINE_CURVE_WITH_KNOTS('',3,(#5006,#5007,#5008,#5009),
 .UNSPECIFIED.,.F.,.F.,(4,4),(2.82580940178017E-7,0.00425340786862074),
 .UNSPECIFIED.);
#488=B_SPLINE_CURVE_WITH_KNOTS('',3,(#5011,#5012,#5013,#5014),
 .UNSPECIFIED.,.F.,.F.,(4,4),(2.83524270443752E-7,0.00148134848154714),
 .UNSPECIFIED.);
#489=B_SPLINE_CURVE_WITH_KNOTS('',3,(#5018,#5019,#5020,#5021),
 .UNSPECIFIED.,.F.,.F.,(4,4),(2.83512640647651E-7,0.00148134846991737),
 .UNSPECIFIED.);
#490=B_SPLINE_CURVE_WITH_KNOTS('',3,(#5023,#5024,#5025,#5026),
 .UNSPECIFIED.,.F.,.F.,(4,4),(2.82569428085879E-7,0.00486820121490806),
 .UNSPECIFIED.);
#491=B_SPLINE_CURVE_WITH_KNOTS('',3,(#5030,#5031,#5032,#5033),
 .UNSPECIFIED.,.F.,.F.,(4,4),(2.82611244466394E-7,0.00486820125672443),
 .UNSPECIFIED.);
#492=B_SPLINE_CURVE_WITH_KNOTS('',3,(#5038,#5039,#5040,#5041),
 .UNSPECIFIED.,.F.,.F.,(4,4),(2.82620126708666E-7,0.00425340790780726),
 .UNSPECIFIED.);
#493=B_SPLINE_CURVE_WITH_KNOTS('',3,(#5045,#5046,#5047,#5048),
 .UNSPECIFIED.,.F.,.F.,(4,4),(2.8258094017574E-7,0.00425340786862072),
 .UNSPECIFIED.);
#494=B_SPLINE_CURVE_WITH_KNOTS('',3,(#5050,#5051,#5052,#5053),
 .UNSPECIFIED.,.F.,.F.,(4,4),(2.83524270461574E-7,0.00148134848154716),
 .UNSPECIFIED.);
#495=B_SPLINE_CURVE_WITH_KNOTS('',3,(#5057,#5058,#5059,#5060),
 .UNSPECIFIED.,.F.,.F.,(4,4),(2.92131655689366E-7,0.00148135708893241),
 .UNSPECIFIED.);
#496=B_SPLINE_CURVE_WITH_KNOTS('',3,(#5062,#5063,#5064,#5065),
 .UNSPECIFIED.,.F.,.F.,(4,4),(2.82569428084687E-7,0.00486820121490806),
 .UNSPECIFIED.);
#497=B_SPLINE_CURVE_WITH_KNOTS('',3,(#5069,#5070,#5071,#5072),
 .UNSPECIFIED.,.F.,.F.,(4,4),(2.82611244465411E-7,0.00486820125672445),
 .UNSPECIFIED.);
#498=B_SPLINE_CURVE_WITH_KNOTS('',3,(#5240,#5241,#5242,#5243,#5244,#5245,
#5246,#5247,#5248,#5249,#5250),.UNSPECIFIED.,.T.,.F.,(1,1,1,1,1,1,1,1,1,
1,1,1,1,1,1),(-0.00351729049035894,-0.00234486032690596,-0.00117243016345298,
0.,0.00117243016345298,0.00234486032690596,0.00351729049035894,0.00468972065381192,
0.00586215081726491,0.00703458098071789,0.00820701114417087,0.00937944130762385,
0.0105518714710768,0.0117243016345298,0.0128967317979828),.UNSPECIFIED.);
#499=B_SPLINE_CURVE_WITH_KNOTS('',3,(#5257,#5258,#5259,#5260,#5261),
 .UNSPECIFIED.,.F.,.F.,(4,1,4),(0.,0.00669969209899811,0.0133993841979962),
 .UNSPECIFIED.);
#500=B_SPLINE_CURVE_WITH_KNOTS('',3,(#5269,#5270,#5271,#5272,#5273),
 .UNSPECIFIED.,.F.,.F.,(4,1,4),(0.,0.00669969209899814,0.0133993841979963),
 .UNSPECIFIED.);
#501=B_SPLINE_CURVE_WITH_KNOTS('',3,(#5277,#5278,#5279,#5280,#5281),
 .UNSPECIFIED.,.F.,.F.,(4,1,4),(0.,0.00213477759009615,0.0042695551801923),
 .UNSPECIFIED.);
#502=B_SPLINE_CURVE_WITH_KNOTS('',3,(#5285,#5286,#5287,#5288,#5289),
 .UNSPECIFIED.,.F.,.F.,(4,1,4),(0.,0.00210484284840795,0.00420968569681589),
 .UNSPECIFIED.);
#503=B_SPLINE_CURVE_WITH_KNOTS('',3,(#5293,#5294,#5295,#5296,#5297),
 .UNSPECIFIED.,.F.,.F.,(4,1,4),(0.,0.00669969209899813,0.0133993841979963),
 .UNSPECIFIED.);
#504=B_SPLINE_CURVE_WITH_KNOTS('',3,(#5305,#5306,#5307,#5308,#5309),
 .UNSPECIFIED.,.F.,.F.,(4,1,4),(0.,0.00669969209899813,0.0133993841979963),
 .UNSPECIFIED.);
#505=B_SPLINE_CURVE_WITH_KNOTS('',3,(#5313,#5314,#5315,#5316,#5317),
 .UNSPECIFIED.,.F.,.F.,(4,1,4),(0.,0.00213477759009615,0.0042695551801923),
 .UNSPECIFIED.);
#506=B_SPLINE_CURVE_WITH_KNOTS('',3,(#5321,#5322,#5323,#5324,#5325),
 .UNSPECIFIED.,.F.,.F.,(4,1,4),(0.,0.00210484284840795,0.00420968569681589),
 .UNSPECIFIED.);
#507=B_SPLINE_CURVE_WITH_KNOTS('',3,(#5350,#5351,#5352,#5353,#5354,#5355,
#5356,#5357,#5358,#5359,#5360),.UNSPECIFIED.,.T.,.F.,(1,1,1,1,1,1,1,1,1,
1,1,1,1,1,1),(-0.00352493375675111,-0.00234995583783407,-0.00117497791891704,
0.,0.00117497791891704,0.00234995583783407,0.00352493375675111,0.00469991167566815,
0.00587488959458518,0.00704986751350222,0.00822484543241926,0.00939982335133629,
0.0105748012702533,0.0117497791891704,0.0129247571080874),.UNSPECIFIED.);
#508=B_SPLINE_CURVE_WITH_KNOTS('',3,(#5383,#5384,#5385,#5386,#5387),
 .UNSPECIFIED.,.F.,.F.,(4,1,4),(0.,0.0030383511948534,0.00607670238970679),
 .UNSPECIFIED.);
#509=B_SPLINE_CURVE_WITH_KNOTS('',3,(#5392,#5393,#5394,#5395,#5396),
 .UNSPECIFIED.,.F.,.F.,(4,1,4),(0.,0.00303835119485349,0.00607670238970699),
 .UNSPECIFIED.);
#510=B_SPLINE_CURVE_WITH_KNOTS('',3,(#5423,#5424,#5425,#5426,#5427),
 .UNSPECIFIED.,.F.,.F.,(4,1,4),(0.,0.00303835119485341,0.00607670238970683),
 .UNSPECIFIED.);
#511=B_SPLINE_CURVE_WITH_KNOTS('',3,(#5428,#5429,#5430,#5431,#5432),
 .UNSPECIFIED.,.F.,.F.,(4,1,4),(0.,0.0030383511948534,0.00607670238970679),
 .UNSPECIFIED.);
#512=B_SPLINE_CURVE_WITH_KNOTS('',3,(#5443,#5444,#5445,#5446),
 .UNSPECIFIED.,.F.,.F.,(4,4),(0.,0.000685796290135739),.UNSPECIFIED.);
#513=B_SPLINE_CURVE_WITH_KNOTS('',3,(#5456,#5457,#5458,#5459),
 .UNSPECIFIED.,.F.,.F.,(4,4),(0.,0.000685734123611803),.UNSPECIFIED.);
#514=B_SPLINE_CURVE_WITH_KNOTS('',3,(#5472,#5473,#5474,#5475),
 .UNSPECIFIED.,.F.,.F.,(4,4),(0.,0.00068579629013574),.UNSPECIFIED.);
#515=B_SPLINE_CURVE_WITH_KNOTS('',3,(#5485,#5486,#5487,#5488),
 .UNSPECIFIED.,.F.,.F.,(4,4),(0.,0.000685734123611806),.UNSPECIFIED.);
#516=B_SPLINE_CURVE_WITH_KNOTS('',3,(#5493,#5494,#5495,#5496,#5497,#5498),
 .UNSPECIFIED.,.F.,.F.,(4,1,1,4),(0.,0.000611263518434518,0.00122252703686904,
0.00244505407373807),.UNSPECIFIED.);
#517=B_SPLINE_CURVE_WITH_KNOTS('',3,(#5503,#5504,#5505,#5506,#5507,#5508),
 .UNSPECIFIED.,.F.,.F.,(4,1,1,4),(0.,0.00122315058671521,0.00183472588007282,
0.00244630117343043),.UNSPECIFIED.);
#518=B_SPLINE_CURVE_WITH_KNOTS('',3,(#5510,#5511,#5512,#5513,#5514,#5515),
 .UNSPECIFIED.,.F.,.F.,(4,1,1,4),(0.,0.00122315058671521,0.00183472588007282,
0.00244630117343043),.UNSPECIFIED.);
#519=B_SPLINE_CURVE_WITH_KNOTS('',3,(#5520,#5521,#5522,#5523,#5524,#5525),
 .UNSPECIFIED.,.F.,.F.,(4,1,1,4),(0.,0.000611263518434519,0.00122252703686904,
0.00244505407373807),.UNSPECIFIED.);
#520=B_SPLINE_CURVE_WITH_KNOTS('',3,(#5527,#5528,#5529,#5530,#5531),
 .UNSPECIFIED.,.F.,.F.,(4,1,4),(0.,0.00672350197415529,0.0134470039483106),
 .UNSPECIFIED.);
#521=B_SPLINE_CURVE_WITH_KNOTS('',3,(#5552,#5553,#5554,#5555),
 .UNSPECIFIED.,.F.,.F.,(4,4),(0.,0.00181253288829848),.UNSPECIFIED.);
#522=B_SPLINE_CURVE_WITH_KNOTS('',3,(#5593,#5594,#5595,#5596),
 .UNSPECIFIED.,.F.,.F.,(4,4),(0.,0.00181253288829848),.UNSPECIFIED.);
#523=B_SPLINE_CURVE_WITH_KNOTS('',3,(#5617,#5618,#5619,#5620,#5621),
 .UNSPECIFIED.,.F.,.F.,(4,1,4),(0.,0.00672350197415529,0.0134470039483106),
 .UNSPECIFIED.);
#524=B_SPLINE_CURVE_WITH_KNOTS('',3,(#5624,#5625,#5626,#5627,#5628),
 .UNSPECIFIED.,.F.,.F.,(4,1,4),(0.,0.00672350197415526,0.0134470039483105),
 .UNSPECIFIED.);
#525=B_SPLINE_CURVE_WITH_KNOTS('',3,(#5649,#5650,#5651,#5652),
 .UNSPECIFIED.,.F.,.F.,(4,4),(0.,0.00181253288829848),.UNSPECIFIED.);
#526=B_SPLINE_CURVE_WITH_KNOTS('',3,(#5690,#5691,#5692,#5693),
 .UNSPECIFIED.,.F.,.F.,(4,4),(0.,0.00181253288829848),.UNSPECIFIED.);
#527=B_SPLINE_CURVE_WITH_KNOTS('',3,(#5714,#5715,#5716,#5717,#5718),
 .UNSPECIFIED.,.F.,.F.,(4,1,4),(0.,0.00672350197415528,0.0134470039483106),
 .UNSPECIFIED.);
#528=ORIENTED_EDGE('',*,*,#1394,.T.);
#529=ORIENTED_EDGE('',*,*,#1395,.T.);
#530=ORIENTED_EDGE('',*,*,#1396,.F.);
#531=ORIENTED_EDGE('',*,*,#1397,.T.);
#532=ORIENTED_EDGE('',*,*,#1398,.F.);
#533=ORIENTED_EDGE('',*,*,#1399,.F.);
#534=ORIENTED_EDGE('',*,*,#1400,.T.);
#535=ORIENTED_EDGE('',*,*,#1401,.F.);
#536=ORIENTED_EDGE('',*,*,#1402,.T.);
#537=ORIENTED_EDGE('',*,*,#1403,.T.);
#538=ORIENTED_EDGE('',*,*,#1404,.T.);
#539=ORIENTED_EDGE('',*,*,#1399,.T.);
#540=ORIENTED_EDGE('',*,*,#1405,.F.);
#541=ORIENTED_EDGE('',*,*,#1406,.F.);
#542=ORIENTED_EDGE('',*,*,#1397,.F.);
#543=ORIENTED_EDGE('',*,*,#1407,.F.);
#544=ORIENTED_EDGE('',*,*,#1408,.T.);
#545=ORIENTED_EDGE('',*,*,#1409,.T.);
#546=ORIENTED_EDGE('',*,*,#1410,.F.);
#547=ORIENTED_EDGE('',*,*,#1411,.T.);
#548=ORIENTED_EDGE('',*,*,#1412,.F.);
#549=ORIENTED_EDGE('',*,*,#1413,.F.);
#550=ORIENTED_EDGE('',*,*,#1414,.T.);
#551=ORIENTED_EDGE('',*,*,#1415,.F.);
#552=ORIENTED_EDGE('',*,*,#1416,.T.);
#553=ORIENTED_EDGE('',*,*,#1401,.T.);
#554=ORIENTED_EDGE('',*,*,#1417,.T.);
#555=ORIENTED_EDGE('',*,*,#1413,.T.);
#556=ORIENTED_EDGE('',*,*,#1395,.F.);
#557=ORIENTED_EDGE('',*,*,#1418,.F.);
#558=ORIENTED_EDGE('',*,*,#1411,.F.);
#559=ORIENTED_EDGE('',*,*,#1419,.F.);
#560=ORIENTED_EDGE('',*,*,#1420,.T.);
#561=ORIENTED_EDGE('',*,*,#1421,.T.);
#562=ORIENTED_EDGE('',*,*,#1422,.F.);
#563=ORIENTED_EDGE('',*,*,#1423,.T.);
#564=ORIENTED_EDGE('',*,*,#1424,.F.);
#565=ORIENTED_EDGE('',*,*,#1425,.F.);
#566=ORIENTED_EDGE('',*,*,#1426,.T.);
#567=ORIENTED_EDGE('',*,*,#1427,.F.);
#568=ORIENTED_EDGE('',*,*,#1428,.T.);
#569=ORIENTED_EDGE('',*,*,#1415,.T.);
#570=ORIENTED_EDGE('',*,*,#1429,.T.);
#571=ORIENTED_EDGE('',*,*,#1425,.T.);
#572=ORIENTED_EDGE('',*,*,#1409,.F.);
#573=ORIENTED_EDGE('',*,*,#1430,.F.);
#574=ORIENTED_EDGE('',*,*,#1423,.F.);
#575=ORIENTED_EDGE('',*,*,#1431,.F.);
#576=ORIENTED_EDGE('',*,*,#1432,.T.);
#577=ORIENTED_EDGE('',*,*,#1433,.T.);
#578=ORIENTED_EDGE('',*,*,#1434,.F.);
#579=ORIENTED_EDGE('',*,*,#1435,.T.);
#580=ORIENTED_EDGE('',*,*,#1436,.F.);
#581=ORIENTED_EDGE('',*,*,#1437,.F.);
#582=ORIENTED_EDGE('',*,*,#1438,.T.);
#583=ORIENTED_EDGE('',*,*,#1439,.F.);
#584=ORIENTED_EDGE('',*,*,#1440,.T.);
#585=ORIENTED_EDGE('',*,*,#1427,.T.);
#586=ORIENTED_EDGE('',*,*,#1441,.T.);
#587=ORIENTED_EDGE('',*,*,#1437,.T.);
#588=ORIENTED_EDGE('',*,*,#1421,.F.);
#589=ORIENTED_EDGE('',*,*,#1442,.F.);
#590=ORIENTED_EDGE('',*,*,#1435,.F.);
#591=ORIENTED_EDGE('',*,*,#1443,.F.);
#592=ORIENTED_EDGE('',*,*,#1444,.T.);
#593=ORIENTED_EDGE('',*,*,#1445,.T.);
#594=ORIENTED_EDGE('',*,*,#1446,.F.);
#595=ORIENTED_EDGE('',*,*,#1447,.T.);
#596=ORIENTED_EDGE('',*,*,#1448,.F.);
#597=ORIENTED_EDGE('',*,*,#1449,.F.);
#598=ORIENTED_EDGE('',*,*,#1450,.T.);
#599=ORIENTED_EDGE('',*,*,#1451,.F.);
#600=ORIENTED_EDGE('',*,*,#1452,.T.);
#601=ORIENTED_EDGE('',*,*,#1439,.T.);
#602=ORIENTED_EDGE('',*,*,#1453,.T.);
#603=ORIENTED_EDGE('',*,*,#1449,.T.);
#604=ORIENTED_EDGE('',*,*,#1433,.F.);
#605=ORIENTED_EDGE('',*,*,#1454,.F.);
#606=ORIENTED_EDGE('',*,*,#1447,.F.);
#607=ORIENTED_EDGE('',*,*,#1455,.F.);
#608=ORIENTED_EDGE('',*,*,#1456,.T.);
#609=ORIENTED_EDGE('',*,*,#1457,.T.);
#610=ORIENTED_EDGE('',*,*,#1458,.F.);
#611=ORIENTED_EDGE('',*,*,#1459,.T.);
#612=ORIENTED_EDGE('',*,*,#1460,.F.);
#613=ORIENTED_EDGE('',*,*,#1461,.F.);
#614=ORIENTED_EDGE('',*,*,#1462,.T.);
#615=ORIENTED_EDGE('',*,*,#1463,.F.);
#616=ORIENTED_EDGE('',*,*,#1464,.T.);
#617=ORIENTED_EDGE('',*,*,#1451,.T.);
#618=ORIENTED_EDGE('',*,*,#1465,.T.);
#619=ORIENTED_EDGE('',*,*,#1461,.T.);
#620=ORIENTED_EDGE('',*,*,#1445,.F.);
#621=ORIENTED_EDGE('',*,*,#1466,.F.);
#622=ORIENTED_EDGE('',*,*,#1459,.F.);
#623=ORIENTED_EDGE('',*,*,#1467,.F.);
#624=ORIENTED_EDGE('',*,*,#1468,.T.);
#625=ORIENTED_EDGE('',*,*,#1469,.T.);
#626=ORIENTED_EDGE('',*,*,#1470,.F.);
#627=ORIENTED_EDGE('',*,*,#1471,.T.);
#628=ORIENTED_EDGE('',*,*,#1472,.F.);
#629=ORIENTED_EDGE('',*,*,#1473,.F.);
#630=ORIENTED_EDGE('',*,*,#1474,.T.);
#631=ORIENTED_EDGE('',*,*,#1475,.F.);
#632=ORIENTED_EDGE('',*,*,#1476,.T.);
#633=ORIENTED_EDGE('',*,*,#1463,.T.);
#634=ORIENTED_EDGE('',*,*,#1477,.T.);
#635=ORIENTED_EDGE('',*,*,#1473,.T.);
#636=ORIENTED_EDGE('',*,*,#1457,.F.);
#637=ORIENTED_EDGE('',*,*,#1478,.F.);
#638=ORIENTED_EDGE('',*,*,#1471,.F.);
#639=ORIENTED_EDGE('',*,*,#1479,.F.);
#640=ORIENTED_EDGE('',*,*,#1480,.T.);
#641=ORIENTED_EDGE('',*,*,#1481,.F.);
#642=ORIENTED_EDGE('',*,*,#1482,.T.);
#643=ORIENTED_EDGE('',*,*,#1468,.F.);
#644=ORIENTED_EDGE('',*,*,#1478,.T.);
#645=ORIENTED_EDGE('',*,*,#1456,.F.);
#646=ORIENTED_EDGE('',*,*,#1466,.T.);
#647=ORIENTED_EDGE('',*,*,#1444,.F.);
#648=ORIENTED_EDGE('',*,*,#1454,.T.);
#649=ORIENTED_EDGE('',*,*,#1432,.F.);
#650=ORIENTED_EDGE('',*,*,#1442,.T.);
#651=ORIENTED_EDGE('',*,*,#1420,.F.);
#652=ORIENTED_EDGE('',*,*,#1430,.T.);
#653=ORIENTED_EDGE('',*,*,#1408,.F.);
#654=ORIENTED_EDGE('',*,*,#1418,.T.);
#655=ORIENTED_EDGE('',*,*,#1394,.F.);
#656=ORIENTED_EDGE('',*,*,#1406,.T.);
#657=ORIENTED_EDGE('',*,*,#1481,.T.);
#658=ORIENTED_EDGE('',*,*,#1405,.T.);
#659=ORIENTED_EDGE('',*,*,#1483,.F.);
#660=ORIENTED_EDGE('',*,*,#1484,.T.);
#661=ORIENTED_EDGE('',*,*,#1485,.F.);
#662=ORIENTED_EDGE('',*,*,#1483,.T.);
#663=ORIENTED_EDGE('',*,*,#1407,.T.);
#664=ORIENTED_EDGE('',*,*,#1396,.T.);
#665=ORIENTED_EDGE('',*,*,#1419,.T.);
#666=ORIENTED_EDGE('',*,*,#1410,.T.);
#667=ORIENTED_EDGE('',*,*,#1431,.T.);
#668=ORIENTED_EDGE('',*,*,#1422,.T.);
#669=ORIENTED_EDGE('',*,*,#1443,.T.);
#670=ORIENTED_EDGE('',*,*,#1434,.T.);
#671=ORIENTED_EDGE('',*,*,#1455,.T.);
#672=ORIENTED_EDGE('',*,*,#1446,.T.);
#673=ORIENTED_EDGE('',*,*,#1467,.T.);
#674=ORIENTED_EDGE('',*,*,#1458,.T.);
#675=ORIENTED_EDGE('',*,*,#1479,.T.);
#676=ORIENTED_EDGE('',*,*,#1470,.T.);
#677=ORIENTED_EDGE('',*,*,#1486,.T.);
#678=ORIENTED_EDGE('',*,*,#1487,.T.);
#679=ORIENTED_EDGE('',*,*,#1485,.T.);
#680=ORIENTED_EDGE('',*,*,#1488,.T.);
#681=ORIENTED_EDGE('',*,*,#1489,.T.);
#682=ORIENTED_EDGE('',*,*,#1489,.F.);
#683=ORIENTED_EDGE('',*,*,#1490,.T.);
#684=ORIENTED_EDGE('',*,*,#1491,.F.);
#685=ORIENTED_EDGE('',*,*,#1487,.F.);
#686=ORIENTED_EDGE('',*,*,#1492,.T.);
#687=ORIENTED_EDGE('',*,*,#1491,.T.);
#688=ORIENTED_EDGE('',*,*,#1493,.T.);
#689=ORIENTED_EDGE('',*,*,#1494,.T.);
#690=ORIENTED_EDGE('',*,*,#1495,.T.);
#691=ORIENTED_EDGE('',*,*,#1496,.F.);
#692=ORIENTED_EDGE('',*,*,#1497,.F.);
#693=ORIENTED_EDGE('',*,*,#1496,.T.);
#694=ORIENTED_EDGE('',*,*,#1490,.F.);
#695=ORIENTED_EDGE('',*,*,#1497,.T.);
#696=ORIENTED_EDGE('',*,*,#1492,.F.);
#697=ORIENTED_EDGE('',*,*,#1493,.F.);
#698=ORIENTED_EDGE('',*,*,#1494,.F.);
#699=ORIENTED_EDGE('',*,*,#1495,.F.);
#700=ORIENTED_EDGE('',*,*,#1498,.T.);
#701=ORIENTED_EDGE('',*,*,#1475,.T.);
#702=ORIENTED_EDGE('',*,*,#1499,.T.);
#703=ORIENTED_EDGE('',*,*,#1500,.T.);
#704=ORIENTED_EDGE('',*,*,#1469,.F.);
#705=ORIENTED_EDGE('',*,*,#1482,.F.);
#706=ORIENTED_EDGE('',*,*,#1484,.F.);
#707=ORIENTED_EDGE('',*,*,#1486,.F.);
#708=ORIENTED_EDGE('',*,*,#1501,.T.);
#709=ORIENTED_EDGE('',*,*,#1502,.F.);
#710=ORIENTED_EDGE('',*,*,#1499,.F.);
#711=ORIENTED_EDGE('',*,*,#1474,.F.);
#712=ORIENTED_EDGE('',*,*,#1477,.F.);
#713=ORIENTED_EDGE('',*,*,#1462,.F.);
#714=ORIENTED_EDGE('',*,*,#1465,.F.);
#715=ORIENTED_EDGE('',*,*,#1450,.F.);
#716=ORIENTED_EDGE('',*,*,#1453,.F.);
#717=ORIENTED_EDGE('',*,*,#1438,.F.);
#718=ORIENTED_EDGE('',*,*,#1441,.F.);
#719=ORIENTED_EDGE('',*,*,#1426,.F.);
#720=ORIENTED_EDGE('',*,*,#1429,.F.);
#721=ORIENTED_EDGE('',*,*,#1414,.F.);
#722=ORIENTED_EDGE('',*,*,#1417,.F.);
#723=ORIENTED_EDGE('',*,*,#1400,.F.);
#724=ORIENTED_EDGE('',*,*,#1404,.F.);
#725=ORIENTED_EDGE('',*,*,#1503,.F.);
#726=ORIENTED_EDGE('',*,*,#1500,.F.);
#727=ORIENTED_EDGE('',*,*,#1502,.T.);
#728=ORIENTED_EDGE('',*,*,#1403,.F.);
#729=ORIENTED_EDGE('',*,*,#1504,.F.);
#730=ORIENTED_EDGE('',*,*,#1503,.T.);
#731=ORIENTED_EDGE('',*,*,#1402,.F.);
#732=ORIENTED_EDGE('',*,*,#1398,.T.);
#733=ORIENTED_EDGE('',*,*,#1416,.F.);
#734=ORIENTED_EDGE('',*,*,#1412,.T.);
#735=ORIENTED_EDGE('',*,*,#1428,.F.);
#736=ORIENTED_EDGE('',*,*,#1424,.T.);
#737=ORIENTED_EDGE('',*,*,#1440,.F.);
#738=ORIENTED_EDGE('',*,*,#1436,.T.);
#739=ORIENTED_EDGE('',*,*,#1452,.F.);
#740=ORIENTED_EDGE('',*,*,#1448,.T.);
#741=ORIENTED_EDGE('',*,*,#1464,.F.);
#742=ORIENTED_EDGE('',*,*,#1460,.T.);
#743=ORIENTED_EDGE('',*,*,#1476,.F.);
#744=ORIENTED_EDGE('',*,*,#1472,.T.);
#745=ORIENTED_EDGE('',*,*,#1498,.F.);
#746=ORIENTED_EDGE('',*,*,#1505,.F.);
#747=ORIENTED_EDGE('',*,*,#1504,.T.);
#748=ORIENTED_EDGE('',*,*,#1506,.F.);
#749=ORIENTED_EDGE('',*,*,#1505,.T.);
#750=ORIENTED_EDGE('',*,*,#1501,.F.);
#751=ORIENTED_EDGE('',*,*,#1506,.T.);
#752=ORIENTED_EDGE('',*,*,#1488,.F.);
#753=ORIENTED_EDGE('',*,*,#1480,.F.);
#754=ORIENTED_EDGE('',*,*,#1507,.F.);
#755=ORIENTED_EDGE('',*,*,#1508,.T.);
#756=ORIENTED_EDGE('',*,*,#1509,.T.);
#757=ORIENTED_EDGE('',*,*,#1510,.T.);
#758=ORIENTED_EDGE('',*,*,#1511,.T.);
#759=ORIENTED_EDGE('',*,*,#1512,.T.);
#760=ORIENTED_EDGE('',*,*,#1513,.F.);
#761=ORIENTED_EDGE('',*,*,#1514,.T.);
#762=ORIENTED_EDGE('',*,*,#1509,.F.);
#763=ORIENTED_EDGE('',*,*,#1515,.T.);
#764=ORIENTED_EDGE('',*,*,#1516,.T.);
#765=ORIENTED_EDGE('',*,*,#1517,.T.);
#766=ORIENTED_EDGE('',*,*,#1518,.T.);
#767=ORIENTED_EDGE('',*,*,#1519,.T.);
#768=ORIENTED_EDGE('',*,*,#1511,.F.);
#769=ORIENTED_EDGE('',*,*,#1520,.T.);
#770=ORIENTED_EDGE('',*,*,#1516,.F.);
#771=ORIENTED_EDGE('',*,*,#1521,.T.);
#772=ORIENTED_EDGE('',*,*,#1522,.T.);
#773=ORIENTED_EDGE('',*,*,#1523,.T.);
#774=ORIENTED_EDGE('',*,*,#1524,.T.);
#775=ORIENTED_EDGE('',*,*,#1525,.T.);
#776=ORIENTED_EDGE('',*,*,#1518,.F.);
#777=ORIENTED_EDGE('',*,*,#1526,.T.);
#778=ORIENTED_EDGE('',*,*,#1527,.F.);
#779=ORIENTED_EDGE('',*,*,#1528,.T.);
#780=ORIENTED_EDGE('',*,*,#1529,.T.);
#781=ORIENTED_EDGE('',*,*,#1530,.T.);
#782=ORIENTED_EDGE('',*,*,#1529,.F.);
#783=ORIENTED_EDGE('',*,*,#1531,.T.);
#784=ORIENTED_EDGE('',*,*,#1532,.T.);
#785=ORIENTED_EDGE('',*,*,#1533,.T.);
#786=ORIENTED_EDGE('',*,*,#1532,.F.);
#787=ORIENTED_EDGE('',*,*,#1534,.T.);
#788=ORIENTED_EDGE('',*,*,#1535,.T.);
#789=ORIENTED_EDGE('',*,*,#1536,.T.);
#790=ORIENTED_EDGE('',*,*,#1537,.F.);
#791=ORIENTED_EDGE('',*,*,#1538,.T.);
#792=ORIENTED_EDGE('',*,*,#1539,.T.);
#793=ORIENTED_EDGE('',*,*,#1540,.T.);
#794=ORIENTED_EDGE('',*,*,#1539,.F.);
#795=ORIENTED_EDGE('',*,*,#1541,.T.);
#796=ORIENTED_EDGE('',*,*,#1542,.T.);
#797=ORIENTED_EDGE('',*,*,#1543,.T.);
#798=ORIENTED_EDGE('',*,*,#1542,.F.);
#799=ORIENTED_EDGE('',*,*,#1544,.T.);
#800=ORIENTED_EDGE('',*,*,#1545,.T.);
#801=ORIENTED_EDGE('',*,*,#1546,.T.);
#802=ORIENTED_EDGE('',*,*,#1547,.F.);
#803=ORIENTED_EDGE('',*,*,#1548,.T.);
#804=ORIENTED_EDGE('',*,*,#1549,.T.);
#805=ORIENTED_EDGE('',*,*,#1550,.T.);
#806=ORIENTED_EDGE('',*,*,#1549,.F.);
#807=ORIENTED_EDGE('',*,*,#1551,.T.);
#808=ORIENTED_EDGE('',*,*,#1552,.T.);
#809=ORIENTED_EDGE('',*,*,#1553,.T.);
#810=ORIENTED_EDGE('',*,*,#1552,.F.);
#811=ORIENTED_EDGE('',*,*,#1554,.T.);
#812=ORIENTED_EDGE('',*,*,#1555,.T.);
#813=ORIENTED_EDGE('',*,*,#1556,.T.);
#814=ORIENTED_EDGE('',*,*,#1557,.F.);
#815=ORIENTED_EDGE('',*,*,#1558,.T.);
#816=ORIENTED_EDGE('',*,*,#1559,.T.);
#817=ORIENTED_EDGE('',*,*,#1560,.T.);
#818=ORIENTED_EDGE('',*,*,#1559,.F.);
#819=ORIENTED_EDGE('',*,*,#1561,.T.);
#820=ORIENTED_EDGE('',*,*,#1562,.T.);
#821=ORIENTED_EDGE('',*,*,#1563,.T.);
#822=ORIENTED_EDGE('',*,*,#1562,.F.);
#823=ORIENTED_EDGE('',*,*,#1564,.T.);
#824=ORIENTED_EDGE('',*,*,#1565,.T.);
#825=ORIENTED_EDGE('',*,*,#1566,.T.);
#826=ORIENTED_EDGE('',*,*,#1567,.F.);
#827=ORIENTED_EDGE('',*,*,#1568,.T.);
#828=ORIENTED_EDGE('',*,*,#1569,.T.);
#829=ORIENTED_EDGE('',*,*,#1570,.T.);
#830=ORIENTED_EDGE('',*,*,#1569,.F.);
#831=ORIENTED_EDGE('',*,*,#1571,.T.);
#832=ORIENTED_EDGE('',*,*,#1572,.T.);
#833=ORIENTED_EDGE('',*,*,#1573,.T.);
#834=ORIENTED_EDGE('',*,*,#1572,.F.);
#835=ORIENTED_EDGE('',*,*,#1574,.T.);
#836=ORIENTED_EDGE('',*,*,#1575,.T.);
#837=ORIENTED_EDGE('',*,*,#1576,.T.);
#838=ORIENTED_EDGE('',*,*,#1577,.F.);
#839=ORIENTED_EDGE('',*,*,#1578,.T.);
#840=ORIENTED_EDGE('',*,*,#1579,.T.);
#841=ORIENTED_EDGE('',*,*,#1580,.T.);
#842=ORIENTED_EDGE('',*,*,#1579,.F.);
#843=ORIENTED_EDGE('',*,*,#1581,.T.);
#844=ORIENTED_EDGE('',*,*,#1582,.T.);
#845=ORIENTED_EDGE('',*,*,#1583,.T.);
#846=ORIENTED_EDGE('',*,*,#1582,.F.);
#847=ORIENTED_EDGE('',*,*,#1584,.T.);
#848=ORIENTED_EDGE('',*,*,#1585,.T.);
#849=ORIENTED_EDGE('',*,*,#1586,.T.);
#850=ORIENTED_EDGE('',*,*,#1587,.F.);
#851=ORIENTED_EDGE('',*,*,#1588,.T.);
#852=ORIENTED_EDGE('',*,*,#1589,.T.);
#853=ORIENTED_EDGE('',*,*,#1590,.T.);
#854=ORIENTED_EDGE('',*,*,#1589,.F.);
#855=ORIENTED_EDGE('',*,*,#1591,.T.);
#856=ORIENTED_EDGE('',*,*,#1592,.T.);
#857=ORIENTED_EDGE('',*,*,#1593,.T.);
#858=ORIENTED_EDGE('',*,*,#1592,.F.);
#859=ORIENTED_EDGE('',*,*,#1594,.T.);
#860=ORIENTED_EDGE('',*,*,#1595,.T.);
#861=ORIENTED_EDGE('',*,*,#1596,.T.);
#862=ORIENTED_EDGE('',*,*,#1597,.F.);
#863=ORIENTED_EDGE('',*,*,#1598,.T.);
#864=ORIENTED_EDGE('',*,*,#1599,.T.);
#865=ORIENTED_EDGE('',*,*,#1600,.T.);
#866=ORIENTED_EDGE('',*,*,#1599,.F.);
#867=ORIENTED_EDGE('',*,*,#1601,.T.);
#868=ORIENTED_EDGE('',*,*,#1602,.T.);
#869=ORIENTED_EDGE('',*,*,#1603,.T.);
#870=ORIENTED_EDGE('',*,*,#1602,.F.);
#871=ORIENTED_EDGE('',*,*,#1604,.T.);
#872=ORIENTED_EDGE('',*,*,#1605,.T.);
#873=ORIENTED_EDGE('',*,*,#1606,.T.);
#874=ORIENTED_EDGE('',*,*,#1607,.F.);
#875=ORIENTED_EDGE('',*,*,#1608,.T.);
#876=ORIENTED_EDGE('',*,*,#1609,.T.);
#877=ORIENTED_EDGE('',*,*,#1610,.T.);
#878=ORIENTED_EDGE('',*,*,#1609,.F.);
#879=ORIENTED_EDGE('',*,*,#1611,.T.);
#880=ORIENTED_EDGE('',*,*,#1612,.T.);
#881=ORIENTED_EDGE('',*,*,#1613,.T.);
#882=ORIENTED_EDGE('',*,*,#1612,.F.);
#883=ORIENTED_EDGE('',*,*,#1614,.T.);
#884=ORIENTED_EDGE('',*,*,#1615,.T.);
#885=ORIENTED_EDGE('',*,*,#1616,.T.);
#886=ORIENTED_EDGE('',*,*,#1617,.F.);
#887=ORIENTED_EDGE('',*,*,#1618,.T.);
#888=ORIENTED_EDGE('',*,*,#1619,.T.);
#889=ORIENTED_EDGE('',*,*,#1620,.T.);
#890=ORIENTED_EDGE('',*,*,#1619,.F.);
#891=ORIENTED_EDGE('',*,*,#1621,.T.);
#892=ORIENTED_EDGE('',*,*,#1622,.T.);
#893=ORIENTED_EDGE('',*,*,#1623,.T.);
#894=ORIENTED_EDGE('',*,*,#1622,.F.);
#895=ORIENTED_EDGE('',*,*,#1624,.T.);
#896=ORIENTED_EDGE('',*,*,#1625,.T.);
#897=ORIENTED_EDGE('',*,*,#1626,.T.);
#898=ORIENTED_EDGE('',*,*,#1627,.F.);
#899=ORIENTED_EDGE('',*,*,#1628,.F.);
#900=ORIENTED_EDGE('',*,*,#1629,.F.);
#901=ORIENTED_EDGE('',*,*,#1524,.F.);
#902=ORIENTED_EDGE('',*,*,#1630,.F.);
#903=ORIENTED_EDGE('',*,*,#1631,.F.);
#904=ORIENTED_EDGE('',*,*,#1632,.F.);
#905=ORIENTED_EDGE('',*,*,#1625,.F.);
#906=ORIENTED_EDGE('',*,*,#1633,.F.);
#907=ORIENTED_EDGE('',*,*,#1634,.F.);
#908=ORIENTED_EDGE('',*,*,#1635,.F.);
#909=ORIENTED_EDGE('',*,*,#1615,.F.);
#910=ORIENTED_EDGE('',*,*,#1636,.F.);
#911=ORIENTED_EDGE('',*,*,#1637,.F.);
#912=ORIENTED_EDGE('',*,*,#1638,.F.);
#913=ORIENTED_EDGE('',*,*,#1605,.F.);
#914=ORIENTED_EDGE('',*,*,#1639,.F.);
#915=ORIENTED_EDGE('',*,*,#1640,.F.);
#916=ORIENTED_EDGE('',*,*,#1641,.F.);
#917=ORIENTED_EDGE('',*,*,#1595,.F.);
#918=ORIENTED_EDGE('',*,*,#1642,.F.);
#919=ORIENTED_EDGE('',*,*,#1643,.F.);
#920=ORIENTED_EDGE('',*,*,#1644,.F.);
#921=ORIENTED_EDGE('',*,*,#1585,.F.);
#922=ORIENTED_EDGE('',*,*,#1645,.F.);
#923=ORIENTED_EDGE('',*,*,#1646,.F.);
#924=ORIENTED_EDGE('',*,*,#1647,.F.);
#925=ORIENTED_EDGE('',*,*,#1575,.F.);
#926=ORIENTED_EDGE('',*,*,#1648,.F.);
#927=ORIENTED_EDGE('',*,*,#1649,.F.);
#928=ORIENTED_EDGE('',*,*,#1650,.F.);
#929=ORIENTED_EDGE('',*,*,#1565,.F.);
#930=ORIENTED_EDGE('',*,*,#1651,.F.);
#931=ORIENTED_EDGE('',*,*,#1652,.F.);
#932=ORIENTED_EDGE('',*,*,#1653,.F.);
#933=ORIENTED_EDGE('',*,*,#1555,.F.);
#934=ORIENTED_EDGE('',*,*,#1654,.F.);
#935=ORIENTED_EDGE('',*,*,#1655,.F.);
#936=ORIENTED_EDGE('',*,*,#1656,.F.);
#937=ORIENTED_EDGE('',*,*,#1545,.F.);
#938=ORIENTED_EDGE('',*,*,#1657,.F.);
#939=ORIENTED_EDGE('',*,*,#1658,.F.);
#940=ORIENTED_EDGE('',*,*,#1659,.F.);
#941=ORIENTED_EDGE('',*,*,#1535,.F.);
#942=ORIENTED_EDGE('',*,*,#1660,.F.);
#943=ORIENTED_EDGE('',*,*,#1661,.F.);
#944=ORIENTED_EDGE('',*,*,#1662,.F.);
#945=ORIENTED_EDGE('',*,*,#1522,.F.);
#946=ORIENTED_EDGE('',*,*,#1663,.T.);
#947=ORIENTED_EDGE('',*,*,#1664,.T.);
#948=ORIENTED_EDGE('',*,*,#1663,.F.);
#949=ORIENTED_EDGE('',*,*,#1665,.T.);
#950=ORIENTED_EDGE('',*,*,#1513,.T.);
#951=ORIENTED_EDGE('',*,*,#1666,.T.);
#952=ORIENTED_EDGE('',*,*,#1507,.T.);
#953=ORIENTED_EDGE('',*,*,#1667,.T.);
#954=ORIENTED_EDGE('',*,*,#1527,.T.);
#955=ORIENTED_EDGE('',*,*,#1668,.T.);
#956=ORIENTED_EDGE('',*,*,#1537,.T.);
#957=ORIENTED_EDGE('',*,*,#1669,.T.);
#958=ORIENTED_EDGE('',*,*,#1547,.T.);
#959=ORIENTED_EDGE('',*,*,#1670,.T.);
#960=ORIENTED_EDGE('',*,*,#1557,.T.);
#961=ORIENTED_EDGE('',*,*,#1671,.T.);
#962=ORIENTED_EDGE('',*,*,#1567,.T.);
#963=ORIENTED_EDGE('',*,*,#1672,.T.);
#964=ORIENTED_EDGE('',*,*,#1577,.T.);
#965=ORIENTED_EDGE('',*,*,#1673,.T.);
#966=ORIENTED_EDGE('',*,*,#1587,.T.);
#967=ORIENTED_EDGE('',*,*,#1674,.T.);
#968=ORIENTED_EDGE('',*,*,#1597,.T.);
#969=ORIENTED_EDGE('',*,*,#1675,.T.);
#970=ORIENTED_EDGE('',*,*,#1607,.T.);
#971=ORIENTED_EDGE('',*,*,#1676,.T.);
#972=ORIENTED_EDGE('',*,*,#1617,.T.);
#973=ORIENTED_EDGE('',*,*,#1664,.F.);
#974=ORIENTED_EDGE('',*,*,#1677,.F.);
#975=ORIENTED_EDGE('',*,*,#1630,.T.);
#976=ORIENTED_EDGE('',*,*,#1526,.F.);
#977=ORIENTED_EDGE('',*,*,#1520,.F.);
#978=ORIENTED_EDGE('',*,*,#1514,.F.);
#979=ORIENTED_EDGE('',*,*,#1623,.F.);
#980=ORIENTED_EDGE('',*,*,#1626,.F.);
#981=ORIENTED_EDGE('',*,*,#1632,.T.);
#982=ORIENTED_EDGE('',*,*,#1678,.T.);
#983=ORIENTED_EDGE('',*,*,#1620,.F.);
#984=ORIENTED_EDGE('',*,*,#1678,.F.);
#985=ORIENTED_EDGE('',*,*,#1631,.T.);
#986=ORIENTED_EDGE('',*,*,#1677,.T.);
#987=ORIENTED_EDGE('',*,*,#1665,.F.);
#988=ORIENTED_EDGE('',*,*,#1679,.F.);
#989=ORIENTED_EDGE('',*,*,#1633,.T.);
#990=ORIENTED_EDGE('',*,*,#1624,.F.);
#991=ORIENTED_EDGE('',*,*,#1621,.F.);
#992=ORIENTED_EDGE('',*,*,#1618,.F.);
#993=ORIENTED_EDGE('',*,*,#1613,.F.);
#994=ORIENTED_EDGE('',*,*,#1616,.F.);
#995=ORIENTED_EDGE('',*,*,#1635,.T.);
#996=ORIENTED_EDGE('',*,*,#1680,.T.);
#997=ORIENTED_EDGE('',*,*,#1610,.F.);
#998=ORIENTED_EDGE('',*,*,#1680,.F.);
#999=ORIENTED_EDGE('',*,*,#1634,.T.);
#1000=ORIENTED_EDGE('',*,*,#1679,.T.);
#1001=ORIENTED_EDGE('',*,*,#1676,.F.);
#1002=ORIENTED_EDGE('',*,*,#1681,.F.);
#1003=ORIENTED_EDGE('',*,*,#1636,.T.);
#1004=ORIENTED_EDGE('',*,*,#1614,.F.);
#1005=ORIENTED_EDGE('',*,*,#1611,.F.);
#1006=ORIENTED_EDGE('',*,*,#1608,.F.);
#1007=ORIENTED_EDGE('',*,*,#1603,.F.);
#1008=ORIENTED_EDGE('',*,*,#1606,.F.);
#1009=ORIENTED_EDGE('',*,*,#1638,.T.);
#1010=ORIENTED_EDGE('',*,*,#1682,.T.);
#1011=ORIENTED_EDGE('',*,*,#1600,.F.);
#1012=ORIENTED_EDGE('',*,*,#1682,.F.);
#1013=ORIENTED_EDGE('',*,*,#1637,.T.);
#1014=ORIENTED_EDGE('',*,*,#1681,.T.);
#1015=ORIENTED_EDGE('',*,*,#1675,.F.);
#1016=ORIENTED_EDGE('',*,*,#1683,.F.);
#1017=ORIENTED_EDGE('',*,*,#1639,.T.);
#1018=ORIENTED_EDGE('',*,*,#1604,.F.);
#1019=ORIENTED_EDGE('',*,*,#1601,.F.);
#1020=ORIENTED_EDGE('',*,*,#1598,.F.);
#1021=ORIENTED_EDGE('',*,*,#1593,.F.);
#1022=ORIENTED_EDGE('',*,*,#1596,.F.);
#1023=ORIENTED_EDGE('',*,*,#1641,.T.);
#1024=ORIENTED_EDGE('',*,*,#1684,.T.);
#1025=ORIENTED_EDGE('',*,*,#1590,.F.);
#1026=ORIENTED_EDGE('',*,*,#1684,.F.);
#1027=ORIENTED_EDGE('',*,*,#1640,.T.);
#1028=ORIENTED_EDGE('',*,*,#1683,.T.);
#1029=ORIENTED_EDGE('',*,*,#1674,.F.);
#1030=ORIENTED_EDGE('',*,*,#1685,.F.);
#1031=ORIENTED_EDGE('',*,*,#1642,.T.);
#1032=ORIENTED_EDGE('',*,*,#1594,.F.);
#1033=ORIENTED_EDGE('',*,*,#1591,.F.);
#1034=ORIENTED_EDGE('',*,*,#1588,.F.);
#1035=ORIENTED_EDGE('',*,*,#1583,.F.);
#1036=ORIENTED_EDGE('',*,*,#1586,.F.);
#1037=ORIENTED_EDGE('',*,*,#1644,.T.);
#1038=ORIENTED_EDGE('',*,*,#1686,.T.);
#1039=ORIENTED_EDGE('',*,*,#1580,.F.);
#1040=ORIENTED_EDGE('',*,*,#1686,.F.);
#1041=ORIENTED_EDGE('',*,*,#1643,.T.);
#1042=ORIENTED_EDGE('',*,*,#1685,.T.);
#1043=ORIENTED_EDGE('',*,*,#1673,.F.);
#1044=ORIENTED_EDGE('',*,*,#1687,.F.);
#1045=ORIENTED_EDGE('',*,*,#1645,.T.);
#1046=ORIENTED_EDGE('',*,*,#1584,.F.);
#1047=ORIENTED_EDGE('',*,*,#1581,.F.);
#1048=ORIENTED_EDGE('',*,*,#1578,.F.);
#1049=ORIENTED_EDGE('',*,*,#1573,.F.);
#1050=ORIENTED_EDGE('',*,*,#1576,.F.);
#1051=ORIENTED_EDGE('',*,*,#1647,.T.);
#1052=ORIENTED_EDGE('',*,*,#1688,.T.);
#1053=ORIENTED_EDGE('',*,*,#1570,.F.);
#1054=ORIENTED_EDGE('',*,*,#1688,.F.);
#1055=ORIENTED_EDGE('',*,*,#1646,.T.);
#1056=ORIENTED_EDGE('',*,*,#1687,.T.);
#1057=ORIENTED_EDGE('',*,*,#1672,.F.);
#1058=ORIENTED_EDGE('',*,*,#1689,.F.);
#1059=ORIENTED_EDGE('',*,*,#1648,.T.);
#1060=ORIENTED_EDGE('',*,*,#1574,.F.);
#1061=ORIENTED_EDGE('',*,*,#1571,.F.);
#1062=ORIENTED_EDGE('',*,*,#1568,.F.);
#1063=ORIENTED_EDGE('',*,*,#1563,.F.);
#1064=ORIENTED_EDGE('',*,*,#1566,.F.);
#1065=ORIENTED_EDGE('',*,*,#1650,.T.);
#1066=ORIENTED_EDGE('',*,*,#1690,.T.);
#1067=ORIENTED_EDGE('',*,*,#1560,.F.);
#1068=ORIENTED_EDGE('',*,*,#1690,.F.);
#1069=ORIENTED_EDGE('',*,*,#1649,.T.);
#1070=ORIENTED_EDGE('',*,*,#1689,.T.);
#1071=ORIENTED_EDGE('',*,*,#1671,.F.);
#1072=ORIENTED_EDGE('',*,*,#1691,.F.);
#1073=ORIENTED_EDGE('',*,*,#1651,.T.);
#1074=ORIENTED_EDGE('',*,*,#1564,.F.);
#1075=ORIENTED_EDGE('',*,*,#1561,.F.);
#1076=ORIENTED_EDGE('',*,*,#1558,.F.);
#1077=ORIENTED_EDGE('',*,*,#1553,.F.);
#1078=ORIENTED_EDGE('',*,*,#1556,.F.);
#1079=ORIENTED_EDGE('',*,*,#1653,.T.);
#1080=ORIENTED_EDGE('',*,*,#1692,.T.);
#1081=ORIENTED_EDGE('',*,*,#1550,.F.);
#1082=ORIENTED_EDGE('',*,*,#1692,.F.);
#1083=ORIENTED_EDGE('',*,*,#1652,.T.);
#1084=ORIENTED_EDGE('',*,*,#1691,.T.);
#1085=ORIENTED_EDGE('',*,*,#1670,.F.);
#1086=ORIENTED_EDGE('',*,*,#1693,.F.);
#1087=ORIENTED_EDGE('',*,*,#1654,.T.);
#1088=ORIENTED_EDGE('',*,*,#1554,.F.);
#1089=ORIENTED_EDGE('',*,*,#1551,.F.);
#1090=ORIENTED_EDGE('',*,*,#1548,.F.);
#1091=ORIENTED_EDGE('',*,*,#1543,.F.);
#1092=ORIENTED_EDGE('',*,*,#1546,.F.);
#1093=ORIENTED_EDGE('',*,*,#1656,.T.);
#1094=ORIENTED_EDGE('',*,*,#1694,.T.);
#1095=ORIENTED_EDGE('',*,*,#1540,.F.);
#1096=ORIENTED_EDGE('',*,*,#1694,.F.);
#1097=ORIENTED_EDGE('',*,*,#1655,.T.);
#1098=ORIENTED_EDGE('',*,*,#1693,.T.);
#1099=ORIENTED_EDGE('',*,*,#1669,.F.);
#1100=ORIENTED_EDGE('',*,*,#1695,.F.);
#1101=ORIENTED_EDGE('',*,*,#1657,.T.);
#1102=ORIENTED_EDGE('',*,*,#1544,.F.);
#1103=ORIENTED_EDGE('',*,*,#1541,.F.);
#1104=ORIENTED_EDGE('',*,*,#1538,.F.);
#1105=ORIENTED_EDGE('',*,*,#1533,.F.);
#1106=ORIENTED_EDGE('',*,*,#1536,.F.);
#1107=ORIENTED_EDGE('',*,*,#1659,.T.);
#1108=ORIENTED_EDGE('',*,*,#1696,.T.);
#1109=ORIENTED_EDGE('',*,*,#1530,.F.);
#1110=ORIENTED_EDGE('',*,*,#1696,.F.);
#1111=ORIENTED_EDGE('',*,*,#1658,.T.);
#1112=ORIENTED_EDGE('',*,*,#1695,.T.);
#1113=ORIENTED_EDGE('',*,*,#1668,.F.);
#1114=ORIENTED_EDGE('',*,*,#1697,.F.);
#1115=ORIENTED_EDGE('',*,*,#1660,.T.);
#1116=ORIENTED_EDGE('',*,*,#1534,.F.);
#1117=ORIENTED_EDGE('',*,*,#1531,.F.);
#1118=ORIENTED_EDGE('',*,*,#1528,.F.);
#1119=ORIENTED_EDGE('',*,*,#1517,.F.);
#1120=ORIENTED_EDGE('',*,*,#1523,.F.);
#1121=ORIENTED_EDGE('',*,*,#1662,.T.);
#1122=ORIENTED_EDGE('',*,*,#1698,.T.);
#1123=ORIENTED_EDGE('',*,*,#1510,.F.);
#1124=ORIENTED_EDGE('',*,*,#1698,.F.);
#1125=ORIENTED_EDGE('',*,*,#1661,.T.);
#1126=ORIENTED_EDGE('',*,*,#1697,.T.);
#1127=ORIENTED_EDGE('',*,*,#1667,.F.);
#1128=ORIENTED_EDGE('',*,*,#1699,.F.);
#1129=ORIENTED_EDGE('',*,*,#1627,.T.);
#1130=ORIENTED_EDGE('',*,*,#1521,.F.);
#1131=ORIENTED_EDGE('',*,*,#1515,.F.);
#1132=ORIENTED_EDGE('',*,*,#1508,.F.);
#1133=ORIENTED_EDGE('',*,*,#1519,.F.);
#1134=ORIENTED_EDGE('',*,*,#1525,.F.);
#1135=ORIENTED_EDGE('',*,*,#1629,.T.);
#1136=ORIENTED_EDGE('',*,*,#1700,.T.);
#1137=ORIENTED_EDGE('',*,*,#1512,.F.);
#1138=ORIENTED_EDGE('',*,*,#1700,.F.);
#1139=ORIENTED_EDGE('',*,*,#1628,.T.);
#1140=ORIENTED_EDGE('',*,*,#1699,.T.);
#1141=ORIENTED_EDGE('',*,*,#1666,.F.);
#1142=ORIENTED_EDGE('',*,*,#1701,.T.);
#1143=ORIENTED_EDGE('',*,*,#1702,.T.);
#1144=ORIENTED_EDGE('',*,*,#1703,.F.);
#1145=ORIENTED_EDGE('',*,*,#1704,.T.);
#1146=ORIENTED_EDGE('',*,*,#1705,.T.);
#1147=ORIENTED_EDGE('',*,*,#1706,.T.);
#1148=ORIENTED_EDGE('',*,*,#1707,.T.);
#1149=ORIENTED_EDGE('',*,*,#1708,.T.);
#1150=ORIENTED_EDGE('',*,*,#1709,.T.);
#1151=ORIENTED_EDGE('',*,*,#1710,.T.);
#1152=ORIENTED_EDGE('',*,*,#1711,.F.);
#1153=ORIENTED_EDGE('',*,*,#1712,.F.);
#1154=ORIENTED_EDGE('',*,*,#1713,.T.);
#1155=ORIENTED_EDGE('',*,*,#1714,.T.);
#1156=ORIENTED_EDGE('',*,*,#1715,.T.);
#1157=ORIENTED_EDGE('',*,*,#1716,.T.);
#1158=ORIENTED_EDGE('',*,*,#1717,.T.);
#1159=ORIENTED_EDGE('',*,*,#1718,.F.);
#1160=ORIENTED_EDGE('',*,*,#1719,.T.);
#1161=ORIENTED_EDGE('',*,*,#1720,.T.);
#1162=ORIENTED_EDGE('',*,*,#1721,.T.);
#1163=ORIENTED_EDGE('',*,*,#1722,.T.);
#1164=ORIENTED_EDGE('',*,*,#1723,.T.);
#1165=ORIENTED_EDGE('',*,*,#1724,.T.);
#1166=ORIENTED_EDGE('',*,*,#1725,.T.);
#1167=ORIENTED_EDGE('',*,*,#1726,.T.);
#1168=ORIENTED_EDGE('',*,*,#1727,.T.);
#1169=ORIENTED_EDGE('',*,*,#1728,.F.);
#1170=ORIENTED_EDGE('',*,*,#1729,.T.);
#1171=ORIENTED_EDGE('',*,*,#1730,.T.);
#1172=ORIENTED_EDGE('',*,*,#1731,.T.);
#1173=ORIENTED_EDGE('',*,*,#1732,.T.);
#1174=ORIENTED_EDGE('',*,*,#1733,.T.);
#1175=ORIENTED_EDGE('',*,*,#1734,.F.);
#1176=ORIENTED_EDGE('',*,*,#1735,.F.);
#1177=ORIENTED_EDGE('',*,*,#1736,.F.);
#1178=ORIENTED_EDGE('',*,*,#1727,.F.);
#1179=ORIENTED_EDGE('',*,*,#1737,.T.);
#1180=ORIENTED_EDGE('',*,*,#1738,.T.);
#1181=ORIENTED_EDGE('',*,*,#1739,.T.);
#1182=ORIENTED_EDGE('',*,*,#1717,.F.);
#1183=ORIENTED_EDGE('',*,*,#1740,.F.);
#1184=ORIENTED_EDGE('',*,*,#1741,.T.);
#1185=ORIENTED_EDGE('',*,*,#1742,.F.);
#1186=ORIENTED_EDGE('',*,*,#1743,.T.);
#1187=ORIENTED_EDGE('',*,*,#1741,.F.);
#1188=ORIENTED_EDGE('',*,*,#1744,.T.);
#1189=ORIENTED_EDGE('',*,*,#1743,.F.);
#1190=ORIENTED_EDGE('',*,*,#1745,.F.);
#1191=ORIENTED_EDGE('',*,*,#1746,.T.);
#1192=ORIENTED_EDGE('',*,*,#1744,.F.);
#1193=ORIENTED_EDGE('',*,*,#1747,.T.);
#1194=ORIENTED_EDGE('',*,*,#1746,.F.);
#1195=ORIENTED_EDGE('',*,*,#1711,.T.);
#1196=ORIENTED_EDGE('',*,*,#1747,.F.);
#1197=ORIENTED_EDGE('',*,*,#1748,.T.);
#1198=ORIENTED_EDGE('',*,*,#1749,.T.);
#1199=ORIENTED_EDGE('',*,*,#1750,.F.);
#1200=ORIENTED_EDGE('',*,*,#1751,.F.);
#1201=ORIENTED_EDGE('',*,*,#1752,.T.);
#1202=ORIENTED_EDGE('',*,*,#1753,.T.);
#1203=ORIENTED_EDGE('',*,*,#1754,.T.);
#1204=ORIENTED_EDGE('',*,*,#1755,.T.);
#1205=ORIENTED_EDGE('',*,*,#1735,.T.);
#1206=ORIENTED_EDGE('',*,*,#1756,.F.);
#1207=ORIENTED_EDGE('',*,*,#1757,.T.);
#1208=ORIENTED_EDGE('',*,*,#1716,.F.);
#1209=ORIENTED_EDGE('',*,*,#1758,.T.);
#1210=ORIENTED_EDGE('',*,*,#1756,.T.);
#1211=ORIENTED_EDGE('',*,*,#1734,.T.);
#1212=ORIENTED_EDGE('',*,*,#1755,.F.);
#1213=ORIENTED_EDGE('',*,*,#1759,.T.);
#1214=ORIENTED_EDGE('',*,*,#1728,.T.);
#1215=ORIENTED_EDGE('',*,*,#1736,.T.);
#1216=ORIENTED_EDGE('',*,*,#1742,.T.);
#1217=ORIENTED_EDGE('',*,*,#1760,.T.);
#1218=ORIENTED_EDGE('',*,*,#1740,.T.);
#1219=ORIENTED_EDGE('',*,*,#1761,.T.);
#1220=ORIENTED_EDGE('',*,*,#1762,.F.);
#1221=ORIENTED_EDGE('',*,*,#1763,.T.);
#1222=ORIENTED_EDGE('',*,*,#1718,.T.);
#1223=ORIENTED_EDGE('',*,*,#1739,.F.);
#1224=ORIENTED_EDGE('',*,*,#1726,.F.);
#1225=ORIENTED_EDGE('',*,*,#1764,.T.);
#1226=ORIENTED_EDGE('',*,*,#1765,.T.);
#1227=ORIENTED_EDGE('',*,*,#1737,.F.);
#1228=ORIENTED_EDGE('',*,*,#1766,.F.);
#1229=ORIENTED_EDGE('',*,*,#1767,.T.);
#1230=ORIENTED_EDGE('',*,*,#1768,.T.);
#1231=ORIENTED_EDGE('',*,*,#1769,.T.);
#1232=ORIENTED_EDGE('',*,*,#1762,.T.);
#1233=ORIENTED_EDGE('',*,*,#1738,.F.);
#1234=ORIENTED_EDGE('',*,*,#1765,.F.);
#1235=ORIENTED_EDGE('',*,*,#1770,.T.);
#1236=ORIENTED_EDGE('',*,*,#1761,.F.);
#1237=ORIENTED_EDGE('',*,*,#1771,.T.);
#1238=ORIENTED_EDGE('',*,*,#1772,.T.);
#1239=ORIENTED_EDGE('',*,*,#1773,.T.);
#1240=ORIENTED_EDGE('',*,*,#1774,.T.);
#1241=ORIENTED_EDGE('',*,*,#1775,.T.);
#1242=ORIENTED_EDGE('',*,*,#1776,.T.);
#1243=ORIENTED_EDGE('',*,*,#1777,.T.);
#1244=ORIENTED_EDGE('',*,*,#1766,.T.);
#1245=ORIENTED_EDGE('',*,*,#1778,.T.);
#1246=ORIENTED_EDGE('',*,*,#1704,.F.);
#1247=ORIENTED_EDGE('',*,*,#1779,.T.);
#1248=ORIENTED_EDGE('',*,*,#1780,.T.);
#1249=ORIENTED_EDGE('',*,*,#1709,.F.);
#1250=ORIENTED_EDGE('',*,*,#1781,.T.);
#1251=ORIENTED_EDGE('',*,*,#1768,.F.);
#1252=ORIENTED_EDGE('',*,*,#1782,.T.);
#1253=ORIENTED_EDGE('',*,*,#1783,.T.);
#1254=ORIENTED_EDGE('',*,*,#1784,.T.);
#1255=ORIENTED_EDGE('',*,*,#1785,.T.);
#1256=ORIENTED_EDGE('',*,*,#1786,.T.);
#1257=ORIENTED_EDGE('',*,*,#1760,.F.);
#1258=ORIENTED_EDGE('',*,*,#1787,.T.);
#1259=ORIENTED_EDGE('',*,*,#1788,.T.);
#1260=ORIENTED_EDGE('',*,*,#1789,.T.);
#1261=ORIENTED_EDGE('',*,*,#1751,.T.);
#1262=ORIENTED_EDGE('',*,*,#1790,.T.);
#1263=ORIENTED_EDGE('',*,*,#1703,.T.);
#1264=ORIENTED_EDGE('',*,*,#1791,.T.);
#1265=ORIENTED_EDGE('',*,*,#1792,.T.);
#1266=ORIENTED_EDGE('',*,*,#1750,.T.);
#1267=ORIENTED_EDGE('',*,*,#1793,.T.);
#1268=ORIENTED_EDGE('',*,*,#1753,.F.);
#1269=ORIENTED_EDGE('',*,*,#1794,.T.);
#1270=ORIENTED_EDGE('',*,*,#1713,.F.);
#1271=ORIENTED_EDGE('',*,*,#1710,.F.);
#1272=ORIENTED_EDGE('',*,*,#1789,.F.);
#1273=ORIENTED_EDGE('',*,*,#1795,.T.);
#1274=ORIENTED_EDGE('',*,*,#1783,.F.);
#1275=ORIENTED_EDGE('',*,*,#1796,.F.);
#1276=ORIENTED_EDGE('',*,*,#1796,.T.);
#1277=ORIENTED_EDGE('',*,*,#1786,.F.);
#1278=ORIENTED_EDGE('',*,*,#1797,.F.);
#1279=ORIENTED_EDGE('',*,*,#1752,.F.);
#1280=ORIENTED_EDGE('',*,*,#1785,.F.);
#1281=ORIENTED_EDGE('',*,*,#1798,.T.);
#1282=ORIENTED_EDGE('',*,*,#1794,.F.);
#1283=ORIENTED_EDGE('',*,*,#1797,.T.);
#1284=ORIENTED_EDGE('',*,*,#1773,.F.);
#1285=ORIENTED_EDGE('',*,*,#1799,.T.);
#1286=ORIENTED_EDGE('',*,*,#1782,.F.);
#1287=ORIENTED_EDGE('',*,*,#1800,.F.);
#1288=ORIENTED_EDGE('',*,*,#1800,.T.);
#1289=ORIENTED_EDGE('',*,*,#1767,.F.);
#1290=ORIENTED_EDGE('',*,*,#1801,.F.);
#1291=ORIENTED_EDGE('',*,*,#1774,.F.);
#1292=ORIENTED_EDGE('',*,*,#1777,.F.);
#1293=ORIENTED_EDGE('',*,*,#1802,.T.);
#1294=ORIENTED_EDGE('',*,*,#1771,.F.);
#1295=ORIENTED_EDGE('',*,*,#1801,.T.);
#1296=ORIENTED_EDGE('',*,*,#1770,.F.);
#1297=ORIENTED_EDGE('',*,*,#1764,.F.);
#1298=ORIENTED_EDGE('',*,*,#1803,.F.);
#1299=ORIENTED_EDGE('',*,*,#1705,.F.);
#1300=ORIENTED_EDGE('',*,*,#1778,.F.);
#1301=ORIENTED_EDGE('',*,*,#1803,.T.);
#1302=ORIENTED_EDGE('',*,*,#1725,.F.);
#1303=ORIENTED_EDGE('',*,*,#1804,.F.);
#1304=ORIENTED_EDGE('',*,*,#1805,.F.);
#1305=ORIENTED_EDGE('',*,*,#1775,.F.);
#1306=ORIENTED_EDGE('',*,*,#1706,.F.);
#1307=ORIENTED_EDGE('',*,*,#1804,.T.);
#1308=ORIENTED_EDGE('',*,*,#1724,.F.);
#1309=ORIENTED_EDGE('',*,*,#1776,.F.);
#1310=ORIENTED_EDGE('',*,*,#1805,.T.);
#1311=ORIENTED_EDGE('',*,*,#1806,.F.);
#1312=ORIENTED_EDGE('',*,*,#1806,.T.);
#1313=ORIENTED_EDGE('',*,*,#1723,.F.);
#1314=ORIENTED_EDGE('',*,*,#1807,.F.);
#1315=ORIENTED_EDGE('',*,*,#1802,.F.);
#1316=ORIENTED_EDGE('',*,*,#1807,.T.);
#1317=ORIENTED_EDGE('',*,*,#1722,.F.);
#1318=ORIENTED_EDGE('',*,*,#1808,.F.);
#1319=ORIENTED_EDGE('',*,*,#1772,.F.);
#1320=ORIENTED_EDGE('',*,*,#1809,.F.);
#1321=ORIENTED_EDGE('',*,*,#1799,.F.);
#1322=ORIENTED_EDGE('',*,*,#1808,.T.);
#1323=ORIENTED_EDGE('',*,*,#1721,.F.);
#1324=ORIENTED_EDGE('',*,*,#1779,.F.);
#1325=ORIENTED_EDGE('',*,*,#1809,.T.);
#1326=ORIENTED_EDGE('',*,*,#1810,.F.);
#1327=ORIENTED_EDGE('',*,*,#1810,.T.);
#1328=ORIENTED_EDGE('',*,*,#1720,.F.);
#1329=ORIENTED_EDGE('',*,*,#1811,.F.);
#1330=ORIENTED_EDGE('',*,*,#1707,.F.);
#1331=ORIENTED_EDGE('',*,*,#1780,.F.);
#1332=ORIENTED_EDGE('',*,*,#1811,.T.);
#1333=ORIENTED_EDGE('',*,*,#1719,.F.);
#1334=ORIENTED_EDGE('',*,*,#1812,.F.);
#1335=ORIENTED_EDGE('',*,*,#1781,.F.);
#1336=ORIENTED_EDGE('',*,*,#1708,.F.);
#1337=ORIENTED_EDGE('',*,*,#1812,.T.);
#1338=ORIENTED_EDGE('',*,*,#1763,.F.);
#1339=ORIENTED_EDGE('',*,*,#1769,.F.);
#1340=ORIENTED_EDGE('',*,*,#1757,.F.);
#1341=ORIENTED_EDGE('',*,*,#1758,.F.);
#1342=ORIENTED_EDGE('',*,*,#1813,.F.);
#1343=ORIENTED_EDGE('',*,*,#1701,.F.);
#1344=ORIENTED_EDGE('',*,*,#1790,.F.);
#1345=ORIENTED_EDGE('',*,*,#1813,.T.);
#1346=ORIENTED_EDGE('',*,*,#1715,.F.);
#1347=ORIENTED_EDGE('',*,*,#1814,.F.);
#1348=ORIENTED_EDGE('',*,*,#1815,.F.);
#1349=ORIENTED_EDGE('',*,*,#1787,.F.);
#1350=ORIENTED_EDGE('',*,*,#1702,.F.);
#1351=ORIENTED_EDGE('',*,*,#1814,.T.);
#1352=ORIENTED_EDGE('',*,*,#1714,.F.);
#1353=ORIENTED_EDGE('',*,*,#1788,.F.);
#1354=ORIENTED_EDGE('',*,*,#1815,.T.);
#1355=ORIENTED_EDGE('',*,*,#1816,.F.);
#1356=ORIENTED_EDGE('',*,*,#1816,.T.);
#1357=ORIENTED_EDGE('',*,*,#1733,.F.);
#1358=ORIENTED_EDGE('',*,*,#1817,.F.);
#1359=ORIENTED_EDGE('',*,*,#1795,.F.);
#1360=ORIENTED_EDGE('',*,*,#1817,.T.);
#1361=ORIENTED_EDGE('',*,*,#1732,.F.);
#1362=ORIENTED_EDGE('',*,*,#1818,.F.);
#1363=ORIENTED_EDGE('',*,*,#1784,.F.);
#1364=ORIENTED_EDGE('',*,*,#1819,.F.);
#1365=ORIENTED_EDGE('',*,*,#1798,.F.);
#1366=ORIENTED_EDGE('',*,*,#1818,.T.);
#1367=ORIENTED_EDGE('',*,*,#1731,.F.);
#1368=ORIENTED_EDGE('',*,*,#1791,.F.);
#1369=ORIENTED_EDGE('',*,*,#1819,.T.);
#1370=ORIENTED_EDGE('',*,*,#1820,.F.);
#1371=ORIENTED_EDGE('',*,*,#1820,.T.);
#1372=ORIENTED_EDGE('',*,*,#1730,.F.);
#1373=ORIENTED_EDGE('',*,*,#1821,.F.);
#1374=ORIENTED_EDGE('',*,*,#1748,.F.);
#1375=ORIENTED_EDGE('',*,*,#1792,.F.);
#1376=ORIENTED_EDGE('',*,*,#1821,.T.);
#1377=ORIENTED_EDGE('',*,*,#1729,.F.);
#1378=ORIENTED_EDGE('',*,*,#1822,.F.);
#1379=ORIENTED_EDGE('',*,*,#1822,.T.);
#1380=ORIENTED_EDGE('',*,*,#1759,.F.);
#1381=ORIENTED_EDGE('',*,*,#1754,.F.);
#1382=ORIENTED_EDGE('',*,*,#1793,.F.);
#1383=ORIENTED_EDGE('',*,*,#1749,.F.);
#1384=ORIENTED_EDGE('',*,*,#1745,.T.);
#1385=ORIENTED_EDGE('',*,*,#1712,.T.);
#1386=ORIENTED_EDGE('',*,*,#1823,.F.);
#1387=ORIENTED_EDGE('',*,*,#1824,.T.);
#1388=ORIENTED_EDGE('',*,*,#1823,.T.);
#1389=ORIENTED_EDGE('',*,*,#1825,.F.);
#1390=ORIENTED_EDGE('',*,*,#1826,.F.);
#1391=ORIENTED_EDGE('',*,*,#1825,.T.);
#1392=ORIENTED_EDGE('',*,*,#1824,.F.);
#1393=ORIENTED_EDGE('',*,*,#1826,.T.);
#1394=EDGE_CURVE('',#1827,#1828,#2112,.T.);
#1395=EDGE_CURVE('',#1828,#1829,#362,.T.);
#1396=EDGE_CURVE('',#1830,#1829,#2113,.T.);
#1397=EDGE_CURVE('',#1830,#1827,#363,.T.);
#1398=EDGE_CURVE('',#1831,#1832,#2114,.T.);
#1399=EDGE_CURVE('',#1833,#1831,#364,.T.);
#1400=EDGE_CURVE('',#1833,#1834,#2115,.T.);
#1401=EDGE_CURVE('',#1832,#1834,#365,.T.);
#1402=EDGE_CURVE('',#1831,#1835,#366,.T.);
#1403=EDGE_CURVE('',#1835,#1836,#367,.T.);
#1404=EDGE_CURVE('',#1836,#1833,#368,.T.);
#1405=EDGE_CURVE('',#1837,#1838,#369,.T.);
#1406=EDGE_CURVE('',#1827,#1837,#370,.T.);
#1407=EDGE_CURVE('',#1838,#1830,#371,.T.);
#1408=EDGE_CURVE('',#1839,#1840,#2116,.T.);
#1409=EDGE_CURVE('',#1840,#1841,#372,.T.);
#1410=EDGE_CURVE('',#1842,#1841,#2117,.T.);
#1411=EDGE_CURVE('',#1842,#1839,#373,.T.);
#1412=EDGE_CURVE('',#1843,#1844,#2118,.T.);
#1413=EDGE_CURVE('',#1845,#1843,#374,.T.);
#1414=EDGE_CURVE('',#1845,#1846,#2119,.T.);
#1415=EDGE_CURVE('',#1844,#1846,#375,.T.);
#1416=EDGE_CURVE('',#1843,#1832,#376,.T.);
#1417=EDGE_CURVE('',#1834,#1845,#377,.T.);
#1418=EDGE_CURVE('',#1839,#1828,#378,.T.);
#1419=EDGE_CURVE('',#1829,#1842,#379,.T.);
#1420=EDGE_CURVE('',#1847,#1848,#2120,.T.);
#1421=EDGE_CURVE('',#1848,#1849,#380,.T.);
#1422=EDGE_CURVE('',#1850,#1849,#2121,.T.);
#1423=EDGE_CURVE('',#1850,#1847,#381,.T.);
#1424=EDGE_CURVE('',#1851,#1852,#2122,.T.);
#1425=EDGE_CURVE('',#1853,#1851,#382,.T.);
#1426=EDGE_CURVE('',#1853,#1854,#2123,.T.);
#1427=EDGE_CURVE('',#1852,#1854,#383,.T.);
#1428=EDGE_CURVE('',#1851,#1844,#384,.T.);
#1429=EDGE_CURVE('',#1846,#1853,#385,.T.);
#1430=EDGE_CURVE('',#1847,#1840,#386,.T.);
#1431=EDGE_CURVE('',#1841,#1850,#387,.T.);
#1432=EDGE_CURVE('',#1855,#1856,#2124,.T.);
#1433=EDGE_CURVE('',#1856,#1857,#388,.T.);
#1434=EDGE_CURVE('',#1858,#1857,#2125,.T.);
#1435=EDGE_CURVE('',#1858,#1855,#389,.T.);
#1436=EDGE_CURVE('',#1859,#1860,#2126,.T.);
#1437=EDGE_CURVE('',#1861,#1859,#390,.T.);
#1438=EDGE_CURVE('',#1861,#1862,#2127,.T.);
#1439=EDGE_CURVE('',#1860,#1862,#391,.T.);
#1440=EDGE_CURVE('',#1859,#1852,#392,.T.);
#1441=EDGE_CURVE('',#1854,#1861,#393,.T.);
#1442=EDGE_CURVE('',#1855,#1848,#394,.T.);
#1443=EDGE_CURVE('',#1849,#1858,#395,.T.);
#1444=EDGE_CURVE('',#1863,#1864,#2128,.T.);
#1445=EDGE_CURVE('',#1864,#1865,#396,.T.);
#1446=EDGE_CURVE('',#1866,#1865,#2129,.T.);
#1447=EDGE_CURVE('',#1866,#1863,#397,.T.);
#1448=EDGE_CURVE('',#1867,#1868,#2130,.T.);
#1449=EDGE_CURVE('',#1869,#1867,#398,.T.);
#1450=EDGE_CURVE('',#1869,#1870,#2131,.T.);
#1451=EDGE_CURVE('',#1868,#1870,#399,.T.);
#1452=EDGE_CURVE('',#1867,#1860,#400,.T.);
#1453=EDGE_CURVE('',#1862,#1869,#401,.T.);
#1454=EDGE_CURVE('',#1863,#1856,#402,.T.);
#1455=EDGE_CURVE('',#1857,#1866,#403,.T.);
#1456=EDGE_CURVE('',#1871,#1872,#2132,.T.);
#1457=EDGE_CURVE('',#1872,#1873,#404,.T.);
#1458=EDGE_CURVE('',#1874,#1873,#2133,.T.);
#1459=EDGE_CURVE('',#1874,#1871,#405,.T.);
#1460=EDGE_CURVE('',#1875,#1876,#2134,.T.);
#1461=EDGE_CURVE('',#1877,#1875,#406,.T.);
#1462=EDGE_CURVE('',#1877,#1878,#2135,.T.);
#1463=EDGE_CURVE('',#1876,#1878,#407,.T.);
#1464=EDGE_CURVE('',#1875,#1868,#408,.T.);
#1465=EDGE_CURVE('',#1870,#1877,#409,.T.);
#1466=EDGE_CURVE('',#1871,#1864,#410,.T.);
#1467=EDGE_CURVE('',#1865,#1874,#411,.T.);
#1468=EDGE_CURVE('',#1879,#1880,#2136,.T.);
#1469=EDGE_CURVE('',#1880,#1881,#412,.T.);
#1470=EDGE_CURVE('',#1882,#1881,#2137,.T.);
#1471=EDGE_CURVE('',#1882,#1879,#413,.T.);
#1472=EDGE_CURVE('',#1883,#1884,#2138,.T.);
#1473=EDGE_CURVE('',#1885,#1883,#414,.T.);
#1474=EDGE_CURVE('',#1885,#1886,#2139,.T.);
#1475=EDGE_CURVE('',#1884,#1886,#415,.T.);
#1476=EDGE_CURVE('',#1883,#1876,#416,.T.);
#1477=EDGE_CURVE('',#1878,#1885,#417,.T.);
#1478=EDGE_CURVE('',#1879,#1872,#418,.T.);
#1479=EDGE_CURVE('',#1873,#1882,#419,.T.);
#1480=EDGE_CURVE('',#1887,#1887,#2140,.F.);
#1481=EDGE_CURVE('',#1888,#1837,#2141,.T.);
#1482=EDGE_CURVE('',#1888,#1880,#420,.T.);
#1483=EDGE_CURVE('',#1889,#1838,#2142,.T.);
#1484=EDGE_CURVE('',#1889,#1888,#421,.T.);
#1485=EDGE_CURVE('',#1890,#1890,#2143,.T.);
#1486=EDGE_CURVE('',#1881,#1889,#422,.T.);
#1487=EDGE_CURVE('',#1891,#1891,#2144,.F.);
#1488=EDGE_CURVE('',#1892,#1892,#2145,.T.);
#1489=EDGE_CURVE('',#1893,#1893,#2146,.F.);
#1490=EDGE_CURVE('',#1894,#1894,#2147,.T.);
#1491=EDGE_CURVE('',#1895,#1895,#2148,.T.);
#1492=EDGE_CURVE('',#1896,#1896,#2149,.F.);
#1493=EDGE_CURVE('',#1897,#1897,#2150,.T.);
#1494=EDGE_CURVE('',#1898,#1898,#2151,.T.);
#1495=EDGE_CURVE('',#1899,#1899,#2152,.F.);
#1496=EDGE_CURVE('',#1900,#1900,#2153,.T.);
#1497=EDGE_CURVE('',#1901,#1901,#2154,.T.);
#1498=EDGE_CURVE('',#1902,#1884,#423,.T.);
#1499=EDGE_CURVE('',#1886,#1903,#424,.T.);
#1500=EDGE_CURVE('',#1903,#1902,#425,.T.);
#1501=EDGE_CURVE('',#1904,#1904,#2155,.T.);
#1502=EDGE_CURVE('',#1903,#1836,#2156,.T.);
#1503=EDGE_CURVE('',#1902,#1835,#2157,.T.);
#1504=EDGE_CURVE('',#1905,#1905,#2158,.T.);
#1505=EDGE_CURVE('',#1906,#1906,#2159,.T.);
#1506=EDGE_CURVE('',#1907,#1907,#2160,.T.);
#1507=EDGE_CURVE('',#1908,#1909,#2161,.T.);
#1508=EDGE_CURVE('',#1908,#1910,#426,.T.);
#1509=EDGE_CURVE('',#1910,#1911,#2162,.T.);
#1510=EDGE_CURVE('',#1911,#1909,#427,.T.);
#1511=EDGE_CURVE('',#1912,#1913,#2163,.T.);
#1512=EDGE_CURVE('',#1913,#1914,#428,.T.);
#1513=EDGE_CURVE('',#1915,#1914,#2164,.T.);
#1514=EDGE_CURVE('',#1915,#1912,#429,.T.);
#1515=EDGE_CURVE('',#1910,#1916,#430,.T.);
#1516=EDGE_CURVE('',#1916,#1917,#2165,.T.);
#1517=EDGE_CURVE('',#1917,#1911,#431,.T.);
#1518=EDGE_CURVE('',#1918,#1919,#2166,.T.);
#1519=EDGE_CURVE('',#1919,#1913,#432,.T.);
#1520=EDGE_CURVE('',#1912,#1918,#433,.T.);
#1521=EDGE_CURVE('',#1916,#1920,#434,.T.);
#1522=EDGE_CURVE('',#1920,#1921,#2167,.T.);
#1523=EDGE_CURVE('',#1921,#1917,#435,.T.);
#1524=EDGE_CURVE('',#1922,#1923,#2168,.T.);
#1525=EDGE_CURVE('',#1923,#1919,#436,.T.);
#1526=EDGE_CURVE('',#1918,#1922,#437,.T.);
#1527=EDGE_CURVE('',#1924,#1925,#2169,.T.);
#1528=EDGE_CURVE('',#1924,#1926,#438,.T.);
#1529=EDGE_CURVE('',#1926,#1927,#2170,.T.);
#1530=EDGE_CURVE('',#1927,#1925,#439,.T.);
#1531=EDGE_CURVE('',#1926,#1928,#440,.T.);
#1532=EDGE_CURVE('',#1928,#1929,#2171,.T.);
#1533=EDGE_CURVE('',#1929,#1927,#441,.T.);
#1534=EDGE_CURVE('',#1928,#1930,#442,.T.);
#1535=EDGE_CURVE('',#1930,#1931,#2172,.T.);
#1536=EDGE_CURVE('',#1931,#1929,#443,.T.);
#1537=EDGE_CURVE('',#1932,#1933,#2173,.T.);
#1538=EDGE_CURVE('',#1932,#1934,#444,.T.);
#1539=EDGE_CURVE('',#1934,#1935,#2174,.T.);
#1540=EDGE_CURVE('',#1935,#1933,#445,.T.);
#1541=EDGE_CURVE('',#1934,#1936,#446,.T.);
#1542=EDGE_CURVE('',#1936,#1937,#2175,.T.);
#1543=EDGE_CURVE('',#1937,#1935,#447,.T.);
#1544=EDGE_CURVE('',#1936,#1938,#448,.T.);
#1545=EDGE_CURVE('',#1938,#1939,#2176,.T.);
#1546=EDGE_CURVE('',#1939,#1937,#449,.T.);
#1547=EDGE_CURVE('',#1940,#1941,#2177,.T.);
#1548=EDGE_CURVE('',#1940,#1942,#450,.T.);
#1549=EDGE_CURVE('',#1942,#1943,#2178,.T.);
#1550=EDGE_CURVE('',#1943,#1941,#451,.T.);
#1551=EDGE_CURVE('',#1942,#1944,#452,.T.);
#1552=EDGE_CURVE('',#1944,#1945,#2179,.T.);
#1553=EDGE_CURVE('',#1945,#1943,#453,.T.);
#1554=EDGE_CURVE('',#1944,#1946,#454,.T.);
#1555=EDGE_CURVE('',#1946,#1947,#2180,.T.);
#1556=EDGE_CURVE('',#1947,#1945,#455,.T.);
#1557=EDGE_CURVE('',#1948,#1949,#2181,.T.);
#1558=EDGE_CURVE('',#1948,#1950,#456,.T.);
#1559=EDGE_CURVE('',#1950,#1951,#2182,.T.);
#1560=EDGE_CURVE('',#1951,#1949,#457,.T.);
#1561=EDGE_CURVE('',#1950,#1952,#458,.T.);
#1562=EDGE_CURVE('',#1952,#1953,#2183,.T.);
#1563=EDGE_CURVE('',#1953,#1951,#459,.T.);
#1564=EDGE_CURVE('',#1952,#1954,#460,.T.);
#1565=EDGE_CURVE('',#1954,#1955,#2184,.T.);
#1566=EDGE_CURVE('',#1955,#1953,#461,.T.);
#1567=EDGE_CURVE('',#1956,#1957,#2185,.T.);
#1568=EDGE_CURVE('',#1956,#1958,#462,.T.);
#1569=EDGE_CURVE('',#1958,#1959,#2186,.T.);
#1570=EDGE_CURVE('',#1959,#1957,#463,.T.);
#1571=EDGE_CURVE('',#1958,#1960,#464,.T.);
#1572=EDGE_CURVE('',#1960,#1961,#2187,.T.);
#1573=EDGE_CURVE('',#1961,#1959,#465,.T.);
#1574=EDGE_CURVE('',#1960,#1962,#466,.T.);
#1575=EDGE_CURVE('',#1962,#1963,#2188,.T.);
#1576=EDGE_CURVE('',#1963,#1961,#467,.T.);
#1577=EDGE_CURVE('',#1964,#1965,#2189,.T.);
#1578=EDGE_CURVE('',#1964,#1966,#468,.T.);
#1579=EDGE_CURVE('',#1966,#1967,#2190,.T.);
#1580=EDGE_CURVE('',#1967,#1965,#469,.T.);
#1581=EDGE_CURVE('',#1966,#1968,#470,.T.);
#1582=EDGE_CURVE('',#1968,#1969,#2191,.T.);
#1583=EDGE_CURVE('',#1969,#1967,#471,.T.);
#1584=EDGE_CURVE('',#1968,#1970,#472,.T.);
#1585=EDGE_CURVE('',#1970,#1971,#2192,.T.);
#1586=EDGE_CURVE('',#1971,#1969,#473,.T.);
#1587=EDGE_CURVE('',#1972,#1973,#2193,.T.);
#1588=EDGE_CURVE('',#1972,#1974,#474,.T.);
#1589=EDGE_CURVE('',#1974,#1975,#2194,.T.);
#1590=EDGE_CURVE('',#1975,#1973,#475,.T.);
#1591=EDGE_CURVE('',#1974,#1976,#476,.T.);
#1592=EDGE_CURVE('',#1976,#1977,#2195,.T.);
#1593=EDGE_CURVE('',#1977,#1975,#477,.T.);
#1594=EDGE_CURVE('',#1976,#1978,#478,.T.);
#1595=EDGE_CURVE('',#1978,#1979,#2196,.T.);
#1596=EDGE_CURVE('',#1979,#1977,#479,.T.);
#1597=EDGE_CURVE('',#1980,#1981,#2197,.T.);
#1598=EDGE_CURVE('',#1980,#1982,#480,.T.);
#1599=EDGE_CURVE('',#1982,#1983,#2198,.T.);
#1600=EDGE_CURVE('',#1983,#1981,#481,.T.);
#1601=EDGE_CURVE('',#1982,#1984,#482,.T.);
#1602=EDGE_CURVE('',#1984,#1985,#2199,.T.);
#1603=EDGE_CURVE('',#1985,#1983,#483,.T.);
#1604=EDGE_CURVE('',#1984,#1986,#484,.T.);
#1605=EDGE_CURVE('',#1986,#1987,#2200,.T.);
#1606=EDGE_CURVE('',#1987,#1985,#485,.T.);
#1607=EDGE_CURVE('',#1988,#1989,#2201,.T.);
#1608=EDGE_CURVE('',#1988,#1990,#486,.T.);
#1609=EDGE_CURVE('',#1990,#1991,#2202,.T.);
#1610=EDGE_CURVE('',#1991,#1989,#487,.T.);
#1611=EDGE_CURVE('',#1990,#1992,#488,.T.);
#1612=EDGE_CURVE('',#1992,#1993,#2203,.T.);
#1613=EDGE_CURVE('',#1993,#1991,#489,.T.);
#1614=EDGE_CURVE('',#1992,#1994,#490,.T.);
#1615=EDGE_CURVE('',#1994,#1995,#2204,.T.);
#1616=EDGE_CURVE('',#1995,#1993,#491,.T.);
#1617=EDGE_CURVE('',#1996,#1997,#2205,.T.);
#1618=EDGE_CURVE('',#1996,#1998,#492,.T.);
#1619=EDGE_CURVE('',#1998,#1999,#2206,.T.);
#1620=EDGE_CURVE('',#1999,#1997,#493,.T.);
#1621=EDGE_CURVE('',#1998,#2000,#494,.T.);
#1622=EDGE_CURVE('',#2000,#2001,#2207,.T.);
#1623=EDGE_CURVE('',#2001,#1999,#495,.T.);
#1624=EDGE_CURVE('',#2000,#2002,#496,.T.);
#1625=EDGE_CURVE('',#2002,#2003,#2208,.T.);
#1626=EDGE_CURVE('',#2003,#2001,#497,.T.);
#1627=EDGE_CURVE('',#2004,#1920,#38,.T.);
#1628=EDGE_CURVE('',#2005,#2004,#2209,.T.);
#1629=EDGE_CURVE('',#1923,#2005,#39,.T.);
#1630=EDGE_CURVE('',#2006,#1922,#40,.T.);
#1631=EDGE_CURVE('',#2007,#2006,#2210,.T.);
#1632=EDGE_CURVE('',#2003,#2007,#41,.T.);
#1633=EDGE_CURVE('',#2008,#2002,#42,.T.);
#1634=EDGE_CURVE('',#2009,#2008,#2211,.T.);
#1635=EDGE_CURVE('',#1995,#2009,#43,.T.);
#1636=EDGE_CURVE('',#2010,#1994,#44,.T.);
#1637=EDGE_CURVE('',#2011,#2010,#2212,.T.);
#1638=EDGE_CURVE('',#1987,#2011,#45,.T.);
#1639=EDGE_CURVE('',#2012,#1986,#46,.T.);
#1640=EDGE_CURVE('',#2013,#2012,#2213,.T.);
#1641=EDGE_CURVE('',#1979,#2013,#47,.T.);
#1642=EDGE_CURVE('',#2014,#1978,#48,.T.);
#1643=EDGE_CURVE('',#2015,#2014,#2214,.T.);
#1644=EDGE_CURVE('',#1971,#2015,#49,.T.);
#1645=EDGE_CURVE('',#2016,#1970,#50,.T.);
#1646=EDGE_CURVE('',#2017,#2016,#2215,.T.);
#1647=EDGE_CURVE('',#1963,#2017,#51,.T.);
#1648=EDGE_CURVE('',#2018,#1962,#52,.T.);
#1649=EDGE_CURVE('',#2019,#2018,#2216,.T.);
#1650=EDGE_CURVE('',#1955,#2019,#53,.T.);
#1651=EDGE_CURVE('',#2020,#1954,#54,.T.);
#1652=EDGE_CURVE('',#2021,#2020,#2217,.T.);
#1653=EDGE_CURVE('',#1947,#2021,#55,.T.);
#1654=EDGE_CURVE('',#2022,#1946,#56,.T.);
#1655=EDGE_CURVE('',#2023,#2022,#2218,.T.);
#1656=EDGE_CURVE('',#1939,#2023,#57,.T.);
#1657=EDGE_CURVE('',#2024,#1938,#58,.T.);
#1658=EDGE_CURVE('',#2025,#2024,#2219,.T.);
#1659=EDGE_CURVE('',#1931,#2025,#59,.T.);
#1660=EDGE_CURVE('',#2026,#1930,#60,.T.);
#1661=EDGE_CURVE('',#2027,#2026,#2220,.T.);
#1662=EDGE_CURVE('',#1921,#2027,#61,.T.);
#1663=EDGE_CURVE('',#2028,#2028,#2221,.T.);
#1664=EDGE_CURVE('',#2029,#2029,#2222,.T.);
#1665=EDGE_CURVE('',#1997,#1915,#2223,.T.);
#1666=EDGE_CURVE('',#1914,#1908,#2224,.T.);
#1667=EDGE_CURVE('',#1909,#1924,#2225,.T.);
#1668=EDGE_CURVE('',#1925,#1932,#2226,.T.);
#1669=EDGE_CURVE('',#1933,#1940,#2227,.T.);
#1670=EDGE_CURVE('',#1941,#1948,#2228,.T.);
#1671=EDGE_CURVE('',#1949,#1956,#2229,.T.);
#1672=EDGE_CURVE('',#1957,#1964,#2230,.T.);
#1673=EDGE_CURVE('',#1965,#1972,#2231,.T.);
#1674=EDGE_CURVE('',#1973,#1980,#2232,.T.);
#1675=EDGE_CURVE('',#1981,#1988,#2233,.T.);
#1676=EDGE_CURVE('',#1989,#1996,#2234,.T.);
#1677=EDGE_CURVE('',#2006,#1915,#62,.T.);
#1678=EDGE_CURVE('',#2007,#1997,#63,.T.);
#1679=EDGE_CURVE('',#2008,#1996,#64,.T.);
#1680=EDGE_CURVE('',#2009,#1989,#65,.T.);
#1681=EDGE_CURVE('',#2010,#1988,#66,.T.);
#1682=EDGE_CURVE('',#2011,#1981,#67,.T.);
#1683=EDGE_CURVE('',#2012,#1980,#68,.T.);
#1684=EDGE_CURVE('',#2013,#1973,#69,.T.);
#1685=EDGE_CURVE('',#2014,#1972,#70,.T.);
#1686=EDGE_CURVE('',#2015,#1965,#71,.T.);
#1687=EDGE_CURVE('',#2016,#1964,#72,.T.);
#1688=EDGE_CURVE('',#2017,#1957,#73,.T.);
#1689=EDGE_CURVE('',#2018,#1956,#74,.T.);
#1690=EDGE_CURVE('',#2019,#1949,#75,.T.);
#1691=EDGE_CURVE('',#2020,#1948,#76,.T.);
#1692=EDGE_CURVE('',#2021,#1941,#77,.T.);
#1693=EDGE_CURVE('',#2022,#1940,#78,.T.);
#1694=EDGE_CURVE('',#2023,#1933,#79,.T.);
#1695=EDGE_CURVE('',#2024,#1932,#80,.T.);
#1696=EDGE_CURVE('',#2025,#1925,#81,.T.);
#1697=EDGE_CURVE('',#2026,#1924,#82,.T.);
#1698=EDGE_CURVE('',#2027,#1909,#83,.T.);
#1699=EDGE_CURVE('',#2004,#1908,#84,.T.);
#1700=EDGE_CURVE('',#2005,#1914,#85,.T.);
#1701=EDGE_CURVE('',#2030,#2031,#86,.T.);
#1702=EDGE_CURVE('',#2031,#2032,#2235,.F.);
#1703=EDGE_CURVE('',#2030,#2032,#87,.T.);
#1704=EDGE_CURVE('',#2033,#2034,#88,.T.);
#1705=EDGE_CURVE('',#2034,#2035,#89,.F.);
#1706=EDGE_CURVE('',#2035,#2033,#2236,.F.);
#1707=EDGE_CURVE('',#2036,#2037,#2237,.F.);
#1708=EDGE_CURVE('',#2037,#2038,#90,.F.);
#1709=EDGE_CURVE('',#2038,#2036,#91,.T.);
#1710=EDGE_CURVE('',#2039,#2039,#2238,.T.);
#1711=EDGE_CURVE('',#2040,#2040,#2239,.T.);
#1712=EDGE_CURVE('',#2041,#2041,#498,.T.);
#1713=EDGE_CURVE('',#2042,#2042,#2240,.F.);
#1714=EDGE_CURVE('',#2043,#2044,#2241,.T.);
#1715=EDGE_CURVE('',#2044,#2045,#499,.T.);
#1716=EDGE_CURVE('',#2045,#2046,#92,.T.);
#1717=EDGE_CURVE('',#2046,#2047,#2242,.T.);
#1718=EDGE_CURVE('',#2048,#2047,#93,.T.);
#1719=EDGE_CURVE('',#2048,#2049,#500,.F.);
#1720=EDGE_CURVE('',#2049,#2050,#2243,.T.);
#1721=EDGE_CURVE('',#2050,#2051,#501,.T.);
#1722=EDGE_CURVE('',#2051,#2052,#2244,.T.);
#1723=EDGE_CURVE('',#2052,#2053,#502,.T.);
#1724=EDGE_CURVE('',#2053,#2054,#2245,.T.);
#1725=EDGE_CURVE('',#2054,#2055,#503,.T.);
#1726=EDGE_CURVE('',#2055,#2056,#94,.T.);
#1727=EDGE_CURVE('',#2056,#2057,#2246,.T.);
#1728=EDGE_CURVE('',#2058,#2057,#95,.T.);
#1729=EDGE_CURVE('',#2058,#2059,#504,.F.);
#1730=EDGE_CURVE('',#2059,#2060,#2247,.T.);
#1731=EDGE_CURVE('',#2060,#2061,#505,.T.);
#1732=EDGE_CURVE('',#2061,#2062,#2248,.T.);
#1733=EDGE_CURVE('',#2062,#2043,#506,.T.);
#1734=EDGE_CURVE('',#2063,#2046,#96,.T.);
#1735=EDGE_CURVE('',#2064,#2063,#2249,.T.);
#1736=EDGE_CURVE('',#2057,#2064,#97,.T.);
#1737=EDGE_CURVE('',#2056,#2065,#98,.T.);
#1738=EDGE_CURVE('',#2065,#2066,#2250,.T.);
#1739=EDGE_CURVE('',#2066,#2047,#99,.T.);
#1740=EDGE_CURVE('',#2067,#2067,#2251,.T.);
#1741=EDGE_CURVE('',#2068,#2068,#2252,.T.);
#1742=EDGE_CURVE('',#2069,#2069,#2253,.T.);
#1743=EDGE_CURVE('',#2070,#2070,#2254,.T.);
#1744=EDGE_CURVE('',#2071,#2071,#2255,.T.);
#1745=EDGE_CURVE('',#2072,#2072,#507,.T.);
#1746=EDGE_CURVE('',#2073,#2073,#2256,.T.);
#1747=EDGE_CURVE('',#2074,#2074,#2257,.T.);
#1748=EDGE_CURVE('',#2075,#2076,#2258,.F.);
#1749=EDGE_CURVE('',#2076,#2077,#100,.T.);
#1750=EDGE_CURVE('',#2075,#2077,#101,.T.);
#1751=EDGE_CURVE('',#2078,#2079,#102,.T.);
#1752=EDGE_CURVE('',#2078,#2080,#2259,.F.);
#1753=EDGE_CURVE('',#2080,#2081,#103,.T.);
#1754=EDGE_CURVE('',#2081,#2082,#508,.T.);
#1755=EDGE_CURVE('',#2082,#2064,#104,.T.);
#1756=EDGE_CURVE('',#2083,#2063,#105,.T.);
#1757=EDGE_CURVE('',#2083,#2079,#509,.F.);
#1758=EDGE_CURVE('',#2045,#2083,#106,.F.);
#1759=EDGE_CURVE('',#2082,#2058,#107,.F.);
#1760=EDGE_CURVE('',#2084,#2084,#2260,.T.);
#1761=EDGE_CURVE('',#2085,#2085,#2261,.T.);
#1762=EDGE_CURVE('',#2086,#2066,#108,.T.);
#1763=EDGE_CURVE('',#2086,#2048,#109,.T.);
#1764=EDGE_CURVE('',#2055,#2087,#110,.T.);
#1765=EDGE_CURVE('',#2087,#2065,#111,.T.);
#1766=EDGE_CURVE('',#2088,#2089,#112,.T.);
#1767=EDGE_CURVE('',#2088,#2090,#2262,.F.);
#1768=EDGE_CURVE('',#2090,#2091,#113,.T.);
#1769=EDGE_CURVE('',#2091,#2086,#510,.T.);
#1770=EDGE_CURVE('',#2087,#2089,#511,.F.);
#1771=EDGE_CURVE('',#2092,#2093,#114,.T.);
#1772=EDGE_CURVE('',#2093,#2094,#2263,.F.);
#1773=EDGE_CURVE('',#2094,#2095,#115,.T.);
#1774=EDGE_CURVE('',#2095,#2092,#2264,.T.);
#1775=EDGE_CURVE('',#2033,#2096,#512,.T.);
#1776=EDGE_CURVE('',#2096,#2097,#116,.T.);
#1777=EDGE_CURVE('',#2097,#2088,#117,.F.);
#1778=EDGE_CURVE('',#2089,#2034,#26,.T.);
#1779=EDGE_CURVE('',#2098,#2099,#118,.F.);
#1780=EDGE_CURVE('',#2099,#2036,#513,.T.);
#1781=EDGE_CURVE('',#2038,#2091,#27,.T.);
#1782=EDGE_CURVE('',#2090,#2098,#119,.F.);
#1783=EDGE_CURVE('',#2100,#2101,#120,.F.);
#1784=EDGE_CURVE('',#2101,#2102,#2265,.F.);
#1785=EDGE_CURVE('',#2102,#2103,#121,.F.);
#1786=EDGE_CURVE('',#2103,#2100,#2266,.T.);
#1787=EDGE_CURVE('',#2032,#2104,#514,.T.);
#1788=EDGE_CURVE('',#2104,#2105,#122,.F.);
#1789=EDGE_CURVE('',#2105,#2078,#123,.T.);
#1790=EDGE_CURVE('',#2079,#2030,#28,.F.);
#1791=EDGE_CURVE('',#2106,#2107,#124,.T.);
#1792=EDGE_CURVE('',#2107,#2075,#515,.T.);
#1793=EDGE_CURVE('',#2077,#2081,#29,.F.);
#1794=EDGE_CURVE('',#2080,#2106,#125,.T.);
#1795=EDGE_CURVE('',#2105,#2101,#516,.T.);
#1796=EDGE_CURVE('',#2078,#2100,#2267,.T.);
#1797=EDGE_CURVE('',#2080,#2103,#2268,.T.);
#1798=EDGE_CURVE('',#2102,#2106,#517,.T.);
#1799=EDGE_CURVE('',#2094,#2098,#518,.T.);
#1800=EDGE_CURVE('',#2095,#2090,#2269,.T.);
#1801=EDGE_CURVE('',#2092,#2088,#2270,.T.);
#1802=EDGE_CURVE('',#2097,#2093,#519,.T.);
#1803=EDGE_CURVE('',#2035,#2055,#520,.T.);
#1804=EDGE_CURVE('',#2035,#2054,#2271,.T.);
#1805=EDGE_CURVE('',#2096,#2053,#521,.T.);
#1806=EDGE_CURVE('',#2097,#2053,#2272,.T.);
#1807=EDGE_CURVE('',#2093,#2052,#2273,.T.);
#1808=EDGE_CURVE('',#2094,#2051,#2274,.T.);
#1809=EDGE_CURVE('',#2098,#2050,#2275,.T.);
#1810=EDGE_CURVE('',#2099,#2050,#522,.T.);
#1811=EDGE_CURVE('',#2037,#2049,#2276,.T.);
#1812=EDGE_CURVE('',#2037,#2048,#523,.T.);
#1813=EDGE_CURVE('',#2031,#2045,#524,.T.);
#1814=EDGE_CURVE('',#2031,#2044,#2277,.T.);
#1815=EDGE_CURVE('',#2104,#2043,#525,.T.);
#1816=EDGE_CURVE('',#2105,#2043,#2278,.T.);
#1817=EDGE_CURVE('',#2101,#2062,#2279,.T.);
#1818=EDGE_CURVE('',#2102,#2061,#2280,.T.);
#1819=EDGE_CURVE('',#2106,#2060,#2281,.T.);
#1820=EDGE_CURVE('',#2107,#2060,#526,.T.);
#1821=EDGE_CURVE('',#2076,#2059,#2282,.T.);
#1822=EDGE_CURVE('',#2076,#2058,#527,.T.);
#1823=EDGE_CURVE('',#2108,#2108,#2283,.T.);
#1824=EDGE_CURVE('',#2109,#2109,#2284,.T.);
#1825=EDGE_CURVE('',#2110,#2110,#2285,.T.);
#1826=EDGE_CURVE('',#2111,#2111,#2286,.T.);
#1827=VERTEX_POINT('',#4146);
#1828=VERTEX_POINT('',#4147);
#1829=VERTEX_POINT('',#4153);
#1830=VERTEX_POINT('',#4155);
#1831=VERTEX_POINT('',#4163);
#1832=VERTEX_POINT('',#4164);
#1833=VERTEX_POINT('',#4170);
#1834=VERTEX_POINT('',#4172);
#1835=VERTEX_POINT('',#4183);
#1836=VERTEX_POINT('',#4189);
#1837=VERTEX_POINT('',#4199);
#1838=VERTEX_POINT('',#4200);
#1839=VERTEX_POINT('',#4211);
#1840=VERTEX_POINT('',#4212);
#1841=VERTEX_POINT('',#4218);
#1842=VERTEX_POINT('',#4220);
#1843=VERTEX_POINT('',#4228);
#1844=VERTEX_POINT('',#4229);
#1845=VERTEX_POINT('',#4235);
#1846=VERTEX_POINT('',#4237);
#1847=VERTEX_POINT('',#4262);
#1848=VERTEX_POINT('',#4263);
#1849=VERTEX_POINT('',#4269);
#1850=VERTEX_POINT('',#4271);
#1851=VERTEX_POINT('',#4279);
#1852=VERTEX_POINT('',#4280);
#1853=VERTEX_POINT('',#4286);
#1854=VERTEX_POINT('',#4288);
#1855=VERTEX_POINT('',#4313);
#1856=VERTEX_POINT('',#4314);
#1857=VERTEX_POINT('',#4320);
#1858=VERTEX_POINT('',#4322);
#1859=VERTEX_POINT('',#4330);
#1860=VERTEX_POINT('',#4331);
#1861=VERTEX_POINT('',#4337);
#1862=VERTEX_POINT('',#4339);
#1863=VERTEX_POINT('',#4364);
#1864=VERTEX_POINT('',#4365);
#1865=VERTEX_POINT('',#4371);
#1866=VERTEX_POINT('',#4373);
#1867=VERTEX_POINT('',#4381);
#1868=VERTEX_POINT('',#4382);
#1869=VERTEX_POINT('',#4388);
#1870=VERTEX_POINT('',#4390);
#1871=VERTEX_POINT('',#4415);
#1872=VERTEX_POINT('',#4416);
#1873=VERTEX_POINT('',#4422);
#1874=VERTEX_POINT('',#4424);
#1875=VERTEX_POINT('',#4432);
#1876=VERTEX_POINT('',#4433);
#1877=VERTEX_POINT('',#4439);
#1878=VERTEX_POINT('',#4441);
#1879=VERTEX_POINT('',#4466);
#1880=VERTEX_POINT('',#4467);
#1881=VERTEX_POINT('',#4473);
#1882=VERTEX_POINT('',#4475);
#1883=VERTEX_POINT('',#4483);
#1884=VERTEX_POINT('',#4484);
#1885=VERTEX_POINT('',#4490);
#1886=VERTEX_POINT('',#4492);
#1887=VERTEX_POINT('',#4517);
#1888=VERTEX_POINT('',#4519);
#1889=VERTEX_POINT('',#4526);
#1890=VERTEX_POINT('',#4534);
#1891=VERTEX_POINT('',#4541);
#1892=VERTEX_POINT('',#4544);
#1893=VERTEX_POINT('',#4546);
#1894=VERTEX_POINT('',#4549);
#1895=VERTEX_POINT('',#4552);
#1896=VERTEX_POINT('',#4555);
#1897=VERTEX_POINT('',#4558);
#1898=VERTEX_POINT('',#4560);
#1899=VERTEX_POINT('',#4563);
#1900=VERTEX_POINT('',#4565);
#1901=VERTEX_POINT('',#4568);
#1902=VERTEX_POINT('',#4577);
#1903=VERTEX_POINT('',#4582);
#1904=VERTEX_POINT('',#4590);
#1905=VERTEX_POINT('',#4596);
#1906=VERTEX_POINT('',#4599);
#1907=VERTEX_POINT('',#4602);
#1908=VERTEX_POINT('',#4607);
#1909=VERTEX_POINT('',#4608);
#1910=VERTEX_POINT('',#4613);
#1911=VERTEX_POINT('',#4615);
#1912=VERTEX_POINT('',#4622);
#1913=VERTEX_POINT('',#4623);
#1914=VERTEX_POINT('',#4628);
#1915=VERTEX_POINT('',#4630);
#1916=VERTEX_POINT('',#4640);
#1917=VERTEX_POINT('',#4642);
#1918=VERTEX_POINT('',#4649);
#1919=VERTEX_POINT('',#4650);
#1920=VERTEX_POINT('',#4664);
#1921=VERTEX_POINT('',#4666);
#1922=VERTEX_POINT('',#4673);
#1923=VERTEX_POINT('',#4674);
#1924=VERTEX_POINT('',#4685);
#1925=VERTEX_POINT('',#4686);
#1926=VERTEX_POINT('',#4691);
#1927=VERTEX_POINT('',#4693);
#1928=VERTEX_POINT('',#4703);
#1929=VERTEX_POINT('',#4705);
#1930=VERTEX_POINT('',#4715);
#1931=VERTEX_POINT('',#4717);
#1932=VERTEX_POINT('',#4724);
#1933=VERTEX_POINT('',#4725);
#1934=VERTEX_POINT('',#4730);
#1935=VERTEX_POINT('',#4732);
#1936=VERTEX_POINT('',#4742);
#1937=VERTEX_POINT('',#4744);
#1938=VERTEX_POINT('',#4754);
#1939=VERTEX_POINT('',#4756);
#1940=VERTEX_POINT('',#4763);
#1941=VERTEX_POINT('',#4764);
#1942=VERTEX_POINT('',#4769);
#1943=VERTEX_POINT('',#4771);
#1944=VERTEX_POINT('',#4781);
#1945=VERTEX_POINT('',#4783);
#1946=VERTEX_POINT('',#4793);
#1947=VERTEX_POINT('',#4795);
#1948=VERTEX_POINT('',#4802);
#1949=VERTEX_POINT('',#4803);
#1950=VERTEX_POINT('',#4808);
#1951=VERTEX_POINT('',#4810);
#1952=VERTEX_POINT('',#4820);
#1953=VERTEX_POINT('',#4822);
#1954=VERTEX_POINT('',#4832);
#1955=VERTEX_POINT('',#4834);
#1956=VERTEX_POINT('',#4841);
#1957=VERTEX_POINT('',#4842);
#1958=VERTEX_POINT('',#4847);
#1959=VERTEX_POINT('',#4849);
#1960=VERTEX_POINT('',#4859);
#1961=VERTEX_POINT('',#4861);
#1962=VERTEX_POINT('',#4871);
#1963=VERTEX_POINT('',#4873);
#1964=VERTEX_POINT('',#4880);
#1965=VERTEX_POINT('',#4881);
#1966=VERTEX_POINT('',#4886);
#1967=VERTEX_POINT('',#4888);
#1968=VERTEX_POINT('',#4898);
#1969=VERTEX_POINT('',#4900);
#1970=VERTEX_POINT('',#4910);
#1971=VERTEX_POINT('',#4912);
#1972=VERTEX_POINT('',#4919);
#1973=VERTEX_POINT('',#4920);
#1974=VERTEX_POINT('',#4925);
#1975=VERTEX_POINT('',#4927);
#1976=VERTEX_POINT('',#4937);
#1977=VERTEX_POINT('',#4939);
#1978=VERTEX_POINT('',#4949);
#1979=VERTEX_POINT('',#4951);
#1980=VERTEX_POINT('',#4958);
#1981=VERTEX_POINT('',#4959);
#1982=VERTEX_POINT('',#4964);
#1983=VERTEX_POINT('',#4966);
#1984=VERTEX_POINT('',#4976);
#1985=VERTEX_POINT('',#4978);
#1986=VERTEX_POINT('',#4988);
#1987=VERTEX_POINT('',#4990);
#1988=VERTEX_POINT('',#4997);
#1989=VERTEX_POINT('',#4998);
#1990=VERTEX_POINT('',#5003);
#1991=VERTEX_POINT('',#5005);
#1992=VERTEX_POINT('',#5015);
#1993=VERTEX_POINT('',#5017);
#1994=VERTEX_POINT('',#5027);
#1995=VERTEX_POINT('',#5029);
#1996=VERTEX_POINT('',#5036);
#1997=VERTEX_POINT('',#5037);
#1998=VERTEX_POINT('',#5042);
#1999=VERTEX_POINT('',#5044);
#2000=VERTEX_POINT('',#5054);
#2001=VERTEX_POINT('',#5056);
#2002=VERTEX_POINT('',#5066);
#2003=VERTEX_POINT('',#5068);
#2004=VERTEX_POINT('',#5075);
#2005=VERTEX_POINT('',#5077);
#2006=VERTEX_POINT('',#5080);
#2007=VERTEX_POINT('',#5082);
#2008=VERTEX_POINT('',#5085);
#2009=VERTEX_POINT('',#5087);
#2010=VERTEX_POINT('',#5090);
#2011=VERTEX_POINT('',#5092);
#2012=VERTEX_POINT('',#5095);
#2013=VERTEX_POINT('',#5097);
#2014=VERTEX_POINT('',#5100);
#2015=VERTEX_POINT('',#5102);
#2016=VERTEX_POINT('',#5105);
#2017=VERTEX_POINT('',#5107);
#2018=VERTEX_POINT('',#5110);
#2019=VERTEX_POINT('',#5112);
#2020=VERTEX_POINT('',#5115);
#2021=VERTEX_POINT('',#5117);
#2022=VERTEX_POINT('',#5120);
#2023=VERTEX_POINT('',#5122);
#2024=VERTEX_POINT('',#5125);
#2025=VERTEX_POINT('',#5127);
#2026=VERTEX_POINT('',#5130);
#2027=VERTEX_POINT('',#5132);
#2028=VERTEX_POINT('',#5135);
#2029=VERTEX_POINT('',#5138);
#2030=VERTEX_POINT('',#5215);
#2031=VERTEX_POINT('',#5216);
#2032=VERTEX_POINT('',#5218);
#2033=VERTEX_POINT('',#5222);
#2034=VERTEX_POINT('',#5223);
#2035=VERTEX_POINT('',#5225);
#2036=VERTEX_POINT('',#5229);
#2037=VERTEX_POINT('',#5230);
#2038=VERTEX_POINT('',#5232);
#2039=VERTEX_POINT('',#5236);
#2040=VERTEX_POINT('',#5238);
#2041=VERTEX_POINT('',#5251);
#2042=VERTEX_POINT('',#5253);
#2043=VERTEX_POINT('',#5255);
#2044=VERTEX_POINT('',#5256);
#2045=VERTEX_POINT('',#5262);
#2046=VERTEX_POINT('',#5264);
#2047=VERTEX_POINT('',#5266);
#2048=VERTEX_POINT('',#5268);
#2049=VERTEX_POINT('',#5274);
#2050=VERTEX_POINT('',#5276);
#2051=VERTEX_POINT('',#5282);
#2052=VERTEX_POINT('',#5284);
#2053=VERTEX_POINT('',#5290);
#2054=VERTEX_POINT('',#5292);
#2055=VERTEX_POINT('',#5298);
#2056=VERTEX_POINT('',#5300);
#2057=VERTEX_POINT('',#5302);
#2058=VERTEX_POINT('',#5304);
#2059=VERTEX_POINT('',#5310);
#2060=VERTEX_POINT('',#5312);
#2061=VERTEX_POINT('',#5318);
#2062=VERTEX_POINT('',#5320);
#2063=VERTEX_POINT('',#5328);
#2064=VERTEX_POINT('',#5330);
#2065=VERTEX_POINT('',#5333);
#2066=VERTEX_POINT('',#5335);
#2067=VERTEX_POINT('',#5338);
#2068=VERTEX_POINT('',#5340);
#2069=VERTEX_POINT('',#5342);
#2070=VERTEX_POINT('',#5345);
#2071=VERTEX_POINT('',#5348);
#2072=VERTEX_POINT('',#5361);
#2073=VERTEX_POINT('',#5363);
#2074=VERTEX_POINT('',#5366);
#2075=VERTEX_POINT('',#5370);
#2076=VERTEX_POINT('',#5371);
#2077=VERTEX_POINT('',#5373);
#2078=VERTEX_POINT('',#5377);
#2079=VERTEX_POINT('',#5378);
#2080=VERTEX_POINT('',#5380);
#2081=VERTEX_POINT('',#5382);
#2082=VERTEX_POINT('',#5388);
#2083=VERTEX_POINT('',#5391);
#2084=VERTEX_POINT('',#5403);
#2085=VERTEX_POINT('',#5406);
#2086=VERTEX_POINT('',#5409);
#2087=VERTEX_POINT('',#5413);
#2088=VERTEX_POINT('',#5417);
#2089=VERTEX_POINT('',#5418);
#2090=VERTEX_POINT('',#5420);
#2091=VERTEX_POINT('',#5422);
#2092=VERTEX_POINT('',#5435);
#2093=VERTEX_POINT('',#5436);
#2094=VERTEX_POINT('',#5438);
#2095=VERTEX_POINT('',#5440);
#2096=VERTEX_POINT('',#5447);
#2097=VERTEX_POINT('',#5449);
#2098=VERTEX_POINT('',#5454);
#2099=VERTEX_POINT('',#5455);
#2100=VERTEX_POINT('',#5464);
#2101=VERTEX_POINT('',#5465);
#2102=VERTEX_POINT('',#5467);
#2103=VERTEX_POINT('',#5469);
#2104=VERTEX_POINT('',#5476);
#2105=VERTEX_POINT('',#5478);
#2106=VERTEX_POINT('',#5483);
#2107=VERTEX_POINT('',#5484);
#2108=VERTEX_POINT('',#5723);
#2109=VERTEX_POINT('',#5725);
#2110=VERTEX_POINT('',#5729);
#2111=VERTEX_POINT('',#5732);
#2112=CIRCLE('',#2998,17.);
#2113=CIRCLE('',#2999,17.);
#2114=CIRCLE('',#3001,21.5);
#2115=CIRCLE('',#3002,21.5);
#2116=CIRCLE('',#3005,17.);
#2117=CIRCLE('',#3006,17.);
#2118=CIRCLE('',#3008,21.5);
#2119=CIRCLE('',#3009,21.5);
#2120=CIRCLE('',#3012,17.);
#2121=CIRCLE('',#3013,17.);
#2122=CIRCLE('',#3015,21.5);
#2123=CIRCLE('',#3016,21.5);
#2124=CIRCLE('',#3019,17.);
#2125=CIRCLE('',#3020,17.);
#2126=CIRCLE('',#3022,21.5);
#2127=CIRCLE('',#3023,21.5);
#2128=CIRCLE('',#3026,17.);
#2129=CIRCLE('',#3027,17.);
#2130=CIRCLE('',#3029,21.5);
#2131=CIRCLE('',#3030,21.5);
#2132=CIRCLE('',#3033,17.);
#2133=CIRCLE('',#3034,17.);
#2134=CIRCLE('',#3036,21.5);
#2135=CIRCLE('',#3037,21.5);
#2136=CIRCLE('',#3040,17.);
#2137=CIRCLE('',#3041,17.);
#2138=CIRCLE('',#3043,21.5);
#2139=CIRCLE('',#3044,21.5);
#2140=CIRCLE('',#3047,17.);
#2141=CIRCLE('',#3048,17.);
#2142=CIRCLE('',#3050,17.);
#2143=CIRCLE('',#3052,17.);
#2144=CIRCLE('',#3054,12.510034662149);
#2145=CIRCLE('',#3056,16.35);
#2146=CIRCLE('',#3057,14.760034662149);
#2147=CIRCLE('',#3059,14.8017013288157);
#2148=CIRCLE('',#3061,12.385034662149);
#2149=CIRCLE('',#3063,20.5);
#2150=CIRCLE('',#3065,21.5);
#2151=CIRCLE('',#3066,21.5);
#2152=CIRCLE('',#3068,20.5);
#2153=CIRCLE('',#3069,10.);
#2154=CIRCLE('',#3071,10.);
#2155=CIRCLE('',#3077,21.5);
#2156=CIRCLE('',#3078,21.5);
#2157=CIRCLE('',#3080,21.5);
#2158=CIRCLE('',#3082,21.5);
#2159=CIRCLE('',#3084,24.8947785690092);
#2160=CIRCLE('',#3086,24.8947785690092);
#2161=CIRCLE('',#3090,33.3333333333333);
#2162=CIRCLE('',#3091,36.3333333333333);
#2163=CIRCLE('',#3093,36.3333333333333);
#2164=CIRCLE('',#3094,33.3333333333333);
#2165=CIRCLE('',#3096,37.3815912129869);
#2166=CIRCLE('',#3098,37.3815912129869);
#2167=CIRCLE('',#3100,33.9478124375742);
#2168=CIRCLE('',#3102,33.9478124375742);
#2169=CIRCLE('',#3104,33.3333333333333);
#2170=CIRCLE('',#3105,36.3333333333333);
#2171=CIRCLE('',#3107,37.3815912129869);
#2172=CIRCLE('',#3109,33.9478124375742);
#2173=CIRCLE('',#3111,33.3333333333333);
#2174=CIRCLE('',#3112,36.3333333333333);
#2175=CIRCLE('',#3114,37.3815912129869);
#2176=CIRCLE('',#3116,33.9478124375742);
#2177=CIRCLE('',#3118,33.3333333333333);
#2178=CIRCLE('',#3119,36.3333333333333);
#2179=CIRCLE('',#3121,37.3815912129869);
#2180=CIRCLE('',#3123,33.9478124375742);
#2181=CIRCLE('',#3125,33.3333333333333);
#2182=CIRCLE('',#3126,36.3333333333333);
#2183=CIRCLE('',#3128,37.3815912129869);
#2184=CIRCLE('',#3130,33.9478124375742);
#2185=CIRCLE('',#3132,33.3333333333333);
#2186=CIRCLE('',#3133,36.3333333333333);
#2187=CIRCLE('',#3135,37.3815912129869);
#2188=CIRCLE('',#3137,33.9478124375742);
#2189=CIRCLE('',#3139,33.3333333333333);
#2190=CIRCLE('',#3140,36.3333333333333);
#2191=CIRCLE('',#3142,37.3815912129869);
#2192=CIRCLE('',#3144,33.9478124375742);
#2193=CIRCLE('',#3146,33.3333333333333);
#2194=CIRCLE('',#3147,36.3333333333333);
#2195=CIRCLE('',#3149,37.3815912129869);
#2196=CIRCLE('',#3151,33.9478124375742);
#2197=CIRCLE('',#3153,33.3333333333333);
#2198=CIRCLE('',#3154,36.3333333333333);
#2199=CIRCLE('',#3156,37.3815912129869);
#2200=CIRCLE('',#3158,33.9478124375742);
#2201=CIRCLE('',#3160,33.3333333333333);
#2202=CIRCLE('',#3161,36.3333333333333);
#2203=CIRCLE('',#3163,37.3815912129869);
#2204=CIRCLE('',#3165,33.9478124375742);
#2205=CIRCLE('',#3167,33.3333333333333);
#2206=CIRCLE('',#3168,36.3333333333333);
#2207=CIRCLE('',#3170,37.3815912129869);
#2208=CIRCLE('',#3172,33.9478124375742);
#2209=CIRCLE('',#3174,33.3333333333333);
#2210=CIRCLE('',#3175,33.3333333333333);
#2211=CIRCLE('',#3176,33.3333333333333);
#2212=CIRCLE('',#3177,33.3333333333333);
#2213=CIRCLE('',#3178,33.3333333333333);
#2214=CIRCLE('',#3179,33.3333333333333);
#2215=CIRCLE('',#3180,33.3333333333333);
#2216=CIRCLE('',#3181,33.3333333333333);
#2217=CIRCLE('',#3182,33.3333333333333);
#2218=CIRCLE('',#3183,33.3333333333333);
#2219=CIRCLE('',#3184,33.3333333333333);
#2220=CIRCLE('',#3185,33.3333333333333);
#2221=CIRCLE('',#3186,20.);
#2222=CIRCLE('',#3188,20.);
#2223=CIRCLE('',#3190,33.3333333333333);
#2224=CIRCLE('',#3191,33.3333333333333);
#2225=CIRCLE('',#3192,33.3333333333333);
#2226=CIRCLE('',#3193,33.3333333333333);
#2227=CIRCLE('',#3194,33.3333333333333);
#2228=CIRCLE('',#3195,33.3333333333333);
#2229=CIRCLE('',#3196,33.3333333333333);
#2230=CIRCLE('',#3197,33.3333333333333);
#2231=CIRCLE('',#3198,33.3333333333333);
#2232=CIRCLE('',#3199,33.3333333333333);
#2233=CIRCLE('',#3200,33.3333333333333);
#2234=CIRCLE('',#3201,33.3333333333333);
#2235=CIRCLE('',#3240,35.3);
#2236=CIRCLE('',#3242,35.3);
#2237=CIRCLE('',#3244,35.3);
#2238=CIRCLE('',#3246,32.7);
#2239=CIRCLE('',#3247,25.5447785690092);
#2240=CIRCLE('',#3249,34.);
#2241=CIRCLE('',#3250,34.);
#2242=CIRCLE('',#3251,34.);
#2243=CIRCLE('',#3252,34.);
#2244=CIRCLE('',#3253,34.);
#2245=CIRCLE('',#3254,34.);
#2246=CIRCLE('',#3255,34.);
#2247=CIRCLE('',#3256,34.);
#2248=CIRCLE('',#3257,34.);
#2249=CIRCLE('',#3259,15.5);
#2250=CIRCLE('',#3260,15.5);
#2251=CIRCLE('',#3261,5.75);
#2252=CIRCLE('',#3262,25.5447785690092);
#2253=CIRCLE('',#3263,5.75);
#2254=CIRCLE('',#3265,25.5447785690092);
#2255=CIRCLE('',#3267,24.8947785690092);
#2256=CIRCLE('',#3269,24.8947785690092);
#2257=CIRCLE('',#3271,25.5447785690092);
#2258=CIRCLE('',#3274,35.3);
#2259=CIRCLE('',#3276,15.5);
#2260=CIRCLE('',#3280,5.75);
#2261=CIRCLE('',#3282,5.75);
#2262=CIRCLE('',#3286,15.5);
#2263=CIRCLE('',#3288,35.3);
#2264=CIRCLE('',#3289,14.2);
#2265=CIRCLE('',#3295,35.3);
#2266=CIRCLE('',#3296,14.2);
#2267=CIRCLE('',#3303,1.3);
#2268=CIRCLE('',#3305,1.3);
#2269=CIRCLE('',#3308,1.3);
#2270=CIRCLE('',#3310,1.3);
#2271=CIRCLE('',#3313,1.3);
#2272=CIRCLE('',#3316,1.3);
#2273=CIRCLE('',#3317,1.3);
#2274=CIRCLE('',#3319,1.3);
#2275=CIRCLE('',#3320,1.3);
#2276=CIRCLE('',#3323,1.3);
#2277=CIRCLE('',#3326,1.3);
#2278=CIRCLE('',#3329,1.3);
#2279=CIRCLE('',#3330,1.3);
#2280=CIRCLE('',#3332,1.3);
#2281=CIRCLE('',#3333,1.3);
#2282=CIRCLE('',#3336,1.3);
#2283=CIRCLE('',#3340,2.50000000000231);
#2284=CIRCLE('',#3341,2.50000000000231);
#2285=CIRCLE('',#3344,1.45000000000231);
#2286=CIRCLE('',#3346,1.45000000000231);
#2287=EDGE_LOOP('',(#528,#529,#530,#531));
#2288=EDGE_LOOP('',(#532,#533,#534,#535));
#2289=EDGE_LOOP('',(#536,#537,#538,#539));
#2290=EDGE_LOOP('',(#540,#541,#542,#543));
#2291=EDGE_LOOP('',(#544,#545,#546,#547));
#2292=EDGE_LOOP('',(#548,#549,#550,#551));
#2293=EDGE_LOOP('',(#552,#553,#554,#555));
#2294=EDGE_LOOP('',(#556,#557,#558,#559));
#2295=EDGE_LOOP('',(#560,#561,#562,#563));
#2296=EDGE_LOOP('',(#564,#565,#566,#567));
#2297=EDGE_LOOP('',(#568,#569,#570,#571));
#2298=EDGE_LOOP('',(#572,#573,#574,#575));
#2299=EDGE_LOOP('',(#576,#577,#578,#579));
#2300=EDGE_LOOP('',(#580,#581,#582,#583));
#2301=EDGE_LOOP('',(#584,#585,#586,#587));
#2302=EDGE_LOOP('',(#588,#589,#590,#591));
#2303=EDGE_LOOP('',(#592,#593,#594,#595));
#2304=EDGE_LOOP('',(#596,#597,#598,#599));
#2305=EDGE_LOOP('',(#600,#601,#602,#603));
#2306=EDGE_LOOP('',(#604,#605,#606,#607));
#2307=EDGE_LOOP('',(#608,#609,#610,#611));
#2308=EDGE_LOOP('',(#612,#613,#614,#615));
#2309=EDGE_LOOP('',(#616,#617,#618,#619));
#2310=EDGE_LOOP('',(#620,#621,#622,#623));
#2311=EDGE_LOOP('',(#624,#625,#626,#627));
#2312=EDGE_LOOP('',(#628,#629,#630,#631));
#2313=EDGE_LOOP('',(#632,#633,#634,#635));
#2314=EDGE_LOOP('',(#636,#637,#638,#639));
#2315=EDGE_LOOP('',(#640));
#2316=EDGE_LOOP('',(#641,#642,#643,#644,#645,#646,#647,#648,#649,#650,#651,
#652,#653,#654,#655,#656));
#2317=EDGE_LOOP('',(#657,#658,#659,#660));
#2318=EDGE_LOOP('',(#661));
#2319=EDGE_LOOP('',(#662,#663,#664,#665,#666,#667,#668,#669,#670,#671,#672,
#673,#674,#675,#676,#677));
#2320=EDGE_LOOP('',(#678));
#2321=EDGE_LOOP('',(#679));
#2322=EDGE_LOOP('',(#680));
#2323=EDGE_LOOP('',(#681));
#2324=EDGE_LOOP('',(#682));
#2325=EDGE_LOOP('',(#683));
#2326=EDGE_LOOP('',(#684));
#2327=EDGE_LOOP('',(#685));
#2328=EDGE_LOOP('',(#686));
#2329=EDGE_LOOP('',(#687));
#2330=EDGE_LOOP('',(#688));
#2331=EDGE_LOOP('',(#689));
#2332=EDGE_LOOP('',(#690));
#2333=EDGE_LOOP('',(#691));
#2334=EDGE_LOOP('',(#692));
#2335=EDGE_LOOP('',(#693));
#2336=EDGE_LOOP('',(#694));
#2337=EDGE_LOOP('',(#695));
#2338=EDGE_LOOP('',(#696));
#2339=EDGE_LOOP('',(#697));
#2340=EDGE_LOOP('',(#698));
#2341=EDGE_LOOP('',(#699));
#2342=EDGE_LOOP('',(#700,#701,#702,#703));
#2343=EDGE_LOOP('',(#704,#705,#706,#707));
#2344=EDGE_LOOP('',(#708));
#2345=EDGE_LOOP('',(#709,#710,#711,#712,#713,#714,#715,#716,#717,#718,#719,
#720,#721,#722,#723,#724));
#2346=EDGE_LOOP('',(#725,#726,#727,#728));
#2347=EDGE_LOOP('',(#729));
#2348=EDGE_LOOP('',(#730,#731,#732,#733,#734,#735,#736,#737,#738,#739,#740,
#741,#742,#743,#744,#745));
#2349=EDGE_LOOP('',(#746));
#2350=EDGE_LOOP('',(#747));
#2351=EDGE_LOOP('',(#748));
#2352=EDGE_LOOP('',(#749));
#2353=EDGE_LOOP('',(#750));
#2354=EDGE_LOOP('',(#751));
#2355=EDGE_LOOP('',(#752));
#2356=EDGE_LOOP('',(#753));
#2357=EDGE_LOOP('',(#754,#755,#756,#757));
#2358=EDGE_LOOP('',(#758,#759,#760,#761));
#2359=EDGE_LOOP('',(#762,#763,#764,#765));
#2360=EDGE_LOOP('',(#766,#767,#768,#769));
#2361=EDGE_LOOP('',(#770,#771,#772,#773));
#2362=EDGE_LOOP('',(#774,#775,#776,#777));
#2363=EDGE_LOOP('',(#778,#779,#780,#781));
#2364=EDGE_LOOP('',(#782,#783,#784,#785));
#2365=EDGE_LOOP('',(#786,#787,#788,#789));
#2366=EDGE_LOOP('',(#790,#791,#792,#793));
#2367=EDGE_LOOP('',(#794,#795,#796,#797));
#2368=EDGE_LOOP('',(#798,#799,#800,#801));
#2369=EDGE_LOOP('',(#802,#803,#804,#805));
#2370=EDGE_LOOP('',(#806,#807,#808,#809));
#2371=EDGE_LOOP('',(#810,#811,#812,#813));
#2372=EDGE_LOOP('',(#814,#815,#816,#817));
#2373=EDGE_LOOP('',(#818,#819,#820,#821));
#2374=EDGE_LOOP('',(#822,#823,#824,#825));
#2375=EDGE_LOOP('',(#826,#827,#828,#829));
#2376=EDGE_LOOP('',(#830,#831,#832,#833));
#2377=EDGE_LOOP('',(#834,#835,#836,#837));
#2378=EDGE_LOOP('',(#838,#839,#840,#841));
#2379=EDGE_LOOP('',(#842,#843,#844,#845));
#2380=EDGE_LOOP('',(#846,#847,#848,#849));
#2381=EDGE_LOOP('',(#850,#851,#852,#853));
#2382=EDGE_LOOP('',(#854,#855,#856,#857));
#2383=EDGE_LOOP('',(#858,#859,#860,#861));
#2384=EDGE_LOOP('',(#862,#863,#864,#865));
#2385=EDGE_LOOP('',(#866,#867,#868,#869));
#2386=EDGE_LOOP('',(#870,#871,#872,#873));
#2387=EDGE_LOOP('',(#874,#875,#876,#877));
#2388=EDGE_LOOP('',(#878,#879,#880,#881));
#2389=EDGE_LOOP('',(#882,#883,#884,#885));
#2390=EDGE_LOOP('',(#886,#887,#888,#889));
#2391=EDGE_LOOP('',(#890,#891,#892,#893));
#2392=EDGE_LOOP('',(#894,#895,#896,#897));
#2393=EDGE_LOOP('',(#898,#899,#900,#901,#902,#903,#904,#905,#906,#907,#908,
#909,#910,#911,#912,#913,#914,#915,#916,#917,#918,#919,#920,#921,#922,#923,
#924,#925,#926,#927,#928,#929,#930,#931,#932,#933,#934,#935,#936,#937,#938,
#939,#940,#941,#942,#943,#944,#945));
#2394=EDGE_LOOP('',(#946));
#2395=EDGE_LOOP('',(#947));
#2396=EDGE_LOOP('',(#948));
#2397=EDGE_LOOP('',(#949,#950,#951,#952,#953,#954,#955,#956,#957,#958,#959,
#960,#961,#962,#963,#964,#965,#966,#967,#968,#969,#970,#971,#972));
#2398=EDGE_LOOP('',(#973));
#2399=EDGE_LOOP('',(#974,#975,#976,#977,#978));
#2400=EDGE_LOOP('',(#979,#980,#981,#982,#983));
#2401=EDGE_LOOP('',(#984,#985,#986,#987));
#2402=EDGE_LOOP('',(#988,#989,#990,#991,#992));
#2403=EDGE_LOOP('',(#993,#994,#995,#996,#997));
#2404=EDGE_LOOP('',(#998,#999,#1000,#1001));
#2405=EDGE_LOOP('',(#1002,#1003,#1004,#1005,#1006));
#2406=EDGE_LOOP('',(#1007,#1008,#1009,#1010,#1011));
#2407=EDGE_LOOP('',(#1012,#1013,#1014,#1015));
#2408=EDGE_LOOP('',(#1016,#1017,#1018,#1019,#1020));
#2409=EDGE_LOOP('',(#1021,#1022,#1023,#1024,#1025));
#2410=EDGE_LOOP('',(#1026,#1027,#1028,#1029));
#2411=EDGE_LOOP('',(#1030,#1031,#1032,#1033,#1034));
#2412=EDGE_LOOP('',(#1035,#1036,#1037,#1038,#1039));
#2413=EDGE_LOOP('',(#1040,#1041,#1042,#1043));
#2414=EDGE_LOOP('',(#1044,#1045,#1046,#1047,#1048));
#2415=EDGE_LOOP('',(#1049,#1050,#1051,#1052,#1053));
#2416=EDGE_LOOP('',(#1054,#1055,#1056,#1057));
#2417=EDGE_LOOP('',(#1058,#1059,#1060,#1061,#1062));
#2418=EDGE_LOOP('',(#1063,#1064,#1065,#1066,#1067));
#2419=EDGE_LOOP('',(#1068,#1069,#1070,#1071));
#2420=EDGE_LOOP('',(#1072,#1073,#1074,#1075,#1076));
#2421=EDGE_LOOP('',(#1077,#1078,#1079,#1080,#1081));
#2422=EDGE_LOOP('',(#1082,#1083,#1084,#1085));
#2423=EDGE_LOOP('',(#1086,#1087,#1088,#1089,#1090));
#2424=EDGE_LOOP('',(#1091,#1092,#1093,#1094,#1095));
#2425=EDGE_LOOP('',(#1096,#1097,#1098,#1099));
#2426=EDGE_LOOP('',(#1100,#1101,#1102,#1103,#1104));
#2427=EDGE_LOOP('',(#1105,#1106,#1107,#1108,#1109));
#2428=EDGE_LOOP('',(#1110,#1111,#1112,#1113));
#2429=EDGE_LOOP('',(#1114,#1115,#1116,#1117,#1118));
#2430=EDGE_LOOP('',(#1119,#1120,#1121,#1122,#1123));
#2431=EDGE_LOOP('',(#1124,#1125,#1126,#1127));
#2432=EDGE_LOOP('',(#1128,#1129,#1130,#1131,#1132));
#2433=EDGE_LOOP('',(#1133,#1134,#1135,#1136,#1137));
#2434=EDGE_LOOP('',(#1138,#1139,#1140,#1141));
#2435=EDGE_LOOP('',(#1142,#1143,#1144));
#2436=EDGE_LOOP('',(#1145,#1146,#1147));
#2437=EDGE_LOOP('',(#1148,#1149,#1150));
#2438=EDGE_LOOP('',(#1151));
#2439=EDGE_LOOP('',(#1152));
#2440=EDGE_LOOP('',(#1153));
#2441=EDGE_LOOP('',(#1154));
#2442=EDGE_LOOP('',(#1155,#1156,#1157,#1158,#1159,#1160,#1161,#1162,#1163,
#1164,#1165,#1166,#1167,#1168,#1169,#1170,#1171,#1172,#1173,#1174));
#2443=EDGE_LOOP('',(#1175,#1176,#1177,#1178,#1179,#1180,#1181,#1182));
#2444=EDGE_LOOP('',(#1183));
#2445=EDGE_LOOP('',(#1184));
#2446=EDGE_LOOP('',(#1185));
#2447=EDGE_LOOP('',(#1186));
#2448=EDGE_LOOP('',(#1187));
#2449=EDGE_LOOP('',(#1188));
#2450=EDGE_LOOP('',(#1189));
#2451=EDGE_LOOP('',(#1190));
#2452=EDGE_LOOP('',(#1191));
#2453=EDGE_LOOP('',(#1192));
#2454=EDGE_LOOP('',(#1193));
#2455=EDGE_LOOP('',(#1194));
#2456=EDGE_LOOP('',(#1195));
#2457=EDGE_LOOP('',(#1196));
#2458=EDGE_LOOP('',(#1197,#1198,#1199));
#2459=EDGE_LOOP('',(#1200,#1201,#1202,#1203,#1204,#1205,#1206,#1207));
#2460=EDGE_LOOP('',(#1208,#1209,#1210,#1211));
#2461=EDGE_LOOP('',(#1212,#1213,#1214,#1215));
#2462=EDGE_LOOP('',(#1216));
#2463=EDGE_LOOP('',(#1217));
#2464=EDGE_LOOP('',(#1218));
#2465=EDGE_LOOP('',(#1219));
#2466=EDGE_LOOP('',(#1220,#1221,#1222,#1223));
#2467=EDGE_LOOP('',(#1224,#1225,#1226,#1227));
#2468=EDGE_LOOP('',(#1228,#1229,#1230,#1231,#1232,#1233,#1234,#1235));
#2469=EDGE_LOOP('',(#1236));
#2470=EDGE_LOOP('',(#1237,#1238,#1239,#1240));
#2471=EDGE_LOOP('',(#1241,#1242,#1243,#1244,#1245,#1246));
#2472=EDGE_LOOP('',(#1247,#1248,#1249,#1250,#1251,#1252));
#2473=EDGE_LOOP('',(#1253,#1254,#1255,#1256));
#2474=EDGE_LOOP('',(#1257));
#2475=EDGE_LOOP('',(#1258,#1259,#1260,#1261,#1262,#1263));
#2476=EDGE_LOOP('',(#1264,#1265,#1266,#1267,#1268,#1269));
#2477=EDGE_LOOP('',(#1270));
#2478=EDGE_LOOP('',(#1271));
#2479=EDGE_LOOP('',(#1272,#1273,#1274,#1275));
#2480=EDGE_LOOP('',(#1276,#1277,#1278,#1279));
#2481=EDGE_LOOP('',(#1280,#1281,#1282,#1283));
#2482=EDGE_LOOP('',(#1284,#1285,#1286,#1287));
#2483=EDGE_LOOP('',(#1288,#1289,#1290,#1291));
#2484=EDGE_LOOP('',(#1292,#1293,#1294,#1295));
#2485=EDGE_LOOP('',(#1296,#1297,#1298,#1299,#1300));
#2486=EDGE_LOOP('',(#1301,#1302,#1303));
#2487=EDGE_LOOP('',(#1304,#1305,#1306,#1307,#1308));
#2488=EDGE_LOOP('',(#1309,#1310,#1311));
#2489=EDGE_LOOP('',(#1312,#1313,#1314,#1315));
#2490=EDGE_LOOP('',(#1316,#1317,#1318,#1319));
#2491=EDGE_LOOP('',(#1320,#1321,#1322,#1323));
#2492=EDGE_LOOP('',(#1324,#1325,#1326));
#2493=EDGE_LOOP('',(#1327,#1328,#1329,#1330,#1331));
#2494=EDGE_LOOP('',(#1332,#1333,#1334));
#2495=EDGE_LOOP('',(#1335,#1336,#1337,#1338,#1339));
#2496=EDGE_LOOP('',(#1340,#1341,#1342,#1343,#1344));
#2497=EDGE_LOOP('',(#1345,#1346,#1347));
#2498=EDGE_LOOP('',(#1348,#1349,#1350,#1351,#1352));
#2499=EDGE_LOOP('',(#1353,#1354,#1355));
#2500=EDGE_LOOP('',(#1356,#1357,#1358,#1359));
#2501=EDGE_LOOP('',(#1360,#1361,#1362,#1363));
#2502=EDGE_LOOP('',(#1364,#1365,#1366,#1367));
#2503=EDGE_LOOP('',(#1368,#1369,#1370));
#2504=EDGE_LOOP('',(#1371,#1372,#1373,#1374,#1375));
#2505=EDGE_LOOP('',(#1376,#1377,#1378));
#2506=EDGE_LOOP('',(#1379,#1380,#1381,#1382,#1383));
#2507=EDGE_LOOP('',(#1384));
#2508=EDGE_LOOP('',(#1385));
#2509=EDGE_LOOP('',(#1386));
#2510=EDGE_LOOP('',(#1387));
#2511=EDGE_LOOP('',(#1388));
#2512=EDGE_LOOP('',(#1389));
#2513=EDGE_LOOP('',(#1390));
#2514=EDGE_LOOP('',(#1391));
#2515=EDGE_LOOP('',(#1392));
#2516=EDGE_LOOP('',(#1393));
#2517=FACE_BOUND('',#2287,.T.);
#2518=FACE_BOUND('',#2288,.T.);
#2519=FACE_BOUND('',#2289,.T.);
#2520=FACE_BOUND('',#2290,.T.);
#2521=FACE_BOUND('',#2291,.T.);
#2522=FACE_BOUND('',#2292,.T.);
#2523=FACE_BOUND('',#2293,.T.);
#2524=FACE_BOUND('',#2294,.T.);
#2525=FACE_BOUND('',#2295,.T.);
#2526=FACE_BOUND('',#2296,.T.);
#2527=FACE_BOUND('',#2297,.T.);
#2528=FACE_BOUND('',#2298,.T.);
#2529=FACE_BOUND('',#2299,.T.);
#2530=FACE_BOUND('',#2300,.T.);
#2531=FACE_BOUND('',#2301,.T.);
#2532=FACE_BOUND('',#2302,.T.);
#2533=FACE_BOUND('',#2303,.T.);
#2534=FACE_BOUND('',#2304,.T.);
#2535=FACE_BOUND('',#2305,.T.);
#2536=FACE_BOUND('',#2306,.T.);
#2537=FACE_BOUND('',#2307,.T.);
#2538=FACE_BOUND('',#2308,.T.);
#2539=FACE_BOUND('',#2309,.T.);
#2540=FACE_BOUND('',#2310,.T.);
#2541=FACE_BOUND('',#2311,.T.);
#2542=FACE_BOUND('',#2312,.T.);
#2543=FACE_BOUND('',#2313,.T.);
#2544=FACE_BOUND('',#2314,.T.);
#2545=FACE_BOUND('',#2315,.T.);
#2546=FACE_BOUND('',#2316,.T.);
#2547=FACE_BOUND('',#2317,.T.);
#2548=FACE_BOUND('',#2318,.T.);
#2549=FACE_BOUND('',#2319,.T.);
#2550=FACE_BOUND('',#2320,.T.);
#2551=FACE_BOUND('',#2321,.T.);
#2552=FACE_BOUND('',#2322,.T.);
#2553=FACE_BOUND('',#2323,.T.);
#2554=FACE_BOUND('',#2324,.T.);
#2555=FACE_BOUND('',#2325,.T.);
#2556=FACE_BOUND('',#2326,.T.);
#2557=FACE_BOUND('',#2327,.T.);
#2558=FACE_BOUND('',#2328,.T.);
#2559=FACE_BOUND('',#2329,.T.);
#2560=FACE_BOUND('',#2330,.T.);
#2561=FACE_BOUND('',#2331,.T.);
#2562=FACE_BOUND('',#2332,.T.);
#2563=FACE_BOUND('',#2333,.T.);
#2564=FACE_BOUND('',#2334,.T.);
#2565=FACE_BOUND('',#2335,.T.);
#2566=FACE_BOUND('',#2336,.T.);
#2567=FACE_BOUND('',#2337,.T.);
#2568=FACE_BOUND('',#2338,.T.);
#2569=FACE_BOUND('',#2339,.T.);
#2570=FACE_BOUND('',#2340,.T.);
#2571=FACE_BOUND('',#2341,.T.);
#2572=FACE_BOUND('',#2342,.T.);
#2573=FACE_BOUND('',#2343,.T.);
#2574=FACE_BOUND('',#2344,.T.);
#2575=FACE_BOUND('',#2345,.T.);
#2576=FACE_BOUND('',#2346,.T.);
#2577=FACE_BOUND('',#2347,.T.);
#2578=FACE_BOUND('',#2348,.T.);
#2579=FACE_BOUND('',#2349,.T.);
#2580=FACE_BOUND('',#2350,.T.);
#2581=FACE_BOUND('',#2351,.T.);
#2582=FACE_BOUND('',#2352,.T.);
#2583=FACE_BOUND('',#2353,.T.);
#2584=FACE_BOUND('',#2354,.T.);
#2585=FACE_BOUND('',#2355,.T.);
#2586=FACE_BOUND('',#2356,.T.);
#2587=FACE_BOUND('',#2357,.T.);
#2588=FACE_BOUND('',#2358,.T.);
#2589=FACE_BOUND('',#2359,.T.);
#2590=FACE_BOUND('',#2360,.T.);
#2591=FACE_BOUND('',#2361,.T.);
#2592=FACE_BOUND('',#2362,.T.);
#2593=FACE_BOUND('',#2363,.T.);
#2594=FACE_BOUND('',#2364,.T.);
#2595=FACE_BOUND('',#2365,.T.);
#2596=FACE_BOUND('',#2366,.T.);
#2597=FACE_BOUND('',#2367,.T.);
#2598=FACE_BOUND('',#2368,.T.);
#2599=FACE_BOUND('',#2369,.T.);
#2600=FACE_BOUND('',#2370,.T.);
#2601=FACE_BOUND('',#2371,.T.);
#2602=FACE_BOUND('',#2372,.T.);
#2603=FACE_BOUND('',#2373,.T.);
#2604=FACE_BOUND('',#2374,.T.);
#2605=FACE_BOUND('',#2375,.T.);
#2606=FACE_BOUND('',#2376,.T.);
#2607=FACE_BOUND('',#2377,.T.);
#2608=FACE_BOUND('',#2378,.T.);
#2609=FACE_BOUND('',#2379,.T.);
#2610=FACE_BOUND('',#2380,.T.);
#2611=FACE_BOUND('',#2381,.T.);
#2612=FACE_BOUND('',#2382,.T.);
#2613=FACE_BOUND('',#2383,.T.);
#2614=FACE_BOUND('',#2384,.T.);
#2615=FACE_BOUND('',#2385,.T.);
#2616=FACE_BOUND('',#2386,.T.);
#2617=FACE_BOUND('',#2387,.T.);
#2618=FACE_BOUND('',#2388,.T.);
#2619=FACE_BOUND('',#2389,.T.);
#2620=FACE_BOUND('',#2390,.T.);
#2621=FACE_BOUND('',#2391,.T.);
#2622=FACE_BOUND('',#2392,.T.);
#2623=FACE_BOUND('',#2393,.T.);
#2624=FACE_BOUND('',#2394,.T.);
#2625=FACE_BOUND('',#2395,.T.);
#2626=FACE_BOUND('',#2396,.T.);
#2627=FACE_BOUND('',#2397,.T.);
#2628=FACE_BOUND('',#2398,.T.);
#2629=FACE_BOUND('',#2399,.T.);
#2630=FACE_BOUND('',#2400,.T.);
#2631=FACE_BOUND('',#2401,.T.);
#2632=FACE_BOUND('',#2402,.T.);
#2633=FACE_BOUND('',#2403,.T.);
#2634=FACE_BOUND('',#2404,.T.);
#2635=FACE_BOUND('',#2405,.T.);
#2636=FACE_BOUND('',#2406,.T.);
#2637=FACE_BOUND('',#2407,.T.);
#2638=FACE_BOUND('',#2408,.T.);
#2639=FACE_BOUND('',#2409,.T.);
#2640=FACE_BOUND('',#2410,.T.);
#2641=FACE_BOUND('',#2411,.T.);
#2642=FACE_BOUND('',#2412,.T.);
#2643=FACE_BOUND('',#2413,.T.);
#2644=FACE_BOUND('',#2414,.T.);
#2645=FACE_BOUND('',#2415,.T.);
#2646=FACE_BOUND('',#2416,.T.);
#2647=FACE_BOUND('',#2417,.T.);
#2648=FACE_BOUND('',#2418,.T.);
#2649=FACE_BOUND('',#2419,.T.);
#2650=FACE_BOUND('',#2420,.T.);
#2651=FACE_BOUND('',#2421,.T.);
#2652=FACE_BOUND('',#2422,.T.);
#2653=FACE_BOUND('',#2423,.T.);
#2654=FACE_BOUND('',#2424,.T.);
#2655=FACE_BOUND('',#2425,.T.);
#2656=FACE_BOUND('',#2426,.T.);
#2657=FACE_BOUND('',#2427,.T.);
#2658=FACE_BOUND('',#2428,.T.);
#2659=FACE_BOUND('',#2429,.T.);
#2660=FACE_BOUND('',#2430,.T.);
#2661=FACE_BOUND('',#2431,.T.);
#2662=FACE_BOUND('',#2432,.T.);
#2663=FACE_BOUND('',#2433,.T.);
#2664=FACE_BOUND('',#2434,.T.);
#2665=FACE_BOUND('',#2435,.T.);
#2666=FACE_BOUND('',#2436,.T.);
#2667=FACE_BOUND('',#2437,.T.);
#2668=FACE_BOUND('',#2438,.T.);
#2669=FACE_BOUND('',#2439,.T.);
#2670=FACE_BOUND('',#2440,.T.);
#2671=FACE_BOUND('',#2441,.T.);
#2672=FACE_BOUND('',#2442,.T.);
#2673=FACE_BOUND('',#2443,.T.);
#2674=FACE_BOUND('',#2444,.T.);
#2675=FACE_BOUND('',#2445,.T.);
#2676=FACE_BOUND('',#2446,.T.);
#2677=FACE_BOUND('',#2447,.T.);
#2678=FACE_BOUND('',#2448,.T.);
#2679=FACE_BOUND('',#2449,.T.);
#2680=FACE_BOUND('',#2450,.T.);
#2681=FACE_BOUND('',#2451,.T.);
#2682=FACE_BOUND('',#2452,.T.);
#2683=FACE_BOUND('',#2453,.T.);
#2684=FACE_BOUND('',#2454,.T.);
#2685=FACE_BOUND('',#2455,.T.);
#2686=FACE_BOUND('',#2456,.T.);
#2687=FACE_BOUND('',#2457,.T.);
#2688=FACE_BOUND('',#2458,.T.);
#2689=FACE_BOUND('',#2459,.T.);
#2690=FACE_BOUND('',#2460,.T.);
#2691=FACE_BOUND('',#2461,.T.);
#2692=FACE_BOUND('',#2462,.T.);
#2693=FACE_BOUND('',#2463,.T.);
#2694=FACE_BOUND('',#2464,.T.);
#2695=FACE_BOUND('',#2465,.T.);
#2696=FACE_BOUND('',#2466,.T.);
#2697=FACE_BOUND('',#2467,.T.);
#2698=FACE_BOUND('',#2468,.T.);
#2699=FACE_BOUND('',#2469,.T.);
#2700=FACE_BOUND('',#2470,.T.);
#2701=FACE_BOUND('',#2471,.T.);
#2702=FACE_BOUND('',#2472,.T.);
#2703=FACE_BOUND('',#2473,.T.);
#2704=FACE_BOUND('',#2474,.T.);
#2705=FACE_BOUND('',#2475,.T.);
#2706=FACE_BOUND('',#2476,.T.);
#2707=FACE_BOUND('',#2477,.T.);
#2708=FACE_BOUND('',#2478,.T.);
#2709=FACE_BOUND('',#2479,.T.);
#2710=FACE_BOUND('',#2480,.T.);
#2711=FACE_BOUND('',#2481,.T.);
#2712=FACE_BOUND('',#2482,.T.);
#2713=FACE_BOUND('',#2483,.T.);
#2714=FACE_BOUND('',#2484,.T.);
#2715=FACE_BOUND('',#2485,.T.);
#2716=FACE_BOUND('',#2486,.T.);
#2717=FACE_BOUND('',#2487,.T.);
#2718=FACE_BOUND('',#2488,.T.);
#2719=FACE_BOUND('',#2489,.T.);
#2720=FACE_BOUND('',#2490,.T.);
#2721=FACE_BOUND('',#2491,.T.);
#2722=FACE_BOUND('',#2492,.T.);
#2723=FACE_BOUND('',#2493,.T.);
#2724=FACE_BOUND('',#2494,.T.);
#2725=FACE_BOUND('',#2495,.T.);
#2726=FACE_BOUND('',#2496,.T.);
#2727=FACE_BOUND('',#2497,.T.);
#2728=FACE_BOUND('',#2498,.T.);
#2729=FACE_BOUND('',#2499,.T.);
#2730=FACE_BOUND('',#2500,.T.);
#2731=FACE_BOUND('',#2501,.T.);
#2732=FACE_BOUND('',#2502,.T.);
#2733=FACE_BOUND('',#2503,.T.);
#2734=FACE_BOUND('',#2504,.T.);
#2735=FACE_BOUND('',#2505,.T.);
#2736=FACE_BOUND('',#2506,.T.);
#2737=FACE_BOUND('',#2507,.T.);
#2738=FACE_BOUND('',#2508,.T.);
#2739=FACE_BOUND('',#2509,.T.);
#2740=FACE_BOUND('',#2510,.T.);
#2741=FACE_BOUND('',#2511,.T.);
#2742=FACE_BOUND('',#2512,.T.);
#2743=FACE_BOUND('',#2513,.T.);
#2744=FACE_BOUND('',#2514,.T.);
#2745=FACE_BOUND('',#2515,.T.);
#2746=FACE_BOUND('',#2516,.T.);
#2747=TOROIDAL_SURFACE('',#2997,19.25,3.69539614561028);
#2748=TOROIDAL_SURFACE('',#3000,19.25,3.69539614561028);
#2749=TOROIDAL_SURFACE('',#3004,19.25,3.69539614561028);
#2750=TOROIDAL_SURFACE('',#3007,19.25,3.69539614561028);
#2751=TOROIDAL_SURFACE('',#3011,19.25,3.69539614561028);
#2752=TOROIDAL_SURFACE('',#3014,19.25,3.69539614561028);
#2753=TOROIDAL_SURFACE('',#3018,19.25,3.69539614561028);
#2754=TOROIDAL_SURFACE('',#3021,19.25,3.69539614561028);
#2755=TOROIDAL_SURFACE('',#3025,19.25,3.69539614561028);
#2756=TOROIDAL_SURFACE('',#3028,19.25,3.69539614561028);
#2757=TOROIDAL_SURFACE('',#3032,19.25,3.69539614561028);
#2758=TOROIDAL_SURFACE('',#3035,19.25,3.69539614561028);
#2759=TOROIDAL_SURFACE('',#3039,19.25,3.69539614561028);
#2760=TOROIDAL_SURFACE('',#3042,19.25,3.69539614561028);
#2761=TOROIDAL_SURFACE('',#3049,19.25,3.69539614561028);
#2762=TOROIDAL_SURFACE('',#3079,19.25,3.69539614561028);
#2763=TOROIDAL_SURFACE('',#3266,24.8947785690092,0.65);
#2764=TOROIDAL_SURFACE('',#3270,24.8947785690092,0.65);
#2765=TOROIDAL_SURFACE('',#3301,32.7,1.3);
#2766=TOROIDAL_SURFACE('',#3304,14.2,1.3);
#2767=TOROIDAL_SURFACE('',#3309,14.2,1.3);
#2768=TOROIDAL_SURFACE('',#3314,35.3,1.3);
#2769=TOROIDAL_SURFACE('',#3318,35.3,1.3);
#2770=TOROIDAL_SURFACE('',#3322,35.3,1.3);
#2771=TOROIDAL_SURFACE('',#3327,35.3,1.3);
#2772=TOROIDAL_SURFACE('',#3331,35.3,1.3);
#2773=TOROIDAL_SURFACE('',#3335,35.3,1.3);
#2774=ADVANCED_FACE('',(#2517),#2747,.F.);
#2775=ADVANCED_FACE('',(#2518),#2748,.F.);
#2776=ADVANCED_FACE('',(#2519,#2520),#352,.T.);
#2777=ADVANCED_FACE('',(#2521),#2749,.F.);
#2778=ADVANCED_FACE('',(#2522),#2750,.F.);
#2779=ADVANCED_FACE('',(#2523,#2524),#353,.T.);
#2780=ADVANCED_FACE('',(#2525),#2751,.F.);
#2781=ADVANCED_FACE('',(#2526),#2752,.F.);
#2782=ADVANCED_FACE('',(#2527,#2528),#354,.T.);
#2783=ADVANCED_FACE('',(#2529),#2753,.F.);
#2784=ADVANCED_FACE('',(#2530),#2754,.F.);
#2785=ADVANCED_FACE('',(#2531,#2532),#355,.T.);
#2786=ADVANCED_FACE('',(#2533),#2755,.F.);
#2787=ADVANCED_FACE('',(#2534),#2756,.F.);
#2788=ADVANCED_FACE('',(#2535,#2536),#356,.T.);
#2789=ADVANCED_FACE('',(#2537),#2757,.F.);
#2790=ADVANCED_FACE('',(#2538),#2758,.F.);
#2791=ADVANCED_FACE('',(#2539,#2540),#357,.T.);
#2792=ADVANCED_FACE('',(#2541),#2759,.F.);
#2793=ADVANCED_FACE('',(#2542),#2760,.F.);
#2794=ADVANCED_FACE('',(#2543,#2544),#358,.T.);
#2795=ADVANCED_FACE('',(#2545,#2546),#311,.T.);
#2796=ADVANCED_FACE('',(#2547),#2761,.F.);
#2797=ADVANCED_FACE('',(#2548,#2549),#312,.T.);
#2798=ADVANCED_FACE('',(#2550,#2551),#259,.T.);
#2799=ADVANCED_FACE('',(#2552,#2553),#260,.T.);
#2800=ADVANCED_FACE('',(#2554,#2555),#218,.T.);
#2801=ADVANCED_FACE('',(#2556,#2557),#219,.T.);
#2802=ADVANCED_FACE('',(#2558,#2559),#261,.F.);
#2803=ADVANCED_FACE('',(#2560,#2561),#313,.T.);
#2804=ADVANCED_FACE('',(#2562,#2563),#262,.F.);
#2805=ADVANCED_FACE('',(#2564,#2565),#314,.F.);
#2806=ADVANCED_FACE('',(#2566,#2567),#263,.F.);
#2807=ADVANCED_FACE('',(#2568,#2569),#220,.T.);
#2808=ADVANCED_FACE('',(#2570,#2571),#221,.T.);
#2809=ADVANCED_FACE('',(#2572,#2573),#359,.T.);
#2810=ADVANCED_FACE('',(#2574,#2575),#315,.F.);
#2811=ADVANCED_FACE('',(#2576),#2762,.F.);
#2812=ADVANCED_FACE('',(#2577,#2578),#316,.F.);
#2813=ADVANCED_FACE('',(#2579,#2580),#264,.F.);
#2814=ADVANCED_FACE('',(#2581,#2582),#360,.T.);
#2815=ADVANCED_FACE('',(#2583,#2584),#265,.F.);
#2816=ADVANCED_FACE('',(#2585,#2586),#222,.T.);
#2817=ADVANCED_FACE('',(#2587),#223,.F.);
#2818=ADVANCED_FACE('',(#2588),#224,.F.);
#2819=ADVANCED_FACE('',(#2589),#225,.T.);
#2820=ADVANCED_FACE('',(#2590),#226,.T.);
#2821=ADVANCED_FACE('',(#2591),#227,.T.);
#2822=ADVANCED_FACE('',(#2592),#228,.T.);
#2823=ADVANCED_FACE('',(#2593),#229,.F.);
#2824=ADVANCED_FACE('',(#2594),#230,.T.);
#2825=ADVANCED_FACE('',(#2595),#231,.T.);
#2826=ADVANCED_FACE('',(#2596),#232,.F.);
#2827=ADVANCED_FACE('',(#2597),#233,.T.);
#2828=ADVANCED_FACE('',(#2598),#234,.T.);
#2829=ADVANCED_FACE('',(#2599),#235,.F.);
#2830=ADVANCED_FACE('',(#2600),#236,.T.);
#2831=ADVANCED_FACE('',(#2601),#237,.T.);
#2832=ADVANCED_FACE('',(#2602),#238,.F.);
#2833=ADVANCED_FACE('',(#2603),#239,.T.);
#2834=ADVANCED_FACE('',(#2604),#240,.T.);
#2835=ADVANCED_FACE('',(#2605),#241,.F.);
#2836=ADVANCED_FACE('',(#2606),#242,.T.);
#2837=ADVANCED_FACE('',(#2607),#243,.T.);
#2838=ADVANCED_FACE('',(#2608),#244,.F.);
#2839=ADVANCED_FACE('',(#2609),#245,.T.);
#2840=ADVANCED_FACE('',(#2610),#246,.T.);
#2841=ADVANCED_FACE('',(#2611),#247,.F.);
#2842=ADVANCED_FACE('',(#2612),#248,.T.);
#2843=ADVANCED_FACE('',(#2613),#249,.T.);
#2844=ADVANCED_FACE('',(#2614),#250,.F.);
#2845=ADVANCED_FACE('',(#2615),#251,.T.);
#2846=ADVANCED_FACE('',(#2616),#252,.T.);
#2847=ADVANCED_FACE('',(#2617),#253,.F.);
#2848=ADVANCED_FACE('',(#2618),#254,.T.);
#2849=ADVANCED_FACE('',(#2619),#255,.T.);
#2850=ADVANCED_FACE('',(#2620),#256,.F.);
#2851=ADVANCED_FACE('',(#2621),#257,.T.);
#2852=ADVANCED_FACE('',(#2622),#258,.T.);
#2853=ADVANCED_FACE('',(#2623,#2624),#266,.T.);
#2854=ADVANCED_FACE('',(#2625,#2626),#317,.F.);
#2855=ADVANCED_FACE('',(#2627,#2628),#267,.T.);
#2856=ADVANCED_FACE('',(#2629),#268,.T.);
#2857=ADVANCED_FACE('',(#2630),#269,.T.);
#2858=ADVANCED_FACE('',(#2631),#318,.T.);
#2859=ADVANCED_FACE('',(#2632),#270,.T.);
#2860=ADVANCED_FACE('',(#2633),#271,.T.);
#2861=ADVANCED_FACE('',(#2634),#319,.T.);
#2862=ADVANCED_FACE('',(#2635),#272,.T.);
#2863=ADVANCED_FACE('',(#2636),#273,.T.);
#2864=ADVANCED_FACE('',(#2637),#320,.T.);
#2865=ADVANCED_FACE('',(#2638),#274,.T.);
#2866=ADVANCED_FACE('',(#2639),#275,.T.);
#2867=ADVANCED_FACE('',(#2640),#321,.T.);
#2868=ADVANCED_FACE('',(#2641),#276,.T.);
#2869=ADVANCED_FACE('',(#2642),#277,.T.);
#2870=ADVANCED_FACE('',(#2643),#322,.T.);
#2871=ADVANCED_FACE('',(#2644),#278,.T.);
#2872=ADVANCED_FACE('',(#2645),#279,.T.);
#2873=ADVANCED_FACE('',(#2646),#323,.T.);
#2874=ADVANCED_FACE('',(#2647),#280,.T.);
#2875=ADVANCED_FACE('',(#2648),#281,.T.);
#2876=ADVANCED_FACE('',(#2649),#324,.T.);
#2877=ADVANCED_FACE('',(#2650),#282,.T.);
#2878=ADVANCED_FACE('',(#2651),#283,.T.);
#2879=ADVANCED_FACE('',(#2652),#325,.T.);
#2880=ADVANCED_FACE('',(#2653),#284,.T.);
#2881=ADVANCED_FACE('',(#2654),#285,.T.);
#2882=ADVANCED_FACE('',(#2655),#326,.T.);
#2883=ADVANCED_FACE('',(#2656),#286,.T.);
#2884=ADVANCED_FACE('',(#2657),#287,.T.);
#2885=ADVANCED_FACE('',(#2658),#327,.T.);
#2886=ADVANCED_FACE('',(#2659),#288,.T.);
#2887=ADVANCED_FACE('',(#2660),#289,.T.);
#2888=ADVANCED_FACE('',(#2661),#328,.T.);
#2889=ADVANCED_FACE('',(#2662),#290,.T.);
#2890=ADVANCED_FACE('',(#2663),#291,.T.);
#2891=ADVANCED_FACE('',(#2664),#329,.T.);
#2892=ADVANCED_FACE('',(#2665),#292,.T.);
#2893=ADVANCED_FACE('',(#2666),#293,.T.);
#2894=ADVANCED_FACE('',(#2667),#294,.T.);
#2895=ADVANCED_FACE('',(#2668,#2669),#295,.T.);
#2896=ADVANCED_FACE('',(#2670,#2671,#2672),#330,.T.);
#2897=ADVANCED_FACE('',(#2673,#2674,#2675,#2676),#296,.T.);
#2898=ADVANCED_FACE('',(#2677,#2678),#331,.F.);
#2899=ADVANCED_FACE('',(#2679,#2680),#2763,.F.);
#2900=ADVANCED_FACE('',(#2681,#2682,#2683),#361,.F.);
#2901=ADVANCED_FACE('',(#2684,#2685),#2764,.F.);
#2902=ADVANCED_FACE('',(#2686,#2687),#332,.F.);
#2903=ADVANCED_FACE('',(#2688),#297,.T.);
#2904=ADVANCED_FACE('',(#2689),#333,.T.);
#2905=ADVANCED_FACE('',(#2690),#298,.F.);
#2906=ADVANCED_FACE('',(#2691),#299,.F.);
#2907=ADVANCED_FACE('',(#2692,#2693),#334,.F.);
#2908=ADVANCED_FACE('',(#2694,#2695),#335,.F.);
#2909=ADVANCED_FACE('',(#2696),#300,.T.);
#2910=ADVANCED_FACE('',(#2697),#301,.T.);
#2911=ADVANCED_FACE('',(#2698),#336,.T.);
#2912=ADVANCED_FACE('',(#2699,#2700),#302,.T.);
#2913=ADVANCED_FACE('',(#2701),#303,.F.);
#2914=ADVANCED_FACE('',(#2702),#304,.F.);
#2915=ADVANCED_FACE('',(#2703,#2704),#305,.T.);
#2916=ADVANCED_FACE('',(#2705),#306,.T.);
#2917=ADVANCED_FACE('',(#2706),#307,.T.);
#2918=ADVANCED_FACE('',(#2707,#2708),#2765,.T.);
#2919=ADVANCED_FACE('',(#2709),#337,.T.);
#2920=ADVANCED_FACE('',(#2710),#2766,.T.);
#2921=ADVANCED_FACE('',(#2711),#338,.T.);
#2922=ADVANCED_FACE('',(#2712),#339,.T.);
#2923=ADVANCED_FACE('',(#2713),#2767,.T.);
#2924=ADVANCED_FACE('',(#2714),#340,.T.);
#2925=ADVANCED_FACE('',(#2715),#341,.T.);
#2926=ADVANCED_FACE('',(#2716),#18,.F.);
#2927=ADVANCED_FACE('',(#2717),#2768,.F.);
#2928=ADVANCED_FACE('',(#2718),#342,.F.);
#2929=ADVANCED_FACE('',(#2719),#19,.F.);
#2930=ADVANCED_FACE('',(#2720),#2769,.F.);
#2931=ADVANCED_FACE('',(#2721),#20,.F.);
#2932=ADVANCED_FACE('',(#2722),#343,.F.);
#2933=ADVANCED_FACE('',(#2723),#2770,.F.);
#2934=ADVANCED_FACE('',(#2724),#21,.F.);
#2935=ADVANCED_FACE('',(#2725),#344,.T.);
#2936=ADVANCED_FACE('',(#2726),#345,.T.);
#2937=ADVANCED_FACE('',(#2727),#22,.F.);
#2938=ADVANCED_FACE('',(#2728),#2771,.F.);
#2939=ADVANCED_FACE('',(#2729),#346,.F.);
#2940=ADVANCED_FACE('',(#2730),#23,.F.);
#2941=ADVANCED_FACE('',(#2731),#2772,.F.);
#2942=ADVANCED_FACE('',(#2732),#24,.F.);
#2943=ADVANCED_FACE('',(#2733),#347,.F.);
#2944=ADVANCED_FACE('',(#2734),#2773,.F.);
#2945=ADVANCED_FACE('',(#2735),#25,.F.);
#2946=ADVANCED_FACE('',(#2736),#348,.T.);
#2947=ADVANCED_FACE('',(#2737,#2738),#349,.F.);
#2948=ADVANCED_FACE('',(#2739,#2740),#350,.T.);
#2949=ADVANCED_FACE('',(#2741),#308,.F.);
#2950=ADVANCED_FACE('',(#2742),#309,.F.);
#2951=ADVANCED_FACE('',(#2743,#2744),#351,.T.);
#2952=ADVANCED_FACE('',(#2745,#2746),#310,.F.);
#2953=CLOSED_SHELL('',(#2774,#2775,#2776,#2777,#2778,#2779,#2780,#2781,
#2782,#2783,#2784,#2785,#2786,#2787,#2788,#2789,#2790,#2791,#2792,#2793,
#2794,#2795,#2796,#2797,#2798,#2799,#2800,#2801,#2802,#2803,#2804,#2805,
#2806,#2807,#2808,#2809,#2810,#2811,#2812,#2813,#2814,#2815,#2816));
#2954=CLOSED_SHELL('',(#2817,#2818,#2819,#2820,#2821,#2822,#2823,#2824,
#2825,#2826,#2827,#2828,#2829,#2830,#2831,#2832,#2833,#2834,#2835,#2836,
#2837,#2838,#2839,#2840,#2841,#2842,#2843,#2844,#2845,#2846,#2847,#2848,
#2849,#2850,#2851,#2852,#2853,#2854,#2855,#2856,#2857,#2858,#2859,#2860,
#2861,#2862,#2863,#2864,#2865,#2866,#2867,#2868,#2869,#2870,#2871,#2872,
#2873,#2874,#2875,#2876,#2877,#2878,#2879,#2880,#2881,#2882,#2883,#2884,
#2885,#2886,#2887,#2888,#2889,#2890,#2891));
#2955=CLOSED_SHELL('',(#2892,#2893,#2894,#2895,#2896,#2897,#2898,#2899,
#2900,#2901,#2902,#2903,#2904,#2905,#2906,#2907,#2908,#2909,#2910,#2911,
#2912,#2913,#2914,#2915,#2916,#2917,#2918,#2919,#2920,#2921,#2922,#2923,
#2924,#2925,#2926,#2927,#2928,#2929,#2930,#2931,#2932,#2933,#2934,#2935,
#2936,#2937,#2938,#2939,#2940,#2941,#2942,#2943,#2944,#2945,#2946,#2947));
#2956=CLOSED_SHELL('',(#2948,#2949,#2950,#2951,#2952));
#2957=STYLED_ITEM('',(#2961),#2986);
#2958=STYLED_ITEM('',(#2962),#2987);
#2959=STYLED_ITEM('',(#2963),#2988);
#2960=STYLED_ITEM('',(#2964),#2989);
#2961=PRESENTATION_STYLE_ASSIGNMENT((#2965));
#2962=PRESENTATION_STYLE_ASSIGNMENT((#2966));
#2963=PRESENTATION_STYLE_ASSIGNMENT((#2967));
#2964=PRESENTATION_STYLE_ASSIGNMENT((#2968));
#2965=SURFACE_STYLE_USAGE(.BOTH.,#2969);
#2966=SURFACE_STYLE_USAGE(.BOTH.,#2970);
#2967=SURFACE_STYLE_USAGE(.BOTH.,#2971);
#2968=SURFACE_STYLE_USAGE(.BOTH.,#2972);
#2969=SURFACE_SIDE_STYLE('',(#2973));
#2970=SURFACE_SIDE_STYLE('',(#2974));
#2971=SURFACE_SIDE_STYLE('',(#2975));
#2972=SURFACE_SIDE_STYLE('',(#2976));
#2973=SURFACE_STYLE_FILL_AREA(#2977);
#2974=SURFACE_STYLE_FILL_AREA(#2978);
#2975=SURFACE_STYLE_FILL_AREA(#2979);
#2976=SURFACE_STYLE_FILL_AREA(#2980);
#2977=FILL_AREA_STYLE('',(#2981));
#2978=FILL_AREA_STYLE('',(#2982));
#2979=FILL_AREA_STYLE('',(#2983));
#2980=FILL_AREA_STYLE('',(#2984));
#2981=FILL_AREA_STYLE_COLOUR('',#2985);
#2982=FILL_AREA_STYLE_COLOUR('',#2985);
#2983=FILL_AREA_STYLE_COLOUR('',#2985);
#2984=FILL_AREA_STYLE_COLOUR('',#2985);
#2985=COLOUR_RGB('',0.506983280181885,0.531564235687256,0.550000011920929);
#2986=MANIFOLD_SOLID_BREP('',#2953);
#2987=MANIFOLD_SOLID_BREP('',#2954);
#2988=MANIFOLD_SOLID_BREP('',#2955);
#2989=MANIFOLD_SOLID_BREP('',#2956);
#2990=SHAPE_DEFINITION_REPRESENTATION(#5746,#2993);
#2991=SHAPE_DEFINITION_REPRESENTATION(#5745,#2994);
#2992=SHAPE_DEFINITION_REPRESENTATION(#5748,#2995);
#2993=SHAPE_REPRESENTATION('UK+H\X2\74038F74627F\X0\',(#2996),#5737);
#2994=SHAPE_REPRESENTATION(
'ukfl+h\X2\752FE6CC\X0\l200\X2\93685B2D5F75893032209A877EF10443757E6FC26940E63B941E51AE6F70941E51AD917193B5\X0\?',
(#2996,#3238,#3348),#5736);
#2995=SHAPE_REPRESENTATION('FL\X2\94F8902051F87F185EA783F15F62\X0\',(#2996),
#5738);
#2996=AXIS2_PLACEMENT_3D('',#4143,#3349,#3350);
#2997=AXIS2_PLACEMENT_3D('',#4144,#3351,#3352);
#2998=AXIS2_PLACEMENT_3D('',#4145,#3353,#3354);
#2999=AXIS2_PLACEMENT_3D('',#4154,#3355,#3356);
#3000=AXIS2_PLACEMENT_3D('',#4161,#3357,#3358);
#3001=AXIS2_PLACEMENT_3D('',#4162,#3359,#3360);
#3002=AXIS2_PLACEMENT_3D('',#4171,#3361,#3362);
#3003=AXIS2_PLACEMENT_3D('',#4178,#3363,#3364);
#3004=AXIS2_PLACEMENT_3D('',#4209,#3365,#3366);
#3005=AXIS2_PLACEMENT_3D('',#4210,#3367,#3368);
#3006=AXIS2_PLACEMENT_3D('',#4219,#3369,#3370);
#3007=AXIS2_PLACEMENT_3D('',#4226,#3371,#3372);
#3008=AXIS2_PLACEMENT_3D('',#4227,#3373,#3374);
#3009=AXIS2_PLACEMENT_3D('',#4236,#3375,#3376);
#3010=AXIS2_PLACEMENT_3D('',#4243,#3377,#3378);
#3011=AXIS2_PLACEMENT_3D('',#4260,#3379,#3380);
#3012=AXIS2_PLACEMENT_3D('',#4261,#3381,#3382);
#3013=AXIS2_PLACEMENT_3D('',#4270,#3383,#3384);
#3014=AXIS2_PLACEMENT_3D('',#4277,#3385,#3386);
#3015=AXIS2_PLACEMENT_3D('',#4278,#3387,#3388);
#3016=AXIS2_PLACEMENT_3D('',#4287,#3389,#3390);
#3017=AXIS2_PLACEMENT_3D('',#4294,#3391,#3392);
#3018=AXIS2_PLACEMENT_3D('',#4311,#3393,#3394);
#3019=AXIS2_PLACEMENT_3D('',#4312,#3395,#3396);
#3020=AXIS2_PLACEMENT_3D('',#4321,#3397,#3398);
#3021=AXIS2_PLACEMENT_3D('',#4328,#3399,#3400);
#3022=AXIS2_PLACEMENT_3D('',#4329,#3401,#3402);
#3023=AXIS2_PLACEMENT_3D('',#4338,#3403,#3404);
#3024=AXIS2_PLACEMENT_3D('',#4345,#3405,#3406);
#3025=AXIS2_PLACEMENT_3D('',#4362,#3407,#3408);
#3026=AXIS2_PLACEMENT_3D('',#4363,#3409,#3410);
#3027=AXIS2_PLACEMENT_3D('',#4372,#3411,#3412);
#3028=AXIS2_PLACEMENT_3D('',#4379,#3413,#3414);
#3029=AXIS2_PLACEMENT_3D('',#4380,#3415,#3416);
#3030=AXIS2_PLACEMENT_3D('',#4389,#3417,#3418);
#3031=AXIS2_PLACEMENT_3D('',#4396,#3419,#3420);
#3032=AXIS2_PLACEMENT_3D('',#4413,#3421,#3422);
#3033=AXIS2_PLACEMENT_3D('',#4414,#3423,#3424);
#3034=AXIS2_PLACEMENT_3D('',#4423,#3425,#3426);
#3035=AXIS2_PLACEMENT_3D('',#4430,#3427,#3428);
#3036=AXIS2_PLACEMENT_3D('',#4431,#3429,#3430);
#3037=AXIS2_PLACEMENT_3D('',#4440,#3431,#3432);
#3038=AXIS2_PLACEMENT_3D('',#4447,#3433,#3434);
#3039=AXIS2_PLACEMENT_3D('',#4464,#3435,#3436);
#3040=AXIS2_PLACEMENT_3D('',#4465,#3437,#3438);
#3041=AXIS2_PLACEMENT_3D('',#4474,#3439,#3440);
#3042=AXIS2_PLACEMENT_3D('',#4481,#3441,#3442);
#3043=AXIS2_PLACEMENT_3D('',#4482,#3443,#3444);
#3044=AXIS2_PLACEMENT_3D('',#4491,#3445,#3446);
#3045=AXIS2_PLACEMENT_3D('',#4498,#3447,#3448);
#3046=AXIS2_PLACEMENT_3D('',#4515,#3449,#3450);
#3047=AXIS2_PLACEMENT_3D('',#4516,#3451,#3452);
#3048=AXIS2_PLACEMENT_3D('',#4518,#3453,#3454);
#3049=AXIS2_PLACEMENT_3D('',#4524,#3455,#3456);
#3050=AXIS2_PLACEMENT_3D('',#4525,#3457,#3458);
#3051=AXIS2_PLACEMENT_3D('',#4532,#3459,#3460);
#3052=AXIS2_PLACEMENT_3D('',#4533,#3461,#3462);
#3053=AXIS2_PLACEMENT_3D('',#4539,#3463,#3464);
#3054=AXIS2_PLACEMENT_3D('',#4540,#3465,#3466);
#3055=AXIS2_PLACEMENT_3D('',#4542,#3467,#3468);
#3056=AXIS2_PLACEMENT_3D('',#4543,#3469,#3470);
#3057=AXIS2_PLACEMENT_3D('',#4545,#3471,#3472);
#3058=AXIS2_PLACEMENT_3D('',#4547,#3473,#3474);
#3059=AXIS2_PLACEMENT_3D('',#4548,#3475,#3476);
#3060=AXIS2_PLACEMENT_3D('',#4550,#3477,#3478);
#3061=AXIS2_PLACEMENT_3D('',#4551,#3479,#3480);
#3062=AXIS2_PLACEMENT_3D('',#4553,#3481,#3482);
#3063=AXIS2_PLACEMENT_3D('',#4554,#3483,#3484);
#3064=AXIS2_PLACEMENT_3D('',#4556,#3485,#3486);
#3065=AXIS2_PLACEMENT_3D('',#4557,#3487,#3488);
#3066=AXIS2_PLACEMENT_3D('',#4559,#3489,#3490);
#3067=AXIS2_PLACEMENT_3D('',#4561,#3491,#3492);
#3068=AXIS2_PLACEMENT_3D('',#4562,#3493,#3494);
#3069=AXIS2_PLACEMENT_3D('',#4564,#3495,#3496);
#3070=AXIS2_PLACEMENT_3D('',#4566,#3497,#3498);
#3071=AXIS2_PLACEMENT_3D('',#4567,#3499,#3500);
#3072=AXIS2_PLACEMENT_3D('',#4569,#3501,#3502);
#3073=AXIS2_PLACEMENT_3D('',#4570,#3503,#3504);
#3074=AXIS2_PLACEMENT_3D('',#4571,#3505,#3506);
#3075=AXIS2_PLACEMENT_3D('',#4572,#3507,#3508);
#3076=AXIS2_PLACEMENT_3D('',#4588,#3509,#3510);
#3077=AXIS2_PLACEMENT_3D('',#4589,#3511,#3512);
#3078=AXIS2_PLACEMENT_3D('',#4591,#3513,#3514);
#3079=AXIS2_PLACEMENT_3D('',#4592,#3515,#3516);
#3080=AXIS2_PLACEMENT_3D('',#4593,#3517,#3518);
#3081=AXIS2_PLACEMENT_3D('',#4594,#3519,#3520);
#3082=AXIS2_PLACEMENT_3D('',#4595,#3521,#3522);
#3083=AXIS2_PLACEMENT_3D('',#4597,#3523,#3524);
#3084=AXIS2_PLACEMENT_3D('',#4598,#3525,#3526);
#3085=AXIS2_PLACEMENT_3D('',#4600,#3527,#3528);
#3086=AXIS2_PLACEMENT_3D('',#4601,#3529,#3530);
#3087=AXIS2_PLACEMENT_3D('',#4603,#3531,#3532);
#3088=AXIS2_PLACEMENT_3D('',#4604,#3533,#3534);
#3089=AXIS2_PLACEMENT_3D('',#4605,#3535,#3536);
#3090=AXIS2_PLACEMENT_3D('',#4606,#3537,#3538);
#3091=AXIS2_PLACEMENT_3D('',#4614,#3539,#3540);
#3092=AXIS2_PLACEMENT_3D('',#4620,#3541,#3542);
#3093=AXIS2_PLACEMENT_3D('',#4621,#3543,#3544);
#3094=AXIS2_PLACEMENT_3D('',#4629,#3545,#3546);
#3095=AXIS2_PLACEMENT_3D('',#4635,#3547,#3548);
#3096=AXIS2_PLACEMENT_3D('',#4641,#3549,#3550);
#3097=AXIS2_PLACEMENT_3D('',#4647,#3551,#3552);
#3098=AXIS2_PLACEMENT_3D('',#4648,#3553,#3554);
#3099=AXIS2_PLACEMENT_3D('',#4659,#3555,#3556);
#3100=AXIS2_PLACEMENT_3D('',#4665,#3557,#3558);
#3101=AXIS2_PLACEMENT_3D('',#4671,#3559,#3560);
#3102=AXIS2_PLACEMENT_3D('',#4672,#3561,#3562);
#3103=AXIS2_PLACEMENT_3D('',#4683,#3563,#3564);
#3104=AXIS2_PLACEMENT_3D('',#4684,#3565,#3566);
#3105=AXIS2_PLACEMENT_3D('',#4692,#3567,#3568);
#3106=AXIS2_PLACEMENT_3D('',#4698,#3569,#3570);
#3107=AXIS2_PLACEMENT_3D('',#4704,#3571,#3572);
#3108=AXIS2_PLACEMENT_3D('',#4710,#3573,#3574);
#3109=AXIS2_PLACEMENT_3D('',#4716,#3575,#3576);
#3110=AXIS2_PLACEMENT_3D('',#4722,#3577,#3578);
#3111=AXIS2_PLACEMENT_3D('',#4723,#3579,#3580);
#3112=AXIS2_PLACEMENT_3D('',#4731,#3581,#3582);
#3113=AXIS2_PLACEMENT_3D('',#4737,#3583,#3584);
#3114=AXIS2_PLACEMENT_3D('',#4743,#3585,#3586);
#3115=AXIS2_PLACEMENT_3D('',#4749,#3587,#3588);
#3116=AXIS2_PLACEMENT_3D('',#4755,#3589,#3590);
#3117=AXIS2_PLACEMENT_3D('',#4761,#3591,#3592);
#3118=AXIS2_PLACEMENT_3D('',#4762,#3593,#3594);
#3119=AXIS2_PLACEMENT_3D('',#4770,#3595,#3596);
#3120=AXIS2_PLACEMENT_3D('',#4776,#3597,#3598);
#3121=AXIS2_PLACEMENT_3D('',#4782,#3599,#3600);
#3122=AXIS2_PLACEMENT_3D('',#4788,#3601,#3602);
#3123=AXIS2_PLACEMENT_3D('',#4794,#3603,#3604);
#3124=AXIS2_PLACEMENT_3D('',#4800,#3605,#3606);
#3125=AXIS2_PLACEMENT_3D('',#4801,#3607,#3608);
#3126=AXIS2_PLACEMENT_3D('',#4809,#3609,#3610);
#3127=AXIS2_PLACEMENT_3D('',#4815,#3611,#3612);
#3128=AXIS2_PLACEMENT_3D('',#4821,#3613,#3614);
#3129=AXIS2_PLACEMENT_3D('',#4827,#3615,#3616);
#3130=AXIS2_PLACEMENT_3D('',#4833,#3617,#3618);
#3131=AXIS2_PLACEMENT_3D('',#4839,#3619,#3620);
#3132=AXIS2_PLACEMENT_3D('',#4840,#3621,#3622);
#3133=AXIS2_PLACEMENT_3D('',#4848,#3623,#3624);
#3134=AXIS2_PLACEMENT_3D('',#4854,#3625,#3626);
#3135=AXIS2_PLACEMENT_3D('',#4860,#3627,#3628);
#3136=AXIS2_PLACEMENT_3D('',#4866,#3629,#3630);
#3137=AXIS2_PLACEMENT_3D('',#4872,#3631,#3632);
#3138=AXIS2_PLACEMENT_3D('',#4878,#3633,#3634);
#3139=AXIS2_PLACEMENT_3D('',#4879,#3635,#3636);
#3140=AXIS2_PLACEMENT_3D('',#4887,#3637,#3638);
#3141=AXIS2_PLACEMENT_3D('',#4893,#3639,#3640);
#3142=AXIS2_PLACEMENT_3D('',#4899,#3641,#3642);
#3143=AXIS2_PLACEMENT_3D('',#4905,#3643,#3644);
#3144=AXIS2_PLACEMENT_3D('',#4911,#3645,#3646);
#3145=AXIS2_PLACEMENT_3D('',#4917,#3647,#3648);
#3146=AXIS2_PLACEMENT_3D('',#4918,#3649,#3650);
#3147=AXIS2_PLACEMENT_3D('',#4926,#3651,#3652);
#3148=AXIS2_PLACEMENT_3D('',#4932,#3653,#3654);
#3149=AXIS2_PLACEMENT_3D('',#4938,#3655,#3656);
#3150=AXIS2_PLACEMENT_3D('',#4944,#3657,#3658);
#3151=AXIS2_PLACEMENT_3D('',#4950,#3659,#3660);
#3152=AXIS2_PLACEMENT_3D('',#4956,#3661,#3662);
#3153=AXIS2_PLACEMENT_3D('',#4957,#3663,#3664);
#3154=AXIS2_PLACEMENT_3D('',#4965,#3665,#3666);
#3155=AXIS2_PLACEMENT_3D('',#4971,#3667,#3668);
#3156=AXIS2_PLACEMENT_3D('',#4977,#3669,#3670);
#3157=AXIS2_PLACEMENT_3D('',#4983,#3671,#3672);
#3158=AXIS2_PLACEMENT_3D('',#4989,#3673,#3674);
#3159=AXIS2_PLACEMENT_3D('',#4995,#3675,#3676);
#3160=AXIS2_PLACEMENT_3D('',#4996,#3677,#3678);
#3161=AXIS2_PLACEMENT_3D('',#5004,#3679,#3680);
#3162=AXIS2_PLACEMENT_3D('',#5010,#3681,#3682);
#3163=AXIS2_PLACEMENT_3D('',#5016,#3683,#3684);
#3164=AXIS2_PLACEMENT_3D('',#5022,#3685,#3686);
#3165=AXIS2_PLACEMENT_3D('',#5028,#3687,#3688);
#3166=AXIS2_PLACEMENT_3D('',#5034,#3689,#3690);
#3167=AXIS2_PLACEMENT_3D('',#5035,#3691,#3692);
#3168=AXIS2_PLACEMENT_3D('',#5043,#3693,#3694);
#3169=AXIS2_PLACEMENT_3D('',#5049,#3695,#3696);
#3170=AXIS2_PLACEMENT_3D('',#5055,#3697,#3698);
#3171=AXIS2_PLACEMENT_3D('',#5061,#3699,#3700);
#3172=AXIS2_PLACEMENT_3D('',#5067,#3701,#3702);
#3173=AXIS2_PLACEMENT_3D('',#5073,#3703,#3704);
#3174=AXIS2_PLACEMENT_3D('',#5076,#3706,#3707);
#3175=AXIS2_PLACEMENT_3D('',#5081,#3710,#3711);
#3176=AXIS2_PLACEMENT_3D('',#5086,#3714,#3715);
#3177=AXIS2_PLACEMENT_3D('',#5091,#3718,#3719);
#3178=AXIS2_PLACEMENT_3D('',#5096,#3722,#3723);
#3179=AXIS2_PLACEMENT_3D('',#5101,#3726,#3727);
#3180=AXIS2_PLACEMENT_3D('',#5106,#3730,#3731);
#3181=AXIS2_PLACEMENT_3D('',#5111,#3734,#3735);
#3182=AXIS2_PLACEMENT_3D('',#5116,#3738,#3739);
#3183=AXIS2_PLACEMENT_3D('',#5121,#3742,#3743);
#3184=AXIS2_PLACEMENT_3D('',#5126,#3746,#3747);
#3185=AXIS2_PLACEMENT_3D('',#5131,#3750,#3751);
#3186=AXIS2_PLACEMENT_3D('',#5134,#3753,#3754);
#3187=AXIS2_PLACEMENT_3D('',#5136,#3755,#3756);
#3188=AXIS2_PLACEMENT_3D('',#5137,#3757,#3758);
#3189=AXIS2_PLACEMENT_3D('',#5139,#3759,#3760);
#3190=AXIS2_PLACEMENT_3D('',#5140,#3761,#3762);
#3191=AXIS2_PLACEMENT_3D('',#5141,#3763,#3764);
#3192=AXIS2_PLACEMENT_3D('',#5142,#3765,#3766);
#3193=AXIS2_PLACEMENT_3D('',#5143,#3767,#3768);
#3194=AXIS2_PLACEMENT_3D('',#5144,#3769,#3770);
#3195=AXIS2_PLACEMENT_3D('',#5145,#3771,#3772);
#3196=AXIS2_PLACEMENT_3D('',#5146,#3773,#3774);
#3197=AXIS2_PLACEMENT_3D('',#5147,#3775,#3776);
#3198=AXIS2_PLACEMENT_3D('',#5148,#3777,#3778);
#3199=AXIS2_PLACEMENT_3D('',#5149,#3779,#3780);
#3200=AXIS2_PLACEMENT_3D('',#5150,#3781,#3782);
#3201=AXIS2_PLACEMENT_3D('',#5151,#3783,#3784);
#3202=AXIS2_PLACEMENT_3D('',#5152,#3785,#3786);
#3203=AXIS2_PLACEMENT_3D('',#5154,#3788,#3789);
#3204=AXIS2_PLACEMENT_3D('',#5156,#3791,#3792);
#3205=AXIS2_PLACEMENT_3D('',#5157,#3793,#3794);
#3206=AXIS2_PLACEMENT_3D('',#5159,#3796,#3797);
#3207=AXIS2_PLACEMENT_3D('',#5161,#3799,#3800);
#3208=AXIS2_PLACEMENT_3D('',#5162,#3801,#3802);
#3209=AXIS2_PLACEMENT_3D('',#5164,#3804,#3805);
#3210=AXIS2_PLACEMENT_3D('',#5166,#3807,#3808);
#3211=AXIS2_PLACEMENT_3D('',#5167,#3809,#3810);
#3212=AXIS2_PLACEMENT_3D('',#5169,#3812,#3813);
#3213=AXIS2_PLACEMENT_3D('',#5171,#3815,#3816);
#3214=AXIS2_PLACEMENT_3D('',#5172,#3817,#3818);
#3215=AXIS2_PLACEMENT_3D('',#5174,#3820,#3821);
#3216=AXIS2_PLACEMENT_3D('',#5176,#3823,#3824);
#3217=AXIS2_PLACEMENT_3D('',#5177,#3825,#3826);
#3218=AXIS2_PLACEMENT_3D('',#5179,#3828,#3829);
#3219=AXIS2_PLACEMENT_3D('',#5181,#3831,#3832);
#3220=AXIS2_PLACEMENT_3D('',#5182,#3833,#3834);
#3221=AXIS2_PLACEMENT_3D('',#5184,#3836,#3837);
#3222=AXIS2_PLACEMENT_3D('',#5186,#3839,#3840);
#3223=AXIS2_PLACEMENT_3D('',#5187,#3841,#3842);
#3224=AXIS2_PLACEMENT_3D('',#5189,#3844,#3845);
#3225=AXIS2_PLACEMENT_3D('',#5191,#3847,#3848);
#3226=AXIS2_PLACEMENT_3D('',#5192,#3849,#3850);
#3227=AXIS2_PLACEMENT_3D('',#5194,#3852,#3853);
#3228=AXIS2_PLACEMENT_3D('',#5196,#3855,#3856);
#3229=AXIS2_PLACEMENT_3D('',#5197,#3857,#3858);
#3230=AXIS2_PLACEMENT_3D('',#5199,#3860,#3861);
#3231=AXIS2_PLACEMENT_3D('',#5201,#3863,#3864);
#3232=AXIS2_PLACEMENT_3D('',#5202,#3865,#3866);
#3233=AXIS2_PLACEMENT_3D('',#5204,#3868,#3869);
#3234=AXIS2_PLACEMENT_3D('',#5206,#3871,#3872);
#3235=AXIS2_PLACEMENT_3D('',#5207,#3873,#3874);
#3236=AXIS2_PLACEMENT_3D('',#5209,#3876,#3877);
#3237=AXIS2_PLACEMENT_3D('',#5211,#3879,#3880);
#3238=AXIS2_PLACEMENT_3D('',#5212,#3881,#3882);
#3239=AXIS2_PLACEMENT_3D('',#5213,#3883,#3884);
#3240=AXIS2_PLACEMENT_3D('',#5217,#3886,#3887);
#3241=AXIS2_PLACEMENT_3D('',#5220,#3889,#3890);
#3242=AXIS2_PLACEMENT_3D('',#5226,#3893,#3894);
#3243=AXIS2_PLACEMENT_3D('',#5227,#3895,#3896);
#3244=AXIS2_PLACEMENT_3D('',#5228,#3897,#3898);
#3245=AXIS2_PLACEMENT_3D('',#5234,#3901,#3902);
#3246=AXIS2_PLACEMENT_3D('',#5235,#3903,#3904);
#3247=AXIS2_PLACEMENT_3D('',#5237,#3905,#3906);
#3248=AXIS2_PLACEMENT_3D('',#5239,#3907,#3908);
#3249=AXIS2_PLACEMENT_3D('',#5252,#3909,#3910);
#3250=AXIS2_PLACEMENT_3D('',#5254,#3911,#3912);
#3251=AXIS2_PLACEMENT_3D('',#5265,#3914,#3915);
#3252=AXIS2_PLACEMENT_3D('',#5275,#3917,#3918);
#3253=AXIS2_PLACEMENT_3D('',#5283,#3919,#3920);
#3254=AXIS2_PLACEMENT_3D('',#5291,#3921,#3922);
#3255=AXIS2_PLACEMENT_3D('',#5301,#3924,#3925);
#3256=AXIS2_PLACEMENT_3D('',#5311,#3927,#3928);
#3257=AXIS2_PLACEMENT_3D('',#5319,#3929,#3930);
#3258=AXIS2_PLACEMENT_3D('',#5326,#3931,#3932);
#3259=AXIS2_PLACEMENT_3D('',#5329,#3934,#3935);
#3260=AXIS2_PLACEMENT_3D('',#5334,#3938,#3939);
#3261=AXIS2_PLACEMENT_3D('',#5337,#3941,#3942);
#3262=AXIS2_PLACEMENT_3D('',#5339,#3943,#3944);
#3263=AXIS2_PLACEMENT_3D('',#5341,#3945,#3946);
#3264=AXIS2_PLACEMENT_3D('',#5343,#3947,#3948);
#3265=AXIS2_PLACEMENT_3D('',#5344,#3949,#3950);
#3266=AXIS2_PLACEMENT_3D('',#5346,#3951,#3952);
#3267=AXIS2_PLACEMENT_3D('',#5347,#3953,#3954);
#3268=AXIS2_PLACEMENT_3D('',#5349,#3955,#3956);
#3269=AXIS2_PLACEMENT_3D('',#5362,#3957,#3958);
#3270=AXIS2_PLACEMENT_3D('',#5364,#3959,#3960);
#3271=AXIS2_PLACEMENT_3D('',#5365,#3961,#3962);
#3272=AXIS2_PLACEMENT_3D('',#5367,#3963,#3964);
#3273=AXIS2_PLACEMENT_3D('',#5368,#3965,#3966);
#3274=AXIS2_PLACEMENT_3D('',#5369,#3967,#3968);
#3275=AXIS2_PLACEMENT_3D('',#5375,#3971,#3972);
#3276=AXIS2_PLACEMENT_3D('',#5379,#3974,#3975);
#3277=AXIS2_PLACEMENT_3D('',#5397,#3979,#3980);
#3278=AXIS2_PLACEMENT_3D('',#5399,#3982,#3983);
#3279=AXIS2_PLACEMENT_3D('',#5401,#3985,#3986);
#3280=AXIS2_PLACEMENT_3D('',#5402,#3987,#3988);
#3281=AXIS2_PLACEMENT_3D('',#5404,#3989,#3990);
#3282=AXIS2_PLACEMENT_3D('',#5405,#3991,#3992);
#3283=AXIS2_PLACEMENT_3D('',#5407,#3993,#3994);
#3284=AXIS2_PLACEMENT_3D('',#5411,#3997,#3998);
#3285=AXIS2_PLACEMENT_3D('',#5415,#4001,#4002);
#3286=AXIS2_PLACEMENT_3D('',#5419,#4004,#4005);
#3287=AXIS2_PLACEMENT_3D('',#5433,#4007,#4008);
#3288=AXIS2_PLACEMENT_3D('',#5437,#4010,#4011);
#3289=AXIS2_PLACEMENT_3D('',#5441,#4013,#4014);
#3290=AXIS2_PLACEMENT_3D('',#5442,#4015,#4016);
#3291=AXIS2_PLACEMENT_3D('',#5451,#4019,#4020);
#3292=AXIS2_PLACEMENT_3D('',#5452,#4021,#4022);
#3293=AXIS2_PLACEMENT_3D('',#5460,#4024,#4025);
#3294=AXIS2_PLACEMENT_3D('',#5462,#4027,#4028);
#3295=AXIS2_PLACEMENT_3D('',#5466,#4030,#4031);
#3296=AXIS2_PLACEMENT_3D('',#5470,#4033,#4034);
#3297=AXIS2_PLACEMENT_3D('',#5471,#4035,#4036);
#3298=AXIS2_PLACEMENT_3D('',#5480,#4039,#4040);
#3299=AXIS2_PLACEMENT_3D('',#5481,#4041,#4042);
#3300=AXIS2_PLACEMENT_3D('',#5489,#4044,#4045);
#3301=AXIS2_PLACEMENT_3D('',#5491,#4047,#4048);
#3302=AXIS2_PLACEMENT_3D('',#5492,#4049,#4050);
#3303=AXIS2_PLACEMENT_3D('',#5499,#4051,#4052);
#3304=AXIS2_PLACEMENT_3D('',#5500,#4053,#4054);
#3305=AXIS2_PLACEMENT_3D('',#5501,#4055,#4056);
#3306=AXIS2_PLACEMENT_3D('',#5502,#4057,#4058);
#3307=AXIS2_PLACEMENT_3D('',#5509,#4059,#4060);
#3308=AXIS2_PLACEMENT_3D('',#5516,#4061,#4062);
#3309=AXIS2_PLACEMENT_3D('',#5517,#4063,#4064);
#3310=AXIS2_PLACEMENT_3D('',#5518,#4065,#4066);
#3311=AXIS2_PLACEMENT_3D('',#5519,#4067,#4068);
#3312=AXIS2_PLACEMENT_3D('',#5526,#4069,#4070);
#3313=AXIS2_PLACEMENT_3D('',#5550,#4071,#4072);
#3314=AXIS2_PLACEMENT_3D('',#5551,#4073,#4074);
#3315=AXIS2_PLACEMENT_3D('',#5556,#4075,#4076);
#3316=AXIS2_PLACEMENT_3D('',#5557,#4077,#4078);
#3317=AXIS2_PLACEMENT_3D('',#5573,#4079,#4080);
#3318=AXIS2_PLACEMENT_3D('',#5574,#4081,#4082);
#3319=AXIS2_PLACEMENT_3D('',#5575,#4083,#4084);
#3320=AXIS2_PLACEMENT_3D('',#5591,#4085,#4086);
#3321=AXIS2_PLACEMENT_3D('',#5592,#4087,#4088);
#3322=AXIS2_PLACEMENT_3D('',#5597,#4089,#4090);
#3323=AXIS2_PLACEMENT_3D('',#5598,#4091,#4092);
#3324=AXIS2_PLACEMENT_3D('',#5622,#4093,#4094);
#3325=AXIS2_PLACEMENT_3D('',#5623,#4095,#4096);
#3326=AXIS2_PLACEMENT_3D('',#5647,#4097,#4098);
#3327=AXIS2_PLACEMENT_3D('',#5648,#4099,#4100);
#3328=AXIS2_PLACEMENT_3D('',#5653,#4101,#4102);
#3329=AXIS2_PLACEMENT_3D('',#5654,#4103,#4104);
#3330=AXIS2_PLACEMENT_3D('',#5670,#4105,#4106);
#3331=AXIS2_PLACEMENT_3D('',#5671,#4107,#4108);
#3332=AXIS2_PLACEMENT_3D('',#5672,#4109,#4110);
#3333=AXIS2_PLACEMENT_3D('',#5688,#4111,#4112);
#3334=AXIS2_PLACEMENT_3D('',#5689,#4113,#4114);
#3335=AXIS2_PLACEMENT_3D('',#5694,#4115,#4116);
#3336=AXIS2_PLACEMENT_3D('',#5695,#4117,#4118);
#3337=AXIS2_PLACEMENT_3D('',#5719,#4119,#4120);
#3338=AXIS2_PLACEMENT_3D('',#5720,#4121,#4122);
#3339=AXIS2_PLACEMENT_3D('',#5721,#4123,#4124);
#3340=AXIS2_PLACEMENT_3D('',#5722,#4125,#4126);
#3341=AXIS2_PLACEMENT_3D('',#5724,#4127,#4128);
#3342=AXIS2_PLACEMENT_3D('',#5726,#4129,#4130);
#3343=AXIS2_PLACEMENT_3D('',#5727,#4131,#4132);
#3344=AXIS2_PLACEMENT_3D('',#5728,#4133,#4134);
#3345=AXIS2_PLACEMENT_3D('',#5730,#4135,#4136);
#3346=AXIS2_PLACEMENT_3D('',#5731,#4137,#4138);
#3347=AXIS2_PLACEMENT_3D('',#5733,#4139,#4140);
#3348=AXIS2_PLACEMENT_3D('',#5734,#4141,#4142);
#3349=DIRECTION('',(0.,0.,1.));
#3350=DIRECTION('',(1.,0.,0.));
#3351=DIRECTION('',(-6.12303176911189E-17,-1.,0.));
#3352=DIRECTION('',(1.,-6.12303176911189E-17,0.));
#3353=DIRECTION('',(-6.12303176911189E-17,-1.,0.));
#3354=DIRECTION('',(1.,-6.12303176911189E-17,0.));
#3355=DIRECTION('',(-6.12303176911189E-17,-1.,0.));
#3356=DIRECTION('',(1.,-6.12303176911189E-17,0.));
#3357=DIRECTION('',(-6.12303176911189E-17,-1.,0.));
#3358=DIRECTION('',(1.,-6.12303176911189E-17,0.));
#3359=DIRECTION('',(-6.12303176911189E-17,-1.,0.));
#3360=DIRECTION('',(1.,-6.12303176911189E-17,0.));
#3361=DIRECTION('',(-6.12303176911189E-17,-1.,0.));
#3362=DIRECTION('',(1.,-6.12303176911189E-17,0.));
#3363=DIRECTION('',(-0.707106781186548,-7.91683070611385E-17,0.707106781186547));
#3364=DIRECTION('',(2.53652879324305E-17,-1.,-8.65956056235493E-17));
#3365=DIRECTION('',(-6.12303176911189E-17,-1.,0.));
#3366=DIRECTION('',(1.,-6.12303176911189E-17,0.));
#3367=DIRECTION('',(-6.12303176911189E-17,-1.,0.));
#3368=DIRECTION('',(1.,-6.12303176911189E-17,0.));
#3369=DIRECTION('',(-6.12303176911189E-17,-1.,0.));
#3370=DIRECTION('',(1.,-6.12303176911189E-17,0.));
#3371=DIRECTION('',(-6.12303176911189E-17,-1.,0.));
#3372=DIRECTION('',(1.,-6.12303176911189E-17,0.));
#3373=DIRECTION('',(-6.12303176911189E-17,-1.,0.));
#3374=DIRECTION('',(1.,-6.12303176911189E-17,0.));
#3375=DIRECTION('',(-6.12303176911189E-17,-1.,0.));
#3376=DIRECTION('',(1.,-6.12303176911189E-17,0.));
#3377=DIRECTION('',(-1.,-6.12343622236164E-17,-1.60812264967664E-16));
#3378=DIRECTION('',(6.12343622236164E-17,-1.,1.96938225556285E-32));
#3379=DIRECTION('',(-6.12303176911189E-17,-1.,0.));
#3380=DIRECTION('',(1.,-6.12303176911189E-17,0.));
#3381=DIRECTION('',(-6.12303176911189E-17,-1.,0.));
#3382=DIRECTION('',(1.,-6.12303176911189E-17,0.));
#3383=DIRECTION('',(-6.12303176911189E-17,-1.,0.));
#3384=DIRECTION('',(1.,-6.12303176911189E-17,0.));
#3385=DIRECTION('',(-6.12303176911189E-17,-1.,0.));
#3386=DIRECTION('',(1.,-6.12303176911189E-17,0.));
#3387=DIRECTION('',(-6.12303176911189E-17,-1.,0.));
#3388=DIRECTION('',(1.,-6.12303176911189E-17,0.));
#3389=DIRECTION('',(-6.12303176911189E-17,-1.,0.));
#3390=DIRECTION('',(1.,-6.12303176911189E-17,0.));
#3391=DIRECTION('',(-0.707106781186547,-7.91683070611385E-17,-0.707106781186548));
#3392=DIRECTION('',(2.53652879324304E-17,-1.,8.65956056235493E-17));
#3393=DIRECTION('',(-6.12303176911189E-17,-1.,0.));
#3394=DIRECTION('',(1.,-6.12303176911189E-17,0.));
#3395=DIRECTION('',(-6.12303176911189E-17,-1.,0.));
#3396=DIRECTION('',(1.,-6.12303176911189E-17,0.));
#3397=DIRECTION('',(-6.12303176911189E-17,-1.,0.));
#3398=DIRECTION('',(1.,-6.12303176911189E-17,0.));
#3399=DIRECTION('',(-6.12303176911189E-17,-1.,0.));
#3400=DIRECTION('',(1.,-6.12303176911189E-17,0.));
#3401=DIRECTION('',(-6.12303176911189E-17,-1.,0.));
#3402=DIRECTION('',(1.,-6.12303176911189E-17,0.));
#3403=DIRECTION('',(-6.12303176911189E-17,-1.,0.));
#3404=DIRECTION('',(1.,-6.12303176911189E-17,0.));
#3405=DIRECTION('',(-1.22464679914735E-16,-1.22464679914735E-16,-1.));
#3406=DIRECTION('',(-6.12303176911189E-17,-1.,1.22464679914735E-16));
#3407=DIRECTION('',(-6.12303176911189E-17,-1.,0.));
#3408=DIRECTION('',(1.,-6.12303176911189E-17,0.));
#3409=DIRECTION('',(-6.12303176911189E-17,-1.,0.));
#3410=DIRECTION('',(1.,-6.12303176911189E-17,0.));
#3411=DIRECTION('',(-6.12303176911189E-17,-1.,0.));
#3412=DIRECTION('',(1.,-6.12303176911189E-17,0.));
#3413=DIRECTION('',(-6.12303176911189E-17,-1.,0.));
#3414=DIRECTION('',(1.,-6.12303176911189E-17,0.));
#3415=DIRECTION('',(-6.12303176911189E-17,-1.,0.));
#3416=DIRECTION('',(1.,-6.12303176911189E-17,0.));
#3417=DIRECTION('',(-6.12303176911189E-17,-1.,0.));
#3418=DIRECTION('',(1.,-6.12303176911189E-17,0.));
#3419=DIRECTION('',(0.707106781186547,-1.65761052768332E-16,-0.707106781186548));
#3420=DIRECTION('',(-1.47825923314668E-16,-1.,8.65956056235493E-17));
#3421=DIRECTION('',(-6.12303176911189E-17,-1.,0.));
#3422=DIRECTION('',(1.,-6.12303176911189E-17,0.));
#3423=DIRECTION('',(-6.12303176911189E-17,-1.,0.));
#3424=DIRECTION('',(1.,-6.12303176911189E-17,0.));
#3425=DIRECTION('',(-6.12303176911189E-17,-1.,0.));
#3426=DIRECTION('',(1.,-6.12303176911189E-17,0.));
#3427=DIRECTION('',(-6.12303176911189E-17,-1.,0.));
#3428=DIRECTION('',(1.,-6.12303176911189E-17,0.));
#3429=DIRECTION('',(-6.12303176911189E-17,-1.,0.));
#3430=DIRECTION('',(1.,-6.12303176911189E-17,0.));
#3431=DIRECTION('',(-6.12303176911189E-17,-1.,0.));
#3432=DIRECTION('',(1.,-6.12303176911189E-17,0.));
#3433=DIRECTION('',(1.,-1.83694997605854E-16,-1.83697019872103E-16));
#3434=DIRECTION('',(-1.83694997605854E-16,-1.,2.24963967399279E-32));
#3435=DIRECTION('',(-6.12303176911189E-17,-1.,0.));
#3436=DIRECTION('',(1.,-6.12303176911189E-17,0.));
#3437=DIRECTION('',(-6.12303176911189E-17,-1.,0.));
#3438=DIRECTION('',(1.,-6.12303176911189E-17,0.));
#3439=DIRECTION('',(-6.12303176911189E-17,-1.,0.));
#3440=DIRECTION('',(1.,-6.12303176911189E-17,0.));
#3441=DIRECTION('',(-6.12303176911189E-17,-1.,0.));
#3442=DIRECTION('',(1.,-6.12303176911189E-17,0.));
#3443=DIRECTION('',(-6.12303176911189E-17,-1.,0.));
#3444=DIRECTION('',(1.,-6.12303176911189E-17,0.));
#3445=DIRECTION('',(-6.12303176911189E-17,-1.,0.));
#3446=DIRECTION('',(1.,-6.12303176911189E-17,0.));
#3447=DIRECTION('',(0.707106781186548,-1.65761052768332E-16,0.707106781186547));
#3448=DIRECTION('',(-1.47825923314668E-16,-1.,-8.65956056235493E-17));
#3449=DIRECTION('',(-6.12303176911189E-17,-1.,0.));
#3450=DIRECTION('',(1.,-6.12303176911189E-17,0.));
#3451=DIRECTION('',(6.12303176911191E-17,1.,0.));
#3452=DIRECTION('',(-1.,6.12303176911191E-17,0.));
#3453=DIRECTION('',(-6.12303176911189E-17,-1.,0.));
#3454=DIRECTION('',(1.,-6.12303176911189E-17,0.));
#3455=DIRECTION('',(-6.12303176911189E-17,-1.,0.));
#3456=DIRECTION('',(1.,-6.12303176911189E-17,0.));
#3457=DIRECTION('',(-6.12303176911189E-17,-1.,0.));
#3458=DIRECTION('',(1.,-6.12303176911189E-17,0.));
#3459=DIRECTION('',(-6.12303176911189E-17,-1.,0.));
#3460=DIRECTION('',(1.,-6.12303176911189E-17,0.));
#3461=DIRECTION('',(-6.12303176911189E-17,-1.,0.));
#3462=DIRECTION('',(1.,-6.12303176911189E-17,0.));
#3463=DIRECTION('',(-6.12303176911189E-17,-1.,0.));
#3464=DIRECTION('',(1.,-6.12303176911189E-17,0.));
#3465=DIRECTION('',(-6.12303176911189E-17,-1.,0.));
#3466=DIRECTION('',(1.,-6.12303176911189E-17,0.));
#3467=DIRECTION('',(6.12303176911189E-17,1.,0.));
#3468=DIRECTION('',(-1.,6.12303176911189E-17,0.));
#3469=DIRECTION('',(6.12303176911189E-17,1.,0.));
#3470=DIRECTION('',(-1.,6.12303176911189E-17,0.));
#3471=DIRECTION('',(6.12303176911189E-17,1.,0.));
#3472=DIRECTION('',(-1.,6.12303176911189E-17,0.));
#3473=DIRECTION('',(6.12303176911189E-17,1.,-3.05947702994146E-17));
#3474=DIRECTION('',(-1.,6.12303176911189E-17,0.));
#3475=DIRECTION('',(-6.12303176911189E-17,-1.,3.05947702994146E-17));
#3476=DIRECTION('',(1.,-6.12303176911189E-17,0.));
#3477=DIRECTION('',(6.12303176911189E-17,1.,-3.05947702994146E-17));
#3478=DIRECTION('',(-1.,6.12303176911189E-17,0.));
#3479=DIRECTION('',(-6.12303176911189E-17,-1.,3.05947702994146E-17));
#3480=DIRECTION('',(1.,-6.12303176911189E-17,0.));
#3481=DIRECTION('',(-6.12303176911189E-17,-1.,3.05947702994146E-17));
#3482=DIRECTION('',(1.,-6.12303176911189E-17,0.));
#3483=DIRECTION('',(-6.12303176911189E-17,-1.,3.05947702994146E-17));
#3484=DIRECTION('',(1.,-6.12303176911189E-17,0.));
#3485=DIRECTION('',(-6.12303176911189E-17,-1.,3.05947702994146E-17));
#3486=DIRECTION('',(1.,-6.12303176911189E-17,0.));
#3487=DIRECTION('',(-6.12303176911188E-17,-1.,3.05947702994146E-17));
#3488=DIRECTION('',(1.,-6.12303176911188E-17,0.));
#3489=DIRECTION('',(6.12303176911188E-17,1.,-3.05947702994146E-17));
#3490=DIRECTION('',(-1.,6.12303176911188E-17,0.));
#3491=DIRECTION('',(6.12303176911189E-17,1.,-3.05947702994146E-17));
#3492=DIRECTION('',(-1.,6.12303176911189E-17,0.));
#3493=DIRECTION('',(6.12303176911189E-17,1.,-3.05947702994146E-17));
#3494=DIRECTION('',(-1.,6.12303176911189E-17,0.));
#3495=DIRECTION('',(-6.12303176911189E-17,-1.,3.05947702994146E-17));
#3496=DIRECTION('',(1.,-6.12303176911189E-17,0.));
#3497=DIRECTION('',(-6.12303176911189E-17,-1.,3.05947702994146E-17));
#3498=DIRECTION('',(1.,-6.12303176911189E-17,0.));
#3499=DIRECTION('',(-6.12303176911189E-17,-1.,3.05947702994146E-17));
#3500=DIRECTION('',(1.,-6.12303176911189E-17,0.));
#3501=DIRECTION('',(-6.12303176911189E-17,-1.,3.05947702994146E-17));
#3502=DIRECTION('',(1.,-6.12303176911189E-17,0.));
#3503=DIRECTION('',(-6.12303176911188E-17,-1.,3.05947702994146E-17));
#3504=DIRECTION('',(1.,-6.12303176911188E-17,0.));
#3505=DIRECTION('',(6.12303176911188E-17,1.,-3.05947702994146E-17));
#3506=DIRECTION('',(-1.,6.12303176911188E-17,0.));
#3507=DIRECTION('',(-7.49855125712043E-33,-1.22464679914735E-16,1.));
#3508=DIRECTION('',(-6.12303176911189E-17,-1.,-1.22464679914735E-16));
#3509=DIRECTION('',(-6.12303176911189E-17,-1.,0.));
#3510=DIRECTION('',(1.,-6.12303176911189E-17,0.));
#3511=DIRECTION('',(-6.12303176911189E-17,-1.,0.));
#3512=DIRECTION('',(1.,-6.12303176911189E-17,0.));
#3513=DIRECTION('',(-6.12303176911189E-17,-1.,0.));
#3514=DIRECTION('',(1.,-6.12303176911189E-17,0.));
#3515=DIRECTION('',(-6.12303176911189E-17,-1.,0.));
#3516=DIRECTION('',(1.,-6.12303176911189E-17,0.));
#3517=DIRECTION('',(-6.12303176911189E-17,-1.,0.));
#3518=DIRECTION('',(1.,-6.12303176911189E-17,0.));
#3519=DIRECTION('',(-6.12303176911189E-17,-1.,0.));
#3520=DIRECTION('',(1.,-6.12303176911189E-17,0.));
#3521=DIRECTION('',(-6.12303176911189E-17,-1.,0.));
#3522=DIRECTION('',(1.,-6.12303176911189E-17,0.));
#3523=DIRECTION('',(-6.12303176911189E-17,-1.,0.));
#3524=DIRECTION('',(1.,-6.12303176911189E-17,0.));
#3525=DIRECTION('',(-6.12303176911189E-17,-1.,0.));
#3526=DIRECTION('',(1.,-6.12303176911189E-17,0.));
#3527=DIRECTION('',(-6.12303176911189E-17,-1.,0.));
#3528=DIRECTION('',(0.,0.,1.));
#3529=DIRECTION('',(-6.12303176911189E-17,-1.,0.));
#3530=DIRECTION('',(1.,-6.12303176911189E-17,0.));
#3531=DIRECTION('',(6.12303176911189E-17,1.,0.));
#3532=DIRECTION('',(-1.,6.12303176911189E-17,0.));
#3533=DIRECTION('',(-6.12303176911191E-17,-1.,0.));
#3534=DIRECTION('',(1.,-6.12303176911191E-17,0.));
#3535=DIRECTION('',(-6.12303176911189E-17,-1.,0.));
#3536=DIRECTION('',(1.,-6.12303176911189E-17,0.));
#3537=DIRECTION('',(-6.12303176911189E-17,-1.,0.));
#3538=DIRECTION('',(1.,-6.12303176911189E-17,0.));
#3539=DIRECTION('',(-6.12303176911189E-17,-1.,0.));
#3540=DIRECTION('',(1.,-6.12303176911189E-17,0.));
#3541=DIRECTION('',(-6.12303176911189E-17,-1.,0.));
#3542=DIRECTION('',(1.,-6.12303176911189E-17,0.));
#3543=DIRECTION('',(-6.12303176911189E-17,-1.,0.));
#3544=DIRECTION('',(1.,-6.12303176911189E-17,0.));
#3545=DIRECTION('',(-6.12303176911189E-17,-1.,0.));
#3546=DIRECTION('',(1.,-6.12303176911189E-17,0.));
#3547=DIRECTION('',(6.12303176911189E-17,1.,0.));
#3548=DIRECTION('',(-1.,6.12303176911189E-17,0.));
#3549=DIRECTION('',(-6.12303176911189E-17,-1.,0.));
#3550=DIRECTION('',(1.,-6.12303176911189E-17,0.));
#3551=DIRECTION('',(6.12303176911189E-17,1.,0.));
#3552=DIRECTION('',(-1.,6.12303176911189E-17,0.));
#3553=DIRECTION('',(-6.12303176911189E-17,-1.,0.));
#3554=DIRECTION('',(1.,-6.12303176911189E-17,0.));
#3555=DIRECTION('',(-6.12303176911189E-17,-1.,0.));
#3556=DIRECTION('',(1.,-6.12303176911189E-17,0.));
#3557=DIRECTION('',(-6.12303176911189E-17,-1.,0.));
#3558=DIRECTION('',(1.,-6.12303176911189E-17,0.));
#3559=DIRECTION('',(-6.12303176911189E-17,-1.,0.));
#3560=DIRECTION('',(1.,-6.12303176911189E-17,0.));
#3561=DIRECTION('',(-6.12303176911189E-17,-1.,0.));
#3562=DIRECTION('',(1.,-6.12303176911189E-17,0.));
#3563=DIRECTION('',(-6.12303176911189E-17,-1.,0.));
#3564=DIRECTION('',(1.,-6.12303176911189E-17,0.));
#3565=DIRECTION('',(-6.12303176911189E-17,-1.,0.));
#3566=DIRECTION('',(1.,-6.12303176911189E-17,0.));
#3567=DIRECTION('',(-6.12303176911189E-17,-1.,0.));
#3568=DIRECTION('',(1.,-6.12303176911189E-17,0.));
#3569=DIRECTION('',(6.12303176911189E-17,1.,0.));
#3570=DIRECTION('',(-1.,6.12303176911189E-17,0.));
#3571=DIRECTION('',(-6.12303176911189E-17,-1.,0.));
#3572=DIRECTION('',(1.,-6.12303176911189E-17,0.));
#3573=DIRECTION('',(-6.12303176911189E-17,-1.,0.));
#3574=DIRECTION('',(1.,-6.12303176911189E-17,0.));
#3575=DIRECTION('',(-6.12303176911189E-17,-1.,0.));
#3576=DIRECTION('',(1.,-6.12303176911189E-17,0.));
#3577=DIRECTION('',(-6.12303176911189E-17,-1.,0.));
#3578=DIRECTION('',(1.,-6.12303176911189E-17,0.));
#3579=DIRECTION('',(-6.12303176911189E-17,-1.,0.));
#3580=DIRECTION('',(1.,-6.12303176911189E-17,0.));
#3581=DIRECTION('',(-6.12303176911189E-17,-1.,0.));
#3582=DIRECTION('',(1.,-6.12303176911189E-17,0.));
#3583=DIRECTION('',(6.12303176911189E-17,1.,0.));
#3584=DIRECTION('',(-1.,6.12303176911189E-17,0.));
#3585=DIRECTION('',(-6.12303176911189E-17,-1.,0.));
#3586=DIRECTION('',(1.,-6.12303176911189E-17,0.));
#3587=DIRECTION('',(-6.12303176911189E-17,-1.,0.));
#3588=DIRECTION('',(1.,-6.12303176911189E-17,0.));
#3589=DIRECTION('',(-6.12303176911189E-17,-1.,0.));
#3590=DIRECTION('',(1.,-6.12303176911189E-17,0.));
#3591=DIRECTION('',(-6.12303176911189E-17,-1.,0.));
#3592=DIRECTION('',(1.,-6.12303176911189E-17,0.));
#3593=DIRECTION('',(-6.12303176911189E-17,-1.,0.));
#3594=DIRECTION('',(1.,-6.12303176911189E-17,0.));
#3595=DIRECTION('',(-6.12303176911189E-17,-1.,0.));
#3596=DIRECTION('',(1.,-6.12303176911189E-17,0.));
#3597=DIRECTION('',(6.12303176911189E-17,1.,0.));
#3598=DIRECTION('',(-1.,6.12303176911189E-17,0.));
#3599=DIRECTION('',(-6.12303176911189E-17,-1.,0.));
#3600=DIRECTION('',(1.,-6.12303176911189E-17,0.));
#3601=DIRECTION('',(-6.12303176911189E-17,-1.,0.));
#3602=DIRECTION('',(1.,-6.12303176911189E-17,0.));
#3603=DIRECTION('',(-6.12303176911189E-17,-1.,0.));
#3604=DIRECTION('',(1.,-6.12303176911189E-17,0.));
#3605=DIRECTION('',(-6.12303176911189E-17,-1.,0.));
#3606=DIRECTION('',(1.,-6.12303176911189E-17,0.));
#3607=DIRECTION('',(-6.12303176911189E-17,-1.,0.));
#3608=DIRECTION('',(1.,-6.12303176911189E-17,0.));
#3609=DIRECTION('',(-6.12303176911189E-17,-1.,0.));
#3610=DIRECTION('',(1.,-6.12303176911189E-17,0.));
#3611=DIRECTION('',(6.12303176911189E-17,1.,0.));
#3612=DIRECTION('',(-1.,6.12303176911189E-17,0.));
#3613=DIRECTION('',(-6.12303176911189E-17,-1.,0.));
#3614=DIRECTION('',(1.,-6.12303176911189E-17,0.));
#3615=DIRECTION('',(-6.12303176911189E-17,-1.,0.));
#3616=DIRECTION('',(1.,-6.12303176911189E-17,0.));
#3617=DIRECTION('',(-6.12303176911189E-17,-1.,0.));
#3618=DIRECTION('',(1.,-6.12303176911189E-17,0.));
#3619=DIRECTION('',(-6.12303176911189E-17,-1.,0.));
#3620=DIRECTION('',(1.,-6.12303176911189E-17,0.));
#3621=DIRECTION('',(-6.12303176911189E-17,-1.,0.));
#3622=DIRECTION('',(1.,-6.12303176911189E-17,0.));
#3623=DIRECTION('',(-6.12303176911189E-17,-1.,0.));
#3624=DIRECTION('',(1.,-6.12303176911189E-17,0.));
#3625=DIRECTION('',(6.12303176911189E-17,1.,0.));
#3626=DIRECTION('',(-1.,6.12303176911189E-17,0.));
#3627=DIRECTION('',(-6.12303176911189E-17,-1.,0.));
#3628=DIRECTION('',(1.,-6.12303176911189E-17,0.));
#3629=DIRECTION('',(-6.12303176911189E-17,-1.,0.));
#3630=DIRECTION('',(1.,-6.12303176911189E-17,0.));
#3631=DIRECTION('',(-6.12303176911189E-17,-1.,0.));
#3632=DIRECTION('',(1.,-6.12303176911189E-17,0.));
#3633=DIRECTION('',(-6.12303176911189E-17,-1.,0.));
#3634=DIRECTION('',(1.,-6.12303176911189E-17,0.));
#3635=DIRECTION('',(-6.12303176911189E-17,-1.,0.));
#3636=DIRECTION('',(1.,-6.12303176911189E-17,0.));
#3637=DIRECTION('',(-6.12303176911189E-17,-1.,0.));
#3638=DIRECTION('',(1.,-6.12303176911189E-17,0.));
#3639=DIRECTION('',(6.12303176911189E-17,1.,0.));
#3640=DIRECTION('',(-1.,6.12303176911189E-17,0.));
#3641=DIRECTION('',(-6.12303176911189E-17,-1.,0.));
#3642=DIRECTION('',(1.,-6.12303176911189E-17,0.));
#3643=DIRECTION('',(-6.12303176911189E-17,-1.,0.));
#3644=DIRECTION('',(1.,-6.12303176911189E-17,0.));
#3645=DIRECTION('',(-6.12303176911189E-17,-1.,0.));
#3646=DIRECTION('',(1.,-6.12303176911189E-17,0.));
#3647=DIRECTION('',(-6.12303176911189E-17,-1.,0.));
#3648=DIRECTION('',(1.,-6.12303176911189E-17,0.));
#3649=DIRECTION('',(-6.12303176911189E-17,-1.,0.));
#3650=DIRECTION('',(1.,-6.12303176911189E-17,0.));
#3651=DIRECTION('',(-6.12303176911189E-17,-1.,0.));
#3652=DIRECTION('',(1.,-6.12303176911189E-17,0.));
#3653=DIRECTION('',(6.12303176911189E-17,1.,0.));
#3654=DIRECTION('',(-1.,6.12303176911189E-17,0.));
#3655=DIRECTION('',(-6.12303176911189E-17,-1.,0.));
#3656=DIRECTION('',(1.,-6.12303176911189E-17,0.));
#3657=DIRECTION('',(-6.12303176911189E-17,-1.,0.));
#3658=DIRECTION('',(1.,-6.12303176911189E-17,0.));
#3659=DIRECTION('',(-6.12303176911189E-17,-1.,0.));
#3660=DIRECTION('',(1.,-6.12303176911189E-17,0.));
#3661=DIRECTION('',(-6.12303176911189E-17,-1.,0.));
#3662=DIRECTION('',(1.,-6.12303176911189E-17,0.));
#3663=DIRECTION('',(-6.12303176911189E-17,-1.,0.));
#3664=DIRECTION('',(1.,-6.12303176911189E-17,0.));
#3665=DIRECTION('',(-6.12303176911189E-17,-1.,0.));
#3666=DIRECTION('',(1.,-6.12303176911189E-17,0.));
#3667=DIRECTION('',(6.12303176911189E-17,1.,0.));
#3668=DIRECTION('',(-1.,6.12303176911189E-17,0.));
#3669=DIRECTION('',(-6.12303176911189E-17,-1.,0.));
#3670=DIRECTION('',(1.,-6.12303176911189E-17,0.));
#3671=DIRECTION('',(-6.12303176911189E-17,-1.,0.));
#3672=DIRECTION('',(1.,-6.12303176911189E-17,0.));
#3673=DIRECTION('',(-6.12303176911189E-17,-1.,0.));
#3674=DIRECTION('',(1.,-6.12303176911189E-17,0.));
#3675=DIRECTION('',(-6.12303176911189E-17,-1.,0.));
#3676=DIRECTION('',(1.,-6.12303176911189E-17,0.));
#3677=DIRECTION('',(-6.12303176911189E-17,-1.,0.));
#3678=DIRECTION('',(1.,-6.12303176911189E-17,0.));
#3679=DIRECTION('',(-6.12303176911189E-17,-1.,0.));
#3680=DIRECTION('',(1.,-6.12303176911189E-17,0.));
#3681=DIRECTION('',(6.12303176911189E-17,1.,0.));
#3682=DIRECTION('',(-1.,6.12303176911189E-17,0.));
#3683=DIRECTION('',(-6.12303176911189E-17,-1.,0.));
#3684=DIRECTION('',(1.,-6.12303176911189E-17,0.));
#3685=DIRECTION('',(-6.12303176911189E-17,-1.,0.));
#3686=DIRECTION('',(1.,-6.12303176911189E-17,0.));
#3687=DIRECTION('',(-6.12303176911189E-17,-1.,0.));
#3688=DIRECTION('',(1.,-6.12303176911189E-17,0.));
#3689=DIRECTION('',(-6.12303176911189E-17,-1.,0.));
#3690=DIRECTION('',(1.,-6.12303176911189E-17,0.));
#3691=DIRECTION('',(-6.12303176911189E-17,-1.,0.));
#3692=DIRECTION('',(1.,-6.12303176911189E-17,0.));
#3693=DIRECTION('',(-6.12303176911189E-17,-1.,0.));
#3694=DIRECTION('',(1.,-6.12303176911189E-17,0.));
#3695=DIRECTION('',(6.12303176911189E-17,1.,0.));
#3696=DIRECTION('',(-1.,6.12303176911189E-17,0.));
#3697=DIRECTION('',(-6.12303176911189E-17,-1.,0.));
#3698=DIRECTION('',(1.,-6.12303176911189E-17,0.));
#3699=DIRECTION('',(-6.12303176911189E-17,-1.,0.));
#3700=DIRECTION('',(1.,-6.12303176911189E-17,0.));
#3701=DIRECTION('',(-6.12303176911189E-17,-1.,0.));
#3702=DIRECTION('',(1.,-6.12303176911189E-17,0.));
#3703=DIRECTION('',(6.12303176911189E-17,1.,0.));
#3704=DIRECTION('',(-1.,6.12303176911189E-17,0.));
#3705=DIRECTION('',(-0.707106781186545,4.32963728535966E-17,-0.70710678118655));
#3706=DIRECTION('',(-6.12303176911189E-17,-1.,0.));
#3707=DIRECTION('',(-0.500000000000001,3.06151588455595E-17,0.866025403784438));
#3708=DIRECTION('',(0.965925826289068,-5.91439452097362E-17,0.25881904510252));
#3709=DIRECTION('',(-0.965925826289068,5.91439452097361E-17,-0.258819045102523));
#3710=DIRECTION('',(-6.12303176911189E-17,-1.,0.));
#3711=DIRECTION('',(0.,0.,1.));
#3712=DIRECTION('',(0.965925826289068,-5.91439452097361E-17,-0.258819045102523));
#3713=DIRECTION('',(-0.965925826289069,5.91439452097362E-17,0.258819045102519));
#3714=DIRECTION('',(-6.12303176911189E-17,-1.,3.08148791101958E-33));
#3715=DIRECTION('',(0.5,-3.06151588455595E-17,0.866025403784438));
#3716=DIRECTION('',(0.707106781186546,-4.32963728535967E-17,-0.707106781186549));
#3717=DIRECTION('',(-0.707106781186549,4.32963728535969E-17,0.707106781186546));
#3718=DIRECTION('',(-6.12303176911189E-17,-1.,-3.08148791101958E-33));
#3719=DIRECTION('',(0.866025403784439,-5.30270106023007E-17,0.499999999999999));
#3720=DIRECTION('',(0.258819045102518,-1.58475723561392E-17,-0.965925826289069));
#3721=DIRECTION('',(-0.258819045102523,1.58475723561395E-17,0.965925826289068));
#3722=DIRECTION('',(-6.12303176911189E-17,-1.,0.));
#3723=DIRECTION('',(1.,-6.12303176911189E-17,-1.83697019872103E-16));
#3724=DIRECTION('',(-0.258819045102523,1.58475723561395E-17,-0.965925826289068));
#3725=DIRECTION('',(0.258819045102518,-1.58475723561392E-17,0.965925826289069));
#3726=DIRECTION('',(-6.12303176911189E-17,-1.,0.));
#3727=DIRECTION('',(0.866025403784439,-5.30270106023007E-17,-0.5));
#3728=DIRECTION('',(-0.707106781186549,4.32963728535969E-17,-0.707106781186546));
#3729=DIRECTION('',(0.707106781186546,-4.32963728535967E-17,0.707106781186549));
#3730=DIRECTION('',(-6.12303176911189E-17,-1.,0.));
#3731=DIRECTION('',(0.5,-3.06151588455594E-17,-0.866025403784439));
#3732=DIRECTION('',(-0.965925826289069,5.91439452097362E-17,-0.258819045102519));
#3733=DIRECTION('',(0.965925826289068,-5.91439452097361E-17,0.258819045102523));
#3734=DIRECTION('',(-6.12303176911189E-17,-1.,0.));
#3735=DIRECTION('',(-1.22464679914735E-16,7.49855125712043E-33,-1.));
#3736=DIRECTION('',(-0.965925826289068,5.91439452097361E-17,0.258819045102523));
#3737=DIRECTION('',(0.965925826289069,-5.91439452097362E-17,-0.258819045102517));
#3738=DIRECTION('',(-6.12303176911189E-17,-1.,3.08148791101958E-33));
#3739=DIRECTION('',(-0.499999999999999,3.06151588455594E-17,-0.866025403784439));
#3740=DIRECTION('',(-0.707106781186547,4.32963728535967E-17,0.707106781186548));
#3741=DIRECTION('',(0.70710678118655,-4.32963728535969E-17,-0.707106781186545));
#3742=DIRECTION('',(-6.12303176911189E-17,-1.,3.08148791101958E-33));
#3743=DIRECTION('',(-0.866025403784438,5.30270106023007E-17,-0.500000000000001));
#3744=DIRECTION('',(-0.258819045102519,1.58475723561393E-17,0.965925826289069));
#3745=DIRECTION('',(0.258819045102524,-1.58475723561396E-17,-0.965925826289067));
#3746=DIRECTION('',(-6.12303176911189E-17,-1.,2.18952885050753E-47));
#3747=DIRECTION('',(-1.,6.12303176911189E-17,-1.04899068466779E-15));
#3748=DIRECTION('',(0.258819045102522,-1.58475723561394E-17,0.965925826289068));
#3749=DIRECTION('',(-0.258819045102518,1.58475723561392E-17,-0.965925826289069));
#3750=DIRECTION('',(-6.12303176911189E-17,-1.,3.08148791101958E-33));
#3751=DIRECTION('',(-0.866025403784439,5.30270106023007E-17,0.499999999999999));
#3752=DIRECTION('',(0.707106781186548,-4.32963728535968E-17,0.707106781186547));
#3753=DIRECTION('',(-6.12303176911189E-17,-1.,0.));
#3754=DIRECTION('',(1.,-6.12303176911189E-17,0.));
#3755=DIRECTION('',(-6.12303176911189E-17,-1.,0.));
#3756=DIRECTION('',(1.,-6.12303176911189E-17,0.));
#3757=DIRECTION('',(-6.12303176911189E-17,-1.,0.));
#3758=DIRECTION('',(1.,-6.12303176911189E-17,0.));
#3759=DIRECTION('',(-6.12303176911189E-17,-1.,0.));
#3760=DIRECTION('',(1.,-6.12303176911189E-17,0.));
#3761=DIRECTION('',(-6.12303176911189E-17,-1.,0.));
#3762=DIRECTION('',(1.,-6.12303176911189E-17,0.));
#3763=DIRECTION('',(-6.12303176911189E-17,-1.,0.));
#3764=DIRECTION('',(1.,-6.12303176911189E-17,0.));
#3765=DIRECTION('',(-6.12303176911189E-17,-1.,0.));
#3766=DIRECTION('',(1.,-6.12303176911189E-17,0.));
#3767=DIRECTION('',(-6.12303176911189E-17,-1.,0.));
#3768=DIRECTION('',(1.,-6.12303176911189E-17,0.));
#3769=DIRECTION('',(-6.12303176911189E-17,-1.,0.));
#3770=DIRECTION('',(1.,-6.12303176911189E-17,0.));
#3771=DIRECTION('',(-6.12303176911189E-17,-1.,0.));
#3772=DIRECTION('',(1.,-6.12303176911189E-17,0.));
#3773=DIRECTION('',(-6.12303176911189E-17,-1.,0.));
#3774=DIRECTION('',(1.,-6.12303176911189E-17,0.));
#3775=DIRECTION('',(-6.12303176911189E-17,-1.,0.));
#3776=DIRECTION('',(1.,-6.12303176911189E-17,0.));
#3777=DIRECTION('',(-6.12303176911189E-17,-1.,0.));
#3778=DIRECTION('',(1.,-6.12303176911189E-17,0.));
#3779=DIRECTION('',(-6.12303176911189E-17,-1.,0.));
#3780=DIRECTION('',(1.,-6.12303176911189E-17,0.));
#3781=DIRECTION('',(-6.12303176911189E-17,-1.,0.));
#3782=DIRECTION('',(1.,-6.12303176911189E-17,0.));
#3783=DIRECTION('',(-6.12303176911189E-17,-1.,0.));
#3784=DIRECTION('',(1.,-6.12303176911189E-17,0.));
#3785=DIRECTION('',(-0.258819045102523,1.58475723561395E-17,0.965925826289068));
#3786=DIRECTION('',(0.965925826289068,0.,0.258819045102523));
#3787=DIRECTION('',(-6.12303176911189E-17,-1.,0.));
#3788=DIRECTION('',(-0.258819045102523,1.58475723561395E-17,-0.965925826289068));
#3789=DIRECTION('',(-0.965925826289068,0.,0.258819045102523));
#3790=DIRECTION('',(-6.12303176911189E-17,-1.,0.));
#3791=DIRECTION('',(-6.12303176911189E-17,-1.,0.));
#3792=DIRECTION('',(1.,-6.12303176911189E-17,0.));
#3793=DIRECTION('',(0.258819045102519,-1.58475723561393E-17,0.965925826289069));
#3794=DIRECTION('',(0.965925826289069,0.,-0.258819045102519));
#3795=DIRECTION('',(-6.12303176911189E-17,-1.,0.));
#3796=DIRECTION('',(-0.707106781186549,4.32963728535969E-17,-0.707106781186546));
#3797=DIRECTION('',(-0.707106781186546,0.,0.707106781186549));
#3798=DIRECTION('',(-6.12303176911189E-17,-1.,0.));
#3799=DIRECTION('',(-6.12303176911189E-17,-1.,0.));
#3800=DIRECTION('',(1.,-6.12303176911189E-17,0.));
#3801=DIRECTION('',(0.707106781186546,-4.32963728535967E-17,0.707106781186549));
#3802=DIRECTION('',(0.707106781186549,0.,-0.707106781186546));
#3803=DIRECTION('',(-6.12303176911189E-17,-1.,0.));
#3804=DIRECTION('',(-0.965925826289069,5.91439452097362E-17,-0.258819045102518));
#3805=DIRECTION('',(-0.258819045102518,0.,0.965925826289069));
#3806=DIRECTION('',(-6.12303176911189E-17,-1.,0.));
#3807=DIRECTION('',(-6.12303176911189E-17,-1.,0.));
#3808=DIRECTION('',(1.,-6.12303176911189E-17,0.));
#3809=DIRECTION('',(0.965925826289068,-5.91439452097361E-17,0.258819045102523));
#3810=DIRECTION('',(0.258819045102523,0.,-0.965925826289068));
#3811=DIRECTION('',(-6.12303176911189E-17,-1.,0.));
#3812=DIRECTION('',(-0.965925826289068,5.91439452097361E-17,0.258819045102523));
#3813=DIRECTION('',(0.258819045102523,0.,0.965925826289068));
#3814=DIRECTION('',(-6.12303176911189E-17,-1.,0.));
#3815=DIRECTION('',(-6.12303176911189E-17,-1.,0.));
#3816=DIRECTION('',(1.,-6.12303176911189E-17,0.));
#3817=DIRECTION('',(0.965925826289069,-5.91439452097362E-17,-0.258819045102518));
#3818=DIRECTION('',(-0.258819045102518,0.,-0.965925826289069));
#3819=DIRECTION('',(-6.12303176911189E-17,-1.,0.));
#3820=DIRECTION('',(-0.707106781186546,4.32963728535967E-17,0.707106781186549));
#3821=DIRECTION('',(0.707106781186549,0.,0.707106781186546));
#3822=DIRECTION('',(-6.12303176911189E-17,-1.,0.));
#3823=DIRECTION('',(-6.12303176911189E-17,-1.,0.));
#3824=DIRECTION('',(1.,-6.12303176911189E-17,0.));
#3825=DIRECTION('',(0.707106781186549,-4.32963728535969E-17,-0.707106781186546));
#3826=DIRECTION('',(-0.707106781186546,0.,-0.707106781186549));
#3827=DIRECTION('',(-6.12303176911189E-17,-1.,0.));
#3828=DIRECTION('',(-0.258819045102519,1.58475723561393E-17,0.965925826289069));
#3829=DIRECTION('',(0.965925826289069,0.,0.258819045102519));
#3830=DIRECTION('',(-6.12303176911189E-17,-1.,0.));
#3831=DIRECTION('',(-6.12303176911189E-17,-1.,0.));
#3832=DIRECTION('',(1.,-6.12303176911189E-17,0.));
#3833=DIRECTION('',(0.258819045102523,-1.58475723561395E-17,-0.965925826289068));
#3834=DIRECTION('',(-0.965925826289068,0.,-0.258819045102523));
#3835=DIRECTION('',(-6.12303176911189E-17,-1.,0.));
#3836=DIRECTION('',(0.258819045102523,-1.58475723561395E-17,0.965925826289068));
#3837=DIRECTION('',(0.965925826289068,0.,-0.258819045102523));
#3838=DIRECTION('',(-6.12303176911189E-17,-1.,0.));
#3839=DIRECTION('',(-6.12303176911189E-17,-1.,0.));
#3840=DIRECTION('',(1.,-6.12303176911189E-17,0.));
#3841=DIRECTION('',(-0.258819045102517,1.58475723561392E-17,-0.965925826289069));
#3842=DIRECTION('',(-0.965925826289069,0.,0.258819045102517));
#3843=DIRECTION('',(-6.12303176911189E-17,-1.,0.));
#3844=DIRECTION('',(0.707106781186548,-4.32963728535968E-17,0.707106781186547));
#3845=DIRECTION('',(0.707106781186547,0.,-0.707106781186548));
#3846=DIRECTION('',(-6.12303176911189E-17,-1.,0.));
#3847=DIRECTION('',(-6.12303176911189E-17,-1.,0.));
#3848=DIRECTION('',(1.,-6.12303176911189E-17,0.));
#3849=DIRECTION('',(-0.707106781186545,4.32963728535966E-17,-0.70710678118655));
#3850=DIRECTION('',(-0.70710678118655,0.,0.707106781186545));
#3851=DIRECTION('',(-6.12303176911189E-17,-1.,0.));
#3852=DIRECTION('',(0.965925826289069,-5.91439452097362E-17,0.258819045102519));
#3853=DIRECTION('',(0.258819045102519,0.,-0.965925826289069));
#3854=DIRECTION('',(-6.12303176911189E-17,-1.,0.));
#3855=DIRECTION('',(-6.12303176911189E-17,-1.,0.));
#3856=DIRECTION('',(1.,-6.12303176911189E-17,0.));
#3857=DIRECTION('',(-0.965925826289067,5.91439452097361E-17,-0.258819045102524));
#3858=DIRECTION('',(-0.258819045102524,0.,0.965925826289067));
#3859=DIRECTION('',(-6.12303176911189E-17,-1.,0.));
#3860=DIRECTION('',(0.965925826289068,-5.91439452097361E-17,-0.258819045102522));
#3861=DIRECTION('',(-0.258819045102522,0.,-0.965925826289068));
#3862=DIRECTION('',(-6.12303176911189E-17,-1.,0.));
#3863=DIRECTION('',(-6.12303176911189E-17,-1.,0.));
#3864=DIRECTION('',(1.,-6.12303176911189E-17,0.));
#3865=DIRECTION('',(-0.965925826289069,5.91439452097362E-17,0.258819045102518));
#3866=DIRECTION('',(0.258819045102518,0.,0.965925826289069));
#3867=DIRECTION('',(-6.12303176911189E-17,-1.,0.));
#3868=DIRECTION('',(0.707106781186547,-4.32963728535967E-17,-0.707106781186548));
#3869=DIRECTION('',(-0.707106781186548,0.,-0.707106781186547));
#3870=DIRECTION('',(-6.12303176911189E-17,-1.,0.));
#3871=DIRECTION('',(-6.12303176911189E-17,-1.,0.));
#3872=DIRECTION('',(1.,-6.12303176911189E-17,0.));
#3873=DIRECTION('',(-0.70710678118655,4.32963728535969E-17,0.707106781186545));
#3874=DIRECTION('',(0.707106781186545,0.,0.70710678118655));
#3875=DIRECTION('',(-6.12303176911189E-17,-1.,0.));
#3876=DIRECTION('',(0.25881904510252,-1.58475723561393E-17,-0.965925826289069));
#3877=DIRECTION('',(-0.965925826289069,0.,-0.25881904510252));
#3878=DIRECTION('',(-6.12303176911189E-17,-1.,0.));
#3879=DIRECTION('',(-6.12303176911189E-17,-1.,0.));
#3880=DIRECTION('',(1.,-6.12303176911189E-17,0.));
#3881=DIRECTION('',(0.,0.,1.));
#3882=DIRECTION('',(1.,0.,0.));
#3883=DIRECTION('',(-5.10212787052002E-17,-1.,0.));
#3884=DIRECTION('',(1.,-5.10212787052002E-17,0.));
#3885=DIRECTION('',(-0.373737373737375,1.90685587080042E-17,-0.927534568343353));
#3886=DIRECTION('',(-5.10212787052002E-17,-1.,0.));
#3887=DIRECTION('',(1.,-5.10212787052002E-17,0.));
#3888=DIRECTION('',(0.,0.,-1.));
#3889=DIRECTION('',(-5.10212787052002E-17,-1.,0.));
#3890=DIRECTION('',(1.,-5.10212787052002E-17,0.));
#3891=DIRECTION('',(4.50843617708341E-16,-2.3002617871558E-32,-1.));
#3892=DIRECTION('',(-0.373737373737374,1.90685587080041E-17,-0.927534568343353));
#3893=DIRECTION('',(-5.10212787052002E-17,-1.,0.));
#3894=DIRECTION('',(1.,-5.10212787052002E-17,0.));
#3895=DIRECTION('',(-5.10212787052002E-17,-1.,0.));
#3896=DIRECTION('',(1.,-5.10212787052002E-17,0.));
#3897=DIRECTION('',(-5.10212787052002E-17,-1.,0.));
#3898=DIRECTION('',(1.,-5.10212787052002E-17,0.));
#3899=DIRECTION('',(-0.373737373737374,1.90685587080041E-17,0.927534568343353));
#3900=DIRECTION('',(-2.70506170625004E-16,1.38015707229348E-32,1.));
#3901=DIRECTION('',(-6.12303176911189E-17,-1.,0.));
#3902=DIRECTION('',(1.,-6.12303176911189E-17,0.));
#3903=DIRECTION('',(-6.12303176911189E-17,-1.,0.));
#3904=DIRECTION('',(1.,-6.12303176911189E-17,0.));
#3905=DIRECTION('',(-6.12303176911189E-17,-1.,0.));
#3906=DIRECTION('',(1.,-6.12303176911189E-17,0.));
#3907=DIRECTION('',(-6.12303176911189E-17,-1.,0.));
#3908=DIRECTION('',(1.,-6.12303176911189E-17,0.));
#3909=DIRECTION('',(-6.12303176911189E-17,-1.,0.));
#3910=DIRECTION('',(1.,-6.12303176911189E-17,0.));
#3911=DIRECTION('',(-5.10212787052002E-17,-1.,0.));
#3912=DIRECTION('',(1.,-5.10212787052002E-17,0.));
#3913=DIRECTION('',(6.12303176911189E-17,1.,0.));
#3914=DIRECTION('',(-6.12303176911189E-17,-1.,0.));
#3915=DIRECTION('',(1.,-6.12303176911189E-17,0.));
#3916=DIRECTION('',(6.12303176911189E-17,1.,0.));
#3917=DIRECTION('',(-5.10212787052002E-17,-1.,0.));
#3918=DIRECTION('',(1.,-5.10212787052002E-17,0.));
#3919=DIRECTION('',(0.,-1.,0.));
#3920=DIRECTION('',(0.,0.,-1.));
#3921=DIRECTION('',(-5.10212787052002E-17,-1.,0.));
#3922=DIRECTION('',(1.,-5.10212787052002E-17,0.));
#3923=DIRECTION('',(6.12303176911189E-17,1.,0.));
#3924=DIRECTION('',(-6.12303176911189E-17,-1.,0.));
#3925=DIRECTION('',(1.,-6.12303176911189E-17,0.));
#3926=DIRECTION('',(6.12303176911189E-17,1.,0.));
#3927=DIRECTION('',(-5.10212787052002E-17,-1.,0.));
#3928=DIRECTION('',(1.,-5.10212787052002E-17,0.));
#3929=DIRECTION('',(0.,-1.,0.));
#3930=DIRECTION('',(0.,0.,-1.));
#3931=DIRECTION('',(6.12303176911189E-17,1.,0.));
#3932=DIRECTION('',(-1.,6.12303176911189E-17,0.));
#3933=DIRECTION('',(-0.373737373737375,1.90685587080042E-17,-0.927534568343353));
#3934=DIRECTION('',(-5.10212787052002E-17,-1.,0.));
#3935=DIRECTION('',(-1.,5.10212787052002E-17,0.));
#3936=DIRECTION('',(-0.373737373737374,1.90685587080041E-17,0.927534568343353));
#3937=DIRECTION('',(-0.373737373737374,1.90685587080041E-17,-0.927534568343353));
#3938=DIRECTION('',(5.10212787052002E-17,1.,0.));
#3939=DIRECTION('',(-1.,5.10212787052002E-17,0.));
#3940=DIRECTION('',(-0.373737373737374,1.90685587080041E-17,0.927534568343353));
#3941=DIRECTION('',(5.10212787052002E-17,1.,0.));
#3942=DIRECTION('',(-1.,5.10212787052002E-17,0.));
#3943=DIRECTION('',(-6.12303176911189E-17,-1.,0.));
#3944=DIRECTION('',(1.,-6.12303176911189E-17,0.));
#3945=DIRECTION('',(5.10212787052002E-17,1.,0.));
#3946=DIRECTION('',(-1.,5.10212787052002E-17,0.));
#3947=DIRECTION('',(-6.12303176911189E-17,-1.,0.));
#3948=DIRECTION('',(1.,-6.12303176911189E-17,0.));
#3949=DIRECTION('',(-6.12303176911189E-17,-1.,0.));
#3950=DIRECTION('',(1.,-6.12303176911189E-17,0.));
#3951=DIRECTION('',(-6.12303176911189E-17,-1.,0.));
#3952=DIRECTION('',(1.,-6.12303176911189E-17,0.));
#3953=DIRECTION('',(-6.12303176911189E-17,-1.,0.));
#3954=DIRECTION('',(1.,-6.12303176911189E-17,0.));
#3955=DIRECTION('',(-6.12303176911189E-17,-1.,0.));
#3956=DIRECTION('',(0.,0.,1.));
#3957=DIRECTION('',(-6.12303176911189E-17,-1.,0.));
#3958=DIRECTION('',(1.,-6.12303176911189E-17,0.));
#3959=DIRECTION('',(-6.12303176911189E-17,-1.,0.));
#3960=DIRECTION('',(1.,-6.12303176911189E-17,0.));
#3961=DIRECTION('',(-6.12303176911189E-17,-1.,0.));
#3962=DIRECTION('',(1.,-6.12303176911189E-17,0.));
#3963=DIRECTION('',(-6.12303176911189E-17,-1.,0.));
#3964=DIRECTION('',(1.,-6.12303176911189E-17,0.));
#3965=DIRECTION('',(-5.10212787052002E-17,-1.,0.));
#3966=DIRECTION('',(1.,-5.10212787052002E-17,0.));
#3967=DIRECTION('',(-5.10212787052002E-17,-1.,0.));
#3968=DIRECTION('',(1.,-5.10212787052002E-17,0.));
#3969=DIRECTION('',(-0.373737373737374,1.90685587080041E-17,0.927534568343353));
#3970=DIRECTION('',(-9.01687235416681E-17,4.60052357431159E-33,1.));
#3971=DIRECTION('',(6.12303176911189E-17,1.,0.));
#3972=DIRECTION('',(-1.,6.12303176911189E-17,0.));
#3973=DIRECTION('',(0.,1.,0.));
#3974=DIRECTION('',(0.,-1.,0.));
#3975=DIRECTION('',(0.,0.,-1.));
#3976=DIRECTION('',(0.,1.,0.));
#3977=DIRECTION('',(6.12303176911189E-17,1.,0.));
#3978=DIRECTION('',(6.12303176911189E-17,1.,0.));
#3979=DIRECTION('',(0.927534568343353,-5.67932362891583E-17,-0.373737373737375));
#3980=DIRECTION('',(-0.373737373737375,0.,-0.927534568343353));
#3981=DIRECTION('',(-0.373737373737375,1.90685587080042E-17,-0.927534568343353));
#3982=DIRECTION('',(-0.927534568343353,5.67932362891583E-17,-0.373737373737374));
#3983=DIRECTION('',(-0.373737373737374,0.,0.927534568343353));
#3984=DIRECTION('',(-0.373737373737374,1.90685587080041E-17,0.927534568343353));
#3985=DIRECTION('',(6.12303176911189E-17,1.,0.));
#3986=DIRECTION('',(-1.,6.12303176911189E-17,0.));
#3987=DIRECTION('',(0.,-1.,0.));
#3988=DIRECTION('',(1.,0.,0.));
#3989=DIRECTION('',(6.12303176911189E-17,1.,0.));
#3990=DIRECTION('',(-1.,6.12303176911189E-17,0.));
#3991=DIRECTION('',(0.,-1.,0.));
#3992=DIRECTION('',(1.,0.,0.));
#3993=DIRECTION('',(-0.927534568343353,5.67932362891583E-17,-0.373737373737374));
#3994=DIRECTION('',(-0.373737373737374,0.,0.927534568343353));
#3995=DIRECTION('',(6.12303176911189E-17,1.,0.));
#3996=DIRECTION('',(-0.373737373737374,1.90685587080041E-17,0.927534568343353));
#3997=DIRECTION('',(0.927534568343353,-5.67932362891583E-17,-0.373737373737374));
#3998=DIRECTION('',(-0.373737373737374,0.,-0.927534568343353));
#3999=DIRECTION('',(-0.373737373737374,1.90685587080041E-17,-0.927534568343353));
#4000=DIRECTION('',(6.12303176911189E-17,1.,0.));
#4001=DIRECTION('',(6.12303176911189E-17,1.,0.));
#4002=DIRECTION('',(-1.,6.12303176911189E-17,0.));
#4003=DIRECTION('',(0.,1.,0.));
#4004=DIRECTION('',(0.,-1.,0.));
#4005=DIRECTION('',(0.,0.,-1.));
#4006=DIRECTION('',(0.,1.,0.));
#4007=DIRECTION('',(0.,-1.,0.));
#4008=DIRECTION('',(0.,0.,-1.));
#4009=DIRECTION('',(-4.50843617708341E-16,0.,1.));
#4010=DIRECTION('',(0.,-1.,0.));
#4011=DIRECTION('',(0.,0.,-1.));
#4012=DIRECTION('',(2.70506170625004E-16,0.,-1.));
#4013=DIRECTION('',(0.,-1.,0.));
#4014=DIRECTION('',(0.,0.,-1.));
#4015=DIRECTION('',(-1.,0.,-4.50843617708341E-16));
#4016=DIRECTION('',(-4.50843617708341E-16,0.,1.));
#4017=DIRECTION('',(-1.24456723917701E-47,-1.,2.7605297941295E-32));
#4018=DIRECTION('',(-4.50843617708341E-16,0.,1.));
#4019=DIRECTION('',(-1.,0.,-4.50843617708341E-16));
#4020=DIRECTION('',(4.50843617708341E-16,2.05583267285251E-17,-1.));
#4021=DIRECTION('',(1.,0.,2.70506170625004E-16));
#4022=DIRECTION('',(2.70506170625004E-16,0.,-1.));
#4023=DIRECTION('',(-4.48044206103722E-48,-1.,1.6563178764777E-32));
#4024=DIRECTION('',(1.,0.,2.70506170625004E-16));
#4025=DIRECTION('',(-2.70506170625004E-16,2.05583267285251E-17,1.));
#4026=DIRECTION('',(2.70506170625004E-16,0.,-1.));
#4027=DIRECTION('',(0.,-1.,0.));
#4028=DIRECTION('',(0.,0.,-1.));
#4029=DIRECTION('',(0.,0.,1.));
#4030=DIRECTION('',(0.,-1.,0.));
#4031=DIRECTION('',(0.,0.,-1.));
#4032=DIRECTION('',(9.01687235416681E-17,0.,-1.));
#4033=DIRECTION('',(0.,-1.,0.));
#4034=DIRECTION('',(0.,0.,-1.));
#4035=DIRECTION('',(-1.,0.,0.));
#4036=DIRECTION('',(0.,0.,1.));
#4037=DIRECTION('',(0.,1.,0.));
#4038=DIRECTION('',(0.,0.,1.));
#4039=DIRECTION('',(-1.,0.,0.));
#4040=DIRECTION('',(0.,-2.05583267285251E-17,1.));
#4041=DIRECTION('',(1.,0.,9.01687235416681E-17));
#4042=DIRECTION('',(9.01687235416681E-17,0.,-1.));
#4043=DIRECTION('',(4.97826895670802E-49,1.,-5.52105958825901E-33));
#4044=DIRECTION('',(1.,0.,9.01687235416681E-17));
#4045=DIRECTION('',(9.01687235416681E-17,-2.05583267285251E-17,-1.));
#4046=DIRECTION('',(9.01687235416681E-17,0.,-1.));
#4047=DIRECTION('',(-6.12303176911189E-17,-1.,0.));
#4048=DIRECTION('',(1.,-6.12303176911189E-17,0.));
#4049=DIRECTION('',(0.,0.,1.));
#4050=DIRECTION('',(1.,0.,0.));
#4051=DIRECTION('',(0.,0.,1.));
#4052=DIRECTION('',(1.,0.,0.));
#4053=DIRECTION('',(0.,-1.,0.));
#4054=DIRECTION('',(0.,0.,-1.));
#4055=DIRECTION('',(0.,0.,-1.));
#4056=DIRECTION('',(-1.,0.,0.));
#4057=DIRECTION('',(9.01687235416681E-17,0.,-1.));
#4058=DIRECTION('',(-1.,0.,-9.01687235416681E-17));
#4059=DIRECTION('',(-2.70506170625004E-16,0.,1.));
#4060=DIRECTION('',(1.,0.,2.70506170625004E-16));
#4061=DIRECTION('',(0.,0.,-1.));
#4062=DIRECTION('',(-1.,0.,0.));
#4063=DIRECTION('',(0.,-1.,0.));
#4064=DIRECTION('',(0.,0.,-1.));
#4065=DIRECTION('',(0.,0.,1.));
#4066=DIRECTION('',(1.,0.,0.));
#4067=DIRECTION('',(4.50843617708341E-16,0.,-1.));
#4068=DIRECTION('',(-1.,0.,-4.50843617708341E-16));
#4069=DIRECTION('',(-0.373737373737374,1.90685587080041E-17,-0.927534568343353));
#4070=DIRECTION('',(-0.927534568343353,0.,0.373737373737374));
#4071=DIRECTION('',(0.695588759377918,0.,0.718440169970395));
#4072=DIRECTION('',(0.718440169970395,0.,-0.695588759377918));
#4073=DIRECTION('',(-5.10212787052002E-17,-1.,0.));
#4074=DIRECTION('',(1.,-5.10212787052002E-17,0.));
#4075=DIRECTION('',(-6.12303176911189E-17,-1.,0.));
#4076=DIRECTION('',(1.,-6.12303176911189E-17,0.));
#4077=DIRECTION('',(0.,1.,0.));
#4078=DIRECTION('',(0.,0.,1.));
#4079=DIRECTION('',(0.915522710134988,0.,0.402266288951841));
#4080=DIRECTION('',(0.402266288951841,0.,-0.915522710134989));
#4081=DIRECTION('',(0.,-1.,0.));
#4082=DIRECTION('',(0.,0.,-1.));
#4083=DIRECTION('',(0.915522710134988,0.,-0.402266288951841));
#4084=DIRECTION('',(-0.402266288951841,0.,-0.915522710134989));
#4085=DIRECTION('',(0.,-1.,0.));
#4086=DIRECTION('',(0.,0.,-1.));
#4087=DIRECTION('',(-6.12303176911189E-17,-1.,0.));
#4088=DIRECTION('',(1.,-6.12303176911189E-17,0.));
#4089=DIRECTION('',(-5.10212787052002E-17,-1.,0.));
#4090=DIRECTION('',(1.,-5.10212787052002E-17,0.));
#4091=DIRECTION('',(0.695588759377918,0.,-0.718440169970395));
#4092=DIRECTION('',(-0.718440169970395,0.,-0.695588759377918));
#4093=DIRECTION('',(-0.373737373737374,1.90685587080041E-17,0.927534568343353));
#4094=DIRECTION('',(0.927534568343353,0.,0.373737373737374));
#4095=DIRECTION('',(0.373737373737375,-1.90685587080042E-17,0.927534568343353));
#4096=DIRECTION('',(0.927534568343353,0.,-0.373737373737375));
#4097=DIRECTION('',(-0.69558875937792,0.,-0.718440169970392));
#4098=DIRECTION('',(-0.718440169970392,0.,0.69558875937792));
#4099=DIRECTION('',(-5.10212787052002E-17,-1.,0.));
#4100=DIRECTION('',(1.,-5.10212787052002E-17,0.));
#4101=DIRECTION('',(-6.12303176911189E-17,-1.,0.));
#4102=DIRECTION('',(1.,-6.12303176911189E-17,0.));
#4103=DIRECTION('',(0.,1.,0.));
#4104=DIRECTION('',(0.,0.,1.));
#4105=DIRECTION('',(-0.915522710134988,0.,-0.402266288951841));
#4106=DIRECTION('',(-0.402266288951841,0.,0.915522710134989));
#4107=DIRECTION('',(0.,-1.,0.));
#4108=DIRECTION('',(0.,0.,-1.));
#4109=DIRECTION('',(-0.915522710134988,0.,0.402266288951841));
#4110=DIRECTION('',(0.402266288951841,0.,0.915522710134989));
#4111=DIRECTION('',(0.,-1.,0.));
#4112=DIRECTION('',(0.,0.,-1.));
#4113=DIRECTION('',(-6.12303176911189E-17,-1.,0.));
#4114=DIRECTION('',(1.,-6.12303176911189E-17,0.));
#4115=DIRECTION('',(-5.10212787052002E-17,-1.,0.));
#4116=DIRECTION('',(1.,-5.10212787052002E-17,0.));
#4117=DIRECTION('',(-0.695588759377918,0.,0.718440169970395));
#4118=DIRECTION('',(0.718440169970395,0.,0.695588759377918));
#4119=DIRECTION('',(0.373737373737374,-1.90685587080041E-17,-0.927534568343353));
#4120=DIRECTION('',(-0.927534568343353,0.,-0.373737373737374));
#4121=DIRECTION('',(0.,0.,1.));
#4122=DIRECTION('',(1.,0.,0.));
#4123=DIRECTION('',(-9.55260339106323E-33,-1.56011004862854E-16,1.));
#4124=DIRECTION('',(0.,-1.,-1.56011004862854E-16));
#4125=DIRECTION('',(-9.55260339106323E-33,-1.56011004862854E-16,1.));
#4126=DIRECTION('',(0.,-1.,-1.56011004862854E-16));
#4127=DIRECTION('',(-9.55260339106323E-33,-1.56011004862854E-16,1.));
#4128=DIRECTION('',(0.,-1.,-1.56011004862854E-16));
#4129=DIRECTION('',(9.55260339106323E-33,1.56011004862854E-16,-1.));
#4130=DIRECTION('',(0.,1.,1.56011004862854E-16));
#4131=DIRECTION('',(-9.55260339106323E-33,-1.56011004862854E-16,1.));
#4132=DIRECTION('',(0.,-1.,-1.56011004862854E-16));
#4133=DIRECTION('',(-9.55260339106323E-33,-1.56011004862854E-16,1.));
#4134=DIRECTION('',(0.,-1.,-1.56011004862854E-16));
#4135=DIRECTION('',(-9.55260339106323E-33,-1.56011004862854E-16,1.));
#4136=DIRECTION('',(0.,-1.,-1.56011004862854E-16));
#4137=DIRECTION('',(-9.55260339106323E-33,-1.56011004862854E-16,1.));
#4138=DIRECTION('',(0.,-1.,-1.56011004862854E-16));
#4139=DIRECTION('',(-9.55260339106323E-33,-1.56011004862854E-16,1.));
#4140=DIRECTION('',(0.,-1.,-1.56011004862854E-16));
#4141=DIRECTION('',(0.,0.,1.));
#4142=DIRECTION('',(1.,0.,0.));
#4143=CARTESIAN_POINT('',(0.,0.,0.));
#4144=CARTESIAN_POINT('',(0.,0.,0.));
#4145=CARTESIAN_POINT('',(1.79494174268432E-16,2.931459137186,0.));
#4146=CARTESIAN_POINT('',(-12.2002237594714,2.931459137186,11.838688281175));
#4147=CARTESIAN_POINT('',(-16.998077716288,2.931459137186,0.255644188342908));
#4148=CARTESIAN_POINT('',(-16.998077716288,2.931459137186,0.255644188342893));
#4149=CARTESIAN_POINT('',(-16.094833725574,2.23818698703851,0.248852360910523));
#4150=CARTESIAN_POINT('',(-15.0105360019674,0.00623940135813369,0.240216306774684));
#4151=CARTESIAN_POINT('',(-16.0948258257055,-2.23818092360837,0.24885230150847));
#4152=CARTESIAN_POINT('',(-16.9980777162912,-2.93145913718901,0.255644188342916));
#4153=CARTESIAN_POINT('',(-16.9980777162889,-2.93145913719214,0.25564418828076));
#4154=CARTESIAN_POINT('',(-1.79494174268432E-16,-2.931459137186,0.));
#4155=CARTESIAN_POINT('',(-12.2002237594714,-2.931459137186,11.838688281175));
#4156=CARTESIAN_POINT('',(-12.2002237594714,-2.931459137186,11.838688281175));
#4157=CARTESIAN_POINT('',(-11.5567312613379,-2.23818698703896,11.2048008775096));
#4158=CARTESIAN_POINT('',(-10.7839103757084,-0.0062394013606549,10.4441932167645));
#4159=CARTESIAN_POINT('',(-11.5567256332818,2.2381809236051,11.2047953334608));
#4160=CARTESIAN_POINT('',(-12.2002237594712,2.93145913718631,11.8386882811748));
#4161=CARTESIAN_POINT('',(0.,0.,0.));
#4162=CARTESIAN_POINT('',(1.79494174268432E-16,2.93145913718599,0.));
#4163=CARTESIAN_POINT('',(-15.4047275886404,2.93145913718599,14.9981454826849));
#4164=CARTESIAN_POINT('',(-21.498077716288,2.931459137186,0.287496964230185));
#4165=CARTESIAN_POINT('',(-15.4047275886403,-2.931459137186,14.998145482685));
#4166=CARTESIAN_POINT('',(-16.0476893229633,-2.23818555632098,15.6325662863123));
#4167=CARTESIAN_POINT('',(-16.8193051059982,-0.00623879804672678,16.3943737897242));
#4168=CARTESIAN_POINT('',(-16.0476949346409,2.23817950552939,15.6325718234458));
#4169=CARTESIAN_POINT('',(-15.4047275886405,2.9314591371863,14.9981454826852));
#4170=CARTESIAN_POINT('',(-15.4047275886403,-2.931459137186,14.998145482685));
#4171=CARTESIAN_POINT('',(-1.79494174268432E-16,-2.931459137186,0.));
#4172=CARTESIAN_POINT('',(-21.498077716288,-2.931459137186,0.287496964230269));
#4173=CARTESIAN_POINT('',(-21.498077716288,2.931459137186,0.287496964230154));
#4174=CARTESIAN_POINT('',(-22.401323571042,2.23818555632097,0.293536314242697));
#4175=CARTESIAN_POINT('',(-23.4856175753178,0.00623879804672223,0.300471815275679));
#4176=CARTESIAN_POINT('',(-22.4013314544419,-2.2381795055294,0.29353636695328));
#4177=CARTESIAN_POINT('',(-21.4980777162883,-2.93145913718631,0.287496964230161));
#4178=CARTESIAN_POINT('',(-13.611805537841,8.33455177431738E-16,13.611805537841));
#4179=CARTESIAN_POINT('',(-15.4047275886404,2.93145913718599,14.9981454826849));
#4180=CARTESIAN_POINT('',(-15.2710126474796,2.94829062580988,15.1354852788278));
#4181=CARTESIAN_POINT('',(-15.1354852788278,2.94829062580988,15.2710126474796));
#4182=CARTESIAN_POINT('',(-14.9981454826849,2.93145913718599,15.4047275886404));
#4183=CARTESIAN_POINT('',(-14.9981454826849,2.931459137186,15.4047275886404));
#4184=CARTESIAN_POINT('',(-14.998145482685,2.931459137186,15.4047275886403));
#4185=CARTESIAN_POINT('',(-15.6325662863123,2.23818555632097,16.0476893229633));
#4186=CARTESIAN_POINT('',(-16.3943737897242,0.00623879804672093,16.8193051059981));
#4187=CARTESIAN_POINT('',(-15.6325718234458,-2.2381795055294,16.0476949346409));
#4188=CARTESIAN_POINT('',(-14.9981454826852,-2.93145913718631,15.4047275886405));
#4189=CARTESIAN_POINT('',(-14.9981454826849,-2.931459137186,15.4047275886404));
#4190=CARTESIAN_POINT('',(-14.9981454826849,-2.93145913718599,15.4047275886404));
#4191=CARTESIAN_POINT('',(-15.1354852788277,-2.94829062580988,15.2710126474796));
#4192=CARTESIAN_POINT('',(-15.2710126474796,-2.94829062580988,15.1354852788278));
#4193=CARTESIAN_POINT('',(-15.4047275886403,-2.931459137186,14.998145482685));
#4194=CARTESIAN_POINT('',(-11.838688281175,2.931459137186,12.2002237594714));
#4195=CARTESIAN_POINT('',(-11.2048008775092,2.23818698703851,11.5567312613375));
#4196=CARTESIAN_POINT('',(-10.444193216764,0.00623940135813413,10.7839103757079));
#4197=CARTESIAN_POINT('',(-11.2047953334622,-2.23818092360837,11.5567256332832));
#4198=CARTESIAN_POINT('',(-11.8386882811773,-2.93145913718901,12.2002237594737));
#4199=CARTESIAN_POINT('',(-11.838688281175,2.931459137186,12.2002237594714));
#4200=CARTESIAN_POINT('',(-11.8386882812196,-2.93145913719214,12.2002237594281));
#4201=CARTESIAN_POINT('',(-12.2002237594714,2.931459137186,11.838688281175));
#4202=CARTESIAN_POINT('',(-12.0815243823143,2.94829082501646,11.9610125562155));
#4203=CARTESIAN_POINT('',(-11.9610125562155,2.94829082501646,12.0815243823143));
#4204=CARTESIAN_POINT('',(-11.838688281175,2.931459137186,12.2002237594714));
#4205=CARTESIAN_POINT('',(-11.8386882812196,-2.93145913719214,12.2002237594281));
#4206=CARTESIAN_POINT('',(-11.9610125562448,-2.94829082501642,12.081524382285));
#4207=CARTESIAN_POINT('',(-12.0815243823288,-2.94829082501441,11.9610125562007));
#4208=CARTESIAN_POINT('',(-12.2002237594714,-2.931459137186,11.838688281175));
#4209=CARTESIAN_POINT('',(0.,0.,0.));
#4210=CARTESIAN_POINT('',(1.79494174268432E-16,2.931459137186,0.));
#4211=CARTESIAN_POINT('',(-16.998077716288,2.931459137186,-0.255644188342924));
#4212=CARTESIAN_POINT('',(-12.2002237594714,2.931459137186,-11.838688281175));
#4213=CARTESIAN_POINT('',(-12.2002237594714,2.931459137186,-11.838688281175));
#4214=CARTESIAN_POINT('',(-11.5567312613375,2.23818698703851,-11.2048008775092));
#4215=CARTESIAN_POINT('',(-10.7839103757079,0.00623940135813369,-10.444193216764));
#4216=CARTESIAN_POINT('',(-11.5567256332833,-2.23818092360837,-11.2047953334622));
#4217=CARTESIAN_POINT('',(-12.2002237594737,-2.93145913718901,-11.8386882811773));
#4218=CARTESIAN_POINT('',(-12.2002237594281,-2.93145913719214,-11.8386882812196));
#4219=CARTESIAN_POINT('',(-1.79494174268432E-16,-2.931459137186,0.));
#4220=CARTESIAN_POINT('',(-16.998077716288,-2.931459137186,-0.255644188342918));
#4221=CARTESIAN_POINT('',(-16.998077716288,-2.931459137186,-0.255644188342906));
#4222=CARTESIAN_POINT('',(-16.0948337255746,-2.23818698703896,-0.248852360910529));
#4223=CARTESIAN_POINT('',(-15.0105360019681,-0.00623940136065619,-0.24021630677468));
#4224=CARTESIAN_POINT('',(-16.0948258257035,2.2381809236051,-0.248852301508461));
#4225=CARTESIAN_POINT('',(-16.9980777162877,2.93145913718631,-0.255644188342905));
#4226=CARTESIAN_POINT('',(0.,0.,0.));
#4227=CARTESIAN_POINT('',(1.79494174268432E-16,2.93145913718599,0.));
#4228=CARTESIAN_POINT('',(-21.498077716288,2.93145913718599,-0.287496964230218));
#4229=CARTESIAN_POINT('',(-15.4047275886404,2.931459137186,-14.9981454826849));
#4230=CARTESIAN_POINT('',(-21.498077716288,-2.931459137186,-0.287496964230161));
#4231=CARTESIAN_POINT('',(-22.401323571042,-2.23818555632097,-0.293536314242704));
#4232=CARTESIAN_POINT('',(-23.4856175753178,-0.00623879804673003,-0.300471815275678));
#4233=CARTESIAN_POINT('',(-22.4013314544419,2.23817950552939,-0.293536366953287));
#4234=CARTESIAN_POINT('',(-21.4980777162883,2.9314591371863,-0.287496964230167));
#4235=CARTESIAN_POINT('',(-21.498077716288,-2.931459137186,-0.287496964230162));
#4236=CARTESIAN_POINT('',(-1.79494174268432E-16,-2.931459137186,0.));
#4237=CARTESIAN_POINT('',(-15.4047275886404,-2.931459137186,-14.9981454826849));
#4238=CARTESIAN_POINT('',(-15.4047275886403,2.931459137186,-14.998145482685));
#4239=CARTESIAN_POINT('',(-16.0476893229633,2.23818555632097,-15.6325662863123));
#4240=CARTESIAN_POINT('',(-16.8193051059981,0.00623879804672353,-16.3943737897243));
#4241=CARTESIAN_POINT('',(-16.0476949346408,-2.2381795055294,-15.6325718234458));
#4242=CARTESIAN_POINT('',(-15.4047275886405,-2.93145913718631,-14.9981454826852));
#4243=CARTESIAN_POINT('',(-19.25,1.17868361555404E-15,-3.09563610062753E-15));
#4244=CARTESIAN_POINT('',(-21.498077716288,2.93145913718599,-0.287496964230218));
#4245=CARTESIAN_POINT('',(-21.5006408758266,2.94829062580988,-0.0958323214100827));
#4246=CARTESIAN_POINT('',(-21.5006408758266,2.94829062580988,0.0958323214100518));
#4247=CARTESIAN_POINT('',(-21.498077716288,2.931459137186,0.287496964230185));
#4248=CARTESIAN_POINT('',(-21.498077716288,-2.93145913718599,0.287496964230269));
#4249=CARTESIAN_POINT('',(-21.5006408758266,-2.94829062580988,0.0958323214101261));
#4250=CARTESIAN_POINT('',(-21.5006408758266,-2.94829062580988,-0.0958323214100177));
#4251=CARTESIAN_POINT('',(-21.498077716288,-2.931459137186,-0.287496964230162));
#4252=CARTESIAN_POINT('',(-16.998077716288,2.931459137186,-0.255644188342924));
#4253=CARTESIAN_POINT('',(-17.0006409061625,2.94829082501646,-0.0852147294476434));
#4254=CARTESIAN_POINT('',(-17.0006409061625,2.94829082501646,0.0852147294476338));
#4255=CARTESIAN_POINT('',(-16.998077716288,2.931459137186,0.255644188342908));
#4256=CARTESIAN_POINT('',(-16.9980777162889,-2.93145913719214,0.25564418828076));
#4257=CARTESIAN_POINT('',(-17.0006409061625,-2.94829082501642,0.0852147294062038));
#4258=CARTESIAN_POINT('',(-17.0006409061622,-2.94829082501441,-0.0852147294683554));
#4259=CARTESIAN_POINT('',(-16.998077716288,-2.931459137186,-0.255644188342918));
#4260=CARTESIAN_POINT('',(0.,0.,0.));
#4261=CARTESIAN_POINT('',(1.79494174268432E-16,2.931459137186,0.));
#4262=CARTESIAN_POINT('',(-11.838688281175,2.931459137186,-12.2002237594714));
#4263=CARTESIAN_POINT('',(-0.255644188342912,2.931459137186,-16.998077716288));
#4264=CARTESIAN_POINT('',(-0.255644188342898,2.931459137186,-16.998077716288));
#4265=CARTESIAN_POINT('',(-0.248852360910528,2.23818698703851,-16.094833725574));
#4266=CARTESIAN_POINT('',(-0.240216306774686,0.00623940135813326,-15.0105360019674));
#4267=CARTESIAN_POINT('',(-0.24885230150848,-2.23818092360837,-16.0948258257055));
#4268=CARTESIAN_POINT('',(-0.255644188342926,-2.93145913718901,-16.9980777162912));
#4269=CARTESIAN_POINT('',(-0.255644188280765,-2.93145913719214,-16.9980777162889));
#4270=CARTESIAN_POINT('',(-1.79494174268432E-16,-2.931459137186,0.));
#4271=CARTESIAN_POINT('',(-11.838688281175,-2.931459137186,-12.2002237594714));
#4272=CARTESIAN_POINT('',(-11.838688281175,-2.931459137186,-12.2002237594714));
#4273=CARTESIAN_POINT('',(-11.2048008775096,-2.23818698703896,-11.5567312613379));
#4274=CARTESIAN_POINT('',(-10.4441932167645,-0.00623940136065533,-10.7839103757084));
#4275=CARTESIAN_POINT('',(-11.2047953334608,2.2381809236051,-11.5567256332818));
#4276=CARTESIAN_POINT('',(-11.8386882811748,2.93145913718631,-12.2002237594712));
#4277=CARTESIAN_POINT('',(0.,0.,0.));
#4278=CARTESIAN_POINT('',(1.79494174268432E-16,2.93145913718599,0.));
#4279=CARTESIAN_POINT('',(-14.9981454826849,2.93145913718599,-15.4047275886404));
#4280=CARTESIAN_POINT('',(-0.287496964230191,2.931459137186,-21.498077716288));
#4281=CARTESIAN_POINT('',(-14.998145482685,-2.931459137186,-15.4047275886403));
#4282=CARTESIAN_POINT('',(-15.6325662863123,-2.23818555632098,-16.0476893229633));
#4283=CARTESIAN_POINT('',(-16.3943737897243,-0.0062387980467257,-16.8193051059981));
#4284=CARTESIAN_POINT('',(-15.6325718234458,2.23817950552939,-16.0476949346409));
#4285=CARTESIAN_POINT('',(-14.9981454826852,2.9314591371863,-15.4047275886405));
#4286=CARTESIAN_POINT('',(-14.998145482685,-2.931459137186,-15.4047275886403));
#4287=CARTESIAN_POINT('',(-1.79494174268432E-16,-2.931459137186,0.));
#4288=CARTESIAN_POINT('',(-0.287496964230275,-2.931459137186,-21.498077716288));
#4289=CARTESIAN_POINT('',(-0.287496964230128,2.931459137186,-21.498077716288));
#4290=CARTESIAN_POINT('',(-0.293536314242672,2.23818555632097,-22.401323571042));
#4291=CARTESIAN_POINT('',(-0.300471815275702,0.00623879804671941,-23.4856175753178));
#4292=CARTESIAN_POINT('',(-0.293536366953286,-2.2381795055294,-22.4013314544419));
#4293=CARTESIAN_POINT('',(-0.287496964230168,-2.93145913718631,-21.4980777162883));
#4294=CARTESIAN_POINT('',(-13.611805537841,8.33455177431738E-16,-13.611805537841));
#4295=CARTESIAN_POINT('',(-14.9981454826849,2.93145913718599,-15.4047275886404));
#4296=CARTESIAN_POINT('',(-15.1354852788278,2.94829062580988,-15.2710126474796));
#4297=CARTESIAN_POINT('',(-15.2710126474796,2.94829062580988,-15.1354852788278));
#4298=CARTESIAN_POINT('',(-15.4047275886404,2.93145913718599,-14.998145482685));
#4299=CARTESIAN_POINT('',(-15.4047275886404,-2.93145913718599,-14.9981454826849));
#4300=CARTESIAN_POINT('',(-15.2710126474796,-2.94829062580988,-15.1354852788277));
#4301=CARTESIAN_POINT('',(-15.1354852788278,-2.94829062580988,-15.2710126474796));
#4302=CARTESIAN_POINT('',(-14.998145482685,-2.931459137186,-15.4047275886404));
#4303=CARTESIAN_POINT('',(-11.838688281175,2.931459137186,-12.2002237594714));
#4304=CARTESIAN_POINT('',(-11.9610125562155,2.94829082501646,-12.0815243823143));
#4305=CARTESIAN_POINT('',(-12.0815243823143,2.94829082501646,-11.9610125562155));
#4306=CARTESIAN_POINT('',(-12.2002237594714,2.931459137186,-11.838688281175));
#4307=CARTESIAN_POINT('',(-12.2002237594281,-2.93145913719214,-11.8386882812196));
#4308=CARTESIAN_POINT('',(-12.081524382285,-2.94829082501642,-11.9610125562448));
#4309=CARTESIAN_POINT('',(-11.9610125562007,-2.94829082501441,-12.0815243823288));
#4310=CARTESIAN_POINT('',(-11.838688281175,-2.931459137186,-12.2002237594714));
#4311=CARTESIAN_POINT('',(0.,0.,0.));
#4312=CARTESIAN_POINT('',(1.79494174268432E-16,2.931459137186,0.));
#4313=CARTESIAN_POINT('',(0.255644188342919,2.931459137186,-16.998077716288));
#4314=CARTESIAN_POINT('',(11.838688281175,2.931459137186,-12.2002237594714));
#4315=CARTESIAN_POINT('',(11.838688281175,2.931459137186,-12.2002237594714));
#4316=CARTESIAN_POINT('',(11.2048008775092,2.23818698703851,-11.5567312613374));
#4317=CARTESIAN_POINT('',(10.444193216764,0.00623940135813326,-10.7839103757079));
#4318=CARTESIAN_POINT('',(11.2047953334622,-2.23818092360837,-11.5567256332832));
#4319=CARTESIAN_POINT('',(11.8386882811773,-2.93145913718901,-12.2002237594737));
#4320=CARTESIAN_POINT('',(11.8386882812196,-2.93145913719214,-12.2002237594281));
#4321=CARTESIAN_POINT('',(-1.79494174268432E-16,-2.931459137186,0.));
#4322=CARTESIAN_POINT('',(0.255644188342913,-2.931459137186,-16.998077716288));
#4323=CARTESIAN_POINT('',(0.255644188342901,-2.931459137186,-16.998077716288));
#4324=CARTESIAN_POINT('',(0.248852360910524,-2.23818698703896,-16.0948337255746));
#4325=CARTESIAN_POINT('',(0.240216306774687,-0.0062394013606575,-15.0105360019681));
#4326=CARTESIAN_POINT('',(0.248852301508456,2.2381809236051,-16.0948258257035));
#4327=CARTESIAN_POINT('',(0.255644188342901,2.93145913718631,-16.9980777162877));
#4328=CARTESIAN_POINT('',(0.,0.,0.));
#4329=CARTESIAN_POINT('',(1.79494174268432E-16,2.93145913718599,0.));
#4330=CARTESIAN_POINT('',(0.287496964230212,2.93145913718599,-21.498077716288));
#4331=CARTESIAN_POINT('',(14.9981454826849,2.93145913718599,-15.4047275886404));
#4332=CARTESIAN_POINT('',(0.287496964230154,-2.931459137186,-21.498077716288));
#4333=CARTESIAN_POINT('',(0.293536314242697,-2.23818555632098,-22.401323571042));
#4334=CARTESIAN_POINT('',(0.300471815275672,-0.00623879804673177,-23.4856175753178));
#4335=CARTESIAN_POINT('',(0.293536366953281,2.23817950552939,-22.4013314544419));
#4336=CARTESIAN_POINT('',(0.287496964230161,2.9314591371863,-21.4980777162883));
#4337=CARTESIAN_POINT('',(0.287496964230156,-2.931459137186,-21.498077716288));
#4338=CARTESIAN_POINT('',(-1.79494174268432E-16,-2.931459137186,0.));
#4339=CARTESIAN_POINT('',(14.9981454826849,-2.931459137186,-15.4047275886404));
#4340=CARTESIAN_POINT('',(14.998145482685,2.931459137186,-15.4047275886404));
#4341=CARTESIAN_POINT('',(15.6325662863123,2.23818555632097,-16.0476893229634));
#4342=CARTESIAN_POINT('',(16.3943737897242,0.00623879804672114,-16.8193051059981));
#4343=CARTESIAN_POINT('',(15.6325718234458,-2.2381795055294,-16.0476949346409));
#4344=CARTESIAN_POINT('',(14.9981454826851,-2.93145913718631,-15.4047275886405));
#4345=CARTESIAN_POINT('',(-2.35744508835866E-15,1.44347111699568E-31,-19.25));
#4346=CARTESIAN_POINT('',(0.287496964230212,2.93145913718599,-21.498077716288));
#4347=CARTESIAN_POINT('',(0.0958323214100768,2.94829062580988,-21.5006408758266));
#4348=CARTESIAN_POINT('',(-0.0958323214100577,2.94829062580988,-21.5006408758266));
#4349=CARTESIAN_POINT('',(-0.287496964230191,2.931459137186,-21.498077716288));
#4350=CARTESIAN_POINT('',(-0.287496964230275,-2.93145913718599,-21.498077716288));
#4351=CARTESIAN_POINT('',(-0.0958323214101324,-2.94829062580988,-21.5006408758266));
#4352=CARTESIAN_POINT('',(0.0958323214100113,-2.94829062580989,-21.5006408758266));
#4353=CARTESIAN_POINT('',(0.287496964230156,-2.931459137186,-21.498077716288));
#4354=CARTESIAN_POINT('',(0.255644188342919,2.931459137186,-16.998077716288));
#4355=CARTESIAN_POINT('',(0.0852147294476388,2.94829082501646,-17.0006409061625));
#4356=CARTESIAN_POINT('',(-0.0852147294476383,2.94829082501646,-17.0006409061625));
#4357=CARTESIAN_POINT('',(-0.255644188342912,2.931459137186,-16.998077716288));
#4358=CARTESIAN_POINT('',(-0.255644188280765,-2.93145913719214,-16.9980777162889));
#4359=CARTESIAN_POINT('',(-0.0852147294062088,-2.94829082501642,-17.0006409061625));
#4360=CARTESIAN_POINT('',(0.0852147294683504,-2.94829082501441,-17.0006409061622));
#4361=CARTESIAN_POINT('',(0.255644188342913,-2.931459137186,-16.998077716288));
#4362=CARTESIAN_POINT('',(0.,0.,0.));
#4363=CARTESIAN_POINT('',(1.79494174268432E-16,2.931459137186,0.));
#4364=CARTESIAN_POINT('',(12.2002237594714,2.931459137186,-11.838688281175));
#4365=CARTESIAN_POINT('',(16.998077716288,2.931459137186,-0.255644188342914));
#4366=CARTESIAN_POINT('',(16.998077716288,2.931459137186,-0.255644188342905));
#4367=CARTESIAN_POINT('',(16.094833725574,2.23818698703851,-0.248852360910535));
#4368=CARTESIAN_POINT('',(15.0105360019674,0.00623940135813217,-0.24021630677467));
#4369=CARTESIAN_POINT('',(16.0948258257055,-2.23818092360837,-0.248852301508487));
#4370=CARTESIAN_POINT('',(16.9980777162912,-2.93145913718901,-0.255644188342933));
#4371=CARTESIAN_POINT('',(16.9980777162889,-2.93145913719214,-0.255644188280766));
#4372=CARTESIAN_POINT('',(-1.79494174268432E-16,-2.931459137186,0.));
#4373=CARTESIAN_POINT('',(12.2002237594714,-2.931459137186,-11.838688281175));
#4374=CARTESIAN_POINT('',(12.2002237594714,-2.931459137186,-11.838688281175));
#4375=CARTESIAN_POINT('',(11.5567312613379,-2.23818698703896,-11.2048008775096));
#4376=CARTESIAN_POINT('',(10.7839103757084,-0.00623940136065598,-10.4441932167645));
#4377=CARTESIAN_POINT('',(11.5567256332818,2.2381809236051,-11.2047953334608));
#4378=CARTESIAN_POINT('',(12.2002237594712,2.93145913718631,-11.8386882811748));
#4379=CARTESIAN_POINT('',(0.,0.,0.));
#4380=CARTESIAN_POINT('',(1.79494174268432E-16,2.93145913718599,0.));
#4381=CARTESIAN_POINT('',(15.4047275886404,2.93145913718599,-14.9981454826849));
#4382=CARTESIAN_POINT('',(21.498077716288,2.93145913718599,-0.287496964230193));
#4383=CARTESIAN_POINT('',(15.4047275886404,-2.931459137186,-14.998145482685));
#4384=CARTESIAN_POINT('',(16.0476893229634,-2.23818555632097,-15.6325662863123));
#4385=CARTESIAN_POINT('',(16.8193051059981,-0.00623879804673047,-16.3943737897243));
#4386=CARTESIAN_POINT('',(16.0476949346409,2.23817950552939,-15.6325718234458));
#4387=CARTESIAN_POINT('',(15.4047275886405,2.9314591371863,-14.9981454826852));
#4388=CARTESIAN_POINT('',(15.4047275886403,-2.931459137186,-14.998145482685));
#4389=CARTESIAN_POINT('',(-1.79494174268432E-16,-2.931459137186,0.));
#4390=CARTESIAN_POINT('',(21.498077716288,-2.931459137186,-0.287496964230276));
#4391=CARTESIAN_POINT('',(21.498077716288,2.931459137186,-0.287496964230161));
#4392=CARTESIAN_POINT('',(22.401323571042,2.23818555632097,-0.293536314242704));
#4393=CARTESIAN_POINT('',(23.4856175753178,0.00623879804671898,-0.300471815275688));
#4394=CARTESIAN_POINT('',(22.4013314544419,-2.2381795055294,-0.293536366953287));
#4395=CARTESIAN_POINT('',(21.4980777162883,-2.93145913718631,-0.287496964230169));
#4396=CARTESIAN_POINT('',(13.611805537841,-8.33455177431738E-16,-13.611805537841));
#4397=CARTESIAN_POINT('',(15.4047275886404,2.93145913718599,-14.9981454826849));
#4398=CARTESIAN_POINT('',(15.2710126474796,2.94829062580988,-15.1354852788278));
#4399=CARTESIAN_POINT('',(15.1354852788278,2.94829062580988,-15.2710126474796));
#4400=CARTESIAN_POINT('',(14.9981454826849,2.931459137186,-15.4047275886404));
#4401=CARTESIAN_POINT('',(14.9981454826849,-2.93145913718599,-15.4047275886404));
#4402=CARTESIAN_POINT('',(15.1354852788277,-2.94829062580988,-15.2710126474796));
#4403=CARTESIAN_POINT('',(15.2710126474796,-2.94829062580989,-15.1354852788278));
#4404=CARTESIAN_POINT('',(15.4047275886403,-2.931459137186,-14.998145482685));
#4405=CARTESIAN_POINT('',(12.2002237594714,2.931459137186,-11.838688281175));
#4406=CARTESIAN_POINT('',(12.0815243823143,2.94829082501646,-11.9610125562155));
#4407=CARTESIAN_POINT('',(11.9610125562155,2.94829082501646,-12.0815243823143));
#4408=CARTESIAN_POINT('',(11.838688281175,2.931459137186,-12.2002237594714));
#4409=CARTESIAN_POINT('',(11.8386882812196,-2.93145913719214,-12.2002237594281));
#4410=CARTESIAN_POINT('',(11.9610125562448,-2.94829082501643,-12.081524382285));
#4411=CARTESIAN_POINT('',(12.0815243823288,-2.94829082501441,-11.9610125562007));
#4412=CARTESIAN_POINT('',(12.2002237594714,-2.931459137186,-11.838688281175));
#4413=CARTESIAN_POINT('',(0.,0.,0.));
#4414=CARTESIAN_POINT('',(1.79494174268432E-16,2.931459137186,0.));
#4415=CARTESIAN_POINT('',(16.998077716288,2.931459137186,0.255644188342918));
#4416=CARTESIAN_POINT('',(12.2002237594714,2.931459137186,11.838688281175));
#4417=CARTESIAN_POINT('',(12.2002237594714,2.931459137186,11.838688281175));
#4418=CARTESIAN_POINT('',(11.5567312613375,2.23818698703851,11.2048008775092));
#4419=CARTESIAN_POINT('',(10.7839103757079,0.00623940135813239,10.444193216764));
#4420=CARTESIAN_POINT('',(11.5567256332833,-2.23818092360837,11.2047953334622));
#4421=CARTESIAN_POINT('',(12.2002237594737,-2.93145913718901,11.8386882811772));
#4422=CARTESIAN_POINT('',(12.2002237594281,-2.93145913719214,11.8386882812196));
#4423=CARTESIAN_POINT('',(-1.79494174268432E-16,-2.931459137186,0.));
#4424=CARTESIAN_POINT('',(16.998077716288,-2.931459137186,0.255644188342912));
#4425=CARTESIAN_POINT('',(16.998077716288,-2.931459137186,0.255644188342895));
#4426=CARTESIAN_POINT('',(16.0948337255746,-2.23818698703896,0.248852360910517));
#4427=CARTESIAN_POINT('',(15.0105360019681,-0.00623940136065793,0.240216306774689));
#4428=CARTESIAN_POINT('',(16.0948258257035,2.2381809236051,0.248852301508455));
#4429=CARTESIAN_POINT('',(16.9980777162877,2.93145913718631,0.255644188342899));
#4430=CARTESIAN_POINT('',(0.,0.,0.));
#4431=CARTESIAN_POINT('',(1.79494174268432E-16,2.93145913718599,0.));
#4432=CARTESIAN_POINT('',(21.498077716288,2.93145913718599,0.287496964230211));
#4433=CARTESIAN_POINT('',(15.4047275886404,2.93145913718599,14.9981454826849));
#4434=CARTESIAN_POINT('',(21.498077716288,-2.931459137186,0.287496964230153));
#4435=CARTESIAN_POINT('',(22.401323571042,-2.23818555632098,0.293536314242696));
#4436=CARTESIAN_POINT('',(23.4856175753178,-0.00623879804673285,0.300471815275673));
#4437=CARTESIAN_POINT('',(22.4013314544419,2.23817950552939,0.293536366953273));
#4438=CARTESIAN_POINT('',(21.4980777162883,2.9314591371863,0.287496964230153));
#4439=CARTESIAN_POINT('',(21.498077716288,-2.931459137186,0.287496964230155));
#4440=CARTESIAN_POINT('',(-1.79494174268432E-16,-2.931459137186,0.));
#4441=CARTESIAN_POINT('',(15.4047275886404,-2.931459137186,14.9981454826849));
#4442=CARTESIAN_POINT('',(15.4047275886404,2.931459137186,14.998145482685));
#4443=CARTESIAN_POINT('',(16.0476893229634,2.23818555632097,15.6325662863123));
#4444=CARTESIAN_POINT('',(16.8193051059981,0.00623879804671919,16.3943737897242));
#4445=CARTESIAN_POINT('',(16.0476949346409,-2.2381795055294,15.6325718234458));
#4446=CARTESIAN_POINT('',(15.4047275886405,-2.93145913718631,14.9981454826852));
#4447=CARTESIAN_POINT('',(19.25,-1.17868361555404E-15,-3.53616763253798E-15));
#4448=CARTESIAN_POINT('',(21.498077716288,2.93145913718599,0.287496964230211));
#4449=CARTESIAN_POINT('',(21.5006408758266,2.94829062580988,0.0958323214100753));
#4450=CARTESIAN_POINT('',(21.5006408758266,2.94829062580988,-0.0958323214100592));
#4451=CARTESIAN_POINT('',(21.498077716288,2.93145913718599,-0.287496964230193));
#4452=CARTESIAN_POINT('',(21.498077716288,-2.93145913718599,-0.287496964230276));
#4453=CARTESIAN_POINT('',(21.5006408758266,-2.94829062580988,-0.0958323214101335));
#4454=CARTESIAN_POINT('',(21.5006408758266,-2.94829062580989,0.0958323214100103));
#4455=CARTESIAN_POINT('',(21.498077716288,-2.931459137186,0.287496964230155));
#4456=CARTESIAN_POINT('',(16.998077716288,2.931459137186,0.255644188342918));
#4457=CARTESIAN_POINT('',(17.0006409061625,2.94829082501646,0.0852147294476375));
#4458=CARTESIAN_POINT('',(17.0006409061625,2.94829082501646,-0.0852147294476396));
#4459=CARTESIAN_POINT('',(16.998077716288,2.931459137186,-0.255644188342914));
#4460=CARTESIAN_POINT('',(16.9980777162889,-2.93145913719214,-0.255644188280766));
#4461=CARTESIAN_POINT('',(17.0006409061625,-2.94829082501643,-0.0852147294062096));
#4462=CARTESIAN_POINT('',(17.0006409061622,-2.94829082501441,0.0852147294683495));
#4463=CARTESIAN_POINT('',(16.998077716288,-2.931459137186,0.255644188342912));
#4464=CARTESIAN_POINT('',(0.,0.,0.));
#4465=CARTESIAN_POINT('',(1.79494174268432E-16,2.931459137186,0.));
#4466=CARTESIAN_POINT('',(11.838688281175,2.931459137186,12.2002237594714));
#4467=CARTESIAN_POINT('',(0.255644188342911,2.931459137186,16.998077716288));
#4468=CARTESIAN_POINT('',(0.255644188342896,2.931459137186,16.998077716288));
#4469=CARTESIAN_POINT('',(0.248852360910526,2.23818698703851,16.094833725574));
#4470=CARTESIAN_POINT('',(0.240216306774684,0.00623940135813282,15.0105360019674));
#4471=CARTESIAN_POINT('',(0.248852301508478,-2.23818092360837,16.0948258257055));
#4472=CARTESIAN_POINT('',(0.255644188342924,-2.93145913718901,16.9980777162912));
#4473=CARTESIAN_POINT('',(0.255644188280762,-2.93145913719214,16.9980777162889));
#4474=CARTESIAN_POINT('',(-1.79494174268432E-16,-2.931459137186,0.));
#4475=CARTESIAN_POINT('',(11.838688281175,-2.931459137186,12.2002237594714));
#4476=CARTESIAN_POINT('',(11.838688281175,-2.931459137186,12.2002237594714));
#4477=CARTESIAN_POINT('',(11.2048008775096,-2.23818698703896,11.5567312613379));
#4478=CARTESIAN_POINT('',(10.4441932167645,-0.00623940136065598,10.7839103757084));
#4479=CARTESIAN_POINT('',(11.2047953334608,2.2381809236051,11.5567256332818));
#4480=CARTESIAN_POINT('',(11.8386882811748,2.93145913718631,12.2002237594712));
#4481=CARTESIAN_POINT('',(0.,0.,0.));
#4482=CARTESIAN_POINT('',(1.79494174268432E-16,2.93145913718599,0.));
#4483=CARTESIAN_POINT('',(14.9981454826849,2.93145913718599,15.4047275886404));
#4484=CARTESIAN_POINT('',(0.287496964230189,2.931459137186,21.498077716288));
#4485=CARTESIAN_POINT('',(14.998145482685,-2.931459137186,15.4047275886403));
#4486=CARTESIAN_POINT('',(15.6325662863123,-2.23818555632098,16.0476893229633));
#4487=CARTESIAN_POINT('',(16.3943737897243,-0.00623879804672852,16.8193051059981));
#4488=CARTESIAN_POINT('',(15.6325718234458,2.23817950552939,16.0476949346409));
#4489=CARTESIAN_POINT('',(14.9981454826852,2.9314591371863,15.4047275886405));
#4490=CARTESIAN_POINT('',(14.998145482685,-2.931459137186,15.4047275886403));
#4491=CARTESIAN_POINT('',(-1.79494174268432E-16,-2.931459137186,0.));
#4492=CARTESIAN_POINT('',(0.287496964230272,-2.931459137186,21.498077716288));
#4493=CARTESIAN_POINT('',(0.287496964230126,2.931459137186,21.498077716288));
#4494=CARTESIAN_POINT('',(0.29353631424267,2.23818555632097,22.401323571042));
#4495=CARTESIAN_POINT('',(0.300471815275699,0.00623879804671919,23.4856175753178));
#4496=CARTESIAN_POINT('',(0.293536366953283,-2.2381795055294,22.4013314544419));
#4497=CARTESIAN_POINT('',(0.287496964230165,-2.93145913718631,21.4980777162883));
#4498=CARTESIAN_POINT('',(13.611805537841,-8.33455177431738E-16,13.611805537841));
#4499=CARTESIAN_POINT('',(14.9981454826849,2.93145913718599,15.4047275886404));
#4500=CARTESIAN_POINT('',(15.1354852788278,2.94829062580988,15.2710126474796));
#4501=CARTESIAN_POINT('',(15.2710126474796,2.94829062580988,15.1354852788278));
#4502=CARTESIAN_POINT('',(15.4047275886404,2.93145913718599,14.9981454826849));
#4503=CARTESIAN_POINT('',(15.4047275886404,-2.93145913718599,14.9981454826849));
#4504=CARTESIAN_POINT('',(15.2710126474796,-2.94829062580988,15.1354852788277));
#4505=CARTESIAN_POINT('',(15.1354852788278,-2.94829062580988,15.2710126474796));
#4506=CARTESIAN_POINT('',(14.998145482685,-2.931459137186,15.4047275886403));
#4507=CARTESIAN_POINT('',(11.838688281175,2.931459137186,12.2002237594714));
#4508=CARTESIAN_POINT('',(11.9610125562155,2.94829082501646,12.0815243823143));
#4509=CARTESIAN_POINT('',(12.0815243823143,2.94829082501646,11.9610125562155));
#4510=CARTESIAN_POINT('',(12.2002237594714,2.931459137186,11.838688281175));
#4511=CARTESIAN_POINT('',(12.2002237594281,-2.93145913719214,11.8386882812196));
#4512=CARTESIAN_POINT('',(12.081524382285,-2.94829082501642,11.9610125562448));
#4513=CARTESIAN_POINT('',(11.9610125562007,-2.94829082501442,12.0815243823288));
#4514=CARTESIAN_POINT('',(11.838688281175,-2.931459137186,12.2002237594714));
#4515=CARTESIAN_POINT('',(-1.53159860666952E-15,-25.0137295448276,0.));
#4516=CARTESIAN_POINT('',(7.86809582330877E-16,12.85,0.));
#4517=CARTESIAN_POINT('',(-17.,12.85,0.));
#4518=CARTESIAN_POINT('',(1.79494174268432E-16,2.931459137186,0.));
#4519=CARTESIAN_POINT('',(-0.255644188342921,2.931459137186,16.998077716288));
#4520=CARTESIAN_POINT('',(-0.255644188342921,2.931459137186,16.998077716288));
#4521=CARTESIAN_POINT('',(-0.0852147294476405,2.94829082501646,17.0006409061625));
#4522=CARTESIAN_POINT('',(0.0852147294476366,2.94829082501646,17.0006409061625));
#4523=CARTESIAN_POINT('',(0.255644188342911,2.931459137186,16.998077716288));
#4524=CARTESIAN_POINT('',(0.,0.,0.));
#4525=CARTESIAN_POINT('',(-1.79494174268432E-16,-2.931459137186,0.));
#4526=CARTESIAN_POINT('',(-0.255644188342915,-2.931459137186,16.998077716288));
#4527=CARTESIAN_POINT('',(-0.255644188342904,-2.931459137186,16.998077716288));
#4528=CARTESIAN_POINT('',(-0.248852360910526,-2.23818698703896,16.0948337255746));
#4529=CARTESIAN_POINT('',(-0.240216306774689,-0.0062394013606575,15.0105360019681));
#4530=CARTESIAN_POINT('',(-0.248852301508458,2.2381809236051,16.0948258257035));
#4531=CARTESIAN_POINT('',(-0.255644188342902,2.93145913718631,16.9980777162877));
#4532=CARTESIAN_POINT('',(-1.53159860666952E-15,-25.0137295448276,0.));
#4533=CARTESIAN_POINT('',(-8.26609288830105E-16,-13.5,0.));
#4534=CARTESIAN_POINT('',(17.,-13.5,0.));
#4535=CARTESIAN_POINT('',(0.255644188280762,-2.93145913719214,16.9980777162889));
#4536=CARTESIAN_POINT('',(0.0852147294062063,-2.94829082501642,17.0006409061625));
#4537=CARTESIAN_POINT('',(-0.0852147294683528,-2.94829082501441,17.0006409061622));
#4538=CARTESIAN_POINT('',(-0.255644188342915,-2.931459137186,16.998077716288));
#4539=CARTESIAN_POINT('',(-8.26609288830105E-16,-13.5,17.));
#4540=CARTESIAN_POINT('',(-1.63607033565349E-15,-13.5,-1.41041891080301E-15));
#4541=CARTESIAN_POINT('',(12.510034662149,-13.5,-1.41041891080301E-15));
#4542=CARTESIAN_POINT('',(8.26609288830105E-16,13.5,17.));
#4543=CARTESIAN_POINT('',(8.26609288830105E-16,13.5,0.));
#4544=CARTESIAN_POINT('',(-16.35,13.5,0.));
#4545=CARTESIAN_POINT('',(8.04275018138159E-16,13.5,-1.41041891080301E-15));
#4546=CARTESIAN_POINT('',(-14.760034662149,13.5,-1.41041891080301E-15));
#4547=CARTESIAN_POINT('',(8.57224447675665E-16,14.,-1.41041891080301E-15));
#4548=CARTESIAN_POINT('',(8.57224447675665E-16,14.,-1.41041891080301E-15));
#4549=CARTESIAN_POINT('',(14.8017013288157,14.,-1.41041891080301E-15));
#4550=CARTESIAN_POINT('',(8.57224447675665E-16,14.,-1.41041891080301E-15));
#4551=CARTESIAN_POINT('',(-9.18454765366783E-16,-15.,-5.2317057211999E-16));
#4552=CARTESIAN_POINT('',(12.385034662149,-15.,-5.2317057211999E-16));
#4553=CARTESIAN_POINT('',(-9.18454765366783E-16,-15.,12.385034662149));
#4554=CARTESIAN_POINT('',(-9.18454765366783E-16,-15.,-5.2317057211999E-16));
#4555=CARTESIAN_POINT('',(20.5,-15.,-5.2317057211999E-16));
#4556=CARTESIAN_POINT('',(-1.96549319788492E-15,-32.1,0.));
#4557=CARTESIAN_POINT('',(-9.79685083057901E-16,-16.,-4.92575801820575E-16));
#4558=CARTESIAN_POINT('',(21.5,-16.,-4.92575801820575E-16));
#4559=CARTESIAN_POINT('',(-1.22460635382238E-15,-20.,-3.70196720622916E-16));
#4560=CARTESIAN_POINT('',(-21.5,-20.,-3.70196720622916E-16));
#4561=CARTESIAN_POINT('',(-1.2858366715135E-15,-21.,21.5));
#4562=CARTESIAN_POINT('',(-1.2858366715135E-15,-21.,-3.39601950323502E-16));
#4563=CARTESIAN_POINT('',(-20.5,-21.,-3.39601950323502E-16));
#4564=CARTESIAN_POINT('',(-1.2858366715135E-15,-21.,-3.39601950323502E-16));
#4565=CARTESIAN_POINT('',(10.,-21.,-3.39601950323502E-16));
#4566=CARTESIAN_POINT('',(-1.96549319788492E-15,-32.1,0.));
#4567=CARTESIAN_POINT('',(8.57224447675665E-16,14.,-1.41041891080301E-15));
#4568=CARTESIAN_POINT('',(10.,14.,-1.41041891080301E-15));
#4569=CARTESIAN_POINT('',(8.57224447675664E-16,14.,14.8017013288157));
#4570=CARTESIAN_POINT('',(-9.79685083057901E-16,-16.,-4.92575801820575E-16));
#4571=CARTESIAN_POINT('',(-1.2858366715135E-15,-21.,-3.39601950323502E-16));
#4572=CARTESIAN_POINT('',(0.,0.,19.25));
#4573=CARTESIAN_POINT('',(-0.287496964230215,2.93145913718599,21.498077716288));
#4574=CARTESIAN_POINT('',(-0.0958323214100791,2.94829062580988,21.5006408758266));
#4575=CARTESIAN_POINT('',(0.0958323214100554,2.94829062580988,21.5006408758266));
#4576=CARTESIAN_POINT('',(0.287496964230189,2.931459137186,21.498077716288));
#4577=CARTESIAN_POINT('',(-0.287496964230215,2.93145913718599,21.498077716288));
#4578=CARTESIAN_POINT('',(0.287496964230272,-2.93145913718599,21.498077716288));
#4579=CARTESIAN_POINT('',(0.0958323214101293,-2.94829062580988,21.5006408758266));
#4580=CARTESIAN_POINT('',(-0.0958323214100144,-2.94829062580989,21.5006408758266));
#4581=CARTESIAN_POINT('',(-0.287496964230159,-2.931459137186,21.498077716288));
#4582=CARTESIAN_POINT('',(-0.287496964230159,-2.931459137186,21.498077716288));
#4583=CARTESIAN_POINT('',(-0.287496964230157,-2.931459137186,21.498077716288));
#4584=CARTESIAN_POINT('',(-0.2935363142427,-2.23818555632098,22.401323571042));
#4585=CARTESIAN_POINT('',(-0.300471815275675,-0.00623879804673177,23.4856175753178));
#4586=CARTESIAN_POINT('',(-0.293536366953283,2.23817950552939,22.4013314544419));
#4587=CARTESIAN_POINT('',(-0.287496964230164,2.9314591371863,21.4980777162883));
#4588=CARTESIAN_POINT('',(-1.53159860666952E-15,-25.0137295448276,0.));
#4589=CARTESIAN_POINT('',(-4.59227382683392E-16,-7.5,0.));
#4590=CARTESIAN_POINT('',(21.5,-7.5,0.));
#4591=CARTESIAN_POINT('',(-1.79494174268432E-16,-2.931459137186,0.));
#4592=CARTESIAN_POINT('',(0.,0.,0.));
#4593=CARTESIAN_POINT('',(1.79494174268432E-16,2.93145913718599,0.));
#4594=CARTESIAN_POINT('',(-1.53159860666952E-15,-25.0137295448276,0.));
#4595=CARTESIAN_POINT('',(4.59227382683391E-16,7.5,0.));
#4596=CARTESIAN_POINT('',(21.5,7.5,0.));
#4597=CARTESIAN_POINT('',(4.59227382683391E-16,7.5,24.8947785690092));
#4598=CARTESIAN_POINT('',(4.59227382683391E-16,7.49999999999999,0.));
#4599=CARTESIAN_POINT('',(24.8947785690092,7.49999999999999,0.));
#4600=CARTESIAN_POINT('',(0.,0.,-1.73472347597681E-15));
#4601=CARTESIAN_POINT('',(-4.59227382683392E-16,-7.5,0.));
#4602=CARTESIAN_POINT('',(24.8947785690092,-7.5,0.));
#4603=CARTESIAN_POINT('',(-4.59227382683391E-16,-7.5,24.8947785690092));
#4604=CARTESIAN_POINT('',(7.86809582330877E-16,12.85,0.));
#4605=CARTESIAN_POINT('',(-1.59749898856129E-15,-26.09,0.));
#4606=CARTESIAN_POINT('',(-1.59749898856129E-15,-26.09,0.));
#4607=CARTESIAN_POINT('',(-24.9229775574327,-26.09,-22.1349565344687));
#4608=CARTESIAN_POINT('',(-22.1349565344686,-26.09,-24.9229775574328));
#4609=CARTESIAN_POINT('',(-24.9229775574327,-26.09,-22.1349565344687));
#4610=CARTESIAN_POINT('',(-25.6312730531207,-27.0932607748857,-22.8432520301567));
#4611=CARTESIAN_POINT('',(-26.3395129037032,-28.0966001085446,-23.5514918807392));
#4612=CARTESIAN_POINT('',(-27.0477098597131,-29.1,-24.2596888367491));
#4613=CARTESIAN_POINT('',(-27.0477098597131,-29.1,-24.2596888367491));
#4614=CARTESIAN_POINT('',(-1.78180224481156E-15,-29.1,0.));
#4615=CARTESIAN_POINT('',(-24.259688836749,-29.1,-27.0477098597132));
#4616=CARTESIAN_POINT('',(-24.259688836749,-29.1,-27.0477098597132));
#4617=CARTESIAN_POINT('',(-23.5514918807391,-28.0966001085446,-26.3395129037033));
#4618=CARTESIAN_POINT('',(-22.8432520301566,-27.0932607748858,-25.6312730531208));
#4619=CARTESIAN_POINT('',(-22.1349565344686,-26.09,-24.9229775574328));
#4620=CARTESIAN_POINT('',(-1.59749898856129E-15,-26.09,0.));
#4621=CARTESIAN_POINT('',(-1.78180224481156E-15,-29.1,0.));
#4622=CARTESIAN_POINT('',(-35.5538482710769,-29.1,-7.48565189067389));
#4623=CARTESIAN_POINT('',(-34.533361750387,-29.1,-11.294159434328));
#4624=CARTESIAN_POINT('',(-34.533361750387,-29.1,-11.294159434328));
#4625=CARTESIAN_POINT('',(-33.5659467175946,-28.0966001085446,-11.0349413575455));
#4626=CARTESIAN_POINT('',(-32.5984730897265,-27.0932607748858,-10.7757075802599));
#4627=CARTESIAN_POINT('',(-31.6309234492305,-26.09,-10.516453435452));
#4628=CARTESIAN_POINT('',(-31.6309234492305,-26.09,-10.516453435452));
#4629=CARTESIAN_POINT('',(-1.59749898856129E-15,-26.09,0.));
#4630=CARTESIAN_POINT('',(-32.6514099699205,-26.09,-6.70794589179785));
#4631=CARTESIAN_POINT('',(-32.6514099699205,-26.09,-6.70794589179785));
#4632=CARTESIAN_POINT('',(-33.6189596104165,-27.0932607748857,-6.96720003660577));
#4633=CARTESIAN_POINT('',(-34.5864332382846,-28.0966001085446,-7.22643381389145));
#4634=CARTESIAN_POINT('',(-35.5538482710769,-29.1,-7.48565189067389));
#4635=CARTESIAN_POINT('',(-1.78180224481156E-15,-29.1,0.));
#4636=CARTESIAN_POINT('',(-27.0477098597131,-29.1,-24.2596888367491));
#4637=CARTESIAN_POINT('',(-27.2951459787858,-28.7517488112453,-24.5071249558218));
#4638=CARTESIAN_POINT('',(-27.5425768574518,-28.4034901760712,-24.7545558344878));
#4639=CARTESIAN_POINT('',(-27.790002925129,-28.0552247046642,-25.001981902165));
#4640=CARTESIAN_POINT('',(-27.790002925129,-28.0552247046642,-25.001981902165));
#4641=CARTESIAN_POINT('',(-1.71783032156231E-15,-28.0552247046642,0.));
#4642=CARTESIAN_POINT('',(-25.0019819021649,-28.0552247046642,-27.7900029251291));
#4643=CARTESIAN_POINT('',(-25.0019819021649,-28.0552247046642,-27.7900029251291));
#4644=CARTESIAN_POINT('',(-24.7545558344877,-28.4034901760712,-27.5425768574519));
#4645=CARTESIAN_POINT('',(-24.5071249558217,-28.7517488112453,-27.2951459787859));
#4646=CARTESIAN_POINT('',(-24.259688836749,-29.1,-27.0477098597132));
#4647=CARTESIAN_POINT('',(-1.78180224481156E-15,-29.1,0.));
#4648=CARTESIAN_POINT('',(-1.71783032156231E-15,-28.0552247046642,0.));
#4649=CARTESIAN_POINT('',(-36.5678394554881,-28.0552247046642,-7.75735000966913));
#4650=CARTESIAN_POINT('',(-35.5473529347981,-28.0552247046642,-11.5658575533232));
#4651=CARTESIAN_POINT('',(-35.5473529347981,-28.0552247046642,-11.5658575533232));
#4652=CARTESIAN_POINT('',(-35.2093626407926,-28.4034901760712,-11.4752933269949));
#4653=CARTESIAN_POINT('',(-34.8713657748541,-28.7517488112453,-11.3847273397224));
#4654=CARTESIAN_POINT('',(-34.533361750387,-29.1,-11.294159434328));
#4655=CARTESIAN_POINT('',(-35.5538482710769,-29.1,-7.48565189067389));
#4656=CARTESIAN_POINT('',(-35.8918522955441,-28.7517488112453,-7.57621979606833));
#4657=CARTESIAN_POINT('',(-36.2298491614826,-28.4034901760712,-7.6667857833408));
#4658=CARTESIAN_POINT('',(-36.5678394554881,-28.0552247046642,-7.75735000966913));
#4659=CARTESIAN_POINT('',(-1.71783032156231E-15,-28.0552247046642,0.));
#4660=CARTESIAN_POINT('',(-27.790002925129,-28.0552247046642,-25.001981902165));
#4661=CARTESIAN_POINT('',(-26.9794685638268,-26.9067356033951,-24.1914475408628));
#4662=CARTESIAN_POINT('',(-26.1688827222334,-25.7583191757496,-23.3808616992694));
#4663=CARTESIAN_POINT('',(-25.3582279896772,-24.61,-22.5702069667132));
#4664=CARTESIAN_POINT('',(-25.3582279896772,-24.61,-22.5702069667132));
#4665=CARTESIAN_POINT('',(-1.50687811837843E-15,-24.61,0.));
#4666=CARTESIAN_POINT('',(-22.5702069667131,-24.61,-25.3582279896773));
#4667=CARTESIAN_POINT('',(-22.5702069667131,-24.61,-25.3582279896773));
#4668=CARTESIAN_POINT('',(-23.3808616992693,-25.7583191757496,-26.1688827222335));
#4669=CARTESIAN_POINT('',(-24.1914475408627,-26.9067356033951,-26.9794685638269));
#4670=CARTESIAN_POINT('',(-25.0019819021649,-28.0552247046642,-27.7900029251291));
#4671=CARTESIAN_POINT('',(-1.71783032156231E-15,-28.0552247046642,0.));
#4672=CARTESIAN_POINT('',(-1.50687811837843E-15,-24.61,0.));
#4673=CARTESIAN_POINT('',(-33.2459731173746,-24.61,-6.86725860700749));
#4674=CARTESIAN_POINT('',(-32.2254865966847,-24.61,-10.6757661506616));
#4675=CARTESIAN_POINT('',(-32.2254865966847,-24.61,-10.6757661506616));
#4676=CARTESIAN_POINT('',(-33.3328615550546,-25.7583191757496,-10.9724863764753));
#4677=CARTESIAN_POINT('',(-34.4401424066191,-26.9067356033951,-11.2691813864464));
#4678=CARTESIAN_POINT('',(-35.5473529347981,-28.0552247046642,-11.5658575533232));
#4679=CARTESIAN_POINT('',(-36.5678394554881,-28.0552247046642,-7.75735000966913));
#4680=CARTESIAN_POINT('',(-35.4606289273091,-26.9067356033951,-7.46067384279233));
#4681=CARTESIAN_POINT('',(-34.3533480757446,-25.7583191757496,-7.16397883282117));
#4682=CARTESIAN_POINT('',(-33.2459731173746,-24.61,-6.8672586070075));
#4683=CARTESIAN_POINT('',(-1.59749898856129E-15,-26.09,0.));
#4684=CARTESIAN_POINT('',(-1.59749898856129E-15,-26.09,0.));
#4685=CARTESIAN_POINT('',(-10.5164534354518,-26.09,-31.6309234492306));
#4686=CARTESIAN_POINT('',(-6.70794589179777,-26.09,-32.6514099699205));
#4687=CARTESIAN_POINT('',(-10.5164534354518,-26.09,-31.6309234492306));
#4688=CARTESIAN_POINT('',(-10.7757075802597,-27.0932607748857,-32.5984730897265));
#4689=CARTESIAN_POINT('',(-11.0349413575454,-28.0966001085445,-33.5659467175946));
#4690=CARTESIAN_POINT('',(-11.2941594343279,-29.1,-34.533361750387));
#4691=CARTESIAN_POINT('',(-11.2941594343279,-29.1,-34.533361750387));
#4692=CARTESIAN_POINT('',(-1.78180224481156E-15,-29.1,0.));
#4693=CARTESIAN_POINT('',(-7.4856518906738,-29.1,-35.5538482710769));
#4694=CARTESIAN_POINT('',(-7.4856518906738,-29.1,-35.553848271077));
#4695=CARTESIAN_POINT('',(-7.22643381389136,-28.0966001085446,-34.5864332382846));
#4696=CARTESIAN_POINT('',(-6.96720003660569,-27.0932607748858,-33.6189596104165));
#4697=CARTESIAN_POINT('',(-6.70794589179777,-26.09,-32.6514099699205));
#4698=CARTESIAN_POINT('',(-1.78180224481156E-15,-29.1,0.));
#4699=CARTESIAN_POINT('',(-11.2941594343279,-29.1,-34.533361750387));
#4700=CARTESIAN_POINT('',(-11.3847273397223,-28.7517488112453,-34.8713657748542));
#4701=CARTESIAN_POINT('',(-11.4752933269948,-28.4034901760712,-35.2093626407927));
#4702=CARTESIAN_POINT('',(-11.5658575533231,-28.0552247046641,-35.5473529347982));
#4703=CARTESIAN_POINT('',(-11.5658575533231,-28.0552247046642,-35.5473529347982));
#4704=CARTESIAN_POINT('',(-1.71783032156231E-15,-28.0552247046642,0.));
#4705=CARTESIAN_POINT('',(-7.75735000966905,-28.0552247046642,-36.5678394554881));
#4706=CARTESIAN_POINT('',(-7.75735000966904,-28.0552247046642,-36.5678394554881));
#4707=CARTESIAN_POINT('',(-7.66678578334071,-28.4034901760712,-36.2298491614826));
#4708=CARTESIAN_POINT('',(-7.57621979606824,-28.7517488112453,-35.8918522955441));
#4709=CARTESIAN_POINT('',(-7.4856518906738,-29.1,-35.553848271077));
#4710=CARTESIAN_POINT('',(-1.71783032156231E-15,-28.0552247046642,0.));
#4711=CARTESIAN_POINT('',(-11.5658575533231,-28.0552247046642,-35.5473529347982));
#4712=CARTESIAN_POINT('',(-11.2691813864463,-26.9067356033951,-34.4401424066192));
#4713=CARTESIAN_POINT('',(-10.9724863764751,-25.7583191757496,-33.3328615550547));
#4714=CARTESIAN_POINT('',(-10.6757661506615,-24.61,-32.2254865966847));
#4715=CARTESIAN_POINT('',(-10.6757661506615,-24.61,-32.2254865966847));
#4716=CARTESIAN_POINT('',(-1.50687811837843E-15,-24.61,0.));
#4717=CARTESIAN_POINT('',(-6.86725860700741,-24.61,-33.2459731173746));
#4718=CARTESIAN_POINT('',(-6.86725860700741,-24.61,-33.2459731173746));
#4719=CARTESIAN_POINT('',(-7.16397883282109,-25.7583191757496,-34.3533480757446));
#4720=CARTESIAN_POINT('',(-7.46067384279224,-26.9067356033951,-35.4606289273091));
#4721=CARTESIAN_POINT('',(-7.75735000966905,-28.0552247046642,-36.5678394554881));
#4722=CARTESIAN_POINT('',(-1.59749898856129E-15,-26.09,0.));
#4723=CARTESIAN_POINT('',(-1.59749898856129E-15,-26.09,0.));
#4724=CARTESIAN_POINT('',(6.70794589179785,-26.09,-32.6514099699205));
#4725=CARTESIAN_POINT('',(10.5164534354519,-26.09,-31.6309234492306));
#4726=CARTESIAN_POINT('',(6.70794589179785,-26.09,-32.6514099699205));
#4727=CARTESIAN_POINT('',(6.96720003660577,-27.0932607748857,-33.6189596104164));
#4728=CARTESIAN_POINT('',(7.22643381389145,-28.0966001085446,-34.5864332382846));
#4729=CARTESIAN_POINT('',(7.4856518906739,-29.1,-35.5538482710769));
#4730=CARTESIAN_POINT('',(7.4856518906739,-29.1,-35.5538482710769));
#4731=CARTESIAN_POINT('',(-1.78180224481156E-15,-29.1,0.));
#4732=CARTESIAN_POINT('',(11.2941594343279,-29.1,-34.533361750387));
#4733=CARTESIAN_POINT('',(11.2941594343279,-29.1,-34.533361750387));
#4734=CARTESIAN_POINT('',(11.0349413575455,-28.0966001085446,-33.5659467175946));
#4735=CARTESIAN_POINT('',(10.7757075802598,-27.0932607748858,-32.5984730897265));
#4736=CARTESIAN_POINT('',(10.5164534354519,-26.09,-31.6309234492305));
#4737=CARTESIAN_POINT('',(-1.78180224481156E-15,-29.1,0.));
#4738=CARTESIAN_POINT('',(7.4856518906739,-29.1,-35.5538482710769));
#4739=CARTESIAN_POINT('',(7.57621979606834,-28.7517488112453,-35.8918522955441));
#4740=CARTESIAN_POINT('',(7.66678578334081,-28.4034901760712,-36.2298491614826));
#4741=CARTESIAN_POINT('',(7.75735000966914,-28.0552247046642,-36.5678394554881));
#4742=CARTESIAN_POINT('',(7.75735000966915,-28.0552247046642,-36.5678394554881));
#4743=CARTESIAN_POINT('',(-1.71783032156231E-15,-28.0552247046642,0.));
#4744=CARTESIAN_POINT('',(11.5658575533232,-28.0552247046642,-35.5473529347981));
#4745=CARTESIAN_POINT('',(11.5658575533232,-28.0552247046642,-35.5473529347981));
#4746=CARTESIAN_POINT('',(11.4752933269948,-28.4034901760712,-35.2093626407926));
#4747=CARTESIAN_POINT('',(11.3847273397224,-28.7517488112453,-34.8713657748541));
#4748=CARTESIAN_POINT('',(11.2941594343279,-29.1,-34.533361750387));
#4749=CARTESIAN_POINT('',(-1.71783032156231E-15,-28.0552247046642,0.));
#4750=CARTESIAN_POINT('',(7.75735000966914,-28.0552247046642,-36.5678394554881));
#4751=CARTESIAN_POINT('',(7.46067384279234,-26.9067356033951,-35.4606289273091));
#4752=CARTESIAN_POINT('',(7.16397883282118,-25.7583191757496,-34.3533480757446));
#4753=CARTESIAN_POINT('',(6.8672586070075,-24.61,-33.2459731173746));
#4754=CARTESIAN_POINT('',(6.8672586070075,-24.61,-33.2459731173746));
#4755=CARTESIAN_POINT('',(-1.50687811837843E-15,-24.61,0.));
#4756=CARTESIAN_POINT('',(10.6757661506615,-24.61,-32.2254865966847));
#4757=CARTESIAN_POINT('',(10.6757661506615,-24.61,-32.2254865966847));
#4758=CARTESIAN_POINT('',(10.9724863764752,-25.7583191757496,-33.3328615550546));
#4759=CARTESIAN_POINT('',(11.2691813864464,-26.9067356033951,-34.4401424066191));
#4760=CARTESIAN_POINT('',(11.5658575533232,-28.0552247046642,-35.5473529347981));
#4761=CARTESIAN_POINT('',(-1.59749898856129E-15,-26.09,0.));
#4762=CARTESIAN_POINT('',(-1.59749898856129E-15,-26.09,0.));
#4763=CARTESIAN_POINT('',(22.1349565344686,-26.09,-24.9229775574327));
#4764=CARTESIAN_POINT('',(24.9229775574328,-26.09,-22.1349565344686));
#4765=CARTESIAN_POINT('',(22.1349565344686,-26.09,-24.9229775574327));
#4766=CARTESIAN_POINT('',(22.8432520301567,-27.0932607748858,-25.6312730531208));
#4767=CARTESIAN_POINT('',(23.5514918807391,-28.0966001085446,-26.3395129037032));
#4768=CARTESIAN_POINT('',(24.2596888367491,-29.1,-27.0477098597131));
#4769=CARTESIAN_POINT('',(24.2596888367491,-29.1,-27.0477098597131));
#4770=CARTESIAN_POINT('',(-1.78180224481156E-15,-29.1,0.));
#4771=CARTESIAN_POINT('',(27.0477098597132,-29.1,-24.259688836749));
#4772=CARTESIAN_POINT('',(27.0477098597132,-29.1,-24.259688836749));
#4773=CARTESIAN_POINT('',(26.3395129037032,-28.0966001085446,-23.5514918807391));
#4774=CARTESIAN_POINT('',(25.6312730531208,-27.0932607748858,-22.8432520301567));
#4775=CARTESIAN_POINT('',(24.9229775574327,-26.09,-22.1349565344686));
#4776=CARTESIAN_POINT('',(-1.78180224481156E-15,-29.1,0.));
#4777=CARTESIAN_POINT('',(24.2596888367491,-29.1,-27.0477098597131));
#4778=CARTESIAN_POINT('',(24.5071249558218,-28.7517488112453,-27.2951459787858));
#4779=CARTESIAN_POINT('',(24.7545558344878,-28.4034901760712,-27.5425768574519));
#4780=CARTESIAN_POINT('',(25.001981902165,-28.0552247046642,-27.790002925129));
#4781=CARTESIAN_POINT('',(25.001981902165,-28.0552247046642,-27.790002925129));
#4782=CARTESIAN_POINT('',(-1.71783032156231E-15,-28.0552247046642,0.));
#4783=CARTESIAN_POINT('',(27.7900029251291,-28.0552247046642,-25.0019819021649));
#4784=CARTESIAN_POINT('',(27.790002925129,-28.0552247046642,-25.0019819021649));
#4785=CARTESIAN_POINT('',(27.5425768574519,-28.4034901760712,-24.7545558344877));
#4786=CARTESIAN_POINT('',(27.2951459787859,-28.7517488112453,-24.5071249558217));
#4787=CARTESIAN_POINT('',(27.0477098597132,-29.1,-24.259688836749));
#4788=CARTESIAN_POINT('',(-1.71783032156231E-15,-28.0552247046642,0.));
#4789=CARTESIAN_POINT('',(25.001981902165,-28.0552247046642,-27.790002925129));
#4790=CARTESIAN_POINT('',(24.1914475408628,-26.9067356033951,-26.9794685638268));
#4791=CARTESIAN_POINT('',(23.3808616992694,-25.7583191757496,-26.1688827222335));
#4792=CARTESIAN_POINT('',(22.5702069667131,-24.61,-25.3582279896772));
#4793=CARTESIAN_POINT('',(22.5702069667131,-24.61,-25.3582279896772));
#4794=CARTESIAN_POINT('',(-1.50687811837843E-15,-24.61,0.));
#4795=CARTESIAN_POINT('',(25.3582279896772,-24.61,-22.5702069667131));
#4796=CARTESIAN_POINT('',(25.3582279896772,-24.61,-22.5702069667131));
#4797=CARTESIAN_POINT('',(26.1688827222335,-25.7583191757496,-23.3808616992694));
#4798=CARTESIAN_POINT('',(26.9794685638269,-26.9067356033951,-24.1914475408627));
#4799=CARTESIAN_POINT('',(27.7900029251291,-28.0552247046642,-25.0019819021649));
#4800=CARTESIAN_POINT('',(-1.59749898856129E-15,-26.09,0.));
#4801=CARTESIAN_POINT('',(-1.59749898856129E-15,-26.09,0.));
#4802=CARTESIAN_POINT('',(31.6309234492305,-26.09,-10.5164534354519));
#4803=CARTESIAN_POINT('',(32.6514099699205,-26.09,-6.70794589179784));
#4804=CARTESIAN_POINT('',(31.6309234492305,-26.09,-10.5164534354519));
#4805=CARTESIAN_POINT('',(32.5984730897265,-27.0932607748858,-10.7757075802598));
#4806=CARTESIAN_POINT('',(33.5659467175946,-28.0966001085446,-11.0349413575454));
#4807=CARTESIAN_POINT('',(34.533361750387,-29.1,-11.2941594343279));
#4808=CARTESIAN_POINT('',(34.533361750387,-29.1,-11.2941594343279));
#4809=CARTESIAN_POINT('',(-1.78180224481156E-15,-29.1,0.));
#4810=CARTESIAN_POINT('',(35.5538482710769,-29.1,-7.48565189067388));
#4811=CARTESIAN_POINT('',(35.5538482710769,-29.1,-7.48565189067388));
#4812=CARTESIAN_POINT('',(34.5864332382846,-28.0966001085446,-7.22643381389143));
#4813=CARTESIAN_POINT('',(33.6189596104165,-27.0932607748858,-6.96720003660576));
#4814=CARTESIAN_POINT('',(32.6514099699205,-26.09,-6.70794589179784));
#4815=CARTESIAN_POINT('',(-1.78180224481156E-15,-29.1,0.));
#4816=CARTESIAN_POINT('',(34.533361750387,-29.1,-11.2941594343279));
#4817=CARTESIAN_POINT('',(34.8713657748541,-28.7517488112453,-11.3847273397223));
#4818=CARTESIAN_POINT('',(35.2093626407926,-28.4034901760712,-11.4752933269948));
#4819=CARTESIAN_POINT('',(35.5473529347981,-28.0552247046642,-11.5658575533231));
#4820=CARTESIAN_POINT('',(35.5473529347981,-28.0552247046642,-11.5658575533231));
#4821=CARTESIAN_POINT('',(-1.71783032156231E-15,-28.0552247046642,0.));
#4822=CARTESIAN_POINT('',(36.5678394554881,-28.0552247046642,-7.75735000966912));
#4823=CARTESIAN_POINT('',(36.5678394554881,-28.0552247046642,-7.75735000966912));
#4824=CARTESIAN_POINT('',(36.2298491614826,-28.4034901760712,-7.66678578334079));
#4825=CARTESIAN_POINT('',(35.8918522955441,-28.7517488112453,-7.57621979606832));
#4826=CARTESIAN_POINT('',(35.5538482710769,-29.1,-7.48565189067388));
#4827=CARTESIAN_POINT('',(-1.71783032156231E-15,-28.0552247046642,0.));
#4828=CARTESIAN_POINT('',(35.5473529347981,-28.0552247046642,-11.5658575533231));
#4829=CARTESIAN_POINT('',(34.4401424066191,-26.9067356033951,-11.2691813864463));
#4830=CARTESIAN_POINT('',(33.3328615550546,-25.7583191757496,-10.9724863764752));
#4831=CARTESIAN_POINT('',(32.2254865966847,-24.61,-10.6757661506615));
#4832=CARTESIAN_POINT('',(32.2254865966847,-24.61,-10.6757661506615));
#4833=CARTESIAN_POINT('',(-1.50687811837843E-15,-24.61,0.));
#4834=CARTESIAN_POINT('',(33.2459731173746,-24.61,-6.86725860700748));
#4835=CARTESIAN_POINT('',(33.2459731173746,-24.61,-6.86725860700748));
#4836=CARTESIAN_POINT('',(34.3533480757446,-25.7583191757496,-7.16397883282116));
#4837=CARTESIAN_POINT('',(35.4606289273091,-26.9067356033951,-7.46067384279232));
#4838=CARTESIAN_POINT('',(36.5678394554881,-28.0552247046642,-7.75735000966912));
#4839=CARTESIAN_POINT('',(-1.59749898856129E-15,-26.09,0.));
#4840=CARTESIAN_POINT('',(-1.59749898856129E-15,-26.09,0.));
#4841=CARTESIAN_POINT('',(32.6514099699205,-26.09,6.70794589179779));
#4842=CARTESIAN_POINT('',(31.6309234492305,-26.09,10.5164534354519));
#4843=CARTESIAN_POINT('',(32.6514099699205,-26.09,6.70794589179779));
#4844=CARTESIAN_POINT('',(33.6189596104165,-27.0932607748858,6.96720003660572));
#4845=CARTESIAN_POINT('',(34.5864332382846,-28.0966001085446,7.22643381389139));
#4846=CARTESIAN_POINT('',(35.5538482710769,-29.1,7.48565189067383));
#4847=CARTESIAN_POINT('',(35.5538482710769,-29.1,7.48565189067383));
#4848=CARTESIAN_POINT('',(-1.78180224481156E-15,-29.1,0.));
#4849=CARTESIAN_POINT('',(34.533361750387,-29.1,11.2941594343279));
#4850=CARTESIAN_POINT('',(34.533361750387,-29.1,11.2941594343279));
#4851=CARTESIAN_POINT('',(33.5659467175946,-28.0966001085446,11.0349413575454));
#4852=CARTESIAN_POINT('',(32.5984730897265,-27.0932607748857,10.7757075802598));
#4853=CARTESIAN_POINT('',(31.6309234492305,-26.09,10.5164534354519));
#4854=CARTESIAN_POINT('',(-1.78180224481156E-15,-29.1,0.));
#4855=CARTESIAN_POINT('',(35.5538482710769,-29.1,7.48565189067383));
#4856=CARTESIAN_POINT('',(35.8918522955441,-28.7517488112453,7.57621979606827));
#4857=CARTESIAN_POINT('',(36.2298491614826,-28.4034901760712,7.66678578334074));
#4858=CARTESIAN_POINT('',(36.5678394554881,-28.0552247046642,7.75735000966908));
#4859=CARTESIAN_POINT('',(36.5678394554881,-28.0552247046642,7.75735000966907));
#4860=CARTESIAN_POINT('',(-1.71783032156231E-15,-28.0552247046642,0.));
#4861=CARTESIAN_POINT('',(35.5473529347981,-28.0552247046642,11.5658575533231));
#4862=CARTESIAN_POINT('',(35.5473529347981,-28.0552247046642,11.5658575533231));
#4863=CARTESIAN_POINT('',(35.2093626407926,-28.4034901760712,11.4752933269948));
#4864=CARTESIAN_POINT('',(34.8713657748542,-28.7517488112453,11.3847273397223));
#4865=CARTESIAN_POINT('',(34.533361750387,-29.1,11.2941594343279));
#4866=CARTESIAN_POINT('',(-1.71783032156231E-15,-28.0552247046642,0.));
#4867=CARTESIAN_POINT('',(36.5678394554881,-28.0552247046642,7.75735000966907));
#4868=CARTESIAN_POINT('',(35.4606289273091,-26.9067356033951,7.46067384279227));
#4869=CARTESIAN_POINT('',(34.3533480757446,-25.7583191757496,7.16397883282111));
#4870=CARTESIAN_POINT('',(33.2459731173746,-24.61,6.86725860700744));
#4871=CARTESIAN_POINT('',(33.2459731173746,-24.61,6.86725860700744));
#4872=CARTESIAN_POINT('',(-1.50687811837843E-15,-24.61,0.));
#4873=CARTESIAN_POINT('',(32.2254865966847,-24.61,10.6757661506615));
#4874=CARTESIAN_POINT('',(32.2254865966847,-24.61,10.6757661506615));
#4875=CARTESIAN_POINT('',(33.3328615550546,-25.7583191757496,10.9724863764752));
#4876=CARTESIAN_POINT('',(34.4401424066191,-26.9067356033951,11.2691813864463));
#4877=CARTESIAN_POINT('',(35.5473529347981,-28.0552247046642,11.5658575533231));
#4878=CARTESIAN_POINT('',(-1.59749898856129E-15,-26.09,0.));
#4879=CARTESIAN_POINT('',(-1.59749898856129E-15,-26.09,0.));
#4880=CARTESIAN_POINT('',(24.9229775574327,-26.09,22.1349565344686));
#4881=CARTESIAN_POINT('',(22.1349565344686,-26.09,24.9229775574327));
#4882=CARTESIAN_POINT('',(24.9229775574327,-26.09,22.1349565344686));
#4883=CARTESIAN_POINT('',(25.6312730531208,-27.0932607748857,22.8432520301567));
#4884=CARTESIAN_POINT('',(26.3395129037032,-28.0966001085446,23.5514918807391));
#4885=CARTESIAN_POINT('',(27.0477098597131,-29.1,24.259688836749));
#4886=CARTESIAN_POINT('',(27.0477098597131,-29.1,24.259688836749));
#4887=CARTESIAN_POINT('',(-1.78180224481156E-15,-29.1,0.));
#4888=CARTESIAN_POINT('',(24.259688836749,-29.1,27.0477098597131));
#4889=CARTESIAN_POINT('',(24.259688836749,-29.1,27.0477098597131));
#4890=CARTESIAN_POINT('',(23.5514918807391,-28.0966001085446,26.3395129037032));
#4891=CARTESIAN_POINT('',(22.8432520301567,-27.0932607748857,25.6312730531208));
#4892=CARTESIAN_POINT('',(22.1349565344686,-26.09,24.9229775574327));
#4893=CARTESIAN_POINT('',(-1.78180224481156E-15,-29.1,0.));
#4894=CARTESIAN_POINT('',(27.0477098597131,-29.1,24.259688836749));
#4895=CARTESIAN_POINT('',(27.2951459787858,-28.7517488112453,24.5071249558217));
#4896=CARTESIAN_POINT('',(27.5425768574519,-28.4034901760712,24.7545558344878));
#4897=CARTESIAN_POINT('',(27.790002925129,-28.0552247046642,25.0019819021649));
#4898=CARTESIAN_POINT('',(27.790002925129,-28.0552247046642,25.0019819021649));
#4899=CARTESIAN_POINT('',(-1.71783032156231E-15,-28.0552247046642,0.));
#4900=CARTESIAN_POINT('',(25.0019819021649,-28.0552247046642,27.790002925129));
#4901=CARTESIAN_POINT('',(25.0019819021649,-28.0552247046642,27.790002925129));
#4902=CARTESIAN_POINT('',(24.7545558344878,-28.4034901760712,27.5425768574519));
#4903=CARTESIAN_POINT('',(24.5071249558217,-28.7517488112453,27.2951459787858));
#4904=CARTESIAN_POINT('',(24.259688836749,-29.1,27.0477098597131));
#4905=CARTESIAN_POINT('',(-1.71783032156231E-15,-28.0552247046642,0.));
#4906=CARTESIAN_POINT('',(27.790002925129,-28.0552247046642,25.0019819021649));
#4907=CARTESIAN_POINT('',(26.9794685638268,-26.9067356033951,24.1914475408627));
#4908=CARTESIAN_POINT('',(26.1688827222335,-25.7583191757496,23.3808616992694));
#4909=CARTESIAN_POINT('',(25.3582279896772,-24.61,22.5702069667131));
#4910=CARTESIAN_POINT('',(25.3582279896772,-24.61,22.5702069667131));
#4911=CARTESIAN_POINT('',(-1.50687811837843E-15,-24.61,0.));
#4912=CARTESIAN_POINT('',(22.5702069667131,-24.61,25.3582279896772));
#4913=CARTESIAN_POINT('',(22.5702069667131,-24.61,25.3582279896772));
#4914=CARTESIAN_POINT('',(23.3808616992694,-25.7583191757496,26.1688827222335));
#4915=CARTESIAN_POINT('',(24.1914475408627,-26.9067356033951,26.9794685638268));
#4916=CARTESIAN_POINT('',(25.0019819021649,-28.0552247046642,27.790002925129));
#4917=CARTESIAN_POINT('',(-1.59749898856129E-15,-26.09,0.));
#4918=CARTESIAN_POINT('',(-1.59749898856129E-15,-26.09,0.));
#4919=CARTESIAN_POINT('',(10.5164534354519,-26.09,31.6309234492305));
#4920=CARTESIAN_POINT('',(6.70794589179782,-26.09,32.6514099699205));
#4921=CARTESIAN_POINT('',(10.5164534354519,-26.09,31.6309234492305));
#4922=CARTESIAN_POINT('',(10.7757075802598,-27.0932607748857,32.5984730897265));
#4923=CARTESIAN_POINT('',(11.0349413575454,-28.0966001085446,33.5659467175946));
#4924=CARTESIAN_POINT('',(11.2941594343279,-29.1,34.533361750387));
#4925=CARTESIAN_POINT('',(11.2941594343279,-29.1,34.533361750387));
#4926=CARTESIAN_POINT('',(-1.78180224481156E-15,-29.1,0.));
#4927=CARTESIAN_POINT('',(7.48565189067387,-29.1,35.5538482710769));
#4928=CARTESIAN_POINT('',(7.48565189067386,-29.1,35.5538482710769));
#4929=CARTESIAN_POINT('',(7.22643381389142,-28.0966001085446,34.5864332382846));
#4930=CARTESIAN_POINT('',(6.96720003660575,-27.0932607748857,33.6189596104165));
#4931=CARTESIAN_POINT('',(6.70794589179782,-26.09,32.6514099699205));
#4932=CARTESIAN_POINT('',(-1.78180224481156E-15,-29.1,0.));
#4933=CARTESIAN_POINT('',(11.2941594343279,-29.1,34.533361750387));
#4934=CARTESIAN_POINT('',(11.3847273397223,-28.7517488112453,34.8713657748541));
#4935=CARTESIAN_POINT('',(11.4752933269948,-28.4034901760713,35.2093626407926));
#4936=CARTESIAN_POINT('',(11.5658575533231,-28.0552247046642,35.5473529347981));
#4937=CARTESIAN_POINT('',(11.5658575533231,-28.0552247046642,35.5473529347981));
#4938=CARTESIAN_POINT('',(-1.71783032156231E-15,-28.0552247046642,0.));
#4939=CARTESIAN_POINT('',(7.7573500096691,-28.0552247046641,36.567839455488));
#4940=CARTESIAN_POINT('',(7.75735000966911,-28.0552247046642,36.5678394554881));
#4941=CARTESIAN_POINT('',(7.66678578334077,-28.4034901760712,36.2298491614826));
#4942=CARTESIAN_POINT('',(7.57621979606831,-28.7517488112453,35.8918522955441));
#4943=CARTESIAN_POINT('',(7.48565189067387,-29.1,35.5538482710769));
#4944=CARTESIAN_POINT('',(-1.71783032156231E-15,-28.0552247046642,0.));
#4945=CARTESIAN_POINT('',(11.5658575533231,-28.0552247046642,35.5473529347981));
#4946=CARTESIAN_POINT('',(11.2691813864463,-26.9067356033951,34.4401424066191));
#4947=CARTESIAN_POINT('',(10.9724863764752,-25.7583191757496,33.3328615550546));
#4948=CARTESIAN_POINT('',(10.6757661506615,-24.61,32.2254865966847));
#4949=CARTESIAN_POINT('',(10.6757661506615,-24.61,32.2254865966847));
#4950=CARTESIAN_POINT('',(-1.50687811837843E-15,-24.61,0.));
#4951=CARTESIAN_POINT('',(6.86725860700747,-24.61,33.2459731173746));
#4952=CARTESIAN_POINT('',(6.86725860700747,-24.61,33.2459731173746));
#4953=CARTESIAN_POINT('',(7.16397883282115,-25.7583191757496,34.3533480757446));
#4954=CARTESIAN_POINT('',(7.4606738427923,-26.906735603395,35.4606289273091));
#4955=CARTESIAN_POINT('',(7.7573500096691,-28.0552247046641,36.567839455488));
#4956=CARTESIAN_POINT('',(-1.59749898856129E-15,-26.09,0.));
#4957=CARTESIAN_POINT('',(-1.59749898856129E-15,-26.09,0.));
#4958=CARTESIAN_POINT('',(-6.70794589179782,-26.09,32.6514099699205));
#4959=CARTESIAN_POINT('',(-10.5164534354519,-26.09,31.6309234492305));
#4960=CARTESIAN_POINT('',(-6.70794589179782,-26.09,32.6514099699205));
#4961=CARTESIAN_POINT('',(-6.96720003660574,-27.0932607748857,33.6189596104164));
#4962=CARTESIAN_POINT('',(-7.22643381389141,-28.0966001085445,34.5864332382846));
#4963=CARTESIAN_POINT('',(-7.48565189067386,-29.1,35.5538482710769));
#4964=CARTESIAN_POINT('',(-7.48565189067386,-29.1,35.5538482710769));
#4965=CARTESIAN_POINT('',(-1.78180224481156E-15,-29.1,0.));
#4966=CARTESIAN_POINT('',(-11.2941594343279,-29.1,34.533361750387));
#4967=CARTESIAN_POINT('',(-11.2941594343279,-29.1,34.533361750387));
#4968=CARTESIAN_POINT('',(-11.0349413575454,-28.0966001085446,33.5659467175946));
#4969=CARTESIAN_POINT('',(-10.7757075802598,-27.0932607748857,32.5984730897265));
#4970=CARTESIAN_POINT('',(-10.5164534354519,-26.09,31.6309234492305));
#4971=CARTESIAN_POINT('',(-1.78180224481156E-15,-29.1,0.));
#4972=CARTESIAN_POINT('',(-7.48565189067386,-29.1,35.5538482710769));
#4973=CARTESIAN_POINT('',(-7.5762197960683,-28.7517488112453,35.8918522955441));
#4974=CARTESIAN_POINT('',(-7.66678578334077,-28.4034901760713,36.2298491614826));
#4975=CARTESIAN_POINT('',(-7.7573500096691,-28.0552247046642,36.567839455488));
#4976=CARTESIAN_POINT('',(-7.75735000966909,-28.0552247046642,36.567839455488));
#4977=CARTESIAN_POINT('',(-1.71783032156231E-15,-28.0552247046642,0.));
#4978=CARTESIAN_POINT('',(-11.5658575533231,-28.0552247046641,35.5473529347981));
#4979=CARTESIAN_POINT('',(-11.5658575533231,-28.0552247046642,35.5473529347981));
#4980=CARTESIAN_POINT('',(-11.4752933269948,-28.4034901760712,35.2093626407926));
#4981=CARTESIAN_POINT('',(-11.3847273397223,-28.7517488112453,34.8713657748542));
#4982=CARTESIAN_POINT('',(-11.2941594343279,-29.1,34.533361750387));
#4983=CARTESIAN_POINT('',(-1.71783032156231E-15,-28.0552247046642,0.));
#4984=CARTESIAN_POINT('',(-7.7573500096691,-28.0552247046641,36.567839455488));
#4985=CARTESIAN_POINT('',(-7.4606738427923,-26.9067356033951,35.4606289273091));
#4986=CARTESIAN_POINT('',(-7.16397883282115,-25.7583191757496,34.3533480757446));
#4987=CARTESIAN_POINT('',(-6.86725860700747,-24.61,33.2459731173746));
#4988=CARTESIAN_POINT('',(-6.86725860700747,-24.61,33.2459731173746));
#4989=CARTESIAN_POINT('',(-1.50687811837843E-15,-24.61,0.));
#4990=CARTESIAN_POINT('',(-10.6757661506615,-24.61,32.2254865966847));
#4991=CARTESIAN_POINT('',(-10.6757661506615,-24.61,32.2254865966847));
#4992=CARTESIAN_POINT('',(-10.9724863764752,-25.7583191757496,33.3328615550546));
#4993=CARTESIAN_POINT('',(-11.2691813864463,-26.906735603395,34.4401424066191));
#4994=CARTESIAN_POINT('',(-11.5658575533231,-28.0552247046641,35.5473529347981));
#4995=CARTESIAN_POINT('',(-1.59749898856129E-15,-26.09,0.));
#4996=CARTESIAN_POINT('',(-1.59749898856129E-15,-26.09,0.));
#4997=CARTESIAN_POINT('',(-22.1349565344686,-26.09,24.9229775574327));
#4998=CARTESIAN_POINT('',(-24.9229775574327,-26.09,22.1349565344686));
#4999=CARTESIAN_POINT('',(-22.1349565344686,-26.09,24.9229775574327));
#5000=CARTESIAN_POINT('',(-22.8432520301567,-27.0932607748858,25.6312730531208));
#5001=CARTESIAN_POINT('',(-23.5514918807391,-28.0966001085446,26.3395129037032));
#5002=CARTESIAN_POINT('',(-24.259688836749,-29.1,27.0477098597131));
#5003=CARTESIAN_POINT('',(-24.259688836749,-29.1,27.0477098597132));
#5004=CARTESIAN_POINT('',(-1.78180224481156E-15,-29.1,0.));
#5005=CARTESIAN_POINT('',(-27.0477098597132,-29.1,24.259688836749));
#5006=CARTESIAN_POINT('',(-27.0477098597132,-29.1,24.259688836749));
#5007=CARTESIAN_POINT('',(-26.3395129037032,-28.0966001085446,23.5514918807391));
#5008=CARTESIAN_POINT('',(-25.6312730531208,-27.0932607748857,22.8432520301567));
#5009=CARTESIAN_POINT('',(-24.9229775574327,-26.09,22.1349565344686));
#5010=CARTESIAN_POINT('',(-1.78180224481156E-15,-29.1,0.));
#5011=CARTESIAN_POINT('',(-24.259688836749,-29.1,27.0477098597132));
#5012=CARTESIAN_POINT('',(-24.5071249558217,-28.7517488112453,27.2951459787858));
#5013=CARTESIAN_POINT('',(-24.7545558344878,-28.4034901760712,27.5425768574519));
#5014=CARTESIAN_POINT('',(-25.0019819021649,-28.0552247046642,27.790002925129));
#5015=CARTESIAN_POINT('',(-25.0019819021649,-28.0552247046642,27.790002925129));
#5016=CARTESIAN_POINT('',(-1.71783032156231E-15,-28.0552247046642,0.));
#5017=CARTESIAN_POINT('',(-27.790002925129,-28.0552247046641,25.0019819021649));
#5018=CARTESIAN_POINT('',(-27.790002925129,-28.0552247046642,25.0019819021649));
#5019=CARTESIAN_POINT('',(-27.5425768574519,-28.4034901760712,24.7545558344878));
#5020=CARTESIAN_POINT('',(-27.2951459787859,-28.7517488112453,24.5071249558217));
#5021=CARTESIAN_POINT('',(-27.0477098597132,-29.1,24.259688836749));
#5022=CARTESIAN_POINT('',(-1.71783032156231E-15,-28.0552247046642,0.));
#5023=CARTESIAN_POINT('',(-25.0019819021649,-28.0552247046642,27.790002925129));
#5024=CARTESIAN_POINT('',(-24.1914475408627,-26.9067356033951,26.9794685638268));
#5025=CARTESIAN_POINT('',(-23.3808616992694,-25.7583191757496,26.1688827222335));
#5026=CARTESIAN_POINT('',(-22.5702069667131,-24.61,25.3582279896772));
#5027=CARTESIAN_POINT('',(-22.5702069667131,-24.61,25.3582279896772));
#5028=CARTESIAN_POINT('',(-1.50687811837843E-15,-24.61,0.));
#5029=CARTESIAN_POINT('',(-25.3582279896772,-24.61,22.5702069667131));
#5030=CARTESIAN_POINT('',(-25.3582279896772,-24.61,22.5702069667131));
#5031=CARTESIAN_POINT('',(-26.1688827222335,-25.7583191757496,23.3808616992694));
#5032=CARTESIAN_POINT('',(-26.9794685638268,-26.9067356033951,24.1914475408627));
#5033=CARTESIAN_POINT('',(-27.790002925129,-28.0552247046641,25.0019819021649));
#5034=CARTESIAN_POINT('',(-1.59749898856129E-15,-26.09,0.));
#5035=CARTESIAN_POINT('',(-1.59749898856129E-15,-26.09,0.));
#5036=CARTESIAN_POINT('',(-31.6309234492305,-26.09,10.5164534354519));
#5037=CARTESIAN_POINT('',(-32.6514099699205,-26.09,6.70794589179778));
#5038=CARTESIAN_POINT('',(-31.6309234492305,-26.09,10.5164534354519));
#5039=CARTESIAN_POINT('',(-32.5984730897265,-27.0932607748857,10.7757075802598));
#5040=CARTESIAN_POINT('',(-33.5659467175946,-28.0966001085446,11.0349413575454));
#5041=CARTESIAN_POINT('',(-34.533361750387,-29.1,11.2941594343279));
#5042=CARTESIAN_POINT('',(-34.533361750387,-29.1,11.2941594343279));
#5043=CARTESIAN_POINT('',(-1.78180224481156E-15,-29.1,0.));
#5044=CARTESIAN_POINT('',(-35.5538482710769,-29.1,7.48565189067382));
#5045=CARTESIAN_POINT('',(-35.5538482710769,-29.1,7.48565189067382));
#5046=CARTESIAN_POINT('',(-34.5864332382846,-28.0966001085446,7.22643381389138));
#5047=CARTESIAN_POINT('',(-33.6189596104165,-27.0932607748857,6.96720003660571));
#5048=CARTESIAN_POINT('',(-32.6514099699205,-26.09,6.70794589179778));
#5049=CARTESIAN_POINT('',(-1.78180224481156E-15,-29.1,0.));
#5050=CARTESIAN_POINT('',(-34.533361750387,-29.1,11.2941594343279));
#5051=CARTESIAN_POINT('',(-34.8713657748541,-28.7517488112453,11.3847273397223));
#5052=CARTESIAN_POINT('',(-35.2093626407926,-28.4034901760712,11.4752933269948));
#5053=CARTESIAN_POINT('',(-35.5473529347981,-28.0552247046642,11.5658575533231));
#5054=CARTESIAN_POINT('',(-35.5473529347981,-28.0552247046642,11.5658575533231));
#5055=CARTESIAN_POINT('',(-1.71783032156231E-15,-28.0552247046642,0.));
#5056=CARTESIAN_POINT('',(-36.5678394554881,-28.0552247046642,7.75735000966906));
#5057=CARTESIAN_POINT('',(-36.5678394554881,-28.0552247046642,7.75735000966906));
#5058=CARTESIAN_POINT('',(-36.2298491614826,-28.4034901760712,7.66678578334073));
#5059=CARTESIAN_POINT('',(-35.8918522955441,-28.7517488112453,7.57621979606826));
#5060=CARTESIAN_POINT('',(-35.5538482710769,-29.1,7.48565189067382));
#5061=CARTESIAN_POINT('',(-1.71783032156231E-15,-28.0552247046642,0.));
#5062=CARTESIAN_POINT('',(-35.5473529347981,-28.0552247046642,11.5658575533231));
#5063=CARTESIAN_POINT('',(-34.4401424066191,-26.9067356033951,11.2691813864463));
#5064=CARTESIAN_POINT('',(-33.3328615550546,-25.7583191757496,10.9724863764752));
#5065=CARTESIAN_POINT('',(-32.2254865966847,-24.61,10.6757661506615));
#5066=CARTESIAN_POINT('',(-32.2254865966847,-24.61,10.6757661506615));
#5067=CARTESIAN_POINT('',(-1.50687811837843E-15,-24.61,0.));
#5068=CARTESIAN_POINT('',(-33.2459731173746,-24.61,6.86725860700743));
#5069=CARTESIAN_POINT('',(-33.2459731173746,-24.61,6.86725860700743));
#5070=CARTESIAN_POINT('',(-34.3533480757446,-25.7583191757496,7.1639788328211));
#5071=CARTESIAN_POINT('',(-35.4606289273091,-26.9067356033951,7.46067384279226));
#5072=CARTESIAN_POINT('',(-36.5678394554881,-28.0552247046642,7.75735000966906));
#5073=CARTESIAN_POINT('',(-1.50687811837843E-15,-24.61,33.9478124375742));
#5074=CARTESIAN_POINT('',(-27.790002925129,-24.61,-25.001981902165));
#5075=CARTESIAN_POINT('',(-24.9229775574327,-24.61,-22.1349565344687));
#5076=CARTESIAN_POINT('',(-1.4783099251166E-14,-24.61,-6.10570154444537E-15));
#5077=CARTESIAN_POINT('',(-31.6309234492305,-24.61,-10.516453435452));
#5078=CARTESIAN_POINT('',(-31.6309234492305,-24.61,-10.516453435452));
#5079=CARTESIAN_POINT('',(-36.5678394554881,-24.61,-7.75735000966913));
#5080=CARTESIAN_POINT('',(-32.6514099699205,-24.61,-6.70794589179785));
#5081=CARTESIAN_POINT('',(-1.50687811837843E-15,-24.61,0.));
#5082=CARTESIAN_POINT('',(-32.6514099699205,-24.61,6.70794589179778));
#5083=CARTESIAN_POINT('',(-32.6514099699205,-24.61,6.70794589179778));
#5084=CARTESIAN_POINT('',(-35.5473529347981,-24.61,11.5658575533231));
#5085=CARTESIAN_POINT('',(-31.6309234492305,-24.61,10.5164534354518));
#5086=CARTESIAN_POINT('',(1.30435174210981E-14,-24.61,-1.35041792097824E-15));
#5087=CARTESIAN_POINT('',(-24.9229775574327,-24.61,22.1349565344686));
#5088=CARTESIAN_POINT('',(-24.9229775574327,-24.61,22.1349565344686));
#5089=CARTESIAN_POINT('',(-25.0019819021649,-24.61,27.790002925129));
#5090=CARTESIAN_POINT('',(-22.1349565344686,-24.61,24.9229775574327));
#5091=CARTESIAN_POINT('',(2.49693206329074E-14,-24.61,-9.79511191600942E-15));
#5092=CARTESIAN_POINT('',(-10.5164534354519,-24.61,31.6309234492305));
#5093=CARTESIAN_POINT('',(-10.5164534354519,-24.61,31.6309234492305));
#5094=CARTESIAN_POINT('',(-7.75735000966909,-24.61,36.567839455488));
#5095=CARTESIAN_POINT('',(-6.70794589179781,-24.61,32.6514099699205));
#5096=CARTESIAN_POINT('',(3.10750221773528E-14,-24.61,-2.3071333048797E-14));
#5097=CARTESIAN_POINT('',(6.70794589179782,-24.61,32.6514099699205));
#5098=CARTESIAN_POINT('',(6.70794589179782,-24.61,32.6514099699205));
#5099=CARTESIAN_POINT('',(11.5658575533231,-24.61,35.5473529347981));
#5100=CARTESIAN_POINT('',(10.5164534354519,-24.61,31.6309234492305));
#5101=CARTESIAN_POINT('',(2.97246042563745E-14,-24.61,-3.76217285882735E-14));
#5102=CARTESIAN_POINT('',(22.1349565344686,-24.61,24.9229775574327));
#5103=CARTESIAN_POINT('',(22.1349565344686,-24.61,24.9229775574327));
#5104=CARTESIAN_POINT('',(27.790002925129,-24.61,25.0019819021649));
#5105=CARTESIAN_POINT('',(24.9229775574327,-24.61,22.1349565344686));
#5106=CARTESIAN_POINT('',(2.12799102613433E-14,-24.61,-4.95475318000828E-14));
#5107=CARTESIAN_POINT('',(31.6309234492305,-24.61,10.5164534354519));
#5108=CARTESIAN_POINT('',(31.6309234492305,-24.61,10.5164534354519));
#5109=CARTESIAN_POINT('',(36.5678394554881,-24.61,7.75735000966907));
#5110=CARTESIAN_POINT('',(32.6514099699205,-24.61,6.70794589179779));
#5111=CARTESIAN_POINT('',(8.00368912855578E-15,-24.61,-5.56532333445281E-14));
#5112=CARTESIAN_POINT('',(32.6514099699205,-24.61,-6.70794589179784));
#5113=CARTESIAN_POINT('',(32.6514099699205,-24.61,-6.70794589179784));
#5114=CARTESIAN_POINT('',(35.5473529347981,-24.61,-11.5658575533231));
#5115=CARTESIAN_POINT('',(31.6309234492305,-24.61,-10.5164534354519));
#5116=CARTESIAN_POINT('',(-6.5467064109207E-15,-24.61,-5.43028154235499E-14));
#5117=CARTESIAN_POINT('',(24.9229775574328,-24.61,-22.1349565344686));
#5118=CARTESIAN_POINT('',(24.9229775574328,-24.61,-22.1349565344686));
#5119=CARTESIAN_POINT('',(25.001981902165,-24.61,-27.790002925129));
#5120=CARTESIAN_POINT('',(22.1349565344686,-24.61,-24.9229775574327));
#5121=CARTESIAN_POINT('',(-1.847250962273E-14,-24.61,-4.58581214285188E-14));
#5122=CARTESIAN_POINT('',(10.5164534354519,-24.61,-31.6309234492306));
#5123=CARTESIAN_POINT('',(10.5164534354519,-24.61,-31.6309234492306));
#5124=CARTESIAN_POINT('',(7.75735000966915,-24.61,-36.5678394554881));
#5125=CARTESIAN_POINT('',(6.70794589179786,-24.61,-32.6514099699205));
#5126=CARTESIAN_POINT('',(-2.45782111671754E-14,-24.61,-3.25819002957312E-14));
#5127=CARTESIAN_POINT('',(-6.70794589179777,-24.61,-32.6514099699205));
#5128=CARTESIAN_POINT('',(-6.70794589179777,-24.61,-32.6514099699205));
#5129=CARTESIAN_POINT('',(-11.5658575533231,-24.61,-35.5473529347982));
#5130=CARTESIAN_POINT('',(-10.5164534354518,-24.61,-31.6309234492306));
#5131=CARTESIAN_POINT('',(-2.32277932461972E-14,-24.61,-1.80315047562547E-14));
#5132=CARTESIAN_POINT('',(-22.1349565344686,-24.61,-24.9229775574328));
#5133=CARTESIAN_POINT('',(-22.1349565344686,-24.61,-24.9229775574328));
#5134=CARTESIAN_POINT('',(-1.50687811837843E-15,-24.61,0.));
#5135=CARTESIAN_POINT('',(20.,-24.61,0.));
#5136=CARTESIAN_POINT('',(-3.67381906146713E-15,-60.,0.));
#5137=CARTESIAN_POINT('',(-1.59749898856129E-15,-26.09,0.));
#5138=CARTESIAN_POINT('',(20.,-26.09,0.));
#5139=CARTESIAN_POINT('',(-1.59749898856129E-15,-26.09,20.));
#5140=CARTESIAN_POINT('',(-1.59749898856129E-15,-26.09,0.));
#5141=CARTESIAN_POINT('',(-1.59749898856129E-15,-26.09,0.));
#5142=CARTESIAN_POINT('',(-1.59749898856129E-15,-26.09,0.));
#5143=CARTESIAN_POINT('',(-1.59749898856129E-15,-26.09,0.));
#5144=CARTESIAN_POINT('',(-1.59749898856129E-15,-26.09,0.));
#5145=CARTESIAN_POINT('',(-1.59749898856129E-15,-26.09,0.));
#5146=CARTESIAN_POINT('',(-1.59749898856129E-15,-26.09,0.));
#5147=CARTESIAN_POINT('',(-1.59749898856129E-15,-26.09,0.));
#5148=CARTESIAN_POINT('',(-1.59749898856129E-15,-26.09,0.));
#5149=CARTESIAN_POINT('',(-1.59749898856129E-15,-26.09,0.));
#5150=CARTESIAN_POINT('',(-1.59749898856129E-15,-26.09,0.));
#5151=CARTESIAN_POINT('',(-1.59749898856129E-15,-26.09,0.));
#5152=CARTESIAN_POINT('',(-36.5678394554881,-24.61,-7.75735000966913));
#5153=CARTESIAN_POINT('',(-32.6514099699205,-24.61,-6.70794589179785));
#5154=CARTESIAN_POINT('',(-32.6514099699205,-24.61,6.70794589179778));
#5155=CARTESIAN_POINT('',(-32.6514099699205,-24.61,6.70794589179778));
#5156=CARTESIAN_POINT('',(-1.50687811837843E-15,-24.61,0.));
#5157=CARTESIAN_POINT('',(-35.5473529347981,-24.61,11.5658575533231));
#5158=CARTESIAN_POINT('',(-31.6309234492305,-24.61,10.5164534354518));
#5159=CARTESIAN_POINT('',(-24.9229775574327,-24.61,22.1349565344686));
#5160=CARTESIAN_POINT('',(-24.9229775574327,-24.61,22.1349565344686));
#5161=CARTESIAN_POINT('',(1.30435174210981E-14,-24.61,-1.35041792097824E-15));
#5162=CARTESIAN_POINT('',(-25.0019819021649,-24.61,27.790002925129));
#5163=CARTESIAN_POINT('',(-22.1349565344686,-24.61,24.9229775574327));
#5164=CARTESIAN_POINT('',(-10.5164534354519,-24.61,31.6309234492305));
#5165=CARTESIAN_POINT('',(-10.5164534354519,-24.61,31.6309234492305));
#5166=CARTESIAN_POINT('',(2.49693206329074E-14,-24.61,-9.79511191600942E-15));
#5167=CARTESIAN_POINT('',(-7.75735000966909,-24.61,36.567839455488));
#5168=CARTESIAN_POINT('',(-6.70794589179781,-24.61,32.6514099699205));
#5169=CARTESIAN_POINT('',(6.70794589179782,-24.61,32.6514099699205));
#5170=CARTESIAN_POINT('',(6.70794589179782,-24.61,32.6514099699205));
#5171=CARTESIAN_POINT('',(3.10750221773528E-14,-24.61,-2.3071333048797E-14));
#5172=CARTESIAN_POINT('',(11.5658575533231,-24.61,35.5473529347981));
#5173=CARTESIAN_POINT('',(10.5164534354519,-24.61,31.6309234492305));
#5174=CARTESIAN_POINT('',(22.1349565344686,-24.61,24.9229775574327));
#5175=CARTESIAN_POINT('',(22.1349565344686,-24.61,24.9229775574327));
#5176=CARTESIAN_POINT('',(2.97246042563745E-14,-24.61,-3.76217285882735E-14));
#5177=CARTESIAN_POINT('',(27.790002925129,-24.61,25.0019819021649));
#5178=CARTESIAN_POINT('',(24.9229775574327,-24.61,22.1349565344686));
#5179=CARTESIAN_POINT('',(31.6309234492305,-24.61,10.5164534354519));
#5180=CARTESIAN_POINT('',(31.6309234492305,-24.61,10.5164534354519));
#5181=CARTESIAN_POINT('',(2.12799102613433E-14,-24.61,-4.95475318000828E-14));
#5182=CARTESIAN_POINT('',(36.5678394554881,-24.61,7.75735000966907));
#5183=CARTESIAN_POINT('',(32.6514099699205,-24.61,6.70794589179779));
#5184=CARTESIAN_POINT('',(32.6514099699205,-24.61,-6.70794589179784));
#5185=CARTESIAN_POINT('',(32.6514099699205,-24.61,-6.70794589179784));
#5186=CARTESIAN_POINT('',(8.00368912855578E-15,-24.61,-5.56532333445281E-14));
#5187=CARTESIAN_POINT('',(35.5473529347981,-24.61,-11.5658575533231));
#5188=CARTESIAN_POINT('',(31.6309234492305,-24.61,-10.5164534354519));
#5189=CARTESIAN_POINT('',(24.9229775574328,-24.61,-22.1349565344686));
#5190=CARTESIAN_POINT('',(24.9229775574328,-24.61,-22.1349565344686));
#5191=CARTESIAN_POINT('',(-6.5467064109207E-15,-24.61,-5.43028154235499E-14));
#5192=CARTESIAN_POINT('',(25.001981902165,-24.61,-27.790002925129));
#5193=CARTESIAN_POINT('',(22.1349565344686,-24.61,-24.9229775574327));
#5194=CARTESIAN_POINT('',(10.5164534354519,-24.61,-31.6309234492306));
#5195=CARTESIAN_POINT('',(10.5164534354519,-24.61,-31.6309234492306));
#5196=CARTESIAN_POINT('',(-1.847250962273E-14,-24.61,-4.58581214285188E-14));
#5197=CARTESIAN_POINT('',(7.75735000966915,-24.61,-36.5678394554881));
#5198=CARTESIAN_POINT('',(6.70794589179786,-24.61,-32.6514099699205));
#5199=CARTESIAN_POINT('',(-6.70794589179777,-24.61,-32.6514099699205));
#5200=CARTESIAN_POINT('',(-6.70794589179777,-24.61,-32.6514099699205));
#5201=CARTESIAN_POINT('',(-2.45782111671754E-14,-24.61,-3.25819002957312E-14));
#5202=CARTESIAN_POINT('',(-11.5658575533231,-24.61,-35.5473529347982));
#5203=CARTESIAN_POINT('',(-10.5164534354518,-24.61,-31.6309234492306));
#5204=CARTESIAN_POINT('',(-22.1349565344686,-24.61,-24.9229775574328));
#5205=CARTESIAN_POINT('',(-22.1349565344686,-24.61,-24.9229775574328));
#5206=CARTESIAN_POINT('',(-2.32277932461972E-14,-24.61,-1.80315047562547E-14));
#5207=CARTESIAN_POINT('',(-27.790002925129,-24.61,-25.001981902165));
#5208=CARTESIAN_POINT('',(-24.9229775574327,-24.61,-22.1349565344687));
#5209=CARTESIAN_POINT('',(-31.6309234492305,-24.61,-10.516453435452));
#5210=CARTESIAN_POINT('',(-31.6309234492305,-24.61,-10.516453435452));
#5211=CARTESIAN_POINT('',(-1.4783099251166E-14,-24.61,-6.10570154444537E-15));
#5212=CARTESIAN_POINT('',(0.,0.,0.));
#5213=CARTESIAN_POINT('',(-2.96354737625015E-15,5.6,49.5));
#5214=CARTESIAN_POINT('',(-30.3303803848276,5.6,12.2212121212122));
#5215=CARTESIAN_POINT('',(-15.5,5.6,49.0269785101924));
#5216=CARTESIAN_POINT('',(-25.3609379999549,5.6,24.5542832060406));
#5217=CARTESIAN_POINT('',(3.29618028388571E-16,5.6,0.));
#5218=CARTESIAN_POINT('',(-15.5,5.6,31.714980687366));
#5219=CARTESIAN_POINT('',(-15.5,5.6,49.5));
#5220=CARTESIAN_POINT('',(3.42889779070266E-16,5.6,0.));
#5221=CARTESIAN_POINT('',(15.5,5.6,6.98807607447927E-15));
#5222=CARTESIAN_POINT('',(15.5,5.6,-31.714980687366));
#5223=CARTESIAN_POINT('',(15.5,5.6,-49.0269785101926));
#5224=CARTESIAN_POINT('',(30.3303803848277,5.6,-12.2212121212121));
#5225=CARTESIAN_POINT('',(25.3609379999549,5.6,-24.5542832060405));
#5226=CARTESIAN_POINT('',(3.29618028388571E-16,5.6,0.));
#5227=CARTESIAN_POINT('',(3.42889779070266E-16,5.6,0.));
#5228=CARTESIAN_POINT('',(3.29618028388571E-16,5.6,0.));
#5229=CARTESIAN_POINT('',(-15.5,5.6,-31.714980687366));
#5230=CARTESIAN_POINT('',(-25.3609379999549,5.6,-24.5542832060405));
#5231=CARTESIAN_POINT('',(-30.3303803848276,5.6,-12.2212121212121));
#5232=CARTESIAN_POINT('',(-15.5,5.6,-49.0269785101925));
#5233=CARTESIAN_POINT('',(-15.5,5.6,-4.19284564468757E-15));
#5234=CARTESIAN_POINT('',(-6.73533494602307E-16,-11.,25.5447785690092));
#5235=CARTESIAN_POINT('',(-6.73533494602307E-16,-11.,0.));
#5236=CARTESIAN_POINT('',(32.7,-11.,0.));
#5237=CARTESIAN_POINT('',(-6.73533494602307E-16,-11.,0.));
#5238=CARTESIAN_POINT('',(25.5447785690092,-11.,0.));
#5239=CARTESIAN_POINT('',(0.,0.,0.));
#5240=CARTESIAN_POINT('',(1.1744959344074,-3.67674960385893,33.9834982445014));
#5241=CARTESIAN_POINT('',(1.66265788752723,-2.49969917667305,33.958602423421));
#5242=CARTESIAN_POINT('',(1.1748725154837,-1.32445368944888,33.9834659531599));
#5243=CARTESIAN_POINT('',(0.00122734604200354,-0.837939353583369,34.0082631761919));
#5244=CARTESIAN_POINT('',(-1.17497595956346,-1.32379017938774,33.9834812854621));
#5245=CARTESIAN_POINT('',(-1.66211458042458,-2.49977051834882,33.9586217267712));
#5246=CARTESIAN_POINT('',(-1.17656514773152,-3.67392179649294,33.9834057240148));
#5247=CARTESIAN_POINT('',(-0.00175219970825847,-4.16233100532417,34.0082739573744));
#5248=CARTESIAN_POINT('',(1.1744959344074,-3.67674960385893,33.9834982445014));
#5249=CARTESIAN_POINT('',(1.66265788752723,-2.49969917667305,33.958602423421));
#5250=CARTESIAN_POINT('',(1.1748725154837,-1.32445368944888,33.9834659531599));
#5251=CARTESIAN_POINT('',(1.5,-2.5,33.9668956485576));
#5252=CARTESIAN_POINT('',(-5.93934081603853E-16,-9.69999999999999,0.));
#5253=CARTESIAN_POINT('',(34.,-9.7,0.));
#5254=CARTESIAN_POINT('',(2.63290366071811E-16,4.3,0.));
#5255=CARTESIAN_POINT('',(-16.1813031161473,4.3,29.9025990419455));
#5256=CARTESIAN_POINT('',(-24.4269657789934,4.3,23.6500178188493));
#5257=CARTESIAN_POINT('',(-24.4269657789934,4.3,23.6500178188493));
#5258=CARTESIAN_POINT('',(-25.9940156160026,4.3,22.031487421291));
#5259=CARTESIAN_POINT('',(-28.7449874782818,5.08492603358049,18.5476617154051));
#5260=CARTESIAN_POINT('',(-30.7328154508402,6.2943273383065,14.7008345242181));
#5261=CARTESIAN_POINT('',(-31.536175323674,6.9,12.7070707070708));
#5262=CARTESIAN_POINT('',(-31.536175323674,6.9,12.7070707070707));
#5263=CARTESIAN_POINT('',(-31.536175323674,5.6,12.7070707070707));
#5264=CARTESIAN_POINT('',(-31.536175323674,16.,12.7070707070707));
#5265=CARTESIAN_POINT('',(9.79685083057902E-16,16.,0.));
#5266=CARTESIAN_POINT('',(-31.536175323674,16.,-12.7070707070707));
#5267=CARTESIAN_POINT('',(-31.536175323674,5.6,-12.7070707070707));
#5268=CARTESIAN_POINT('',(-31.536175323674,6.9,-12.7070707070707));
#5269=CARTESIAN_POINT('',(-24.4269657789934,4.3,-23.6500178188492));
#5270=CARTESIAN_POINT('',(-25.9940156160027,4.29999999999999,-22.0314874212909));
#5271=CARTESIAN_POINT('',(-28.7449874782841,5.08492603355862,-18.5476617153993));
#5272=CARTESIAN_POINT('',(-30.7328154508357,6.29432733835023,-14.7008345242295));
#5273=CARTESIAN_POINT('',(-31.536175323674,6.9,-12.7070707070707));
#5274=CARTESIAN_POINT('',(-24.4269657789934,4.3,-23.6500178188492));
#5275=CARTESIAN_POINT('',(2.63290366071811E-16,4.3,0.));
#5276=CARTESIAN_POINT('',(-16.1813031161473,4.3,-29.9025990419455));
#5277=CARTESIAN_POINT('',(-16.1813031161473,4.3,-29.9025990419455));
#5278=CARTESIAN_POINT('',(-16.1813031161473,3.58709673017365,-29.9025990419455));
#5279=CARTESIAN_POINT('',(-15.5889672629621,2.22641284163513,-30.2303788389603));
#5280=CARTESIAN_POINT('',(-14.3283089978717,1.7,-30.8416208575619));
#5281=CARTESIAN_POINT('',(-13.6770538243626,1.7,-31.1277721445896));
#5282=CARTESIAN_POINT('',(-13.6770538243626,1.7,-31.1277721445896));
#5283=CARTESIAN_POINT('',(1.04091540074902E-16,1.7,0.));
#5284=CARTESIAN_POINT('',(13.6770538243626,1.7,-31.1277721445896));
#5285=CARTESIAN_POINT('',(13.6770538243626,1.7,-31.1277721445896));
#5286=CARTESIAN_POINT('',(14.3270966251737,1.7,-30.8421535550698));
#5287=CARTESIAN_POINT('',(15.5906321320623,2.22660179026212,-30.2295736595903));
#5288=CARTESIAN_POINT('',(16.1813031161473,3.58885475758723,-29.9025990419455));
#5289=CARTESIAN_POINT('',(16.1813031161473,4.3,-29.9025990419455));
#5290=CARTESIAN_POINT('',(16.1813031161473,4.3,-29.9025990419455));
#5291=CARTESIAN_POINT('',(2.63290366071811E-16,4.3,0.));
#5292=CARTESIAN_POINT('',(24.4269657789934,4.3,-23.6500178188492));
#5293=CARTESIAN_POINT('',(24.4269657789934,4.3,-23.6500178188492));
#5294=CARTESIAN_POINT('',(25.9940156160027,4.29999999999999,-22.0314874212909));
#5295=CARTESIAN_POINT('',(28.7449874782873,5.08492603352881,-18.5476617153915));
#5296=CARTESIAN_POINT('',(30.7328154508294,6.29432733840984,-14.700834524245));
#5297=CARTESIAN_POINT('',(31.536175323674,6.9,-12.7070707070707));
#5298=CARTESIAN_POINT('',(31.536175323674,6.9,-12.7070707070707));
#5299=CARTESIAN_POINT('',(31.536175323674,5.6,-12.7070707070707));
#5300=CARTESIAN_POINT('',(31.536175323674,16.,-12.7070707070707));
#5301=CARTESIAN_POINT('',(9.79685083057902E-16,16.,0.));
#5302=CARTESIAN_POINT('',(31.536175323674,16.,12.7070707070707));
#5303=CARTESIAN_POINT('',(31.536175323674,5.6,12.7070707070707));
#5304=CARTESIAN_POINT('',(31.536175323674,6.9,12.7070707070707));
#5305=CARTESIAN_POINT('',(24.4269657789934,4.3,23.6500178188492));
#5306=CARTESIAN_POINT('',(25.9940156160027,4.3,22.0314874212909));
#5307=CARTESIAN_POINT('',(28.7449874782868,5.08492603353357,18.5476617153928));
#5308=CARTESIAN_POINT('',(30.7328154508304,6.29432733840031,14.7008345242425));
#5309=CARTESIAN_POINT('',(31.536175323674,6.9,12.7070707070707));
#5310=CARTESIAN_POINT('',(24.4269657789934,4.3,23.6500178188492));
#5311=CARTESIAN_POINT('',(2.63290366071811E-16,4.3,0.));
#5312=CARTESIAN_POINT('',(16.1813031161473,4.3,29.9025990419455));
#5313=CARTESIAN_POINT('',(16.1813031161473,4.3,29.9025990419455));
#5314=CARTESIAN_POINT('',(16.1813031161473,3.58709673017365,29.9025990419455));
#5315=CARTESIAN_POINT('',(15.5889672629621,2.22641284163513,30.2303788389603));
#5316=CARTESIAN_POINT('',(14.3283089978717,1.7,30.8416208575619));
#5317=CARTESIAN_POINT('',(13.6770538243626,1.7,31.1277721445896));
#5318=CARTESIAN_POINT('',(13.6770538243626,1.7,31.1277721445896));
#5319=CARTESIAN_POINT('',(1.04091540074902E-16,1.7,0.));
#5320=CARTESIAN_POINT('',(-13.6770538243626,1.7,31.1277721445896));
#5321=CARTESIAN_POINT('',(-13.6770538243626,1.7,31.1277721445896));
#5322=CARTESIAN_POINT('',(-14.3270966251737,1.7,30.8421535550698));
#5323=CARTESIAN_POINT('',(-15.5906321320623,2.22660179026212,30.2295736595903));
#5324=CARTESIAN_POINT('',(-16.1813031161473,3.58885475758723,29.9025990419455));
#5325=CARTESIAN_POINT('',(-16.1813031161473,4.3,29.9025990419455));
#5326=CARTESIAN_POINT('',(9.79685083057902E-16,16.,34.));
#5327=CARTESIAN_POINT('',(-14.3767858093219,16.,55.2929292929293));
#5328=CARTESIAN_POINT('',(-14.376785809322,16.,55.2929292929293));
#5329=CARTESIAN_POINT('',(-2.32675207226252E-15,16.,49.5));
#5330=CARTESIAN_POINT('',(14.376785809322,16.,55.2929292929293));
#5331=CARTESIAN_POINT('',(14.376785809322,16.,55.2929292929293));
#5332=CARTESIAN_POINT('',(14.376785809322,16.,-55.2929292929293));
#5333=CARTESIAN_POINT('',(14.376785809322,16.,-55.2929292929293));
#5334=CARTESIAN_POINT('',(-2.32675207226252E-15,16.,-49.5));
#5335=CARTESIAN_POINT('',(-14.376785809322,16.,-55.2929292929293));
#5336=CARTESIAN_POINT('',(-14.376785809322,16.,-55.2929292929293));
#5337=CARTESIAN_POINT('',(-2.32675207226252E-15,16.,-49.5));
#5338=CARTESIAN_POINT('',(-5.75,16.,-49.5));
#5339=CARTESIAN_POINT('',(9.79685083057902E-16,16.,0.));
#5340=CARTESIAN_POINT('',(25.5447785690092,16.,0.));
#5341=CARTESIAN_POINT('',(-2.32675207226252E-15,16.,49.5));
#5342=CARTESIAN_POINT('',(-5.75,16.,49.5));
#5343=CARTESIAN_POINT('',(0.,0.,0.));
#5344=CARTESIAN_POINT('',(4.99027089182619E-16,8.15,0.));
#5345=CARTESIAN_POINT('',(25.5447785690092,8.15,0.));
#5346=CARTESIAN_POINT('',(4.99027089182619E-16,8.15,0.));
#5347=CARTESIAN_POINT('',(4.59227382683392E-16,7.5,0.));
#5348=CARTESIAN_POINT('',(24.8947785690092,7.5,0.));
#5349=CARTESIAN_POINT('',(0.,0.,-1.73472347597681E-15));
#5350=CARTESIAN_POINT('',(0.0137536921380547,-4.16364288963602,25.6745268687275));
#5351=CARTESIAN_POINT('',(-1.16949239192294,-3.68184206704907,25.7214537593813));
#5352=CARTESIAN_POINT('',(-1.66090513279923,-2.51155428343435,25.8350046452611));
#5353=CARTESIAN_POINT('',(-1.18665645384099,-1.33637030734056,25.9484212623897));
#5354=CARTESIAN_POINT('',(-0.0133647660333287,-0.836452120814791,25.9964861958168));
#5355=CARTESIAN_POINT('',(1.16883164949959,-1.31810351326696,25.9501794708375));
#5356=CARTESIAN_POINT('',(1.66086634094439,-2.48630409412113,25.8374478848476));
#5357=CARTESIAN_POINT('',(1.18740376095409,-3.66329091280462,25.7232584617557));
#5358=CARTESIAN_POINT('',(0.0137536921380547,-4.16364288963602,25.6745268687275));
#5359=CARTESIAN_POINT('',(-1.16949239192294,-3.68184206704907,25.7214537593813));
#5360=CARTESIAN_POINT('',(-1.66090513279923,-2.51155428343435,25.8350046452611));
#5361=CARTESIAN_POINT('',(-1.05418683472549,-3.56709424021111,25.7325577585856));
#5362=CARTESIAN_POINT('',(-4.59227382683392E-16,-7.5,0.));
#5363=CARTESIAN_POINT('',(24.8947785690092,-7.50000000000001,0.));
#5364=CARTESIAN_POINT('',(-4.99027089182619E-16,-8.15,0.));
#5365=CARTESIAN_POINT('',(-4.99027089182619E-16,-8.15,0.));
#5366=CARTESIAN_POINT('',(25.5447785690092,-8.15,0.));
#5367=CARTESIAN_POINT('',(0.,0.,0.));
#5368=CARTESIAN_POINT('',(-2.96354737625015E-15,5.6,49.5));
#5369=CARTESIAN_POINT('',(3.29618028388571E-16,5.6,0.));
#5370=CARTESIAN_POINT('',(15.5,5.6,31.714980687366));
#5371=CARTESIAN_POINT('',(25.3609379999549,5.6,24.5542832060405));
#5372=CARTESIAN_POINT('',(13.1709908704756,5.6,54.8070707070707));
#5373=CARTESIAN_POINT('',(15.5,5.6,49.0269785101926));
#5374=CARTESIAN_POINT('',(15.5,5.6,49.5));
#5375=CARTESIAN_POINT('',(-2.96354737625015E-15,5.6,49.5));
#5376=CARTESIAN_POINT('',(-15.5,3.,49.5));
#5377=CARTESIAN_POINT('',(-15.5,4.3,49.5));
#5378=CARTESIAN_POINT('',(-15.5,5.61207656375763,49.5));
#5379=CARTESIAN_POINT('',(-3.04314678924861E-15,4.3,49.5));
#5380=CARTESIAN_POINT('',(15.5,4.3,49.5));
#5381=CARTESIAN_POINT('',(15.5,3.,49.5));
#5382=CARTESIAN_POINT('',(15.5,5.61207656375762,49.5));
#5383=CARTESIAN_POINT('',(15.5,5.61207656375762,49.5));
#5384=CARTESIAN_POINT('',(15.5,5.66439955847354,50.5199261069377));
#5385=CARTESIAN_POINT('',(15.2998274480533,6.05466913794042,52.5132393508181));
#5386=CARTESIAN_POINT('',(14.7403613650839,6.61827029385916,54.3906141383021));
#5387=CARTESIAN_POINT('',(14.376785809322,6.9,55.2929292929293));
#5388=CARTESIAN_POINT('',(14.376785809322,6.9,55.2929292929293));
#5389=CARTESIAN_POINT('',(14.376785809322,5.6,55.2929292929293));
#5390=CARTESIAN_POINT('',(-14.376785809322,5.6,55.2929292929293));
#5391=CARTESIAN_POINT('',(-14.376785809322,6.9,55.2929292929293));
#5392=CARTESIAN_POINT('',(-15.5,5.61207656375763,49.5));
#5393=CARTESIAN_POINT('',(-15.5,5.66439955847357,50.5199261069378));
#5394=CARTESIAN_POINT('',(-15.2998274480318,6.05466913774162,52.5132393508717));
#5395=CARTESIAN_POINT('',(-14.7403613651269,6.61827029425709,54.3906141381952));
#5396=CARTESIAN_POINT('',(-14.3767858093219,6.9,55.2929292929293));
#5397=CARTESIAN_POINT('',(-14.3767858093219,5.6,55.2929292929293));
#5398=CARTESIAN_POINT('',(-14.3767858093219,6.9,55.2929292929293));
#5399=CARTESIAN_POINT('',(14.376785809322,5.6,55.2929292929293));
#5400=CARTESIAN_POINT('',(31.536175323674,6.9,12.7070707070707));
#5401=CARTESIAN_POINT('',(-2.96354737625015E-15,5.6,49.5));
#5402=CARTESIAN_POINT('',(-2.32675207226252E-15,3.,49.5));
#5403=CARTESIAN_POINT('',(5.75,3.,49.5));
#5404=CARTESIAN_POINT('',(-2.96354737625015E-15,5.6,-49.5));
#5405=CARTESIAN_POINT('',(-2.32675207226252E-15,3.,-49.5));
#5406=CARTESIAN_POINT('',(5.75,3.,-49.5));
#5407=CARTESIAN_POINT('',(-14.376785809322,5.6,-55.2929292929293));
#5408=CARTESIAN_POINT('',(-14.376785809322,5.6,-55.2929292929293));
#5409=CARTESIAN_POINT('',(-14.376785809322,6.9,-55.2929292929293));
#5410=CARTESIAN_POINT('',(-14.376785809322,6.9,-55.2929292929293));
#5411=CARTESIAN_POINT('',(14.376785809322,5.6,-55.2929292929293));
#5412=CARTESIAN_POINT('',(14.376785809322,6.9,-55.2929292929293));
#5413=CARTESIAN_POINT('',(14.376785809322,6.9,-55.2929292929293));
#5414=CARTESIAN_POINT('',(14.376785809322,5.6,-55.2929292929293));
#5415=CARTESIAN_POINT('',(-2.96354737625015E-15,5.6,-49.5));
#5416=CARTESIAN_POINT('',(15.5,3.,-49.5));
#5417=CARTESIAN_POINT('',(15.5,4.3,-49.5));
#5418=CARTESIAN_POINT('',(15.5,5.61207656375762,-49.5));
#5419=CARTESIAN_POINT('',(-3.04314678924861E-15,4.3,-49.5));
#5420=CARTESIAN_POINT('',(-15.5,4.3,-49.5));
#5421=CARTESIAN_POINT('',(-15.5,3.,-49.5));
#5422=CARTESIAN_POINT('',(-15.5,5.61207656375762,-49.5));
#5423=CARTESIAN_POINT('',(-15.5,5.61207656375762,-49.5));
#5424=CARTESIAN_POINT('',(-15.5,5.66439955847355,-50.5199261069378));
#5425=CARTESIAN_POINT('',(-15.2998274480491,6.05466913790122,-52.5132393508286));
#5426=CARTESIAN_POINT('',(-14.7403613650924,6.61827029393761,-54.390614138281));
#5427=CARTESIAN_POINT('',(-14.376785809322,6.9,-55.2929292929293));
#5428=CARTESIAN_POINT('',(15.5,5.61207656375762,-49.5));
#5429=CARTESIAN_POINT('',(15.5,5.66439955847354,-50.5199261069378));
#5430=CARTESIAN_POINT('',(15.2998274480533,6.05466913794042,-52.5132393508181));
#5431=CARTESIAN_POINT('',(14.7403613650839,6.61827029385916,-54.3906141383021));
#5432=CARTESIAN_POINT('',(14.376785809322,6.9,-55.2929292929293));
#5433=CARTESIAN_POINT('',(-2.32675207226252E-15,3.,-49.5));
#5434=CARTESIAN_POINT('',(14.2,3.,-30.261361502748));
#5435=CARTESIAN_POINT('',(14.2,3.,-49.5));
#5436=CARTESIAN_POINT('',(14.2,3.,-32.3179516677651));
#5437=CARTESIAN_POINT('',(1.04091540074902E-16,3.,0.));
#5438=CARTESIAN_POINT('',(-14.2,3.,-32.3179516677651));
#5439=CARTESIAN_POINT('',(-14.2,3.,-49.5));
#5440=CARTESIAN_POINT('',(-14.2,3.,-49.5));
#5441=CARTESIAN_POINT('',(-3.04314678924861E-15,3.,-49.5));
#5442=CARTESIAN_POINT('',(15.5,3.,-49.5));
#5443=CARTESIAN_POINT('',(15.5,5.6,-31.714980687366));
#5444=CARTESIAN_POINT('',(15.5,5.6,-31.4831728348291));
#5445=CARTESIAN_POINT('',(15.5,5.55115944610632,-31.2561652467164));
#5446=CARTESIAN_POINT('',(15.5,5.45333121415374,-31.0459337111964));
#5447=CARTESIAN_POINT('',(15.5,5.45333121415374,-31.0459337111964));
#5448=CARTESIAN_POINT('',(15.5,3.,-31.0459337111964));
#5449=CARTESIAN_POINT('',(15.5,4.3,-31.0459337111964));
#5450=CARTESIAN_POINT('',(15.5,4.3,-49.5));
#5451=CARTESIAN_POINT('',(15.5,6.9,-49.0269785101926));
#5452=CARTESIAN_POINT('',(-15.5,3.,-49.5));
#5453=CARTESIAN_POINT('',(-15.5,3.,-31.0459337111964));
#5454=CARTESIAN_POINT('',(-15.5,4.3,-31.0459337111964));
#5455=CARTESIAN_POINT('',(-15.5,5.45333121415374,-31.0459337111964));
#5456=CARTESIAN_POINT('',(-15.5,5.45333121415374,-31.0459337111964));
#5457=CARTESIAN_POINT('',(-15.5,5.55119402188212,-31.2562395495867));
#5458=CARTESIAN_POINT('',(-15.5,5.6,-31.4831396907631));
#5459=CARTESIAN_POINT('',(-15.5,5.6,-31.714980687366));
#5460=CARTESIAN_POINT('',(-15.5,6.9,-49.0269785101925));
#5461=CARTESIAN_POINT('',(-15.5,4.3,-30.261361502748));
#5462=CARTESIAN_POINT('',(0.,3.,0.));
#5463=CARTESIAN_POINT('',(-14.2,3.,0.));
#5464=CARTESIAN_POINT('',(-14.2,3.,49.5));
#5465=CARTESIAN_POINT('',(-14.2,3.,32.3179516677651));
#5466=CARTESIAN_POINT('',(1.04091540074902E-16,3.,0.));
#5467=CARTESIAN_POINT('',(14.2,3.,32.3179516677651));
#5468=CARTESIAN_POINT('',(14.2,3.,1.28039587429169E-15));
#5469=CARTESIAN_POINT('',(14.2,3.,49.5));
#5470=CARTESIAN_POINT('',(-3.04314678924861E-15,3.,49.5));
#5471=CARTESIAN_POINT('',(-15.5,3.,49.5));
#5472=CARTESIAN_POINT('',(-15.5,5.6,31.714980687366));
#5473=CARTESIAN_POINT('',(-15.5,5.6,31.4831728348291));
#5474=CARTESIAN_POINT('',(-15.5,5.55115944610632,31.2561652467163));
#5475=CARTESIAN_POINT('',(-15.5,5.45333121415374,31.0459337111964));
#5476=CARTESIAN_POINT('',(-15.5,5.45333121415375,31.0459337111964));
#5477=CARTESIAN_POINT('',(-15.5,4.3,31.0459337111964));
#5478=CARTESIAN_POINT('',(-15.5,4.3,31.0459337111964));
#5479=CARTESIAN_POINT('',(-15.5,4.3,49.5));
#5480=CARTESIAN_POINT('',(-15.5,6.9,49.0269785101924));
#5481=CARTESIAN_POINT('',(15.5,3.,49.5));
#5482=CARTESIAN_POINT('',(15.5,5.6,31.0459337111964));
#5483=CARTESIAN_POINT('',(15.5,4.3,31.0459337111964));
#5484=CARTESIAN_POINT('',(15.5,5.45333121415374,31.0459337111964));
#5485=CARTESIAN_POINT('',(15.5,5.45333121415374,31.0459337111964));
#5486=CARTESIAN_POINT('',(15.5,5.55119402188211,31.2562395495867));
#5487=CARTESIAN_POINT('',(15.5,5.6,31.4831396907631));
#5488=CARTESIAN_POINT('',(15.5,5.6,31.714980687366));
#5489=CARTESIAN_POINT('',(15.5,6.9,49.0269785101926));
#5490=CARTESIAN_POINT('',(15.5,4.3,49.5));
#5491=CARTESIAN_POINT('',(-5.93934081603853E-16,-9.69999999999999,0.));
#5492=CARTESIAN_POINT('',(-14.2,4.3,49.5));
#5493=CARTESIAN_POINT('',(-15.5,4.3,31.0459337111964));
#5494=CARTESIAN_POINT('',(-15.5,4.09249831778312,31.0459337111964));
#5495=CARTESIAN_POINT('',(-15.3961240648844,3.69493570215924,31.1591402007433));
#5496=CARTESIAN_POINT('',(-14.9544705121368,3.15599512365193,31.6206659874269));
#5497=CARTESIAN_POINT('',(-14.5092775718398,3.,32.0461682598763));
#5498=CARTESIAN_POINT('',(-14.2,3.,32.3179516677651));
#5499=CARTESIAN_POINT('',(-14.2,4.3,49.5));
#5500=CARTESIAN_POINT('',(-3.04314678924861E-15,4.3,49.5));
#5501=CARTESIAN_POINT('',(14.2,4.3,49.5));
#5502=CARTESIAN_POINT('',(14.2,4.3,49.5));
#5503=CARTESIAN_POINT('',(14.2,3.,32.3179516677651));
#5504=CARTESIAN_POINT('',(14.5092037555305,3.,32.0462331273285));
#5505=CARTESIAN_POINT('',(14.9529252182146,3.15656145435746,31.6221420535705));
#5506=CARTESIAN_POINT('',(15.393964028544,3.68986620303841,31.1614625252883));
#5507=CARTESIAN_POINT('',(15.5,4.09236186959298,31.0459337111964));
#5508=CARTESIAN_POINT('',(15.5,4.3,31.0459337111964));
#5509=CARTESIAN_POINT('',(-14.2,4.3,-49.5));
#5510=CARTESIAN_POINT('',(-14.2,3.,-32.3179516677651));
#5511=CARTESIAN_POINT('',(-14.5092037555305,3.,-32.0462331273285));
#5512=CARTESIAN_POINT('',(-14.9529252182146,3.15656145435745,-31.6221420535705));
#5513=CARTESIAN_POINT('',(-15.393964028544,3.68986620303841,-31.1614625252883));
#5514=CARTESIAN_POINT('',(-15.5,4.09236186959298,-31.0459337111964));
#5515=CARTESIAN_POINT('',(-15.5,4.3,-31.0459337111964));
#5516=CARTESIAN_POINT('',(-14.2,4.3,-49.5));
#5517=CARTESIAN_POINT('',(-3.04314678924861E-15,4.3,-49.5));
#5518=CARTESIAN_POINT('',(14.2,4.3,-49.5));
#5519=CARTESIAN_POINT('',(14.2,4.3,-49.5));
#5520=CARTESIAN_POINT('',(15.5,4.3,-31.0459337111964));
#5521=CARTESIAN_POINT('',(15.5,4.09249831778312,-31.0459337111964));
#5522=CARTESIAN_POINT('',(15.3961240648844,3.69493570215924,-31.1591402007433));
#5523=CARTESIAN_POINT('',(14.9544705121368,3.15599512365192,-31.6206659874269));
#5524=CARTESIAN_POINT('',(14.5092775718398,3.,-32.0461682598763));
#5525=CARTESIAN_POINT('',(14.2,3.,-32.3179516677651));
#5526=CARTESIAN_POINT('',(13.1709908704756,6.9,-54.8070707070707));
#5527=CARTESIAN_POINT('',(25.3609379999549,5.6,-24.5542832060405));
#5528=CARTESIAN_POINT('',(26.5987956357673,5.59999999999999,-22.6797218140699));
#5529=CARTESIAN_POINT('',(28.8515307104614,5.99878978272671,-18.812742140608));
#5530=CARTESIAN_POINT('',(30.7061740755642,6.59864334915724,-14.7669526013844));
#5531=CARTESIAN_POINT('',(31.536175323674,6.9,-12.7070707070707));
#5532=CARTESIAN_POINT('',(24.4269657789934,4.3,-23.6500178188492));
#5533=CARTESIAN_POINT('',(24.4269657789934,5.59999999999999,-23.6500178188492));
#5534=CARTESIAN_POINT('',(25.3609379999549,5.6,-24.5542832060405));
#5535=CARTESIAN_POINT('',(25.2098938120589,4.30000000494331,-22.8413691143285));
#5536=CARTESIAN_POINT('',(25.0994913901459,5.41094486252032,-22.9553984689435));
#5537=CARTESIAN_POINT('',(25.9696598715175,5.59999999999999,-23.6324594953343));
#5538=CARTESIAN_POINT('',(26.6750709662968,4.51099834862307,-21.1690403172847));
#5539=CARTESIAN_POINT('',(26.50684880146,5.3005205443224,-21.3806903308669));
#5540=CARTESIAN_POINT('',(27.1374423106351,5.70549917543502,-21.753784491083));
#5541=CARTESIAN_POINT('',(29.247746076303,5.3792873238079,-17.577730243562));
#5542=CARTESIAN_POINT('',(29.0881301898063,5.72619307962792,-17.8356473295453));
#5543=CARTESIAN_POINT('',(29.3057804240532,6.13964366122986,-17.822601921754));
#5544=CARTESIAN_POINT('',(30.730936743805,6.29291090218495,-14.7054970649256));
#5545=CARTESIAN_POINT('',(30.7155424746213,6.44468317540097,-14.74370228025));
#5546=CARTESIAN_POINT('',(30.7001482098667,6.59645545109247,-14.7819074844958));
#5547=CARTESIAN_POINT('',(31.536175323674,6.9,-12.7070707070707));
#5548=CARTESIAN_POINT('',(31.536175323674,6.9,-12.7070707070707));
#5549=CARTESIAN_POINT('',(31.536175323674,6.9,-12.7070707070707));
#5550=CARTESIAN_POINT('',(25.3609379999549,4.3,-24.5542832060405));
#5551=CARTESIAN_POINT('',(2.63290366071811E-16,4.3,0.));
#5552=CARTESIAN_POINT('',(15.5,5.45333121415374,-31.0459337111964));
#5553=CARTESIAN_POINT('',(15.5,5.19386184964975,-30.4883375875487));
#5554=CARTESIAN_POINT('',(15.8091103421979,4.73120694499903,-30.1040050830882));
#5555=CARTESIAN_POINT('',(16.1813031161473,4.3,-29.9025990419455));
#5556=CARTESIAN_POINT('',(16.8,-8.57032249963272E-31,-31.0459337111964));
#5557=CARTESIAN_POINT('',(16.8,4.3,-31.0459337111964));
#5558=CARTESIAN_POINT('',(15.5,4.3,-31.0459337111964));
#5559=CARTESIAN_POINT('',(15.5,4.3,-30.2712750965216));
#5560=CARTESIAN_POINT('',(16.1813031161473,4.3,-29.9025990419455));
#5561=CARTESIAN_POINT('',(15.5,3.93704139418968,-31.0459337228219));
#5562=CARTESIAN_POINT('',(15.4999999823197,3.820002891117,-30.2712751054913));
#5563=CARTESIAN_POINT('',(16.1813030954666,3.57408278837779,-29.9025990531366));
#5564=CARTESIAN_POINT('',(15.1793770082744,3.25062576211169,-31.4000626898075));
#5565=CARTESIAN_POINT('',(14.9109303098291,2.89556959765697,-30.5725268574774));
#5566=CARTESIAN_POINT('',(15.5636724340202,2.20125151713303,-30.2436864430093));
#5567=CARTESIAN_POINT('',(14.5314492969612,3.,-32.0266844437382));
#5568=CARTESIAN_POINT('',(14.0201315457449,2.87317293563976,-30.9770291891242));
#5569=CARTESIAN_POINT('',(14.3155397225746,1.70000001418226,-30.8472314764242));
#5570=CARTESIAN_POINT('',(14.2,3.,-32.3179516677651));
#5571=CARTESIAN_POINT('',(13.6770538243626,3.,-31.1277721445896));
#5572=CARTESIAN_POINT('',(13.6770538243626,1.7,-31.1277721445896));
#5573=CARTESIAN_POINT('',(14.2,1.7,-32.3179516677651));
#5574=CARTESIAN_POINT('',(1.04091540074902E-16,1.7,0.));
#5575=CARTESIAN_POINT('',(-14.2,1.7,-32.3179516677651));
#5576=CARTESIAN_POINT('',(-14.2,3.,-32.3179516677651));
#5577=CARTESIAN_POINT('',(-13.6770538243626,3.,-31.1277721445896));
#5578=CARTESIAN_POINT('',(-13.6770538243626,1.7,-31.1277721445896));
#5579=CARTESIAN_POINT('',(-14.5320017894626,3.,-32.0261989305445));
#5580=CARTESIAN_POINT('',(-14.020675482429,2.87297185722962,-30.9767901918836));
#5581=CARTESIAN_POINT('',(-14.3166040141331,1.70000001574808,-30.8467638434416));
#5582=CARTESIAN_POINT('',(-15.1783558904118,3.2503910128708,-31.4010626560553));
#5583=CARTESIAN_POINT('',(-14.9096042627735,2.89558114971737,-30.5731548835112));
#5584=CARTESIAN_POINT('',(-15.5617054014407,2.20078201786773,-30.2446495832284));
#5585=CARTESIAN_POINT('',(-15.5,3.93608963331073,-31.0459337153275));
#5586=CARTESIAN_POINT('',(-15.4999999936539,3.81874422885394,-30.2712750997107));
#5587=CARTESIAN_POINT('',(-16.1813031087495,3.57217926662114,-29.9025990459488));
#5588=CARTESIAN_POINT('',(-15.5,4.3,-31.0459337111964));
#5589=CARTESIAN_POINT('',(-15.5,4.3,-30.2712750965216));
#5590=CARTESIAN_POINT('',(-16.1813031161473,4.3,-29.9025990419456));
#5591=CARTESIAN_POINT('',(-16.8,4.3,-31.0459337111964));
#5592=CARTESIAN_POINT('',(-16.8,-5.14219349977963E-31,-31.0459337111964));
#5593=CARTESIAN_POINT('',(-15.5,5.45333121415374,-31.0459337111964));
#5594=CARTESIAN_POINT('',(-15.5,5.19386184964975,-30.4883375875487));
#5595=CARTESIAN_POINT('',(-15.8091103422255,4.73120694502985,-30.1040050830733));
#5596=CARTESIAN_POINT('',(-16.1813031161473,4.3,-29.9025990419455));
#5597=CARTESIAN_POINT('',(2.63290366071811E-16,4.3,0.));
#5598=CARTESIAN_POINT('',(-25.3609379999549,4.3,-24.5542832060405));
#5599=CARTESIAN_POINT('',(-25.3609379999549,5.6,-24.5542832060405));
#5600=CARTESIAN_POINT('',(-24.4269657789934,5.6,-23.6500178188492));
#5601=CARTESIAN_POINT('',(-24.4269657789934,4.3,-23.6500178188492));
#5602=CARTESIAN_POINT('',(-25.9696598715094,5.6,-23.6324594953282));
#5603=CARTESIAN_POINT('',(-25.0994913901368,5.41094486252257,-22.9553984689395));
#5604=CARTESIAN_POINT('',(-25.2098938120579,4.30000000494331,-22.8413691143295));
#5605=CARTESIAN_POINT('',(-27.137442310639,5.70549917543525,-21.7537844910854));
#5606=CARTESIAN_POINT('',(-26.5068488014627,5.30052054432165,-21.3806903308684));
#5607=CARTESIAN_POINT('',(-26.6750709662973,4.51099834862335,-21.1690403172842));
#5608=CARTESIAN_POINT('',(-29.3057804240502,6.13964366122872,-17.822601921754));
#5609=CARTESIAN_POINT('',(-29.0881301898083,5.72619307962772,-17.8356473295452));
#5610=CARTESIAN_POINT('',(-29.2477460763025,5.37928732380654,-17.5777302435629));
#5611=CARTESIAN_POINT('',(-30.7001482098698,6.5964554510975,-14.7819074844883));
#5612=CARTESIAN_POINT('',(-30.7155424746052,6.44468317540399,-14.743702280246));
#5613=CARTESIAN_POINT('',(-30.730936743806,6.29291090219099,-14.7054970649232));
#5614=CARTESIAN_POINT('',(-31.536175323674,6.9,-12.7070707070707));
#5615=CARTESIAN_POINT('',(-31.536175323674,6.9,-12.7070707070707));
#5616=CARTESIAN_POINT('',(-31.536175323674,6.9,-12.7070707070707));
#5617=CARTESIAN_POINT('',(-25.3609379999549,5.6,-24.5542832060405));
#5618=CARTESIAN_POINT('',(-26.5987956357673,5.59999999999998,-22.6797218140699));
#5619=CARTESIAN_POINT('',(-28.8515307104616,5.99878978272164,-18.8127421406074));
#5620=CARTESIAN_POINT('',(-30.7061740755637,6.5986433491674,-14.7669526013857));
#5621=CARTESIAN_POINT('',(-31.536175323674,6.9,-12.7070707070707));
#5622=CARTESIAN_POINT('',(-13.1709908704756,6.9,-54.8070707070707));
#5623=CARTESIAN_POINT('',(-13.1709908704756,6.9,54.8070707070707));
#5624=CARTESIAN_POINT('',(-25.3609379999549,5.6,24.5542832060406));
#5625=CARTESIAN_POINT('',(-26.5987956357673,5.59999999999999,22.67972181407));
#5626=CARTESIAN_POINT('',(-28.8515307104625,5.998789782703,18.8127421406051));
#5627=CARTESIAN_POINT('',(-30.7061740755618,6.59864334920468,14.7669526013905));
#5628=CARTESIAN_POINT('',(-31.536175323674,6.9,12.7070707070708));
#5629=CARTESIAN_POINT('',(-24.4269657789934,4.3,23.6500178188493));
#5630=CARTESIAN_POINT('',(-24.4269657789934,5.6,23.6500178188493));
#5631=CARTESIAN_POINT('',(-25.3609379999549,5.6,24.5542832060405));
#5632=CARTESIAN_POINT('',(-25.2098938120519,4.30000000494331,22.8413691143357));
#5633=CARTESIAN_POINT('',(-25.0994913901341,5.41094486253342,22.955398468954));
#5634=CARTESIAN_POINT('',(-25.9696598715114,5.6,23.6324594953424));
#5635=CARTESIAN_POINT('',(-26.6750709663001,4.51099834862321,21.1690403172812));
#5636=CARTESIAN_POINT('',(-26.5068488014639,5.30052054431716,21.3806903308659));
#5637=CARTESIAN_POINT('',(-27.1374423106382,5.70549917543516,21.7537844910785));
#5638=CARTESIAN_POINT('',(-29.2477460763004,5.37928732380721,17.5777302435658));
#5639=CARTESIAN_POINT('',(-29.0881301898,5.72619307963151,17.8356473295412));
#5640=CARTESIAN_POINT('',(-29.3057804240497,6.13964366122917,17.8226019217605));
#5641=CARTESIAN_POINT('',(-30.7309367438081,6.29291090218797,14.7054970649179));
#5642=CARTESIAN_POINT('',(-30.7155424746534,6.44468317539897,14.7437022802561));
#5643=CARTESIAN_POINT('',(-30.7001482098743,6.5964554510955,14.7819074844771));
#5644=CARTESIAN_POINT('',(-31.536175323674,6.9,12.7070707070708));
#5645=CARTESIAN_POINT('',(-31.536175323674,6.9,12.7070707070708));
#5646=CARTESIAN_POINT('',(-31.536175323674,6.9,12.7070707070708));
#5647=CARTESIAN_POINT('',(-25.3609379999549,4.3,24.5542832060406));
#5648=CARTESIAN_POINT('',(2.63290366071811E-16,4.3,0.));
#5649=CARTESIAN_POINT('',(-15.5,5.45333121415375,31.0459337111964));
#5650=CARTESIAN_POINT('',(-15.5,5.19386184964976,30.4883375875487));
#5651=CARTESIAN_POINT('',(-15.8091103421845,4.73120694498413,30.1040050830955));
#5652=CARTESIAN_POINT('',(-16.1813031161473,4.3,29.9025990419455));
#5653=CARTESIAN_POINT('',(-16.8,0.,31.0459337111964));
#5654=CARTESIAN_POINT('',(-16.8,4.3,31.0459337111964));
#5655=CARTESIAN_POINT('',(-15.5,4.3,31.0459337111964));
#5656=CARTESIAN_POINT('',(-15.5,4.3,30.2712750965216));
#5657=CARTESIAN_POINT('',(-16.1813031161473,4.3,29.9025990419455));
#5658=CARTESIAN_POINT('',(-15.5,3.93704139418937,31.0459337228118));
#5659=CARTESIAN_POINT('',(-15.4999999823353,3.82000289111751,30.2712751054768));
#5660=CARTESIAN_POINT('',(-16.1813030954679,3.57408278837748,29.9025990531358));
#5661=CARTESIAN_POINT('',(-15.1793770082747,3.25062576211185,31.4000626898125));
#5662=CARTESIAN_POINT('',(-14.9109303098205,2.89556959765661,30.5725268574849));
#5663=CARTESIAN_POINT('',(-15.5636724340191,2.20125151713331,30.2436864430099));
#5664=CARTESIAN_POINT('',(-14.5314492969606,3.,32.0266844437382));
#5665=CARTESIAN_POINT('',(-14.0201315457456,2.87317293563818,30.9770291891244));
#5666=CARTESIAN_POINT('',(-14.3155397225757,1.70000001418203,30.8472314764238));
#5667=CARTESIAN_POINT('',(-14.2,3.,32.3179516677651));
#5668=CARTESIAN_POINT('',(-13.6770538243626,3.,31.1277721445896));
#5669=CARTESIAN_POINT('',(-13.6770538243626,1.7,31.1277721445896));
#5670=CARTESIAN_POINT('',(-14.2,1.7,32.3179516677651));
#5671=CARTESIAN_POINT('',(1.04091540074902E-16,1.7,0.));
#5672=CARTESIAN_POINT('',(14.2,1.7,32.3179516677651));
#5673=CARTESIAN_POINT('',(14.2,3.,32.3179516677651));
#5674=CARTESIAN_POINT('',(13.6770538243626,3.,31.1277721445896));
#5675=CARTESIAN_POINT('',(13.6770538243626,1.7,31.1277721445896));
#5676=CARTESIAN_POINT('',(14.5320017894626,3.,32.0261989305445));
#5677=CARTESIAN_POINT('',(14.020675482432,2.87297185723109,30.9767901918819));
#5678=CARTESIAN_POINT('',(14.3166040141349,1.70000001574808,30.8467638434408));
#5679=CARTESIAN_POINT('',(15.1783558904118,3.25039101287064,31.4010626560471));
#5680=CARTESIAN_POINT('',(14.9096042627691,2.89558114971521,30.5731548835076));
#5681=CARTESIAN_POINT('',(15.5617054014432,2.20078201786742,30.244649583227));
#5682=CARTESIAN_POINT('',(15.5,3.93608963331105,31.045933715344));
#5683=CARTESIAN_POINT('',(15.4999999936585,3.8187442288552,30.2712750997197));
#5684=CARTESIAN_POINT('',(16.1813031087426,3.57217926662178,29.9025990459525));
#5685=CARTESIAN_POINT('',(15.5,4.3,31.0459337111964));
#5686=CARTESIAN_POINT('',(15.5,4.3,30.2712750965216));
#5687=CARTESIAN_POINT('',(16.1813031161473,4.3,29.9025990419456));
#5688=CARTESIAN_POINT('',(16.8,4.3,31.0459337111964));
#5689=CARTESIAN_POINT('',(16.8,1.71406449992654E-31,31.0459337111964));
#5690=CARTESIAN_POINT('',(15.5,5.45333121415374,31.0459337111964));
#5691=CARTESIAN_POINT('',(15.5,5.19386184964975,30.4883375875487));
#5692=CARTESIAN_POINT('',(15.8091103421979,4.73120694499903,30.1040050830882));
#5693=CARTESIAN_POINT('',(16.1813031161473,4.3,29.9025990419455));
#5694=CARTESIAN_POINT('',(2.63290366071811E-16,4.3,0.));
#5695=CARTESIAN_POINT('',(25.3609379999549,4.3,24.5542832060405));
#5696=CARTESIAN_POINT('',(25.3609379999549,5.6,24.5542832060405));
#5697=CARTESIAN_POINT('',(24.4269657789934,5.6,23.6500178188492));
#5698=CARTESIAN_POINT('',(24.4269657789934,4.3,23.6500178188492));
#5699=CARTESIAN_POINT('',(25.9696598715094,5.6,23.6324594953282));
#5700=CARTESIAN_POINT('',(25.0994913901395,5.41094486251991,22.9553984689368));
#5701=CARTESIAN_POINT('',(25.2098938120589,4.30000000494331,22.8413691143285));
#5702=CARTESIAN_POINT('',(27.137442310639,5.70549917543378,21.7537844910852));
#5703=CARTESIAN_POINT('',(26.5068488014617,5.30052054432027,21.3806903308687));
#5704=CARTESIAN_POINT('',(26.6750709662968,4.51099834862079,21.1690403172845));
#5705=CARTESIAN_POINT('',(29.3057804240499,6.13964366123603,17.822601921755));
#5706=CARTESIAN_POINT('',(29.0881301898088,5.72619307963798,17.8356473295479));
#5707=CARTESIAN_POINT('',(29.2477460763026,5.37928732381932,17.5777302435631));
#5708=CARTESIAN_POINT('',(30.7001482098715,6.59645545106534,14.7819074844841));
#5709=CARTESIAN_POINT('',(30.7155424746052,6.44468317535775,14.7437022802319));
#5710=CARTESIAN_POINT('',(30.730936743807,6.29291090213469,14.7054970649207));
#5711=CARTESIAN_POINT('',(31.536175323674,6.9,12.7070707070707));
#5712=CARTESIAN_POINT('',(31.536175323674,6.9,12.7070707070707));
#5713=CARTESIAN_POINT('',(31.536175323674,6.9,12.7070707070707));
#5714=CARTESIAN_POINT('',(25.3609379999549,5.6,24.5542832060405));
#5715=CARTESIAN_POINT('',(26.5987956357673,5.6,22.6797218140699));
#5716=CARTESIAN_POINT('',(28.8515307104614,5.99878978272714,18.8127421406081));
#5717=CARTESIAN_POINT('',(30.7061740755643,6.59864334915636,14.7669526013843));
#5718=CARTESIAN_POINT('',(31.536175323674,6.9,12.7070707070707));
#5719=CARTESIAN_POINT('',(13.1709908704756,6.9,54.8070707070707));
#5720=CARTESIAN_POINT('',(0.,-2.5,-115.174394585666));
#5721=CARTESIAN_POINT('',(-1.53075794227939E-16,-2.50000000000231,37.1));
#5722=CARTESIAN_POINT('',(-1.53075794227939E-16,-2.50000000000231,37.1));
#5723=CARTESIAN_POINT('',(-1.53075794227939E-16,-5.00000000000462,37.1));
#5724=CARTESIAN_POINT('',(-1.53075794227939E-16,-2.50000000000231,34.1));
#5725=CARTESIAN_POINT('',(-1.53075794227939E-16,-5.00000000000462,34.1));
#5726=CARTESIAN_POINT('',(-1.86288906762182E-48,-3.04242920479248E-32,37.1));
#5727=CARTESIAN_POINT('',(-1.53075794227938E-16,-2.50000000000231,25.9807621135332));
#5728=CARTESIAN_POINT('',(-1.53075794227938E-16,-2.50000000000231,25.9807621135332));
#5729=CARTESIAN_POINT('',(-1.53075794227938E-16,-3.95000000000462,25.9807621135332));
#5730=CARTESIAN_POINT('',(-1.53075794227939E-16,-2.50000000000231,37.1));
#5731=CARTESIAN_POINT('',(-1.53075794227939E-16,-2.50000000000231,34.1));
#5732=CARTESIAN_POINT('',(-1.53075794227939E-16,-3.95000000000462,34.1));
#5733=CARTESIAN_POINT('',(-6.42918335756748E-17,-1.05,34.1));
#5734=CARTESIAN_POINT('',(0.,0.,0.));
#5735=MECHANICAL_DESIGN_GEOMETRIC_PRESENTATION_REPRESENTATION('',(#2957,
#2958,#2959,#2960),#5736);
#5736=(
GEOMETRIC_REPRESENTATION_CONTEXT(3)
GLOBAL_UNCERTAINTY_ASSIGNED_CONTEXT((#5739))
GLOBAL_UNIT_ASSIGNED_CONTEXT((#5744,#5743,#5742))
REPRESENTATION_CONTEXT(
'ukfl+h\X2\5E26\X0\fl200\X2\578B83F15F625EA77D275B9A595759167403976274038F74627F\X0\',
'TOP_LEVEL_ASSEMBLY_PART')
);
#5737=(
GEOMETRIC_REPRESENTATION_CONTEXT(3)
GLOBAL_UNCERTAINTY_ASSIGNED_CONTEXT((#5740))
GLOBAL_UNIT_ASSIGNED_CONTEXT((#5744,#5743,#5742))
REPRESENTATION_CONTEXT('UK+H\X2\74038F74627F\X0\','COMPONENT_PART')
);
#5738=(
GEOMETRIC_REPRESENTATION_CONTEXT(3)
GLOBAL_UNCERTAINTY_ASSIGNED_CONTEXT((#5741))
GLOBAL_UNIT_ASSIGNED_CONTEXT((#5744,#5743,#5742))
REPRESENTATION_CONTEXT('FL\X2\94F8902051F87F185EA783F15F62\X0\',
'COMPONENT_PART')
);
#5739=UNCERTAINTY_MEASURE_WITH_UNIT(LENGTH_MEASURE(0.005),#5744,
'DISTANCE_ACCURACY_VALUE','Maximum Tolerance applied to model');
#5740=UNCERTAINTY_MEASURE_WITH_UNIT(LENGTH_MEASURE(0.005),#5744,
'DISTANCE_ACCURACY_VALUE','Maximum Tolerance applied to model');
#5741=UNCERTAINTY_MEASURE_WITH_UNIT(LENGTH_MEASURE(0.005),#5744,
'DISTANCE_ACCURACY_VALUE','Maximum Tolerance applied to model');
#5742=(
NAMED_UNIT(*)
SI_UNIT($,.STERADIAN.)
SOLID_ANGLE_UNIT()
);
#5743=(
NAMED_UNIT(*)
PLANE_ANGLE_UNIT()
SI_UNIT($,.RADIAN.)
);
#5744=(
LENGTH_UNIT()
NAMED_UNIT(*)
SI_UNIT(.MILLI.,.METRE.)
);
#5745=PRODUCT_DEFINITION_SHAPE('','',#5750);
#5746=PRODUCT_DEFINITION_SHAPE('','',#5751);
#5747=PRODUCT_DEFINITION_SHAPE(' ','NAUO PRDDFN',#32);
#5748=PRODUCT_DEFINITION_SHAPE('','',#5752);
#5749=PRODUCT_DEFINITION_SHAPE(' ','NAUO PRDDFN',#33);
#5750=PRODUCT_DEFINITION('','',#5756,#5753);
#5751=PRODUCT_DEFINITION('','',#5757,#5754);
#5752=PRODUCT_DEFINITION('','',#5758,#5755);
#5753=PRODUCT_DEFINITION_CONTEXT('',#5772,'design');
#5754=PRODUCT_DEFINITION_CONTEXT('',#5772,'design');
#5755=PRODUCT_DEFINITION_CONTEXT('',#5772,'design');
#5756=PRODUCT_DEFINITION_FORMATION_WITH_SPECIFIED_SOURCE('','',#5762,
 .NOT_KNOWN.);
#5757=PRODUCT_DEFINITION_FORMATION_WITH_SPECIFIED_SOURCE('','',#5763,
 .NOT_KNOWN.);
#5758=PRODUCT_DEFINITION_FORMATION_WITH_SPECIFIED_SOURCE('','',#5764,
 .NOT_KNOWN.);
#5759=PRODUCT_RELATED_PRODUCT_CATEGORY('','',(#5762));
#5760=PRODUCT_RELATED_PRODUCT_CATEGORY('','',(#5763));
#5761=PRODUCT_RELATED_PRODUCT_CATEGORY('','',(#5764));
#5762=PRODUCT('ukfl+h\X2\5E26\X0\fl200\X2\578B83F15F625EA77D275B9A595759167403976274038F74627F\X0\',
'ukfl+h\X2\5E26\X0\fl200\X2\578B83F15F625EA77D275B9A595759167403976274038F74627F\X0\',
'ukfl+h\X2\5E26\X0\fl200\X2\578B83F15F625EA77D275B9A595759167403976274038F74627F\X0\',
(#5768));
#5763=PRODUCT('UK+H\X2\74038F74627F\X0\','UK+H\X2\74038F74627F\X0\',
'UK+H\X2\74038F74627F\X0\',(#5769));
#5764=PRODUCT('FL\X2\94F8902051F87F185EA783F15F62\X0\',
'FL\X2\94F8902051F87F185EA783F15F62\X0\','FL\X2\94F8902051F87F185EA783F15F62\X0\',
(#5770));
#5765=PRODUCT_CATEGORY('','');
#5766=PRODUCT_CATEGORY('','');
#5767=PRODUCT_CATEGORY('','');
#5768=PRODUCT_CONTEXT('',#5772,'mechanical');
#5769=PRODUCT_CONTEXT('',#5772,'mechanical');
#5770=PRODUCT_CONTEXT('',#5772,'mechanical');
#5771=APPLICATION_PROTOCOL_DEFINITION('international standard',
'automotive_design',2010,#5772);
#5772=APPLICATION_CONTEXT(
'core data for automotive mechanical design processes');
ENDSEC;
END-ISO-10303-21;
