ISO-10303-21;
HEADER;
/* Generated by software containing HOOPS Exchange Step
 * from HOOPS Exchange, Inc. (www.tiangong.cloud) 
 */

FILE_DESCRIPTION(
/* description */ ('Unknown'),
/* implementation_level */ '2;1');

FILE_NAME(
/* name */ '\X2\51B2538B591657086EDA94888F74627F\X0\BK 0000\X2\578B\X0\ 
GBT290-2017',
/* time_stamp */ '2025-12-27T15:18:25+08:00',
/* author */ ('Unknown'),
/* organization */ ('Unknown'),
/* preprocessor_version */ 'ST-DEVELOPER v19.4',
/* originating_system */ 'TianGong',
/* authorisation */ 'Unknown');

FILE_SCHEMA (('AUTOMOTIVE_DESIGN {1 0 10303 214 3 1 1}'));
ENDSEC;

DATA;
#10=PROPERTY_DEFINITION_REPRESENTATION(#14,#12);
#11=PROPERTY_DEFINITION_REPRESENTATION(#15,#13);
#12=REPRESENTATION('',(#16),#2843);
#13=REPRESENTATION('',(#17),#2843);
#14=PROPERTY_DEFINITION('pmi validation property','',#2848);
#15=PROPERTY_DEFINITION('pmi validation property','',#2848);
#16=VALUE_REPRESENTATION_ITEM('number of annotations',COUNT_MEASURE(0.));
#17=VALUE_REPRESENTATION_ITEM('number of views',COUNT_MEASURE(0.));
#18=SHAPE_REPRESENTATION_RELATIONSHIP('','',#1573,#19);
#19=ADVANCED_BREP_SHAPE_REPRESENTATION('',(#1571),#2843);
#20=TOROIDAL_SURFACE('',#1819,17.7,0.8);
#21=TOROIDAL_SURFACE('',#1820,17.7,0.8);
#22=B_SPLINE_CURVE_WITH_KNOTS('',3,(#2786,#2787,#2788,#2789),
 .UNSPECIFIED.,.F.,.F.,(4,4),(7.96045345199062E-8,1.),.UNSPECIFIED.);
#23=B_SPLINE_CURVE_WITH_KNOTS('',3,(#2797,#2798,#2799,#2800),
 .UNSPECIFIED.,.F.,.F.,(4,4),(0.,1.),.UNSPECIFIED.);
#24=LINE('',#2393,#90);
#25=LINE('',#2394,#91);
#26=LINE('',#2406,#92);
#27=LINE('',#2407,#93);
#28=LINE('',#2419,#94);
#29=LINE('',#2420,#95);
#30=LINE('',#2432,#96);
#31=LINE('',#2433,#97);
#32=LINE('',#2445,#98);
#33=LINE('',#2446,#99);
#34=LINE('',#2458,#100);
#35=LINE('',#2459,#101);
#36=LINE('',#2471,#102);
#37=LINE('',#2472,#103);
#38=LINE('',#2484,#104);
#39=LINE('',#2485,#105);
#40=LINE('',#2497,#106);
#41=LINE('',#2498,#107);
#42=LINE('',#2510,#108);
#43=LINE('',#2511,#109);
#44=LINE('',#2523,#110);
#45=LINE('',#2524,#111);
#46=LINE('',#2536,#112);
#47=LINE('',#2537,#113);
#48=LINE('',#2549,#114);
#49=LINE('',#2550,#115);
#50=LINE('',#2562,#116);
#51=LINE('',#2563,#117);
#52=LINE('',#2575,#118);
#53=LINE('',#2576,#119);
#54=LINE('',#2588,#120);
#55=LINE('',#2589,#121);
#56=LINE('',#2601,#122);
#57=LINE('',#2602,#123);
#58=LINE('',#2614,#124);
#59=LINE('',#2615,#125);
#60=LINE('',#2627,#126);
#61=LINE('',#2628,#127);
#62=LINE('',#2640,#128);
#63=LINE('',#2641,#129);
#64=LINE('',#2653,#130);
#65=LINE('',#2654,#131);
#66=LINE('',#2666,#132);
#67=LINE('',#2667,#133);
#68=LINE('',#2679,#134);
#69=LINE('',#2680,#135);
#70=LINE('',#2692,#136);
#71=LINE('',#2693,#137);
#72=LINE('',#2705,#138);
#73=LINE('',#2706,#139);
#74=LINE('',#2718,#140);
#75=LINE('',#2719,#141);
#76=LINE('',#2731,#142);
#77=LINE('',#2732,#143);
#78=LINE('',#2744,#144);
#79=LINE('',#2745,#145);
#80=LINE('',#2757,#146);
#81=LINE('',#2758,#147);
#82=LINE('',#2770,#148);
#83=LINE('',#2771,#149);
#84=LINE('',#2783,#150);
#85=LINE('',#2784,#151);
#86=LINE('',#2802,#152);
#87=LINE('',#2803,#153);
#88=LINE('',#2821,#154);
#89=LINE('',#2826,#155);
#90=VECTOR('',#1837,1000.);
#91=VECTOR('',#1838,1000.);
#92=VECTOR('',#1853,1000.);
#93=VECTOR('',#1854,1000.);
#94=VECTOR('',#1869,1000.);
#95=VECTOR('',#1870,1000.);
#96=VECTOR('',#1885,1000.);
#97=VECTOR('',#1886,1000.);
#98=VECTOR('',#1901,1000.);
#99=VECTOR('',#1902,1000.);
#100=VECTOR('',#1917,1000.);
#101=VECTOR('',#1918,1000.);
#102=VECTOR('',#1933,1000.);
#103=VECTOR('',#1934,1000.);
#104=VECTOR('',#1949,1000.);
#105=VECTOR('',#1950,1000.);
#106=VECTOR('',#1965,1000.);
#107=VECTOR('',#1966,1000.);
#108=VECTOR('',#1981,1000.);
#109=VECTOR('',#1982,1000.);
#110=VECTOR('',#1997,1000.);
#111=VECTOR('',#1998,1000.);
#112=VECTOR('',#2013,1000.);
#113=VECTOR('',#2014,1000.);
#114=VECTOR('',#2029,1000.);
#115=VECTOR('',#2030,1000.);
#116=VECTOR('',#2045,1000.);
#117=VECTOR('',#2046,1000.);
#118=VECTOR('',#2061,1000.);
#119=VECTOR('',#2062,1000.);
#120=VECTOR('',#2077,1000.);
#121=VECTOR('',#2078,1000.);
#122=VECTOR('',#2093,1000.);
#123=VECTOR('',#2094,1000.);
#124=VECTOR('',#2109,1000.);
#125=VECTOR('',#2110,1000.);
#126=VECTOR('',#2125,1000.);
#127=VECTOR('',#2126,1000.);
#128=VECTOR('',#2141,1000.);
#129=VECTOR('',#2142,1000.);
#130=VECTOR('',#2157,1000.);
#131=VECTOR('',#2158,1000.);
#132=VECTOR('',#2173,1000.);
#133=VECTOR('',#2174,1000.);
#134=VECTOR('',#2189,1000.);
#135=VECTOR('',#2190,1000.);
#136=VECTOR('',#2205,1000.);
#137=VECTOR('',#2206,1000.);
#138=VECTOR('',#2221,1000.);
#139=VECTOR('',#2222,1000.);
#140=VECTOR('',#2237,1000.);
#141=VECTOR('',#2238,1000.);
#142=VECTOR('',#2253,1000.);
#143=VECTOR('',#2254,1000.);
#144=VECTOR('',#2269,1000.);
#145=VECTOR('',#2270,1000.);
#146=VECTOR('',#2285,1000.);
#147=VECTOR('',#2286,1000.);
#148=VECTOR('',#2301,1000.);
#149=VECTOR('',#2302,1000.);
#150=VECTOR('',#2317,1000.);
#151=VECTOR('',#2318,1000.);
#152=VECTOR('',#2329,1000.);
#153=VECTOR('',#2330,1000.);
#154=VECTOR('',#2353,1000.);
#155=VECTOR('',#2356,1000.);
#156=CYLINDRICAL_SURFACE('',#1581,1.4);
#157=CYLINDRICAL_SURFACE('',#1588,1.4);
#158=CYLINDRICAL_SURFACE('',#1595,1.4);
#159=CYLINDRICAL_SURFACE('',#1602,1.4);
#160=CYLINDRICAL_SURFACE('',#1609,1.4);
#161=CYLINDRICAL_SURFACE('',#1616,1.4);
#162=CYLINDRICAL_SURFACE('',#1623,1.4);
#163=CYLINDRICAL_SURFACE('',#1630,1.4);
#164=CYLINDRICAL_SURFACE('',#1637,1.4);
#165=CYLINDRICAL_SURFACE('',#1644,1.4);
#166=CYLINDRICAL_SURFACE('',#1651,1.4);
#167=CYLINDRICAL_SURFACE('',#1658,1.4);
#168=CYLINDRICAL_SURFACE('',#1665,1.4);
#169=CYLINDRICAL_SURFACE('',#1672,1.4);
#170=CYLINDRICAL_SURFACE('',#1679,1.4);
#171=CYLINDRICAL_SURFACE('',#1686,1.4);
#172=CYLINDRICAL_SURFACE('',#1693,1.4);
#173=CYLINDRICAL_SURFACE('',#1700,1.4);
#174=CYLINDRICAL_SURFACE('',#1707,1.4);
#175=CYLINDRICAL_SURFACE('',#1714,1.4);
#176=CYLINDRICAL_SURFACE('',#1721,1.4);
#177=CYLINDRICAL_SURFACE('',#1728,1.4);
#178=CYLINDRICAL_SURFACE('',#1735,1.4);
#179=CYLINDRICAL_SURFACE('',#1742,1.4);
#180=CYLINDRICAL_SURFACE('',#1749,1.4);
#181=CYLINDRICAL_SURFACE('',#1756,1.4);
#182=CYLINDRICAL_SURFACE('',#1763,1.4);
#183=CYLINDRICAL_SURFACE('',#1770,1.4);
#184=CYLINDRICAL_SURFACE('',#1777,1.4);
#185=CYLINDRICAL_SURFACE('',#1784,1.4);
#186=CYLINDRICAL_SURFACE('',#1791,1.4);
#187=CYLINDRICAL_SURFACE('',#1796,1.4);
#188=CYLINDRICAL_SURFACE('',#1797,18.5);
#189=CYLINDRICAL_SURFACE('',#1803,15.);
#190=CYLINDRICAL_SURFACE('',#1807,16.4);
#191=CYLINDRICAL_SURFACE('',#1818,1.4);
#192=ORIENTED_EDGE('',*,*,#604,.T.);
#193=ORIENTED_EDGE('',*,*,#605,.T.);
#194=ORIENTED_EDGE('',*,*,#606,.F.);
#195=ORIENTED_EDGE('',*,*,#607,.T.);
#196=ORIENTED_EDGE('',*,*,#605,.F.);
#197=ORIENTED_EDGE('',*,*,#608,.T.);
#198=ORIENTED_EDGE('',*,*,#606,.T.);
#199=ORIENTED_EDGE('',*,*,#609,.T.);
#200=ORIENTED_EDGE('',*,*,#610,.T.);
#201=ORIENTED_EDGE('',*,*,#611,.T.);
#202=ORIENTED_EDGE('',*,*,#612,.F.);
#203=ORIENTED_EDGE('',*,*,#613,.T.);
#204=ORIENTED_EDGE('',*,*,#611,.F.);
#205=ORIENTED_EDGE('',*,*,#614,.T.);
#206=ORIENTED_EDGE('',*,*,#612,.T.);
#207=ORIENTED_EDGE('',*,*,#615,.T.);
#208=ORIENTED_EDGE('',*,*,#616,.T.);
#209=ORIENTED_EDGE('',*,*,#617,.T.);
#210=ORIENTED_EDGE('',*,*,#618,.F.);
#211=ORIENTED_EDGE('',*,*,#619,.T.);
#212=ORIENTED_EDGE('',*,*,#617,.F.);
#213=ORIENTED_EDGE('',*,*,#620,.T.);
#214=ORIENTED_EDGE('',*,*,#618,.T.);
#215=ORIENTED_EDGE('',*,*,#621,.T.);
#216=ORIENTED_EDGE('',*,*,#622,.T.);
#217=ORIENTED_EDGE('',*,*,#623,.T.);
#218=ORIENTED_EDGE('',*,*,#624,.F.);
#219=ORIENTED_EDGE('',*,*,#625,.T.);
#220=ORIENTED_EDGE('',*,*,#623,.F.);
#221=ORIENTED_EDGE('',*,*,#626,.T.);
#222=ORIENTED_EDGE('',*,*,#624,.T.);
#223=ORIENTED_EDGE('',*,*,#627,.T.);
#224=ORIENTED_EDGE('',*,*,#628,.T.);
#225=ORIENTED_EDGE('',*,*,#629,.T.);
#226=ORIENTED_EDGE('',*,*,#630,.F.);
#227=ORIENTED_EDGE('',*,*,#631,.T.);
#228=ORIENTED_EDGE('',*,*,#629,.F.);
#229=ORIENTED_EDGE('',*,*,#632,.T.);
#230=ORIENTED_EDGE('',*,*,#630,.T.);
#231=ORIENTED_EDGE('',*,*,#633,.T.);
#232=ORIENTED_EDGE('',*,*,#634,.T.);
#233=ORIENTED_EDGE('',*,*,#635,.T.);
#234=ORIENTED_EDGE('',*,*,#636,.F.);
#235=ORIENTED_EDGE('',*,*,#637,.T.);
#236=ORIENTED_EDGE('',*,*,#635,.F.);
#237=ORIENTED_EDGE('',*,*,#638,.T.);
#238=ORIENTED_EDGE('',*,*,#636,.T.);
#239=ORIENTED_EDGE('',*,*,#639,.T.);
#240=ORIENTED_EDGE('',*,*,#640,.T.);
#241=ORIENTED_EDGE('',*,*,#641,.T.);
#242=ORIENTED_EDGE('',*,*,#642,.F.);
#243=ORIENTED_EDGE('',*,*,#643,.T.);
#244=ORIENTED_EDGE('',*,*,#641,.F.);
#245=ORIENTED_EDGE('',*,*,#644,.T.);
#246=ORIENTED_EDGE('',*,*,#642,.T.);
#247=ORIENTED_EDGE('',*,*,#645,.T.);
#248=ORIENTED_EDGE('',*,*,#646,.T.);
#249=ORIENTED_EDGE('',*,*,#647,.T.);
#250=ORIENTED_EDGE('',*,*,#648,.F.);
#251=ORIENTED_EDGE('',*,*,#649,.T.);
#252=ORIENTED_EDGE('',*,*,#647,.F.);
#253=ORIENTED_EDGE('',*,*,#650,.T.);
#254=ORIENTED_EDGE('',*,*,#648,.T.);
#255=ORIENTED_EDGE('',*,*,#651,.T.);
#256=ORIENTED_EDGE('',*,*,#652,.T.);
#257=ORIENTED_EDGE('',*,*,#653,.T.);
#258=ORIENTED_EDGE('',*,*,#654,.F.);
#259=ORIENTED_EDGE('',*,*,#655,.T.);
#260=ORIENTED_EDGE('',*,*,#653,.F.);
#261=ORIENTED_EDGE('',*,*,#656,.T.);
#262=ORIENTED_EDGE('',*,*,#654,.T.);
#263=ORIENTED_EDGE('',*,*,#657,.T.);
#264=ORIENTED_EDGE('',*,*,#658,.T.);
#265=ORIENTED_EDGE('',*,*,#659,.T.);
#266=ORIENTED_EDGE('',*,*,#660,.F.);
#267=ORIENTED_EDGE('',*,*,#661,.T.);
#268=ORIENTED_EDGE('',*,*,#659,.F.);
#269=ORIENTED_EDGE('',*,*,#662,.T.);
#270=ORIENTED_EDGE('',*,*,#660,.T.);
#271=ORIENTED_EDGE('',*,*,#663,.T.);
#272=ORIENTED_EDGE('',*,*,#664,.T.);
#273=ORIENTED_EDGE('',*,*,#665,.T.);
#274=ORIENTED_EDGE('',*,*,#666,.F.);
#275=ORIENTED_EDGE('',*,*,#667,.T.);
#276=ORIENTED_EDGE('',*,*,#665,.F.);
#277=ORIENTED_EDGE('',*,*,#668,.T.);
#278=ORIENTED_EDGE('',*,*,#666,.T.);
#279=ORIENTED_EDGE('',*,*,#669,.T.);
#280=ORIENTED_EDGE('',*,*,#670,.T.);
#281=ORIENTED_EDGE('',*,*,#671,.T.);
#282=ORIENTED_EDGE('',*,*,#672,.F.);
#283=ORIENTED_EDGE('',*,*,#673,.T.);
#284=ORIENTED_EDGE('',*,*,#671,.F.);
#285=ORIENTED_EDGE('',*,*,#674,.T.);
#286=ORIENTED_EDGE('',*,*,#672,.T.);
#287=ORIENTED_EDGE('',*,*,#675,.T.);
#288=ORIENTED_EDGE('',*,*,#676,.T.);
#289=ORIENTED_EDGE('',*,*,#677,.T.);
#290=ORIENTED_EDGE('',*,*,#678,.F.);
#291=ORIENTED_EDGE('',*,*,#679,.T.);
#292=ORIENTED_EDGE('',*,*,#677,.F.);
#293=ORIENTED_EDGE('',*,*,#680,.T.);
#294=ORIENTED_EDGE('',*,*,#678,.T.);
#295=ORIENTED_EDGE('',*,*,#681,.T.);
#296=ORIENTED_EDGE('',*,*,#682,.T.);
#297=ORIENTED_EDGE('',*,*,#683,.T.);
#298=ORIENTED_EDGE('',*,*,#684,.F.);
#299=ORIENTED_EDGE('',*,*,#685,.T.);
#300=ORIENTED_EDGE('',*,*,#683,.F.);
#301=ORIENTED_EDGE('',*,*,#686,.T.);
#302=ORIENTED_EDGE('',*,*,#684,.T.);
#303=ORIENTED_EDGE('',*,*,#687,.T.);
#304=ORIENTED_EDGE('',*,*,#688,.T.);
#305=ORIENTED_EDGE('',*,*,#689,.T.);
#306=ORIENTED_EDGE('',*,*,#690,.F.);
#307=ORIENTED_EDGE('',*,*,#691,.T.);
#308=ORIENTED_EDGE('',*,*,#689,.F.);
#309=ORIENTED_EDGE('',*,*,#692,.T.);
#310=ORIENTED_EDGE('',*,*,#690,.T.);
#311=ORIENTED_EDGE('',*,*,#693,.T.);
#312=ORIENTED_EDGE('',*,*,#694,.T.);
#313=ORIENTED_EDGE('',*,*,#695,.T.);
#314=ORIENTED_EDGE('',*,*,#696,.F.);
#315=ORIENTED_EDGE('',*,*,#697,.T.);
#316=ORIENTED_EDGE('',*,*,#695,.F.);
#317=ORIENTED_EDGE('',*,*,#698,.T.);
#318=ORIENTED_EDGE('',*,*,#696,.T.);
#319=ORIENTED_EDGE('',*,*,#699,.T.);
#320=ORIENTED_EDGE('',*,*,#700,.T.);
#321=ORIENTED_EDGE('',*,*,#701,.T.);
#322=ORIENTED_EDGE('',*,*,#702,.F.);
#323=ORIENTED_EDGE('',*,*,#703,.T.);
#324=ORIENTED_EDGE('',*,*,#701,.F.);
#325=ORIENTED_EDGE('',*,*,#704,.T.);
#326=ORIENTED_EDGE('',*,*,#702,.T.);
#327=ORIENTED_EDGE('',*,*,#705,.T.);
#328=ORIENTED_EDGE('',*,*,#706,.T.);
#329=ORIENTED_EDGE('',*,*,#707,.T.);
#330=ORIENTED_EDGE('',*,*,#708,.F.);
#331=ORIENTED_EDGE('',*,*,#709,.T.);
#332=ORIENTED_EDGE('',*,*,#707,.F.);
#333=ORIENTED_EDGE('',*,*,#710,.T.);
#334=ORIENTED_EDGE('',*,*,#708,.T.);
#335=ORIENTED_EDGE('',*,*,#711,.T.);
#336=ORIENTED_EDGE('',*,*,#712,.T.);
#337=ORIENTED_EDGE('',*,*,#713,.T.);
#338=ORIENTED_EDGE('',*,*,#714,.F.);
#339=ORIENTED_EDGE('',*,*,#715,.T.);
#340=ORIENTED_EDGE('',*,*,#713,.F.);
#341=ORIENTED_EDGE('',*,*,#716,.T.);
#342=ORIENTED_EDGE('',*,*,#714,.T.);
#343=ORIENTED_EDGE('',*,*,#717,.T.);
#344=ORIENTED_EDGE('',*,*,#718,.T.);
#345=ORIENTED_EDGE('',*,*,#719,.T.);
#346=ORIENTED_EDGE('',*,*,#720,.F.);
#347=ORIENTED_EDGE('',*,*,#721,.T.);
#348=ORIENTED_EDGE('',*,*,#719,.F.);
#349=ORIENTED_EDGE('',*,*,#722,.T.);
#350=ORIENTED_EDGE('',*,*,#720,.T.);
#351=ORIENTED_EDGE('',*,*,#723,.T.);
#352=ORIENTED_EDGE('',*,*,#724,.T.);
#353=ORIENTED_EDGE('',*,*,#725,.T.);
#354=ORIENTED_EDGE('',*,*,#726,.F.);
#355=ORIENTED_EDGE('',*,*,#727,.T.);
#356=ORIENTED_EDGE('',*,*,#725,.F.);
#357=ORIENTED_EDGE('',*,*,#728,.T.);
#358=ORIENTED_EDGE('',*,*,#726,.T.);
#359=ORIENTED_EDGE('',*,*,#729,.T.);
#360=ORIENTED_EDGE('',*,*,#730,.T.);
#361=ORIENTED_EDGE('',*,*,#731,.T.);
#362=ORIENTED_EDGE('',*,*,#732,.F.);
#363=ORIENTED_EDGE('',*,*,#733,.T.);
#364=ORIENTED_EDGE('',*,*,#731,.F.);
#365=ORIENTED_EDGE('',*,*,#734,.T.);
#366=ORIENTED_EDGE('',*,*,#732,.T.);
#367=ORIENTED_EDGE('',*,*,#735,.T.);
#368=ORIENTED_EDGE('',*,*,#736,.T.);
#369=ORIENTED_EDGE('',*,*,#737,.T.);
#370=ORIENTED_EDGE('',*,*,#738,.F.);
#371=ORIENTED_EDGE('',*,*,#739,.T.);
#372=ORIENTED_EDGE('',*,*,#737,.F.);
#373=ORIENTED_EDGE('',*,*,#740,.T.);
#374=ORIENTED_EDGE('',*,*,#738,.T.);
#375=ORIENTED_EDGE('',*,*,#741,.T.);
#376=ORIENTED_EDGE('',*,*,#742,.T.);
#377=ORIENTED_EDGE('',*,*,#743,.T.);
#378=ORIENTED_EDGE('',*,*,#744,.F.);
#379=ORIENTED_EDGE('',*,*,#745,.T.);
#380=ORIENTED_EDGE('',*,*,#743,.F.);
#381=ORIENTED_EDGE('',*,*,#746,.T.);
#382=ORIENTED_EDGE('',*,*,#744,.T.);
#383=ORIENTED_EDGE('',*,*,#747,.T.);
#384=ORIENTED_EDGE('',*,*,#748,.T.);
#385=ORIENTED_EDGE('',*,*,#749,.T.);
#386=ORIENTED_EDGE('',*,*,#750,.F.);
#387=ORIENTED_EDGE('',*,*,#751,.T.);
#388=ORIENTED_EDGE('',*,*,#749,.F.);
#389=ORIENTED_EDGE('',*,*,#752,.T.);
#390=ORIENTED_EDGE('',*,*,#750,.T.);
#391=ORIENTED_EDGE('',*,*,#753,.T.);
#392=ORIENTED_EDGE('',*,*,#754,.T.);
#393=ORIENTED_EDGE('',*,*,#755,.T.);
#394=ORIENTED_EDGE('',*,*,#756,.F.);
#395=ORIENTED_EDGE('',*,*,#757,.T.);
#396=ORIENTED_EDGE('',*,*,#755,.F.);
#397=ORIENTED_EDGE('',*,*,#758,.T.);
#398=ORIENTED_EDGE('',*,*,#756,.T.);
#399=ORIENTED_EDGE('',*,*,#759,.T.);
#400=ORIENTED_EDGE('',*,*,#760,.T.);
#401=ORIENTED_EDGE('',*,*,#761,.T.);
#402=ORIENTED_EDGE('',*,*,#762,.F.);
#403=ORIENTED_EDGE('',*,*,#763,.T.);
#404=ORIENTED_EDGE('',*,*,#761,.F.);
#405=ORIENTED_EDGE('',*,*,#764,.T.);
#406=ORIENTED_EDGE('',*,*,#762,.T.);
#407=ORIENTED_EDGE('',*,*,#765,.T.);
#408=ORIENTED_EDGE('',*,*,#766,.T.);
#409=ORIENTED_EDGE('',*,*,#767,.T.);
#410=ORIENTED_EDGE('',*,*,#768,.F.);
#411=ORIENTED_EDGE('',*,*,#769,.T.);
#412=ORIENTED_EDGE('',*,*,#767,.F.);
#413=ORIENTED_EDGE('',*,*,#770,.T.);
#414=ORIENTED_EDGE('',*,*,#768,.T.);
#415=ORIENTED_EDGE('',*,*,#771,.T.);
#416=ORIENTED_EDGE('',*,*,#772,.T.);
#417=ORIENTED_EDGE('',*,*,#773,.T.);
#418=ORIENTED_EDGE('',*,*,#774,.F.);
#419=ORIENTED_EDGE('',*,*,#775,.T.);
#420=ORIENTED_EDGE('',*,*,#773,.F.);
#421=ORIENTED_EDGE('',*,*,#776,.T.);
#422=ORIENTED_EDGE('',*,*,#774,.T.);
#423=ORIENTED_EDGE('',*,*,#777,.T.);
#424=ORIENTED_EDGE('',*,*,#778,.T.);
#425=ORIENTED_EDGE('',*,*,#779,.T.);
#426=ORIENTED_EDGE('',*,*,#780,.F.);
#427=ORIENTED_EDGE('',*,*,#781,.T.);
#428=ORIENTED_EDGE('',*,*,#779,.F.);
#429=ORIENTED_EDGE('',*,*,#782,.T.);
#430=ORIENTED_EDGE('',*,*,#780,.T.);
#431=ORIENTED_EDGE('',*,*,#783,.T.);
#432=ORIENTED_EDGE('',*,*,#784,.T.);
#433=ORIENTED_EDGE('',*,*,#785,.T.);
#434=ORIENTED_EDGE('',*,*,#786,.F.);
#435=ORIENTED_EDGE('',*,*,#787,.T.);
#436=ORIENTED_EDGE('',*,*,#785,.F.);
#437=ORIENTED_EDGE('',*,*,#788,.T.);
#438=ORIENTED_EDGE('',*,*,#786,.T.);
#439=ORIENTED_EDGE('',*,*,#789,.T.);
#440=ORIENTED_EDGE('',*,*,#790,.T.);
#441=ORIENTED_EDGE('',*,*,#791,.T.);
#442=ORIENTED_EDGE('',*,*,#792,.F.);
#443=ORIENTED_EDGE('',*,*,#793,.T.);
#444=ORIENTED_EDGE('',*,*,#791,.F.);
#445=ORIENTED_EDGE('',*,*,#794,.T.);
#446=ORIENTED_EDGE('',*,*,#792,.T.);
#447=ORIENTED_EDGE('',*,*,#795,.T.);
#448=ORIENTED_EDGE('',*,*,#796,.T.);
#449=ORIENTED_EDGE('',*,*,#797,.T.);
#450=ORIENTED_EDGE('',*,*,#798,.T.);
#451=ORIENTED_EDGE('',*,*,#799,.T.);
#452=ORIENTED_EDGE('',*,*,#800,.T.);
#453=ORIENTED_EDGE('',*,*,#799,.F.);
#454=ORIENTED_EDGE('',*,*,#801,.T.);
#455=ORIENTED_EDGE('',*,*,#800,.F.);
#456=ORIENTED_EDGE('',*,*,#794,.F.);
#457=ORIENTED_EDGE('',*,*,#790,.F.);
#458=ORIENTED_EDGE('',*,*,#795,.F.);
#459=ORIENTED_EDGE('',*,*,#793,.F.);
#460=ORIENTED_EDGE('',*,*,#802,.F.);
#461=ORIENTED_EDGE('',*,*,#803,.F.);
#462=ORIENTED_EDGE('',*,*,#804,.F.);
#463=ORIENTED_EDGE('',*,*,#805,.F.);
#464=ORIENTED_EDGE('',*,*,#806,.T.);
#465=ORIENTED_EDGE('',*,*,#801,.F.);
#466=ORIENTED_EDGE('',*,*,#788,.F.);
#467=ORIENTED_EDGE('',*,*,#784,.F.);
#468=ORIENTED_EDGE('',*,*,#789,.F.);
#469=ORIENTED_EDGE('',*,*,#787,.F.);
#470=ORIENTED_EDGE('',*,*,#782,.F.);
#471=ORIENTED_EDGE('',*,*,#778,.F.);
#472=ORIENTED_EDGE('',*,*,#783,.F.);
#473=ORIENTED_EDGE('',*,*,#781,.F.);
#474=ORIENTED_EDGE('',*,*,#776,.F.);
#475=ORIENTED_EDGE('',*,*,#772,.F.);
#476=ORIENTED_EDGE('',*,*,#777,.F.);
#477=ORIENTED_EDGE('',*,*,#775,.F.);
#478=ORIENTED_EDGE('',*,*,#770,.F.);
#479=ORIENTED_EDGE('',*,*,#766,.F.);
#480=ORIENTED_EDGE('',*,*,#771,.F.);
#481=ORIENTED_EDGE('',*,*,#769,.F.);
#482=ORIENTED_EDGE('',*,*,#764,.F.);
#483=ORIENTED_EDGE('',*,*,#760,.F.);
#484=ORIENTED_EDGE('',*,*,#765,.F.);
#485=ORIENTED_EDGE('',*,*,#763,.F.);
#486=ORIENTED_EDGE('',*,*,#758,.F.);
#487=ORIENTED_EDGE('',*,*,#754,.F.);
#488=ORIENTED_EDGE('',*,*,#759,.F.);
#489=ORIENTED_EDGE('',*,*,#757,.F.);
#490=ORIENTED_EDGE('',*,*,#752,.F.);
#491=ORIENTED_EDGE('',*,*,#748,.F.);
#492=ORIENTED_EDGE('',*,*,#753,.F.);
#493=ORIENTED_EDGE('',*,*,#751,.F.);
#494=ORIENTED_EDGE('',*,*,#746,.F.);
#495=ORIENTED_EDGE('',*,*,#742,.F.);
#496=ORIENTED_EDGE('',*,*,#747,.F.);
#497=ORIENTED_EDGE('',*,*,#745,.F.);
#498=ORIENTED_EDGE('',*,*,#740,.F.);
#499=ORIENTED_EDGE('',*,*,#736,.F.);
#500=ORIENTED_EDGE('',*,*,#741,.F.);
#501=ORIENTED_EDGE('',*,*,#739,.F.);
#502=ORIENTED_EDGE('',*,*,#734,.F.);
#503=ORIENTED_EDGE('',*,*,#730,.F.);
#504=ORIENTED_EDGE('',*,*,#735,.F.);
#505=ORIENTED_EDGE('',*,*,#733,.F.);
#506=ORIENTED_EDGE('',*,*,#728,.F.);
#507=ORIENTED_EDGE('',*,*,#724,.F.);
#508=ORIENTED_EDGE('',*,*,#729,.F.);
#509=ORIENTED_EDGE('',*,*,#727,.F.);
#510=ORIENTED_EDGE('',*,*,#722,.F.);
#511=ORIENTED_EDGE('',*,*,#718,.F.);
#512=ORIENTED_EDGE('',*,*,#723,.F.);
#513=ORIENTED_EDGE('',*,*,#721,.F.);
#514=ORIENTED_EDGE('',*,*,#716,.F.);
#515=ORIENTED_EDGE('',*,*,#712,.F.);
#516=ORIENTED_EDGE('',*,*,#717,.F.);
#517=ORIENTED_EDGE('',*,*,#715,.F.);
#518=ORIENTED_EDGE('',*,*,#710,.F.);
#519=ORIENTED_EDGE('',*,*,#706,.F.);
#520=ORIENTED_EDGE('',*,*,#711,.F.);
#521=ORIENTED_EDGE('',*,*,#709,.F.);
#522=ORIENTED_EDGE('',*,*,#704,.F.);
#523=ORIENTED_EDGE('',*,*,#700,.F.);
#524=ORIENTED_EDGE('',*,*,#705,.F.);
#525=ORIENTED_EDGE('',*,*,#703,.F.);
#526=ORIENTED_EDGE('',*,*,#698,.F.);
#527=ORIENTED_EDGE('',*,*,#694,.F.);
#528=ORIENTED_EDGE('',*,*,#699,.F.);
#529=ORIENTED_EDGE('',*,*,#697,.F.);
#530=ORIENTED_EDGE('',*,*,#692,.F.);
#531=ORIENTED_EDGE('',*,*,#688,.F.);
#532=ORIENTED_EDGE('',*,*,#693,.F.);
#533=ORIENTED_EDGE('',*,*,#691,.F.);
#534=ORIENTED_EDGE('',*,*,#686,.F.);
#535=ORIENTED_EDGE('',*,*,#682,.F.);
#536=ORIENTED_EDGE('',*,*,#687,.F.);
#537=ORIENTED_EDGE('',*,*,#685,.F.);
#538=ORIENTED_EDGE('',*,*,#680,.F.);
#539=ORIENTED_EDGE('',*,*,#676,.F.);
#540=ORIENTED_EDGE('',*,*,#681,.F.);
#541=ORIENTED_EDGE('',*,*,#679,.F.);
#542=ORIENTED_EDGE('',*,*,#674,.F.);
#543=ORIENTED_EDGE('',*,*,#670,.F.);
#544=ORIENTED_EDGE('',*,*,#675,.F.);
#545=ORIENTED_EDGE('',*,*,#673,.F.);
#546=ORIENTED_EDGE('',*,*,#668,.F.);
#547=ORIENTED_EDGE('',*,*,#664,.F.);
#548=ORIENTED_EDGE('',*,*,#669,.F.);
#549=ORIENTED_EDGE('',*,*,#667,.F.);
#550=ORIENTED_EDGE('',*,*,#662,.F.);
#551=ORIENTED_EDGE('',*,*,#658,.F.);
#552=ORIENTED_EDGE('',*,*,#663,.F.);
#553=ORIENTED_EDGE('',*,*,#661,.F.);
#554=ORIENTED_EDGE('',*,*,#656,.F.);
#555=ORIENTED_EDGE('',*,*,#652,.F.);
#556=ORIENTED_EDGE('',*,*,#657,.F.);
#557=ORIENTED_EDGE('',*,*,#655,.F.);
#558=ORIENTED_EDGE('',*,*,#650,.F.);
#559=ORIENTED_EDGE('',*,*,#646,.F.);
#560=ORIENTED_EDGE('',*,*,#651,.F.);
#561=ORIENTED_EDGE('',*,*,#649,.F.);
#562=ORIENTED_EDGE('',*,*,#644,.F.);
#563=ORIENTED_EDGE('',*,*,#640,.F.);
#564=ORIENTED_EDGE('',*,*,#645,.F.);
#565=ORIENTED_EDGE('',*,*,#643,.F.);
#566=ORIENTED_EDGE('',*,*,#638,.F.);
#567=ORIENTED_EDGE('',*,*,#634,.F.);
#568=ORIENTED_EDGE('',*,*,#639,.F.);
#569=ORIENTED_EDGE('',*,*,#637,.F.);
#570=ORIENTED_EDGE('',*,*,#632,.F.);
#571=ORIENTED_EDGE('',*,*,#628,.F.);
#572=ORIENTED_EDGE('',*,*,#633,.F.);
#573=ORIENTED_EDGE('',*,*,#631,.F.);
#574=ORIENTED_EDGE('',*,*,#626,.F.);
#575=ORIENTED_EDGE('',*,*,#622,.F.);
#576=ORIENTED_EDGE('',*,*,#627,.F.);
#577=ORIENTED_EDGE('',*,*,#625,.F.);
#578=ORIENTED_EDGE('',*,*,#620,.F.);
#579=ORIENTED_EDGE('',*,*,#616,.F.);
#580=ORIENTED_EDGE('',*,*,#621,.F.);
#581=ORIENTED_EDGE('',*,*,#619,.F.);
#582=ORIENTED_EDGE('',*,*,#614,.F.);
#583=ORIENTED_EDGE('',*,*,#610,.F.);
#584=ORIENTED_EDGE('',*,*,#615,.F.);
#585=ORIENTED_EDGE('',*,*,#613,.F.);
#586=ORIENTED_EDGE('',*,*,#608,.F.);
#587=ORIENTED_EDGE('',*,*,#604,.F.);
#588=ORIENTED_EDGE('',*,*,#609,.F.);
#589=ORIENTED_EDGE('',*,*,#607,.F.);
#590=ORIENTED_EDGE('',*,*,#806,.F.);
#591=ORIENTED_EDGE('',*,*,#807,.T.);
#592=ORIENTED_EDGE('',*,*,#803,.T.);
#593=ORIENTED_EDGE('',*,*,#808,.T.);
#594=ORIENTED_EDGE('',*,*,#809,.F.);
#595=ORIENTED_EDGE('',*,*,#805,.T.);
#596=ORIENTED_EDGE('',*,*,#808,.F.);
#597=ORIENTED_EDGE('',*,*,#802,.T.);
#598=ORIENTED_EDGE('',*,*,#809,.T.);
#599=ORIENTED_EDGE('',*,*,#804,.T.);
#600=ORIENTED_EDGE('',*,*,#798,.F.);
#601=ORIENTED_EDGE('',*,*,#797,.F.);
#602=ORIENTED_EDGE('',*,*,#796,.F.);
#603=ORIENTED_EDGE('',*,*,#807,.F.);
#604=EDGE_CURVE('',#810,#811,#950,.T.);
#605=EDGE_CURVE('',#811,#810,#951,.T.);
#606=EDGE_CURVE('',#812,#813,#952,.T.);
#607=EDGE_CURVE('',#812,#813,#953,.T.);
#608=EDGE_CURVE('',#811,#812,#24,.F.);
#609=EDGE_CURVE('',#813,#810,#25,.T.);
#610=EDGE_CURVE('',#814,#815,#954,.T.);
#611=EDGE_CURVE('',#815,#814,#955,.T.);
#612=EDGE_CURVE('',#816,#817,#956,.T.);
#613=EDGE_CURVE('',#816,#817,#957,.T.);
#614=EDGE_CURVE('',#815,#816,#26,.F.);
#615=EDGE_CURVE('',#817,#814,#27,.T.);
#616=EDGE_CURVE('',#818,#819,#958,.T.);
#617=EDGE_CURVE('',#819,#818,#959,.T.);
#618=EDGE_CURVE('',#820,#821,#960,.T.);
#619=EDGE_CURVE('',#820,#821,#961,.T.);
#620=EDGE_CURVE('',#819,#820,#28,.F.);
#621=EDGE_CURVE('',#821,#818,#29,.T.);
#622=EDGE_CURVE('',#822,#823,#962,.T.);
#623=EDGE_CURVE('',#823,#822,#963,.T.);
#624=EDGE_CURVE('',#824,#825,#964,.T.);
#625=EDGE_CURVE('',#824,#825,#965,.T.);
#626=EDGE_CURVE('',#823,#824,#30,.F.);
#627=EDGE_CURVE('',#825,#822,#31,.T.);
#628=EDGE_CURVE('',#826,#827,#966,.T.);
#629=EDGE_CURVE('',#827,#826,#967,.T.);
#630=EDGE_CURVE('',#828,#829,#968,.T.);
#631=EDGE_CURVE('',#828,#829,#969,.T.);
#632=EDGE_CURVE('',#827,#828,#32,.F.);
#633=EDGE_CURVE('',#829,#826,#33,.T.);
#634=EDGE_CURVE('',#830,#831,#970,.T.);
#635=EDGE_CURVE('',#831,#830,#971,.T.);
#636=EDGE_CURVE('',#832,#833,#972,.T.);
#637=EDGE_CURVE('',#832,#833,#973,.T.);
#638=EDGE_CURVE('',#831,#832,#34,.F.);
#639=EDGE_CURVE('',#833,#830,#35,.T.);
#640=EDGE_CURVE('',#834,#835,#974,.T.);
#641=EDGE_CURVE('',#835,#834,#975,.T.);
#642=EDGE_CURVE('',#836,#837,#976,.T.);
#643=EDGE_CURVE('',#836,#837,#977,.T.);
#644=EDGE_CURVE('',#835,#836,#36,.F.);
#645=EDGE_CURVE('',#837,#834,#37,.T.);
#646=EDGE_CURVE('',#838,#839,#978,.T.);
#647=EDGE_CURVE('',#839,#838,#979,.T.);
#648=EDGE_CURVE('',#840,#841,#980,.T.);
#649=EDGE_CURVE('',#840,#841,#981,.T.);
#650=EDGE_CURVE('',#839,#840,#38,.F.);
#651=EDGE_CURVE('',#841,#838,#39,.T.);
#652=EDGE_CURVE('',#842,#843,#982,.T.);
#653=EDGE_CURVE('',#843,#842,#983,.T.);
#654=EDGE_CURVE('',#844,#845,#984,.T.);
#655=EDGE_CURVE('',#844,#845,#985,.T.);
#656=EDGE_CURVE('',#843,#844,#40,.F.);
#657=EDGE_CURVE('',#845,#842,#41,.T.);
#658=EDGE_CURVE('',#846,#847,#986,.T.);
#659=EDGE_CURVE('',#847,#846,#987,.T.);
#660=EDGE_CURVE('',#848,#849,#988,.T.);
#661=EDGE_CURVE('',#848,#849,#989,.T.);
#662=EDGE_CURVE('',#847,#848,#42,.F.);
#663=EDGE_CURVE('',#849,#846,#43,.T.);
#664=EDGE_CURVE('',#850,#851,#990,.T.);
#665=EDGE_CURVE('',#851,#850,#991,.T.);
#666=EDGE_CURVE('',#852,#853,#992,.T.);
#667=EDGE_CURVE('',#852,#853,#993,.T.);
#668=EDGE_CURVE('',#851,#852,#44,.F.);
#669=EDGE_CURVE('',#853,#850,#45,.T.);
#670=EDGE_CURVE('',#854,#855,#994,.T.);
#671=EDGE_CURVE('',#855,#854,#995,.T.);
#672=EDGE_CURVE('',#856,#857,#996,.T.);
#673=EDGE_CURVE('',#856,#857,#997,.T.);
#674=EDGE_CURVE('',#855,#856,#46,.F.);
#675=EDGE_CURVE('',#857,#854,#47,.T.);
#676=EDGE_CURVE('',#858,#859,#998,.T.);
#677=EDGE_CURVE('',#859,#858,#999,.T.);
#678=EDGE_CURVE('',#860,#861,#1000,.T.);
#679=EDGE_CURVE('',#860,#861,#1001,.T.);
#680=EDGE_CURVE('',#859,#860,#48,.F.);
#681=EDGE_CURVE('',#861,#858,#49,.T.);
#682=EDGE_CURVE('',#862,#863,#1002,.T.);
#683=EDGE_CURVE('',#863,#862,#1003,.T.);
#684=EDGE_CURVE('',#864,#865,#1004,.T.);
#685=EDGE_CURVE('',#864,#865,#1005,.T.);
#686=EDGE_CURVE('',#863,#864,#50,.F.);
#687=EDGE_CURVE('',#865,#862,#51,.T.);
#688=EDGE_CURVE('',#866,#867,#1006,.T.);
#689=EDGE_CURVE('',#867,#866,#1007,.T.);
#690=EDGE_CURVE('',#868,#869,#1008,.T.);
#691=EDGE_CURVE('',#868,#869,#1009,.T.);
#692=EDGE_CURVE('',#867,#868,#52,.F.);
#693=EDGE_CURVE('',#869,#866,#53,.T.);
#694=EDGE_CURVE('',#870,#871,#1010,.T.);
#695=EDGE_CURVE('',#871,#870,#1011,.T.);
#696=EDGE_CURVE('',#872,#873,#1012,.T.);
#697=EDGE_CURVE('',#872,#873,#1013,.T.);
#698=EDGE_CURVE('',#871,#872,#54,.F.);
#699=EDGE_CURVE('',#873,#870,#55,.T.);
#700=EDGE_CURVE('',#874,#875,#1014,.T.);
#701=EDGE_CURVE('',#875,#874,#1015,.T.);
#702=EDGE_CURVE('',#876,#877,#1016,.T.);
#703=EDGE_CURVE('',#876,#877,#1017,.T.);
#704=EDGE_CURVE('',#875,#876,#56,.F.);
#705=EDGE_CURVE('',#877,#874,#57,.T.);
#706=EDGE_CURVE('',#878,#879,#1018,.T.);
#707=EDGE_CURVE('',#879,#878,#1019,.T.);
#708=EDGE_CURVE('',#880,#881,#1020,.T.);
#709=EDGE_CURVE('',#880,#881,#1021,.T.);
#710=EDGE_CURVE('',#879,#880,#58,.F.);
#711=EDGE_CURVE('',#881,#878,#59,.T.);
#712=EDGE_CURVE('',#882,#883,#1022,.T.);
#713=EDGE_CURVE('',#883,#882,#1023,.T.);
#714=EDGE_CURVE('',#884,#885,#1024,.T.);
#715=EDGE_CURVE('',#884,#885,#1025,.T.);
#716=EDGE_CURVE('',#883,#884,#60,.F.);
#717=EDGE_CURVE('',#885,#882,#61,.T.);
#718=EDGE_CURVE('',#886,#887,#1026,.T.);
#719=EDGE_CURVE('',#887,#886,#1027,.T.);
#720=EDGE_CURVE('',#888,#889,#1028,.T.);
#721=EDGE_CURVE('',#888,#889,#1029,.T.);
#722=EDGE_CURVE('',#887,#888,#62,.F.);
#723=EDGE_CURVE('',#889,#886,#63,.T.);
#724=EDGE_CURVE('',#890,#891,#1030,.T.);
#725=EDGE_CURVE('',#891,#890,#1031,.T.);
#726=EDGE_CURVE('',#892,#893,#1032,.T.);
#727=EDGE_CURVE('',#892,#893,#1033,.T.);
#728=EDGE_CURVE('',#891,#892,#64,.F.);
#729=EDGE_CURVE('',#893,#890,#65,.T.);
#730=EDGE_CURVE('',#894,#895,#1034,.T.);
#731=EDGE_CURVE('',#895,#894,#1035,.T.);
#732=EDGE_CURVE('',#896,#897,#1036,.T.);
#733=EDGE_CURVE('',#896,#897,#1037,.T.);
#734=EDGE_CURVE('',#895,#896,#66,.F.);
#735=EDGE_CURVE('',#897,#894,#67,.T.);
#736=EDGE_CURVE('',#898,#899,#1038,.T.);
#737=EDGE_CURVE('',#899,#898,#1039,.T.);
#738=EDGE_CURVE('',#900,#901,#1040,.T.);
#739=EDGE_CURVE('',#900,#901,#1041,.T.);
#740=EDGE_CURVE('',#899,#900,#68,.F.);
#741=EDGE_CURVE('',#901,#898,#69,.T.);
#742=EDGE_CURVE('',#902,#903,#1042,.T.);
#743=EDGE_CURVE('',#903,#902,#1043,.T.);
#744=EDGE_CURVE('',#904,#905,#1044,.T.);
#745=EDGE_CURVE('',#904,#905,#1045,.T.);
#746=EDGE_CURVE('',#903,#904,#70,.F.);
#747=EDGE_CURVE('',#905,#902,#71,.T.);
#748=EDGE_CURVE('',#906,#907,#1046,.T.);
#749=EDGE_CURVE('',#907,#906,#1047,.T.);
#750=EDGE_CURVE('',#908,#909,#1048,.T.);
#751=EDGE_CURVE('',#908,#909,#1049,.T.);
#752=EDGE_CURVE('',#907,#908,#72,.F.);
#753=EDGE_CURVE('',#909,#906,#73,.T.);
#754=EDGE_CURVE('',#910,#911,#1050,.T.);
#755=EDGE_CURVE('',#911,#910,#1051,.T.);
#756=EDGE_CURVE('',#912,#913,#1052,.T.);
#757=EDGE_CURVE('',#912,#913,#1053,.T.);
#758=EDGE_CURVE('',#911,#912,#74,.F.);
#759=EDGE_CURVE('',#913,#910,#75,.T.);
#760=EDGE_CURVE('',#914,#915,#1054,.T.);
#761=EDGE_CURVE('',#915,#914,#1055,.T.);
#762=EDGE_CURVE('',#916,#917,#1056,.T.);
#763=EDGE_CURVE('',#916,#917,#1057,.T.);
#764=EDGE_CURVE('',#915,#916,#76,.F.);
#765=EDGE_CURVE('',#917,#914,#77,.T.);
#766=EDGE_CURVE('',#918,#919,#1058,.T.);
#767=EDGE_CURVE('',#919,#918,#1059,.T.);
#768=EDGE_CURVE('',#920,#921,#1060,.T.);
#769=EDGE_CURVE('',#920,#921,#1061,.T.);
#770=EDGE_CURVE('',#919,#920,#78,.F.);
#771=EDGE_CURVE('',#921,#918,#79,.T.);
#772=EDGE_CURVE('',#922,#923,#1062,.T.);
#773=EDGE_CURVE('',#923,#922,#1063,.T.);
#774=EDGE_CURVE('',#924,#925,#1064,.T.);
#775=EDGE_CURVE('',#924,#925,#1065,.T.);
#776=EDGE_CURVE('',#923,#924,#80,.F.);
#777=EDGE_CURVE('',#925,#922,#81,.T.);
#778=EDGE_CURVE('',#926,#927,#1066,.T.);
#779=EDGE_CURVE('',#927,#926,#1067,.T.);
#780=EDGE_CURVE('',#928,#929,#1068,.T.);
#781=EDGE_CURVE('',#928,#929,#1069,.T.);
#782=EDGE_CURVE('',#927,#928,#82,.F.);
#783=EDGE_CURVE('',#929,#926,#83,.T.);
#784=EDGE_CURVE('',#930,#931,#1070,.T.);
#785=EDGE_CURVE('',#931,#930,#1071,.T.);
#786=EDGE_CURVE('',#932,#933,#1072,.T.);
#787=EDGE_CURVE('',#932,#933,#1073,.T.);
#788=EDGE_CURVE('',#931,#932,#84,.F.);
#789=EDGE_CURVE('',#933,#930,#85,.T.);
#790=EDGE_CURVE('',#934,#935,#22,.T.);
#791=EDGE_CURVE('',#935,#934,#1074,.T.);
#792=EDGE_CURVE('',#936,#937,#1075,.T.);
#793=EDGE_CURVE('',#936,#937,#23,.T.);
#794=EDGE_CURVE('',#935,#936,#86,.F.);
#795=EDGE_CURVE('',#937,#934,#87,.T.);
#796=EDGE_CURVE('',#938,#938,#1076,.F.);
#797=EDGE_CURVE('',#939,#939,#1077,.F.);
#798=EDGE_CURVE('',#940,#940,#1078,.T.);
#799=EDGE_CURVE('',#941,#941,#1079,.T.);
#800=EDGE_CURVE('',#942,#942,#1080,.T.);
#801=EDGE_CURVE('',#943,#943,#1081,.T.);
#802=EDGE_CURVE('',#944,#945,#88,.F.);
#803=EDGE_CURVE('',#946,#944,#1082,.T.);
#804=EDGE_CURVE('',#947,#946,#89,.T.);
#805=EDGE_CURVE('',#945,#947,#1083,.T.);
#806=EDGE_CURVE('',#948,#948,#1084,.T.);
#807=EDGE_CURVE('',#949,#949,#1085,.T.);
#808=EDGE_CURVE('',#944,#946,#1086,.T.);
#809=EDGE_CURVE('',#945,#947,#1087,.T.);
#810=VERTEX_POINT('',#2384);
#811=VERTEX_POINT('',#2385);
#812=VERTEX_POINT('',#2389);
#813=VERTEX_POINT('',#2390);
#814=VERTEX_POINT('',#2397);
#815=VERTEX_POINT('',#2398);
#816=VERTEX_POINT('',#2402);
#817=VERTEX_POINT('',#2403);
#818=VERTEX_POINT('',#2410);
#819=VERTEX_POINT('',#2411);
#820=VERTEX_POINT('',#2415);
#821=VERTEX_POINT('',#2416);
#822=VERTEX_POINT('',#2423);
#823=VERTEX_POINT('',#2424);
#824=VERTEX_POINT('',#2428);
#825=VERTEX_POINT('',#2429);
#826=VERTEX_POINT('',#2436);
#827=VERTEX_POINT('',#2437);
#828=VERTEX_POINT('',#2441);
#829=VERTEX_POINT('',#2442);
#830=VERTEX_POINT('',#2449);
#831=VERTEX_POINT('',#2450);
#832=VERTEX_POINT('',#2454);
#833=VERTEX_POINT('',#2455);
#834=VERTEX_POINT('',#2462);
#835=VERTEX_POINT('',#2463);
#836=VERTEX_POINT('',#2467);
#837=VERTEX_POINT('',#2468);
#838=VERTEX_POINT('',#2475);
#839=VERTEX_POINT('',#2476);
#840=VERTEX_POINT('',#2480);
#841=VERTEX_POINT('',#2481);
#842=VERTEX_POINT('',#2488);
#843=VERTEX_POINT('',#2489);
#844=VERTEX_POINT('',#2493);
#845=VERTEX_POINT('',#2494);
#846=VERTEX_POINT('',#2501);
#847=VERTEX_POINT('',#2502);
#848=VERTEX_POINT('',#2506);
#849=VERTEX_POINT('',#2507);
#850=VERTEX_POINT('',#2514);
#851=VERTEX_POINT('',#2515);
#852=VERTEX_POINT('',#2519);
#853=VERTEX_POINT('',#2520);
#854=VERTEX_POINT('',#2527);
#855=VERTEX_POINT('',#2528);
#856=VERTEX_POINT('',#2532);
#857=VERTEX_POINT('',#2533);
#858=VERTEX_POINT('',#2540);
#859=VERTEX_POINT('',#2541);
#860=VERTEX_POINT('',#2545);
#861=VERTEX_POINT('',#2546);
#862=VERTEX_POINT('',#2553);
#863=VERTEX_POINT('',#2554);
#864=VERTEX_POINT('',#2558);
#865=VERTEX_POINT('',#2559);
#866=VERTEX_POINT('',#2566);
#867=VERTEX_POINT('',#2567);
#868=VERTEX_POINT('',#2571);
#869=VERTEX_POINT('',#2572);
#870=VERTEX_POINT('',#2579);
#871=VERTEX_POINT('',#2580);
#872=VERTEX_POINT('',#2584);
#873=VERTEX_POINT('',#2585);
#874=VERTEX_POINT('',#2592);
#875=VERTEX_POINT('',#2593);
#876=VERTEX_POINT('',#2597);
#877=VERTEX_POINT('',#2598);
#878=VERTEX_POINT('',#2605);
#879=VERTEX_POINT('',#2606);
#880=VERTEX_POINT('',#2610);
#881=VERTEX_POINT('',#2611);
#882=VERTEX_POINT('',#2618);
#883=VERTEX_POINT('',#2619);
#884=VERTEX_POINT('',#2623);
#885=VERTEX_POINT('',#2624);
#886=VERTEX_POINT('',#2631);
#887=VERTEX_POINT('',#2632);
#888=VERTEX_POINT('',#2636);
#889=VERTEX_POINT('',#2637);
#890=VERTEX_POINT('',#2644);
#891=VERTEX_POINT('',#2645);
#892=VERTEX_POINT('',#2649);
#893=VERTEX_POINT('',#2650);
#894=VERTEX_POINT('',#2657);
#895=VERTEX_POINT('',#2658);
#896=VERTEX_POINT('',#2662);
#897=VERTEX_POINT('',#2663);
#898=VERTEX_POINT('',#2670);
#899=VERTEX_POINT('',#2671);
#900=VERTEX_POINT('',#2675);
#901=VERTEX_POINT('',#2676);
#902=VERTEX_POINT('',#2683);
#903=VERTEX_POINT('',#2684);
#904=VERTEX_POINT('',#2688);
#905=VERTEX_POINT('',#2689);
#906=VERTEX_POINT('',#2696);
#907=VERTEX_POINT('',#2697);
#908=VERTEX_POINT('',#2701);
#909=VERTEX_POINT('',#2702);
#910=VERTEX_POINT('',#2709);
#911=VERTEX_POINT('',#2710);
#912=VERTEX_POINT('',#2714);
#913=VERTEX_POINT('',#2715);
#914=VERTEX_POINT('',#2722);
#915=VERTEX_POINT('',#2723);
#916=VERTEX_POINT('',#2727);
#917=VERTEX_POINT('',#2728);
#918=VERTEX_POINT('',#2735);
#919=VERTEX_POINT('',#2736);
#920=VERTEX_POINT('',#2740);
#921=VERTEX_POINT('',#2741);
#922=VERTEX_POINT('',#2748);
#923=VERTEX_POINT('',#2749);
#924=VERTEX_POINT('',#2753);
#925=VERTEX_POINT('',#2754);
#926=VERTEX_POINT('',#2761);
#927=VERTEX_POINT('',#2762);
#928=VERTEX_POINT('',#2766);
#929=VERTEX_POINT('',#2767);
#930=VERTEX_POINT('',#2774);
#931=VERTEX_POINT('',#2775);
#932=VERTEX_POINT('',#2779);
#933=VERTEX_POINT('',#2780);
#934=VERTEX_POINT('',#2790);
#935=VERTEX_POINT('',#2791);
#936=VERTEX_POINT('',#2795);
#937=VERTEX_POINT('',#2796);
#938=VERTEX_POINT('',#2806);
#939=VERTEX_POINT('',#2808);
#940=VERTEX_POINT('',#2811);
#941=VERTEX_POINT('',#2813);
#942=VERTEX_POINT('',#2816);
#943=VERTEX_POINT('',#2819);
#944=VERTEX_POINT('',#2822);
#945=VERTEX_POINT('',#2823);
#946=VERTEX_POINT('',#2825);
#947=VERTEX_POINT('',#2827);
#948=VERTEX_POINT('',#2830);
#949=VERTEX_POINT('',#2834);
#950=CIRCLE('',#1576,16.4);
#951=CIRCLE('',#1577,1.4);
#952=CIRCLE('',#1579,1.4);
#953=CIRCLE('',#1580,16.4);
#954=CIRCLE('',#1583,16.4);
#955=CIRCLE('',#1584,1.4);
#956=CIRCLE('',#1586,1.4);
#957=CIRCLE('',#1587,16.4);
#958=CIRCLE('',#1590,16.4);
#959=CIRCLE('',#1591,1.4);
#960=CIRCLE('',#1593,1.4);
#961=CIRCLE('',#1594,16.4);
#962=CIRCLE('',#1597,16.4);
#963=CIRCLE('',#1598,1.4);
#964=CIRCLE('',#1600,1.4);
#965=CIRCLE('',#1601,16.4);
#966=CIRCLE('',#1604,16.4);
#967=CIRCLE('',#1605,1.4);
#968=CIRCLE('',#1607,1.4);
#969=CIRCLE('',#1608,16.4);
#970=CIRCLE('',#1611,16.4);
#971=CIRCLE('',#1612,1.4);
#972=CIRCLE('',#1614,1.4);
#973=CIRCLE('',#1615,16.4);
#974=CIRCLE('',#1618,16.4);
#975=CIRCLE('',#1619,1.4);
#976=CIRCLE('',#1621,1.4);
#977=CIRCLE('',#1622,16.4);
#978=CIRCLE('',#1625,16.4);
#979=CIRCLE('',#1626,1.4);
#980=CIRCLE('',#1628,1.4);
#981=CIRCLE('',#1629,16.4);
#982=CIRCLE('',#1632,16.4);
#983=CIRCLE('',#1633,1.4);
#984=CIRCLE('',#1635,1.4);
#985=CIRCLE('',#1636,16.4);
#986=CIRCLE('',#1639,16.4);
#987=CIRCLE('',#1640,1.4);
#988=CIRCLE('',#1642,1.4);
#989=CIRCLE('',#1643,16.4);
#990=CIRCLE('',#1646,16.4);
#991=CIRCLE('',#1647,1.4);
#992=CIRCLE('',#1649,1.4);
#993=CIRCLE('',#1650,16.4);
#994=CIRCLE('',#1653,16.4);
#995=CIRCLE('',#1654,1.4);
#996=CIRCLE('',#1656,1.4);
#997=CIRCLE('',#1657,16.4);
#998=CIRCLE('',#1660,16.4);
#999=CIRCLE('',#1661,1.4);
#1000=CIRCLE('',#1663,1.4);
#1001=CIRCLE('',#1664,16.4);
#1002=CIRCLE('',#1667,16.4);
#1003=CIRCLE('',#1668,1.4);
#1004=CIRCLE('',#1670,1.4);
#1005=CIRCLE('',#1671,16.4);
#1006=CIRCLE('',#1674,16.4);
#1007=CIRCLE('',#1675,1.4);
#1008=CIRCLE('',#1677,1.4);
#1009=CIRCLE('',#1678,16.4);
#1010=CIRCLE('',#1681,16.4);
#1011=CIRCLE('',#1682,1.4);
#1012=CIRCLE('',#1684,1.4);
#1013=CIRCLE('',#1685,16.4);
#1014=CIRCLE('',#1688,16.4);
#1015=CIRCLE('',#1689,1.4);
#1016=CIRCLE('',#1691,1.4);
#1017=CIRCLE('',#1692,16.4);
#1018=CIRCLE('',#1695,16.4);
#1019=CIRCLE('',#1696,1.4);
#1020=CIRCLE('',#1698,1.4);
#1021=CIRCLE('',#1699,16.4);
#1022=CIRCLE('',#1702,16.4);
#1023=CIRCLE('',#1703,1.4);
#1024=CIRCLE('',#1705,1.4);
#1025=CIRCLE('',#1706,16.4);
#1026=CIRCLE('',#1709,16.4);
#1027=CIRCLE('',#1710,1.4);
#1028=CIRCLE('',#1712,1.4);
#1029=CIRCLE('',#1713,16.4);
#1030=CIRCLE('',#1716,16.4);
#1031=CIRCLE('',#1717,1.4);
#1032=CIRCLE('',#1719,1.4);
#1033=CIRCLE('',#1720,16.4);
#1034=CIRCLE('',#1723,16.4);
#1035=CIRCLE('',#1724,1.4);
#1036=CIRCLE('',#1726,1.4);
#1037=CIRCLE('',#1727,16.4);
#1038=CIRCLE('',#1730,16.4);
#1039=CIRCLE('',#1731,1.4);
#1040=CIRCLE('',#1733,1.4);
#1041=CIRCLE('',#1734,16.4);
#1042=CIRCLE('',#1737,16.4);
#1043=CIRCLE('',#1738,1.4);
#1044=CIRCLE('',#1740,1.4);
#1045=CIRCLE('',#1741,16.4);
#1046=CIRCLE('',#1744,16.4);
#1047=CIRCLE('',#1745,1.4);
#1048=CIRCLE('',#1747,1.4);
#1049=CIRCLE('',#1748,16.4);
#1050=CIRCLE('',#1751,16.4);
#1051=CIRCLE('',#1752,1.4);
#1052=CIRCLE('',#1754,1.4);
#1053=CIRCLE('',#1755,16.4);
#1054=CIRCLE('',#1758,16.4);
#1055=CIRCLE('',#1759,1.4);
#1056=CIRCLE('',#1761,1.4);
#1057=CIRCLE('',#1762,16.4);
#1058=CIRCLE('',#1765,16.4);
#1059=CIRCLE('',#1766,1.4);
#1060=CIRCLE('',#1768,1.4);
#1061=CIRCLE('',#1769,16.4);
#1062=CIRCLE('',#1772,16.4);
#1063=CIRCLE('',#1773,1.4);
#1064=CIRCLE('',#1775,1.4);
#1065=CIRCLE('',#1776,16.4);
#1066=CIRCLE('',#1779,16.4);
#1067=CIRCLE('',#1780,1.4);
#1068=CIRCLE('',#1782,1.4);
#1069=CIRCLE('',#1783,16.4);
#1070=CIRCLE('',#1786,16.4);
#1071=CIRCLE('',#1787,1.4);
#1072=CIRCLE('',#1789,1.4);
#1073=CIRCLE('',#1790,16.4);
#1074=CIRCLE('',#1793,1.4);
#1075=CIRCLE('',#1795,1.4);
#1076=CIRCLE('',#1798,18.5);
#1077=CIRCLE('',#1799,18.5);
#1078=CIRCLE('',#1801,17.7);
#1079=CIRCLE('',#1802,15.);
#1080=CIRCLE('',#1804,15.);
#1081=CIRCLE('',#1806,16.4);
#1082=CIRCLE('',#1808,16.4);
#1083=CIRCLE('',#1809,16.4);
#1084=CIRCLE('',#1810,16.4);
#1085=CIRCLE('',#1813,17.7);
#1086=CIRCLE('',#1815,1.4);
#1087=CIRCLE('',#1817,1.4);
#1088=EDGE_LOOP('',(#192,#193));
#1089=EDGE_LOOP('',(#194,#195));
#1090=EDGE_LOOP('',(#196,#197,#198,#199));
#1091=EDGE_LOOP('',(#200,#201));
#1092=EDGE_LOOP('',(#202,#203));
#1093=EDGE_LOOP('',(#204,#205,#206,#207));
#1094=EDGE_LOOP('',(#208,#209));
#1095=EDGE_LOOP('',(#210,#211));
#1096=EDGE_LOOP('',(#212,#213,#214,#215));
#1097=EDGE_LOOP('',(#216,#217));
#1098=EDGE_LOOP('',(#218,#219));
#1099=EDGE_LOOP('',(#220,#221,#222,#223));
#1100=EDGE_LOOP('',(#224,#225));
#1101=EDGE_LOOP('',(#226,#227));
#1102=EDGE_LOOP('',(#228,#229,#230,#231));
#1103=EDGE_LOOP('',(#232,#233));
#1104=EDGE_LOOP('',(#234,#235));
#1105=EDGE_LOOP('',(#236,#237,#238,#239));
#1106=EDGE_LOOP('',(#240,#241));
#1107=EDGE_LOOP('',(#242,#243));
#1108=EDGE_LOOP('',(#244,#245,#246,#247));
#1109=EDGE_LOOP('',(#248,#249));
#1110=EDGE_LOOP('',(#250,#251));
#1111=EDGE_LOOP('',(#252,#253,#254,#255));
#1112=EDGE_LOOP('',(#256,#257));
#1113=EDGE_LOOP('',(#258,#259));
#1114=EDGE_LOOP('',(#260,#261,#262,#263));
#1115=EDGE_LOOP('',(#264,#265));
#1116=EDGE_LOOP('',(#266,#267));
#1117=EDGE_LOOP('',(#268,#269,#270,#271));
#1118=EDGE_LOOP('',(#272,#273));
#1119=EDGE_LOOP('',(#274,#275));
#1120=EDGE_LOOP('',(#276,#277,#278,#279));
#1121=EDGE_LOOP('',(#280,#281));
#1122=EDGE_LOOP('',(#282,#283));
#1123=EDGE_LOOP('',(#284,#285,#286,#287));
#1124=EDGE_LOOP('',(#288,#289));
#1125=EDGE_LOOP('',(#290,#291));
#1126=EDGE_LOOP('',(#292,#293,#294,#295));
#1127=EDGE_LOOP('',(#296,#297));
#1128=EDGE_LOOP('',(#298,#299));
#1129=EDGE_LOOP('',(#300,#301,#302,#303));
#1130=EDGE_LOOP('',(#304,#305));
#1131=EDGE_LOOP('',(#306,#307));
#1132=EDGE_LOOP('',(#308,#309,#310,#311));
#1133=EDGE_LOOP('',(#312,#313));
#1134=EDGE_LOOP('',(#314,#315));
#1135=EDGE_LOOP('',(#316,#317,#318,#319));
#1136=EDGE_LOOP('',(#320,#321));
#1137=EDGE_LOOP('',(#322,#323));
#1138=EDGE_LOOP('',(#324,#325,#326,#327));
#1139=EDGE_LOOP('',(#328,#329));
#1140=EDGE_LOOP('',(#330,#331));
#1141=EDGE_LOOP('',(#332,#333,#334,#335));
#1142=EDGE_LOOP('',(#336,#337));
#1143=EDGE_LOOP('',(#338,#339));
#1144=EDGE_LOOP('',(#340,#341,#342,#343));
#1145=EDGE_LOOP('',(#344,#345));
#1146=EDGE_LOOP('',(#346,#347));
#1147=EDGE_LOOP('',(#348,#349,#350,#351));
#1148=EDGE_LOOP('',(#352,#353));
#1149=EDGE_LOOP('',(#354,#355));
#1150=EDGE_LOOP('',(#356,#357,#358,#359));
#1151=EDGE_LOOP('',(#360,#361));
#1152=EDGE_LOOP('',(#362,#363));
#1153=EDGE_LOOP('',(#364,#365,#366,#367));
#1154=EDGE_LOOP('',(#368,#369));
#1155=EDGE_LOOP('',(#370,#371));
#1156=EDGE_LOOP('',(#372,#373,#374,#375));
#1157=EDGE_LOOP('',(#376,#377));
#1158=EDGE_LOOP('',(#378,#379));
#1159=EDGE_LOOP('',(#380,#381,#382,#383));
#1160=EDGE_LOOP('',(#384,#385));
#1161=EDGE_LOOP('',(#386,#387));
#1162=EDGE_LOOP('',(#388,#389,#390,#391));
#1163=EDGE_LOOP('',(#392,#393));
#1164=EDGE_LOOP('',(#394,#395));
#1165=EDGE_LOOP('',(#396,#397,#398,#399));
#1166=EDGE_LOOP('',(#400,#401));
#1167=EDGE_LOOP('',(#402,#403));
#1168=EDGE_LOOP('',(#404,#405,#406,#407));
#1169=EDGE_LOOP('',(#408,#409));
#1170=EDGE_LOOP('',(#410,#411));
#1171=EDGE_LOOP('',(#412,#413,#414,#415));
#1172=EDGE_LOOP('',(#416,#417));
#1173=EDGE_LOOP('',(#418,#419));
#1174=EDGE_LOOP('',(#420,#421,#422,#423));
#1175=EDGE_LOOP('',(#424,#425));
#1176=EDGE_LOOP('',(#426,#427));
#1177=EDGE_LOOP('',(#428,#429,#430,#431));
#1178=EDGE_LOOP('',(#432,#433));
#1179=EDGE_LOOP('',(#434,#435));
#1180=EDGE_LOOP('',(#436,#437,#438,#439));
#1181=EDGE_LOOP('',(#440,#441));
#1182=EDGE_LOOP('',(#442,#443));
#1183=EDGE_LOOP('',(#444,#445,#446,#447));
#1184=EDGE_LOOP('',(#448));
#1185=EDGE_LOOP('',(#449));
#1186=EDGE_LOOP('',(#450));
#1187=EDGE_LOOP('',(#451));
#1188=EDGE_LOOP('',(#452));
#1189=EDGE_LOOP('',(#453));
#1190=EDGE_LOOP('',(#454));
#1191=EDGE_LOOP('',(#455));
#1192=EDGE_LOOP('',(#456,#457,#458,#459));
#1193=EDGE_LOOP('',(#460,#461,#462,#463));
#1194=EDGE_LOOP('',(#464));
#1195=EDGE_LOOP('',(#465));
#1196=EDGE_LOOP('',(#466,#467,#468,#469));
#1197=EDGE_LOOP('',(#470,#471,#472,#473));
#1198=EDGE_LOOP('',(#474,#475,#476,#477));
#1199=EDGE_LOOP('',(#478,#479,#480,#481));
#1200=EDGE_LOOP('',(#482,#483,#484,#485));
#1201=EDGE_LOOP('',(#486,#487,#488,#489));
#1202=EDGE_LOOP('',(#490,#491,#492,#493));
#1203=EDGE_LOOP('',(#494,#495,#496,#497));
#1204=EDGE_LOOP('',(#498,#499,#500,#501));
#1205=EDGE_LOOP('',(#502,#503,#504,#505));
#1206=EDGE_LOOP('',(#506,#507,#508,#509));
#1207=EDGE_LOOP('',(#510,#511,#512,#513));
#1208=EDGE_LOOP('',(#514,#515,#516,#517));
#1209=EDGE_LOOP('',(#518,#519,#520,#521));
#1210=EDGE_LOOP('',(#522,#523,#524,#525));
#1211=EDGE_LOOP('',(#526,#527,#528,#529));
#1212=EDGE_LOOP('',(#530,#531,#532,#533));
#1213=EDGE_LOOP('',(#534,#535,#536,#537));
#1214=EDGE_LOOP('',(#538,#539,#540,#541));
#1215=EDGE_LOOP('',(#542,#543,#544,#545));
#1216=EDGE_LOOP('',(#546,#547,#548,#549));
#1217=EDGE_LOOP('',(#550,#551,#552,#553));
#1218=EDGE_LOOP('',(#554,#555,#556,#557));
#1219=EDGE_LOOP('',(#558,#559,#560,#561));
#1220=EDGE_LOOP('',(#562,#563,#564,#565));
#1221=EDGE_LOOP('',(#566,#567,#568,#569));
#1222=EDGE_LOOP('',(#570,#571,#572,#573));
#1223=EDGE_LOOP('',(#574,#575,#576,#577));
#1224=EDGE_LOOP('',(#578,#579,#580,#581));
#1225=EDGE_LOOP('',(#582,#583,#584,#585));
#1226=EDGE_LOOP('',(#586,#587,#588,#589));
#1227=EDGE_LOOP('',(#590));
#1228=EDGE_LOOP('',(#591));
#1229=EDGE_LOOP('',(#592,#593));
#1230=EDGE_LOOP('',(#594,#595));
#1231=EDGE_LOOP('',(#596,#597,#598,#599));
#1232=EDGE_LOOP('',(#600));
#1233=EDGE_LOOP('',(#601));
#1234=EDGE_LOOP('',(#602));
#1235=EDGE_LOOP('',(#603));
#1236=FACE_BOUND('',#1088,.T.);
#1237=FACE_BOUND('',#1089,.T.);
#1238=FACE_BOUND('',#1090,.T.);
#1239=FACE_BOUND('',#1091,.T.);
#1240=FACE_BOUND('',#1092,.T.);
#1241=FACE_BOUND('',#1093,.T.);
#1242=FACE_BOUND('',#1094,.T.);
#1243=FACE_BOUND('',#1095,.T.);
#1244=FACE_BOUND('',#1096,.T.);
#1245=FACE_BOUND('',#1097,.T.);
#1246=FACE_BOUND('',#1098,.T.);
#1247=FACE_BOUND('',#1099,.T.);
#1248=FACE_BOUND('',#1100,.T.);
#1249=FACE_BOUND('',#1101,.T.);
#1250=FACE_BOUND('',#1102,.T.);
#1251=FACE_BOUND('',#1103,.T.);
#1252=FACE_BOUND('',#1104,.T.);
#1253=FACE_BOUND('',#1105,.T.);
#1254=FACE_BOUND('',#1106,.T.);
#1255=FACE_BOUND('',#1107,.T.);
#1256=FACE_BOUND('',#1108,.T.);
#1257=FACE_BOUND('',#1109,.T.);
#1258=FACE_BOUND('',#1110,.T.);
#1259=FACE_BOUND('',#1111,.T.);
#1260=FACE_BOUND('',#1112,.T.);
#1261=FACE_BOUND('',#1113,.T.);
#1262=FACE_BOUND('',#1114,.T.);
#1263=FACE_BOUND('',#1115,.T.);
#1264=FACE_BOUND('',#1116,.T.);
#1265=FACE_BOUND('',#1117,.T.);
#1266=FACE_BOUND('',#1118,.T.);
#1267=FACE_BOUND('',#1119,.T.);
#1268=FACE_BOUND('',#1120,.T.);
#1269=FACE_BOUND('',#1121,.T.);
#1270=FACE_BOUND('',#1122,.T.);
#1271=FACE_BOUND('',#1123,.T.);
#1272=FACE_BOUND('',#1124,.T.);
#1273=FACE_BOUND('',#1125,.T.);
#1274=FACE_BOUND('',#1126,.T.);
#1275=FACE_BOUND('',#1127,.T.);
#1276=FACE_BOUND('',#1128,.T.);
#1277=FACE_BOUND('',#1129,.T.);
#1278=FACE_BOUND('',#1130,.T.);
#1279=FACE_BOUND('',#1131,.T.);
#1280=FACE_BOUND('',#1132,.T.);
#1281=FACE_BOUND('',#1133,.T.);
#1282=FACE_BOUND('',#1134,.T.);
#1283=FACE_BOUND('',#1135,.T.);
#1284=FACE_BOUND('',#1136,.T.);
#1285=FACE_BOUND('',#1137,.T.);
#1286=FACE_BOUND('',#1138,.T.);
#1287=FACE_BOUND('',#1139,.T.);
#1288=FACE_BOUND('',#1140,.T.);
#1289=FACE_BOUND('',#1141,.T.);
#1290=FACE_BOUND('',#1142,.T.);
#1291=FACE_BOUND('',#1143,.T.);
#1292=FACE_BOUND('',#1144,.T.);
#1293=FACE_BOUND('',#1145,.T.);
#1294=FACE_BOUND('',#1146,.T.);
#1295=FACE_BOUND('',#1147,.T.);
#1296=FACE_BOUND('',#1148,.T.);
#1297=FACE_BOUND('',#1149,.T.);
#1298=FACE_BOUND('',#1150,.T.);
#1299=FACE_BOUND('',#1151,.T.);
#1300=FACE_BOUND('',#1152,.T.);
#1301=FACE_BOUND('',#1153,.T.);
#1302=FACE_BOUND('',#1154,.T.);
#1303=FACE_BOUND('',#1155,.T.);
#1304=FACE_BOUND('',#1156,.T.);
#1305=FACE_BOUND('',#1157,.T.);
#1306=FACE_BOUND('',#1158,.T.);
#1307=FACE_BOUND('',#1159,.T.);
#1308=FACE_BOUND('',#1160,.T.);
#1309=FACE_BOUND('',#1161,.T.);
#1310=FACE_BOUND('',#1162,.T.);
#1311=FACE_BOUND('',#1163,.T.);
#1312=FACE_BOUND('',#1164,.T.);
#1313=FACE_BOUND('',#1165,.T.);
#1314=FACE_BOUND('',#1166,.T.);
#1315=FACE_BOUND('',#1167,.T.);
#1316=FACE_BOUND('',#1168,.T.);
#1317=FACE_BOUND('',#1169,.T.);
#1318=FACE_BOUND('',#1170,.T.);
#1319=FACE_BOUND('',#1171,.T.);
#1320=FACE_BOUND('',#1172,.T.);
#1321=FACE_BOUND('',#1173,.T.);
#1322=FACE_BOUND('',#1174,.T.);
#1323=FACE_BOUND('',#1175,.T.);
#1324=FACE_BOUND('',#1176,.T.);
#1325=FACE_BOUND('',#1177,.T.);
#1326=FACE_BOUND('',#1178,.T.);
#1327=FACE_BOUND('',#1179,.T.);
#1328=FACE_BOUND('',#1180,.T.);
#1329=FACE_BOUND('',#1181,.T.);
#1330=FACE_BOUND('',#1182,.T.);
#1331=FACE_BOUND('',#1183,.T.);
#1332=FACE_BOUND('',#1184,.T.);
#1333=FACE_BOUND('',#1185,.T.);
#1334=FACE_BOUND('',#1186,.T.);
#1335=FACE_BOUND('',#1187,.T.);
#1336=FACE_BOUND('',#1188,.T.);
#1337=FACE_BOUND('',#1189,.T.);
#1338=FACE_BOUND('',#1190,.T.);
#1339=FACE_BOUND('',#1191,.T.);
#1340=FACE_BOUND('',#1192,.T.);
#1341=FACE_BOUND('',#1193,.T.);
#1342=FACE_BOUND('',#1194,.T.);
#1343=FACE_BOUND('',#1195,.T.);
#1344=FACE_BOUND('',#1196,.T.);
#1345=FACE_BOUND('',#1197,.T.);
#1346=FACE_BOUND('',#1198,.T.);
#1347=FACE_BOUND('',#1199,.T.);
#1348=FACE_BOUND('',#1200,.T.);
#1349=FACE_BOUND('',#1201,.T.);
#1350=FACE_BOUND('',#1202,.T.);
#1351=FACE_BOUND('',#1203,.T.);
#1352=FACE_BOUND('',#1204,.T.);
#1353=FACE_BOUND('',#1205,.T.);
#1354=FACE_BOUND('',#1206,.T.);
#1355=FACE_BOUND('',#1207,.T.);
#1356=FACE_BOUND('',#1208,.T.);
#1357=FACE_BOUND('',#1209,.T.);
#1358=FACE_BOUND('',#1210,.T.);
#1359=FACE_BOUND('',#1211,.T.);
#1360=FACE_BOUND('',#1212,.T.);
#1361=FACE_BOUND('',#1213,.T.);
#1362=FACE_BOUND('',#1214,.T.);
#1363=FACE_BOUND('',#1215,.T.);
#1364=FACE_BOUND('',#1216,.T.);
#1365=FACE_BOUND('',#1217,.T.);
#1366=FACE_BOUND('',#1218,.T.);
#1367=FACE_BOUND('',#1219,.T.);
#1368=FACE_BOUND('',#1220,.T.);
#1369=FACE_BOUND('',#1221,.T.);
#1370=FACE_BOUND('',#1222,.T.);
#1371=FACE_BOUND('',#1223,.T.);
#1372=FACE_BOUND('',#1224,.T.);
#1373=FACE_BOUND('',#1225,.T.);
#1374=FACE_BOUND('',#1226,.T.);
#1375=FACE_BOUND('',#1227,.T.);
#1376=FACE_BOUND('',#1228,.T.);
#1377=FACE_BOUND('',#1229,.T.);
#1378=FACE_BOUND('',#1230,.T.);
#1379=FACE_BOUND('',#1231,.T.);
#1380=FACE_BOUND('',#1232,.T.);
#1381=FACE_BOUND('',#1233,.T.);
#1382=FACE_BOUND('',#1234,.T.);
#1383=FACE_BOUND('',#1235,.T.);
#1384=PLANE('',#1575);
#1385=PLANE('',#1578);
#1386=PLANE('',#1582);
#1387=PLANE('',#1585);
#1388=PLANE('',#1589);
#1389=PLANE('',#1592);
#1390=PLANE('',#1596);
#1391=PLANE('',#1599);
#1392=PLANE('',#1603);
#1393=PLANE('',#1606);
#1394=PLANE('',#1610);
#1395=PLANE('',#1613);
#1396=PLANE('',#1617);
#1397=PLANE('',#1620);
#1398=PLANE('',#1624);
#1399=PLANE('',#1627);
#1400=PLANE('',#1631);
#1401=PLANE('',#1634);
#1402=PLANE('',#1638);
#1403=PLANE('',#1641);
#1404=PLANE('',#1645);
#1405=PLANE('',#1648);
#1406=PLANE('',#1652);
#1407=PLANE('',#1655);
#1408=PLANE('',#1659);
#1409=PLANE('',#1662);
#1410=PLANE('',#1666);
#1411=PLANE('',#1669);
#1412=PLANE('',#1673);
#1413=PLANE('',#1676);
#1414=PLANE('',#1680);
#1415=PLANE('',#1683);
#1416=PLANE('',#1687);
#1417=PLANE('',#1690);
#1418=PLANE('',#1694);
#1419=PLANE('',#1697);
#1420=PLANE('',#1701);
#1421=PLANE('',#1704);
#1422=PLANE('',#1708);
#1423=PLANE('',#1711);
#1424=PLANE('',#1715);
#1425=PLANE('',#1718);
#1426=PLANE('',#1722);
#1427=PLANE('',#1725);
#1428=PLANE('',#1729);
#1429=PLANE('',#1732);
#1430=PLANE('',#1736);
#1431=PLANE('',#1739);
#1432=PLANE('',#1743);
#1433=PLANE('',#1746);
#1434=PLANE('',#1750);
#1435=PLANE('',#1753);
#1436=PLANE('',#1757);
#1437=PLANE('',#1760);
#1438=PLANE('',#1764);
#1439=PLANE('',#1767);
#1440=PLANE('',#1771);
#1441=PLANE('',#1774);
#1442=PLANE('',#1778);
#1443=PLANE('',#1781);
#1444=PLANE('',#1785);
#1445=PLANE('',#1788);
#1446=PLANE('',#1792);
#1447=PLANE('',#1794);
#1448=PLANE('',#1800);
#1449=PLANE('',#1805);
#1450=PLANE('',#1811);
#1451=PLANE('',#1812);
#1452=PLANE('',#1814);
#1453=PLANE('',#1816);
#1454=ADVANCED_FACE('',(#1236),#1384,.T.);
#1455=ADVANCED_FACE('',(#1237),#1385,.T.);
#1456=ADVANCED_FACE('',(#1238),#156,.T.);
#1457=ADVANCED_FACE('',(#1239),#1386,.T.);
#1458=ADVANCED_FACE('',(#1240),#1387,.T.);
#1459=ADVANCED_FACE('',(#1241),#157,.T.);
#1460=ADVANCED_FACE('',(#1242),#1388,.T.);
#1461=ADVANCED_FACE('',(#1243),#1389,.T.);
#1462=ADVANCED_FACE('',(#1244),#158,.T.);
#1463=ADVANCED_FACE('',(#1245),#1390,.T.);
#1464=ADVANCED_FACE('',(#1246),#1391,.T.);
#1465=ADVANCED_FACE('',(#1247),#159,.T.);
#1466=ADVANCED_FACE('',(#1248),#1392,.T.);
#1467=ADVANCED_FACE('',(#1249),#1393,.T.);
#1468=ADVANCED_FACE('',(#1250),#160,.T.);
#1469=ADVANCED_FACE('',(#1251),#1394,.T.);
#1470=ADVANCED_FACE('',(#1252),#1395,.T.);
#1471=ADVANCED_FACE('',(#1253),#161,.T.);
#1472=ADVANCED_FACE('',(#1254),#1396,.T.);
#1473=ADVANCED_FACE('',(#1255),#1397,.T.);
#1474=ADVANCED_FACE('',(#1256),#162,.T.);
#1475=ADVANCED_FACE('',(#1257),#1398,.T.);
#1476=ADVANCED_FACE('',(#1258),#1399,.T.);
#1477=ADVANCED_FACE('',(#1259),#163,.T.);
#1478=ADVANCED_FACE('',(#1260),#1400,.T.);
#1479=ADVANCED_FACE('',(#1261),#1401,.T.);
#1480=ADVANCED_FACE('',(#1262),#164,.T.);
#1481=ADVANCED_FACE('',(#1263),#1402,.T.);
#1482=ADVANCED_FACE('',(#1264),#1403,.T.);
#1483=ADVANCED_FACE('',(#1265),#165,.T.);
#1484=ADVANCED_FACE('',(#1266),#1404,.T.);
#1485=ADVANCED_FACE('',(#1267),#1405,.T.);
#1486=ADVANCED_FACE('',(#1268),#166,.T.);
#1487=ADVANCED_FACE('',(#1269),#1406,.T.);
#1488=ADVANCED_FACE('',(#1270),#1407,.T.);
#1489=ADVANCED_FACE('',(#1271),#167,.T.);
#1490=ADVANCED_FACE('',(#1272),#1408,.T.);
#1491=ADVANCED_FACE('',(#1273),#1409,.T.);
#1492=ADVANCED_FACE('',(#1274),#168,.T.);
#1493=ADVANCED_FACE('',(#1275),#1410,.T.);
#1494=ADVANCED_FACE('',(#1276),#1411,.T.);
#1495=ADVANCED_FACE('',(#1277),#169,.T.);
#1496=ADVANCED_FACE('',(#1278),#1412,.T.);
#1497=ADVANCED_FACE('',(#1279),#1413,.T.);
#1498=ADVANCED_FACE('',(#1280),#170,.T.);
#1499=ADVANCED_FACE('',(#1281),#1414,.T.);
#1500=ADVANCED_FACE('',(#1282),#1415,.T.);
#1501=ADVANCED_FACE('',(#1283),#171,.T.);
#1502=ADVANCED_FACE('',(#1284),#1416,.T.);
#1503=ADVANCED_FACE('',(#1285),#1417,.T.);
#1504=ADVANCED_FACE('',(#1286),#172,.T.);
#1505=ADVANCED_FACE('',(#1287),#1418,.T.);
#1506=ADVANCED_FACE('',(#1288),#1419,.T.);
#1507=ADVANCED_FACE('',(#1289),#173,.T.);
#1508=ADVANCED_FACE('',(#1290),#1420,.T.);
#1509=ADVANCED_FACE('',(#1291),#1421,.T.);
#1510=ADVANCED_FACE('',(#1292),#174,.T.);
#1511=ADVANCED_FACE('',(#1293),#1422,.T.);
#1512=ADVANCED_FACE('',(#1294),#1423,.T.);
#1513=ADVANCED_FACE('',(#1295),#175,.T.);
#1514=ADVANCED_FACE('',(#1296),#1424,.T.);
#1515=ADVANCED_FACE('',(#1297),#1425,.T.);
#1516=ADVANCED_FACE('',(#1298),#176,.T.);
#1517=ADVANCED_FACE('',(#1299),#1426,.T.);
#1518=ADVANCED_FACE('',(#1300),#1427,.T.);
#1519=ADVANCED_FACE('',(#1301),#177,.T.);
#1520=ADVANCED_FACE('',(#1302),#1428,.T.);
#1521=ADVANCED_FACE('',(#1303),#1429,.T.);
#1522=ADVANCED_FACE('',(#1304),#178,.T.);
#1523=ADVANCED_FACE('',(#1305),#1430,.T.);
#1524=ADVANCED_FACE('',(#1306),#1431,.T.);
#1525=ADVANCED_FACE('',(#1307),#179,.T.);
#1526=ADVANCED_FACE('',(#1308),#1432,.T.);
#1527=ADVANCED_FACE('',(#1309),#1433,.T.);
#1528=ADVANCED_FACE('',(#1310),#180,.T.);
#1529=ADVANCED_FACE('',(#1311),#1434,.T.);
#1530=ADVANCED_FACE('',(#1312),#1435,.T.);
#1531=ADVANCED_FACE('',(#1313),#181,.T.);
#1532=ADVANCED_FACE('',(#1314),#1436,.T.);
#1533=ADVANCED_FACE('',(#1315),#1437,.T.);
#1534=ADVANCED_FACE('',(#1316),#182,.T.);
#1535=ADVANCED_FACE('',(#1317),#1438,.T.);
#1536=ADVANCED_FACE('',(#1318),#1439,.T.);
#1537=ADVANCED_FACE('',(#1319),#183,.T.);
#1538=ADVANCED_FACE('',(#1320),#1440,.T.);
#1539=ADVANCED_FACE('',(#1321),#1441,.T.);
#1540=ADVANCED_FACE('',(#1322),#184,.T.);
#1541=ADVANCED_FACE('',(#1323),#1442,.T.);
#1542=ADVANCED_FACE('',(#1324),#1443,.T.);
#1543=ADVANCED_FACE('',(#1325),#185,.T.);
#1544=ADVANCED_FACE('',(#1326),#1444,.T.);
#1545=ADVANCED_FACE('',(#1327),#1445,.T.);
#1546=ADVANCED_FACE('',(#1328),#186,.T.);
#1547=ADVANCED_FACE('',(#1329),#1446,.T.);
#1548=ADVANCED_FACE('',(#1330),#1447,.T.);
#1549=ADVANCED_FACE('',(#1331),#187,.T.);
#1550=ADVANCED_FACE('',(#1332,#1333),#188,.T.);
#1551=ADVANCED_FACE('',(#1334,#1335),#1448,.T.);
#1552=ADVANCED_FACE('',(#1336,#1337),#189,.F.);
#1553=ADVANCED_FACE('',(#1338,#1339),#1449,.T.);
#1554=ADVANCED_FACE('',(#1340,#1341,#1342,#1343,#1344,#1345,#1346,#1347,
#1348,#1349,#1350,#1351,#1352,#1353,#1354,#1355,#1356,#1357,#1358,#1359,
#1360,#1361,#1362,#1363,#1364,#1365,#1366,#1367,#1368,#1369,#1370,#1371,
#1372,#1373,#1374),#190,.F.);
#1555=ADVANCED_FACE('',(#1375),#1450,.T.);
#1556=ADVANCED_FACE('',(#1376),#1451,.T.);
#1557=ADVANCED_FACE('',(#1377),#1452,.T.);
#1558=ADVANCED_FACE('',(#1378),#1453,.T.);
#1559=ADVANCED_FACE('',(#1379),#191,.T.);
#1560=ADVANCED_FACE('',(#1380,#1381),#20,.T.);
#1561=ADVANCED_FACE('',(#1382,#1383),#21,.T.);
#1562=CLOSED_SHELL('',(#1454,#1455,#1456,#1457,#1458,#1459,#1460,#1461,
#1462,#1463,#1464,#1465,#1466,#1467,#1468,#1469,#1470,#1471,#1472,#1473,
#1474,#1475,#1476,#1477,#1478,#1479,#1480,#1481,#1482,#1483,#1484,#1485,
#1486,#1487,#1488,#1489,#1490,#1491,#1492,#1493,#1494,#1495,#1496,#1497,
#1498,#1499,#1500,#1501,#1502,#1503,#1504,#1505,#1506,#1507,#1508,#1509,
#1510,#1511,#1512,#1513,#1514,#1515,#1516,#1517,#1518,#1519,#1520,#1521,
#1522,#1523,#1524,#1525,#1526,#1527,#1528,#1529,#1530,#1531,#1532,#1533,
#1534,#1535,#1536,#1537,#1538,#1539,#1540,#1541,#1542,#1543,#1544,#1545,
#1546,#1547,#1548,#1549,#1550,#1551,#1552,#1553,#1554,#1555,#1556,#1557,
#1558,#1559,#1560,#1561));
#1563=STYLED_ITEM('',(#1564),#1571);
#1564=PRESENTATION_STYLE_ASSIGNMENT((#1565));
#1565=SURFACE_STYLE_USAGE(.BOTH.,#1566);
#1566=SURFACE_SIDE_STYLE('',(#1567));
#1567=SURFACE_STYLE_FILL_AREA(#1568);
#1568=FILL_AREA_STYLE('',(#1569));
#1569=FILL_AREA_STYLE_COLOUR('',#1570);
#1570=COLOUR_RGB('',0.506983280181885,0.531564235687256,0.550000011920929);
#1571=MANIFOLD_SOLID_BREP('',#1562);
#1572=SHAPE_DEFINITION_REPRESENTATION(#2848,#1573);
#1573=SHAPE_REPRESENTATION(
'\X2\51B2538B591657086EDA94888F74627F\X0\BK 0000\X2\578B\X0\ GBT290-20
17',(#1574),#2843);
#1574=AXIS2_PLACEMENT_3D('',#2381,#1821,#1822);
#1575=AXIS2_PLACEMENT_3D('',#2382,#1823,#1824);
#1576=AXIS2_PLACEMENT_3D('',#2383,#1825,#1826);
#1577=AXIS2_PLACEMENT_3D('',#2386,#1827,#1828);
#1578=AXIS2_PLACEMENT_3D('',#2387,#1829,#1830);
#1579=AXIS2_PLACEMENT_3D('',#2388,#1831,#1832);
#1580=AXIS2_PLACEMENT_3D('',#2391,#1833,#1834);
#1581=AXIS2_PLACEMENT_3D('',#2392,#1835,#1836);
#1582=AXIS2_PLACEMENT_3D('',#2395,#1839,#1840);
#1583=AXIS2_PLACEMENT_3D('',#2396,#1841,#1842);
#1584=AXIS2_PLACEMENT_3D('',#2399,#1843,#1844);
#1585=AXIS2_PLACEMENT_3D('',#2400,#1845,#1846);
#1586=AXIS2_PLACEMENT_3D('',#2401,#1847,#1848);
#1587=AXIS2_PLACEMENT_3D('',#2404,#1849,#1850);
#1588=AXIS2_PLACEMENT_3D('',#2405,#1851,#1852);
#1589=AXIS2_PLACEMENT_3D('',#2408,#1855,#1856);
#1590=AXIS2_PLACEMENT_3D('',#2409,#1857,#1858);
#1591=AXIS2_PLACEMENT_3D('',#2412,#1859,#1860);
#1592=AXIS2_PLACEMENT_3D('',#2413,#1861,#1862);
#1593=AXIS2_PLACEMENT_3D('',#2414,#1863,#1864);
#1594=AXIS2_PLACEMENT_3D('',#2417,#1865,#1866);
#1595=AXIS2_PLACEMENT_3D('',#2418,#1867,#1868);
#1596=AXIS2_PLACEMENT_3D('',#2421,#1871,#1872);
#1597=AXIS2_PLACEMENT_3D('',#2422,#1873,#1874);
#1598=AXIS2_PLACEMENT_3D('',#2425,#1875,#1876);
#1599=AXIS2_PLACEMENT_3D('',#2426,#1877,#1878);
#1600=AXIS2_PLACEMENT_3D('',#2427,#1879,#1880);
#1601=AXIS2_PLACEMENT_3D('',#2430,#1881,#1882);
#1602=AXIS2_PLACEMENT_3D('',#2431,#1883,#1884);
#1603=AXIS2_PLACEMENT_3D('',#2434,#1887,#1888);
#1604=AXIS2_PLACEMENT_3D('',#2435,#1889,#1890);
#1605=AXIS2_PLACEMENT_3D('',#2438,#1891,#1892);
#1606=AXIS2_PLACEMENT_3D('',#2439,#1893,#1894);
#1607=AXIS2_PLACEMENT_3D('',#2440,#1895,#1896);
#1608=AXIS2_PLACEMENT_3D('',#2443,#1897,#1898);
#1609=AXIS2_PLACEMENT_3D('',#2444,#1899,#1900);
#1610=AXIS2_PLACEMENT_3D('',#2447,#1903,#1904);
#1611=AXIS2_PLACEMENT_3D('',#2448,#1905,#1906);
#1612=AXIS2_PLACEMENT_3D('',#2451,#1907,#1908);
#1613=AXIS2_PLACEMENT_3D('',#2452,#1909,#1910);
#1614=AXIS2_PLACEMENT_3D('',#2453,#1911,#1912);
#1615=AXIS2_PLACEMENT_3D('',#2456,#1913,#1914);
#1616=AXIS2_PLACEMENT_3D('',#2457,#1915,#1916);
#1617=AXIS2_PLACEMENT_3D('',#2460,#1919,#1920);
#1618=AXIS2_PLACEMENT_3D('',#2461,#1921,#1922);
#1619=AXIS2_PLACEMENT_3D('',#2464,#1923,#1924);
#1620=AXIS2_PLACEMENT_3D('',#2465,#1925,#1926);
#1621=AXIS2_PLACEMENT_3D('',#2466,#1927,#1928);
#1622=AXIS2_PLACEMENT_3D('',#2469,#1929,#1930);
#1623=AXIS2_PLACEMENT_3D('',#2470,#1931,#1932);
#1624=AXIS2_PLACEMENT_3D('',#2473,#1935,#1936);
#1625=AXIS2_PLACEMENT_3D('',#2474,#1937,#1938);
#1626=AXIS2_PLACEMENT_3D('',#2477,#1939,#1940);
#1627=AXIS2_PLACEMENT_3D('',#2478,#1941,#1942);
#1628=AXIS2_PLACEMENT_3D('',#2479,#1943,#1944);
#1629=AXIS2_PLACEMENT_3D('',#2482,#1945,#1946);
#1630=AXIS2_PLACEMENT_3D('',#2483,#1947,#1948);
#1631=AXIS2_PLACEMENT_3D('',#2486,#1951,#1952);
#1632=AXIS2_PLACEMENT_3D('',#2487,#1953,#1954);
#1633=AXIS2_PLACEMENT_3D('',#2490,#1955,#1956);
#1634=AXIS2_PLACEMENT_3D('',#2491,#1957,#1958);
#1635=AXIS2_PLACEMENT_3D('',#2492,#1959,#1960);
#1636=AXIS2_PLACEMENT_3D('',#2495,#1961,#1962);
#1637=AXIS2_PLACEMENT_3D('',#2496,#1963,#1964);
#1638=AXIS2_PLACEMENT_3D('',#2499,#1967,#1968);
#1639=AXIS2_PLACEMENT_3D('',#2500,#1969,#1970);
#1640=AXIS2_PLACEMENT_3D('',#2503,#1971,#1972);
#1641=AXIS2_PLACEMENT_3D('',#2504,#1973,#1974);
#1642=AXIS2_PLACEMENT_3D('',#2505,#1975,#1976);
#1643=AXIS2_PLACEMENT_3D('',#2508,#1977,#1978);
#1644=AXIS2_PLACEMENT_3D('',#2509,#1979,#1980);
#1645=AXIS2_PLACEMENT_3D('',#2512,#1983,#1984);
#1646=AXIS2_PLACEMENT_3D('',#2513,#1985,#1986);
#1647=AXIS2_PLACEMENT_3D('',#2516,#1987,#1988);
#1648=AXIS2_PLACEMENT_3D('',#2517,#1989,#1990);
#1649=AXIS2_PLACEMENT_3D('',#2518,#1991,#1992);
#1650=AXIS2_PLACEMENT_3D('',#2521,#1993,#1994);
#1651=AXIS2_PLACEMENT_3D('',#2522,#1995,#1996);
#1652=AXIS2_PLACEMENT_3D('',#2525,#1999,#2000);
#1653=AXIS2_PLACEMENT_3D('',#2526,#2001,#2002);
#1654=AXIS2_PLACEMENT_3D('',#2529,#2003,#2004);
#1655=AXIS2_PLACEMENT_3D('',#2530,#2005,#2006);
#1656=AXIS2_PLACEMENT_3D('',#2531,#2007,#2008);
#1657=AXIS2_PLACEMENT_3D('',#2534,#2009,#2010);
#1658=AXIS2_PLACEMENT_3D('',#2535,#2011,#2012);
#1659=AXIS2_PLACEMENT_3D('',#2538,#2015,#2016);
#1660=AXIS2_PLACEMENT_3D('',#2539,#2017,#2018);
#1661=AXIS2_PLACEMENT_3D('',#2542,#2019,#2020);
#1662=AXIS2_PLACEMENT_3D('',#2543,#2021,#2022);
#1663=AXIS2_PLACEMENT_3D('',#2544,#2023,#2024);
#1664=AXIS2_PLACEMENT_3D('',#2547,#2025,#2026);
#1665=AXIS2_PLACEMENT_3D('',#2548,#2027,#2028);
#1666=AXIS2_PLACEMENT_3D('',#2551,#2031,#2032);
#1667=AXIS2_PLACEMENT_3D('',#2552,#2033,#2034);
#1668=AXIS2_PLACEMENT_3D('',#2555,#2035,#2036);
#1669=AXIS2_PLACEMENT_3D('',#2556,#2037,#2038);
#1670=AXIS2_PLACEMENT_3D('',#2557,#2039,#2040);
#1671=AXIS2_PLACEMENT_3D('',#2560,#2041,#2042);
#1672=AXIS2_PLACEMENT_3D('',#2561,#2043,#2044);
#1673=AXIS2_PLACEMENT_3D('',#2564,#2047,#2048);
#1674=AXIS2_PLACEMENT_3D('',#2565,#2049,#2050);
#1675=AXIS2_PLACEMENT_3D('',#2568,#2051,#2052);
#1676=AXIS2_PLACEMENT_3D('',#2569,#2053,#2054);
#1677=AXIS2_PLACEMENT_3D('',#2570,#2055,#2056);
#1678=AXIS2_PLACEMENT_3D('',#2573,#2057,#2058);
#1679=AXIS2_PLACEMENT_3D('',#2574,#2059,#2060);
#1680=AXIS2_PLACEMENT_3D('',#2577,#2063,#2064);
#1681=AXIS2_PLACEMENT_3D('',#2578,#2065,#2066);
#1682=AXIS2_PLACEMENT_3D('',#2581,#2067,#2068);
#1683=AXIS2_PLACEMENT_3D('',#2582,#2069,#2070);
#1684=AXIS2_PLACEMENT_3D('',#2583,#2071,#2072);
#1685=AXIS2_PLACEMENT_3D('',#2586,#2073,#2074);
#1686=AXIS2_PLACEMENT_3D('',#2587,#2075,#2076);
#1687=AXIS2_PLACEMENT_3D('',#2590,#2079,#2080);
#1688=AXIS2_PLACEMENT_3D('',#2591,#2081,#2082);
#1689=AXIS2_PLACEMENT_3D('',#2594,#2083,#2084);
#1690=AXIS2_PLACEMENT_3D('',#2595,#2085,#2086);
#1691=AXIS2_PLACEMENT_3D('',#2596,#2087,#2088);
#1692=AXIS2_PLACEMENT_3D('',#2599,#2089,#2090);
#1693=AXIS2_PLACEMENT_3D('',#2600,#2091,#2092);
#1694=AXIS2_PLACEMENT_3D('',#2603,#2095,#2096);
#1695=AXIS2_PLACEMENT_3D('',#2604,#2097,#2098);
#1696=AXIS2_PLACEMENT_3D('',#2607,#2099,#2100);
#1697=AXIS2_PLACEMENT_3D('',#2608,#2101,#2102);
#1698=AXIS2_PLACEMENT_3D('',#2609,#2103,#2104);
#1699=AXIS2_PLACEMENT_3D('',#2612,#2105,#2106);
#1700=AXIS2_PLACEMENT_3D('',#2613,#2107,#2108);
#1701=AXIS2_PLACEMENT_3D('',#2616,#2111,#2112);
#1702=AXIS2_PLACEMENT_3D('',#2617,#2113,#2114);
#1703=AXIS2_PLACEMENT_3D('',#2620,#2115,#2116);
#1704=AXIS2_PLACEMENT_3D('',#2621,#2117,#2118);
#1705=AXIS2_PLACEMENT_3D('',#2622,#2119,#2120);
#1706=AXIS2_PLACEMENT_3D('',#2625,#2121,#2122);
#1707=AXIS2_PLACEMENT_3D('',#2626,#2123,#2124);
#1708=AXIS2_PLACEMENT_3D('',#2629,#2127,#2128);
#1709=AXIS2_PLACEMENT_3D('',#2630,#2129,#2130);
#1710=AXIS2_PLACEMENT_3D('',#2633,#2131,#2132);
#1711=AXIS2_PLACEMENT_3D('',#2634,#2133,#2134);
#1712=AXIS2_PLACEMENT_3D('',#2635,#2135,#2136);
#1713=AXIS2_PLACEMENT_3D('',#2638,#2137,#2138);
#1714=AXIS2_PLACEMENT_3D('',#2639,#2139,#2140);
#1715=AXIS2_PLACEMENT_3D('',#2642,#2143,#2144);
#1716=AXIS2_PLACEMENT_3D('',#2643,#2145,#2146);
#1717=AXIS2_PLACEMENT_3D('',#2646,#2147,#2148);
#1718=AXIS2_PLACEMENT_3D('',#2647,#2149,#2150);
#1719=AXIS2_PLACEMENT_3D('',#2648,#2151,#2152);
#1720=AXIS2_PLACEMENT_3D('',#2651,#2153,#2154);
#1721=AXIS2_PLACEMENT_3D('',#2652,#2155,#2156);
#1722=AXIS2_PLACEMENT_3D('',#2655,#2159,#2160);
#1723=AXIS2_PLACEMENT_3D('',#2656,#2161,#2162);
#1724=AXIS2_PLACEMENT_3D('',#2659,#2163,#2164);
#1725=AXIS2_PLACEMENT_3D('',#2660,#2165,#2166);
#1726=AXIS2_PLACEMENT_3D('',#2661,#2167,#2168);
#1727=AXIS2_PLACEMENT_3D('',#2664,#2169,#2170);
#1728=AXIS2_PLACEMENT_3D('',#2665,#2171,#2172);
#1729=AXIS2_PLACEMENT_3D('',#2668,#2175,#2176);
#1730=AXIS2_PLACEMENT_3D('',#2669,#2177,#2178);
#1731=AXIS2_PLACEMENT_3D('',#2672,#2179,#2180);
#1732=AXIS2_PLACEMENT_3D('',#2673,#2181,#2182);
#1733=AXIS2_PLACEMENT_3D('',#2674,#2183,#2184);
#1734=AXIS2_PLACEMENT_3D('',#2677,#2185,#2186);
#1735=AXIS2_PLACEMENT_3D('',#2678,#2187,#2188);
#1736=AXIS2_PLACEMENT_3D('',#2681,#2191,#2192);
#1737=AXIS2_PLACEMENT_3D('',#2682,#2193,#2194);
#1738=AXIS2_PLACEMENT_3D('',#2685,#2195,#2196);
#1739=AXIS2_PLACEMENT_3D('',#2686,#2197,#2198);
#1740=AXIS2_PLACEMENT_3D('',#2687,#2199,#2200);
#1741=AXIS2_PLACEMENT_3D('',#2690,#2201,#2202);
#1742=AXIS2_PLACEMENT_3D('',#2691,#2203,#2204);
#1743=AXIS2_PLACEMENT_3D('',#2694,#2207,#2208);
#1744=AXIS2_PLACEMENT_3D('',#2695,#2209,#2210);
#1745=AXIS2_PLACEMENT_3D('',#2698,#2211,#2212);
#1746=AXIS2_PLACEMENT_3D('',#2699,#2213,#2214);
#1747=AXIS2_PLACEMENT_3D('',#2700,#2215,#2216);
#1748=AXIS2_PLACEMENT_3D('',#2703,#2217,#2218);
#1749=AXIS2_PLACEMENT_3D('',#2704,#2219,#2220);
#1750=AXIS2_PLACEMENT_3D('',#2707,#2223,#2224);
#1751=AXIS2_PLACEMENT_3D('',#2708,#2225,#2226);
#1752=AXIS2_PLACEMENT_3D('',#2711,#2227,#2228);
#1753=AXIS2_PLACEMENT_3D('',#2712,#2229,#2230);
#1754=AXIS2_PLACEMENT_3D('',#2713,#2231,#2232);
#1755=AXIS2_PLACEMENT_3D('',#2716,#2233,#2234);
#1756=AXIS2_PLACEMENT_3D('',#2717,#2235,#2236);
#1757=AXIS2_PLACEMENT_3D('',#2720,#2239,#2240);
#1758=AXIS2_PLACEMENT_3D('',#2721,#2241,#2242);
#1759=AXIS2_PLACEMENT_3D('',#2724,#2243,#2244);
#1760=AXIS2_PLACEMENT_3D('',#2725,#2245,#2246);
#1761=AXIS2_PLACEMENT_3D('',#2726,#2247,#2248);
#1762=AXIS2_PLACEMENT_3D('',#2729,#2249,#2250);
#1763=AXIS2_PLACEMENT_3D('',#2730,#2251,#2252);
#1764=AXIS2_PLACEMENT_3D('',#2733,#2255,#2256);
#1765=AXIS2_PLACEMENT_3D('',#2734,#2257,#2258);
#1766=AXIS2_PLACEMENT_3D('',#2737,#2259,#2260);
#1767=AXIS2_PLACEMENT_3D('',#2738,#2261,#2262);
#1768=AXIS2_PLACEMENT_3D('',#2739,#2263,#2264);
#1769=AXIS2_PLACEMENT_3D('',#2742,#2265,#2266);
#1770=AXIS2_PLACEMENT_3D('',#2743,#2267,#2268);
#1771=AXIS2_PLACEMENT_3D('',#2746,#2271,#2272);
#1772=AXIS2_PLACEMENT_3D('',#2747,#2273,#2274);
#1773=AXIS2_PLACEMENT_3D('',#2750,#2275,#2276);
#1774=AXIS2_PLACEMENT_3D('',#2751,#2277,#2278);
#1775=AXIS2_PLACEMENT_3D('',#2752,#2279,#2280);
#1776=AXIS2_PLACEMENT_3D('',#2755,#2281,#2282);
#1777=AXIS2_PLACEMENT_3D('',#2756,#2283,#2284);
#1778=AXIS2_PLACEMENT_3D('',#2759,#2287,#2288);
#1779=AXIS2_PLACEMENT_3D('',#2760,#2289,#2290);
#1780=AXIS2_PLACEMENT_3D('',#2763,#2291,#2292);
#1781=AXIS2_PLACEMENT_3D('',#2764,#2293,#2294);
#1782=AXIS2_PLACEMENT_3D('',#2765,#2295,#2296);
#1783=AXIS2_PLACEMENT_3D('',#2768,#2297,#2298);
#1784=AXIS2_PLACEMENT_3D('',#2769,#2299,#2300);
#1785=AXIS2_PLACEMENT_3D('',#2772,#2303,#2304);
#1786=AXIS2_PLACEMENT_3D('',#2773,#2305,#2306);
#1787=AXIS2_PLACEMENT_3D('',#2776,#2307,#2308);
#1788=AXIS2_PLACEMENT_3D('',#2777,#2309,#2310);
#1789=AXIS2_PLACEMENT_3D('',#2778,#2311,#2312);
#1790=AXIS2_PLACEMENT_3D('',#2781,#2313,#2314);
#1791=AXIS2_PLACEMENT_3D('',#2782,#2315,#2316);
#1792=AXIS2_PLACEMENT_3D('',#2785,#2319,#2320);
#1793=AXIS2_PLACEMENT_3D('',#2792,#2321,#2322);
#1794=AXIS2_PLACEMENT_3D('',#2793,#2323,#2324);
#1795=AXIS2_PLACEMENT_3D('',#2794,#2325,#2326);
#1796=AXIS2_PLACEMENT_3D('',#2801,#2327,#2328);
#1797=AXIS2_PLACEMENT_3D('',#2804,#2331,#2332);
#1798=AXIS2_PLACEMENT_3D('',#2805,#2333,#2334);
#1799=AXIS2_PLACEMENT_3D('',#2807,#2335,#2336);
#1800=AXIS2_PLACEMENT_3D('',#2809,#2337,#2338);
#1801=AXIS2_PLACEMENT_3D('',#2810,#2339,#2340);
#1802=AXIS2_PLACEMENT_3D('',#2812,#2341,#2342);
#1803=AXIS2_PLACEMENT_3D('',#2814,#2343,#2344);
#1804=AXIS2_PLACEMENT_3D('',#2815,#2345,#2346);
#1805=AXIS2_PLACEMENT_3D('',#2817,#2347,#2348);
#1806=AXIS2_PLACEMENT_3D('',#2818,#2349,#2350);
#1807=AXIS2_PLACEMENT_3D('',#2820,#2351,#2352);
#1808=AXIS2_PLACEMENT_3D('',#2824,#2354,#2355);
#1809=AXIS2_PLACEMENT_3D('',#2828,#2357,#2358);
#1810=AXIS2_PLACEMENT_3D('',#2829,#2359,#2360);
#1811=AXIS2_PLACEMENT_3D('',#2831,#2361,#2362);
#1812=AXIS2_PLACEMENT_3D('',#2832,#2363,#2364);
#1813=AXIS2_PLACEMENT_3D('',#2833,#2365,#2366);
#1814=AXIS2_PLACEMENT_3D('',#2835,#2367,#2368);
#1815=AXIS2_PLACEMENT_3D('',#2836,#2369,#2370);
#1816=AXIS2_PLACEMENT_3D('',#2837,#2371,#2372);
#1817=AXIS2_PLACEMENT_3D('',#2838,#2373,#2374);
#1818=AXIS2_PLACEMENT_3D('',#2839,#2375,#2376);
#1819=AXIS2_PLACEMENT_3D('',#2840,#2377,#2378);
#1820=AXIS2_PLACEMENT_3D('',#2841,#2379,#2380);
#1821=DIRECTION('',(0.,0.,1.));
#1822=DIRECTION('',(1.,0.,0.));
#1823=DIRECTION('',(-1.,0.,0.));
#1824=DIRECTION('',(0.,-0.189247371783824,0.981929443632746));
#1825=DIRECTION('',(-1.,0.,0.));
#1826=DIRECTION('',(0.,0.,1.));
#1827=DIRECTION('',(-1.,0.,0.));
#1828=DIRECTION('',(0.,-0.189247371783824,0.981929443632746));
#1829=DIRECTION('',(1.,0.,0.));
#1830=DIRECTION('',(0.,0.189247371783824,-0.981929443632746));
#1831=DIRECTION('',(-1.,0.,0.));
#1832=DIRECTION('',(0.,-0.189247371783824,0.981929443632746));
#1833=DIRECTION('',(1.,0.,0.));
#1834=DIRECTION('',(0.,0.,-1.));
#1835=DIRECTION('',(-1.,0.,0.));
#1836=DIRECTION('',(0.,-0.189247371783824,0.981929443632746));
#1837=DIRECTION('',(-1.,0.,0.));
#1838=DIRECTION('',(-1.,0.,0.));
#1839=DIRECTION('',(-1.,0.,0.));
#1840=DIRECTION('',(0.,-0.371656549436813,0.928370297489489));
#1841=DIRECTION('',(-1.,0.,0.));
#1842=DIRECTION('',(0.,0.,1.));
#1843=DIRECTION('',(-1.,0.,0.));
#1844=DIRECTION('',(0.,-0.371656549436813,0.928370297489489));
#1845=DIRECTION('',(1.,0.,0.));
#1846=DIRECTION('',(0.,0.371656549436813,-0.928370297489489));
#1847=DIRECTION('',(-1.,0.,0.));
#1848=DIRECTION('',(0.,-0.371656549436813,0.928370297489489));
#1849=DIRECTION('',(1.,0.,0.));
#1850=DIRECTION('',(0.,0.,-1.));
#1851=DIRECTION('',(-1.,0.,0.));
#1852=DIRECTION('',(0.,-0.371656549436813,0.928370297489489));
#1853=DIRECTION('',(-1.,0.,0.));
#1854=DIRECTION('',(-1.,0.,0.));
#1855=DIRECTION('',(-1.,0.,0.));
#1856=DIRECTION('',(0.,-0.540634538688909,0.841257567916409));
#1857=DIRECTION('',(-1.,0.,0.));
#1858=DIRECTION('',(0.,0.,1.));
#1859=DIRECTION('',(-1.,0.,0.));
#1860=DIRECTION('',(0.,-0.540634538688909,0.841257567916409));
#1861=DIRECTION('',(1.,0.,0.));
#1862=DIRECTION('',(0.,0.540634538688909,-0.841257567916409));
#1863=DIRECTION('',(-1.,0.,0.));
#1864=DIRECTION('',(0.,-0.540634538688909,0.841257567916409));
#1865=DIRECTION('',(1.,0.,0.));
#1866=DIRECTION('',(0.,0.,-1.));
#1867=DIRECTION('',(-1.,0.,0.));
#1868=DIRECTION('',(0.,-0.540634538688909,0.841257567916409));
#1869=DIRECTION('',(-1.,0.,0.));
#1870=DIRECTION('',(-1.,0.,0.));
#1871=DIRECTION('',(-1.,0.,0.));
#1872=DIRECTION('',(0.,-0.690073612516485,0.723739185969952));
#1873=DIRECTION('',(-1.,0.,0.));
#1874=DIRECTION('',(0.,0.,1.));
#1875=DIRECTION('',(-1.,0.,0.));
#1876=DIRECTION('',(0.,-0.690073612516485,0.723739185969952));
#1877=DIRECTION('',(1.,0.,0.));
#1878=DIRECTION('',(0.,0.690073612516485,-0.723739185969952));
#1879=DIRECTION('',(-1.,0.,0.));
#1880=DIRECTION('',(0.,-0.690073612516485,0.723739185969952));
#1881=DIRECTION('',(1.,0.,0.));
#1882=DIRECTION('',(0.,0.,-1.));
#1883=DIRECTION('',(-1.,0.,0.));
#1884=DIRECTION('',(0.,-0.690073612516485,0.723739185969952));
#1885=DIRECTION('',(-1.,0.,0.));
#1886=DIRECTION('',(-1.,0.,0.));
#1887=DIRECTION('',(-1.,0.,0.));
#1888=DIRECTION('',(0.,-0.81457214627374,0.580062253999511));
#1889=DIRECTION('',(-1.,0.,0.));
#1890=DIRECTION('',(0.,0.,1.));
#1891=DIRECTION('',(-1.,0.,0.));
#1892=DIRECTION('',(0.,-0.81457214627374,0.580062253999511));
#1893=DIRECTION('',(1.,0.,0.));
#1894=DIRECTION('',(0.,0.81457214627374,-0.580062253999511));
#1895=DIRECTION('',(-1.,0.,0.));
#1896=DIRECTION('',(0.,-0.81457214627374,0.580062253999511));
#1897=DIRECTION('',(1.,0.,0.));
#1898=DIRECTION('',(0.,0.,-1.));
#1899=DIRECTION('',(-1.,0.,0.));
#1900=DIRECTION('',(0.,-0.81457214627374,0.580062253999511));
#1901=DIRECTION('',(-1.,0.,0.));
#1902=DIRECTION('',(-1.,0.,0.));
#1903=DIRECTION('',(-1.,0.,0.));
#1904=DIRECTION('',(0.,-0.909629927621317,0.415419540676214));
#1905=DIRECTION('',(-1.,0.,0.));
#1906=DIRECTION('',(0.,0.,1.));
#1907=DIRECTION('',(-1.,0.,0.));
#1908=DIRECTION('',(0.,-0.909629927621317,0.415419540676214));
#1909=DIRECTION('',(1.,0.,0.));
#1910=DIRECTION('',(0.,0.909629927621317,-0.415419540676214));
#1911=DIRECTION('',(-1.,0.,0.));
#1912=DIRECTION('',(0.,-0.909629927621317,0.415419540676214));
#1913=DIRECTION('',(1.,0.,0.));
#1914=DIRECTION('',(0.,0.,-1.));
#1915=DIRECTION('',(-1.,0.,0.));
#1916=DIRECTION('',(0.,-0.909629927621317,0.415419540676214));
#1917=DIRECTION('',(-1.,0.,0.));
#1918=DIRECTION('',(-1.,0.,0.));
#1919=DIRECTION('',(-1.,0.,0.));
#1920=DIRECTION('',(0.,-0.971810879937649,0.235761773056644));
#1921=DIRECTION('',(-1.,0.,0.));
#1922=DIRECTION('',(0.,0.,1.));
#1923=DIRECTION('',(-1.,0.,0.));
#1924=DIRECTION('',(0.,-0.971810879937649,0.235761773056644));
#1925=DIRECTION('',(1.,0.,0.));
#1926=DIRECTION('',(0.,0.971810879937649,-0.235761773056644));
#1927=DIRECTION('',(-1.,0.,0.));
#1928=DIRECTION('',(0.,-0.971810879937649,0.235761773056644));
#1929=DIRECTION('',(1.,0.,0.));
#1930=DIRECTION('',(0.,0.,-1.));
#1931=DIRECTION('',(-1.,0.,0.));
#1932=DIRECTION('',(0.,-0.971810879937649,0.235761773056644));
#1933=DIRECTION('',(-1.,0.,0.));
#1934=DIRECTION('',(-1.,0.,0.));
#1935=DIRECTION('',(-1.,0.,0.));
#1936=DIRECTION('',(0.,-0.998867310690811,0.0475825139447886));
#1937=DIRECTION('',(-1.,0.,0.));
#1938=DIRECTION('',(0.,0.,1.));
#1939=DIRECTION('',(-1.,0.,0.));
#1940=DIRECTION('',(0.,-0.998867310690811,0.0475825139447886));
#1941=DIRECTION('',(1.,0.,0.));
#1942=DIRECTION('',(0.,0.998867310690811,-0.0475825139447886));
#1943=DIRECTION('',(-1.,0.,0.));
#1944=DIRECTION('',(0.,-0.998867310690811,0.0475825139447886));
#1945=DIRECTION('',(1.,0.,0.));
#1946=DIRECTION('',(0.,0.,-1.));
#1947=DIRECTION('',(-1.,0.,0.));
#1948=DIRECTION('',(0.,-0.998867310690811,0.0475825139447886));
#1949=DIRECTION('',(-1.,0.,0.));
#1950=DIRECTION('',(-1.,0.,0.));
#1951=DIRECTION('',(-1.,0.,0.));
#1952=DIRECTION('',(0.,-0.989821189278582,-0.142316595150153));
#1953=DIRECTION('',(-1.,0.,0.));
#1954=DIRECTION('',(0.,0.,1.));
#1955=DIRECTION('',(-1.,0.,0.));
#1956=DIRECTION('',(0.,-0.989821189278582,-0.142316595150153));
#1957=DIRECTION('',(1.,0.,0.));
#1958=DIRECTION('',(0.,0.989821189278582,0.142316595150153));
#1959=DIRECTION('',(-1.,0.,0.));
#1960=DIRECTION('',(0.,-0.989821189278582,-0.142316595150153));
#1961=DIRECTION('',(1.,0.,0.));
#1962=DIRECTION('',(0.,0.,-1.));
#1963=DIRECTION('',(-1.,0.,0.));
#1964=DIRECTION('',(0.,-0.989821189278582,-0.142316595150153));
#1965=DIRECTION('',(-1.,0.,0.));
#1966=DIRECTION('',(-1.,0.,0.));
#1967=DIRECTION('',(-1.,0.,0.));
#1968=DIRECTION('',(0.,-0.944999513501262,-0.327071734459549));
#1969=DIRECTION('',(-1.,0.,0.));
#1970=DIRECTION('',(0.,0.,1.));
#1971=DIRECTION('',(-1.,0.,0.));
#1972=DIRECTION('',(0.,-0.944999513501262,-0.327071734459549));
#1973=DIRECTION('',(1.,0.,0.));
#1974=DIRECTION('',(0.,0.944999513501262,0.327071734459549));
#1975=DIRECTION('',(-1.,0.,0.));
#1976=DIRECTION('',(0.,-0.944999513501262,-0.327071734459549));
#1977=DIRECTION('',(1.,0.,0.));
#1978=DIRECTION('',(0.,0.,-1.));
#1979=DIRECTION('',(-1.,0.,0.));
#1980=DIRECTION('',(0.,-0.944999513501262,-0.327071734459549));
#1981=DIRECTION('',(-1.,0.,0.));
#1982=DIRECTION('',(-1.,0.,0.));
#1983=DIRECTION('',(-1.,0.,0.));
#1984=DIRECTION('',(0.,-0.866022485002927,-0.500005055443798));
#1985=DIRECTION('',(-1.,0.,0.));
#1986=DIRECTION('',(0.,0.,1.));
#1987=DIRECTION('',(-1.,0.,0.));
#1988=DIRECTION('',(0.,-0.866022485002927,-0.500005055443798));
#1989=DIRECTION('',(1.,0.,0.));
#1990=DIRECTION('',(0.,0.866022485002927,0.500005055443798));
#1991=DIRECTION('',(-1.,0.,0.));
#1992=DIRECTION('',(0.,-0.866022485002927,-0.500005055443798));
#1993=DIRECTION('',(1.,0.,0.));
#1994=DIRECTION('',(0.,0.,-1.));
#1995=DIRECTION('',(-1.,0.,0.));
#1996=DIRECTION('',(0.,-0.866022485002927,-0.500005055443798));
#1997=DIRECTION('',(-1.,0.,0.));
#1998=DIRECTION('',(-1.,0.,0.));
#1999=DIRECTION('',(-1.,0.,0.));
#2000=DIRECTION('',(0.,-0.755744921530036,-0.654866103552138));
#2001=DIRECTION('',(-1.,0.,0.));
#2002=DIRECTION('',(0.,0.,1.));
#2003=DIRECTION('',(-1.,0.,0.));
#2004=DIRECTION('',(0.,-0.755744921530036,-0.654866103552138));
#2005=DIRECTION('',(1.,0.,0.));
#2006=DIRECTION('',(0.,0.755744921530036,0.654866103552138));
#2007=DIRECTION('',(-1.,0.,0.));
#2008=DIRECTION('',(0.,-0.755744921530036,-0.654866103552138));
#2009=DIRECTION('',(1.,0.,0.));
#2010=DIRECTION('',(0.,0.,-1.));
#2011=DIRECTION('',(-1.,0.,0.));
#2012=DIRECTION('',(0.,-0.755744921530036,-0.654866103552138));
#2013=DIRECTION('',(-1.,0.,0.));
#2014=DIRECTION('',(-1.,0.,0.));
#2015=DIRECTION('',(-1.,0.,0.));
#2016=DIRECTION('',(0.,-0.618153025875207,-0.786057781973645));
#2017=DIRECTION('',(-1.,0.,0.));
#2018=DIRECTION('',(0.,0.,1.));
#2019=DIRECTION('',(-1.,0.,0.));
#2020=DIRECTION('',(0.,-0.618153025875207,-0.786057781973645));
#2021=DIRECTION('',(1.,0.,0.));
#2022=DIRECTION('',(0.,0.618153025875207,0.786057781973645));
#2023=DIRECTION('',(-1.,0.,0.));
#2024=DIRECTION('',(0.,-0.618153025875207,-0.786057781973645));
#2025=DIRECTION('',(1.,0.,0.));
#2026=DIRECTION('',(0.,0.,-1.));
#2027=DIRECTION('',(-1.,0.,0.));
#2028=DIRECTION('',(0.,-0.618153025875207,-0.786057781973645));
#2029=DIRECTION('',(-1.,0.,0.));
#2030=DIRECTION('',(-1.,0.,0.));
#2031=DIRECTION('',(-1.,0.,0.));
#2032=DIRECTION('',(0.,-0.458220246623683,-0.888838683667701));
#2033=DIRECTION('',(-1.,0.,0.));
#2034=DIRECTION('',(0.,0.,1.));
#2035=DIRECTION('',(-1.,0.,0.));
#2036=DIRECTION('',(0.,-0.458220246623683,-0.888838683667701));
#2037=DIRECTION('',(1.,0.,0.));
#2038=DIRECTION('',(0.,0.458220246623683,0.888838683667701));
#2039=DIRECTION('',(-1.,0.,0.));
#2040=DIRECTION('',(0.,-0.458220246623683,-0.888838683667701));
#2041=DIRECTION('',(1.,0.,0.));
#2042=DIRECTION('',(0.,0.,-1.));
#2043=DIRECTION('',(-1.,0.,0.));
#2044=DIRECTION('',(0.,-0.458220246623683,-0.888838683667701));
#2045=DIRECTION('',(-1.,0.,0.));
#2046=DIRECTION('',(-1.,0.,0.));
#2047=DIRECTION('',(-1.,0.,0.));
#2048=DIRECTION('',(0.,-0.281727445809154,-0.959494474334193));
#2049=DIRECTION('',(-1.,0.,0.));
#2050=DIRECTION('',(0.,0.,1.));
#2051=DIRECTION('',(-1.,0.,0.));
#2052=DIRECTION('',(0.,-0.281727445809154,-0.959494474334193));
#2053=DIRECTION('',(1.,0.,0.));
#2054=DIRECTION('',(0.,0.281727445809154,0.959494474334193));
#2055=DIRECTION('',(-1.,0.,0.));
#2056=DIRECTION('',(0.,-0.281727445809154,-0.959494474334193));
#2057=DIRECTION('',(1.,0.,0.));
#2058=DIRECTION('',(0.,0.,-1.));
#2059=DIRECTION('',(-1.,0.,0.));
#2060=DIRECTION('',(0.,-0.281727445809154,-0.959494474334193));
#2061=DIRECTION('',(-1.,0.,0.));
#2062=DIRECTION('',(-1.,0.,0.));
#2063=DIRECTION('',(-1.,0.,0.));
#2064=DIRECTION('',(0.,-0.0950538797256691,-0.995472129167411));
#2065=DIRECTION('',(-1.,0.,0.));
#2066=DIRECTION('',(0.,0.,1.));
#2067=DIRECTION('',(-1.,0.,0.));
#2068=DIRECTION('',(0.,-0.0950538797256691,-0.995472129167411));
#2069=DIRECTION('',(1.,0.,0.));
#2070=DIRECTION('',(0.,0.0950538797256691,0.995472129167411));
#2071=DIRECTION('',(-1.,0.,0.));
#2072=DIRECTION('',(0.,-0.0950538797256691,-0.995472129167411));
#2073=DIRECTION('',(1.,0.,0.));
#2074=DIRECTION('',(0.,0.,-1.));
#2075=DIRECTION('',(-1.,0.,0.));
#2076=DIRECTION('',(0.,-0.0950538797256691,-0.995472129167411));
#2077=DIRECTION('',(-1.,0.,0.));
#2078=DIRECTION('',(-1.,0.,0.));
#2079=DIRECTION('',(-1.,0.,0.));
#2080=DIRECTION('',(0.,0.095053876977394,-0.995472129429833));
#2081=DIRECTION('',(-1.,0.,0.));
#2082=DIRECTION('',(0.,0.,1.));
#2083=DIRECTION('',(-1.,0.,0.));
#2084=DIRECTION('',(0.,0.095053876977394,-0.995472129429833));
#2085=DIRECTION('',(1.,0.,0.));
#2086=DIRECTION('',(0.,-0.095053876977394,0.995472129429833));
#2087=DIRECTION('',(-1.,0.,0.));
#2088=DIRECTION('',(0.,0.095053876977394,-0.995472129429833));
#2089=DIRECTION('',(1.,0.,0.));
#2090=DIRECTION('',(0.,0.,-1.));
#2091=DIRECTION('',(-1.,0.,0.));
#2092=DIRECTION('',(0.,0.095053876977394,-0.995472129429833));
#2093=DIRECTION('',(-1.,0.,0.));
#2094=DIRECTION('',(-1.,0.,0.));
#2095=DIRECTION('',(-1.,0.,0.));
#2096=DIRECTION('',(0.,0.281727443160209,-0.959494475111978));
#2097=DIRECTION('',(-1.,0.,0.));
#2098=DIRECTION('',(0.,0.,1.));
#2099=DIRECTION('',(-1.,0.,0.));
#2100=DIRECTION('',(0.,0.281727443160209,-0.959494475111978));
#2101=DIRECTION('',(1.,0.,0.));
#2102=DIRECTION('',(0.,-0.281727443160209,0.959494475111978));
#2103=DIRECTION('',(-1.,0.,0.));
#2104=DIRECTION('',(0.,0.281727443160209,-0.959494475111978));
#2105=DIRECTION('',(1.,0.,0.));
#2106=DIRECTION('',(0.,0.,-1.));
#2107=DIRECTION('',(-1.,0.,0.));
#2108=DIRECTION('',(0.,0.281727443160209,-0.959494475111978));
#2109=DIRECTION('',(-1.,0.,0.));
#2110=DIRECTION('',(-1.,0.,0.));
#2111=DIRECTION('',(-1.,0.,0.));
#2112=DIRECTION('',(0.,0.4582202441698,-0.888838684932743));
#2113=DIRECTION('',(-1.,0.,0.));
#2114=DIRECTION('',(0.,0.,1.));
#2115=DIRECTION('',(-1.,0.,0.));
#2116=DIRECTION('',(0.,0.4582202441698,-0.888838684932743));
#2117=DIRECTION('',(1.,0.,0.));
#2118=DIRECTION('',(0.,-0.4582202441698,0.888838684932743));
#2119=DIRECTION('',(-1.,0.,0.));
#2120=DIRECTION('',(0.,0.4582202441698,-0.888838684932743));
#2121=DIRECTION('',(1.,0.,0.));
#2122=DIRECTION('',(0.,0.,-1.));
#2123=DIRECTION('',(-1.,0.,0.));
#2124=DIRECTION('',(0.,0.4582202441698,-0.888838684932743));
#2125=DIRECTION('',(-1.,0.,0.));
#2126=DIRECTION('',(-1.,0.,0.));
#2127=DIRECTION('',(-1.,0.,0.));
#2128=DIRECTION('',(0.,0.618153023705082,-0.786057783680223));
#2129=DIRECTION('',(-1.,0.,0.));
#2130=DIRECTION('',(0.,0.,1.));
#2131=DIRECTION('',(-1.,0.,0.));
#2132=DIRECTION('',(0.,0.618153023705082,-0.786057783680223));
#2133=DIRECTION('',(1.,0.,0.));
#2134=DIRECTION('',(0.,-0.618153023705082,0.786057783680223));
#2135=DIRECTION('',(-1.,0.,0.));
#2136=DIRECTION('',(0.,0.618153023705082,-0.786057783680223));
#2137=DIRECTION('',(1.,0.,0.));
#2138=DIRECTION('',(0.,0.,-1.));
#2139=DIRECTION('',(-1.,0.,0.));
#2140=DIRECTION('',(0.,0.618153023705082,-0.786057783680223));
#2141=DIRECTION('',(-1.,0.,0.));
#2142=DIRECTION('',(-1.,0.,0.));
#2143=DIRECTION('',(-1.,0.,0.));
#2144=DIRECTION('',(0.,0.7557449197221,-0.654866105638577));
#2145=DIRECTION('',(-1.,0.,0.));
#2146=DIRECTION('',(0.,0.,1.));
#2147=DIRECTION('',(-1.,0.,0.));
#2148=DIRECTION('',(0.,0.7557449197221,-0.654866105638577));
#2149=DIRECTION('',(1.,0.,0.));
#2150=DIRECTION('',(0.,-0.7557449197221,0.654866105638577));
#2151=DIRECTION('',(-1.,0.,0.));
#2152=DIRECTION('',(0.,0.7557449197221,-0.654866105638577));
#2153=DIRECTION('',(1.,0.,0.));
#2154=DIRECTION('',(0.,0.,-1.));
#2155=DIRECTION('',(-1.,0.,0.));
#2156=DIRECTION('',(0.,0.7557449197221,-0.654866105638577));
#2157=DIRECTION('',(-1.,0.,0.));
#2158=DIRECTION('',(-1.,0.,0.));
#2159=DIRECTION('',(-1.,0.,0.));
#2160=DIRECTION('',(0.,0.866022483622525,-0.500005057834692));
#2161=DIRECTION('',(-1.,0.,0.));
#2162=DIRECTION('',(0.,0.,1.));
#2163=DIRECTION('',(-1.,0.,0.));
#2164=DIRECTION('',(0.,0.866022483622525,-0.500005057834692));
#2165=DIRECTION('',(1.,0.,0.));
#2166=DIRECTION('',(0.,-0.866022483622525,0.500005057834692));
#2167=DIRECTION('',(-1.,0.,0.));
#2168=DIRECTION('',(0.,0.866022483622525,-0.500005057834692));
#2169=DIRECTION('',(1.,0.,0.));
#2170=DIRECTION('',(0.,0.,-1.));
#2171=DIRECTION('',(-1.,0.,0.));
#2172=DIRECTION('',(0.,0.866022483622525,-0.500005057834692));
#2173=DIRECTION('',(-1.,0.,0.));
#2174=DIRECTION('',(-1.,0.,0.));
#2175=DIRECTION('',(-1.,0.,0.));
#2176=DIRECTION('',(0.,0.94499951259829,-0.327071737068482));
#2177=DIRECTION('',(-1.,0.,0.));
#2178=DIRECTION('',(0.,0.,1.));
#2179=DIRECTION('',(-1.,0.,0.));
#2180=DIRECTION('',(0.,0.94499951259829,-0.327071737068482));
#2181=DIRECTION('',(1.,0.,0.));
#2182=DIRECTION('',(0.,-0.94499951259829,0.327071737068482));
#2183=DIRECTION('',(-1.,0.,0.));
#2184=DIRECTION('',(0.,0.94499951259829,-0.327071737068482));
#2185=DIRECTION('',(1.,0.,0.));
#2186=DIRECTION('',(0.,0.,-1.));
#2187=DIRECTION('',(-1.,0.,0.));
#2188=DIRECTION('',(0.,0.94499951259829,-0.327071737068482));
#2189=DIRECTION('',(-1.,0.,0.));
#2190=DIRECTION('',(-1.,0.,0.));
#2191=DIRECTION('',(-1.,0.,0.));
#2192=DIRECTION('',(0.,0.98982118888568,-0.142316597882818));
#2193=DIRECTION('',(-1.,0.,0.));
#2194=DIRECTION('',(0.,0.,1.));
#2195=DIRECTION('',(-1.,0.,0.));
#2196=DIRECTION('',(0.,0.98982118888568,-0.142316597882818));
#2197=DIRECTION('',(1.,0.,0.));
#2198=DIRECTION('',(0.,-0.98982118888568,0.142316597882818));
#2199=DIRECTION('',(-1.,0.,0.));
#2200=DIRECTION('',(0.,0.98982118888568,-0.142316597882818));
#2201=DIRECTION('',(1.,0.,0.));
#2202=DIRECTION('',(0.,0.,-1.));
#2203=DIRECTION('',(-1.,0.,0.));
#2204=DIRECTION('',(0.,0.98982118888568,-0.142316597882818));
#2205=DIRECTION('',(-1.,0.,0.));
#2206=DIRECTION('',(-1.,0.,0.));
#2207=DIRECTION('',(-1.,0.,0.));
#2208=DIRECTION('',(0.,0.998867310822176,0.0475825111871399));
#2209=DIRECTION('',(-1.,0.,0.));
#2210=DIRECTION('',(0.,0.,1.));
#2211=DIRECTION('',(-1.,0.,0.));
#2212=DIRECTION('',(0.,0.998867310822176,0.0475825111871399));
#2213=DIRECTION('',(1.,0.,0.));
#2214=DIRECTION('',(0.,-0.998867310822176,-0.0475825111871399));
#2215=DIRECTION('',(-1.,0.,0.));
#2216=DIRECTION('',(0.,0.998867310822176,0.0475825111871399));
#2217=DIRECTION('',(1.,0.,0.));
#2218=DIRECTION('',(0.,0.,-1.));
#2219=DIRECTION('',(-1.,0.,0.));
#2220=DIRECTION('',(0.,0.998867310822176,0.0475825111871399));
#2221=DIRECTION('',(-1.,0.,0.));
#2222=DIRECTION('',(-1.,0.,0.));
#2223=DIRECTION('',(-1.,0.,0.));
#2224=DIRECTION('',(0.,0.97181088058853,0.235761770373708));
#2225=DIRECTION('',(-1.,0.,0.));
#2226=DIRECTION('',(0.,0.,1.));
#2227=DIRECTION('',(-1.,0.,0.));
#2228=DIRECTION('',(0.,0.97181088058853,0.235761770373708));
#2229=DIRECTION('',(1.,0.,0.));
#2230=DIRECTION('',(0.,-0.97181088058853,-0.235761770373708));
#2231=DIRECTION('',(-1.,0.,0.));
#2232=DIRECTION('',(0.,0.97181088058853,0.235761770373708));
#2233=DIRECTION('',(1.,0.,0.));
#2234=DIRECTION('',(0.,0.,-1.));
#2235=DIRECTION('',(-1.,0.,0.));
#2236=DIRECTION('',(0.,0.97181088058853,0.235761770373708));
#2237=DIRECTION('',(-1.,0.,0.));
#2238=DIRECTION('',(-1.,0.,0.));
#2239=DIRECTION('',(-1.,0.,0.));
#2240=DIRECTION('',(0.,0.909629928768196,0.415419538164934));
#2241=DIRECTION('',(-1.,0.,0.));
#2242=DIRECTION('',(0.,0.,1.));
#2243=DIRECTION('',(-1.,0.,0.));
#2244=DIRECTION('',(0.,0.909629928768196,0.415419538164934));
#2245=DIRECTION('',(1.,0.,0.));
#2246=DIRECTION('',(0.,-0.909629928768196,-0.415419538164934));
#2247=DIRECTION('',(-1.,0.,0.));
#2248=DIRECTION('',(0.,0.909629928768196,0.415419538164934));
#2249=DIRECTION('',(1.,0.,0.));
#2250=DIRECTION('',(0.,0.,-1.));
#2251=DIRECTION('',(-1.,0.,0.));
#2252=DIRECTION('',(0.,0.909629928768196,0.415419538164934));
#2253=DIRECTION('',(-1.,0.,0.));
#2254=DIRECTION('',(-1.,0.,0.));
#2255=DIRECTION('',(-1.,0.,0.));
#2256=DIRECTION('',(0.,0.814572147875156,0.580062251750668));
#2257=DIRECTION('',(-1.,0.,0.));
#2258=DIRECTION('',(0.,0.,1.));
#2259=DIRECTION('',(-1.,0.,0.));
#2260=DIRECTION('',(0.,0.814572147875156,0.580062251750668));
#2261=DIRECTION('',(1.,0.,0.));
#2262=DIRECTION('',(0.,-0.814572147875156,-0.580062251750668));
#2263=DIRECTION('',(-1.,0.,0.));
#2264=DIRECTION('',(0.,0.814572147875156,0.580062251750668));
#2265=DIRECTION('',(1.,0.,0.));
#2266=DIRECTION('',(0.,0.,-1.));
#2267=DIRECTION('',(-1.,0.,0.));
#2268=DIRECTION('',(0.,0.814572147875156,0.580062251750668));
#2269=DIRECTION('',(-1.,0.,0.));
#2270=DIRECTION('',(-1.,0.,0.));
#2271=DIRECTION('',(-1.,0.,0.));
#2272=DIRECTION('',(0.,0.690073614514566,0.723739184064813));
#2273=DIRECTION('',(-1.,0.,0.));
#2274=DIRECTION('',(0.,0.,1.));
#2275=DIRECTION('',(-1.,0.,0.));
#2276=DIRECTION('',(0.,0.690073614514566,0.723739184064813));
#2277=DIRECTION('',(1.,0.,0.));
#2278=DIRECTION('',(0.,-0.690073614514566,-0.723739184064813));
#2279=DIRECTION('',(-1.,0.,0.));
#2280=DIRECTION('',(0.,0.690073614514566,0.723739184064813));
#2281=DIRECTION('',(1.,0.,0.));
#2282=DIRECTION('',(0.,0.,-1.));
#2283=DIRECTION('',(-1.,0.,0.));
#2284=DIRECTION('',(0.,0.690073614514566,0.723739184064813));
#2285=DIRECTION('',(-1.,0.,0.));
#2286=DIRECTION('',(-1.,0.,0.));
#2287=DIRECTION('',(-1.,0.,0.));
#2288=DIRECTION('',(0.,0.540634541011499,0.841257566423795));
#2289=DIRECTION('',(-1.,0.,0.));
#2290=DIRECTION('',(0.,0.,1.));
#2291=DIRECTION('',(-1.,0.,0.));
#2292=DIRECTION('',(0.,0.540634541011499,0.841257566423795));
#2293=DIRECTION('',(1.,0.,0.));
#2294=DIRECTION('',(0.,-0.540634541011499,-0.841257566423795));
#2295=DIRECTION('',(-1.,0.,0.));
#2296=DIRECTION('',(0.,0.540634541011499,0.841257566423795));
#2297=DIRECTION('',(1.,0.,0.));
#2298=DIRECTION('',(0.,0.,-1.));
#2299=DIRECTION('',(-1.,0.,0.));
#2300=DIRECTION('',(0.,0.540634541011499,0.841257566423795));
#2301=DIRECTION('',(-1.,0.,0.));
#2302=DIRECTION('',(-1.,0.,0.));
#2303=DIRECTION('',(-1.,0.,0.));
#2304=DIRECTION('',(0.,0.371656552015514,0.928370296457152));
#2305=DIRECTION('',(-1.,0.,0.));
#2306=DIRECTION('',(0.,0.,1.));
#2307=DIRECTION('',(-1.,0.,0.));
#2308=DIRECTION('',(0.,0.371656552015514,0.928370296457152));
#2309=DIRECTION('',(1.,0.,0.));
#2310=DIRECTION('',(0.,-0.371656552015514,-0.928370296457152));
#2311=DIRECTION('',(-1.,0.,0.));
#2312=DIRECTION('',(0.,0.371656552015514,0.928370296457152));
#2313=DIRECTION('',(1.,0.,0.));
#2314=DIRECTION('',(0.,0.,-1.));
#2315=DIRECTION('',(-1.,0.,0.));
#2316=DIRECTION('',(0.,0.371656552015514,0.928370296457152));
#2317=DIRECTION('',(-1.,0.,0.));
#2318=DIRECTION('',(-1.,0.,0.));
#2319=DIRECTION('',(-1.,0.,0.));
#2320=DIRECTION('',(0.,0.189247373466736,0.981929443308399));
#2321=DIRECTION('',(-1.,0.,0.));
#2322=DIRECTION('',(0.,0.189247373466736,0.981929443308399));
#2323=DIRECTION('',(1.,0.,0.));
#2324=DIRECTION('',(0.,-0.189247373466736,-0.981929443308399));
#2325=DIRECTION('',(-1.,0.,0.));
#2326=DIRECTION('',(0.,0.189247373466736,0.981929443308399));
#2327=DIRECTION('',(-1.,0.,0.));
#2328=DIRECTION('',(0.,0.189247373466736,0.981929443308399));
#2329=DIRECTION('',(-1.,0.,0.));
#2330=DIRECTION('',(-1.,0.,0.));
#2331=DIRECTION('',(-1.,0.,0.));
#2332=DIRECTION('',(0.,0.,1.));
#2333=DIRECTION('',(-1.,0.,0.));
#2334=DIRECTION('',(0.,0.,1.));
#2335=DIRECTION('',(1.,0.,0.));
#2336=DIRECTION('',(0.,0.,-1.));
#2337=DIRECTION('',(1.,0.,0.));
#2338=DIRECTION('',(0.,0.,-1.));
#2339=DIRECTION('',(1.,0.,0.));
#2340=DIRECTION('',(0.,0.,-1.));
#2341=DIRECTION('',(-1.,0.,0.));
#2342=DIRECTION('',(0.,0.,1.));
#2343=DIRECTION('',(-1.,0.,0.));
#2344=DIRECTION('',(0.,0.,1.));
#2345=DIRECTION('',(-1.,0.,0.));
#2346=DIRECTION('',(0.,0.,1.));
#2347=DIRECTION('',(-1.,0.,0.));
#2348=DIRECTION('',(0.,0.,1.));
#2349=DIRECTION('',(-1.,0.,0.));
#2350=DIRECTION('',(0.,0.,1.));
#2351=DIRECTION('',(-1.,0.,0.));
#2352=DIRECTION('',(0.,0.,1.));
#2353=DIRECTION('',(-1.,0.,0.));
#2354=DIRECTION('',(-1.,0.,0.));
#2355=DIRECTION('',(0.,0.,1.));
#2356=DIRECTION('',(-1.,0.,0.));
#2357=DIRECTION('',(1.,0.,0.));
#2358=DIRECTION('',(0.,0.,-1.));
#2359=DIRECTION('',(-1.,0.,0.));
#2360=DIRECTION('',(0.,0.,1.));
#2361=DIRECTION('',(1.,0.,0.));
#2362=DIRECTION('',(0.,0.,-1.));
#2363=DIRECTION('',(-1.,0.,0.));
#2364=DIRECTION('',(0.,0.,1.));
#2365=DIRECTION('',(-1.,0.,0.));
#2366=DIRECTION('',(0.,0.,1.));
#2367=DIRECTION('',(-1.,0.,0.));
#2368=DIRECTION('',(0.,0.,1.));
#2369=DIRECTION('',(-1.,0.,0.));
#2370=DIRECTION('',(0.,0.,1.));
#2371=DIRECTION('',(1.,0.,0.));
#2372=DIRECTION('',(0.,0.,-1.));
#2373=DIRECTION('',(-1.,0.,0.));
#2374=DIRECTION('',(0.,0.,1.));
#2375=DIRECTION('',(-1.,0.,0.));
#2376=DIRECTION('',(0.,0.,1.));
#2377=DIRECTION('',(1.,0.,0.));
#2378=DIRECTION('',(0.,0.,-1.));
#2379=DIRECTION('',(-1.,0.,0.));
#2380=DIRECTION('',(0.,0.,1.));
#2381=CARTESIAN_POINT('',(0.,0.,0.));
#2382=CARTESIAN_POINT('',(-3.6,-3.10371493079369,16.1036314991364));
#2383=CARTESIAN_POINT('',(-3.6,0.,0.));
#2384=CARTESIAN_POINT('',(-3.6,-4.4658535363138,15.7802456315545));
#2385=CARTESIAN_POINT('',(-3.6,-1.71895860420374,16.3096652729918));
#2386=CARTESIAN_POINT('',(-3.6,-3.10371493079369,16.1036314991364));
#2387=CARTESIAN_POINT('',(3.6,-3.10371493079369,16.1036314991364));
#2388=CARTESIAN_POINT('',(3.6,-3.10371493079369,16.1036314991364));
#2389=CARTESIAN_POINT('',(3.6,-1.71895860420374,16.3096652729918));
#2390=CARTESIAN_POINT('',(3.6,-4.4658535363138,15.7802456315545));
#2391=CARTESIAN_POINT('',(3.6,0.,0.));
#2392=CARTESIAN_POINT('',(-3.6,-3.10371493079369,16.1036314991364));
#2393=CARTESIAN_POINT('',(0.,-1.71895860420374,16.3096652729918));
#2394=CARTESIAN_POINT('',(0.,-4.4658535363138,15.7802456315545));
#2395=CARTESIAN_POINT('',(-3.6,-6.09525574285961,15.2252368071015));
#2396=CARTESIAN_POINT('',(-3.6,0.,0.));
#2397=CARTESIAN_POINT('',(-3.6,-7.37157786288206,14.6499092083012));
#2398=CARTESIAN_POINT('',(-3.6,-4.7745159749447,15.689614310269));
#2399=CARTESIAN_POINT('',(-3.6,-6.09525574285961,15.2252368071015));
#2400=CARTESIAN_POINT('',(3.6,-6.09525574285961,15.2252368071015));
#2401=CARTESIAN_POINT('',(3.6,-6.09525574285961,15.2252368071015));
#2402=CARTESIAN_POINT('',(3.6,-4.7745159749447,15.689614310269));
#2403=CARTESIAN_POINT('',(3.6,-7.37157786288206,14.6499092083012));
#2404=CARTESIAN_POINT('',(3.6,0.,0.));
#2405=CARTESIAN_POINT('',(-3.6,-6.09525574285961,15.2252368071015));
#2406=CARTESIAN_POINT('',(0.,-4.7745159749447,15.689614310269));
#2407=CARTESIAN_POINT('',(0.,-7.37157786288206,14.6499092083012));
#2408=CARTESIAN_POINT('',(-3.6,-8.86649991850694,13.796562509135));
#2409=CARTESIAN_POINT('',(-3.6,0.,0.));
#2410=CARTESIAN_POINT('',(-3.6,-10.0108762058414,12.9900868969888));
#2411=CARTESIAN_POINT('',(-3.6,-7.6575119080678,14.5025001767902));
#2412=CARTESIAN_POINT('',(-3.6,-8.86649991850694,13.796562509135));
#2413=CARTESIAN_POINT('',(3.6,-8.86649991850694,13.796562509135));
#2414=CARTESIAN_POINT('',(3.6,-8.86649991850694,13.796562509135));
#2415=CARTESIAN_POINT('',(3.6,-7.6575119080678,14.5025001767902));
#2416=CARTESIAN_POINT('',(3.6,-10.0108762058414,12.9900868969888));
#2417=CARTESIAN_POINT('',(3.6,0.,0.));
#2418=CARTESIAN_POINT('',(-3.6,-8.86649991850694,13.796562509135));
#2419=CARTESIAN_POINT('',(0.,-7.6575119080678,14.5025001767902));
#2420=CARTESIAN_POINT('',(0.,-10.0108762058414,12.9900868969888));
#2421=CARTESIAN_POINT('',(-3.6,-11.3172868824169,11.869244011597));
#2422=CARTESIAN_POINT('',(-3.6,0.,0.));
#2423=CARTESIAN_POINT('',(-3.6,-12.2883567691658,10.8607682929753));
#2424=CARTESIAN_POINT('',(-3.6,-10.2637468854127,12.7912274576047));
#2425=CARTESIAN_POINT('',(-3.6,-11.3172868824169,11.869244011597));
#2426=CARTESIAN_POINT('',(3.6,-11.3172868824169,11.869244011597));
#2427=CARTESIAN_POINT('',(3.6,-11.3172868824169,11.869244011597));
#2428=CARTESIAN_POINT('',(3.6,-10.2637468854127,12.7912274576047));
#2429=CARTESIAN_POINT('',(3.6,-12.2883567691658,10.8607682929753));
#2430=CARTESIAN_POINT('',(3.6,0.,0.));
#2431=CARTESIAN_POINT('',(-3.6,-11.3172868824169,11.869244011597));
#2432=CARTESIAN_POINT('',(0.,-10.2637468854127,12.7912274576047));
#2433=CARTESIAN_POINT('',(0.,-12.2883567691658,10.8607682929753));
#2434=CARTESIAN_POINT('',(-3.6,-13.3590381801299,9.51293929191296));
#2435=CARTESIAN_POINT('',(-3.6,0.,0.));
#2436=CARTESIAN_POINT('',(-3.6,-14.1217047223227,8.338912143411));
#2437=CARTESIAN_POINT('',(-3.6,-12.4990241196634,10.6176455043513));
#2438=CARTESIAN_POINT('',(-3.6,-13.3590381801299,9.51293929191296));
#2439=CARTESIAN_POINT('',(3.6,-13.3590381801299,9.51293929191296));
#2440=CARTESIAN_POINT('',(3.6,-13.3590381801299,9.51293929191296));
#2441=CARTESIAN_POINT('',(3.6,-12.4990241196634,10.6176455043513));
#2442=CARTESIAN_POINT('',(3.6,-14.1217047223227,8.338912143411));
#2443=CARTESIAN_POINT('',(3.6,0.,0.));
#2444=CARTESIAN_POINT('',(-3.6,-13.3590381801299,9.51293929191296));
#2445=CARTESIAN_POINT('',(0.,-12.4990241196634,10.6176455043513));
#2446=CARTESIAN_POINT('',(0.,-14.1217047223227,8.338912143411));
#2447=CARTESIAN_POINT('',(-3.6,-14.917959001612,6.8128112600738));
#2448=CARTESIAN_POINT('',(-3.6,0.,0.));
#2449=CARTESIAN_POINT('',(-3.6,-15.4446573719507,5.51566484324856));
#2450=CARTESIAN_POINT('',(-3.6,-14.2825541705379,8.06031304389921));
#2451=CARTESIAN_POINT('',(-3.6,-14.917959001612,6.8128112600738));
#2452=CARTESIAN_POINT('',(3.6,-14.917959001612,6.8128112600738));
#2453=CARTESIAN_POINT('',(3.6,-14.917959001612,6.8128112600738));
#2454=CARTESIAN_POINT('',(3.6,-14.2825541705379,8.06031304389921));
#2455=CARTESIAN_POINT('',(3.6,-15.4446573719507,5.51566484324856));
#2456=CARTESIAN_POINT('',(3.6,0.,0.));
#2457=CARTESIAN_POINT('',(-3.6,-14.917959001612,6.8128112600738));
#2458=CARTESIAN_POINT('',(0.,-14.2825541705378,8.06031304389921));
#2459=CARTESIAN_POINT('',(0.,-15.4446573719507,5.51566484324856));
#2460=CARTESIAN_POINT('',(-3.6,-15.9377053880574,3.86644970931826));
#2461=CARTESIAN_POINT('',(-3.6,0.,0.));
#2462=CARTESIAN_POINT('',(-3.6,-16.2093991663717,2.49306611729989));
#2463=CARTESIAN_POINT('',(-3.6,-15.5498749905761,5.21165883164441));
#2464=CARTESIAN_POINT('',(-3.6,-15.9377053880574,3.86644970931826));
#2465=CARTESIAN_POINT('',(3.6,-15.9377053880574,3.86644970931826));
#2466=CARTESIAN_POINT('',(3.6,-15.9377053880574,3.86644970931826));
#2467=CARTESIAN_POINT('',(3.6,-15.5498749905761,5.21165883164441));
#2468=CARTESIAN_POINT('',(3.6,-16.2093991663717,2.49306611729989));
#2469=CARTESIAN_POINT('',(3.6,0.,0.));
#2470=CARTESIAN_POINT('',(-3.6,-15.9377053880574,3.86644970931826));
#2471=CARTESIAN_POINT('',(0.,-15.5498749905761,5.21165883164441));
#2472=CARTESIAN_POINT('',(0.,-16.2093991663717,2.49306611729989));
#2473=CARTESIAN_POINT('',(-3.6,-16.3814207037733,0.780344111435613));
#2474=CARTESIAN_POINT('',(-3.6,0.,0.));
#2475=CARTESIAN_POINT('',(-3.6,-16.3882899493786,-0.61963903612896));
#2476=CARTESIAN_POINT('',(-3.6,-16.2551818390811,2.17464097689907));
#2477=CARTESIAN_POINT('',(-3.6,-16.3814207037733,0.780344111435613));
#2478=CARTESIAN_POINT('',(3.6,-16.3814207037733,0.780344111435613));
#2479=CARTESIAN_POINT('',(3.6,-16.3814207037733,0.780344111435613));
#2480=CARTESIAN_POINT('',(3.6,-16.2551818390811,2.17464097689907));
#2481=CARTESIAN_POINT('',(3.6,-16.3882899493786,-0.61963903612896));
#2482=CARTESIAN_POINT('',(3.6,0.,0.));
#2483=CARTESIAN_POINT('',(-3.6,-16.3814207037733,0.780344111435613));
#2484=CARTESIAN_POINT('',(0.,-16.2551818390811,2.17464097689907));
#2485=CARTESIAN_POINT('',(0.,-16.3882899493786,-0.61963903612896));
#2486=CARTESIAN_POINT('',(-3.6,-16.2330677670147,-2.33396525658547));
#2487=CARTESIAN_POINT('',(-3.6,0.,0.));
#2488=CARTESIAN_POINT('',(-3.6,-15.9748639941606,-3.70994883631449));
#2489=CARTESIAN_POINT('',(-3.6,-16.3729828480663,-0.940974312575308));
#2490=CARTESIAN_POINT('',(-3.6,-16.2330677670147,-2.33396525658547));
#2491=CARTESIAN_POINT('',(3.6,-16.2330677670147,-2.33396525658547));
#2492=CARTESIAN_POINT('',(3.6,-16.2330677670147,-2.33396525658547));
#2493=CARTESIAN_POINT('',(3.6,-16.3729828480663,-0.940974312575308));
#2494=CARTESIAN_POINT('',(3.6,-15.9748639941606,-3.70994883631449));
#2495=CARTESIAN_POINT('',(3.6,0.,0.));
#2496=CARTESIAN_POINT('',(-3.6,-16.2330677670147,-2.33396525658547));
#2497=CARTESIAN_POINT('',(0.,-16.3729828480663,-0.940974312575308));
#2498=CARTESIAN_POINT('',(0.,-15.9748639941606,-3.70994883631449));
#2499=CARTESIAN_POINT('',(-3.6,-15.498011186839,-5.363920495675));
#2500=CARTESIAN_POINT('',(-3.6,0.,0.));
#2501=CARTESIAN_POINT('',(-3.6,-14.9840634450577,-6.66617151553172));
#2502=CARTESIAN_POINT('',(-3.6,-15.8990201755699,-4.02258094471967));
#2503=CARTESIAN_POINT('',(-3.6,-15.498011186839,-5.363920495675));
#2504=CARTESIAN_POINT('',(3.6,-15.498011186839,-5.363920495675));
#2505=CARTESIAN_POINT('',(3.6,-15.498011186839,-5.363920495675));
#2506=CARTESIAN_POINT('',(3.6,-15.8990201755699,-4.02258094471967));
#2507=CARTESIAN_POINT('',(3.6,-14.9840634450577,-6.66617151553172));
#2508=CARTESIAN_POINT('',(3.6,0.,0.));
#2509=CARTESIAN_POINT('',(-3.6,-15.498011186839,-5.363920495675));
#2510=CARTESIAN_POINT('',(0.,-15.8990201755699,-4.02258094471968));
#2511=CARTESIAN_POINT('',(0.,-14.9840634450577,-6.66617151553172));
#2512=CARTESIAN_POINT('',(-3.6,-14.2028100864582,-8.20000558666117));
#2513=CARTESIAN_POINT('',(-3.6,0.,0.));
#2514=CARTESIAN_POINT('',(-3.6,-13.4516995485054,-9.3814593351322));
#2515=CARTESIAN_POINT('',(-3.6,-14.8504250040322,-6.95879854569839));
#2516=CARTESIAN_POINT('',(-3.6,-14.2028100864582,-8.20000558666117));
#2517=CARTESIAN_POINT('',(3.6,-14.2028100864582,-8.20000558666117));
#2518=CARTESIAN_POINT('',(3.6,-14.2028100864582,-8.20000558666117));
#2519=CARTESIAN_POINT('',(3.6,-14.8504250040322,-6.95879854569839));
#2520=CARTESIAN_POINT('',(3.6,-13.4516995485054,-9.3814593351322));
#2521=CARTESIAN_POINT('',(3.6,0.,0.));
#2522=CARTESIAN_POINT('',(-3.6,-14.2028100864582,-8.20000558666117));
#2523=CARTESIAN_POINT('',(8.67361737988404E-16,-14.8504250040322,-6.95879854569839));
#2524=CARTESIAN_POINT('',(8.67361737988404E-16,-13.4516995485054,-9.3814593351322));
#2525=CARTESIAN_POINT('',(-3.6,-12.3942848247204,-10.7397220066899));
#2526=CARTESIAN_POINT('',(-3.6,0.,0.));
#2527=CARTESIAN_POINT('',(-3.6,-11.4331557078529,-11.7576762398014));
#2528=CARTESIAN_POINT('',(-3.6,-13.265096137246,-9.64350685537272));
#2529=CARTESIAN_POINT('',(-3.6,-12.3942848247204,-10.7397220066899));
#2530=CARTESIAN_POINT('',(3.6,-12.3942848247204,-10.7397220066899));
#2531=CARTESIAN_POINT('',(3.6,-12.3942848247204,-10.7397220066899));
#2532=CARTESIAN_POINT('',(3.6,-13.265096137246,-9.64350685537272));
#2533=CARTESIAN_POINT('',(3.6,-11.4331557078529,-11.7576762398014));
#2534=CARTESIAN_POINT('',(3.6,0.,0.));
#2535=CARTESIAN_POINT('',(-3.6,-12.3942848247204,-10.7397220066899));
#2536=CARTESIAN_POINT('',(8.67361737988404E-16,-13.265096137246,-9.64350685537272));
#2537=CARTESIAN_POINT('',(8.67361737988404E-16,-11.4331557078529,-11.7576762398014));
#2538=CARTESIAN_POINT('',(-3.6,-10.1377980774315,-12.8912760023201));
#2539=CARTESIAN_POINT('',(-3.6,0.,0.));
#2540=CARTESIAN_POINT('',(-3.6,-9.00138829102711,-13.708939011979));
#2541=CARTESIAN_POINT('',(-3.6,-11.200332383837,-11.9796725536039));
#2542=CARTESIAN_POINT('',(-3.6,-10.1377980774315,-12.8912760023201));
#2543=CARTESIAN_POINT('',(3.6,-10.1377980774315,-12.8912760023201));
#2544=CARTESIAN_POINT('',(3.6,-10.1377980774315,-12.8912760023201));
#2545=CARTESIAN_POINT('',(3.6,-11.200332383837,-11.9796725536039));
#2546=CARTESIAN_POINT('',(3.6,-9.00138829102711,-13.708939011979));
#2547=CARTESIAN_POINT('',(3.6,0.,0.));
#2548=CARTESIAN_POINT('',(-3.6,-10.1377980774315,-12.8912760023201));
#2549=CARTESIAN_POINT('',(0.,-11.200332383837,-11.9796725536039));
#2550=CARTESIAN_POINT('',(0.,-9.00138829102711,-13.708939011979));
#2551=CARTESIAN_POINT('',(-3.6,-7.51490577775145,-14.5769050107227));
#2552=CARTESIAN_POINT('',(-3.6,0.,0.));
#2553=CARTESIAN_POINT('',(-3.6,-6.24428840320064,-15.164724275029));
#2554=CARTESIAN_POINT('',(-3.6,-8.73076043431763,-13.8828607368422));
#2555=CARTESIAN_POINT('',(-3.6,-7.51490577775145,-14.5769050107227));
#2556=CARTESIAN_POINT('',(3.6,-7.51490577775145,-14.5769050107227));
#2557=CARTESIAN_POINT('',(3.6,-7.51490577775145,-14.5769050107227));
#2558=CARTESIAN_POINT('',(3.6,-8.73076043431763,-13.8828607368422));
#2559=CARTESIAN_POINT('',(3.6,-6.24428840320064,-15.164724275029));
#2560=CARTESIAN_POINT('',(3.6,0.,0.));
#2561=CARTESIAN_POINT('',(-3.6,-7.51490577775145,-14.5769050107227));
#2562=CARTESIAN_POINT('',(0.,-8.73076043431762,-13.8828607368422));
#2563=CARTESIAN_POINT('',(0.,-6.24428840320064,-15.164724275029));
#2564=CARTESIAN_POINT('',(-3.6,-4.62040670023968,-15.7356864777122));
#2565=CARTESIAN_POINT('',(-3.6,0.,0.));
#2566=CARTESIAN_POINT('',(-3.6,-3.2615054242059,-16.0724168178863));
#2567=CARTESIAN_POINT('',(-3.6,-5.94563777435839,-15.2842857685965));
#2568=CARTESIAN_POINT('',(-3.6,-4.62040670023968,-15.7356864777122));
#2569=CARTESIAN_POINT('',(3.6,-4.62040670023968,-15.7356864777122));
#2570=CARTESIAN_POINT('',(3.6,-4.62040670023968,-15.7356864777122));
#2571=CARTESIAN_POINT('',(3.6,-5.94563777435839,-15.2842857685965));
#2572=CARTESIAN_POINT('',(3.6,-3.2615054242059,-16.0724168178863));
#2573=CARTESIAN_POINT('',(3.6,0.,0.));
#2574=CARTESIAN_POINT('',(-3.6,-4.62040670023968,-15.7356864777122));
#2575=CARTESIAN_POINT('',(0.,-5.94563777435839,-15.2842857685965));
#2576=CARTESIAN_POINT('',(0.,-3.2615054242059,-16.0724168178863));
#2577=CARTESIAN_POINT('',(-3.6,-1.55891610002093,-16.3257397673109));
#2578=CARTESIAN_POINT('',(-3.6,0.,0.));
#2579=CARTESIAN_POINT('',(-3.6,-0.160845306044229,-16.3992112245536));
#2580=CARTESIAN_POINT('',(-3.6,-2.9456265689932,-16.1332973727022));
#2581=CARTESIAN_POINT('',(-3.6,-1.55891610002093,-16.3257397673109));
#2582=CARTESIAN_POINT('',(3.6,-1.55891610002093,-16.3257397673109));
#2583=CARTESIAN_POINT('',(3.6,-1.55891610002093,-16.3257397673109));
#2584=CARTESIAN_POINT('',(3.6,-2.9456265689932,-16.1332973727022));
#2585=CARTESIAN_POINT('',(3.6,-0.160845306044229,-16.3992112245536));
#2586=CARTESIAN_POINT('',(3.6,0.,0.));
#2587=CARTESIAN_POINT('',(-3.6,-1.55891610002093,-16.3257397673109));
#2588=CARTESIAN_POINT('',(0.,-2.9456265689932,-16.1332973727022));
#2589=CARTESIAN_POINT('',(0.,-0.160845306044229,-16.3992112245536));
#2590=CARTESIAN_POINT('',(-3.6,1.55891605494923,-16.3257397716147));
#2591=CARTESIAN_POINT('',(-3.6,0.,0.));
#2592=CARTESIAN_POINT('',(-3.6,2.94562652445278,-16.1332973808345));
#2593=CARTESIAN_POINT('',(-3.6,0.16084526076969,-16.3992112249976));
#2594=CARTESIAN_POINT('',(-3.6,1.55891605494923,-16.3257397716147));
#2595=CARTESIAN_POINT('',(3.6,1.55891605494923,-16.3257397716147));
#2596=CARTESIAN_POINT('',(3.6,1.55891605494923,-16.3257397716147));
#2597=CARTESIAN_POINT('',(3.6,0.16084526076969,-16.3992112249976));
#2598=CARTESIAN_POINT('',(3.6,2.94562652445278,-16.1332973808345));
#2599=CARTESIAN_POINT('',(3.6,0.,0.));
#2600=CARTESIAN_POINT('',(-3.6,1.55891605494923,-16.3257397716147));
#2601=CARTESIAN_POINT('',(8.67361737988404E-16,0.16084526076969,-16.3992112249976));
#2602=CARTESIAN_POINT('',(8.67361737988404E-16,2.94562652445279,-16.1332973808345));
#2603=CARTESIAN_POINT('',(-3.6,4.62040665679699,-15.7356864904681));
#2604=CARTESIAN_POINT('',(-3.6,0.,0.));
#2605=CARTESIAN_POINT('',(-3.6,5.94563773216192,-15.2842857850111));
#2606=CARTESIAN_POINT('',(-3.6,3.26150537983357,-16.0724168268906));
#2607=CARTESIAN_POINT('',(-3.6,4.62040665679699,-15.7356864904681));
#2608=CARTESIAN_POINT('',(3.6,4.62040665679699,-15.7356864904681));
#2609=CARTESIAN_POINT('',(3.6,4.62040665679699,-15.7356864904681));
#2610=CARTESIAN_POINT('',(3.6,3.26150537983357,-16.0724168268906));
#2611=CARTESIAN_POINT('',(3.6,5.94563773216192,-15.2842857850111));
#2612=CARTESIAN_POINT('',(3.6,0.,0.));
#2613=CARTESIAN_POINT('',(-3.6,4.62040665679699,-15.7356864904681));
#2614=CARTESIAN_POINT('',(8.67361737988404E-16,3.26150537983357,-16.0724168268906));
#2615=CARTESIAN_POINT('',(8.67361737988404E-16,5.94563773216192,-15.2842857850111));
#2616=CARTESIAN_POINT('',(-3.6,7.5149057375079,-14.5769050314697));
#2617=CARTESIAN_POINT('',(-3.6,0.,0.));
#2618=CARTESIAN_POINT('',(-3.6,8.73076039599017,-13.8828607609458));
#2619=CARTESIAN_POINT('',(-3.6,6.24428836133425,-15.1647242922681));
#2620=CARTESIAN_POINT('',(-3.6,7.5149057375079,-14.5769050314697));
#2621=CARTESIAN_POINT('',(3.6,7.5149057375079,-14.5769050314697));
#2622=CARTESIAN_POINT('',(3.6,7.5149057375079,-14.5769050314697));
#2623=CARTESIAN_POINT('',(3.6,6.24428836133425,-15.1647242922681));
#2624=CARTESIAN_POINT('',(3.6,8.73076039599017,-13.8828607609458));
#2625=CARTESIAN_POINT('',(3.6,0.,0.));
#2626=CARTESIAN_POINT('',(-3.6,7.5149057375079,-14.5769050314697));
#2627=CARTESIAN_POINT('',(0.,6.24428836133425,-15.1647242922681));
#2628=CARTESIAN_POINT('',(0.,8.73076039599017,-13.8828607609458));
#2629=CARTESIAN_POINT('',(-3.6,10.1377980418416,-12.8912760303083));
#2630=CARTESIAN_POINT('',(-3.6,0.,0.));
#2631=CARTESIAN_POINT('',(-3.6,11.2003323507639,-11.9796725845255));
#2632=CARTESIAN_POINT('',(-3.6,9.00138825317982,-13.7089390368298));
#2633=CARTESIAN_POINT('',(-3.6,10.1377980418416,-12.8912760303083));
#2634=CARTESIAN_POINT('',(3.6,10.1377980418416,-12.8912760303083));
#2635=CARTESIAN_POINT('',(3.6,10.1377980418416,-12.8912760303083));
#2636=CARTESIAN_POINT('',(3.6,9.00138825317982,-13.7089390368298));
#2637=CARTESIAN_POINT('',(3.6,11.2003323507639,-11.9796725845255));
#2638=CARTESIAN_POINT('',(3.6,0.,0.));
#2639=CARTESIAN_POINT('',(-3.6,10.1377980418416,-12.8912760303083));
#2640=CARTESIAN_POINT('',(0.,9.00138825317982,-13.7089390368298));
#2641=CARTESIAN_POINT('',(0.,11.2003323507639,-11.9796725845255));
#2642=CARTESIAN_POINT('',(-3.6,12.3942847950704,-10.7397220409077));
#2643=CARTESIAN_POINT('',(-3.6,0.,0.));
#2644=CARTESIAN_POINT('',(-3.6,13.2650961106225,-9.64350689199466));
#2645=CARTESIAN_POINT('',(-3.6,11.4331556753926,-11.7576762713657));
#2646=CARTESIAN_POINT('',(-3.6,12.3942847950704,-10.7397220409077));
#2647=CARTESIAN_POINT('',(3.6,12.3942847950704,-10.7397220409077));
#2648=CARTESIAN_POINT('',(3.6,12.3942847950704,-10.7397220409077));
#2649=CARTESIAN_POINT('',(3.6,11.4331556753926,-11.7576762713657));
#2650=CARTESIAN_POINT('',(3.6,13.2650961106225,-9.64350689199466));
#2651=CARTESIAN_POINT('',(3.6,0.,0.));
#2652=CARTESIAN_POINT('',(-3.6,12.3942847950704,-10.7397220409077));
#2653=CARTESIAN_POINT('',(0.,11.4331556753926,-11.7576762713657));
#2654=CARTESIAN_POINT('',(0.,13.2650961106225,-9.64350689199466));
#2655=CARTESIAN_POINT('',(-3.6,14.2028100638198,-8.20000562587194));
#2656=CARTESIAN_POINT('',(-3.6,0.,0.));
#2657=CARTESIAN_POINT('',(-3.6,14.8504249848206,-6.95879858669708));
#2658=CARTESIAN_POINT('',(-3.6,13.4516995226053,-9.38145937226932));
#2659=CARTESIAN_POINT('',(-3.6,14.2028100638198,-8.20000562587194));
#2660=CARTESIAN_POINT('',(3.6,14.2028100638198,-8.20000562587194));
#2661=CARTESIAN_POINT('',(3.6,14.2028100638198,-8.20000562587194));
#2662=CARTESIAN_POINT('',(3.6,13.4516995226053,-9.38145937226932));
#2663=CARTESIAN_POINT('',(3.6,14.8504249848206,-6.95879858669708));
#2664=CARTESIAN_POINT('',(3.6,0.,0.));
#2665=CARTESIAN_POINT('',(-3.6,14.2028100638198,-8.20000562587194));
#2666=CARTESIAN_POINT('',(8.67361737988404E-16,13.4516995226053,-9.38145937226932));
#2667=CARTESIAN_POINT('',(8.67361737988404E-16,14.8504249848206,-6.95879858669708));
#2668=CARTESIAN_POINT('',(-3.6,15.4980084764601,-5.36391878424088));
#2669=CARTESIAN_POINT('',(-3.6,0.,0.));
#2670=CARTESIAN_POINT('',(-3.6,15.8990203875308,-4.02258010695632));
#2671=CARTESIAN_POINT('',(-3.6,14.9840636879232,-6.66617096962423));
#2672=CARTESIAN_POINT('',(-3.6,15.4980084764601,-5.36391878424088));
#2673=CARTESIAN_POINT('',(3.6,15.4980084764601,-5.36391878424088));
#2674=CARTESIAN_POINT('',(3.6,15.4980084764601,-5.36391878424088));
#2675=CARTESIAN_POINT('',(3.6,14.9840636879232,-6.66617096962423));
#2676=CARTESIAN_POINT('',(3.6,15.8990203875308,-4.02258010695632));
#2677=CARTESIAN_POINT('',(3.6,0.,0.));
#2678=CARTESIAN_POINT('',(-3.6,15.4980084764601,-5.36391878424088));
#2679=CARTESIAN_POINT('',(0.,14.9840636879232,-6.66617096962423));
#2680=CARTESIAN_POINT('',(0.,15.8990203875308,-4.02258010695632));
#2681=CARTESIAN_POINT('',(-3.6,16.2330677605712,-2.33396530140126));
#2682=CARTESIAN_POINT('',(-3.6,0.,0.));
#2683=CARTESIAN_POINT('',(-3.6,16.3729828454685,-0.940974357777367));
#2684=CARTESIAN_POINT('',(-3.6,15.9748639839183,-3.70994888041744));
#2685=CARTESIAN_POINT('',(-3.6,16.2330677605712,-2.33396530140126));
#2686=CARTESIAN_POINT('',(3.6,16.2330677605712,-2.33396530140126));
#2687=CARTESIAN_POINT('',(3.6,16.2330677605712,-2.33396530140126));
#2688=CARTESIAN_POINT('',(3.6,15.9748639839183,-3.70994888041744));
#2689=CARTESIAN_POINT('',(3.6,16.3729828454685,-0.940974357777367));
#2690=CARTESIAN_POINT('',(3.6,0.,0.));
#2691=CARTESIAN_POINT('',(-3.6,16.2330677605712,-2.33396530140126));
#2692=CARTESIAN_POINT('',(0.,15.9748639839183,-3.70994888041743));
#2693=CARTESIAN_POINT('',(0.,16.3729828454685,-0.940974357777367));
#2694=CARTESIAN_POINT('',(-3.6,16.3814207059277,0.78034406621023));
#2695=CARTESIAN_POINT('',(-3.6,0.,0.));
#2696=CARTESIAN_POINT('',(-3.6,16.2551818450848,2.1746409320222));
#2697=CARTESIAN_POINT('',(-3.6,16.388289947668,-0.619639081373308));
#2698=CARTESIAN_POINT('',(-3.6,16.3814207059277,0.78034406621023));
#2699=CARTESIAN_POINT('',(3.6,16.3814207059277,0.78034406621023));
#2700=CARTESIAN_POINT('',(3.6,16.3814207059277,0.78034406621023));
#2701=CARTESIAN_POINT('',(3.6,16.388289947668,-0.619639081373308));
#2702=CARTESIAN_POINT('',(3.6,16.2551818450848,2.1746409320222));
#2703=CARTESIAN_POINT('',(3.6,0.,0.));
#2704=CARTESIAN_POINT('',(-3.6,16.3814207059277,0.78034406621023));
#2705=CARTESIAN_POINT('',(0.,16.388289947668,-0.619639081373308));
#2706=CARTESIAN_POINT('',(0.,16.2551818450848,2.1746409320222));
#2707=CARTESIAN_POINT('',(-3.6,15.9377053987317,3.86644966531793));
#2708=CARTESIAN_POINT('',(-3.6,0.,0.));
#2709=CARTESIAN_POINT('',(-3.6,15.5498750049642,5.21165878871479));
#2710=CARTESIAN_POINT('',(-3.6,16.2093991732545,2.49306607254948));
#2711=CARTESIAN_POINT('',(-3.6,15.9377053987317,3.86644966531793));
#2712=CARTESIAN_POINT('',(3.6,15.9377053987317,3.86644966531793));
#2713=CARTESIAN_POINT('',(3.6,15.9377053987317,3.86644966531793));
#2714=CARTESIAN_POINT('',(3.6,16.2093991732545,2.49306607254948));
#2715=CARTESIAN_POINT('',(3.6,15.5498750049642,5.21165878871479));
#2716=CARTESIAN_POINT('',(3.6,0.,0.));
#2717=CARTESIAN_POINT('',(-3.6,15.9377053987317,3.86644966531793));
#2718=CARTESIAN_POINT('',(0.,16.2093991732545,2.49306607254948));
#2719=CARTESIAN_POINT('',(0.,15.5498750049642,5.21165878871479));
#2720=CARTESIAN_POINT('',(-3.6,14.9179590204206,6.81281121888874));
#2721=CARTESIAN_POINT('',(-3.6,0.,0.));
#2722=CARTESIAN_POINT('',(-3.6,14.2825541927905,8.06031300446836));
#2723=CARTESIAN_POINT('',(-3.6,15.4446573871782,5.5156648006094));
#2724=CARTESIAN_POINT('',(-3.6,14.9179590204206,6.81281121888874));
#2725=CARTESIAN_POINT('',(3.6,14.9179590204206,6.81281121888874));
#2726=CARTESIAN_POINT('',(3.6,14.9179590204206,6.81281121888874));
#2727=CARTESIAN_POINT('',(3.6,15.4446573871782,5.5156648006094));
#2728=CARTESIAN_POINT('',(3.6,14.2825541927905,8.06031300446836));
#2729=CARTESIAN_POINT('',(3.6,0.,0.));
#2730=CARTESIAN_POINT('',(-3.6,14.9179590204206,6.81281121888874));
#2731=CARTESIAN_POINT('',(0.,15.4446573871782,5.5156648006094));
#2732=CARTESIAN_POINT('',(0.,14.2825541927905,8.06031300446836));
#2733=CARTESIAN_POINT('',(-3.6,13.3590382063929,9.51293925503173));
#2734=CARTESIAN_POINT('',(-3.6,0.,0.));
#2735=CARTESIAN_POINT('',(-3.6,12.4990241489763,10.6176454698444));
#2736=CARTESIAN_POINT('',(-3.6,14.1217047453446,8.33891210442423));
#2737=CARTESIAN_POINT('',(-3.6,13.3590382063929,9.51293925503173));
#2738=CARTESIAN_POINT('',(3.6,13.3590382063929,9.51293925503173));
#2739=CARTESIAN_POINT('',(3.6,13.3590382063929,9.51293925503173));
#2740=CARTESIAN_POINT('',(3.6,14.1217047453446,8.33891210442423));
#2741=CARTESIAN_POINT('',(3.6,12.4990241489763,10.6176454698444));
#2742=CARTESIAN_POINT('',(3.6,0.,0.));
#2743=CARTESIAN_POINT('',(-3.6,13.3590382063929,9.51293925503173));
#2744=CARTESIAN_POINT('',(0.,14.1217047453446,8.33891210442423));
#2745=CARTESIAN_POINT('',(0.,12.4990241489763,10.6176454698444));
#2746=CARTESIAN_POINT('',(-3.6,11.3172869151852,11.8692439803525));
#2747=CARTESIAN_POINT('',(-3.6,0.,0.));
#2748=CARTESIAN_POINT('',(-3.6,10.2637469207264,12.7912274292689));
#2749=CARTESIAN_POINT('',(-3.6,12.2883567991499,10.8607682590499));
#2750=CARTESIAN_POINT('',(-3.6,11.3172869151852,11.8692439803525));
#2751=CARTESIAN_POINT('',(3.6,11.3172869151852,11.8692439803525));
#2752=CARTESIAN_POINT('',(3.6,11.3172869151852,11.8692439803525));
#2753=CARTESIAN_POINT('',(3.6,12.2883567991499,10.8607682590499));
#2754=CARTESIAN_POINT('',(3.6,10.2637469207264,12.7912274292689));
#2755=CARTESIAN_POINT('',(3.6,0.,0.));
#2756=CARTESIAN_POINT('',(-3.6,11.3172869151852,11.8692439803525));
#2757=CARTESIAN_POINT('',(0.,12.2883567991499,10.8607682590499));
#2758=CARTESIAN_POINT('',(0.,10.2637469207264,12.7912274292689));
#2759=CARTESIAN_POINT('',(-3.6,8.86649995659647,13.7965624846564));
#2760=CARTESIAN_POINT('',(-3.6,0.,0.));
#2761=CARTESIAN_POINT('',(-3.6,7.65751194810628,14.5025001556494));
#2762=CARTESIAN_POINT('',(-3.6,10.0108762417044,12.9900868693508));
#2763=CARTESIAN_POINT('',(-3.6,8.86649995659647,13.7965624846564));
#2764=CARTESIAN_POINT('',(3.6,8.86649995659647,13.7965624846564));
#2765=CARTESIAN_POINT('',(3.6,8.86649995659647,13.7965624846564));
#2766=CARTESIAN_POINT('',(3.6,10.0108762417044,12.9900868693508));
#2767=CARTESIAN_POINT('',(3.6,7.65751194810628,14.5025001556494));
#2768=CARTESIAN_POINT('',(3.6,0.,0.));
#2769=CARTESIAN_POINT('',(-3.6,8.86649995659647,13.7965624846564));
#2770=CARTESIAN_POINT('',(0.,10.0108762417044,12.9900868693508));
#2771=CARTESIAN_POINT('',(0.,7.65751194810628,14.5025001556494));
#2772=CARTESIAN_POINT('',(-3.6,6.09525578497522,15.2252367902424));
#2773=CARTESIAN_POINT('',(-3.6,0.,0.));
#2774=CARTESIAN_POINT('',(-3.6,4.77451601834442,15.689614297062));
#2775=CARTESIAN_POINT('',(-3.6,7.37157790340571,14.6499091879104));
#2776=CARTESIAN_POINT('',(-3.6,6.09525578497522,15.2252367902424));
#2777=CARTESIAN_POINT('',(3.6,6.09525578497522,15.2252367902424));
#2778=CARTESIAN_POINT('',(3.6,6.09525578497522,15.2252367902424));
#2779=CARTESIAN_POINT('',(3.6,7.37157790340571,14.6499091879104));
#2780=CARTESIAN_POINT('',(3.6,4.77451601834442,15.689614297062));
#2781=CARTESIAN_POINT('',(3.6,0.,0.));
#2782=CARTESIAN_POINT('',(-3.6,6.09525578497522,15.2252367902424));
#2783=CARTESIAN_POINT('',(0.,7.37157790340571,14.6499091879104));
#2784=CARTESIAN_POINT('',(0.,4.77451601834442,15.689614297062));
#2785=CARTESIAN_POINT('',(-3.6,3.10371496121814,16.1036314932632));
#2786=CARTESIAN_POINT('',(-3.6,1.71895808671297,16.3096600671796));
#2787=CARTESIAN_POINT('',(-3.6,2.64969610156365,16.2115682310232));
#2788=CARTESIAN_POINT('',(-3.6,3.56532830231112,16.0350983261971));
#2789=CARTESIAN_POINT('',(-3.6,4.46585468895536,15.7802503527013));
#2790=CARTESIAN_POINT('',(-3.6,1.71895863501881,16.309665269744));
#2791=CARTESIAN_POINT('',(-3.6,4.46585336647808,15.7802456796184));
#2792=CARTESIAN_POINT('',(-3.6,3.10371496121814,16.1036314932632));
#2793=CARTESIAN_POINT('',(3.6,3.10371496121814,16.1036314932632));
#2794=CARTESIAN_POINT('',(3.6,3.10371496121814,16.1036314932632));
#2795=CARTESIAN_POINT('',(3.6,4.46585336647807,15.7802456796184));
#2796=CARTESIAN_POINT('',(3.6,1.71895863501881,16.309665269744));
#2797=CARTESIAN_POINT('',(3.6,4.46585468897215,15.7802503526965));
#2798=CARTESIAN_POINT('',(3.6,3.56532830284781,16.0350983260462));
#2799=CARTESIAN_POINT('',(3.6,2.64969610209475,16.2115682308739));
#2800=CARTESIAN_POINT('',(3.6,1.71895808671297,16.3096600671796));
#2801=CARTESIAN_POINT('',(-3.6,3.10371496121814,16.1036314932632));
#2802=CARTESIAN_POINT('',(0.,4.46585356612936,15.7802456231166));
#2803=CARTESIAN_POINT('',(0.,1.71895863501881,16.309665269744));
#2804=CARTESIAN_POINT('',(0.,0.,0.));
#2805=CARTESIAN_POINT('',(-5.2,0.,0.));
#2806=CARTESIAN_POINT('',(-5.2,0.,18.5));
#2807=CARTESIAN_POINT('',(5.2,0.,0.));
#2808=CARTESIAN_POINT('',(5.2,0.,-18.5));
#2809=CARTESIAN_POINT('',(6.,0.,18.5));
#2810=CARTESIAN_POINT('',(6.,0.,0.));
#2811=CARTESIAN_POINT('',(6.,0.,-17.7));
#2812=CARTESIAN_POINT('',(6.,0.,0.));
#2813=CARTESIAN_POINT('',(6.,0.,15.));
#2814=CARTESIAN_POINT('',(0.,0.,0.));
#2815=CARTESIAN_POINT('',(4.8,0.,0.));
#2816=CARTESIAN_POINT('',(4.8,0.,15.));
#2817=CARTESIAN_POINT('',(4.8,0.,15.));
#2818=CARTESIAN_POINT('',(4.8,0.,0.));
#2819=CARTESIAN_POINT('',(4.8,0.,16.4));
#2820=CARTESIAN_POINT('',(0.,0.,0.));
#2821=CARTESIAN_POINT('',(0.,1.39872413606268,16.340243902439));
#2822=CARTESIAN_POINT('',(-3.6,1.39872413606268,16.340243902439));
#2823=CARTESIAN_POINT('',(3.6,1.39872413606268,16.340243902439));
#2824=CARTESIAN_POINT('',(-3.6,0.,0.));
#2825=CARTESIAN_POINT('',(-3.6,-1.39872413606268,16.340243902439));
#2826=CARTESIAN_POINT('',(0.,-1.39872413606268,16.340243902439));
#2827=CARTESIAN_POINT('',(3.6,-1.39872413606268,16.340243902439));
#2828=CARTESIAN_POINT('',(3.6,0.,0.));
#2829=CARTESIAN_POINT('',(-4.7,0.,0.));
#2830=CARTESIAN_POINT('',(-4.7,0.,16.4));
#2831=CARTESIAN_POINT('',(-4.7,0.,0.));
#2832=CARTESIAN_POINT('',(-6.,0.,15.));
#2833=CARTESIAN_POINT('',(-6.,0.,0.));
#2834=CARTESIAN_POINT('',(-6.,0.,17.7));
#2835=CARTESIAN_POINT('',(-3.6,0.,16.4));
#2836=CARTESIAN_POINT('',(-3.6,0.,16.4));
#2837=CARTESIAN_POINT('',(3.6,0.,16.4));
#2838=CARTESIAN_POINT('',(3.6,0.,16.4));
#2839=CARTESIAN_POINT('',(-3.6,0.,16.4));
#2840=CARTESIAN_POINT('',(5.2,0.,0.));
#2841=CARTESIAN_POINT('',(-5.2,0.,0.));
#2842=MECHANICAL_DESIGN_GEOMETRIC_PRESENTATION_REPRESENTATION('',(#1563),
#2843);
#2843=(
GEOMETRIC_REPRESENTATION_CONTEXT(3)
GLOBAL_UNCERTAINTY_ASSIGNED_CONTEXT((#2844))
GLOBAL_UNIT_ASSIGNED_CONTEXT((#2847,#2846,#2845))
REPRESENTATION_CONTEXT('\X2\51B2538B591657086EDA94888F74627F\X0\BK 000
0\X2\578B\X0\ GBT290-2017','TOP_LEVEL_ASSEMBLY_PART')
);
#2844=UNCERTAINTY_MEASURE_WITH_UNIT(LENGTH_MEASURE(0.005),#2847,
'DISTANCE_ACCURACY_VALUE','Maximum Tolerance applied to model');
#2845=(
NAMED_UNIT(*)
SI_UNIT($,.STERADIAN.)
SOLID_ANGLE_UNIT()
);
#2846=(
NAMED_UNIT(*)
PLANE_ANGLE_UNIT()
SI_UNIT($,.RADIAN.)
);
#2847=(
LENGTH_UNIT()
NAMED_UNIT(*)
SI_UNIT(.MILLI.,.METRE.)
);
#2848=PRODUCT_DEFINITION_SHAPE('','',#2849);
#2849=PRODUCT_DEFINITION('','',#2851,#2850);
#2850=PRODUCT_DEFINITION_CONTEXT('',#2857,'design');
#2851=PRODUCT_DEFINITION_FORMATION_WITH_SPECIFIED_SOURCE('','',#2853,
 .NOT_KNOWN.);
#2852=PRODUCT_RELATED_PRODUCT_CATEGORY('','',(#2853));
#2853=PRODUCT('\X2\51B2538B591657086EDA94888F74627F\X0\BK 0000\X2\578B\X0\ 
GBT290-2017','\X2\51B2538B591657086EDA94888F74627F\X0\BK 0000\X2\578B\X0\ 
GBT290-2017','\X2\51B2538B591657086EDA94888F74627F\X0\BK 0000\X2\578B\X0\ 
GBT290-2017',(#2855));
#2854=PRODUCT_CATEGORY('','');
#2855=PRODUCT_CONTEXT('',#2857,'mechanical');
#2856=APPLICATION_PROTOCOL_DEFINITION('international standard',
'automotive_design',2010,#2857);
#2857=APPLICATION_CONTEXT(
'core data for automotive mechanical design processes');
ENDSEC;
END-ISO-10303-21;
