ISO-10303-21;
HEADER;
/* Generated by software containing HOOPS Exchange Step
 * from HOOPS Exchange, Inc. (www.tiangong.cloud) 
 */

FILE_DESCRIPTION(
/* description */ ('Unknown'),
/* implementation_level */ '2;1');

FILE_NAME(
/* name */ '\X2\5185516D89D2570667F1593487BA9489\X0\',
/* time_stamp */ '2025-08-29T09:05:50+08:00',
/* author */ ('Unknown'),
/* organization */ ('Unknown'),
/* preprocessor_version */ 'ST-DEVELOPER v19.4',
/* originating_system */ 'TianGong',
/* authorisation */ 'Unknown');

FILE_SCHEMA (('AUTOMOTIVE_DESIGN {1 0 10303 214 3 1 1}'));
ENDSEC;

DATA;
#10=PROPERTY_DEFINITION_REPRESENTATION(#14,#12);
#11=PROPERTY_DEFINITION_REPRESENTATION(#15,#13);
#12=REPRESENTATION('',(#16),#2255);
#13=REPRESENTATION('',(#17),#2255);
#14=PROPERTY_DEFINITION('pmi validation property','',#2260);
#15=PROPERTY_DEFINITION('pmi validation property','',#2260);
#16=VALUE_REPRESENTATION_ITEM('number of annotations',COUNT_MEASURE(0.));
#17=VALUE_REPRESENTATION_ITEM('number of views',COUNT_MEASURE(0.));
#18=SHAPE_REPRESENTATION_RELATIONSHIP('','',#295,#19);
#19=ADVANCED_BREP_SHAPE_REPRESENTATION('',(#293),#2255);
#20=(
BOUNDED_SURFACE()
B_SPLINE_SURFACE(1,2,((#1023,#1024,#1025,#1026,#1027,#1028,#1029,#1030,
#1031,#1032,#1033,#1034,#1035,#1036,#1037,#1038,#1039,#1040,#1041,#1042,
#1043,#1044,#1045,#1046,#1047,#1048,#1049,#1050,#1051,#1052,#1053,#1054,
#1055,#1056,#1057,#1058,#1059,#1060,#1061,#1062,#1063,#1064,#1065,#1066,
#1067,#1068,#1069,#1070,#1071,#1072,#1073,#1074,#1075,#1076,#1077,#1078,
#1079,#1080,#1081,#1082,#1083,#1084,#1085,#1086,#1087,#1088,#1089,#1090,
#1091,#1092,#1093,#1094,#1095,#1096,#1097,#1098,#1099,#1100,#1101,#1102,
#1103,#1104,#1105,#1106,#1107,#1108,#1109,#1110,#1111,#1112,#1113,#1114,
#1115,#1116,#1117,#1118,#1119,#1120,#1121,#1122,#1123,#1124,#1125,#1126,
#1127,#1128,#1129,#1130,#1131,#1132,#1133,#1134,#1135,#1136,#1137,#1138,
#1139,#1140,#1141,#1142,#1143,#1144,#1145,#1146,#1147,#1148,#1149,#1150,
#1151,#1152,#1153,#1154,#1155,#1156,#1157,#1158,#1159,#1160,#1161,#1162,
#1163,#1164,#1165,#1166,#1167,#1168,#1169,#1170,#1171,#1172,#1173,#1174,
#1175,#1176,#1177,#1178,#1179,#1180,#1181,#1182,#1183,#1184,#1185,#1186,
#1187,#1188,#1189,#1190,#1191,#1192,#1193,#1194,#1195,#1196,#1197),(#1198,
#1199,#1200,#1201,#1202,#1203,#1204,#1205,#1206,#1207,#1208,#1209,#1210,
#1211,#1212,#1213,#1214,#1215,#1216,#1217,#1218,#1219,#1220,#1221,#1222,
#1223,#1224,#1225,#1226,#1227,#1228,#1229,#1230,#1231,#1232,#1233,#1234,
#1235,#1236,#1237,#1238,#1239,#1240,#1241,#1242,#1243,#1244,#1245,#1246,
#1247,#1248,#1249,#1250,#1251,#1252,#1253,#1254,#1255,#1256,#1257,#1258,
#1259,#1260,#1261,#1262,#1263,#1264,#1265,#1266,#1267,#1268,#1269,#1270,
#1271,#1272,#1273,#1274,#1275,#1276,#1277,#1278,#1279,#1280,#1281,#1282,
#1283,#1284,#1285,#1286,#1287,#1288,#1289,#1290,#1291,#1292,#1293,#1294,
#1295,#1296,#1297,#1298,#1299,#1300,#1301,#1302,#1303,#1304,#1305,#1306,
#1307,#1308,#1309,#1310,#1311,#1312,#1313,#1314,#1315,#1316,#1317,#1318,
#1319,#1320,#1321,#1322,#1323,#1324,#1325,#1326,#1327,#1328,#1329,#1330,
#1331,#1332,#1333,#1334,#1335,#1336,#1337,#1338,#1339,#1340,#1341,#1342,
#1343,#1344,#1345,#1346,#1347,#1348,#1349,#1350,#1351,#1352,#1353,#1354,
#1355,#1356,#1357,#1358,#1359,#1360,#1361,#1362,#1363,#1364,#1365,#1366,
#1367,#1368,#1369,#1370,#1371,#1372)),.UNSPECIFIED.,.F.,.F.,.F.)
B_SPLINE_SURFACE_WITH_KNOTS((2,2),(3,2,2,2,2,2,2,2,2,2,2,2,2,2,2,2,2,2,
2,2,2,2,2,2,2,2,2,2,2,2,2,2,2,2,2,2,2,2,2,2,2,2,2,2,2,2,2,2,2,2,2,2,2,2,
2,2,2,2,2,2,2,2,2,2,2,2,2,2,2,2,2,2,2,2,2,2,2,2,2,2,2,2,2,2,2,2,2,3),(0.,
1.),(0.0472120700674696,0.053030303030303,0.0606060606060606,0.0681818181818182,
0.0757575757575758,0.0833333333333333,0.0909090909090909,0.0984848484848485,
0.106060606060606,0.113636363636364,0.121212121212121,0.128787878787879,
0.136363636363636,0.143939393939394,0.151515151515152,0.159090909090909,
0.166666666666667,0.174242424242424,0.181818181818182,0.189393939393939,
0.196969696969697,0.204545454545455,0.212121212121212,0.21969696969697,
0.227272727272727,0.234848484848485,0.242424242424242,0.25,0.257575757575758,
0.265151515151515,0.272727272727273,0.28030303030303,0.287878787878788,
0.295454545454545,0.303030303030303,0.310606060606061,0.318181818181818,
0.325757575757576,0.333333333333333,0.340909090909091,0.348484848484849,
0.356060606060606,0.363636363636364,0.371212121212121,0.378787878787879,
0.386363636363636,0.393939393939394,0.401515151515151,0.409090909090909,
0.416666666666667,0.424242424242424,0.431818181818182,0.439393939393939,
0.446969696969697,0.454545454545455,0.462121212121212,0.46969696969697,
0.477272727272727,0.484848484848485,0.492424242424242,0.5,0.507575757575758,
0.515151515151515,0.522727272727273,0.53030303030303,0.537878787878788,
0.545454545454545,0.553030303030303,0.560606060606061,0.568181818181818,
0.575757575757576,0.583333333333333,0.590909090909091,0.598484848484849,
0.606060606060606,0.613636363636364,0.621212121212121,0.628787878787879,
0.636363636363636,0.643939393939394,0.651515151515151,0.659090909090909,
0.666666666666667,0.674242424242424,0.681818181818182,0.689393939393939,
0.696969696969697,0.704220220993138),.PIECEWISE_BEZIER_KNOTS.)
GEOMETRIC_REPRESENTATION_ITEM()
RATIONAL_B_SPLINE_SURFACE(((0.987857846653551,0.973830804552054,1.,0.965925826289068,
1.,0.965925826289068,1.,0.965925826289068,1.,0.965925826289068,1.,0.965925826289068,
1.,0.965925826289068,1.,0.965925826289068,1.,0.965925826289068,1.,0.965925826289068,
1.,0.965925826289068,1.,0.965925826289068,1.,0.965925826289068,1.,0.965925826289068,
1.,0.965925826289068,1.,0.965925826289068,1.,0.965925826289068,1.,0.965925826289068,
1.,0.965925826289068,1.,0.965925826289068,1.,0.965925826289068,1.,0.965925826289068,
1.,0.965925826289068,1.,0.965925826289068,1.,0.965925826289068,1.,0.965925826289068,
1.,0.965925826289068,1.,0.965925826289068,1.,0.965925826289068,1.,0.965925826289068,
1.,0.965925826289068,1.,0.965925826289068,1.,0.965925826289068,1.,0.965925826289068,
1.,0.965925826289068,1.,0.965925826289068,1.,0.965925826289068,1.,0.965925826289068,
1.,0.965925826289068,1.,0.965925826289068,1.,0.965925826289068,1.,0.965925826289068,
1.,0.965925826289068,1.,0.965925826289068,1.,0.965925826289068,1.,0.965925826289068,
1.,0.965925826289068,1.,0.965925826289068,1.,0.965925826289068,1.,0.965925826289068,
1.,0.965925826289068,1.,0.965925826289068,1.,0.965925826289068,1.,0.965925826289068,
1.,0.965925826289068,1.,0.965925826289068,1.,0.965925826289068,1.,0.965925826289068,
1.,0.965925826289068,1.,0.965925826289068,1.,0.965925826289068,1.,0.965925826289068,
1.,0.965925826289068,1.,0.965925826289068,1.,0.965925826289068,1.,0.965925826289068,
1.,0.965925826289068,1.,0.965925826289068,1.,0.965925826289068,1.,0.965925826289068,
1.,0.965925826289068,1.,0.965925826289068,1.,0.965925826289068,1.,0.965925826289068,
1.,0.965925826289068,1.,0.965925826289068,1.,0.965925826289068,1.,0.965925826289068,
1.,0.965925826289068,1.,0.965925826289068,1.,0.965925826289068,1.,0.965925826289068,
1.,0.965925826289068,1.,0.965925826289068,1.,0.965925826289068,1.,0.965925826289068,
1.,0.967388658810759,0.997199936182032),(0.987857846653551,0.973830804552054,
1.,0.965925826289068,1.,0.965925826289068,1.,0.965925826289068,1.,0.965925826289068,
1.,0.965925826289068,1.,0.965925826289068,1.,0.965925826289068,1.,0.965925826289068,
1.,0.965925826289068,1.,0.965925826289068,1.,0.965925826289068,1.,0.965925826289068,
1.,0.965925826289068,1.,0.965925826289068,1.,0.965925826289068,1.,0.965925826289068,
1.,0.965925826289068,1.,0.965925826289068,1.,0.965925826289068,1.,0.965925826289068,
1.,0.965925826289068,1.,0.965925826289068,1.,0.965925826289068,1.,0.965925826289068,
1.,0.965925826289068,1.,0.965925826289068,1.,0.965925826289068,1.,0.965925826289068,
1.,0.965925826289068,1.,0.965925826289068,1.,0.965925826289068,1.,0.965925826289068,
1.,0.965925826289068,1.,0.965925826289068,1.,0.965925826289068,1.,0.965925826289068,
1.,0.965925826289068,1.,0.965925826289068,1.,0.965925826289068,1.,0.965925826289068,
1.,0.965925826289068,1.,0.965925826289068,1.,0.965925826289068,1.,0.965925826289068,
1.,0.965925826289068,1.,0.965925826289068,1.,0.965925826289068,1.,0.965925826289068,
1.,0.965925826289068,1.,0.965925826289068,1.,0.965925826289068,1.,0.965925826289068,
1.,0.965925826289068,1.,0.965925826289068,1.,0.965925826289068,1.,0.965925826289068,
1.,0.965925826289068,1.,0.965925826289068,1.,0.965925826289068,1.,0.965925826289068,
1.,0.965925826289068,1.,0.965925826289068,1.,0.965925826289068,1.,0.965925826289068,
1.,0.965925826289068,1.,0.965925826289068,1.,0.965925826289068,1.,0.965925826289068,
1.,0.965925826289068,1.,0.965925826289068,1.,0.965925826289068,1.,0.965925826289068,
1.,0.965925826289068,1.,0.965925826289068,1.,0.965925826289068,1.,0.965925826289068,
1.,0.965925826289068,1.,0.965925826289068,1.,0.965925826289068,1.,0.965925826289068,
1.,0.965925826289068,1.,0.965925826289068,1.,0.965925826289068,1.,0.965925826289068,
1.,0.965925826289068,1.,0.967388658810759,0.997199936182032)))
REPRESENTATION_ITEM('')
SURFACE()
);
#21=(
BOUNDED_SURFACE()
B_SPLINE_SURFACE(1,2,((#1904,#1905,#1906,#1907,#1908,#1909,#1910,#1911,
#1912,#1913,#1914,#1915,#1916,#1917,#1918,#1919,#1920,#1921,#1922,#1923,
#1924,#1925,#1926,#1927,#1928,#1929,#1930,#1931,#1932,#1933,#1934,#1935,
#1936,#1937,#1938,#1939,#1940,#1941,#1942,#1943,#1944,#1945,#1946,#1947,
#1948,#1949,#1950,#1951,#1952,#1953,#1954,#1955,#1956,#1957,#1958,#1959,
#1960,#1961,#1962,#1963,#1964,#1965,#1966,#1967,#1968,#1969,#1970,#1971,
#1972,#1973,#1974,#1975,#1976,#1977,#1978,#1979,#1980,#1981,#1982,#1983,
#1984,#1985,#1986,#1987,#1988,#1989,#1990,#1991,#1992,#1993,#1994,#1995,
#1996,#1997,#1998,#1999,#2000,#2001,#2002,#2003,#2004,#2005,#2006,#2007,
#2008,#2009,#2010,#2011,#2012,#2013,#2014,#2015,#2016,#2017,#2018,#2019,
#2020,#2021,#2022,#2023,#2024,#2025,#2026,#2027,#2028,#2029,#2030,#2031,
#2032,#2033,#2034,#2035,#2036,#2037,#2038,#2039,#2040,#2041,#2042,#2043,
#2044,#2045,#2046,#2047,#2048,#2049,#2050,#2051,#2052,#2053,#2054,#2055,
#2056,#2057,#2058,#2059,#2060,#2061,#2062,#2063,#2064,#2065,#2066,#2067,
#2068,#2069,#2070,#2071,#2072,#2073,#2074,#2075,#2076,#2077,#2078),(#2079,
#2080,#2081,#2082,#2083,#2084,#2085,#2086,#2087,#2088,#2089,#2090,#2091,
#2092,#2093,#2094,#2095,#2096,#2097,#2098,#2099,#2100,#2101,#2102,#2103,
#2104,#2105,#2106,#2107,#2108,#2109,#2110,#2111,#2112,#2113,#2114,#2115,
#2116,#2117,#2118,#2119,#2120,#2121,#2122,#2123,#2124,#2125,#2126,#2127,
#2128,#2129,#2130,#2131,#2132,#2133,#2134,#2135,#2136,#2137,#2138,#2139,
#2140,#2141,#2142,#2143,#2144,#2145,#2146,#2147,#2148,#2149,#2150,#2151,
#2152,#2153,#2154,#2155,#2156,#2157,#2158,#2159,#2160,#2161,#2162,#2163,
#2164,#2165,#2166,#2167,#2168,#2169,#2170,#2171,#2172,#2173,#2174,#2175,
#2176,#2177,#2178,#2179,#2180,#2181,#2182,#2183,#2184,#2185,#2186,#2187,
#2188,#2189,#2190,#2191,#2192,#2193,#2194,#2195,#2196,#2197,#2198,#2199,
#2200,#2201,#2202,#2203,#2204,#2205,#2206,#2207,#2208,#2209,#2210,#2211,
#2212,#2213,#2214,#2215,#2216,#2217,#2218,#2219,#2220,#2221,#2222,#2223,
#2224,#2225,#2226,#2227,#2228,#2229,#2230,#2231,#2232,#2233,#2234,#2235,
#2236,#2237,#2238,#2239,#2240,#2241,#2242,#2243,#2244,#2245,#2246,#2247,
#2248,#2249,#2250,#2251,#2252,#2253)),.UNSPECIFIED.,.F.,.F.,.F.)
B_SPLINE_SURFACE_WITH_KNOTS((2,2),(3,2,2,2,2,2,2,2,2,2,2,2,2,2,2,2,2,2,
2,2,2,2,2,2,2,2,2,2,2,2,2,2,2,2,2,2,2,2,2,2,2,2,2,2,2,2,2,2,2,2,2,2,2,2,
2,2,2,2,2,2,2,2,2,2,2,2,2,2,2,2,2,2,2,2,2,2,2,2,2,2,2,2,2,2,2,2,2,3),(0.,
1.),(0.,0.00757575757575758,0.0151515151515152,0.0227272727272727,0.0303030303030303,
0.0378787878787879,0.0454545454545455,0.053030303030303,0.0606060606060606,
0.0681818181818182,0.0757575757575758,0.0833333333333333,0.0909090909090909,
0.0984848484848485,0.106060606060606,0.113636363636364,0.121212121212121,
0.128787878787879,0.136363636363636,0.143939393939394,0.151515151515152,
0.159090909090909,0.166666666666667,0.174242424242424,0.181818181818182,
0.189393939393939,0.196969696969697,0.204545454545455,0.212121212121212,
0.21969696969697,0.227272727272727,0.234848484848485,0.242424242424242,
0.25,0.257575757575758,0.265151515151515,0.272727272727273,0.28030303030303,
0.287878787878788,0.295454545454545,0.303030303030303,0.310606060606061,
0.318181818181818,0.325757575757576,0.333333333333333,0.340909090909091,
0.348484848484849,0.356060606060606,0.363636363636364,0.371212121212121,
0.378787878787879,0.386363636363636,0.393939393939394,0.401515151515151,
0.409090909090909,0.416666666666667,0.424242424242424,0.431818181818182,
0.439393939393939,0.446969696969697,0.454545454545455,0.462121212121212,
0.46969696969697,0.477272727272727,0.484848484848485,0.492424242424242,
0.5,0.507575757575758,0.515151515151515,0.522727272727273,0.53030303030303,
0.537878787878788,0.545454545454545,0.553030303030303,0.560606060606061,
0.568181818181818,0.575757575757576,0.583333333333333,0.590909090909091,
0.598484848484849,0.606060606060606,0.613636363636364,0.621212121212121,
0.628787878787879,0.636363636363636,0.643939393939394,0.651515151515151,
0.653059470704072),.PIECEWISE_BEZIER_KNOTS.)
GEOMETRIC_REPRESENTATION_ITEM()
RATIONAL_B_SPLINE_SURFACE(((1.,0.965925826289068,1.,0.965925826289068,1.,
0.965925826289068,1.,0.965925826289068,1.,0.965925826289068,1.,0.965925826289068,
1.,0.965925826289068,1.,0.965925826289068,1.,0.965925826289068,1.,0.965925826289068,
1.,0.965925826289068,1.,0.965925826289068,1.,0.965925826289068,1.,0.965925826289068,
1.,0.965925826289068,1.,0.965925826289068,1.,0.965925826289068,1.,0.965925826289068,
1.,0.965925826289068,1.,0.965925826289068,1.,0.965925826289068,1.,0.965925826289068,
1.,0.965925826289068,1.,0.965925826289068,1.,0.965925826289068,1.,0.965925826289068,
1.,0.965925826289068,1.,0.965925826289068,1.,0.965925826289068,1.,0.965925826289068,
1.,0.965925826289068,1.,0.965925826289068,1.,0.965925826289068,1.,0.965925826289068,
1.,0.965925826289068,1.,0.965925826289068,1.,0.965925826289068,1.,0.965925826289068,
1.,0.965925826289068,1.,0.965925826289068,1.,0.965925826289068,1.,0.965925826289068,
1.,0.965925826289068,1.,0.965925826289068,1.,0.965925826289068,1.,0.965925826289068,
1.,0.965925826289068,1.,0.965925826289068,1.,0.965925826289068,1.,0.965925826289068,
1.,0.965925826289068,1.,0.965925826289068,1.,0.965925826289068,1.,0.965925826289068,
1.,0.965925826289068,1.,0.965925826289068,1.,0.965925826289068,1.,0.965925826289068,
1.,0.965925826289068,1.,0.965925826289068,1.,0.965925826289068,1.,0.965925826289068,
1.,0.965925826289068,1.,0.965925826289068,1.,0.965925826289068,1.,0.965925826289068,
1.,0.965925826289068,1.,0.965925826289068,1.,0.965925826289068,1.,0.965925826289068,
1.,0.965925826289068,1.,0.965925826289068,1.,0.965925826289068,1.,0.965925826289068,
1.,0.965925826289068,1.,0.965925826289068,1.,0.965925826289068,1.,0.965925826289068,
1.,0.965925826289068,1.,0.965925826289068,1.,0.965925826289068,1.,0.965925826289068,
1.,0.965925826289068,1.,0.965925826289068,1.,0.965925826289068,1.,0.965925826289068,
1.,0.99305397515929,0.988939846492912),(1.,0.965925826289068,1.,0.965925826289068,
1.,0.965925826289068,1.,0.965925826289068,1.,0.965925826289068,1.,0.965925826289068,
1.,0.965925826289068,1.,0.965925826289068,1.,0.965925826289068,1.,0.965925826289068,
1.,0.965925826289068,1.,0.965925826289068,1.,0.965925826289068,1.,0.965925826289068,
1.,0.965925826289068,1.,0.965925826289068,1.,0.965925826289068,1.,0.965925826289068,
1.,0.965925826289068,1.,0.965925826289068,1.,0.965925826289068,1.,0.965925826289068,
1.,0.965925826289068,1.,0.965925826289068,1.,0.965925826289068,1.,0.965925826289068,
1.,0.965925826289068,1.,0.965925826289068,1.,0.965925826289068,1.,0.965925826289068,
1.,0.965925826289068,1.,0.965925826289068,1.,0.965925826289068,1.,0.965925826289068,
1.,0.965925826289068,1.,0.965925826289068,1.,0.965925826289068,1.,0.965925826289068,
1.,0.965925826289068,1.,0.965925826289068,1.,0.965925826289068,1.,0.965925826289068,
1.,0.965925826289068,1.,0.965925826289068,1.,0.965925826289068,1.,0.965925826289068,
1.,0.965925826289068,1.,0.965925826289068,1.,0.965925826289068,1.,0.965925826289068,
1.,0.965925826289068,1.,0.965925826289068,1.,0.965925826289068,1.,0.965925826289068,
1.,0.965925826289068,1.,0.965925826289068,1.,0.965925826289068,1.,0.965925826289068,
1.,0.965925826289068,1.,0.965925826289068,1.,0.965925826289068,1.,0.965925826289068,
1.,0.965925826289068,1.,0.965925826289068,1.,0.965925826289068,1.,0.965925826289068,
1.,0.965925826289068,1.,0.965925826289068,1.,0.965925826289068,1.,0.965925826289068,
1.,0.965925826289068,1.,0.965925826289068,1.,0.965925826289068,1.,0.965925826289068,
1.,0.965925826289068,1.,0.965925826289068,1.,0.965925826289068,1.,0.965925826289068,
1.,0.965925826289068,1.,0.965925826289068,1.,0.965925826289068,1.,0.965925826289068,
1.,0.965925826289068,1.,0.965925826289068,1.,0.965925826289068,1.,0.965925826289068,
1.,0.99305397515929,0.988939846492912)))
REPRESENTATION_ITEM('')
SURFACE()
);
#22=VERTEX_LOOP('',#195);
#23=CONICAL_SURFACE('',#317,2.75298497263046E-16,1.0471975511966);
#24=TOROIDAL_SURFACE('',#310,1.34000000000002,0.16);
#25=TOROIDAL_SURFACE('',#318,0.900000000000001,0.1);
#26=LINE('',#946,#38);
#27=LINE('',#949,#39);
#28=LINE('',#951,#40);
#29=LINE('',#953,#41);
#30=LINE('',#955,#42);
#31=LINE('',#957,#43);
#32=LINE('',#971,#44);
#33=LINE('',#972,#45);
#34=LINE('',#979,#46);
#35=LINE('',#986,#47);
#36=LINE('',#993,#48);
#37=LINE('',#1000,#49);
#38=VECTOR('',#344,1000.);
#39=VECTOR('',#345,1000.);
#40=VECTOR('',#346,1000.);
#41=VECTOR('',#347,1000.);
#42=VECTOR('',#348,1000.);
#43=VECTOR('',#349,1000.);
#44=VECTOR('',#360,1000.);
#45=VECTOR('',#361,1000.);
#46=VECTOR('',#364,1000.);
#47=VECTOR('',#367,1000.);
#48=VECTOR('',#370,1000.);
#49=VECTOR('',#373,1000.);
#50=B_SPLINE_CURVE_WITH_KNOTS('',3,(#932,#933,#934,#935,#936),
 .UNSPECIFIED.,.F.,.F.,(4,1,4),(4.07874782255687E-18,0.000696372192516918,
0.00139274438503383),.UNSPECIFIED.);
#51=B_SPLINE_CURVE_WITH_KNOTS('',3,(#940,#941,#942,#943,#944),
 .UNSPECIFIED.,.F.,.F.,(4,1,4),(2.94926520914879E-19,0.000696674618541043,
0.00139334923708209),.UNSPECIFIED.);
#52=B_SPLINE_CURVE_WITH_KNOTS('',3,(#965,#966,#967,#968),.UNSPECIFIED.,
 .F.,.F.,(4,4),(2.38078915697134E-7,0.000874883716351602),.UNSPECIFIED.);
#53=B_SPLINE_CURVE_WITH_KNOTS('',3,(#974,#975,#976,#977),.UNSPECIFIED.,
 .F.,.F.,(4,4),(0.000943618552529148,0.00182444226668108),.UNSPECIFIED.);
#54=B_SPLINE_CURVE_WITH_KNOTS('',3,(#981,#982,#983,#984),.UNSPECIFIED.,
 .F.,.F.,(4,4),(2.38078915697328E-7,0.000874883716351641),.UNSPECIFIED.);
#55=B_SPLINE_CURVE_WITH_KNOTS('',3,(#988,#989,#990,#991),.UNSPECIFIED.,
 .F.,.F.,(4,4),(2.3807891569727E-7,0.0008748837163517),.UNSPECIFIED.);
#56=B_SPLINE_CURVE_WITH_KNOTS('',3,(#995,#996,#997,#998),.UNSPECIFIED.,
 .F.,.F.,(4,4),(0.000943618552529129,0.00182444226668104),.UNSPECIFIED.);
#57=B_SPLINE_CURVE_WITH_KNOTS('',3,(#1002,#1003,#1004,#1005),
 .UNSPECIFIED.,.F.,.F.,(4,4),(2.38078915697328E-7,0.000874883716351702),
 .UNSPECIFIED.);
#58=B_SPLINE_CURVE_WITH_KNOTS('',3,(#1010,#1011,#1012,#1013,#1014),
 .UNSPECIFIED.,.F.,.F.,(4,1,4),(3.20023351203302E-18,0.000696617427184821,
0.00139323485436964),.UNSPECIFIED.);
#59=B_SPLINE_CURVE_WITH_KNOTS('',3,(#1016,#1017,#1018,#1019,#1020),
 .UNSPECIFIED.,.F.,.F.,(4,1,4),(4.86956464090606E-18,0.000696987035363553,
0.0013939740707271),.UNSPECIFIED.);
#60=(
BOUNDED_CURVE()
B_SPLINE_CURVE(2,(#393,#394,#395,#396,#397,#398,#399,#400,#401,#402,#403,
#404,#405,#406,#407,#408,#409,#410,#411,#412,#413,#414,#415,#416,#417,#418,
#419,#420,#421,#422,#423,#424,#425,#426,#427,#428,#429,#430,#431,#432,#433,
#434,#435,#436,#437,#438,#439,#440,#441,#442,#443,#444,#445,#446,#447,#448,
#449,#450,#451,#452,#453,#454,#455,#456,#457,#458,#459,#460,#461,#462,#463,
#464,#465,#466,#467,#468,#469,#470,#471,#472,#473,#474,#475,#476,#477,#478,
#479,#480,#481,#482,#483,#484,#485,#486,#487,#488,#489,#490,#491,#492,#493,
#494,#495,#496,#497,#498,#499,#500,#501,#502,#503,#504,#505,#506,#507,#508,
#509,#510,#511,#512,#513,#514,#515,#516,#517,#518,#519,#520,#521,#522,#523,
#524,#525,#526,#527,#528,#529,#530,#531,#532,#533,#534,#535,#536,#537,#538,
#539,#540,#541,#542,#543,#544,#545,#546,#547,#548,#549,#550,#551,#552,#553,
#554,#555,#556,#557,#558,#559,#560,#561,#562,#563,#564,#565,#566,#567,#568,
#569,#570,#571,#572,#573,#574,#575,#576,#577,#578,#579,#580,#581,#582,#583,
#584,#585,#586,#587,#588,#589,#590,#591,#592,#593,#594,#595,#596,#597,#598,
#599,#600,#601,#602,#603,#604,#605,#606,#607,#608,#609,#610,#611,#612,#613,
#614,#615,#616,#617,#618,#619,#620,#621,#622,#623,#624,#625,#626,#627,#628,
#629,#630,#631,#632,#633,#634,#635,#636,#637,#638,#639,#640,#641,#642,#643,
#644,#645,#646,#647,#648,#649,#650,#651,#652,#653,#654,#655,#656,#657),
 .UNSPECIFIED.,.F.,.F.)
B_SPLINE_CURVE_WITH_KNOTS((3,2,2,2,2,2,2,2,2,2,2,2,2,2,2,2,2,2,2,2,2,2,
2,2,2,2,2,2,2,2,2,2,2,2,2,2,2,2,2,2,2,2,2,2,2,2,2,2,2,2,2,2,2,2,2,2,2,2,
2,2,2,2,2,2,2,2,2,2,2,2,2,2,2,2,2,2,2,2,2,2,2,2,2,2,2,2,2,2,2,2,2,2,2,2,
2,2,2,2,2,2,2,2,2,2,2,2,2,2,2,2,2,2,2,2,2,2,2,2,2,2,2,2,2,2,2,2,2,2,2,2,
2,2,3),(0.,0.00757575757575758,0.0151515151515152,0.0227272727272727,0.0303030303030303,
0.0378787878787879,0.0454545454545455,0.053030303030303,0.0606060606060606,
0.0681818181818182,0.0757575757575758,0.0833333333333333,0.0909090909090909,
0.0984848484848485,0.106060606060606,0.113636363636364,0.121212121212121,
0.128787878787879,0.136363636363636,0.143939393939394,0.151515151515152,
0.159090909090909,0.166666666666667,0.174242424242424,0.181818181818182,
0.189393939393939,0.196969696969697,0.204545454545455,0.212121212121212,
0.21969696969697,0.227272727272727,0.234848484848485,0.242424242424242,
0.25,0.257575757575758,0.265151515151515,0.272727272727273,0.28030303030303,
0.287878787878788,0.295454545454545,0.303030303030303,0.310606060606061,
0.318181818181818,0.325757575757576,0.333333333333333,0.340909090909091,
0.348484848484849,0.356060606060606,0.363636363636364,0.371212121212121,
0.378787878787879,0.386363636363636,0.393939393939394,0.401515151515151,
0.409090909090909,0.416666666666667,0.424242424242424,0.431818181818182,
0.439393939393939,0.446969696969697,0.454545454545455,0.462121212121212,
0.46969696969697,0.477272727272727,0.484848484848485,0.492424242424242,
0.5,0.507575757575758,0.515151515151515,0.522727272727273,0.53030303030303,
0.537878787878788,0.545454545454545,0.553030303030303,0.560606060606061,
0.568181818181818,0.575757575757576,0.583333333333333,0.590909090909091,
0.598484848484849,0.606060606060606,0.613636363636364,0.621212121212121,
0.628787878787879,0.636363636363636,0.643939393939394,0.651515151515151,
0.659090909090909,0.666666666666667,0.674242424242424,0.681818181818182,
0.689393939393939,0.696969696969697,0.704545454545455,0.712121212121212,
0.71969696969697,0.727272727272727,0.734848484848485,0.742424242424242,
0.75,0.757575757575758,0.765151515151515,0.772727272727273,0.78030303030303,
0.787878787878788,0.795454545454545,0.803030303030303,0.810606060606061,
0.818181818181818,0.825757575757576,0.833333333333333,0.840909090909091,
0.848484848484849,0.856060606060606,0.863636363636364,0.871212121212121,
0.878787878787879,0.886363636363636,0.893939393939394,0.901515151515151,
0.909090909090909,0.916666666666667,0.924242424242424,0.931818181818182,
0.939393939393939,0.946969696969697,0.954545454545455,0.962121212121212,
0.96969696969697,0.977272727272727,0.984848484848485,0.992424242424242,
1.),.UNSPECIFIED.)
CURVE()
GEOMETRIC_REPRESENTATION_ITEM()
RATIONAL_B_SPLINE_CURVE((1.,0.965925826289068,1.,0.965925826289068,1.,0.965925826289068,
1.,0.965925826289068,1.,0.965925826289068,1.,0.965925826289068,1.,0.965925826289068,
1.,0.965925826289068,1.,0.965925826289068,1.,0.965925826289068,1.,0.965925826289068,
1.,0.965925826289068,1.,0.965925826289068,1.,0.965925826289068,1.,0.965925826289068,
1.,0.965925826289068,1.,0.965925826289068,1.,0.965925826289068,1.,0.965925826289068,
1.,0.965925826289068,1.,0.965925826289068,1.,0.965925826289068,1.,0.965925826289068,
1.,0.965925826289068,1.,0.965925826289068,1.,0.965925826289068,1.,0.965925826289068,
1.,0.965925826289068,1.,0.965925826289068,1.,0.965925826289068,1.,0.965925826289068,
1.,0.965925826289068,1.,0.965925826289068,1.,0.965925826289068,1.,0.965925826289068,
1.,0.965925826289068,1.,0.965925826289068,1.,0.965925826289068,1.,0.965925826289068,
1.,0.965925826289068,1.,0.965925826289068,1.,0.965925826289068,1.,0.965925826289068,
1.,0.965925826289068,1.,0.965925826289068,1.,0.965925826289068,1.,0.965925826289068,
1.,0.965925826289068,1.,0.965925826289068,1.,0.965925826289068,1.,0.965925826289068,
1.,0.965925826289068,1.,0.965925826289068,1.,0.965925826289068,1.,0.965925826289068,
1.,0.965925826289068,1.,0.965925826289068,1.,0.965925826289068,1.,0.965925826289068,
1.,0.965925826289068,1.,0.965925826289068,1.,0.965925826289068,1.,0.965925826289068,
1.,0.965925826289068,1.,0.965925826289068,1.,0.965925826289068,1.,0.965925826289068,
1.,0.965925826289068,1.,0.965925826289068,1.,0.965925826289068,1.,0.965925826289068,
1.,0.965925826289068,1.,0.965925826289068,1.,0.965925826289068,1.,0.965925826289068,
1.,0.965925826289068,1.,0.965925826289068,1.,0.965925826289068,1.,0.965925826289068,
1.,0.965925826289068,1.,0.965925826289068,1.,0.965925826289068,1.,0.965925826289068,
1.,0.965925826289068,1.,0.965925826289068,1.,0.965925826289068,1.,0.965925826289068,
1.,0.965925826289068,1.,0.965925826289068,1.,0.965925826289068,1.,0.965925826289068,
1.,0.965925826289068,1.,0.965925826289068,1.,0.965925826289068,1.,0.965925826289068,
1.,0.965925826289068,1.,0.965925826289068,1.,0.965925826289068,1.,0.965925826289068,
1.,0.965925826289068,1.,0.965925826289068,1.,0.965925826289068,1.,0.965925826289068,
1.,0.965925826289068,1.,0.965925826289068,1.,0.965925826289068,1.,0.965925826289068,
1.,0.965925826289068,1.,0.965925826289068,1.,0.965925826289068,1.,0.965925826289068,
1.,0.965925826289068,1.,0.965925826289068,1.,0.965925826289068,1.,0.965925826289068,
1.,0.965925826289068,1.,0.965925826289068,1.,0.965925826289068,1.,0.965925826289068,
1.,0.965925826289068,1.,0.965925826289068,1.,0.965925826289068,1.,0.965925826289068,
1.,0.965925826289068,1.,0.965925826289068,1.,0.965925826289068,1.,0.965925826289068,
1.,0.965925826289068,1.,0.965925826289068,1.,0.965925826289068,1.,0.965925826289068,
1.,0.965925826289068,1.))
REPRESENTATION_ITEM('')
);
#61=(
BOUNDED_CURVE()
B_SPLINE_CURVE(2,(#662,#663,#664,#665,#666,#667,#668,#669,#670,#671,#672,
#673,#674,#675,#676,#677,#678,#679,#680,#681,#682,#683,#684,#685,#686,#687,
#688,#689,#690,#691,#692,#693,#694,#695,#696,#697,#698,#699,#700,#701,#702,
#703,#704,#705,#706,#707,#708,#709,#710,#711,#712,#713,#714,#715,#716,#717,
#718,#719,#720,#721,#722,#723,#724,#725,#726,#727,#728,#729,#730,#731,#732,
#733,#734,#735,#736,#737,#738,#739,#740,#741,#742,#743,#744,#745,#746,#747,
#748,#749,#750,#751,#752,#753,#754,#755,#756,#757,#758,#759,#760,#761,#762,
#763,#764,#765,#766,#767,#768,#769,#770,#771,#772,#773,#774,#775,#776,#777,
#778,#779,#780,#781,#782,#783,#784,#785,#786,#787,#788,#789,#790,#791,#792,
#793,#794,#795,#796,#797,#798,#799,#800,#801,#802,#803,#804,#805,#806,#807,
#808,#809,#810,#811,#812,#813,#814,#815,#816,#817,#818,#819,#820,#821,#822,
#823,#824,#825,#826,#827,#828,#829,#830,#831,#832,#833,#834,#835,#836,#837,
#838,#839,#840,#841,#842,#843,#844,#845,#846,#847,#848,#849,#850,#851,#852,
#853,#854,#855,#856,#857,#858,#859,#860,#861,#862,#863,#864,#865,#866,#867,
#868,#869,#870,#871,#872,#873,#874,#875,#876,#877,#878,#879,#880,#881,#882,
#883,#884,#885,#886,#887,#888,#889,#890,#891,#892,#893,#894,#895,#896,#897,
#898,#899,#900,#901,#902,#903,#904,#905,#906,#907,#908,#909,#910,#911,#912,
#913,#914,#915,#916,#917,#918,#919,#920,#921,#922,#923,#924,#925,#926),
 .UNSPECIFIED.,.F.,.F.)
B_SPLINE_CURVE_WITH_KNOTS((3,2,2,2,2,2,2,2,2,2,2,2,2,2,2,2,2,2,2,2,2,2,
2,2,2,2,2,2,2,2,2,2,2,2,2,2,2,2,2,2,2,2,2,2,2,2,2,2,2,2,2,2,2,2,2,2,2,2,
2,2,2,2,2,2,2,2,2,2,2,2,2,2,2,2,2,2,2,2,2,2,2,2,2,2,2,2,2,2,2,2,2,2,2,2,
2,2,2,2,2,2,2,2,2,2,2,2,2,2,2,2,2,2,2,2,2,2,2,2,2,2,2,2,2,2,2,2,2,2,2,2,
2,2,3),(0.,0.00757575757575758,0.0151515151515152,0.0227272727272727,0.0303030303030303,
0.0378787878787879,0.0454545454545455,0.053030303030303,0.0606060606060606,
0.0681818181818182,0.0757575757575758,0.0833333333333333,0.0909090909090909,
0.0984848484848485,0.106060606060606,0.113636363636364,0.121212121212121,
0.128787878787879,0.136363636363636,0.143939393939394,0.151515151515152,
0.159090909090909,0.166666666666667,0.174242424242424,0.181818181818182,
0.189393939393939,0.196969696969697,0.204545454545455,0.212121212121212,
0.21969696969697,0.227272727272727,0.234848484848485,0.242424242424242,
0.25,0.257575757575758,0.265151515151515,0.272727272727273,0.28030303030303,
0.287878787878788,0.295454545454545,0.303030303030303,0.310606060606061,
0.318181818181818,0.325757575757576,0.333333333333333,0.340909090909091,
0.348484848484849,0.356060606060606,0.363636363636364,0.371212121212121,
0.378787878787879,0.386363636363636,0.393939393939394,0.401515151515151,
0.409090909090909,0.416666666666667,0.424242424242424,0.431818181818182,
0.439393939393939,0.446969696969697,0.454545454545455,0.462121212121212,
0.46969696969697,0.477272727272727,0.484848484848485,0.492424242424242,
0.5,0.507575757575758,0.515151515151515,0.522727272727273,0.53030303030303,
0.537878787878788,0.545454545454545,0.553030303030303,0.560606060606061,
0.568181818181818,0.575757575757576,0.583333333333333,0.590909090909091,
0.598484848484849,0.606060606060606,0.613636363636364,0.621212121212121,
0.628787878787879,0.636363636363636,0.643939393939394,0.651515151515151,
0.659090909090909,0.666666666666667,0.674242424242424,0.681818181818182,
0.689393939393939,0.696969696969697,0.704545454545455,0.712121212121212,
0.71969696969697,0.727272727272727,0.734848484848485,0.742424242424242,
0.75,0.757575757575758,0.765151515151515,0.772727272727273,0.78030303030303,
0.787878787878788,0.795454545454545,0.803030303030303,0.810606060606061,
0.818181818181818,0.825757575757576,0.833333333333333,0.840909090909091,
0.848484848484849,0.856060606060606,0.863636363636364,0.871212121212121,
0.878787878787879,0.886363636363636,0.893939393939394,0.901515151515151,
0.909090909090909,0.916666666666667,0.924242424242424,0.931818181818182,
0.939393939393939,0.946969696969697,0.954545454545455,0.962121212121212,
0.96969696969697,0.977272727272727,0.984848484848485,0.992424242424242,
1.),.UNSPECIFIED.)
CURVE()
GEOMETRIC_REPRESENTATION_ITEM()
RATIONAL_B_SPLINE_CURVE((1.,0.965925826289068,1.,0.965925826289068,1.,0.965925826289068,
1.,0.965925826289068,1.,0.965925826289068,1.,0.965925826289068,1.,0.965925826289068,
1.,0.965925826289068,1.,0.965925826289068,1.,0.965925826289068,1.,0.965925826289068,
1.,0.965925826289068,1.,0.965925826289068,1.,0.965925826289068,1.,0.965925826289068,
1.,0.965925826289068,1.,0.965925826289068,1.,0.965925826289068,1.,0.965925826289068,
1.,0.965925826289068,1.,0.965925826289068,1.,0.965925826289068,1.,0.965925826289068,
1.,0.965925826289068,1.,0.965925826289068,1.,0.965925826289068,1.,0.965925826289068,
1.,0.965925826289068,1.,0.965925826289068,1.,0.965925826289068,1.,0.965925826289068,
1.,0.965925826289068,1.,0.965925826289068,1.,0.965925826289068,1.,0.965925826289068,
1.,0.965925826289068,1.,0.965925826289068,1.,0.965925826289068,1.,0.965925826289068,
1.,0.965925826289068,1.,0.965925826289068,1.,0.965925826289068,1.,0.965925826289068,
1.,0.965925826289068,1.,0.965925826289068,1.,0.965925826289068,1.,0.965925826289068,
1.,0.965925826289068,1.,0.965925826289068,1.,0.965925826289068,1.,0.965925826289068,
1.,0.965925826289068,1.,0.965925826289068,1.,0.965925826289068,1.,0.965925826289068,
1.,0.965925826289068,1.,0.965925826289068,1.,0.965925826289068,1.,0.965925826289068,
1.,0.965925826289068,1.,0.965925826289068,1.,0.965925826289068,1.,0.965925826289068,
1.,0.965925826289068,1.,0.965925826289068,1.,0.965925826289068,1.,0.965925826289068,
1.,0.965925826289068,1.,0.965925826289068,1.,0.965925826289068,1.,0.965925826289068,
1.,0.965925826289068,1.,0.965925826289068,1.,0.965925826289068,1.,0.965925826289068,
1.,0.965925826289068,1.,0.965925826289068,1.,0.965925826289068,1.,0.965925826289068,
1.,0.965925826289068,1.,0.965925826289068,1.,0.965925826289068,1.,0.965925826289068,
1.,0.965925826289068,1.,0.965925826289068,1.,0.965925826289068,1.,0.965925826289068,
1.,0.965925826289068,1.,0.965925826289068,1.,0.965925826289068,1.,0.965925826289068,
1.,0.965925826289068,1.,0.965925826289068,1.,0.965925826289068,1.,0.965925826289068,
1.,0.965925826289068,1.,0.965925826289068,1.,0.965925826289068,1.,0.965925826289068,
1.,0.965925826289068,1.,0.965925826289068,1.,0.965925826289068,1.,0.965925826289068,
1.,0.965925826289068,1.,0.965925826289068,1.,0.965925826289068,1.,0.965925826289068,
1.,0.965925826289068,1.,0.965925826289068,1.,0.965925826289068,1.,0.965925826289068,
1.,0.965925826289068,1.,0.965925826289068,1.,0.965925826289068,1.,0.965925826289068,
1.,0.965925826289068,1.,0.965925826289068,1.,0.965925826289068,1.,0.965925826289068,
1.,0.965925826289068,1.,0.965925826289068,1.,0.965925826289068,1.,0.965925826289068,
1.,0.965925826289068,1.,0.965925826289068,1.,0.965925826289068,1.,0.965925826289068,
1.,0.965925826289068,1.,0.965925826289068,1.,0.965925826289068,1.,0.965925826289068,
1.,0.965925826289068,1.))
REPRESENTATION_ITEM('')
);
#62=(
BOUNDED_CURVE()
B_SPLINE_CURVE(2,(#1373,#1374,#1375,#1376,#1377,#1378,#1379,#1380,#1381,
#1382,#1383,#1384,#1385,#1386,#1387,#1388,#1389,#1390,#1391,#1392,#1393,
#1394,#1395,#1396,#1397,#1398,#1399,#1400,#1401,#1402,#1403,#1404,#1405,
#1406,#1407,#1408,#1409,#1410,#1411,#1412,#1413,#1414,#1415,#1416,#1417,
#1418,#1419,#1420,#1421,#1422,#1423,#1424,#1425,#1426,#1427,#1428,#1429,
#1430,#1431,#1432,#1433,#1434,#1435,#1436,#1437,#1438,#1439,#1440,#1441,
#1442,#1443,#1444,#1445,#1446,#1447,#1448,#1449,#1450,#1451,#1452,#1453,
#1454,#1455,#1456,#1457,#1458,#1459,#1460,#1461,#1462,#1463,#1464,#1465,
#1466,#1467,#1468,#1469,#1470,#1471,#1472,#1473,#1474,#1475,#1476,#1477,
#1478,#1479,#1480,#1481,#1482,#1483,#1484,#1485,#1486,#1487,#1488,#1489,
#1490,#1491,#1492,#1493,#1494,#1495,#1496,#1497,#1498,#1499,#1500,#1501,
#1502,#1503,#1504,#1505,#1506,#1507,#1508,#1509,#1510,#1511,#1512,#1513,
#1514,#1515,#1516,#1517,#1518,#1519,#1520,#1521,#1522,#1523,#1524,#1525,
#1526,#1527,#1528,#1529,#1530,#1531,#1532,#1533,#1534,#1535,#1536,#1537,
#1538,#1539,#1540,#1541,#1542,#1543,#1544,#1545,#1546,#1547,#1548,#1549,
#1550,#1551,#1552,#1553,#1554,#1555,#1556,#1557,#1558,#1559,#1560,#1561,
#1562,#1563,#1564,#1565,#1566,#1567,#1568,#1569,#1570,#1571,#1572,#1573,
#1574,#1575,#1576,#1577,#1578,#1579,#1580,#1581,#1582,#1583,#1584,#1585,
#1586,#1587,#1588,#1589,#1590,#1591,#1592,#1593,#1594,#1595,#1596,#1597,
#1598,#1599,#1600,#1601,#1602,#1603,#1604,#1605,#1606,#1607,#1608,#1609,
#1610,#1611,#1612,#1613,#1614,#1615,#1616,#1617,#1618,#1619,#1620,#1621,
#1622,#1623,#1624,#1625,#1626,#1627,#1628,#1629,#1630,#1631,#1632,#1633,
#1634,#1635,#1636,#1637),.UNSPECIFIED.,.F.,.F.)
B_SPLINE_CURVE_WITH_KNOTS((3,2,2,2,2,2,2,2,2,2,2,2,2,2,2,2,2,2,2,2,2,2,
2,2,2,2,2,2,2,2,2,2,2,2,2,2,2,2,2,2,2,2,2,2,2,2,2,2,2,2,2,2,2,2,2,2,2,2,
2,2,2,2,2,2,2,2,2,2,2,2,2,2,2,2,2,2,2,2,2,2,2,2,2,2,2,2,2,2,2,2,2,2,2,2,
2,2,2,2,2,2,2,2,2,2,2,2,2,2,2,2,2,2,2,2,2,2,2,2,2,2,2,2,2,2,2,2,2,2,2,2,
2,2,3),(0.,0.00757575757575758,0.0151515151515152,0.0227272727272727,0.0303030303030303,
0.0378787878787879,0.0454545454545455,0.053030303030303,0.0606060606060606,
0.0681818181818182,0.0757575757575758,0.0833333333333333,0.0909090909090909,
0.0984848484848485,0.106060606060606,0.113636363636364,0.121212121212121,
0.128787878787879,0.136363636363636,0.143939393939394,0.151515151515152,
0.159090909090909,0.166666666666667,0.174242424242424,0.181818181818182,
0.189393939393939,0.196969696969697,0.204545454545455,0.212121212121212,
0.21969696969697,0.227272727272727,0.234848484848485,0.242424242424242,
0.25,0.257575757575758,0.265151515151515,0.272727272727273,0.28030303030303,
0.287878787878788,0.295454545454545,0.303030303030303,0.310606060606061,
0.318181818181818,0.325757575757576,0.333333333333333,0.340909090909091,
0.348484848484849,0.356060606060606,0.363636363636364,0.371212121212121,
0.378787878787879,0.386363636363636,0.393939393939394,0.401515151515151,
0.409090909090909,0.416666666666667,0.424242424242424,0.431818181818182,
0.439393939393939,0.446969696969697,0.454545454545455,0.462121212121212,
0.46969696969697,0.477272727272727,0.484848484848485,0.492424242424242,
0.5,0.507575757575758,0.515151515151515,0.522727272727273,0.53030303030303,
0.537878787878788,0.545454545454545,0.553030303030303,0.560606060606061,
0.568181818181818,0.575757575757576,0.583333333333333,0.590909090909091,
0.598484848484849,0.606060606060606,0.613636363636364,0.621212121212121,
0.628787878787879,0.636363636363636,0.643939393939394,0.651515151515151,
0.659090909090909,0.666666666666667,0.674242424242424,0.681818181818182,
0.689393939393939,0.696969696969697,0.704545454545455,0.712121212121212,
0.71969696969697,0.727272727272727,0.734848484848485,0.742424242424242,
0.75,0.757575757575758,0.765151515151515,0.772727272727273,0.78030303030303,
0.787878787878788,0.795454545454545,0.803030303030303,0.810606060606061,
0.818181818181818,0.825757575757576,0.833333333333333,0.840909090909091,
0.848484848484849,0.856060606060606,0.863636363636364,0.871212121212121,
0.878787878787879,0.886363636363636,0.893939393939394,0.901515151515151,
0.909090909090909,0.916666666666667,0.924242424242424,0.931818181818182,
0.939393939393939,0.946969696969697,0.954545454545455,0.962121212121212,
0.96969696969697,0.977272727272727,0.984848484848485,0.992424242424242,
1.),.UNSPECIFIED.)
CURVE()
GEOMETRIC_REPRESENTATION_ITEM()
RATIONAL_B_SPLINE_CURVE((1.,0.965925826289068,1.,0.965925826289068,1.,0.965925826289068,
1.,0.965925826289068,1.,0.965925826289068,1.,0.965925826289068,1.,0.965925826289068,
1.,0.965925826289068,1.,0.965925826289068,1.,0.965925826289068,1.,0.965925826289068,
1.,0.965925826289068,1.,0.965925826289068,1.,0.965925826289068,1.,0.965925826289068,
1.,0.965925826289068,1.,0.965925826289068,1.,0.965925826289068,1.,0.965925826289068,
1.,0.965925826289068,1.,0.965925826289068,1.,0.965925826289068,1.,0.965925826289068,
1.,0.965925826289068,1.,0.965925826289068,1.,0.965925826289068,1.,0.965925826289068,
1.,0.965925826289068,1.,0.965925826289068,1.,0.965925826289068,1.,0.965925826289068,
1.,0.965925826289068,1.,0.965925826289068,1.,0.965925826289068,1.,0.965925826289068,
1.,0.965925826289068,1.,0.965925826289068,1.,0.965925826289068,1.,0.965925826289068,
1.,0.965925826289068,1.,0.965925826289068,1.,0.965925826289068,1.,0.965925826289068,
1.,0.965925826289068,1.,0.965925826289068,1.,0.965925826289068,1.,0.965925826289068,
1.,0.965925826289068,1.,0.965925826289068,1.,0.965925826289068,1.,0.965925826289068,
1.,0.965925826289068,1.,0.965925826289068,1.,0.965925826289068,1.,0.965925826289068,
1.,0.965925826289068,1.,0.965925826289068,1.,0.965925826289068,1.,0.965925826289068,
1.,0.965925826289068,1.,0.965925826289068,1.,0.965925826289068,1.,0.965925826289068,
1.,0.965925826289068,1.,0.965925826289068,1.,0.965925826289068,1.,0.965925826289068,
1.,0.965925826289068,1.,0.965925826289068,1.,0.965925826289068,1.,0.965925826289068,
1.,0.965925826289068,1.,0.965925826289068,1.,0.965925826289068,1.,0.965925826289068,
1.,0.965925826289068,1.,0.965925826289068,1.,0.965925826289068,1.,0.965925826289068,
1.,0.965925826289068,1.,0.965925826289068,1.,0.965925826289068,1.,0.965925826289068,
1.,0.965925826289068,1.,0.965925826289068,1.,0.965925826289068,1.,0.965925826289068,
1.,0.965925826289068,1.,0.965925826289068,1.,0.965925826289068,1.,0.965925826289068,
1.,0.965925826289068,1.,0.965925826289068,1.,0.965925826289068,1.,0.965925826289068,
1.,0.965925826289068,1.,0.965925826289068,1.,0.965925826289068,1.,0.965925826289068,
1.,0.965925826289068,1.,0.965925826289068,1.,0.965925826289068,1.,0.965925826289068,
1.,0.965925826289068,1.,0.965925826289068,1.,0.965925826289068,1.,0.965925826289068,
1.,0.965925826289068,1.,0.965925826289068,1.,0.965925826289068,1.,0.965925826289068,
1.,0.965925826289068,1.,0.965925826289068,1.,0.965925826289068,1.,0.965925826289068,
1.,0.965925826289068,1.,0.965925826289068,1.,0.965925826289068,1.,0.965925826289068,
1.,0.965925826289068,1.,0.965925826289068,1.,0.965925826289068,1.,0.965925826289068,
1.,0.965925826289068,1.,0.965925826289068,1.,0.965925826289068,1.,0.965925826289068,
1.,0.965925826289068,1.,0.965925826289068,1.,0.965925826289068,1.,0.965925826289068,
1.,0.965925826289068,1.))
REPRESENTATION_ITEM('')
);
#63=(
BOUNDED_CURVE()
B_SPLINE_CURVE(2,(#1639,#1640,#1641,#1642,#1643,#1644,#1645,#1646,#1647,
#1648,#1649,#1650,#1651,#1652,#1653,#1654,#1655,#1656,#1657,#1658,#1659,
#1660,#1661,#1662,#1663,#1664,#1665,#1666,#1667,#1668,#1669,#1670,#1671,
#1672,#1673,#1674,#1675,#1676,#1677,#1678,#1679,#1680,#1681,#1682,#1683,
#1684,#1685,#1686,#1687,#1688,#1689,#1690,#1691,#1692,#1693,#1694,#1695,
#1696,#1697,#1698,#1699,#1700,#1701,#1702,#1703,#1704,#1705,#1706,#1707,
#1708,#1709,#1710,#1711,#1712,#1713,#1714,#1715,#1716,#1717,#1718,#1719,
#1720,#1721,#1722,#1723,#1724,#1725,#1726,#1727,#1728,#1729,#1730,#1731,
#1732,#1733,#1734,#1735,#1736,#1737,#1738,#1739,#1740,#1741,#1742,#1743,
#1744,#1745,#1746,#1747,#1748,#1749,#1750,#1751,#1752,#1753,#1754,#1755,
#1756,#1757,#1758,#1759,#1760,#1761,#1762,#1763,#1764,#1765,#1766,#1767,
#1768,#1769,#1770,#1771,#1772,#1773,#1774,#1775,#1776,#1777,#1778,#1779,
#1780,#1781,#1782,#1783,#1784,#1785,#1786,#1787,#1788,#1789,#1790,#1791,
#1792,#1793,#1794,#1795,#1796,#1797,#1798,#1799,#1800,#1801,#1802,#1803,
#1804,#1805,#1806,#1807,#1808,#1809,#1810,#1811,#1812,#1813,#1814,#1815,
#1816,#1817,#1818,#1819,#1820,#1821,#1822,#1823,#1824,#1825,#1826,#1827,
#1828,#1829,#1830,#1831,#1832,#1833,#1834,#1835,#1836,#1837,#1838,#1839,
#1840,#1841,#1842,#1843,#1844,#1845,#1846,#1847,#1848,#1849,#1850,#1851,
#1852,#1853,#1854,#1855,#1856,#1857,#1858,#1859,#1860,#1861,#1862,#1863,
#1864,#1865,#1866,#1867,#1868,#1869,#1870,#1871,#1872,#1873,#1874,#1875,
#1876,#1877,#1878,#1879,#1880,#1881,#1882,#1883,#1884,#1885,#1886,#1887,
#1888,#1889,#1890,#1891,#1892,#1893,#1894,#1895,#1896,#1897,#1898,#1899,
#1900,#1901,#1902,#1903),.UNSPECIFIED.,.F.,.F.)
B_SPLINE_CURVE_WITH_KNOTS((3,2,2,2,2,2,2,2,2,2,2,2,2,2,2,2,2,2,2,2,2,2,
2,2,2,2,2,2,2,2,2,2,2,2,2,2,2,2,2,2,2,2,2,2,2,2,2,2,2,2,2,2,2,2,2,2,2,2,
2,2,2,2,2,2,2,2,2,2,2,2,2,2,2,2,2,2,2,2,2,2,2,2,2,2,2,2,2,2,2,2,2,2,2,2,
2,2,2,2,2,2,2,2,2,2,2,2,2,2,2,2,2,2,2,2,2,2,2,2,2,2,2,2,2,2,2,2,2,2,2,2,
2,2,3),(0.,0.00757575757575758,0.0151515151515152,0.0227272727272727,0.0303030303030303,
0.0378787878787879,0.0454545454545455,0.053030303030303,0.0606060606060606,
0.0681818181818182,0.0757575757575758,0.0833333333333333,0.0909090909090909,
0.0984848484848485,0.106060606060606,0.113636363636364,0.121212121212121,
0.128787878787879,0.136363636363636,0.143939393939394,0.151515151515152,
0.159090909090909,0.166666666666667,0.174242424242424,0.181818181818182,
0.189393939393939,0.196969696969697,0.204545454545455,0.212121212121212,
0.21969696969697,0.227272727272727,0.234848484848485,0.242424242424242,
0.25,0.257575757575758,0.265151515151515,0.272727272727273,0.28030303030303,
0.287878787878788,0.295454545454545,0.303030303030303,0.310606060606061,
0.318181818181818,0.325757575757576,0.333333333333333,0.340909090909091,
0.348484848484849,0.356060606060606,0.363636363636364,0.371212121212121,
0.378787878787879,0.386363636363636,0.393939393939394,0.401515151515151,
0.409090909090909,0.416666666666667,0.424242424242424,0.431818181818182,
0.439393939393939,0.446969696969697,0.454545454545455,0.462121212121212,
0.46969696969697,0.477272727272727,0.484848484848485,0.492424242424242,
0.5,0.507575757575758,0.515151515151515,0.522727272727273,0.53030303030303,
0.537878787878788,0.545454545454545,0.553030303030303,0.560606060606061,
0.568181818181818,0.575757575757576,0.583333333333333,0.590909090909091,
0.598484848484849,0.606060606060606,0.613636363636364,0.621212121212121,
0.628787878787879,0.636363636363636,0.643939393939394,0.651515151515151,
0.659090909090909,0.666666666666667,0.674242424242424,0.681818181818182,
0.689393939393939,0.696969696969697,0.704545454545455,0.712121212121212,
0.71969696969697,0.727272727272727,0.734848484848485,0.742424242424242,
0.75,0.757575757575758,0.765151515151515,0.772727272727273,0.78030303030303,
0.787878787878788,0.795454545454545,0.803030303030303,0.810606060606061,
0.818181818181818,0.825757575757576,0.833333333333333,0.840909090909091,
0.848484848484849,0.856060606060606,0.863636363636364,0.871212121212121,
0.878787878787879,0.886363636363636,0.893939393939394,0.901515151515151,
0.909090909090909,0.916666666666667,0.924242424242424,0.931818181818182,
0.939393939393939,0.946969696969697,0.954545454545455,0.962121212121212,
0.96969696969697,0.977272727272727,0.984848484848485,0.992424242424242,
1.),.UNSPECIFIED.)
CURVE()
GEOMETRIC_REPRESENTATION_ITEM()
RATIONAL_B_SPLINE_CURVE((1.,0.965925826289068,1.,0.965925826289068,1.,0.965925826289068,
1.,0.965925826289068,1.,0.965925826289068,1.,0.965925826289068,1.,0.965925826289068,
1.,0.965925826289068,1.,0.965925826289068,1.,0.965925826289068,1.,0.965925826289068,
1.,0.965925826289068,1.,0.965925826289068,1.,0.965925826289068,1.,0.965925826289068,
1.,0.965925826289068,1.,0.965925826289068,1.,0.965925826289068,1.,0.965925826289068,
1.,0.965925826289068,1.,0.965925826289068,1.,0.965925826289068,1.,0.965925826289068,
1.,0.965925826289068,1.,0.965925826289068,1.,0.965925826289068,1.,0.965925826289068,
1.,0.965925826289068,1.,0.965925826289068,1.,0.965925826289068,1.,0.965925826289068,
1.,0.965925826289068,1.,0.965925826289068,1.,0.965925826289068,1.,0.965925826289068,
1.,0.965925826289068,1.,0.965925826289068,1.,0.965925826289068,1.,0.965925826289068,
1.,0.965925826289068,1.,0.965925826289068,1.,0.965925826289068,1.,0.965925826289068,
1.,0.965925826289068,1.,0.965925826289068,1.,0.965925826289068,1.,0.965925826289068,
1.,0.965925826289068,1.,0.965925826289068,1.,0.965925826289068,1.,0.965925826289068,
1.,0.965925826289068,1.,0.965925826289068,1.,0.965925826289068,1.,0.965925826289068,
1.,0.965925826289068,1.,0.965925826289068,1.,0.965925826289068,1.,0.965925826289068,
1.,0.965925826289068,1.,0.965925826289068,1.,0.965925826289068,1.,0.965925826289068,
1.,0.965925826289068,1.,0.965925826289068,1.,0.965925826289068,1.,0.965925826289068,
1.,0.965925826289068,1.,0.965925826289068,1.,0.965925826289068,1.,0.965925826289068,
1.,0.965925826289068,1.,0.965925826289068,1.,0.965925826289068,1.,0.965925826289068,
1.,0.965925826289068,1.,0.965925826289068,1.,0.965925826289068,1.,0.965925826289068,
1.,0.965925826289068,1.,0.965925826289068,1.,0.965925826289068,1.,0.965925826289068,
1.,0.965925826289068,1.,0.965925826289068,1.,0.965925826289068,1.,0.965925826289068,
1.,0.965925826289068,1.,0.965925826289068,1.,0.965925826289068,1.,0.965925826289068,
1.,0.965925826289068,1.,0.965925826289068,1.,0.965925826289068,1.,0.965925826289068,
1.,0.965925826289068,1.,0.965925826289068,1.,0.965925826289068,1.,0.965925826289068,
1.,0.965925826289068,1.,0.965925826289068,1.,0.965925826289068,1.,0.965925826289068,
1.,0.965925826289068,1.,0.965925826289068,1.,0.965925826289068,1.,0.965925826289068,
1.,0.965925826289068,1.,0.965925826289068,1.,0.965925826289068,1.,0.965925826289068,
1.,0.965925826289068,1.,0.965925826289068,1.,0.965925826289068,1.,0.965925826289068,
1.,0.965925826289068,1.,0.965925826289068,1.,0.965925826289068,1.,0.965925826289068,
1.,0.965925826289068,1.,0.965925826289068,1.,0.965925826289068,1.,0.965925826289068,
1.,0.965925826289068,1.,0.965925826289068,1.,0.965925826289068,1.,0.965925826289068,
1.,0.965925826289068,1.,0.965925826289068,1.,0.965925826289068,1.,0.965925826289068,
1.,0.965925826289068,1.))
REPRESENTATION_ITEM('')
);
#64=CYLINDRICAL_SURFACE('',#300,0.800000000000001);
#65=CYLINDRICAL_SURFACE('',#308,1.50000000000002);
#66=CYLINDRICAL_SURFACE('',#321,0.610573992797292);
#67=ORIENTED_EDGE('',*,*,#137,.T.);
#68=ORIENTED_EDGE('',*,*,#138,.F.);
#69=ORIENTED_EDGE('',*,*,#139,.F.);
#70=ORIENTED_EDGE('',*,*,#140,.T.);
#71=ORIENTED_EDGE('',*,*,#141,.T.);
#72=ORIENTED_EDGE('',*,*,#142,.F.);
#73=ORIENTED_EDGE('',*,*,#143,.T.);
#74=ORIENTED_EDGE('',*,*,#144,.F.);
#75=ORIENTED_EDGE('',*,*,#145,.F.);
#76=ORIENTED_EDGE('',*,*,#146,.F.);
#77=ORIENTED_EDGE('',*,*,#140,.F.);
#78=ORIENTED_EDGE('',*,*,#147,.F.);
#79=ORIENTED_EDGE('',*,*,#148,.F.);
#80=ORIENTED_EDGE('',*,*,#149,.F.);
#81=ORIENTED_EDGE('',*,*,#150,.F.);
#82=ORIENTED_EDGE('',*,*,#151,.F.);
#83=ORIENTED_EDGE('',*,*,#152,.F.);
#84=ORIENTED_EDGE('',*,*,#153,.T.);
#85=ORIENTED_EDGE('',*,*,#154,.T.);
#86=ORIENTED_EDGE('',*,*,#138,.T.);
#87=ORIENTED_EDGE('',*,*,#154,.F.);
#88=ORIENTED_EDGE('',*,*,#153,.F.);
#89=ORIENTED_EDGE('',*,*,#155,.F.);
#90=ORIENTED_EDGE('',*,*,#156,.T.);
#91=ORIENTED_EDGE('',*,*,#151,.T.);
#92=ORIENTED_EDGE('',*,*,#157,.F.);
#93=ORIENTED_EDGE('',*,*,#158,.F.);
#94=ORIENTED_EDGE('',*,*,#157,.T.);
#95=ORIENTED_EDGE('',*,*,#150,.T.);
#96=ORIENTED_EDGE('',*,*,#159,.F.);
#97=ORIENTED_EDGE('',*,*,#160,.F.);
#98=ORIENTED_EDGE('',*,*,#159,.T.);
#99=ORIENTED_EDGE('',*,*,#149,.T.);
#100=ORIENTED_EDGE('',*,*,#161,.F.);
#101=ORIENTED_EDGE('',*,*,#162,.F.);
#102=ORIENTED_EDGE('',*,*,#161,.T.);
#103=ORIENTED_EDGE('',*,*,#148,.T.);
#104=ORIENTED_EDGE('',*,*,#163,.F.);
#105=ORIENTED_EDGE('',*,*,#164,.F.);
#106=ORIENTED_EDGE('',*,*,#163,.T.);
#107=ORIENTED_EDGE('',*,*,#147,.T.);
#108=ORIENTED_EDGE('',*,*,#165,.F.);
#109=ORIENTED_EDGE('',*,*,#166,.F.);
#110=ORIENTED_EDGE('',*,*,#165,.T.);
#111=ORIENTED_EDGE('',*,*,#152,.T.);
#112=ORIENTED_EDGE('',*,*,#156,.F.);
#113=ORIENTED_EDGE('',*,*,#166,.T.);
#114=ORIENTED_EDGE('',*,*,#155,.T.);
#115=ORIENTED_EDGE('',*,*,#158,.T.);
#116=ORIENTED_EDGE('',*,*,#160,.T.);
#117=ORIENTED_EDGE('',*,*,#162,.T.);
#118=ORIENTED_EDGE('',*,*,#164,.T.);
#119=ORIENTED_EDGE('',*,*,#143,.F.);
#120=ORIENTED_EDGE('',*,*,#137,.F.);
#121=ORIENTED_EDGE('',*,*,#167,.T.);
#122=ORIENTED_EDGE('',*,*,#142,.T.);
#123=ORIENTED_EDGE('',*,*,#168,.T.);
#124=ORIENTED_EDGE('',*,*,#169,.T.);
#125=ORIENTED_EDGE('',*,*,#170,.F.);
#126=ORIENTED_EDGE('',*,*,#144,.T.);
#127=ORIENTED_EDGE('',*,*,#139,.T.);
#128=ORIENTED_EDGE('',*,*,#167,.F.);
#129=ORIENTED_EDGE('',*,*,#171,.F.);
#130=ORIENTED_EDGE('',*,*,#145,.T.);
#131=ORIENTED_EDGE('',*,*,#170,.T.);
#132=ORIENTED_EDGE('',*,*,#169,.F.);
#133=ORIENTED_EDGE('',*,*,#141,.F.);
#134=ORIENTED_EDGE('',*,*,#146,.T.);
#135=ORIENTED_EDGE('',*,*,#171,.T.);
#136=ORIENTED_EDGE('',*,*,#168,.F.);
#137=EDGE_CURVE('',#172,#172,#198,.F.);
#138=EDGE_CURVE('',#173,#173,#199,.T.);
#139=EDGE_CURVE('',#174,#175,#60,.T.);
#140=EDGE_CURVE('',#174,#176,#200,.T.);
#141=EDGE_CURVE('',#176,#177,#61,.T.);
#142=EDGE_CURVE('',#175,#177,#201,.F.);
#143=EDGE_CURVE('',#178,#178,#202,.T.);
#144=EDGE_CURVE('',#179,#174,#50,.T.);
#145=EDGE_CURVE('',#180,#179,#203,.T.);
#146=EDGE_CURVE('',#176,#180,#51,.T.);
#147=EDGE_CURVE('',#181,#182,#26,.T.);
#148=EDGE_CURVE('',#183,#181,#27,.T.);
#149=EDGE_CURVE('',#184,#183,#28,.T.);
#150=EDGE_CURVE('',#185,#184,#29,.T.);
#151=EDGE_CURVE('',#186,#185,#30,.T.);
#152=EDGE_CURVE('',#182,#186,#31,.T.);
#153=EDGE_CURVE('',#187,#187,#204,.T.);
#154=EDGE_CURVE('',#188,#188,#205,.F.);
#155=EDGE_CURVE('',#189,#190,#52,.T.);
#156=EDGE_CURVE('',#189,#186,#32,.T.);
#157=EDGE_CURVE('',#190,#185,#33,.T.);
#158=EDGE_CURVE('',#190,#191,#53,.T.);
#159=EDGE_CURVE('',#191,#184,#34,.T.);
#160=EDGE_CURVE('',#191,#192,#54,.T.);
#161=EDGE_CURVE('',#192,#183,#35,.T.);
#162=EDGE_CURVE('',#192,#193,#55,.T.);
#163=EDGE_CURVE('',#193,#181,#36,.T.);
#164=EDGE_CURVE('',#193,#194,#56,.T.);
#165=EDGE_CURVE('',#194,#182,#37,.T.);
#166=EDGE_CURVE('',#194,#189,#57,.T.);
#167=EDGE_CURVE('',#196,#175,#58,.T.);
#168=EDGE_CURVE('',#177,#197,#59,.T.);
#169=EDGE_CURVE('',#197,#196,#206,.T.);
#170=EDGE_CURVE('',#179,#196,#62,.T.);
#171=EDGE_CURVE('',#180,#197,#63,.T.);
#172=VERTEX_POINT('',#389);
#173=VERTEX_POINT('',#391);
#174=VERTEX_POINT('',#658);
#175=VERTEX_POINT('',#659);
#176=VERTEX_POINT('',#661);
#177=VERTEX_POINT('',#927);
#178=VERTEX_POINT('',#930);
#179=VERTEX_POINT('',#937);
#180=VERTEX_POINT('',#939);
#181=VERTEX_POINT('',#947);
#182=VERTEX_POINT('',#948);
#183=VERTEX_POINT('',#950);
#184=VERTEX_POINT('',#952);
#185=VERTEX_POINT('',#954);
#186=VERTEX_POINT('',#956);
#187=VERTEX_POINT('',#959);
#188=VERTEX_POINT('',#962);
#189=VERTEX_POINT('',#969);
#190=VERTEX_POINT('',#970);
#191=VERTEX_POINT('',#978);
#192=VERTEX_POINT('',#985);
#193=VERTEX_POINT('',#992);
#194=VERTEX_POINT('',#999);
#195=VERTEX_POINT('',#1007);
#196=VERTEX_POINT('',#1015);
#197=VERTEX_POINT('',#1021);
#198=CIRCLE('',#298,0.900000000000001);
#199=CIRCLE('',#299,1.50000000000002);
#200=CIRCLE('',#301,0.8);
#201=CIRCLE('',#302,0.800000000000001);
#202=CIRCLE('',#303,0.800000000000001);
#203=CIRCLE('',#305,0.610573992797292);
#204=CIRCLE('',#307,1.34000000000002);
#205=CIRCLE('',#309,1.50000000000002);
#206=CIRCLE('',#320,0.610573992797292);
#207=EDGE_LOOP('',(#67));
#208=EDGE_LOOP('',(#68));
#209=EDGE_LOOP('',(#69,#70,#71,#72));
#210=EDGE_LOOP('',(#73));
#211=EDGE_LOOP('',(#74,#75,#76,#77));
#212=EDGE_LOOP('',(#78,#79,#80,#81,#82,#83));
#213=EDGE_LOOP('',(#84));
#214=EDGE_LOOP('',(#85));
#215=EDGE_LOOP('',(#86));
#216=EDGE_LOOP('',(#87));
#217=EDGE_LOOP('',(#88));
#218=EDGE_LOOP('',(#89,#90,#91,#92));
#219=EDGE_LOOP('',(#93,#94,#95,#96));
#220=EDGE_LOOP('',(#97,#98,#99,#100));
#221=EDGE_LOOP('',(#101,#102,#103,#104));
#222=EDGE_LOOP('',(#105,#106,#107,#108));
#223=EDGE_LOOP('',(#109,#110,#111,#112));
#224=EDGE_LOOP('',(#113,#114,#115,#116,#117,#118));
#225=EDGE_LOOP('',(#119));
#226=EDGE_LOOP('',(#120));
#227=EDGE_LOOP('',(#121,#122,#123,#124));
#228=EDGE_LOOP('',(#125,#126,#127,#128));
#229=EDGE_LOOP('',(#129,#130,#131,#132));
#230=EDGE_LOOP('',(#133,#134,#135,#136));
#231=FACE_BOUND('',#207,.T.);
#232=FACE_BOUND('',#208,.T.);
#233=FACE_BOUND('',#209,.T.);
#234=FACE_BOUND('',#210,.T.);
#235=FACE_BOUND('',#211,.T.);
#236=FACE_BOUND('',#212,.T.);
#237=FACE_BOUND('',#213,.T.);
#238=FACE_BOUND('',#214,.T.);
#239=FACE_BOUND('',#215,.T.);
#240=FACE_BOUND('',#216,.T.);
#241=FACE_BOUND('',#217,.T.);
#242=FACE_BOUND('',#218,.T.);
#243=FACE_BOUND('',#219,.T.);
#244=FACE_BOUND('',#220,.T.);
#245=FACE_BOUND('',#221,.T.);
#246=FACE_BOUND('',#222,.T.);
#247=FACE_BOUND('',#223,.T.);
#248=FACE_BOUND('',#22,.T.);
#249=FACE_BOUND('',#224,.T.);
#250=FACE_BOUND('',#225,.T.);
#251=FACE_BOUND('',#226,.T.);
#252=FACE_BOUND('',#227,.T.);
#253=FACE_BOUND('',#228,.T.);
#254=FACE_BOUND('',#229,.T.);
#255=FACE_BOUND('',#230,.T.);
#256=PLANE('',#297);
#257=PLANE('',#304);
#258=PLANE('',#306);
#259=PLANE('',#311);
#260=PLANE('',#312);
#261=PLANE('',#313);
#262=PLANE('',#314);
#263=PLANE('',#315);
#264=PLANE('',#316);
#265=PLANE('',#319);
#266=ADVANCED_FACE('',(#231,#232),#256,.T.);
#267=ADVANCED_FACE('',(#233,#234),#64,.T.);
#268=ADVANCED_FACE('',(#235),#257,.T.);
#269=ADVANCED_FACE('',(#236,#237),#258,.T.);
#270=ADVANCED_FACE('',(#238,#239),#65,.T.);
#271=ADVANCED_FACE('',(#240,#241),#24,.T.);
#272=ADVANCED_FACE('',(#242),#259,.F.);
#273=ADVANCED_FACE('',(#243),#260,.F.);
#274=ADVANCED_FACE('',(#244),#261,.F.);
#275=ADVANCED_FACE('',(#245),#262,.F.);
#276=ADVANCED_FACE('',(#246),#263,.F.);
#277=ADVANCED_FACE('',(#247),#264,.F.);
#278=ADVANCED_FACE('',(#248,#249),#23,.F.);
#279=ADVANCED_FACE('',(#250,#251),#25,.F.);
#280=ADVANCED_FACE('',(#252),#265,.F.);
#281=ADVANCED_FACE('',(#253),#20,.F.);
#282=ADVANCED_FACE('',(#254),#66,.T.);
#283=ADVANCED_FACE('',(#255),#21,.F.);
#284=CLOSED_SHELL('',(#266,#267,#268,#269,#270,#271,#272,#273,#274,#275,
#276,#277,#278,#279,#280,#281,#282,#283));
#285=STYLED_ITEM('',(#286),#293);
#286=PRESENTATION_STYLE_ASSIGNMENT((#287));
#287=SURFACE_STYLE_USAGE(.BOTH.,#288);
#288=SURFACE_SIDE_STYLE('',(#289));
#289=SURFACE_STYLE_FILL_AREA(#290);
#290=FILL_AREA_STYLE('',(#291));
#291=FILL_AREA_STYLE_COLOUR('',#292);
#292=COLOUR_RGB('',0.331739127635956,0.340869575738907,0.349999994039536);
#293=MANIFOLD_SOLID_BREP('',#284);
#294=SHAPE_DEFINITION_REPRESENTATION(#2260,#295);
#295=SHAPE_REPRESENTATION('\X2\5185516D89D2570667F1593487BA9489\X0\',(#296),
#2255);
#296=AXIS2_PLACEMENT_3D('',#386,#322,#323);
#297=AXIS2_PLACEMENT_3D('',#387,#324,#325);
#298=AXIS2_PLACEMENT_3D('',#388,#326,#327);
#299=AXIS2_PLACEMENT_3D('',#390,#328,#329);
#300=AXIS2_PLACEMENT_3D('',#392,#330,#331);
#301=AXIS2_PLACEMENT_3D('',#660,#332,#333);
#302=AXIS2_PLACEMENT_3D('',#928,#334,#335);
#303=AXIS2_PLACEMENT_3D('',#929,#336,#337);
#304=AXIS2_PLACEMENT_3D('',#931,#338,#339);
#305=AXIS2_PLACEMENT_3D('',#938,#340,#341);
#306=AXIS2_PLACEMENT_3D('',#945,#342,#343);
#307=AXIS2_PLACEMENT_3D('',#958,#350,#351);
#308=AXIS2_PLACEMENT_3D('',#960,#352,#353);
#309=AXIS2_PLACEMENT_3D('',#961,#354,#355);
#310=AXIS2_PLACEMENT_3D('',#963,#356,#357);
#311=AXIS2_PLACEMENT_3D('',#964,#358,#359);
#312=AXIS2_PLACEMENT_3D('',#973,#362,#363);
#313=AXIS2_PLACEMENT_3D('',#980,#365,#366);
#314=AXIS2_PLACEMENT_3D('',#987,#368,#369);
#315=AXIS2_PLACEMENT_3D('',#994,#371,#372);
#316=AXIS2_PLACEMENT_3D('',#1001,#374,#375);
#317=AXIS2_PLACEMENT_3D('',#1006,#376,#377);
#318=AXIS2_PLACEMENT_3D('',#1008,#378,#379);
#319=AXIS2_PLACEMENT_3D('',#1009,#380,#381);
#320=AXIS2_PLACEMENT_3D('',#1022,#382,#383);
#321=AXIS2_PLACEMENT_3D('',#1638,#384,#385);
#322=DIRECTION('',(0.,0.,1.));
#323=DIRECTION('',(1.,0.,0.));
#324=DIRECTION('',(1.,0.,0.));
#325=DIRECTION('',(0.,0.,-1.));
#326=DIRECTION('',(1.,0.,0.));
#327=DIRECTION('',(0.,0.,-1.));
#328=DIRECTION('',(-1.,0.,0.));
#329=DIRECTION('',(0.,0.,1.));
#330=DIRECTION('',(-1.,0.,0.));
#331=DIRECTION('',(0.,0.,1.));
#332=DIRECTION('',(-1.,0.,0.));
#333=DIRECTION('',(0.,0.,1.));
#334=DIRECTION('',(-1.,0.,0.));
#335=DIRECTION('',(0.,0.,1.));
#336=DIRECTION('',(1.,0.,0.));
#337=DIRECTION('',(0.,0.,-1.));
#338=DIRECTION('',(1.,0.,0.));
#339=DIRECTION('',(0.,0.,-1.));
#340=DIRECTION('',(-1.,0.,0.));
#341=DIRECTION('',(0.,0.,1.));
#342=DIRECTION('',(-1.,0.,0.));
#343=DIRECTION('',(0.,0.,1.));
#344=DIRECTION('',(0.,2.02812470829523E-14,1.));
#345=DIRECTION('',(0.,-0.866025403784434,0.500000000000008));
#346=DIRECTION('',(0.,-0.86602540378443,-0.500000000000015));
#347=DIRECTION('',(0.,3.00462919747437E-15,-1.));
#348=DIRECTION('',(0.,0.86602540378442,-0.500000000000032));
#349=DIRECTION('',(0.,0.866025403784455,0.499999999999971));
#350=DIRECTION('',(-1.,0.,0.));
#351=DIRECTION('',(0.,0.,1.));
#352=DIRECTION('',(-1.,0.,0.));
#353=DIRECTION('',(0.,0.,1.));
#354=DIRECTION('',(-1.,0.,0.));
#355=DIRECTION('',(0.,0.,1.));
#356=DIRECTION('',(-1.,0.,0.));
#357=DIRECTION('',(0.,0.,1.));
#358=DIRECTION('',(0.,0.500000000000032,0.86602540378442));
#359=DIRECTION('',(0.,-0.86602540378442,0.500000000000032));
#360=DIRECTION('',(-1.,0.,0.));
#361=DIRECTION('',(-1.,0.,0.));
#362=DIRECTION('',(0.,1.,3.00462919747437E-15));
#363=DIRECTION('',(0.,-3.00462919747437E-15,1.));
#364=DIRECTION('',(-1.,0.,0.));
#365=DIRECTION('',(0.,0.500000000000015,-0.86602540378443));
#366=DIRECTION('',(0.,0.86602540378443,0.500000000000015));
#367=DIRECTION('',(-1.,0.,0.));
#368=DIRECTION('',(0.,-0.500000000000008,-0.866025403784434));
#369=DIRECTION('',(0.,0.866025403784434,-0.500000000000008));
#370=DIRECTION('',(-1.,0.,0.));
#371=DIRECTION('',(0.,-1.,2.02812470829523E-14));
#372=DIRECTION('',(0.,-2.02812470829524E-14,-1.));
#373=DIRECTION('',(-1.,0.,0.));
#374=DIRECTION('',(0.,-0.499999999999971,0.866025403784455));
#375=DIRECTION('',(0.,-0.866025403784455,-0.499999999999971));
#376=DIRECTION('',(-1.,0.,2.16840434497101E-16));
#377=DIRECTION('',(2.16840434497101E-16,0.,1.));
#378=DIRECTION('',(1.,0.,0.));
#379=DIRECTION('',(0.,0.,-1.));
#380=DIRECTION('',(-1.,0.,0.));
#381=DIRECTION('',(0.,0.,1.));
#382=DIRECTION('',(-1.,0.,0.));
#383=DIRECTION('',(0.,0.,1.));
#384=DIRECTION('',(-1.,0.,0.));
#385=DIRECTION('',(0.,0.,1.));
#386=CARTESIAN_POINT('',(0.,0.,0.));
#387=CARTESIAN_POINT('',(2.49366499671666E-15,0.,1.50000000000002));
#388=CARTESIAN_POINT('',(2.49366499671666E-15,0.,0.));
#389=CARTESIAN_POINT('',(2.49366499671666E-15,0.,-0.900000000000001));
#390=CARTESIAN_POINT('',(5.20417042793042E-15,0.,0.));
#391=CARTESIAN_POINT('',(5.20417042793042E-15,0.,1.50000000000002));
#392=CARTESIAN_POINT('',(-4.,0.,0.));
#393=CARTESIAN_POINT('',(2.8062224375,0.,-0.800000000000001));
#394=CARTESIAN_POINT('',(2.79163910416667,-0.214359353944898,-0.800000000000001));
#395=CARTESIAN_POINT('',(2.77705577083334,-0.4,-0.692820323027552));
#396=CARTESIAN_POINT('',(2.7624724375,-0.585640646055103,-0.585640646055103));
#397=CARTESIAN_POINT('',(2.74788910416667,-0.692820323027552,-0.400000000000001));
#398=CARTESIAN_POINT('',(2.73330577083334,-0.800000000000001,-0.214359353944899));
#399=CARTESIAN_POINT('',(2.7187224375,-0.800000000000001,-4.89858719658942E-17));
#400=CARTESIAN_POINT('',(2.70413910416667,-0.800000000000001,0.214359353944898));
#401=CARTESIAN_POINT('',(2.68955577083334,-0.692820323027552,0.4));
#402=CARTESIAN_POINT('',(2.6749724375,-0.585640646055103,0.585640646055103));
#403=CARTESIAN_POINT('',(2.66038910416667,-0.400000000000001,0.692820323027552));
#404=CARTESIAN_POINT('',(2.64580577083334,-0.214359353944899,0.800000000000001));
#405=CARTESIAN_POINT('',(2.6312224375,-9.79717439317884E-17,0.800000000000001));
#406=CARTESIAN_POINT('',(2.61663910416667,0.214359353944898,0.800000000000001));
#407=CARTESIAN_POINT('',(2.60205577083334,0.4,0.692820323027552));
#408=CARTESIAN_POINT('',(2.5874724375,0.585640646055102,0.585640646055103));
#409=CARTESIAN_POINT('',(2.57288910416667,0.692820323027552,0.400000000000001));
#410=CARTESIAN_POINT('',(2.55830577083334,0.800000000000001,0.214359353944899));
#411=CARTESIAN_POINT('',(2.5437224375,0.800000000000001,1.46957615897683E-16));
#412=CARTESIAN_POINT('',(2.52913910416667,0.800000000000001,-0.214359353944898));
#413=CARTESIAN_POINT('',(2.51455577083334,0.692820323027552,-0.4));
#414=CARTESIAN_POINT('',(2.4999724375,0.585640646055103,-0.585640646055102));
#415=CARTESIAN_POINT('',(2.48538910416667,0.400000000000001,-0.692820323027552));
#416=CARTESIAN_POINT('',(2.47080577083334,0.214359353944899,-0.800000000000001));
#417=CARTESIAN_POINT('',(2.4562224375,1.95943487863577E-16,-0.800000000000001));
#418=CARTESIAN_POINT('',(2.44163910416667,-0.214359353944898,-0.800000000000001));
#419=CARTESIAN_POINT('',(2.42705577083334,-0.4,-0.692820323027552));
#420=CARTESIAN_POINT('',(2.4124724375,-0.585640646055102,-0.585640646055103));
#421=CARTESIAN_POINT('',(2.39788910416667,-0.692820323027552,-0.400000000000001));
#422=CARTESIAN_POINT('',(2.38330577083334,-0.800000000000001,-0.214359353944899));
#423=CARTESIAN_POINT('',(2.3687224375,-0.800000000000001,-9.55472095589572E-16));
#424=CARTESIAN_POINT('',(2.35413910416667,-0.800000000000001,0.214359353944898));
#425=CARTESIAN_POINT('',(2.33955577083334,-0.692820323027552,0.4));
#426=CARTESIAN_POINT('',(2.3249724375,-0.585640646055103,0.585640646055102));
#427=CARTESIAN_POINT('',(2.31038910416667,-0.400000000000002,0.692820323027551));
#428=CARTESIAN_POINT('',(2.29580577083334,-0.2143593539449,0.800000000000001));
#429=CARTESIAN_POINT('',(2.2812224375,-2.93915231795365E-16,0.800000000000001));
#430=CARTESIAN_POINT('',(2.26663910416667,0.214359353944898,0.800000000000001));
#431=CARTESIAN_POINT('',(2.25205577083334,0.4,0.692820323027552));
#432=CARTESIAN_POINT('',(2.2374724375,0.585640646055102,0.585640646055103));
#433=CARTESIAN_POINT('',(2.22288910416667,0.692820323027551,0.400000000000002));
#434=CARTESIAN_POINT('',(2.20830577083334,0.800000000000001,0.2143593539449));
#435=CARTESIAN_POINT('',(2.1937224375,0.800000000000001,3.42901103761259E-16));
#436=CARTESIAN_POINT('',(2.17913910416667,0.800000000000001,-0.214359353944898));
#437=CARTESIAN_POINT('',(2.16455577083334,0.692820323027552,-0.4));
#438=CARTESIAN_POINT('',(2.1499724375,0.585640646055103,-0.585640646055102));
#439=CARTESIAN_POINT('',(2.13538910416667,0.400000000000002,-0.692820323027551));
#440=CARTESIAN_POINT('',(2.12080577083334,0.2143593539449,-0.800000000000001));
#441=CARTESIAN_POINT('',(2.1062224375,3.91886975727154E-16,-0.800000000000001));
#442=CARTESIAN_POINT('',(2.09163910416667,-0.214359353944898,-0.800000000000001));
#443=CARTESIAN_POINT('',(2.07705577083334,-0.4,-0.692820323027552));
#444=CARTESIAN_POINT('',(2.0624724375,-0.585640646055102,-0.585640646055103));
#445=CARTESIAN_POINT('',(2.04788910416667,-0.692820323027551,-0.400000000000002));
#446=CARTESIAN_POINT('',(2.03330577083334,-0.800000000000001,-0.2143593539449));
#447=CARTESIAN_POINT('',(2.0187224375,-0.800000000000001,-1.86195831921325E-15));
#448=CARTESIAN_POINT('',(2.00413910416667,-0.800000000000001,0.214359353944898));
#449=CARTESIAN_POINT('',(1.98955577083334,-0.692820323027552,0.4));
#450=CARTESIAN_POINT('',(1.9749724375,-0.585640646055103,0.585640646055102));
#451=CARTESIAN_POINT('',(1.96038910416667,-0.400000000000002,0.692820323027551));
#452=CARTESIAN_POINT('',(1.94580577083334,-0.2143593539449,0.800000000000001));
#453=CARTESIAN_POINT('',(1.9312224375,-1.91094419117914E-15,0.800000000000001));
#454=CARTESIAN_POINT('',(1.91663910416667,0.214359353944898,0.800000000000001));
#455=CARTESIAN_POINT('',(1.90205577083334,0.4,0.692820323027552));
#456=CARTESIAN_POINT('',(1.8874724375,0.585640646055101,0.585640646055104));
#457=CARTESIAN_POINT('',(1.87288910416667,0.692820323027551,0.400000000000002));
#458=CARTESIAN_POINT('',(1.85830577083334,0.800000000000001,0.214359353944899));
#459=CARTESIAN_POINT('',(1.8437224375,0.800000000000001,1.95993006314504E-15));
#460=CARTESIAN_POINT('',(1.82913910416667,0.800000000000001,-0.214359353944898));
#461=CARTESIAN_POINT('',(1.81455577083334,0.692820323027553,-0.399999999999998));
#462=CARTESIAN_POINT('',(1.7999724375,0.585640646055104,-0.585640646055102));
#463=CARTESIAN_POINT('',(1.78538910416667,0.400000000000003,-0.69282032302755));
#464=CARTESIAN_POINT('',(1.77080577083334,0.2143593539449,-0.800000000000001));
#465=CARTESIAN_POINT('',(1.7562224375,5.8783046359073E-16,-0.800000000000001));
#466=CARTESIAN_POINT('',(1.74163910416667,-0.214359353944896,-0.800000000000002));
#467=CARTESIAN_POINT('',(1.72705577083334,-0.4,-0.692820323027552));
#468=CARTESIAN_POINT('',(1.7124724375,-0.585640646055101,-0.585640646055104));
#469=CARTESIAN_POINT('',(1.69788910416667,-0.692820323027551,-0.400000000000002));
#470=CARTESIAN_POINT('',(1.68330577083334,-0.800000000000001,-0.214359353944899));
#471=CARTESIAN_POINT('',(1.6687224375,-0.800000000000001,-2.05790180707683E-15));
#472=CARTESIAN_POINT('',(1.65413910416667,-0.800000000000001,0.214359353944898));
#473=CARTESIAN_POINT('',(1.63955577083334,-0.692820323027553,0.399999999999998));
#474=CARTESIAN_POINT('',(1.6249724375,-0.585640646055104,0.585640646055102));
#475=CARTESIAN_POINT('',(1.61038910416667,-0.400000000000003,0.69282032302755));
#476=CARTESIAN_POINT('',(1.59580577083334,-0.2143593539449,0.8));
#477=CARTESIAN_POINT('',(1.5812224375,-6.85802207522519E-16,0.800000000000001));
#478=CARTESIAN_POINT('',(1.56663910416667,0.214359353944896,0.800000000000002));
#479=CARTESIAN_POINT('',(1.55205577083334,0.399999999999999,0.692820323027552));
#480=CARTESIAN_POINT('',(1.5374724375,0.5856406460551,0.585640646055105));
#481=CARTESIAN_POINT('',(1.52288910416667,0.692820323027551,0.400000000000002));
#482=CARTESIAN_POINT('',(1.50830577083334,0.8,0.214359353944902));
#483=CARTESIAN_POINT('',(1.4937224375,0.800000000000001,2.15587355100861E-15));
#484=CARTESIAN_POINT('',(1.47913910416667,0.800000000000001,-0.214359353944897));
#485=CARTESIAN_POINT('',(1.46455577083334,0.692820323027553,-0.399999999999998));
#486=CARTESIAN_POINT('',(1.4499724375,0.585640646055104,-0.585640646055102));
#487=CARTESIAN_POINT('',(1.43538910416667,0.400000000000003,-0.69282032302755));
#488=CARTESIAN_POINT('',(1.42080577083334,0.2143593539449,-0.8));
#489=CARTESIAN_POINT('',(1.4062224375,7.83773951454307E-16,-0.800000000000001));
#490=CARTESIAN_POINT('',(1.39163910416667,-0.214359353944896,-0.800000000000002));
#491=CARTESIAN_POINT('',(1.37705577083334,-0.399999999999999,-0.692820323027552));
#492=CARTESIAN_POINT('',(1.3624724375,-0.5856406460551,-0.585640646055105));
#493=CARTESIAN_POINT('',(1.34788910416667,-0.692820323027551,-0.400000000000002));
#494=CARTESIAN_POINT('',(1.33330577083334,-0.8,-0.214359353944902));
#495=CARTESIAN_POINT('',(1.3187224375,-0.800000000000001,-2.2538452949404E-15));
#496=CARTESIAN_POINT('',(1.30413910416667,-0.800000000000001,0.214359353944897));
#497=CARTESIAN_POINT('',(1.28955577083334,-0.692820323027553,0.399999999999998));
#498=CARTESIAN_POINT('',(1.2749724375,-0.585640646055104,0.585640646055101));
#499=CARTESIAN_POINT('',(1.26038910416667,-0.400000000000003,0.69282032302755));
#500=CARTESIAN_POINT('',(1.24580577083334,-0.2143593539449,0.8));
#501=CARTESIAN_POINT('',(1.2312224375,-3.7239166384265E-15,0.800000000000001));
#502=CARTESIAN_POINT('',(1.21663910416667,0.214359353944896,0.800000000000002));
#503=CARTESIAN_POINT('',(1.20205577083334,0.399999999999999,0.692820323027552));
#504=CARTESIAN_POINT('',(1.1874724375,0.5856406460551,0.585640646055105));
#505=CARTESIAN_POINT('',(1.17288910416667,0.692820323027551,0.400000000000002));
#506=CARTESIAN_POINT('',(1.15830577083334,0.8,0.214359353944902));
#507=CARTESIAN_POINT('',(1.1437224375,0.800000000000001,2.35181703887219E-15));
#508=CARTESIAN_POINT('',(1.12913910416667,0.800000000000002,-0.214359353944894));
#509=CARTESIAN_POINT('',(1.11455577083334,0.692820323027553,-0.399999999999998));
#510=CARTESIAN_POINT('',(1.0999724375,0.585640646055104,-0.585640646055101));
#511=CARTESIAN_POINT('',(1.08538910416667,0.400000000000003,-0.69282032302755));
#512=CARTESIAN_POINT('',(1.07080577083334,0.214359353944901,-0.8));
#513=CARTESIAN_POINT('',(1.0562224375,3.82188838235829E-15,-0.800000000000001));
#514=CARTESIAN_POINT('',(1.04163910416667,-0.214359353944896,-0.800000000000002));
#515=CARTESIAN_POINT('',(1.02705577083334,-0.399999999999999,-0.692820323027553));
#516=CARTESIAN_POINT('',(1.0124724375,-0.5856406460551,-0.585640646055105));
#517=CARTESIAN_POINT('',(0.997889104166669,-0.692820323027551,-0.400000000000002));
#518=CARTESIAN_POINT('',(0.983305770833336,-0.800000000000001,-0.214359353944899));
#519=CARTESIAN_POINT('',(0.968722437500003,-0.800000000000001,-5.29195972584438E-15));
#520=CARTESIAN_POINT('',(0.954139104166669,-0.800000000000002,0.214359353944894));
#521=CARTESIAN_POINT('',(0.939555770833336,-0.692820323027553,0.399999999999998));
#522=CARTESIAN_POINT('',(0.924972437500003,-0.585640646055104,0.585640646055101));
#523=CARTESIAN_POINT('',(0.910389104166669,-0.400000000000001,0.692820323027551));
#524=CARTESIAN_POINT('',(0.895805770833336,-0.214359353944904,0.8));
#525=CARTESIAN_POINT('',(0.881222437500002,-3.91986012629008E-15,0.800000000000001));
#526=CARTESIAN_POINT('',(0.866639104166669,0.214359353944896,0.800000000000002));
#527=CARTESIAN_POINT('',(0.852055770833336,0.399999999999999,0.692820323027553));
#528=CARTESIAN_POINT('',(0.837472437500003,0.585640646055102,0.585640646055103));
#529=CARTESIAN_POINT('',(0.822889104166669,0.692820323027549,0.400000000000005));
#530=CARTESIAN_POINT('',(0.808305770833336,0.8,0.214359353944902));
#531=CARTESIAN_POINT('',(0.793722437500003,0.800000000000001,2.54776052673577E-15));
#532=CARTESIAN_POINT('',(0.779139104166669,0.800000000000001,-0.214359353944897));
#533=CARTESIAN_POINT('',(0.764555770833336,0.692820323027555,-0.399999999999995));
#534=CARTESIAN_POINT('',(0.749972437500003,0.585640646055106,-0.585640646055099));
#535=CARTESIAN_POINT('',(0.735389104166669,0.400000000000004,-0.69282032302755));
#536=CARTESIAN_POINT('',(0.720805770833336,0.214359353944901,-0.8));
#537=CARTESIAN_POINT('',(0.706222437500003,1.17566092718146E-15,-0.800000000000001));
#538=CARTESIAN_POINT('',(0.691639104166669,-0.214359353944893,-0.800000000000002));
#539=CARTESIAN_POINT('',(0.677055770833336,-0.399999999999997,-0.692820323027554));
#540=CARTESIAN_POINT('',(0.662472437500003,-0.5856406460551,-0.585640646055105));
#541=CARTESIAN_POINT('',(0.647889104166669,-0.692820323027551,-0.400000000000002));
#542=CARTESIAN_POINT('',(0.633305770833336,-0.800000000000001,-0.214359353944899));
#543=CARTESIAN_POINT('',(0.618722437500003,-0.800000000000001,-5.48790321370796E-15));
#544=CARTESIAN_POINT('',(0.604139104166669,-0.800000000000002,0.214359353944894));
#545=CARTESIAN_POINT('',(0.589555770833336,-0.692820323027553,0.399999999999998));
#546=CARTESIAN_POINT('',(0.574972437500002,-0.585640646055104,0.585640646055101));
#547=CARTESIAN_POINT('',(0.560389104166669,-0.400000000000001,0.692820323027551));
#548=CARTESIAN_POINT('',(0.545805770833336,-0.214359353944904,0.799999999999999));
#549=CARTESIAN_POINT('',(0.531222437500002,-4.11580361415365E-15,0.800000000000001));
#550=CARTESIAN_POINT('',(0.516639104166669,0.214359353944895,0.800000000000002));
#551=CARTESIAN_POINT('',(0.502055770833336,0.399999999999999,0.692820323027553));
#552=CARTESIAN_POINT('',(0.487472437500002,0.585640646055098,0.585640646055107));
#553=CARTESIAN_POINT('',(0.472889104166669,0.692820323027549,0.400000000000005));
#554=CARTESIAN_POINT('',(0.458305770833336,0.8,0.214359353944902));
#555=CARTESIAN_POINT('',(0.443722437500003,0.800000000000001,2.74370401459935E-15));
#556=CARTESIAN_POINT('',(0.429139104166669,0.800000000000001,-0.214359353944897));
#557=CARTESIAN_POINT('',(0.414555770833336,0.692820323027555,-0.399999999999995));
#558=CARTESIAN_POINT('',(0.399972437500003,0.585640646055106,-0.585640646055099));
#559=CARTESIAN_POINT('',(0.385389104166669,0.400000000000004,-0.69282032302755));
#560=CARTESIAN_POINT('',(0.370805770833336,0.214359353944901,-0.8));
#561=CARTESIAN_POINT('',(0.356222437500003,1.37160441504504E-15,-0.800000000000001));
#562=CARTESIAN_POINT('',(0.341639104166669,-0.214359353944893,-0.800000000000003));
#563=CARTESIAN_POINT('',(0.327055770833336,-0.399999999999996,-0.692820323027554));
#564=CARTESIAN_POINT('',(0.312472437500003,-0.5856406460551,-0.585640646055105));
#565=CARTESIAN_POINT('',(0.297889104166669,-0.692820323027551,-0.400000000000003));
#566=CARTESIAN_POINT('',(0.283305770833336,-0.800000000000001,-0.2143593539449));
#567=CARTESIAN_POINT('',(0.268722437500003,-0.800000000000001,-5.68384670157154E-15));
#568=CARTESIAN_POINT('',(0.254139104166669,-0.800000000000002,0.214359353944894));
#569=CARTESIAN_POINT('',(0.239555770833336,-0.692820323027553,0.399999999999998));
#570=CARTESIAN_POINT('',(0.224972437500003,-0.585640646055104,0.585640646055101));
#571=CARTESIAN_POINT('',(0.210389104166669,-0.400000000000006,0.692820323027548));
#572=CARTESIAN_POINT('',(0.195805770833336,-0.214359353944904,0.799999999999999));
#573=CARTESIAN_POINT('',(0.181222437500002,-4.31174710201723E-15,0.800000000000001));
#574=CARTESIAN_POINT('',(0.166639104166669,0.214359353944895,0.800000000000002));
#575=CARTESIAN_POINT('',(0.152055770833336,0.399999999999999,0.692820323027553));
#576=CARTESIAN_POINT('',(0.137472437500002,0.585640646055098,0.585640646055107));
#577=CARTESIAN_POINT('',(0.122889104166669,0.692820323027549,0.400000000000005));
#578=CARTESIAN_POINT('',(0.108305770833336,0.8,0.214359353944903));
#579=CARTESIAN_POINT('',(0.0937224375000024,0.800000000000001,2.93964750246292E-15));
#580=CARTESIAN_POINT('',(0.0791391041666694,0.800000000000002,-0.214359353944897));
#581=CARTESIAN_POINT('',(0.064555770833336,0.692820323027555,-0.399999999999995));
#582=CARTESIAN_POINT('',(0.0499724375000025,0.585640646055106,-0.585640646055099));
#583=CARTESIAN_POINT('',(0.035389104166669,0.400000000000004,-0.69282032302755));
#584=CARTESIAN_POINT('',(0.020805770833336,0.214359353944901,-0.8));
#585=CARTESIAN_POINT('',(0.00622243750000254,1.56754790290861E-15,-0.800000000000001));
#586=CARTESIAN_POINT('',(-0.00836089583333092,-0.214359353944892,-0.800000000000003));
#587=CARTESIAN_POINT('',(-0.0229442291666639,-0.399999999999996,-0.692820323027554));
#588=CARTESIAN_POINT('',(-0.0375275624999974,-0.5856406460551,-0.585640646055105));
#589=CARTESIAN_POINT('',(-0.0521108958333309,-0.69282032302755,-0.400000000000003));
#590=CARTESIAN_POINT('',(-0.0666942291666643,-0.799999999999999,-0.214359353944905));
#591=CARTESIAN_POINT('',(-0.0812775624999974,-0.800000000000001,-5.87979018943512E-15));
#592=CARTESIAN_POINT('',(-0.0958608958333308,-0.800000000000002,0.214359353944894));
#593=CARTESIAN_POINT('',(-0.110444229166664,-0.692820323027553,0.399999999999997));
#594=CARTESIAN_POINT('',(-0.125027562499997,-0.585640646055104,0.585640646055101));
#595=CARTESIAN_POINT('',(-0.139610895833331,-0.400000000000006,0.692820323027548));
#596=CARTESIAN_POINT('',(-0.154194229166664,-0.214359353944904,0.799999999999999));
#597=CARTESIAN_POINT('',(-0.168777562499997,-4.50769058988081E-15,0.800000000000001));
#598=CARTESIAN_POINT('',(-0.183360895833331,0.214359353944895,0.800000000000002));
#599=CARTESIAN_POINT('',(-0.197944229166664,0.399999999999999,0.692820323027553));
#600=CARTESIAN_POINT('',(-0.212527562499998,0.585640646055098,0.585640646055107));
#601=CARTESIAN_POINT('',(-0.227110895833331,0.692820323027549,0.400000000000005));
#602=CARTESIAN_POINT('',(-0.241694229166664,0.8,0.214359353944903));
#603=CARTESIAN_POINT('',(-0.256277562499998,0.800000000000001,3.1355909903265E-15));
#604=CARTESIAN_POINT('',(-0.270860895833331,0.800000000000003,-0.214359353944891));
#605=CARTESIAN_POINT('',(-0.285444229166664,0.692820323027555,-0.399999999999995));
#606=CARTESIAN_POINT('',(-0.300027562499998,0.585640646055106,-0.585640646055099));
#607=CARTESIAN_POINT('',(-0.314610895833331,0.400000000000004,-0.69282032302755));
#608=CARTESIAN_POINT('',(-0.329194229166664,0.214359353944901,-0.8));
#609=CARTESIAN_POINT('',(-0.343777562499998,7.447833276853E-15,-0.800000000000001));
#610=CARTESIAN_POINT('',(-0.358360895833331,-0.214359353944892,-0.800000000000003));
#611=CARTESIAN_POINT('',(-0.372944229166664,-0.399999999999996,-0.692820323027554));
#612=CARTESIAN_POINT('',(-0.387527562499997,-0.5856406460551,-0.585640646055105));
#613=CARTESIAN_POINT('',(-0.402110895833331,-0.69282032302755,-0.400000000000003));
#614=CARTESIAN_POINT('',(-0.416694229166664,-0.799999999999999,-0.214359353944906));
#615=CARTESIAN_POINT('',(-0.431277562499997,-0.800000000000001,-6.07573367729869E-15));
#616=CARTESIAN_POINT('',(-0.445860895833331,-0.800000000000002,0.214359353944894));
#617=CARTESIAN_POINT('',(-0.460444229166664,-0.692820323027554,0.399999999999997));
#618=CARTESIAN_POINT('',(-0.475027562499997,-0.585640646055104,0.585640646055101));
#619=CARTESIAN_POINT('',(-0.489610895833331,-0.400000000000007,0.692820323027548));
#620=CARTESIAN_POINT('',(-0.504194229166664,-0.214359353944904,0.799999999999999));
#621=CARTESIAN_POINT('',(-0.518777562499997,-4.70363407774438E-15,0.800000000000001));
#622=CARTESIAN_POINT('',(-0.533360895833331,0.214359353944895,0.800000000000002));
#623=CARTESIAN_POINT('',(-0.547944229166664,0.399999999999994,0.692820323027556));
#624=CARTESIAN_POINT('',(-0.562527562499997,0.585640646055098,0.585640646055108));
#625=CARTESIAN_POINT('',(-0.577110895833331,0.692820323027549,0.400000000000005));
#626=CARTESIAN_POINT('',(-0.591694229166664,0.8,0.214359353944903));
#627=CARTESIAN_POINT('',(-0.606277562499998,0.800000000000001,3.33153447819008E-15));
#628=CARTESIAN_POINT('',(-0.620860895833331,0.800000000000003,-0.214359353944891));
#629=CARTESIAN_POINT('',(-0.635444229166664,0.692820323027555,-0.399999999999995));
#630=CARTESIAN_POINT('',(-0.650027562499998,0.585640646055107,-0.585640646055099));
#631=CARTESIAN_POINT('',(-0.664610895833331,0.400000000000004,-0.69282032302755));
#632=CARTESIAN_POINT('',(-0.679194229166664,0.214359353944902,-0.8));
#633=CARTESIAN_POINT('',(-0.693777562499998,7.64377676471658E-15,-0.800000000000001));
#634=CARTESIAN_POINT('',(-0.708360895833331,-0.214359353944892,-0.800000000000003));
#635=CARTESIAN_POINT('',(-0.722944229166664,-0.399999999999996,-0.692820323027554));
#636=CARTESIAN_POINT('',(-0.737527562499998,-0.5856406460551,-0.585640646055105));
#637=CARTESIAN_POINT('',(-0.752110895833331,-0.69282032302755,-0.400000000000003));
#638=CARTESIAN_POINT('',(-0.766694229166664,-0.800000000000001,-0.2143593539449));
#639=CARTESIAN_POINT('',(-0.781277562499997,-0.800000000000001,-6.27167716516227E-15));
#640=CARTESIAN_POINT('',(-0.795860895833331,-0.800000000000004,0.214359353944888));
#641=CARTESIAN_POINT('',(-0.810444229166664,-0.692820323027554,0.399999999999997));
#642=CARTESIAN_POINT('',(-0.825027562499997,-0.585640646055109,0.585640646055096));
#643=CARTESIAN_POINT('',(-0.839610895833331,-0.400000000000002,0.692820323027551));
#644=CARTESIAN_POINT('',(-0.854194229166664,-0.214359353944905,0.799999999999999));
#645=CARTESIAN_POINT('',(-0.868777562499997,-1.05839194516888E-14,0.800000000000001));
#646=CARTESIAN_POINT('',(-0.883360895833331,0.214359353944895,0.800000000000002));
#647=CARTESIAN_POINT('',(-0.897944229166664,0.399999999999993,0.692820323027556));
#648=CARTESIAN_POINT('',(-0.912527562499997,0.585640646055102,0.585640646055104));
#649=CARTESIAN_POINT('',(-0.927110895833331,0.692820323027549,0.400000000000006));
#650=CARTESIAN_POINT('',(-0.941694229166664,0.799999999999998,0.214359353944909));
#651=CARTESIAN_POINT('',(-0.956277562499997,0.800000000000001,3.52747796605365E-15));
#652=CARTESIAN_POINT('',(-0.970860895833331,0.800000000000003,-0.21435935394489));
#653=CARTESIAN_POINT('',(-0.985444229166664,0.692820323027552,-0.399999999999999));
#654=CARTESIAN_POINT('',(-1.0000275625,0.585640646055107,-0.585640646055098));
#655=CARTESIAN_POINT('',(-1.01461089583333,0.400000000000009,-0.692820323027547));
#656=CARTESIAN_POINT('',(-1.02919422916666,0.214359353944902,-0.8));
#657=CARTESIAN_POINT('',(-1.0437775625,7.83972025258015E-15,-0.800000000000001));
#658=CARTESIAN_POINT('',(2.5,0.565962072474381,-0.565408642063866));
#659=CARTESIAN_POINT('',(0.110000000000002,0.766165421473516,0.230196757010847));
#660=CARTESIAN_POINT('',(2.5,0.,0.));
#661=CARTESIAN_POINT('',(2.5,0.,-0.8));
#662=CARTESIAN_POINT('',(2.5,0.,-0.800000000000001));
#663=CARTESIAN_POINT('',(2.48541666666667,-0.214359353944898,-0.800000000000001));
#664=CARTESIAN_POINT('',(2.47083333333334,-0.4,-0.692820323027552));
#665=CARTESIAN_POINT('',(2.45625,-0.585640646055103,-0.585640646055103));
#666=CARTESIAN_POINT('',(2.44166666666667,-0.692820323027552,-0.400000000000001));
#667=CARTESIAN_POINT('',(2.42708333333334,-0.800000000000001,-0.214359353944899));
#668=CARTESIAN_POINT('',(2.4125,-0.800000000000001,-4.89858719658942E-17));
#669=CARTESIAN_POINT('',(2.39791666666667,-0.800000000000001,0.214359353944898));
#670=CARTESIAN_POINT('',(2.38333333333334,-0.692820323027552,0.4));
#671=CARTESIAN_POINT('',(2.36875,-0.585640646055103,0.585640646055103));
#672=CARTESIAN_POINT('',(2.35416666666667,-0.400000000000001,0.692820323027552));
#673=CARTESIAN_POINT('',(2.33958333333334,-0.214359353944899,0.800000000000001));
#674=CARTESIAN_POINT('',(2.325,-9.79717439317884E-17,0.800000000000001));
#675=CARTESIAN_POINT('',(2.31041666666667,0.214359353944898,0.800000000000001));
#676=CARTESIAN_POINT('',(2.29583333333334,0.4,0.692820323027552));
#677=CARTESIAN_POINT('',(2.28125,0.585640646055102,0.585640646055103));
#678=CARTESIAN_POINT('',(2.26666666666667,0.692820323027552,0.400000000000001));
#679=CARTESIAN_POINT('',(2.25208333333334,0.800000000000001,0.214359353944899));
#680=CARTESIAN_POINT('',(2.2375,0.800000000000001,1.46957615897683E-16));
#681=CARTESIAN_POINT('',(2.22291666666667,0.800000000000001,-0.214359353944898));
#682=CARTESIAN_POINT('',(2.20833333333334,0.692820323027552,-0.4));
#683=CARTESIAN_POINT('',(2.19375,0.585640646055103,-0.585640646055102));
#684=CARTESIAN_POINT('',(2.17916666666667,0.400000000000001,-0.692820323027552));
#685=CARTESIAN_POINT('',(2.16458333333334,0.214359353944899,-0.800000000000001));
#686=CARTESIAN_POINT('',(2.15,1.95943487863577E-16,-0.800000000000001));
#687=CARTESIAN_POINT('',(2.13541666666667,-0.214359353944898,-0.800000000000001));
#688=CARTESIAN_POINT('',(2.12083333333334,-0.4,-0.692820323027552));
#689=CARTESIAN_POINT('',(2.10625,-0.585640646055102,-0.585640646055103));
#690=CARTESIAN_POINT('',(2.09166666666667,-0.692820323027552,-0.400000000000001));
#691=CARTESIAN_POINT('',(2.07708333333334,-0.800000000000001,-0.214359353944899));
#692=CARTESIAN_POINT('',(2.0625,-0.800000000000001,-9.55472095589572E-16));
#693=CARTESIAN_POINT('',(2.04791666666667,-0.800000000000001,0.214359353944898));
#694=CARTESIAN_POINT('',(2.03333333333334,-0.692820323027552,0.4));
#695=CARTESIAN_POINT('',(2.01875,-0.585640646055103,0.585640646055102));
#696=CARTESIAN_POINT('',(2.00416666666667,-0.400000000000002,0.692820323027551));
#697=CARTESIAN_POINT('',(1.98958333333334,-0.2143593539449,0.800000000000001));
#698=CARTESIAN_POINT('',(1.975,-2.93915231795365E-16,0.800000000000001));
#699=CARTESIAN_POINT('',(1.96041666666667,0.214359353944898,0.800000000000001));
#700=CARTESIAN_POINT('',(1.94583333333334,0.4,0.692820323027552));
#701=CARTESIAN_POINT('',(1.93125,0.585640646055102,0.585640646055103));
#702=CARTESIAN_POINT('',(1.91666666666667,0.692820323027551,0.400000000000002));
#703=CARTESIAN_POINT('',(1.90208333333334,0.800000000000001,0.2143593539449));
#704=CARTESIAN_POINT('',(1.8875,0.800000000000001,3.42901103761259E-16));
#705=CARTESIAN_POINT('',(1.87291666666667,0.800000000000001,-0.214359353944898));
#706=CARTESIAN_POINT('',(1.85833333333334,0.692820323027552,-0.4));
#707=CARTESIAN_POINT('',(1.84375,0.585640646055103,-0.585640646055102));
#708=CARTESIAN_POINT('',(1.82916666666667,0.400000000000002,-0.692820323027551));
#709=CARTESIAN_POINT('',(1.81458333333334,0.2143593539449,-0.800000000000001));
#710=CARTESIAN_POINT('',(1.8,3.91886975727154E-16,-0.800000000000001));
#711=CARTESIAN_POINT('',(1.78541666666667,-0.214359353944898,-0.800000000000001));
#712=CARTESIAN_POINT('',(1.77083333333334,-0.4,-0.692820323027552));
#713=CARTESIAN_POINT('',(1.75625,-0.585640646055102,-0.585640646055103));
#714=CARTESIAN_POINT('',(1.74166666666667,-0.692820323027551,-0.400000000000002));
#715=CARTESIAN_POINT('',(1.72708333333334,-0.800000000000001,-0.2143593539449));
#716=CARTESIAN_POINT('',(1.7125,-0.800000000000001,-1.86195831921325E-15));
#717=CARTESIAN_POINT('',(1.69791666666667,-0.800000000000001,0.214359353944898));
#718=CARTESIAN_POINT('',(1.68333333333334,-0.692820323027552,0.4));
#719=CARTESIAN_POINT('',(1.66875,-0.585640646055103,0.585640646055102));
#720=CARTESIAN_POINT('',(1.65416666666667,-0.400000000000002,0.692820323027551));
#721=CARTESIAN_POINT('',(1.63958333333334,-0.2143593539449,0.800000000000001));
#722=CARTESIAN_POINT('',(1.625,-1.91094419117914E-15,0.800000000000001));
#723=CARTESIAN_POINT('',(1.61041666666667,0.214359353944898,0.800000000000001));
#724=CARTESIAN_POINT('',(1.59583333333334,0.4,0.692820323027552));
#725=CARTESIAN_POINT('',(1.58125,0.585640646055101,0.585640646055104));
#726=CARTESIAN_POINT('',(1.56666666666667,0.692820323027551,0.400000000000002));
#727=CARTESIAN_POINT('',(1.55208333333334,0.800000000000001,0.214359353944899));
#728=CARTESIAN_POINT('',(1.5375,0.800000000000001,1.95993006314504E-15));
#729=CARTESIAN_POINT('',(1.52291666666667,0.800000000000001,-0.214359353944898));
#730=CARTESIAN_POINT('',(1.50833333333334,0.692820323027553,-0.399999999999998));
#731=CARTESIAN_POINT('',(1.49375,0.585640646055104,-0.585640646055102));
#732=CARTESIAN_POINT('',(1.47916666666667,0.400000000000003,-0.69282032302755));
#733=CARTESIAN_POINT('',(1.46458333333334,0.2143593539449,-0.800000000000001));
#734=CARTESIAN_POINT('',(1.45,5.8783046359073E-16,-0.800000000000001));
#735=CARTESIAN_POINT('',(1.43541666666667,-0.214359353944896,-0.800000000000002));
#736=CARTESIAN_POINT('',(1.42083333333334,-0.4,-0.692820323027552));
#737=CARTESIAN_POINT('',(1.40625,-0.585640646055101,-0.585640646055104));
#738=CARTESIAN_POINT('',(1.39166666666667,-0.692820323027551,-0.400000000000002));
#739=CARTESIAN_POINT('',(1.37708333333334,-0.800000000000001,-0.214359353944899));
#740=CARTESIAN_POINT('',(1.3625,-0.800000000000001,-2.05790180707683E-15));
#741=CARTESIAN_POINT('',(1.34791666666667,-0.800000000000001,0.214359353944898));
#742=CARTESIAN_POINT('',(1.33333333333334,-0.692820323027553,0.399999999999998));
#743=CARTESIAN_POINT('',(1.31875,-0.585640646055104,0.585640646055102));
#744=CARTESIAN_POINT('',(1.30416666666667,-0.400000000000003,0.69282032302755));
#745=CARTESIAN_POINT('',(1.28958333333334,-0.2143593539449,0.8));
#746=CARTESIAN_POINT('',(1.275,-6.85802207522519E-16,0.800000000000001));
#747=CARTESIAN_POINT('',(1.26041666666667,0.214359353944896,0.800000000000002));
#748=CARTESIAN_POINT('',(1.24583333333334,0.399999999999999,0.692820323027552));
#749=CARTESIAN_POINT('',(1.23125,0.5856406460551,0.585640646055105));
#750=CARTESIAN_POINT('',(1.21666666666667,0.692820323027551,0.400000000000002));
#751=CARTESIAN_POINT('',(1.20208333333334,0.8,0.214359353944902));
#752=CARTESIAN_POINT('',(1.1875,0.800000000000001,2.15587355100861E-15));
#753=CARTESIAN_POINT('',(1.17291666666667,0.800000000000001,-0.214359353944897));
#754=CARTESIAN_POINT('',(1.15833333333334,0.692820323027553,-0.399999999999998));
#755=CARTESIAN_POINT('',(1.14375,0.585640646055104,-0.585640646055102));
#756=CARTESIAN_POINT('',(1.12916666666667,0.400000000000003,-0.69282032302755));
#757=CARTESIAN_POINT('',(1.11458333333334,0.2143593539449,-0.8));
#758=CARTESIAN_POINT('',(1.1,7.83773951454307E-16,-0.800000000000001));
#759=CARTESIAN_POINT('',(1.08541666666667,-0.214359353944896,-0.800000000000002));
#760=CARTESIAN_POINT('',(1.07083333333334,-0.399999999999999,-0.692820323027552));
#761=CARTESIAN_POINT('',(1.05625,-0.5856406460551,-0.585640646055105));
#762=CARTESIAN_POINT('',(1.04166666666667,-0.692820323027551,-0.400000000000002));
#763=CARTESIAN_POINT('',(1.02708333333334,-0.8,-0.214359353944902));
#764=CARTESIAN_POINT('',(1.0125,-0.800000000000001,-2.2538452949404E-15));
#765=CARTESIAN_POINT('',(0.997916666666669,-0.800000000000001,0.214359353944897));
#766=CARTESIAN_POINT('',(0.983333333333336,-0.692820323027553,0.399999999999998));
#767=CARTESIAN_POINT('',(0.968750000000002,-0.585640646055104,0.585640646055101));
#768=CARTESIAN_POINT('',(0.954166666666669,-0.400000000000003,0.69282032302755));
#769=CARTESIAN_POINT('',(0.939583333333336,-0.2143593539449,0.8));
#770=CARTESIAN_POINT('',(0.925000000000002,-3.7239166384265E-15,0.800000000000001));
#771=CARTESIAN_POINT('',(0.910416666666669,0.214359353944896,0.800000000000002));
#772=CARTESIAN_POINT('',(0.895833333333335,0.399999999999999,0.692820323027552));
#773=CARTESIAN_POINT('',(0.881250000000002,0.5856406460551,0.585640646055105));
#774=CARTESIAN_POINT('',(0.866666666666669,0.692820323027551,0.400000000000002));
#775=CARTESIAN_POINT('',(0.852083333333336,0.8,0.214359353944902));
#776=CARTESIAN_POINT('',(0.837500000000002,0.800000000000001,2.35181703887219E-15));
#777=CARTESIAN_POINT('',(0.822916666666669,0.800000000000002,-0.214359353944894));
#778=CARTESIAN_POINT('',(0.808333333333336,0.692820323027553,-0.399999999999998));
#779=CARTESIAN_POINT('',(0.793750000000002,0.585640646055104,-0.585640646055101));
#780=CARTESIAN_POINT('',(0.779166666666669,0.400000000000003,-0.69282032302755));
#781=CARTESIAN_POINT('',(0.764583333333336,0.214359353944901,-0.8));
#782=CARTESIAN_POINT('',(0.750000000000002,3.82188838235829E-15,-0.800000000000001));
#783=CARTESIAN_POINT('',(0.735416666666669,-0.214359353944896,-0.800000000000002));
#784=CARTESIAN_POINT('',(0.720833333333335,-0.399999999999999,-0.692820323027553));
#785=CARTESIAN_POINT('',(0.706250000000002,-0.5856406460551,-0.585640646055105));
#786=CARTESIAN_POINT('',(0.691666666666669,-0.692820323027551,-0.400000000000002));
#787=CARTESIAN_POINT('',(0.677083333333335,-0.800000000000001,-0.214359353944899));
#788=CARTESIAN_POINT('',(0.662500000000002,-0.800000000000001,-5.29195972584438E-15));
#789=CARTESIAN_POINT('',(0.647916666666669,-0.800000000000002,0.214359353944894));
#790=CARTESIAN_POINT('',(0.633333333333336,-0.692820323027553,0.399999999999998));
#791=CARTESIAN_POINT('',(0.618750000000002,-0.585640646055104,0.585640646055101));
#792=CARTESIAN_POINT('',(0.604166666666669,-0.400000000000001,0.692820323027551));
#793=CARTESIAN_POINT('',(0.589583333333336,-0.214359353944904,0.8));
#794=CARTESIAN_POINT('',(0.575000000000002,-3.91986012629008E-15,0.800000000000001));
#795=CARTESIAN_POINT('',(0.560416666666669,0.214359353944896,0.800000000000002));
#796=CARTESIAN_POINT('',(0.545833333333336,0.399999999999999,0.692820323027553));
#797=CARTESIAN_POINT('',(0.531250000000002,0.585640646055102,0.585640646055103));
#798=CARTESIAN_POINT('',(0.516666666666669,0.692820323027549,0.400000000000005));
#799=CARTESIAN_POINT('',(0.502083333333336,0.8,0.214359353944902));
#800=CARTESIAN_POINT('',(0.487500000000002,0.800000000000001,2.54776052673577E-15));
#801=CARTESIAN_POINT('',(0.472916666666669,0.800000000000001,-0.214359353944897));
#802=CARTESIAN_POINT('',(0.458333333333336,0.692820323027555,-0.399999999999995));
#803=CARTESIAN_POINT('',(0.443750000000002,0.585640646055106,-0.585640646055099));
#804=CARTESIAN_POINT('',(0.429166666666669,0.400000000000004,-0.69282032302755));
#805=CARTESIAN_POINT('',(0.414583333333335,0.214359353944901,-0.8));
#806=CARTESIAN_POINT('',(0.400000000000002,1.17566092718146E-15,-0.800000000000001));
#807=CARTESIAN_POINT('',(0.385416666666669,-0.214359353944893,-0.800000000000002));
#808=CARTESIAN_POINT('',(0.370833333333335,-0.399999999999997,-0.692820323027554));
#809=CARTESIAN_POINT('',(0.356250000000002,-0.5856406460551,-0.585640646055105));
#810=CARTESIAN_POINT('',(0.341666666666669,-0.692820323027551,-0.400000000000002));
#811=CARTESIAN_POINT('',(0.327083333333336,-0.800000000000001,-0.214359353944899));
#812=CARTESIAN_POINT('',(0.312500000000002,-0.800000000000001,-5.48790321370796E-15));
#813=CARTESIAN_POINT('',(0.297916666666669,-0.800000000000002,0.214359353944894));
#814=CARTESIAN_POINT('',(0.283333333333336,-0.692820323027553,0.399999999999998));
#815=CARTESIAN_POINT('',(0.268750000000002,-0.585640646055104,0.585640646055101));
#816=CARTESIAN_POINT('',(0.254166666666669,-0.400000000000001,0.692820323027551));
#817=CARTESIAN_POINT('',(0.239583333333336,-0.214359353944904,0.799999999999999));
#818=CARTESIAN_POINT('',(0.225000000000002,-4.11580361415365E-15,0.800000000000001));
#819=CARTESIAN_POINT('',(0.210416666666669,0.214359353944895,0.800000000000002));
#820=CARTESIAN_POINT('',(0.195833333333336,0.399999999999999,0.692820323027553));
#821=CARTESIAN_POINT('',(0.181250000000002,0.585640646055098,0.585640646055107));
#822=CARTESIAN_POINT('',(0.166666666666669,0.692820323027549,0.400000000000005));
#823=CARTESIAN_POINT('',(0.152083333333336,0.8,0.214359353944902));
#824=CARTESIAN_POINT('',(0.137500000000002,0.800000000000001,2.74370401459935E-15));
#825=CARTESIAN_POINT('',(0.122916666666669,0.800000000000001,-0.214359353944897));
#826=CARTESIAN_POINT('',(0.108333333333336,0.692820323027555,-0.399999999999995));
#827=CARTESIAN_POINT('',(0.0937500000000022,0.585640646055106,-0.585640646055099));
#828=CARTESIAN_POINT('',(0.0791666666666688,0.400000000000004,-0.69282032302755));
#829=CARTESIAN_POINT('',(0.0645833333333358,0.214359353944901,-0.8));
#830=CARTESIAN_POINT('',(0.0500000000000023,1.37160441504504E-15,-0.800000000000001));
#831=CARTESIAN_POINT('',(0.0354166666666688,-0.214359353944893,-0.800000000000003));
#832=CARTESIAN_POINT('',(0.0208333333333354,-0.399999999999996,-0.692820323027554));
#833=CARTESIAN_POINT('',(0.00625000000000235,-0.5856406460551,-0.585640646055105));
#834=CARTESIAN_POINT('',(-0.00833333333333111,-0.692820323027551,-0.400000000000003));
#835=CARTESIAN_POINT('',(-0.0229166666666646,-0.800000000000001,-0.2143593539449));
#836=CARTESIAN_POINT('',(-0.0374999999999976,-0.800000000000001,-5.68384670157154E-15));
#837=CARTESIAN_POINT('',(-0.0520833333333311,-0.800000000000002,0.214359353944894));
#838=CARTESIAN_POINT('',(-0.0666666666666645,-0.692820323027553,0.399999999999998));
#839=CARTESIAN_POINT('',(-0.0812499999999975,-0.585640646055104,0.585640646055101));
#840=CARTESIAN_POINT('',(-0.095833333333331,-0.400000000000006,0.692820323027548));
#841=CARTESIAN_POINT('',(-0.110416666666664,-0.214359353944904,0.799999999999999));
#842=CARTESIAN_POINT('',(-0.124999999999998,-4.31174710201723E-15,0.800000000000001));
#843=CARTESIAN_POINT('',(-0.139583333333331,0.214359353944895,0.800000000000002));
#844=CARTESIAN_POINT('',(-0.154166666666664,0.399999999999999,0.692820323027553));
#845=CARTESIAN_POINT('',(-0.168749999999998,0.585640646055098,0.585640646055107));
#846=CARTESIAN_POINT('',(-0.183333333333331,0.692820323027549,0.400000000000005));
#847=CARTESIAN_POINT('',(-0.197916666666664,0.8,0.214359353944903));
#848=CARTESIAN_POINT('',(-0.212499999999998,0.800000000000001,2.93964750246292E-15));
#849=CARTESIAN_POINT('',(-0.227083333333331,0.800000000000002,-0.214359353944897));
#850=CARTESIAN_POINT('',(-0.241666666666664,0.692820323027555,-0.399999999999995));
#851=CARTESIAN_POINT('',(-0.256249999999998,0.585640646055106,-0.585640646055099));
#852=CARTESIAN_POINT('',(-0.270833333333331,0.400000000000004,-0.69282032302755));
#853=CARTESIAN_POINT('',(-0.285416666666664,0.214359353944901,-0.8));
#854=CARTESIAN_POINT('',(-0.299999999999998,1.56754790290861E-15,-0.800000000000001));
#855=CARTESIAN_POINT('',(-0.314583333333331,-0.214359353944892,-0.800000000000003));
#856=CARTESIAN_POINT('',(-0.329166666666664,-0.399999999999996,-0.692820323027554));
#857=CARTESIAN_POINT('',(-0.343749999999998,-0.5856406460551,-0.585640646055105));
#858=CARTESIAN_POINT('',(-0.358333333333331,-0.69282032302755,-0.400000000000003));
#859=CARTESIAN_POINT('',(-0.372916666666665,-0.799999999999999,-0.214359353944905));
#860=CARTESIAN_POINT('',(-0.387499999999998,-0.800000000000001,-5.87979018943512E-15));
#861=CARTESIAN_POINT('',(-0.402083333333331,-0.800000000000002,0.214359353944894));
#862=CARTESIAN_POINT('',(-0.416666666666665,-0.692820323027553,0.399999999999997));
#863=CARTESIAN_POINT('',(-0.431249999999998,-0.585640646055104,0.585640646055101));
#864=CARTESIAN_POINT('',(-0.445833333333331,-0.400000000000006,0.692820323027548));
#865=CARTESIAN_POINT('',(-0.460416666666665,-0.214359353944904,0.799999999999999));
#866=CARTESIAN_POINT('',(-0.474999999999998,-4.50769058988081E-15,0.800000000000001));
#867=CARTESIAN_POINT('',(-0.489583333333331,0.214359353944895,0.800000000000002));
#868=CARTESIAN_POINT('',(-0.504166666666664,0.399999999999999,0.692820323027553));
#869=CARTESIAN_POINT('',(-0.518749999999998,0.585640646055098,0.585640646055107));
#870=CARTESIAN_POINT('',(-0.533333333333331,0.692820323027549,0.400000000000005));
#871=CARTESIAN_POINT('',(-0.547916666666664,0.8,0.214359353944903));
#872=CARTESIAN_POINT('',(-0.562499999999998,0.800000000000001,3.1355909903265E-15));
#873=CARTESIAN_POINT('',(-0.577083333333331,0.800000000000003,-0.214359353944891));
#874=CARTESIAN_POINT('',(-0.591666666666664,0.692820323027555,-0.399999999999995));
#875=CARTESIAN_POINT('',(-0.606249999999998,0.585640646055106,-0.585640646055099));
#876=CARTESIAN_POINT('',(-0.620833333333331,0.400000000000004,-0.69282032302755));
#877=CARTESIAN_POINT('',(-0.635416666666664,0.214359353944901,-0.8));
#878=CARTESIAN_POINT('',(-0.649999999999998,7.447833276853E-15,-0.800000000000001));
#879=CARTESIAN_POINT('',(-0.664583333333331,-0.214359353944892,-0.800000000000003));
#880=CARTESIAN_POINT('',(-0.679166666666664,-0.399999999999996,-0.692820323027554));
#881=CARTESIAN_POINT('',(-0.693749999999998,-0.5856406460551,-0.585640646055105));
#882=CARTESIAN_POINT('',(-0.708333333333331,-0.69282032302755,-0.400000000000003));
#883=CARTESIAN_POINT('',(-0.722916666666664,-0.799999999999999,-0.214359353944906));
#884=CARTESIAN_POINT('',(-0.737499999999998,-0.800000000000001,-6.07573367729869E-15));
#885=CARTESIAN_POINT('',(-0.752083333333331,-0.800000000000002,0.214359353944894));
#886=CARTESIAN_POINT('',(-0.766666666666665,-0.692820323027554,0.399999999999997));
#887=CARTESIAN_POINT('',(-0.781249999999998,-0.585640646055104,0.585640646055101));
#888=CARTESIAN_POINT('',(-0.795833333333331,-0.400000000000007,0.692820323027548));
#889=CARTESIAN_POINT('',(-0.810416666666665,-0.214359353944904,0.799999999999999));
#890=CARTESIAN_POINT('',(-0.824999999999998,-4.70363407774438E-15,0.800000000000001));
#891=CARTESIAN_POINT('',(-0.839583333333331,0.214359353944895,0.800000000000002));
#892=CARTESIAN_POINT('',(-0.854166666666665,0.399999999999994,0.692820323027556));
#893=CARTESIAN_POINT('',(-0.868749999999998,0.585640646055098,0.585640646055108));
#894=CARTESIAN_POINT('',(-0.883333333333331,0.692820323027549,0.400000000000005));
#895=CARTESIAN_POINT('',(-0.897916666666664,0.8,0.214359353944903));
#896=CARTESIAN_POINT('',(-0.912499999999998,0.800000000000001,3.33153447819008E-15));
#897=CARTESIAN_POINT('',(-0.927083333333331,0.800000000000003,-0.214359353944891));
#898=CARTESIAN_POINT('',(-0.941666666666664,0.692820323027555,-0.399999999999995));
#899=CARTESIAN_POINT('',(-0.956249999999998,0.585640646055107,-0.585640646055099));
#900=CARTESIAN_POINT('',(-0.970833333333331,0.400000000000004,-0.69282032302755));
#901=CARTESIAN_POINT('',(-0.985416666666664,0.214359353944902,-0.8));
#902=CARTESIAN_POINT('',(-0.999999999999998,7.64377676471658E-15,-0.800000000000001));
#903=CARTESIAN_POINT('',(-1.01458333333333,-0.214359353944892,-0.800000000000003));
#904=CARTESIAN_POINT('',(-1.02916666666666,-0.399999999999996,-0.692820323027554));
#905=CARTESIAN_POINT('',(-1.04375,-0.5856406460551,-0.585640646055105));
#906=CARTESIAN_POINT('',(-1.05833333333333,-0.69282032302755,-0.400000000000003));
#907=CARTESIAN_POINT('',(-1.07291666666666,-0.800000000000001,-0.2143593539449));
#908=CARTESIAN_POINT('',(-1.0875,-0.800000000000001,-6.27167716516227E-15));
#909=CARTESIAN_POINT('',(-1.10208333333333,-0.800000000000004,0.214359353944888));
#910=CARTESIAN_POINT('',(-1.11666666666666,-0.692820323027554,0.399999999999997));
#911=CARTESIAN_POINT('',(-1.13125,-0.585640646055109,0.585640646055096));
#912=CARTESIAN_POINT('',(-1.14583333333333,-0.400000000000002,0.692820323027551));
#913=CARTESIAN_POINT('',(-1.16041666666666,-0.214359353944905,0.799999999999999));
#914=CARTESIAN_POINT('',(-1.175,-1.05839194516888E-14,0.800000000000001));
#915=CARTESIAN_POINT('',(-1.18958333333333,0.214359353944895,0.800000000000002));
#916=CARTESIAN_POINT('',(-1.20416666666666,0.399999999999993,0.692820323027556));
#917=CARTESIAN_POINT('',(-1.21875,0.585640646055102,0.585640646055104));
#918=CARTESIAN_POINT('',(-1.23333333333333,0.692820323027549,0.400000000000006));
#919=CARTESIAN_POINT('',(-1.24791666666666,0.799999999999998,0.214359353944909));
#920=CARTESIAN_POINT('',(-1.2625,0.800000000000001,3.52747796605365E-15));
#921=CARTESIAN_POINT('',(-1.27708333333333,0.800000000000003,-0.21435935394489));
#922=CARTESIAN_POINT('',(-1.29166666666666,0.692820323027552,-0.399999999999999));
#923=CARTESIAN_POINT('',(-1.30625,0.585640646055107,-0.585640646055098));
#924=CARTESIAN_POINT('',(-1.32083333333333,0.400000000000009,-0.692820323027547));
#925=CARTESIAN_POINT('',(-1.33541666666666,0.214359353944902,-0.8));
#926=CARTESIAN_POINT('',(-1.35,7.83972025258015E-15,-0.800000000000001));
#927=CARTESIAN_POINT('',(0.110000000000002,0.704697288249626,-0.37868421136037));
#928=CARTESIAN_POINT('',(0.110000000000002,0.,0.));
#929=CARTESIAN_POINT('',(0.100000000000003,0.,0.));
#930=CARTESIAN_POINT('',(0.100000000000003,0.,-0.800000000000001));
#931=CARTESIAN_POINT('',(2.5,0.,0.8));
#932=CARTESIAN_POINT('',(2.5,0.232842120514851,0.5644334749061));
#933=CARTESIAN_POINT('',(2.5,0.461841232218229,0.50983275806567));
#934=CARTESIAN_POINT('',(2.5,0.824605876466388,0.123047844527709));
#935=CARTESIAN_POINT('',(2.5,0.710538426261967,-0.380470587792967));
#936=CARTESIAN_POINT('',(2.5,0.565962072474379,-0.565408642063868));
#937=CARTESIAN_POINT('',(2.5,0.232842120514855,0.564433474906099));
#938=CARTESIAN_POINT('',(2.5,0.,0.));
#939=CARTESIAN_POINT('',(2.5,-0.564400651845546,0.232921671118749));
#940=CARTESIAN_POINT('',(2.5,0.,-0.800000000000001));
#941=CARTESIAN_POINT('',(2.5,-0.233176466385023,-0.772523607784374));
#942=CARTESIAN_POINT('',(2.50000000000001,-0.668449279231207,-0.496528585787803));
#943=CARTESIAN_POINT('',(2.5,-0.68716667914402,0.0320491066560286));
#944=CARTESIAN_POINT('',(2.5,-0.564400651845544,0.232921671118754));
#945=CARTESIAN_POINT('',(-1.6,0.,0.));
#946=CARTESIAN_POINT('',(-1.6,-0.750000000000018,-0.433012701892189));
#947=CARTESIAN_POINT('',(-1.6,-0.750000000000018,-0.433012701892189));
#948=CARTESIAN_POINT('',(-1.6,-0.750000000000001,0.43301270189222));
#949=CARTESIAN_POINT('',(-1.6,1.9895109865109E-14,-0.866025403784439));
#950=CARTESIAN_POINT('',(-1.6,1.98408997564847E-14,-0.866025403784439));
#951=CARTESIAN_POINT('',(-1.6,0.750000000000006,-0.43301270189221));
#952=CARTESIAN_POINT('',(-1.6,0.750000000000006,-0.43301270189221));
#953=CARTESIAN_POINT('',(-1.6,0.750000000000003,0.433012701892215));
#954=CARTESIAN_POINT('',(-1.6,0.750000000000004,0.433012701892215));
#955=CARTESIAN_POINT('',(-1.6,5.73542949244832E-14,0.866025403784439));
#956=CARTESIAN_POINT('',(-1.6,5.74627151417317E-14,0.866025403784439));
#957=CARTESIAN_POINT('',(-1.6,-0.750000000000001,0.43301270189222));
#958=CARTESIAN_POINT('',(-1.6,0.,0.));
#959=CARTESIAN_POINT('',(-1.6,0.,1.34000000000002));
#960=CARTESIAN_POINT('',(-4.,0.,0.));
#961=CARTESIAN_POINT('',(-1.44,0.,0.));
#962=CARTESIAN_POINT('',(-1.44,0.,1.50000000000002));
#963=CARTESIAN_POINT('',(-1.44,0.,0.));
#964=CARTESIAN_POINT('',(-0.899999999999998,5.73542949244832E-14,0.866025403784439));
#965=CARTESIAN_POINT('',(-0.96698729810315,-5.19617707561449E-13,0.866025403784772));
#966=CARTESIAN_POINT('',(-0.885347457994363,0.244919520325568,0.7246210527947));
#967=CARTESIAN_POINT('',(-0.885245934544687,0.504775909318303,0.574592896659088));
#968=CARTESIAN_POINT('',(-0.96698729810542,0.750000000000343,0.433012701892019));
#969=CARTESIAN_POINT('',(-0.966987298107784,5.73542949244832E-14,0.866025403784439));
#970=CARTESIAN_POINT('',(-0.966987298107784,0.750000000000004,0.433012701892215));
#971=CARTESIAN_POINT('',(-0.899999999999998,5.74627151417317E-14,0.866025403784439));
#972=CARTESIAN_POINT('',(-0.899999999999998,0.750000000000004,0.433012701892215));
#973=CARTESIAN_POINT('',(-0.899999999999998,0.750000000000003,0.433012701892215));
#974=CARTESIAN_POINT('',(-0.966987298107778,0.750000000000003,0.433012701892216));
#975=CARTESIAN_POINT('',(-0.885559395964302,0.750000000000004,0.150938174559718));
#976=CARTESIAN_POINT('',(-0.88561350671843,0.750000000000005,-0.151125619710512));
#977=CARTESIAN_POINT('',(-0.96698729810777,0.750000000000006,-0.433012701892212));
#978=CARTESIAN_POINT('',(-0.966987298107784,0.750000000000006,-0.43301270189221));
#979=CARTESIAN_POINT('',(-0.899999999999998,0.750000000000006,-0.43301270189221));
#980=CARTESIAN_POINT('',(-0.899999999999998,0.750000000000006,-0.43301270189221));
#981=CARTESIAN_POINT('',(-0.96698729810315,0.750000000000583,-0.433012701891877));
#982=CARTESIAN_POINT('',(-0.885347457994356,0.505080479674482,-0.574417052881951));
#983=CARTESIAN_POINT('',(-0.88524593454468,0.245224090681733,-0.724445209017565));
#984=CARTESIAN_POINT('',(-0.96698729810542,-3.19337882636226E-13,-0.866025403784635));
#985=CARTESIAN_POINT('',(-0.966987298107784,1.98408997564847E-14,-0.866025403784439));
#986=CARTESIAN_POINT('',(-0.899999999999998,1.98408997564847E-14,-0.866025403784439));
#987=CARTESIAN_POINT('',(-0.899999999999998,1.9895109865109E-14,-0.866025403784439));
#988=CARTESIAN_POINT('',(-0.96698729810315,5.96863379284937E-13,-0.866025403784772));
#989=CARTESIAN_POINT('',(-0.885347457994346,-0.24491952032552,-0.724621052794692));
#990=CARTESIAN_POINT('',(-0.88524593454467,-0.504775909318289,-0.57459289665907));
#991=CARTESIAN_POINT('',(-0.96698729810542,-0.750000000000358,-0.433012701891993));
#992=CARTESIAN_POINT('',(-0.966987298107784,-0.750000000000018,-0.433012701892189));
#993=CARTESIAN_POINT('',(-0.899999999999998,-0.750000000000018,-0.433012701892189));
#994=CARTESIAN_POINT('',(-0.899999999999998,-0.750000000000018,-0.433012701892189));
#995=CARTESIAN_POINT('',(-0.966987298107778,-0.750000000000018,-0.43301270189219));
#996=CARTESIAN_POINT('',(-0.885559395964305,-0.750000000000012,-0.150938174559697));
#997=CARTESIAN_POINT('',(-0.885613506718433,-0.750000000000006,0.151125619710528));
#998=CARTESIAN_POINT('',(-0.966987298107771,-0.750000000000001,0.433012701892223));
#999=CARTESIAN_POINT('',(-0.966987298107784,-0.750000000000001,0.43301270189222));
#1000=CARTESIAN_POINT('',(-0.899999999999998,-0.750000000000001,0.43301270189222));
#1001=CARTESIAN_POINT('',(-0.899999999999998,-0.750000000000001,0.43301270189222));
#1002=CARTESIAN_POINT('',(-0.96698729810315,-0.750000000000578,0.433012701891887));
#1003=CARTESIAN_POINT('',(-0.885347457994345,-0.505080479674454,0.574417052881957));
#1004=CARTESIAN_POINT('',(-0.885245934544669,-0.245224090681679,0.724445209017569));
#1005=CARTESIAN_POINT('',(-0.96698729810542,3.96293103949686E-13,0.866025403784635));
#1006=CARTESIAN_POINT('',(-0.466987298107784,0.,-3.61470250022839E-16));
#1007=CARTESIAN_POINT('',(-0.466987298107783,0.,-1.0842021724855E-16));
#1008=CARTESIAN_POINT('',(0.100000000000003,0.,0.));
#1009=CARTESIAN_POINT('',(0.110000000000002,0.,0.));
#1010=CARTESIAN_POINT('',(0.110000000000002,-0.386632817974788,0.472562868563858));
#1011=CARTESIAN_POINT('',(0.110000000000002,-0.2300694697163,0.648444282017548));
#1012=CARTESIAN_POINT('',(0.110000000000002,0.28267394198686,0.784367227501567));
#1013=CARTESIAN_POINT('',(0.110000000000001,0.671899836234843,0.445192544760162));
#1014=CARTESIAN_POINT('',(0.110000000000001,0.766165421473519,0.230196757010837));
#1015=CARTESIAN_POINT('',(0.110000000000002,-0.386632817974791,0.472562868563856));
#1016=CARTESIAN_POINT('',(0.110000000000002,0.704697288249624,-0.378684211360374));
#1017=CARTESIAN_POINT('',(0.110000000000002,0.569912563625691,-0.571004541071881));
#1018=CARTESIAN_POINT('',(0.110000000000004,0.120931565472474,-0.824099966920796));
#1019=CARTESIAN_POINT('',(0.110000000000002,-0.354001351449161,-0.590010596062151));
#1020=CARTESIAN_POINT('',(0.110000000000002,-0.47261717054644,-0.386566437737558));
#1021=CARTESIAN_POINT('',(0.110000000000002,-0.47261717054644,-0.386566437737558));
#1022=CARTESIAN_POINT('',(0.110000000000002,0.,0.));
#1023=CARTESIAN_POINT('',(2.62455204791668,0.0964829062328786,0.794160593837833));
#1024=CARTESIAN_POINT('',(2.61316495356056,0.258584055408455,0.774466856705186));
#1025=CARTESIAN_POINT('',(2.60205577083334,0.4,0.692820323027552));
#1026=CARTESIAN_POINT('',(2.5874724375,0.585640646055102,0.585640646055103));
#1027=CARTESIAN_POINT('',(2.57288910416667,0.692820323027552,0.400000000000001));
#1028=CARTESIAN_POINT('',(2.55830577083334,0.800000000000001,0.214359353944899));
#1029=CARTESIAN_POINT('',(2.5437224375,0.800000000000001,1.46957615897683E-16));
#1030=CARTESIAN_POINT('',(2.52913910416667,0.800000000000001,-0.214359353944898));
#1031=CARTESIAN_POINT('',(2.51455577083334,0.692820323027552,-0.4));
#1032=CARTESIAN_POINT('',(2.4999724375,0.585640646055103,-0.585640646055102));
#1033=CARTESIAN_POINT('',(2.48538910416667,0.400000000000001,-0.692820323027552));
#1034=CARTESIAN_POINT('',(2.47080577083334,0.214359353944899,-0.800000000000001));
#1035=CARTESIAN_POINT('',(2.4562224375,0.,-0.800000000000001));
#1036=CARTESIAN_POINT('',(2.44163910416667,-0.214359353944898,-0.800000000000001));
#1037=CARTESIAN_POINT('',(2.42705577083334,-0.4,-0.692820323027552));
#1038=CARTESIAN_POINT('',(2.4124724375,-0.585640646055103,-0.585640646055103));
#1039=CARTESIAN_POINT('',(2.39788910416667,-0.692820323027552,-0.400000000000001));
#1040=CARTESIAN_POINT('',(2.38330577083334,-0.800000000000001,-0.214359353944899));
#1041=CARTESIAN_POINT('',(2.3687224375,-0.800000000000001,-4.89858719658942E-17));
#1042=CARTESIAN_POINT('',(2.35413910416667,-0.800000000000001,0.214359353944898));
#1043=CARTESIAN_POINT('',(2.33955577083334,-0.692820323027552,0.4));
#1044=CARTESIAN_POINT('',(2.3249724375,-0.585640646055103,0.585640646055103));
#1045=CARTESIAN_POINT('',(2.31038910416667,-0.400000000000001,0.692820323027552));
#1046=CARTESIAN_POINT('',(2.29580577083334,-0.214359353944899,0.800000000000001));
#1047=CARTESIAN_POINT('',(2.2812224375,-9.79717439317884E-17,0.800000000000001));
#1048=CARTESIAN_POINT('',(2.26663910416667,0.214359353944898,0.800000000000001));
#1049=CARTESIAN_POINT('',(2.25205577083334,0.4,0.692820323027552));
#1050=CARTESIAN_POINT('',(2.2374724375,0.585640646055102,0.585640646055103));
#1051=CARTESIAN_POINT('',(2.22288910416667,0.692820323027552,0.400000000000001));
#1052=CARTESIAN_POINT('',(2.20830577083334,0.800000000000001,0.214359353944899));
#1053=CARTESIAN_POINT('',(2.1937224375,0.800000000000001,1.46957615897683E-16));
#1054=CARTESIAN_POINT('',(2.17913910416667,0.800000000000001,-0.214359353944898));
#1055=CARTESIAN_POINT('',(2.16455577083334,0.692820323027552,-0.4));
#1056=CARTESIAN_POINT('',(2.1499724375,0.585640646055103,-0.585640646055102));
#1057=CARTESIAN_POINT('',(2.13538910416667,0.400000000000001,-0.692820323027552));
#1058=CARTESIAN_POINT('',(2.12080577083334,0.214359353944899,-0.800000000000001));
#1059=CARTESIAN_POINT('',(2.1062224375,0.,-0.800000000000001));
#1060=CARTESIAN_POINT('',(2.09163910416667,-0.214359353944898,-0.800000000000001));
#1061=CARTESIAN_POINT('',(2.07705577083334,-0.4,-0.692820323027552));
#1062=CARTESIAN_POINT('',(2.0624724375,-0.585640646055103,-0.585640646055103));
#1063=CARTESIAN_POINT('',(2.04788910416667,-0.692820323027552,-0.400000000000001));
#1064=CARTESIAN_POINT('',(2.03330577083334,-0.800000000000001,-0.214359353944899));
#1065=CARTESIAN_POINT('',(2.0187224375,-0.800000000000001,-4.89858719658942E-17));
#1066=CARTESIAN_POINT('',(2.00413910416667,-0.800000000000001,0.214359353944898));
#1067=CARTESIAN_POINT('',(1.98955577083334,-0.692820323027552,0.4));
#1068=CARTESIAN_POINT('',(1.9749724375,-0.585640646055103,0.585640646055103));
#1069=CARTESIAN_POINT('',(1.96038910416667,-0.400000000000001,0.692820323027552));
#1070=CARTESIAN_POINT('',(1.94580577083334,-0.214359353944899,0.800000000000001));
#1071=CARTESIAN_POINT('',(1.9312224375,-9.79717439317884E-17,0.800000000000001));
#1072=CARTESIAN_POINT('',(1.91663910416667,0.214359353944898,0.800000000000001));
#1073=CARTESIAN_POINT('',(1.90205577083334,0.4,0.692820323027552));
#1074=CARTESIAN_POINT('',(1.8874724375,0.585640646055102,0.585640646055103));
#1075=CARTESIAN_POINT('',(1.87288910416667,0.692820323027552,0.400000000000001));
#1076=CARTESIAN_POINT('',(1.85830577083334,0.800000000000001,0.214359353944899));
#1077=CARTESIAN_POINT('',(1.8437224375,0.800000000000001,1.46957615897683E-16));
#1078=CARTESIAN_POINT('',(1.82913910416667,0.800000000000001,-0.214359353944898));
#1079=CARTESIAN_POINT('',(1.81455577083334,0.692820323027552,-0.4));
#1080=CARTESIAN_POINT('',(1.7999724375,0.585640646055103,-0.585640646055102));
#1081=CARTESIAN_POINT('',(1.78538910416667,0.400000000000001,-0.692820323027552));
#1082=CARTESIAN_POINT('',(1.77080577083334,0.214359353944899,-0.800000000000001));
#1083=CARTESIAN_POINT('',(1.7562224375,0.,-0.800000000000001));
#1084=CARTESIAN_POINT('',(1.74163910416667,-0.214359353944898,-0.800000000000001));
#1085=CARTESIAN_POINT('',(1.72705577083334,-0.4,-0.692820323027552));
#1086=CARTESIAN_POINT('',(1.7124724375,-0.585640646055103,-0.585640646055103));
#1087=CARTESIAN_POINT('',(1.69788910416667,-0.692820323027552,-0.400000000000001));
#1088=CARTESIAN_POINT('',(1.68330577083334,-0.800000000000001,-0.214359353944899));
#1089=CARTESIAN_POINT('',(1.6687224375,-0.800000000000001,-4.89858719658942E-17));
#1090=CARTESIAN_POINT('',(1.65413910416667,-0.800000000000001,0.214359353944898));
#1091=CARTESIAN_POINT('',(1.63955577083334,-0.692820323027552,0.4));
#1092=CARTESIAN_POINT('',(1.6249724375,-0.585640646055103,0.585640646055103));
#1093=CARTESIAN_POINT('',(1.61038910416667,-0.400000000000001,0.692820323027552));
#1094=CARTESIAN_POINT('',(1.59580577083334,-0.214359353944899,0.800000000000001));
#1095=CARTESIAN_POINT('',(1.5812224375,-9.79717439317884E-17,0.800000000000001));
#1096=CARTESIAN_POINT('',(1.56663910416667,0.214359353944898,0.800000000000001));
#1097=CARTESIAN_POINT('',(1.55205577083334,0.4,0.692820323027552));
#1098=CARTESIAN_POINT('',(1.5374724375,0.585640646055102,0.585640646055103));
#1099=CARTESIAN_POINT('',(1.52288910416667,0.692820323027552,0.400000000000001));
#1100=CARTESIAN_POINT('',(1.50830577083334,0.800000000000001,0.214359353944899));
#1101=CARTESIAN_POINT('',(1.4937224375,0.800000000000001,1.46957615897683E-16));
#1102=CARTESIAN_POINT('',(1.47913910416667,0.800000000000001,-0.214359353944898));
#1103=CARTESIAN_POINT('',(1.46455577083334,0.692820323027552,-0.4));
#1104=CARTESIAN_POINT('',(1.4499724375,0.585640646055103,-0.585640646055102));
#1105=CARTESIAN_POINT('',(1.43538910416667,0.400000000000001,-0.692820323027552));
#1106=CARTESIAN_POINT('',(1.42080577083334,0.214359353944899,-0.800000000000001));
#1107=CARTESIAN_POINT('',(1.4062224375,0.,-0.800000000000001));
#1108=CARTESIAN_POINT('',(1.39163910416667,-0.214359353944898,-0.800000000000001));
#1109=CARTESIAN_POINT('',(1.37705577083334,-0.4,-0.692820323027552));
#1110=CARTESIAN_POINT('',(1.3624724375,-0.585640646055103,-0.585640646055103));
#1111=CARTESIAN_POINT('',(1.34788910416667,-0.692820323027552,-0.400000000000001));
#1112=CARTESIAN_POINT('',(1.33330577083334,-0.800000000000001,-0.214359353944899));
#1113=CARTESIAN_POINT('',(1.3187224375,-0.800000000000001,-4.89858719658942E-17));
#1114=CARTESIAN_POINT('',(1.30413910416667,-0.800000000000001,0.214359353944898));
#1115=CARTESIAN_POINT('',(1.28955577083334,-0.692820323027552,0.4));
#1116=CARTESIAN_POINT('',(1.2749724375,-0.585640646055103,0.585640646055103));
#1117=CARTESIAN_POINT('',(1.26038910416667,-0.400000000000001,0.692820323027552));
#1118=CARTESIAN_POINT('',(1.24580577083334,-0.214359353944899,0.800000000000001));
#1119=CARTESIAN_POINT('',(1.2312224375,-9.79717439317884E-17,0.800000000000001));
#1120=CARTESIAN_POINT('',(1.21663910416667,0.214359353944898,0.800000000000001));
#1121=CARTESIAN_POINT('',(1.20205577083334,0.4,0.692820323027552));
#1122=CARTESIAN_POINT('',(1.1874724375,0.585640646055102,0.585640646055103));
#1123=CARTESIAN_POINT('',(1.17288910416667,0.692820323027552,0.400000000000001));
#1124=CARTESIAN_POINT('',(1.15830577083334,0.800000000000001,0.214359353944899));
#1125=CARTESIAN_POINT('',(1.1437224375,0.800000000000001,1.46957615897683E-16));
#1126=CARTESIAN_POINT('',(1.12913910416667,0.800000000000001,-0.214359353944898));
#1127=CARTESIAN_POINT('',(1.11455577083334,0.692820323027552,-0.4));
#1128=CARTESIAN_POINT('',(1.0999724375,0.585640646055103,-0.585640646055102));
#1129=CARTESIAN_POINT('',(1.08538910416667,0.400000000000001,-0.692820323027552));
#1130=CARTESIAN_POINT('',(1.07080577083334,0.214359353944899,-0.800000000000001));
#1131=CARTESIAN_POINT('',(1.0562224375,0.,-0.800000000000001));
#1132=CARTESIAN_POINT('',(1.04163910416667,-0.214359353944898,-0.800000000000001));
#1133=CARTESIAN_POINT('',(1.02705577083334,-0.4,-0.692820323027552));
#1134=CARTESIAN_POINT('',(1.0124724375,-0.585640646055103,-0.585640646055103));
#1135=CARTESIAN_POINT('',(0.997889104166669,-0.692820323027552,-0.400000000000001));
#1136=CARTESIAN_POINT('',(0.983305770833336,-0.800000000000001,-0.214359353944899));
#1137=CARTESIAN_POINT('',(0.968722437500003,-0.800000000000001,-4.89858719658942E-17));
#1138=CARTESIAN_POINT('',(0.954139104166669,-0.800000000000001,0.214359353944898));
#1139=CARTESIAN_POINT('',(0.939555770833336,-0.692820323027552,0.4));
#1140=CARTESIAN_POINT('',(0.924972437500003,-0.585640646055103,0.585640646055103));
#1141=CARTESIAN_POINT('',(0.910389104166669,-0.400000000000001,0.692820323027552));
#1142=CARTESIAN_POINT('',(0.895805770833336,-0.214359353944899,0.800000000000001));
#1143=CARTESIAN_POINT('',(0.881222437500002,-9.79717439317884E-17,0.800000000000001));
#1144=CARTESIAN_POINT('',(0.866639104166669,0.214359353944898,0.800000000000001));
#1145=CARTESIAN_POINT('',(0.852055770833336,0.4,0.692820323027552));
#1146=CARTESIAN_POINT('',(0.837472437500003,0.585640646055102,0.585640646055103));
#1147=CARTESIAN_POINT('',(0.822889104166669,0.692820323027552,0.400000000000001));
#1148=CARTESIAN_POINT('',(0.808305770833336,0.800000000000001,0.214359353944899));
#1149=CARTESIAN_POINT('',(0.793722437500003,0.800000000000001,1.46957615897683E-16));
#1150=CARTESIAN_POINT('',(0.779139104166669,0.800000000000001,-0.214359353944898));
#1151=CARTESIAN_POINT('',(0.764555770833336,0.692820323027552,-0.4));
#1152=CARTESIAN_POINT('',(0.749972437500003,0.585640646055103,-0.585640646055102));
#1153=CARTESIAN_POINT('',(0.735389104166669,0.400000000000001,-0.692820323027552));
#1154=CARTESIAN_POINT('',(0.720805770833336,0.214359353944899,-0.800000000000001));
#1155=CARTESIAN_POINT('',(0.706222437500003,0.,-0.800000000000001));
#1156=CARTESIAN_POINT('',(0.691639104166669,-0.214359353944898,-0.800000000000001));
#1157=CARTESIAN_POINT('',(0.677055770833336,-0.4,-0.692820323027552));
#1158=CARTESIAN_POINT('',(0.662472437500003,-0.585640646055103,-0.585640646055103));
#1159=CARTESIAN_POINT('',(0.647889104166669,-0.692820323027552,-0.400000000000001));
#1160=CARTESIAN_POINT('',(0.633305770833336,-0.800000000000001,-0.214359353944899));
#1161=CARTESIAN_POINT('',(0.618722437500003,-0.800000000000001,-4.89858719658942E-17));
#1162=CARTESIAN_POINT('',(0.604139104166669,-0.800000000000001,0.214359353944898));
#1163=CARTESIAN_POINT('',(0.589555770833336,-0.692820323027552,0.4));
#1164=CARTESIAN_POINT('',(0.574972437500002,-0.585640646055103,0.585640646055103));
#1165=CARTESIAN_POINT('',(0.560389104166669,-0.400000000000001,0.692820323027552));
#1166=CARTESIAN_POINT('',(0.545805770833336,-0.214359353944899,0.800000000000001));
#1167=CARTESIAN_POINT('',(0.531222437500002,-9.79717439317884E-17,0.800000000000001));
#1168=CARTESIAN_POINT('',(0.516639104166669,0.214359353944898,0.800000000000001));
#1169=CARTESIAN_POINT('',(0.502055770833336,0.4,0.692820323027552));
#1170=CARTESIAN_POINT('',(0.487472437500002,0.585640646055102,0.585640646055103));
#1171=CARTESIAN_POINT('',(0.472889104166669,0.692820323027552,0.400000000000001));
#1172=CARTESIAN_POINT('',(0.458305770833336,0.800000000000001,0.214359353944899));
#1173=CARTESIAN_POINT('',(0.443722437500003,0.800000000000001,1.46957615897683E-16));
#1174=CARTESIAN_POINT('',(0.429139104166669,0.800000000000001,-0.214359353944898));
#1175=CARTESIAN_POINT('',(0.414555770833336,0.692820323027552,-0.4));
#1176=CARTESIAN_POINT('',(0.399972437500003,0.585640646055103,-0.585640646055102));
#1177=CARTESIAN_POINT('',(0.385389104166669,0.400000000000001,-0.692820323027552));
#1178=CARTESIAN_POINT('',(0.370805770833336,0.214359353944899,-0.800000000000001));
#1179=CARTESIAN_POINT('',(0.356222437500003,0.,-0.800000000000001));
#1180=CARTESIAN_POINT('',(0.341639104166669,-0.214359353944898,-0.800000000000001));
#1181=CARTESIAN_POINT('',(0.327055770833336,-0.4,-0.692820323027552));
#1182=CARTESIAN_POINT('',(0.312472437500003,-0.585640646055103,-0.585640646055103));
#1183=CARTESIAN_POINT('',(0.297889104166669,-0.692820323027552,-0.400000000000001));
#1184=CARTESIAN_POINT('',(0.283305770833336,-0.800000000000001,-0.214359353944899));
#1185=CARTESIAN_POINT('',(0.268722437500003,-0.800000000000001,-4.89858719658942E-17));
#1186=CARTESIAN_POINT('',(0.254139104166669,-0.800000000000001,0.214359353944898));
#1187=CARTESIAN_POINT('',(0.239555770833336,-0.692820323027552,0.4));
#1188=CARTESIAN_POINT('',(0.224972437500003,-0.585640646055103,0.585640646055103));
#1189=CARTESIAN_POINT('',(0.210389104166669,-0.400000000000001,0.692820323027552));
#1190=CARTESIAN_POINT('',(0.195805770833336,-0.214359353944899,0.800000000000001));
#1191=CARTESIAN_POINT('',(0.181222437500002,-9.79717439317884E-17,0.800000000000001));
#1192=CARTESIAN_POINT('',(0.166639104166669,0.214359353944898,0.800000000000001));
#1193=CARTESIAN_POINT('',(0.152055770833336,0.4,0.692820323027552));
#1194=CARTESIAN_POINT('',(0.137472437500002,0.585640646055102,0.585640646055103));
#1195=CARTESIAN_POINT('',(0.122889104166669,0.692820323027552,0.400000000000001));
#1196=CARTESIAN_POINT('',(0.108952950829202,0.795243574201149,0.222597725090941));
#1197=CARTESIAN_POINT('',(0.0949371536952773,0.799801907173161,0.0178019460221437));
#1198=CARTESIAN_POINT('',(2.51518689166668,0.0736374416191192,0.606117255877292));
#1199=CARTESIAN_POINT('',(2.50379979731056,0.19735587398057,0.591086651234566));
#1200=CARTESIAN_POINT('',(2.49269061458334,0.305286996398646,0.528772588652552));
#1201=CARTESIAN_POINT('',(2.47810728125,0.446971184507811,0.446971184507812));
#1202=CARTESIAN_POINT('',(2.46352394791667,0.528772588652552,0.305286996398646));
#1203=CARTESIAN_POINT('',(2.44894061458334,0.610573992797292,0.163602808289481));
#1204=CARTESIAN_POINT('',(2.43435728125,0.610573992797292,1.12160622888273E-16));
#1205=CARTESIAN_POINT('',(2.41977394791667,0.610573992797292,-0.16360280828948));
#1206=CARTESIAN_POINT('',(2.40519061458334,0.528772588652552,-0.305286996398646));
#1207=CARTESIAN_POINT('',(2.39060728125,0.446971184507812,-0.446971184507811));
#1208=CARTESIAN_POINT('',(2.37602394791667,0.305286996398646,-0.528772588652552));
#1209=CARTESIAN_POINT('',(2.36144061458334,0.163602808289481,-0.610573992797292));
#1210=CARTESIAN_POINT('',(2.34685728125,0.,-0.610573992797292));
#1211=CARTESIAN_POINT('',(2.33227394791667,-0.163602808289481,-0.610573992797292));
#1212=CARTESIAN_POINT('',(2.31769061458334,-0.305286996398646,-0.528772588652552));
#1213=CARTESIAN_POINT('',(2.30310728125,-0.446971184507812,-0.446971184507812));
#1214=CARTESIAN_POINT('',(2.28852394791667,-0.528772588652552,-0.305286996398646));
#1215=CARTESIAN_POINT('',(2.27394061458334,-0.610573992797292,-0.163602808289481));
#1216=CARTESIAN_POINT('',(2.25935728125,-0.610573992797292,-3.73868742960911E-17));
#1217=CARTESIAN_POINT('',(2.24477394791667,-0.610573992797292,0.16360280828948));
#1218=CARTESIAN_POINT('',(2.23019061458334,-0.528772588652552,0.305286996398646));
#1219=CARTESIAN_POINT('',(2.21560728125,-0.446971184507812,0.446971184507811));
#1220=CARTESIAN_POINT('',(2.20102394791667,-0.305286996398646,0.528772588652552));
#1221=CARTESIAN_POINT('',(2.18644061458334,-0.163602808289481,0.610573992797292));
#1222=CARTESIAN_POINT('',(2.17185728125,-7.47737485921823E-17,0.610573992797292));
#1223=CARTESIAN_POINT('',(2.15727394791667,0.16360280828948,0.610573992797292));
#1224=CARTESIAN_POINT('',(2.14269061458334,0.305286996398646,0.528772588652552));
#1225=CARTESIAN_POINT('',(2.12810728125,0.446971184507811,0.446971184507812));
#1226=CARTESIAN_POINT('',(2.11352394791667,0.528772588652552,0.305286996398646));
#1227=CARTESIAN_POINT('',(2.09894061458334,0.610573992797292,0.163602808289481));
#1228=CARTESIAN_POINT('',(2.08435728125,0.610573992797292,1.12160622888273E-16));
#1229=CARTESIAN_POINT('',(2.06977394791667,0.610573992797292,-0.16360280828948));
#1230=CARTESIAN_POINT('',(2.05519061458334,0.528772588652552,-0.305286996398646));
#1231=CARTESIAN_POINT('',(2.04060728125,0.446971184507812,-0.446971184507811));
#1232=CARTESIAN_POINT('',(2.02602394791667,0.305286996398646,-0.528772588652552));
#1233=CARTESIAN_POINT('',(2.01144061458334,0.163602808289481,-0.610573992797292));
#1234=CARTESIAN_POINT('',(1.99685728125,0.,-0.610573992797292));
#1235=CARTESIAN_POINT('',(1.98227394791667,-0.163602808289481,-0.610573992797292));
#1236=CARTESIAN_POINT('',(1.96769061458334,-0.305286996398646,-0.528772588652552));
#1237=CARTESIAN_POINT('',(1.95310728125,-0.446971184507812,-0.446971184507812));
#1238=CARTESIAN_POINT('',(1.93852394791667,-0.528772588652552,-0.305286996398646));
#1239=CARTESIAN_POINT('',(1.92394061458334,-0.610573992797292,-0.163602808289481));
#1240=CARTESIAN_POINT('',(1.90935728125,-0.610573992797292,-3.73868742960911E-17));
#1241=CARTESIAN_POINT('',(1.89477394791667,-0.610573992797292,0.16360280828948));
#1242=CARTESIAN_POINT('',(1.88019061458334,-0.528772588652552,0.305286996398646));
#1243=CARTESIAN_POINT('',(1.86560728125,-0.446971184507812,0.446971184507811));
#1244=CARTESIAN_POINT('',(1.85102394791667,-0.305286996398646,0.528772588652552));
#1245=CARTESIAN_POINT('',(1.83644061458334,-0.163602808289481,0.610573992797292));
#1246=CARTESIAN_POINT('',(1.82185728125,-7.47737485921823E-17,0.610573992797292));
#1247=CARTESIAN_POINT('',(1.80727394791667,0.16360280828948,0.610573992797292));
#1248=CARTESIAN_POINT('',(1.79269061458334,0.305286996398646,0.528772588652552));
#1249=CARTESIAN_POINT('',(1.77810728125,0.446971184507811,0.446971184507812));
#1250=CARTESIAN_POINT('',(1.76352394791667,0.528772588652552,0.305286996398646));
#1251=CARTESIAN_POINT('',(1.74894061458334,0.610573992797292,0.163602808289481));
#1252=CARTESIAN_POINT('',(1.73435728125,0.610573992797292,1.12160622888273E-16));
#1253=CARTESIAN_POINT('',(1.71977394791667,0.610573992797292,-0.16360280828948));
#1254=CARTESIAN_POINT('',(1.70519061458334,0.528772588652552,-0.305286996398646));
#1255=CARTESIAN_POINT('',(1.69060728125,0.446971184507812,-0.446971184507811));
#1256=CARTESIAN_POINT('',(1.67602394791667,0.305286996398646,-0.528772588652552));
#1257=CARTESIAN_POINT('',(1.66144061458334,0.163602808289481,-0.610573992797292));
#1258=CARTESIAN_POINT('',(1.64685728125,0.,-0.610573992797292));
#1259=CARTESIAN_POINT('',(1.63227394791667,-0.163602808289481,-0.610573992797292));
#1260=CARTESIAN_POINT('',(1.61769061458334,-0.305286996398646,-0.528772588652552));
#1261=CARTESIAN_POINT('',(1.60310728125,-0.446971184507812,-0.446971184507812));
#1262=CARTESIAN_POINT('',(1.58852394791667,-0.528772588652552,-0.305286996398646));
#1263=CARTESIAN_POINT('',(1.57394061458334,-0.610573992797292,-0.163602808289481));
#1264=CARTESIAN_POINT('',(1.55935728125,-0.610573992797292,-3.73868742960911E-17));
#1265=CARTESIAN_POINT('',(1.54477394791667,-0.610573992797292,0.16360280828948));
#1266=CARTESIAN_POINT('',(1.53019061458334,-0.528772588652552,0.305286996398646));
#1267=CARTESIAN_POINT('',(1.51560728125,-0.446971184507812,0.446971184507811));
#1268=CARTESIAN_POINT('',(1.50102394791667,-0.305286996398646,0.528772588652552));
#1269=CARTESIAN_POINT('',(1.48644061458334,-0.163602808289481,0.610573992797292));
#1270=CARTESIAN_POINT('',(1.47185728125,-7.47737485921823E-17,0.610573992797292));
#1271=CARTESIAN_POINT('',(1.45727394791667,0.16360280828948,0.610573992797292));
#1272=CARTESIAN_POINT('',(1.44269061458334,0.305286996398646,0.528772588652552));
#1273=CARTESIAN_POINT('',(1.42810728125,0.446971184507811,0.446971184507812));
#1274=CARTESIAN_POINT('',(1.41352394791667,0.528772588652552,0.305286996398646));
#1275=CARTESIAN_POINT('',(1.39894061458334,0.610573992797292,0.163602808289481));
#1276=CARTESIAN_POINT('',(1.38435728125,0.610573992797292,1.12160622888273E-16));
#1277=CARTESIAN_POINT('',(1.36977394791667,0.610573992797292,-0.16360280828948));
#1278=CARTESIAN_POINT('',(1.35519061458334,0.528772588652552,-0.305286996398646));
#1279=CARTESIAN_POINT('',(1.34060728125,0.446971184507812,-0.446971184507811));
#1280=CARTESIAN_POINT('',(1.32602394791667,0.305286996398646,-0.528772588652552));
#1281=CARTESIAN_POINT('',(1.31144061458334,0.163602808289481,-0.610573992797292));
#1282=CARTESIAN_POINT('',(1.29685728125,0.,-0.610573992797292));
#1283=CARTESIAN_POINT('',(1.28227394791667,-0.163602808289481,-0.610573992797292));
#1284=CARTESIAN_POINT('',(1.26769061458334,-0.305286996398646,-0.528772588652552));
#1285=CARTESIAN_POINT('',(1.25310728125,-0.446971184507812,-0.446971184507812));
#1286=CARTESIAN_POINT('',(1.23852394791667,-0.528772588652552,-0.305286996398646));
#1287=CARTESIAN_POINT('',(1.22394061458334,-0.610573992797292,-0.163602808289481));
#1288=CARTESIAN_POINT('',(1.20935728125,-0.610573992797292,-3.73868742960911E-17));
#1289=CARTESIAN_POINT('',(1.19477394791667,-0.610573992797292,0.16360280828948));
#1290=CARTESIAN_POINT('',(1.18019061458334,-0.528772588652552,0.305286996398646));
#1291=CARTESIAN_POINT('',(1.16560728125,-0.446971184507812,0.446971184507811));
#1292=CARTESIAN_POINT('',(1.15102394791667,-0.305286996398646,0.528772588652552));
#1293=CARTESIAN_POINT('',(1.13644061458334,-0.163602808289481,0.610573992797292));
#1294=CARTESIAN_POINT('',(1.12185728125,-7.47737485921823E-17,0.610573992797292));
#1295=CARTESIAN_POINT('',(1.10727394791667,0.16360280828948,0.610573992797292));
#1296=CARTESIAN_POINT('',(1.09269061458334,0.305286996398646,0.528772588652552));
#1297=CARTESIAN_POINT('',(1.07810728125,0.446971184507811,0.446971184507812));
#1298=CARTESIAN_POINT('',(1.06352394791667,0.528772588652552,0.305286996398646));
#1299=CARTESIAN_POINT('',(1.04894061458334,0.610573992797292,0.163602808289481));
#1300=CARTESIAN_POINT('',(1.03435728125,0.610573992797292,1.12160622888273E-16));
#1301=CARTESIAN_POINT('',(1.01977394791667,0.610573992797292,-0.16360280828948));
#1302=CARTESIAN_POINT('',(1.00519061458334,0.528772588652552,-0.305286996398646));
#1303=CARTESIAN_POINT('',(0.990607281250002,0.446971184507812,-0.446971184507811));
#1304=CARTESIAN_POINT('',(0.976023947916669,0.305286996398646,-0.528772588652552));
#1305=CARTESIAN_POINT('',(0.961440614583336,0.163602808289481,-0.610573992797292));
#1306=CARTESIAN_POINT('',(0.946857281250002,0.,-0.610573992797292));
#1307=CARTESIAN_POINT('',(0.932273947916669,-0.163602808289481,-0.610573992797292));
#1308=CARTESIAN_POINT('',(0.917690614583336,-0.305286996398646,-0.528772588652552));
#1309=CARTESIAN_POINT('',(0.903107281250003,-0.446971184507812,-0.446971184507812));
#1310=CARTESIAN_POINT('',(0.888523947916669,-0.528772588652552,-0.305286996398646));
#1311=CARTESIAN_POINT('',(0.873940614583336,-0.610573992797292,-0.163602808289481));
#1312=CARTESIAN_POINT('',(0.859357281250003,-0.610573992797292,-3.73868742960911E-17));
#1313=CARTESIAN_POINT('',(0.844773947916669,-0.610573992797292,0.16360280828948));
#1314=CARTESIAN_POINT('',(0.830190614583336,-0.528772588652552,0.305286996398646));
#1315=CARTESIAN_POINT('',(0.815607281250003,-0.446971184507812,0.446971184507811));
#1316=CARTESIAN_POINT('',(0.801023947916669,-0.305286996398646,0.528772588652552));
#1317=CARTESIAN_POINT('',(0.786440614583336,-0.163602808289481,0.610573992797292));
#1318=CARTESIAN_POINT('',(0.771857281250002,-7.47737485921823E-17,0.610573992797292));
#1319=CARTESIAN_POINT('',(0.757273947916669,0.16360280828948,0.610573992797292));
#1320=CARTESIAN_POINT('',(0.742690614583336,0.305286996398646,0.528772588652552));
#1321=CARTESIAN_POINT('',(0.728107281250002,0.446971184507811,0.446971184507812));
#1322=CARTESIAN_POINT('',(0.713523947916669,0.528772588652552,0.305286996398646));
#1323=CARTESIAN_POINT('',(0.698940614583336,0.610573992797292,0.163602808289481));
#1324=CARTESIAN_POINT('',(0.684357281250003,0.610573992797292,1.12160622888273E-16));
#1325=CARTESIAN_POINT('',(0.669773947916669,0.610573992797292,-0.16360280828948));
#1326=CARTESIAN_POINT('',(0.655190614583336,0.528772588652552,-0.305286996398646));
#1327=CARTESIAN_POINT('',(0.640607281250003,0.446971184507812,-0.446971184507811));
#1328=CARTESIAN_POINT('',(0.626023947916669,0.305286996398646,-0.528772588652552));
#1329=CARTESIAN_POINT('',(0.611440614583336,0.163602808289481,-0.610573992797292));
#1330=CARTESIAN_POINT('',(0.596857281250003,0.,-0.610573992797292));
#1331=CARTESIAN_POINT('',(0.582273947916669,-0.163602808289481,-0.610573992797292));
#1332=CARTESIAN_POINT('',(0.567690614583336,-0.305286996398646,-0.528772588652552));
#1333=CARTESIAN_POINT('',(0.553107281250003,-0.446971184507812,-0.446971184507812));
#1334=CARTESIAN_POINT('',(0.538523947916669,-0.528772588652552,-0.305286996398646));
#1335=CARTESIAN_POINT('',(0.523940614583336,-0.610573992797292,-0.163602808289481));
#1336=CARTESIAN_POINT('',(0.509357281250003,-0.610573992797292,-3.73868742960911E-17));
#1337=CARTESIAN_POINT('',(0.494773947916669,-0.610573992797292,0.16360280828948));
#1338=CARTESIAN_POINT('',(0.480190614583336,-0.528772588652552,0.305286996398646));
#1339=CARTESIAN_POINT('',(0.465607281250002,-0.446971184507812,0.446971184507811));
#1340=CARTESIAN_POINT('',(0.451023947916669,-0.305286996398646,0.528772588652552));
#1341=CARTESIAN_POINT('',(0.436440614583336,-0.163602808289481,0.610573992797292));
#1342=CARTESIAN_POINT('',(0.421857281250002,-7.47737485921823E-17,0.610573992797292));
#1343=CARTESIAN_POINT('',(0.407273947916669,0.16360280828948,0.610573992797292));
#1344=CARTESIAN_POINT('',(0.392690614583336,0.305286996398646,0.528772588652552));
#1345=CARTESIAN_POINT('',(0.378107281250002,0.446971184507811,0.446971184507812));
#1346=CARTESIAN_POINT('',(0.363523947916669,0.528772588652552,0.305286996398646));
#1347=CARTESIAN_POINT('',(0.348940614583336,0.610573992797292,0.163602808289481));
#1348=CARTESIAN_POINT('',(0.334357281250002,0.610573992797292,1.12160622888273E-16));
#1349=CARTESIAN_POINT('',(0.319773947916669,0.610573992797292,-0.16360280828948));
#1350=CARTESIAN_POINT('',(0.305190614583336,0.528772588652552,-0.305286996398646));
#1351=CARTESIAN_POINT('',(0.290607281250002,0.446971184507812,-0.446971184507811));
#1352=CARTESIAN_POINT('',(0.276023947916669,0.305286996398646,-0.528772588652552));
#1353=CARTESIAN_POINT('',(0.261440614583336,0.163602808289481,-0.610573992797292));
#1354=CARTESIAN_POINT('',(0.246857281250003,0.,-0.610573992797292));
#1355=CARTESIAN_POINT('',(0.232273947916669,-0.163602808289481,-0.610573992797292));
#1356=CARTESIAN_POINT('',(0.217690614583336,-0.305286996398646,-0.528772588652552));
#1357=CARTESIAN_POINT('',(0.203107281250003,-0.446971184507812,-0.446971184507812));
#1358=CARTESIAN_POINT('',(0.188523947916669,-0.528772588652552,-0.305286996398646));
#1359=CARTESIAN_POINT('',(0.173940614583336,-0.610573992797292,-0.163602808289481));
#1360=CARTESIAN_POINT('',(0.159357281250003,-0.610573992797292,-3.73868742960911E-17));
#1361=CARTESIAN_POINT('',(0.144773947916669,-0.610573992797292,0.16360280828948));
#1362=CARTESIAN_POINT('',(0.130190614583336,-0.528772588652552,0.305286996398646));
#1363=CARTESIAN_POINT('',(0.115607281250003,-0.446971184507812,0.446971184507811));
#1364=CARTESIAN_POINT('',(0.101023947916669,-0.305286996398646,0.528772588652552));
#1365=CARTESIAN_POINT('',(0.0864406145833357,-0.163602808289481,0.610573992797292));
#1366=CARTESIAN_POINT('',(0.0718572812500023,-7.47737485921823E-17,0.610573992797292));
#1367=CARTESIAN_POINT('',(0.0572739479166692,0.16360280828948,0.610573992797292));
#1368=CARTESIAN_POINT('',(0.0426906145833358,0.305286996398646,0.528772588652552));
#1369=CARTESIAN_POINT('',(0.0281072812500023,0.446971184507811,0.446971184507812));
#1370=CARTESIAN_POINT('',(0.0135239479166693,0.528772588652552,0.305286996398646));
#1371=CARTESIAN_POINT('',(-0.000412205420798428,0.606943805432981,0.169890477245462));
#1372=CARTESIAN_POINT('',(-0.0144280025547228,0.610422804887007,0.0135867565778776));
#1373=CARTESIAN_POINT('',(2.69685728125,0.,-0.610573992797292));
#1374=CARTESIAN_POINT('',(2.68227394791667,-0.163602808289481,-0.610573992797292));
#1375=CARTESIAN_POINT('',(2.66769061458334,-0.305286996398646,-0.528772588652552));
#1376=CARTESIAN_POINT('',(2.65310728125,-0.446971184507812,-0.446971184507812));
#1377=CARTESIAN_POINT('',(2.63852394791667,-0.528772588652552,-0.305286996398646));
#1378=CARTESIAN_POINT('',(2.62394061458334,-0.610573992797292,-0.163602808289481));
#1379=CARTESIAN_POINT('',(2.60935728125,-0.610573992797292,-3.73868742960911E-17));
#1380=CARTESIAN_POINT('',(2.59477394791667,-0.610573992797292,0.163602808289481));
#1381=CARTESIAN_POINT('',(2.58019061458334,-0.528772588652552,0.305286996398646));
#1382=CARTESIAN_POINT('',(2.56560728125,-0.446971184507812,0.446971184507812));
#1383=CARTESIAN_POINT('',(2.55102394791667,-0.305286996398646,0.528772588652552));
#1384=CARTESIAN_POINT('',(2.53644061458334,-0.163602808289481,0.610573992797292));
#1385=CARTESIAN_POINT('',(2.52185728125,-7.47737485921823E-17,0.610573992797292));
#1386=CARTESIAN_POINT('',(2.50727394791667,0.16360280828948,0.610573992797292));
#1387=CARTESIAN_POINT('',(2.49269061458334,0.305286996398646,0.528772588652552));
#1388=CARTESIAN_POINT('',(2.47810728125,0.446971184507811,0.446971184507812));
#1389=CARTESIAN_POINT('',(2.46352394791667,0.528772588652552,0.305286996398646));
#1390=CARTESIAN_POINT('',(2.44894061458334,0.610573992797292,0.163602808289481));
#1391=CARTESIAN_POINT('',(2.43435728125,0.610573992797292,1.12160622888273E-16));
#1392=CARTESIAN_POINT('',(2.41977394791667,0.610573992797292,-0.16360280828948));
#1393=CARTESIAN_POINT('',(2.40519061458334,0.528772588652552,-0.305286996398646));
#1394=CARTESIAN_POINT('',(2.39060728125,0.446971184507812,-0.446971184507811));
#1395=CARTESIAN_POINT('',(2.37602394791667,0.305286996398646,-0.528772588652552));
#1396=CARTESIAN_POINT('',(2.36144061458334,0.163602808289481,-0.610573992797292));
#1397=CARTESIAN_POINT('',(2.34685728125,1.49547497184365E-16,-0.610573992797292));
#1398=CARTESIAN_POINT('',(2.33227394791667,-0.16360280828948,-0.610573992797292));
#1399=CARTESIAN_POINT('',(2.31769061458334,-0.305286996398646,-0.528772588652552));
#1400=CARTESIAN_POINT('',(2.30310728125,-0.446971184507811,-0.446971184507812));
#1401=CARTESIAN_POINT('',(2.28852394791667,-0.528772588652552,-0.305286996398646));
#1402=CARTESIAN_POINT('',(2.27394061458334,-0.610573992797292,-0.163602808289481));
#1403=CARTESIAN_POINT('',(2.25935728125,-0.610573992797292,-7.2923301551315E-16));
#1404=CARTESIAN_POINT('',(2.24477394791667,-0.610573992797292,0.16360280828948));
#1405=CARTESIAN_POINT('',(2.23019061458334,-0.528772588652552,0.305286996398646));
#1406=CARTESIAN_POINT('',(2.21560728125,-0.446971184507812,0.446971184507811));
#1407=CARTESIAN_POINT('',(2.20102394791667,-0.305286996398647,0.528772588652552));
#1408=CARTESIAN_POINT('',(2.18644061458334,-0.163602808289482,0.610573992797292));
#1409=CARTESIAN_POINT('',(2.17185728125,-2.24321245776547E-16,0.610573992797292));
#1410=CARTESIAN_POINT('',(2.15727394791667,0.16360280828948,0.610573992797292));
#1411=CARTESIAN_POINT('',(2.14269061458334,0.305286996398646,0.528772588652552));
#1412=CARTESIAN_POINT('',(2.12810728125,0.446971184507811,0.446971184507812));
#1413=CARTESIAN_POINT('',(2.11352394791667,0.528772588652551,0.305286996398647));
#1414=CARTESIAN_POINT('',(2.09894061458334,0.610573992797292,0.163602808289482));
#1415=CARTESIAN_POINT('',(2.08435728125,0.610573992797292,2.61708120072638E-16));
#1416=CARTESIAN_POINT('',(2.06977394791667,0.610573992797292,-0.16360280828948));
#1417=CARTESIAN_POINT('',(2.05519061458334,0.528772588652552,-0.305286996398646));
#1418=CARTESIAN_POINT('',(2.04060728125,0.446971184507812,-0.446971184507811));
#1419=CARTESIAN_POINT('',(2.02602394791667,0.305286996398647,-0.528772588652551));
#1420=CARTESIAN_POINT('',(2.01144061458334,0.163602808289482,-0.610573992797292));
#1421=CARTESIAN_POINT('',(1.99685728125,2.99094994368729E-16,-0.610573992797292));
#1422=CARTESIAN_POINT('',(1.98227394791667,-0.16360280828948,-0.610573992797292));
#1423=CARTESIAN_POINT('',(1.96769061458334,-0.305286996398645,-0.528772588652552));
#1424=CARTESIAN_POINT('',(1.95310728125,-0.446971184507811,-0.446971184507812));
#1425=CARTESIAN_POINT('',(1.93852394791667,-0.528772588652551,-0.305286996398647));
#1426=CARTESIAN_POINT('',(1.92394061458334,-0.610573992797292,-0.163602808289482));
#1427=CARTESIAN_POINT('',(1.90935728125,-0.610573992797292,-1.42107915673021E-15));
#1428=CARTESIAN_POINT('',(1.89477394791667,-0.610573992797292,0.16360280828948));
#1429=CARTESIAN_POINT('',(1.88019061458334,-0.528772588652552,0.305286996398645));
#1430=CARTESIAN_POINT('',(1.86560728125,-0.446971184507812,0.446971184507811));
#1431=CARTESIAN_POINT('',(1.85102394791667,-0.305286996398647,0.528772588652551));
#1432=CARTESIAN_POINT('',(1.83644061458334,-0.163602808289482,0.610573992797292));
#1433=CARTESIAN_POINT('',(1.82185728125,-1.4584660310263E-15,0.610573992797292));
#1434=CARTESIAN_POINT('',(1.80727394791667,0.16360280828948,0.610573992797292));
#1435=CARTESIAN_POINT('',(1.79269061458334,0.305286996398645,0.528772588652552));
#1436=CARTESIAN_POINT('',(1.77810728125,0.44697118450781,0.446971184507813));
#1437=CARTESIAN_POINT('',(1.76352394791667,0.528772588652551,0.305286996398647));
#1438=CARTESIAN_POINT('',(1.74894061458334,0.610573992797292,0.163602808289481));
#1439=CARTESIAN_POINT('',(1.73435728125,0.610573992797292,1.49585290532239E-15));
#1440=CARTESIAN_POINT('',(1.71977394791667,0.610573992797292,-0.16360280828948));
#1441=CARTESIAN_POINT('',(1.70519061458334,0.528772588652553,-0.305286996398644));
#1442=CARTESIAN_POINT('',(1.69060728125,0.446971184507812,-0.446971184507811));
#1443=CARTESIAN_POINT('',(1.67602394791667,0.305286996398648,-0.528772588652551));
#1444=CARTESIAN_POINT('',(1.66144061458334,0.163602808289482,-0.610573992797292));
#1445=CARTESIAN_POINT('',(1.64685728125,4.48642491553094E-16,-0.610573992797292));
#1446=CARTESIAN_POINT('',(1.63227394791667,-0.163602808289479,-0.610573992797293));
#1447=CARTESIAN_POINT('',(1.61769061458334,-0.305286996398645,-0.528772588652552));
#1448=CARTESIAN_POINT('',(1.60310728125,-0.44697118450781,-0.446971184507813));
#1449=CARTESIAN_POINT('',(1.58852394791667,-0.528772588652551,-0.305286996398647));
#1450=CARTESIAN_POINT('',(1.57394061458334,-0.610573992797292,-0.163602808289481));
#1451=CARTESIAN_POINT('',(1.55935728125,-0.610573992797292,-1.57062665391457E-15));
#1452=CARTESIAN_POINT('',(1.54477394791667,-0.610573992797292,0.16360280828948));
#1453=CARTESIAN_POINT('',(1.53019061458334,-0.528772588652553,0.305286996398644));
#1454=CARTESIAN_POINT('',(1.51560728125,-0.446971184507812,0.446971184507811));
#1455=CARTESIAN_POINT('',(1.50102394791667,-0.305286996398648,0.528772588652551));
#1456=CARTESIAN_POINT('',(1.48644061458334,-0.163602808289482,0.610573992797292));
#1457=CARTESIAN_POINT('',(1.47185728125,-5.23416240145276E-16,0.610573992797292));
#1458=CARTESIAN_POINT('',(1.45727394791667,0.163602808289479,0.610573992797293));
#1459=CARTESIAN_POINT('',(1.44269061458334,0.305286996398645,0.528772588652552));
#1460=CARTESIAN_POINT('',(1.42810728125,0.44697118450781,0.446971184507813));
#1461=CARTESIAN_POINT('',(1.41352394791667,0.528772588652551,0.305286996398647));
#1462=CARTESIAN_POINT('',(1.39894061458334,0.610573992797292,0.163602808289483));
#1463=CARTESIAN_POINT('',(1.38435728125,0.610573992797292,1.64540040250676E-15));
#1464=CARTESIAN_POINT('',(1.36977394791667,0.610573992797293,-0.16360280828948));
#1465=CARTESIAN_POINT('',(1.35519061458334,0.528772588652553,-0.305286996398644));
#1466=CARTESIAN_POINT('',(1.34060728125,0.446971184507812,-0.446971184507811));
#1467=CARTESIAN_POINT('',(1.32602394791667,0.305286996398648,-0.528772588652551));
#1468=CARTESIAN_POINT('',(1.31144061458334,0.163602808289482,-0.610573992797292));
#1469=CARTESIAN_POINT('',(1.29685728125,5.98189988737458E-16,-0.610573992797292));
#1470=CARTESIAN_POINT('',(1.28227394791667,-0.163602808289479,-0.610573992797293));
#1471=CARTESIAN_POINT('',(1.26769061458334,-0.305286996398645,-0.528772588652552));
#1472=CARTESIAN_POINT('',(1.25310728125,-0.44697118450781,-0.446971184507813));
#1473=CARTESIAN_POINT('',(1.23852394791667,-0.528772588652551,-0.305286996398647));
#1474=CARTESIAN_POINT('',(1.22394061458334,-0.610573992797292,-0.163602808289483));
#1475=CARTESIAN_POINT('',(1.20935728125,-0.610573992797292,-1.72017415109894E-15));
#1476=CARTESIAN_POINT('',(1.19477394791667,-0.610573992797293,0.16360280828948));
#1477=CARTESIAN_POINT('',(1.18019061458334,-0.528772588652553,0.305286996398644));
#1478=CARTESIAN_POINT('',(1.16560728125,-0.446971184507813,0.446971184507811));
#1479=CARTESIAN_POINT('',(1.15102394791667,-0.305286996398648,0.528772588652551));
#1480=CARTESIAN_POINT('',(1.13644061458334,-0.163602808289482,0.610573992797292));
#1481=CARTESIAN_POINT('',(1.12185728125,-2.84215831346042E-15,0.610573992797292));
#1482=CARTESIAN_POINT('',(1.10727394791667,0.163602808289479,0.610573992797293));
#1483=CARTESIAN_POINT('',(1.09269061458334,0.305286996398645,0.528772588652552));
#1484=CARTESIAN_POINT('',(1.07810728125,0.44697118450781,0.446971184507813));
#1485=CARTESIAN_POINT('',(1.06352394791667,0.528772588652551,0.305286996398647));
#1486=CARTESIAN_POINT('',(1.04894061458334,0.610573992797291,0.163602808289483));
#1487=CARTESIAN_POINT('',(1.03435728125,0.610573992797292,1.79494789969112E-15));
#1488=CARTESIAN_POINT('',(1.01977394791667,0.610573992797293,-0.163602808289478));
#1489=CARTESIAN_POINT('',(1.00519061458334,0.528772588652553,-0.305286996398644));
#1490=CARTESIAN_POINT('',(0.990607281250002,0.446971184507813,-0.446971184507811));
#1491=CARTESIAN_POINT('',(0.976023947916669,0.305286996398648,-0.528772588652551));
#1492=CARTESIAN_POINT('',(0.961440614583336,0.163602808289482,-0.610573992797292));
#1493=CARTESIAN_POINT('',(0.946857281250002,2.9169320620526E-15,-0.610573992797292));
#1494=CARTESIAN_POINT('',(0.932273947916669,-0.163602808289479,-0.610573992797293));
#1495=CARTESIAN_POINT('',(0.917690614583336,-0.305286996398645,-0.528772588652552));
#1496=CARTESIAN_POINT('',(0.903107281250003,-0.44697118450781,-0.446971184507813));
#1497=CARTESIAN_POINT('',(0.888523947916669,-0.528772588652551,-0.305286996398647));
#1498=CARTESIAN_POINT('',(0.873940614583336,-0.610573992797292,-0.163602808289481));
#1499=CARTESIAN_POINT('',(0.859357281250003,-0.610573992797292,-4.03891622441408E-15));
#1500=CARTESIAN_POINT('',(0.844773947916669,-0.610573992797293,0.163602808289477));
#1501=CARTESIAN_POINT('',(0.830190614583336,-0.528772588652553,0.305286996398644));
#1502=CARTESIAN_POINT('',(0.815607281250003,-0.446971184507813,0.446971184507811));
#1503=CARTESIAN_POINT('',(0.801023947916669,-0.305286996398647,0.528772588652552));
#1504=CARTESIAN_POINT('',(0.786440614583336,-0.163602808289484,0.610573992797291));
#1505=CARTESIAN_POINT('',(0.771857281250002,-2.99170581064478E-15,0.610573992797292));
#1506=CARTESIAN_POINT('',(0.757273947916669,0.163602808289479,0.610573992797293));
#1507=CARTESIAN_POINT('',(0.742690614583336,0.305286996398645,0.528772588652552));
#1508=CARTESIAN_POINT('',(0.728107281250002,0.446971184507811,0.446971184507812));
#1509=CARTESIAN_POINT('',(0.713523947916669,0.52877258865255,0.305286996398649));
#1510=CARTESIAN_POINT('',(0.698940614583336,0.610573992797291,0.163602808289483));
#1511=CARTESIAN_POINT('',(0.684357281250003,0.610573992797292,1.94449539687549E-15));
#1512=CARTESIAN_POINT('',(0.669773947916669,0.610573992797293,-0.16360280828948));
#1513=CARTESIAN_POINT('',(0.655190614583336,0.528772588652554,-0.305286996398642));
#1514=CARTESIAN_POINT('',(0.640607281250003,0.446971184507814,-0.446971184507809));
#1515=CARTESIAN_POINT('',(0.626023947916669,0.305286996398648,-0.528772588652551));
#1516=CARTESIAN_POINT('',(0.611440614583336,0.163602808289482,-0.610573992797292));
#1517=CARTESIAN_POINT('',(0.596857281250003,8.97284983106187E-16,-0.610573992797292));
#1518=CARTESIAN_POINT('',(0.582273947916669,-0.163602808289476,-0.610573992797293));
#1519=CARTESIAN_POINT('',(0.567690614583336,-0.305286996398643,-0.528772588652554));
#1520=CARTESIAN_POINT('',(0.553107281250003,-0.44697118450781,-0.446971184507813));
#1521=CARTESIAN_POINT('',(0.538523947916669,-0.528772588652551,-0.305286996398647));
#1522=CARTESIAN_POINT('',(0.523940614583336,-0.610573992797292,-0.163602808289481));
#1523=CARTESIAN_POINT('',(0.509357281250003,-0.610573992797292,-4.18846372159845E-15));
#1524=CARTESIAN_POINT('',(0.494773947916669,-0.610573992797293,0.163602808289477));
#1525=CARTESIAN_POINT('',(0.480190614583336,-0.528772588652553,0.305286996398644));
#1526=CARTESIAN_POINT('',(0.465607281250002,-0.446971184507813,0.44697118450781));
#1527=CARTESIAN_POINT('',(0.451023947916669,-0.305286996398647,0.528772588652552));
#1528=CARTESIAN_POINT('',(0.436440614583336,-0.163602808289485,0.610573992797291));
#1529=CARTESIAN_POINT('',(0.421857281250002,-3.14125330782915E-15,0.610573992797292));
#1530=CARTESIAN_POINT('',(0.407273947916669,0.163602808289478,0.610573992797293));
#1531=CARTESIAN_POINT('',(0.392690614583336,0.305286996398645,0.528772588652552));
#1532=CARTESIAN_POINT('',(0.378107281250002,0.446971184507808,0.446971184507815));
#1533=CARTESIAN_POINT('',(0.363523947916669,0.52877258865255,0.305286996398649));
#1534=CARTESIAN_POINT('',(0.348940614583336,0.610573992797291,0.163602808289484));
#1535=CARTESIAN_POINT('',(0.334357281250002,0.610573992797292,2.09404289405985E-15));
#1536=CARTESIAN_POINT('',(0.319773947916669,0.610573992797293,-0.163602808289479));
#1537=CARTESIAN_POINT('',(0.305190614583336,0.528772588652554,-0.305286996398642));
#1538=CARTESIAN_POINT('',(0.290607281250002,0.446971184507814,-0.446971184507809));
#1539=CARTESIAN_POINT('',(0.276023947916669,0.305286996398649,-0.528772588652551));
#1540=CARTESIAN_POINT('',(0.261440614583336,0.163602808289483,-0.610573992797292));
#1541=CARTESIAN_POINT('',(0.246857281250003,1.04683248029055E-15,-0.610573992797292));
#1542=CARTESIAN_POINT('',(0.232273947916669,-0.163602808289476,-0.610573992797293));
#1543=CARTESIAN_POINT('',(0.217690614583336,-0.305286996398643,-0.528772588652554));
#1544=CARTESIAN_POINT('',(0.203107281250003,-0.44697118450781,-0.446971184507814));
#1545=CARTESIAN_POINT('',(0.188523947916669,-0.528772588652551,-0.305286996398648));
#1546=CARTESIAN_POINT('',(0.173940614583336,-0.610573992797292,-0.163602808289481));
#1547=CARTESIAN_POINT('',(0.159357281250003,-0.610573992797292,-4.33801121878281E-15));
#1548=CARTESIAN_POINT('',(0.144773947916669,-0.610573992797293,0.163602808289477));
#1549=CARTESIAN_POINT('',(0.130190614583336,-0.528772588652553,0.305286996398644));
#1550=CARTESIAN_POINT('',(0.115607281250003,-0.446971184507813,0.44697118450781));
#1551=CARTESIAN_POINT('',(0.101023947916669,-0.30528699639865,0.528772588652549));
#1552=CARTESIAN_POINT('',(0.0864406145833357,-0.163602808289485,0.610573992797291));
#1553=CARTESIAN_POINT('',(0.0718572812500023,-3.29080080501351E-15,0.610573992797292));
#1554=CARTESIAN_POINT('',(0.0572739479166692,0.163602808289478,0.610573992797293));
#1555=CARTESIAN_POINT('',(0.0426906145833358,0.305286996398645,0.528772588652553));
#1556=CARTESIAN_POINT('',(0.0281072812500023,0.446971184507808,0.446971184507815));
#1557=CARTESIAN_POINT('',(0.0135239479166693,0.52877258865255,0.30528699639865));
#1558=CARTESIAN_POINT('',(-0.00105938541666416,0.610573992797291,0.163602808289484));
#1559=CARTESIAN_POINT('',(-0.0156427187499976,0.610573992797292,2.24359039124421E-15));
#1560=CARTESIAN_POINT('',(-0.0302260520833307,0.610573992797293,-0.163602808289479));
#1561=CARTESIAN_POINT('',(-0.0448093854166641,0.528772588652554,-0.305286996398642));
#1562=CARTESIAN_POINT('',(-0.0593927187499976,0.446971184507814,-0.446971184507809));
#1563=CARTESIAN_POINT('',(-0.073976052083331,0.305286996398649,-0.52877258865255));
#1564=CARTESIAN_POINT('',(-0.0885593854166641,0.163602808289483,-0.610573992797292));
#1565=CARTESIAN_POINT('',(-0.103142718749998,1.19637997747492E-15,-0.610573992797292));
#1566=CARTESIAN_POINT('',(-0.117726052083331,-0.163602808289476,-0.610573992797293));
#1567=CARTESIAN_POINT('',(-0.132309385416664,-0.305286996398643,-0.528772588652554));
#1568=CARTESIAN_POINT('',(-0.146892718749997,-0.44697118450781,-0.446971184507814));
#1569=CARTESIAN_POINT('',(-0.161476052083331,-0.528772588652551,-0.305286996398648));
#1570=CARTESIAN_POINT('',(-0.176059385416664,-0.610573992797291,-0.163602808289486));
#1571=CARTESIAN_POINT('',(-0.190642718749997,-0.610573992797292,-4.48755871596718E-15));
#1572=CARTESIAN_POINT('',(-0.205226052083331,-0.610573992797293,0.163602808289477));
#1573=CARTESIAN_POINT('',(-0.219809385416664,-0.528772588652553,0.305286996398644));
#1574=CARTESIAN_POINT('',(-0.234392718749997,-0.446971184507813,0.44697118450781));
#1575=CARTESIAN_POINT('',(-0.248976052083331,-0.305286996398651,0.528772588652549));
#1576=CARTESIAN_POINT('',(-0.263559385416664,-0.163602808289485,0.610573992797291));
#1577=CARTESIAN_POINT('',(-0.278142718749997,-3.44034830219788E-15,0.610573992797292));
#1578=CARTESIAN_POINT('',(-0.292726052083331,0.163602808289478,0.610573992797293));
#1579=CARTESIAN_POINT('',(-0.307309385416664,0.305286996398645,0.528772588652553));
#1580=CARTESIAN_POINT('',(-0.321892718749998,0.446971184507808,0.446971184507815));
#1581=CARTESIAN_POINT('',(-0.336476052083331,0.52877258865255,0.30528699639865));
#1582=CARTESIAN_POINT('',(-0.351059385416664,0.610573992797291,0.163602808289484));
#1583=CARTESIAN_POINT('',(-0.365642718749998,0.610573992797292,2.39313788842858E-15));
#1584=CARTESIAN_POINT('',(-0.380226052083331,0.610573992797294,-0.163602808289475));
#1585=CARTESIAN_POINT('',(-0.394809385416664,0.528772588652554,-0.305286996398642));
#1586=CARTESIAN_POINT('',(-0.409392718749998,0.446971184507815,-0.446971184507809));
#1587=CARTESIAN_POINT('',(-0.423976052083331,0.305286996398649,-0.52877258865255));
#1588=CARTESIAN_POINT('',(-0.438559385416664,0.163602808289483,-0.610573992797292));
#1589=CARTESIAN_POINT('',(-0.453142718749998,5.68431662692084E-15,-0.610573992797292));
#1590=CARTESIAN_POINT('',(-0.467726052083331,-0.163602808289476,-0.610573992797293));
#1591=CARTESIAN_POINT('',(-0.482309385416664,-0.305286996398643,-0.528772588652554));
#1592=CARTESIAN_POINT('',(-0.496892718749998,-0.446971184507809,-0.446971184507814));
#1593=CARTESIAN_POINT('',(-0.511476052083331,-0.528772588652551,-0.305286996398648));
#1594=CARTESIAN_POINT('',(-0.526059385416664,-0.610573992797291,-0.163602808289486));
#1595=CARTESIAN_POINT('',(-0.540642718749997,-0.610573992797292,-4.63710621315154E-15));
#1596=CARTESIAN_POINT('',(-0.555226052083331,-0.610573992797293,0.163602808289477));
#1597=CARTESIAN_POINT('',(-0.569809385416664,-0.528772588652553,0.305286996398644));
#1598=CARTESIAN_POINT('',(-0.584392718749997,-0.446971184507813,0.44697118450781));
#1599=CARTESIAN_POINT('',(-0.598976052083331,-0.305286996398651,0.528772588652549));
#1600=CARTESIAN_POINT('',(-0.613559385416664,-0.163602808289485,0.610573992797291));
#1601=CARTESIAN_POINT('',(-0.628142718749997,-3.58989579938224E-15,0.610573992797292));
#1602=CARTESIAN_POINT('',(-0.642726052083331,0.163602808289478,0.610573992797293));
#1603=CARTESIAN_POINT('',(-0.657309385416664,0.305286996398641,0.528772588652555));
#1604=CARTESIAN_POINT('',(-0.671892718749997,0.446971184507808,0.446971184507815));
#1605=CARTESIAN_POINT('',(-0.686476052083331,0.52877258865255,0.30528699639865));
#1606=CARTESIAN_POINT('',(-0.701059385416664,0.610573992797291,0.163602808289484));
#1607=CARTESIAN_POINT('',(-0.715642718749998,0.610573992797292,2.54268538561294E-15));
#1608=CARTESIAN_POINT('',(-0.730226052083331,0.610573992797294,-0.163602808289475));
#1609=CARTESIAN_POINT('',(-0.744809385416664,0.528772588652554,-0.305286996398642));
#1610=CARTESIAN_POINT('',(-0.759392718749998,0.446971184507815,-0.446971184507809));
#1611=CARTESIAN_POINT('',(-0.773976052083331,0.305286996398649,-0.52877258865255));
#1612=CARTESIAN_POINT('',(-0.788559385416664,0.163602808289483,-0.610573992797292));
#1613=CARTESIAN_POINT('',(-0.803142718749998,5.8338641241052E-15,-0.610573992797292));
#1614=CARTESIAN_POINT('',(-0.817726052083331,-0.163602808289476,-0.610573992797294));
#1615=CARTESIAN_POINT('',(-0.832309385416664,-0.305286996398643,-0.528772588652554));
#1616=CARTESIAN_POINT('',(-0.846892718749998,-0.446971184507809,-0.446971184507814));
#1617=CARTESIAN_POINT('',(-0.861476052083331,-0.528772588652551,-0.305286996398648));
#1618=CARTESIAN_POINT('',(-0.876059385416664,-0.610573992797292,-0.163602808289482));
#1619=CARTESIAN_POINT('',(-0.890642718749998,-0.610573992797292,-4.7866537103359E-15));
#1620=CARTESIAN_POINT('',(-0.905226052083331,-0.610573992797294,0.163602808289472));
#1621=CARTESIAN_POINT('',(-0.919809385416664,-0.528772588652553,0.305286996398643));
#1622=CARTESIAN_POINT('',(-0.934392718749998,-0.446971184507816,0.446971184507807));
#1623=CARTESIAN_POINT('',(-0.948976052083331,-0.305286996398647,0.528772588652551));
#1624=CARTESIAN_POINT('',(-0.963559385416664,-0.163602808289485,0.610573992797291));
#1625=CARTESIAN_POINT('',(-0.978142718749997,-8.07783244882816E-15,0.610573992797292));
#1626=CARTESIAN_POINT('',(-0.992726052083331,0.163602808289478,0.610573992797293));
#1627=CARTESIAN_POINT('',(-1.00730938541666,0.305286996398641,0.528772588652555));
#1628=CARTESIAN_POINT('',(-1.02189271875,0.446971184507811,0.446971184507812));
#1629=CARTESIAN_POINT('',(-1.03647605208333,0.52877258865255,0.30528699639865));
#1630=CARTESIAN_POINT('',(-1.05105938541666,0.61057399279729,0.163602808289489));
#1631=CARTESIAN_POINT('',(-1.06564271875,0.610573992797292,2.69223288279731E-15));
#1632=CARTESIAN_POINT('',(-1.08022605208333,0.610573992797294,-0.163602808289474));
#1633=CARTESIAN_POINT('',(-1.09480938541666,0.528772588652552,-0.305286996398645));
#1634=CARTESIAN_POINT('',(-1.10939271875,0.446971184507815,-0.446971184507808));
#1635=CARTESIAN_POINT('',(-1.12397605208333,0.305286996398653,-0.528772588652548));
#1636=CARTESIAN_POINT('',(-1.13855938541666,0.163602808289483,-0.610573992797292));
#1637=CARTESIAN_POINT('',(-1.15314271875,5.98341162128957E-15,-0.610573992797292));
#1638=CARTESIAN_POINT('',(3.2,0.,0.));
#1639=CARTESIAN_POINT('',(2.60936515625,0.,-0.610573992797292));
#1640=CARTESIAN_POINT('',(2.59478182291667,-0.163602808289481,-0.610573992797292));
#1641=CARTESIAN_POINT('',(2.58019848958334,-0.305286996398646,-0.528772588652552));
#1642=CARTESIAN_POINT('',(2.56561515625,-0.446971184507812,-0.446971184507812));
#1643=CARTESIAN_POINT('',(2.55103182291667,-0.528772588652552,-0.305286996398646));
#1644=CARTESIAN_POINT('',(2.53644848958334,-0.610573992797292,-0.163602808289481));
#1645=CARTESIAN_POINT('',(2.52186515625,-0.610573992797292,-3.73868742960911E-17));
#1646=CARTESIAN_POINT('',(2.50728182291667,-0.610573992797292,0.163602808289481));
#1647=CARTESIAN_POINT('',(2.49269848958334,-0.528772588652552,0.305286996398646));
#1648=CARTESIAN_POINT('',(2.47811515625,-0.446971184507812,0.446971184507812));
#1649=CARTESIAN_POINT('',(2.46353182291667,-0.305286996398646,0.528772588652552));
#1650=CARTESIAN_POINT('',(2.44894848958333,-0.163602808289481,0.610573992797292));
#1651=CARTESIAN_POINT('',(2.43436515625,-7.47737485921823E-17,0.610573992797292));
#1652=CARTESIAN_POINT('',(2.41978182291667,0.16360280828948,0.610573992797292));
#1653=CARTESIAN_POINT('',(2.40519848958334,0.305286996398646,0.528772588652552));
#1654=CARTESIAN_POINT('',(2.39061515625,0.446971184507811,0.446971184507812));
#1655=CARTESIAN_POINT('',(2.37603182291667,0.528772588652552,0.305286996398646));
#1656=CARTESIAN_POINT('',(2.36144848958334,0.610573992797292,0.163602808289481));
#1657=CARTESIAN_POINT('',(2.34686515625,0.610573992797292,1.12160622888273E-16));
#1658=CARTESIAN_POINT('',(2.33228182291667,0.610573992797292,-0.16360280828948));
#1659=CARTESIAN_POINT('',(2.31769848958334,0.528772588652552,-0.305286996398646));
#1660=CARTESIAN_POINT('',(2.30311515625,0.446971184507812,-0.446971184507811));
#1661=CARTESIAN_POINT('',(2.28853182291667,0.305286996398646,-0.528772588652552));
#1662=CARTESIAN_POINT('',(2.27394848958334,0.163602808289481,-0.610573992797292));
#1663=CARTESIAN_POINT('',(2.25936515625,1.49547497184365E-16,-0.610573992797292));
#1664=CARTESIAN_POINT('',(2.24478182291667,-0.16360280828948,-0.610573992797292));
#1665=CARTESIAN_POINT('',(2.23019848958334,-0.305286996398646,-0.528772588652552));
#1666=CARTESIAN_POINT('',(2.21561515625,-0.446971184507811,-0.446971184507812));
#1667=CARTESIAN_POINT('',(2.20103182291667,-0.528772588652552,-0.305286996398646));
#1668=CARTESIAN_POINT('',(2.18644848958334,-0.610573992797292,-0.163602808289481));
#1669=CARTESIAN_POINT('',(2.17186515625,-0.610573992797292,-7.2923301551315E-16));
#1670=CARTESIAN_POINT('',(2.15728182291667,-0.610573992797292,0.16360280828948));
#1671=CARTESIAN_POINT('',(2.14269848958334,-0.528772588652552,0.305286996398646));
#1672=CARTESIAN_POINT('',(2.12811515625,-0.446971184507812,0.446971184507811));
#1673=CARTESIAN_POINT('',(2.11353182291667,-0.305286996398647,0.528772588652552));
#1674=CARTESIAN_POINT('',(2.09894848958334,-0.163602808289482,0.610573992797292));
#1675=CARTESIAN_POINT('',(2.08436515625,-2.24321245776547E-16,0.610573992797292));
#1676=CARTESIAN_POINT('',(2.06978182291667,0.16360280828948,0.610573992797292));
#1677=CARTESIAN_POINT('',(2.05519848958334,0.305286996398646,0.528772588652552));
#1678=CARTESIAN_POINT('',(2.04061515625,0.446971184507811,0.446971184507812));
#1679=CARTESIAN_POINT('',(2.02603182291667,0.528772588652551,0.305286996398647));
#1680=CARTESIAN_POINT('',(2.01144848958334,0.610573992797292,0.163602808289482));
#1681=CARTESIAN_POINT('',(1.99686515625,0.610573992797292,2.61708120072638E-16));
#1682=CARTESIAN_POINT('',(1.98228182291667,0.610573992797292,-0.16360280828948));
#1683=CARTESIAN_POINT('',(1.96769848958334,0.528772588652552,-0.305286996398646));
#1684=CARTESIAN_POINT('',(1.95311515625,0.446971184507812,-0.446971184507811));
#1685=CARTESIAN_POINT('',(1.93853182291667,0.305286996398647,-0.528772588652551));
#1686=CARTESIAN_POINT('',(1.92394848958334,0.163602808289482,-0.610573992797292));
#1687=CARTESIAN_POINT('',(1.90936515625,2.99094994368729E-16,-0.610573992797292));
#1688=CARTESIAN_POINT('',(1.89478182291667,-0.16360280828948,-0.610573992797292));
#1689=CARTESIAN_POINT('',(1.88019848958334,-0.305286996398645,-0.528772588652552));
#1690=CARTESIAN_POINT('',(1.86561515625,-0.446971184507811,-0.446971184507812));
#1691=CARTESIAN_POINT('',(1.85103182291667,-0.528772588652551,-0.305286996398647));
#1692=CARTESIAN_POINT('',(1.83644848958334,-0.610573992797292,-0.163602808289482));
#1693=CARTESIAN_POINT('',(1.82186515625,-0.610573992797292,-1.42107915673021E-15));
#1694=CARTESIAN_POINT('',(1.80728182291667,-0.610573992797292,0.16360280828948));
#1695=CARTESIAN_POINT('',(1.79269848958334,-0.528772588652552,0.305286996398645));
#1696=CARTESIAN_POINT('',(1.77811515625,-0.446971184507812,0.446971184507811));
#1697=CARTESIAN_POINT('',(1.76353182291667,-0.305286996398647,0.528772588652551));
#1698=CARTESIAN_POINT('',(1.74894848958334,-0.163602808289482,0.610573992797292));
#1699=CARTESIAN_POINT('',(1.73436515625,-1.4584660310263E-15,0.610573992797292));
#1700=CARTESIAN_POINT('',(1.71978182291667,0.16360280828948,0.610573992797292));
#1701=CARTESIAN_POINT('',(1.70519848958334,0.305286996398645,0.528772588652552));
#1702=CARTESIAN_POINT('',(1.69061515625,0.44697118450781,0.446971184507813));
#1703=CARTESIAN_POINT('',(1.67603182291667,0.528772588652551,0.305286996398647));
#1704=CARTESIAN_POINT('',(1.66144848958334,0.610573992797292,0.163602808289481));
#1705=CARTESIAN_POINT('',(1.64686515625,0.610573992797292,1.49585290532239E-15));
#1706=CARTESIAN_POINT('',(1.63228182291667,0.610573992797292,-0.16360280828948));
#1707=CARTESIAN_POINT('',(1.61769848958334,0.528772588652553,-0.305286996398644));
#1708=CARTESIAN_POINT('',(1.60311515625,0.446971184507812,-0.446971184507811));
#1709=CARTESIAN_POINT('',(1.58853182291667,0.305286996398648,-0.528772588652551));
#1710=CARTESIAN_POINT('',(1.57394848958334,0.163602808289482,-0.610573992797292));
#1711=CARTESIAN_POINT('',(1.55936515625,4.48642491553094E-16,-0.610573992797292));
#1712=CARTESIAN_POINT('',(1.54478182291667,-0.163602808289479,-0.610573992797293));
#1713=CARTESIAN_POINT('',(1.53019848958334,-0.305286996398645,-0.528772588652552));
#1714=CARTESIAN_POINT('',(1.51561515625,-0.44697118450781,-0.446971184507813));
#1715=CARTESIAN_POINT('',(1.50103182291667,-0.528772588652551,-0.305286996398647));
#1716=CARTESIAN_POINT('',(1.48644848958334,-0.610573992797292,-0.163602808289481));
#1717=CARTESIAN_POINT('',(1.47186515625,-0.610573992797292,-1.57062665391457E-15));
#1718=CARTESIAN_POINT('',(1.45728182291667,-0.610573992797292,0.16360280828948));
#1719=CARTESIAN_POINT('',(1.44269848958334,-0.528772588652553,0.305286996398644));
#1720=CARTESIAN_POINT('',(1.42811515625,-0.446971184507812,0.446971184507811));
#1721=CARTESIAN_POINT('',(1.41353182291667,-0.305286996398648,0.528772588652551));
#1722=CARTESIAN_POINT('',(1.39894848958334,-0.163602808289482,0.610573992797292));
#1723=CARTESIAN_POINT('',(1.38436515625,-5.23416240145276E-16,0.610573992797292));
#1724=CARTESIAN_POINT('',(1.36978182291667,0.163602808289479,0.610573992797293));
#1725=CARTESIAN_POINT('',(1.35519848958334,0.305286996398645,0.528772588652552));
#1726=CARTESIAN_POINT('',(1.34061515625,0.44697118450781,0.446971184507813));
#1727=CARTESIAN_POINT('',(1.32603182291667,0.528772588652551,0.305286996398647));
#1728=CARTESIAN_POINT('',(1.31144848958334,0.610573992797292,0.163602808289483));
#1729=CARTESIAN_POINT('',(1.29686515625,0.610573992797292,1.64540040250676E-15));
#1730=CARTESIAN_POINT('',(1.28228182291667,0.610573992797293,-0.16360280828948));
#1731=CARTESIAN_POINT('',(1.26769848958334,0.528772588652553,-0.305286996398644));
#1732=CARTESIAN_POINT('',(1.25311515625,0.446971184507812,-0.446971184507811));
#1733=CARTESIAN_POINT('',(1.23853182291667,0.305286996398648,-0.528772588652551));
#1734=CARTESIAN_POINT('',(1.22394848958334,0.163602808289482,-0.610573992797292));
#1735=CARTESIAN_POINT('',(1.20936515625,5.98189988737458E-16,-0.610573992797292));
#1736=CARTESIAN_POINT('',(1.19478182291667,-0.163602808289479,-0.610573992797293));
#1737=CARTESIAN_POINT('',(1.18019848958334,-0.305286996398645,-0.528772588652552));
#1738=CARTESIAN_POINT('',(1.16561515625,-0.44697118450781,-0.446971184507813));
#1739=CARTESIAN_POINT('',(1.15103182291667,-0.528772588652551,-0.305286996398647));
#1740=CARTESIAN_POINT('',(1.13644848958334,-0.610573992797292,-0.163602808289483));
#1741=CARTESIAN_POINT('',(1.12186515625,-0.610573992797292,-1.72017415109894E-15));
#1742=CARTESIAN_POINT('',(1.10728182291667,-0.610573992797293,0.16360280828948));
#1743=CARTESIAN_POINT('',(1.09269848958334,-0.528772588652553,0.305286996398644));
#1744=CARTESIAN_POINT('',(1.07811515625,-0.446971184507813,0.446971184507811));
#1745=CARTESIAN_POINT('',(1.06353182291667,-0.305286996398648,0.528772588652551));
#1746=CARTESIAN_POINT('',(1.04894848958334,-0.163602808289482,0.610573992797292));
#1747=CARTESIAN_POINT('',(1.03436515625,-2.84215831346042E-15,0.610573992797292));
#1748=CARTESIAN_POINT('',(1.01978182291667,0.163602808289479,0.610573992797293));
#1749=CARTESIAN_POINT('',(1.00519848958334,0.305286996398645,0.528772588652552));
#1750=CARTESIAN_POINT('',(0.990615156250002,0.44697118450781,0.446971184507813));
#1751=CARTESIAN_POINT('',(0.976031822916669,0.528772588652551,0.305286996398647));
#1752=CARTESIAN_POINT('',(0.961448489583336,0.610573992797291,0.163602808289483));
#1753=CARTESIAN_POINT('',(0.946865156250002,0.610573992797292,1.79494789969112E-15));
#1754=CARTESIAN_POINT('',(0.932281822916669,0.610573992797293,-0.163602808289478));
#1755=CARTESIAN_POINT('',(0.917698489583336,0.528772588652553,-0.305286996398644));
#1756=CARTESIAN_POINT('',(0.903115156250002,0.446971184507813,-0.446971184507811));
#1757=CARTESIAN_POINT('',(0.888531822916669,0.305286996398648,-0.528772588652551));
#1758=CARTESIAN_POINT('',(0.873948489583336,0.163602808289482,-0.610573992797292));
#1759=CARTESIAN_POINT('',(0.859365156250002,2.9169320620526E-15,-0.610573992797292));
#1760=CARTESIAN_POINT('',(0.844781822916669,-0.163602808289479,-0.610573992797293));
#1761=CARTESIAN_POINT('',(0.830198489583336,-0.305286996398645,-0.528772588652552));
#1762=CARTESIAN_POINT('',(0.815615156250002,-0.44697118450781,-0.446971184507813));
#1763=CARTESIAN_POINT('',(0.801031822916669,-0.528772588652551,-0.305286996398647));
#1764=CARTESIAN_POINT('',(0.786448489583336,-0.610573992797292,-0.163602808289481));
#1765=CARTESIAN_POINT('',(0.771865156250002,-0.610573992797292,-4.03891622441408E-15));
#1766=CARTESIAN_POINT('',(0.757281822916669,-0.610573992797293,0.163602808289477));
#1767=CARTESIAN_POINT('',(0.742698489583336,-0.528772588652553,0.305286996398644));
#1768=CARTESIAN_POINT('',(0.728115156250002,-0.446971184507813,0.446971184507811));
#1769=CARTESIAN_POINT('',(0.713531822916669,-0.305286996398647,0.528772588652552));
#1770=CARTESIAN_POINT('',(0.698948489583336,-0.163602808289484,0.610573992797291));
#1771=CARTESIAN_POINT('',(0.684365156250002,-2.99170581064478E-15,0.610573992797292));
#1772=CARTESIAN_POINT('',(0.669781822916669,0.163602808289479,0.610573992797293));
#1773=CARTESIAN_POINT('',(0.655198489583336,0.305286996398645,0.528772588652552));
#1774=CARTESIAN_POINT('',(0.640615156250002,0.446971184507811,0.446971184507812));
#1775=CARTESIAN_POINT('',(0.626031822916669,0.52877258865255,0.305286996398649));
#1776=CARTESIAN_POINT('',(0.611448489583336,0.610573992797291,0.163602808289483));
#1777=CARTESIAN_POINT('',(0.596865156250002,0.610573992797292,1.94449539687549E-15));
#1778=CARTESIAN_POINT('',(0.582281822916669,0.610573992797293,-0.16360280828948));
#1779=CARTESIAN_POINT('',(0.567698489583336,0.528772588652554,-0.305286996398642));
#1780=CARTESIAN_POINT('',(0.553115156250002,0.446971184507814,-0.446971184507809));
#1781=CARTESIAN_POINT('',(0.538531822916669,0.305286996398648,-0.528772588652551));
#1782=CARTESIAN_POINT('',(0.523948489583336,0.163602808289482,-0.610573992797292));
#1783=CARTESIAN_POINT('',(0.509365156250002,8.97284983106187E-16,-0.610573992797292));
#1784=CARTESIAN_POINT('',(0.494781822916669,-0.163602808289476,-0.610573992797293));
#1785=CARTESIAN_POINT('',(0.480198489583335,-0.305286996398643,-0.528772588652554));
#1786=CARTESIAN_POINT('',(0.465615156250002,-0.44697118450781,-0.446971184507813));
#1787=CARTESIAN_POINT('',(0.451031822916669,-0.528772588652551,-0.305286996398647));
#1788=CARTESIAN_POINT('',(0.436448489583336,-0.610573992797292,-0.163602808289481));
#1789=CARTESIAN_POINT('',(0.421865156250003,-0.610573992797292,-4.18846372159845E-15));
#1790=CARTESIAN_POINT('',(0.407281822916669,-0.610573992797293,0.163602808289477));
#1791=CARTESIAN_POINT('',(0.392698489583336,-0.528772588652553,0.305286996398644));
#1792=CARTESIAN_POINT('',(0.378115156250002,-0.446971184507813,0.44697118450781));
#1793=CARTESIAN_POINT('',(0.363531822916669,-0.305286996398647,0.528772588652552));
#1794=CARTESIAN_POINT('',(0.348948489583336,-0.163602808289485,0.610573992797291));
#1795=CARTESIAN_POINT('',(0.334365156250002,-3.14125330782915E-15,0.610573992797292));
#1796=CARTESIAN_POINT('',(0.319781822916669,0.163602808289478,0.610573992797293));
#1797=CARTESIAN_POINT('',(0.305198489583336,0.305286996398645,0.528772588652552));
#1798=CARTESIAN_POINT('',(0.290615156250002,0.446971184507808,0.446971184507815));
#1799=CARTESIAN_POINT('',(0.276031822916669,0.52877258865255,0.305286996398649));
#1800=CARTESIAN_POINT('',(0.261448489583336,0.610573992797291,0.163602808289484));
#1801=CARTESIAN_POINT('',(0.246865156250002,0.610573992797292,2.09404289405985E-15));
#1802=CARTESIAN_POINT('',(0.232281822916669,0.610573992797293,-0.163602808289479));
#1803=CARTESIAN_POINT('',(0.217698489583336,0.528772588652554,-0.305286996398642));
#1804=CARTESIAN_POINT('',(0.203115156250002,0.446971184507814,-0.446971184507809));
#1805=CARTESIAN_POINT('',(0.188531822916669,0.305286996398649,-0.528772588652551));
#1806=CARTESIAN_POINT('',(0.173948489583336,0.163602808289483,-0.610573992797292));
#1807=CARTESIAN_POINT('',(0.159365156250002,1.04683248029055E-15,-0.610573992797292));
#1808=CARTESIAN_POINT('',(0.144781822916669,-0.163602808289476,-0.610573992797293));
#1809=CARTESIAN_POINT('',(0.130198489583335,-0.305286996398643,-0.528772588652554));
#1810=CARTESIAN_POINT('',(0.115615156250002,-0.44697118450781,-0.446971184507814));
#1811=CARTESIAN_POINT('',(0.101031822916669,-0.528772588652551,-0.305286996398648));
#1812=CARTESIAN_POINT('',(0.0864484895833355,-0.610573992797292,-0.163602808289481));
#1813=CARTESIAN_POINT('',(0.0718651562500025,-0.610573992797292,-4.33801121878281E-15));
#1814=CARTESIAN_POINT('',(0.057281822916669,-0.610573992797293,0.163602808289477));
#1815=CARTESIAN_POINT('',(0.0426984895833355,-0.528772588652553,0.305286996398644));
#1816=CARTESIAN_POINT('',(0.0281151562500025,-0.446971184507813,0.44697118450781));
#1817=CARTESIAN_POINT('',(0.0135318229166691,-0.30528699639865,0.528772588652549));
#1818=CARTESIAN_POINT('',(-0.00105151041666441,-0.163602808289485,0.610573992797291));
#1819=CARTESIAN_POINT('',(-0.0156348437499979,-3.29080080501351E-15,0.610573992797292));
#1820=CARTESIAN_POINT('',(-0.0302181770833309,0.163602808289478,0.610573992797293));
#1821=CARTESIAN_POINT('',(-0.0448015104166644,0.305286996398645,0.528772588652553));
#1822=CARTESIAN_POINT('',(-0.0593848437499978,0.446971184507808,0.446971184507815));
#1823=CARTESIAN_POINT('',(-0.0739681770833309,0.52877258865255,0.30528699639865));
#1824=CARTESIAN_POINT('',(-0.0885515104166643,0.610573992797291,0.163602808289484));
#1825=CARTESIAN_POINT('',(-0.103134843749998,0.610573992797292,2.24359039124421E-15));
#1826=CARTESIAN_POINT('',(-0.117718177083331,0.610573992797293,-0.163602808289479));
#1827=CARTESIAN_POINT('',(-0.132301510416664,0.528772588652554,-0.305286996398642));
#1828=CARTESIAN_POINT('',(-0.146884843749998,0.446971184507814,-0.446971184507809));
#1829=CARTESIAN_POINT('',(-0.161468177083331,0.305286996398649,-0.52877258865255));
#1830=CARTESIAN_POINT('',(-0.176051510416664,0.163602808289483,-0.610573992797292));
#1831=CARTESIAN_POINT('',(-0.190634843749998,1.19637997747492E-15,-0.610573992797292));
#1832=CARTESIAN_POINT('',(-0.205218177083331,-0.163602808289476,-0.610573992797293));
#1833=CARTESIAN_POINT('',(-0.219801510416664,-0.305286996398643,-0.528772588652554));
#1834=CARTESIAN_POINT('',(-0.234384843749998,-0.44697118450781,-0.446971184507814));
#1835=CARTESIAN_POINT('',(-0.248968177083331,-0.528772588652551,-0.305286996398648));
#1836=CARTESIAN_POINT('',(-0.263551510416665,-0.610573992797291,-0.163602808289486));
#1837=CARTESIAN_POINT('',(-0.278134843749998,-0.610573992797292,-4.48755871596718E-15));
#1838=CARTESIAN_POINT('',(-0.292718177083331,-0.610573992797293,0.163602808289477));
#1839=CARTESIAN_POINT('',(-0.307301510416664,-0.528772588652553,0.305286996398644));
#1840=CARTESIAN_POINT('',(-0.321884843749998,-0.446971184507813,0.44697118450781));
#1841=CARTESIAN_POINT('',(-0.336468177083331,-0.305286996398651,0.528772588652549));
#1842=CARTESIAN_POINT('',(-0.351051510416664,-0.163602808289485,0.610573992797291));
#1843=CARTESIAN_POINT('',(-0.365634843749997,-3.44034830219788E-15,0.610573992797292));
#1844=CARTESIAN_POINT('',(-0.380218177083331,0.163602808289478,0.610573992797293));
#1845=CARTESIAN_POINT('',(-0.394801510416664,0.305286996398645,0.528772588652553));
#1846=CARTESIAN_POINT('',(-0.409384843749998,0.446971184507808,0.446971184507815));
#1847=CARTESIAN_POINT('',(-0.423968177083331,0.52877258865255,0.30528699639865));
#1848=CARTESIAN_POINT('',(-0.438551510416664,0.610573992797291,0.163602808289484));
#1849=CARTESIAN_POINT('',(-0.453134843749998,0.610573992797292,2.39313788842858E-15));
#1850=CARTESIAN_POINT('',(-0.467718177083331,0.610573992797294,-0.163602808289475));
#1851=CARTESIAN_POINT('',(-0.482301510416664,0.528772588652554,-0.305286996398642));
#1852=CARTESIAN_POINT('',(-0.496884843749998,0.446971184507815,-0.446971184507809));
#1853=CARTESIAN_POINT('',(-0.511468177083331,0.305286996398649,-0.52877258865255));
#1854=CARTESIAN_POINT('',(-0.526051510416664,0.163602808289483,-0.610573992797292));
#1855=CARTESIAN_POINT('',(-0.540634843749998,5.68431662692084E-15,-0.610573992797292));
#1856=CARTESIAN_POINT('',(-0.555218177083331,-0.163602808289476,-0.610573992797293));
#1857=CARTESIAN_POINT('',(-0.569801510416664,-0.305286996398643,-0.528772588652554));
#1858=CARTESIAN_POINT('',(-0.584384843749998,-0.446971184507809,-0.446971184507814));
#1859=CARTESIAN_POINT('',(-0.598968177083331,-0.528772588652551,-0.305286996398648));
#1860=CARTESIAN_POINT('',(-0.613551510416664,-0.610573992797291,-0.163602808289486));
#1861=CARTESIAN_POINT('',(-0.628134843749998,-0.610573992797292,-4.63710621315154E-15));
#1862=CARTESIAN_POINT('',(-0.642718177083331,-0.610573992797293,0.163602808289477));
#1863=CARTESIAN_POINT('',(-0.657301510416665,-0.528772588652553,0.305286996398644));
#1864=CARTESIAN_POINT('',(-0.671884843749998,-0.446971184507813,0.44697118450781));
#1865=CARTESIAN_POINT('',(-0.686468177083331,-0.305286996398651,0.528772588652549));
#1866=CARTESIAN_POINT('',(-0.701051510416664,-0.163602808289485,0.610573992797291));
#1867=CARTESIAN_POINT('',(-0.715634843749998,-3.58989579938224E-15,0.610573992797292));
#1868=CARTESIAN_POINT('',(-0.730218177083331,0.163602808289478,0.610573992797293));
#1869=CARTESIAN_POINT('',(-0.744801510416664,0.305286996398641,0.528772588652555));
#1870=CARTESIAN_POINT('',(-0.759384843749997,0.446971184507808,0.446971184507815));
#1871=CARTESIAN_POINT('',(-0.773968177083331,0.52877258865255,0.30528699639865));
#1872=CARTESIAN_POINT('',(-0.788551510416664,0.610573992797291,0.163602808289484));
#1873=CARTESIAN_POINT('',(-0.803134843749998,0.610573992797292,2.54268538561294E-15));
#1874=CARTESIAN_POINT('',(-0.817718177083331,0.610573992797294,-0.163602808289475));
#1875=CARTESIAN_POINT('',(-0.832301510416664,0.528772588652554,-0.305286996398642));
#1876=CARTESIAN_POINT('',(-0.846884843749998,0.446971184507815,-0.446971184507809));
#1877=CARTESIAN_POINT('',(-0.861468177083331,0.305286996398649,-0.52877258865255));
#1878=CARTESIAN_POINT('',(-0.876051510416664,0.163602808289483,-0.610573992797292));
#1879=CARTESIAN_POINT('',(-0.890634843749998,5.8338641241052E-15,-0.610573992797292));
#1880=CARTESIAN_POINT('',(-0.905218177083331,-0.163602808289476,-0.610573992797294));
#1881=CARTESIAN_POINT('',(-0.919801510416664,-0.305286996398643,-0.528772588652554));
#1882=CARTESIAN_POINT('',(-0.934384843749998,-0.446971184507809,-0.446971184507814));
#1883=CARTESIAN_POINT('',(-0.948968177083331,-0.528772588652551,-0.305286996398648));
#1884=CARTESIAN_POINT('',(-0.963551510416664,-0.610573992797292,-0.163602808289482));
#1885=CARTESIAN_POINT('',(-0.978134843749998,-0.610573992797292,-4.7866537103359E-15));
#1886=CARTESIAN_POINT('',(-0.992718177083331,-0.610573992797294,0.163602808289472));
#1887=CARTESIAN_POINT('',(-1.00730151041666,-0.528772588652553,0.305286996398643));
#1888=CARTESIAN_POINT('',(-1.02188484375,-0.446971184507816,0.446971184507807));
#1889=CARTESIAN_POINT('',(-1.03646817708333,-0.305286996398647,0.528772588652551));
#1890=CARTESIAN_POINT('',(-1.05105151041666,-0.163602808289485,0.610573992797291));
#1891=CARTESIAN_POINT('',(-1.06563484375,-8.07783244882816E-15,0.610573992797292));
#1892=CARTESIAN_POINT('',(-1.08021817708333,0.163602808289478,0.610573992797293));
#1893=CARTESIAN_POINT('',(-1.09480151041666,0.305286996398641,0.528772588652555));
#1894=CARTESIAN_POINT('',(-1.10938484375,0.446971184507811,0.446971184507812));
#1895=CARTESIAN_POINT('',(-1.12396817708333,0.52877258865255,0.30528699639865));
#1896=CARTESIAN_POINT('',(-1.13855151041666,0.61057399279729,0.163602808289489));
#1897=CARTESIAN_POINT('',(-1.15313484375,0.610573992797292,2.69223288279731E-15));
#1898=CARTESIAN_POINT('',(-1.16771817708333,0.610573992797294,-0.163602808289474));
#1899=CARTESIAN_POINT('',(-1.18230151041666,0.528772588652552,-0.305286996398645));
#1900=CARTESIAN_POINT('',(-1.19688484375,0.446971184507815,-0.446971184507808));
#1901=CARTESIAN_POINT('',(-1.21146817708333,0.305286996398653,-0.528772588652548));
#1902=CARTESIAN_POINT('',(-1.22605151041666,0.163602808289483,-0.610573992797292));
#1903=CARTESIAN_POINT('',(-1.24063484375,5.98341162128957E-15,-0.610573992797292));
#1904=CARTESIAN_POINT('',(2.60936515625,0.,-0.610573992797292));
#1905=CARTESIAN_POINT('',(2.59478182291667,-0.163602808289481,-0.610573992797292));
#1906=CARTESIAN_POINT('',(2.58019848958334,-0.305286996398646,-0.528772588652552));
#1907=CARTESIAN_POINT('',(2.56561515625,-0.446971184507812,-0.446971184507812));
#1908=CARTESIAN_POINT('',(2.55103182291667,-0.528772588652552,-0.305286996398646));
#1909=CARTESIAN_POINT('',(2.53644848958334,-0.610573992797292,-0.163602808289481));
#1910=CARTESIAN_POINT('',(2.52186515625,-0.610573992797292,-3.73868742960911E-17));
#1911=CARTESIAN_POINT('',(2.50728182291667,-0.610573992797292,0.163602808289481));
#1912=CARTESIAN_POINT('',(2.49269848958334,-0.528772588652552,0.305286996398646));
#1913=CARTESIAN_POINT('',(2.47811515625,-0.446971184507812,0.446971184507812));
#1914=CARTESIAN_POINT('',(2.46353182291667,-0.305286996398646,0.528772588652552));
#1915=CARTESIAN_POINT('',(2.44894848958333,-0.163602808289481,0.610573992797292));
#1916=CARTESIAN_POINT('',(2.43436515625,-7.47737485921823E-17,0.610573992797292));
#1917=CARTESIAN_POINT('',(2.41978182291667,0.16360280828948,0.610573992797292));
#1918=CARTESIAN_POINT('',(2.40519848958334,0.305286996398646,0.528772588652552));
#1919=CARTESIAN_POINT('',(2.39061515625,0.446971184507811,0.446971184507812));
#1920=CARTESIAN_POINT('',(2.37603182291667,0.528772588652552,0.305286996398646));
#1921=CARTESIAN_POINT('',(2.36144848958334,0.610573992797292,0.163602808289481));
#1922=CARTESIAN_POINT('',(2.34686515625,0.610573992797292,1.12160622888273E-16));
#1923=CARTESIAN_POINT('',(2.33228182291667,0.610573992797292,-0.16360280828948));
#1924=CARTESIAN_POINT('',(2.31769848958334,0.528772588652552,-0.305286996398646));
#1925=CARTESIAN_POINT('',(2.30311515625,0.446971184507812,-0.446971184507811));
#1926=CARTESIAN_POINT('',(2.28853182291667,0.305286996398646,-0.528772588652552));
#1927=CARTESIAN_POINT('',(2.27394848958334,0.163602808289481,-0.610573992797292));
#1928=CARTESIAN_POINT('',(2.25936515625,0.,-0.610573992797292));
#1929=CARTESIAN_POINT('',(2.24478182291667,-0.163602808289481,-0.610573992797292));
#1930=CARTESIAN_POINT('',(2.23019848958334,-0.305286996398646,-0.528772588652552));
#1931=CARTESIAN_POINT('',(2.21561515625,-0.446971184507812,-0.446971184507812));
#1932=CARTESIAN_POINT('',(2.20103182291667,-0.528772588652552,-0.305286996398646));
#1933=CARTESIAN_POINT('',(2.18644848958334,-0.610573992797292,-0.163602808289481));
#1934=CARTESIAN_POINT('',(2.17186515625,-0.610573992797292,-3.73868742960911E-17));
#1935=CARTESIAN_POINT('',(2.15728182291667,-0.610573992797292,0.163602808289481));
#1936=CARTESIAN_POINT('',(2.14269848958334,-0.528772588652552,0.305286996398646));
#1937=CARTESIAN_POINT('',(2.12811515625,-0.446971184507812,0.446971184507812));
#1938=CARTESIAN_POINT('',(2.11353182291667,-0.305286996398646,0.528772588652552));
#1939=CARTESIAN_POINT('',(2.09894848958334,-0.163602808289481,0.610573992797292));
#1940=CARTESIAN_POINT('',(2.08436515625,-7.47737485921823E-17,0.610573992797292));
#1941=CARTESIAN_POINT('',(2.06978182291667,0.16360280828948,0.610573992797292));
#1942=CARTESIAN_POINT('',(2.05519848958334,0.305286996398646,0.528772588652552));
#1943=CARTESIAN_POINT('',(2.04061515625,0.446971184507811,0.446971184507812));
#1944=CARTESIAN_POINT('',(2.02603182291667,0.528772588652552,0.305286996398646));
#1945=CARTESIAN_POINT('',(2.01144848958334,0.610573992797292,0.163602808289481));
#1946=CARTESIAN_POINT('',(1.99686515625,0.610573992797292,1.12160622888273E-16));
#1947=CARTESIAN_POINT('',(1.98228182291667,0.610573992797292,-0.16360280828948));
#1948=CARTESIAN_POINT('',(1.96769848958334,0.528772588652552,-0.305286996398646));
#1949=CARTESIAN_POINT('',(1.95311515625,0.446971184507812,-0.446971184507811));
#1950=CARTESIAN_POINT('',(1.93853182291667,0.305286996398646,-0.528772588652552));
#1951=CARTESIAN_POINT('',(1.92394848958334,0.163602808289481,-0.610573992797292));
#1952=CARTESIAN_POINT('',(1.90936515625,0.,-0.610573992797292));
#1953=CARTESIAN_POINT('',(1.89478182291667,-0.163602808289481,-0.610573992797292));
#1954=CARTESIAN_POINT('',(1.88019848958334,-0.305286996398646,-0.528772588652552));
#1955=CARTESIAN_POINT('',(1.86561515625,-0.446971184507812,-0.446971184507812));
#1956=CARTESIAN_POINT('',(1.85103182291667,-0.528772588652552,-0.305286996398646));
#1957=CARTESIAN_POINT('',(1.83644848958334,-0.610573992797292,-0.163602808289481));
#1958=CARTESIAN_POINT('',(1.82186515625,-0.610573992797292,-3.73868742960911E-17));
#1959=CARTESIAN_POINT('',(1.80728182291667,-0.610573992797292,0.163602808289481));
#1960=CARTESIAN_POINT('',(1.79269848958334,-0.528772588652552,0.305286996398646));
#1961=CARTESIAN_POINT('',(1.77811515625,-0.446971184507812,0.446971184507812));
#1962=CARTESIAN_POINT('',(1.76353182291667,-0.305286996398646,0.528772588652552));
#1963=CARTESIAN_POINT('',(1.74894848958334,-0.163602808289481,0.610573992797292));
#1964=CARTESIAN_POINT('',(1.73436515625,-7.47737485921823E-17,0.610573992797292));
#1965=CARTESIAN_POINT('',(1.71978182291667,0.16360280828948,0.610573992797292));
#1966=CARTESIAN_POINT('',(1.70519848958334,0.305286996398646,0.528772588652552));
#1967=CARTESIAN_POINT('',(1.69061515625,0.446971184507811,0.446971184507812));
#1968=CARTESIAN_POINT('',(1.67603182291667,0.528772588652552,0.305286996398646));
#1969=CARTESIAN_POINT('',(1.66144848958334,0.610573992797292,0.163602808289481));
#1970=CARTESIAN_POINT('',(1.64686515625,0.610573992797292,1.12160622888273E-16));
#1971=CARTESIAN_POINT('',(1.63228182291667,0.610573992797292,-0.16360280828948));
#1972=CARTESIAN_POINT('',(1.61769848958334,0.528772588652552,-0.305286996398646));
#1973=CARTESIAN_POINT('',(1.60311515625,0.446971184507812,-0.446971184507811));
#1974=CARTESIAN_POINT('',(1.58853182291667,0.305286996398646,-0.528772588652552));
#1975=CARTESIAN_POINT('',(1.57394848958334,0.163602808289481,-0.610573992797292));
#1976=CARTESIAN_POINT('',(1.55936515625,0.,-0.610573992797292));
#1977=CARTESIAN_POINT('',(1.54478182291667,-0.163602808289481,-0.610573992797292));
#1978=CARTESIAN_POINT('',(1.53019848958334,-0.305286996398646,-0.528772588652552));
#1979=CARTESIAN_POINT('',(1.51561515625,-0.446971184507812,-0.446971184507812));
#1980=CARTESIAN_POINT('',(1.50103182291667,-0.528772588652552,-0.305286996398646));
#1981=CARTESIAN_POINT('',(1.48644848958334,-0.610573992797292,-0.163602808289481));
#1982=CARTESIAN_POINT('',(1.47186515625,-0.610573992797292,-3.73868742960911E-17));
#1983=CARTESIAN_POINT('',(1.45728182291667,-0.610573992797292,0.163602808289481));
#1984=CARTESIAN_POINT('',(1.44269848958334,-0.528772588652552,0.305286996398646));
#1985=CARTESIAN_POINT('',(1.42811515625,-0.446971184507812,0.446971184507812));
#1986=CARTESIAN_POINT('',(1.41353182291667,-0.305286996398646,0.528772588652552));
#1987=CARTESIAN_POINT('',(1.39894848958334,-0.163602808289481,0.610573992797292));
#1988=CARTESIAN_POINT('',(1.38436515625,-7.47737485921823E-17,0.610573992797292));
#1989=CARTESIAN_POINT('',(1.36978182291667,0.16360280828948,0.610573992797292));
#1990=CARTESIAN_POINT('',(1.35519848958334,0.305286996398646,0.528772588652552));
#1991=CARTESIAN_POINT('',(1.34061515625,0.446971184507811,0.446971184507812));
#1992=CARTESIAN_POINT('',(1.32603182291667,0.528772588652552,0.305286996398646));
#1993=CARTESIAN_POINT('',(1.31144848958334,0.610573992797292,0.163602808289481));
#1994=CARTESIAN_POINT('',(1.29686515625,0.610573992797292,1.12160622888273E-16));
#1995=CARTESIAN_POINT('',(1.28228182291667,0.610573992797292,-0.16360280828948));
#1996=CARTESIAN_POINT('',(1.26769848958334,0.528772588652552,-0.305286996398646));
#1997=CARTESIAN_POINT('',(1.25311515625,0.446971184507812,-0.446971184507811));
#1998=CARTESIAN_POINT('',(1.23853182291667,0.305286996398646,-0.528772588652552));
#1999=CARTESIAN_POINT('',(1.22394848958334,0.163602808289481,-0.610573992797292));
#2000=CARTESIAN_POINT('',(1.20936515625,0.,-0.610573992797292));
#2001=CARTESIAN_POINT('',(1.19478182291667,-0.163602808289481,-0.610573992797292));
#2002=CARTESIAN_POINT('',(1.18019848958334,-0.305286996398646,-0.528772588652552));
#2003=CARTESIAN_POINT('',(1.16561515625,-0.446971184507812,-0.446971184507812));
#2004=CARTESIAN_POINT('',(1.15103182291667,-0.528772588652552,-0.305286996398646));
#2005=CARTESIAN_POINT('',(1.13644848958334,-0.610573992797292,-0.163602808289481));
#2006=CARTESIAN_POINT('',(1.12186515625,-0.610573992797292,-3.73868742960911E-17));
#2007=CARTESIAN_POINT('',(1.10728182291667,-0.610573992797292,0.163602808289481));
#2008=CARTESIAN_POINT('',(1.09269848958334,-0.528772588652552,0.305286996398646));
#2009=CARTESIAN_POINT('',(1.07811515625,-0.446971184507812,0.446971184507812));
#2010=CARTESIAN_POINT('',(1.06353182291667,-0.305286996398646,0.528772588652552));
#2011=CARTESIAN_POINT('',(1.04894848958334,-0.163602808289481,0.610573992797292));
#2012=CARTESIAN_POINT('',(1.03436515625,-7.47737485921823E-17,0.610573992797292));
#2013=CARTESIAN_POINT('',(1.01978182291667,0.16360280828948,0.610573992797292));
#2014=CARTESIAN_POINT('',(1.00519848958334,0.305286996398646,0.528772588652552));
#2015=CARTESIAN_POINT('',(0.990615156250002,0.446971184507811,0.446971184507812));
#2016=CARTESIAN_POINT('',(0.976031822916669,0.528772588652552,0.305286996398646));
#2017=CARTESIAN_POINT('',(0.961448489583336,0.610573992797292,0.163602808289481));
#2018=CARTESIAN_POINT('',(0.946865156250002,0.610573992797292,1.12160622888273E-16));
#2019=CARTESIAN_POINT('',(0.932281822916669,0.610573992797292,-0.16360280828948));
#2020=CARTESIAN_POINT('',(0.917698489583336,0.528772588652552,-0.305286996398646));
#2021=CARTESIAN_POINT('',(0.903115156250002,0.446971184507812,-0.446971184507811));
#2022=CARTESIAN_POINT('',(0.888531822916669,0.305286996398646,-0.528772588652552));
#2023=CARTESIAN_POINT('',(0.873948489583336,0.163602808289481,-0.610573992797292));
#2024=CARTESIAN_POINT('',(0.859365156250002,0.,-0.610573992797292));
#2025=CARTESIAN_POINT('',(0.844781822916669,-0.163602808289481,-0.610573992797292));
#2026=CARTESIAN_POINT('',(0.830198489583336,-0.305286996398646,-0.528772588652552));
#2027=CARTESIAN_POINT('',(0.815615156250002,-0.446971184507812,-0.446971184507812));
#2028=CARTESIAN_POINT('',(0.801031822916669,-0.528772588652552,-0.305286996398646));
#2029=CARTESIAN_POINT('',(0.786448489583336,-0.610573992797292,-0.163602808289481));
#2030=CARTESIAN_POINT('',(0.771865156250002,-0.610573992797292,-3.73868742960911E-17));
#2031=CARTESIAN_POINT('',(0.757281822916669,-0.610573992797292,0.163602808289481));
#2032=CARTESIAN_POINT('',(0.742698489583336,-0.528772588652552,0.305286996398646));
#2033=CARTESIAN_POINT('',(0.728115156250002,-0.446971184507812,0.446971184507812));
#2034=CARTESIAN_POINT('',(0.713531822916669,-0.305286996398646,0.528772588652552));
#2035=CARTESIAN_POINT('',(0.698948489583336,-0.163602808289481,0.610573992797292));
#2036=CARTESIAN_POINT('',(0.684365156250002,-7.47737485921823E-17,0.610573992797292));
#2037=CARTESIAN_POINT('',(0.669781822916669,0.16360280828948,0.610573992797292));
#2038=CARTESIAN_POINT('',(0.655198489583336,0.305286996398646,0.528772588652552));
#2039=CARTESIAN_POINT('',(0.640615156250002,0.446971184507811,0.446971184507812));
#2040=CARTESIAN_POINT('',(0.626031822916669,0.528772588652552,0.305286996398646));
#2041=CARTESIAN_POINT('',(0.611448489583336,0.610573992797292,0.163602808289481));
#2042=CARTESIAN_POINT('',(0.596865156250002,0.610573992797292,1.12160622888273E-16));
#2043=CARTESIAN_POINT('',(0.582281822916669,0.610573992797292,-0.16360280828948));
#2044=CARTESIAN_POINT('',(0.567698489583336,0.528772588652552,-0.305286996398646));
#2045=CARTESIAN_POINT('',(0.553115156250002,0.446971184507812,-0.446971184507811));
#2046=CARTESIAN_POINT('',(0.538531822916669,0.305286996398646,-0.528772588652552));
#2047=CARTESIAN_POINT('',(0.523948489583336,0.163602808289481,-0.610573992797292));
#2048=CARTESIAN_POINT('',(0.509365156250002,0.,-0.610573992797292));
#2049=CARTESIAN_POINT('',(0.494781822916669,-0.163602808289481,-0.610573992797292));
#2050=CARTESIAN_POINT('',(0.480198489583335,-0.305286996398646,-0.528772588652552));
#2051=CARTESIAN_POINT('',(0.465615156250002,-0.446971184507812,-0.446971184507812));
#2052=CARTESIAN_POINT('',(0.451031822916669,-0.528772588652552,-0.305286996398646));
#2053=CARTESIAN_POINT('',(0.436448489583336,-0.610573992797292,-0.163602808289481));
#2054=CARTESIAN_POINT('',(0.421865156250003,-0.610573992797292,-3.73868742960911E-17));
#2055=CARTESIAN_POINT('',(0.407281822916669,-0.610573992797292,0.163602808289481));
#2056=CARTESIAN_POINT('',(0.392698489583336,-0.528772588652552,0.305286996398646));
#2057=CARTESIAN_POINT('',(0.378115156250002,-0.446971184507812,0.446971184507812));
#2058=CARTESIAN_POINT('',(0.363531822916669,-0.305286996398646,0.528772588652552));
#2059=CARTESIAN_POINT('',(0.348948489583336,-0.163602808289481,0.610573992797292));
#2060=CARTESIAN_POINT('',(0.334365156250002,-7.47737485921823E-17,0.610573992797292));
#2061=CARTESIAN_POINT('',(0.319781822916669,0.16360280828948,0.610573992797292));
#2062=CARTESIAN_POINT('',(0.305198489583336,0.305286996398646,0.528772588652552));
#2063=CARTESIAN_POINT('',(0.290615156250002,0.446971184507811,0.446971184507812));
#2064=CARTESIAN_POINT('',(0.276031822916669,0.528772588652552,0.305286996398646));
#2065=CARTESIAN_POINT('',(0.261448489583336,0.610573992797292,0.163602808289481));
#2066=CARTESIAN_POINT('',(0.246865156250002,0.610573992797292,1.12160622888273E-16));
#2067=CARTESIAN_POINT('',(0.232281822916669,0.610573992797292,-0.16360280828948));
#2068=CARTESIAN_POINT('',(0.217698489583336,0.528772588652552,-0.305286996398646));
#2069=CARTESIAN_POINT('',(0.203115156250002,0.446971184507812,-0.446971184507811));
#2070=CARTESIAN_POINT('',(0.188531822916669,0.305286996398646,-0.528772588652552));
#2071=CARTESIAN_POINT('',(0.173948489583336,0.163602808289481,-0.610573992797292));
#2072=CARTESIAN_POINT('',(0.159365156250002,0.,-0.610573992797292));
#2073=CARTESIAN_POINT('',(0.144781822916669,-0.163602808289481,-0.610573992797292));
#2074=CARTESIAN_POINT('',(0.130198489583335,-0.305286996398646,-0.528772588652552));
#2075=CARTESIAN_POINT('',(0.115615156250002,-0.446971184507812,-0.446971184507812));
#2076=CARTESIAN_POINT('',(0.101031822916669,-0.528772588652552,-0.305286996398646));
#2077=CARTESIAN_POINT('',(0.0981402195245994,-0.544992283580619,-0.277193660699967));
#2078=CARTESIAN_POINT('',(0.0951827968181189,-0.558143910853619,-0.247539846201485));
#2079=CARTESIAN_POINT('',(2.5,0.,-0.800000000000001));
#2080=CARTESIAN_POINT('',(2.48541666666667,-0.214359353944898,-0.800000000000001));
#2081=CARTESIAN_POINT('',(2.47083333333334,-0.400000000000001,-0.692820323027552));
#2082=CARTESIAN_POINT('',(2.45625,-0.585640646055103,-0.585640646055103));
#2083=CARTESIAN_POINT('',(2.44166666666667,-0.692820323027552,-0.400000000000001));
#2084=CARTESIAN_POINT('',(2.42708333333334,-0.800000000000001,-0.214359353944899));
#2085=CARTESIAN_POINT('',(2.4125,-0.800000000000001,-4.89858719658942E-17));
#2086=CARTESIAN_POINT('',(2.39791666666667,-0.800000000000001,0.214359353944898));
#2087=CARTESIAN_POINT('',(2.38333333333334,-0.692820323027552,0.4));
#2088=CARTESIAN_POINT('',(2.36875,-0.585640646055103,0.585640646055103));
#2089=CARTESIAN_POINT('',(2.35416666666667,-0.400000000000001,0.692820323027552));
#2090=CARTESIAN_POINT('',(2.33958333333334,-0.214359353944899,0.800000000000001));
#2091=CARTESIAN_POINT('',(2.325,-9.79717439317884E-17,0.800000000000001));
#2092=CARTESIAN_POINT('',(2.31041666666667,0.214359353944898,0.800000000000001));
#2093=CARTESIAN_POINT('',(2.29583333333334,0.4,0.692820323027552));
#2094=CARTESIAN_POINT('',(2.28125,0.585640646055102,0.585640646055103));
#2095=CARTESIAN_POINT('',(2.26666666666667,0.692820323027552,0.400000000000001));
#2096=CARTESIAN_POINT('',(2.25208333333334,0.800000000000001,0.214359353944899));
#2097=CARTESIAN_POINT('',(2.2375,0.800000000000001,1.46957615897683E-16));
#2098=CARTESIAN_POINT('',(2.22291666666667,0.800000000000001,-0.214359353944898));
#2099=CARTESIAN_POINT('',(2.20833333333334,0.692820323027552,-0.4));
#2100=CARTESIAN_POINT('',(2.19375,0.585640646055103,-0.585640646055102));
#2101=CARTESIAN_POINT('',(2.17916666666667,0.400000000000001,-0.692820323027552));
#2102=CARTESIAN_POINT('',(2.16458333333334,0.214359353944899,-0.800000000000001));
#2103=CARTESIAN_POINT('',(2.15,0.,-0.800000000000001));
#2104=CARTESIAN_POINT('',(2.13541666666667,-0.214359353944898,-0.800000000000001));
#2105=CARTESIAN_POINT('',(2.12083333333334,-0.400000000000001,-0.692820323027552));
#2106=CARTESIAN_POINT('',(2.10625,-0.585640646055103,-0.585640646055103));
#2107=CARTESIAN_POINT('',(2.09166666666667,-0.692820323027552,-0.400000000000001));
#2108=CARTESIAN_POINT('',(2.07708333333334,-0.800000000000001,-0.214359353944899));
#2109=CARTESIAN_POINT('',(2.0625,-0.800000000000001,-4.89858719658942E-17));
#2110=CARTESIAN_POINT('',(2.04791666666667,-0.800000000000001,0.214359353944898));
#2111=CARTESIAN_POINT('',(2.03333333333334,-0.692820323027552,0.4));
#2112=CARTESIAN_POINT('',(2.01875,-0.585640646055103,0.585640646055103));
#2113=CARTESIAN_POINT('',(2.00416666666667,-0.400000000000001,0.692820323027552));
#2114=CARTESIAN_POINT('',(1.98958333333334,-0.214359353944899,0.800000000000001));
#2115=CARTESIAN_POINT('',(1.975,-9.79717439317884E-17,0.800000000000001));
#2116=CARTESIAN_POINT('',(1.96041666666667,0.214359353944898,0.800000000000001));
#2117=CARTESIAN_POINT('',(1.94583333333334,0.4,0.692820323027552));
#2118=CARTESIAN_POINT('',(1.93125,0.585640646055102,0.585640646055103));
#2119=CARTESIAN_POINT('',(1.91666666666667,0.692820323027552,0.400000000000001));
#2120=CARTESIAN_POINT('',(1.90208333333334,0.800000000000001,0.214359353944899));
#2121=CARTESIAN_POINT('',(1.8875,0.800000000000001,1.46957615897683E-16));
#2122=CARTESIAN_POINT('',(1.87291666666667,0.800000000000001,-0.214359353944898));
#2123=CARTESIAN_POINT('',(1.85833333333334,0.692820323027552,-0.4));
#2124=CARTESIAN_POINT('',(1.84375,0.585640646055103,-0.585640646055102));
#2125=CARTESIAN_POINT('',(1.82916666666667,0.400000000000001,-0.692820323027552));
#2126=CARTESIAN_POINT('',(1.81458333333334,0.214359353944899,-0.800000000000001));
#2127=CARTESIAN_POINT('',(1.8,0.,-0.800000000000001));
#2128=CARTESIAN_POINT('',(1.78541666666667,-0.214359353944898,-0.800000000000001));
#2129=CARTESIAN_POINT('',(1.77083333333334,-0.400000000000001,-0.692820323027552));
#2130=CARTESIAN_POINT('',(1.75625,-0.585640646055103,-0.585640646055103));
#2131=CARTESIAN_POINT('',(1.74166666666667,-0.692820323027552,-0.400000000000001));
#2132=CARTESIAN_POINT('',(1.72708333333334,-0.800000000000001,-0.214359353944899));
#2133=CARTESIAN_POINT('',(1.7125,-0.800000000000001,-4.89858719658942E-17));
#2134=CARTESIAN_POINT('',(1.69791666666667,-0.800000000000001,0.214359353944898));
#2135=CARTESIAN_POINT('',(1.68333333333334,-0.692820323027552,0.4));
#2136=CARTESIAN_POINT('',(1.66875,-0.585640646055103,0.585640646055103));
#2137=CARTESIAN_POINT('',(1.65416666666667,-0.400000000000001,0.692820323027552));
#2138=CARTESIAN_POINT('',(1.63958333333334,-0.214359353944899,0.800000000000001));
#2139=CARTESIAN_POINT('',(1.625,-9.79717439317884E-17,0.800000000000001));
#2140=CARTESIAN_POINT('',(1.61041666666667,0.214359353944898,0.800000000000001));
#2141=CARTESIAN_POINT('',(1.59583333333334,0.4,0.692820323027552));
#2142=CARTESIAN_POINT('',(1.58125,0.585640646055102,0.585640646055103));
#2143=CARTESIAN_POINT('',(1.56666666666667,0.692820323027552,0.400000000000001));
#2144=CARTESIAN_POINT('',(1.55208333333334,0.800000000000001,0.214359353944899));
#2145=CARTESIAN_POINT('',(1.5375,0.800000000000001,1.46957615897683E-16));
#2146=CARTESIAN_POINT('',(1.52291666666667,0.800000000000001,-0.214359353944898));
#2147=CARTESIAN_POINT('',(1.50833333333334,0.692820323027552,-0.4));
#2148=CARTESIAN_POINT('',(1.49375,0.585640646055103,-0.585640646055102));
#2149=CARTESIAN_POINT('',(1.47916666666667,0.400000000000001,-0.692820323027552));
#2150=CARTESIAN_POINT('',(1.46458333333334,0.214359353944899,-0.800000000000001));
#2151=CARTESIAN_POINT('',(1.45,0.,-0.800000000000001));
#2152=CARTESIAN_POINT('',(1.43541666666667,-0.214359353944898,-0.800000000000001));
#2153=CARTESIAN_POINT('',(1.42083333333334,-0.400000000000001,-0.692820323027552));
#2154=CARTESIAN_POINT('',(1.40625,-0.585640646055103,-0.585640646055103));
#2155=CARTESIAN_POINT('',(1.39166666666667,-0.692820323027552,-0.400000000000001));
#2156=CARTESIAN_POINT('',(1.37708333333334,-0.800000000000001,-0.214359353944899));
#2157=CARTESIAN_POINT('',(1.3625,-0.800000000000001,-4.89858719658942E-17));
#2158=CARTESIAN_POINT('',(1.34791666666667,-0.800000000000001,0.214359353944898));
#2159=CARTESIAN_POINT('',(1.33333333333334,-0.692820323027552,0.4));
#2160=CARTESIAN_POINT('',(1.31875,-0.585640646055103,0.585640646055103));
#2161=CARTESIAN_POINT('',(1.30416666666667,-0.400000000000001,0.692820323027552));
#2162=CARTESIAN_POINT('',(1.28958333333334,-0.214359353944899,0.800000000000001));
#2163=CARTESIAN_POINT('',(1.275,-9.79717439317884E-17,0.800000000000001));
#2164=CARTESIAN_POINT('',(1.26041666666667,0.214359353944898,0.800000000000001));
#2165=CARTESIAN_POINT('',(1.24583333333334,0.4,0.692820323027552));
#2166=CARTESIAN_POINT('',(1.23125,0.585640646055102,0.585640646055103));
#2167=CARTESIAN_POINT('',(1.21666666666667,0.692820323027552,0.400000000000001));
#2168=CARTESIAN_POINT('',(1.20208333333334,0.800000000000001,0.214359353944899));
#2169=CARTESIAN_POINT('',(1.1875,0.800000000000001,1.46957615897683E-16));
#2170=CARTESIAN_POINT('',(1.17291666666667,0.800000000000001,-0.214359353944898));
#2171=CARTESIAN_POINT('',(1.15833333333334,0.692820323027552,-0.4));
#2172=CARTESIAN_POINT('',(1.14375,0.585640646055103,-0.585640646055102));
#2173=CARTESIAN_POINT('',(1.12916666666667,0.400000000000001,-0.692820323027552));
#2174=CARTESIAN_POINT('',(1.11458333333334,0.214359353944899,-0.800000000000001));
#2175=CARTESIAN_POINT('',(1.1,0.,-0.800000000000001));
#2176=CARTESIAN_POINT('',(1.08541666666667,-0.214359353944898,-0.800000000000001));
#2177=CARTESIAN_POINT('',(1.07083333333334,-0.400000000000001,-0.692820323027552));
#2178=CARTESIAN_POINT('',(1.05625,-0.585640646055103,-0.585640646055103));
#2179=CARTESIAN_POINT('',(1.04166666666667,-0.692820323027552,-0.400000000000001));
#2180=CARTESIAN_POINT('',(1.02708333333334,-0.800000000000001,-0.214359353944899));
#2181=CARTESIAN_POINT('',(1.0125,-0.800000000000001,-4.89858719658942E-17));
#2182=CARTESIAN_POINT('',(0.997916666666669,-0.800000000000001,0.214359353944898));
#2183=CARTESIAN_POINT('',(0.983333333333336,-0.692820323027552,0.4));
#2184=CARTESIAN_POINT('',(0.968750000000002,-0.585640646055103,0.585640646055103));
#2185=CARTESIAN_POINT('',(0.954166666666669,-0.400000000000001,0.692820323027552));
#2186=CARTESIAN_POINT('',(0.939583333333336,-0.214359353944899,0.800000000000001));
#2187=CARTESIAN_POINT('',(0.925000000000002,-9.79717439317884E-17,0.800000000000001));
#2188=CARTESIAN_POINT('',(0.910416666666669,0.214359353944898,0.800000000000001));
#2189=CARTESIAN_POINT('',(0.895833333333335,0.4,0.692820323027552));
#2190=CARTESIAN_POINT('',(0.881250000000002,0.585640646055102,0.585640646055103));
#2191=CARTESIAN_POINT('',(0.866666666666669,0.692820323027552,0.400000000000001));
#2192=CARTESIAN_POINT('',(0.852083333333336,0.800000000000001,0.214359353944899));
#2193=CARTESIAN_POINT('',(0.837500000000002,0.800000000000001,1.46957615897683E-16));
#2194=CARTESIAN_POINT('',(0.822916666666669,0.800000000000001,-0.214359353944898));
#2195=CARTESIAN_POINT('',(0.808333333333336,0.692820323027552,-0.4));
#2196=CARTESIAN_POINT('',(0.793750000000002,0.585640646055103,-0.585640646055102));
#2197=CARTESIAN_POINT('',(0.779166666666669,0.400000000000001,-0.692820323027552));
#2198=CARTESIAN_POINT('',(0.764583333333336,0.214359353944899,-0.800000000000001));
#2199=CARTESIAN_POINT('',(0.750000000000002,0.,-0.800000000000001));
#2200=CARTESIAN_POINT('',(0.735416666666669,-0.214359353944898,-0.800000000000001));
#2201=CARTESIAN_POINT('',(0.720833333333335,-0.400000000000001,-0.692820323027552));
#2202=CARTESIAN_POINT('',(0.706250000000002,-0.585640646055103,-0.585640646055103));
#2203=CARTESIAN_POINT('',(0.691666666666669,-0.692820323027552,-0.400000000000001));
#2204=CARTESIAN_POINT('',(0.677083333333335,-0.800000000000001,-0.214359353944899));
#2205=CARTESIAN_POINT('',(0.662500000000002,-0.800000000000001,-4.89858719658942E-17));
#2206=CARTESIAN_POINT('',(0.647916666666669,-0.800000000000001,0.214359353944898));
#2207=CARTESIAN_POINT('',(0.633333333333336,-0.692820323027552,0.4));
#2208=CARTESIAN_POINT('',(0.618750000000002,-0.585640646055103,0.585640646055103));
#2209=CARTESIAN_POINT('',(0.604166666666669,-0.400000000000001,0.692820323027552));
#2210=CARTESIAN_POINT('',(0.589583333333336,-0.214359353944899,0.800000000000001));
#2211=CARTESIAN_POINT('',(0.575000000000002,-9.79717439317884E-17,0.800000000000001));
#2212=CARTESIAN_POINT('',(0.560416666666669,0.214359353944898,0.800000000000001));
#2213=CARTESIAN_POINT('',(0.545833333333336,0.4,0.692820323027552));
#2214=CARTESIAN_POINT('',(0.531250000000002,0.585640646055102,0.585640646055103));
#2215=CARTESIAN_POINT('',(0.516666666666669,0.692820323027552,0.400000000000001));
#2216=CARTESIAN_POINT('',(0.502083333333336,0.800000000000001,0.214359353944899));
#2217=CARTESIAN_POINT('',(0.487500000000002,0.800000000000001,1.46957615897683E-16));
#2218=CARTESIAN_POINT('',(0.472916666666669,0.800000000000001,-0.214359353944898));
#2219=CARTESIAN_POINT('',(0.458333333333336,0.692820323027552,-0.4));
#2220=CARTESIAN_POINT('',(0.443750000000002,0.585640646055103,-0.585640646055102));
#2221=CARTESIAN_POINT('',(0.429166666666669,0.400000000000001,-0.692820323027552));
#2222=CARTESIAN_POINT('',(0.414583333333335,0.214359353944899,-0.800000000000001));
#2223=CARTESIAN_POINT('',(0.400000000000002,0.,-0.800000000000001));
#2224=CARTESIAN_POINT('',(0.385416666666669,-0.214359353944898,-0.800000000000001));
#2225=CARTESIAN_POINT('',(0.370833333333335,-0.400000000000001,-0.692820323027552));
#2226=CARTESIAN_POINT('',(0.356250000000002,-0.585640646055103,-0.585640646055103));
#2227=CARTESIAN_POINT('',(0.341666666666669,-0.692820323027552,-0.400000000000001));
#2228=CARTESIAN_POINT('',(0.327083333333336,-0.800000000000001,-0.214359353944899));
#2229=CARTESIAN_POINT('',(0.312500000000002,-0.800000000000001,-4.89858719658942E-17));
#2230=CARTESIAN_POINT('',(0.297916666666669,-0.800000000000001,0.214359353944898));
#2231=CARTESIAN_POINT('',(0.283333333333336,-0.692820323027552,0.4));
#2232=CARTESIAN_POINT('',(0.268750000000002,-0.585640646055103,0.585640646055103));
#2233=CARTESIAN_POINT('',(0.254166666666669,-0.400000000000001,0.692820323027552));
#2234=CARTESIAN_POINT('',(0.239583333333336,-0.214359353944899,0.800000000000001));
#2235=CARTESIAN_POINT('',(0.225000000000002,-9.79717439317884E-17,0.800000000000001));
#2236=CARTESIAN_POINT('',(0.210416666666669,0.214359353944898,0.800000000000001));
#2237=CARTESIAN_POINT('',(0.195833333333336,0.4,0.692820323027552));
#2238=CARTESIAN_POINT('',(0.181250000000002,0.585640646055102,0.585640646055103));
#2239=CARTESIAN_POINT('',(0.166666666666669,0.692820323027552,0.400000000000001));
#2240=CARTESIAN_POINT('',(0.152083333333336,0.800000000000001,0.214359353944899));
#2241=CARTESIAN_POINT('',(0.137500000000002,0.800000000000001,1.46957615897683E-16));
#2242=CARTESIAN_POINT('',(0.122916666666669,0.800000000000001,-0.214359353944898));
#2243=CARTESIAN_POINT('',(0.108333333333336,0.692820323027552,-0.4));
#2244=CARTESIAN_POINT('',(0.0937500000000022,0.585640646055103,-0.585640646055102));
#2245=CARTESIAN_POINT('',(0.0791666666666688,0.400000000000001,-0.692820323027552));
#2246=CARTESIAN_POINT('',(0.0645833333333358,0.214359353944899,-0.800000000000001));
#2247=CARTESIAN_POINT('',(0.0500000000000023,0.,-0.800000000000001));
#2248=CARTESIAN_POINT('',(0.0354166666666688,-0.214359353944898,-0.800000000000001));
#2249=CARTESIAN_POINT('',(0.0208333333333354,-0.400000000000001,-0.692820323027552));
#2250=CARTESIAN_POINT('',(0.00625000000000235,-0.585640646055103,-0.585640646055103));
#2251=CARTESIAN_POINT('',(-0.00833333333333111,-0.692820323027552,-0.400000000000001));
#2252=CARTESIAN_POINT('',(-0.0112249367254007,-0.7140720567986,-0.363190917359618));
#2253=CARTESIAN_POINT('',(-0.0141823594318812,-0.731303877908762,-0.324337229061989));
#2254=MECHANICAL_DESIGN_GEOMETRIC_PRESENTATION_REPRESENTATION('',(#285),
#2255);
#2255=(
GEOMETRIC_REPRESENTATION_CONTEXT(3)
GLOBAL_UNCERTAINTY_ASSIGNED_CONTEXT((#2256))
GLOBAL_UNIT_ASSIGNED_CONTEXT((#2259,#2258,#2257))
REPRESENTATION_CONTEXT('\X2\5185516D89D2570667F1593487BA9489\X0\',
'TOP_LEVEL_ASSEMBLY_PART')
);
#2256=UNCERTAINTY_MEASURE_WITH_UNIT(LENGTH_MEASURE(0.005),#2259,
'DISTANCE_ACCURACY_VALUE','Maximum Tolerance applied to model');
#2257=(
NAMED_UNIT(*)
SI_UNIT($,.STERADIAN.)
SOLID_ANGLE_UNIT()
);
#2258=(
NAMED_UNIT(*)
PLANE_ANGLE_UNIT()
SI_UNIT($,.RADIAN.)
);
#2259=(
LENGTH_UNIT()
NAMED_UNIT(*)
SI_UNIT(.MILLI.,.METRE.)
);
#2260=PRODUCT_DEFINITION_SHAPE('','',#2261);
#2261=PRODUCT_DEFINITION('','',#2263,#2262);
#2262=PRODUCT_DEFINITION_CONTEXT('',#2269,'design');
#2263=PRODUCT_DEFINITION_FORMATION_WITH_SPECIFIED_SOURCE('','',#2265,
 .NOT_KNOWN.);
#2264=PRODUCT_RELATED_PRODUCT_CATEGORY('','',(#2265));
#2265=PRODUCT('\X2\5185516D89D2570667F1593487BA9489\X0\',
'\X2\5185516D89D2570667F1593487BA9489\X0\','\X2\5185516D89D2570667F1593487BA9489\X0\',
(#2267));
#2266=PRODUCT_CATEGORY('','');
#2267=PRODUCT_CONTEXT('',#2269,'mechanical');
#2268=APPLICATION_PROTOCOL_DEFINITION('international standard',
'automotive_design',2010,#2269);
#2269=APPLICATION_CONTEXT(
'core data for automotive mechanical design processes');
ENDSEC;
END-ISO-10303-21;
