ISO-10303-21;
HEADER;
/* Generated by software containing HOOPS Exchange Step
 * from HOOPS Exchange, Inc. (www.tiangong.cloud) 
 */

FILE_DESCRIPTION(
/* description */ ('Unknown'),
/* implementation_level */ '2;1');

FILE_NAME(
/* name */ '\X2\6EDA82B15C0F593487BA9489\X0\ GBT836-1988',
/* time_stamp */ '2025-12-25T09:30:19+08:00',
/* author */ ('Unknown'),
/* organization */ ('Unknown'),
/* preprocessor_version */ 'ST-DEVELOPER v19.4',
/* originating_system */ 'TianGong',
/* authorisation */ 'Unknown');

FILE_SCHEMA (('AUTOMOTIVE_DESIGN {1 0 10303 214 3 1 1}'));
ENDSEC;

DATA;
#10=PROPERTY_DEFINITION_REPRESENTATION(#14,#12);
#11=PROPERTY_DEFINITION_REPRESENTATION(#15,#13);
#12=REPRESENTATION('',(#16),#7890);
#13=REPRESENTATION('',(#17),#7890);
#14=PROPERTY_DEFINITION('pmi validation property','',#7895);
#15=PROPERTY_DEFINITION('pmi validation property','',#7895);
#16=VALUE_REPRESENTATION_ITEM('number of annotations',COUNT_MEASURE(0.));
#17=VALUE_REPRESENTATION_ITEM('number of views',COUNT_MEASURE(0.));
#18=SHAPE_REPRESENTATION_RELATIONSHIP('','',#4937,#19);
#19=ADVANCED_BREP_SHAPE_REPRESENTATION('',(#4935),#7890);
#20=LINE('',#7578,#176);
#21=LINE('',#7579,#177);
#22=LINE('',#7581,#178);
#23=LINE('',#7583,#179);
#24=LINE('',#7584,#180);
#25=LINE('',#7586,#181);
#26=LINE('',#7589,#182);
#27=LINE('',#7590,#183);
#28=LINE('',#7592,#184);
#29=LINE('',#7594,#185);
#30=LINE('',#7595,#186);
#31=LINE('',#7597,#187);
#32=LINE('',#7599,#188);
#33=LINE('',#7600,#189);
#34=LINE('',#7602,#190);
#35=LINE('',#7604,#191);
#36=LINE('',#7605,#192);
#37=LINE('',#7607,#193);
#38=LINE('',#7609,#194);
#39=LINE('',#7610,#195);
#40=LINE('',#7612,#196);
#41=LINE('',#7614,#197);
#42=LINE('',#7615,#198);
#43=LINE('',#7617,#199);
#44=LINE('',#7619,#200);
#45=LINE('',#7620,#201);
#46=LINE('',#7622,#202);
#47=LINE('',#7624,#203);
#48=LINE('',#7625,#204);
#49=LINE('',#7627,#205);
#50=LINE('',#7629,#206);
#51=LINE('',#7630,#207);
#52=LINE('',#7632,#208);
#53=LINE('',#7634,#209);
#54=LINE('',#7635,#210);
#55=LINE('',#7637,#211);
#56=LINE('',#7639,#212);
#57=LINE('',#7640,#213);
#58=LINE('',#7642,#214);
#59=LINE('',#7654,#215);
#60=LINE('',#7655,#216);
#61=LINE('',#7657,#217);
#62=LINE('',#7659,#218);
#63=LINE('',#7660,#219);
#64=LINE('',#7662,#220);
#65=LINE('',#7665,#221);
#66=LINE('',#7666,#222);
#67=LINE('',#7668,#223);
#68=LINE('',#7670,#224);
#69=LINE('',#7671,#225);
#70=LINE('',#7673,#226);
#71=LINE('',#7675,#227);
#72=LINE('',#7676,#228);
#73=LINE('',#7678,#229);
#74=LINE('',#7680,#230);
#75=LINE('',#7681,#231);
#76=LINE('',#7683,#232);
#77=LINE('',#7685,#233);
#78=LINE('',#7686,#234);
#79=LINE('',#7688,#235);
#80=LINE('',#7690,#236);
#81=LINE('',#7691,#237);
#82=LINE('',#7693,#238);
#83=LINE('',#7695,#239);
#84=LINE('',#7696,#240);
#85=LINE('',#7698,#241);
#86=LINE('',#7700,#242);
#87=LINE('',#7701,#243);
#88=LINE('',#7703,#244);
#89=LINE('',#7705,#245);
#90=LINE('',#7706,#246);
#91=LINE('',#7708,#247);
#92=LINE('',#7710,#248);
#93=LINE('',#7711,#249);
#94=LINE('',#7713,#250);
#95=LINE('',#7715,#251);
#96=LINE('',#7716,#252);
#97=LINE('',#7718,#253);
#98=LINE('',#7730,#254);
#99=LINE('',#7731,#255);
#100=LINE('',#7733,#256);
#101=LINE('',#7735,#257);
#102=LINE('',#7736,#258);
#103=LINE('',#7738,#259);
#104=LINE('',#7741,#260);
#105=LINE('',#7742,#261);
#106=LINE('',#7744,#262);
#107=LINE('',#7746,#263);
#108=LINE('',#7747,#264);
#109=LINE('',#7749,#265);
#110=LINE('',#7751,#266);
#111=LINE('',#7752,#267);
#112=LINE('',#7754,#268);
#113=LINE('',#7756,#269);
#114=LINE('',#7757,#270);
#115=LINE('',#7759,#271);
#116=LINE('',#7761,#272);
#117=LINE('',#7762,#273);
#118=LINE('',#7764,#274);
#119=LINE('',#7766,#275);
#120=LINE('',#7767,#276);
#121=LINE('',#7769,#277);
#122=LINE('',#7771,#278);
#123=LINE('',#7772,#279);
#124=LINE('',#7774,#280);
#125=LINE('',#7776,#281);
#126=LINE('',#7777,#282);
#127=LINE('',#7779,#283);
#128=LINE('',#7781,#284);
#129=LINE('',#7782,#285);
#130=LINE('',#7784,#286);
#131=LINE('',#7786,#287);
#132=LINE('',#7787,#288);
#133=LINE('',#7789,#289);
#134=LINE('',#7791,#290);
#135=LINE('',#7792,#291);
#136=LINE('',#7794,#292);
#137=LINE('',#7806,#293);
#138=LINE('',#7807,#294);
#139=LINE('',#7809,#295);
#140=LINE('',#7811,#296);
#141=LINE('',#7812,#297);
#142=LINE('',#7814,#298);
#143=LINE('',#7817,#299);
#144=LINE('',#7818,#300);
#145=LINE('',#7820,#301);
#146=LINE('',#7822,#302);
#147=LINE('',#7823,#303);
#148=LINE('',#7825,#304);
#149=LINE('',#7827,#305);
#150=LINE('',#7828,#306);
#151=LINE('',#7830,#307);
#152=LINE('',#7832,#308);
#153=LINE('',#7833,#309);
#154=LINE('',#7835,#310);
#155=LINE('',#7837,#311);
#156=LINE('',#7838,#312);
#157=LINE('',#7840,#313);
#158=LINE('',#7842,#314);
#159=LINE('',#7843,#315);
#160=LINE('',#7845,#316);
#161=LINE('',#7847,#317);
#162=LINE('',#7848,#318);
#163=LINE('',#7850,#319);
#164=LINE('',#7858,#320);
#165=LINE('',#7859,#321);
#166=LINE('',#7861,#322);
#167=LINE('',#7863,#323);
#168=LINE('',#7864,#324);
#169=LINE('',#7866,#325);
#170=LINE('',#7868,#326);
#171=LINE('',#7869,#327);
#172=LINE('',#7871,#328);
#173=LINE('',#7873,#329);
#174=LINE('',#7874,#330);
#175=LINE('',#7876,#331);
#176=VECTOR('',#6059,1000.);
#177=VECTOR('',#6060,1000.);
#178=VECTOR('',#6063,1000.);
#179=VECTOR('',#6066,1000.);
#180=VECTOR('',#6067,1000.);
#181=VECTOR('',#6070,1000.);
#182=VECTOR('',#6075,1000.);
#183=VECTOR('',#6076,1000.);
#184=VECTOR('',#6079,1000.);
#185=VECTOR('',#6082,1000.);
#186=VECTOR('',#6083,1000.);
#187=VECTOR('',#6086,1000.);
#188=VECTOR('',#6089,1000.);
#189=VECTOR('',#6090,1000.);
#190=VECTOR('',#6093,1000.);
#191=VECTOR('',#6096,1000.);
#192=VECTOR('',#6097,1000.);
#193=VECTOR('',#6100,1000.);
#194=VECTOR('',#6103,1000.);
#195=VECTOR('',#6104,1000.);
#196=VECTOR('',#6107,1000.);
#197=VECTOR('',#6110,1000.);
#198=VECTOR('',#6111,1000.);
#199=VECTOR('',#6114,1000.);
#200=VECTOR('',#6117,1000.);
#201=VECTOR('',#6118,1000.);
#202=VECTOR('',#6121,1000.);
#203=VECTOR('',#6124,1000.);
#204=VECTOR('',#6125,1000.);
#205=VECTOR('',#6128,1000.);
#206=VECTOR('',#6131,1000.);
#207=VECTOR('',#6132,1000.);
#208=VECTOR('',#6135,1000.);
#209=VECTOR('',#6138,1000.);
#210=VECTOR('',#6139,1000.);
#211=VECTOR('',#6142,1000.);
#212=VECTOR('',#6145,1000.);
#213=VECTOR('',#6146,1000.);
#214=VECTOR('',#6149,1000.);
#215=VECTOR('',#6172,1000.);
#216=VECTOR('',#6173,1000.);
#217=VECTOR('',#6176,1000.);
#218=VECTOR('',#6179,1000.);
#219=VECTOR('',#6180,1000.);
#220=VECTOR('',#6183,1000.);
#221=VECTOR('',#6188,1000.);
#222=VECTOR('',#6189,1000.);
#223=VECTOR('',#6192,1000.);
#224=VECTOR('',#6195,1000.);
#225=VECTOR('',#6196,1000.);
#226=VECTOR('',#6199,1000.);
#227=VECTOR('',#6202,1000.);
#228=VECTOR('',#6203,1000.);
#229=VECTOR('',#6206,1000.);
#230=VECTOR('',#6209,1000.);
#231=VECTOR('',#6210,1000.);
#232=VECTOR('',#6213,1000.);
#233=VECTOR('',#6216,1000.);
#234=VECTOR('',#6217,1000.);
#235=VECTOR('',#6220,1000.);
#236=VECTOR('',#6223,1000.);
#237=VECTOR('',#6224,1000.);
#238=VECTOR('',#6227,1000.);
#239=VECTOR('',#6230,1000.);
#240=VECTOR('',#6231,1000.);
#241=VECTOR('',#6234,1000.);
#242=VECTOR('',#6237,1000.);
#243=VECTOR('',#6238,1000.);
#244=VECTOR('',#6241,1000.);
#245=VECTOR('',#6244,1000.);
#246=VECTOR('',#6245,1000.);
#247=VECTOR('',#6248,1000.);
#248=VECTOR('',#6251,1000.);
#249=VECTOR('',#6252,1000.);
#250=VECTOR('',#6255,1000.);
#251=VECTOR('',#6258,1000.);
#252=VECTOR('',#6259,1000.);
#253=VECTOR('',#6262,1000.);
#254=VECTOR('',#6285,1000.);
#255=VECTOR('',#6286,1000.);
#256=VECTOR('',#6289,1000.);
#257=VECTOR('',#6292,1000.);
#258=VECTOR('',#6293,1000.);
#259=VECTOR('',#6296,1000.);
#260=VECTOR('',#6301,1000.);
#261=VECTOR('',#6302,1000.);
#262=VECTOR('',#6305,1000.);
#263=VECTOR('',#6308,1000.);
#264=VECTOR('',#6309,1000.);
#265=VECTOR('',#6312,1000.);
#266=VECTOR('',#6315,1000.);
#267=VECTOR('',#6316,1000.);
#268=VECTOR('',#6319,1000.);
#269=VECTOR('',#6322,1000.);
#270=VECTOR('',#6323,1000.);
#271=VECTOR('',#6326,1000.);
#272=VECTOR('',#6329,1000.);
#273=VECTOR('',#6330,1000.);
#274=VECTOR('',#6333,1000.);
#275=VECTOR('',#6336,1000.);
#276=VECTOR('',#6337,1000.);
#277=VECTOR('',#6340,1000.);
#278=VECTOR('',#6343,1000.);
#279=VECTOR('',#6344,1000.);
#280=VECTOR('',#6347,1000.);
#281=VECTOR('',#6350,1000.);
#282=VECTOR('',#6351,1000.);
#283=VECTOR('',#6354,1000.);
#284=VECTOR('',#6357,1000.);
#285=VECTOR('',#6358,1000.);
#286=VECTOR('',#6361,1000.);
#287=VECTOR('',#6364,1000.);
#288=VECTOR('',#6365,1000.);
#289=VECTOR('',#6368,1000.);
#290=VECTOR('',#6371,1000.);
#291=VECTOR('',#6372,1000.);
#292=VECTOR('',#6375,1000.);
#293=VECTOR('',#6398,1000.);
#294=VECTOR('',#6399,1000.);
#295=VECTOR('',#6402,1000.);
#296=VECTOR('',#6405,1000.);
#297=VECTOR('',#6406,1000.);
#298=VECTOR('',#6409,1000.);
#299=VECTOR('',#6414,1000.);
#300=VECTOR('',#6415,1000.);
#301=VECTOR('',#6418,1000.);
#302=VECTOR('',#6421,1000.);
#303=VECTOR('',#6422,1000.);
#304=VECTOR('',#6425,1000.);
#305=VECTOR('',#6428,1000.);
#306=VECTOR('',#6429,1000.);
#307=VECTOR('',#6432,1000.);
#308=VECTOR('',#6435,1000.);
#309=VECTOR('',#6436,1000.);
#310=VECTOR('',#6439,1000.);
#311=VECTOR('',#6442,1000.);
#312=VECTOR('',#6443,1000.);
#313=VECTOR('',#6446,1000.);
#314=VECTOR('',#6449,1000.);
#315=VECTOR('',#6450,1000.);
#316=VECTOR('',#6453,1000.);
#317=VECTOR('',#6456,1000.);
#318=VECTOR('',#6457,1000.);
#319=VECTOR('',#6460,1000.);
#320=VECTOR('',#6475,1000.);
#321=VECTOR('',#6476,1000.);
#322=VECTOR('',#6479,1000.);
#323=VECTOR('',#6482,1000.);
#324=VECTOR('',#6483,1000.);
#325=VECTOR('',#6486,1000.);
#326=VECTOR('',#6489,1000.);
#327=VECTOR('',#6490,1000.);
#328=VECTOR('',#6493,1000.);
#329=VECTOR('',#6496,1000.);
#330=VECTOR('',#6497,1000.);
#331=VECTOR('',#6500,1000.);
#332=B_SPLINE_CURVE_WITH_KNOTS('',3,(#6644,#6645,#6646,#6647),
 .UNSPECIFIED.,.F.,.F.,(4,4),(2.87874967897896E-7,0.00025171413582886),
 .UNSPECIFIED.);
#333=B_SPLINE_CURVE_WITH_KNOTS('',3,(#6648,#6649,#6650,#6651),
 .UNSPECIFIED.,.F.,.F.,(4,4),(2.86870041811302E-7,0.000251713130902775),
 .UNSPECIFIED.);
#334=B_SPLINE_CURVE_WITH_KNOTS('',3,(#6653,#6654,#6655,#6656),
 .UNSPECIFIED.,.F.,.F.,(4,4),(2.86870041811093E-7,0.000251713130902774),
 .UNSPECIFIED.);
#335=B_SPLINE_CURVE_WITH_KNOTS('',3,(#6660,#6661,#6662,#6663),
 .UNSPECIFIED.,.F.,.F.,(4,4),(2.8787496788783E-7,0.000251714135828861),
 .UNSPECIFIED.);
#336=B_SPLINE_CURVE_WITH_KNOTS('',3,(#6668,#6669,#6670,#6671),
 .UNSPECIFIED.,.F.,.F.,(4,4),(2.99739985275534E-7,0.000251726000846233),
 .UNSPECIFIED.);
#337=B_SPLINE_CURVE_WITH_KNOTS('',3,(#6672,#6673,#6674,#6675),
 .UNSPECIFIED.,.F.,.F.,(4,4),(2.86870041811122E-7,0.000251713130902775),
 .UNSPECIFIED.);
#338=B_SPLINE_CURVE_WITH_KNOTS('',3,(#6680,#6681,#6682,#6683),
 .UNSPECIFIED.,.F.,.F.,(4,4),(2.8787496789839E-7,0.000251714135828861),
 .UNSPECIFIED.);
#339=B_SPLINE_CURVE_WITH_KNOTS('',3,(#6684,#6685,#6686,#6687),
 .UNSPECIFIED.,.F.,.F.,(4,4),(2.86870041812983E-7,0.000251713130902777),
 .UNSPECIFIED.);
#340=B_SPLINE_CURVE_WITH_KNOTS('',3,(#6692,#6693,#6694,#6695),
 .UNSPECIFIED.,.F.,.F.,(4,4),(2.87874967898876E-7,0.000251714135828861),
 .UNSPECIFIED.);
#341=B_SPLINE_CURVE_WITH_KNOTS('',3,(#6696,#6697,#6698,#6699),
 .UNSPECIFIED.,.F.,.F.,(4,4),(2.86870041811306E-7,0.000251713130902775),
 .UNSPECIFIED.);
#342=B_SPLINE_CURVE_WITH_KNOTS('',3,(#6704,#6705,#6706,#6707),
 .UNSPECIFIED.,.F.,.F.,(4,4),(2.87874967898522E-7,0.000251714135828861),
 .UNSPECIFIED.);
#343=B_SPLINE_CURVE_WITH_KNOTS('',3,(#6708,#6709,#6710,#6711),
 .UNSPECIFIED.,.F.,.F.,(4,4),(2.8687004181118E-7,0.000251713130902776),
 .UNSPECIFIED.);
#344=B_SPLINE_CURVE_WITH_KNOTS('',3,(#6716,#6717,#6718,#6719),
 .UNSPECIFIED.,.F.,.F.,(4,4),(2.87874967898474E-7,0.000251714135828861),
 .UNSPECIFIED.);
#345=B_SPLINE_CURVE_WITH_KNOTS('',3,(#6720,#6721,#6722,#6723),
 .UNSPECIFIED.,.F.,.F.,(4,4),(2.8687004184843E-7,0.000251713130902812),
 .UNSPECIFIED.);
#346=B_SPLINE_CURVE_WITH_KNOTS('',3,(#6728,#6729,#6730,#6731),
 .UNSPECIFIED.,.F.,.F.,(4,4),(2.87874967886013E-7,0.000251714135828849),
 .UNSPECIFIED.);
#347=B_SPLINE_CURVE_WITH_KNOTS('',3,(#6732,#6733,#6734,#6735),
 .UNSPECIFIED.,.F.,.F.,(4,4),(2.86870041811028E-7,0.000251713130902775),
 .UNSPECIFIED.);
#348=B_SPLINE_CURVE_WITH_KNOTS('',3,(#6737,#6738,#6739,#6740),
 .UNSPECIFIED.,.F.,.F.,(4,4),(2.86870041926854E-7,0.000251713130902891),
 .UNSPECIFIED.);
#349=B_SPLINE_CURVE_WITH_KNOTS('',3,(#6744,#6745,#6746,#6747),
 .UNSPECIFIED.,.F.,.F.,(4,4),(2.87874967846124E-7,0.000251714135828809),
 .UNSPECIFIED.);
#350=B_SPLINE_CURVE_WITH_KNOTS('',3,(#6752,#6753,#6754,#6755),
 .UNSPECIFIED.,.F.,.F.,(4,4),(2.87874967898697E-7,0.000251714135828862),
 .UNSPECIFIED.);
#351=B_SPLINE_CURVE_WITH_KNOTS('',3,(#6756,#6757,#6758,#6759),
 .UNSPECIFIED.,.F.,.F.,(4,4),(2.86870041810949E-7,0.000251713130902775),
 .UNSPECIFIED.);
#352=B_SPLINE_CURVE_WITH_KNOTS('',3,(#6761,#6762,#6763,#6764),
 .UNSPECIFIED.,.F.,.F.,(4,4),(2.86870041811049E-7,0.000251713130902775),
 .UNSPECIFIED.);
#353=B_SPLINE_CURVE_WITH_KNOTS('',3,(#6768,#6769,#6770,#6771),
 .UNSPECIFIED.,.F.,.F.,(4,4),(2.87874967898713E-7,0.000251714135828862),
 .UNSPECIFIED.);
#354=B_SPLINE_CURVE_WITH_KNOTS('',3,(#6776,#6777,#6778,#6779),
 .UNSPECIFIED.,.F.,.F.,(4,4),(2.87874967898641E-7,0.000251714135828861),
 .UNSPECIFIED.);
#355=B_SPLINE_CURVE_WITH_KNOTS('',3,(#6780,#6781,#6782,#6783),
 .UNSPECIFIED.,.F.,.F.,(4,4),(2.86870041810545E-7,0.000251713130902774),
 .UNSPECIFIED.);
#356=B_SPLINE_CURVE_WITH_KNOTS('',3,(#6788,#6789,#6790,#6791),
 .UNSPECIFIED.,.F.,.F.,(4,4),(2.87874967898983E-7,0.000251714135828862),
 .UNSPECIFIED.);
#357=B_SPLINE_CURVE_WITH_KNOTS('',3,(#6792,#6793,#6794,#6795),
 .UNSPECIFIED.,.F.,.F.,(4,4),(3.00726444290495E-7,0.000251726987305258),
 .UNSPECIFIED.);
#358=B_SPLINE_CURVE_WITH_KNOTS('',3,(#6800,#6801,#6802,#6803),
 .UNSPECIFIED.,.F.,.F.,(4,4),(2.87874967899113E-7,0.000251714135828862),
 .UNSPECIFIED.);
#359=B_SPLINE_CURVE_WITH_KNOTS('',3,(#6804,#6805,#6806,#6807),
 .UNSPECIFIED.,.F.,.F.,(4,4),(2.86870041810488E-7,0.000251713130902775),
 .UNSPECIFIED.);
#360=B_SPLINE_CURVE_WITH_KNOTS('',3,(#6812,#6813,#6814,#6815),
 .UNSPECIFIED.,.F.,.F.,(4,4),(2.87874967899091E-7,0.000251714135828862),
 .UNSPECIFIED.);
#361=B_SPLINE_CURVE_WITH_KNOTS('',3,(#6816,#6817,#6818,#6819),
 .UNSPECIFIED.,.F.,.F.,(4,4),(2.86870041810416E-7,0.000251713130902775),
 .UNSPECIFIED.);
#362=B_SPLINE_CURVE_WITH_KNOTS('',3,(#6824,#6825,#6826,#6827),
 .UNSPECIFIED.,.F.,.F.,(4,4),(2.99739985273269E-7,0.000251726000846231),
 .UNSPECIFIED.);
#363=B_SPLINE_CURVE_WITH_KNOTS('',3,(#6828,#6829,#6830,#6831),
 .UNSPECIFIED.,.F.,.F.,(4,4),(2.86870041810221E-7,0.000251713130902775),
 .UNSPECIFIED.);
#364=B_SPLINE_CURVE_WITH_KNOTS('',3,(#6836,#6837,#6838,#6839),
 .UNSPECIFIED.,.F.,.F.,(4,4),(2.87874967899185E-7,0.000251714135828862),
 .UNSPECIFIED.);
#365=B_SPLINE_CURVE_WITH_KNOTS('',3,(#6840,#6841,#6842,#6843),
 .UNSPECIFIED.,.F.,.F.,(4,4),(2.86870041812085E-7,0.000251713130902776),
 .UNSPECIFIED.);
#366=B_SPLINE_CURVE_WITH_KNOTS('',3,(#6848,#6849,#6850,#6851),
 .UNSPECIFIED.,.F.,.F.,(4,4),(2.87874967899485E-7,0.000251714135828862),
 .UNSPECIFIED.);
#367=B_SPLINE_CURVE_WITH_KNOTS('',3,(#6852,#6853,#6854,#6855),
 .UNSPECIFIED.,.F.,.F.,(4,4),(2.86870041810042E-7,0.000251713130902774),
 .UNSPECIFIED.);
#368=B_SPLINE_CURVE_WITH_KNOTS('',3,(#6860,#6861,#6862,#6863),
 .UNSPECIFIED.,.F.,.F.,(4,4),(2.87874967899391E-7,0.000251714135828862),
 .UNSPECIFIED.);
#369=B_SPLINE_CURVE_WITH_KNOTS('',3,(#6864,#6865,#6866,#6867),
 .UNSPECIFIED.,.F.,.F.,(4,4),(2.86870041810134E-7,0.000251713130902774),
 .UNSPECIFIED.);
#370=B_SPLINE_CURVE_WITH_KNOTS('',3,(#6872,#6873,#6874,#6875),
 .UNSPECIFIED.,.F.,.F.,(4,4),(2.87874967899883E-7,0.000251714135828863),
 .UNSPECIFIED.);
#371=B_SPLINE_CURVE_WITH_KNOTS('',3,(#6876,#6877,#6878,#6879),
 .UNSPECIFIED.,.F.,.F.,(4,4),(2.86870041847288E-7,0.000251713130902811),
 .UNSPECIFIED.);
#372=B_SPLINE_CURVE_WITH_KNOTS('',3,(#6884,#6885,#6886,#6887),
 .UNSPECIFIED.,.F.,.F.,(4,4),(2.87874967887154E-7,0.00025171413582885),
 .UNSPECIFIED.);
#373=B_SPLINE_CURVE_WITH_KNOTS('',3,(#6888,#6889,#6890,#6891),
 .UNSPECIFIED.,.F.,.F.,(4,4),(2.86870041810174E-7,0.000251713130902774),
 .UNSPECIFIED.);
#374=B_SPLINE_CURVE_WITH_KNOTS('',3,(#6893,#6894,#6895,#6896),
 .UNSPECIFIED.,.F.,.F.,(4,4),(2.8687004192554E-7,0.00025171313090289),
 .UNSPECIFIED.);
#375=B_SPLINE_CURVE_WITH_KNOTS('',3,(#6900,#6901,#6902,#6903),
 .UNSPECIFIED.,.F.,.F.,(4,4),(2.87874967846938E-7,0.00025171413582881),
 .UNSPECIFIED.);
#376=B_SPLINE_CURVE_WITH_KNOTS('',3,(#6908,#6909,#6910,#6911),
 .UNSPECIFIED.,.F.,.F.,(4,4),(2.87874967899899E-7,0.000251714135828863),
 .UNSPECIFIED.);
#377=B_SPLINE_CURVE_WITH_KNOTS('',3,(#6912,#6913,#6914,#6915),
 .UNSPECIFIED.,.F.,.F.,(4,4),(2.86870041809651E-7,0.000251713130902774),
 .UNSPECIFIED.);
#378=B_SPLINE_CURVE_WITH_KNOTS('',3,(#6917,#6918,#6919,#6920),
 .UNSPECIFIED.,.F.,.F.,(4,4),(2.86870041809804E-7,0.000251713130902774),
 .UNSPECIFIED.);
#379=B_SPLINE_CURVE_WITH_KNOTS('',3,(#6924,#6925,#6926,#6927),
 .UNSPECIFIED.,.F.,.F.,(4,4),(2.87874967899927E-7,0.000251714135828863),
 .UNSPECIFIED.);
#380=B_SPLINE_CURVE_WITH_KNOTS('',3,(#6932,#6933,#6934,#6935),
 .UNSPECIFIED.,.F.,.F.,(4,4),(2.87874967899839E-7,0.000251714135828863),
 .UNSPECIFIED.);
#381=B_SPLINE_CURVE_WITH_KNOTS('',3,(#6936,#6937,#6938,#6939),
 .UNSPECIFIED.,.F.,.F.,(4,4),(2.86870041809664E-7,0.000251713130902774),
 .UNSPECIFIED.);
#382=B_SPLINE_CURVE_WITH_KNOTS('',3,(#6944,#6945,#6946,#6947),
 .UNSPECIFIED.,.F.,.F.,(4,4),(2.87874967899708E-7,0.000251714135828863),
 .UNSPECIFIED.);
#383=B_SPLINE_CURVE_WITH_KNOTS('',3,(#6948,#6949,#6950,#6951),
 .UNSPECIFIED.,.F.,.F.,(4,4),(3.0072644429245E-7,0.00025172698730526),
 .UNSPECIFIED.);
#384=B_SPLINE_CURVE_WITH_KNOTS('',3,(#6956,#6957,#6958,#6959),
 .UNSPECIFIED.,.F.,.F.,(4,4),(2.87874967899743E-7,0.000251714135828863),
 .UNSPECIFIED.);
#385=B_SPLINE_CURVE_WITH_KNOTS('',3,(#6960,#6961,#6962,#6963),
 .UNSPECIFIED.,.F.,.F.,(4,4),(2.86870041809723E-7,0.000251713130902774),
 .UNSPECIFIED.);
#386=B_SPLINE_CURVE_WITH_KNOTS('',3,(#6968,#6969,#6970,#6971),
 .UNSPECIFIED.,.F.,.F.,(4,4),(2.87874967900034E-7,0.000251714135828863),
 .UNSPECIFIED.);
#387=B_SPLINE_CURVE_WITH_KNOTS('',3,(#6972,#6973,#6974,#6975),
 .UNSPECIFIED.,.F.,.F.,(4,4),(2.8687004180953E-7,0.000251713130902774),
 .UNSPECIFIED.);
#388=B_SPLINE_CURVE_WITH_KNOTS('',3,(#6980,#6981,#6982,#6983),
 .UNSPECIFIED.,.F.,.F.,(4,4),(2.99739985271922E-7,0.000251726000846229),
 .UNSPECIFIED.);
#389=B_SPLINE_CURVE_WITH_KNOTS('',3,(#6984,#6985,#6986,#6987),
 .UNSPECIFIED.,.F.,.F.,(4,4),(2.86870041809645E-7,0.000251713130902774),
 .UNSPECIFIED.);
#390=B_SPLINE_CURVE_WITH_KNOTS('',3,(#6992,#6993,#6994,#6995),
 .UNSPECIFIED.,.F.,.F.,(4,4),(2.87874967899747E-7,0.000251714135828862),
 .UNSPECIFIED.);
#391=B_SPLINE_CURVE_WITH_KNOTS('',3,(#6996,#6997,#6998,#6999),
 .UNSPECIFIED.,.F.,.F.,(4,4),(2.86870041811578E-7,0.000251713130902776),
 .UNSPECIFIED.);
#392=B_SPLINE_CURVE_WITH_KNOTS('',3,(#7004,#7005,#7006,#7007),
 .UNSPECIFIED.,.F.,.F.,(4,4),(2.87874967900067E-7,0.000251714135828863),
 .UNSPECIFIED.);
#393=B_SPLINE_CURVE_WITH_KNOTS('',3,(#7008,#7009,#7010,#7011),
 .UNSPECIFIED.,.F.,.F.,(4,4),(2.86870041810004E-7,0.000251713130902774),
 .UNSPECIFIED.);
#394=B_SPLINE_CURVE_WITH_KNOTS('',3,(#7016,#7017,#7018,#7019),
 .UNSPECIFIED.,.F.,.F.,(4,4),(2.87874967899687E-7,0.000251714135828862),
 .UNSPECIFIED.);
#395=B_SPLINE_CURVE_WITH_KNOTS('',3,(#7020,#7021,#7022,#7023),
 .UNSPECIFIED.,.F.,.F.,(4,4),(2.86870041809874E-7,0.000251713130902774),
 .UNSPECIFIED.);
#396=B_SPLINE_CURVE_WITH_KNOTS('',3,(#7028,#7029,#7030,#7031),
 .UNSPECIFIED.,.F.,.F.,(4,4),(2.87874967899989E-7,0.000251714135828863),
 .UNSPECIFIED.);
#397=B_SPLINE_CURVE_WITH_KNOTS('',3,(#7032,#7033,#7034,#7035),
 .UNSPECIFIED.,.F.,.F.,(4,4),(2.8687004184725E-7,0.000251713130902811),
 .UNSPECIFIED.);
#398=B_SPLINE_CURVE_WITH_KNOTS('',3,(#7040,#7041,#7042,#7043),
 .UNSPECIFIED.,.F.,.F.,(4,4),(2.87874967887054E-7,0.00025171413582885),
 .UNSPECIFIED.);
#399=B_SPLINE_CURVE_WITH_KNOTS('',3,(#7044,#7045,#7046,#7047),
 .UNSPECIFIED.,.F.,.F.,(4,4),(2.86870041810079E-7,0.000251713130902774),
 .UNSPECIFIED.);
#400=B_SPLINE_CURVE_WITH_KNOTS('',3,(#7049,#7050,#7051,#7052),
 .UNSPECIFIED.,.F.,.F.,(4,4),(2.86870041925521E-7,0.000251713130902889),
 .UNSPECIFIED.);
#401=B_SPLINE_CURVE_WITH_KNOTS('',3,(#7056,#7057,#7058,#7059),
 .UNSPECIFIED.,.F.,.F.,(4,4),(2.87874967847195E-7,0.00025171413582881),
 .UNSPECIFIED.);
#402=B_SPLINE_CURVE_WITH_KNOTS('',3,(#7064,#7065,#7066,#7067),
 .UNSPECIFIED.,.F.,.F.,(4,4),(2.87874967899542E-7,0.000251714135828862),
 .UNSPECIFIED.);
#403=B_SPLINE_CURVE_WITH_KNOTS('',3,(#7068,#7069,#7070,#7071),
 .UNSPECIFIED.,.F.,.F.,(4,4),(2.86870041810011E-7,0.000251713130902774),
 .UNSPECIFIED.);
#404=B_SPLINE_CURVE_WITH_KNOTS('',3,(#7073,#7074,#7075,#7076),
 .UNSPECIFIED.,.F.,.F.,(4,4),(2.86870041810232E-7,0.000251713130902774),
 .UNSPECIFIED.);
#405=B_SPLINE_CURVE_WITH_KNOTS('',3,(#7080,#7081,#7082,#7083),
 .UNSPECIFIED.,.F.,.F.,(4,4),(2.87874967899644E-7,0.000251714135828862),
 .UNSPECIFIED.);
#406=B_SPLINE_CURVE_WITH_KNOTS('',3,(#7088,#7089,#7090,#7091),
 .UNSPECIFIED.,.F.,.F.,(4,4),(2.87874967899196E-7,0.000251714135828862),
 .UNSPECIFIED.);
#407=B_SPLINE_CURVE_WITH_KNOTS('',3,(#7092,#7093,#7094,#7095),
 .UNSPECIFIED.,.F.,.F.,(4,4),(2.86870041810276E-7,0.000251713130902774),
 .UNSPECIFIED.);
#408=B_SPLINE_CURVE_WITH_KNOTS('',3,(#7100,#7101,#7102,#7103),
 .UNSPECIFIED.,.F.,.F.,(4,4),(2.87874967899364E-7,0.000251714135828862),
 .UNSPECIFIED.);
#409=B_SPLINE_CURVE_WITH_KNOTS('',3,(#7104,#7105,#7106,#7107),
 .UNSPECIFIED.,.F.,.F.,(4,4),(3.0072644429111E-7,0.000251726987305259),
 .UNSPECIFIED.);
#410=B_SPLINE_CURVE_WITH_KNOTS('',3,(#7112,#7113,#7114,#7115),
 .UNSPECIFIED.,.F.,.F.,(4,4),(2.87874967899128E-7,0.000251714135828862),
 .UNSPECIFIED.);
#411=B_SPLINE_CURVE_WITH_KNOTS('',3,(#7116,#7117,#7118,#7119),
 .UNSPECIFIED.,.F.,.F.,(4,4),(2.86870041810177E-7,0.000251713130902774),
 .UNSPECIFIED.);
#412=B_SPLINE_CURVE_WITH_KNOTS('',3,(#7124,#7125,#7126,#7127),
 .UNSPECIFIED.,.F.,.F.,(4,4),(2.87874967899169E-7,0.000251714135828862),
 .UNSPECIFIED.);
#413=B_SPLINE_CURVE_WITH_KNOTS('',3,(#7128,#7129,#7130,#7131),
 .UNSPECIFIED.,.F.,.F.,(4,4),(2.86870041810454E-7,0.000251713130902774),
 .UNSPECIFIED.);
#414=B_SPLINE_CURVE_WITH_KNOTS('',3,(#7136,#7137,#7138,#7139),
 .UNSPECIFIED.,.F.,.F.,(4,4),(2.99739985274233E-7,0.000251726000846231),
 .UNSPECIFIED.);
#415=B_SPLINE_CURVE_WITH_KNOTS('',3,(#7140,#7141,#7142,#7143),
 .UNSPECIFIED.,.F.,.F.,(4,4),(2.86870041810834E-7,0.000251713130902775),
 .UNSPECIFIED.);
#416=B_SPLINE_CURVE_WITH_KNOTS('',3,(#7148,#7149,#7150,#7151),
 .UNSPECIFIED.,.F.,.F.,(4,4),(2.8787496789912E-7,0.000251714135828862),
 .UNSPECIFIED.);
#417=B_SPLINE_CURVE_WITH_KNOTS('',3,(#7152,#7153,#7154,#7155),
 .UNSPECIFIED.,.F.,.F.,(4,4),(2.86870041812715E-7,0.000251713130902777),
 .UNSPECIFIED.);
#418=B_SPLINE_CURVE_WITH_KNOTS('',3,(#7160,#7161,#7162,#7163),
 .UNSPECIFIED.,.F.,.F.,(4,4),(2.87874967899005E-7,0.000251714135828862),
 .UNSPECIFIED.);
#419=B_SPLINE_CURVE_WITH_KNOTS('',3,(#7164,#7165,#7166,#7167),
 .UNSPECIFIED.,.F.,.F.,(4,4),(2.86870041810721E-7,0.000251713130902775),
 .UNSPECIFIED.);
#420=B_SPLINE_CURVE_WITH_KNOTS('',3,(#7172,#7173,#7174,#7175),
 .UNSPECIFIED.,.F.,.F.,(4,4),(2.87874967898542E-7,0.000251714135828861),
 .UNSPECIFIED.);
#421=B_SPLINE_CURVE_WITH_KNOTS('',3,(#7176,#7177,#7178,#7179),
 .UNSPECIFIED.,.F.,.F.,(4,4),(2.86870041810876E-7,0.000251713130902775),
 .UNSPECIFIED.);
#422=B_SPLINE_CURVE_WITH_KNOTS('',3,(#7184,#7185,#7186,#7187),
 .UNSPECIFIED.,.F.,.F.,(4,4),(2.87874967898994E-7,0.000251714135828862),
 .UNSPECIFIED.);
#423=B_SPLINE_CURVE_WITH_KNOTS('',3,(#7188,#7189,#7190,#7191),
 .UNSPECIFIED.,.F.,.F.,(4,4),(2.86870041848247E-7,0.000251713130902812),
 .UNSPECIFIED.);
#424=B_SPLINE_CURVE_WITH_KNOTS('',3,(#7196,#7197,#7198,#7199),
 .UNSPECIFIED.,.F.,.F.,(4,4),(2.87874967886183E-7,0.000251714135828849),
 .UNSPECIFIED.);
#425=B_SPLINE_CURVE_WITH_KNOTS('',3,(#7200,#7201,#7202,#7203),
 .UNSPECIFIED.,.F.,.F.,(4,4),(2.86870041811203E-7,0.000251713130902775),
 .UNSPECIFIED.);
#426=B_SPLINE_CURVE_WITH_KNOTS('',3,(#7205,#7206,#7207,#7208),
 .UNSPECIFIED.,.F.,.F.,(4,4),(2.86870041926629E-7,0.000251713130902891),
 .UNSPECIFIED.);
#427=B_SPLINE_CURVE_WITH_KNOTS('',3,(#7212,#7213,#7214,#7215),
 .UNSPECIFIED.,.F.,.F.,(4,4),(2.87874967845926E-7,0.000251714135828809),
 .UNSPECIFIED.);
#428=B_SPLINE_CURVE_WITH_KNOTS('',3,(#7220,#7221,#7222,#7223),
 .UNSPECIFIED.,.F.,.F.,(4,4),(2.87874967898644E-7,0.000251714135828861),
 .UNSPECIFIED.);
#429=B_SPLINE_CURVE_WITH_KNOTS('',3,(#7224,#7225,#7226,#7227),
 .UNSPECIFIED.,.F.,.F.,(4,4),(2.8687004181131E-7,0.000251713130902775),
 .UNSPECIFIED.);
#430=B_SPLINE_CURVE_WITH_KNOTS('',3,(#7229,#7230,#7231,#7232),
 .UNSPECIFIED.,.F.,.F.,(4,4),(2.86870041811106E-7,0.000251713130902775),
 .UNSPECIFIED.);
#431=B_SPLINE_CURVE_WITH_KNOTS('',3,(#7236,#7237,#7238,#7239),
 .UNSPECIFIED.,.F.,.F.,(4,4),(2.87874967898701E-7,0.000251714135828861),
 .UNSPECIFIED.);
#432=B_SPLINE_CURVE_WITH_KNOTS('',3,(#7244,#7245,#7246,#7247),
 .UNSPECIFIED.,.F.,.F.,(4,4),(2.87874967898297E-7,0.000251714135828861),
 .UNSPECIFIED.);
#433=B_SPLINE_CURVE_WITH_KNOTS('',3,(#7248,#7249,#7250,#7251),
 .UNSPECIFIED.,.F.,.F.,(4,4),(2.8687004181127E-7,0.000251713130902775),
 .UNSPECIFIED.);
#434=B_SPLINE_CURVE_WITH_KNOTS('',3,(#7256,#7257,#7258,#7259),
 .UNSPECIFIED.,.F.,.F.,(4,4),(2.87874967898386E-7,0.000251714135828861),
 .UNSPECIFIED.);
#435=B_SPLINE_CURVE_WITH_KNOTS('',3,(#7260,#7261,#7262,#7263),
 .UNSPECIFIED.,.F.,.F.,(4,4),(3.00726444289155E-7,0.000251726987305266),
 .UNSPECIFIED.);
#436=CONICAL_SURFACE('',#4998,1.75000000000001,0.785398163397448);
#437=CONICAL_SURFACE('',#5000,1.75000000000001,0.785398163397448);
#438=CONICAL_SURFACE('',#5002,1.75000000000001,0.785398163397448);
#439=CONICAL_SURFACE('',#5004,1.75000000000001,0.785398163397448);
#440=CONICAL_SURFACE('',#5006,1.75000000000001,0.785398163397448);
#441=CONICAL_SURFACE('',#5008,1.75000000000001,0.785398163397448);
#442=CONICAL_SURFACE('',#5010,1.75000000000001,0.785398163397448);
#443=CONICAL_SURFACE('',#5012,1.75000000000001,0.785398163397448);
#444=CONICAL_SURFACE('',#5014,1.75000000000001,0.785398163397448);
#445=CONICAL_SURFACE('',#5016,1.75000000000001,0.785398163397448);
#446=CONICAL_SURFACE('',#5018,1.75000000000001,0.785398163397448);
#447=CONICAL_SURFACE('',#5020,1.75000000000001,0.785398163397448);
#448=CONICAL_SURFACE('',#5022,1.75000000000001,0.785398163397448);
#449=CONICAL_SURFACE('',#5024,1.75000000000001,0.785398163397448);
#450=CONICAL_SURFACE('',#5026,1.75000000000001,0.785398163397448);
#451=CONICAL_SURFACE('',#5028,1.75000000000001,0.785398163397448);
#452=CONICAL_SURFACE('',#5030,1.75000000000001,0.785398163397448);
#453=CONICAL_SURFACE('',#5032,1.75000000000001,0.785398163397448);
#454=CONICAL_SURFACE('',#5034,1.75000000000001,0.785398163397448);
#455=CONICAL_SURFACE('',#5036,1.75000000000001,0.785398163397448);
#456=CONICAL_SURFACE('',#5038,1.75000000000001,0.785398163397448);
#457=CONICAL_SURFACE('',#5040,1.75000000000001,0.785398163397448);
#458=CONICAL_SURFACE('',#5042,1.75000000000001,0.785398163397448);
#459=CONICAL_SURFACE('',#5044,1.75000000000001,0.785398163397448);
#460=CONICAL_SURFACE('',#5046,1.75000000000001,0.785398163397448);
#461=CONICAL_SURFACE('',#5048,1.75000000000001,0.785398163397448);
#462=CONICAL_SURFACE('',#5050,1.75000000000001,0.785398163397448);
#463=CONICAL_SURFACE('',#5052,1.75000000000001,0.785398163397448);
#464=CONICAL_SURFACE('',#5054,1.75000000000001,0.785398163397448);
#465=CONICAL_SURFACE('',#5056,1.75000000000001,0.785398163397448);
#466=CONICAL_SURFACE('',#5058,1.75000000000001,0.785398163397448);
#467=CONICAL_SURFACE('',#5060,1.75000000000001,0.785398163397448);
#468=CONICAL_SURFACE('',#5062,1.75000000000001,0.785398163397448);
#469=CONICAL_SURFACE('',#5064,1.75000000000001,0.785398163397448);
#470=CONICAL_SURFACE('',#5066,1.75000000000001,0.785398163397448);
#471=CONICAL_SURFACE('',#5068,1.75000000000001,0.785398163397448);
#472=CONICAL_SURFACE('',#5070,1.75000000000001,0.785398163397448);
#473=CONICAL_SURFACE('',#5072,1.75000000000001,0.785398163397448);
#474=CONICAL_SURFACE('',#5074,1.75000000000001,0.785398163397448);
#475=CONICAL_SURFACE('',#5076,1.75000000000001,0.785398163397448);
#476=CONICAL_SURFACE('',#5078,1.75000000000001,0.785398163397448);
#477=CONICAL_SURFACE('',#5080,1.75000000000001,0.785398163397448);
#478=CONICAL_SURFACE('',#5082,1.75000000000001,0.785398163397448);
#479=CONICAL_SURFACE('',#5084,1.75000000000001,0.785398163397448);
#480=CONICAL_SURFACE('',#5086,1.75000000000001,0.785398163397448);
#481=CONICAL_SURFACE('',#5088,1.75000000000001,0.785398163397448);
#482=CONICAL_SURFACE('',#5090,1.75000000000001,0.785398163397448);
#483=CONICAL_SURFACE('',#5092,1.75000000000001,0.785398163397448);
#484=CONICAL_SURFACE('',#5094,1.75000000000001,0.785398163397448);
#485=CONICAL_SURFACE('',#5096,1.75000000000001,0.785398163397448);
#486=CONICAL_SURFACE('',#5098,1.75000000000001,0.785398163397448);
#487=CONICAL_SURFACE('',#5100,1.75000000000001,0.785398163397448);
#488=TOROIDAL_SURFACE('',#4997,0.899999999999993,0.1);
#489=SPHERICAL_SURFACE('',#4996,2.24);
#490=SPHERICAL_SURFACE('',#5102,4.);
#491=CYLINDRICAL_SURFACE('',#4993,0.799999999999993);
#492=CYLINDRICAL_SURFACE('',#5263,1.75000000000001);
#493=CYLINDRICAL_SURFACE('',#5286,1.75000000000001);
#494=CYLINDRICAL_SURFACE('',#5287,1.75000000000001);
#495=CYLINDRICAL_SURFACE('',#5288,1.75000000000001);
#496=CYLINDRICAL_SURFACE('',#5289,1.75000000000001);
#497=CYLINDRICAL_SURFACE('',#5290,1.75000000000001);
#498=CYLINDRICAL_SURFACE('',#5291,1.75000000000001);
#499=CYLINDRICAL_SURFACE('',#5292,1.75000000000001);
#500=CYLINDRICAL_SURFACE('',#5293,1.75000000000001);
#501=CYLINDRICAL_SURFACE('',#5294,1.75000000000001);
#502=CYLINDRICAL_SURFACE('',#5295,1.75000000000001);
#503=CYLINDRICAL_SURFACE('',#5300,1.75000000000001);
#504=CYLINDRICAL_SURFACE('',#5323,1.75000000000001);
#505=CYLINDRICAL_SURFACE('',#5324,1.75000000000001);
#506=CYLINDRICAL_SURFACE('',#5325,1.75000000000001);
#507=CYLINDRICAL_SURFACE('',#5326,1.75000000000001);
#508=CYLINDRICAL_SURFACE('',#5327,1.75000000000001);
#509=CYLINDRICAL_SURFACE('',#5328,1.75000000000001);
#510=CYLINDRICAL_SURFACE('',#5329,1.75000000000001);
#511=CYLINDRICAL_SURFACE('',#5330,1.75000000000001);
#512=CYLINDRICAL_SURFACE('',#5331,1.75000000000001);
#513=CYLINDRICAL_SURFACE('',#5332,1.75000000000001);
#514=CYLINDRICAL_SURFACE('',#5337,1.75000000000001);
#515=CYLINDRICAL_SURFACE('',#5360,1.75000000000001);
#516=CYLINDRICAL_SURFACE('',#5361,1.75000000000001);
#517=CYLINDRICAL_SURFACE('',#5362,1.75000000000001);
#518=CYLINDRICAL_SURFACE('',#5363,1.75000000000001);
#519=CYLINDRICAL_SURFACE('',#5364,1.75000000000001);
#520=CYLINDRICAL_SURFACE('',#5365,1.75000000000001);
#521=CYLINDRICAL_SURFACE('',#5366,1.75000000000001);
#522=CYLINDRICAL_SURFACE('',#5367,1.75000000000001);
#523=CYLINDRICAL_SURFACE('',#5368,1.75000000000001);
#524=CYLINDRICAL_SURFACE('',#5369,1.75000000000001);
#525=CYLINDRICAL_SURFACE('',#5374,1.75000000000001);
#526=CYLINDRICAL_SURFACE('',#5389,1.75000000000001);
#527=CYLINDRICAL_SURFACE('',#5390,1.75000000000001);
#528=CYLINDRICAL_SURFACE('',#5391,1.75000000000001);
#529=CYLINDRICAL_SURFACE('',#5392,1.75000000000001);
#530=CYLINDRICAL_SURFACE('',#5393,1.75000000000001);
#531=CYLINDRICAL_SURFACE('',#5394,1.75000000000001);
#532=CYLINDRICAL_SURFACE('',#5403,1.75000000000001);
#533=CYLINDRICAL_SURFACE('',#5404,1.75000000000001);
#534=CYLINDRICAL_SURFACE('',#5405,1.75000000000001);
#535=CYLINDRICAL_SURFACE('',#5406,1.75000000000001);
#536=CYLINDRICAL_SURFACE('',#5407,1.75000000000001);
#537=CYLINDRICAL_SURFACE('',#5408,1.75000000000001);
#538=CYLINDRICAL_SURFACE('',#5409,1.75000000000001);
#539=CYLINDRICAL_SURFACE('',#5410,1.75000000000001);
#540=CYLINDRICAL_SURFACE('',#5411,1.75000000000001);
#541=CYLINDRICAL_SURFACE('',#5412,1.75000000000001);
#542=CYLINDRICAL_SURFACE('',#5413,1.75000000000001);
#543=CYLINDRICAL_SURFACE('',#5414,1.75000000000001);
#544=ORIENTED_EDGE('',*,*,#1590,.T.);
#545=ORIENTED_EDGE('',*,*,#1591,.F.);
#546=ORIENTED_EDGE('',*,*,#1592,.F.);
#547=ORIENTED_EDGE('',*,*,#1593,.F.);
#548=ORIENTED_EDGE('',*,*,#1594,.F.);
#549=ORIENTED_EDGE('',*,*,#1595,.F.);
#550=ORIENTED_EDGE('',*,*,#1596,.F.);
#551=ORIENTED_EDGE('',*,*,#1597,.F.);
#552=ORIENTED_EDGE('',*,*,#1598,.F.);
#553=ORIENTED_EDGE('',*,*,#1599,.F.);
#554=ORIENTED_EDGE('',*,*,#1600,.F.);
#555=ORIENTED_EDGE('',*,*,#1601,.F.);
#556=ORIENTED_EDGE('',*,*,#1602,.F.);
#557=ORIENTED_EDGE('',*,*,#1603,.F.);
#558=ORIENTED_EDGE('',*,*,#1604,.F.);
#559=ORIENTED_EDGE('',*,*,#1605,.F.);
#560=ORIENTED_EDGE('',*,*,#1606,.F.);
#561=ORIENTED_EDGE('',*,*,#1607,.F.);
#562=ORIENTED_EDGE('',*,*,#1608,.F.);
#563=ORIENTED_EDGE('',*,*,#1609,.F.);
#564=ORIENTED_EDGE('',*,*,#1610,.F.);
#565=ORIENTED_EDGE('',*,*,#1611,.F.);
#566=ORIENTED_EDGE('',*,*,#1612,.F.);
#567=ORIENTED_EDGE('',*,*,#1613,.F.);
#568=ORIENTED_EDGE('',*,*,#1614,.F.);
#569=ORIENTED_EDGE('',*,*,#1615,.F.);
#570=ORIENTED_EDGE('',*,*,#1616,.F.);
#571=ORIENTED_EDGE('',*,*,#1617,.F.);
#572=ORIENTED_EDGE('',*,*,#1618,.F.);
#573=ORIENTED_EDGE('',*,*,#1619,.F.);
#574=ORIENTED_EDGE('',*,*,#1620,.F.);
#575=ORIENTED_EDGE('',*,*,#1621,.F.);
#576=ORIENTED_EDGE('',*,*,#1622,.F.);
#577=ORIENTED_EDGE('',*,*,#1623,.F.);
#578=ORIENTED_EDGE('',*,*,#1624,.F.);
#579=ORIENTED_EDGE('',*,*,#1625,.F.);
#580=ORIENTED_EDGE('',*,*,#1626,.F.);
#581=ORIENTED_EDGE('',*,*,#1627,.F.);
#582=ORIENTED_EDGE('',*,*,#1628,.F.);
#583=ORIENTED_EDGE('',*,*,#1629,.F.);
#584=ORIENTED_EDGE('',*,*,#1630,.F.);
#585=ORIENTED_EDGE('',*,*,#1631,.F.);
#586=ORIENTED_EDGE('',*,*,#1632,.F.);
#587=ORIENTED_EDGE('',*,*,#1633,.F.);
#588=ORIENTED_EDGE('',*,*,#1634,.F.);
#589=ORIENTED_EDGE('',*,*,#1635,.F.);
#590=ORIENTED_EDGE('',*,*,#1636,.F.);
#591=ORIENTED_EDGE('',*,*,#1637,.F.);
#592=ORIENTED_EDGE('',*,*,#1638,.F.);
#593=ORIENTED_EDGE('',*,*,#1639,.F.);
#594=ORIENTED_EDGE('',*,*,#1640,.F.);
#595=ORIENTED_EDGE('',*,*,#1641,.F.);
#596=ORIENTED_EDGE('',*,*,#1642,.F.);
#597=ORIENTED_EDGE('',*,*,#1643,.T.);
#598=ORIENTED_EDGE('',*,*,#1644,.T.);
#599=ORIENTED_EDGE('',*,*,#1644,.F.);
#600=ORIENTED_EDGE('',*,*,#1643,.F.);
#601=ORIENTED_EDGE('',*,*,#1590,.F.);
#602=ORIENTED_EDGE('',*,*,#1645,.F.);
#603=ORIENTED_EDGE('',*,*,#1646,.F.);
#604=ORIENTED_EDGE('',*,*,#1591,.T.);
#605=ORIENTED_EDGE('',*,*,#1647,.F.);
#606=ORIENTED_EDGE('',*,*,#1592,.T.);
#607=ORIENTED_EDGE('',*,*,#1648,.F.);
#608=ORIENTED_EDGE('',*,*,#1649,.F.);
#609=ORIENTED_EDGE('',*,*,#1650,.F.);
#610=ORIENTED_EDGE('',*,*,#1651,.F.);
#611=ORIENTED_EDGE('',*,*,#1652,.F.);
#612=ORIENTED_EDGE('',*,*,#1642,.T.);
#613=ORIENTED_EDGE('',*,*,#1653,.F.);
#614=ORIENTED_EDGE('',*,*,#1654,.F.);
#615=ORIENTED_EDGE('',*,*,#1655,.F.);
#616=ORIENTED_EDGE('',*,*,#1641,.T.);
#617=ORIENTED_EDGE('',*,*,#1656,.F.);
#618=ORIENTED_EDGE('',*,*,#1657,.F.);
#619=ORIENTED_EDGE('',*,*,#1658,.F.);
#620=ORIENTED_EDGE('',*,*,#1640,.T.);
#621=ORIENTED_EDGE('',*,*,#1659,.F.);
#622=ORIENTED_EDGE('',*,*,#1660,.F.);
#623=ORIENTED_EDGE('',*,*,#1661,.F.);
#624=ORIENTED_EDGE('',*,*,#1639,.T.);
#625=ORIENTED_EDGE('',*,*,#1662,.F.);
#626=ORIENTED_EDGE('',*,*,#1663,.F.);
#627=ORIENTED_EDGE('',*,*,#1664,.F.);
#628=ORIENTED_EDGE('',*,*,#1638,.T.);
#629=ORIENTED_EDGE('',*,*,#1665,.F.);
#630=ORIENTED_EDGE('',*,*,#1666,.F.);
#631=ORIENTED_EDGE('',*,*,#1667,.F.);
#632=ORIENTED_EDGE('',*,*,#1636,.T.);
#633=ORIENTED_EDGE('',*,*,#1668,.F.);
#634=ORIENTED_EDGE('',*,*,#1637,.T.);
#635=ORIENTED_EDGE('',*,*,#1669,.F.);
#636=ORIENTED_EDGE('',*,*,#1670,.F.);
#637=ORIENTED_EDGE('',*,*,#1671,.F.);
#638=ORIENTED_EDGE('',*,*,#1672,.F.);
#639=ORIENTED_EDGE('',*,*,#1673,.F.);
#640=ORIENTED_EDGE('',*,*,#1634,.T.);
#641=ORIENTED_EDGE('',*,*,#1674,.F.);
#642=ORIENTED_EDGE('',*,*,#1635,.T.);
#643=ORIENTED_EDGE('',*,*,#1675,.F.);
#644=ORIENTED_EDGE('',*,*,#1676,.F.);
#645=ORIENTED_EDGE('',*,*,#1677,.F.);
#646=ORIENTED_EDGE('',*,*,#1678,.F.);
#647=ORIENTED_EDGE('',*,*,#1679,.F.);
#648=ORIENTED_EDGE('',*,*,#1633,.T.);
#649=ORIENTED_EDGE('',*,*,#1680,.F.);
#650=ORIENTED_EDGE('',*,*,#1681,.F.);
#651=ORIENTED_EDGE('',*,*,#1682,.F.);
#652=ORIENTED_EDGE('',*,*,#1632,.T.);
#653=ORIENTED_EDGE('',*,*,#1683,.F.);
#654=ORIENTED_EDGE('',*,*,#1684,.F.);
#655=ORIENTED_EDGE('',*,*,#1685,.F.);
#656=ORIENTED_EDGE('',*,*,#1631,.T.);
#657=ORIENTED_EDGE('',*,*,#1686,.F.);
#658=ORIENTED_EDGE('',*,*,#1687,.F.);
#659=ORIENTED_EDGE('',*,*,#1688,.F.);
#660=ORIENTED_EDGE('',*,*,#1630,.T.);
#661=ORIENTED_EDGE('',*,*,#1689,.F.);
#662=ORIENTED_EDGE('',*,*,#1690,.F.);
#663=ORIENTED_EDGE('',*,*,#1691,.F.);
#664=ORIENTED_EDGE('',*,*,#1629,.T.);
#665=ORIENTED_EDGE('',*,*,#1692,.F.);
#666=ORIENTED_EDGE('',*,*,#1693,.F.);
#667=ORIENTED_EDGE('',*,*,#1694,.F.);
#668=ORIENTED_EDGE('',*,*,#1628,.T.);
#669=ORIENTED_EDGE('',*,*,#1695,.F.);
#670=ORIENTED_EDGE('',*,*,#1696,.F.);
#671=ORIENTED_EDGE('',*,*,#1697,.F.);
#672=ORIENTED_EDGE('',*,*,#1627,.T.);
#673=ORIENTED_EDGE('',*,*,#1698,.F.);
#674=ORIENTED_EDGE('',*,*,#1699,.F.);
#675=ORIENTED_EDGE('',*,*,#1700,.F.);
#676=ORIENTED_EDGE('',*,*,#1626,.T.);
#677=ORIENTED_EDGE('',*,*,#1701,.F.);
#678=ORIENTED_EDGE('',*,*,#1702,.F.);
#679=ORIENTED_EDGE('',*,*,#1703,.F.);
#680=ORIENTED_EDGE('',*,*,#1625,.T.);
#681=ORIENTED_EDGE('',*,*,#1704,.F.);
#682=ORIENTED_EDGE('',*,*,#1705,.F.);
#683=ORIENTED_EDGE('',*,*,#1706,.F.);
#684=ORIENTED_EDGE('',*,*,#1623,.T.);
#685=ORIENTED_EDGE('',*,*,#1707,.F.);
#686=ORIENTED_EDGE('',*,*,#1624,.T.);
#687=ORIENTED_EDGE('',*,*,#1708,.F.);
#688=ORIENTED_EDGE('',*,*,#1709,.F.);
#689=ORIENTED_EDGE('',*,*,#1710,.F.);
#690=ORIENTED_EDGE('',*,*,#1711,.F.);
#691=ORIENTED_EDGE('',*,*,#1712,.F.);
#692=ORIENTED_EDGE('',*,*,#1621,.T.);
#693=ORIENTED_EDGE('',*,*,#1713,.F.);
#694=ORIENTED_EDGE('',*,*,#1622,.T.);
#695=ORIENTED_EDGE('',*,*,#1714,.F.);
#696=ORIENTED_EDGE('',*,*,#1715,.F.);
#697=ORIENTED_EDGE('',*,*,#1716,.F.);
#698=ORIENTED_EDGE('',*,*,#1717,.F.);
#699=ORIENTED_EDGE('',*,*,#1718,.F.);
#700=ORIENTED_EDGE('',*,*,#1620,.T.);
#701=ORIENTED_EDGE('',*,*,#1719,.F.);
#702=ORIENTED_EDGE('',*,*,#1720,.F.);
#703=ORIENTED_EDGE('',*,*,#1721,.F.);
#704=ORIENTED_EDGE('',*,*,#1619,.T.);
#705=ORIENTED_EDGE('',*,*,#1722,.F.);
#706=ORIENTED_EDGE('',*,*,#1723,.F.);
#707=ORIENTED_EDGE('',*,*,#1724,.F.);
#708=ORIENTED_EDGE('',*,*,#1618,.T.);
#709=ORIENTED_EDGE('',*,*,#1725,.F.);
#710=ORIENTED_EDGE('',*,*,#1726,.F.);
#711=ORIENTED_EDGE('',*,*,#1727,.F.);
#712=ORIENTED_EDGE('',*,*,#1617,.T.);
#713=ORIENTED_EDGE('',*,*,#1728,.F.);
#714=ORIENTED_EDGE('',*,*,#1729,.F.);
#715=ORIENTED_EDGE('',*,*,#1730,.F.);
#716=ORIENTED_EDGE('',*,*,#1616,.T.);
#717=ORIENTED_EDGE('',*,*,#1731,.F.);
#718=ORIENTED_EDGE('',*,*,#1732,.F.);
#719=ORIENTED_EDGE('',*,*,#1733,.F.);
#720=ORIENTED_EDGE('',*,*,#1615,.T.);
#721=ORIENTED_EDGE('',*,*,#1734,.F.);
#722=ORIENTED_EDGE('',*,*,#1735,.F.);
#723=ORIENTED_EDGE('',*,*,#1736,.F.);
#724=ORIENTED_EDGE('',*,*,#1614,.T.);
#725=ORIENTED_EDGE('',*,*,#1737,.F.);
#726=ORIENTED_EDGE('',*,*,#1738,.F.);
#727=ORIENTED_EDGE('',*,*,#1739,.F.);
#728=ORIENTED_EDGE('',*,*,#1613,.T.);
#729=ORIENTED_EDGE('',*,*,#1740,.F.);
#730=ORIENTED_EDGE('',*,*,#1741,.F.);
#731=ORIENTED_EDGE('',*,*,#1742,.F.);
#732=ORIENTED_EDGE('',*,*,#1612,.T.);
#733=ORIENTED_EDGE('',*,*,#1743,.F.);
#734=ORIENTED_EDGE('',*,*,#1744,.F.);
#735=ORIENTED_EDGE('',*,*,#1745,.F.);
#736=ORIENTED_EDGE('',*,*,#1610,.T.);
#737=ORIENTED_EDGE('',*,*,#1746,.F.);
#738=ORIENTED_EDGE('',*,*,#1611,.T.);
#739=ORIENTED_EDGE('',*,*,#1747,.F.);
#740=ORIENTED_EDGE('',*,*,#1748,.F.);
#741=ORIENTED_EDGE('',*,*,#1749,.F.);
#742=ORIENTED_EDGE('',*,*,#1750,.F.);
#743=ORIENTED_EDGE('',*,*,#1751,.F.);
#744=ORIENTED_EDGE('',*,*,#1608,.T.);
#745=ORIENTED_EDGE('',*,*,#1752,.F.);
#746=ORIENTED_EDGE('',*,*,#1609,.T.);
#747=ORIENTED_EDGE('',*,*,#1753,.F.);
#748=ORIENTED_EDGE('',*,*,#1754,.F.);
#749=ORIENTED_EDGE('',*,*,#1755,.F.);
#750=ORIENTED_EDGE('',*,*,#1756,.F.);
#751=ORIENTED_EDGE('',*,*,#1757,.F.);
#752=ORIENTED_EDGE('',*,*,#1607,.T.);
#753=ORIENTED_EDGE('',*,*,#1758,.F.);
#754=ORIENTED_EDGE('',*,*,#1759,.F.);
#755=ORIENTED_EDGE('',*,*,#1760,.F.);
#756=ORIENTED_EDGE('',*,*,#1606,.T.);
#757=ORIENTED_EDGE('',*,*,#1761,.F.);
#758=ORIENTED_EDGE('',*,*,#1762,.F.);
#759=ORIENTED_EDGE('',*,*,#1763,.F.);
#760=ORIENTED_EDGE('',*,*,#1605,.T.);
#761=ORIENTED_EDGE('',*,*,#1764,.F.);
#762=ORIENTED_EDGE('',*,*,#1765,.F.);
#763=ORIENTED_EDGE('',*,*,#1766,.F.);
#764=ORIENTED_EDGE('',*,*,#1604,.T.);
#765=ORIENTED_EDGE('',*,*,#1767,.F.);
#766=ORIENTED_EDGE('',*,*,#1768,.F.);
#767=ORIENTED_EDGE('',*,*,#1769,.F.);
#768=ORIENTED_EDGE('',*,*,#1603,.T.);
#769=ORIENTED_EDGE('',*,*,#1770,.F.);
#770=ORIENTED_EDGE('',*,*,#1771,.F.);
#771=ORIENTED_EDGE('',*,*,#1772,.F.);
#772=ORIENTED_EDGE('',*,*,#1602,.T.);
#773=ORIENTED_EDGE('',*,*,#1773,.F.);
#774=ORIENTED_EDGE('',*,*,#1774,.F.);
#775=ORIENTED_EDGE('',*,*,#1775,.F.);
#776=ORIENTED_EDGE('',*,*,#1601,.T.);
#777=ORIENTED_EDGE('',*,*,#1776,.F.);
#778=ORIENTED_EDGE('',*,*,#1777,.F.);
#779=ORIENTED_EDGE('',*,*,#1778,.F.);
#780=ORIENTED_EDGE('',*,*,#1600,.T.);
#781=ORIENTED_EDGE('',*,*,#1779,.F.);
#782=ORIENTED_EDGE('',*,*,#1780,.F.);
#783=ORIENTED_EDGE('',*,*,#1781,.F.);
#784=ORIENTED_EDGE('',*,*,#1599,.T.);
#785=ORIENTED_EDGE('',*,*,#1782,.F.);
#786=ORIENTED_EDGE('',*,*,#1783,.F.);
#787=ORIENTED_EDGE('',*,*,#1784,.F.);
#788=ORIENTED_EDGE('',*,*,#1597,.T.);
#789=ORIENTED_EDGE('',*,*,#1785,.F.);
#790=ORIENTED_EDGE('',*,*,#1598,.T.);
#791=ORIENTED_EDGE('',*,*,#1786,.F.);
#792=ORIENTED_EDGE('',*,*,#1787,.F.);
#793=ORIENTED_EDGE('',*,*,#1788,.F.);
#794=ORIENTED_EDGE('',*,*,#1789,.F.);
#795=ORIENTED_EDGE('',*,*,#1790,.F.);
#796=ORIENTED_EDGE('',*,*,#1595,.T.);
#797=ORIENTED_EDGE('',*,*,#1791,.F.);
#798=ORIENTED_EDGE('',*,*,#1596,.T.);
#799=ORIENTED_EDGE('',*,*,#1792,.F.);
#800=ORIENTED_EDGE('',*,*,#1793,.F.);
#801=ORIENTED_EDGE('',*,*,#1794,.F.);
#802=ORIENTED_EDGE('',*,*,#1795,.F.);
#803=ORIENTED_EDGE('',*,*,#1796,.F.);
#804=ORIENTED_EDGE('',*,*,#1594,.T.);
#805=ORIENTED_EDGE('',*,*,#1797,.F.);
#806=ORIENTED_EDGE('',*,*,#1798,.F.);
#807=ORIENTED_EDGE('',*,*,#1799,.F.);
#808=ORIENTED_EDGE('',*,*,#1593,.T.);
#809=ORIENTED_EDGE('',*,*,#1800,.F.);
#810=ORIENTED_EDGE('',*,*,#1801,.T.);
#811=ORIENTED_EDGE('',*,*,#1802,.T.);
#812=ORIENTED_EDGE('',*,*,#1803,.T.);
#813=ORIENTED_EDGE('',*,*,#1804,.T.);
#814=ORIENTED_EDGE('',*,*,#1805,.T.);
#815=ORIENTED_EDGE('',*,*,#1806,.T.);
#816=ORIENTED_EDGE('',*,*,#1807,.T.);
#817=ORIENTED_EDGE('',*,*,#1808,.T.);
#818=ORIENTED_EDGE('',*,*,#1809,.T.);
#819=ORIENTED_EDGE('',*,*,#1810,.T.);
#820=ORIENTED_EDGE('',*,*,#1811,.T.);
#821=ORIENTED_EDGE('',*,*,#1812,.T.);
#822=ORIENTED_EDGE('',*,*,#1813,.T.);
#823=ORIENTED_EDGE('',*,*,#1814,.T.);
#824=ORIENTED_EDGE('',*,*,#1815,.T.);
#825=ORIENTED_EDGE('',*,*,#1816,.T.);
#826=ORIENTED_EDGE('',*,*,#1817,.T.);
#827=ORIENTED_EDGE('',*,*,#1818,.T.);
#828=ORIENTED_EDGE('',*,*,#1819,.T.);
#829=ORIENTED_EDGE('',*,*,#1820,.T.);
#830=ORIENTED_EDGE('',*,*,#1821,.T.);
#831=ORIENTED_EDGE('',*,*,#1822,.T.);
#832=ORIENTED_EDGE('',*,*,#1823,.T.);
#833=ORIENTED_EDGE('',*,*,#1824,.T.);
#834=ORIENTED_EDGE('',*,*,#1825,.T.);
#835=ORIENTED_EDGE('',*,*,#1826,.T.);
#836=ORIENTED_EDGE('',*,*,#1827,.T.);
#837=ORIENTED_EDGE('',*,*,#1828,.T.);
#838=ORIENTED_EDGE('',*,*,#1829,.T.);
#839=ORIENTED_EDGE('',*,*,#1830,.T.);
#840=ORIENTED_EDGE('',*,*,#1831,.T.);
#841=ORIENTED_EDGE('',*,*,#1832,.T.);
#842=ORIENTED_EDGE('',*,*,#1833,.T.);
#843=ORIENTED_EDGE('',*,*,#1834,.T.);
#844=ORIENTED_EDGE('',*,*,#1835,.T.);
#845=ORIENTED_EDGE('',*,*,#1836,.T.);
#846=ORIENTED_EDGE('',*,*,#1837,.T.);
#847=ORIENTED_EDGE('',*,*,#1838,.T.);
#848=ORIENTED_EDGE('',*,*,#1839,.T.);
#849=ORIENTED_EDGE('',*,*,#1840,.T.);
#850=ORIENTED_EDGE('',*,*,#1841,.T.);
#851=ORIENTED_EDGE('',*,*,#1842,.T.);
#852=ORIENTED_EDGE('',*,*,#1843,.T.);
#853=ORIENTED_EDGE('',*,*,#1844,.T.);
#854=ORIENTED_EDGE('',*,*,#1845,.T.);
#855=ORIENTED_EDGE('',*,*,#1846,.T.);
#856=ORIENTED_EDGE('',*,*,#1847,.T.);
#857=ORIENTED_EDGE('',*,*,#1848,.T.);
#858=ORIENTED_EDGE('',*,*,#1849,.T.);
#859=ORIENTED_EDGE('',*,*,#1850,.T.);
#860=ORIENTED_EDGE('',*,*,#1851,.T.);
#861=ORIENTED_EDGE('',*,*,#1852,.T.);
#862=ORIENTED_EDGE('',*,*,#1853,.T.);
#863=ORIENTED_EDGE('',*,*,#1854,.T.);
#864=ORIENTED_EDGE('',*,*,#1855,.T.);
#865=ORIENTED_EDGE('',*,*,#1856,.T.);
#866=ORIENTED_EDGE('',*,*,#1857,.T.);
#867=ORIENTED_EDGE('',*,*,#1858,.T.);
#868=ORIENTED_EDGE('',*,*,#1859,.T.);
#869=ORIENTED_EDGE('',*,*,#1860,.T.);
#870=ORIENTED_EDGE('',*,*,#1861,.T.);
#871=ORIENTED_EDGE('',*,*,#1862,.T.);
#872=ORIENTED_EDGE('',*,*,#1863,.T.);
#873=ORIENTED_EDGE('',*,*,#1864,.T.);
#874=ORIENTED_EDGE('',*,*,#1865,.T.);
#875=ORIENTED_EDGE('',*,*,#1866,.T.);
#876=ORIENTED_EDGE('',*,*,#1867,.T.);
#877=ORIENTED_EDGE('',*,*,#1868,.T.);
#878=ORIENTED_EDGE('',*,*,#1869,.T.);
#879=ORIENTED_EDGE('',*,*,#1870,.T.);
#880=ORIENTED_EDGE('',*,*,#1871,.T.);
#881=ORIENTED_EDGE('',*,*,#1872,.T.);
#882=ORIENTED_EDGE('',*,*,#1873,.T.);
#883=ORIENTED_EDGE('',*,*,#1874,.T.);
#884=ORIENTED_EDGE('',*,*,#1875,.T.);
#885=ORIENTED_EDGE('',*,*,#1876,.T.);
#886=ORIENTED_EDGE('',*,*,#1877,.T.);
#887=ORIENTED_EDGE('',*,*,#1878,.T.);
#888=ORIENTED_EDGE('',*,*,#1879,.T.);
#889=ORIENTED_EDGE('',*,*,#1880,.T.);
#890=ORIENTED_EDGE('',*,*,#1881,.T.);
#891=ORIENTED_EDGE('',*,*,#1882,.T.);
#892=ORIENTED_EDGE('',*,*,#1883,.T.);
#893=ORIENTED_EDGE('',*,*,#1884,.T.);
#894=ORIENTED_EDGE('',*,*,#1885,.T.);
#895=ORIENTED_EDGE('',*,*,#1886,.T.);
#896=ORIENTED_EDGE('',*,*,#1887,.T.);
#897=ORIENTED_EDGE('',*,*,#1888,.T.);
#898=ORIENTED_EDGE('',*,*,#1889,.T.);
#899=ORIENTED_EDGE('',*,*,#1890,.T.);
#900=ORIENTED_EDGE('',*,*,#1891,.T.);
#901=ORIENTED_EDGE('',*,*,#1892,.T.);
#902=ORIENTED_EDGE('',*,*,#1893,.T.);
#903=ORIENTED_EDGE('',*,*,#1894,.T.);
#904=ORIENTED_EDGE('',*,*,#1895,.T.);
#905=ORIENTED_EDGE('',*,*,#1896,.T.);
#906=ORIENTED_EDGE('',*,*,#1897,.T.);
#907=ORIENTED_EDGE('',*,*,#1898,.T.);
#908=ORIENTED_EDGE('',*,*,#1899,.T.);
#909=ORIENTED_EDGE('',*,*,#1900,.T.);
#910=ORIENTED_EDGE('',*,*,#1901,.T.);
#911=ORIENTED_EDGE('',*,*,#1902,.T.);
#912=ORIENTED_EDGE('',*,*,#1903,.T.);
#913=ORIENTED_EDGE('',*,*,#1904,.T.);
#914=ORIENTED_EDGE('',*,*,#1905,.T.);
#915=ORIENTED_EDGE('',*,*,#1906,.T.);
#916=ORIENTED_EDGE('',*,*,#1907,.T.);
#917=ORIENTED_EDGE('',*,*,#1908,.T.);
#918=ORIENTED_EDGE('',*,*,#1909,.T.);
#919=ORIENTED_EDGE('',*,*,#1910,.T.);
#920=ORIENTED_EDGE('',*,*,#1911,.T.);
#921=ORIENTED_EDGE('',*,*,#1912,.T.);
#922=ORIENTED_EDGE('',*,*,#1913,.T.);
#923=ORIENTED_EDGE('',*,*,#1914,.T.);
#924=ORIENTED_EDGE('',*,*,#1915,.T.);
#925=ORIENTED_EDGE('',*,*,#1916,.T.);
#926=ORIENTED_EDGE('',*,*,#1917,.T.);
#927=ORIENTED_EDGE('',*,*,#1918,.T.);
#928=ORIENTED_EDGE('',*,*,#1919,.T.);
#929=ORIENTED_EDGE('',*,*,#1920,.T.);
#930=ORIENTED_EDGE('',*,*,#1921,.T.);
#931=ORIENTED_EDGE('',*,*,#1922,.T.);
#932=ORIENTED_EDGE('',*,*,#1923,.T.);
#933=ORIENTED_EDGE('',*,*,#1924,.T.);
#934=ORIENTED_EDGE('',*,*,#1925,.T.);
#935=ORIENTED_EDGE('',*,*,#1926,.T.);
#936=ORIENTED_EDGE('',*,*,#1927,.T.);
#937=ORIENTED_EDGE('',*,*,#1928,.T.);
#938=ORIENTED_EDGE('',*,*,#1929,.T.);
#939=ORIENTED_EDGE('',*,*,#1930,.T.);
#940=ORIENTED_EDGE('',*,*,#1931,.T.);
#941=ORIENTED_EDGE('',*,*,#1932,.T.);
#942=ORIENTED_EDGE('',*,*,#1933,.T.);
#943=ORIENTED_EDGE('',*,*,#1934,.T.);
#944=ORIENTED_EDGE('',*,*,#1935,.T.);
#945=ORIENTED_EDGE('',*,*,#1936,.T.);
#946=ORIENTED_EDGE('',*,*,#1937,.T.);
#947=ORIENTED_EDGE('',*,*,#1938,.T.);
#948=ORIENTED_EDGE('',*,*,#1939,.T.);
#949=ORIENTED_EDGE('',*,*,#1940,.T.);
#950=ORIENTED_EDGE('',*,*,#1941,.T.);
#951=ORIENTED_EDGE('',*,*,#1942,.T.);
#952=ORIENTED_EDGE('',*,*,#1943,.T.);
#953=ORIENTED_EDGE('',*,*,#1944,.T.);
#954=ORIENTED_EDGE('',*,*,#1945,.T.);
#955=ORIENTED_EDGE('',*,*,#1946,.T.);
#956=ORIENTED_EDGE('',*,*,#1947,.T.);
#957=ORIENTED_EDGE('',*,*,#1948,.T.);
#958=ORIENTED_EDGE('',*,*,#1949,.T.);
#959=ORIENTED_EDGE('',*,*,#1950,.T.);
#960=ORIENTED_EDGE('',*,*,#1951,.T.);
#961=ORIENTED_EDGE('',*,*,#1952,.T.);
#962=ORIENTED_EDGE('',*,*,#1953,.T.);
#963=ORIENTED_EDGE('',*,*,#1954,.T.);
#964=ORIENTED_EDGE('',*,*,#1955,.T.);
#965=ORIENTED_EDGE('',*,*,#1956,.T.);
#966=ORIENTED_EDGE('',*,*,#1957,.T.);
#967=ORIENTED_EDGE('',*,*,#1794,.T.);
#968=ORIENTED_EDGE('',*,*,#1958,.F.);
#969=ORIENTED_EDGE('',*,*,#1803,.F.);
#970=ORIENTED_EDGE('',*,*,#1959,.F.);
#971=ORIENTED_EDGE('',*,*,#1785,.T.);
#972=ORIENTED_EDGE('',*,*,#1957,.F.);
#973=ORIENTED_EDGE('',*,*,#1802,.F.);
#974=ORIENTED_EDGE('',*,*,#1960,.T.);
#975=ORIENTED_EDGE('',*,*,#1784,.T.);
#976=ORIENTED_EDGE('',*,*,#1961,.F.);
#977=ORIENTED_EDGE('',*,*,#1956,.F.);
#978=ORIENTED_EDGE('',*,*,#1962,.F.);
#979=ORIENTED_EDGE('',*,*,#1786,.T.);
#980=ORIENTED_EDGE('',*,*,#1960,.F.);
#981=ORIENTED_EDGE('',*,*,#1955,.F.);
#982=ORIENTED_EDGE('',*,*,#1961,.T.);
#983=ORIENTED_EDGE('',*,*,#1783,.T.);
#984=ORIENTED_EDGE('',*,*,#1959,.T.);
#985=ORIENTED_EDGE('',*,*,#1801,.F.);
#986=ORIENTED_EDGE('',*,*,#1963,.T.);
#987=ORIENTED_EDGE('',*,*,#1788,.T.);
#988=ORIENTED_EDGE('',*,*,#1964,.F.);
#989=ORIENTED_EDGE('',*,*,#1953,.F.);
#990=ORIENTED_EDGE('',*,*,#1965,.F.);
#991=ORIENTED_EDGE('',*,*,#1782,.T.);
#992=ORIENTED_EDGE('',*,*,#1963,.F.);
#993=ORIENTED_EDGE('',*,*,#1952,.F.);
#994=ORIENTED_EDGE('',*,*,#1966,.T.);
#995=ORIENTED_EDGE('',*,*,#1781,.T.);
#996=ORIENTED_EDGE('',*,*,#1967,.F.);
#997=ORIENTED_EDGE('',*,*,#1950,.F.);
#998=ORIENTED_EDGE('',*,*,#1968,.F.);
#999=ORIENTED_EDGE('',*,*,#1779,.T.);
#1000=ORIENTED_EDGE('',*,*,#1966,.F.);
#1001=ORIENTED_EDGE('',*,*,#1949,.F.);
#1002=ORIENTED_EDGE('',*,*,#1969,.T.);
#1003=ORIENTED_EDGE('',*,*,#1778,.T.);
#1004=ORIENTED_EDGE('',*,*,#1970,.F.);
#1005=ORIENTED_EDGE('',*,*,#1947,.F.);
#1006=ORIENTED_EDGE('',*,*,#1971,.F.);
#1007=ORIENTED_EDGE('',*,*,#1776,.T.);
#1008=ORIENTED_EDGE('',*,*,#1969,.F.);
#1009=ORIENTED_EDGE('',*,*,#1946,.F.);
#1010=ORIENTED_EDGE('',*,*,#1972,.T.);
#1011=ORIENTED_EDGE('',*,*,#1775,.T.);
#1012=ORIENTED_EDGE('',*,*,#1973,.F.);
#1013=ORIENTED_EDGE('',*,*,#1944,.F.);
#1014=ORIENTED_EDGE('',*,*,#1974,.F.);
#1015=ORIENTED_EDGE('',*,*,#1773,.T.);
#1016=ORIENTED_EDGE('',*,*,#1972,.F.);
#1017=ORIENTED_EDGE('',*,*,#1943,.F.);
#1018=ORIENTED_EDGE('',*,*,#1975,.T.);
#1019=ORIENTED_EDGE('',*,*,#1772,.T.);
#1020=ORIENTED_EDGE('',*,*,#1976,.F.);
#1021=ORIENTED_EDGE('',*,*,#1941,.F.);
#1022=ORIENTED_EDGE('',*,*,#1977,.F.);
#1023=ORIENTED_EDGE('',*,*,#1770,.T.);
#1024=ORIENTED_EDGE('',*,*,#1975,.F.);
#1025=ORIENTED_EDGE('',*,*,#1940,.F.);
#1026=ORIENTED_EDGE('',*,*,#1978,.T.);
#1027=ORIENTED_EDGE('',*,*,#1769,.T.);
#1028=ORIENTED_EDGE('',*,*,#1979,.F.);
#1029=ORIENTED_EDGE('',*,*,#1938,.F.);
#1030=ORIENTED_EDGE('',*,*,#1980,.F.);
#1031=ORIENTED_EDGE('',*,*,#1767,.T.);
#1032=ORIENTED_EDGE('',*,*,#1978,.F.);
#1033=ORIENTED_EDGE('',*,*,#1937,.F.);
#1034=ORIENTED_EDGE('',*,*,#1981,.T.);
#1035=ORIENTED_EDGE('',*,*,#1766,.T.);
#1036=ORIENTED_EDGE('',*,*,#1982,.F.);
#1037=ORIENTED_EDGE('',*,*,#1935,.F.);
#1038=ORIENTED_EDGE('',*,*,#1983,.F.);
#1039=ORIENTED_EDGE('',*,*,#1764,.T.);
#1040=ORIENTED_EDGE('',*,*,#1981,.F.);
#1041=ORIENTED_EDGE('',*,*,#1934,.F.);
#1042=ORIENTED_EDGE('',*,*,#1984,.T.);
#1043=ORIENTED_EDGE('',*,*,#1763,.T.);
#1044=ORIENTED_EDGE('',*,*,#1985,.F.);
#1045=ORIENTED_EDGE('',*,*,#1932,.F.);
#1046=ORIENTED_EDGE('',*,*,#1986,.F.);
#1047=ORIENTED_EDGE('',*,*,#1761,.T.);
#1048=ORIENTED_EDGE('',*,*,#1984,.F.);
#1049=ORIENTED_EDGE('',*,*,#1931,.F.);
#1050=ORIENTED_EDGE('',*,*,#1987,.T.);
#1051=ORIENTED_EDGE('',*,*,#1760,.T.);
#1052=ORIENTED_EDGE('',*,*,#1988,.F.);
#1053=ORIENTED_EDGE('',*,*,#1929,.F.);
#1054=ORIENTED_EDGE('',*,*,#1989,.F.);
#1055=ORIENTED_EDGE('',*,*,#1758,.T.);
#1056=ORIENTED_EDGE('',*,*,#1987,.F.);
#1057=ORIENTED_EDGE('',*,*,#1928,.F.);
#1058=ORIENTED_EDGE('',*,*,#1990,.T.);
#1059=ORIENTED_EDGE('',*,*,#1757,.T.);
#1060=ORIENTED_EDGE('',*,*,#1991,.F.);
#1061=ORIENTED_EDGE('',*,*,#1926,.F.);
#1062=ORIENTED_EDGE('',*,*,#1992,.F.);
#1063=ORIENTED_EDGE('',*,*,#1752,.T.);
#1064=ORIENTED_EDGE('',*,*,#1990,.F.);
#1065=ORIENTED_EDGE('',*,*,#1925,.F.);
#1066=ORIENTED_EDGE('',*,*,#1993,.T.);
#1067=ORIENTED_EDGE('',*,*,#1751,.T.);
#1068=ORIENTED_EDGE('',*,*,#1994,.F.);
#1069=ORIENTED_EDGE('',*,*,#1923,.F.);
#1070=ORIENTED_EDGE('',*,*,#1995,.F.);
#1071=ORIENTED_EDGE('',*,*,#1753,.T.);
#1072=ORIENTED_EDGE('',*,*,#1993,.F.);
#1073=ORIENTED_EDGE('',*,*,#1922,.F.);
#1074=ORIENTED_EDGE('',*,*,#1994,.T.);
#1075=ORIENTED_EDGE('',*,*,#1750,.T.);
#1076=ORIENTED_EDGE('',*,*,#1992,.T.);
#1077=ORIENTED_EDGE('',*,*,#1924,.F.);
#1078=ORIENTED_EDGE('',*,*,#1991,.T.);
#1079=ORIENTED_EDGE('',*,*,#1756,.T.);
#1080=ORIENTED_EDGE('',*,*,#1989,.T.);
#1081=ORIENTED_EDGE('',*,*,#1927,.F.);
#1082=ORIENTED_EDGE('',*,*,#1988,.T.);
#1083=ORIENTED_EDGE('',*,*,#1759,.T.);
#1084=ORIENTED_EDGE('',*,*,#1986,.T.);
#1085=ORIENTED_EDGE('',*,*,#1930,.F.);
#1086=ORIENTED_EDGE('',*,*,#1985,.T.);
#1087=ORIENTED_EDGE('',*,*,#1762,.T.);
#1088=ORIENTED_EDGE('',*,*,#1983,.T.);
#1089=ORIENTED_EDGE('',*,*,#1933,.F.);
#1090=ORIENTED_EDGE('',*,*,#1982,.T.);
#1091=ORIENTED_EDGE('',*,*,#1765,.T.);
#1092=ORIENTED_EDGE('',*,*,#1980,.T.);
#1093=ORIENTED_EDGE('',*,*,#1936,.F.);
#1094=ORIENTED_EDGE('',*,*,#1979,.T.);
#1095=ORIENTED_EDGE('',*,*,#1768,.T.);
#1096=ORIENTED_EDGE('',*,*,#1977,.T.);
#1097=ORIENTED_EDGE('',*,*,#1939,.F.);
#1098=ORIENTED_EDGE('',*,*,#1976,.T.);
#1099=ORIENTED_EDGE('',*,*,#1771,.T.);
#1100=ORIENTED_EDGE('',*,*,#1974,.T.);
#1101=ORIENTED_EDGE('',*,*,#1942,.F.);
#1102=ORIENTED_EDGE('',*,*,#1973,.T.);
#1103=ORIENTED_EDGE('',*,*,#1774,.T.);
#1104=ORIENTED_EDGE('',*,*,#1971,.T.);
#1105=ORIENTED_EDGE('',*,*,#1945,.F.);
#1106=ORIENTED_EDGE('',*,*,#1970,.T.);
#1107=ORIENTED_EDGE('',*,*,#1777,.T.);
#1108=ORIENTED_EDGE('',*,*,#1968,.T.);
#1109=ORIENTED_EDGE('',*,*,#1948,.F.);
#1110=ORIENTED_EDGE('',*,*,#1967,.T.);
#1111=ORIENTED_EDGE('',*,*,#1780,.T.);
#1112=ORIENTED_EDGE('',*,*,#1965,.T.);
#1113=ORIENTED_EDGE('',*,*,#1951,.F.);
#1114=ORIENTED_EDGE('',*,*,#1996,.T.);
#1115=ORIENTED_EDGE('',*,*,#1755,.T.);
#1116=ORIENTED_EDGE('',*,*,#1997,.F.);
#1117=ORIENTED_EDGE('',*,*,#1920,.F.);
#1118=ORIENTED_EDGE('',*,*,#1998,.F.);
#1119=ORIENTED_EDGE('',*,*,#1746,.T.);
#1120=ORIENTED_EDGE('',*,*,#1996,.F.);
#1121=ORIENTED_EDGE('',*,*,#1919,.F.);
#1122=ORIENTED_EDGE('',*,*,#1999,.T.);
#1123=ORIENTED_EDGE('',*,*,#1745,.T.);
#1124=ORIENTED_EDGE('',*,*,#2000,.F.);
#1125=ORIENTED_EDGE('',*,*,#1917,.F.);
#1126=ORIENTED_EDGE('',*,*,#2001,.F.);
#1127=ORIENTED_EDGE('',*,*,#1747,.T.);
#1128=ORIENTED_EDGE('',*,*,#1999,.F.);
#1129=ORIENTED_EDGE('',*,*,#1916,.F.);
#1130=ORIENTED_EDGE('',*,*,#2000,.T.);
#1131=ORIENTED_EDGE('',*,*,#1744,.T.);
#1132=ORIENTED_EDGE('',*,*,#1998,.T.);
#1133=ORIENTED_EDGE('',*,*,#1918,.F.);
#1134=ORIENTED_EDGE('',*,*,#2002,.T.);
#1135=ORIENTED_EDGE('',*,*,#1749,.T.);
#1136=ORIENTED_EDGE('',*,*,#2003,.F.);
#1137=ORIENTED_EDGE('',*,*,#1914,.F.);
#1138=ORIENTED_EDGE('',*,*,#2004,.F.);
#1139=ORIENTED_EDGE('',*,*,#1743,.T.);
#1140=ORIENTED_EDGE('',*,*,#2002,.F.);
#1141=ORIENTED_EDGE('',*,*,#1913,.F.);
#1142=ORIENTED_EDGE('',*,*,#2005,.T.);
#1143=ORIENTED_EDGE('',*,*,#1742,.T.);
#1144=ORIENTED_EDGE('',*,*,#2006,.F.);
#1145=ORIENTED_EDGE('',*,*,#1911,.F.);
#1146=ORIENTED_EDGE('',*,*,#2007,.F.);
#1147=ORIENTED_EDGE('',*,*,#1740,.T.);
#1148=ORIENTED_EDGE('',*,*,#2005,.F.);
#1149=ORIENTED_EDGE('',*,*,#1910,.F.);
#1150=ORIENTED_EDGE('',*,*,#2008,.T.);
#1151=ORIENTED_EDGE('',*,*,#1739,.T.);
#1152=ORIENTED_EDGE('',*,*,#2009,.F.);
#1153=ORIENTED_EDGE('',*,*,#1908,.F.);
#1154=ORIENTED_EDGE('',*,*,#2010,.F.);
#1155=ORIENTED_EDGE('',*,*,#1737,.T.);
#1156=ORIENTED_EDGE('',*,*,#2008,.F.);
#1157=ORIENTED_EDGE('',*,*,#1907,.F.);
#1158=ORIENTED_EDGE('',*,*,#2011,.T.);
#1159=ORIENTED_EDGE('',*,*,#1736,.T.);
#1160=ORIENTED_EDGE('',*,*,#2012,.F.);
#1161=ORIENTED_EDGE('',*,*,#1905,.F.);
#1162=ORIENTED_EDGE('',*,*,#2013,.F.);
#1163=ORIENTED_EDGE('',*,*,#1734,.T.);
#1164=ORIENTED_EDGE('',*,*,#2011,.F.);
#1165=ORIENTED_EDGE('',*,*,#1904,.F.);
#1166=ORIENTED_EDGE('',*,*,#2014,.T.);
#1167=ORIENTED_EDGE('',*,*,#1733,.T.);
#1168=ORIENTED_EDGE('',*,*,#2015,.F.);
#1169=ORIENTED_EDGE('',*,*,#1902,.F.);
#1170=ORIENTED_EDGE('',*,*,#2016,.F.);
#1171=ORIENTED_EDGE('',*,*,#1731,.T.);
#1172=ORIENTED_EDGE('',*,*,#2014,.F.);
#1173=ORIENTED_EDGE('',*,*,#1901,.F.);
#1174=ORIENTED_EDGE('',*,*,#2017,.T.);
#1175=ORIENTED_EDGE('',*,*,#1730,.T.);
#1176=ORIENTED_EDGE('',*,*,#2018,.F.);
#1177=ORIENTED_EDGE('',*,*,#1899,.F.);
#1178=ORIENTED_EDGE('',*,*,#2019,.F.);
#1179=ORIENTED_EDGE('',*,*,#1728,.T.);
#1180=ORIENTED_EDGE('',*,*,#2017,.F.);
#1181=ORIENTED_EDGE('',*,*,#1898,.F.);
#1182=ORIENTED_EDGE('',*,*,#2020,.T.);
#1183=ORIENTED_EDGE('',*,*,#1727,.T.);
#1184=ORIENTED_EDGE('',*,*,#2021,.F.);
#1185=ORIENTED_EDGE('',*,*,#1896,.F.);
#1186=ORIENTED_EDGE('',*,*,#2022,.F.);
#1187=ORIENTED_EDGE('',*,*,#1725,.T.);
#1188=ORIENTED_EDGE('',*,*,#2020,.F.);
#1189=ORIENTED_EDGE('',*,*,#1895,.F.);
#1190=ORIENTED_EDGE('',*,*,#2023,.T.);
#1191=ORIENTED_EDGE('',*,*,#1724,.T.);
#1192=ORIENTED_EDGE('',*,*,#2024,.F.);
#1193=ORIENTED_EDGE('',*,*,#1893,.F.);
#1194=ORIENTED_EDGE('',*,*,#2025,.F.);
#1195=ORIENTED_EDGE('',*,*,#1722,.T.);
#1196=ORIENTED_EDGE('',*,*,#2023,.F.);
#1197=ORIENTED_EDGE('',*,*,#1892,.F.);
#1198=ORIENTED_EDGE('',*,*,#2026,.T.);
#1199=ORIENTED_EDGE('',*,*,#1721,.T.);
#1200=ORIENTED_EDGE('',*,*,#2027,.F.);
#1201=ORIENTED_EDGE('',*,*,#1890,.F.);
#1202=ORIENTED_EDGE('',*,*,#2028,.F.);
#1203=ORIENTED_EDGE('',*,*,#1719,.T.);
#1204=ORIENTED_EDGE('',*,*,#2026,.F.);
#1205=ORIENTED_EDGE('',*,*,#1889,.F.);
#1206=ORIENTED_EDGE('',*,*,#2029,.T.);
#1207=ORIENTED_EDGE('',*,*,#1718,.T.);
#1208=ORIENTED_EDGE('',*,*,#2030,.F.);
#1209=ORIENTED_EDGE('',*,*,#1887,.F.);
#1210=ORIENTED_EDGE('',*,*,#2031,.F.);
#1211=ORIENTED_EDGE('',*,*,#1713,.T.);
#1212=ORIENTED_EDGE('',*,*,#2029,.F.);
#1213=ORIENTED_EDGE('',*,*,#1886,.F.);
#1214=ORIENTED_EDGE('',*,*,#2032,.T.);
#1215=ORIENTED_EDGE('',*,*,#1712,.T.);
#1216=ORIENTED_EDGE('',*,*,#2033,.F.);
#1217=ORIENTED_EDGE('',*,*,#1884,.F.);
#1218=ORIENTED_EDGE('',*,*,#2034,.F.);
#1219=ORIENTED_EDGE('',*,*,#1714,.T.);
#1220=ORIENTED_EDGE('',*,*,#2032,.F.);
#1221=ORIENTED_EDGE('',*,*,#1883,.F.);
#1222=ORIENTED_EDGE('',*,*,#2033,.T.);
#1223=ORIENTED_EDGE('',*,*,#1711,.T.);
#1224=ORIENTED_EDGE('',*,*,#2031,.T.);
#1225=ORIENTED_EDGE('',*,*,#1885,.F.);
#1226=ORIENTED_EDGE('',*,*,#2030,.T.);
#1227=ORIENTED_EDGE('',*,*,#1717,.T.);
#1228=ORIENTED_EDGE('',*,*,#2028,.T.);
#1229=ORIENTED_EDGE('',*,*,#1888,.F.);
#1230=ORIENTED_EDGE('',*,*,#2027,.T.);
#1231=ORIENTED_EDGE('',*,*,#1720,.T.);
#1232=ORIENTED_EDGE('',*,*,#2025,.T.);
#1233=ORIENTED_EDGE('',*,*,#1891,.F.);
#1234=ORIENTED_EDGE('',*,*,#2024,.T.);
#1235=ORIENTED_EDGE('',*,*,#1723,.T.);
#1236=ORIENTED_EDGE('',*,*,#2022,.T.);
#1237=ORIENTED_EDGE('',*,*,#1894,.F.);
#1238=ORIENTED_EDGE('',*,*,#2021,.T.);
#1239=ORIENTED_EDGE('',*,*,#1726,.T.);
#1240=ORIENTED_EDGE('',*,*,#2019,.T.);
#1241=ORIENTED_EDGE('',*,*,#1897,.F.);
#1242=ORIENTED_EDGE('',*,*,#2018,.T.);
#1243=ORIENTED_EDGE('',*,*,#1729,.T.);
#1244=ORIENTED_EDGE('',*,*,#2016,.T.);
#1245=ORIENTED_EDGE('',*,*,#1900,.F.);
#1246=ORIENTED_EDGE('',*,*,#2015,.T.);
#1247=ORIENTED_EDGE('',*,*,#1732,.T.);
#1248=ORIENTED_EDGE('',*,*,#2013,.T.);
#1249=ORIENTED_EDGE('',*,*,#1903,.F.);
#1250=ORIENTED_EDGE('',*,*,#2012,.T.);
#1251=ORIENTED_EDGE('',*,*,#1735,.T.);
#1252=ORIENTED_EDGE('',*,*,#2010,.T.);
#1253=ORIENTED_EDGE('',*,*,#1906,.F.);
#1254=ORIENTED_EDGE('',*,*,#2009,.T.);
#1255=ORIENTED_EDGE('',*,*,#1738,.T.);
#1256=ORIENTED_EDGE('',*,*,#2007,.T.);
#1257=ORIENTED_EDGE('',*,*,#1909,.F.);
#1258=ORIENTED_EDGE('',*,*,#2006,.T.);
#1259=ORIENTED_EDGE('',*,*,#1741,.T.);
#1260=ORIENTED_EDGE('',*,*,#2004,.T.);
#1261=ORIENTED_EDGE('',*,*,#1912,.F.);
#1262=ORIENTED_EDGE('',*,*,#2035,.T.);
#1263=ORIENTED_EDGE('',*,*,#1716,.T.);
#1264=ORIENTED_EDGE('',*,*,#2036,.F.);
#1265=ORIENTED_EDGE('',*,*,#1881,.F.);
#1266=ORIENTED_EDGE('',*,*,#2037,.F.);
#1267=ORIENTED_EDGE('',*,*,#1707,.T.);
#1268=ORIENTED_EDGE('',*,*,#2035,.F.);
#1269=ORIENTED_EDGE('',*,*,#1880,.F.);
#1270=ORIENTED_EDGE('',*,*,#2038,.T.);
#1271=ORIENTED_EDGE('',*,*,#1706,.T.);
#1272=ORIENTED_EDGE('',*,*,#2039,.F.);
#1273=ORIENTED_EDGE('',*,*,#1878,.F.);
#1274=ORIENTED_EDGE('',*,*,#2040,.F.);
#1275=ORIENTED_EDGE('',*,*,#1708,.T.);
#1276=ORIENTED_EDGE('',*,*,#2038,.F.);
#1277=ORIENTED_EDGE('',*,*,#1877,.F.);
#1278=ORIENTED_EDGE('',*,*,#2039,.T.);
#1279=ORIENTED_EDGE('',*,*,#1705,.T.);
#1280=ORIENTED_EDGE('',*,*,#2037,.T.);
#1281=ORIENTED_EDGE('',*,*,#1879,.F.);
#1282=ORIENTED_EDGE('',*,*,#2041,.T.);
#1283=ORIENTED_EDGE('',*,*,#1710,.T.);
#1284=ORIENTED_EDGE('',*,*,#2042,.F.);
#1285=ORIENTED_EDGE('',*,*,#1875,.F.);
#1286=ORIENTED_EDGE('',*,*,#2043,.F.);
#1287=ORIENTED_EDGE('',*,*,#1704,.T.);
#1288=ORIENTED_EDGE('',*,*,#2041,.F.);
#1289=ORIENTED_EDGE('',*,*,#1874,.F.);
#1290=ORIENTED_EDGE('',*,*,#2044,.T.);
#1291=ORIENTED_EDGE('',*,*,#1703,.T.);
#1292=ORIENTED_EDGE('',*,*,#2045,.F.);
#1293=ORIENTED_EDGE('',*,*,#1872,.F.);
#1294=ORIENTED_EDGE('',*,*,#2046,.F.);
#1295=ORIENTED_EDGE('',*,*,#1701,.T.);
#1296=ORIENTED_EDGE('',*,*,#2044,.F.);
#1297=ORIENTED_EDGE('',*,*,#1871,.F.);
#1298=ORIENTED_EDGE('',*,*,#2047,.T.);
#1299=ORIENTED_EDGE('',*,*,#1700,.T.);
#1300=ORIENTED_EDGE('',*,*,#2048,.F.);
#1301=ORIENTED_EDGE('',*,*,#1869,.F.);
#1302=ORIENTED_EDGE('',*,*,#2049,.F.);
#1303=ORIENTED_EDGE('',*,*,#1698,.T.);
#1304=ORIENTED_EDGE('',*,*,#2047,.F.);
#1305=ORIENTED_EDGE('',*,*,#1868,.F.);
#1306=ORIENTED_EDGE('',*,*,#2050,.T.);
#1307=ORIENTED_EDGE('',*,*,#1697,.T.);
#1308=ORIENTED_EDGE('',*,*,#2051,.F.);
#1309=ORIENTED_EDGE('',*,*,#1866,.F.);
#1310=ORIENTED_EDGE('',*,*,#2052,.F.);
#1311=ORIENTED_EDGE('',*,*,#1695,.T.);
#1312=ORIENTED_EDGE('',*,*,#2050,.F.);
#1313=ORIENTED_EDGE('',*,*,#1865,.F.);
#1314=ORIENTED_EDGE('',*,*,#2053,.T.);
#1315=ORIENTED_EDGE('',*,*,#1694,.T.);
#1316=ORIENTED_EDGE('',*,*,#2054,.F.);
#1317=ORIENTED_EDGE('',*,*,#1863,.F.);
#1318=ORIENTED_EDGE('',*,*,#2055,.F.);
#1319=ORIENTED_EDGE('',*,*,#1692,.T.);
#1320=ORIENTED_EDGE('',*,*,#2053,.F.);
#1321=ORIENTED_EDGE('',*,*,#1862,.F.);
#1322=ORIENTED_EDGE('',*,*,#2056,.T.);
#1323=ORIENTED_EDGE('',*,*,#1691,.T.);
#1324=ORIENTED_EDGE('',*,*,#2057,.F.);
#1325=ORIENTED_EDGE('',*,*,#1860,.F.);
#1326=ORIENTED_EDGE('',*,*,#2058,.F.);
#1327=ORIENTED_EDGE('',*,*,#1689,.T.);
#1328=ORIENTED_EDGE('',*,*,#2056,.F.);
#1329=ORIENTED_EDGE('',*,*,#1859,.F.);
#1330=ORIENTED_EDGE('',*,*,#2059,.T.);
#1331=ORIENTED_EDGE('',*,*,#1688,.T.);
#1332=ORIENTED_EDGE('',*,*,#2060,.F.);
#1333=ORIENTED_EDGE('',*,*,#1857,.F.);
#1334=ORIENTED_EDGE('',*,*,#2061,.F.);
#1335=ORIENTED_EDGE('',*,*,#1686,.T.);
#1336=ORIENTED_EDGE('',*,*,#2059,.F.);
#1337=ORIENTED_EDGE('',*,*,#1856,.F.);
#1338=ORIENTED_EDGE('',*,*,#2062,.T.);
#1339=ORIENTED_EDGE('',*,*,#1685,.T.);
#1340=ORIENTED_EDGE('',*,*,#2063,.F.);
#1341=ORIENTED_EDGE('',*,*,#1854,.F.);
#1342=ORIENTED_EDGE('',*,*,#2064,.F.);
#1343=ORIENTED_EDGE('',*,*,#1683,.T.);
#1344=ORIENTED_EDGE('',*,*,#2062,.F.);
#1345=ORIENTED_EDGE('',*,*,#1853,.F.);
#1346=ORIENTED_EDGE('',*,*,#2065,.T.);
#1347=ORIENTED_EDGE('',*,*,#1682,.T.);
#1348=ORIENTED_EDGE('',*,*,#2066,.F.);
#1349=ORIENTED_EDGE('',*,*,#1851,.F.);
#1350=ORIENTED_EDGE('',*,*,#2067,.F.);
#1351=ORIENTED_EDGE('',*,*,#1680,.T.);
#1352=ORIENTED_EDGE('',*,*,#2065,.F.);
#1353=ORIENTED_EDGE('',*,*,#1850,.F.);
#1354=ORIENTED_EDGE('',*,*,#2068,.T.);
#1355=ORIENTED_EDGE('',*,*,#1679,.T.);
#1356=ORIENTED_EDGE('',*,*,#2069,.F.);
#1357=ORIENTED_EDGE('',*,*,#1848,.F.);
#1358=ORIENTED_EDGE('',*,*,#2070,.F.);
#1359=ORIENTED_EDGE('',*,*,#1674,.T.);
#1360=ORIENTED_EDGE('',*,*,#2068,.F.);
#1361=ORIENTED_EDGE('',*,*,#1847,.F.);
#1362=ORIENTED_EDGE('',*,*,#2071,.T.);
#1363=ORIENTED_EDGE('',*,*,#1673,.T.);
#1364=ORIENTED_EDGE('',*,*,#2072,.F.);
#1365=ORIENTED_EDGE('',*,*,#1845,.F.);
#1366=ORIENTED_EDGE('',*,*,#2073,.F.);
#1367=ORIENTED_EDGE('',*,*,#1675,.T.);
#1368=ORIENTED_EDGE('',*,*,#2071,.F.);
#1369=ORIENTED_EDGE('',*,*,#1844,.F.);
#1370=ORIENTED_EDGE('',*,*,#2072,.T.);
#1371=ORIENTED_EDGE('',*,*,#1672,.T.);
#1372=ORIENTED_EDGE('',*,*,#2070,.T.);
#1373=ORIENTED_EDGE('',*,*,#1846,.F.);
#1374=ORIENTED_EDGE('',*,*,#2069,.T.);
#1375=ORIENTED_EDGE('',*,*,#1678,.T.);
#1376=ORIENTED_EDGE('',*,*,#2067,.T.);
#1377=ORIENTED_EDGE('',*,*,#1849,.F.);
#1378=ORIENTED_EDGE('',*,*,#2066,.T.);
#1379=ORIENTED_EDGE('',*,*,#1681,.T.);
#1380=ORIENTED_EDGE('',*,*,#2064,.T.);
#1381=ORIENTED_EDGE('',*,*,#1852,.F.);
#1382=ORIENTED_EDGE('',*,*,#2063,.T.);
#1383=ORIENTED_EDGE('',*,*,#1684,.T.);
#1384=ORIENTED_EDGE('',*,*,#2061,.T.);
#1385=ORIENTED_EDGE('',*,*,#1855,.F.);
#1386=ORIENTED_EDGE('',*,*,#2060,.T.);
#1387=ORIENTED_EDGE('',*,*,#1687,.T.);
#1388=ORIENTED_EDGE('',*,*,#2058,.T.);
#1389=ORIENTED_EDGE('',*,*,#1858,.F.);
#1390=ORIENTED_EDGE('',*,*,#2057,.T.);
#1391=ORIENTED_EDGE('',*,*,#1690,.T.);
#1392=ORIENTED_EDGE('',*,*,#2055,.T.);
#1393=ORIENTED_EDGE('',*,*,#1861,.F.);
#1394=ORIENTED_EDGE('',*,*,#2054,.T.);
#1395=ORIENTED_EDGE('',*,*,#1693,.T.);
#1396=ORIENTED_EDGE('',*,*,#2052,.T.);
#1397=ORIENTED_EDGE('',*,*,#1864,.F.);
#1398=ORIENTED_EDGE('',*,*,#2051,.T.);
#1399=ORIENTED_EDGE('',*,*,#1696,.T.);
#1400=ORIENTED_EDGE('',*,*,#2049,.T.);
#1401=ORIENTED_EDGE('',*,*,#1867,.F.);
#1402=ORIENTED_EDGE('',*,*,#2048,.T.);
#1403=ORIENTED_EDGE('',*,*,#1699,.T.);
#1404=ORIENTED_EDGE('',*,*,#2046,.T.);
#1405=ORIENTED_EDGE('',*,*,#1870,.F.);
#1406=ORIENTED_EDGE('',*,*,#2045,.T.);
#1407=ORIENTED_EDGE('',*,*,#1702,.T.);
#1408=ORIENTED_EDGE('',*,*,#2043,.T.);
#1409=ORIENTED_EDGE('',*,*,#1873,.F.);
#1410=ORIENTED_EDGE('',*,*,#2074,.T.);
#1411=ORIENTED_EDGE('',*,*,#1677,.T.);
#1412=ORIENTED_EDGE('',*,*,#2075,.F.);
#1413=ORIENTED_EDGE('',*,*,#1842,.F.);
#1414=ORIENTED_EDGE('',*,*,#2076,.F.);
#1415=ORIENTED_EDGE('',*,*,#1668,.T.);
#1416=ORIENTED_EDGE('',*,*,#2074,.F.);
#1417=ORIENTED_EDGE('',*,*,#1841,.F.);
#1418=ORIENTED_EDGE('',*,*,#2077,.T.);
#1419=ORIENTED_EDGE('',*,*,#1667,.T.);
#1420=ORIENTED_EDGE('',*,*,#2078,.F.);
#1421=ORIENTED_EDGE('',*,*,#1839,.F.);
#1422=ORIENTED_EDGE('',*,*,#2079,.F.);
#1423=ORIENTED_EDGE('',*,*,#1669,.T.);
#1424=ORIENTED_EDGE('',*,*,#2077,.F.);
#1425=ORIENTED_EDGE('',*,*,#1838,.F.);
#1426=ORIENTED_EDGE('',*,*,#2078,.T.);
#1427=ORIENTED_EDGE('',*,*,#1666,.T.);
#1428=ORIENTED_EDGE('',*,*,#2076,.T.);
#1429=ORIENTED_EDGE('',*,*,#1840,.F.);
#1430=ORIENTED_EDGE('',*,*,#2080,.T.);
#1431=ORIENTED_EDGE('',*,*,#1671,.T.);
#1432=ORIENTED_EDGE('',*,*,#2081,.F.);
#1433=ORIENTED_EDGE('',*,*,#1836,.F.);
#1434=ORIENTED_EDGE('',*,*,#2082,.F.);
#1435=ORIENTED_EDGE('',*,*,#1665,.T.);
#1436=ORIENTED_EDGE('',*,*,#2080,.F.);
#1437=ORIENTED_EDGE('',*,*,#1835,.F.);
#1438=ORIENTED_EDGE('',*,*,#2083,.T.);
#1439=ORIENTED_EDGE('',*,*,#1664,.T.);
#1440=ORIENTED_EDGE('',*,*,#2084,.F.);
#1441=ORIENTED_EDGE('',*,*,#1833,.F.);
#1442=ORIENTED_EDGE('',*,*,#2085,.F.);
#1443=ORIENTED_EDGE('',*,*,#1662,.T.);
#1444=ORIENTED_EDGE('',*,*,#2083,.F.);
#1445=ORIENTED_EDGE('',*,*,#1832,.F.);
#1446=ORIENTED_EDGE('',*,*,#2086,.T.);
#1447=ORIENTED_EDGE('',*,*,#1661,.T.);
#1448=ORIENTED_EDGE('',*,*,#2087,.F.);
#1449=ORIENTED_EDGE('',*,*,#1830,.F.);
#1450=ORIENTED_EDGE('',*,*,#2088,.F.);
#1451=ORIENTED_EDGE('',*,*,#1659,.T.);
#1452=ORIENTED_EDGE('',*,*,#2086,.F.);
#1453=ORIENTED_EDGE('',*,*,#1829,.F.);
#1454=ORIENTED_EDGE('',*,*,#2089,.T.);
#1455=ORIENTED_EDGE('',*,*,#1658,.T.);
#1456=ORIENTED_EDGE('',*,*,#2090,.F.);
#1457=ORIENTED_EDGE('',*,*,#1827,.F.);
#1458=ORIENTED_EDGE('',*,*,#2091,.F.);
#1459=ORIENTED_EDGE('',*,*,#1656,.T.);
#1460=ORIENTED_EDGE('',*,*,#2089,.F.);
#1461=ORIENTED_EDGE('',*,*,#1826,.F.);
#1462=ORIENTED_EDGE('',*,*,#2092,.T.);
#1463=ORIENTED_EDGE('',*,*,#1655,.T.);
#1464=ORIENTED_EDGE('',*,*,#2093,.F.);
#1465=ORIENTED_EDGE('',*,*,#1824,.F.);
#1466=ORIENTED_EDGE('',*,*,#2094,.F.);
#1467=ORIENTED_EDGE('',*,*,#1653,.T.);
#1468=ORIENTED_EDGE('',*,*,#2092,.F.);
#1469=ORIENTED_EDGE('',*,*,#1823,.F.);
#1470=ORIENTED_EDGE('',*,*,#2095,.T.);
#1471=ORIENTED_EDGE('',*,*,#1652,.T.);
#1472=ORIENTED_EDGE('',*,*,#2096,.F.);
#1473=ORIENTED_EDGE('',*,*,#1821,.F.);
#1474=ORIENTED_EDGE('',*,*,#2097,.F.);
#1475=ORIENTED_EDGE('',*,*,#1647,.T.);
#1476=ORIENTED_EDGE('',*,*,#2095,.F.);
#1477=ORIENTED_EDGE('',*,*,#1820,.F.);
#1478=ORIENTED_EDGE('',*,*,#2098,.T.);
#1479=ORIENTED_EDGE('',*,*,#1646,.T.);
#1480=ORIENTED_EDGE('',*,*,#2099,.F.);
#1481=ORIENTED_EDGE('',*,*,#1818,.F.);
#1482=ORIENTED_EDGE('',*,*,#2100,.F.);
#1483=ORIENTED_EDGE('',*,*,#1648,.T.);
#1484=ORIENTED_EDGE('',*,*,#2098,.F.);
#1485=ORIENTED_EDGE('',*,*,#1817,.F.);
#1486=ORIENTED_EDGE('',*,*,#2099,.T.);
#1487=ORIENTED_EDGE('',*,*,#1645,.T.);
#1488=ORIENTED_EDGE('',*,*,#2097,.T.);
#1489=ORIENTED_EDGE('',*,*,#1819,.F.);
#1490=ORIENTED_EDGE('',*,*,#2096,.T.);
#1491=ORIENTED_EDGE('',*,*,#1651,.T.);
#1492=ORIENTED_EDGE('',*,*,#2094,.T.);
#1493=ORIENTED_EDGE('',*,*,#1822,.F.);
#1494=ORIENTED_EDGE('',*,*,#2093,.T.);
#1495=ORIENTED_EDGE('',*,*,#1654,.T.);
#1496=ORIENTED_EDGE('',*,*,#2091,.T.);
#1497=ORIENTED_EDGE('',*,*,#1825,.F.);
#1498=ORIENTED_EDGE('',*,*,#2090,.T.);
#1499=ORIENTED_EDGE('',*,*,#1657,.T.);
#1500=ORIENTED_EDGE('',*,*,#2088,.T.);
#1501=ORIENTED_EDGE('',*,*,#1828,.F.);
#1502=ORIENTED_EDGE('',*,*,#2087,.T.);
#1503=ORIENTED_EDGE('',*,*,#1660,.T.);
#1504=ORIENTED_EDGE('',*,*,#2085,.T.);
#1505=ORIENTED_EDGE('',*,*,#1831,.F.);
#1506=ORIENTED_EDGE('',*,*,#2084,.T.);
#1507=ORIENTED_EDGE('',*,*,#1663,.T.);
#1508=ORIENTED_EDGE('',*,*,#2082,.T.);
#1509=ORIENTED_EDGE('',*,*,#1834,.F.);
#1510=ORIENTED_EDGE('',*,*,#2101,.T.);
#1511=ORIENTED_EDGE('',*,*,#1650,.T.);
#1512=ORIENTED_EDGE('',*,*,#2102,.F.);
#1513=ORIENTED_EDGE('',*,*,#1815,.F.);
#1514=ORIENTED_EDGE('',*,*,#2103,.F.);
#1515=ORIENTED_EDGE('',*,*,#1800,.T.);
#1516=ORIENTED_EDGE('',*,*,#2101,.F.);
#1517=ORIENTED_EDGE('',*,*,#1814,.F.);
#1518=ORIENTED_EDGE('',*,*,#2104,.T.);
#1519=ORIENTED_EDGE('',*,*,#1799,.T.);
#1520=ORIENTED_EDGE('',*,*,#2105,.F.);
#1521=ORIENTED_EDGE('',*,*,#1812,.F.);
#1522=ORIENTED_EDGE('',*,*,#2106,.F.);
#1523=ORIENTED_EDGE('',*,*,#1797,.T.);
#1524=ORIENTED_EDGE('',*,*,#2104,.F.);
#1525=ORIENTED_EDGE('',*,*,#1811,.F.);
#1526=ORIENTED_EDGE('',*,*,#2107,.T.);
#1527=ORIENTED_EDGE('',*,*,#1796,.T.);
#1528=ORIENTED_EDGE('',*,*,#2108,.F.);
#1529=ORIENTED_EDGE('',*,*,#1809,.F.);
#1530=ORIENTED_EDGE('',*,*,#2109,.F.);
#1531=ORIENTED_EDGE('',*,*,#1791,.T.);
#1532=ORIENTED_EDGE('',*,*,#2107,.F.);
#1533=ORIENTED_EDGE('',*,*,#1808,.F.);
#1534=ORIENTED_EDGE('',*,*,#2110,.T.);
#1535=ORIENTED_EDGE('',*,*,#1790,.T.);
#1536=ORIENTED_EDGE('',*,*,#2111,.F.);
#1537=ORIENTED_EDGE('',*,*,#1806,.F.);
#1538=ORIENTED_EDGE('',*,*,#2112,.F.);
#1539=ORIENTED_EDGE('',*,*,#1792,.T.);
#1540=ORIENTED_EDGE('',*,*,#2110,.F.);
#1541=ORIENTED_EDGE('',*,*,#1805,.F.);
#1542=ORIENTED_EDGE('',*,*,#2111,.T.);
#1543=ORIENTED_EDGE('',*,*,#1789,.T.);
#1544=ORIENTED_EDGE('',*,*,#2109,.T.);
#1545=ORIENTED_EDGE('',*,*,#1807,.F.);
#1546=ORIENTED_EDGE('',*,*,#2108,.T.);
#1547=ORIENTED_EDGE('',*,*,#1795,.T.);
#1548=ORIENTED_EDGE('',*,*,#2106,.T.);
#1549=ORIENTED_EDGE('',*,*,#1810,.F.);
#1550=ORIENTED_EDGE('',*,*,#2105,.T.);
#1551=ORIENTED_EDGE('',*,*,#1798,.T.);
#1552=ORIENTED_EDGE('',*,*,#2103,.T.);
#1553=ORIENTED_EDGE('',*,*,#1813,.F.);
#1554=ORIENTED_EDGE('',*,*,#2102,.T.);
#1555=ORIENTED_EDGE('',*,*,#1649,.T.);
#1556=ORIENTED_EDGE('',*,*,#2100,.T.);
#1557=ORIENTED_EDGE('',*,*,#1816,.F.);
#1558=ORIENTED_EDGE('',*,*,#2081,.T.);
#1559=ORIENTED_EDGE('',*,*,#1670,.T.);
#1560=ORIENTED_EDGE('',*,*,#2079,.T.);
#1561=ORIENTED_EDGE('',*,*,#1837,.F.);
#1562=ORIENTED_EDGE('',*,*,#2075,.T.);
#1563=ORIENTED_EDGE('',*,*,#1676,.T.);
#1564=ORIENTED_EDGE('',*,*,#2073,.T.);
#1565=ORIENTED_EDGE('',*,*,#1843,.F.);
#1566=ORIENTED_EDGE('',*,*,#2042,.T.);
#1567=ORIENTED_EDGE('',*,*,#1709,.T.);
#1568=ORIENTED_EDGE('',*,*,#2040,.T.);
#1569=ORIENTED_EDGE('',*,*,#1876,.F.);
#1570=ORIENTED_EDGE('',*,*,#2036,.T.);
#1571=ORIENTED_EDGE('',*,*,#1715,.T.);
#1572=ORIENTED_EDGE('',*,*,#2034,.T.);
#1573=ORIENTED_EDGE('',*,*,#1882,.F.);
#1574=ORIENTED_EDGE('',*,*,#2003,.T.);
#1575=ORIENTED_EDGE('',*,*,#1748,.T.);
#1576=ORIENTED_EDGE('',*,*,#2001,.T.);
#1577=ORIENTED_EDGE('',*,*,#1915,.F.);
#1578=ORIENTED_EDGE('',*,*,#1997,.T.);
#1579=ORIENTED_EDGE('',*,*,#1754,.T.);
#1580=ORIENTED_EDGE('',*,*,#1995,.T.);
#1581=ORIENTED_EDGE('',*,*,#1921,.F.);
#1582=ORIENTED_EDGE('',*,*,#1964,.T.);
#1583=ORIENTED_EDGE('',*,*,#1787,.T.);
#1584=ORIENTED_EDGE('',*,*,#1962,.T.);
#1585=ORIENTED_EDGE('',*,*,#1954,.F.);
#1586=ORIENTED_EDGE('',*,*,#1958,.T.);
#1587=ORIENTED_EDGE('',*,*,#1793,.T.);
#1588=ORIENTED_EDGE('',*,*,#2112,.T.);
#1589=ORIENTED_EDGE('',*,*,#1804,.F.);
#1590=EDGE_CURVE('',#2113,#2113,#2428,.F.);
#1591=EDGE_CURVE('',#2114,#2115,#2429,.T.);
#1592=EDGE_CURVE('',#2116,#2114,#2430,.T.);
#1593=EDGE_CURVE('',#2117,#2116,#2431,.T.);
#1594=EDGE_CURVE('',#2118,#2117,#2432,.T.);
#1595=EDGE_CURVE('',#2119,#2118,#2433,.T.);
#1596=EDGE_CURVE('',#2120,#2119,#2434,.T.);
#1597=EDGE_CURVE('',#2121,#2120,#2435,.T.);
#1598=EDGE_CURVE('',#2122,#2121,#2436,.T.);
#1599=EDGE_CURVE('',#2123,#2122,#2437,.T.);
#1600=EDGE_CURVE('',#2124,#2123,#2438,.T.);
#1601=EDGE_CURVE('',#2125,#2124,#2439,.T.);
#1602=EDGE_CURVE('',#2126,#2125,#2440,.T.);
#1603=EDGE_CURVE('',#2127,#2126,#2441,.T.);
#1604=EDGE_CURVE('',#2128,#2127,#2442,.T.);
#1605=EDGE_CURVE('',#2129,#2128,#2443,.T.);
#1606=EDGE_CURVE('',#2130,#2129,#2444,.T.);
#1607=EDGE_CURVE('',#2131,#2130,#2445,.T.);
#1608=EDGE_CURVE('',#2132,#2131,#2446,.T.);
#1609=EDGE_CURVE('',#2133,#2132,#2447,.T.);
#1610=EDGE_CURVE('',#2134,#2133,#2448,.T.);
#1611=EDGE_CURVE('',#2135,#2134,#2449,.T.);
#1612=EDGE_CURVE('',#2136,#2135,#2450,.T.);
#1613=EDGE_CURVE('',#2137,#2136,#2451,.T.);
#1614=EDGE_CURVE('',#2138,#2137,#2452,.T.);
#1615=EDGE_CURVE('',#2139,#2138,#2453,.T.);
#1616=EDGE_CURVE('',#2140,#2139,#2454,.T.);
#1617=EDGE_CURVE('',#2141,#2140,#2455,.T.);
#1618=EDGE_CURVE('',#2142,#2141,#2456,.T.);
#1619=EDGE_CURVE('',#2143,#2142,#2457,.T.);
#1620=EDGE_CURVE('',#2144,#2143,#2458,.T.);
#1621=EDGE_CURVE('',#2145,#2144,#2459,.T.);
#1622=EDGE_CURVE('',#2146,#2145,#2460,.T.);
#1623=EDGE_CURVE('',#2147,#2146,#2461,.T.);
#1624=EDGE_CURVE('',#2148,#2147,#2462,.T.);
#1625=EDGE_CURVE('',#2149,#2148,#2463,.T.);
#1626=EDGE_CURVE('',#2150,#2149,#2464,.T.);
#1627=EDGE_CURVE('',#2151,#2150,#2465,.T.);
#1628=EDGE_CURVE('',#2152,#2151,#2466,.T.);
#1629=EDGE_CURVE('',#2153,#2152,#2467,.T.);
#1630=EDGE_CURVE('',#2154,#2153,#2468,.T.);
#1631=EDGE_CURVE('',#2155,#2154,#2469,.T.);
#1632=EDGE_CURVE('',#2156,#2155,#2470,.T.);
#1633=EDGE_CURVE('',#2157,#2156,#2471,.T.);
#1634=EDGE_CURVE('',#2158,#2157,#2472,.T.);
#1635=EDGE_CURVE('',#2159,#2158,#2473,.T.);
#1636=EDGE_CURVE('',#2160,#2159,#2474,.T.);
#1637=EDGE_CURVE('',#2161,#2160,#2475,.T.);
#1638=EDGE_CURVE('',#2162,#2161,#2476,.T.);
#1639=EDGE_CURVE('',#2163,#2162,#2477,.T.);
#1640=EDGE_CURVE('',#2164,#2163,#2478,.T.);
#1641=EDGE_CURVE('',#2165,#2164,#2479,.T.);
#1642=EDGE_CURVE('',#2115,#2165,#2480,.T.);
#1643=EDGE_CURVE('',#2166,#2166,#2481,.T.);
#1644=EDGE_CURVE('',#2167,#2167,#2482,.T.);
#1645=EDGE_CURVE('',#2168,#2169,#2483,.T.);
#1646=EDGE_CURVE('',#2114,#2168,#332,.T.);
#1647=EDGE_CURVE('',#2169,#2115,#333,.T.);
#1648=EDGE_CURVE('',#2170,#2114,#334,.T.);
#1649=EDGE_CURVE('',#2171,#2170,#2484,.T.);
#1650=EDGE_CURVE('',#2116,#2171,#335,.T.);
#1651=EDGE_CURVE('',#2172,#2173,#2485,.T.);
#1652=EDGE_CURVE('',#2115,#2172,#336,.T.);
#1653=EDGE_CURVE('',#2173,#2165,#337,.T.);
#1654=EDGE_CURVE('',#2174,#2175,#2486,.T.);
#1655=EDGE_CURVE('',#2165,#2174,#338,.T.);
#1656=EDGE_CURVE('',#2175,#2164,#339,.T.);
#1657=EDGE_CURVE('',#2176,#2177,#2487,.T.);
#1658=EDGE_CURVE('',#2164,#2176,#340,.T.);
#1659=EDGE_CURVE('',#2177,#2163,#341,.T.);
#1660=EDGE_CURVE('',#2178,#2179,#2488,.T.);
#1661=EDGE_CURVE('',#2163,#2178,#342,.T.);
#1662=EDGE_CURVE('',#2179,#2162,#343,.T.);
#1663=EDGE_CURVE('',#2180,#2181,#2489,.T.);
#1664=EDGE_CURVE('',#2162,#2180,#344,.T.);
#1665=EDGE_CURVE('',#2181,#2161,#345,.T.);
#1666=EDGE_CURVE('',#2182,#2183,#2490,.T.);
#1667=EDGE_CURVE('',#2160,#2182,#346,.T.);
#1668=EDGE_CURVE('',#2183,#2159,#347,.T.);
#1669=EDGE_CURVE('',#2184,#2160,#348,.T.);
#1670=EDGE_CURVE('',#2185,#2184,#2491,.T.);
#1671=EDGE_CURVE('',#2161,#2185,#349,.T.);
#1672=EDGE_CURVE('',#2186,#2187,#2492,.T.);
#1673=EDGE_CURVE('',#2158,#2186,#350,.T.);
#1674=EDGE_CURVE('',#2187,#2157,#351,.T.);
#1675=EDGE_CURVE('',#2188,#2158,#352,.T.);
#1676=EDGE_CURVE('',#2189,#2188,#2493,.T.);
#1677=EDGE_CURVE('',#2159,#2189,#353,.T.);
#1678=EDGE_CURVE('',#2190,#2191,#2494,.T.);
#1679=EDGE_CURVE('',#2157,#2190,#354,.T.);
#1680=EDGE_CURVE('',#2191,#2156,#355,.T.);
#1681=EDGE_CURVE('',#2192,#2193,#2495,.T.);
#1682=EDGE_CURVE('',#2156,#2192,#356,.T.);
#1683=EDGE_CURVE('',#2193,#2155,#357,.T.);
#1684=EDGE_CURVE('',#2194,#2195,#2496,.T.);
#1685=EDGE_CURVE('',#2155,#2194,#358,.T.);
#1686=EDGE_CURVE('',#2195,#2154,#359,.T.);
#1687=EDGE_CURVE('',#2196,#2197,#2497,.T.);
#1688=EDGE_CURVE('',#2154,#2196,#360,.T.);
#1689=EDGE_CURVE('',#2197,#2153,#361,.T.);
#1690=EDGE_CURVE('',#2198,#2199,#2498,.T.);
#1691=EDGE_CURVE('',#2153,#2198,#362,.T.);
#1692=EDGE_CURVE('',#2199,#2152,#363,.T.);
#1693=EDGE_CURVE('',#2200,#2201,#2499,.T.);
#1694=EDGE_CURVE('',#2152,#2200,#364,.T.);
#1695=EDGE_CURVE('',#2201,#2151,#365,.T.);
#1696=EDGE_CURVE('',#2202,#2203,#2500,.T.);
#1697=EDGE_CURVE('',#2151,#2202,#366,.T.);
#1698=EDGE_CURVE('',#2203,#2150,#367,.T.);
#1699=EDGE_CURVE('',#2204,#2205,#2501,.T.);
#1700=EDGE_CURVE('',#2150,#2204,#368,.T.);
#1701=EDGE_CURVE('',#2205,#2149,#369,.T.);
#1702=EDGE_CURVE('',#2206,#2207,#2502,.T.);
#1703=EDGE_CURVE('',#2149,#2206,#370,.T.);
#1704=EDGE_CURVE('',#2207,#2148,#371,.T.);
#1705=EDGE_CURVE('',#2208,#2209,#2503,.T.);
#1706=EDGE_CURVE('',#2147,#2208,#372,.T.);
#1707=EDGE_CURVE('',#2209,#2146,#373,.T.);
#1708=EDGE_CURVE('',#2210,#2147,#374,.T.);
#1709=EDGE_CURVE('',#2211,#2210,#2504,.T.);
#1710=EDGE_CURVE('',#2148,#2211,#375,.T.);
#1711=EDGE_CURVE('',#2212,#2213,#2505,.T.);
#1712=EDGE_CURVE('',#2145,#2212,#376,.T.);
#1713=EDGE_CURVE('',#2213,#2144,#377,.T.);
#1714=EDGE_CURVE('',#2214,#2145,#378,.T.);
#1715=EDGE_CURVE('',#2215,#2214,#2506,.T.);
#1716=EDGE_CURVE('',#2146,#2215,#379,.T.);
#1717=EDGE_CURVE('',#2216,#2217,#2507,.T.);
#1718=EDGE_CURVE('',#2144,#2216,#380,.T.);
#1719=EDGE_CURVE('',#2217,#2143,#381,.T.);
#1720=EDGE_CURVE('',#2218,#2219,#2508,.T.);
#1721=EDGE_CURVE('',#2143,#2218,#382,.T.);
#1722=EDGE_CURVE('',#2219,#2142,#383,.T.);
#1723=EDGE_CURVE('',#2220,#2221,#2509,.T.);
#1724=EDGE_CURVE('',#2142,#2220,#384,.T.);
#1725=EDGE_CURVE('',#2221,#2141,#385,.T.);
#1726=EDGE_CURVE('',#2222,#2223,#2510,.T.);
#1727=EDGE_CURVE('',#2141,#2222,#386,.T.);
#1728=EDGE_CURVE('',#2223,#2140,#387,.T.);
#1729=EDGE_CURVE('',#2224,#2225,#2511,.T.);
#1730=EDGE_CURVE('',#2140,#2224,#388,.T.);
#1731=EDGE_CURVE('',#2225,#2139,#389,.T.);
#1732=EDGE_CURVE('',#2226,#2227,#2512,.T.);
#1733=EDGE_CURVE('',#2139,#2226,#390,.T.);
#1734=EDGE_CURVE('',#2227,#2138,#391,.T.);
#1735=EDGE_CURVE('',#2228,#2229,#2513,.T.);
#1736=EDGE_CURVE('',#2138,#2228,#392,.T.);
#1737=EDGE_CURVE('',#2229,#2137,#393,.T.);
#1738=EDGE_CURVE('',#2230,#2231,#2514,.T.);
#1739=EDGE_CURVE('',#2137,#2230,#394,.T.);
#1740=EDGE_CURVE('',#2231,#2136,#395,.T.);
#1741=EDGE_CURVE('',#2232,#2233,#2515,.T.);
#1742=EDGE_CURVE('',#2136,#2232,#396,.T.);
#1743=EDGE_CURVE('',#2233,#2135,#397,.T.);
#1744=EDGE_CURVE('',#2234,#2235,#2516,.T.);
#1745=EDGE_CURVE('',#2134,#2234,#398,.T.);
#1746=EDGE_CURVE('',#2235,#2133,#399,.T.);
#1747=EDGE_CURVE('',#2236,#2134,#400,.T.);
#1748=EDGE_CURVE('',#2237,#2236,#2517,.T.);
#1749=EDGE_CURVE('',#2135,#2237,#401,.T.);
#1750=EDGE_CURVE('',#2238,#2239,#2518,.T.);
#1751=EDGE_CURVE('',#2132,#2238,#402,.T.);
#1752=EDGE_CURVE('',#2239,#2131,#403,.T.);
#1753=EDGE_CURVE('',#2240,#2132,#404,.T.);
#1754=EDGE_CURVE('',#2241,#2240,#2519,.T.);
#1755=EDGE_CURVE('',#2133,#2241,#405,.T.);
#1756=EDGE_CURVE('',#2242,#2243,#2520,.T.);
#1757=EDGE_CURVE('',#2131,#2242,#406,.T.);
#1758=EDGE_CURVE('',#2243,#2130,#407,.T.);
#1759=EDGE_CURVE('',#2244,#2245,#2521,.T.);
#1760=EDGE_CURVE('',#2130,#2244,#408,.T.);
#1761=EDGE_CURVE('',#2245,#2129,#409,.T.);
#1762=EDGE_CURVE('',#2246,#2247,#2522,.T.);
#1763=EDGE_CURVE('',#2129,#2246,#410,.T.);
#1764=EDGE_CURVE('',#2247,#2128,#411,.T.);
#1765=EDGE_CURVE('',#2248,#2249,#2523,.T.);
#1766=EDGE_CURVE('',#2128,#2248,#412,.T.);
#1767=EDGE_CURVE('',#2249,#2127,#413,.T.);
#1768=EDGE_CURVE('',#2250,#2251,#2524,.T.);
#1769=EDGE_CURVE('',#2127,#2250,#414,.T.);
#1770=EDGE_CURVE('',#2251,#2126,#415,.T.);
#1771=EDGE_CURVE('',#2252,#2253,#2525,.T.);
#1772=EDGE_CURVE('',#2126,#2252,#416,.T.);
#1773=EDGE_CURVE('',#2253,#2125,#417,.T.);
#1774=EDGE_CURVE('',#2254,#2255,#2526,.T.);
#1775=EDGE_CURVE('',#2125,#2254,#418,.T.);
#1776=EDGE_CURVE('',#2255,#2124,#419,.T.);
#1777=EDGE_CURVE('',#2256,#2257,#2527,.T.);
#1778=EDGE_CURVE('',#2124,#2256,#420,.T.);
#1779=EDGE_CURVE('',#2257,#2123,#421,.T.);
#1780=EDGE_CURVE('',#2258,#2259,#2528,.T.);
#1781=EDGE_CURVE('',#2123,#2258,#422,.T.);
#1782=EDGE_CURVE('',#2259,#2122,#423,.T.);
#1783=EDGE_CURVE('',#2260,#2261,#2529,.T.);
#1784=EDGE_CURVE('',#2121,#2260,#424,.T.);
#1785=EDGE_CURVE('',#2261,#2120,#425,.T.);
#1786=EDGE_CURVE('',#2262,#2121,#426,.T.);
#1787=EDGE_CURVE('',#2263,#2262,#2530,.T.);
#1788=EDGE_CURVE('',#2122,#2263,#427,.T.);
#1789=EDGE_CURVE('',#2264,#2265,#2531,.T.);
#1790=EDGE_CURVE('',#2119,#2264,#428,.T.);
#1791=EDGE_CURVE('',#2265,#2118,#429,.T.);
#1792=EDGE_CURVE('',#2266,#2119,#430,.T.);
#1793=EDGE_CURVE('',#2267,#2266,#2532,.T.);
#1794=EDGE_CURVE('',#2120,#2267,#431,.T.);
#1795=EDGE_CURVE('',#2268,#2269,#2533,.T.);
#1796=EDGE_CURVE('',#2118,#2268,#432,.T.);
#1797=EDGE_CURVE('',#2269,#2117,#433,.T.);
#1798=EDGE_CURVE('',#2270,#2271,#2534,.T.);
#1799=EDGE_CURVE('',#2117,#2270,#434,.T.);
#1800=EDGE_CURVE('',#2271,#2116,#435,.T.);
#1801=EDGE_CURVE('',#2272,#2273,#2535,.T.);
#1802=EDGE_CURVE('',#2273,#2274,#2536,.F.);
#1803=EDGE_CURVE('',#2274,#2275,#2537,.F.);
#1804=EDGE_CURVE('',#2275,#2276,#2538,.T.);
#1805=EDGE_CURVE('',#2276,#2277,#2539,.F.);
#1806=EDGE_CURVE('',#2277,#2278,#2540,.F.);
#1807=EDGE_CURVE('',#2278,#2279,#2541,.T.);
#1808=EDGE_CURVE('',#2279,#2280,#2542,.F.);
#1809=EDGE_CURVE('',#2280,#2281,#2543,.F.);
#1810=EDGE_CURVE('',#2281,#2282,#2544,.T.);
#1811=EDGE_CURVE('',#2282,#2283,#2545,.F.);
#1812=EDGE_CURVE('',#2283,#2284,#2546,.F.);
#1813=EDGE_CURVE('',#2284,#2285,#2547,.T.);
#1814=EDGE_CURVE('',#2285,#2286,#2548,.F.);
#1815=EDGE_CURVE('',#2286,#2287,#2549,.F.);
#1816=EDGE_CURVE('',#2287,#2288,#2550,.T.);
#1817=EDGE_CURVE('',#2288,#2289,#2551,.F.);
#1818=EDGE_CURVE('',#2289,#2290,#2552,.F.);
#1819=EDGE_CURVE('',#2290,#2291,#2553,.T.);
#1820=EDGE_CURVE('',#2291,#2292,#2554,.F.);
#1821=EDGE_CURVE('',#2292,#2293,#2555,.F.);
#1822=EDGE_CURVE('',#2293,#2294,#2556,.T.);
#1823=EDGE_CURVE('',#2294,#2295,#2557,.F.);
#1824=EDGE_CURVE('',#2295,#2296,#2558,.F.);
#1825=EDGE_CURVE('',#2296,#2297,#2559,.T.);
#1826=EDGE_CURVE('',#2297,#2298,#2560,.F.);
#1827=EDGE_CURVE('',#2298,#2299,#2561,.F.);
#1828=EDGE_CURVE('',#2299,#2300,#2562,.T.);
#1829=EDGE_CURVE('',#2300,#2301,#2563,.F.);
#1830=EDGE_CURVE('',#2301,#2302,#2564,.F.);
#1831=EDGE_CURVE('',#2302,#2303,#2565,.T.);
#1832=EDGE_CURVE('',#2303,#2304,#2566,.F.);
#1833=EDGE_CURVE('',#2304,#2305,#2567,.F.);
#1834=EDGE_CURVE('',#2305,#2306,#2568,.T.);
#1835=EDGE_CURVE('',#2306,#2307,#2569,.F.);
#1836=EDGE_CURVE('',#2307,#2308,#2570,.F.);
#1837=EDGE_CURVE('',#2308,#2309,#2571,.T.);
#1838=EDGE_CURVE('',#2309,#2310,#2572,.F.);
#1839=EDGE_CURVE('',#2310,#2311,#2573,.F.);
#1840=EDGE_CURVE('',#2311,#2312,#2574,.T.);
#1841=EDGE_CURVE('',#2312,#2313,#2575,.F.);
#1842=EDGE_CURVE('',#2313,#2314,#2576,.F.);
#1843=EDGE_CURVE('',#2314,#2315,#2577,.T.);
#1844=EDGE_CURVE('',#2315,#2316,#2578,.F.);
#1845=EDGE_CURVE('',#2316,#2317,#2579,.F.);
#1846=EDGE_CURVE('',#2317,#2318,#2580,.T.);
#1847=EDGE_CURVE('',#2318,#2319,#2581,.F.);
#1848=EDGE_CURVE('',#2319,#2320,#2582,.F.);
#1849=EDGE_CURVE('',#2320,#2321,#2583,.T.);
#1850=EDGE_CURVE('',#2321,#2322,#2584,.F.);
#1851=EDGE_CURVE('',#2322,#2323,#2585,.F.);
#1852=EDGE_CURVE('',#2323,#2324,#2586,.T.);
#1853=EDGE_CURVE('',#2324,#2325,#2587,.F.);
#1854=EDGE_CURVE('',#2325,#2326,#2588,.F.);
#1855=EDGE_CURVE('',#2326,#2327,#2589,.T.);
#1856=EDGE_CURVE('',#2327,#2328,#2590,.F.);
#1857=EDGE_CURVE('',#2328,#2329,#2591,.F.);
#1858=EDGE_CURVE('',#2329,#2330,#2592,.T.);
#1859=EDGE_CURVE('',#2330,#2331,#2593,.F.);
#1860=EDGE_CURVE('',#2331,#2332,#2594,.F.);
#1861=EDGE_CURVE('',#2332,#2333,#2595,.T.);
#1862=EDGE_CURVE('',#2333,#2334,#2596,.F.);
#1863=EDGE_CURVE('',#2334,#2335,#2597,.F.);
#1864=EDGE_CURVE('',#2335,#2336,#2598,.T.);
#1865=EDGE_CURVE('',#2336,#2337,#2599,.F.);
#1866=EDGE_CURVE('',#2337,#2338,#2600,.F.);
#1867=EDGE_CURVE('',#2338,#2339,#2601,.T.);
#1868=EDGE_CURVE('',#2339,#2340,#2602,.F.);
#1869=EDGE_CURVE('',#2340,#2341,#2603,.F.);
#1870=EDGE_CURVE('',#2341,#2342,#2604,.T.);
#1871=EDGE_CURVE('',#2342,#2343,#2605,.F.);
#1872=EDGE_CURVE('',#2343,#2344,#2606,.F.);
#1873=EDGE_CURVE('',#2344,#2345,#2607,.T.);
#1874=EDGE_CURVE('',#2345,#2346,#2608,.F.);
#1875=EDGE_CURVE('',#2346,#2347,#2609,.F.);
#1876=EDGE_CURVE('',#2347,#2348,#2610,.T.);
#1877=EDGE_CURVE('',#2348,#2349,#2611,.F.);
#1878=EDGE_CURVE('',#2349,#2350,#2612,.F.);
#1879=EDGE_CURVE('',#2350,#2351,#2613,.T.);
#1880=EDGE_CURVE('',#2351,#2352,#2614,.F.);
#1881=EDGE_CURVE('',#2352,#2353,#2615,.F.);
#1882=EDGE_CURVE('',#2353,#2354,#2616,.T.);
#1883=EDGE_CURVE('',#2354,#2355,#2617,.F.);
#1884=EDGE_CURVE('',#2355,#2356,#2618,.F.);
#1885=EDGE_CURVE('',#2356,#2357,#2619,.T.);
#1886=EDGE_CURVE('',#2357,#2358,#2620,.F.);
#1887=EDGE_CURVE('',#2358,#2359,#2621,.F.);
#1888=EDGE_CURVE('',#2359,#2360,#2622,.T.);
#1889=EDGE_CURVE('',#2360,#2361,#2623,.F.);
#1890=EDGE_CURVE('',#2361,#2362,#2624,.F.);
#1891=EDGE_CURVE('',#2362,#2363,#2625,.T.);
#1892=EDGE_CURVE('',#2363,#2364,#2626,.F.);
#1893=EDGE_CURVE('',#2364,#2365,#2627,.F.);
#1894=EDGE_CURVE('',#2365,#2366,#2628,.T.);
#1895=EDGE_CURVE('',#2366,#2367,#2629,.F.);
#1896=EDGE_CURVE('',#2367,#2368,#2630,.F.);
#1897=EDGE_CURVE('',#2368,#2369,#2631,.T.);
#1898=EDGE_CURVE('',#2369,#2370,#2632,.F.);
#1899=EDGE_CURVE('',#2370,#2371,#2633,.F.);
#1900=EDGE_CURVE('',#2371,#2372,#2634,.T.);
#1901=EDGE_CURVE('',#2372,#2373,#2635,.F.);
#1902=EDGE_CURVE('',#2373,#2374,#2636,.F.);
#1903=EDGE_CURVE('',#2374,#2375,#2637,.T.);
#1904=EDGE_CURVE('',#2375,#2376,#2638,.F.);
#1905=EDGE_CURVE('',#2376,#2377,#2639,.F.);
#1906=EDGE_CURVE('',#2377,#2378,#2640,.T.);
#1907=EDGE_CURVE('',#2378,#2379,#2641,.F.);
#1908=EDGE_CURVE('',#2379,#2380,#2642,.F.);
#1909=EDGE_CURVE('',#2380,#2381,#2643,.T.);
#1910=EDGE_CURVE('',#2381,#2382,#2644,.F.);
#1911=EDGE_CURVE('',#2382,#2383,#2645,.F.);
#1912=EDGE_CURVE('',#2383,#2384,#2646,.T.);
#1913=EDGE_CURVE('',#2384,#2385,#2647,.F.);
#1914=EDGE_CURVE('',#2385,#2386,#2648,.F.);
#1915=EDGE_CURVE('',#2386,#2387,#2649,.T.);
#1916=EDGE_CURVE('',#2387,#2388,#2650,.F.);
#1917=EDGE_CURVE('',#2388,#2389,#2651,.F.);
#1918=EDGE_CURVE('',#2389,#2390,#2652,.T.);
#1919=EDGE_CURVE('',#2390,#2391,#2653,.F.);
#1920=EDGE_CURVE('',#2391,#2392,#2654,.F.);
#1921=EDGE_CURVE('',#2392,#2393,#2655,.T.);
#1922=EDGE_CURVE('',#2393,#2394,#2656,.F.);
#1923=EDGE_CURVE('',#2394,#2395,#2657,.F.);
#1924=EDGE_CURVE('',#2395,#2396,#2658,.T.);
#1925=EDGE_CURVE('',#2396,#2397,#2659,.F.);
#1926=EDGE_CURVE('',#2397,#2398,#2660,.F.);
#1927=EDGE_CURVE('',#2398,#2399,#2661,.T.);
#1928=EDGE_CURVE('',#2399,#2400,#2662,.F.);
#1929=EDGE_CURVE('',#2400,#2401,#2663,.F.);
#1930=EDGE_CURVE('',#2401,#2402,#2664,.T.);
#1931=EDGE_CURVE('',#2402,#2403,#2665,.F.);
#1932=EDGE_CURVE('',#2403,#2404,#2666,.F.);
#1933=EDGE_CURVE('',#2404,#2405,#2667,.T.);
#1934=EDGE_CURVE('',#2405,#2406,#2668,.F.);
#1935=EDGE_CURVE('',#2406,#2407,#2669,.F.);
#1936=EDGE_CURVE('',#2407,#2408,#2670,.T.);
#1937=EDGE_CURVE('',#2408,#2409,#2671,.F.);
#1938=EDGE_CURVE('',#2409,#2410,#2672,.F.);
#1939=EDGE_CURVE('',#2410,#2411,#2673,.T.);
#1940=EDGE_CURVE('',#2411,#2412,#2674,.F.);
#1941=EDGE_CURVE('',#2412,#2413,#2675,.F.);
#1942=EDGE_CURVE('',#2413,#2414,#2676,.T.);
#1943=EDGE_CURVE('',#2414,#2415,#2677,.F.);
#1944=EDGE_CURVE('',#2415,#2416,#2678,.F.);
#1945=EDGE_CURVE('',#2416,#2417,#2679,.T.);
#1946=EDGE_CURVE('',#2417,#2418,#2680,.F.);
#1947=EDGE_CURVE('',#2418,#2419,#2681,.F.);
#1948=EDGE_CURVE('',#2419,#2420,#2682,.T.);
#1949=EDGE_CURVE('',#2420,#2421,#2683,.F.);
#1950=EDGE_CURVE('',#2421,#2422,#2684,.F.);
#1951=EDGE_CURVE('',#2422,#2423,#2685,.T.);
#1952=EDGE_CURVE('',#2423,#2424,#2686,.F.);
#1953=EDGE_CURVE('',#2424,#2425,#2687,.F.);
#1954=EDGE_CURVE('',#2425,#2426,#2688,.T.);
#1955=EDGE_CURVE('',#2426,#2427,#2689,.F.);
#1956=EDGE_CURVE('',#2427,#2272,#2690,.F.);
#1957=EDGE_CURVE('',#2274,#2120,#20,.T.);
#1958=EDGE_CURVE('',#2275,#2267,#21,.F.);
#1959=EDGE_CURVE('',#2261,#2273,#22,.T.);
#1960=EDGE_CURVE('',#2427,#2121,#23,.T.);
#1961=EDGE_CURVE('',#2272,#2260,#24,.F.);
#1962=EDGE_CURVE('',#2262,#2426,#25,.T.);
#1963=EDGE_CURVE('',#2424,#2122,#26,.T.);
#1964=EDGE_CURVE('',#2425,#2263,#27,.F.);
#1965=EDGE_CURVE('',#2259,#2423,#28,.T.);
#1966=EDGE_CURVE('',#2421,#2123,#29,.T.);
#1967=EDGE_CURVE('',#2422,#2258,#30,.F.);
#1968=EDGE_CURVE('',#2257,#2420,#31,.T.);
#1969=EDGE_CURVE('',#2418,#2124,#32,.T.);
#1970=EDGE_CURVE('',#2419,#2256,#33,.F.);
#1971=EDGE_CURVE('',#2255,#2417,#34,.T.);
#1972=EDGE_CURVE('',#2415,#2125,#35,.T.);
#1973=EDGE_CURVE('',#2416,#2254,#36,.F.);
#1974=EDGE_CURVE('',#2253,#2414,#37,.T.);
#1975=EDGE_CURVE('',#2412,#2126,#38,.T.);
#1976=EDGE_CURVE('',#2413,#2252,#39,.F.);
#1977=EDGE_CURVE('',#2251,#2411,#40,.T.);
#1978=EDGE_CURVE('',#2409,#2127,#41,.T.);
#1979=EDGE_CURVE('',#2410,#2250,#42,.F.);
#1980=EDGE_CURVE('',#2249,#2408,#43,.T.);
#1981=EDGE_CURVE('',#2406,#2128,#44,.T.);
#1982=EDGE_CURVE('',#2407,#2248,#45,.F.);
#1983=EDGE_CURVE('',#2247,#2405,#46,.T.);
#1984=EDGE_CURVE('',#2403,#2129,#47,.T.);
#1985=EDGE_CURVE('',#2404,#2246,#48,.F.);
#1986=EDGE_CURVE('',#2245,#2402,#49,.T.);
#1987=EDGE_CURVE('',#2400,#2130,#50,.T.);
#1988=EDGE_CURVE('',#2401,#2244,#51,.F.);
#1989=EDGE_CURVE('',#2243,#2399,#52,.T.);
#1990=EDGE_CURVE('',#2397,#2131,#53,.T.);
#1991=EDGE_CURVE('',#2398,#2242,#54,.F.);
#1992=EDGE_CURVE('',#2239,#2396,#55,.T.);
#1993=EDGE_CURVE('',#2394,#2132,#56,.T.);
#1994=EDGE_CURVE('',#2395,#2238,#57,.F.);
#1995=EDGE_CURVE('',#2240,#2393,#58,.T.);
#1996=EDGE_CURVE('',#2391,#2133,#59,.T.);
#1997=EDGE_CURVE('',#2392,#2241,#60,.F.);
#1998=EDGE_CURVE('',#2235,#2390,#61,.T.);
#1999=EDGE_CURVE('',#2388,#2134,#62,.T.);
#2000=EDGE_CURVE('',#2389,#2234,#63,.F.);
#2001=EDGE_CURVE('',#2236,#2387,#64,.T.);
#2002=EDGE_CURVE('',#2385,#2135,#65,.T.);
#2003=EDGE_CURVE('',#2386,#2237,#66,.F.);
#2004=EDGE_CURVE('',#2233,#2384,#67,.T.);
#2005=EDGE_CURVE('',#2382,#2136,#68,.T.);
#2006=EDGE_CURVE('',#2383,#2232,#69,.F.);
#2007=EDGE_CURVE('',#2231,#2381,#70,.T.);
#2008=EDGE_CURVE('',#2379,#2137,#71,.T.);
#2009=EDGE_CURVE('',#2380,#2230,#72,.F.);
#2010=EDGE_CURVE('',#2229,#2378,#73,.T.);
#2011=EDGE_CURVE('',#2376,#2138,#74,.T.);
#2012=EDGE_CURVE('',#2377,#2228,#75,.F.);
#2013=EDGE_CURVE('',#2227,#2375,#76,.T.);
#2014=EDGE_CURVE('',#2373,#2139,#77,.T.);
#2015=EDGE_CURVE('',#2374,#2226,#78,.F.);
#2016=EDGE_CURVE('',#2225,#2372,#79,.T.);
#2017=EDGE_CURVE('',#2370,#2140,#80,.T.);
#2018=EDGE_CURVE('',#2371,#2224,#81,.F.);
#2019=EDGE_CURVE('',#2223,#2369,#82,.T.);
#2020=EDGE_CURVE('',#2367,#2141,#83,.T.);
#2021=EDGE_CURVE('',#2368,#2222,#84,.F.);
#2022=EDGE_CURVE('',#2221,#2366,#85,.T.);
#2023=EDGE_CURVE('',#2364,#2142,#86,.T.);
#2024=EDGE_CURVE('',#2365,#2220,#87,.F.);
#2025=EDGE_CURVE('',#2219,#2363,#88,.T.);
#2026=EDGE_CURVE('',#2361,#2143,#89,.T.);
#2027=EDGE_CURVE('',#2362,#2218,#90,.F.);
#2028=EDGE_CURVE('',#2217,#2360,#91,.T.);
#2029=EDGE_CURVE('',#2358,#2144,#92,.T.);
#2030=EDGE_CURVE('',#2359,#2216,#93,.F.);
#2031=EDGE_CURVE('',#2213,#2357,#94,.T.);
#2032=EDGE_CURVE('',#2355,#2145,#95,.T.);
#2033=EDGE_CURVE('',#2356,#2212,#96,.F.);
#2034=EDGE_CURVE('',#2214,#2354,#97,.T.);
#2035=EDGE_CURVE('',#2352,#2146,#98,.T.);
#2036=EDGE_CURVE('',#2353,#2215,#99,.F.);
#2037=EDGE_CURVE('',#2209,#2351,#100,.T.);
#2038=EDGE_CURVE('',#2349,#2147,#101,.T.);
#2039=EDGE_CURVE('',#2350,#2208,#102,.F.);
#2040=EDGE_CURVE('',#2210,#2348,#103,.T.);
#2041=EDGE_CURVE('',#2346,#2148,#104,.T.);
#2042=EDGE_CURVE('',#2347,#2211,#105,.F.);
#2043=EDGE_CURVE('',#2207,#2345,#106,.T.);
#2044=EDGE_CURVE('',#2343,#2149,#107,.T.);
#2045=EDGE_CURVE('',#2344,#2206,#108,.F.);
#2046=EDGE_CURVE('',#2205,#2342,#109,.T.);
#2047=EDGE_CURVE('',#2340,#2150,#110,.T.);
#2048=EDGE_CURVE('',#2341,#2204,#111,.F.);
#2049=EDGE_CURVE('',#2203,#2339,#112,.T.);
#2050=EDGE_CURVE('',#2337,#2151,#113,.T.);
#2051=EDGE_CURVE('',#2338,#2202,#114,.F.);
#2052=EDGE_CURVE('',#2201,#2336,#115,.T.);
#2053=EDGE_CURVE('',#2334,#2152,#116,.T.);
#2054=EDGE_CURVE('',#2335,#2200,#117,.F.);
#2055=EDGE_CURVE('',#2199,#2333,#118,.T.);
#2056=EDGE_CURVE('',#2331,#2153,#119,.T.);
#2057=EDGE_CURVE('',#2332,#2198,#120,.F.);
#2058=EDGE_CURVE('',#2197,#2330,#121,.T.);
#2059=EDGE_CURVE('',#2328,#2154,#122,.T.);
#2060=EDGE_CURVE('',#2329,#2196,#123,.F.);
#2061=EDGE_CURVE('',#2195,#2327,#124,.T.);
#2062=EDGE_CURVE('',#2325,#2155,#125,.T.);
#2063=EDGE_CURVE('',#2326,#2194,#126,.F.);
#2064=EDGE_CURVE('',#2193,#2324,#127,.T.);
#2065=EDGE_CURVE('',#2322,#2156,#128,.T.);
#2066=EDGE_CURVE('',#2323,#2192,#129,.F.);
#2067=EDGE_CURVE('',#2191,#2321,#130,.T.);
#2068=EDGE_CURVE('',#2319,#2157,#131,.T.);
#2069=EDGE_CURVE('',#2320,#2190,#132,.F.);
#2070=EDGE_CURVE('',#2187,#2318,#133,.T.);
#2071=EDGE_CURVE('',#2316,#2158,#134,.T.);
#2072=EDGE_CURVE('',#2317,#2186,#135,.F.);
#2073=EDGE_CURVE('',#2188,#2315,#136,.T.);
#2074=EDGE_CURVE('',#2313,#2159,#137,.T.);
#2075=EDGE_CURVE('',#2314,#2189,#138,.F.);
#2076=EDGE_CURVE('',#2183,#2312,#139,.T.);
#2077=EDGE_CURVE('',#2310,#2160,#140,.T.);
#2078=EDGE_CURVE('',#2311,#2182,#141,.F.);
#2079=EDGE_CURVE('',#2184,#2309,#142,.T.);
#2080=EDGE_CURVE('',#2307,#2161,#143,.T.);
#2081=EDGE_CURVE('',#2308,#2185,#144,.F.);
#2082=EDGE_CURVE('',#2181,#2306,#145,.T.);
#2083=EDGE_CURVE('',#2304,#2162,#146,.T.);
#2084=EDGE_CURVE('',#2305,#2180,#147,.F.);
#2085=EDGE_CURVE('',#2179,#2303,#148,.T.);
#2086=EDGE_CURVE('',#2301,#2163,#149,.T.);
#2087=EDGE_CURVE('',#2302,#2178,#150,.F.);
#2088=EDGE_CURVE('',#2177,#2300,#151,.T.);
#2089=EDGE_CURVE('',#2298,#2164,#152,.T.);
#2090=EDGE_CURVE('',#2299,#2176,#153,.F.);
#2091=EDGE_CURVE('',#2175,#2297,#154,.T.);
#2092=EDGE_CURVE('',#2295,#2165,#155,.T.);
#2093=EDGE_CURVE('',#2296,#2174,#156,.F.);
#2094=EDGE_CURVE('',#2173,#2294,#157,.T.);
#2095=EDGE_CURVE('',#2292,#2115,#158,.T.);
#2096=EDGE_CURVE('',#2293,#2172,#159,.F.);
#2097=EDGE_CURVE('',#2169,#2291,#160,.T.);
#2098=EDGE_CURVE('',#2289,#2114,#161,.T.);
#2099=EDGE_CURVE('',#2290,#2168,#162,.F.);
#2100=EDGE_CURVE('',#2170,#2288,#163,.T.);
#2101=EDGE_CURVE('',#2286,#2116,#164,.T.);
#2102=EDGE_CURVE('',#2287,#2171,#165,.F.);
#2103=EDGE_CURVE('',#2271,#2285,#166,.T.);
#2104=EDGE_CURVE('',#2283,#2117,#167,.T.);
#2105=EDGE_CURVE('',#2284,#2270,#168,.F.);
#2106=EDGE_CURVE('',#2269,#2282,#169,.T.);
#2107=EDGE_CURVE('',#2280,#2118,#170,.T.);
#2108=EDGE_CURVE('',#2281,#2268,#171,.F.);
#2109=EDGE_CURVE('',#2265,#2279,#172,.T.);
#2110=EDGE_CURVE('',#2277,#2119,#173,.T.);
#2111=EDGE_CURVE('',#2278,#2264,#174,.F.);
#2112=EDGE_CURVE('',#2266,#2276,#175,.T.);
#2113=VERTEX_POINT('',#6528);
#2114=VERTEX_POINT('',#6530);
#2115=VERTEX_POINT('',#6531);
#2116=VERTEX_POINT('',#6533);
#2117=VERTEX_POINT('',#6535);
#2118=VERTEX_POINT('',#6537);
#2119=VERTEX_POINT('',#6539);
#2120=VERTEX_POINT('',#6541);
#2121=VERTEX_POINT('',#6543);
#2122=VERTEX_POINT('',#6545);
#2123=VERTEX_POINT('',#6547);
#2124=VERTEX_POINT('',#6549);
#2125=VERTEX_POINT('',#6551);
#2126=VERTEX_POINT('',#6553);
#2127=VERTEX_POINT('',#6555);
#2128=VERTEX_POINT('',#6557);
#2129=VERTEX_POINT('',#6559);
#2130=VERTEX_POINT('',#6561);
#2131=VERTEX_POINT('',#6563);
#2132=VERTEX_POINT('',#6565);
#2133=VERTEX_POINT('',#6567);
#2134=VERTEX_POINT('',#6569);
#2135=VERTEX_POINT('',#6571);
#2136=VERTEX_POINT('',#6573);
#2137=VERTEX_POINT('',#6575);
#2138=VERTEX_POINT('',#6577);
#2139=VERTEX_POINT('',#6579);
#2140=VERTEX_POINT('',#6581);
#2141=VERTEX_POINT('',#6583);
#2142=VERTEX_POINT('',#6585);
#2143=VERTEX_POINT('',#6587);
#2144=VERTEX_POINT('',#6589);
#2145=VERTEX_POINT('',#6591);
#2146=VERTEX_POINT('',#6593);
#2147=VERTEX_POINT('',#6595);
#2148=VERTEX_POINT('',#6597);
#2149=VERTEX_POINT('',#6599);
#2150=VERTEX_POINT('',#6601);
#2151=VERTEX_POINT('',#6603);
#2152=VERTEX_POINT('',#6605);
#2153=VERTEX_POINT('',#6607);
#2154=VERTEX_POINT('',#6609);
#2155=VERTEX_POINT('',#6611);
#2156=VERTEX_POINT('',#6613);
#2157=VERTEX_POINT('',#6615);
#2158=VERTEX_POINT('',#6617);
#2159=VERTEX_POINT('',#6619);
#2160=VERTEX_POINT('',#6621);
#2161=VERTEX_POINT('',#6623);
#2162=VERTEX_POINT('',#6625);
#2163=VERTEX_POINT('',#6627);
#2164=VERTEX_POINT('',#6629);
#2165=VERTEX_POINT('',#6631);
#2166=VERTEX_POINT('',#6635);
#2167=VERTEX_POINT('',#6637);
#2168=VERTEX_POINT('',#6642);
#2169=VERTEX_POINT('',#6643);
#2170=VERTEX_POINT('',#6657);
#2171=VERTEX_POINT('',#6659);
#2172=VERTEX_POINT('',#6666);
#2173=VERTEX_POINT('',#6667);
#2174=VERTEX_POINT('',#6678);
#2175=VERTEX_POINT('',#6679);
#2176=VERTEX_POINT('',#6690);
#2177=VERTEX_POINT('',#6691);
#2178=VERTEX_POINT('',#6702);
#2179=VERTEX_POINT('',#6703);
#2180=VERTEX_POINT('',#6714);
#2181=VERTEX_POINT('',#6715);
#2182=VERTEX_POINT('',#6726);
#2183=VERTEX_POINT('',#6727);
#2184=VERTEX_POINT('',#6741);
#2185=VERTEX_POINT('',#6743);
#2186=VERTEX_POINT('',#6750);
#2187=VERTEX_POINT('',#6751);
#2188=VERTEX_POINT('',#6765);
#2189=VERTEX_POINT('',#6767);
#2190=VERTEX_POINT('',#6774);
#2191=VERTEX_POINT('',#6775);
#2192=VERTEX_POINT('',#6786);
#2193=VERTEX_POINT('',#6787);
#2194=VERTEX_POINT('',#6798);
#2195=VERTEX_POINT('',#6799);
#2196=VERTEX_POINT('',#6810);
#2197=VERTEX_POINT('',#6811);
#2198=VERTEX_POINT('',#6822);
#2199=VERTEX_POINT('',#6823);
#2200=VERTEX_POINT('',#6834);
#2201=VERTEX_POINT('',#6835);
#2202=VERTEX_POINT('',#6846);
#2203=VERTEX_POINT('',#6847);
#2204=VERTEX_POINT('',#6858);
#2205=VERTEX_POINT('',#6859);
#2206=VERTEX_POINT('',#6870);
#2207=VERTEX_POINT('',#6871);
#2208=VERTEX_POINT('',#6882);
#2209=VERTEX_POINT('',#6883);
#2210=VERTEX_POINT('',#6897);
#2211=VERTEX_POINT('',#6899);
#2212=VERTEX_POINT('',#6906);
#2213=VERTEX_POINT('',#6907);
#2214=VERTEX_POINT('',#6921);
#2215=VERTEX_POINT('',#6923);
#2216=VERTEX_POINT('',#6930);
#2217=VERTEX_POINT('',#6931);
#2218=VERTEX_POINT('',#6942);
#2219=VERTEX_POINT('',#6943);
#2220=VERTEX_POINT('',#6954);
#2221=VERTEX_POINT('',#6955);
#2222=VERTEX_POINT('',#6966);
#2223=VERTEX_POINT('',#6967);
#2224=VERTEX_POINT('',#6978);
#2225=VERTEX_POINT('',#6979);
#2226=VERTEX_POINT('',#6990);
#2227=VERTEX_POINT('',#6991);
#2228=VERTEX_POINT('',#7002);
#2229=VERTEX_POINT('',#7003);
#2230=VERTEX_POINT('',#7014);
#2231=VERTEX_POINT('',#7015);
#2232=VERTEX_POINT('',#7026);
#2233=VERTEX_POINT('',#7027);
#2234=VERTEX_POINT('',#7038);
#2235=VERTEX_POINT('',#7039);
#2236=VERTEX_POINT('',#7053);
#2237=VERTEX_POINT('',#7055);
#2238=VERTEX_POINT('',#7062);
#2239=VERTEX_POINT('',#7063);
#2240=VERTEX_POINT('',#7077);
#2241=VERTEX_POINT('',#7079);
#2242=VERTEX_POINT('',#7086);
#2243=VERTEX_POINT('',#7087);
#2244=VERTEX_POINT('',#7098);
#2245=VERTEX_POINT('',#7099);
#2246=VERTEX_POINT('',#7110);
#2247=VERTEX_POINT('',#7111);
#2248=VERTEX_POINT('',#7122);
#2249=VERTEX_POINT('',#7123);
#2250=VERTEX_POINT('',#7134);
#2251=VERTEX_POINT('',#7135);
#2252=VERTEX_POINT('',#7146);
#2253=VERTEX_POINT('',#7147);
#2254=VERTEX_POINT('',#7158);
#2255=VERTEX_POINT('',#7159);
#2256=VERTEX_POINT('',#7170);
#2257=VERTEX_POINT('',#7171);
#2258=VERTEX_POINT('',#7182);
#2259=VERTEX_POINT('',#7183);
#2260=VERTEX_POINT('',#7194);
#2261=VERTEX_POINT('',#7195);
#2262=VERTEX_POINT('',#7209);
#2263=VERTEX_POINT('',#7211);
#2264=VERTEX_POINT('',#7218);
#2265=VERTEX_POINT('',#7219);
#2266=VERTEX_POINT('',#7233);
#2267=VERTEX_POINT('',#7235);
#2268=VERTEX_POINT('',#7242);
#2269=VERTEX_POINT('',#7243);
#2270=VERTEX_POINT('',#7254);
#2271=VERTEX_POINT('',#7255);
#2272=VERTEX_POINT('',#7266);
#2273=VERTEX_POINT('',#7267);
#2274=VERTEX_POINT('',#7269);
#2275=VERTEX_POINT('',#7271);
#2276=VERTEX_POINT('',#7273);
#2277=VERTEX_POINT('',#7275);
#2278=VERTEX_POINT('',#7277);
#2279=VERTEX_POINT('',#7279);
#2280=VERTEX_POINT('',#7281);
#2281=VERTEX_POINT('',#7283);
#2282=VERTEX_POINT('',#7285);
#2283=VERTEX_POINT('',#7287);
#2284=VERTEX_POINT('',#7289);
#2285=VERTEX_POINT('',#7291);
#2286=VERTEX_POINT('',#7293);
#2287=VERTEX_POINT('',#7295);
#2288=VERTEX_POINT('',#7297);
#2289=VERTEX_POINT('',#7299);
#2290=VERTEX_POINT('',#7301);
#2291=VERTEX_POINT('',#7303);
#2292=VERTEX_POINT('',#7305);
#2293=VERTEX_POINT('',#7307);
#2294=VERTEX_POINT('',#7309);
#2295=VERTEX_POINT('',#7311);
#2296=VERTEX_POINT('',#7313);
#2297=VERTEX_POINT('',#7315);
#2298=VERTEX_POINT('',#7317);
#2299=VERTEX_POINT('',#7319);
#2300=VERTEX_POINT('',#7321);
#2301=VERTEX_POINT('',#7323);
#2302=VERTEX_POINT('',#7325);
#2303=VERTEX_POINT('',#7327);
#2304=VERTEX_POINT('',#7329);
#2305=VERTEX_POINT('',#7331);
#2306=VERTEX_POINT('',#7333);
#2307=VERTEX_POINT('',#7335);
#2308=VERTEX_POINT('',#7337);
#2309=VERTEX_POINT('',#7339);
#2310=VERTEX_POINT('',#7341);
#2311=VERTEX_POINT('',#7343);
#2312=VERTEX_POINT('',#7345);
#2313=VERTEX_POINT('',#7347);
#2314=VERTEX_POINT('',#7349);
#2315=VERTEX_POINT('',#7351);
#2316=VERTEX_POINT('',#7353);
#2317=VERTEX_POINT('',#7355);
#2318=VERTEX_POINT('',#7357);
#2319=VERTEX_POINT('',#7359);
#2320=VERTEX_POINT('',#7361);
#2321=VERTEX_POINT('',#7363);
#2322=VERTEX_POINT('',#7365);
#2323=VERTEX_POINT('',#7367);
#2324=VERTEX_POINT('',#7369);
#2325=VERTEX_POINT('',#7371);
#2326=VERTEX_POINT('',#7373);
#2327=VERTEX_POINT('',#7375);
#2328=VERTEX_POINT('',#7377);
#2329=VERTEX_POINT('',#7379);
#2330=VERTEX_POINT('',#7381);
#2331=VERTEX_POINT('',#7383);
#2332=VERTEX_POINT('',#7385);
#2333=VERTEX_POINT('',#7387);
#2334=VERTEX_POINT('',#7389);
#2335=VERTEX_POINT('',#7391);
#2336=VERTEX_POINT('',#7393);
#2337=VERTEX_POINT('',#7395);
#2338=VERTEX_POINT('',#7397);
#2339=VERTEX_POINT('',#7399);
#2340=VERTEX_POINT('',#7401);
#2341=VERTEX_POINT('',#7403);
#2342=VERTEX_POINT('',#7405);
#2343=VERTEX_POINT('',#7407);
#2344=VERTEX_POINT('',#7409);
#2345=VERTEX_POINT('',#7411);
#2346=VERTEX_POINT('',#7413);
#2347=VERTEX_POINT('',#7415);
#2348=VERTEX_POINT('',#7417);
#2349=VERTEX_POINT('',#7419);
#2350=VERTEX_POINT('',#7421);
#2351=VERTEX_POINT('',#7423);
#2352=VERTEX_POINT('',#7425);
#2353=VERTEX_POINT('',#7427);
#2354=VERTEX_POINT('',#7429);
#2355=VERTEX_POINT('',#7431);
#2356=VERTEX_POINT('',#7433);
#2357=VERTEX_POINT('',#7435);
#2358=VERTEX_POINT('',#7437);
#2359=VERTEX_POINT('',#7439);
#2360=VERTEX_POINT('',#7441);
#2361=VERTEX_POINT('',#7443);
#2362=VERTEX_POINT('',#7445);
#2363=VERTEX_POINT('',#7447);
#2364=VERTEX_POINT('',#7449);
#2365=VERTEX_POINT('',#7451);
#2366=VERTEX_POINT('',#7453);
#2367=VERTEX_POINT('',#7455);
#2368=VERTEX_POINT('',#7457);
#2369=VERTEX_POINT('',#7459);
#2370=VERTEX_POINT('',#7461);
#2371=VERTEX_POINT('',#7463);
#2372=VERTEX_POINT('',#7465);
#2373=VERTEX_POINT('',#7467);
#2374=VERTEX_POINT('',#7469);
#2375=VERTEX_POINT('',#7471);
#2376=VERTEX_POINT('',#7473);
#2377=VERTEX_POINT('',#7475);
#2378=VERTEX_POINT('',#7477);
#2379=VERTEX_POINT('',#7479);
#2380=VERTEX_POINT('',#7481);
#2381=VERTEX_POINT('',#7483);
#2382=VERTEX_POINT('',#7485);
#2383=VERTEX_POINT('',#7487);
#2384=VERTEX_POINT('',#7489);
#2385=VERTEX_POINT('',#7491);
#2386=VERTEX_POINT('',#7493);
#2387=VERTEX_POINT('',#7495);
#2388=VERTEX_POINT('',#7497);
#2389=VERTEX_POINT('',#7499);
#2390=VERTEX_POINT('',#7501);
#2391=VERTEX_POINT('',#7503);
#2392=VERTEX_POINT('',#7505);
#2393=VERTEX_POINT('',#7507);
#2394=VERTEX_POINT('',#7509);
#2395=VERTEX_POINT('',#7511);
#2396=VERTEX_POINT('',#7513);
#2397=VERTEX_POINT('',#7515);
#2398=VERTEX_POINT('',#7517);
#2399=VERTEX_POINT('',#7519);
#2400=VERTEX_POINT('',#7521);
#2401=VERTEX_POINT('',#7523);
#2402=VERTEX_POINT('',#7525);
#2403=VERTEX_POINT('',#7527);
#2404=VERTEX_POINT('',#7529);
#2405=VERTEX_POINT('',#7531);
#2406=VERTEX_POINT('',#7533);
#2407=VERTEX_POINT('',#7535);
#2408=VERTEX_POINT('',#7537);
#2409=VERTEX_POINT('',#7539);
#2410=VERTEX_POINT('',#7541);
#2411=VERTEX_POINT('',#7543);
#2412=VERTEX_POINT('',#7545);
#2413=VERTEX_POINT('',#7547);
#2414=VERTEX_POINT('',#7549);
#2415=VERTEX_POINT('',#7551);
#2416=VERTEX_POINT('',#7553);
#2417=VERTEX_POINT('',#7555);
#2418=VERTEX_POINT('',#7557);
#2419=VERTEX_POINT('',#7559);
#2420=VERTEX_POINT('',#7561);
#2421=VERTEX_POINT('',#7563);
#2422=VERTEX_POINT('',#7565);
#2423=VERTEX_POINT('',#7567);
#2424=VERTEX_POINT('',#7569);
#2425=VERTEX_POINT('',#7571);
#2426=VERTEX_POINT('',#7573);
#2427=VERTEX_POINT('',#7575);
#2428=CIRCLE('',#4940,0.899999999999993);
#2429=CIRCLE('',#4941,1.57500000000001);
#2430=CIRCLE('',#4942,1.57500000000001);
#2431=CIRCLE('',#4943,1.57500000000001);
#2432=CIRCLE('',#4944,1.57500000000001);
#2433=CIRCLE('',#4945,1.57500000000001);
#2434=CIRCLE('',#4946,1.57500000000001);
#2435=CIRCLE('',#4947,1.57500000000001);
#2436=CIRCLE('',#4948,1.57500000000001);
#2437=CIRCLE('',#4949,1.57500000000001);
#2438=CIRCLE('',#4950,1.57500000000001);
#2439=CIRCLE('',#4951,1.57500000000001);
#2440=CIRCLE('',#4952,1.57500000000001);
#2441=CIRCLE('',#4953,1.57500000000001);
#2442=CIRCLE('',#4954,1.57500000000001);
#2443=CIRCLE('',#4955,1.57500000000001);
#2444=CIRCLE('',#4956,1.57500000000001);
#2445=CIRCLE('',#4957,1.57500000000001);
#2446=CIRCLE('',#4958,1.57500000000001);
#2447=CIRCLE('',#4959,1.57500000000001);
#2448=CIRCLE('',#4960,1.57500000000001);
#2449=CIRCLE('',#4961,1.57500000000001);
#2450=CIRCLE('',#4962,1.57500000000001);
#2451=CIRCLE('',#4963,1.57500000000001);
#2452=CIRCLE('',#4964,1.57500000000001);
#2453=CIRCLE('',#4965,1.57500000000001);
#2454=CIRCLE('',#4966,1.57500000000001);
#2455=CIRCLE('',#4967,1.57500000000001);
#2456=CIRCLE('',#4968,1.57500000000001);
#2457=CIRCLE('',#4969,1.57500000000001);
#2458=CIRCLE('',#4970,1.57500000000001);
#2459=CIRCLE('',#4971,1.57500000000001);
#2460=CIRCLE('',#4972,1.57500000000001);
#2461=CIRCLE('',#4973,1.57500000000001);
#2462=CIRCLE('',#4974,1.57500000000001);
#2463=CIRCLE('',#4975,1.57500000000001);
#2464=CIRCLE('',#4976,1.57500000000001);
#2465=CIRCLE('',#4977,1.57500000000001);
#2466=CIRCLE('',#4978,1.57500000000001);
#2467=CIRCLE('',#4979,1.57500000000001);
#2468=CIRCLE('',#4980,1.57500000000001);
#2469=CIRCLE('',#4981,1.57500000000001);
#2470=CIRCLE('',#4982,1.57500000000001);
#2471=CIRCLE('',#4983,1.57500000000001);
#2472=CIRCLE('',#4984,1.57500000000001);
#2473=CIRCLE('',#4985,1.57500000000001);
#2474=CIRCLE('',#4986,1.57500000000001);
#2475=CIRCLE('',#4987,1.57500000000001);
#2476=CIRCLE('',#4988,1.57500000000001);
#2477=CIRCLE('',#4989,1.57500000000001);
#2478=CIRCLE('',#4990,1.57500000000001);
#2479=CIRCLE('',#4991,1.57500000000001);
#2480=CIRCLE('',#4992,1.57500000000001);
#2481=CIRCLE('',#4994,0.799999999999993);
#2482=CIRCLE('',#4995,0.799999999999993);
#2483=CIRCLE('',#4999,1.75000000000001);
#2484=CIRCLE('',#5001,1.75000000000001);
#2485=CIRCLE('',#5003,1.75000000000001);
#2486=CIRCLE('',#5005,1.75000000000001);
#2487=CIRCLE('',#5007,1.75000000000001);
#2488=CIRCLE('',#5009,1.75000000000001);
#2489=CIRCLE('',#5011,1.75000000000001);
#2490=CIRCLE('',#5013,1.75000000000001);
#2491=CIRCLE('',#5015,1.75000000000001);
#2492=CIRCLE('',#5017,1.75000000000001);
#2493=CIRCLE('',#5019,1.75000000000001);
#2494=CIRCLE('',#5021,1.75000000000001);
#2495=CIRCLE('',#5023,1.75000000000001);
#2496=CIRCLE('',#5025,1.75000000000001);
#2497=CIRCLE('',#5027,1.75000000000001);
#2498=CIRCLE('',#5029,1.75000000000001);
#2499=CIRCLE('',#5031,1.75000000000001);
#2500=CIRCLE('',#5033,1.75000000000001);
#2501=CIRCLE('',#5035,1.75000000000001);
#2502=CIRCLE('',#5037,1.75000000000001);
#2503=CIRCLE('',#5039,1.75000000000001);
#2504=CIRCLE('',#5041,1.75000000000001);
#2505=CIRCLE('',#5043,1.75000000000001);
#2506=CIRCLE('',#5045,1.75000000000001);
#2507=CIRCLE('',#5047,1.75000000000001);
#2508=CIRCLE('',#5049,1.75000000000001);
#2509=CIRCLE('',#5051,1.75000000000001);
#2510=CIRCLE('',#5053,1.75000000000001);
#2511=CIRCLE('',#5055,1.75000000000001);
#2512=CIRCLE('',#5057,1.75000000000001);
#2513=CIRCLE('',#5059,1.75000000000001);
#2514=CIRCLE('',#5061,1.75000000000001);
#2515=CIRCLE('',#5063,1.75000000000001);
#2516=CIRCLE('',#5065,1.75000000000001);
#2517=CIRCLE('',#5067,1.75000000000001);
#2518=CIRCLE('',#5069,1.75000000000001);
#2519=CIRCLE('',#5071,1.75000000000001);
#2520=CIRCLE('',#5073,1.75000000000001);
#2521=CIRCLE('',#5075,1.75000000000001);
#2522=CIRCLE('',#5077,1.75000000000001);
#2523=CIRCLE('',#5079,1.75000000000001);
#2524=CIRCLE('',#5081,1.75000000000001);
#2525=CIRCLE('',#5083,1.75000000000001);
#2526=CIRCLE('',#5085,1.75000000000001);
#2527=CIRCLE('',#5087,1.75000000000001);
#2528=CIRCLE('',#5089,1.75000000000001);
#2529=CIRCLE('',#5091,1.75000000000001);
#2530=CIRCLE('',#5093,1.75000000000001);
#2531=CIRCLE('',#5095,1.75000000000001);
#2532=CIRCLE('',#5097,1.75000000000001);
#2533=CIRCLE('',#5099,1.75000000000001);
#2534=CIRCLE('',#5101,1.75000000000001);
#2535=CIRCLE('',#5103,1.75);
#2536=CIRCLE('',#5104,3.97917449147827);
#2537=CIRCLE('',#5105,3.97917449147827);
#2538=CIRCLE('',#5106,1.75);
#2539=CIRCLE('',#5107,3.97917449147827);
#2540=CIRCLE('',#5108,3.97917449147827);
#2541=CIRCLE('',#5109,1.75);
#2542=CIRCLE('',#5110,3.97917449147827);
#2543=CIRCLE('',#5111,3.97917449147827);
#2544=CIRCLE('',#5112,1.75);
#2545=CIRCLE('',#5113,3.97917449147827);
#2546=CIRCLE('',#5114,3.97917449147827);
#2547=CIRCLE('',#5115,1.75);
#2548=CIRCLE('',#5116,3.97917449147827);
#2549=CIRCLE('',#5117,3.97917449147827);
#2550=CIRCLE('',#5118,1.75);
#2551=CIRCLE('',#5119,3.97917449147827);
#2552=CIRCLE('',#5120,3.97917449147827);
#2553=CIRCLE('',#5121,1.75);
#2554=CIRCLE('',#5122,3.97917449147827);
#2555=CIRCLE('',#5123,3.97917449147827);
#2556=CIRCLE('',#5124,1.75);
#2557=CIRCLE('',#5125,3.97917449147827);
#2558=CIRCLE('',#5126,3.97917449147827);
#2559=CIRCLE('',#5127,1.75);
#2560=CIRCLE('',#5128,3.97917449147827);
#2561=CIRCLE('',#5129,3.97917449147827);
#2562=CIRCLE('',#5130,1.75);
#2563=CIRCLE('',#5131,3.97917449147827);
#2564=CIRCLE('',#5132,3.97917449147827);
#2565=CIRCLE('',#5133,1.75);
#2566=CIRCLE('',#5134,3.97917449147827);
#2567=CIRCLE('',#5135,3.97917449147827);
#2568=CIRCLE('',#5136,1.75);
#2569=CIRCLE('',#5137,3.97917449147827);
#2570=CIRCLE('',#5138,3.97917449147827);
#2571=CIRCLE('',#5139,1.75);
#2572=CIRCLE('',#5140,3.97917449147827);
#2573=CIRCLE('',#5141,3.97917449147827);
#2574=CIRCLE('',#5142,1.75);
#2575=CIRCLE('',#5143,3.97917449147827);
#2576=CIRCLE('',#5144,3.97917449147827);
#2577=CIRCLE('',#5145,1.75);
#2578=CIRCLE('',#5146,3.97917449147827);
#2579=CIRCLE('',#5147,3.97917449147827);
#2580=CIRCLE('',#5148,1.75);
#2581=CIRCLE('',#5149,3.97917449147827);
#2582=CIRCLE('',#5150,3.97917449147827);
#2583=CIRCLE('',#5151,1.75);
#2584=CIRCLE('',#5152,3.97917449147827);
#2585=CIRCLE('',#5153,3.97917449147827);
#2586=CIRCLE('',#5154,1.75);
#2587=CIRCLE('',#5155,3.97917449147827);
#2588=CIRCLE('',#5156,3.97917449147827);
#2589=CIRCLE('',#5157,1.75);
#2590=CIRCLE('',#5158,3.97917449147827);
#2591=CIRCLE('',#5159,3.97917449147827);
#2592=CIRCLE('',#5160,1.75);
#2593=CIRCLE('',#5161,3.97917449147827);
#2594=CIRCLE('',#5162,3.97917449147827);
#2595=CIRCLE('',#5163,1.75);
#2596=CIRCLE('',#5164,3.97917449147827);
#2597=CIRCLE('',#5165,3.97917449147827);
#2598=CIRCLE('',#5166,1.75);
#2599=CIRCLE('',#5167,3.97917449147827);
#2600=CIRCLE('',#5168,3.97917449147827);
#2601=CIRCLE('',#5169,1.75);
#2602=CIRCLE('',#5170,3.97917449147827);
#2603=CIRCLE('',#5171,3.97917449147827);
#2604=CIRCLE('',#5172,1.75);
#2605=CIRCLE('',#5173,3.97917449147827);
#2606=CIRCLE('',#5174,3.97917449147827);
#2607=CIRCLE('',#5175,1.75);
#2608=CIRCLE('',#5176,3.97917449147827);
#2609=CIRCLE('',#5177,3.97917449147827);
#2610=CIRCLE('',#5178,1.75);
#2611=CIRCLE('',#5179,3.97917449147827);
#2612=CIRCLE('',#5180,3.97917449147827);
#2613=CIRCLE('',#5181,1.75);
#2614=CIRCLE('',#5182,3.97917449147827);
#2615=CIRCLE('',#5183,3.97917449147827);
#2616=CIRCLE('',#5184,1.75);
#2617=CIRCLE('',#5185,3.97917449147827);
#2618=CIRCLE('',#5186,3.97917449147827);
#2619=CIRCLE('',#5187,1.75);
#2620=CIRCLE('',#5188,3.97917449147827);
#2621=CIRCLE('',#5189,3.97917449147827);
#2622=CIRCLE('',#5190,1.75);
#2623=CIRCLE('',#5191,3.97917449147827);
#2624=CIRCLE('',#5192,3.97917449147827);
#2625=CIRCLE('',#5193,1.75);
#2626=CIRCLE('',#5194,3.97917449147827);
#2627=CIRCLE('',#5195,3.97917449147827);
#2628=CIRCLE('',#5196,1.75);
#2629=CIRCLE('',#5197,3.97917449147827);
#2630=CIRCLE('',#5198,3.97917449147827);
#2631=CIRCLE('',#5199,1.75);
#2632=CIRCLE('',#5200,3.97917449147827);
#2633=CIRCLE('',#5201,3.97917449147827);
#2634=CIRCLE('',#5202,1.75);
#2635=CIRCLE('',#5203,3.97917449147827);
#2636=CIRCLE('',#5204,3.97917449147827);
#2637=CIRCLE('',#5205,1.75);
#2638=CIRCLE('',#5206,3.97917449147827);
#2639=CIRCLE('',#5207,3.97917449147827);
#2640=CIRCLE('',#5208,1.75);
#2641=CIRCLE('',#5209,3.97917449147827);
#2642=CIRCLE('',#5210,3.97917449147827);
#2643=CIRCLE('',#5211,1.75);
#2644=CIRCLE('',#5212,3.97917449147827);
#2645=CIRCLE('',#5213,3.97917449147827);
#2646=CIRCLE('',#5214,1.75);
#2647=CIRCLE('',#5215,3.97917449147827);
#2648=CIRCLE('',#5216,3.97917449147827);
#2649=CIRCLE('',#5217,1.75);
#2650=CIRCLE('',#5218,3.97917449147827);
#2651=CIRCLE('',#5219,3.97917449147827);
#2652=CIRCLE('',#5220,1.75);
#2653=CIRCLE('',#5221,3.97917449147827);
#2654=CIRCLE('',#5222,3.97917449147827);
#2655=CIRCLE('',#5223,1.75);
#2656=CIRCLE('',#5224,3.97917449147827);
#2657=CIRCLE('',#5225,3.97917449147827);
#2658=CIRCLE('',#5226,1.75);
#2659=CIRCLE('',#5227,3.97917449147827);
#2660=CIRCLE('',#5228,3.97917449147827);
#2661=CIRCLE('',#5229,1.75);
#2662=CIRCLE('',#5230,3.97917449147827);
#2663=CIRCLE('',#5231,3.97917449147827);
#2664=CIRCLE('',#5232,1.75);
#2665=CIRCLE('',#5233,3.97917449147827);
#2666=CIRCLE('',#5234,3.97917449147827);
#2667=CIRCLE('',#5235,1.75);
#2668=CIRCLE('',#5236,3.97917449147827);
#2669=CIRCLE('',#5237,3.97917449147827);
#2670=CIRCLE('',#5238,1.75);
#2671=CIRCLE('',#5239,3.97917449147827);
#2672=CIRCLE('',#5240,3.97917449147827);
#2673=CIRCLE('',#5241,1.75);
#2674=CIRCLE('',#5242,3.97917449147827);
#2675=CIRCLE('',#5243,3.97917449147827);
#2676=CIRCLE('',#5244,1.75);
#2677=CIRCLE('',#5245,3.97917449147827);
#2678=CIRCLE('',#5246,3.97917449147827);
#2679=CIRCLE('',#5247,1.75);
#2680=CIRCLE('',#5248,3.97917449147827);
#2681=CIRCLE('',#5249,3.97917449147827);
#2682=CIRCLE('',#5250,1.75);
#2683=CIRCLE('',#5251,3.97917449147827);
#2684=CIRCLE('',#5252,3.97917449147827);
#2685=CIRCLE('',#5253,1.75);
#2686=CIRCLE('',#5254,3.97917449147827);
#2687=CIRCLE('',#5255,3.97917449147827);
#2688=CIRCLE('',#5256,1.75);
#2689=CIRCLE('',#5257,3.97917449147827);
#2690=CIRCLE('',#5258,3.97917449147827);
#2691=EDGE_LOOP('',(#544));
#2692=EDGE_LOOP('',(#545,#546,#547,#548,#549,#550,#551,#552,#553,#554,#555,
#556,#557,#558,#559,#560,#561,#562,#563,#564,#565,#566,#567,#568,#569,#570,
#571,#572,#573,#574,#575,#576,#577,#578,#579,#580,#581,#582,#583,#584,#585,
#586,#587,#588,#589,#590,#591,#592,#593,#594,#595,#596));
#2693=EDGE_LOOP('',(#597));
#2694=EDGE_LOOP('',(#598));
#2695=EDGE_LOOP('',(#599));
#2696=EDGE_LOOP('',(#600));
#2697=EDGE_LOOP('',(#601));
#2698=EDGE_LOOP('',(#602,#603,#604,#605));
#2699=EDGE_LOOP('',(#606,#607,#608,#609));
#2700=EDGE_LOOP('',(#610,#611,#612,#613));
#2701=EDGE_LOOP('',(#614,#615,#616,#617));
#2702=EDGE_LOOP('',(#618,#619,#620,#621));
#2703=EDGE_LOOP('',(#622,#623,#624,#625));
#2704=EDGE_LOOP('',(#626,#627,#628,#629));
#2705=EDGE_LOOP('',(#630,#631,#632,#633));
#2706=EDGE_LOOP('',(#634,#635,#636,#637));
#2707=EDGE_LOOP('',(#638,#639,#640,#641));
#2708=EDGE_LOOP('',(#642,#643,#644,#645));
#2709=EDGE_LOOP('',(#646,#647,#648,#649));
#2710=EDGE_LOOP('',(#650,#651,#652,#653));
#2711=EDGE_LOOP('',(#654,#655,#656,#657));
#2712=EDGE_LOOP('',(#658,#659,#660,#661));
#2713=EDGE_LOOP('',(#662,#663,#664,#665));
#2714=EDGE_LOOP('',(#666,#667,#668,#669));
#2715=EDGE_LOOP('',(#670,#671,#672,#673));
#2716=EDGE_LOOP('',(#674,#675,#676,#677));
#2717=EDGE_LOOP('',(#678,#679,#680,#681));
#2718=EDGE_LOOP('',(#682,#683,#684,#685));
#2719=EDGE_LOOP('',(#686,#687,#688,#689));
#2720=EDGE_LOOP('',(#690,#691,#692,#693));
#2721=EDGE_LOOP('',(#694,#695,#696,#697));
#2722=EDGE_LOOP('',(#698,#699,#700,#701));
#2723=EDGE_LOOP('',(#702,#703,#704,#705));
#2724=EDGE_LOOP('',(#706,#707,#708,#709));
#2725=EDGE_LOOP('',(#710,#711,#712,#713));
#2726=EDGE_LOOP('',(#714,#715,#716,#717));
#2727=EDGE_LOOP('',(#718,#719,#720,#721));
#2728=EDGE_LOOP('',(#722,#723,#724,#725));
#2729=EDGE_LOOP('',(#726,#727,#728,#729));
#2730=EDGE_LOOP('',(#730,#731,#732,#733));
#2731=EDGE_LOOP('',(#734,#735,#736,#737));
#2732=EDGE_LOOP('',(#738,#739,#740,#741));
#2733=EDGE_LOOP('',(#742,#743,#744,#745));
#2734=EDGE_LOOP('',(#746,#747,#748,#749));
#2735=EDGE_LOOP('',(#750,#751,#752,#753));
#2736=EDGE_LOOP('',(#754,#755,#756,#757));
#2737=EDGE_LOOP('',(#758,#759,#760,#761));
#2738=EDGE_LOOP('',(#762,#763,#764,#765));
#2739=EDGE_LOOP('',(#766,#767,#768,#769));
#2740=EDGE_LOOP('',(#770,#771,#772,#773));
#2741=EDGE_LOOP('',(#774,#775,#776,#777));
#2742=EDGE_LOOP('',(#778,#779,#780,#781));
#2743=EDGE_LOOP('',(#782,#783,#784,#785));
#2744=EDGE_LOOP('',(#786,#787,#788,#789));
#2745=EDGE_LOOP('',(#790,#791,#792,#793));
#2746=EDGE_LOOP('',(#794,#795,#796,#797));
#2747=EDGE_LOOP('',(#798,#799,#800,#801));
#2748=EDGE_LOOP('',(#802,#803,#804,#805));
#2749=EDGE_LOOP('',(#806,#807,#808,#809));
#2750=EDGE_LOOP('',(#810,#811,#812,#813,#814,#815,#816,#817,#818,#819,#820,
#821,#822,#823,#824,#825,#826,#827,#828,#829,#830,#831,#832,#833,#834,#835,
#836,#837,#838,#839,#840,#841,#842,#843,#844,#845,#846,#847,#848,#849,#850,
#851,#852,#853,#854,#855,#856,#857,#858,#859,#860,#861,#862,#863,#864,#865,
#866,#867,#868,#869,#870,#871,#872,#873,#874,#875,#876,#877,#878,#879,#880,
#881,#882,#883,#884,#885,#886,#887,#888,#889,#890,#891,#892,#893,#894,#895,
#896,#897,#898,#899,#900,#901,#902,#903,#904,#905,#906,#907,#908,#909,#910,
#911,#912,#913,#914,#915,#916,#917,#918,#919,#920,#921,#922,#923,#924,#925,
#926,#927,#928,#929,#930,#931,#932,#933,#934,#935,#936,#937,#938,#939,#940,
#941,#942,#943,#944,#945,#946,#947,#948,#949,#950,#951,#952,#953,#954,#955,
#956,#957,#958,#959,#960,#961,#962,#963,#964,#965));
#2751=EDGE_LOOP('',(#966,#967,#968,#969));
#2752=EDGE_LOOP('',(#970,#971,#972,#973));
#2753=EDGE_LOOP('',(#974,#975,#976,#977));
#2754=EDGE_LOOP('',(#978,#979,#980,#981));
#2755=EDGE_LOOP('',(#982,#983,#984,#985));
#2756=EDGE_LOOP('',(#986,#987,#988,#989));
#2757=EDGE_LOOP('',(#990,#991,#992,#993));
#2758=EDGE_LOOP('',(#994,#995,#996,#997));
#2759=EDGE_LOOP('',(#998,#999,#1000,#1001));
#2760=EDGE_LOOP('',(#1002,#1003,#1004,#1005));
#2761=EDGE_LOOP('',(#1006,#1007,#1008,#1009));
#2762=EDGE_LOOP('',(#1010,#1011,#1012,#1013));
#2763=EDGE_LOOP('',(#1014,#1015,#1016,#1017));
#2764=EDGE_LOOP('',(#1018,#1019,#1020,#1021));
#2765=EDGE_LOOP('',(#1022,#1023,#1024,#1025));
#2766=EDGE_LOOP('',(#1026,#1027,#1028,#1029));
#2767=EDGE_LOOP('',(#1030,#1031,#1032,#1033));
#2768=EDGE_LOOP('',(#1034,#1035,#1036,#1037));
#2769=EDGE_LOOP('',(#1038,#1039,#1040,#1041));
#2770=EDGE_LOOP('',(#1042,#1043,#1044,#1045));
#2771=EDGE_LOOP('',(#1046,#1047,#1048,#1049));
#2772=EDGE_LOOP('',(#1050,#1051,#1052,#1053));
#2773=EDGE_LOOP('',(#1054,#1055,#1056,#1057));
#2774=EDGE_LOOP('',(#1058,#1059,#1060,#1061));
#2775=EDGE_LOOP('',(#1062,#1063,#1064,#1065));
#2776=EDGE_LOOP('',(#1066,#1067,#1068,#1069));
#2777=EDGE_LOOP('',(#1070,#1071,#1072,#1073));
#2778=EDGE_LOOP('',(#1074,#1075,#1076,#1077));
#2779=EDGE_LOOP('',(#1078,#1079,#1080,#1081));
#2780=EDGE_LOOP('',(#1082,#1083,#1084,#1085));
#2781=EDGE_LOOP('',(#1086,#1087,#1088,#1089));
#2782=EDGE_LOOP('',(#1090,#1091,#1092,#1093));
#2783=EDGE_LOOP('',(#1094,#1095,#1096,#1097));
#2784=EDGE_LOOP('',(#1098,#1099,#1100,#1101));
#2785=EDGE_LOOP('',(#1102,#1103,#1104,#1105));
#2786=EDGE_LOOP('',(#1106,#1107,#1108,#1109));
#2787=EDGE_LOOP('',(#1110,#1111,#1112,#1113));
#2788=EDGE_LOOP('',(#1114,#1115,#1116,#1117));
#2789=EDGE_LOOP('',(#1118,#1119,#1120,#1121));
#2790=EDGE_LOOP('',(#1122,#1123,#1124,#1125));
#2791=EDGE_LOOP('',(#1126,#1127,#1128,#1129));
#2792=EDGE_LOOP('',(#1130,#1131,#1132,#1133));
#2793=EDGE_LOOP('',(#1134,#1135,#1136,#1137));
#2794=EDGE_LOOP('',(#1138,#1139,#1140,#1141));
#2795=EDGE_LOOP('',(#1142,#1143,#1144,#1145));
#2796=EDGE_LOOP('',(#1146,#1147,#1148,#1149));
#2797=EDGE_LOOP('',(#1150,#1151,#1152,#1153));
#2798=EDGE_LOOP('',(#1154,#1155,#1156,#1157));
#2799=EDGE_LOOP('',(#1158,#1159,#1160,#1161));
#2800=EDGE_LOOP('',(#1162,#1163,#1164,#1165));
#2801=EDGE_LOOP('',(#1166,#1167,#1168,#1169));
#2802=EDGE_LOOP('',(#1170,#1171,#1172,#1173));
#2803=EDGE_LOOP('',(#1174,#1175,#1176,#1177));
#2804=EDGE_LOOP('',(#1178,#1179,#1180,#1181));
#2805=EDGE_LOOP('',(#1182,#1183,#1184,#1185));
#2806=EDGE_LOOP('',(#1186,#1187,#1188,#1189));
#2807=EDGE_LOOP('',(#1190,#1191,#1192,#1193));
#2808=EDGE_LOOP('',(#1194,#1195,#1196,#1197));
#2809=EDGE_LOOP('',(#1198,#1199,#1200,#1201));
#2810=EDGE_LOOP('',(#1202,#1203,#1204,#1205));
#2811=EDGE_LOOP('',(#1206,#1207,#1208,#1209));
#2812=EDGE_LOOP('',(#1210,#1211,#1212,#1213));
#2813=EDGE_LOOP('',(#1214,#1215,#1216,#1217));
#2814=EDGE_LOOP('',(#1218,#1219,#1220,#1221));
#2815=EDGE_LOOP('',(#1222,#1223,#1224,#1225));
#2816=EDGE_LOOP('',(#1226,#1227,#1228,#1229));
#2817=EDGE_LOOP('',(#1230,#1231,#1232,#1233));
#2818=EDGE_LOOP('',(#1234,#1235,#1236,#1237));
#2819=EDGE_LOOP('',(#1238,#1239,#1240,#1241));
#2820=EDGE_LOOP('',(#1242,#1243,#1244,#1245));
#2821=EDGE_LOOP('',(#1246,#1247,#1248,#1249));
#2822=EDGE_LOOP('',(#1250,#1251,#1252,#1253));
#2823=EDGE_LOOP('',(#1254,#1255,#1256,#1257));
#2824=EDGE_LOOP('',(#1258,#1259,#1260,#1261));
#2825=EDGE_LOOP('',(#1262,#1263,#1264,#1265));
#2826=EDGE_LOOP('',(#1266,#1267,#1268,#1269));
#2827=EDGE_LOOP('',(#1270,#1271,#1272,#1273));
#2828=EDGE_LOOP('',(#1274,#1275,#1276,#1277));
#2829=EDGE_LOOP('',(#1278,#1279,#1280,#1281));
#2830=EDGE_LOOP('',(#1282,#1283,#1284,#1285));
#2831=EDGE_LOOP('',(#1286,#1287,#1288,#1289));
#2832=EDGE_LOOP('',(#1290,#1291,#1292,#1293));
#2833=EDGE_LOOP('',(#1294,#1295,#1296,#1297));
#2834=EDGE_LOOP('',(#1298,#1299,#1300,#1301));
#2835=EDGE_LOOP('',(#1302,#1303,#1304,#1305));
#2836=EDGE_LOOP('',(#1306,#1307,#1308,#1309));
#2837=EDGE_LOOP('',(#1310,#1311,#1312,#1313));
#2838=EDGE_LOOP('',(#1314,#1315,#1316,#1317));
#2839=EDGE_LOOP('',(#1318,#1319,#1320,#1321));
#2840=EDGE_LOOP('',(#1322,#1323,#1324,#1325));
#2841=EDGE_LOOP('',(#1326,#1327,#1328,#1329));
#2842=EDGE_LOOP('',(#1330,#1331,#1332,#1333));
#2843=EDGE_LOOP('',(#1334,#1335,#1336,#1337));
#2844=EDGE_LOOP('',(#1338,#1339,#1340,#1341));
#2845=EDGE_LOOP('',(#1342,#1343,#1344,#1345));
#2846=EDGE_LOOP('',(#1346,#1347,#1348,#1349));
#2847=EDGE_LOOP('',(#1350,#1351,#1352,#1353));
#2848=EDGE_LOOP('',(#1354,#1355,#1356,#1357));
#2849=EDGE_LOOP('',(#1358,#1359,#1360,#1361));
#2850=EDGE_LOOP('',(#1362,#1363,#1364,#1365));
#2851=EDGE_LOOP('',(#1366,#1367,#1368,#1369));
#2852=EDGE_LOOP('',(#1370,#1371,#1372,#1373));
#2853=EDGE_LOOP('',(#1374,#1375,#1376,#1377));
#2854=EDGE_LOOP('',(#1378,#1379,#1380,#1381));
#2855=EDGE_LOOP('',(#1382,#1383,#1384,#1385));
#2856=EDGE_LOOP('',(#1386,#1387,#1388,#1389));
#2857=EDGE_LOOP('',(#1390,#1391,#1392,#1393));
#2858=EDGE_LOOP('',(#1394,#1395,#1396,#1397));
#2859=EDGE_LOOP('',(#1398,#1399,#1400,#1401));
#2860=EDGE_LOOP('',(#1402,#1403,#1404,#1405));
#2861=EDGE_LOOP('',(#1406,#1407,#1408,#1409));
#2862=EDGE_LOOP('',(#1410,#1411,#1412,#1413));
#2863=EDGE_LOOP('',(#1414,#1415,#1416,#1417));
#2864=EDGE_LOOP('',(#1418,#1419,#1420,#1421));
#2865=EDGE_LOOP('',(#1422,#1423,#1424,#1425));
#2866=EDGE_LOOP('',(#1426,#1427,#1428,#1429));
#2867=EDGE_LOOP('',(#1430,#1431,#1432,#1433));
#2868=EDGE_LOOP('',(#1434,#1435,#1436,#1437));
#2869=EDGE_LOOP('',(#1438,#1439,#1440,#1441));
#2870=EDGE_LOOP('',(#1442,#1443,#1444,#1445));
#2871=EDGE_LOOP('',(#1446,#1447,#1448,#1449));
#2872=EDGE_LOOP('',(#1450,#1451,#1452,#1453));
#2873=EDGE_LOOP('',(#1454,#1455,#1456,#1457));
#2874=EDGE_LOOP('',(#1458,#1459,#1460,#1461));
#2875=EDGE_LOOP('',(#1462,#1463,#1464,#1465));
#2876=EDGE_LOOP('',(#1466,#1467,#1468,#1469));
#2877=EDGE_LOOP('',(#1470,#1471,#1472,#1473));
#2878=EDGE_LOOP('',(#1474,#1475,#1476,#1477));
#2879=EDGE_LOOP('',(#1478,#1479,#1480,#1481));
#2880=EDGE_LOOP('',(#1482,#1483,#1484,#1485));
#2881=EDGE_LOOP('',(#1486,#1487,#1488,#1489));
#2882=EDGE_LOOP('',(#1490,#1491,#1492,#1493));
#2883=EDGE_LOOP('',(#1494,#1495,#1496,#1497));
#2884=EDGE_LOOP('',(#1498,#1499,#1500,#1501));
#2885=EDGE_LOOP('',(#1502,#1503,#1504,#1505));
#2886=EDGE_LOOP('',(#1506,#1507,#1508,#1509));
#2887=EDGE_LOOP('',(#1510,#1511,#1512,#1513));
#2888=EDGE_LOOP('',(#1514,#1515,#1516,#1517));
#2889=EDGE_LOOP('',(#1518,#1519,#1520,#1521));
#2890=EDGE_LOOP('',(#1522,#1523,#1524,#1525));
#2891=EDGE_LOOP('',(#1526,#1527,#1528,#1529));
#2892=EDGE_LOOP('',(#1530,#1531,#1532,#1533));
#2893=EDGE_LOOP('',(#1534,#1535,#1536,#1537));
#2894=EDGE_LOOP('',(#1538,#1539,#1540,#1541));
#2895=EDGE_LOOP('',(#1542,#1543,#1544,#1545));
#2896=EDGE_LOOP('',(#1546,#1547,#1548,#1549));
#2897=EDGE_LOOP('',(#1550,#1551,#1552,#1553));
#2898=EDGE_LOOP('',(#1554,#1555,#1556,#1557));
#2899=EDGE_LOOP('',(#1558,#1559,#1560,#1561));
#2900=EDGE_LOOP('',(#1562,#1563,#1564,#1565));
#2901=EDGE_LOOP('',(#1566,#1567,#1568,#1569));
#2902=EDGE_LOOP('',(#1570,#1571,#1572,#1573));
#2903=EDGE_LOOP('',(#1574,#1575,#1576,#1577));
#2904=EDGE_LOOP('',(#1578,#1579,#1580,#1581));
#2905=EDGE_LOOP('',(#1582,#1583,#1584,#1585));
#2906=EDGE_LOOP('',(#1586,#1587,#1588,#1589));
#2907=FACE_BOUND('',#2691,.T.);
#2908=FACE_BOUND('',#2692,.T.);
#2909=FACE_BOUND('',#2693,.T.);
#2910=FACE_BOUND('',#2694,.T.);
#2911=FACE_BOUND('',#2695,.T.);
#2912=FACE_BOUND('',#2696,.T.);
#2913=FACE_BOUND('',#2697,.T.);
#2914=FACE_BOUND('',#2698,.T.);
#2915=FACE_BOUND('',#2699,.T.);
#2916=FACE_BOUND('',#2700,.T.);
#2917=FACE_BOUND('',#2701,.T.);
#2918=FACE_BOUND('',#2702,.T.);
#2919=FACE_BOUND('',#2703,.T.);
#2920=FACE_BOUND('',#2704,.T.);
#2921=FACE_BOUND('',#2705,.T.);
#2922=FACE_BOUND('',#2706,.T.);
#2923=FACE_BOUND('',#2707,.T.);
#2924=FACE_BOUND('',#2708,.T.);
#2925=FACE_BOUND('',#2709,.T.);
#2926=FACE_BOUND('',#2710,.T.);
#2927=FACE_BOUND('',#2711,.T.);
#2928=FACE_BOUND('',#2712,.T.);
#2929=FACE_BOUND('',#2713,.T.);
#2930=FACE_BOUND('',#2714,.T.);
#2931=FACE_BOUND('',#2715,.T.);
#2932=FACE_BOUND('',#2716,.T.);
#2933=FACE_BOUND('',#2717,.T.);
#2934=FACE_BOUND('',#2718,.T.);
#2935=FACE_BOUND('',#2719,.T.);
#2936=FACE_BOUND('',#2720,.T.);
#2937=FACE_BOUND('',#2721,.T.);
#2938=FACE_BOUND('',#2722,.T.);
#2939=FACE_BOUND('',#2723,.T.);
#2940=FACE_BOUND('',#2724,.T.);
#2941=FACE_BOUND('',#2725,.T.);
#2942=FACE_BOUND('',#2726,.T.);
#2943=FACE_BOUND('',#2727,.T.);
#2944=FACE_BOUND('',#2728,.T.);
#2945=FACE_BOUND('',#2729,.T.);
#2946=FACE_BOUND('',#2730,.T.);
#2947=FACE_BOUND('',#2731,.T.);
#2948=FACE_BOUND('',#2732,.T.);
#2949=FACE_BOUND('',#2733,.T.);
#2950=FACE_BOUND('',#2734,.T.);
#2951=FACE_BOUND('',#2735,.T.);
#2952=FACE_BOUND('',#2736,.T.);
#2953=FACE_BOUND('',#2737,.T.);
#2954=FACE_BOUND('',#2738,.T.);
#2955=FACE_BOUND('',#2739,.T.);
#2956=FACE_BOUND('',#2740,.T.);
#2957=FACE_BOUND('',#2741,.T.);
#2958=FACE_BOUND('',#2742,.T.);
#2959=FACE_BOUND('',#2743,.T.);
#2960=FACE_BOUND('',#2744,.T.);
#2961=FACE_BOUND('',#2745,.T.);
#2962=FACE_BOUND('',#2746,.T.);
#2963=FACE_BOUND('',#2747,.T.);
#2964=FACE_BOUND('',#2748,.T.);
#2965=FACE_BOUND('',#2749,.T.);
#2966=FACE_BOUND('',#2750,.T.);
#2967=FACE_BOUND('',#2751,.T.);
#2968=FACE_BOUND('',#2752,.T.);
#2969=FACE_BOUND('',#2753,.T.);
#2970=FACE_BOUND('',#2754,.T.);
#2971=FACE_BOUND('',#2755,.T.);
#2972=FACE_BOUND('',#2756,.T.);
#2973=FACE_BOUND('',#2757,.T.);
#2974=FACE_BOUND('',#2758,.T.);
#2975=FACE_BOUND('',#2759,.T.);
#2976=FACE_BOUND('',#2760,.T.);
#2977=FACE_BOUND('',#2761,.T.);
#2978=FACE_BOUND('',#2762,.T.);
#2979=FACE_BOUND('',#2763,.T.);
#2980=FACE_BOUND('',#2764,.T.);
#2981=FACE_BOUND('',#2765,.T.);
#2982=FACE_BOUND('',#2766,.T.);
#2983=FACE_BOUND('',#2767,.T.);
#2984=FACE_BOUND('',#2768,.T.);
#2985=FACE_BOUND('',#2769,.T.);
#2986=FACE_BOUND('',#2770,.T.);
#2987=FACE_BOUND('',#2771,.T.);
#2988=FACE_BOUND('',#2772,.T.);
#2989=FACE_BOUND('',#2773,.T.);
#2990=FACE_BOUND('',#2774,.T.);
#2991=FACE_BOUND('',#2775,.T.);
#2992=FACE_BOUND('',#2776,.T.);
#2993=FACE_BOUND('',#2777,.T.);
#2994=FACE_BOUND('',#2778,.T.);
#2995=FACE_BOUND('',#2779,.T.);
#2996=FACE_BOUND('',#2780,.T.);
#2997=FACE_BOUND('',#2781,.T.);
#2998=FACE_BOUND('',#2782,.T.);
#2999=FACE_BOUND('',#2783,.T.);
#3000=FACE_BOUND('',#2784,.T.);
#3001=FACE_BOUND('',#2785,.T.);
#3002=FACE_BOUND('',#2786,.T.);
#3003=FACE_BOUND('',#2787,.T.);
#3004=FACE_BOUND('',#2788,.T.);
#3005=FACE_BOUND('',#2789,.T.);
#3006=FACE_BOUND('',#2790,.T.);
#3007=FACE_BOUND('',#2791,.T.);
#3008=FACE_BOUND('',#2792,.T.);
#3009=FACE_BOUND('',#2793,.T.);
#3010=FACE_BOUND('',#2794,.T.);
#3011=FACE_BOUND('',#2795,.T.);
#3012=FACE_BOUND('',#2796,.T.);
#3013=FACE_BOUND('',#2797,.T.);
#3014=FACE_BOUND('',#2798,.T.);
#3015=FACE_BOUND('',#2799,.T.);
#3016=FACE_BOUND('',#2800,.T.);
#3017=FACE_BOUND('',#2801,.T.);
#3018=FACE_BOUND('',#2802,.T.);
#3019=FACE_BOUND('',#2803,.T.);
#3020=FACE_BOUND('',#2804,.T.);
#3021=FACE_BOUND('',#2805,.T.);
#3022=FACE_BOUND('',#2806,.T.);
#3023=FACE_BOUND('',#2807,.T.);
#3024=FACE_BOUND('',#2808,.T.);
#3025=FACE_BOUND('',#2809,.T.);
#3026=FACE_BOUND('',#2810,.T.);
#3027=FACE_BOUND('',#2811,.T.);
#3028=FACE_BOUND('',#2812,.T.);
#3029=FACE_BOUND('',#2813,.T.);
#3030=FACE_BOUND('',#2814,.T.);
#3031=FACE_BOUND('',#2815,.T.);
#3032=FACE_BOUND('',#2816,.T.);
#3033=FACE_BOUND('',#2817,.T.);
#3034=FACE_BOUND('',#2818,.T.);
#3035=FACE_BOUND('',#2819,.T.);
#3036=FACE_BOUND('',#2820,.T.);
#3037=FACE_BOUND('',#2821,.T.);
#3038=FACE_BOUND('',#2822,.T.);
#3039=FACE_BOUND('',#2823,.T.);
#3040=FACE_BOUND('',#2824,.T.);
#3041=FACE_BOUND('',#2825,.T.);
#3042=FACE_BOUND('',#2826,.T.);
#3043=FACE_BOUND('',#2827,.T.);
#3044=FACE_BOUND('',#2828,.T.);
#3045=FACE_BOUND('',#2829,.T.);
#3046=FACE_BOUND('',#2830,.T.);
#3047=FACE_BOUND('',#2831,.T.);
#3048=FACE_BOUND('',#2832,.T.);
#3049=FACE_BOUND('',#2833,.T.);
#3050=FACE_BOUND('',#2834,.T.);
#3051=FACE_BOUND('',#2835,.T.);
#3052=FACE_BOUND('',#2836,.T.);
#3053=FACE_BOUND('',#2837,.T.);
#3054=FACE_BOUND('',#2838,.T.);
#3055=FACE_BOUND('',#2839,.T.);
#3056=FACE_BOUND('',#2840,.T.);
#3057=FACE_BOUND('',#2841,.T.);
#3058=FACE_BOUND('',#2842,.T.);
#3059=FACE_BOUND('',#2843,.T.);
#3060=FACE_BOUND('',#2844,.T.);
#3061=FACE_BOUND('',#2845,.T.);
#3062=FACE_BOUND('',#2846,.T.);
#3063=FACE_BOUND('',#2847,.T.);
#3064=FACE_BOUND('',#2848,.T.);
#3065=FACE_BOUND('',#2849,.T.);
#3066=FACE_BOUND('',#2850,.T.);
#3067=FACE_BOUND('',#2851,.T.);
#3068=FACE_BOUND('',#2852,.T.);
#3069=FACE_BOUND('',#2853,.T.);
#3070=FACE_BOUND('',#2854,.T.);
#3071=FACE_BOUND('',#2855,.T.);
#3072=FACE_BOUND('',#2856,.T.);
#3073=FACE_BOUND('',#2857,.T.);
#3074=FACE_BOUND('',#2858,.T.);
#3075=FACE_BOUND('',#2859,.T.);
#3076=FACE_BOUND('',#2860,.T.);
#3077=FACE_BOUND('',#2861,.T.);
#3078=FACE_BOUND('',#2862,.T.);
#3079=FACE_BOUND('',#2863,.T.);
#3080=FACE_BOUND('',#2864,.T.);
#3081=FACE_BOUND('',#2865,.T.);
#3082=FACE_BOUND('',#2866,.T.);
#3083=FACE_BOUND('',#2867,.T.);
#3084=FACE_BOUND('',#2868,.T.);
#3085=FACE_BOUND('',#2869,.T.);
#3086=FACE_BOUND('',#2870,.T.);
#3087=FACE_BOUND('',#2871,.T.);
#3088=FACE_BOUND('',#2872,.T.);
#3089=FACE_BOUND('',#2873,.T.);
#3090=FACE_BOUND('',#2874,.T.);
#3091=FACE_BOUND('',#2875,.T.);
#3092=FACE_BOUND('',#2876,.T.);
#3093=FACE_BOUND('',#2877,.T.);
#3094=FACE_BOUND('',#2878,.T.);
#3095=FACE_BOUND('',#2879,.T.);
#3096=FACE_BOUND('',#2880,.T.);
#3097=FACE_BOUND('',#2881,.T.);
#3098=FACE_BOUND('',#2882,.T.);
#3099=FACE_BOUND('',#2883,.T.);
#3100=FACE_BOUND('',#2884,.T.);
#3101=FACE_BOUND('',#2885,.T.);
#3102=FACE_BOUND('',#2886,.T.);
#3103=FACE_BOUND('',#2887,.T.);
#3104=FACE_BOUND('',#2888,.T.);
#3105=FACE_BOUND('',#2889,.T.);
#3106=FACE_BOUND('',#2890,.T.);
#3107=FACE_BOUND('',#2891,.T.);
#3108=FACE_BOUND('',#2892,.T.);
#3109=FACE_BOUND('',#2893,.T.);
#3110=FACE_BOUND('',#2894,.T.);
#3111=FACE_BOUND('',#2895,.T.);
#3112=FACE_BOUND('',#2896,.T.);
#3113=FACE_BOUND('',#2897,.T.);
#3114=FACE_BOUND('',#2898,.T.);
#3115=FACE_BOUND('',#2899,.T.);
#3116=FACE_BOUND('',#2900,.T.);
#3117=FACE_BOUND('',#2901,.T.);
#3118=FACE_BOUND('',#2902,.T.);
#3119=FACE_BOUND('',#2903,.T.);
#3120=FACE_BOUND('',#2904,.T.);
#3121=FACE_BOUND('',#2905,.T.);
#3122=FACE_BOUND('',#2906,.T.);
#3123=PLANE('',#4939);
#3124=PLANE('',#5259);
#3125=PLANE('',#5260);
#3126=PLANE('',#5261);
#3127=PLANE('',#5262);
#3128=PLANE('',#5264);
#3129=PLANE('',#5265);
#3130=PLANE('',#5266);
#3131=PLANE('',#5267);
#3132=PLANE('',#5268);
#3133=PLANE('',#5269);
#3134=PLANE('',#5270);
#3135=PLANE('',#5271);
#3136=PLANE('',#5272);
#3137=PLANE('',#5273);
#3138=PLANE('',#5274);
#3139=PLANE('',#5275);
#3140=PLANE('',#5276);
#3141=PLANE('',#5277);
#3142=PLANE('',#5278);
#3143=PLANE('',#5279);
#3144=PLANE('',#5280);
#3145=PLANE('',#5281);
#3146=PLANE('',#5282);
#3147=PLANE('',#5283);
#3148=PLANE('',#5284);
#3149=PLANE('',#5285);
#3150=PLANE('',#5296);
#3151=PLANE('',#5297);
#3152=PLANE('',#5298);
#3153=PLANE('',#5299);
#3154=PLANE('',#5301);
#3155=PLANE('',#5302);
#3156=PLANE('',#5303);
#3157=PLANE('',#5304);
#3158=PLANE('',#5305);
#3159=PLANE('',#5306);
#3160=PLANE('',#5307);
#3161=PLANE('',#5308);
#3162=PLANE('',#5309);
#3163=PLANE('',#5310);
#3164=PLANE('',#5311);
#3165=PLANE('',#5312);
#3166=PLANE('',#5313);
#3167=PLANE('',#5314);
#3168=PLANE('',#5315);
#3169=PLANE('',#5316);
#3170=PLANE('',#5317);
#3171=PLANE('',#5318);
#3172=PLANE('',#5319);
#3173=PLANE('',#5320);
#3174=PLANE('',#5321);
#3175=PLANE('',#5322);
#3176=PLANE('',#5333);
#3177=PLANE('',#5334);
#3178=PLANE('',#5335);
#3179=PLANE('',#5336);
#3180=PLANE('',#5338);
#3181=PLANE('',#5339);
#3182=PLANE('',#5340);
#3183=PLANE('',#5341);
#3184=PLANE('',#5342);
#3185=PLANE('',#5343);
#3186=PLANE('',#5344);
#3187=PLANE('',#5345);
#3188=PLANE('',#5346);
#3189=PLANE('',#5347);
#3190=PLANE('',#5348);
#3191=PLANE('',#5349);
#3192=PLANE('',#5350);
#3193=PLANE('',#5351);
#3194=PLANE('',#5352);
#3195=PLANE('',#5353);
#3196=PLANE('',#5354);
#3197=PLANE('',#5355);
#3198=PLANE('',#5356);
#3199=PLANE('',#5357);
#3200=PLANE('',#5358);
#3201=PLANE('',#5359);
#3202=PLANE('',#5370);
#3203=PLANE('',#5371);
#3204=PLANE('',#5372);
#3205=PLANE('',#5373);
#3206=PLANE('',#5375);
#3207=PLANE('',#5376);
#3208=PLANE('',#5377);
#3209=PLANE('',#5378);
#3210=PLANE('',#5379);
#3211=PLANE('',#5380);
#3212=PLANE('',#5381);
#3213=PLANE('',#5382);
#3214=PLANE('',#5383);
#3215=PLANE('',#5384);
#3216=PLANE('',#5385);
#3217=PLANE('',#5386);
#3218=PLANE('',#5387);
#3219=PLANE('',#5388);
#3220=PLANE('',#5395);
#3221=PLANE('',#5396);
#3222=PLANE('',#5397);
#3223=PLANE('',#5398);
#3224=PLANE('',#5399);
#3225=PLANE('',#5400);
#3226=PLANE('',#5401);
#3227=PLANE('',#5402);
#3228=STYLED_ITEM('',(#3441),#4721);
#3229=STYLED_ITEM('',(#3442),#4722);
#3230=STYLED_ITEM('',(#3443),#4723);
#3231=STYLED_ITEM('',(#3444),#4724);
#3232=STYLED_ITEM('',(#3445),#4725);
#3233=STYLED_ITEM('',(#3446),#4726);
#3234=STYLED_ITEM('',(#3447),#4727);
#3235=STYLED_ITEM('',(#3448),#4728);
#3236=STYLED_ITEM('',(#3449),#4729);
#3237=STYLED_ITEM('',(#3450),#4730);
#3238=STYLED_ITEM('',(#3451),#4731);
#3239=STYLED_ITEM('',(#3452),#4732);
#3240=STYLED_ITEM('',(#3453),#4733);
#3241=STYLED_ITEM('',(#3454),#4734);
#3242=STYLED_ITEM('',(#3455),#4735);
#3243=STYLED_ITEM('',(#3456),#4736);
#3244=STYLED_ITEM('',(#3457),#4737);
#3245=STYLED_ITEM('',(#3458),#4738);
#3246=STYLED_ITEM('',(#3459),#4739);
#3247=STYLED_ITEM('',(#3460),#4740);
#3248=STYLED_ITEM('',(#3461),#4741);
#3249=STYLED_ITEM('',(#3462),#4742);
#3250=STYLED_ITEM('',(#3463),#4743);
#3251=STYLED_ITEM('',(#3464),#4744);
#3252=STYLED_ITEM('',(#3465),#4745);
#3253=STYLED_ITEM('',(#3466),#4746);
#3254=STYLED_ITEM('',(#3467),#4747);
#3255=STYLED_ITEM('',(#3468),#4748);
#3256=STYLED_ITEM('',(#3469),#4749);
#3257=STYLED_ITEM('',(#3470),#4750);
#3258=STYLED_ITEM('',(#3471),#4751);
#3259=STYLED_ITEM('',(#3472),#4752);
#3260=STYLED_ITEM('',(#3473),#4753);
#3261=STYLED_ITEM('',(#3474),#4754);
#3262=STYLED_ITEM('',(#3475),#4755);
#3263=STYLED_ITEM('',(#3476),#4756);
#3264=STYLED_ITEM('',(#3477),#4757);
#3265=STYLED_ITEM('',(#3478),#4758);
#3266=STYLED_ITEM('',(#3479),#4759);
#3267=STYLED_ITEM('',(#3480),#4760);
#3268=STYLED_ITEM('',(#3481),#4761);
#3269=STYLED_ITEM('',(#3482),#4762);
#3270=STYLED_ITEM('',(#3483),#4763);
#3271=STYLED_ITEM('',(#3484),#4764);
#3272=STYLED_ITEM('',(#3485),#4765);
#3273=STYLED_ITEM('',(#3486),#4766);
#3274=STYLED_ITEM('',(#3487),#4767);
#3275=STYLED_ITEM('',(#3488),#4768);
#3276=STYLED_ITEM('',(#3489),#4769);
#3277=STYLED_ITEM('',(#3490),#4770);
#3278=STYLED_ITEM('',(#3491),#4771);
#3279=STYLED_ITEM('',(#3492),#4772);
#3280=STYLED_ITEM('',(#3493),#4773);
#3281=STYLED_ITEM('',(#3494),#4774);
#3282=STYLED_ITEM('',(#3495),#4775);
#3283=STYLED_ITEM('',(#3496),#4776);
#3284=STYLED_ITEM('',(#3497),#4777);
#3285=STYLED_ITEM('',(#3498),#4778);
#3286=STYLED_ITEM('',(#3499),#4779);
#3287=STYLED_ITEM('',(#3500),#4780);
#3288=STYLED_ITEM('',(#3501),#4781);
#3289=STYLED_ITEM('',(#3502),#4782);
#3290=STYLED_ITEM('',(#3503),#4783);
#3291=STYLED_ITEM('',(#3504),#4784);
#3292=STYLED_ITEM('',(#3505),#4785);
#3293=STYLED_ITEM('',(#3506),#4786);
#3294=STYLED_ITEM('',(#3507),#4787);
#3295=STYLED_ITEM('',(#3508),#4788);
#3296=STYLED_ITEM('',(#3509),#4789);
#3297=STYLED_ITEM('',(#3510),#4790);
#3298=STYLED_ITEM('',(#3511),#4791);
#3299=STYLED_ITEM('',(#3512),#4792);
#3300=STYLED_ITEM('',(#3513),#4793);
#3301=STYLED_ITEM('',(#3514),#4794);
#3302=STYLED_ITEM('',(#3515),#4795);
#3303=STYLED_ITEM('',(#3516),#4796);
#3304=STYLED_ITEM('',(#3517),#4797);
#3305=STYLED_ITEM('',(#3518),#4798);
#3306=STYLED_ITEM('',(#3519),#4799);
#3307=STYLED_ITEM('',(#3520),#4800);
#3308=STYLED_ITEM('',(#3521),#4801);
#3309=STYLED_ITEM('',(#3522),#4802);
#3310=STYLED_ITEM('',(#3523),#4803);
#3311=STYLED_ITEM('',(#3524),#4804);
#3312=STYLED_ITEM('',(#3525),#4805);
#3313=STYLED_ITEM('',(#3526),#4806);
#3314=STYLED_ITEM('',(#3527),#4807);
#3315=STYLED_ITEM('',(#3528),#4808);
#3316=STYLED_ITEM('',(#3529),#4809);
#3317=STYLED_ITEM('',(#3530),#4810);
#3318=STYLED_ITEM('',(#3531),#4811);
#3319=STYLED_ITEM('',(#3532),#4812);
#3320=STYLED_ITEM('',(#3533),#4813);
#3321=STYLED_ITEM('',(#3534),#4814);
#3322=STYLED_ITEM('',(#3535),#4815);
#3323=STYLED_ITEM('',(#3536),#4816);
#3324=STYLED_ITEM('',(#3537),#4817);
#3325=STYLED_ITEM('',(#3538),#4818);
#3326=STYLED_ITEM('',(#3539),#4819);
#3327=STYLED_ITEM('',(#3540),#4820);
#3328=STYLED_ITEM('',(#3541),#4821);
#3329=STYLED_ITEM('',(#3542),#4822);
#3330=STYLED_ITEM('',(#3543),#4823);
#3331=STYLED_ITEM('',(#3544),#4824);
#3332=STYLED_ITEM('',(#3545),#4825);
#3333=STYLED_ITEM('',(#3546),#4826);
#3334=STYLED_ITEM('',(#3547),#4827);
#3335=STYLED_ITEM('',(#3548),#4828);
#3336=STYLED_ITEM('',(#3549),#4829);
#3337=STYLED_ITEM('',(#3550),#4830);
#3338=STYLED_ITEM('',(#3551),#4831);
#3339=STYLED_ITEM('',(#3552),#4832);
#3340=STYLED_ITEM('',(#3553),#4833);
#3341=STYLED_ITEM('',(#3554),#4834);
#3342=STYLED_ITEM('',(#3555),#4835);
#3343=STYLED_ITEM('',(#3556),#4836);
#3344=STYLED_ITEM('',(#3557),#4837);
#3345=STYLED_ITEM('',(#3558),#4838);
#3346=STYLED_ITEM('',(#3559),#4839);
#3347=STYLED_ITEM('',(#3560),#4840);
#3348=STYLED_ITEM('',(#3561),#4841);
#3349=STYLED_ITEM('',(#3562),#4842);
#3350=STYLED_ITEM('',(#3563),#4843);
#3351=STYLED_ITEM('',(#3564),#4844);
#3352=STYLED_ITEM('',(#3565),#4845);
#3353=STYLED_ITEM('',(#3566),#4846);
#3354=STYLED_ITEM('',(#3567),#4847);
#3355=STYLED_ITEM('',(#3568),#4848);
#3356=STYLED_ITEM('',(#3569),#4849);
#3357=STYLED_ITEM('',(#3570),#4850);
#3358=STYLED_ITEM('',(#3571),#4851);
#3359=STYLED_ITEM('',(#3572),#4852);
#3360=STYLED_ITEM('',(#3573),#4853);
#3361=STYLED_ITEM('',(#3574),#4854);
#3362=STYLED_ITEM('',(#3575),#4855);
#3363=STYLED_ITEM('',(#3576),#4856);
#3364=STYLED_ITEM('',(#3577),#4857);
#3365=STYLED_ITEM('',(#3578),#4858);
#3366=STYLED_ITEM('',(#3579),#4859);
#3367=STYLED_ITEM('',(#3580),#4860);
#3368=STYLED_ITEM('',(#3581),#4861);
#3369=STYLED_ITEM('',(#3582),#4862);
#3370=STYLED_ITEM('',(#3583),#4863);
#3371=STYLED_ITEM('',(#3584),#4864);
#3372=STYLED_ITEM('',(#3585),#4865);
#3373=STYLED_ITEM('',(#3586),#4866);
#3374=STYLED_ITEM('',(#3587),#4867);
#3375=STYLED_ITEM('',(#3588),#4868);
#3376=STYLED_ITEM('',(#3589),#4869);
#3377=STYLED_ITEM('',(#3590),#4870);
#3378=STYLED_ITEM('',(#3591),#4871);
#3379=STYLED_ITEM('',(#3592),#4872);
#3380=STYLED_ITEM('',(#3593),#4873);
#3381=STYLED_ITEM('',(#3594),#4874);
#3382=STYLED_ITEM('',(#3595),#4875);
#3383=STYLED_ITEM('',(#3596),#4876);
#3384=STYLED_ITEM('',(#3597),#4877);
#3385=STYLED_ITEM('',(#3598),#4878);
#3386=STYLED_ITEM('',(#3599),#4879);
#3387=STYLED_ITEM('',(#3600),#4880);
#3388=STYLED_ITEM('',(#3601),#4881);
#3389=STYLED_ITEM('',(#3602),#4882);
#3390=STYLED_ITEM('',(#3603),#4883);
#3391=STYLED_ITEM('',(#3604),#4884);
#3392=STYLED_ITEM('',(#3605),#4885);
#3393=STYLED_ITEM('',(#3606),#4886);
#3394=STYLED_ITEM('',(#3607),#4887);
#3395=STYLED_ITEM('',(#3608),#4888);
#3396=STYLED_ITEM('',(#3609),#4889);
#3397=STYLED_ITEM('',(#3610),#4890);
#3398=STYLED_ITEM('',(#3611),#4891);
#3399=STYLED_ITEM('',(#3612),#4892);
#3400=STYLED_ITEM('',(#3613),#4893);
#3401=STYLED_ITEM('',(#3614),#4894);
#3402=STYLED_ITEM('',(#3615),#4895);
#3403=STYLED_ITEM('',(#3616),#4896);
#3404=STYLED_ITEM('',(#3617),#4897);
#3405=STYLED_ITEM('',(#3618),#4898);
#3406=STYLED_ITEM('',(#3619),#4899);
#3407=STYLED_ITEM('',(#3620),#4900);
#3408=STYLED_ITEM('',(#3621),#4901);
#3409=STYLED_ITEM('',(#3622),#4902);
#3410=STYLED_ITEM('',(#3623),#4903);
#3411=STYLED_ITEM('',(#3624),#4904);
#3412=STYLED_ITEM('',(#3625),#4905);
#3413=STYLED_ITEM('',(#3626),#4906);
#3414=STYLED_ITEM('',(#3627),#4907);
#3415=STYLED_ITEM('',(#3628),#4908);
#3416=STYLED_ITEM('',(#3629),#4909);
#3417=STYLED_ITEM('',(#3630),#4910);
#3418=STYLED_ITEM('',(#3631),#4911);
#3419=STYLED_ITEM('',(#3632),#4912);
#3420=STYLED_ITEM('',(#3633),#4913);
#3421=STYLED_ITEM('',(#3634),#4914);
#3422=STYLED_ITEM('',(#3635),#4915);
#3423=STYLED_ITEM('',(#3636),#4916);
#3424=STYLED_ITEM('',(#3637),#4917);
#3425=STYLED_ITEM('',(#3638),#4918);
#3426=STYLED_ITEM('',(#3639),#4919);
#3427=STYLED_ITEM('',(#3640),#4920);
#3428=STYLED_ITEM('',(#3641),#4921);
#3429=STYLED_ITEM('',(#3642),#4922);
#3430=STYLED_ITEM('',(#3643),#4923);
#3431=STYLED_ITEM('',(#3644),#4924);
#3432=STYLED_ITEM('',(#3645),#4925);
#3433=STYLED_ITEM('',(#3646),#4926);
#3434=STYLED_ITEM('',(#3647),#4927);
#3435=STYLED_ITEM('',(#3648),#4928);
#3436=STYLED_ITEM('',(#3649),#4929);
#3437=STYLED_ITEM('',(#3650),#4930);
#3438=STYLED_ITEM('',(#3651),#4931);
#3439=STYLED_ITEM('',(#3652),#4932);
#3440=STYLED_ITEM('',(#3653),#4933);
#3441=PRESENTATION_STYLE_ASSIGNMENT((#3654));
#3442=PRESENTATION_STYLE_ASSIGNMENT((#3655));
#3443=PRESENTATION_STYLE_ASSIGNMENT((#3656));
#3444=PRESENTATION_STYLE_ASSIGNMENT((#3657));
#3445=PRESENTATION_STYLE_ASSIGNMENT((#3658));
#3446=PRESENTATION_STYLE_ASSIGNMENT((#3659));
#3447=PRESENTATION_STYLE_ASSIGNMENT((#3660));
#3448=PRESENTATION_STYLE_ASSIGNMENT((#3661));
#3449=PRESENTATION_STYLE_ASSIGNMENT((#3662));
#3450=PRESENTATION_STYLE_ASSIGNMENT((#3663));
#3451=PRESENTATION_STYLE_ASSIGNMENT((#3664));
#3452=PRESENTATION_STYLE_ASSIGNMENT((#3665));
#3453=PRESENTATION_STYLE_ASSIGNMENT((#3666));
#3454=PRESENTATION_STYLE_ASSIGNMENT((#3667));
#3455=PRESENTATION_STYLE_ASSIGNMENT((#3668));
#3456=PRESENTATION_STYLE_ASSIGNMENT((#3669));
#3457=PRESENTATION_STYLE_ASSIGNMENT((#3670));
#3458=PRESENTATION_STYLE_ASSIGNMENT((#3671));
#3459=PRESENTATION_STYLE_ASSIGNMENT((#3672));
#3460=PRESENTATION_STYLE_ASSIGNMENT((#3673));
#3461=PRESENTATION_STYLE_ASSIGNMENT((#3674));
#3462=PRESENTATION_STYLE_ASSIGNMENT((#3675));
#3463=PRESENTATION_STYLE_ASSIGNMENT((#3676));
#3464=PRESENTATION_STYLE_ASSIGNMENT((#3677));
#3465=PRESENTATION_STYLE_ASSIGNMENT((#3678));
#3466=PRESENTATION_STYLE_ASSIGNMENT((#3679));
#3467=PRESENTATION_STYLE_ASSIGNMENT((#3680));
#3468=PRESENTATION_STYLE_ASSIGNMENT((#3681));
#3469=PRESENTATION_STYLE_ASSIGNMENT((#3682));
#3470=PRESENTATION_STYLE_ASSIGNMENT((#3683));
#3471=PRESENTATION_STYLE_ASSIGNMENT((#3684));
#3472=PRESENTATION_STYLE_ASSIGNMENT((#3685));
#3473=PRESENTATION_STYLE_ASSIGNMENT((#3686));
#3474=PRESENTATION_STYLE_ASSIGNMENT((#3687));
#3475=PRESENTATION_STYLE_ASSIGNMENT((#3688));
#3476=PRESENTATION_STYLE_ASSIGNMENT((#3689));
#3477=PRESENTATION_STYLE_ASSIGNMENT((#3690));
#3478=PRESENTATION_STYLE_ASSIGNMENT((#3691));
#3479=PRESENTATION_STYLE_ASSIGNMENT((#3692));
#3480=PRESENTATION_STYLE_ASSIGNMENT((#3693));
#3481=PRESENTATION_STYLE_ASSIGNMENT((#3694));
#3482=PRESENTATION_STYLE_ASSIGNMENT((#3695));
#3483=PRESENTATION_STYLE_ASSIGNMENT((#3696));
#3484=PRESENTATION_STYLE_ASSIGNMENT((#3697));
#3485=PRESENTATION_STYLE_ASSIGNMENT((#3698));
#3486=PRESENTATION_STYLE_ASSIGNMENT((#3699));
#3487=PRESENTATION_STYLE_ASSIGNMENT((#3700));
#3488=PRESENTATION_STYLE_ASSIGNMENT((#3701));
#3489=PRESENTATION_STYLE_ASSIGNMENT((#3702));
#3490=PRESENTATION_STYLE_ASSIGNMENT((#3703));
#3491=PRESENTATION_STYLE_ASSIGNMENT((#3704));
#3492=PRESENTATION_STYLE_ASSIGNMENT((#3705));
#3493=PRESENTATION_STYLE_ASSIGNMENT((#3706));
#3494=PRESENTATION_STYLE_ASSIGNMENT((#3707));
#3495=PRESENTATION_STYLE_ASSIGNMENT((#3708));
#3496=PRESENTATION_STYLE_ASSIGNMENT((#3709));
#3497=PRESENTATION_STYLE_ASSIGNMENT((#3710));
#3498=PRESENTATION_STYLE_ASSIGNMENT((#3711));
#3499=PRESENTATION_STYLE_ASSIGNMENT((#3712));
#3500=PRESENTATION_STYLE_ASSIGNMENT((#3713));
#3501=PRESENTATION_STYLE_ASSIGNMENT((#3714));
#3502=PRESENTATION_STYLE_ASSIGNMENT((#3715));
#3503=PRESENTATION_STYLE_ASSIGNMENT((#3716));
#3504=PRESENTATION_STYLE_ASSIGNMENT((#3717));
#3505=PRESENTATION_STYLE_ASSIGNMENT((#3718));
#3506=PRESENTATION_STYLE_ASSIGNMENT((#3719));
#3507=PRESENTATION_STYLE_ASSIGNMENT((#3720));
#3508=PRESENTATION_STYLE_ASSIGNMENT((#3721));
#3509=PRESENTATION_STYLE_ASSIGNMENT((#3722));
#3510=PRESENTATION_STYLE_ASSIGNMENT((#3723));
#3511=PRESENTATION_STYLE_ASSIGNMENT((#3724));
#3512=PRESENTATION_STYLE_ASSIGNMENT((#3725));
#3513=PRESENTATION_STYLE_ASSIGNMENT((#3726));
#3514=PRESENTATION_STYLE_ASSIGNMENT((#3727));
#3515=PRESENTATION_STYLE_ASSIGNMENT((#3728));
#3516=PRESENTATION_STYLE_ASSIGNMENT((#3729));
#3517=PRESENTATION_STYLE_ASSIGNMENT((#3730));
#3518=PRESENTATION_STYLE_ASSIGNMENT((#3731));
#3519=PRESENTATION_STYLE_ASSIGNMENT((#3732));
#3520=PRESENTATION_STYLE_ASSIGNMENT((#3733));
#3521=PRESENTATION_STYLE_ASSIGNMENT((#3734));
#3522=PRESENTATION_STYLE_ASSIGNMENT((#3735));
#3523=PRESENTATION_STYLE_ASSIGNMENT((#3736));
#3524=PRESENTATION_STYLE_ASSIGNMENT((#3737));
#3525=PRESENTATION_STYLE_ASSIGNMENT((#3738));
#3526=PRESENTATION_STYLE_ASSIGNMENT((#3739));
#3527=PRESENTATION_STYLE_ASSIGNMENT((#3740));
#3528=PRESENTATION_STYLE_ASSIGNMENT((#3741));
#3529=PRESENTATION_STYLE_ASSIGNMENT((#3742));
#3530=PRESENTATION_STYLE_ASSIGNMENT((#3743));
#3531=PRESENTATION_STYLE_ASSIGNMENT((#3744));
#3532=PRESENTATION_STYLE_ASSIGNMENT((#3745));
#3533=PRESENTATION_STYLE_ASSIGNMENT((#3746));
#3534=PRESENTATION_STYLE_ASSIGNMENT((#3747));
#3535=PRESENTATION_STYLE_ASSIGNMENT((#3748));
#3536=PRESENTATION_STYLE_ASSIGNMENT((#3749));
#3537=PRESENTATION_STYLE_ASSIGNMENT((#3750));
#3538=PRESENTATION_STYLE_ASSIGNMENT((#3751));
#3539=PRESENTATION_STYLE_ASSIGNMENT((#3752));
#3540=PRESENTATION_STYLE_ASSIGNMENT((#3753));
#3541=PRESENTATION_STYLE_ASSIGNMENT((#3754));
#3542=PRESENTATION_STYLE_ASSIGNMENT((#3755));
#3543=PRESENTATION_STYLE_ASSIGNMENT((#3756));
#3544=PRESENTATION_STYLE_ASSIGNMENT((#3757));
#3545=PRESENTATION_STYLE_ASSIGNMENT((#3758));
#3546=PRESENTATION_STYLE_ASSIGNMENT((#3759));
#3547=PRESENTATION_STYLE_ASSIGNMENT((#3760));
#3548=PRESENTATION_STYLE_ASSIGNMENT((#3761));
#3549=PRESENTATION_STYLE_ASSIGNMENT((#3762));
#3550=PRESENTATION_STYLE_ASSIGNMENT((#3763));
#3551=PRESENTATION_STYLE_ASSIGNMENT((#3764));
#3552=PRESENTATION_STYLE_ASSIGNMENT((#3765));
#3553=PRESENTATION_STYLE_ASSIGNMENT((#3766));
#3554=PRESENTATION_STYLE_ASSIGNMENT((#3767));
#3555=PRESENTATION_STYLE_ASSIGNMENT((#3768));
#3556=PRESENTATION_STYLE_ASSIGNMENT((#3769));
#3557=PRESENTATION_STYLE_ASSIGNMENT((#3770));
#3558=PRESENTATION_STYLE_ASSIGNMENT((#3771));
#3559=PRESENTATION_STYLE_ASSIGNMENT((#3772));
#3560=PRESENTATION_STYLE_ASSIGNMENT((#3773));
#3561=PRESENTATION_STYLE_ASSIGNMENT((#3774));
#3562=PRESENTATION_STYLE_ASSIGNMENT((#3775));
#3563=PRESENTATION_STYLE_ASSIGNMENT((#3776));
#3564=PRESENTATION_STYLE_ASSIGNMENT((#3777));
#3565=PRESENTATION_STYLE_ASSIGNMENT((#3778));
#3566=PRESENTATION_STYLE_ASSIGNMENT((#3779));
#3567=PRESENTATION_STYLE_ASSIGNMENT((#3780));
#3568=PRESENTATION_STYLE_ASSIGNMENT((#3781));
#3569=PRESENTATION_STYLE_ASSIGNMENT((#3782));
#3570=PRESENTATION_STYLE_ASSIGNMENT((#3783));
#3571=PRESENTATION_STYLE_ASSIGNMENT((#3784));
#3572=PRESENTATION_STYLE_ASSIGNMENT((#3785));
#3573=PRESENTATION_STYLE_ASSIGNMENT((#3786));
#3574=PRESENTATION_STYLE_ASSIGNMENT((#3787));
#3575=PRESENTATION_STYLE_ASSIGNMENT((#3788));
#3576=PRESENTATION_STYLE_ASSIGNMENT((#3789));
#3577=PRESENTATION_STYLE_ASSIGNMENT((#3790));
#3578=PRESENTATION_STYLE_ASSIGNMENT((#3791));
#3579=PRESENTATION_STYLE_ASSIGNMENT((#3792));
#3580=PRESENTATION_STYLE_ASSIGNMENT((#3793));
#3581=PRESENTATION_STYLE_ASSIGNMENT((#3794));
#3582=PRESENTATION_STYLE_ASSIGNMENT((#3795));
#3583=PRESENTATION_STYLE_ASSIGNMENT((#3796));
#3584=PRESENTATION_STYLE_ASSIGNMENT((#3797));
#3585=PRESENTATION_STYLE_ASSIGNMENT((#3798));
#3586=PRESENTATION_STYLE_ASSIGNMENT((#3799));
#3587=PRESENTATION_STYLE_ASSIGNMENT((#3800));
#3588=PRESENTATION_STYLE_ASSIGNMENT((#3801));
#3589=PRESENTATION_STYLE_ASSIGNMENT((#3802));
#3590=PRESENTATION_STYLE_ASSIGNMENT((#3803));
#3591=PRESENTATION_STYLE_ASSIGNMENT((#3804));
#3592=PRESENTATION_STYLE_ASSIGNMENT((#3805));
#3593=PRESENTATION_STYLE_ASSIGNMENT((#3806));
#3594=PRESENTATION_STYLE_ASSIGNMENT((#3807));
#3595=PRESENTATION_STYLE_ASSIGNMENT((#3808));
#3596=PRESENTATION_STYLE_ASSIGNMENT((#3809));
#3597=PRESENTATION_STYLE_ASSIGNMENT((#3810));
#3598=PRESENTATION_STYLE_ASSIGNMENT((#3811));
#3599=PRESENTATION_STYLE_ASSIGNMENT((#3812));
#3600=PRESENTATION_STYLE_ASSIGNMENT((#3813));
#3601=PRESENTATION_STYLE_ASSIGNMENT((#3814));
#3602=PRESENTATION_STYLE_ASSIGNMENT((#3815));
#3603=PRESENTATION_STYLE_ASSIGNMENT((#3816));
#3604=PRESENTATION_STYLE_ASSIGNMENT((#3817));
#3605=PRESENTATION_STYLE_ASSIGNMENT((#3818));
#3606=PRESENTATION_STYLE_ASSIGNMENT((#3819));
#3607=PRESENTATION_STYLE_ASSIGNMENT((#3820));
#3608=PRESENTATION_STYLE_ASSIGNMENT((#3821));
#3609=PRESENTATION_STYLE_ASSIGNMENT((#3822));
#3610=PRESENTATION_STYLE_ASSIGNMENT((#3823));
#3611=PRESENTATION_STYLE_ASSIGNMENT((#3824));
#3612=PRESENTATION_STYLE_ASSIGNMENT((#3825));
#3613=PRESENTATION_STYLE_ASSIGNMENT((#3826));
#3614=PRESENTATION_STYLE_ASSIGNMENT((#3827));
#3615=PRESENTATION_STYLE_ASSIGNMENT((#3828));
#3616=PRESENTATION_STYLE_ASSIGNMENT((#3829));
#3617=PRESENTATION_STYLE_ASSIGNMENT((#3830));
#3618=PRESENTATION_STYLE_ASSIGNMENT((#3831));
#3619=PRESENTATION_STYLE_ASSIGNMENT((#3832));
#3620=PRESENTATION_STYLE_ASSIGNMENT((#3833));
#3621=PRESENTATION_STYLE_ASSIGNMENT((#3834));
#3622=PRESENTATION_STYLE_ASSIGNMENT((#3835));
#3623=PRESENTATION_STYLE_ASSIGNMENT((#3836));
#3624=PRESENTATION_STYLE_ASSIGNMENT((#3837));
#3625=PRESENTATION_STYLE_ASSIGNMENT((#3838));
#3626=PRESENTATION_STYLE_ASSIGNMENT((#3839));
#3627=PRESENTATION_STYLE_ASSIGNMENT((#3840));
#3628=PRESENTATION_STYLE_ASSIGNMENT((#3841));
#3629=PRESENTATION_STYLE_ASSIGNMENT((#3842));
#3630=PRESENTATION_STYLE_ASSIGNMENT((#3843));
#3631=PRESENTATION_STYLE_ASSIGNMENT((#3844));
#3632=PRESENTATION_STYLE_ASSIGNMENT((#3845));
#3633=PRESENTATION_STYLE_ASSIGNMENT((#3846));
#3634=PRESENTATION_STYLE_ASSIGNMENT((#3847));
#3635=PRESENTATION_STYLE_ASSIGNMENT((#3848));
#3636=PRESENTATION_STYLE_ASSIGNMENT((#3849));
#3637=PRESENTATION_STYLE_ASSIGNMENT((#3850));
#3638=PRESENTATION_STYLE_ASSIGNMENT((#3851));
#3639=PRESENTATION_STYLE_ASSIGNMENT((#3852));
#3640=PRESENTATION_STYLE_ASSIGNMENT((#3853));
#3641=PRESENTATION_STYLE_ASSIGNMENT((#3854));
#3642=PRESENTATION_STYLE_ASSIGNMENT((#3855));
#3643=PRESENTATION_STYLE_ASSIGNMENT((#3856));
#3644=PRESENTATION_STYLE_ASSIGNMENT((#3857));
#3645=PRESENTATION_STYLE_ASSIGNMENT((#3858));
#3646=PRESENTATION_STYLE_ASSIGNMENT((#3859));
#3647=PRESENTATION_STYLE_ASSIGNMENT((#3860));
#3648=PRESENTATION_STYLE_ASSIGNMENT((#3861));
#3649=PRESENTATION_STYLE_ASSIGNMENT((#3862));
#3650=PRESENTATION_STYLE_ASSIGNMENT((#3863));
#3651=PRESENTATION_STYLE_ASSIGNMENT((#3864));
#3652=PRESENTATION_STYLE_ASSIGNMENT((#3865));
#3653=PRESENTATION_STYLE_ASSIGNMENT((#3866));
#3654=SURFACE_STYLE_USAGE(.BOTH.,#3867);
#3655=SURFACE_STYLE_USAGE(.BOTH.,#3868);
#3656=SURFACE_STYLE_USAGE(.BOTH.,#3869);
#3657=SURFACE_STYLE_USAGE(.BOTH.,#3870);
#3658=SURFACE_STYLE_USAGE(.BOTH.,#3871);
#3659=SURFACE_STYLE_USAGE(.BOTH.,#3872);
#3660=SURFACE_STYLE_USAGE(.BOTH.,#3873);
#3661=SURFACE_STYLE_USAGE(.BOTH.,#3874);
#3662=SURFACE_STYLE_USAGE(.BOTH.,#3875);
#3663=SURFACE_STYLE_USAGE(.BOTH.,#3876);
#3664=SURFACE_STYLE_USAGE(.BOTH.,#3877);
#3665=SURFACE_STYLE_USAGE(.BOTH.,#3878);
#3666=SURFACE_STYLE_USAGE(.BOTH.,#3879);
#3667=SURFACE_STYLE_USAGE(.BOTH.,#3880);
#3668=SURFACE_STYLE_USAGE(.BOTH.,#3881);
#3669=SURFACE_STYLE_USAGE(.BOTH.,#3882);
#3670=SURFACE_STYLE_USAGE(.BOTH.,#3883);
#3671=SURFACE_STYLE_USAGE(.BOTH.,#3884);
#3672=SURFACE_STYLE_USAGE(.BOTH.,#3885);
#3673=SURFACE_STYLE_USAGE(.BOTH.,#3886);
#3674=SURFACE_STYLE_USAGE(.BOTH.,#3887);
#3675=SURFACE_STYLE_USAGE(.BOTH.,#3888);
#3676=SURFACE_STYLE_USAGE(.BOTH.,#3889);
#3677=SURFACE_STYLE_USAGE(.BOTH.,#3890);
#3678=SURFACE_STYLE_USAGE(.BOTH.,#3891);
#3679=SURFACE_STYLE_USAGE(.BOTH.,#3892);
#3680=SURFACE_STYLE_USAGE(.BOTH.,#3893);
#3681=SURFACE_STYLE_USAGE(.BOTH.,#3894);
#3682=SURFACE_STYLE_USAGE(.BOTH.,#3895);
#3683=SURFACE_STYLE_USAGE(.BOTH.,#3896);
#3684=SURFACE_STYLE_USAGE(.BOTH.,#3897);
#3685=SURFACE_STYLE_USAGE(.BOTH.,#3898);
#3686=SURFACE_STYLE_USAGE(.BOTH.,#3899);
#3687=SURFACE_STYLE_USAGE(.BOTH.,#3900);
#3688=SURFACE_STYLE_USAGE(.BOTH.,#3901);
#3689=SURFACE_STYLE_USAGE(.BOTH.,#3902);
#3690=SURFACE_STYLE_USAGE(.BOTH.,#3903);
#3691=SURFACE_STYLE_USAGE(.BOTH.,#3904);
#3692=SURFACE_STYLE_USAGE(.BOTH.,#3905);
#3693=SURFACE_STYLE_USAGE(.BOTH.,#3906);
#3694=SURFACE_STYLE_USAGE(.BOTH.,#3907);
#3695=SURFACE_STYLE_USAGE(.BOTH.,#3908);
#3696=SURFACE_STYLE_USAGE(.BOTH.,#3909);
#3697=SURFACE_STYLE_USAGE(.BOTH.,#3910);
#3698=SURFACE_STYLE_USAGE(.BOTH.,#3911);
#3699=SURFACE_STYLE_USAGE(.BOTH.,#3912);
#3700=SURFACE_STYLE_USAGE(.BOTH.,#3913);
#3701=SURFACE_STYLE_USAGE(.BOTH.,#3914);
#3702=SURFACE_STYLE_USAGE(.BOTH.,#3915);
#3703=SURFACE_STYLE_USAGE(.BOTH.,#3916);
#3704=SURFACE_STYLE_USAGE(.BOTH.,#3917);
#3705=SURFACE_STYLE_USAGE(.BOTH.,#3918);
#3706=SURFACE_STYLE_USAGE(.BOTH.,#3919);
#3707=SURFACE_STYLE_USAGE(.BOTH.,#3920);
#3708=SURFACE_STYLE_USAGE(.BOTH.,#3921);
#3709=SURFACE_STYLE_USAGE(.BOTH.,#3922);
#3710=SURFACE_STYLE_USAGE(.BOTH.,#3923);
#3711=SURFACE_STYLE_USAGE(.BOTH.,#3924);
#3712=SURFACE_STYLE_USAGE(.BOTH.,#3925);
#3713=SURFACE_STYLE_USAGE(.BOTH.,#3926);
#3714=SURFACE_STYLE_USAGE(.BOTH.,#3927);
#3715=SURFACE_STYLE_USAGE(.BOTH.,#3928);
#3716=SURFACE_STYLE_USAGE(.BOTH.,#3929);
#3717=SURFACE_STYLE_USAGE(.BOTH.,#3930);
#3718=SURFACE_STYLE_USAGE(.BOTH.,#3931);
#3719=SURFACE_STYLE_USAGE(.BOTH.,#3932);
#3720=SURFACE_STYLE_USAGE(.BOTH.,#3933);
#3721=SURFACE_STYLE_USAGE(.BOTH.,#3934);
#3722=SURFACE_STYLE_USAGE(.BOTH.,#3935);
#3723=SURFACE_STYLE_USAGE(.BOTH.,#3936);
#3724=SURFACE_STYLE_USAGE(.BOTH.,#3937);
#3725=SURFACE_STYLE_USAGE(.BOTH.,#3938);
#3726=SURFACE_STYLE_USAGE(.BOTH.,#3939);
#3727=SURFACE_STYLE_USAGE(.BOTH.,#3940);
#3728=SURFACE_STYLE_USAGE(.BOTH.,#3941);
#3729=SURFACE_STYLE_USAGE(.BOTH.,#3942);
#3730=SURFACE_STYLE_USAGE(.BOTH.,#3943);
#3731=SURFACE_STYLE_USAGE(.BOTH.,#3944);
#3732=SURFACE_STYLE_USAGE(.BOTH.,#3945);
#3733=SURFACE_STYLE_USAGE(.BOTH.,#3946);
#3734=SURFACE_STYLE_USAGE(.BOTH.,#3947);
#3735=SURFACE_STYLE_USAGE(.BOTH.,#3948);
#3736=SURFACE_STYLE_USAGE(.BOTH.,#3949);
#3737=SURFACE_STYLE_USAGE(.BOTH.,#3950);
#3738=SURFACE_STYLE_USAGE(.BOTH.,#3951);
#3739=SURFACE_STYLE_USAGE(.BOTH.,#3952);
#3740=SURFACE_STYLE_USAGE(.BOTH.,#3953);
#3741=SURFACE_STYLE_USAGE(.BOTH.,#3954);
#3742=SURFACE_STYLE_USAGE(.BOTH.,#3955);
#3743=SURFACE_STYLE_USAGE(.BOTH.,#3956);
#3744=SURFACE_STYLE_USAGE(.BOTH.,#3957);
#3745=SURFACE_STYLE_USAGE(.BOTH.,#3958);
#3746=SURFACE_STYLE_USAGE(.BOTH.,#3959);
#3747=SURFACE_STYLE_USAGE(.BOTH.,#3960);
#3748=SURFACE_STYLE_USAGE(.BOTH.,#3961);
#3749=SURFACE_STYLE_USAGE(.BOTH.,#3962);
#3750=SURFACE_STYLE_USAGE(.BOTH.,#3963);
#3751=SURFACE_STYLE_USAGE(.BOTH.,#3964);
#3752=SURFACE_STYLE_USAGE(.BOTH.,#3965);
#3753=SURFACE_STYLE_USAGE(.BOTH.,#3966);
#3754=SURFACE_STYLE_USAGE(.BOTH.,#3967);
#3755=SURFACE_STYLE_USAGE(.BOTH.,#3968);
#3756=SURFACE_STYLE_USAGE(.BOTH.,#3969);
#3757=SURFACE_STYLE_USAGE(.BOTH.,#3970);
#3758=SURFACE_STYLE_USAGE(.BOTH.,#3971);
#3759=SURFACE_STYLE_USAGE(.BOTH.,#3972);
#3760=SURFACE_STYLE_USAGE(.BOTH.,#3973);
#3761=SURFACE_STYLE_USAGE(.BOTH.,#3974);
#3762=SURFACE_STYLE_USAGE(.BOTH.,#3975);
#3763=SURFACE_STYLE_USAGE(.BOTH.,#3976);
#3764=SURFACE_STYLE_USAGE(.BOTH.,#3977);
#3765=SURFACE_STYLE_USAGE(.BOTH.,#3978);
#3766=SURFACE_STYLE_USAGE(.BOTH.,#3979);
#3767=SURFACE_STYLE_USAGE(.BOTH.,#3980);
#3768=SURFACE_STYLE_USAGE(.BOTH.,#3981);
#3769=SURFACE_STYLE_USAGE(.BOTH.,#3982);
#3770=SURFACE_STYLE_USAGE(.BOTH.,#3983);
#3771=SURFACE_STYLE_USAGE(.BOTH.,#3984);
#3772=SURFACE_STYLE_USAGE(.BOTH.,#3985);
#3773=SURFACE_STYLE_USAGE(.BOTH.,#3986);
#3774=SURFACE_STYLE_USAGE(.BOTH.,#3987);
#3775=SURFACE_STYLE_USAGE(.BOTH.,#3988);
#3776=SURFACE_STYLE_USAGE(.BOTH.,#3989);
#3777=SURFACE_STYLE_USAGE(.BOTH.,#3990);
#3778=SURFACE_STYLE_USAGE(.BOTH.,#3991);
#3779=SURFACE_STYLE_USAGE(.BOTH.,#3992);
#3780=SURFACE_STYLE_USAGE(.BOTH.,#3993);
#3781=SURFACE_STYLE_USAGE(.BOTH.,#3994);
#3782=SURFACE_STYLE_USAGE(.BOTH.,#3995);
#3783=SURFACE_STYLE_USAGE(.BOTH.,#3996);
#3784=SURFACE_STYLE_USAGE(.BOTH.,#3997);
#3785=SURFACE_STYLE_USAGE(.BOTH.,#3998);
#3786=SURFACE_STYLE_USAGE(.BOTH.,#3999);
#3787=SURFACE_STYLE_USAGE(.BOTH.,#4000);
#3788=SURFACE_STYLE_USAGE(.BOTH.,#4001);
#3789=SURFACE_STYLE_USAGE(.BOTH.,#4002);
#3790=SURFACE_STYLE_USAGE(.BOTH.,#4003);
#3791=SURFACE_STYLE_USAGE(.BOTH.,#4004);
#3792=SURFACE_STYLE_USAGE(.BOTH.,#4005);
#3793=SURFACE_STYLE_USAGE(.BOTH.,#4006);
#3794=SURFACE_STYLE_USAGE(.BOTH.,#4007);
#3795=SURFACE_STYLE_USAGE(.BOTH.,#4008);
#3796=SURFACE_STYLE_USAGE(.BOTH.,#4009);
#3797=SURFACE_STYLE_USAGE(.BOTH.,#4010);
#3798=SURFACE_STYLE_USAGE(.BOTH.,#4011);
#3799=SURFACE_STYLE_USAGE(.BOTH.,#4012);
#3800=SURFACE_STYLE_USAGE(.BOTH.,#4013);
#3801=SURFACE_STYLE_USAGE(.BOTH.,#4014);
#3802=SURFACE_STYLE_USAGE(.BOTH.,#4015);
#3803=SURFACE_STYLE_USAGE(.BOTH.,#4016);
#3804=SURFACE_STYLE_USAGE(.BOTH.,#4017);
#3805=SURFACE_STYLE_USAGE(.BOTH.,#4018);
#3806=SURFACE_STYLE_USAGE(.BOTH.,#4019);
#3807=SURFACE_STYLE_USAGE(.BOTH.,#4020);
#3808=SURFACE_STYLE_USAGE(.BOTH.,#4021);
#3809=SURFACE_STYLE_USAGE(.BOTH.,#4022);
#3810=SURFACE_STYLE_USAGE(.BOTH.,#4023);
#3811=SURFACE_STYLE_USAGE(.BOTH.,#4024);
#3812=SURFACE_STYLE_USAGE(.BOTH.,#4025);
#3813=SURFACE_STYLE_USAGE(.BOTH.,#4026);
#3814=SURFACE_STYLE_USAGE(.BOTH.,#4027);
#3815=SURFACE_STYLE_USAGE(.BOTH.,#4028);
#3816=SURFACE_STYLE_USAGE(.BOTH.,#4029);
#3817=SURFACE_STYLE_USAGE(.BOTH.,#4030);
#3818=SURFACE_STYLE_USAGE(.BOTH.,#4031);
#3819=SURFACE_STYLE_USAGE(.BOTH.,#4032);
#3820=SURFACE_STYLE_USAGE(.BOTH.,#4033);
#3821=SURFACE_STYLE_USAGE(.BOTH.,#4034);
#3822=SURFACE_STYLE_USAGE(.BOTH.,#4035);
#3823=SURFACE_STYLE_USAGE(.BOTH.,#4036);
#3824=SURFACE_STYLE_USAGE(.BOTH.,#4037);
#3825=SURFACE_STYLE_USAGE(.BOTH.,#4038);
#3826=SURFACE_STYLE_USAGE(.BOTH.,#4039);
#3827=SURFACE_STYLE_USAGE(.BOTH.,#4040);
#3828=SURFACE_STYLE_USAGE(.BOTH.,#4041);
#3829=SURFACE_STYLE_USAGE(.BOTH.,#4042);
#3830=SURFACE_STYLE_USAGE(.BOTH.,#4043);
#3831=SURFACE_STYLE_USAGE(.BOTH.,#4044);
#3832=SURFACE_STYLE_USAGE(.BOTH.,#4045);
#3833=SURFACE_STYLE_USAGE(.BOTH.,#4046);
#3834=SURFACE_STYLE_USAGE(.BOTH.,#4047);
#3835=SURFACE_STYLE_USAGE(.BOTH.,#4048);
#3836=SURFACE_STYLE_USAGE(.BOTH.,#4049);
#3837=SURFACE_STYLE_USAGE(.BOTH.,#4050);
#3838=SURFACE_STYLE_USAGE(.BOTH.,#4051);
#3839=SURFACE_STYLE_USAGE(.BOTH.,#4052);
#3840=SURFACE_STYLE_USAGE(.BOTH.,#4053);
#3841=SURFACE_STYLE_USAGE(.BOTH.,#4054);
#3842=SURFACE_STYLE_USAGE(.BOTH.,#4055);
#3843=SURFACE_STYLE_USAGE(.BOTH.,#4056);
#3844=SURFACE_STYLE_USAGE(.BOTH.,#4057);
#3845=SURFACE_STYLE_USAGE(.BOTH.,#4058);
#3846=SURFACE_STYLE_USAGE(.BOTH.,#4059);
#3847=SURFACE_STYLE_USAGE(.BOTH.,#4060);
#3848=SURFACE_STYLE_USAGE(.BOTH.,#4061);
#3849=SURFACE_STYLE_USAGE(.BOTH.,#4062);
#3850=SURFACE_STYLE_USAGE(.BOTH.,#4063);
#3851=SURFACE_STYLE_USAGE(.BOTH.,#4064);
#3852=SURFACE_STYLE_USAGE(.BOTH.,#4065);
#3853=SURFACE_STYLE_USAGE(.BOTH.,#4066);
#3854=SURFACE_STYLE_USAGE(.BOTH.,#4067);
#3855=SURFACE_STYLE_USAGE(.BOTH.,#4068);
#3856=SURFACE_STYLE_USAGE(.BOTH.,#4069);
#3857=SURFACE_STYLE_USAGE(.BOTH.,#4070);
#3858=SURFACE_STYLE_USAGE(.BOTH.,#4071);
#3859=SURFACE_STYLE_USAGE(.BOTH.,#4072);
#3860=SURFACE_STYLE_USAGE(.BOTH.,#4073);
#3861=SURFACE_STYLE_USAGE(.BOTH.,#4074);
#3862=SURFACE_STYLE_USAGE(.BOTH.,#4075);
#3863=SURFACE_STYLE_USAGE(.BOTH.,#4076);
#3864=SURFACE_STYLE_USAGE(.BOTH.,#4077);
#3865=SURFACE_STYLE_USAGE(.BOTH.,#4078);
#3866=SURFACE_STYLE_USAGE(.BOTH.,#4079);
#3867=SURFACE_SIDE_STYLE('',(#4080));
#3868=SURFACE_SIDE_STYLE('',(#4081));
#3869=SURFACE_SIDE_STYLE('',(#4082));
#3870=SURFACE_SIDE_STYLE('',(#4083));
#3871=SURFACE_SIDE_STYLE('',(#4084));
#3872=SURFACE_SIDE_STYLE('',(#4085));
#3873=SURFACE_SIDE_STYLE('',(#4086));
#3874=SURFACE_SIDE_STYLE('',(#4087));
#3875=SURFACE_SIDE_STYLE('',(#4088));
#3876=SURFACE_SIDE_STYLE('',(#4089));
#3877=SURFACE_SIDE_STYLE('',(#4090));
#3878=SURFACE_SIDE_STYLE('',(#4091));
#3879=SURFACE_SIDE_STYLE('',(#4092));
#3880=SURFACE_SIDE_STYLE('',(#4093));
#3881=SURFACE_SIDE_STYLE('',(#4094));
#3882=SURFACE_SIDE_STYLE('',(#4095));
#3883=SURFACE_SIDE_STYLE('',(#4096));
#3884=SURFACE_SIDE_STYLE('',(#4097));
#3885=SURFACE_SIDE_STYLE('',(#4098));
#3886=SURFACE_SIDE_STYLE('',(#4099));
#3887=SURFACE_SIDE_STYLE('',(#4100));
#3888=SURFACE_SIDE_STYLE('',(#4101));
#3889=SURFACE_SIDE_STYLE('',(#4102));
#3890=SURFACE_SIDE_STYLE('',(#4103));
#3891=SURFACE_SIDE_STYLE('',(#4104));
#3892=SURFACE_SIDE_STYLE('',(#4105));
#3893=SURFACE_SIDE_STYLE('',(#4106));
#3894=SURFACE_SIDE_STYLE('',(#4107));
#3895=SURFACE_SIDE_STYLE('',(#4108));
#3896=SURFACE_SIDE_STYLE('',(#4109));
#3897=SURFACE_SIDE_STYLE('',(#4110));
#3898=SURFACE_SIDE_STYLE('',(#4111));
#3899=SURFACE_SIDE_STYLE('',(#4112));
#3900=SURFACE_SIDE_STYLE('',(#4113));
#3901=SURFACE_SIDE_STYLE('',(#4114));
#3902=SURFACE_SIDE_STYLE('',(#4115));
#3903=SURFACE_SIDE_STYLE('',(#4116));
#3904=SURFACE_SIDE_STYLE('',(#4117));
#3905=SURFACE_SIDE_STYLE('',(#4118));
#3906=SURFACE_SIDE_STYLE('',(#4119));
#3907=SURFACE_SIDE_STYLE('',(#4120));
#3908=SURFACE_SIDE_STYLE('',(#4121));
#3909=SURFACE_SIDE_STYLE('',(#4122));
#3910=SURFACE_SIDE_STYLE('',(#4123));
#3911=SURFACE_SIDE_STYLE('',(#4124));
#3912=SURFACE_SIDE_STYLE('',(#4125));
#3913=SURFACE_SIDE_STYLE('',(#4126));
#3914=SURFACE_SIDE_STYLE('',(#4127));
#3915=SURFACE_SIDE_STYLE('',(#4128));
#3916=SURFACE_SIDE_STYLE('',(#4129));
#3917=SURFACE_SIDE_STYLE('',(#4130));
#3918=SURFACE_SIDE_STYLE('',(#4131));
#3919=SURFACE_SIDE_STYLE('',(#4132));
#3920=SURFACE_SIDE_STYLE('',(#4133));
#3921=SURFACE_SIDE_STYLE('',(#4134));
#3922=SURFACE_SIDE_STYLE('',(#4135));
#3923=SURFACE_SIDE_STYLE('',(#4136));
#3924=SURFACE_SIDE_STYLE('',(#4137));
#3925=SURFACE_SIDE_STYLE('',(#4138));
#3926=SURFACE_SIDE_STYLE('',(#4139));
#3927=SURFACE_SIDE_STYLE('',(#4140));
#3928=SURFACE_SIDE_STYLE('',(#4141));
#3929=SURFACE_SIDE_STYLE('',(#4142));
#3930=SURFACE_SIDE_STYLE('',(#4143));
#3931=SURFACE_SIDE_STYLE('',(#4144));
#3932=SURFACE_SIDE_STYLE('',(#4145));
#3933=SURFACE_SIDE_STYLE('',(#4146));
#3934=SURFACE_SIDE_STYLE('',(#4147));
#3935=SURFACE_SIDE_STYLE('',(#4148));
#3936=SURFACE_SIDE_STYLE('',(#4149));
#3937=SURFACE_SIDE_STYLE('',(#4150));
#3938=SURFACE_SIDE_STYLE('',(#4151));
#3939=SURFACE_SIDE_STYLE('',(#4152));
#3940=SURFACE_SIDE_STYLE('',(#4153));
#3941=SURFACE_SIDE_STYLE('',(#4154));
#3942=SURFACE_SIDE_STYLE('',(#4155));
#3943=SURFACE_SIDE_STYLE('',(#4156));
#3944=SURFACE_SIDE_STYLE('',(#4157));
#3945=SURFACE_SIDE_STYLE('',(#4158));
#3946=SURFACE_SIDE_STYLE('',(#4159));
#3947=SURFACE_SIDE_STYLE('',(#4160));
#3948=SURFACE_SIDE_STYLE('',(#4161));
#3949=SURFACE_SIDE_STYLE('',(#4162));
#3950=SURFACE_SIDE_STYLE('',(#4163));
#3951=SURFACE_SIDE_STYLE('',(#4164));
#3952=SURFACE_SIDE_STYLE('',(#4165));
#3953=SURFACE_SIDE_STYLE('',(#4166));
#3954=SURFACE_SIDE_STYLE('',(#4167));
#3955=SURFACE_SIDE_STYLE('',(#4168));
#3956=SURFACE_SIDE_STYLE('',(#4169));
#3957=SURFACE_SIDE_STYLE('',(#4170));
#3958=SURFACE_SIDE_STYLE('',(#4171));
#3959=SURFACE_SIDE_STYLE('',(#4172));
#3960=SURFACE_SIDE_STYLE('',(#4173));
#3961=SURFACE_SIDE_STYLE('',(#4174));
#3962=SURFACE_SIDE_STYLE('',(#4175));
#3963=SURFACE_SIDE_STYLE('',(#4176));
#3964=SURFACE_SIDE_STYLE('',(#4177));
#3965=SURFACE_SIDE_STYLE('',(#4178));
#3966=SURFACE_SIDE_STYLE('',(#4179));
#3967=SURFACE_SIDE_STYLE('',(#4180));
#3968=SURFACE_SIDE_STYLE('',(#4181));
#3969=SURFACE_SIDE_STYLE('',(#4182));
#3970=SURFACE_SIDE_STYLE('',(#4183));
#3971=SURFACE_SIDE_STYLE('',(#4184));
#3972=SURFACE_SIDE_STYLE('',(#4185));
#3973=SURFACE_SIDE_STYLE('',(#4186));
#3974=SURFACE_SIDE_STYLE('',(#4187));
#3975=SURFACE_SIDE_STYLE('',(#4188));
#3976=SURFACE_SIDE_STYLE('',(#4189));
#3977=SURFACE_SIDE_STYLE('',(#4190));
#3978=SURFACE_SIDE_STYLE('',(#4191));
#3979=SURFACE_SIDE_STYLE('',(#4192));
#3980=SURFACE_SIDE_STYLE('',(#4193));
#3981=SURFACE_SIDE_STYLE('',(#4194));
#3982=SURFACE_SIDE_STYLE('',(#4195));
#3983=SURFACE_SIDE_STYLE('',(#4196));
#3984=SURFACE_SIDE_STYLE('',(#4197));
#3985=SURFACE_SIDE_STYLE('',(#4198));
#3986=SURFACE_SIDE_STYLE('',(#4199));
#3987=SURFACE_SIDE_STYLE('',(#4200));
#3988=SURFACE_SIDE_STYLE('',(#4201));
#3989=SURFACE_SIDE_STYLE('',(#4202));
#3990=SURFACE_SIDE_STYLE('',(#4203));
#3991=SURFACE_SIDE_STYLE('',(#4204));
#3992=SURFACE_SIDE_STYLE('',(#4205));
#3993=SURFACE_SIDE_STYLE('',(#4206));
#3994=SURFACE_SIDE_STYLE('',(#4207));
#3995=SURFACE_SIDE_STYLE('',(#4208));
#3996=SURFACE_SIDE_STYLE('',(#4209));
#3997=SURFACE_SIDE_STYLE('',(#4210));
#3998=SURFACE_SIDE_STYLE('',(#4211));
#3999=SURFACE_SIDE_STYLE('',(#4212));
#4000=SURFACE_SIDE_STYLE('',(#4213));
#4001=SURFACE_SIDE_STYLE('',(#4214));
#4002=SURFACE_SIDE_STYLE('',(#4215));
#4003=SURFACE_SIDE_STYLE('',(#4216));
#4004=SURFACE_SIDE_STYLE('',(#4217));
#4005=SURFACE_SIDE_STYLE('',(#4218));
#4006=SURFACE_SIDE_STYLE('',(#4219));
#4007=SURFACE_SIDE_STYLE('',(#4220));
#4008=SURFACE_SIDE_STYLE('',(#4221));
#4009=SURFACE_SIDE_STYLE('',(#4222));
#4010=SURFACE_SIDE_STYLE('',(#4223));
#4011=SURFACE_SIDE_STYLE('',(#4224));
#4012=SURFACE_SIDE_STYLE('',(#4225));
#4013=SURFACE_SIDE_STYLE('',(#4226));
#4014=SURFACE_SIDE_STYLE('',(#4227));
#4015=SURFACE_SIDE_STYLE('',(#4228));
#4016=SURFACE_SIDE_STYLE('',(#4229));
#4017=SURFACE_SIDE_STYLE('',(#4230));
#4018=SURFACE_SIDE_STYLE('',(#4231));
#4019=SURFACE_SIDE_STYLE('',(#4232));
#4020=SURFACE_SIDE_STYLE('',(#4233));
#4021=SURFACE_SIDE_STYLE('',(#4234));
#4022=SURFACE_SIDE_STYLE('',(#4235));
#4023=SURFACE_SIDE_STYLE('',(#4236));
#4024=SURFACE_SIDE_STYLE('',(#4237));
#4025=SURFACE_SIDE_STYLE('',(#4238));
#4026=SURFACE_SIDE_STYLE('',(#4239));
#4027=SURFACE_SIDE_STYLE('',(#4240));
#4028=SURFACE_SIDE_STYLE('',(#4241));
#4029=SURFACE_SIDE_STYLE('',(#4242));
#4030=SURFACE_SIDE_STYLE('',(#4243));
#4031=SURFACE_SIDE_STYLE('',(#4244));
#4032=SURFACE_SIDE_STYLE('',(#4245));
#4033=SURFACE_SIDE_STYLE('',(#4246));
#4034=SURFACE_SIDE_STYLE('',(#4247));
#4035=SURFACE_SIDE_STYLE('',(#4248));
#4036=SURFACE_SIDE_STYLE('',(#4249));
#4037=SURFACE_SIDE_STYLE('',(#4250));
#4038=SURFACE_SIDE_STYLE('',(#4251));
#4039=SURFACE_SIDE_STYLE('',(#4252));
#4040=SURFACE_SIDE_STYLE('',(#4253));
#4041=SURFACE_SIDE_STYLE('',(#4254));
#4042=SURFACE_SIDE_STYLE('',(#4255));
#4043=SURFACE_SIDE_STYLE('',(#4256));
#4044=SURFACE_SIDE_STYLE('',(#4257));
#4045=SURFACE_SIDE_STYLE('',(#4258));
#4046=SURFACE_SIDE_STYLE('',(#4259));
#4047=SURFACE_SIDE_STYLE('',(#4260));
#4048=SURFACE_SIDE_STYLE('',(#4261));
#4049=SURFACE_SIDE_STYLE('',(#4262));
#4050=SURFACE_SIDE_STYLE('',(#4263));
#4051=SURFACE_SIDE_STYLE('',(#4264));
#4052=SURFACE_SIDE_STYLE('',(#4265));
#4053=SURFACE_SIDE_STYLE('',(#4266));
#4054=SURFACE_SIDE_STYLE('',(#4267));
#4055=SURFACE_SIDE_STYLE('',(#4268));
#4056=SURFACE_SIDE_STYLE('',(#4269));
#4057=SURFACE_SIDE_STYLE('',(#4270));
#4058=SURFACE_SIDE_STYLE('',(#4271));
#4059=SURFACE_SIDE_STYLE('',(#4272));
#4060=SURFACE_SIDE_STYLE('',(#4273));
#4061=SURFACE_SIDE_STYLE('',(#4274));
#4062=SURFACE_SIDE_STYLE('',(#4275));
#4063=SURFACE_SIDE_STYLE('',(#4276));
#4064=SURFACE_SIDE_STYLE('',(#4277));
#4065=SURFACE_SIDE_STYLE('',(#4278));
#4066=SURFACE_SIDE_STYLE('',(#4279));
#4067=SURFACE_SIDE_STYLE('',(#4280));
#4068=SURFACE_SIDE_STYLE('',(#4281));
#4069=SURFACE_SIDE_STYLE('',(#4282));
#4070=SURFACE_SIDE_STYLE('',(#4283));
#4071=SURFACE_SIDE_STYLE('',(#4284));
#4072=SURFACE_SIDE_STYLE('',(#4285));
#4073=SURFACE_SIDE_STYLE('',(#4286));
#4074=SURFACE_SIDE_STYLE('',(#4287));
#4075=SURFACE_SIDE_STYLE('',(#4288));
#4076=SURFACE_SIDE_STYLE('',(#4289));
#4077=SURFACE_SIDE_STYLE('',(#4290));
#4078=SURFACE_SIDE_STYLE('',(#4291));
#4079=SURFACE_SIDE_STYLE('',(#4292));
#4080=SURFACE_STYLE_FILL_AREA(#4293);
#4081=SURFACE_STYLE_FILL_AREA(#4294);
#4082=SURFACE_STYLE_FILL_AREA(#4295);
#4083=SURFACE_STYLE_FILL_AREA(#4296);
#4084=SURFACE_STYLE_FILL_AREA(#4297);
#4085=SURFACE_STYLE_FILL_AREA(#4298);
#4086=SURFACE_STYLE_FILL_AREA(#4299);
#4087=SURFACE_STYLE_FILL_AREA(#4300);
#4088=SURFACE_STYLE_FILL_AREA(#4301);
#4089=SURFACE_STYLE_FILL_AREA(#4302);
#4090=SURFACE_STYLE_FILL_AREA(#4303);
#4091=SURFACE_STYLE_FILL_AREA(#4304);
#4092=SURFACE_STYLE_FILL_AREA(#4305);
#4093=SURFACE_STYLE_FILL_AREA(#4306);
#4094=SURFACE_STYLE_FILL_AREA(#4307);
#4095=SURFACE_STYLE_FILL_AREA(#4308);
#4096=SURFACE_STYLE_FILL_AREA(#4309);
#4097=SURFACE_STYLE_FILL_AREA(#4310);
#4098=SURFACE_STYLE_FILL_AREA(#4311);
#4099=SURFACE_STYLE_FILL_AREA(#4312);
#4100=SURFACE_STYLE_FILL_AREA(#4313);
#4101=SURFACE_STYLE_FILL_AREA(#4314);
#4102=SURFACE_STYLE_FILL_AREA(#4315);
#4103=SURFACE_STYLE_FILL_AREA(#4316);
#4104=SURFACE_STYLE_FILL_AREA(#4317);
#4105=SURFACE_STYLE_FILL_AREA(#4318);
#4106=SURFACE_STYLE_FILL_AREA(#4319);
#4107=SURFACE_STYLE_FILL_AREA(#4320);
#4108=SURFACE_STYLE_FILL_AREA(#4321);
#4109=SURFACE_STYLE_FILL_AREA(#4322);
#4110=SURFACE_STYLE_FILL_AREA(#4323);
#4111=SURFACE_STYLE_FILL_AREA(#4324);
#4112=SURFACE_STYLE_FILL_AREA(#4325);
#4113=SURFACE_STYLE_FILL_AREA(#4326);
#4114=SURFACE_STYLE_FILL_AREA(#4327);
#4115=SURFACE_STYLE_FILL_AREA(#4328);
#4116=SURFACE_STYLE_FILL_AREA(#4329);
#4117=SURFACE_STYLE_FILL_AREA(#4330);
#4118=SURFACE_STYLE_FILL_AREA(#4331);
#4119=SURFACE_STYLE_FILL_AREA(#4332);
#4120=SURFACE_STYLE_FILL_AREA(#4333);
#4121=SURFACE_STYLE_FILL_AREA(#4334);
#4122=SURFACE_STYLE_FILL_AREA(#4335);
#4123=SURFACE_STYLE_FILL_AREA(#4336);
#4124=SURFACE_STYLE_FILL_AREA(#4337);
#4125=SURFACE_STYLE_FILL_AREA(#4338);
#4126=SURFACE_STYLE_FILL_AREA(#4339);
#4127=SURFACE_STYLE_FILL_AREA(#4340);
#4128=SURFACE_STYLE_FILL_AREA(#4341);
#4129=SURFACE_STYLE_FILL_AREA(#4342);
#4130=SURFACE_STYLE_FILL_AREA(#4343);
#4131=SURFACE_STYLE_FILL_AREA(#4344);
#4132=SURFACE_STYLE_FILL_AREA(#4345);
#4133=SURFACE_STYLE_FILL_AREA(#4346);
#4134=SURFACE_STYLE_FILL_AREA(#4347);
#4135=SURFACE_STYLE_FILL_AREA(#4348);
#4136=SURFACE_STYLE_FILL_AREA(#4349);
#4137=SURFACE_STYLE_FILL_AREA(#4350);
#4138=SURFACE_STYLE_FILL_AREA(#4351);
#4139=SURFACE_STYLE_FILL_AREA(#4352);
#4140=SURFACE_STYLE_FILL_AREA(#4353);
#4141=SURFACE_STYLE_FILL_AREA(#4354);
#4142=SURFACE_STYLE_FILL_AREA(#4355);
#4143=SURFACE_STYLE_FILL_AREA(#4356);
#4144=SURFACE_STYLE_FILL_AREA(#4357);
#4145=SURFACE_STYLE_FILL_AREA(#4358);
#4146=SURFACE_STYLE_FILL_AREA(#4359);
#4147=SURFACE_STYLE_FILL_AREA(#4360);
#4148=SURFACE_STYLE_FILL_AREA(#4361);
#4149=SURFACE_STYLE_FILL_AREA(#4362);
#4150=SURFACE_STYLE_FILL_AREA(#4363);
#4151=SURFACE_STYLE_FILL_AREA(#4364);
#4152=SURFACE_STYLE_FILL_AREA(#4365);
#4153=SURFACE_STYLE_FILL_AREA(#4366);
#4154=SURFACE_STYLE_FILL_AREA(#4367);
#4155=SURFACE_STYLE_FILL_AREA(#4368);
#4156=SURFACE_STYLE_FILL_AREA(#4369);
#4157=SURFACE_STYLE_FILL_AREA(#4370);
#4158=SURFACE_STYLE_FILL_AREA(#4371);
#4159=SURFACE_STYLE_FILL_AREA(#4372);
#4160=SURFACE_STYLE_FILL_AREA(#4373);
#4161=SURFACE_STYLE_FILL_AREA(#4374);
#4162=SURFACE_STYLE_FILL_AREA(#4375);
#4163=SURFACE_STYLE_FILL_AREA(#4376);
#4164=SURFACE_STYLE_FILL_AREA(#4377);
#4165=SURFACE_STYLE_FILL_AREA(#4378);
#4166=SURFACE_STYLE_FILL_AREA(#4379);
#4167=SURFACE_STYLE_FILL_AREA(#4380);
#4168=SURFACE_STYLE_FILL_AREA(#4381);
#4169=SURFACE_STYLE_FILL_AREA(#4382);
#4170=SURFACE_STYLE_FILL_AREA(#4383);
#4171=SURFACE_STYLE_FILL_AREA(#4384);
#4172=SURFACE_STYLE_FILL_AREA(#4385);
#4173=SURFACE_STYLE_FILL_AREA(#4386);
#4174=SURFACE_STYLE_FILL_AREA(#4387);
#4175=SURFACE_STYLE_FILL_AREA(#4388);
#4176=SURFACE_STYLE_FILL_AREA(#4389);
#4177=SURFACE_STYLE_FILL_AREA(#4390);
#4178=SURFACE_STYLE_FILL_AREA(#4391);
#4179=SURFACE_STYLE_FILL_AREA(#4392);
#4180=SURFACE_STYLE_FILL_AREA(#4393);
#4181=SURFACE_STYLE_FILL_AREA(#4394);
#4182=SURFACE_STYLE_FILL_AREA(#4395);
#4183=SURFACE_STYLE_FILL_AREA(#4396);
#4184=SURFACE_STYLE_FILL_AREA(#4397);
#4185=SURFACE_STYLE_FILL_AREA(#4398);
#4186=SURFACE_STYLE_FILL_AREA(#4399);
#4187=SURFACE_STYLE_FILL_AREA(#4400);
#4188=SURFACE_STYLE_FILL_AREA(#4401);
#4189=SURFACE_STYLE_FILL_AREA(#4402);
#4190=SURFACE_STYLE_FILL_AREA(#4403);
#4191=SURFACE_STYLE_FILL_AREA(#4404);
#4192=SURFACE_STYLE_FILL_AREA(#4405);
#4193=SURFACE_STYLE_FILL_AREA(#4406);
#4194=SURFACE_STYLE_FILL_AREA(#4407);
#4195=SURFACE_STYLE_FILL_AREA(#4408);
#4196=SURFACE_STYLE_FILL_AREA(#4409);
#4197=SURFACE_STYLE_FILL_AREA(#4410);
#4198=SURFACE_STYLE_FILL_AREA(#4411);
#4199=SURFACE_STYLE_FILL_AREA(#4412);
#4200=SURFACE_STYLE_FILL_AREA(#4413);
#4201=SURFACE_STYLE_FILL_AREA(#4414);
#4202=SURFACE_STYLE_FILL_AREA(#4415);
#4203=SURFACE_STYLE_FILL_AREA(#4416);
#4204=SURFACE_STYLE_FILL_AREA(#4417);
#4205=SURFACE_STYLE_FILL_AREA(#4418);
#4206=SURFACE_STYLE_FILL_AREA(#4419);
#4207=SURFACE_STYLE_FILL_AREA(#4420);
#4208=SURFACE_STYLE_FILL_AREA(#4421);
#4209=SURFACE_STYLE_FILL_AREA(#4422);
#4210=SURFACE_STYLE_FILL_AREA(#4423);
#4211=SURFACE_STYLE_FILL_AREA(#4424);
#4212=SURFACE_STYLE_FILL_AREA(#4425);
#4213=SURFACE_STYLE_FILL_AREA(#4426);
#4214=SURFACE_STYLE_FILL_AREA(#4427);
#4215=SURFACE_STYLE_FILL_AREA(#4428);
#4216=SURFACE_STYLE_FILL_AREA(#4429);
#4217=SURFACE_STYLE_FILL_AREA(#4430);
#4218=SURFACE_STYLE_FILL_AREA(#4431);
#4219=SURFACE_STYLE_FILL_AREA(#4432);
#4220=SURFACE_STYLE_FILL_AREA(#4433);
#4221=SURFACE_STYLE_FILL_AREA(#4434);
#4222=SURFACE_STYLE_FILL_AREA(#4435);
#4223=SURFACE_STYLE_FILL_AREA(#4436);
#4224=SURFACE_STYLE_FILL_AREA(#4437);
#4225=SURFACE_STYLE_FILL_AREA(#4438);
#4226=SURFACE_STYLE_FILL_AREA(#4439);
#4227=SURFACE_STYLE_FILL_AREA(#4440);
#4228=SURFACE_STYLE_FILL_AREA(#4441);
#4229=SURFACE_STYLE_FILL_AREA(#4442);
#4230=SURFACE_STYLE_FILL_AREA(#4443);
#4231=SURFACE_STYLE_FILL_AREA(#4444);
#4232=SURFACE_STYLE_FILL_AREA(#4445);
#4233=SURFACE_STYLE_FILL_AREA(#4446);
#4234=SURFACE_STYLE_FILL_AREA(#4447);
#4235=SURFACE_STYLE_FILL_AREA(#4448);
#4236=SURFACE_STYLE_FILL_AREA(#4449);
#4237=SURFACE_STYLE_FILL_AREA(#4450);
#4238=SURFACE_STYLE_FILL_AREA(#4451);
#4239=SURFACE_STYLE_FILL_AREA(#4452);
#4240=SURFACE_STYLE_FILL_AREA(#4453);
#4241=SURFACE_STYLE_FILL_AREA(#4454);
#4242=SURFACE_STYLE_FILL_AREA(#4455);
#4243=SURFACE_STYLE_FILL_AREA(#4456);
#4244=SURFACE_STYLE_FILL_AREA(#4457);
#4245=SURFACE_STYLE_FILL_AREA(#4458);
#4246=SURFACE_STYLE_FILL_AREA(#4459);
#4247=SURFACE_STYLE_FILL_AREA(#4460);
#4248=SURFACE_STYLE_FILL_AREA(#4461);
#4249=SURFACE_STYLE_FILL_AREA(#4462);
#4250=SURFACE_STYLE_FILL_AREA(#4463);
#4251=SURFACE_STYLE_FILL_AREA(#4464);
#4252=SURFACE_STYLE_FILL_AREA(#4465);
#4253=SURFACE_STYLE_FILL_AREA(#4466);
#4254=SURFACE_STYLE_FILL_AREA(#4467);
#4255=SURFACE_STYLE_FILL_AREA(#4468);
#4256=SURFACE_STYLE_FILL_AREA(#4469);
#4257=SURFACE_STYLE_FILL_AREA(#4470);
#4258=SURFACE_STYLE_FILL_AREA(#4471);
#4259=SURFACE_STYLE_FILL_AREA(#4472);
#4260=SURFACE_STYLE_FILL_AREA(#4473);
#4261=SURFACE_STYLE_FILL_AREA(#4474);
#4262=SURFACE_STYLE_FILL_AREA(#4475);
#4263=SURFACE_STYLE_FILL_AREA(#4476);
#4264=SURFACE_STYLE_FILL_AREA(#4477);
#4265=SURFACE_STYLE_FILL_AREA(#4478);
#4266=SURFACE_STYLE_FILL_AREA(#4479);
#4267=SURFACE_STYLE_FILL_AREA(#4480);
#4268=SURFACE_STYLE_FILL_AREA(#4481);
#4269=SURFACE_STYLE_FILL_AREA(#4482);
#4270=SURFACE_STYLE_FILL_AREA(#4483);
#4271=SURFACE_STYLE_FILL_AREA(#4484);
#4272=SURFACE_STYLE_FILL_AREA(#4485);
#4273=SURFACE_STYLE_FILL_AREA(#4486);
#4274=SURFACE_STYLE_FILL_AREA(#4487);
#4275=SURFACE_STYLE_FILL_AREA(#4488);
#4276=SURFACE_STYLE_FILL_AREA(#4489);
#4277=SURFACE_STYLE_FILL_AREA(#4490);
#4278=SURFACE_STYLE_FILL_AREA(#4491);
#4279=SURFACE_STYLE_FILL_AREA(#4492);
#4280=SURFACE_STYLE_FILL_AREA(#4493);
#4281=SURFACE_STYLE_FILL_AREA(#4494);
#4282=SURFACE_STYLE_FILL_AREA(#4495);
#4283=SURFACE_STYLE_FILL_AREA(#4496);
#4284=SURFACE_STYLE_FILL_AREA(#4497);
#4285=SURFACE_STYLE_FILL_AREA(#4498);
#4286=SURFACE_STYLE_FILL_AREA(#4499);
#4287=SURFACE_STYLE_FILL_AREA(#4500);
#4288=SURFACE_STYLE_FILL_AREA(#4501);
#4289=SURFACE_STYLE_FILL_AREA(#4502);
#4290=SURFACE_STYLE_FILL_AREA(#4503);
#4291=SURFACE_STYLE_FILL_AREA(#4504);
#4292=SURFACE_STYLE_FILL_AREA(#4505);
#4293=FILL_AREA_STYLE('',(#4506));
#4294=FILL_AREA_STYLE('',(#4507));
#4295=FILL_AREA_STYLE('',(#4508));
#4296=FILL_AREA_STYLE('',(#4509));
#4297=FILL_AREA_STYLE('',(#4510));
#4298=FILL_AREA_STYLE('',(#4511));
#4299=FILL_AREA_STYLE('',(#4512));
#4300=FILL_AREA_STYLE('',(#4513));
#4301=FILL_AREA_STYLE('',(#4514));
#4302=FILL_AREA_STYLE('',(#4515));
#4303=FILL_AREA_STYLE('',(#4516));
#4304=FILL_AREA_STYLE('',(#4517));
#4305=FILL_AREA_STYLE('',(#4518));
#4306=FILL_AREA_STYLE('',(#4519));
#4307=FILL_AREA_STYLE('',(#4520));
#4308=FILL_AREA_STYLE('',(#4521));
#4309=FILL_AREA_STYLE('',(#4522));
#4310=FILL_AREA_STYLE('',(#4523));
#4311=FILL_AREA_STYLE('',(#4524));
#4312=FILL_AREA_STYLE('',(#4525));
#4313=FILL_AREA_STYLE('',(#4526));
#4314=FILL_AREA_STYLE('',(#4527));
#4315=FILL_AREA_STYLE('',(#4528));
#4316=FILL_AREA_STYLE('',(#4529));
#4317=FILL_AREA_STYLE('',(#4530));
#4318=FILL_AREA_STYLE('',(#4531));
#4319=FILL_AREA_STYLE('',(#4532));
#4320=FILL_AREA_STYLE('',(#4533));
#4321=FILL_AREA_STYLE('',(#4534));
#4322=FILL_AREA_STYLE('',(#4535));
#4323=FILL_AREA_STYLE('',(#4536));
#4324=FILL_AREA_STYLE('',(#4537));
#4325=FILL_AREA_STYLE('',(#4538));
#4326=FILL_AREA_STYLE('',(#4539));
#4327=FILL_AREA_STYLE('',(#4540));
#4328=FILL_AREA_STYLE('',(#4541));
#4329=FILL_AREA_STYLE('',(#4542));
#4330=FILL_AREA_STYLE('',(#4543));
#4331=FILL_AREA_STYLE('',(#4544));
#4332=FILL_AREA_STYLE('',(#4545));
#4333=FILL_AREA_STYLE('',(#4546));
#4334=FILL_AREA_STYLE('',(#4547));
#4335=FILL_AREA_STYLE('',(#4548));
#4336=FILL_AREA_STYLE('',(#4549));
#4337=FILL_AREA_STYLE('',(#4550));
#4338=FILL_AREA_STYLE('',(#4551));
#4339=FILL_AREA_STYLE('',(#4552));
#4340=FILL_AREA_STYLE('',(#4553));
#4341=FILL_AREA_STYLE('',(#4554));
#4342=FILL_AREA_STYLE('',(#4555));
#4343=FILL_AREA_STYLE('',(#4556));
#4344=FILL_AREA_STYLE('',(#4557));
#4345=FILL_AREA_STYLE('',(#4558));
#4346=FILL_AREA_STYLE('',(#4559));
#4347=FILL_AREA_STYLE('',(#4560));
#4348=FILL_AREA_STYLE('',(#4561));
#4349=FILL_AREA_STYLE('',(#4562));
#4350=FILL_AREA_STYLE('',(#4563));
#4351=FILL_AREA_STYLE('',(#4564));
#4352=FILL_AREA_STYLE('',(#4565));
#4353=FILL_AREA_STYLE('',(#4566));
#4354=FILL_AREA_STYLE('',(#4567));
#4355=FILL_AREA_STYLE('',(#4568));
#4356=FILL_AREA_STYLE('',(#4569));
#4357=FILL_AREA_STYLE('',(#4570));
#4358=FILL_AREA_STYLE('',(#4571));
#4359=FILL_AREA_STYLE('',(#4572));
#4360=FILL_AREA_STYLE('',(#4573));
#4361=FILL_AREA_STYLE('',(#4574));
#4362=FILL_AREA_STYLE('',(#4575));
#4363=FILL_AREA_STYLE('',(#4576));
#4364=FILL_AREA_STYLE('',(#4577));
#4365=FILL_AREA_STYLE('',(#4578));
#4366=FILL_AREA_STYLE('',(#4579));
#4367=FILL_AREA_STYLE('',(#4580));
#4368=FILL_AREA_STYLE('',(#4581));
#4369=FILL_AREA_STYLE('',(#4582));
#4370=FILL_AREA_STYLE('',(#4583));
#4371=FILL_AREA_STYLE('',(#4584));
#4372=FILL_AREA_STYLE('',(#4585));
#4373=FILL_AREA_STYLE('',(#4586));
#4374=FILL_AREA_STYLE('',(#4587));
#4375=FILL_AREA_STYLE('',(#4588));
#4376=FILL_AREA_STYLE('',(#4589));
#4377=FILL_AREA_STYLE('',(#4590));
#4378=FILL_AREA_STYLE('',(#4591));
#4379=FILL_AREA_STYLE('',(#4592));
#4380=FILL_AREA_STYLE('',(#4593));
#4381=FILL_AREA_STYLE('',(#4594));
#4382=FILL_AREA_STYLE('',(#4595));
#4383=FILL_AREA_STYLE('',(#4596));
#4384=FILL_AREA_STYLE('',(#4597));
#4385=FILL_AREA_STYLE('',(#4598));
#4386=FILL_AREA_STYLE('',(#4599));
#4387=FILL_AREA_STYLE('',(#4600));
#4388=FILL_AREA_STYLE('',(#4601));
#4389=FILL_AREA_STYLE('',(#4602));
#4390=FILL_AREA_STYLE('',(#4603));
#4391=FILL_AREA_STYLE('',(#4604));
#4392=FILL_AREA_STYLE('',(#4605));
#4393=FILL_AREA_STYLE('',(#4606));
#4394=FILL_AREA_STYLE('',(#4607));
#4395=FILL_AREA_STYLE('',(#4608));
#4396=FILL_AREA_STYLE('',(#4609));
#4397=FILL_AREA_STYLE('',(#4610));
#4398=FILL_AREA_STYLE('',(#4611));
#4399=FILL_AREA_STYLE('',(#4612));
#4400=FILL_AREA_STYLE('',(#4613));
#4401=FILL_AREA_STYLE('',(#4614));
#4402=FILL_AREA_STYLE('',(#4615));
#4403=FILL_AREA_STYLE('',(#4616));
#4404=FILL_AREA_STYLE('',(#4617));
#4405=FILL_AREA_STYLE('',(#4618));
#4406=FILL_AREA_STYLE('',(#4619));
#4407=FILL_AREA_STYLE('',(#4620));
#4408=FILL_AREA_STYLE('',(#4621));
#4409=FILL_AREA_STYLE('',(#4622));
#4410=FILL_AREA_STYLE('',(#4623));
#4411=FILL_AREA_STYLE('',(#4624));
#4412=FILL_AREA_STYLE('',(#4625));
#4413=FILL_AREA_STYLE('',(#4626));
#4414=FILL_AREA_STYLE('',(#4627));
#4415=FILL_AREA_STYLE('',(#4628));
#4416=FILL_AREA_STYLE('',(#4629));
#4417=FILL_AREA_STYLE('',(#4630));
#4418=FILL_AREA_STYLE('',(#4631));
#4419=FILL_AREA_STYLE('',(#4632));
#4420=FILL_AREA_STYLE('',(#4633));
#4421=FILL_AREA_STYLE('',(#4634));
#4422=FILL_AREA_STYLE('',(#4635));
#4423=FILL_AREA_STYLE('',(#4636));
#4424=FILL_AREA_STYLE('',(#4637));
#4425=FILL_AREA_STYLE('',(#4638));
#4426=FILL_AREA_STYLE('',(#4639));
#4427=FILL_AREA_STYLE('',(#4640));
#4428=FILL_AREA_STYLE('',(#4641));
#4429=FILL_AREA_STYLE('',(#4642));
#4430=FILL_AREA_STYLE('',(#4643));
#4431=FILL_AREA_STYLE('',(#4644));
#4432=FILL_AREA_STYLE('',(#4645));
#4433=FILL_AREA_STYLE('',(#4646));
#4434=FILL_AREA_STYLE('',(#4647));
#4435=FILL_AREA_STYLE('',(#4648));
#4436=FILL_AREA_STYLE('',(#4649));
#4437=FILL_AREA_STYLE('',(#4650));
#4438=FILL_AREA_STYLE('',(#4651));
#4439=FILL_AREA_STYLE('',(#4652));
#4440=FILL_AREA_STYLE('',(#4653));
#4441=FILL_AREA_STYLE('',(#4654));
#4442=FILL_AREA_STYLE('',(#4655));
#4443=FILL_AREA_STYLE('',(#4656));
#4444=FILL_AREA_STYLE('',(#4657));
#4445=FILL_AREA_STYLE('',(#4658));
#4446=FILL_AREA_STYLE('',(#4659));
#4447=FILL_AREA_STYLE('',(#4660));
#4448=FILL_AREA_STYLE('',(#4661));
#4449=FILL_AREA_STYLE('',(#4662));
#4450=FILL_AREA_STYLE('',(#4663));
#4451=FILL_AREA_STYLE('',(#4664));
#4452=FILL_AREA_STYLE('',(#4665));
#4453=FILL_AREA_STYLE('',(#4666));
#4454=FILL_AREA_STYLE('',(#4667));
#4455=FILL_AREA_STYLE('',(#4668));
#4456=FILL_AREA_STYLE('',(#4669));
#4457=FILL_AREA_STYLE('',(#4670));
#4458=FILL_AREA_STYLE('',(#4671));
#4459=FILL_AREA_STYLE('',(#4672));
#4460=FILL_AREA_STYLE('',(#4673));
#4461=FILL_AREA_STYLE('',(#4674));
#4462=FILL_AREA_STYLE('',(#4675));
#4463=FILL_AREA_STYLE('',(#4676));
#4464=FILL_AREA_STYLE('',(#4677));
#4465=FILL_AREA_STYLE('',(#4678));
#4466=FILL_AREA_STYLE('',(#4679));
#4467=FILL_AREA_STYLE('',(#4680));
#4468=FILL_AREA_STYLE('',(#4681));
#4469=FILL_AREA_STYLE('',(#4682));
#4470=FILL_AREA_STYLE('',(#4683));
#4471=FILL_AREA_STYLE('',(#4684));
#4472=FILL_AREA_STYLE('',(#4685));
#4473=FILL_AREA_STYLE('',(#4686));
#4474=FILL_AREA_STYLE('',(#4687));
#4475=FILL_AREA_STYLE('',(#4688));
#4476=FILL_AREA_STYLE('',(#4689));
#4477=FILL_AREA_STYLE('',(#4690));
#4478=FILL_AREA_STYLE('',(#4691));
#4479=FILL_AREA_STYLE('',(#4692));
#4480=FILL_AREA_STYLE('',(#4693));
#4481=FILL_AREA_STYLE('',(#4694));
#4482=FILL_AREA_STYLE('',(#4695));
#4483=FILL_AREA_STYLE('',(#4696));
#4484=FILL_AREA_STYLE('',(#4697));
#4485=FILL_AREA_STYLE('',(#4698));
#4486=FILL_AREA_STYLE('',(#4699));
#4487=FILL_AREA_STYLE('',(#4700));
#4488=FILL_AREA_STYLE('',(#4701));
#4489=FILL_AREA_STYLE('',(#4702));
#4490=FILL_AREA_STYLE('',(#4703));
#4491=FILL_AREA_STYLE('',(#4704));
#4492=FILL_AREA_STYLE('',(#4705));
#4493=FILL_AREA_STYLE('',(#4706));
#4494=FILL_AREA_STYLE('',(#4707));
#4495=FILL_AREA_STYLE('',(#4708));
#4496=FILL_AREA_STYLE('',(#4709));
#4497=FILL_AREA_STYLE('',(#4710));
#4498=FILL_AREA_STYLE('',(#4711));
#4499=FILL_AREA_STYLE('',(#4712));
#4500=FILL_AREA_STYLE('',(#4713));
#4501=FILL_AREA_STYLE('',(#4714));
#4502=FILL_AREA_STYLE('',(#4715));
#4503=FILL_AREA_STYLE('',(#4716));
#4504=FILL_AREA_STYLE('',(#4717));
#4505=FILL_AREA_STYLE('',(#4718));
#4506=FILL_AREA_STYLE_COLOUR('',#4719);
#4507=FILL_AREA_STYLE_COLOUR('',#4720);
#4508=FILL_AREA_STYLE_COLOUR('',#4719);
#4509=FILL_AREA_STYLE_COLOUR('',#4719);
#4510=FILL_AREA_STYLE_COLOUR('',#4719);
#4511=FILL_AREA_STYLE_COLOUR('',#4719);
#4512=FILL_AREA_STYLE_COLOUR('',#4719);
#4513=FILL_AREA_STYLE_COLOUR('',#4719);
#4514=FILL_AREA_STYLE_COLOUR('',#4719);
#4515=FILL_AREA_STYLE_COLOUR('',#4719);
#4516=FILL_AREA_STYLE_COLOUR('',#4719);
#4517=FILL_AREA_STYLE_COLOUR('',#4719);
#4518=FILL_AREA_STYLE_COLOUR('',#4719);
#4519=FILL_AREA_STYLE_COLOUR('',#4719);
#4520=FILL_AREA_STYLE_COLOUR('',#4719);
#4521=FILL_AREA_STYLE_COLOUR('',#4719);
#4522=FILL_AREA_STYLE_COLOUR('',#4719);
#4523=FILL_AREA_STYLE_COLOUR('',#4719);
#4524=FILL_AREA_STYLE_COLOUR('',#4719);
#4525=FILL_AREA_STYLE_COLOUR('',#4719);
#4526=FILL_AREA_STYLE_COLOUR('',#4719);
#4527=FILL_AREA_STYLE_COLOUR('',#4719);
#4528=FILL_AREA_STYLE_COLOUR('',#4719);
#4529=FILL_AREA_STYLE_COLOUR('',#4719);
#4530=FILL_AREA_STYLE_COLOUR('',#4719);
#4531=FILL_AREA_STYLE_COLOUR('',#4719);
#4532=FILL_AREA_STYLE_COLOUR('',#4719);
#4533=FILL_AREA_STYLE_COLOUR('',#4719);
#4534=FILL_AREA_STYLE_COLOUR('',#4719);
#4535=FILL_AREA_STYLE_COLOUR('',#4719);
#4536=FILL_AREA_STYLE_COLOUR('',#4719);
#4537=FILL_AREA_STYLE_COLOUR('',#4719);
#4538=FILL_AREA_STYLE_COLOUR('',#4719);
#4539=FILL_AREA_STYLE_COLOUR('',#4719);
#4540=FILL_AREA_STYLE_COLOUR('',#4719);
#4541=FILL_AREA_STYLE_COLOUR('',#4719);
#4542=FILL_AREA_STYLE_COLOUR('',#4719);
#4543=FILL_AREA_STYLE_COLOUR('',#4719);
#4544=FILL_AREA_STYLE_COLOUR('',#4719);
#4545=FILL_AREA_STYLE_COLOUR('',#4719);
#4546=FILL_AREA_STYLE_COLOUR('',#4719);
#4547=FILL_AREA_STYLE_COLOUR('',#4719);
#4548=FILL_AREA_STYLE_COLOUR('',#4719);
#4549=FILL_AREA_STYLE_COLOUR('',#4719);
#4550=FILL_AREA_STYLE_COLOUR('',#4719);
#4551=FILL_AREA_STYLE_COLOUR('',#4719);
#4552=FILL_AREA_STYLE_COLOUR('',#4719);
#4553=FILL_AREA_STYLE_COLOUR('',#4719);
#4554=FILL_AREA_STYLE_COLOUR('',#4719);
#4555=FILL_AREA_STYLE_COLOUR('',#4719);
#4556=FILL_AREA_STYLE_COLOUR('',#4719);
#4557=FILL_AREA_STYLE_COLOUR('',#4719);
#4558=FILL_AREA_STYLE_COLOUR('',#4719);
#4559=FILL_AREA_STYLE_COLOUR('',#4719);
#4560=FILL_AREA_STYLE_COLOUR('',#4719);
#4561=FILL_AREA_STYLE_COLOUR('',#4719);
#4562=FILL_AREA_STYLE_COLOUR('',#4719);
#4563=FILL_AREA_STYLE_COLOUR('',#4719);
#4564=FILL_AREA_STYLE_COLOUR('',#4719);
#4565=FILL_AREA_STYLE_COLOUR('',#4719);
#4566=FILL_AREA_STYLE_COLOUR('',#4719);
#4567=FILL_AREA_STYLE_COLOUR('',#4719);
#4568=FILL_AREA_STYLE_COLOUR('',#4719);
#4569=FILL_AREA_STYLE_COLOUR('',#4719);
#4570=FILL_AREA_STYLE_COLOUR('',#4719);
#4571=FILL_AREA_STYLE_COLOUR('',#4719);
#4572=FILL_AREA_STYLE_COLOUR('',#4719);
#4573=FILL_AREA_STYLE_COLOUR('',#4719);
#4574=FILL_AREA_STYLE_COLOUR('',#4719);
#4575=FILL_AREA_STYLE_COLOUR('',#4719);
#4576=FILL_AREA_STYLE_COLOUR('',#4719);
#4577=FILL_AREA_STYLE_COLOUR('',#4719);
#4578=FILL_AREA_STYLE_COLOUR('',#4719);
#4579=FILL_AREA_STYLE_COLOUR('',#4719);
#4580=FILL_AREA_STYLE_COLOUR('',#4719);
#4581=FILL_AREA_STYLE_COLOUR('',#4719);
#4582=FILL_AREA_STYLE_COLOUR('',#4719);
#4583=FILL_AREA_STYLE_COLOUR('',#4719);
#4584=FILL_AREA_STYLE_COLOUR('',#4719);
#4585=FILL_AREA_STYLE_COLOUR('',#4719);
#4586=FILL_AREA_STYLE_COLOUR('',#4719);
#4587=FILL_AREA_STYLE_COLOUR('',#4719);
#4588=FILL_AREA_STYLE_COLOUR('',#4719);
#4589=FILL_AREA_STYLE_COLOUR('',#4719);
#4590=FILL_AREA_STYLE_COLOUR('',#4719);
#4591=FILL_AREA_STYLE_COLOUR('',#4719);
#4592=FILL_AREA_STYLE_COLOUR('',#4719);
#4593=FILL_AREA_STYLE_COLOUR('',#4719);
#4594=FILL_AREA_STYLE_COLOUR('',#4719);
#4595=FILL_AREA_STYLE_COLOUR('',#4719);
#4596=FILL_AREA_STYLE_COLOUR('',#4719);
#4597=FILL_AREA_STYLE_COLOUR('',#4719);
#4598=FILL_AREA_STYLE_COLOUR('',#4719);
#4599=FILL_AREA_STYLE_COLOUR('',#4719);
#4600=FILL_AREA_STYLE_COLOUR('',#4719);
#4601=FILL_AREA_STYLE_COLOUR('',#4719);
#4602=FILL_AREA_STYLE_COLOUR('',#4719);
#4603=FILL_AREA_STYLE_COLOUR('',#4719);
#4604=FILL_AREA_STYLE_COLOUR('',#4719);
#4605=FILL_AREA_STYLE_COLOUR('',#4719);
#4606=FILL_AREA_STYLE_COLOUR('',#4719);
#4607=FILL_AREA_STYLE_COLOUR('',#4719);
#4608=FILL_AREA_STYLE_COLOUR('',#4719);
#4609=FILL_AREA_STYLE_COLOUR('',#4719);
#4610=FILL_AREA_STYLE_COLOUR('',#4719);
#4611=FILL_AREA_STYLE_COLOUR('',#4719);
#4612=FILL_AREA_STYLE_COLOUR('',#4719);
#4613=FILL_AREA_STYLE_COLOUR('',#4719);
#4614=FILL_AREA_STYLE_COLOUR('',#4719);
#4615=FILL_AREA_STYLE_COLOUR('',#4719);
#4616=FILL_AREA_STYLE_COLOUR('',#4719);
#4617=FILL_AREA_STYLE_COLOUR('',#4719);
#4618=FILL_AREA_STYLE_COLOUR('',#4719);
#4619=FILL_AREA_STYLE_COLOUR('',#4719);
#4620=FILL_AREA_STYLE_COLOUR('',#4719);
#4621=FILL_AREA_STYLE_COLOUR('',#4719);
#4622=FILL_AREA_STYLE_COLOUR('',#4719);
#4623=FILL_AREA_STYLE_COLOUR('',#4719);
#4624=FILL_AREA_STYLE_COLOUR('',#4719);
#4625=FILL_AREA_STYLE_COLOUR('',#4719);
#4626=FILL_AREA_STYLE_COLOUR('',#4719);
#4627=FILL_AREA_STYLE_COLOUR('',#4719);
#4628=FILL_AREA_STYLE_COLOUR('',#4719);
#4629=FILL_AREA_STYLE_COLOUR('',#4719);
#4630=FILL_AREA_STYLE_COLOUR('',#4719);
#4631=FILL_AREA_STYLE_COLOUR('',#4719);
#4632=FILL_AREA_STYLE_COLOUR('',#4719);
#4633=FILL_AREA_STYLE_COLOUR('',#4719);
#4634=FILL_AREA_STYLE_COLOUR('',#4719);
#4635=FILL_AREA_STYLE_COLOUR('',#4719);
#4636=FILL_AREA_STYLE_COLOUR('',#4719);
#4637=FILL_AREA_STYLE_COLOUR('',#4719);
#4638=FILL_AREA_STYLE_COLOUR('',#4719);
#4639=FILL_AREA_STYLE_COLOUR('',#4719);
#4640=FILL_AREA_STYLE_COLOUR('',#4719);
#4641=FILL_AREA_STYLE_COLOUR('',#4719);
#4642=FILL_AREA_STYLE_COLOUR('',#4719);
#4643=FILL_AREA_STYLE_COLOUR('',#4719);
#4644=FILL_AREA_STYLE_COLOUR('',#4719);
#4645=FILL_AREA_STYLE_COLOUR('',#4719);
#4646=FILL_AREA_STYLE_COLOUR('',#4719);
#4647=FILL_AREA_STYLE_COLOUR('',#4719);
#4648=FILL_AREA_STYLE_COLOUR('',#4719);
#4649=FILL_AREA_STYLE_COLOUR('',#4719);
#4650=FILL_AREA_STYLE_COLOUR('',#4719);
#4651=FILL_AREA_STYLE_COLOUR('',#4719);
#4652=FILL_AREA_STYLE_COLOUR('',#4719);
#4653=FILL_AREA_STYLE_COLOUR('',#4719);
#4654=FILL_AREA_STYLE_COLOUR('',#4719);
#4655=FILL_AREA_STYLE_COLOUR('',#4719);
#4656=FILL_AREA_STYLE_COLOUR('',#4719);
#4657=FILL_AREA_STYLE_COLOUR('',#4719);
#4658=FILL_AREA_STYLE_COLOUR('',#4719);
#4659=FILL_AREA_STYLE_COLOUR('',#4719);
#4660=FILL_AREA_STYLE_COLOUR('',#4719);
#4661=FILL_AREA_STYLE_COLOUR('',#4719);
#4662=FILL_AREA_STYLE_COLOUR('',#4719);
#4663=FILL_AREA_STYLE_COLOUR('',#4719);
#4664=FILL_AREA_STYLE_COLOUR('',#4719);
#4665=FILL_AREA_STYLE_COLOUR('',#4719);
#4666=FILL_AREA_STYLE_COLOUR('',#4719);
#4667=FILL_AREA_STYLE_COLOUR('',#4719);
#4668=FILL_AREA_STYLE_COLOUR('',#4719);
#4669=FILL_AREA_STYLE_COLOUR('',#4719);
#4670=FILL_AREA_STYLE_COLOUR('',#4719);
#4671=FILL_AREA_STYLE_COLOUR('',#4719);
#4672=FILL_AREA_STYLE_COLOUR('',#4719);
#4673=FILL_AREA_STYLE_COLOUR('',#4719);
#4674=FILL_AREA_STYLE_COLOUR('',#4719);
#4675=FILL_AREA_STYLE_COLOUR('',#4719);
#4676=FILL_AREA_STYLE_COLOUR('',#4719);
#4677=FILL_AREA_STYLE_COLOUR('',#4719);
#4678=FILL_AREA_STYLE_COLOUR('',#4719);
#4679=FILL_AREA_STYLE_COLOUR('',#4719);
#4680=FILL_AREA_STYLE_COLOUR('',#4719);
#4681=FILL_AREA_STYLE_COLOUR('',#4719);
#4682=FILL_AREA_STYLE_COLOUR('',#4719);
#4683=FILL_AREA_STYLE_COLOUR('',#4719);
#4684=FILL_AREA_STYLE_COLOUR('',#4719);
#4685=FILL_AREA_STYLE_COLOUR('',#4719);
#4686=FILL_AREA_STYLE_COLOUR('',#4719);
#4687=FILL_AREA_STYLE_COLOUR('',#4719);
#4688=FILL_AREA_STYLE_COLOUR('',#4719);
#4689=FILL_AREA_STYLE_COLOUR('',#4719);
#4690=FILL_AREA_STYLE_COLOUR('',#4719);
#4691=FILL_AREA_STYLE_COLOUR('',#4719);
#4692=FILL_AREA_STYLE_COLOUR('',#4719);
#4693=FILL_AREA_STYLE_COLOUR('',#4719);
#4694=FILL_AREA_STYLE_COLOUR('',#4719);
#4695=FILL_AREA_STYLE_COLOUR('',#4719);
#4696=FILL_AREA_STYLE_COLOUR('',#4719);
#4697=FILL_AREA_STYLE_COLOUR('',#4719);
#4698=FILL_AREA_STYLE_COLOUR('',#4719);
#4699=FILL_AREA_STYLE_COLOUR('',#4719);
#4700=FILL_AREA_STYLE_COLOUR('',#4719);
#4701=FILL_AREA_STYLE_COLOUR('',#4719);
#4702=FILL_AREA_STYLE_COLOUR('',#4719);
#4703=FILL_AREA_STYLE_COLOUR('',#4719);
#4704=FILL_AREA_STYLE_COLOUR('',#4719);
#4705=FILL_AREA_STYLE_COLOUR('',#4719);
#4706=FILL_AREA_STYLE_COLOUR('',#4719);
#4707=FILL_AREA_STYLE_COLOUR('',#4719);
#4708=FILL_AREA_STYLE_COLOUR('',#4719);
#4709=FILL_AREA_STYLE_COLOUR('',#4719);
#4710=FILL_AREA_STYLE_COLOUR('',#4719);
#4711=FILL_AREA_STYLE_COLOUR('',#4719);
#4712=FILL_AREA_STYLE_COLOUR('',#4719);
#4713=FILL_AREA_STYLE_COLOUR('',#4719);
#4714=FILL_AREA_STYLE_COLOUR('',#4719);
#4715=FILL_AREA_STYLE_COLOUR('',#4719);
#4716=FILL_AREA_STYLE_COLOUR('',#4719);
#4717=FILL_AREA_STYLE_COLOUR('',#4719);
#4718=FILL_AREA_STYLE_COLOUR('',#4719);
#4719=COLOUR_RGB('',0.506983280181885,0.531564235687256,0.550000011920929);
#4720=COLOUR_RGB('',0.1875,0.75,0.581249892711639);
#4721=ADVANCED_FACE('',(#2907,#2908),#3123,.T.);
#4722=ADVANCED_FACE('',(#2909,#2910),#491,.T.);
#4723=ADVANCED_FACE('',(#2911),#489,.T.);
#4724=ADVANCED_FACE('',(#2912,#2913),#488,.F.);
#4725=ADVANCED_FACE('',(#2914),#436,.T.);
#4726=ADVANCED_FACE('',(#2915),#437,.T.);
#4727=ADVANCED_FACE('',(#2916),#438,.T.);
#4728=ADVANCED_FACE('',(#2917),#439,.T.);
#4729=ADVANCED_FACE('',(#2918),#440,.T.);
#4730=ADVANCED_FACE('',(#2919),#441,.T.);
#4731=ADVANCED_FACE('',(#2920),#442,.T.);
#4732=ADVANCED_FACE('',(#2921),#443,.T.);
#4733=ADVANCED_FACE('',(#2922),#444,.T.);
#4734=ADVANCED_FACE('',(#2923),#445,.T.);
#4735=ADVANCED_FACE('',(#2924),#446,.T.);
#4736=ADVANCED_FACE('',(#2925),#447,.T.);
#4737=ADVANCED_FACE('',(#2926),#448,.T.);
#4738=ADVANCED_FACE('',(#2927),#449,.T.);
#4739=ADVANCED_FACE('',(#2928),#450,.T.);
#4740=ADVANCED_FACE('',(#2929),#451,.T.);
#4741=ADVANCED_FACE('',(#2930),#452,.T.);
#4742=ADVANCED_FACE('',(#2931),#453,.T.);
#4743=ADVANCED_FACE('',(#2932),#454,.T.);
#4744=ADVANCED_FACE('',(#2933),#455,.T.);
#4745=ADVANCED_FACE('',(#2934),#456,.T.);
#4746=ADVANCED_FACE('',(#2935),#457,.T.);
#4747=ADVANCED_FACE('',(#2936),#458,.T.);
#4748=ADVANCED_FACE('',(#2937),#459,.T.);
#4749=ADVANCED_FACE('',(#2938),#460,.T.);
#4750=ADVANCED_FACE('',(#2939),#461,.T.);
#4751=ADVANCED_FACE('',(#2940),#462,.T.);
#4752=ADVANCED_FACE('',(#2941),#463,.T.);
#4753=ADVANCED_FACE('',(#2942),#464,.T.);
#4754=ADVANCED_FACE('',(#2943),#465,.T.);
#4755=ADVANCED_FACE('',(#2944),#466,.T.);
#4756=ADVANCED_FACE('',(#2945),#467,.T.);
#4757=ADVANCED_FACE('',(#2946),#468,.T.);
#4758=ADVANCED_FACE('',(#2947),#469,.T.);
#4759=ADVANCED_FACE('',(#2948),#470,.T.);
#4760=ADVANCED_FACE('',(#2949),#471,.T.);
#4761=ADVANCED_FACE('',(#2950),#472,.T.);
#4762=ADVANCED_FACE('',(#2951),#473,.T.);
#4763=ADVANCED_FACE('',(#2952),#474,.T.);
#4764=ADVANCED_FACE('',(#2953),#475,.T.);
#4765=ADVANCED_FACE('',(#2954),#476,.T.);
#4766=ADVANCED_FACE('',(#2955),#477,.T.);
#4767=ADVANCED_FACE('',(#2956),#478,.T.);
#4768=ADVANCED_FACE('',(#2957),#479,.T.);
#4769=ADVANCED_FACE('',(#2958),#480,.T.);
#4770=ADVANCED_FACE('',(#2959),#481,.T.);
#4771=ADVANCED_FACE('',(#2960),#482,.T.);
#4772=ADVANCED_FACE('',(#2961),#483,.T.);
#4773=ADVANCED_FACE('',(#2962),#484,.T.);
#4774=ADVANCED_FACE('',(#2963),#485,.T.);
#4775=ADVANCED_FACE('',(#2964),#486,.T.);
#4776=ADVANCED_FACE('',(#2965),#487,.T.);
#4777=ADVANCED_FACE('',(#2966),#490,.T.);
#4778=ADVANCED_FACE('',(#2967),#3124,.T.);
#4779=ADVANCED_FACE('',(#2968),#3125,.T.);
#4780=ADVANCED_FACE('',(#2969),#3126,.T.);
#4781=ADVANCED_FACE('',(#2970),#3127,.T.);
#4782=ADVANCED_FACE('',(#2971),#492,.T.);
#4783=ADVANCED_FACE('',(#2972),#3128,.T.);
#4784=ADVANCED_FACE('',(#2973),#3129,.T.);
#4785=ADVANCED_FACE('',(#2974),#3130,.T.);
#4786=ADVANCED_FACE('',(#2975),#3131,.T.);
#4787=ADVANCED_FACE('',(#2976),#3132,.T.);
#4788=ADVANCED_FACE('',(#2977),#3133,.T.);
#4789=ADVANCED_FACE('',(#2978),#3134,.T.);
#4790=ADVANCED_FACE('',(#2979),#3135,.T.);
#4791=ADVANCED_FACE('',(#2980),#3136,.T.);
#4792=ADVANCED_FACE('',(#2981),#3137,.T.);
#4793=ADVANCED_FACE('',(#2982),#3138,.T.);
#4794=ADVANCED_FACE('',(#2983),#3139,.T.);
#4795=ADVANCED_FACE('',(#2984),#3140,.T.);
#4796=ADVANCED_FACE('',(#2985),#3141,.T.);
#4797=ADVANCED_FACE('',(#2986),#3142,.T.);
#4798=ADVANCED_FACE('',(#2987),#3143,.T.);
#4799=ADVANCED_FACE('',(#2988),#3144,.T.);
#4800=ADVANCED_FACE('',(#2989),#3145,.T.);
#4801=ADVANCED_FACE('',(#2990),#3146,.T.);
#4802=ADVANCED_FACE('',(#2991),#3147,.T.);
#4803=ADVANCED_FACE('',(#2992),#3148,.T.);
#4804=ADVANCED_FACE('',(#2993),#3149,.T.);
#4805=ADVANCED_FACE('',(#2994),#493,.T.);
#4806=ADVANCED_FACE('',(#2995),#494,.T.);
#4807=ADVANCED_FACE('',(#2996),#495,.T.);
#4808=ADVANCED_FACE('',(#2997),#496,.T.);
#4809=ADVANCED_FACE('',(#2998),#497,.T.);
#4810=ADVANCED_FACE('',(#2999),#498,.T.);
#4811=ADVANCED_FACE('',(#3000),#499,.T.);
#4812=ADVANCED_FACE('',(#3001),#500,.T.);
#4813=ADVANCED_FACE('',(#3002),#501,.T.);
#4814=ADVANCED_FACE('',(#3003),#502,.T.);
#4815=ADVANCED_FACE('',(#3004),#3150,.T.);
#4816=ADVANCED_FACE('',(#3005),#3151,.T.);
#4817=ADVANCED_FACE('',(#3006),#3152,.T.);
#4818=ADVANCED_FACE('',(#3007),#3153,.T.);
#4819=ADVANCED_FACE('',(#3008),#503,.T.);
#4820=ADVANCED_FACE('',(#3009),#3154,.T.);
#4821=ADVANCED_FACE('',(#3010),#3155,.T.);
#4822=ADVANCED_FACE('',(#3011),#3156,.T.);
#4823=ADVANCED_FACE('',(#3012),#3157,.T.);
#4824=ADVANCED_FACE('',(#3013),#3158,.T.);
#4825=ADVANCED_FACE('',(#3014),#3159,.T.);
#4826=ADVANCED_FACE('',(#3015),#3160,.T.);
#4827=ADVANCED_FACE('',(#3016),#3161,.T.);
#4828=ADVANCED_FACE('',(#3017),#3162,.T.);
#4829=ADVANCED_FACE('',(#3018),#3163,.T.);
#4830=ADVANCED_FACE('',(#3019),#3164,.T.);
#4831=ADVANCED_FACE('',(#3020),#3165,.T.);
#4832=ADVANCED_FACE('',(#3021),#3166,.T.);
#4833=ADVANCED_FACE('',(#3022),#3167,.T.);
#4834=ADVANCED_FACE('',(#3023),#3168,.T.);
#4835=ADVANCED_FACE('',(#3024),#3169,.T.);
#4836=ADVANCED_FACE('',(#3025),#3170,.T.);
#4837=ADVANCED_FACE('',(#3026),#3171,.T.);
#4838=ADVANCED_FACE('',(#3027),#3172,.T.);
#4839=ADVANCED_FACE('',(#3028),#3173,.T.);
#4840=ADVANCED_FACE('',(#3029),#3174,.T.);
#4841=ADVANCED_FACE('',(#3030),#3175,.T.);
#4842=ADVANCED_FACE('',(#3031),#504,.T.);
#4843=ADVANCED_FACE('',(#3032),#505,.T.);
#4844=ADVANCED_FACE('',(#3033),#506,.T.);
#4845=ADVANCED_FACE('',(#3034),#507,.T.);
#4846=ADVANCED_FACE('',(#3035),#508,.T.);
#4847=ADVANCED_FACE('',(#3036),#509,.T.);
#4848=ADVANCED_FACE('',(#3037),#510,.T.);
#4849=ADVANCED_FACE('',(#3038),#511,.T.);
#4850=ADVANCED_FACE('',(#3039),#512,.T.);
#4851=ADVANCED_FACE('',(#3040),#513,.T.);
#4852=ADVANCED_FACE('',(#3041),#3176,.T.);
#4853=ADVANCED_FACE('',(#3042),#3177,.T.);
#4854=ADVANCED_FACE('',(#3043),#3178,.T.);
#4855=ADVANCED_FACE('',(#3044),#3179,.T.);
#4856=ADVANCED_FACE('',(#3045),#514,.T.);
#4857=ADVANCED_FACE('',(#3046),#3180,.T.);
#4858=ADVANCED_FACE('',(#3047),#3181,.T.);
#4859=ADVANCED_FACE('',(#3048),#3182,.T.);
#4860=ADVANCED_FACE('',(#3049),#3183,.T.);
#4861=ADVANCED_FACE('',(#3050),#3184,.T.);
#4862=ADVANCED_FACE('',(#3051),#3185,.T.);
#4863=ADVANCED_FACE('',(#3052),#3186,.T.);
#4864=ADVANCED_FACE('',(#3053),#3187,.T.);
#4865=ADVANCED_FACE('',(#3054),#3188,.T.);
#4866=ADVANCED_FACE('',(#3055),#3189,.T.);
#4867=ADVANCED_FACE('',(#3056),#3190,.T.);
#4868=ADVANCED_FACE('',(#3057),#3191,.T.);
#4869=ADVANCED_FACE('',(#3058),#3192,.T.);
#4870=ADVANCED_FACE('',(#3059),#3193,.T.);
#4871=ADVANCED_FACE('',(#3060),#3194,.T.);
#4872=ADVANCED_FACE('',(#3061),#3195,.T.);
#4873=ADVANCED_FACE('',(#3062),#3196,.T.);
#4874=ADVANCED_FACE('',(#3063),#3197,.T.);
#4875=ADVANCED_FACE('',(#3064),#3198,.T.);
#4876=ADVANCED_FACE('',(#3065),#3199,.T.);
#4877=ADVANCED_FACE('',(#3066),#3200,.T.);
#4878=ADVANCED_FACE('',(#3067),#3201,.T.);
#4879=ADVANCED_FACE('',(#3068),#515,.T.);
#4880=ADVANCED_FACE('',(#3069),#516,.T.);
#4881=ADVANCED_FACE('',(#3070),#517,.T.);
#4882=ADVANCED_FACE('',(#3071),#518,.T.);
#4883=ADVANCED_FACE('',(#3072),#519,.T.);
#4884=ADVANCED_FACE('',(#3073),#520,.T.);
#4885=ADVANCED_FACE('',(#3074),#521,.T.);
#4886=ADVANCED_FACE('',(#3075),#522,.T.);
#4887=ADVANCED_FACE('',(#3076),#523,.T.);
#4888=ADVANCED_FACE('',(#3077),#524,.T.);
#4889=ADVANCED_FACE('',(#3078),#3202,.T.);
#4890=ADVANCED_FACE('',(#3079),#3203,.T.);
#4891=ADVANCED_FACE('',(#3080),#3204,.T.);
#4892=ADVANCED_FACE('',(#3081),#3205,.T.);
#4893=ADVANCED_FACE('',(#3082),#525,.T.);
#4894=ADVANCED_FACE('',(#3083),#3206,.T.);
#4895=ADVANCED_FACE('',(#3084),#3207,.T.);
#4896=ADVANCED_FACE('',(#3085),#3208,.T.);
#4897=ADVANCED_FACE('',(#3086),#3209,.T.);
#4898=ADVANCED_FACE('',(#3087),#3210,.T.);
#4899=ADVANCED_FACE('',(#3088),#3211,.T.);
#4900=ADVANCED_FACE('',(#3089),#3212,.T.);
#4901=ADVANCED_FACE('',(#3090),#3213,.T.);
#4902=ADVANCED_FACE('',(#3091),#3214,.T.);
#4903=ADVANCED_FACE('',(#3092),#3215,.T.);
#4904=ADVANCED_FACE('',(#3093),#3216,.T.);
#4905=ADVANCED_FACE('',(#3094),#3217,.T.);
#4906=ADVANCED_FACE('',(#3095),#3218,.T.);
#4907=ADVANCED_FACE('',(#3096),#3219,.T.);
#4908=ADVANCED_FACE('',(#3097),#526,.T.);
#4909=ADVANCED_FACE('',(#3098),#527,.T.);
#4910=ADVANCED_FACE('',(#3099),#528,.T.);
#4911=ADVANCED_FACE('',(#3100),#529,.T.);
#4912=ADVANCED_FACE('',(#3101),#530,.T.);
#4913=ADVANCED_FACE('',(#3102),#531,.T.);
#4914=ADVANCED_FACE('',(#3103),#3220,.T.);
#4915=ADVANCED_FACE('',(#3104),#3221,.T.);
#4916=ADVANCED_FACE('',(#3105),#3222,.T.);
#4917=ADVANCED_FACE('',(#3106),#3223,.T.);
#4918=ADVANCED_FACE('',(#3107),#3224,.T.);
#4919=ADVANCED_FACE('',(#3108),#3225,.T.);
#4920=ADVANCED_FACE('',(#3109),#3226,.T.);
#4921=ADVANCED_FACE('',(#3110),#3227,.T.);
#4922=ADVANCED_FACE('',(#3111),#532,.T.);
#4923=ADVANCED_FACE('',(#3112),#533,.T.);
#4924=ADVANCED_FACE('',(#3113),#534,.T.);
#4925=ADVANCED_FACE('',(#3114),#535,.T.);
#4926=ADVANCED_FACE('',(#3115),#536,.T.);
#4927=ADVANCED_FACE('',(#3116),#537,.T.);
#4928=ADVANCED_FACE('',(#3117),#538,.T.);
#4929=ADVANCED_FACE('',(#3118),#539,.T.);
#4930=ADVANCED_FACE('',(#3119),#540,.T.);
#4931=ADVANCED_FACE('',(#3120),#541,.T.);
#4932=ADVANCED_FACE('',(#3121),#542,.T.);
#4933=ADVANCED_FACE('',(#3122),#543,.T.);
#4934=CLOSED_SHELL('',(#4721,#4722,#4723,#4724,#4725,#4726,#4727,#4728,
#4729,#4730,#4731,#4732,#4733,#4734,#4735,#4736,#4737,#4738,#4739,#4740,
#4741,#4742,#4743,#4744,#4745,#4746,#4747,#4748,#4749,#4750,#4751,#4752,
#4753,#4754,#4755,#4756,#4757,#4758,#4759,#4760,#4761,#4762,#4763,#4764,
#4765,#4766,#4767,#4768,#4769,#4770,#4771,#4772,#4773,#4774,#4775,#4776,
#4777,#4778,#4779,#4780,#4781,#4782,#4783,#4784,#4785,#4786,#4787,#4788,
#4789,#4790,#4791,#4792,#4793,#4794,#4795,#4796,#4797,#4798,#4799,#4800,
#4801,#4802,#4803,#4804,#4805,#4806,#4807,#4808,#4809,#4810,#4811,#4812,
#4813,#4814,#4815,#4816,#4817,#4818,#4819,#4820,#4821,#4822,#4823,#4824,
#4825,#4826,#4827,#4828,#4829,#4830,#4831,#4832,#4833,#4834,#4835,#4836,
#4837,#4838,#4839,#4840,#4841,#4842,#4843,#4844,#4845,#4846,#4847,#4848,
#4849,#4850,#4851,#4852,#4853,#4854,#4855,#4856,#4857,#4858,#4859,#4860,
#4861,#4862,#4863,#4864,#4865,#4866,#4867,#4868,#4869,#4870,#4871,#4872,
#4873,#4874,#4875,#4876,#4877,#4878,#4879,#4880,#4881,#4882,#4883,#4884,
#4885,#4886,#4887,#4888,#4889,#4890,#4891,#4892,#4893,#4894,#4895,#4896,
#4897,#4898,#4899,#4900,#4901,#4902,#4903,#4904,#4905,#4906,#4907,#4908,
#4909,#4910,#4911,#4912,#4913,#4914,#4915,#4916,#4917,#4918,#4919,#4920,
#4921,#4922,#4923,#4924,#4925,#4926,#4927,#4928,#4929,#4930,#4931,#4932,
#4933));
#4935=MANIFOLD_SOLID_BREP('',#4934);
#4936=SHAPE_DEFINITION_REPRESENTATION(#7895,#4937);
#4937=SHAPE_REPRESENTATION('\X2\6EDA82B15C0F593487BA9489\X0\ GBT836-19
88',(#4938),#7890);
#4938=AXIS2_PLACEMENT_3D('',#6525,#5415,#5416);
#4939=AXIS2_PLACEMENT_3D('',#6526,#5417,#5418);
#4940=AXIS2_PLACEMENT_3D('',#6527,#5419,#5420);
#4941=AXIS2_PLACEMENT_3D('',#6529,#5421,#5422);
#4942=AXIS2_PLACEMENT_3D('',#6532,#5423,#5424);
#4943=AXIS2_PLACEMENT_3D('',#6534,#5425,#5426);
#4944=AXIS2_PLACEMENT_3D('',#6536,#5427,#5428);
#4945=AXIS2_PLACEMENT_3D('',#6538,#5429,#5430);
#4946=AXIS2_PLACEMENT_3D('',#6540,#5431,#5432);
#4947=AXIS2_PLACEMENT_3D('',#6542,#5433,#5434);
#4948=AXIS2_PLACEMENT_3D('',#6544,#5435,#5436);
#4949=AXIS2_PLACEMENT_3D('',#6546,#5437,#5438);
#4950=AXIS2_PLACEMENT_3D('',#6548,#5439,#5440);
#4951=AXIS2_PLACEMENT_3D('',#6550,#5441,#5442);
#4952=AXIS2_PLACEMENT_3D('',#6552,#5443,#5444);
#4953=AXIS2_PLACEMENT_3D('',#6554,#5445,#5446);
#4954=AXIS2_PLACEMENT_3D('',#6556,#5447,#5448);
#4955=AXIS2_PLACEMENT_3D('',#6558,#5449,#5450);
#4956=AXIS2_PLACEMENT_3D('',#6560,#5451,#5452);
#4957=AXIS2_PLACEMENT_3D('',#6562,#5453,#5454);
#4958=AXIS2_PLACEMENT_3D('',#6564,#5455,#5456);
#4959=AXIS2_PLACEMENT_3D('',#6566,#5457,#5458);
#4960=AXIS2_PLACEMENT_3D('',#6568,#5459,#5460);
#4961=AXIS2_PLACEMENT_3D('',#6570,#5461,#5462);
#4962=AXIS2_PLACEMENT_3D('',#6572,#5463,#5464);
#4963=AXIS2_PLACEMENT_3D('',#6574,#5465,#5466);
#4964=AXIS2_PLACEMENT_3D('',#6576,#5467,#5468);
#4965=AXIS2_PLACEMENT_3D('',#6578,#5469,#5470);
#4966=AXIS2_PLACEMENT_3D('',#6580,#5471,#5472);
#4967=AXIS2_PLACEMENT_3D('',#6582,#5473,#5474);
#4968=AXIS2_PLACEMENT_3D('',#6584,#5475,#5476);
#4969=AXIS2_PLACEMENT_3D('',#6586,#5477,#5478);
#4970=AXIS2_PLACEMENT_3D('',#6588,#5479,#5480);
#4971=AXIS2_PLACEMENT_3D('',#6590,#5481,#5482);
#4972=AXIS2_PLACEMENT_3D('',#6592,#5483,#5484);
#4973=AXIS2_PLACEMENT_3D('',#6594,#5485,#5486);
#4974=AXIS2_PLACEMENT_3D('',#6596,#5487,#5488);
#4975=AXIS2_PLACEMENT_3D('',#6598,#5489,#5490);
#4976=AXIS2_PLACEMENT_3D('',#6600,#5491,#5492);
#4977=AXIS2_PLACEMENT_3D('',#6602,#5493,#5494);
#4978=AXIS2_PLACEMENT_3D('',#6604,#5495,#5496);
#4979=AXIS2_PLACEMENT_3D('',#6606,#5497,#5498);
#4980=AXIS2_PLACEMENT_3D('',#6608,#5499,#5500);
#4981=AXIS2_PLACEMENT_3D('',#6610,#5501,#5502);
#4982=AXIS2_PLACEMENT_3D('',#6612,#5503,#5504);
#4983=AXIS2_PLACEMENT_3D('',#6614,#5505,#5506);
#4984=AXIS2_PLACEMENT_3D('',#6616,#5507,#5508);
#4985=AXIS2_PLACEMENT_3D('',#6618,#5509,#5510);
#4986=AXIS2_PLACEMENT_3D('',#6620,#5511,#5512);
#4987=AXIS2_PLACEMENT_3D('',#6622,#5513,#5514);
#4988=AXIS2_PLACEMENT_3D('',#6624,#5515,#5516);
#4989=AXIS2_PLACEMENT_3D('',#6626,#5517,#5518);
#4990=AXIS2_PLACEMENT_3D('',#6628,#5519,#5520);
#4991=AXIS2_PLACEMENT_3D('',#6630,#5521,#5522);
#4992=AXIS2_PLACEMENT_3D('',#6632,#5523,#5524);
#4993=AXIS2_PLACEMENT_3D('',#6633,#5525,#5526);
#4994=AXIS2_PLACEMENT_3D('',#6634,#5527,#5528);
#4995=AXIS2_PLACEMENT_3D('',#6636,#5529,#5530);
#4996=AXIS2_PLACEMENT_3D('',#6638,#5531,#5532);
#4997=AXIS2_PLACEMENT_3D('',#6639,#5533,#5534);
#4998=AXIS2_PLACEMENT_3D('',#6640,#5535,#5536);
#4999=AXIS2_PLACEMENT_3D('',#6641,#5537,#5538);
#5000=AXIS2_PLACEMENT_3D('',#6652,#5539,#5540);
#5001=AXIS2_PLACEMENT_3D('',#6658,#5541,#5542);
#5002=AXIS2_PLACEMENT_3D('',#6664,#5543,#5544);
#5003=AXIS2_PLACEMENT_3D('',#6665,#5545,#5546);
#5004=AXIS2_PLACEMENT_3D('',#6676,#5547,#5548);
#5005=AXIS2_PLACEMENT_3D('',#6677,#5549,#5550);
#5006=AXIS2_PLACEMENT_3D('',#6688,#5551,#5552);
#5007=AXIS2_PLACEMENT_3D('',#6689,#5553,#5554);
#5008=AXIS2_PLACEMENT_3D('',#6700,#5555,#5556);
#5009=AXIS2_PLACEMENT_3D('',#6701,#5557,#5558);
#5010=AXIS2_PLACEMENT_3D('',#6712,#5559,#5560);
#5011=AXIS2_PLACEMENT_3D('',#6713,#5561,#5562);
#5012=AXIS2_PLACEMENT_3D('',#6724,#5563,#5564);
#5013=AXIS2_PLACEMENT_3D('',#6725,#5565,#5566);
#5014=AXIS2_PLACEMENT_3D('',#6736,#5567,#5568);
#5015=AXIS2_PLACEMENT_3D('',#6742,#5569,#5570);
#5016=AXIS2_PLACEMENT_3D('',#6748,#5571,#5572);
#5017=AXIS2_PLACEMENT_3D('',#6749,#5573,#5574);
#5018=AXIS2_PLACEMENT_3D('',#6760,#5575,#5576);
#5019=AXIS2_PLACEMENT_3D('',#6766,#5577,#5578);
#5020=AXIS2_PLACEMENT_3D('',#6772,#5579,#5580);
#5021=AXIS2_PLACEMENT_3D('',#6773,#5581,#5582);
#5022=AXIS2_PLACEMENT_3D('',#6784,#5583,#5584);
#5023=AXIS2_PLACEMENT_3D('',#6785,#5585,#5586);
#5024=AXIS2_PLACEMENT_3D('',#6796,#5587,#5588);
#5025=AXIS2_PLACEMENT_3D('',#6797,#5589,#5590);
#5026=AXIS2_PLACEMENT_3D('',#6808,#5591,#5592);
#5027=AXIS2_PLACEMENT_3D('',#6809,#5593,#5594);
#5028=AXIS2_PLACEMENT_3D('',#6820,#5595,#5596);
#5029=AXIS2_PLACEMENT_3D('',#6821,#5597,#5598);
#5030=AXIS2_PLACEMENT_3D('',#6832,#5599,#5600);
#5031=AXIS2_PLACEMENT_3D('',#6833,#5601,#5602);
#5032=AXIS2_PLACEMENT_3D('',#6844,#5603,#5604);
#5033=AXIS2_PLACEMENT_3D('',#6845,#5605,#5606);
#5034=AXIS2_PLACEMENT_3D('',#6856,#5607,#5608);
#5035=AXIS2_PLACEMENT_3D('',#6857,#5609,#5610);
#5036=AXIS2_PLACEMENT_3D('',#6868,#5611,#5612);
#5037=AXIS2_PLACEMENT_3D('',#6869,#5613,#5614);
#5038=AXIS2_PLACEMENT_3D('',#6880,#5615,#5616);
#5039=AXIS2_PLACEMENT_3D('',#6881,#5617,#5618);
#5040=AXIS2_PLACEMENT_3D('',#6892,#5619,#5620);
#5041=AXIS2_PLACEMENT_3D('',#6898,#5621,#5622);
#5042=AXIS2_PLACEMENT_3D('',#6904,#5623,#5624);
#5043=AXIS2_PLACEMENT_3D('',#6905,#5625,#5626);
#5044=AXIS2_PLACEMENT_3D('',#6916,#5627,#5628);
#5045=AXIS2_PLACEMENT_3D('',#6922,#5629,#5630);
#5046=AXIS2_PLACEMENT_3D('',#6928,#5631,#5632);
#5047=AXIS2_PLACEMENT_3D('',#6929,#5633,#5634);
#5048=AXIS2_PLACEMENT_3D('',#6940,#5635,#5636);
#5049=AXIS2_PLACEMENT_3D('',#6941,#5637,#5638);
#5050=AXIS2_PLACEMENT_3D('',#6952,#5639,#5640);
#5051=AXIS2_PLACEMENT_3D('',#6953,#5641,#5642);
#5052=AXIS2_PLACEMENT_3D('',#6964,#5643,#5644);
#5053=AXIS2_PLACEMENT_3D('',#6965,#5645,#5646);
#5054=AXIS2_PLACEMENT_3D('',#6976,#5647,#5648);
#5055=AXIS2_PLACEMENT_3D('',#6977,#5649,#5650);
#5056=AXIS2_PLACEMENT_3D('',#6988,#5651,#5652);
#5057=AXIS2_PLACEMENT_3D('',#6989,#5653,#5654);
#5058=AXIS2_PLACEMENT_3D('',#7000,#5655,#5656);
#5059=AXIS2_PLACEMENT_3D('',#7001,#5657,#5658);
#5060=AXIS2_PLACEMENT_3D('',#7012,#5659,#5660);
#5061=AXIS2_PLACEMENT_3D('',#7013,#5661,#5662);
#5062=AXIS2_PLACEMENT_3D('',#7024,#5663,#5664);
#5063=AXIS2_PLACEMENT_3D('',#7025,#5665,#5666);
#5064=AXIS2_PLACEMENT_3D('',#7036,#5667,#5668);
#5065=AXIS2_PLACEMENT_3D('',#7037,#5669,#5670);
#5066=AXIS2_PLACEMENT_3D('',#7048,#5671,#5672);
#5067=AXIS2_PLACEMENT_3D('',#7054,#5673,#5674);
#5068=AXIS2_PLACEMENT_3D('',#7060,#5675,#5676);
#5069=AXIS2_PLACEMENT_3D('',#7061,#5677,#5678);
#5070=AXIS2_PLACEMENT_3D('',#7072,#5679,#5680);
#5071=AXIS2_PLACEMENT_3D('',#7078,#5681,#5682);
#5072=AXIS2_PLACEMENT_3D('',#7084,#5683,#5684);
#5073=AXIS2_PLACEMENT_3D('',#7085,#5685,#5686);
#5074=AXIS2_PLACEMENT_3D('',#7096,#5687,#5688);
#5075=AXIS2_PLACEMENT_3D('',#7097,#5689,#5690);
#5076=AXIS2_PLACEMENT_3D('',#7108,#5691,#5692);
#5077=AXIS2_PLACEMENT_3D('',#7109,#5693,#5694);
#5078=AXIS2_PLACEMENT_3D('',#7120,#5695,#5696);
#5079=AXIS2_PLACEMENT_3D('',#7121,#5697,#5698);
#5080=AXIS2_PLACEMENT_3D('',#7132,#5699,#5700);
#5081=AXIS2_PLACEMENT_3D('',#7133,#5701,#5702);
#5082=AXIS2_PLACEMENT_3D('',#7144,#5703,#5704);
#5083=AXIS2_PLACEMENT_3D('',#7145,#5705,#5706);
#5084=AXIS2_PLACEMENT_3D('',#7156,#5707,#5708);
#5085=AXIS2_PLACEMENT_3D('',#7157,#5709,#5710);
#5086=AXIS2_PLACEMENT_3D('',#7168,#5711,#5712);
#5087=AXIS2_PLACEMENT_3D('',#7169,#5713,#5714);
#5088=AXIS2_PLACEMENT_3D('',#7180,#5715,#5716);
#5089=AXIS2_PLACEMENT_3D('',#7181,#5717,#5718);
#5090=AXIS2_PLACEMENT_3D('',#7192,#5719,#5720);
#5091=AXIS2_PLACEMENT_3D('',#7193,#5721,#5722);
#5092=AXIS2_PLACEMENT_3D('',#7204,#5723,#5724);
#5093=AXIS2_PLACEMENT_3D('',#7210,#5725,#5726);
#5094=AXIS2_PLACEMENT_3D('',#7216,#5727,#5728);
#5095=AXIS2_PLACEMENT_3D('',#7217,#5729,#5730);
#5096=AXIS2_PLACEMENT_3D('',#7228,#5731,#5732);
#5097=AXIS2_PLACEMENT_3D('',#7234,#5733,#5734);
#5098=AXIS2_PLACEMENT_3D('',#7240,#5735,#5736);
#5099=AXIS2_PLACEMENT_3D('',#7241,#5737,#5738);
#5100=AXIS2_PLACEMENT_3D('',#7252,#5739,#5740);
#5101=AXIS2_PLACEMENT_3D('',#7253,#5741,#5742);
#5102=AXIS2_PLACEMENT_3D('',#7264,#5743,#5744);
#5103=AXIS2_PLACEMENT_3D('',#7265,#5745,#5746);
#5104=AXIS2_PLACEMENT_3D('',#7268,#5747,#5748);
#5105=AXIS2_PLACEMENT_3D('',#7270,#5749,#5750);
#5106=AXIS2_PLACEMENT_3D('',#7272,#5751,#5752);
#5107=AXIS2_PLACEMENT_3D('',#7274,#5753,#5754);
#5108=AXIS2_PLACEMENT_3D('',#7276,#5755,#5756);
#5109=AXIS2_PLACEMENT_3D('',#7278,#5757,#5758);
#5110=AXIS2_PLACEMENT_3D('',#7280,#5759,#5760);
#5111=AXIS2_PLACEMENT_3D('',#7282,#5761,#5762);
#5112=AXIS2_PLACEMENT_3D('',#7284,#5763,#5764);
#5113=AXIS2_PLACEMENT_3D('',#7286,#5765,#5766);
#5114=AXIS2_PLACEMENT_3D('',#7288,#5767,#5768);
#5115=AXIS2_PLACEMENT_3D('',#7290,#5769,#5770);
#5116=AXIS2_PLACEMENT_3D('',#7292,#5771,#5772);
#5117=AXIS2_PLACEMENT_3D('',#7294,#5773,#5774);
#5118=AXIS2_PLACEMENT_3D('',#7296,#5775,#5776);
#5119=AXIS2_PLACEMENT_3D('',#7298,#5777,#5778);
#5120=AXIS2_PLACEMENT_3D('',#7300,#5779,#5780);
#5121=AXIS2_PLACEMENT_3D('',#7302,#5781,#5782);
#5122=AXIS2_PLACEMENT_3D('',#7304,#5783,#5784);
#5123=AXIS2_PLACEMENT_3D('',#7306,#5785,#5786);
#5124=AXIS2_PLACEMENT_3D('',#7308,#5787,#5788);
#5125=AXIS2_PLACEMENT_3D('',#7310,#5789,#5790);
#5126=AXIS2_PLACEMENT_3D('',#7312,#5791,#5792);
#5127=AXIS2_PLACEMENT_3D('',#7314,#5793,#5794);
#5128=AXIS2_PLACEMENT_3D('',#7316,#5795,#5796);
#5129=AXIS2_PLACEMENT_3D('',#7318,#5797,#5798);
#5130=AXIS2_PLACEMENT_3D('',#7320,#5799,#5800);
#5131=AXIS2_PLACEMENT_3D('',#7322,#5801,#5802);
#5132=AXIS2_PLACEMENT_3D('',#7324,#5803,#5804);
#5133=AXIS2_PLACEMENT_3D('',#7326,#5805,#5806);
#5134=AXIS2_PLACEMENT_3D('',#7328,#5807,#5808);
#5135=AXIS2_PLACEMENT_3D('',#7330,#5809,#5810);
#5136=AXIS2_PLACEMENT_3D('',#7332,#5811,#5812);
#5137=AXIS2_PLACEMENT_3D('',#7334,#5813,#5814);
#5138=AXIS2_PLACEMENT_3D('',#7336,#5815,#5816);
#5139=AXIS2_PLACEMENT_3D('',#7338,#5817,#5818);
#5140=AXIS2_PLACEMENT_3D('',#7340,#5819,#5820);
#5141=AXIS2_PLACEMENT_3D('',#7342,#5821,#5822);
#5142=AXIS2_PLACEMENT_3D('',#7344,#5823,#5824);
#5143=AXIS2_PLACEMENT_3D('',#7346,#5825,#5826);
#5144=AXIS2_PLACEMENT_3D('',#7348,#5827,#5828);
#5145=AXIS2_PLACEMENT_3D('',#7350,#5829,#5830);
#5146=AXIS2_PLACEMENT_3D('',#7352,#5831,#5832);
#5147=AXIS2_PLACEMENT_3D('',#7354,#5833,#5834);
#5148=AXIS2_PLACEMENT_3D('',#7356,#5835,#5836);
#5149=AXIS2_PLACEMENT_3D('',#7358,#5837,#5838);
#5150=AXIS2_PLACEMENT_3D('',#7360,#5839,#5840);
#5151=AXIS2_PLACEMENT_3D('',#7362,#5841,#5842);
#5152=AXIS2_PLACEMENT_3D('',#7364,#5843,#5844);
#5153=AXIS2_PLACEMENT_3D('',#7366,#5845,#5846);
#5154=AXIS2_PLACEMENT_3D('',#7368,#5847,#5848);
#5155=AXIS2_PLACEMENT_3D('',#7370,#5849,#5850);
#5156=AXIS2_PLACEMENT_3D('',#7372,#5851,#5852);
#5157=AXIS2_PLACEMENT_3D('',#7374,#5853,#5854);
#5158=AXIS2_PLACEMENT_3D('',#7376,#5855,#5856);
#5159=AXIS2_PLACEMENT_3D('',#7378,#5857,#5858);
#5160=AXIS2_PLACEMENT_3D('',#7380,#5859,#5860);
#5161=AXIS2_PLACEMENT_3D('',#7382,#5861,#5862);
#5162=AXIS2_PLACEMENT_3D('',#7384,#5863,#5864);
#5163=AXIS2_PLACEMENT_3D('',#7386,#5865,#5866);
#5164=AXIS2_PLACEMENT_3D('',#7388,#5867,#5868);
#5165=AXIS2_PLACEMENT_3D('',#7390,#5869,#5870);
#5166=AXIS2_PLACEMENT_3D('',#7392,#5871,#5872);
#5167=AXIS2_PLACEMENT_3D('',#7394,#5873,#5874);
#5168=AXIS2_PLACEMENT_3D('',#7396,#5875,#5876);
#5169=AXIS2_PLACEMENT_3D('',#7398,#5877,#5878);
#5170=AXIS2_PLACEMENT_3D('',#7400,#5879,#5880);
#5171=AXIS2_PLACEMENT_3D('',#7402,#5881,#5882);
#5172=AXIS2_PLACEMENT_3D('',#7404,#5883,#5884);
#5173=AXIS2_PLACEMENT_3D('',#7406,#5885,#5886);
#5174=AXIS2_PLACEMENT_3D('',#7408,#5887,#5888);
#5175=AXIS2_PLACEMENT_3D('',#7410,#5889,#5890);
#5176=AXIS2_PLACEMENT_3D('',#7412,#5891,#5892);
#5177=AXIS2_PLACEMENT_3D('',#7414,#5893,#5894);
#5178=AXIS2_PLACEMENT_3D('',#7416,#5895,#5896);
#5179=AXIS2_PLACEMENT_3D('',#7418,#5897,#5898);
#5180=AXIS2_PLACEMENT_3D('',#7420,#5899,#5900);
#5181=AXIS2_PLACEMENT_3D('',#7422,#5901,#5902);
#5182=AXIS2_PLACEMENT_3D('',#7424,#5903,#5904);
#5183=AXIS2_PLACEMENT_3D('',#7426,#5905,#5906);
#5184=AXIS2_PLACEMENT_3D('',#7428,#5907,#5908);
#5185=AXIS2_PLACEMENT_3D('',#7430,#5909,#5910);
#5186=AXIS2_PLACEMENT_3D('',#7432,#5911,#5912);
#5187=AXIS2_PLACEMENT_3D('',#7434,#5913,#5914);
#5188=AXIS2_PLACEMENT_3D('',#7436,#5915,#5916);
#5189=AXIS2_PLACEMENT_3D('',#7438,#5917,#5918);
#5190=AXIS2_PLACEMENT_3D('',#7440,#5919,#5920);
#5191=AXIS2_PLACEMENT_3D('',#7442,#5921,#5922);
#5192=AXIS2_PLACEMENT_3D('',#7444,#5923,#5924);
#5193=AXIS2_PLACEMENT_3D('',#7446,#5925,#5926);
#5194=AXIS2_PLACEMENT_3D('',#7448,#5927,#5928);
#5195=AXIS2_PLACEMENT_3D('',#7450,#5929,#5930);
#5196=AXIS2_PLACEMENT_3D('',#7452,#5931,#5932);
#5197=AXIS2_PLACEMENT_3D('',#7454,#5933,#5934);
#5198=AXIS2_PLACEMENT_3D('',#7456,#5935,#5936);
#5199=AXIS2_PLACEMENT_3D('',#7458,#5937,#5938);
#5200=AXIS2_PLACEMENT_3D('',#7460,#5939,#5940);
#5201=AXIS2_PLACEMENT_3D('',#7462,#5941,#5942);
#5202=AXIS2_PLACEMENT_3D('',#7464,#5943,#5944);
#5203=AXIS2_PLACEMENT_3D('',#7466,#5945,#5946);
#5204=AXIS2_PLACEMENT_3D('',#7468,#5947,#5948);
#5205=AXIS2_PLACEMENT_3D('',#7470,#5949,#5950);
#5206=AXIS2_PLACEMENT_3D('',#7472,#5951,#5952);
#5207=AXIS2_PLACEMENT_3D('',#7474,#5953,#5954);
#5208=AXIS2_PLACEMENT_3D('',#7476,#5955,#5956);
#5209=AXIS2_PLACEMENT_3D('',#7478,#5957,#5958);
#5210=AXIS2_PLACEMENT_3D('',#7480,#5959,#5960);
#5211=AXIS2_PLACEMENT_3D('',#7482,#5961,#5962);
#5212=AXIS2_PLACEMENT_3D('',#7484,#5963,#5964);
#5213=AXIS2_PLACEMENT_3D('',#7486,#5965,#5966);
#5214=AXIS2_PLACEMENT_3D('',#7488,#5967,#5968);
#5215=AXIS2_PLACEMENT_3D('',#7490,#5969,#5970);
#5216=AXIS2_PLACEMENT_3D('',#7492,#5971,#5972);
#5217=AXIS2_PLACEMENT_3D('',#7494,#5973,#5974);
#5218=AXIS2_PLACEMENT_3D('',#7496,#5975,#5976);
#5219=AXIS2_PLACEMENT_3D('',#7498,#5977,#5978);
#5220=AXIS2_PLACEMENT_3D('',#7500,#5979,#5980);
#5221=AXIS2_PLACEMENT_3D('',#7502,#5981,#5982);
#5222=AXIS2_PLACEMENT_3D('',#7504,#5983,#5984);
#5223=AXIS2_PLACEMENT_3D('',#7506,#5985,#5986);
#5224=AXIS2_PLACEMENT_3D('',#7508,#5987,#5988);
#5225=AXIS2_PLACEMENT_3D('',#7510,#5989,#5990);
#5226=AXIS2_PLACEMENT_3D('',#7512,#5991,#5992);
#5227=AXIS2_PLACEMENT_3D('',#7514,#5993,#5994);
#5228=AXIS2_PLACEMENT_3D('',#7516,#5995,#5996);
#5229=AXIS2_PLACEMENT_3D('',#7518,#5997,#5998);
#5230=AXIS2_PLACEMENT_3D('',#7520,#5999,#6000);
#5231=AXIS2_PLACEMENT_3D('',#7522,#6001,#6002);
#5232=AXIS2_PLACEMENT_3D('',#7524,#6003,#6004);
#5233=AXIS2_PLACEMENT_3D('',#7526,#6005,#6006);
#5234=AXIS2_PLACEMENT_3D('',#7528,#6007,#6008);
#5235=AXIS2_PLACEMENT_3D('',#7530,#6009,#6010);
#5236=AXIS2_PLACEMENT_3D('',#7532,#6011,#6012);
#5237=AXIS2_PLACEMENT_3D('',#7534,#6013,#6014);
#5238=AXIS2_PLACEMENT_3D('',#7536,#6015,#6016);
#5239=AXIS2_PLACEMENT_3D('',#7538,#6017,#6018);
#5240=AXIS2_PLACEMENT_3D('',#7540,#6019,#6020);
#5241=AXIS2_PLACEMENT_3D('',#7542,#6021,#6022);
#5242=AXIS2_PLACEMENT_3D('',#7544,#6023,#6024);
#5243=AXIS2_PLACEMENT_3D('',#7546,#6025,#6026);
#5244=AXIS2_PLACEMENT_3D('',#7548,#6027,#6028);
#5245=AXIS2_PLACEMENT_3D('',#7550,#6029,#6030);
#5246=AXIS2_PLACEMENT_3D('',#7552,#6031,#6032);
#5247=AXIS2_PLACEMENT_3D('',#7554,#6033,#6034);
#5248=AXIS2_PLACEMENT_3D('',#7556,#6035,#6036);
#5249=AXIS2_PLACEMENT_3D('',#7558,#6037,#6038);
#5250=AXIS2_PLACEMENT_3D('',#7560,#6039,#6040);
#5251=AXIS2_PLACEMENT_3D('',#7562,#6041,#6042);
#5252=AXIS2_PLACEMENT_3D('',#7564,#6043,#6044);
#5253=AXIS2_PLACEMENT_3D('',#7566,#6045,#6046);
#5254=AXIS2_PLACEMENT_3D('',#7568,#6047,#6048);
#5255=AXIS2_PLACEMENT_3D('',#7570,#6049,#6050);
#5256=AXIS2_PLACEMENT_3D('',#7572,#6051,#6052);
#5257=AXIS2_PLACEMENT_3D('',#7574,#6053,#6054);
#5258=AXIS2_PLACEMENT_3D('',#7576,#6055,#6056);
#5259=AXIS2_PLACEMENT_3D('',#7577,#6057,#6058);
#5260=AXIS2_PLACEMENT_3D('',#7580,#6061,#6062);
#5261=AXIS2_PLACEMENT_3D('',#7582,#6064,#6065);
#5262=AXIS2_PLACEMENT_3D('',#7585,#6068,#6069);
#5263=AXIS2_PLACEMENT_3D('',#7587,#6071,#6072);
#5264=AXIS2_PLACEMENT_3D('',#7588,#6073,#6074);
#5265=AXIS2_PLACEMENT_3D('',#7591,#6077,#6078);
#5266=AXIS2_PLACEMENT_3D('',#7593,#6080,#6081);
#5267=AXIS2_PLACEMENT_3D('',#7596,#6084,#6085);
#5268=AXIS2_PLACEMENT_3D('',#7598,#6087,#6088);
#5269=AXIS2_PLACEMENT_3D('',#7601,#6091,#6092);
#5270=AXIS2_PLACEMENT_3D('',#7603,#6094,#6095);
#5271=AXIS2_PLACEMENT_3D('',#7606,#6098,#6099);
#5272=AXIS2_PLACEMENT_3D('',#7608,#6101,#6102);
#5273=AXIS2_PLACEMENT_3D('',#7611,#6105,#6106);
#5274=AXIS2_PLACEMENT_3D('',#7613,#6108,#6109);
#5275=AXIS2_PLACEMENT_3D('',#7616,#6112,#6113);
#5276=AXIS2_PLACEMENT_3D('',#7618,#6115,#6116);
#5277=AXIS2_PLACEMENT_3D('',#7621,#6119,#6120);
#5278=AXIS2_PLACEMENT_3D('',#7623,#6122,#6123);
#5279=AXIS2_PLACEMENT_3D('',#7626,#6126,#6127);
#5280=AXIS2_PLACEMENT_3D('',#7628,#6129,#6130);
#5281=AXIS2_PLACEMENT_3D('',#7631,#6133,#6134);
#5282=AXIS2_PLACEMENT_3D('',#7633,#6136,#6137);
#5283=AXIS2_PLACEMENT_3D('',#7636,#6140,#6141);
#5284=AXIS2_PLACEMENT_3D('',#7638,#6143,#6144);
#5285=AXIS2_PLACEMENT_3D('',#7641,#6147,#6148);
#5286=AXIS2_PLACEMENT_3D('',#7643,#6150,#6151);
#5287=AXIS2_PLACEMENT_3D('',#7644,#6152,#6153);
#5288=AXIS2_PLACEMENT_3D('',#7645,#6154,#6155);
#5289=AXIS2_PLACEMENT_3D('',#7646,#6156,#6157);
#5290=AXIS2_PLACEMENT_3D('',#7647,#6158,#6159);
#5291=AXIS2_PLACEMENT_3D('',#7648,#6160,#6161);
#5292=AXIS2_PLACEMENT_3D('',#7649,#6162,#6163);
#5293=AXIS2_PLACEMENT_3D('',#7650,#6164,#6165);
#5294=AXIS2_PLACEMENT_3D('',#7651,#6166,#6167);
#5295=AXIS2_PLACEMENT_3D('',#7652,#6168,#6169);
#5296=AXIS2_PLACEMENT_3D('',#7653,#6170,#6171);
#5297=AXIS2_PLACEMENT_3D('',#7656,#6174,#6175);
#5298=AXIS2_PLACEMENT_3D('',#7658,#6177,#6178);
#5299=AXIS2_PLACEMENT_3D('',#7661,#6181,#6182);
#5300=AXIS2_PLACEMENT_3D('',#7663,#6184,#6185);
#5301=AXIS2_PLACEMENT_3D('',#7664,#6186,#6187);
#5302=AXIS2_PLACEMENT_3D('',#7667,#6190,#6191);
#5303=AXIS2_PLACEMENT_3D('',#7669,#6193,#6194);
#5304=AXIS2_PLACEMENT_3D('',#7672,#6197,#6198);
#5305=AXIS2_PLACEMENT_3D('',#7674,#6200,#6201);
#5306=AXIS2_PLACEMENT_3D('',#7677,#6204,#6205);
#5307=AXIS2_PLACEMENT_3D('',#7679,#6207,#6208);
#5308=AXIS2_PLACEMENT_3D('',#7682,#6211,#6212);
#5309=AXIS2_PLACEMENT_3D('',#7684,#6214,#6215);
#5310=AXIS2_PLACEMENT_3D('',#7687,#6218,#6219);
#5311=AXIS2_PLACEMENT_3D('',#7689,#6221,#6222);
#5312=AXIS2_PLACEMENT_3D('',#7692,#6225,#6226);
#5313=AXIS2_PLACEMENT_3D('',#7694,#6228,#6229);
#5314=AXIS2_PLACEMENT_3D('',#7697,#6232,#6233);
#5315=AXIS2_PLACEMENT_3D('',#7699,#6235,#6236);
#5316=AXIS2_PLACEMENT_3D('',#7702,#6239,#6240);
#5317=AXIS2_PLACEMENT_3D('',#7704,#6242,#6243);
#5318=AXIS2_PLACEMENT_3D('',#7707,#6246,#6247);
#5319=AXIS2_PLACEMENT_3D('',#7709,#6249,#6250);
#5320=AXIS2_PLACEMENT_3D('',#7712,#6253,#6254);
#5321=AXIS2_PLACEMENT_3D('',#7714,#6256,#6257);
#5322=AXIS2_PLACEMENT_3D('',#7717,#6260,#6261);
#5323=AXIS2_PLACEMENT_3D('',#7719,#6263,#6264);
#5324=AXIS2_PLACEMENT_3D('',#7720,#6265,#6266);
#5325=AXIS2_PLACEMENT_3D('',#7721,#6267,#6268);
#5326=AXIS2_PLACEMENT_3D('',#7722,#6269,#6270);
#5327=AXIS2_PLACEMENT_3D('',#7723,#6271,#6272);
#5328=AXIS2_PLACEMENT_3D('',#7724,#6273,#6274);
#5329=AXIS2_PLACEMENT_3D('',#7725,#6275,#6276);
#5330=AXIS2_PLACEMENT_3D('',#7726,#6277,#6278);
#5331=AXIS2_PLACEMENT_3D('',#7727,#6279,#6280);
#5332=AXIS2_PLACEMENT_3D('',#7728,#6281,#6282);
#5333=AXIS2_PLACEMENT_3D('',#7729,#6283,#6284);
#5334=AXIS2_PLACEMENT_3D('',#7732,#6287,#6288);
#5335=AXIS2_PLACEMENT_3D('',#7734,#6290,#6291);
#5336=AXIS2_PLACEMENT_3D('',#7737,#6294,#6295);
#5337=AXIS2_PLACEMENT_3D('',#7739,#6297,#6298);
#5338=AXIS2_PLACEMENT_3D('',#7740,#6299,#6300);
#5339=AXIS2_PLACEMENT_3D('',#7743,#6303,#6304);
#5340=AXIS2_PLACEMENT_3D('',#7745,#6306,#6307);
#5341=AXIS2_PLACEMENT_3D('',#7748,#6310,#6311);
#5342=AXIS2_PLACEMENT_3D('',#7750,#6313,#6314);
#5343=AXIS2_PLACEMENT_3D('',#7753,#6317,#6318);
#5344=AXIS2_PLACEMENT_3D('',#7755,#6320,#6321);
#5345=AXIS2_PLACEMENT_3D('',#7758,#6324,#6325);
#5346=AXIS2_PLACEMENT_3D('',#7760,#6327,#6328);
#5347=AXIS2_PLACEMENT_3D('',#7763,#6331,#6332);
#5348=AXIS2_PLACEMENT_3D('',#7765,#6334,#6335);
#5349=AXIS2_PLACEMENT_3D('',#7768,#6338,#6339);
#5350=AXIS2_PLACEMENT_3D('',#7770,#6341,#6342);
#5351=AXIS2_PLACEMENT_3D('',#7773,#6345,#6346);
#5352=AXIS2_PLACEMENT_3D('',#7775,#6348,#6349);
#5353=AXIS2_PLACEMENT_3D('',#7778,#6352,#6353);
#5354=AXIS2_PLACEMENT_3D('',#7780,#6355,#6356);
#5355=AXIS2_PLACEMENT_3D('',#7783,#6359,#6360);
#5356=AXIS2_PLACEMENT_3D('',#7785,#6362,#6363);
#5357=AXIS2_PLACEMENT_3D('',#7788,#6366,#6367);
#5358=AXIS2_PLACEMENT_3D('',#7790,#6369,#6370);
#5359=AXIS2_PLACEMENT_3D('',#7793,#6373,#6374);
#5360=AXIS2_PLACEMENT_3D('',#7795,#6376,#6377);
#5361=AXIS2_PLACEMENT_3D('',#7796,#6378,#6379);
#5362=AXIS2_PLACEMENT_3D('',#7797,#6380,#6381);
#5363=AXIS2_PLACEMENT_3D('',#7798,#6382,#6383);
#5364=AXIS2_PLACEMENT_3D('',#7799,#6384,#6385);
#5365=AXIS2_PLACEMENT_3D('',#7800,#6386,#6387);
#5366=AXIS2_PLACEMENT_3D('',#7801,#6388,#6389);
#5367=AXIS2_PLACEMENT_3D('',#7802,#6390,#6391);
#5368=AXIS2_PLACEMENT_3D('',#7803,#6392,#6393);
#5369=AXIS2_PLACEMENT_3D('',#7804,#6394,#6395);
#5370=AXIS2_PLACEMENT_3D('',#7805,#6396,#6397);
#5371=AXIS2_PLACEMENT_3D('',#7808,#6400,#6401);
#5372=AXIS2_PLACEMENT_3D('',#7810,#6403,#6404);
#5373=AXIS2_PLACEMENT_3D('',#7813,#6407,#6408);
#5374=AXIS2_PLACEMENT_3D('',#7815,#6410,#6411);
#5375=AXIS2_PLACEMENT_3D('',#7816,#6412,#6413);
#5376=AXIS2_PLACEMENT_3D('',#7819,#6416,#6417);
#5377=AXIS2_PLACEMENT_3D('',#7821,#6419,#6420);
#5378=AXIS2_PLACEMENT_3D('',#7824,#6423,#6424);
#5379=AXIS2_PLACEMENT_3D('',#7826,#6426,#6427);
#5380=AXIS2_PLACEMENT_3D('',#7829,#6430,#6431);
#5381=AXIS2_PLACEMENT_3D('',#7831,#6433,#6434);
#5382=AXIS2_PLACEMENT_3D('',#7834,#6437,#6438);
#5383=AXIS2_PLACEMENT_3D('',#7836,#6440,#6441);
#5384=AXIS2_PLACEMENT_3D('',#7839,#6444,#6445);
#5385=AXIS2_PLACEMENT_3D('',#7841,#6447,#6448);
#5386=AXIS2_PLACEMENT_3D('',#7844,#6451,#6452);
#5387=AXIS2_PLACEMENT_3D('',#7846,#6454,#6455);
#5388=AXIS2_PLACEMENT_3D('',#7849,#6458,#6459);
#5389=AXIS2_PLACEMENT_3D('',#7851,#6461,#6462);
#5390=AXIS2_PLACEMENT_3D('',#7852,#6463,#6464);
#5391=AXIS2_PLACEMENT_3D('',#7853,#6465,#6466);
#5392=AXIS2_PLACEMENT_3D('',#7854,#6467,#6468);
#5393=AXIS2_PLACEMENT_3D('',#7855,#6469,#6470);
#5394=AXIS2_PLACEMENT_3D('',#7856,#6471,#6472);
#5395=AXIS2_PLACEMENT_3D('',#7857,#6473,#6474);
#5396=AXIS2_PLACEMENT_3D('',#7860,#6477,#6478);
#5397=AXIS2_PLACEMENT_3D('',#7862,#6480,#6481);
#5398=AXIS2_PLACEMENT_3D('',#7865,#6484,#6485);
#5399=AXIS2_PLACEMENT_3D('',#7867,#6487,#6488);
#5400=AXIS2_PLACEMENT_3D('',#7870,#6491,#6492);
#5401=AXIS2_PLACEMENT_3D('',#7872,#6494,#6495);
#5402=AXIS2_PLACEMENT_3D('',#7875,#6498,#6499);
#5403=AXIS2_PLACEMENT_3D('',#7877,#6501,#6502);
#5404=AXIS2_PLACEMENT_3D('',#7878,#6503,#6504);
#5405=AXIS2_PLACEMENT_3D('',#7879,#6505,#6506);
#5406=AXIS2_PLACEMENT_3D('',#7880,#6507,#6508);
#5407=AXIS2_PLACEMENT_3D('',#7881,#6509,#6510);
#5408=AXIS2_PLACEMENT_3D('',#7882,#6511,#6512);
#5409=AXIS2_PLACEMENT_3D('',#7883,#6513,#6514);
#5410=AXIS2_PLACEMENT_3D('',#7884,#6515,#6516);
#5411=AXIS2_PLACEMENT_3D('',#7885,#6517,#6518);
#5412=AXIS2_PLACEMENT_3D('',#7886,#6519,#6520);
#5413=AXIS2_PLACEMENT_3D('',#7887,#6521,#6522);
#5414=AXIS2_PLACEMENT_3D('',#7888,#6523,#6524);
#5415=DIRECTION('',(0.,0.,1.));
#5416=DIRECTION('',(1.,0.,0.));
#5417=DIRECTION('',(1.,0.,-3.09924605484875E-16));
#5418=DIRECTION('',(-3.09924605484875E-16,0.,-1.));
#5419=DIRECTION('',(1.,0.,-3.09924605484875E-16));
#5420=DIRECTION('',(-3.09924605484875E-16,0.,-1.));
#5421=DIRECTION('',(-1.,0.,2.89865501188495E-16));
#5422=DIRECTION('',(2.89865501188495E-16,0.,1.));
#5423=DIRECTION('',(-1.,0.,2.89865501188495E-16));
#5424=DIRECTION('',(2.89865501188495E-16,0.,1.));
#5425=DIRECTION('',(-1.,0.,2.89865501188495E-16));
#5426=DIRECTION('',(2.89865501188495E-16,0.,1.));
#5427=DIRECTION('',(-1.,0.,2.89865501188495E-16));
#5428=DIRECTION('',(2.89865501188495E-16,0.,1.));
#5429=DIRECTION('',(-1.,0.,2.89865501188495E-16));
#5430=DIRECTION('',(2.89865501188495E-16,0.,1.));
#5431=DIRECTION('',(-1.,0.,2.89865501188495E-16));
#5432=DIRECTION('',(2.89865501188495E-16,0.,1.));
#5433=DIRECTION('',(-1.,0.,2.89865501188495E-16));
#5434=DIRECTION('',(2.89865501188495E-16,0.,1.));
#5435=DIRECTION('',(-1.,0.,2.89865501188495E-16));
#5436=DIRECTION('',(2.89865501188495E-16,0.,1.));
#5437=DIRECTION('',(-1.,0.,2.89865501188495E-16));
#5438=DIRECTION('',(2.89865501188495E-16,0.,1.));
#5439=DIRECTION('',(-1.,0.,2.89865501188495E-16));
#5440=DIRECTION('',(2.89865501188495E-16,0.,1.));
#5441=DIRECTION('',(-1.,0.,2.89865501188495E-16));
#5442=DIRECTION('',(2.89865501188495E-16,0.,1.));
#5443=DIRECTION('',(-1.,0.,2.89865501188495E-16));
#5444=DIRECTION('',(2.89865501188495E-16,0.,1.));
#5445=DIRECTION('',(-1.,0.,2.89865501188495E-16));
#5446=DIRECTION('',(2.89865501188495E-16,0.,1.));
#5447=DIRECTION('',(-1.,0.,2.89865501188495E-16));
#5448=DIRECTION('',(2.89865501188495E-16,0.,1.));
#5449=DIRECTION('',(-1.,0.,2.89865501188495E-16));
#5450=DIRECTION('',(2.89865501188495E-16,0.,1.));
#5451=DIRECTION('',(-1.,0.,2.89865501188495E-16));
#5452=DIRECTION('',(2.89865501188495E-16,0.,1.));
#5453=DIRECTION('',(-1.,0.,2.89865501188495E-16));
#5454=DIRECTION('',(2.89865501188495E-16,0.,1.));
#5455=DIRECTION('',(-1.,0.,2.89865501188495E-16));
#5456=DIRECTION('',(2.89865501188495E-16,0.,1.));
#5457=DIRECTION('',(-1.,0.,2.89865501188495E-16));
#5458=DIRECTION('',(2.89865501188495E-16,0.,1.));
#5459=DIRECTION('',(-1.,0.,2.89865501188495E-16));
#5460=DIRECTION('',(2.89865501188495E-16,0.,1.));
#5461=DIRECTION('',(-1.,0.,2.89865501188495E-16));
#5462=DIRECTION('',(2.89865501188495E-16,0.,1.));
#5463=DIRECTION('',(-1.,0.,2.89865501188495E-16));
#5464=DIRECTION('',(2.89865501188495E-16,0.,1.));
#5465=DIRECTION('',(-1.,0.,2.89865501188495E-16));
#5466=DIRECTION('',(2.89865501188495E-16,0.,1.));
#5467=DIRECTION('',(-1.,0.,2.89865501188495E-16));
#5468=DIRECTION('',(2.89865501188495E-16,0.,1.));
#5469=DIRECTION('',(-1.,0.,2.89865501188495E-16));
#5470=DIRECTION('',(2.89865501188495E-16,0.,1.));
#5471=DIRECTION('',(-1.,0.,2.89865501188495E-16));
#5472=DIRECTION('',(2.89865501188495E-16,0.,1.));
#5473=DIRECTION('',(-1.,0.,2.89865501188495E-16));
#5474=DIRECTION('',(2.89865501188495E-16,0.,1.));
#5475=DIRECTION('',(-1.,0.,2.89865501188495E-16));
#5476=DIRECTION('',(2.89865501188495E-16,0.,1.));
#5477=DIRECTION('',(-1.,0.,2.89865501188495E-16));
#5478=DIRECTION('',(2.89865501188495E-16,0.,1.));
#5479=DIRECTION('',(-1.,0.,2.89865501188495E-16));
#5480=DIRECTION('',(2.89865501188495E-16,0.,1.));
#5481=DIRECTION('',(-1.,0.,2.89865501188495E-16));
#5482=DIRECTION('',(2.89865501188495E-16,0.,1.));
#5483=DIRECTION('',(-1.,0.,2.89865501188495E-16));
#5484=DIRECTION('',(2.89865501188495E-16,0.,1.));
#5485=DIRECTION('',(-1.,0.,2.89865501188495E-16));
#5486=DIRECTION('',(2.89865501188495E-16,0.,1.));
#5487=DIRECTION('',(-1.,0.,2.89865501188495E-16));
#5488=DIRECTION('',(2.89865501188495E-16,0.,1.));
#5489=DIRECTION('',(-1.,0.,2.89865501188495E-16));
#5490=DIRECTION('',(2.89865501188495E-16,0.,1.));
#5491=DIRECTION('',(-1.,0.,2.89865501188495E-16));
#5492=DIRECTION('',(2.89865501188495E-16,0.,1.));
#5493=DIRECTION('',(-1.,0.,2.89865501188495E-16));
#5494=DIRECTION('',(2.89865501188495E-16,0.,1.));
#5495=DIRECTION('',(-1.,0.,2.89865501188495E-16));
#5496=DIRECTION('',(2.89865501188495E-16,0.,1.));
#5497=DIRECTION('',(-1.,0.,2.89865501188495E-16));
#5498=DIRECTION('',(2.89865501188495E-16,0.,1.));
#5499=DIRECTION('',(-1.,0.,2.89865501188495E-16));
#5500=DIRECTION('',(2.89865501188495E-16,0.,1.));
#5501=DIRECTION('',(-1.,0.,2.89865501188495E-16));
#5502=DIRECTION('',(2.89865501188495E-16,0.,1.));
#5503=DIRECTION('',(-1.,0.,2.89865501188495E-16));
#5504=DIRECTION('',(2.89865501188495E-16,0.,1.));
#5505=DIRECTION('',(-1.,0.,2.89865501188495E-16));
#5506=DIRECTION('',(2.89865501188495E-16,0.,1.));
#5507=DIRECTION('',(-1.,0.,2.89865501188495E-16));
#5508=DIRECTION('',(2.89865501188495E-16,0.,1.));
#5509=DIRECTION('',(-1.,0.,2.89865501188495E-16));
#5510=DIRECTION('',(2.89865501188495E-16,0.,1.));
#5511=DIRECTION('',(-1.,0.,2.89865501188495E-16));
#5512=DIRECTION('',(2.89865501188495E-16,0.,1.));
#5513=DIRECTION('',(-1.,0.,2.89865501188495E-16));
#5514=DIRECTION('',(2.89865501188495E-16,0.,1.));
#5515=DIRECTION('',(-1.,0.,2.89865501188495E-16));
#5516=DIRECTION('',(2.89865501188495E-16,0.,1.));
#5517=DIRECTION('',(-1.,0.,2.89865501188495E-16));
#5518=DIRECTION('',(2.89865501188495E-16,0.,1.));
#5519=DIRECTION('',(-1.,0.,2.89865501188495E-16));
#5520=DIRECTION('',(2.89865501188495E-16,0.,1.));
#5521=DIRECTION('',(-1.,0.,2.89865501188495E-16));
#5522=DIRECTION('',(2.89865501188495E-16,0.,1.));
#5523=DIRECTION('',(-1.,0.,2.89865501188495E-16));
#5524=DIRECTION('',(2.89865501188495E-16,0.,1.));
#5525=DIRECTION('',(-1.,0.,3.09924605484875E-16));
#5526=DIRECTION('',(3.09924605484875E-16,0.,1.));
#5527=DIRECTION('',(1.,0.,-3.09924605484875E-16));
#5528=DIRECTION('',(-3.09924605484875E-16,0.,-1.));
#5529=DIRECTION('',(-1.,0.,3.09924605484875E-16));
#5530=DIRECTION('',(3.09924605484875E-16,0.,1.));
#5531=DIRECTION('',(-1.,0.,3.09924605484875E-16));
#5532=DIRECTION('',(3.09924605484875E-16,0.,1.));
#5533=DIRECTION('',(1.,0.,-3.09924605484875E-16));
#5534=DIRECTION('',(-3.09924605484875E-16,0.,-1.));
#5535=DIRECTION('',(-1.,0.,2.89865501188495E-16));
#5536=DIRECTION('',(2.89865501188495E-16,0.,1.));
#5537=DIRECTION('',(-1.,0.,2.89865501188495E-16));
#5538=DIRECTION('',(2.89865501188495E-16,0.,1.));
#5539=DIRECTION('',(-1.,0.,2.89865501188495E-16));
#5540=DIRECTION('',(2.89865501188495E-16,0.,1.));
#5541=DIRECTION('',(-1.,0.,2.89865501188495E-16));
#5542=DIRECTION('',(2.89865501188495E-16,0.,1.));
#5543=DIRECTION('',(-1.,0.,2.89865501188495E-16));
#5544=DIRECTION('',(2.89865501188495E-16,0.,1.));
#5545=DIRECTION('',(-1.,0.,2.89865501188495E-16));
#5546=DIRECTION('',(2.89865501188495E-16,0.,1.));
#5547=DIRECTION('',(-1.,0.,2.89865501188495E-16));
#5548=DIRECTION('',(2.89865501188495E-16,0.,1.));
#5549=DIRECTION('',(-1.,0.,2.89865501188495E-16));
#5550=DIRECTION('',(2.89865501188495E-16,0.,1.));
#5551=DIRECTION('',(-1.,0.,2.89865501188495E-16));
#5552=DIRECTION('',(2.89865501188495E-16,0.,1.));
#5553=DIRECTION('',(-1.,0.,2.89865501188495E-16));
#5554=DIRECTION('',(2.89865501188495E-16,0.,1.));
#5555=DIRECTION('',(-1.,0.,2.89865501188495E-16));
#5556=DIRECTION('',(2.89865501188495E-16,0.,1.));
#5557=DIRECTION('',(-1.,0.,2.89865501188495E-16));
#5558=DIRECTION('',(2.89865501188495E-16,0.,1.));
#5559=DIRECTION('',(-1.,0.,2.89865501188495E-16));
#5560=DIRECTION('',(2.89865501188495E-16,0.,1.));
#5561=DIRECTION('',(-1.,0.,2.89865501188495E-16));
#5562=DIRECTION('',(2.89865501188495E-16,0.,1.));
#5563=DIRECTION('',(-1.,0.,2.89865501188495E-16));
#5564=DIRECTION('',(2.89865501188495E-16,0.,1.));
#5565=DIRECTION('',(-1.,0.,2.89865501188495E-16));
#5566=DIRECTION('',(2.89865501188495E-16,0.,1.));
#5567=DIRECTION('',(-1.,0.,2.89865501188495E-16));
#5568=DIRECTION('',(2.89865501188495E-16,0.,1.));
#5569=DIRECTION('',(-1.,0.,2.89865501188495E-16));
#5570=DIRECTION('',(2.89865501188495E-16,0.,1.));
#5571=DIRECTION('',(-1.,0.,2.89865501188495E-16));
#5572=DIRECTION('',(2.89865501188495E-16,0.,1.));
#5573=DIRECTION('',(-1.,0.,2.89865501188495E-16));
#5574=DIRECTION('',(2.89865501188495E-16,0.,1.));
#5575=DIRECTION('',(-1.,0.,2.89865501188495E-16));
#5576=DIRECTION('',(2.89865501188495E-16,0.,1.));
#5577=DIRECTION('',(-1.,0.,2.89865501188495E-16));
#5578=DIRECTION('',(2.89865501188495E-16,0.,1.));
#5579=DIRECTION('',(-1.,0.,2.89865501188495E-16));
#5580=DIRECTION('',(2.89865501188495E-16,0.,1.));
#5581=DIRECTION('',(-1.,0.,2.89865501188495E-16));
#5582=DIRECTION('',(2.89865501188495E-16,0.,1.));
#5583=DIRECTION('',(-1.,0.,2.89865501188495E-16));
#5584=DIRECTION('',(2.89865501188495E-16,0.,1.));
#5585=DIRECTION('',(-1.,0.,2.89865501188495E-16));
#5586=DIRECTION('',(2.89865501188495E-16,0.,1.));
#5587=DIRECTION('',(-1.,0.,2.89865501188495E-16));
#5588=DIRECTION('',(2.89865501188495E-16,0.,1.));
#5589=DIRECTION('',(-1.,0.,2.89865501188495E-16));
#5590=DIRECTION('',(2.89865501188495E-16,0.,1.));
#5591=DIRECTION('',(-1.,0.,2.89865501188495E-16));
#5592=DIRECTION('',(2.89865501188495E-16,0.,1.));
#5593=DIRECTION('',(-1.,0.,2.89865501188495E-16));
#5594=DIRECTION('',(2.89865501188495E-16,0.,1.));
#5595=DIRECTION('',(-1.,0.,2.89865501188495E-16));
#5596=DIRECTION('',(2.89865501188495E-16,0.,1.));
#5597=DIRECTION('',(-1.,0.,2.89865501188495E-16));
#5598=DIRECTION('',(2.89865501188495E-16,0.,1.));
#5599=DIRECTION('',(-1.,0.,2.89865501188495E-16));
#5600=DIRECTION('',(2.89865501188495E-16,0.,1.));
#5601=DIRECTION('',(-1.,0.,2.89865501188495E-16));
#5602=DIRECTION('',(2.89865501188495E-16,0.,1.));
#5603=DIRECTION('',(-1.,0.,2.89865501188495E-16));
#5604=DIRECTION('',(2.89865501188495E-16,0.,1.));
#5605=DIRECTION('',(-1.,0.,2.89865501188495E-16));
#5606=DIRECTION('',(2.89865501188495E-16,0.,1.));
#5607=DIRECTION('',(-1.,0.,2.89865501188495E-16));
#5608=DIRECTION('',(2.89865501188495E-16,0.,1.));
#5609=DIRECTION('',(-1.,0.,2.89865501188495E-16));
#5610=DIRECTION('',(2.89865501188495E-16,0.,1.));
#5611=DIRECTION('',(-1.,0.,2.89865501188495E-16));
#5612=DIRECTION('',(2.89865501188495E-16,0.,1.));
#5613=DIRECTION('',(-1.,0.,2.89865501188495E-16));
#5614=DIRECTION('',(2.89865501188495E-16,0.,1.));
#5615=DIRECTION('',(-1.,0.,2.89865501188495E-16));
#5616=DIRECTION('',(2.89865501188495E-16,0.,1.));
#5617=DIRECTION('',(-1.,0.,2.89865501188495E-16));
#5618=DIRECTION('',(2.89865501188495E-16,0.,1.));
#5619=DIRECTION('',(-1.,0.,2.89865501188495E-16));
#5620=DIRECTION('',(2.89865501188495E-16,0.,1.));
#5621=DIRECTION('',(-1.,0.,2.89865501188495E-16));
#5622=DIRECTION('',(2.89865501188495E-16,0.,1.));
#5623=DIRECTION('',(-1.,0.,2.89865501188495E-16));
#5624=DIRECTION('',(2.89865501188495E-16,0.,1.));
#5625=DIRECTION('',(-1.,0.,2.89865501188495E-16));
#5626=DIRECTION('',(2.89865501188495E-16,0.,1.));
#5627=DIRECTION('',(-1.,0.,2.89865501188495E-16));
#5628=DIRECTION('',(2.89865501188495E-16,0.,1.));
#5629=DIRECTION('',(-1.,0.,2.89865501188495E-16));
#5630=DIRECTION('',(2.89865501188495E-16,0.,1.));
#5631=DIRECTION('',(-1.,0.,2.89865501188495E-16));
#5632=DIRECTION('',(2.89865501188495E-16,0.,1.));
#5633=DIRECTION('',(-1.,0.,2.89865501188495E-16));
#5634=DIRECTION('',(2.89865501188495E-16,0.,1.));
#5635=DIRECTION('',(-1.,0.,2.89865501188495E-16));
#5636=DIRECTION('',(2.89865501188495E-16,0.,1.));
#5637=DIRECTION('',(-1.,0.,2.89865501188495E-16));
#5638=DIRECTION('',(2.89865501188495E-16,0.,1.));
#5639=DIRECTION('',(-1.,0.,2.89865501188495E-16));
#5640=DIRECTION('',(2.89865501188495E-16,0.,1.));
#5641=DIRECTION('',(-1.,0.,2.89865501188495E-16));
#5642=DIRECTION('',(2.89865501188495E-16,0.,1.));
#5643=DIRECTION('',(-1.,0.,2.89865501188495E-16));
#5644=DIRECTION('',(2.89865501188495E-16,0.,1.));
#5645=DIRECTION('',(-1.,0.,2.89865501188495E-16));
#5646=DIRECTION('',(2.89865501188495E-16,0.,1.));
#5647=DIRECTION('',(-1.,0.,2.89865501188495E-16));
#5648=DIRECTION('',(2.89865501188495E-16,0.,1.));
#5649=DIRECTION('',(-1.,0.,2.89865501188495E-16));
#5650=DIRECTION('',(2.89865501188495E-16,0.,1.));
#5651=DIRECTION('',(-1.,0.,2.89865501188495E-16));
#5652=DIRECTION('',(2.89865501188495E-16,0.,1.));
#5653=DIRECTION('',(-1.,0.,2.89865501188495E-16));
#5654=DIRECTION('',(2.89865501188495E-16,0.,1.));
#5655=DIRECTION('',(-1.,0.,2.89865501188495E-16));
#5656=DIRECTION('',(2.89865501188495E-16,0.,1.));
#5657=DIRECTION('',(-1.,0.,2.89865501188495E-16));
#5658=DIRECTION('',(2.89865501188495E-16,0.,1.));
#5659=DIRECTION('',(-1.,0.,2.89865501188495E-16));
#5660=DIRECTION('',(2.89865501188495E-16,0.,1.));
#5661=DIRECTION('',(-1.,0.,2.89865501188495E-16));
#5662=DIRECTION('',(2.89865501188495E-16,0.,1.));
#5663=DIRECTION('',(-1.,0.,2.89865501188495E-16));
#5664=DIRECTION('',(2.89865501188495E-16,0.,1.));
#5665=DIRECTION('',(-1.,0.,2.89865501188495E-16));
#5666=DIRECTION('',(2.89865501188495E-16,0.,1.));
#5667=DIRECTION('',(-1.,0.,2.89865501188495E-16));
#5668=DIRECTION('',(2.89865501188495E-16,0.,1.));
#5669=DIRECTION('',(-1.,0.,2.89865501188495E-16));
#5670=DIRECTION('',(2.89865501188495E-16,0.,1.));
#5671=DIRECTION('',(-1.,0.,2.89865501188495E-16));
#5672=DIRECTION('',(2.89865501188495E-16,0.,1.));
#5673=DIRECTION('',(-1.,0.,2.89865501188495E-16));
#5674=DIRECTION('',(2.89865501188495E-16,0.,1.));
#5675=DIRECTION('',(-1.,0.,2.89865501188495E-16));
#5676=DIRECTION('',(2.89865501188495E-16,0.,1.));
#5677=DIRECTION('',(-1.,0.,2.89865501188495E-16));
#5678=DIRECTION('',(2.89865501188495E-16,0.,1.));
#5679=DIRECTION('',(-1.,0.,2.89865501188495E-16));
#5680=DIRECTION('',(2.89865501188495E-16,0.,1.));
#5681=DIRECTION('',(-1.,0.,2.89865501188495E-16));
#5682=DIRECTION('',(2.89865501188495E-16,0.,1.));
#5683=DIRECTION('',(-1.,0.,2.89865501188495E-16));
#5684=DIRECTION('',(2.89865501188495E-16,0.,1.));
#5685=DIRECTION('',(-1.,0.,2.89865501188495E-16));
#5686=DIRECTION('',(2.89865501188495E-16,0.,1.));
#5687=DIRECTION('',(-1.,0.,2.89865501188495E-16));
#5688=DIRECTION('',(2.89865501188495E-16,0.,1.));
#5689=DIRECTION('',(-1.,0.,2.89865501188495E-16));
#5690=DIRECTION('',(2.89865501188495E-16,0.,1.));
#5691=DIRECTION('',(-1.,0.,2.89865501188495E-16));
#5692=DIRECTION('',(2.89865501188495E-16,0.,1.));
#5693=DIRECTION('',(-1.,0.,2.89865501188495E-16));
#5694=DIRECTION('',(2.89865501188495E-16,0.,1.));
#5695=DIRECTION('',(-1.,0.,2.89865501188495E-16));
#5696=DIRECTION('',(2.89865501188495E-16,0.,1.));
#5697=DIRECTION('',(-1.,0.,2.89865501188495E-16));
#5698=DIRECTION('',(2.89865501188495E-16,0.,1.));
#5699=DIRECTION('',(-1.,0.,2.89865501188495E-16));
#5700=DIRECTION('',(2.89865501188495E-16,0.,1.));
#5701=DIRECTION('',(-1.,0.,2.89865501188495E-16));
#5702=DIRECTION('',(2.89865501188495E-16,0.,1.));
#5703=DIRECTION('',(-1.,0.,2.89865501188495E-16));
#5704=DIRECTION('',(2.89865501188495E-16,0.,1.));
#5705=DIRECTION('',(-1.,0.,2.89865501188495E-16));
#5706=DIRECTION('',(2.89865501188495E-16,0.,1.));
#5707=DIRECTION('',(-1.,0.,2.89865501188495E-16));
#5708=DIRECTION('',(2.89865501188495E-16,0.,1.));
#5709=DIRECTION('',(-1.,0.,2.89865501188495E-16));
#5710=DIRECTION('',(2.89865501188495E-16,0.,1.));
#5711=DIRECTION('',(-1.,0.,2.89865501188495E-16));
#5712=DIRECTION('',(2.89865501188495E-16,0.,1.));
#5713=DIRECTION('',(-1.,0.,2.89865501188495E-16));
#5714=DIRECTION('',(2.89865501188495E-16,0.,1.));
#5715=DIRECTION('',(-1.,0.,2.89865501188495E-16));
#5716=DIRECTION('',(2.89865501188495E-16,0.,1.));
#5717=DIRECTION('',(-1.,0.,2.89865501188495E-16));
#5718=DIRECTION('',(2.89865501188495E-16,0.,1.));
#5719=DIRECTION('',(-1.,0.,2.89865501188495E-16));
#5720=DIRECTION('',(2.89865501188495E-16,0.,1.));
#5721=DIRECTION('',(-1.,0.,2.89865501188495E-16));
#5722=DIRECTION('',(2.89865501188495E-16,0.,1.));
#5723=DIRECTION('',(-1.,0.,2.89865501188495E-16));
#5724=DIRECTION('',(2.89865501188495E-16,0.,1.));
#5725=DIRECTION('',(-1.,0.,2.89865501188495E-16));
#5726=DIRECTION('',(2.89865501188495E-16,0.,1.));
#5727=DIRECTION('',(-1.,0.,2.89865501188495E-16));
#5728=DIRECTION('',(2.89865501188495E-16,0.,1.));
#5729=DIRECTION('',(-1.,0.,2.89865501188495E-16));
#5730=DIRECTION('',(2.89865501188495E-16,0.,1.));
#5731=DIRECTION('',(-1.,0.,2.89865501188495E-16));
#5732=DIRECTION('',(2.89865501188495E-16,0.,1.));
#5733=DIRECTION('',(-1.,0.,2.89865501188495E-16));
#5734=DIRECTION('',(2.89865501188495E-16,0.,1.));
#5735=DIRECTION('',(-1.,0.,2.89865501188495E-16));
#5736=DIRECTION('',(2.89865501188495E-16,0.,1.));
#5737=DIRECTION('',(-1.,0.,2.89865501188495E-16));
#5738=DIRECTION('',(2.89865501188495E-16,0.,1.));
#5739=DIRECTION('',(-1.,0.,2.89865501188495E-16));
#5740=DIRECTION('',(2.89865501188495E-16,0.,1.));
#5741=DIRECTION('',(-1.,0.,2.89865501188495E-16));
#5742=DIRECTION('',(2.89865501188495E-16,0.,1.));
#5743=DIRECTION('',(-1.,0.,3.09924605484875E-16));
#5744=DIRECTION('',(3.09924605484875E-16,0.,1.));
#5745=DIRECTION('',(-1.,0.,3.09924605484875E-16));
#5746=DIRECTION('',(3.09924605484875E-16,0.,1.));
#5747=DIRECTION('',(0.,0.647915395380536,0.761712308177361));
#5748=DIRECTION('',(0.,-0.761712308177361,0.647915395380536));
#5749=DIRECTION('',(0.,-0.941967345991264,-0.335704511566607));
#5750=DIRECTION('',(0.,0.335704511566607,-0.941967345991264));
#5751=DIRECTION('',(-1.,0.,3.09924605484875E-16));
#5752=DIRECTION('',(3.09924605484875E-16,0.,1.));
#5753=DIRECTION('',(0.,0.735005635596326,0.678060996991893));
#5754=DIRECTION('',(0.,-0.678060996991893,0.735005635596327));
#5755=DIRECTION('',(0.,-0.975564050847093,-0.219715230912219));
#5756=DIRECTION('',(0.,0.219715230912219,-0.975564050847094));
#5757=DIRECTION('',(-1.,0.,3.09924605484875E-16));
#5758=DIRECTION('',(3.09924605484875E-16,0.,1.));
#5759=DIRECTION('',(0.,0.811377838556571,0.584522029609891));
#5760=DIRECTION('',(0.,-0.584522029609891,0.811377838556572));
#5761=DIRECTION('',(0.,-0.994934835062645,-0.100522007435519));
#5762=DIRECTION('',(0.,0.100522007435519,-0.994934835062646));
#5763=DIRECTION('',(-1.,0.,3.09924605484875E-16));
#5764=DIRECTION('',(3.09924605484875E-16,0.,1.));
#5765=DIRECTION('',(0.,0.875918325566887,0.482459414807195));
#5766=DIRECTION('',(0.,-0.482459414807195,0.875918325566887));
#5767=DIRECTION('',(0.,-0.99979722898485,0.020137053265439));
#5768=DIRECTION('',(0.,-0.020137053265439,-0.99979722898485));
#5769=DIRECTION('',(-1.,0.,3.09924605484875E-16));
#5770=DIRECTION('',(3.09924605484875E-16,0.,1.));
#5771=DIRECTION('',(0.,0.927685950994142,0.373361455332623));
#5772=DIRECTION('',(0.,-0.373361455332623,0.927685950994142));
#5773=DIRECTION('',(0.,-0.990080327961164,0.140502470385092));
#5774=DIRECTION('',(0.,-0.140502470385092,-0.990080327961164));
#5775=DIRECTION('',(-1.,0.,3.09924605484875E-16));
#5776=DIRECTION('',(3.09924605484875E-16,0.,1.));
#5777=DIRECTION('',(0.,0.965925826289068,0.258819045102521));
#5778=DIRECTION('',(0.,-0.258819045102521,0.965925826289068));
#5779=DIRECTION('',(0.,-0.965925826289068,0.258819045102521));
#5780=DIRECTION('',(0.,-0.258819045102521,-0.965925826289068));
#5781=DIRECTION('',(-1.,0.,3.09924605484875E-16));
#5782=DIRECTION('',(3.09924605484875E-16,0.,1.));
#5783=DIRECTION('',(0.,0.990080327961164,0.140502470385093));
#5784=DIRECTION('',(0.,-0.140502470385093,0.990080327961164));
#5785=DIRECTION('',(0.,-0.927685950994142,0.373361455332622));
#5786=DIRECTION('',(0.,-0.373361455332622,-0.927685950994143));
#5787=DIRECTION('',(-1.,0.,3.09924605484875E-16));
#5788=DIRECTION('',(3.09924605484875E-16,0.,1.));
#5789=DIRECTION('',(0.,0.99979722898485,0.0201370532654409));
#5790=DIRECTION('',(0.,-0.0201370532654409,0.99979722898485));
#5791=DIRECTION('',(0.,-0.875918325566888,0.482459414807194));
#5792=DIRECTION('',(0.,-0.482459414807194,-0.875918325566888));
#5793=DIRECTION('',(-1.,0.,3.09924605484875E-16));
#5794=DIRECTION('',(3.09924605484875E-16,0.,1.));
#5795=DIRECTION('',(0.,0.994934835062646,-0.100522007435517));
#5796=DIRECTION('',(0.,0.100522007435517,0.994934835062646));
#5797=DIRECTION('',(0.,-0.811377838556573,0.584522029609889));
#5798=DIRECTION('',(0.,-0.58452202960989,-0.811377838556573));
#5799=DIRECTION('',(-1.,0.,3.09924605484875E-16));
#5800=DIRECTION('',(3.09924605484875E-16,0.,1.));
#5801=DIRECTION('',(0.,0.975564050847094,-0.219715230912216));
#5802=DIRECTION('',(0.,0.219715230912216,0.975564050847094));
#5803=DIRECTION('',(0.,-0.735005635596328,0.678060996991891));
#5804=DIRECTION('',(0.,-0.678060996991891,-0.735005635596329));
#5805=DIRECTION('',(-1.,0.,3.09924605484875E-16));
#5806=DIRECTION('',(3.09924605484875E-16,0.,1.));
#5807=DIRECTION('',(0.,0.941967345991265,-0.335704511566604));
#5808=DIRECTION('',(0.,0.335704511566604,0.941967345991265));
#5809=DIRECTION('',(0.,-0.647915395380538,0.761712308177359));
#5810=DIRECTION('',(0.,-0.76171230817736,-0.647915395380538));
#5811=DIRECTION('',(-1.,0.,3.09924605484875E-16));
#5812=DIRECTION('',(3.09924605484875E-16,0.,1.));
#5813=DIRECTION('',(0.,0.894634636105148,-0.446798464501625));
#5814=DIRECTION('',(0.,0.446798464501625,0.894634636105148));
#5815=DIRECTION('',(0.,-0.551377089721692,0.834256138682861));
#5816=DIRECTION('',(0.,-0.834256138682861,-0.551377089721692));
#5817=DIRECTION('',(-1.,0.,3.09924605484875E-16));
#5818=DIRECTION('',(3.09924605484875E-16,0.,1.));
#5819=DIRECTION('',(0.,0.834256138682862,-0.551377089721691));
#5820=DIRECTION('',(0.,0.551377089721691,0.834256138682862));
#5821=DIRECTION('',(0.,-0.446798464501625,0.894634636105147));
#5822=DIRECTION('',(0.,-0.894634636105148,-0.446798464501625));
#5823=DIRECTION('',(-1.,0.,3.09924605484875E-16));
#5824=DIRECTION('',(3.09924605484875E-16,0.,1.));
#5825=DIRECTION('',(0.,0.76171230817736,-0.647915395380538));
#5826=DIRECTION('',(0.,0.647915395380538,0.76171230817736));
#5827=DIRECTION('',(0.,-0.335704511566605,0.941967345991265));
#5828=DIRECTION('',(0.,-0.941967345991265,-0.335704511566605));
#5829=DIRECTION('',(-1.,0.,3.09924605484875E-16));
#5830=DIRECTION('',(3.09924605484875E-16,0.,1.));
#5831=DIRECTION('',(0.,0.678060996991891,-0.735005635596328));
#5832=DIRECTION('',(0.,0.735005635596328,0.678060996991892));
#5833=DIRECTION('',(0.,-0.219715230912217,0.975564050847094));
#5834=DIRECTION('',(0.,-0.975564050847094,-0.219715230912217));
#5835=DIRECTION('',(-1.,0.,3.09924605484875E-16));
#5836=DIRECTION('',(3.09924605484875E-16,0.,1.));
#5837=DIRECTION('',(0.,0.584522029609889,-0.811377838556573));
#5838=DIRECTION('',(0.,0.811377838556573,0.584522029609889));
#5839=DIRECTION('',(0.,-0.100522007435517,0.994934835062646));
#5840=DIRECTION('',(0.,-0.994934835062646,-0.100522007435517));
#5841=DIRECTION('',(-1.,0.,3.09924605484875E-16));
#5842=DIRECTION('',(3.09924605484875E-16,0.,1.));
#5843=DIRECTION('',(0.,0.482459414807194,-0.875918325566887));
#5844=DIRECTION('',(0.,0.875918325566888,0.482459414807194));
#5845=DIRECTION('',(0.,0.0201370532654403,0.99979722898485));
#5846=DIRECTION('',(0.,-0.99979722898485,0.0201370532654403));
#5847=DIRECTION('',(-1.,0.,3.09924605484875E-16));
#5848=DIRECTION('',(3.09924605484875E-16,0.,1.));
#5849=DIRECTION('',(0.,0.373361455332622,-0.927685950994143));
#5850=DIRECTION('',(0.,0.927685950994143,0.373361455332622));
#5851=DIRECTION('',(0.,0.140502470385093,0.990080327961164));
#5852=DIRECTION('',(0.,-0.990080327961164,0.140502470385093));
#5853=DIRECTION('',(-1.,0.,3.09924605484875E-16));
#5854=DIRECTION('',(3.09924605484875E-16,0.,1.));
#5855=DIRECTION('',(0.,0.258819045102521,-0.965925826289068));
#5856=DIRECTION('',(0.,0.965925826289068,0.258819045102521));
#5857=DIRECTION('',(0.,0.258819045102521,0.965925826289068));
#5858=DIRECTION('',(0.,-0.965925826289068,0.258819045102521));
#5859=DIRECTION('',(-1.,0.,3.09924605484875E-16));
#5860=DIRECTION('',(3.09924605484875E-16,0.,1.));
#5861=DIRECTION('',(0.,0.140502470385094,-0.990080327961164));
#5862=DIRECTION('',(0.,0.990080327961164,0.140502470385094));
#5863=DIRECTION('',(0.,0.373361455332621,0.927685950994143));
#5864=DIRECTION('',(0.,-0.927685950994143,0.373361455332621));
#5865=DIRECTION('',(-1.,0.,3.09924605484875E-16));
#5866=DIRECTION('',(3.09924605484875E-16,0.,1.));
#5867=DIRECTION('',(0.,0.0201370532654409,-0.99979722898485));
#5868=DIRECTION('',(0.,0.99979722898485,0.0201370532654409));
#5869=DIRECTION('',(0.,0.482459414807194,0.875918325566888));
#5870=DIRECTION('',(0.,-0.875918325566888,0.482459414807194));
#5871=DIRECTION('',(-1.,0.,3.09924605484875E-16));
#5872=DIRECTION('',(3.09924605484875E-16,0.,1.));
#5873=DIRECTION('',(0.,-0.100522007435517,-0.994934835062646));
#5874=DIRECTION('',(0.,0.994934835062646,-0.100522007435517));
#5875=DIRECTION('',(0.,0.584522029609889,0.811377838556573));
#5876=DIRECTION('',(0.,-0.811377838556573,0.58452202960989));
#5877=DIRECTION('',(-1.,0.,3.09924605484875E-16));
#5878=DIRECTION('',(3.09924605484875E-16,0.,1.));
#5879=DIRECTION('',(0.,-0.219715230912216,-0.975564050847094));
#5880=DIRECTION('',(0.,0.975564050847094,-0.219715230912216));
#5881=DIRECTION('',(0.,0.678060996991891,0.735005635596328));
#5882=DIRECTION('',(0.,-0.735005635596329,0.678060996991891));
#5883=DIRECTION('',(-1.,0.,3.09924605484875E-16));
#5884=DIRECTION('',(3.09924605484875E-16,0.,1.));
#5885=DIRECTION('',(0.,-0.335704511566604,-0.941967345991265));
#5886=DIRECTION('',(0.,0.941967345991265,-0.335704511566604));
#5887=DIRECTION('',(0.,0.761712308177359,0.647915395380539));
#5888=DIRECTION('',(0.,-0.647915395380539,0.761712308177359));
#5889=DIRECTION('',(-1.,0.,3.09924605484875E-16));
#5890=DIRECTION('',(3.09924605484875E-16,0.,1.));
#5891=DIRECTION('',(0.,-0.446798464501625,-0.894634636105148));
#5892=DIRECTION('',(0.,0.894634636105148,-0.446798464501625));
#5893=DIRECTION('',(0.,0.834256138682861,0.551377089721692));
#5894=DIRECTION('',(0.,-0.551377089721692,0.834256138682862));
#5895=DIRECTION('',(-1.,0.,3.09924605484875E-16));
#5896=DIRECTION('',(3.09924605484875E-16,0.,1.));
#5897=DIRECTION('',(0.,-0.551377089721691,-0.834256138682862));
#5898=DIRECTION('',(0.,0.834256138682862,-0.551377089721691));
#5899=DIRECTION('',(0.,0.894634636105147,0.446798464501625));
#5900=DIRECTION('',(0.,-0.446798464501626,0.894634636105148));
#5901=DIRECTION('',(-1.,0.,3.09924605484875E-16));
#5902=DIRECTION('',(3.09924605484875E-16,0.,1.));
#5903=DIRECTION('',(0.,-0.647915395380538,-0.76171230817736));
#5904=DIRECTION('',(0.,0.76171230817736,-0.647915395380538));
#5905=DIRECTION('',(0.,0.941967345991265,0.335704511566605));
#5906=DIRECTION('',(0.,-0.335704511566605,0.941967345991265));
#5907=DIRECTION('',(-1.,0.,3.09924605484875E-16));
#5908=DIRECTION('',(3.09924605484875E-16,0.,1.));
#5909=DIRECTION('',(0.,-0.735005635596328,-0.678060996991891));
#5910=DIRECTION('',(0.,0.678060996991892,-0.735005635596328));
#5911=DIRECTION('',(0.,0.975564050847094,0.219715230912217));
#5912=DIRECTION('',(0.,-0.219715230912217,0.975564050847094));
#5913=DIRECTION('',(-1.,0.,3.09924605484875E-16));
#5914=DIRECTION('',(3.09924605484875E-16,0.,1.));
#5915=DIRECTION('',(0.,-0.811377838556572,-0.58452202960989));
#5916=DIRECTION('',(0.,0.58452202960989,-0.811377838556573));
#5917=DIRECTION('',(0.,0.994934835062646,0.100522007435517));
#5918=DIRECTION('',(0.,-0.100522007435517,0.994934835062646));
#5919=DIRECTION('',(-1.,0.,3.09924605484875E-16));
#5920=DIRECTION('',(3.09924605484875E-16,0.,1.));
#5921=DIRECTION('',(0.,-0.875918325566887,-0.482459414807194));
#5922=DIRECTION('',(0.,0.482459414807194,-0.875918325566888));
#5923=DIRECTION('',(0.,0.99979722898485,-0.0201370532654403));
#5924=DIRECTION('',(0.,0.0201370532654403,0.99979722898485));
#5925=DIRECTION('',(-1.,0.,3.09924605484875E-16));
#5926=DIRECTION('',(3.09924605484875E-16,0.,1.));
#5927=DIRECTION('',(0.,-0.927685950994142,-0.373361455332622));
#5928=DIRECTION('',(0.,0.373361455332622,-0.927685950994143));
#5929=DIRECTION('',(0.,0.990080327961164,-0.140502470385092));
#5930=DIRECTION('',(0.,0.140502470385093,0.990080327961164));
#5931=DIRECTION('',(-1.,0.,3.09924605484875E-16));
#5932=DIRECTION('',(3.09924605484875E-16,0.,1.));
#5933=DIRECTION('',(0.,-0.965925826289068,-0.258819045102522));
#5934=DIRECTION('',(0.,0.258819045102522,-0.965925826289068));
#5935=DIRECTION('',(0.,0.965925826289068,-0.25881904510252));
#5936=DIRECTION('',(0.,0.258819045102521,0.965925826289069));
#5937=DIRECTION('',(-1.,0.,3.09924605484875E-16));
#5938=DIRECTION('',(3.09924605484875E-16,0.,1.));
#5939=DIRECTION('',(0.,-0.990080327961164,-0.140502470385095));
#5940=DIRECTION('',(0.,0.140502470385095,-0.990080327961164));
#5941=DIRECTION('',(0.,0.927685950994143,-0.37336145533262));
#5942=DIRECTION('',(0.,0.37336145533262,0.927685950994143));
#5943=DIRECTION('',(-1.,0.,3.09924605484875E-16));
#5944=DIRECTION('',(3.09924605484875E-16,0.,1.));
#5945=DIRECTION('',(0.,-0.99979722898485,-0.0201370532654424));
#5946=DIRECTION('',(0.,0.0201370532654424,-0.99979722898485));
#5947=DIRECTION('',(0.,0.875918325566888,-0.482459414807192));
#5948=DIRECTION('',(0.,0.482459414807193,0.875918325566888));
#5949=DIRECTION('',(-1.,0.,3.09924605484875E-16));
#5950=DIRECTION('',(3.09924605484875E-16,0.,1.));
#5951=DIRECTION('',(0.,-0.994934835062646,0.100522007435515));
#5952=DIRECTION('',(0.,-0.100522007435515,-0.994934835062646));
#5953=DIRECTION('',(0.,0.811377838556573,-0.584522029609888));
#5954=DIRECTION('',(0.,0.584522029609888,0.811377838556574));
#5955=DIRECTION('',(-1.,0.,3.09924605484875E-16));
#5956=DIRECTION('',(3.09924605484875E-16,0.,1.));
#5957=DIRECTION('',(0.,-0.975564050847094,0.219715230912215));
#5958=DIRECTION('',(0.,-0.219715230912215,-0.975564050847095));
#5959=DIRECTION('',(0.,0.735005635596329,-0.67806099699189));
#5960=DIRECTION('',(0.,0.67806099699189,0.73500563559633));
#5961=DIRECTION('',(-1.,0.,3.09924605484875E-16));
#5962=DIRECTION('',(3.09924605484875E-16,0.,1.));
#5963=DIRECTION('',(0.,-0.941967345991266,0.335704511566603));
#5964=DIRECTION('',(0.,-0.335704511566603,-0.941967345991266));
#5965=DIRECTION('',(0.,0.64791539538054,-0.761712308177358));
#5966=DIRECTION('',(0.,0.761712308177358,0.64791539538054));
#5967=DIRECTION('',(-1.,0.,3.09924605484875E-16));
#5968=DIRECTION('',(3.09924605484875E-16,0.,1.));
#5969=DIRECTION('',(0.,-0.894634636105148,0.446798464501624));
#5970=DIRECTION('',(0.,-0.446798464501624,-0.894634636105149));
#5971=DIRECTION('',(0.,0.551377089721693,-0.834256138682861));
#5972=DIRECTION('',(0.,0.834256138682861,0.551377089721693));
#5973=DIRECTION('',(-1.,0.,3.09924605484875E-16));
#5974=DIRECTION('',(3.09924605484875E-16,0.,1.));
#5975=DIRECTION('',(0.,-0.834256138682862,0.55137708972169));
#5976=DIRECTION('',(0.,-0.55137708972169,-0.834256138682863));
#5977=DIRECTION('',(0.,0.446798464501627,-0.894634636105147));
#5978=DIRECTION('',(0.,0.894634636105147,0.446798464501627));
#5979=DIRECTION('',(-1.,0.,3.09924605484875E-16));
#5980=DIRECTION('',(3.09924605484875E-16,0.,1.));
#5981=DIRECTION('',(0.,-0.761712308177361,0.647915395380537));
#5982=DIRECTION('',(0.,-0.647915395380537,-0.761712308177361));
#5983=DIRECTION('',(0.,0.335704511566606,-0.941967345991264));
#5984=DIRECTION('',(0.,0.941967345991265,0.335704511566606));
#5985=DIRECTION('',(-1.,0.,3.09924605484875E-16));
#5986=DIRECTION('',(3.09924605484875E-16,0.,1.));
#5987=DIRECTION('',(0.,-0.678060996991892,0.735005635596327));
#5988=DIRECTION('',(0.,-0.735005635596327,-0.678060996991893));
#5989=DIRECTION('',(0.,0.219715230912218,-0.975564050847094));
#5990=DIRECTION('',(0.,0.975564050847094,0.219715230912218));
#5991=DIRECTION('',(-1.,0.,3.09924605484875E-16));
#5992=DIRECTION('',(3.09924605484875E-16,0.,1.));
#5993=DIRECTION('',(0.,-0.584522029609891,0.811377838556571));
#5994=DIRECTION('',(0.,-0.811377838556572,-0.584522029609891));
#5995=DIRECTION('',(0.,0.100522007435519,-0.994934835062645));
#5996=DIRECTION('',(0.,0.994934835062646,0.100522007435519));
#5997=DIRECTION('',(-1.,0.,3.09924605484875E-16));
#5998=DIRECTION('',(3.09924605484875E-16,0.,1.));
#5999=DIRECTION('',(0.,-0.482459414807196,0.875918325566886));
#6000=DIRECTION('',(0.,-0.875918325566887,-0.482459414807196));
#6001=DIRECTION('',(0.,-0.0201370532654382,-0.99979722898485));
#6002=DIRECTION('',(0.,0.99979722898485,-0.0201370532654382));
#6003=DIRECTION('',(-1.,0.,3.09924605484875E-16));
#6004=DIRECTION('',(3.09924605484875E-16,0.,1.));
#6005=DIRECTION('',(0.,-0.373361455332624,0.927685950994142));
#6006=DIRECTION('',(0.,-0.927685950994142,-0.373361455332624));
#6007=DIRECTION('',(0.,-0.140502470385091,-0.990080327961164));
#6008=DIRECTION('',(0.,0.990080327961165,-0.140502470385091));
#6009=DIRECTION('',(-1.,0.,3.09924605484875E-16));
#6010=DIRECTION('',(3.09924605484875E-16,0.,1.));
#6011=DIRECTION('',(0.,-0.258819045102523,0.965925826289068));
#6012=DIRECTION('',(0.,-0.965925826289068,-0.258819045102523));
#6013=DIRECTION('',(0.,-0.258819045102519,-0.965925826289069));
#6014=DIRECTION('',(0.,0.965925826289069,-0.258819045102519));
#6015=DIRECTION('',(-1.,0.,3.09924605484875E-16));
#6016=DIRECTION('',(3.09924605484875E-16,0.,1.));
#6017=DIRECTION('',(0.,-0.140502470385096,0.990080327961164));
#6018=DIRECTION('',(0.,-0.990080327961164,-0.140502470385096));
#6019=DIRECTION('',(0.,-0.373361455332619,-0.927685950994144));
#6020=DIRECTION('',(0.,0.927685950994144,-0.373361455332619));
#6021=DIRECTION('',(-1.,0.,3.09924605484875E-16));
#6022=DIRECTION('',(3.09924605484875E-16,0.,1.));
#6023=DIRECTION('',(0.,-0.020137053265444,0.99979722898485));
#6024=DIRECTION('',(0.,-0.99979722898485,-0.020137053265444));
#6025=DIRECTION('',(0.,-0.482459414807191,-0.875918325566889));
#6026=DIRECTION('',(0.,0.875918325566889,-0.482459414807191));
#6027=DIRECTION('',(-1.,0.,3.09924605484875E-16));
#6028=DIRECTION('',(3.09924605484875E-16,0.,1.));
#6029=DIRECTION('',(0.,0.100522007435514,0.994934835062646));
#6030=DIRECTION('',(0.,-0.994934835062646,0.100522007435514));
#6031=DIRECTION('',(0.,-0.584522029609887,-0.811377838556574));
#6032=DIRECTION('',(0.,0.811377838556574,-0.584522029609887));
#6033=DIRECTION('',(-1.,0.,3.09924605484875E-16));
#6034=DIRECTION('',(3.09924605484875E-16,0.,1.));
#6035=DIRECTION('',(0.,0.219715230912214,0.975564050847095));
#6036=DIRECTION('',(0.,-0.975564050847095,0.219715230912214));
#6037=DIRECTION('',(0.,-0.678060996991889,-0.73500563559633));
#6038=DIRECTION('',(0.,0.73500563559633,-0.67806099699189));
#6039=DIRECTION('',(-1.,0.,3.09924605484875E-16));
#6040=DIRECTION('',(3.09924605484875E-16,0.,1.));
#6041=DIRECTION('',(0.,0.335704511566602,0.941967345991266));
#6042=DIRECTION('',(0.,-0.941967345991266,0.335704511566602));
#6043=DIRECTION('',(0.,-0.761712308177357,-0.647915395380541));
#6044=DIRECTION('',(0.,0.647915395380541,-0.761712308177358));
#6045=DIRECTION('',(-1.,0.,3.09924605484875E-16));
#6046=DIRECTION('',(3.09924605484875E-16,0.,1.));
#6047=DIRECTION('',(0.,0.446798464501622,0.894634636105149));
#6048=DIRECTION('',(0.,-0.894634636105149,0.446798464501622));
#6049=DIRECTION('',(0.,-0.83425613868286,-0.551377089721694));
#6050=DIRECTION('',(0.,0.551377089721694,-0.83425613868286));
#6051=DIRECTION('',(-1.,0.,3.09924605484875E-16));
#6052=DIRECTION('',(3.09924605484875E-16,0.,1.));
#6053=DIRECTION('',(0.,0.551377089721689,0.834256138682863));
#6054=DIRECTION('',(0.,-0.834256138682864,0.551377089721689));
#6055=DIRECTION('',(0.,-0.894634636105146,-0.446798464501628));
#6056=DIRECTION('',(0.,0.446798464501628,-0.894634636105146));
#6057=DIRECTION('',(0.,-0.941967345991264,-0.335704511566607));
#6058=DIRECTION('',(0.,0.335704511566607,-0.941967345991264));
#6059=DIRECTION('',(1.,0.,0.));
#6060=DIRECTION('',(-1.,-1.7605724252052E-16,2.55062949957508E-16));
#6061=DIRECTION('',(0.,0.647915395380536,0.761712308177361));
#6062=DIRECTION('',(0.,-0.761712308177361,0.647915395380536));
#6063=DIRECTION('',(-1.,-1.7605724252052E-16,2.55062949957508E-16));
#6064=DIRECTION('',(0.,-0.894634636105146,-0.446798464501628));
#6065=DIRECTION('',(0.,0.446798464501628,-0.894634636105146));
#6066=DIRECTION('',(1.,0.,0.));
#6067=DIRECTION('',(-1.,-2.05518028243361E-16,2.31981898328116E-16));
#6068=DIRECTION('',(0.,0.551377089721689,0.834256138682863));
#6069=DIRECTION('',(0.,-0.834256138682864,0.551377089721689));
#6070=DIRECTION('',(-1.,-2.05518028243361E-16,2.31981898328116E-16));
#6071=DIRECTION('',(-1.,0.,3.09924605484875E-16));
#6072=DIRECTION('',(3.09924605484875E-16,0.,1.));
#6073=DIRECTION('',(0.,-0.83425613868286,-0.551377089721694));
#6074=DIRECTION('',(0.,0.551377089721694,-0.83425613868286));
#6075=DIRECTION('',(1.,0.,0.));
#6076=DIRECTION('',(-1.,-2.31981898328118E-16,2.05518028243359E-16));
#6077=DIRECTION('',(0.,0.446798464501622,0.894634636105149));
#6078=DIRECTION('',(0.,-0.894634636105149,0.446798464501622));
#6079=DIRECTION('',(-1.,-2.31981898328118E-16,2.05518028243359E-16));
#6080=DIRECTION('',(0.,-0.761712308177357,-0.647915395380541));
#6081=DIRECTION('',(0.,0.647915395380541,-0.761712308177358));
#6082=DIRECTION('',(1.,0.,0.));
#6083=DIRECTION('',(-1.,-2.55062949957509E-16,1.76057242520518E-16));
#6084=DIRECTION('',(0.,0.335704511566602,0.941967345991266));
#6085=DIRECTION('',(0.,-0.941967345991266,0.335704511566602));
#6086=DIRECTION('',(-1.,-2.55062949957509E-16,1.76057242520518E-16));
#6087=DIRECTION('',(0.,-0.678060996991889,-0.73500563559633));
#6088=DIRECTION('',(0.,0.73500563559633,-0.67806099699189));
#6089=DIRECTION('',(1.,0.,0.));
#6090=DIRECTION('',(-1.,-2.74424609424777E-16,1.44029145755344E-16));
#6091=DIRECTION('',(0.,0.219715230912214,0.975564050847095));
#6092=DIRECTION('',(0.,-0.975564050847095,0.219715230912214));
#6093=DIRECTION('',(-1.,-2.74424609424777E-16,1.44029145755344E-16));
#6094=DIRECTION('',(0.,-0.584522029609887,-0.811377838556574));
#6095=DIRECTION('',(0.,0.811377838556574,-0.584522029609887));
#6096=DIRECTION('',(1.,0.,0.));
#6097=DIRECTION('',(-1.,-2.89784540136227E-16,1.09900779719666E-16));
#6098=DIRECTION('',(0.,0.100522007435514,0.994934835062646));
#6099=DIRECTION('',(0.,-0.994934835062646,0.100522007435514));
#6100=DIRECTION('',(-1.,-2.89784540136227E-16,1.09900779719666E-16));
#6101=DIRECTION('',(0.,-0.482459414807191,-0.875918325566889));
#6102=DIRECTION('',(0.,0.875918325566889,-0.482459414807191));
#6103=DIRECTION('',(1.,0.,0.));
#6104=DIRECTION('',(-1.,-3.00918759714537E-16,7.41698128406712E-17));
#6105=DIRECTION('',(0.,-0.020137053265444,0.99979722898485));
#6106=DIRECTION('',(0.,-0.99979722898485,-0.020137053265444));
#6107=DIRECTION('',(-1.,-3.00918759714537E-16,7.41698128406712E-17));
#6108=DIRECTION('',(0.,-0.373361455332619,-0.927685950994144));
#6109=DIRECTION('',(0.,0.927685950994144,-0.373361455332619));
#6110=DIRECTION('',(1.,0.,0.));
#6111=DIRECTION('',(-1.,-3.07664906166174E-16,3.73572830745867E-17));
#6112=DIRECTION('',(0.,-0.140502470385096,0.990080327961164));
#6113=DIRECTION('',(0.,-0.990080327961164,-0.140502470385096));
#6114=DIRECTION('',(-1.,-3.07664906166174E-16,3.73572830745867E-17));
#6115=DIRECTION('',(0.,-0.258819045102519,-0.965925826289069));
#6116=DIRECTION('',(0.,0.965925826289069,-0.258819045102519));
#6117=DIRECTION('',(1.,0.,0.));
#6118=DIRECTION('',(-1.,-3.09924605484875E-16,-6.00376370428714E-31));
#6119=DIRECTION('',(0.,-0.258819045102523,0.965925826289068));
#6120=DIRECTION('',(0.,-0.965925826289068,-0.258819045102523));
#6121=DIRECTION('',(-1.,-3.09924605484875E-16,-6.00376370428714E-31));
#6122=DIRECTION('',(0.,-0.140502470385091,-0.990080327961164));
#6123=DIRECTION('',(0.,0.990080327961165,-0.140502470385091));
#6124=DIRECTION('',(1.,0.,0.));
#6125=DIRECTION('',(-1.,-3.07664906166174E-16,-3.73572830745882E-17));
#6126=DIRECTION('',(0.,-0.373361455332624,0.927685950994142));
#6127=DIRECTION('',(0.,-0.927685950994142,-0.373361455332624));
#6128=DIRECTION('',(-1.,-3.07664906166174E-16,-3.73572830745882E-17));
#6129=DIRECTION('',(0.,-0.0201370532654382,-0.99979722898485));
#6130=DIRECTION('',(0.,0.99979722898485,-0.0201370532654382));
#6131=DIRECTION('',(1.,0.,0.));
#6132=DIRECTION('',(-1.,-3.00918759714536E-16,-7.41698128406729E-17));
#6133=DIRECTION('',(0.,-0.482459414807196,0.875918325566886));
#6134=DIRECTION('',(0.,-0.875918325566887,-0.482459414807196));
#6135=DIRECTION('',(-1.,-3.00918759714536E-16,-7.41698128406729E-17));
#6136=DIRECTION('',(0.,0.100522007435519,-0.994934835062645));
#6137=DIRECTION('',(0.,0.994934835062646,0.100522007435519));
#6138=DIRECTION('',(1.,0.,0.));
#6139=DIRECTION('',(-1.,-2.89784540136227E-16,-1.09900779719667E-16));
#6140=DIRECTION('',(0.,-0.584522029609891,0.811377838556571));
#6141=DIRECTION('',(0.,-0.811377838556572,-0.584522029609891));
#6142=DIRECTION('',(-1.,-2.89784540136227E-16,-1.09900779719667E-16));
#6143=DIRECTION('',(0.,0.219715230912218,-0.975564050847094));
#6144=DIRECTION('',(0.,0.975564050847094,0.219715230912218));
#6145=DIRECTION('',(1.,0.,0.));
#6146=DIRECTION('',(-1.,-2.74424609424776E-16,-1.44029145755345E-16));
#6147=DIRECTION('',(0.,-0.678060996991892,0.735005635596327));
#6148=DIRECTION('',(0.,-0.735005635596327,-0.678060996991893));
#6149=DIRECTION('',(-1.,-2.74424609424776E-16,-1.44029145755345E-16));
#6150=DIRECTION('',(-1.,0.,3.09924605484875E-16));
#6151=DIRECTION('',(3.09924605484875E-16,0.,1.));
#6152=DIRECTION('',(-1.,0.,3.09924605484875E-16));
#6153=DIRECTION('',(3.09924605484875E-16,0.,1.));
#6154=DIRECTION('',(-1.,0.,3.09924605484875E-16));
#6155=DIRECTION('',(3.09924605484875E-16,0.,1.));
#6156=DIRECTION('',(-1.,0.,3.09924605484875E-16));
#6157=DIRECTION('',(3.09924605484875E-16,0.,1.));
#6158=DIRECTION('',(-1.,0.,3.09924605484875E-16));
#6159=DIRECTION('',(3.09924605484875E-16,0.,1.));
#6160=DIRECTION('',(-1.,0.,3.09924605484875E-16));
#6161=DIRECTION('',(3.09924605484875E-16,0.,1.));
#6162=DIRECTION('',(-1.,0.,3.09924605484875E-16));
#6163=DIRECTION('',(3.09924605484875E-16,0.,1.));
#6164=DIRECTION('',(-1.,0.,3.09924605484875E-16));
#6165=DIRECTION('',(3.09924605484875E-16,0.,1.));
#6166=DIRECTION('',(-1.,0.,3.09924605484875E-16));
#6167=DIRECTION('',(3.09924605484875E-16,0.,1.));
#6168=DIRECTION('',(-1.,0.,3.09924605484875E-16));
#6169=DIRECTION('',(3.09924605484875E-16,0.,1.));
#6170=DIRECTION('',(0.,0.335704511566606,-0.941967345991264));
#6171=DIRECTION('',(0.,0.941967345991265,0.335704511566606));
#6172=DIRECTION('',(1.,0.,0.));
#6173=DIRECTION('',(-1.,-2.55062949957508E-16,-1.76057242520519E-16));
#6174=DIRECTION('',(0.,-0.761712308177361,0.647915395380537));
#6175=DIRECTION('',(0.,-0.647915395380537,-0.761712308177361));
#6176=DIRECTION('',(-1.,-2.55062949957508E-16,-1.76057242520519E-16));
#6177=DIRECTION('',(0.,0.446798464501627,-0.894634636105147));
#6178=DIRECTION('',(0.,0.894634636105147,0.446798464501627));
#6179=DIRECTION('',(1.,0.,0.));
#6180=DIRECTION('',(-1.,-2.31981898328117E-16,-2.0551802824336E-16));
#6181=DIRECTION('',(0.,-0.834256138682862,0.55137708972169));
#6182=DIRECTION('',(0.,-0.55137708972169,-0.834256138682863));
#6183=DIRECTION('',(-1.,-2.31981898328117E-16,-2.0551802824336E-16));
#6184=DIRECTION('',(-1.,0.,3.09924605484875E-16));
#6185=DIRECTION('',(3.09924605484875E-16,0.,1.));
#6186=DIRECTION('',(0.,0.551377089721693,-0.834256138682861));
#6187=DIRECTION('',(0.,0.834256138682861,0.551377089721693));
#6188=DIRECTION('',(1.,0.,0.));
#6189=DIRECTION('',(-1.,-2.0551802824336E-16,-2.31981898328117E-16));
#6190=DIRECTION('',(0.,-0.894634636105148,0.446798464501624));
#6191=DIRECTION('',(0.,-0.446798464501624,-0.894634636105149));
#6192=DIRECTION('',(-1.,-2.0551802824336E-16,-2.31981898328117E-16));
#6193=DIRECTION('',(0.,0.64791539538054,-0.761712308177358));
#6194=DIRECTION('',(0.,0.761712308177358,0.64791539538054));
#6195=DIRECTION('',(1.,0.,0.));
#6196=DIRECTION('',(-1.,-1.76057242520518E-16,-2.55062949957509E-16));
#6197=DIRECTION('',(0.,-0.941967345991266,0.335704511566603));
#6198=DIRECTION('',(0.,-0.335704511566603,-0.941967345991266));
#6199=DIRECTION('',(-1.,-1.76057242520518E-16,-2.55062949957509E-16));
#6200=DIRECTION('',(0.,0.735005635596329,-0.67806099699189));
#6201=DIRECTION('',(0.,0.67806099699189,0.73500563559633));
#6202=DIRECTION('',(1.,0.,0.));
#6203=DIRECTION('',(-1.,-1.44029145755344E-16,-2.74424609424777E-16));
#6204=DIRECTION('',(0.,-0.975564050847094,0.219715230912215));
#6205=DIRECTION('',(0.,-0.219715230912215,-0.975564050847095));
#6206=DIRECTION('',(-1.,-1.44029145755344E-16,-2.74424609424777E-16));
#6207=DIRECTION('',(0.,0.811377838556573,-0.584522029609888));
#6208=DIRECTION('',(0.,0.584522029609888,0.811377838556574));
#6209=DIRECTION('',(1.,0.,0.));
#6210=DIRECTION('',(-1.,-1.09900779719666E-16,-2.89784540136227E-16));
#6211=DIRECTION('',(0.,-0.994934835062646,0.100522007435515));
#6212=DIRECTION('',(0.,-0.100522007435515,-0.994934835062646));
#6213=DIRECTION('',(-1.,-1.09900779719666E-16,-2.89784540136227E-16));
#6214=DIRECTION('',(0.,0.875918325566888,-0.482459414807192));
#6215=DIRECTION('',(0.,0.482459414807193,0.875918325566888));
#6216=DIRECTION('',(1.,0.,0.));
#6217=DIRECTION('',(-1.,-7.41698128406717E-17,-3.00918759714537E-16));
#6218=DIRECTION('',(0.,-0.99979722898485,-0.0201370532654424));
#6219=DIRECTION('',(0.,0.0201370532654424,-0.99979722898485));
#6220=DIRECTION('',(-1.,-7.41698128406717E-17,-3.00918759714537E-16));
#6221=DIRECTION('',(0.,0.927685950994143,-0.37336145533262));
#6222=DIRECTION('',(0.,0.37336145533262,0.927685950994143));
#6223=DIRECTION('',(1.,0.,0.));
#6224=DIRECTION('',(-1.,-3.73572830745871E-17,-3.07664906166174E-16));
#6225=DIRECTION('',(0.,-0.990080327961164,-0.140502470385095));
#6226=DIRECTION('',(0.,0.140502470385095,-0.990080327961164));
#6227=DIRECTION('',(-1.,-3.73572830745871E-17,-3.07664906166174E-16));
#6228=DIRECTION('',(0.,0.965925826289068,-0.25881904510252));
#6229=DIRECTION('',(0.,0.258819045102521,0.965925826289069));
#6230=DIRECTION('',(1.,0.,0.));
#6231=DIRECTION('',(-1.,2.37313528717335E-31,-3.09924605484875E-16));
#6232=DIRECTION('',(0.,-0.965925826289068,-0.258819045102522));
#6233=DIRECTION('',(0.,0.258819045102522,-0.965925826289068));
#6234=DIRECTION('',(-1.,2.37313528717335E-31,-3.09924605484875E-16));
#6235=DIRECTION('',(0.,0.990080327961164,-0.140502470385092));
#6236=DIRECTION('',(0.,0.140502470385093,0.990080327961164));
#6237=DIRECTION('',(1.,0.,0.));
#6238=DIRECTION('',(-1.,3.73572830745877E-17,-3.07664906166174E-16));
#6239=DIRECTION('',(0.,-0.927685950994142,-0.373361455332622));
#6240=DIRECTION('',(0.,0.373361455332622,-0.927685950994143));
#6241=DIRECTION('',(-1.,3.73572830745877E-17,-3.07664906166174E-16));
#6242=DIRECTION('',(0.,0.99979722898485,-0.0201370532654403));
#6243=DIRECTION('',(0.,0.0201370532654403,0.99979722898485));
#6244=DIRECTION('',(1.,0.,0.));
#6245=DIRECTION('',(-1.,7.41698128406722E-17,-3.00918759714536E-16));
#6246=DIRECTION('',(0.,-0.875918325566887,-0.482459414807194));
#6247=DIRECTION('',(0.,0.482459414807194,-0.875918325566888));
#6248=DIRECTION('',(-1.,7.41698128406722E-17,-3.00918759714536E-16));
#6249=DIRECTION('',(0.,0.994934835062646,0.100522007435517));
#6250=DIRECTION('',(0.,-0.100522007435517,0.994934835062646));
#6251=DIRECTION('',(1.,0.,0.));
#6252=DIRECTION('',(-1.,1.09900779719667E-16,-2.89784540136227E-16));
#6253=DIRECTION('',(0.,-0.811377838556572,-0.58452202960989));
#6254=DIRECTION('',(0.,0.58452202960989,-0.811377838556573));
#6255=DIRECTION('',(-1.,1.09900779719667E-16,-2.89784540136227E-16));
#6256=DIRECTION('',(0.,0.975564050847094,0.219715230912217));
#6257=DIRECTION('',(0.,-0.219715230912217,0.975564050847094));
#6258=DIRECTION('',(1.,0.,0.));
#6259=DIRECTION('',(-1.,1.44029145755345E-16,-2.74424609424776E-16));
#6260=DIRECTION('',(0.,-0.735005635596328,-0.678060996991891));
#6261=DIRECTION('',(0.,0.678060996991892,-0.735005635596328));
#6262=DIRECTION('',(-1.,1.44029145755345E-16,-2.74424609424776E-16));
#6263=DIRECTION('',(-1.,0.,3.09924605484875E-16));
#6264=DIRECTION('',(3.09924605484875E-16,0.,1.));
#6265=DIRECTION('',(-1.,0.,3.09924605484875E-16));
#6266=DIRECTION('',(3.09924605484875E-16,0.,1.));
#6267=DIRECTION('',(-1.,0.,3.09924605484875E-16));
#6268=DIRECTION('',(3.09924605484875E-16,0.,1.));
#6269=DIRECTION('',(-1.,0.,3.09924605484875E-16));
#6270=DIRECTION('',(3.09924605484875E-16,0.,1.));
#6271=DIRECTION('',(-1.,0.,3.09924605484875E-16));
#6272=DIRECTION('',(3.09924605484875E-16,0.,1.));
#6273=DIRECTION('',(-1.,0.,3.09924605484875E-16));
#6274=DIRECTION('',(3.09924605484875E-16,0.,1.));
#6275=DIRECTION('',(-1.,0.,3.09924605484875E-16));
#6276=DIRECTION('',(3.09924605484875E-16,0.,1.));
#6277=DIRECTION('',(-1.,0.,3.09924605484875E-16));
#6278=DIRECTION('',(3.09924605484875E-16,0.,1.));
#6279=DIRECTION('',(-1.,0.,3.09924605484875E-16));
#6280=DIRECTION('',(3.09924605484875E-16,0.,1.));
#6281=DIRECTION('',(-1.,0.,3.09924605484875E-16));
#6282=DIRECTION('',(3.09924605484875E-16,0.,1.));
#6283=DIRECTION('',(0.,0.941967345991265,0.335704511566605));
#6284=DIRECTION('',(0.,-0.335704511566605,0.941967345991265));
#6285=DIRECTION('',(1.,0.,0.));
#6286=DIRECTION('',(-1.,1.76057242520519E-16,-2.55062949957509E-16));
#6287=DIRECTION('',(0.,-0.647915395380538,-0.76171230817736));
#6288=DIRECTION('',(0.,0.76171230817736,-0.647915395380538));
#6289=DIRECTION('',(-1.,1.76057242520519E-16,-2.55062949957509E-16));
#6290=DIRECTION('',(0.,0.894634636105147,0.446798464501625));
#6291=DIRECTION('',(0.,-0.446798464501626,0.894634636105148));
#6292=DIRECTION('',(1.,0.,0.));
#6293=DIRECTION('',(-1.,2.0551802824336E-16,-2.31981898328117E-16));
#6294=DIRECTION('',(0.,-0.551377089721691,-0.834256138682862));
#6295=DIRECTION('',(0.,0.834256138682862,-0.551377089721691));
#6296=DIRECTION('',(-1.,2.0551802824336E-16,-2.31981898328117E-16));
#6297=DIRECTION('',(-1.,0.,3.09924605484875E-16));
#6298=DIRECTION('',(3.09924605484875E-16,0.,1.));
#6299=DIRECTION('',(0.,0.834256138682861,0.551377089721692));
#6300=DIRECTION('',(0.,-0.551377089721692,0.834256138682862));
#6301=DIRECTION('',(1.,0.,0.));
#6302=DIRECTION('',(-1.,2.31981898328117E-16,-2.0551802824336E-16));
#6303=DIRECTION('',(0.,-0.446798464501625,-0.894634636105148));
#6304=DIRECTION('',(0.,0.894634636105148,-0.446798464501625));
#6305=DIRECTION('',(-1.,2.31981898328117E-16,-2.0551802824336E-16));
#6306=DIRECTION('',(0.,0.761712308177359,0.647915395380539));
#6307=DIRECTION('',(0.,-0.647915395380539,0.761712308177359));
#6308=DIRECTION('',(1.,0.,0.));
#6309=DIRECTION('',(-1.,2.55062949957509E-16,-1.76057242520519E-16));
#6310=DIRECTION('',(0.,-0.335704511566604,-0.941967345991265));
#6311=DIRECTION('',(0.,0.941967345991265,-0.335704511566604));
#6312=DIRECTION('',(-1.,2.55062949957509E-16,-1.76057242520519E-16));
#6313=DIRECTION('',(0.,0.678060996991891,0.735005635596328));
#6314=DIRECTION('',(0.,-0.735005635596329,0.678060996991891));
#6315=DIRECTION('',(1.,0.,0.));
#6316=DIRECTION('',(-1.,2.74424609424776E-16,-1.44029145755344E-16));
#6317=DIRECTION('',(0.,-0.219715230912216,-0.975564050847094));
#6318=DIRECTION('',(0.,0.975564050847094,-0.219715230912216));
#6319=DIRECTION('',(-1.,2.74424609424776E-16,-1.44029145755344E-16));
#6320=DIRECTION('',(0.,0.584522029609889,0.811377838556573));
#6321=DIRECTION('',(0.,-0.811377838556573,0.58452202960989));
#6322=DIRECTION('',(1.,0.,0.));
#6323=DIRECTION('',(-1.,2.89784540136227E-16,-1.09900779719667E-16));
#6324=DIRECTION('',(0.,-0.100522007435517,-0.994934835062646));
#6325=DIRECTION('',(0.,0.994934835062646,-0.100522007435517));
#6326=DIRECTION('',(-1.,2.89784540136227E-16,-1.09900779719667E-16));
#6327=DIRECTION('',(0.,0.482459414807194,0.875918325566888));
#6328=DIRECTION('',(0.,-0.875918325566888,0.482459414807194));
#6329=DIRECTION('',(1.,0.,0.));
#6330=DIRECTION('',(-1.,3.00918759714537E-16,-7.41698128406721E-17));
#6331=DIRECTION('',(0.,0.0201370532654409,-0.99979722898485));
#6332=DIRECTION('',(0.,0.99979722898485,0.0201370532654409));
#6333=DIRECTION('',(-1.,3.00918759714537E-16,-7.41698128406721E-17));
#6334=DIRECTION('',(0.,0.373361455332621,0.927685950994143));
#6335=DIRECTION('',(0.,-0.927685950994143,0.373361455332621));
#6336=DIRECTION('',(1.,0.,0.));
#6337=DIRECTION('',(-1.,3.07664906166174E-16,-3.73572830745874E-17));
#6338=DIRECTION('',(0.,0.140502470385094,-0.990080327961164));
#6339=DIRECTION('',(0.,0.990080327961164,0.140502470385094));
#6340=DIRECTION('',(-1.,3.07664906166174E-16,-3.73572830745874E-17));
#6341=DIRECTION('',(0.,0.258819045102521,0.965925826289068));
#6342=DIRECTION('',(0.,-0.965925826289068,0.258819045102521));
#6343=DIRECTION('',(1.,0.,0.));
#6344=DIRECTION('',(-1.,3.09924605484875E-16,-5.69322264126087E-32));
#6345=DIRECTION('',(0.,0.258819045102521,-0.965925826289068));
#6346=DIRECTION('',(0.,0.965925826289068,0.258819045102521));
#6347=DIRECTION('',(-1.,3.09924605484875E-16,-5.69322264126087E-32));
#6348=DIRECTION('',(0.,0.140502470385093,0.990080327961164));
#6349=DIRECTION('',(0.,-0.990080327961164,0.140502470385093));
#6350=DIRECTION('',(1.,0.,0.));
#6351=DIRECTION('',(-1.,3.07664906166174E-16,3.73572830745875E-17));
#6352=DIRECTION('',(0.,0.373361455332622,-0.927685950994143));
#6353=DIRECTION('',(0.,0.927685950994143,0.373361455332622));
#6354=DIRECTION('',(-1.,3.07664906166174E-16,3.73572830745875E-17));
#6355=DIRECTION('',(0.,0.0201370532654403,0.99979722898485));
#6356=DIRECTION('',(0.,-0.99979722898485,0.0201370532654403));
#6357=DIRECTION('',(1.,0.,0.));
#6358=DIRECTION('',(-1.,3.00918759714536E-16,7.41698128406722E-17));
#6359=DIRECTION('',(0.,0.482459414807194,-0.875918325566887));
#6360=DIRECTION('',(0.,0.875918325566888,0.482459414807194));
#6361=DIRECTION('',(-1.,3.00918759714536E-16,7.41698128406722E-17));
#6362=DIRECTION('',(0.,-0.100522007435517,0.994934835062646));
#6363=DIRECTION('',(0.,-0.994934835062646,-0.100522007435517));
#6364=DIRECTION('',(1.,0.,0.));
#6365=DIRECTION('',(-1.,2.89784540136227E-16,1.09900779719666E-16));
#6366=DIRECTION('',(0.,0.584522029609889,-0.811377838556573));
#6367=DIRECTION('',(0.,0.811377838556573,0.584522029609889));
#6368=DIRECTION('',(-1.,2.89784540136227E-16,1.09900779719666E-16));
#6369=DIRECTION('',(0.,-0.219715230912217,0.975564050847094));
#6370=DIRECTION('',(0.,-0.975564050847094,-0.219715230912217));
#6371=DIRECTION('',(1.,0.,0.));
#6372=DIRECTION('',(-1.,2.74424609424776E-16,1.44029145755345E-16));
#6373=DIRECTION('',(0.,0.678060996991891,-0.735005635596328));
#6374=DIRECTION('',(0.,0.735005635596328,0.678060996991892));
#6375=DIRECTION('',(-1.,2.74424609424776E-16,1.44029145755345E-16));
#6376=DIRECTION('',(-1.,0.,3.09924605484875E-16));
#6377=DIRECTION('',(3.09924605484875E-16,0.,1.));
#6378=DIRECTION('',(-1.,0.,3.09924605484875E-16));
#6379=DIRECTION('',(3.09924605484875E-16,0.,1.));
#6380=DIRECTION('',(-1.,0.,3.09924605484875E-16));
#6381=DIRECTION('',(3.09924605484875E-16,0.,1.));
#6382=DIRECTION('',(-1.,0.,3.09924605484875E-16));
#6383=DIRECTION('',(3.09924605484875E-16,0.,1.));
#6384=DIRECTION('',(-1.,0.,3.09924605484875E-16));
#6385=DIRECTION('',(3.09924605484875E-16,0.,1.));
#6386=DIRECTION('',(-1.,0.,3.09924605484875E-16));
#6387=DIRECTION('',(3.09924605484875E-16,0.,1.));
#6388=DIRECTION('',(-1.,0.,3.09924605484875E-16));
#6389=DIRECTION('',(3.09924605484875E-16,0.,1.));
#6390=DIRECTION('',(-1.,0.,3.09924605484875E-16));
#6391=DIRECTION('',(3.09924605484875E-16,0.,1.));
#6392=DIRECTION('',(-1.,0.,3.09924605484875E-16));
#6393=DIRECTION('',(3.09924605484875E-16,0.,1.));
#6394=DIRECTION('',(-1.,0.,3.09924605484875E-16));
#6395=DIRECTION('',(3.09924605484875E-16,0.,1.));
#6396=DIRECTION('',(0.,-0.335704511566605,0.941967345991265));
#6397=DIRECTION('',(0.,-0.941967345991265,-0.335704511566605));
#6398=DIRECTION('',(1.,0.,0.));
#6399=DIRECTION('',(-1.,2.55062949957508E-16,1.76057242520519E-16));
#6400=DIRECTION('',(0.,0.76171230817736,-0.647915395380538));
#6401=DIRECTION('',(0.,0.647915395380538,0.76171230817736));
#6402=DIRECTION('',(-1.,2.55062949957508E-16,1.76057242520519E-16));
#6403=DIRECTION('',(0.,-0.446798464501625,0.894634636105147));
#6404=DIRECTION('',(0.,-0.894634636105148,-0.446798464501625));
#6405=DIRECTION('',(1.,0.,0.));
#6406=DIRECTION('',(-1.,2.31981898328117E-16,2.0551802824336E-16));
#6407=DIRECTION('',(0.,0.834256138682862,-0.551377089721691));
#6408=DIRECTION('',(0.,0.551377089721691,0.834256138682862));
#6409=DIRECTION('',(-1.,2.31981898328117E-16,2.0551802824336E-16));
#6410=DIRECTION('',(-1.,0.,3.09924605484875E-16));
#6411=DIRECTION('',(3.09924605484875E-16,0.,1.));
#6412=DIRECTION('',(0.,-0.551377089721692,0.834256138682861));
#6413=DIRECTION('',(0.,-0.834256138682861,-0.551377089721692));
#6414=DIRECTION('',(1.,0.,0.));
#6415=DIRECTION('',(-1.,2.0551802824336E-16,2.31981898328117E-16));
#6416=DIRECTION('',(0.,0.894634636105148,-0.446798464501625));
#6417=DIRECTION('',(0.,0.446798464501625,0.894634636105148));
#6418=DIRECTION('',(-1.,2.0551802824336E-16,2.31981898328117E-16));
#6419=DIRECTION('',(0.,-0.647915395380538,0.761712308177359));
#6420=DIRECTION('',(0.,-0.76171230817736,-0.647915395380538));
#6421=DIRECTION('',(1.,0.,0.));
#6422=DIRECTION('',(-1.,1.76057242520519E-16,2.55062949957509E-16));
#6423=DIRECTION('',(0.,0.941967345991265,-0.335704511566604));
#6424=DIRECTION('',(0.,0.335704511566604,0.941967345991265));
#6425=DIRECTION('',(-1.,1.76057242520519E-16,2.55062949957509E-16));
#6426=DIRECTION('',(0.,-0.735005635596328,0.678060996991891));
#6427=DIRECTION('',(0.,-0.678060996991891,-0.735005635596329));
#6428=DIRECTION('',(1.,0.,0.));
#6429=DIRECTION('',(-1.,1.44029145755345E-16,2.74424609424776E-16));
#6430=DIRECTION('',(0.,0.975564050847094,-0.219715230912216));
#6431=DIRECTION('',(0.,0.219715230912216,0.975564050847094));
#6432=DIRECTION('',(-1.,1.44029145755345E-16,2.74424609424776E-16));
#6433=DIRECTION('',(0.,-0.811377838556573,0.584522029609889));
#6434=DIRECTION('',(0.,-0.58452202960989,-0.811377838556573));
#6435=DIRECTION('',(1.,0.,0.));
#6436=DIRECTION('',(-1.,1.09900779719667E-16,2.89784540136227E-16));
#6437=DIRECTION('',(0.,0.994934835062646,-0.100522007435517));
#6438=DIRECTION('',(0.,0.100522007435517,0.994934835062646));
#6439=DIRECTION('',(-1.,1.09900779719667E-16,2.89784540136227E-16));
#6440=DIRECTION('',(0.,-0.875918325566888,0.482459414807194));
#6441=DIRECTION('',(0.,-0.482459414807194,-0.875918325566888));
#6442=DIRECTION('',(1.,0.,0.));
#6443=DIRECTION('',(-1.,7.41698128406721E-17,3.00918759714537E-16));
#6444=DIRECTION('',(0.,0.99979722898485,0.0201370532654409));
#6445=DIRECTION('',(0.,-0.0201370532654409,0.99979722898485));
#6446=DIRECTION('',(-1.,7.41698128406721E-17,3.00918759714537E-16));
#6447=DIRECTION('',(0.,-0.927685950994142,0.373361455332622));
#6448=DIRECTION('',(0.,-0.373361455332622,-0.927685950994143));
#6449=DIRECTION('',(1.,0.,0.));
#6450=DIRECTION('',(-1.,3.73572830745877E-17,3.07664906166174E-16));
#6451=DIRECTION('',(0.,0.990080327961164,0.140502470385093));
#6452=DIRECTION('',(0.,-0.140502470385093,0.990080327961164));
#6453=DIRECTION('',(-1.,3.73572830745877E-17,3.07664906166174E-16));
#6454=DIRECTION('',(0.,-0.965925826289068,0.258819045102521));
#6455=DIRECTION('',(0.,-0.258819045102521,-0.965925826289068));
#6456=DIRECTION('',(1.,0.,0.));
#6457=DIRECTION('',(-1.,0.,3.09924605484875E-16));
#6458=DIRECTION('',(0.,0.965925826289068,0.258819045102521));
#6459=DIRECTION('',(0.,-0.258819045102521,0.965925826289068));
#6460=DIRECTION('',(-1.,0.,3.09924605484875E-16));
#6461=DIRECTION('',(-1.,0.,3.09924605484875E-16));
#6462=DIRECTION('',(3.09924605484875E-16,0.,1.));
#6463=DIRECTION('',(-1.,0.,3.09924605484875E-16));
#6464=DIRECTION('',(3.09924605484875E-16,0.,1.));
#6465=DIRECTION('',(-1.,0.,3.09924605484875E-16));
#6466=DIRECTION('',(3.09924605484875E-16,0.,1.));
#6467=DIRECTION('',(-1.,0.,3.09924605484875E-16));
#6468=DIRECTION('',(3.09924605484875E-16,0.,1.));
#6469=DIRECTION('',(-1.,0.,3.09924605484875E-16));
#6470=DIRECTION('',(3.09924605484875E-16,0.,1.));
#6471=DIRECTION('',(-1.,0.,3.09924605484875E-16));
#6472=DIRECTION('',(3.09924605484875E-16,0.,1.));
#6473=DIRECTION('',(0.,-0.990080327961164,0.140502470385092));
#6474=DIRECTION('',(0.,-0.140502470385092,-0.990080327961164));
#6475=DIRECTION('',(1.,0.,0.));
#6476=DIRECTION('',(-1.,-3.73572830745879E-17,3.07664906166174E-16));
#6477=DIRECTION('',(0.,0.927685950994142,0.373361455332623));
#6478=DIRECTION('',(0.,-0.373361455332623,0.927685950994142));
#6479=DIRECTION('',(-1.,-3.73572830745879E-17,3.07664906166174E-16));
#6480=DIRECTION('',(0.,-0.99979722898485,0.020137053265439));
#6481=DIRECTION('',(0.,-0.020137053265439,-0.99979722898485));
#6482=DIRECTION('',(1.,0.,0.));
#6483=DIRECTION('',(-1.,-7.41698128406726E-17,3.00918759714536E-16));
#6484=DIRECTION('',(0.,0.875918325566887,0.482459414807195));
#6485=DIRECTION('',(0.,-0.482459414807195,0.875918325566887));
#6486=DIRECTION('',(-1.,-7.41698128406726E-17,3.00918759714536E-16));
#6487=DIRECTION('',(0.,-0.994934835062645,-0.100522007435519));
#6488=DIRECTION('',(0.,0.100522007435519,-0.994934835062646));
#6489=DIRECTION('',(1.,0.,0.));
#6490=DIRECTION('',(-1.,-1.09900779719667E-16,2.89784540136227E-16));
#6491=DIRECTION('',(0.,0.811377838556571,0.584522029609891));
#6492=DIRECTION('',(0.,-0.584522029609891,0.811377838556572));
#6493=DIRECTION('',(-1.,-1.09900779719667E-16,2.89784540136227E-16));
#6494=DIRECTION('',(0.,-0.975564050847093,-0.219715230912219));
#6495=DIRECTION('',(0.,0.219715230912219,-0.975564050847094));
#6496=DIRECTION('',(1.,0.,0.));
#6497=DIRECTION('',(-1.,-1.44029145755345E-16,2.74424609424776E-16));
#6498=DIRECTION('',(0.,0.735005635596326,0.678060996991893));
#6499=DIRECTION('',(0.,-0.678060996991893,0.735005635596327));
#6500=DIRECTION('',(-1.,-1.44029145755345E-16,2.74424609424776E-16));
#6501=DIRECTION('',(-1.,0.,3.09924605484875E-16));
#6502=DIRECTION('',(3.09924605484875E-16,0.,1.));
#6503=DIRECTION('',(-1.,0.,3.09924605484875E-16));
#6504=DIRECTION('',(3.09924605484875E-16,0.,1.));
#6505=DIRECTION('',(-1.,0.,3.09924605484875E-16));
#6506=DIRECTION('',(3.09924605484875E-16,0.,1.));
#6507=DIRECTION('',(-1.,0.,3.09924605484875E-16));
#6508=DIRECTION('',(3.09924605484875E-16,0.,1.));
#6509=DIRECTION('',(-1.,0.,3.09924605484875E-16));
#6510=DIRECTION('',(3.09924605484875E-16,0.,1.));
#6511=DIRECTION('',(-1.,0.,3.09924605484875E-16));
#6512=DIRECTION('',(3.09924605484875E-16,0.,1.));
#6513=DIRECTION('',(-1.,0.,3.09924605484875E-16));
#6514=DIRECTION('',(3.09924605484875E-16,0.,1.));
#6515=DIRECTION('',(-1.,0.,3.09924605484875E-16));
#6516=DIRECTION('',(3.09924605484875E-16,0.,1.));
#6517=DIRECTION('',(-1.,0.,3.09924605484875E-16));
#6518=DIRECTION('',(3.09924605484875E-16,0.,1.));
#6519=DIRECTION('',(-1.,0.,3.09924605484875E-16));
#6520=DIRECTION('',(3.09924605484875E-16,0.,1.));
#6521=DIRECTION('',(-1.,0.,3.09924605484875E-16));
#6522=DIRECTION('',(3.09924605484875E-16,0.,1.));
#6523=DIRECTION('',(-1.,0.,3.09924605484875E-16));
#6524=DIRECTION('',(3.09924605484875E-16,0.,1.));
#6525=CARTESIAN_POINT('',(0.,0.,0.));
#6526=CARTESIAN_POINT('',(1.47214187605318E-16,0.,1.75000000000001));
#6527=CARTESIAN_POINT('',(-3.93023287525995E-16,0.,9.43326343610694E-16));
#6528=CARTESIAN_POINT('',(-6.71955432462381E-16,0.,-0.899999999999992));
#6529=CARTESIAN_POINT('',(0.,0.,1.14391738657449E-15));
#6530=CARTESIAN_POINT('',(2.71050543121376E-17,0.,1.57500000000001));
#6531=CARTESIAN_POINT('',(4.53209487136402E-16,0.189845271402139,1.56351647670444));
#6532=CARTESIAN_POINT('',(0.,0.,1.14391738657449E-15));
#6533=CARTESIAN_POINT('',(-3.76158192263132E-34,-0.189845271402135,1.56351647670443));
#6534=CARTESIAN_POINT('',(0.,0.,1.14391738657449E-15));
#6535=CARTESIAN_POINT('',(4.43271995039588E-16,-0.376922171252904,1.52923336244604));
#6536=CARTESIAN_POINT('',(0.,0.,1.14391738657449E-15));
#6537=CARTESIAN_POINT('',(4.26870599093493E-16,-0.558502697091996,1.47265058222954));
#6538=CARTESIAN_POINT('',(0.,0.,1.14391738657449E-15));
#6539=CARTESIAN_POINT('',(4.04244468583738E-16,-0.731938995968939,1.39459324040381));
#6540=CARTESIAN_POINT('',(0.,0.,1.14391738657449E-15));
#6541=CARTESIAN_POINT('',(3.75723543442764E-16,-0.894701976101575,1.29619958878251));
#6542=CARTESIAN_POINT('',(0.,0.,1.14391738657449E-15));
#6543=CARTESIAN_POINT('',(3.41723722982658E-16,-1.04441818672926,1.17890442836949));
#6544=CARTESIAN_POINT('',(0.,0.,1.14391738657449E-15));
#6545=CARTESIAN_POINT('',(3.02740801146655E-16,-1.17890442836949,1.04441818672926));
#6546=CARTESIAN_POINT('',(0.,0.,1.14391738657449E-15));
#6547=CARTESIAN_POINT('',(2.59343236717019E-16,-1.29619958878252,0.894701976101574));
#6548=CARTESIAN_POINT('',(0.,0.,1.14391738657449E-15));
#6549=CARTESIAN_POINT('',(2.1216386390594E-16,-1.39459324040381,0.731938995968938));
#6550=CARTESIAN_POINT('',(0.,0.,1.14391738657449E-15));
#6551=CARTESIAN_POINT('',(1.61890664207697E-16,-1.47265058222953,0.558502697091995));
#6552=CARTESIAN_POINT('',(0.,0.,1.14391738657449E-15));
#6553=CARTESIAN_POINT('',(1.09256734079278E-16,-1.52923336244604,0.376922171252904));
#6554=CARTESIAN_POINT('',(0.,0.,1.14391738657449E-15));
#6555=CARTESIAN_POINT('',(5.50295947432451E-17,-1.56351647670444,0.189845271402134));
#6556=CARTESIAN_POINT('',(0.,0.,1.14391738657449E-15));
#6557=CARTESIAN_POINT('',(-1.44444745829043E-31,-1.57500000000001,5.96311194867027E-16));
#6558=CARTESIAN_POINT('',(0.,0.,1.14391738657449E-15));
#6559=CARTESIAN_POINT('',(-5.50295947432459E-17,-1.56351647670444,-0.189845271402135));
#6560=CARTESIAN_POINT('',(0.,0.,1.14391738657449E-15));
#6561=CARTESIAN_POINT('',(-1.09256734079279E-16,-1.52923336244604,-0.376922171252906));
#6562=CARTESIAN_POINT('',(0.,0.,1.14391738657449E-15));
#6563=CARTESIAN_POINT('',(-1.61890664207698E-16,-1.47265058222953,-0.558502697091996));
#6564=CARTESIAN_POINT('',(0.,0.,1.14391738657449E-15));
#6565=CARTESIAN_POINT('',(-2.1216386390594E-16,-1.39459324040381,-0.731938995968937));
#6566=CARTESIAN_POINT('',(0.,0.,1.14391738657449E-15));
#6567=CARTESIAN_POINT('',(-2.5934323671702E-16,-1.29619958878251,-0.894701976101574));
#6568=CARTESIAN_POINT('',(0.,0.,1.14391738657449E-15));
#6569=CARTESIAN_POINT('',(-3.02740801146655E-16,-1.17890442836949,-1.04441818672926));
#6570=CARTESIAN_POINT('',(0.,0.,1.14391738657449E-15));
#6571=CARTESIAN_POINT('',(-3.41723722982658E-16,-1.04441818672926,-1.17890442836949));
#6572=CARTESIAN_POINT('',(0.,0.,1.14391738657449E-15));
#6573=CARTESIAN_POINT('',(-3.75723543442764E-16,-0.894701976101574,-1.29619958878251));
#6574=CARTESIAN_POINT('',(0.,0.,1.14391738657449E-15));
#6575=CARTESIAN_POINT('',(-4.04244468583738E-16,-0.731938995968938,-1.39459324040381));
#6576=CARTESIAN_POINT('',(0.,0.,1.14391738657449E-15));
#6577=CARTESIAN_POINT('',(-4.26870599093493E-16,-0.558502697091997,-1.47265058222953));
#6578=CARTESIAN_POINT('',(0.,0.,1.14391738657449E-15));
#6579=CARTESIAN_POINT('',(-4.43271995039588E-16,-0.376922171252906,-1.52923336244604));
#6580=CARTESIAN_POINT('',(0.,0.,1.14391738657449E-15));
#6581=CARTESIAN_POINT('',(-4.53209487136402E-16,-0.189845271402136,-1.56351647670444));
#6582=CARTESIAN_POINT('',(0.,0.,1.14391738657449E-15));
#6583=CARTESIAN_POINT('',(-4.56538164371881E-16,-2.16840434497101E-15,-1.57500000000001));
#6584=CARTESIAN_POINT('',(0.,0.,1.14391738657449E-15));
#6585=CARTESIAN_POINT('',(-4.53209487136403E-16,0.189845271402132,-1.56351647670444));
#6586=CARTESIAN_POINT('',(0.,0.,1.14391738657449E-15));
#6587=CARTESIAN_POINT('',(-4.43271995039588E-16,0.376922171252902,-1.52923336244604));
#6588=CARTESIAN_POINT('',(0.,0.,1.14391738657449E-15));
#6589=CARTESIAN_POINT('',(-4.26870599093493E-16,0.558502697091993,-1.47265058222953));
#6590=CARTESIAN_POINT('',(0.,0.,1.14391738657449E-15));
#6591=CARTESIAN_POINT('',(-4.04244468583738E-16,0.731938995968936,-1.39459324040381));
#6592=CARTESIAN_POINT('',(0.,0.,1.14391738657449E-15));
#6593=CARTESIAN_POINT('',(-3.75723543442765E-16,0.894701976101571,-1.29619958878252));
#6594=CARTESIAN_POINT('',(0.,0.,1.14391738657449E-15));
#6595=CARTESIAN_POINT('',(-3.41723722982659E-16,1.04441818672925,-1.17890442836949));
#6596=CARTESIAN_POINT('',(0.,0.,1.14391738657449E-15));
#6597=CARTESIAN_POINT('',(-3.02740801146656E-16,1.17890442836949,-1.04441818672926));
#6598=CARTESIAN_POINT('',(0.,0.,1.14391738657449E-15));
#6599=CARTESIAN_POINT('',(-2.5934323671702E-16,1.29619958878251,-0.894701976101576));
#6600=CARTESIAN_POINT('',(0.,0.,1.14391738657449E-15));
#6601=CARTESIAN_POINT('',(-2.12163863905941E-16,1.39459324040381,-0.731938995968941));
#6602=CARTESIAN_POINT('',(0.,0.,1.14391738657449E-15));
#6603=CARTESIAN_POINT('',(-1.61890664207699E-16,1.47265058222953,-0.558502697091999));
#6604=CARTESIAN_POINT('',(0.,0.,1.14391738657449E-15));
#6605=CARTESIAN_POINT('',(-1.0925673407928E-16,1.52923336244604,-0.376922171252908));
#6606=CARTESIAN_POINT('',(0.,0.,1.14391738657449E-15));
#6607=CARTESIAN_POINT('',(-5.50295947432467E-17,1.56351647670444,-0.189845271402137));
#6608=CARTESIAN_POINT('',(0.,0.,1.14391738657449E-15));
#6609=CARTESIAN_POINT('',(-1.46852158259527E-30,1.57500000000001,-3.90312782094782E-15));
#6610=CARTESIAN_POINT('',(0.,0.,1.14391738657449E-15));
#6611=CARTESIAN_POINT('',(5.50295947432443E-17,1.56351647670444,0.189845271402131));
#6612=CARTESIAN_POINT('',(0.,0.,1.14391738657449E-15));
#6613=CARTESIAN_POINT('',(1.09256734079278E-16,1.52923336244604,0.376922171252902));
#6614=CARTESIAN_POINT('',(0.,0.,1.14391738657449E-15));
#6615=CARTESIAN_POINT('',(1.61890664207696E-16,1.47265058222954,0.558502697091992));
#6616=CARTESIAN_POINT('',(0.,0.,1.14391738657449E-15));
#6617=CARTESIAN_POINT('',(2.12163863905939E-16,1.39459324040381,0.731938995968936));
#6618=CARTESIAN_POINT('',(0.,0.,1.14391738657449E-15));
#6619=CARTESIAN_POINT('',(2.59343236717019E-16,1.29619958878252,0.894701976101572));
#6620=CARTESIAN_POINT('',(0.,0.,1.14391738657449E-15));
#6621=CARTESIAN_POINT('',(3.02740801146654E-16,1.17890442836949,1.04441818672925));
#6622=CARTESIAN_POINT('',(0.,0.,1.14391738657449E-15));
#6623=CARTESIAN_POINT('',(3.41723722982657E-16,1.04441818672926,1.17890442836949));
#6624=CARTESIAN_POINT('',(0.,0.,1.14391738657449E-15));
#6625=CARTESIAN_POINT('',(3.75723543442764E-16,0.894701976101578,1.29619958878251));
#6626=CARTESIAN_POINT('',(0.,0.,1.14391738657449E-15));
#6627=CARTESIAN_POINT('',(4.04244468583737E-16,0.731938995968942,1.39459324040381));
#6628=CARTESIAN_POINT('',(0.,0.,1.14391738657449E-15));
#6629=CARTESIAN_POINT('',(4.26870599093492E-16,0.558502697092,1.47265058222953));
#6630=CARTESIAN_POINT('',(0.,0.,1.14391738657449E-15));
#6631=CARTESIAN_POINT('',(4.43271995039588E-16,0.376922171252909,1.52923336244604));
#6632=CARTESIAN_POINT('',(0.,0.,1.14391738657449E-15));
#6633=CARTESIAN_POINT('',(-10.,0.,4.04257239845944E-15));
#6634=CARTESIAN_POINT('',(0.0999999999999994,0.,9.12333883062207E-16));
#6635=CARTESIAN_POINT('',(0.0999999999999991,0.,-0.799999999999993));
#6636=CARTESIAN_POINT('',(2.85227149289953,0.,5.93372264380529E-17));
#6637=CARTESIAN_POINT('',(2.85227149289953,0.,0.799999999999993));
#6638=CARTESIAN_POINT('',(0.760000000000002,0.,0.));
#6639=CARTESIAN_POINT('',(0.0999999999999994,0.,9.12333883062207E-16));
#6640=CARTESIAN_POINT('',(-0.175,0.,1.19464384928248E-15));
#6641=CARTESIAN_POINT('',(-0.175,0.,1.19464384928248E-15));
#6642=CARTESIAN_POINT('',(-0.174999999999999,0.0467239454116089,1.74937613820619));
#6643=CARTESIAN_POINT('',(-0.174999999999999,0.164480716974275,1.74225316580101));
#6644=CARTESIAN_POINT('',(8.87570528564756E-16,3.89182378255946E-15,1.57500000000001));
#6645=CARTESIAN_POINT('',(-0.0582259385454856,0.0156015932118112,1.63322593854549));
#6646=CARTESIAN_POINT('',(-0.116570328029748,0.0311734677569793,1.69134096551715));
#6647=CARTESIAN_POINT('',(-0.174999999999999,0.0467239454116081,1.74937613820619));
#6648=CARTESIAN_POINT('',(-0.174999999999999,0.164480716974276,1.74225316580101));
#6649=CARTESIAN_POINT('',(-0.116570328029748,0.172922447084508,1.68276673190992));
#6650=CARTESIAN_POINT('',(-0.0582259385454854,0.181375792707726,1.62319844685368));
#6651=CARTESIAN_POINT('',(1.52813006605072E-15,0.189845271402132,1.56351647670444));
#6652=CARTESIAN_POINT('',(-0.175,0.,1.19464384928248E-15));
#6653=CARTESIAN_POINT('',(-0.174999999999999,-0.0467239454116083,1.74937613820619));
#6654=CARTESIAN_POINT('',(-0.116570328029748,-0.0311734677569794,1.69134096551715));
#6655=CARTESIAN_POINT('',(-0.0582259385454858,-0.0156015932118113,1.63322593854549));
#6656=CARTESIAN_POINT('',(8.84714425168956E-16,-3.88609450206001E-15,1.57500000000001));
#6657=CARTESIAN_POINT('',(-0.174999999999999,-0.0467239454116083,1.74937613820619));
#6658=CARTESIAN_POINT('',(-0.175,0.,1.19464384928248E-15));
#6659=CARTESIAN_POINT('',(-0.174999999999999,-0.164480716974277,1.74225316580101));
#6660=CARTESIAN_POINT('',(8.01293377482661E-15,-0.189845271402134,1.56351647670444));
#6661=CARTESIAN_POINT('',(-0.0582259385454809,-0.181375792707728,1.62319844685368));
#6662=CARTESIAN_POINT('',(-0.116570328029746,-0.17292244708451,1.68276673190991));
#6663=CARTESIAN_POINT('',(-0.174999999999999,-0.164480716974277,1.74225316580101));
#6664=CARTESIAN_POINT('',(-0.175,0.,1.19464384928248E-15));
#6665=CARTESIAN_POINT('',(-0.175,0.,1.19464384928248E-15));
#6666=CARTESIAN_POINT('',(-0.174999999999999,0.257247267460229,1.73098926726432));
#6667=CARTESIAN_POINT('',(-0.174999999999999,0.373286880128354,1.709724219026));
#6668=CARTESIAN_POINT('',(5.43142362442805E-16,0.18984527140214,1.56351647670444));
#6669=CARTESIAN_POINT('',(-0.0582259385367329,0.212351472767209,1.61943731834038));
#6670=CARTESIAN_POINT('',(-0.116570328021869,0.234814803239009,1.67525163927146));
#6671=CARTESIAN_POINT('',(-0.174999999999999,0.257247267460229,1.73098926726432));
#6672=CARTESIAN_POINT('',(-0.174999999999999,0.373286880128354,1.709724219026));
#6673=CARTESIAN_POINT('',(-0.116570328029748,0.374496763260062,1.64965397009076));
#6674=CARTESIAN_POINT('',(-0.0582259385454854,0.375708311146867,1.58950106668216));
#6675=CARTESIAN_POINT('',(1.55286758000792E-15,0.376922171252901,1.52923336244604));
#6676=CARTESIAN_POINT('',(-0.175,0.,1.19464384928248E-15));
#6677=CARTESIAN_POINT('',(-0.175,0.,1.19464384928248E-15));
#6678=CARTESIAN_POINT('',(-0.174999999999999,0.464019345078879,1.68736067495737));
#6679=CARTESIAN_POINT('',(-0.174999999999999,0.576649680001313,1.65226364317394));
#6680=CARTESIAN_POINT('',(4.92395672573831E-16,0.376922171252909,1.52923336244604));
#6681=CARTESIAN_POINT('',(-0.0582259385454861,0.406004789682503,1.5820336553953));
#6682=CARTESIAN_POINT('',(-0.116570328029748,0.43503201013893,1.63473337180195));
#6683=CARTESIAN_POINT('',(-0.174999999999999,0.464019345078879,1.68736067495737));
#6684=CARTESIAN_POINT('',(-0.174999999999999,0.576649680001313,1.65226364317394));
#6685=CARTESIAN_POINT('',(-0.116570328029748,0.570610073334017,1.59248553869045));
#6686=CARTESIAN_POINT('',(-0.0582259385454854,0.564562156388051,1.53262518171373));
#6687=CARTESIAN_POINT('',(1.47489908158556E-15,0.558502697091993,1.47265058222954));
#6688=CARTESIAN_POINT('',(-0.175,0.,1.19464384928248E-15));
#6689=CARTESIAN_POINT('',(-0.175,0.,1.19464384928248E-15));
#6690=CARTESIAN_POINT('',(-0.174999999999999,0.664024975765714,1.61912656440421));
#6691=CARTESIAN_POINT('',(-0.174999999999999,0.771603629037857,1.5707093428307));
#6692=CARTESIAN_POINT('',(3.29367216553859E-16,0.558502697092001,1.47265058222953));
#6693=CARTESIAN_POINT('',(-0.0582259385454862,0.593737642517679,1.52156037931661));
#6694=CARTESIAN_POINT('',(-0.116570328029748,0.628905470721228,1.57037701066508));
#6695=CARTESIAN_POINT('',(-0.174999999999999,0.664024975765714,1.61912656440421));
#6696=CARTESIAN_POINT('',(-0.174999999999999,0.771603629037858,1.5707093428307));
#6697=CARTESIAN_POINT('',(-0.116570328029748,0.758402603636776,1.51209508217091));
#6698=CARTESIAN_POINT('',(-0.0582259385454855,0.745183414105834,1.45340017042456));
#6699=CARTESIAN_POINT('',(1.37673433257223E-15,0.731938995968935,1.39459324040381));
#6700=CARTESIAN_POINT('',(-0.175,0.,1.19464384928248E-15));
#6701=CARTESIAN_POINT('',(-0.175,0.,1.19464384928248E-15));
#6702=CARTESIAN_POINT('',(-0.174999999999999,0.854347627051858,1.52728194258653));
#6703=CARTESIAN_POINT('',(-0.174999999999999,0.955305859662976,1.46625056333957));
#6704=CARTESIAN_POINT('',(4.50606615262248E-16,0.731938995968942,1.39459324040381));
#6705=CARTESIAN_POINT('',(-0.0582259385454861,0.772812463544211,1.4388993266519));
#6706=CARTESIAN_POINT('',(-0.116570328029748,0.813608073368623,1.48312101653165));
#6707=CARTESIAN_POINT('',(-0.174999999999999,0.854347627051858,1.52728194258653));
#6708=CARTESIAN_POINT('',(-0.174999999999999,0.955305859662977,1.46625056333957));
#6709=CARTESIAN_POINT('',(-0.116570328029748,0.935135916204578,1.40965487441171));
#6710=CARTESIAN_POINT('',(-0.0582259385454854,0.914938219639043,1.35298131187844));
#6711=CARTESIAN_POINT('',(1.51438800709783E-15,0.894701976101571,1.29619958878252));
#6712=CARTESIAN_POINT('',(-0.175,0.,1.19464384928248E-15));
#6713=CARTESIAN_POINT('',(-0.175,0.,1.19464384928248E-15));
#6714=CARTESIAN_POINT('',(-0.174999999999999,1.03221196611228,1.41316611090652));
#6715=CARTESIAN_POINT('',(-0.174999999999999,1.12507757969276,1.34041054892623));
#6716=CARTESIAN_POINT('',(5.65586961428422E-16,0.894701976101578,1.29619958878251));
#6717=CARTESIAN_POINT('',(-0.058225938545486,0.940617938630157,1.3352558816855));
#6718=CARTESIAN_POINT('',(-0.116570328029748,0.986446438220478,1.37423777827951));
#6719=CARTESIAN_POINT('',(-0.174999999999999,1.03221196611228,1.41316611090652));
#6720=CARTESIAN_POINT('',(-0.174999999999999,1.12507757969276,1.34041054892623));
#6721=CARTESIAN_POINT('',(-0.116570328029748,1.09823284137142,1.28665872431727));
#6722=CARTESIAN_POINT('',(-0.0582259385454855,1.07135116566847,1.23283293915654));
#6723=CARTESIAN_POINT('',(1.40911410075805E-15,1.04441818672925,1.17890442836949));
#6724=CARTESIAN_POINT('',(-0.175,0.,1.19464384928248E-15));
#6725=CARTESIAN_POINT('',(-0.175,0.,1.19464384928248E-15));
#6726=CARTESIAN_POINT('',(-0.174999999999999,1.34041054892623,1.12507757969276));
#6727=CARTESIAN_POINT('',(-0.175,1.41316611090652,1.03221196611228));
#6728=CARTESIAN_POINT('',(3.13163354804965E-16,1.17890442836949,1.04441818672925));
#6729=CARTESIAN_POINT('',(-0.0582259385454863,1.23283293915654,1.07135116566847));
#6730=CARTESIAN_POINT('',(-0.116570328029749,1.28665872431727,1.09823284137142));
#6731=CARTESIAN_POINT('',(-0.175,1.34041054892623,1.12507757969276));
#6732=CARTESIAN_POINT('',(-0.175,1.41316611090652,1.03221196611228));
#6733=CARTESIAN_POINT('',(-0.116570328029748,1.37423777827951,0.986446438220479));
#6734=CARTESIAN_POINT('',(-0.0582259385454856,1.33525588168549,0.940617938630157));
#6735=CARTESIAN_POINT('',(1.24264393725242E-15,1.29619958878251,0.894701976101578));
#6736=CARTESIAN_POINT('',(-0.175,0.,1.19464384928248E-15));
#6737=CARTESIAN_POINT('',(-0.174999999999999,1.27844313515654,1.19502433036785));
#6738=CARTESIAN_POINT('',(-0.116570328029748,1.24531505870608,1.14490019271915));
#6739=CARTESIAN_POINT('',(-0.0582259385454856,1.21214139922973,1.09470708608374));
#6740=CARTESIAN_POINT('',(1.24037213578324E-15,1.17890442836949,1.04441818672926));
#6741=CARTESIAN_POINT('',(-0.174999999999999,1.27844313515654,1.19502433036785));
#6742=CARTESIAN_POINT('',(-0.175,0.,1.19464384928248E-15));
#6743=CARTESIAN_POINT('',(-0.174999999999999,1.19502433036785,1.27844313515654));
#6744=CARTESIAN_POINT('',(3.26187456932971E-16,1.04441818672926,1.17890442836949));
#6745=CARTESIAN_POINT('',(-0.0582259385454862,1.09470708608374,1.21214139922973));
#6746=CARTESIAN_POINT('',(-0.116570328029748,1.14490019271915,1.24531505870608));
#6747=CARTESIAN_POINT('',(-0.174999999999999,1.19502433036785,1.27844313515654));
#6748=CARTESIAN_POINT('',(-0.175,0.,1.19464384928248E-15));
#6749=CARTESIAN_POINT('',(-0.175,0.,1.19464384928248E-15));
#6750=CARTESIAN_POINT('',(-0.175,1.57070934283069,0.771603629037858));
#6751=CARTESIAN_POINT('',(-0.175,1.61912656440421,0.664024975765713));
#6752=CARTESIAN_POINT('',(3.16483817121034E-16,1.39459324040381,0.731938995968936));
#6753=CARTESIAN_POINT('',(-0.0582259385454863,1.45340017042456,0.745183414105835));
#6754=CARTESIAN_POINT('',(-0.116570328029749,1.5120950821709,0.758402603636777));
#6755=CARTESIAN_POINT('',(-0.175,1.57070934283069,0.771603629037858));
#6756=CARTESIAN_POINT('',(-0.175,1.61912656440421,0.664024975765713));
#6757=CARTESIAN_POINT('',(-0.116570328029748,1.57037701066508,0.628905470721227));
#6758=CARTESIAN_POINT('',(-0.0582259385454858,1.52156037931661,0.593737642517677));
#6759=CARTESIAN_POINT('',(1.06136522957806E-15,1.47265058222953,0.558502697091999));
#6760=CARTESIAN_POINT('',(-0.175,0.,1.19464384928248E-15));
#6761=CARTESIAN_POINT('',(-0.174999999999999,1.52728194258653,0.854347627051858));
#6762=CARTESIAN_POINT('',(-0.116570328029748,1.48312101653165,0.813608073368623));
#6763=CARTESIAN_POINT('',(-0.0582259385454858,1.4388993266519,0.772812463544211));
#6764=CARTESIAN_POINT('',(1.02031495522121E-15,1.39459324040381,0.731938995968942));
#6765=CARTESIAN_POINT('',(-0.175,1.52728194258653,0.854347627051858));
#6766=CARTESIAN_POINT('',(-0.175,0.,1.19464384928248E-15));
#6767=CARTESIAN_POINT('',(-0.175,1.46625056333957,0.955305859662977));
#6768=CARTESIAN_POINT('',(2.52509365421647E-16,1.29619958878252,0.894701976101572));
#6769=CARTESIAN_POINT('',(-0.0582259385454863,1.35298131187844,0.914938219639044));
#6770=CARTESIAN_POINT('',(-0.116570328029749,1.40965487441171,0.935135916204579));
#6771=CARTESIAN_POINT('',(-0.175,1.46625056333957,0.955305859662977));
#6772=CARTESIAN_POINT('',(-0.175,0.,1.19464384928248E-15));
#6773=CARTESIAN_POINT('',(-0.175,0.,1.19464384928248E-15));
#6774=CARTESIAN_POINT('',(-0.175,1.65226364317394,0.576649680001312));
#6775=CARTESIAN_POINT('',(-0.175,1.68736067495737,0.46401934507888));
#6776=CARTESIAN_POINT('',(2.35236428670733E-16,1.47265058222954,0.558502697091992));
#6777=CARTESIAN_POINT('',(-0.0582259385454863,1.53262518171373,0.56456215638805));
#6778=CARTESIAN_POINT('',(-0.116570328029749,1.59248553869045,0.570610073334016));
#6779=CARTESIAN_POINT('',(-0.175,1.65226364317394,0.576649680001312));
#6780=CARTESIAN_POINT('',(-0.175,1.68736067495737,0.464019345078879));
#6781=CARTESIAN_POINT('',(-0.116570328029748,1.63473337180195,0.43503201013893));
#6782=CARTESIAN_POINT('',(-0.0582259385454859,1.5820336553953,0.406004789682503));
#6783=CARTESIAN_POINT('',(1.01096350492262E-15,1.52923336244604,0.376922171252909));
#6784=CARTESIAN_POINT('',(-0.175,0.,1.19464384928248E-15));
#6785=CARTESIAN_POINT('',(-0.175,0.,1.19464384928248E-15));
#6786=CARTESIAN_POINT('',(-0.175,1.709724219026,0.373286880128355));
#6787=CARTESIAN_POINT('',(-0.175,1.73098926726432,0.257247267460228));
#6788=CARTESIAN_POINT('',(6.79877896578783E-17,1.52923336244604,0.376922171252902));
#6789=CARTESIAN_POINT('',(-0.0582259385454866,1.58950106668216,0.375708311146868));
#6790=CARTESIAN_POINT('',(-0.116570328029749,1.64965397009076,0.374496763260063));
#6791=CARTESIAN_POINT('',(-0.175,1.709724219026,0.373286880128355));
#6792=CARTESIAN_POINT('',(-0.175,1.73098926726432,0.257247267460228));
#6793=CARTESIAN_POINT('',(-0.116570328038001,1.67525163928684,0.234814803245201));
#6794=CARTESIAN_POINT('',(-0.0582259385546533,1.61943731835759,0.212351472774134));
#6795=CARTESIAN_POINT('',(1.02901046098755E-15,1.56351647670444,0.189845271402138));
#6796=CARTESIAN_POINT('',(-0.175,0.,1.19464384928248E-15));
#6797=CARTESIAN_POINT('',(-0.175,0.,1.19464384928248E-15));
#6798=CARTESIAN_POINT('',(-0.175,1.74225316580101,0.164480716974275));
#6799=CARTESIAN_POINT('',(-0.175,1.74937613820619,0.0467239454116081));
#6800=CARTESIAN_POINT('',(8.72148158018424E-17,1.56351647670444,0.189845271402131));
#6801=CARTESIAN_POINT('',(-0.0582259385454865,1.62319844685368,0.181375792707725));
#6802=CARTESIAN_POINT('',(-0.116570328029749,1.68276673190992,0.172922447084507));
#6803=CARTESIAN_POINT('',(-0.175,1.74225316580101,0.164480716974275));
#6804=CARTESIAN_POINT('',(-0.175,1.74937613820619,0.0467239454116076));
#6805=CARTESIAN_POINT('',(-0.116570328029749,1.69134096551715,0.0311734677569787));
#6806=CARTESIAN_POINT('',(-0.0582259385454859,1.63322593854549,0.0156015932118105));
#6807=CARTESIAN_POINT('',(9.80320345685366E-16,1.57500000000001,3.09493264376607E-15));
#6808=CARTESIAN_POINT('',(-0.175,0.,1.19464384928248E-15));
#6809=CARTESIAN_POINT('',(-0.175,0.,1.19464384928248E-15));
#6810=CARTESIAN_POINT('',(-0.175,1.74937613820619,-0.0467239454116082));
#6811=CARTESIAN_POINT('',(-0.175,1.74225316580101,-0.164480716974274));
#6812=CARTESIAN_POINT('',(8.34349404835668E-17,1.57500000000001,-3.92957778298149E-15));
#6813=CARTESIAN_POINT('',(-0.0582259385454865,1.63322593854549,-0.0156015932118113));
#6814=CARTESIAN_POINT('',(-0.116570328029749,1.69134096551715,-0.0311734677569794));
#6815=CARTESIAN_POINT('',(-0.175,1.74937613820619,-0.0467239454116082));
#6816=CARTESIAN_POINT('',(-0.175,1.74225316580101,-0.164480716974274));
#6817=CARTESIAN_POINT('',(-0.116570328029748,1.68276673190992,-0.172922447084507));
#6818=CARTESIAN_POINT('',(-0.0582259385454859,1.62319844685368,-0.181375792707725));
#6819=CARTESIAN_POINT('',(1.03335570678242E-15,1.56351647670444,-0.189845271402131));
#6820=CARTESIAN_POINT('',(-0.175,0.,1.19464384928248E-15));
#6821=CARTESIAN_POINT('',(-0.175,0.,1.19464384928248E-15));
#6822=CARTESIAN_POINT('',(-0.175,1.73098926726432,-0.257247267460227));
#6823=CARTESIAN_POINT('',(-0.175,1.709724219026,-0.373286880128353));
#6824=CARTESIAN_POINT('',(1.35700829740489E-16,1.56351647670444,-0.189845271402137));
#6825=CARTESIAN_POINT('',(-0.0582259385367334,1.61943731834038,-0.212351472767207));
#6826=CARTESIAN_POINT('',(-0.116570328021869,1.67525163927145,-0.234814803239007));
#6827=CARTESIAN_POINT('',(-0.175,1.73098926726432,-0.257247267460226));
#6828=CARTESIAN_POINT('',(-0.175,1.709724219026,-0.373286880128354));
#6829=CARTESIAN_POINT('',(-0.116570328029749,1.64965397009076,-0.374496763260062));
#6830=CARTESIAN_POINT('',(-0.058225938545486,1.58950106668216,-0.375708311146867));
#6831=CARTESIAN_POINT('',(9.14878084203327E-16,1.52923336244604,-0.376922171252901));
#6832=CARTESIAN_POINT('',(-0.175,0.,1.19464384928248E-15));
#6833=CARTESIAN_POINT('',(-0.175,0.,1.19464384928248E-15));
#6834=CARTESIAN_POINT('',(-0.175,1.68736067495737,-0.464019345078878));
#6835=CARTESIAN_POINT('',(-0.175,1.65226364317394,-0.576649680001312));
#6836=CARTESIAN_POINT('',(-2.08496861163806E-17,1.52923336244604,-0.376922171252908));
#6837=CARTESIAN_POINT('',(-0.0582259385454866,1.5820336553953,-0.406004789682502));
#6838=CARTESIAN_POINT('',(-0.116570328029749,1.63473337180195,-0.435032010138929));
#6839=CARTESIAN_POINT('',(-0.175,1.68736067495737,-0.464019345078878));
#6840=CARTESIAN_POINT('',(-0.175,1.65226364317393,-0.576649680001313));
#6841=CARTESIAN_POINT('',(-0.116570328029749,1.59248553869045,-0.570610073334016));
#6842=CARTESIAN_POINT('',(-0.0582259385454862,1.53262518171372,-0.56456215638805));
#6843=CARTESIAN_POINT('',(6.73199955008388E-16,1.47265058222953,-0.558502697091993));
#6844=CARTESIAN_POINT('',(-0.175,0.,1.19464384928248E-15));
#6845=CARTESIAN_POINT('',(-0.175,0.,1.19464384928248E-15));
#6846=CARTESIAN_POINT('',(-0.175,1.61912656440421,-0.664024975765713));
#6847=CARTESIAN_POINT('',(-0.175,1.57070934283069,-0.771603629037857));
#6848=CARTESIAN_POINT('',(-2.52373628637419E-16,1.47265058222953,-0.558502697091999));
#6849=CARTESIAN_POINT('',(-0.0582259385454869,1.52156037931661,-0.593737642517678));
#6850=CARTESIAN_POINT('',(-0.116570328029749,1.57037701066508,-0.628905470721227));
#6851=CARTESIAN_POINT('',(-0.175,1.61912656440421,-0.664024975765713));
#6852=CARTESIAN_POINT('',(-0.175,1.57070934283069,-0.771603629037857));
#6853=CARTESIAN_POINT('',(-0.116570328029749,1.5120950821709,-0.758402603636776));
#6854=CARTESIAN_POINT('',(-0.0582259385454862,1.45340017042455,-0.745183414105834));
#6855=CARTESIAN_POINT('',(6.47843597265795E-16,1.39459324040381,-0.731938995968935));
#6856=CARTESIAN_POINT('',(-0.175,0.,1.19464384928248E-15));
#6857=CARTESIAN_POINT('',(-0.175,0.,1.19464384928248E-15));
#6858=CARTESIAN_POINT('',(-0.175,1.52728194258653,-0.854347627051857));
#6859=CARTESIAN_POINT('',(-0.175,1.46625056333957,-0.955305859662974));
#6860=CARTESIAN_POINT('',(-1.80730239066468E-16,1.39459324040381,-0.731938995968941));
#6861=CARTESIAN_POINT('',(-0.0582259385454868,1.4388993266519,-0.77281246354421));
#6862=CARTESIAN_POINT('',(-0.116570328029749,1.48312101653165,-0.813608073368622));
#6863=CARTESIAN_POINT('',(-0.175,1.52728194258653,-0.854347627051857));
#6864=CARTESIAN_POINT('',(-0.175,1.46625056333957,-0.955305859662975));
#6865=CARTESIAN_POINT('',(-0.116570328029749,1.40965487441171,-0.935135916204576));
#6866=CARTESIAN_POINT('',(-0.0582259385454863,1.35298131187843,-0.914938219639042));
#6867=CARTESIAN_POINT('',(4.97285831675151E-16,1.29619958878252,-0.894701976101569));
#6868=CARTESIAN_POINT('',(-0.175,0.,1.19464384928248E-15));
#6869=CARTESIAN_POINT('',(-0.175,0.,1.19464384928248E-15));
#6870=CARTESIAN_POINT('',(-0.175,1.41316611090652,-1.03221196611227));
#6871=CARTESIAN_POINT('',(-0.175,1.34041054892623,-1.12507757969275));
#6872=CARTESIAN_POINT('',(-4.52035610765957E-16,1.29619958878251,-0.894701976101575));
#6873=CARTESIAN_POINT('',(-0.0582259385454871,1.3352558816855,-0.940617938630155));
#6874=CARTESIAN_POINT('',(-0.116570328029749,1.37423777827951,-0.986446438220476));
#6875=CARTESIAN_POINT('',(-0.175,1.41316611090652,-1.03221196611227));
#6876=CARTESIAN_POINT('',(-0.175,1.34041054892623,-1.12507757969275));
#6877=CARTESIAN_POINT('',(-0.116570328029749,1.28665872431726,-1.09823284137142));
#6878=CARTESIAN_POINT('',(-0.0582259385454863,1.23283293915654,-1.07135116566847));
#6879=CARTESIAN_POINT('',(5.89611862721032E-16,1.17890442836949,-1.04441818672925));
#6880=CARTESIAN_POINT('',(-0.175,0.,1.19464384928248E-15));
#6881=CARTESIAN_POINT('',(-0.175,0.,1.19464384928248E-15));
#6882=CARTESIAN_POINT('',(-0.175,1.12507757969276,-1.34041054892623));
#6883=CARTESIAN_POINT('',(-0.175,1.03221196611227,-1.41316611090652));
#6884=CARTESIAN_POINT('',(-4.83715537301526E-16,1.04441818672925,-1.17890442836949));
#6885=CARTESIAN_POINT('',(-0.0582259385454871,1.07135116566847,-1.23283293915654));
#6886=CARTESIAN_POINT('',(-0.116570328029749,1.09823284137142,-1.28665872431726));
#6887=CARTESIAN_POINT('',(-0.175,1.12507757969276,-1.34041054892623));
#6888=CARTESIAN_POINT('',(-0.175,1.03221196611227,-1.41316611090652));
#6889=CARTESIAN_POINT('',(-0.116570328029749,0.986446438220477,-1.37423777827951));
#6890=CARTESIAN_POINT('',(-0.0582259385454863,0.940617938630155,-1.33525588168549));
#6891=CARTESIAN_POINT('',(5.22950650036096E-16,0.894701976101576,-1.29619958878251));
#6892=CARTESIAN_POINT('',(-0.175,0.,1.19464384928248E-15));
#6893=CARTESIAN_POINT('',(-0.175,1.19502433036785,-1.27844313515654));
#6894=CARTESIAN_POINT('',(-0.116570328029749,1.14490019271915,-1.24531505870608));
#6895=CARTESIAN_POINT('',(-0.0582259385454865,1.09470708608374,-1.21214139922973));
#6896=CARTESIAN_POINT('',(4.63707061152472E-16,1.04441818672926,-1.17890442836949));
#6897=CARTESIAN_POINT('',(-0.175,1.19502433036785,-1.27844313515654));
#6898=CARTESIAN_POINT('',(-0.175,0.,1.19464384928248E-15));
#6899=CARTESIAN_POINT('',(-0.175,1.27844313515654,-1.19502433036785));
#6900=CARTESIAN_POINT('',(-3.64252978892501E-16,1.17890442836949,-1.04441818672926));
#6901=CARTESIAN_POINT('',(-0.058225938545487,1.21214139922973,-1.09470708608374));
#6902=CARTESIAN_POINT('',(-0.116570328029749,1.24531505870608,-1.14490019271915));
#6903=CARTESIAN_POINT('',(-0.175,1.27844313515654,-1.19502433036785));
#6904=CARTESIAN_POINT('',(-0.175,0.,1.19464384928248E-15));
#6905=CARTESIAN_POINT('',(-0.175,0.,1.19464384928248E-15));
#6906=CARTESIAN_POINT('',(-0.175,0.771603629037858,-1.57070934283069));
#6907=CARTESIAN_POINT('',(-0.175,0.664024975765713,-1.6191265644042));
#6908=CARTESIAN_POINT('',(-4.51668511402839E-16,0.731938995968935,-1.39459324040381));
#6909=CARTESIAN_POINT('',(-0.0582259385454871,0.745183414105834,-1.45340017042455));
#6910=CARTESIAN_POINT('',(-0.116570328029749,0.758402603636776,-1.5120950821709));
#6911=CARTESIAN_POINT('',(-0.175,0.771603629037858,-1.57070934283069));
#6912=CARTESIAN_POINT('',(-0.175,0.664024975765712,-1.6191265644042));
#6913=CARTESIAN_POINT('',(-0.116570328029749,0.628905470721227,-1.57037701066508));
#6914=CARTESIAN_POINT('',(-0.0582259385454865,0.593737642517677,-1.52156037931661));
#6915=CARTESIAN_POINT('',(4.14662741699773E-16,0.558502697091999,-1.47265058222953));
#6916=CARTESIAN_POINT('',(-0.175,0.,1.19464384928248E-15));
#6917=CARTESIAN_POINT('',(-0.175,0.854347627051857,-1.52728194258653));
#6918=CARTESIAN_POINT('',(-0.116570328029749,0.813608073368622,-1.48312101653165));
#6919=CARTESIAN_POINT('',(-0.0582259385454864,0.77281246354421,-1.4388993266519));
#6920=CARTESIAN_POINT('',(4.28846434724304E-16,0.731938995968941,-1.39459324040381));
#6921=CARTESIAN_POINT('',(-0.175,0.854347627051857,-1.52728194258653));
#6922=CARTESIAN_POINT('',(-0.175,0.,1.19464384928248E-15));
#6923=CARTESIAN_POINT('',(-0.175,0.955305859662976,-1.46625056333957));
#6924=CARTESIAN_POINT('',(-4.54563913955671E-16,0.894701976101571,-1.29619958878252));
#6925=CARTESIAN_POINT('',(-0.0582259385454871,0.914938219639043,-1.35298131187843));
#6926=CARTESIAN_POINT('',(-0.116570328029749,0.935135916204578,-1.40965487441171));
#6927=CARTESIAN_POINT('',(-0.175,0.955305859662976,-1.46625056333957));
#6928=CARTESIAN_POINT('',(-0.175,0.,1.19464384928248E-15));
#6929=CARTESIAN_POINT('',(-0.175,0.,1.19464384928248E-15));
#6930=CARTESIAN_POINT('',(-0.175,0.576649680001313,-1.65226364317393));
#6931=CARTESIAN_POINT('',(-0.175,0.46401934507888,-1.68736067495737));
#6932=CARTESIAN_POINT('',(-4.91886156983428E-16,0.558502697091993,-1.47265058222953));
#6933=CARTESIAN_POINT('',(-0.0582259385454871,0.564562156388051,-1.53262518171372));
#6934=CARTESIAN_POINT('',(-0.116570328029749,0.570610073334017,-1.59248553869045));
#6935=CARTESIAN_POINT('',(-0.175,0.576649680001313,-1.65226364317393));
#6936=CARTESIAN_POINT('',(-0.175,0.464019345078879,-1.68736067495737));
#6937=CARTESIAN_POINT('',(-0.116570328029749,0.43503201013893,-1.63473337180194));
#6938=CARTESIAN_POINT('',(-0.0582259385454863,0.406004789682502,-1.5820336553953));
#6939=CARTESIAN_POINT('',(6.22620451144739E-16,0.376922171252908,-1.52923336244603));
#6940=CARTESIAN_POINT('',(-0.175,0.,1.19464384928248E-15));
#6941=CARTESIAN_POINT('',(-0.175,0.,1.19464384928248E-15));
#6942=CARTESIAN_POINT('',(-0.175,0.373286880128355,-1.709724219026));
#6943=CARTESIAN_POINT('',(-0.175,0.257247267460229,-1.73098926726432));
#6944=CARTESIAN_POINT('',(-2.15466600994646E-16,0.376922171252902,-1.52923336244604));
#6945=CARTESIAN_POINT('',(-0.0582259385454869,0.375708311146868,-1.58950106668216));
#6946=CARTESIAN_POINT('',(-0.116570328029749,0.374496763260063,-1.64965397009076));
#6947=CARTESIAN_POINT('',(-0.175,0.373286880128355,-1.709724219026));
#6948=CARTESIAN_POINT('',(-0.175000000000001,0.257247267460228,-1.73098926726432));
#6949=CARTESIAN_POINT('',(-0.116570328038002,0.234814803245201,-1.67525163928684));
#6950=CARTESIAN_POINT('',(-0.0582259385546539,0.212351472774135,-1.61943731835759));
#6951=CARTESIAN_POINT('',(4.6437520397341E-16,0.189845271402138,-1.56351647670444));
#6952=CARTESIAN_POINT('',(-0.175,0.,1.19464384928248E-15));
#6953=CARTESIAN_POINT('',(-0.175,0.,1.19464384928248E-15));
#6954=CARTESIAN_POINT('',(-0.175,0.164480716974276,-1.74225316580101));
#6955=CARTESIAN_POINT('',(-0.175,0.0467239454116098,-1.74937613820619));
#6956=CARTESIAN_POINT('',(-4.04114940242815E-16,0.189845271402132,-1.56351647670444));
#6957=CARTESIAN_POINT('',(-0.058225938545487,0.181375792707726,-1.62319844685368));
#6958=CARTESIAN_POINT('',(-0.116570328029749,0.172922447084509,-1.68276673190992));
#6959=CARTESIAN_POINT('',(-0.175,0.164480716974276,-1.74225316580101));
#6960=CARTESIAN_POINT('',(-0.175,0.0467239454116089,-1.74937613820619));
#6961=CARTESIAN_POINT('',(-0.116570328029749,0.03117346775698,-1.69134096551715));
#6962=CARTESIAN_POINT('',(-0.0582259385454865,0.0156015932118117,-1.63322593854549));
#6963=CARTESIAN_POINT('',(2.98460090573761E-16,4.29181255811379E-15,-1.575));
#6964=CARTESIAN_POINT('',(-0.175,0.,1.19464384928248E-15));
#6965=CARTESIAN_POINT('',(-0.175,0.,1.19464384928248E-15));
#6966=CARTESIAN_POINT('',(-0.175,-0.0467239454116062,-1.74937613820619));
#6967=CARTESIAN_POINT('',(-0.175,-0.164480716974272,-1.74225316580101));
#6968=CARTESIAN_POINT('',(-6.10110933309821E-16,-2.14762704874502E-15,-1.57500000000001));
#6969=CARTESIAN_POINT('',(-0.0582259385454872,-0.0156015932118094,-1.63322593854549));
#6970=CARTESIAN_POINT('',(-0.116570328029749,-0.0311734677569775,-1.69134096551715));
#6971=CARTESIAN_POINT('',(-0.175,-0.0467239454116062,-1.74937613820619));
#6972=CARTESIAN_POINT('',(-0.175000000000001,-0.164480716974273,-1.74225316580101));
#6973=CARTESIAN_POINT('',(-0.116570328029749,-0.172922447084505,-1.68276673190992));
#6974=CARTESIAN_POINT('',(-0.0582259385454865,-0.181375792707723,-1.62319844685368));
#6975=CARTESIAN_POINT('',(3.82364165047319E-16,-0.189845271402129,-1.56351647670444));
#6976=CARTESIAN_POINT('',(-0.175,0.,1.19464384928248E-15));
#6977=CARTESIAN_POINT('',(-0.175,0.,1.19464384928248E-15));
#6978=CARTESIAN_POINT('',(-0.175,-0.257247267460224,-1.73098926726432));
#6979=CARTESIAN_POINT('',(-0.175,-0.373286880128351,-1.709724219026));
#6980=CARTESIAN_POINT('',(-5.39422104915099E-16,-0.189845271402136,-1.56351647670444));
#6981=CARTESIAN_POINT('',(-0.058225938536734,-0.212351472767205,-1.61943731834038));
#6982=CARTESIAN_POINT('',(-0.11657032802187,-0.234814803239005,-1.67525163927145));
#6983=CARTESIAN_POINT('',(-0.175,-0.257247267460224,-1.73098926726432));
#6984=CARTESIAN_POINT('',(-0.175,-0.373286880128352,-1.709724219026));
#6985=CARTESIAN_POINT('',(-0.116570328029749,-0.37449676326006,-1.64965397009076));
#6986=CARTESIAN_POINT('',(-0.0582259385454865,-0.375708311146865,-1.58950106668216));
#6987=CARTESIAN_POINT('',(3.93741950362455E-16,-0.376922171252899,-1.52923336244604));
#6988=CARTESIAN_POINT('',(-0.175,0.,1.19464384928248E-15));
#6989=CARTESIAN_POINT('',(-0.175,0.,1.19464384928248E-15));
#6990=CARTESIAN_POINT('',(-0.175,-0.464019345078875,-1.68736067495737));
#6991=CARTESIAN_POINT('',(-0.175,-0.57664968000131,-1.65226364317394));
#6992=CARTESIAN_POINT('',(-4.61912791899107E-16,-0.376922171252906,-1.52923336244604));
#6993=CARTESIAN_POINT('',(-0.0582259385454871,-0.406004789682499,-1.5820336553953));
#6994=CARTESIAN_POINT('',(-0.116570328029749,-0.435032010138927,-1.63473337180195));
#6995=CARTESIAN_POINT('',(-0.175,-0.464019345078875,-1.68736067495737));
#6996=CARTESIAN_POINT('',(-0.175,-0.576649680001311,-1.65226364317393));
#6997=CARTESIAN_POINT('',(-0.116570328029749,-0.570610073334014,-1.59248553869045));
#6998=CARTESIAN_POINT('',(-0.0582259385454866,-0.564562156388048,-1.53262518171372));
#6999=CARTESIAN_POINT('',(2.65774166404641E-16,-0.558502697091991,-1.47265058222953));
#7000=CARTESIAN_POINT('',(-0.175,0.,1.19464384928248E-15));
#7001=CARTESIAN_POINT('',(-0.175,0.,1.19464384928248E-15));
#7002=CARTESIAN_POINT('',(-0.175,-0.66402497576571,-1.61912656440421));
#7003=CARTESIAN_POINT('',(-0.175,-0.771603629037854,-1.57070934283069));
#7004=CARTESIAN_POINT('',(-5.79796166391333E-16,-0.558502697091997,-1.47265058222953));
#7005=CARTESIAN_POINT('',(-0.0582259385454872,-0.593737642517675,-1.52156037931661));
#7006=CARTESIAN_POINT('',(-0.116570328029749,-0.628905470721225,-1.57037701066508));
#7007=CARTESIAN_POINT('',(-0.175,-0.66402497576571,-1.61912656440421));
#7008=CARTESIAN_POINT('',(-0.175,-0.771603629037855,-1.57070934283069));
#7009=CARTESIAN_POINT('',(-0.116570328029749,-0.758402603636773,-1.5120950821709));
#7010=CARTESIAN_POINT('',(-0.0582259385454864,-0.745183414105831,-1.45340017042455));
#7011=CARTESIAN_POINT('',(4.06872239176268E-16,-0.731938995968932,-1.39459324040381));
#7012=CARTESIAN_POINT('',(-0.175,0.,1.19464384928248E-15));
#7013=CARTESIAN_POINT('',(-0.175,0.,1.19464384928248E-15));
#7014=CARTESIAN_POINT('',(-0.175,-0.854347627051854,-1.52728194258653));
#7015=CARTESIAN_POINT('',(-0.175,-0.955305859662973,-1.46625056333957));
#7016=CARTESIAN_POINT('',(-4.99122872790093E-16,-0.731938995968939,-1.39459324040381));
#7017=CARTESIAN_POINT('',(-0.0582259385454871,-0.772812463544208,-1.4388993266519));
#7018=CARTESIAN_POINT('',(-0.116570328029749,-0.81360807336862,-1.48312101653165));
#7019=CARTESIAN_POINT('',(-0.175,-0.854347627051854,-1.52728194258653));
#7020=CARTESIAN_POINT('',(-0.175,-0.955305859662973,-1.46625056333957));
#7021=CARTESIAN_POINT('',(-0.116570328029749,-0.935135916204575,-1.40965487441171));
#7022=CARTESIAN_POINT('',(-0.0582259385454864,-0.91493821963904,-1.35298131187844));
#7023=CARTESIAN_POINT('',(3.98456298242639E-16,-0.894701976101568,-1.29619958878252));
#7024=CARTESIAN_POINT('',(-0.175,0.,1.19464384928248E-15));
#7025=CARTESIAN_POINT('',(-0.175,0.,1.19464384928248E-15));
#7026=CARTESIAN_POINT('',(-0.175,-1.03221196611227,-1.41316611090652));
#7027=CARTESIAN_POINT('',(-0.175,-1.12507757969275,-1.34041054892623));
#7028=CARTESIAN_POINT('',(-4.75331434743545E-16,-0.894701976101574,-1.29619958878251));
#7029=CARTESIAN_POINT('',(-0.0582259385454871,-0.940617938630153,-1.3352558816855));
#7030=CARTESIAN_POINT('',(-0.116570328029749,-0.986446438220474,-1.37423777827951));
#7031=CARTESIAN_POINT('',(-0.175,-1.03221196611227,-1.41316611090652));
#7032=CARTESIAN_POINT('',(-0.175,-1.12507757969275,-1.34041054892623));
#7033=CARTESIAN_POINT('',(-0.116570328029749,-1.09823284137142,-1.28665872431727));
#7034=CARTESIAN_POINT('',(-0.0582259385454864,-1.07135116566847,-1.23283293915654));
#7035=CARTESIAN_POINT('',(4.86791423151537E-16,-1.04441818672925,-1.17890442836949));
#7036=CARTESIAN_POINT('',(-0.175,0.,1.19464384928248E-15));
#7037=CARTESIAN_POINT('',(-0.175,0.,1.19464384928248E-15));
#7038=CARTESIAN_POINT('',(-0.175,-1.34041054892623,-1.12507757969276));
#7039=CARTESIAN_POINT('',(-0.175,-1.41316611090652,-1.03221196611228));
#7040=CARTESIAN_POINT('',(-4.39259573762477E-16,-1.17890442836949,-1.04441818672926));
#7041=CARTESIAN_POINT('',(-0.058225938545487,-1.23283293915654,-1.07135116566847));
#7042=CARTESIAN_POINT('',(-0.116570328029749,-1.28665872431726,-1.09823284137142));
#7043=CARTESIAN_POINT('',(-0.175,-1.34041054892623,-1.12507757969276));
#7044=CARTESIAN_POINT('',(-0.175,-1.41316611090652,-1.03221196611228));
#7045=CARTESIAN_POINT('',(-0.116570328029749,-1.37423777827951,-0.986446438220479));
#7046=CARTESIAN_POINT('',(-0.0582259385454864,-1.33525588168549,-0.940617938630158));
#7047=CARTESIAN_POINT('',(3.87104348791103E-16,-1.29619958878251,-0.894701976101579));
#7048=CARTESIAN_POINT('',(-0.175,0.,1.19464384928248E-15));
#7049=CARTESIAN_POINT('',(-0.175,-1.27844313515654,-1.19502433036785));
#7050=CARTESIAN_POINT('',(-0.116570328029749,-1.24531505870608,-1.14490019271915));
#7051=CARTESIAN_POINT('',(-0.0582259385454864,-1.21214139922973,-1.09470708608374));
#7052=CARTESIAN_POINT('',(4.65277858556459E-16,-1.17890442836948,-1.04441818672926));
#7053=CARTESIAN_POINT('',(-0.175,-1.27844313515654,-1.19502433036785));
#7054=CARTESIAN_POINT('',(-0.175,0.,1.19464384928248E-15));
#7055=CARTESIAN_POINT('',(-0.175,-1.19502433036785,-1.27844313515654));
#7056=CARTESIAN_POINT('',(-5.19529913477285E-16,-1.04441818672926,-1.17890442836949));
#7057=CARTESIAN_POINT('',(-0.058225938545487,-1.09470708608374,-1.21214139922973));
#7058=CARTESIAN_POINT('',(-0.116570328029749,-1.14490019271915,-1.24531505870608));
#7059=CARTESIAN_POINT('',(-0.175,-1.19502433036785,-1.27844313515654));
#7060=CARTESIAN_POINT('',(-0.175,0.,1.19464384928248E-15));
#7061=CARTESIAN_POINT('',(-0.175,0.,1.19464384928248E-15));
#7062=CARTESIAN_POINT('',(-0.175,-1.57070934283069,-0.77160362903786));
#7063=CARTESIAN_POINT('',(-0.175,-1.6191265644042,-0.664024975765716));
#7064=CARTESIAN_POINT('',(-2.1319808704334E-16,-1.39459324040381,-0.731938995968937));
#7065=CARTESIAN_POINT('',(-0.0582259385454868,-1.45340017042455,-0.745183414105836));
#7066=CARTESIAN_POINT('',(-0.116570328029749,-1.5120950821709,-0.758402603636779));
#7067=CARTESIAN_POINT('',(-0.175,-1.57070934283069,-0.77160362903786));
#7068=CARTESIAN_POINT('',(-0.175,-1.6191265644042,-0.664024975765716));
#7069=CARTESIAN_POINT('',(-0.116570328029749,-1.57037701066508,-0.62890547072123));
#7070=CARTESIAN_POINT('',(-0.0582259385454861,-1.52156037931661,-0.59373764251768));
#7071=CARTESIAN_POINT('',(8.49801686564145E-16,-1.47265058222953,-0.558502697092001));
#7072=CARTESIAN_POINT('',(-0.175,0.,1.19464384928248E-15));
#7073=CARTESIAN_POINT('',(-0.175,-1.52728194258653,-0.854347627051859));
#7074=CARTESIAN_POINT('',(-0.116570328029749,-1.48312101653165,-0.813608073368624));
#7075=CARTESIAN_POINT('',(-0.0582259385454862,-1.43889932665189,-0.772812463544212));
#7076=CARTESIAN_POINT('',(6.50320048792292E-16,-1.39459324040381,-0.731938995968943));
#7077=CARTESIAN_POINT('',(-0.175,-1.52728194258653,-0.85434762705186));
#7078=CARTESIAN_POINT('',(-0.175,0.,1.19464384928248E-15));
#7079=CARTESIAN_POINT('',(-0.175,-1.46625056333957,-0.955305859662979));
#7080=CARTESIAN_POINT('',(-2.29886206697282E-16,-1.29619958878251,-0.894701976101573));
#7081=CARTESIAN_POINT('',(-0.0582259385454868,-1.35298131187843,-0.914938219639046));
#7082=CARTESIAN_POINT('',(-0.116570328029749,-1.40965487441171,-0.93513591620458));
#7083=CARTESIAN_POINT('',(-0.175,-1.46625056333957,-0.955305859662979));
#7084=CARTESIAN_POINT('',(-0.175,0.,1.19464384928248E-15));
#7085=CARTESIAN_POINT('',(-0.175,0.,1.19464384928248E-15));
#7086=CARTESIAN_POINT('',(-0.175,-1.65226364317393,-0.576649680001316));
#7087=CARTESIAN_POINT('',(-0.175,-1.68736067495737,-0.464019345078883));
#7088=CARTESIAN_POINT('',(-1.38426608770908E-16,-1.47265058222953,-0.558502697091995));
#7089=CARTESIAN_POINT('',(-0.0582259385454868,-1.53262518171372,-0.564562156388053));
#7090=CARTESIAN_POINT('',(-0.116570328029749,-1.59248553869045,-0.570610073334019));
#7091=CARTESIAN_POINT('',(-0.175,-1.65226364317393,-0.576649680001316));
#7092=CARTESIAN_POINT('',(-0.175,-1.68736067495737,-0.464019345078883));
#7093=CARTESIAN_POINT('',(-0.116570328029749,-1.63473337180194,-0.435032010138934));
#7094=CARTESIAN_POINT('',(-0.0582259385454861,-1.5820336553953,-0.406004789682506));
#7095=CARTESIAN_POINT('',(7.25409135137427E-16,-1.52923336244604,-0.376922171252912));
#7096=CARTESIAN_POINT('',(-0.175,0.,1.19464384928248E-15));
#7097=CARTESIAN_POINT('',(-0.175,0.,1.19464384928248E-15));
#7098=CARTESIAN_POINT('',(-0.175,-1.709724219026,-0.373286880128359));
#7099=CARTESIAN_POINT('',(-0.175,-1.73098926726432,-0.257247267460232));
#7100=CARTESIAN_POINT('',(-1.71716117504941E-16,-1.52923336244604,-0.376922171252905));
#7101=CARTESIAN_POINT('',(-0.0582259385454868,-1.58950106668216,-0.375708311146871));
#7102=CARTESIAN_POINT('',(-0.116570328029749,-1.64965397009076,-0.374496763260066));
#7103=CARTESIAN_POINT('',(-0.175,-1.709724219026,-0.373286880128358));
#7104=CARTESIAN_POINT('',(-0.175,-1.73098926726432,-0.257247267460231));
#7105=CARTESIAN_POINT('',(-0.116570328038001,-1.67525163928684,-0.234814803245205));
#7106=CARTESIAN_POINT('',(-0.0582259385546534,-1.61943731835759,-0.212351472774138));
#7107=CARTESIAN_POINT('',(9.28760184470413E-16,-1.56351647670444,-0.189845271402141));
#7108=CARTESIAN_POINT('',(-0.175,0.,1.19464384928248E-15));
#7109=CARTESIAN_POINT('',(-0.175,0.,1.19464384928248E-15));
#7110=CARTESIAN_POINT('',(-0.175,-1.74225316580101,-0.164480716974279));
#7111=CARTESIAN_POINT('',(-0.175,-1.74937613820619,-0.0467239454116118));
#7112=CARTESIAN_POINT('',(-1.69150629961754E-17,-1.56351647670444,-0.189845271402135));
#7113=CARTESIAN_POINT('',(-0.0582259385454866,-1.62319844685368,-0.181375792707729));
#7114=CARTESIAN_POINT('',(-0.116570328029749,-1.68276673190992,-0.172922447084511));
#7115=CARTESIAN_POINT('',(-0.175,-1.74225316580101,-0.164480716974279));
#7116=CARTESIAN_POINT('',(-0.175,-1.74937613820619,-0.0467239454116113));
#7117=CARTESIAN_POINT('',(-0.116570328029749,-1.69134096551715,-0.0311734677569823));
#7118=CARTESIAN_POINT('',(-0.058225938545486,-1.63322593854549,-0.0156015932118139));
#7119=CARTESIAN_POINT('',(9.38109164536266E-16,-1.57500000000001,-6.41124612364382E-15));
#7120=CARTESIAN_POINT('',(-0.175,0.,1.19464384928248E-15));
#7121=CARTESIAN_POINT('',(-0.175,0.,1.19464384928248E-15));
#7122=CARTESIAN_POINT('',(-0.175,-1.74937613820619,0.0467239454116045));
#7123=CARTESIAN_POINT('',(-0.175,-1.74225316580101,0.16448071697427));
#7124=CARTESIAN_POINT('',(4.04204391263451E-17,-1.57500000000001,6.29552755619188E-16));
#7125=CARTESIAN_POINT('',(-0.0582259385454866,-1.63322593854549,0.0156015932118079));
#7126=CARTESIAN_POINT('',(-0.116570328029749,-1.69134096551715,0.0311734677569759));
#7127=CARTESIAN_POINT('',(-0.175,-1.74937613820619,0.0467239454116046));
#7128=CARTESIAN_POINT('',(-0.175,-1.74225316580101,0.16448071697427));
#7129=CARTESIAN_POINT('',(-0.116570328029748,-1.68276673190992,0.172922447084503));
#7130=CARTESIAN_POINT('',(-0.058225938545486,-1.62319844685368,0.181375792707721));
#7131=CARTESIAN_POINT('',(9.39329240793652E-16,-1.56351647670444,0.189845271402127));
#7132=CARTESIAN_POINT('',(-0.175,0.,1.19464384928248E-15));
#7133=CARTESIAN_POINT('',(-0.175,0.,1.19464384928248E-15));
#7134=CARTESIAN_POINT('',(-0.175,-1.73098926726432,0.257247267460223));
#7135=CARTESIAN_POINT('',(-0.175,-1.709724219026,0.373286880128348));
#7136=CARTESIAN_POINT('',(2.10044989456923E-17,-1.56351647670444,0.189845271402134));
#7137=CARTESIAN_POINT('',(-0.0582259385367334,-1.61943731834038,0.212351472767203));
#7138=CARTESIAN_POINT('',(-0.116570328021869,-1.67525163927146,0.234814803239003));
#7139=CARTESIAN_POINT('',(-0.175,-1.73098926726432,0.257247267460223));
#7140=CARTESIAN_POINT('',(-0.175,-1.709724219026,0.373286880128349));
#7141=CARTESIAN_POINT('',(-0.116570328029748,-1.64965397009076,0.374496763260057));
#7142=CARTESIAN_POINT('',(-0.0582259385454859,-1.58950106668216,0.375708311146862));
#7143=CARTESIAN_POINT('',(9.25810772031901E-16,-1.52923336244604,0.376922171252897));
#7144=CARTESIAN_POINT('',(-0.175,0.,1.19464384928248E-15));
#7145=CARTESIAN_POINT('',(-0.175,0.,1.19464384928248E-15));
#7146=CARTESIAN_POINT('',(-0.175,-1.68736067495737,0.464019345078874));
#7147=CARTESIAN_POINT('',(-0.175,-1.65226364317394,0.576649680001307));
#7148=CARTESIAN_POINT('',(3.89946002779475E-17,-1.52923336244604,0.376922171252904));
#7149=CARTESIAN_POINT('',(-0.0582259385454865,-1.5820336553953,0.406004789682498));
#7150=CARTESIAN_POINT('',(-0.116570328029749,-1.63473337180195,0.435032010138925));
#7151=CARTESIAN_POINT('',(-0.175,-1.68736067495737,0.464019345078874));
#7152=CARTESIAN_POINT('',(-0.175,-1.65226364317394,0.576649680001308));
#7153=CARTESIAN_POINT('',(-0.116570328029748,-1.59248553869046,0.570610073334012));
#7154=CARTESIAN_POINT('',(-0.0582259385454857,-1.53262518171373,0.564562156388046));
#7155=CARTESIAN_POINT('',(1.19326710856104E-15,-1.47265058222954,0.558502697091988));
#7156=CARTESIAN_POINT('',(-0.175,0.,1.19464384928248E-15));
#7157=CARTESIAN_POINT('',(-0.175,0.,1.19464384928248E-15));
#7158=CARTESIAN_POINT('',(-0.175,-1.61912656440421,0.664024975765709));
#7159=CARTESIAN_POINT('',(-0.175,-1.5707093428307,0.771603629037854));
#7160=CARTESIAN_POINT('',(1.16048366189796E-16,-1.47265058222953,0.558502697091996));
#7161=CARTESIAN_POINT('',(-0.0582259385454865,-1.52156037931661,0.593737642517674));
#7162=CARTESIAN_POINT('',(-0.116570328029749,-1.57037701066508,0.628905470721223));
#7163=CARTESIAN_POINT('',(-0.175,-1.61912656440421,0.664024975765709));
#7164=CARTESIAN_POINT('',(-0.175,-1.5707093428307,0.771603629037854));
#7165=CARTESIAN_POINT('',(-0.116570328029748,-1.51209508217091,0.758402603636773));
#7166=CARTESIAN_POINT('',(-0.0582259385454857,-1.45340017042456,0.745183414105831));
#7167=CARTESIAN_POINT('',(1.20621071607958E-15,-1.39459324040381,0.731938995968932));
#7168=CARTESIAN_POINT('',(-0.175,0.,1.19464384928248E-15));
#7169=CARTESIAN_POINT('',(-0.175,0.,1.19464384928248E-15));
#7170=CARTESIAN_POINT('',(-0.175,-1.52728194258653,0.854347627051854));
#7171=CARTESIAN_POINT('',(-0.175,-1.46625056333957,0.955305859662972));
#7172=CARTESIAN_POINT('',(4.53069649943444E-16,-1.39459324040381,0.731938995968939));
#7173=CARTESIAN_POINT('',(-0.0582259385454862,-1.4388993266519,0.772812463544208));
#7174=CARTESIAN_POINT('',(-0.116570328029749,-1.48312101653165,0.81360807336862));
#7175=CARTESIAN_POINT('',(-0.175,-1.52728194258653,0.854347627051854));
#7176=CARTESIAN_POINT('',(-0.175,-1.46625056333957,0.955305859662972));
#7177=CARTESIAN_POINT('',(-0.116570328029748,-1.40965487441172,0.935135916204574));
#7178=CARTESIAN_POINT('',(-0.0582259385454856,-1.35298131187844,0.914938219639039));
#7179=CARTESIAN_POINT('',(1.35530167052237E-15,-1.29619958878252,0.894701976101567));
#7180=CARTESIAN_POINT('',(-0.175,0.,1.19464384928248E-15));
#7181=CARTESIAN_POINT('',(-0.175,0.,1.19464384928248E-15));
#7182=CARTESIAN_POINT('',(-0.175,-1.41316611090652,1.03221196611227));
#7183=CARTESIAN_POINT('',(-0.174999999999999,-1.34041054892623,1.12507757969275));
#7184=CARTESIAN_POINT('',(2.24177705254773E-16,-1.29619958878252,0.894701976101574));
#7185=CARTESIAN_POINT('',(-0.0582259385454864,-1.3352558816855,0.940617938630153));
#7186=CARTESIAN_POINT('',(-0.116570328029749,-1.37423777827952,0.986446438220474));
#7187=CARTESIAN_POINT('',(-0.175,-1.41316611090652,1.03221196611227));
#7188=CARTESIAN_POINT('',(-0.175,-1.34041054892623,1.12507757969275));
#7189=CARTESIAN_POINT('',(-0.116570328029748,-1.28665872431727,1.09823284137142));
#7190=CARTESIAN_POINT('',(-0.0582259385454856,-1.23283293915655,1.07135116566847));
#7191=CARTESIAN_POINT('',(1.34153761211948E-15,-1.17890442836949,1.04441818672925));
#7192=CARTESIAN_POINT('',(-0.175,0.,1.19464384928248E-15));
#7193=CARTESIAN_POINT('',(-0.175,0.,1.19464384928248E-15));
#7194=CARTESIAN_POINT('',(-0.174999999999999,-1.12507757969276,1.34041054892623));
#7195=CARTESIAN_POINT('',(-0.174999999999999,-1.03221196611228,1.41316611090652));
#7196=CARTESIAN_POINT('',(2.60483431965046E-16,-1.04441818672926,1.17890442836949));
#7197=CARTESIAN_POINT('',(-0.0582259385454863,-1.07135116566848,1.23283293915654));
#7198=CARTESIAN_POINT('',(-0.116570328029749,-1.09823284137143,1.28665872431726));
#7199=CARTESIAN_POINT('',(-0.175,-1.12507757969276,1.34041054892623));
#7200=CARTESIAN_POINT('',(-0.174999999999999,-1.03221196611228,1.41316611090652));
#7201=CARTESIAN_POINT('',(-0.116570328029748,-0.986446438220482,1.37423777827951));
#7202=CARTESIAN_POINT('',(-0.0582259385454855,-0.94061793863016,1.33525588168549));
#7203=CARTESIAN_POINT('',(1.28166626686209E-15,-0.894701976101581,1.29619958878251));
#7204=CARTESIAN_POINT('',(-0.175,0.,1.19464384928248E-15));
#7205=CARTESIAN_POINT('',(-0.175,-1.19502433036786,1.27844313515654));
#7206=CARTESIAN_POINT('',(-0.116570328029748,-1.14490019271915,1.24531505870608));
#7207=CARTESIAN_POINT('',(-0.0582259385454857,-1.09470708608374,1.21214139922972));
#7208=CARTESIAN_POINT('',(1.23316566457552E-15,-1.04441818672926,1.17890442836948));
#7209=CARTESIAN_POINT('',(-0.174999999999999,-1.19502433036786,1.27844313515654));
#7210=CARTESIAN_POINT('',(-0.175,0.,1.19464384928248E-15));
#7211=CARTESIAN_POINT('',(-0.174999999999999,-1.27844313515655,1.19502433036785));
#7212=CARTESIAN_POINT('',(4.47924085701352E-16,-1.17890442836949,1.04441818672926));
#7213=CARTESIAN_POINT('',(-0.0582259385454862,-1.21214139922973,1.09470708608374));
#7214=CARTESIAN_POINT('',(-0.116570328029749,-1.24531505870609,1.14490019271915));
#7215=CARTESIAN_POINT('',(-0.175,-1.27844313515655,1.19502433036785));
#7216=CARTESIAN_POINT('',(-0.175,0.,1.19464384928248E-15));
#7217=CARTESIAN_POINT('',(-0.175,0.,1.19464384928248E-15));
#7218=CARTESIAN_POINT('',(-0.174999999999999,-0.771603629037862,1.57070934283069));
#7219=CARTESIAN_POINT('',(-0.174999999999999,-0.664024975765717,1.6191265644042));
#7220=CARTESIAN_POINT('',(3.58243644422397E-16,-0.731938995968939,1.39459324040381));
#7221=CARTESIAN_POINT('',(-0.0582259385454862,-0.745183414105838,1.45340017042455));
#7222=CARTESIAN_POINT('',(-0.116570328029748,-0.75840260363678,1.5120950821709));
#7223=CARTESIAN_POINT('',(-0.174999999999999,-0.771603629037862,1.57070934283069));
#7224=CARTESIAN_POINT('',(-0.174999999999999,-0.664024975765717,1.61912656440421));
#7225=CARTESIAN_POINT('',(-0.116570328029748,-0.628905470721231,1.57037701066508));
#7226=CARTESIAN_POINT('',(-0.0582259385454854,-0.593737642517681,1.52156037931661));
#7227=CARTESIAN_POINT('',(1.42412764597041E-15,-0.558502697092003,1.47265058222953));
#7228=CARTESIAN_POINT('',(-0.175,0.,1.19464384928248E-15));
#7229=CARTESIAN_POINT('',(-0.174999999999999,-0.854347627051862,1.52728194258653));
#7230=CARTESIAN_POINT('',(-0.116570328029748,-0.813608073368627,1.48312101653165));
#7231=CARTESIAN_POINT('',(-0.0582259385454854,-0.772812463544215,1.4388993266519));
#7232=CARTESIAN_POINT('',(1.43799114032826E-15,-0.731938995968945,1.39459324040381));
#7233=CARTESIAN_POINT('',(-0.174999999999999,-0.854347627051862,1.52728194258653));
#7234=CARTESIAN_POINT('',(-0.175,0.,1.19464384928248E-15));
#7235=CARTESIAN_POINT('',(-0.174999999999999,-0.955305859662981,1.46625056333957));
#7236=CARTESIAN_POINT('',(4.44236170814428E-16,-0.894701976101575,1.29619958878251));
#7237=CARTESIAN_POINT('',(-0.0582259385454861,-0.914938219639047,1.35298131187843));
#7238=CARTESIAN_POINT('',(-0.116570328029748,-0.935135916204582,1.40965487441171));
#7239=CARTESIAN_POINT('',(-0.175,-0.955305859662981,1.46625056333957));
#7240=CARTESIAN_POINT('',(-0.175,0.,1.19464384928248E-15));
#7241=CARTESIAN_POINT('',(-0.175,0.,1.19464384928248E-15));
#7242=CARTESIAN_POINT('',(-0.174999999999999,-0.576649680001316,1.65226364317394));
#7243=CARTESIAN_POINT('',(-0.174999999999999,-0.464019345078882,1.68736067495737));
#7244=CARTESIAN_POINT('',(4.51504177514651E-16,-0.558502697091996,1.47265058222954));
#7245=CARTESIAN_POINT('',(-0.0582259385454861,-0.564562156388053,1.53262518171372));
#7246=CARTESIAN_POINT('',(-0.116570328029748,-0.57061007333402,1.59248553869045));
#7247=CARTESIAN_POINT('',(-0.174999999999999,-0.576649680001316,1.65226364317394));
#7248=CARTESIAN_POINT('',(-0.174999999999999,-0.464019345078882,1.68736067495737));
#7249=CARTESIAN_POINT('',(-0.116570328029748,-0.435032010138933,1.63473337180195));
#7250=CARTESIAN_POINT('',(-0.0582259385454854,-0.406004789682506,1.5820336553953));
#7251=CARTESIAN_POINT('',(1.47237174714228E-15,-0.376922171252911,1.52923336244604));
#7252=CARTESIAN_POINT('',(-0.175,0.,1.19464384928248E-15));
#7253=CARTESIAN_POINT('',(-0.175,0.,1.19464384928248E-15));
#7254=CARTESIAN_POINT('',(-0.174999999999999,-0.373286880128357,1.709724219026));
#7255=CARTESIAN_POINT('',(-0.174999999999999,-0.25724726746023,1.73098926726432));
#7256=CARTESIAN_POINT('',(4.07341497768417E-16,-0.376922171252904,1.52923336244604));
#7257=CARTESIAN_POINT('',(-0.0582259385454862,-0.37570831114687,1.58950106668216));
#7258=CARTESIAN_POINT('',(-0.116570328029748,-0.374496763260065,1.64965397009076));
#7259=CARTESIAN_POINT('',(-0.174999999999999,-0.373286880128357,1.709724219026));
#7260=CARTESIAN_POINT('',(-0.174999999999999,-0.25724726746023,1.73098926726432));
#7261=CARTESIAN_POINT('',(-0.116570328037998,-0.234814803245203,1.67525163928684));
#7262=CARTESIAN_POINT('',(-0.0582259385546486,-0.212351472774135,1.61943731835759));
#7263=CARTESIAN_POINT('',(7.87629435863352E-15,-0.189845271402138,1.56351647670443));
#7264=CARTESIAN_POINT('',(-6.,0.,0.));
#7265=CARTESIAN_POINT('',(-9.59687364248454,0.,3.91763362114591E-15));
#7266=CARTESIAN_POINT('',(-9.59687364248454,-1.12507757969276,1.34041054892623));
#7267=CARTESIAN_POINT('',(-9.59687364248454,-1.03221196611228,1.41316611090652));
#7268=CARTESIAN_POINT('',(-6.,0.264116229204889,0.310504402286349));
#7269=CARTESIAN_POINT('',(-9.676870272392,-0.89470197610157,1.2961995887825));
#7270=CARTESIAN_POINT('',(-6.,-0.383983565186362,-0.136846585764436));
#7271=CARTESIAN_POINT('',(-9.59687364248454,-0.955305859662981,1.46625056333957));
#7272=CARTESIAN_POINT('',(-9.59687364248454,0.,3.91763362114591E-15));
#7273=CARTESIAN_POINT('',(-9.59687364248454,-0.854347627051863,1.52728194258653));
#7274=CARTESIAN_POINT('',(-6.,0.299617694381269,0.27640478212626));
#7275=CARTESIAN_POINT('',(-9.676870272392,-0.731938995968935,1.3945932404038));
#7276=CARTESIAN_POINT('',(-6.,-0.397678925820631,-0.0895647158582088));
#7277=CARTESIAN_POINT('',(-9.59687364248454,-0.771603629037862,1.57070934283069));
#7278=CARTESIAN_POINT('',(-9.59687364248454,0.,3.91763362114591E-15));
#7279=CARTESIAN_POINT('',(-9.59687364248454,-0.664024975765717,1.61912656440421));
#7280=CARTESIAN_POINT('',(-6.,0.33075005889328,0.238274557833405));
#7281=CARTESIAN_POINT('',(-9.676870272392,-0.558502697091994,1.47265058222952));
#7282=CARTESIAN_POINT('',(-6.,-0.405575232221482,-0.0409767907125927));
#7283=CARTESIAN_POINT('',(-9.59687364248454,-0.576649680001316,1.65226364317394));
#7284=CARTESIAN_POINT('',(-9.59687364248454,0.,3.91763362114591E-15));
#7285=CARTESIAN_POINT('',(-9.59687364248454,-0.464019345078883,1.68736067495737));
#7286=CARTESIAN_POINT('',(-6.,0.357059342762356,0.196669753939762));
#7287=CARTESIAN_POINT('',(-9.676870272392,-0.376922171252904,1.52923336244602));
#7288=CARTESIAN_POINT('',(-6.,-0.407557338460657,0.00820866831330971));
#7289=CARTESIAN_POINT('',(-9.59687364248454,-0.373286880128357,1.709724219026));
#7290=CARTESIAN_POINT('',(-9.59687364248454,0.,3.91763362114591E-15));
#7291=CARTESIAN_POINT('',(-9.59687364248454,-0.257247267460231,1.73098926726432));
#7292=CARTESIAN_POINT('',(-6.,0.37816189738634,0.152197062171961));
#7293=CARTESIAN_POINT('',(-9.676870272392,-0.189845271402135,1.56351647670443));
#7294=CARTESIAN_POINT('',(-6.,-0.403596340965875,0.0572744264708929));
#7295=CARTESIAN_POINT('',(-9.59687364248454,-0.164480716974277,1.74225316580101));
#7296=CARTESIAN_POINT('',(-9.59687364248454,0.,3.91763362114591E-15));
#7297=CARTESIAN_POINT('',(-9.59687364248454,-0.0467239454116085,1.74937613820619));
#7298=CARTESIAN_POINT('',(-6.,0.393749999999999,0.105504994519755));
#7299=CARTESIAN_POINT('',(-9.676870272392,-5.42101086242752E-17,1.57499999999999));
#7300=CARTESIAN_POINT('',(-6.,-0.393749999999999,0.105504994519754));
#7301=CARTESIAN_POINT('',(-9.59687364248454,0.0467239454116085,1.74937613820619));
#7302=CARTESIAN_POINT('',(-9.59687364248454,0.,3.91763362114591E-15));
#7303=CARTESIAN_POINT('',(-9.59687364248454,0.164480716974276,1.74225316580101));
#7304=CARTESIAN_POINT('',(-6.,0.403596340965875,0.0572744264708933));
#7305=CARTESIAN_POINT('',(-9.676870272392,0.189845271402134,1.56351647670443));
#7306=CARTESIAN_POINT('',(-6.,-0.37816189738634,0.15219706217196));
#7307=CARTESIAN_POINT('',(-9.59687364248454,0.257247267460229,1.73098926726432));
#7308=CARTESIAN_POINT('',(-9.59687364248454,0.,3.91763362114591E-15));
#7309=CARTESIAN_POINT('',(-9.59687364248454,0.373286880128354,1.709724219026));
#7310=CARTESIAN_POINT('',(-6.,0.407557338460657,0.00820866831331049));
#7311=CARTESIAN_POINT('',(-9.676870272392,0.376922171252902,1.52923336244602));
#7312=CARTESIAN_POINT('',(-6.,-0.357059342762357,0.196669753939762));
#7313=CARTESIAN_POINT('',(-9.59687364248454,0.464019345078879,1.68736067495737));
#7314=CARTESIAN_POINT('',(-9.59687364248454,0.,3.91763362114591E-15));
#7315=CARTESIAN_POINT('',(-9.59687364248454,0.576649680001313,1.65226364317394));
#7316=CARTESIAN_POINT('',(-6.,0.405575232221482,-0.040976790712592));
#7317=CARTESIAN_POINT('',(-9.676870272392,0.558502697091991,1.47265058222952));
#7318=CARTESIAN_POINT('',(-6.,-0.33075005889328,0.238274557833404));
#7319=CARTESIAN_POINT('',(-9.59687364248454,0.664024975765714,1.61912656440421));
#7320=CARTESIAN_POINT('',(-9.59687364248454,0.,3.91763362114591E-15));
#7321=CARTESIAN_POINT('',(-9.59687364248454,0.771603629037858,1.5707093428307));
#7322=CARTESIAN_POINT('',(-6.,0.397678925820631,-0.0895647158582077));
#7323=CARTESIAN_POINT('',(-9.676870272392,0.731938995968931,1.3945932404038));
#7324=CARTESIAN_POINT('',(-6.,-0.29961769438127,0.276404782126259));
#7325=CARTESIAN_POINT('',(-9.59687364248454,0.854347627051858,1.52728194258653));
#7326=CARTESIAN_POINT('',(-9.59687364248454,0.,3.91763362114591E-15));
#7327=CARTESIAN_POINT('',(-9.59687364248454,0.955305859662977,1.46625056333957));
#7328=CARTESIAN_POINT('',(-6.,0.383983565186363,-0.136846585764435));
#7329=CARTESIAN_POINT('',(-9.676870272392,0.894701976101566,1.2961995887825));
#7330=CARTESIAN_POINT('',(-6.,-0.26411622920489,0.310504402286348));
#7331=CARTESIAN_POINT('',(-9.59687364248454,1.03221196611228,1.41316611090652));
#7332=CARTESIAN_POINT('',(-9.59687364248454,0.,3.91763362114591E-15));
#7333=CARTESIAN_POINT('',(-9.59687364248454,1.12507757969276,1.34041054892623));
#7334=CARTESIAN_POINT('',(-6.,0.36468885951599,-0.182132924298543));
#7335=CARTESIAN_POINT('',(-9.676870272392,1.04441818672925,1.17890442836948));
#7336=CARTESIAN_POINT('',(-6.,-0.22476335466875,0.340076169066081));
#7337=CARTESIAN_POINT('',(-9.59687364248454,1.19502433036785,1.27844313515654));
#7338=CARTESIAN_POINT('',(-9.59687364248454,0.,3.91763362114591E-15));
#7339=CARTESIAN_POINT('',(-9.59687364248454,1.27844313515654,1.19502433036785));
#7340=CARTESIAN_POINT('',(-6.,0.340076169066082,-0.22476335466875));
#7341=CARTESIAN_POINT('',(-9.676870272392,1.17890442836948,1.04441818672925));
#7342=CARTESIAN_POINT('',(-6.,-0.182132924298543,0.36468885951599));
#7343=CARTESIAN_POINT('',(-9.59687364248454,1.34041054892623,1.12507757969276));
#7344=CARTESIAN_POINT('',(-9.59687364248454,0.,3.91763362114591E-15));
#7345=CARTESIAN_POINT('',(-9.59687364248454,1.41316611090652,1.03221196611228));
#7346=CARTESIAN_POINT('',(-6.,0.310504402286349,-0.26411622920489));
#7347=CARTESIAN_POINT('',(-9.676870272392,1.2961995887825,0.894701976101567));
#7348=CARTESIAN_POINT('',(-6.,-0.136846585764436,0.383983565186362));
#7349=CARTESIAN_POINT('',(-9.59687364248454,1.46625056333957,0.955305859662977));
#7350=CARTESIAN_POINT('',(-9.59687364248454,0.,3.91763362114591E-15));
#7351=CARTESIAN_POINT('',(-9.59687364248454,1.52728194258653,0.854347627051859));
#7352=CARTESIAN_POINT('',(-6.,0.276404782126259,-0.29961769438127));
#7353=CARTESIAN_POINT('',(-9.676870272392,1.3945932404038,0.731938995968932));
#7354=CARTESIAN_POINT('',(-6.,-0.0895647158582079,0.397678925820631));
#7355=CARTESIAN_POINT('',(-9.59687364248454,1.5707093428307,0.771603629037858));
#7356=CARTESIAN_POINT('',(-9.59687364248454,0.,3.91763362114591E-15));
#7357=CARTESIAN_POINT('',(-9.59687364248454,1.61912656440421,0.664024975765714));
#7358=CARTESIAN_POINT('',(-6.,0.238274557833404,-0.33075005889328));
#7359=CARTESIAN_POINT('',(-9.676870272392,1.47265058222952,0.558502697091991));
#7360=CARTESIAN_POINT('',(-6.,-0.0409767907125918,0.405575232221482));
#7361=CARTESIAN_POINT('',(-9.59687364248454,1.65226364317394,0.576649680001312));
#7362=CARTESIAN_POINT('',(-9.59687364248454,0.,3.91763362114591E-15));
#7363=CARTESIAN_POINT('',(-9.59687364248454,1.68736067495737,0.46401934507888));
#7364=CARTESIAN_POINT('',(-6.,0.196669753939762,-0.357059342762357));
#7365=CARTESIAN_POINT('',(-9.676870272392,1.52923336244602,0.376922171252902));
#7366=CARTESIAN_POINT('',(-6.,0.00820866831331025,0.407557338460657));
#7367=CARTESIAN_POINT('',(-9.59687364248454,1.709724219026,0.373286880128355));
#7368=CARTESIAN_POINT('',(-9.59687364248454,0.,3.91763362114591E-15));
#7369=CARTESIAN_POINT('',(-9.59687364248454,1.73098926726432,0.257247267460228));
#7370=CARTESIAN_POINT('',(-6.,0.15219706217196,-0.37816189738634));
#7371=CARTESIAN_POINT('',(-9.676870272392,1.56351647670443,0.189845271402133));
#7372=CARTESIAN_POINT('',(-6.,0.0572744264708934,0.403596340965875));
#7373=CARTESIAN_POINT('',(-9.59687364248454,1.74225316580101,0.164480716974275));
#7374=CARTESIAN_POINT('',(-9.59687364248454,0.,3.91763362114591E-15));
#7375=CARTESIAN_POINT('',(-9.59687364248454,1.74937613820619,0.0467239454116082));
#7376=CARTESIAN_POINT('',(-6.,0.105504994519754,-0.393749999999999));
#7377=CARTESIAN_POINT('',(-9.676870272392,1.57499999999999,-2.35112697674286E-16));
#7378=CARTESIAN_POINT('',(-6.,0.105504994519754,0.393749999999999));
#7379=CARTESIAN_POINT('',(-9.59687364248454,1.74937613820619,-0.0467239454116089));
#7380=CARTESIAN_POINT('',(-9.59687364248454,0.,3.91763362114591E-15));
#7381=CARTESIAN_POINT('',(-9.59687364248454,1.74225316580101,-0.164480716974274));
#7382=CARTESIAN_POINT('',(-6.,0.0572744264708937,-0.403596340965875));
#7383=CARTESIAN_POINT('',(-9.676870272392,1.56351647670443,-0.189845271402132));
#7384=CARTESIAN_POINT('',(-6.,0.15219706217196,0.37816189738634));
#7385=CARTESIAN_POINT('',(-9.59687364248454,1.73098926726432,-0.257247267460227));
#7386=CARTESIAN_POINT('',(-9.59687364248454,0.,3.91763362114591E-15));
#7387=CARTESIAN_POINT('',(-9.59687364248454,1.709724219026,-0.373286880128354));
#7388=CARTESIAN_POINT('',(-6.,0.00820866831331052,-0.407557338460657));
#7389=CARTESIAN_POINT('',(-9.676870272392,1.52923336244602,-0.376922171252901));
#7390=CARTESIAN_POINT('',(-6.,0.196669753939762,0.357059342762357));
#7391=CARTESIAN_POINT('',(-9.59687364248454,1.68736067495737,-0.464019345078879));
#7392=CARTESIAN_POINT('',(-9.59687364248454,0.,3.91763362114591E-15));
#7393=CARTESIAN_POINT('',(-9.59687364248454,1.65226364317394,-0.576649680001313));
#7394=CARTESIAN_POINT('',(-6.,-0.040976790712592,-0.405575232221482));
#7395=CARTESIAN_POINT('',(-9.676870272392,1.47265058222952,-0.558502697091991));
#7396=CARTESIAN_POINT('',(-6.,0.238274557833404,0.33075005889328));
#7397=CARTESIAN_POINT('',(-9.59687364248454,1.61912656440421,-0.664024975765714));
#7398=CARTESIAN_POINT('',(-9.59687364248454,0.,3.91763362114591E-15));
#7399=CARTESIAN_POINT('',(-9.59687364248454,1.5707093428307,-0.771603629037858));
#7400=CARTESIAN_POINT('',(-6.,-0.0895647158582077,-0.397678925820631));
#7401=CARTESIAN_POINT('',(-9.676870272392,1.3945932404038,-0.731938995968931));
#7402=CARTESIAN_POINT('',(-6.,0.276404782126259,0.29961769438127));
#7403=CARTESIAN_POINT('',(-9.59687364248454,1.52728194258653,-0.854347627051858));
#7404=CARTESIAN_POINT('',(-9.59687364248454,0.,3.91763362114591E-15));
#7405=CARTESIAN_POINT('',(-9.59687364248454,1.46625056333957,-0.955305859662976));
#7406=CARTESIAN_POINT('',(-6.,-0.136846585764435,-0.383983565186363));
#7407=CARTESIAN_POINT('',(-9.676870272392,1.2961995887825,-0.894701976101565));
#7408=CARTESIAN_POINT('',(-6.,0.310504402286348,0.26411622920489));
#7409=CARTESIAN_POINT('',(-9.59687364248454,1.41316611090652,-1.03221196611228));
#7410=CARTESIAN_POINT('',(-9.59687364248454,0.,3.91763362114591E-15));
#7411=CARTESIAN_POINT('',(-9.59687364248454,1.34041054892623,-1.12507757969276));
#7412=CARTESIAN_POINT('',(-6.,-0.182132924298543,-0.36468885951599));
#7413=CARTESIAN_POINT('',(-9.676870272392,1.17890442836948,-1.04441818672925));
#7414=CARTESIAN_POINT('',(-6.,0.340076169066081,0.22476335466875));
#7415=CARTESIAN_POINT('',(-9.59687364248454,1.27844313515654,-1.19502433036785));
#7416=CARTESIAN_POINT('',(-9.59687364248454,0.,3.91763362114591E-15));
#7417=CARTESIAN_POINT('',(-9.59687364248454,1.19502433036785,-1.27844313515654));
#7418=CARTESIAN_POINT('',(-6.,-0.22476335466875,-0.340076169066082));
#7419=CARTESIAN_POINT('',(-9.676870272392,1.04441818672925,-1.17890442836948));
#7420=CARTESIAN_POINT('',(-6.,0.36468885951599,0.182132924298543));
#7421=CARTESIAN_POINT('',(-9.59687364248454,1.12507757969276,-1.34041054892623));
#7422=CARTESIAN_POINT('',(-9.59687364248454,0.,3.91763362114591E-15));
#7423=CARTESIAN_POINT('',(-9.59687364248454,1.03221196611228,-1.41316611090652));
#7424=CARTESIAN_POINT('',(-6.,-0.26411622920489,-0.310504402286349));
#7425=CARTESIAN_POINT('',(-9.676870272392,0.894701976101566,-1.2961995887825));
#7426=CARTESIAN_POINT('',(-6.,0.383983565186362,0.136846585764435));
#7427=CARTESIAN_POINT('',(-9.59687364248454,0.955305859662977,-1.46625056333957));
#7428=CARTESIAN_POINT('',(-9.59687364248454,0.,3.91763362114591E-15));
#7429=CARTESIAN_POINT('',(-9.59687364248454,0.854347627051859,-1.52728194258653));
#7430=CARTESIAN_POINT('',(-6.,-0.29961769438127,-0.276404782126259));
#7431=CARTESIAN_POINT('',(-9.676870272392,0.731938995968932,-1.3945932404038));
#7432=CARTESIAN_POINT('',(-6.,0.397678925820631,0.089564715858208));
#7433=CARTESIAN_POINT('',(-9.59687364248454,0.771603629037858,-1.5707093428307));
#7434=CARTESIAN_POINT('',(-9.59687364248454,0.,3.91763362114591E-15));
#7435=CARTESIAN_POINT('',(-9.59687364248454,0.664024975765715,-1.61912656440421));
#7436=CARTESIAN_POINT('',(-6.,-0.33075005889328,-0.238274557833404));
#7437=CARTESIAN_POINT('',(-9.676870272392,0.558502697091991,-1.47265058222952));
#7438=CARTESIAN_POINT('',(-6.,0.405575232221482,0.0409767907125921));
#7439=CARTESIAN_POINT('',(-9.59687364248454,0.576649680001313,-1.65226364317394));
#7440=CARTESIAN_POINT('',(-9.59687364248454,0.,3.91763362114591E-15));
#7441=CARTESIAN_POINT('',(-9.59687364248454,0.46401934507888,-1.68736067495737));
#7442=CARTESIAN_POINT('',(-6.,-0.357059342762357,-0.196669753939762));
#7443=CARTESIAN_POINT('',(-9.676870272392,0.376922171252902,-1.52923336244602));
#7444=CARTESIAN_POINT('',(-6.,0.407557338460657,-0.00820866831331024));
#7445=CARTESIAN_POINT('',(-9.59687364248454,0.373286880128355,-1.709724219026));
#7446=CARTESIAN_POINT('',(-9.59687364248454,0.,3.91763362114591E-15));
#7447=CARTESIAN_POINT('',(-9.59687364248454,0.257247267460229,-1.73098926726432));
#7448=CARTESIAN_POINT('',(-6.,-0.37816189738634,-0.15219706217196));
#7449=CARTESIAN_POINT('',(-9.676870272392,0.189845271402134,-1.56351647670443));
#7450=CARTESIAN_POINT('',(-6.,0.403596340965875,-0.0572744264708932));
#7451=CARTESIAN_POINT('',(-9.59687364248454,0.164480716974276,-1.74225316580101));
#7452=CARTESIAN_POINT('',(-9.59687364248454,0.,3.91763362114591E-15));
#7453=CARTESIAN_POINT('',(-9.59687364248454,0.0467239454116098,-1.74937613820619));
#7454=CARTESIAN_POINT('',(-6.,-0.393749999999999,-0.105504994519755));
#7455=CARTESIAN_POINT('',(-9.676870272392,1.26020924878626E-15,-1.57499999999999));
#7456=CARTESIAN_POINT('',(-6.,0.393749999999999,-0.105504994519754));
#7457=CARTESIAN_POINT('',(-9.59687364248454,-0.0467239454116072,-1.74937613820619));
#7458=CARTESIAN_POINT('',(-9.59687364248454,0.,3.91763362114591E-15));
#7459=CARTESIAN_POINT('',(-9.59687364248454,-0.164480716974272,-1.74225316580101));
#7460=CARTESIAN_POINT('',(-6.,-0.403596340965875,-0.0572744264708941));
#7461=CARTESIAN_POINT('',(-9.676870272392,-0.189845271402131,-1.56351647670443));
#7462=CARTESIAN_POINT('',(-6.,0.37816189738634,-0.15219706217196));
#7463=CARTESIAN_POINT('',(-9.59687364248454,-0.257247267460226,-1.73098926726432));
#7464=CARTESIAN_POINT('',(-9.59687364248454,0.,3.91763362114591E-15));
#7465=CARTESIAN_POINT('',(-9.59687364248454,-0.373286880128351,-1.709724219026));
#7466=CARTESIAN_POINT('',(-6.,-0.407557338460657,-0.00820866831331108));
#7467=CARTESIAN_POINT('',(-9.676870272392,-0.376922171252899,-1.52923336244602));
#7468=CARTESIAN_POINT('',(-6.,0.357059342762357,-0.196669753939761));
#7469=CARTESIAN_POINT('',(-9.59687364248454,-0.464019345078877,-1.68736067495737));
#7470=CARTESIAN_POINT('',(-9.59687364248454,0.,3.91763362114591E-15));
#7471=CARTESIAN_POINT('',(-9.59687364248454,-0.576649680001311,-1.65226364317394));
#7472=CARTESIAN_POINT('',(-6.,-0.405575232221482,0.0409767907125914));
#7473=CARTESIAN_POINT('',(-9.676870272392,-0.558502697091989,-1.47265058222952));
#7474=CARTESIAN_POINT('',(-6.,0.33075005889328,-0.238274557833404));
#7475=CARTESIAN_POINT('',(-9.59687364248454,-0.664024975765712,-1.61912656440421));
#7476=CARTESIAN_POINT('',(-9.59687364248454,0.,3.91763362114591E-15));
#7477=CARTESIAN_POINT('',(-9.59687364248454,-0.771603629037856,-1.5707093428307));
#7478=CARTESIAN_POINT('',(-6.,-0.397678925820631,0.0895647158582072));
#7479=CARTESIAN_POINT('',(-9.676870272392,-0.73193899596893,-1.3945932404038));
#7480=CARTESIAN_POINT('',(-6.,0.29961769438127,-0.276404782126258));
#7481=CARTESIAN_POINT('',(-9.59687364248454,-0.854347627051856,-1.52728194258653));
#7482=CARTESIAN_POINT('',(-9.59687364248454,0.,3.91763362114591E-15));
#7483=CARTESIAN_POINT('',(-9.59687364248454,-0.955305859662974,-1.46625056333957));
#7484=CARTESIAN_POINT('',(-6.,-0.383983565186363,0.136846585764435));
#7485=CARTESIAN_POINT('',(-9.676870272392,-0.894701976101564,-1.2961995887825));
#7486=CARTESIAN_POINT('',(-6.,0.26411622920489,-0.310504402286348));
#7487=CARTESIAN_POINT('',(-9.59687364248454,-1.03221196611227,-1.41316611090652));
#7488=CARTESIAN_POINT('',(-9.59687364248454,0.,3.91763362114591E-15));
#7489=CARTESIAN_POINT('',(-9.59687364248454,-1.12507757969275,-1.34041054892623));
#7490=CARTESIAN_POINT('',(-6.,-0.364688859515991,0.182132924298542));
#7491=CARTESIAN_POINT('',(-9.676870272392,-1.04441818672925,-1.17890442836948));
#7492=CARTESIAN_POINT('',(-6.,0.224763354668751,-0.340076169066081));
#7493=CARTESIAN_POINT('',(-9.59687364248454,-1.19502433036785,-1.27844313515654));
#7494=CARTESIAN_POINT('',(-9.59687364248454,0.,3.91763362114591E-15));
#7495=CARTESIAN_POINT('',(-9.59687364248454,-1.27844313515654,-1.19502433036786));
#7496=CARTESIAN_POINT('',(-6.,-0.340076169066082,0.22476335466875));
#7497=CARTESIAN_POINT('',(-9.676870272392,-1.17890442836948,-1.04441818672925));
#7498=CARTESIAN_POINT('',(-6.,0.182132924298543,-0.36468885951599));
#7499=CARTESIAN_POINT('',(-9.59687364248454,-1.34041054892623,-1.12507757969276));
#7500=CARTESIAN_POINT('',(-9.59687364248454,0.,3.91763362114591E-15));
#7501=CARTESIAN_POINT('',(-9.59687364248454,-1.41316611090652,-1.03221196611228));
#7502=CARTESIAN_POINT('',(-6.,-0.310504402286349,0.264116229204889));
#7503=CARTESIAN_POINT('',(-9.676870272392,-1.2961995887825,-0.894701976101569));
#7504=CARTESIAN_POINT('',(-6.,0.136846585764436,-0.383983565186362));
#7505=CARTESIAN_POINT('',(-9.59687364248454,-1.46625056333957,-0.95530585966298));
#7506=CARTESIAN_POINT('',(-9.59687364248454,0.,3.91763362114591E-15));
#7507=CARTESIAN_POINT('',(-9.59687364248454,-1.52728194258653,-0.854347627051861));
#7508=CARTESIAN_POINT('',(-6.,-0.276404782126259,0.299617694381269));
#7509=CARTESIAN_POINT('',(-9.676870272392,-1.3945932404038,-0.731938995968934));
#7510=CARTESIAN_POINT('',(-6.,0.0895647158582085,-0.397678925820631));
#7511=CARTESIAN_POINT('',(-9.59687364248454,-1.57070934283069,-0.771603629037861));
#7512=CARTESIAN_POINT('',(-9.59687364248454,0.,3.91763362114591E-15));
#7513=CARTESIAN_POINT('',(-9.59687364248454,-1.61912656440421,-0.664024975765717));
#7514=CARTESIAN_POINT('',(-6.,-0.238274557833405,0.33075005889328));
#7515=CARTESIAN_POINT('',(-9.676870272392,-1.47265058222952,-0.558502697091994));
#7516=CARTESIAN_POINT('',(-6.,0.0409767907125927,-0.405575232221482));
#7517=CARTESIAN_POINT('',(-9.59687364248454,-1.65226364317394,-0.576649680001316));
#7518=CARTESIAN_POINT('',(-9.59687364248454,0.,3.91763362114591E-15));
#7519=CARTESIAN_POINT('',(-9.59687364248454,-1.68736067495737,-0.464019345078884));
#7520=CARTESIAN_POINT('',(-6.,-0.196669753939763,0.357059342762356));
#7521=CARTESIAN_POINT('',(-9.676870272392,-1.52923336244602,-0.376922171252906));
#7522=CARTESIAN_POINT('',(-6.,-0.0082086683133094,-0.407557338460657));
#7523=CARTESIAN_POINT('',(-9.59687364248454,-1.709724219026,-0.373286880128358));
#7524=CARTESIAN_POINT('',(-9.59687364248454,0.,3.91763362114591E-15));
#7525=CARTESIAN_POINT('',(-9.59687364248454,-1.73098926726432,-0.257247267460232));
#7526=CARTESIAN_POINT('',(-6.,-0.152197062171961,0.37816189738634));
#7527=CARTESIAN_POINT('',(-9.676870272392,-1.56351647670443,-0.189845271402136));
#7528=CARTESIAN_POINT('',(-6.,-0.0572744264708925,-0.403596340965875));
#7529=CARTESIAN_POINT('',(-9.59687364248454,-1.74225316580101,-0.164480716974278));
#7530=CARTESIAN_POINT('',(-9.59687364248454,0.,3.91763362114591E-15));
#7531=CARTESIAN_POINT('',(-9.59687364248454,-1.74937613820619,-0.0467239454116119));
#7532=CARTESIAN_POINT('',(-6.,-0.105504994519755,0.393749999999999));
#7533=CARTESIAN_POINT('',(-9.676870272392,-1.57499999999999,-3.10525144800372E-15));
#7534=CARTESIAN_POINT('',(-6.,-0.105504994519754,-0.393749999999999));
#7535=CARTESIAN_POINT('',(-9.59687364248454,-1.74937613820619,0.0467239454116051));
#7536=CARTESIAN_POINT('',(-9.59687364248454,0.,3.91763362114591E-15));
#7537=CARTESIAN_POINT('',(-9.59687364248454,-1.74225316580101,0.16448071697427));
#7538=CARTESIAN_POINT('',(-6.,-0.0572744264708945,0.403596340965875));
#7539=CARTESIAN_POINT('',(-9.676870272392,-1.56351647670443,0.189845271402129));
#7540=CARTESIAN_POINT('',(-6.,-0.152197062171959,-0.378161897386341));
#7541=CARTESIAN_POINT('',(-9.59687364248454,-1.73098926726432,0.257247267460224));
#7542=CARTESIAN_POINT('',(-9.59687364248454,0.,3.91763362114591E-15));
#7543=CARTESIAN_POINT('',(-9.59687364248454,-1.709724219026,0.373286880128349));
#7544=CARTESIAN_POINT('',(-6.,-0.00820866831331174,0.407557338460657));
#7545=CARTESIAN_POINT('',(-9.676870272392,-1.52923336244603,0.376922171252897));
#7546=CARTESIAN_POINT('',(-6.,-0.19666975393976,-0.357059342762357));
#7547=CARTESIAN_POINT('',(-9.59687364248454,-1.68736067495737,0.464019345078874));
#7548=CARTESIAN_POINT('',(-9.59687364248454,0.,3.91763362114591E-15));
#7549=CARTESIAN_POINT('',(-9.59687364248454,-1.65226364317394,0.576649680001308));
#7550=CARTESIAN_POINT('',(-6.,0.0409767907125908,0.405575232221482));
#7551=CARTESIAN_POINT('',(-9.676870272392,-1.47265058222952,0.558502697091987));
#7552=CARTESIAN_POINT('',(-6.,-0.238274557833403,-0.330750058893281));
#7553=CARTESIAN_POINT('',(-9.59687364248454,-1.61912656440421,0.664024975765709));
#7554=CARTESIAN_POINT('',(-9.59687364248454,0.,3.91763362114591E-15));
#7555=CARTESIAN_POINT('',(-9.59687364248454,-1.5707093428307,0.771603629037854));
#7556=CARTESIAN_POINT('',(-6.,0.0895647158582069,0.397678925820631));
#7557=CARTESIAN_POINT('',(-9.676870272392,-1.3945932404038,0.731938995968928));
#7558=CARTESIAN_POINT('',(-6.,-0.276404782126258,-0.29961769438127));
#7559=CARTESIAN_POINT('',(-9.59687364248454,-1.52728194258653,0.854347627051855));
#7560=CARTESIAN_POINT('',(-9.59687364248454,0.,3.91763362114591E-15));
#7561=CARTESIAN_POINT('',(-9.59687364248454,-1.46625056333957,0.955305859662972));
#7562=CARTESIAN_POINT('',(-6.,0.136846585764434,0.383983565186363));
#7563=CARTESIAN_POINT('',(-9.676870272392,-1.2961995887825,0.894701976101562));
#7564=CARTESIAN_POINT('',(-6.,-0.310504402286348,-0.264116229204891));
#7565=CARTESIAN_POINT('',(-9.59687364248454,-1.41316611090652,1.03221196611227));
#7566=CARTESIAN_POINT('',(-9.59687364248454,0.,3.91763362114591E-15));
#7567=CARTESIAN_POINT('',(-9.59687364248454,-1.34041054892623,1.12507757969275));
#7568=CARTESIAN_POINT('',(-6.,0.182132924298542,0.364688859515991));
#7569=CARTESIAN_POINT('',(-9.676870272392,-1.17890442836948,1.04441818672924));
#7570=CARTESIAN_POINT('',(-6.,-0.340076169066081,-0.224763354668751));
#7571=CARTESIAN_POINT('',(-9.59687364248454,-1.27844313515655,1.19502433036785));
#7572=CARTESIAN_POINT('',(-9.59687364248454,0.,3.91763362114591E-15));
#7573=CARTESIAN_POINT('',(-9.59687364248454,-1.19502433036786,1.27844313515654));
#7574=CARTESIAN_POINT('',(-6.,0.224763354668749,0.340076169066082));
#7575=CARTESIAN_POINT('',(-9.676870272392,-1.04441818672925,1.17890442836947));
#7576=CARTESIAN_POINT('',(-6.,-0.36468885951599,-0.182132924298544));
#7577=CARTESIAN_POINT('',(-13.9104277432436,-0.955522680885767,1.46685895108756));
#7578=CARTESIAN_POINT('',(-13.9104277432436,-0.89470197610157,1.2961995887825));
#7579=CARTESIAN_POINT('',(-10.,-0.955305859662982,1.46625056333957));
#7580=CARTESIAN_POINT('',(-13.9104277432436,-1.03270393267329,1.41358457954023));
#7581=CARTESIAN_POINT('',(-10.,-1.03221196611228,1.41316611090652));
#7582=CARTESIAN_POINT('',(-13.9104277432436,-1.12536615308416,1.34098836593215));
#7583=CARTESIAN_POINT('',(-13.9104277432436,-1.04441818672925,1.17890442836948));
#7584=CARTESIAN_POINT('',(-10.,-1.12507757969276,1.34041054892623));
#7585=CARTESIAN_POINT('',(-13.9104277432436,-1.19556315075863,1.2787992526667));
#7586=CARTESIAN_POINT('',(-10.,-1.19502433036786,1.27844313515654));
#7587=CARTESIAN_POINT('',(-10.,0.,4.04257239845944E-15));
#7588=CARTESIAN_POINT('',(-13.9104277432436,-1.27879925266671,1.19556315075862));
#7589=CARTESIAN_POINT('',(-13.9104277432436,-1.17890442836948,1.04441818672924));
#7590=CARTESIAN_POINT('',(-10.,-1.27844313515655,1.19502433036785));
#7591=CARTESIAN_POINT('',(-13.9104277432436,-1.34098836593215,1.12536615308415));
#7592=CARTESIAN_POINT('',(-10.,-1.34041054892624,1.12507757969275));
#7593=CARTESIAN_POINT('',(-13.9104277432436,-1.41358457954024,1.03270393267328));
#7594=CARTESIAN_POINT('',(-13.9104277432436,-1.29619958878251,0.894701976101562));
#7595=CARTESIAN_POINT('',(-10.,-1.41316611090652,1.03221196611227));
#7596=CARTESIAN_POINT('',(-13.9104277432436,-1.46685895108756,0.955522680885758));
#7597=CARTESIAN_POINT('',(-10.,-1.46625056333958,0.955305859662973));
#7598=CARTESIAN_POINT('',(-13.9104277432436,-1.52775666012882,0.854785565802827));
#7599=CARTESIAN_POINT('',(-13.9104277432436,-1.3945932404038,0.731938995968929));
#7600=CARTESIAN_POINT('',(-10.,-1.52728194258653,0.854347627051856));
#7601=CARTESIAN_POINT('',(-13.9104277432436,-1.57133942965742,0.771745536350356));
#7602=CARTESIAN_POINT('',(-10.,-1.5707093428307,0.771603629037855));
#7603=CARTESIAN_POINT('',(-13.9104277432436,-1.61965060840432,0.664402500573504));
#7604=CARTESIAN_POINT('',(-13.9104277432436,-1.47265058222952,0.558502697091987));
#7605=CARTESIAN_POINT('',(-10.,-1.61912656440421,0.66402497576571));
#7606=CARTESIAN_POINT('',(-13.9104277432436,-1.65290624099463,0.576714604075362));
#7607=CARTESIAN_POINT('',(-10.,-1.65226364317394,0.576649680001308));
#7608=CARTESIAN_POINT('',(-13.9104277432436,-1.68792640367375,0.464330950781684));
#7609=CARTESIAN_POINT('',(-13.9104277432436,-1.52923336244603,0.376922171252897));
#7610=CARTESIAN_POINT('',(-10.,-1.68736067495737,0.464019345078875));
#7611=CARTESIAN_POINT('',(-13.9104277432436,-1.71036995731744,0.373273874224758));
#7612=CARTESIAN_POINT('',(-10.,-1.709724219026,0.373286880128349));
#7613=CARTESIAN_POINT('',(-13.9104277432436,-1.73158843109837,0.257488410145225));
#7614=CARTESIAN_POINT('',(-13.9104277432436,-1.56351647670443,0.189845271402129));
#7615=CARTESIAN_POINT('',(-10.,-1.73098926726432,0.257247267460224));
#7616=CARTESIAN_POINT('',(-13.9104277432436,-1.74289262824483,0.164389970748397));
#7617=CARTESIAN_POINT('',(-10.,-1.74225316580102,0.16448071697427));
#7618=CARTESIAN_POINT('',(-13.9104277432436,-1.75,0.0468911086754452));
#7619=CARTESIAN_POINT('',(-13.9104277432436,-1.57499999999999,-3.05781760295748E-15));
#7620=CARTESIAN_POINT('',(-10.,-1.74937613820619,0.0467239454116055));
#7621=CARTESIAN_POINT('',(-13.9104277432436,-1.75,-0.0468911086754519));
#7622=CARTESIAN_POINT('',(-10.,-1.74937613820619,-0.0467239454116124));
#7623=CARTESIAN_POINT('',(-13.9104277432436,-1.74289262824482,-0.164389970748405));
#7624=CARTESIAN_POINT('',(-13.9104277432436,-1.56351647670443,-0.189845271402136));
#7625=CARTESIAN_POINT('',(-10.,-1.74225316580102,-0.164480716974278));
#7626=CARTESIAN_POINT('',(-13.9104277432436,-1.73158843109836,-0.257488410145233));
#7627=CARTESIAN_POINT('',(-10.,-1.73098926726432,-0.257247267460233));
#7628=CARTESIAN_POINT('',(-13.9104277432436,-1.71036995731744,-0.373273874224768));
#7629=CARTESIAN_POINT('',(-13.9104277432436,-1.52923336244602,-0.376922171252906));
#7630=CARTESIAN_POINT('',(-10.,-1.709724219026,-0.373286880128358));
#7631=CARTESIAN_POINT('',(-13.9104277432436,-1.68792640367374,-0.464330950781693));
#7632=CARTESIAN_POINT('',(-10.,-1.68736067495737,-0.464019345078885));
#7633=CARTESIAN_POINT('',(-13.9104277432436,-1.65290624099463,-0.576714604075369));
#7634=CARTESIAN_POINT('',(-13.9104277432436,-1.47265058222952,-0.558502697091994));
#7635=CARTESIAN_POINT('',(-10.,-1.65226364317394,-0.576649680001316));
#7636=CARTESIAN_POINT('',(-13.9104277432436,-1.61965060840432,-0.664402500573512));
#7637=CARTESIAN_POINT('',(-10.,-1.61912656440421,-0.664024975765718));
#7638=CARTESIAN_POINT('',(-13.9104277432436,-1.57133942965742,-0.771745536350362));
#7639=CARTESIAN_POINT('',(-13.9104277432436,-1.3945932404038,-0.731938995968934));
#7640=CARTESIAN_POINT('',(-10.,-1.5707093428307,-0.771603629037861));
#7641=CARTESIAN_POINT('',(-13.9104277432436,-1.52775666012881,-0.854785565802833));
#7642=CARTESIAN_POINT('',(-10.,-1.52728194258653,-0.854347627051863));
#7643=CARTESIAN_POINT('',(-10.,0.,4.04257239845944E-15));
#7644=CARTESIAN_POINT('',(-10.,0.,4.04257239845944E-15));
#7645=CARTESIAN_POINT('',(-10.,0.,4.04257239845944E-15));
#7646=CARTESIAN_POINT('',(-10.,0.,4.04257239845944E-15));
#7647=CARTESIAN_POINT('',(-10.,0.,4.04257239845944E-15));
#7648=CARTESIAN_POINT('',(-10.,0.,4.04257239845944E-15));
#7649=CARTESIAN_POINT('',(-10.,0.,4.04257239845944E-15));
#7650=CARTESIAN_POINT('',(-10.,0.,4.04257239845944E-15));
#7651=CARTESIAN_POINT('',(-10.,0.,4.04257239845944E-15));
#7652=CARTESIAN_POINT('',(-10.,0.,4.04257239845944E-15));
#7653=CARTESIAN_POINT('',(-13.9104277432436,-1.46685895108756,-0.955522680885766));
#7654=CARTESIAN_POINT('',(-13.9104277432436,-1.2961995887825,-0.894701976101569));
#7655=CARTESIAN_POINT('',(-10.,-1.46625056333957,-0.955305859662981));
#7656=CARTESIAN_POINT('',(-13.9104277432436,-1.41358457954023,-1.03270393267329));
#7657=CARTESIAN_POINT('',(-10.,-1.41316611090652,-1.03221196611228));
#7658=CARTESIAN_POINT('',(-13.9104277432436,-1.34098836593215,-1.12536615308416));
#7659=CARTESIAN_POINT('',(-13.9104277432436,-1.17890442836948,-1.04441818672925));
#7660=CARTESIAN_POINT('',(-10.,-1.34041054892623,-1.12507757969276));
#7661=CARTESIAN_POINT('',(-13.9104277432436,-1.2787992526667,-1.19556315075863));
#7662=CARTESIAN_POINT('',(-10.,-1.27844313515654,-1.19502433036786));
#7663=CARTESIAN_POINT('',(-10.,0.,4.04257239845944E-15));
#7664=CARTESIAN_POINT('',(-13.9104277432436,-1.19556315075862,-1.27879925266671));
#7665=CARTESIAN_POINT('',(-13.9104277432436,-1.04441818672925,-1.17890442836948));
#7666=CARTESIAN_POINT('',(-10.,-1.19502433036785,-1.27844313515655));
#7667=CARTESIAN_POINT('',(-13.9104277432436,-1.12536615308416,-1.34098836593215));
#7668=CARTESIAN_POINT('',(-10.,-1.12507757969275,-1.34041054892623));
#7669=CARTESIAN_POINT('',(-13.9104277432436,-1.03270393267328,-1.41358457954024));
#7670=CARTESIAN_POINT('',(-13.9104277432436,-0.894701976101564,-1.2961995887825));
#7671=CARTESIAN_POINT('',(-10.,-1.03221196611227,-1.41316611090652));
#7672=CARTESIAN_POINT('',(-13.9104277432436,-0.95552268088576,-1.46685895108756));
#7673=CARTESIAN_POINT('',(-10.,-0.955305859662975,-1.46625056333957));
#7674=CARTESIAN_POINT('',(-13.9104277432436,-0.854785565802828,-1.52775666012882));
#7675=CARTESIAN_POINT('',(-13.9104277432436,-0.73193899596893,-1.3945932404038));
#7676=CARTESIAN_POINT('',(-10.,-0.854347627051858,-1.52728194258653));
#7677=CARTESIAN_POINT('',(-13.9104277432436,-0.771745536350357,-1.57133942965742));
#7678=CARTESIAN_POINT('',(-10.,-0.771603629037856,-1.5707093428307));
#7679=CARTESIAN_POINT('',(-13.9104277432436,-0.664402500573507,-1.61965060840432));
#7680=CARTESIAN_POINT('',(-13.9104277432436,-0.558502697091989,-1.47265058222952));
#7681=CARTESIAN_POINT('',(-10.,-0.664024975765713,-1.61912656440421));
#7682=CARTESIAN_POINT('',(-13.9104277432436,-0.576714604075364,-1.65290624099463));
#7683=CARTESIAN_POINT('',(-10.,-0.576649680001311,-1.65226364317394));
#7684=CARTESIAN_POINT('',(-13.9104277432436,-0.464330950781686,-1.68792640367375));
#7685=CARTESIAN_POINT('',(-13.9104277432436,-0.3769221712529,-1.52923336244603));
#7686=CARTESIAN_POINT('',(-10.,-0.464019345078878,-1.68736067495737));
#7687=CARTESIAN_POINT('',(-13.9104277432436,-0.373273874224761,-1.71036995731744));
#7688=CARTESIAN_POINT('',(-10.,-0.373286880128351,-1.709724219026));
#7689=CARTESIAN_POINT('',(-13.9104277432436,-0.257488410145227,-1.73158843109836));
#7690=CARTESIAN_POINT('',(-13.9104277432436,-0.189845271402131,-1.56351647670443));
#7691=CARTESIAN_POINT('',(-10.,-0.257247267460226,-1.73098926726432));
#7692=CARTESIAN_POINT('',(-13.9104277432436,-0.164389970748399,-1.74289262824483));
#7693=CARTESIAN_POINT('',(-10.,-0.164480716974272,-1.74225316580102));
#7694=CARTESIAN_POINT('',(-13.9104277432436,-0.0468911086754472,-1.75));
#7695=CARTESIAN_POINT('',(-13.9104277432436,1.21277540374002E-15,-1.57499999999999));
#7696=CARTESIAN_POINT('',(-10.,-0.0467239454116076,-1.74937613820619));
#7697=CARTESIAN_POINT('',(-13.9104277432436,0.0468911086754499,-1.75));
#7698=CARTESIAN_POINT('',(-10.,0.0467239454116103,-1.74937613820619));
#7699=CARTESIAN_POINT('',(-13.9104277432436,0.164389970748403,-1.74289262824482));
#7700=CARTESIAN_POINT('',(-13.9104277432436,0.189845271402134,-1.56351647670443));
#7701=CARTESIAN_POINT('',(-10.,0.164480716974275,-1.74225316580102));
#7702=CARTESIAN_POINT('',(-13.9104277432436,0.257488410145231,-1.73158843109836));
#7703=CARTESIAN_POINT('',(-10.,0.25724726746023,-1.73098926726432));
#7704=CARTESIAN_POINT('',(-13.9104277432436,0.373273874224764,-1.71036995731744));
#7705=CARTESIAN_POINT('',(-13.9104277432436,0.376922171252903,-1.52923336244602));
#7706=CARTESIAN_POINT('',(-10.,0.373286880128355,-1.709724219026));
#7707=CARTESIAN_POINT('',(-13.9104277432436,0.46433095078169,-1.68792640367375));
#7708=CARTESIAN_POINT('',(-10.,0.464019345078881,-1.68736067495737));
#7709=CARTESIAN_POINT('',(-13.9104277432436,0.576714604075367,-1.65290624099463));
#7710=CARTESIAN_POINT('',(-13.9104277432436,0.558502697091992,-1.47265058222952));
#7711=CARTESIAN_POINT('',(-10.,0.576649680001313,-1.65226364317394));
#7712=CARTESIAN_POINT('',(-13.9104277432436,0.66440250057351,-1.61965060840432));
#7713=CARTESIAN_POINT('',(-10.,0.664024975765715,-1.61912656440421));
#7714=CARTESIAN_POINT('',(-13.9104277432436,0.77174553635036,-1.57133942965742));
#7715=CARTESIAN_POINT('',(-13.9104277432436,0.731938995968933,-1.3945932404038));
#7716=CARTESIAN_POINT('',(-10.,0.771603629037859,-1.5707093428307));
#7717=CARTESIAN_POINT('',(-13.9104277432436,0.854785565802831,-1.52775666012881));
#7718=CARTESIAN_POINT('',(-10.,0.854347627051861,-1.52728194258653));
#7719=CARTESIAN_POINT('',(-10.,0.,4.04257239845944E-15));
#7720=CARTESIAN_POINT('',(-10.,0.,4.04257239845944E-15));
#7721=CARTESIAN_POINT('',(-10.,0.,4.04257239845944E-15));
#7722=CARTESIAN_POINT('',(-10.,0.,4.04257239845944E-15));
#7723=CARTESIAN_POINT('',(-10.,0.,4.04257239845944E-15));
#7724=CARTESIAN_POINT('',(-10.,0.,4.04257239845944E-15));
#7725=CARTESIAN_POINT('',(-10.,0.,4.04257239845944E-15));
#7726=CARTESIAN_POINT('',(-10.,0.,4.04257239845944E-15));
#7727=CARTESIAN_POINT('',(-10.,0.,4.04257239845944E-15));
#7728=CARTESIAN_POINT('',(-10.,0.,4.04257239845944E-15));
#7729=CARTESIAN_POINT('',(-13.9104277432436,0.955522680885763,-1.46685895108756));
#7730=CARTESIAN_POINT('',(-13.9104277432436,0.894701976101567,-1.2961995887825));
#7731=CARTESIAN_POINT('',(-10.,0.955305859662978,-1.46625056333957));
#7732=CARTESIAN_POINT('',(-13.9104277432436,1.03270393267328,-1.41358457954024));
#7733=CARTESIAN_POINT('',(-10.,1.03221196611228,-1.41316611090652));
#7734=CARTESIAN_POINT('',(-13.9104277432436,1.12536615308416,-1.34098836593215));
#7735=CARTESIAN_POINT('',(-13.9104277432436,1.04441818672925,-1.17890442836948));
#7736=CARTESIAN_POINT('',(-10.,1.12507757969276,-1.34041054892623));
#7737=CARTESIAN_POINT('',(-13.9104277432436,1.19556315075862,-1.27879925266671));
#7738=CARTESIAN_POINT('',(-10.,1.19502433036786,-1.27844313515654));
#7739=CARTESIAN_POINT('',(-10.,0.,4.04257239845944E-15));
#7740=CARTESIAN_POINT('',(-13.9104277432436,1.27879925266671,-1.19556315075862));
#7741=CARTESIAN_POINT('',(-13.9104277432436,1.17890442836948,-1.04441818672925));
#7742=CARTESIAN_POINT('',(-10.,1.27844313515654,-1.19502433036785));
#7743=CARTESIAN_POINT('',(-13.9104277432436,1.34098836593215,-1.12536615308416));
#7744=CARTESIAN_POINT('',(-10.,1.34041054892623,-1.12507757969276));
#7745=CARTESIAN_POINT('',(-13.9104277432436,1.41358457954024,-1.03270393267328));
#7746=CARTESIAN_POINT('',(-13.9104277432436,1.2961995887825,-0.894701976101565));
#7747=CARTESIAN_POINT('',(-10.,1.41316611090652,-1.03221196611228));
#7748=CARTESIAN_POINT('',(-13.9104277432436,1.46685895108756,-0.955522680885761));
#7749=CARTESIAN_POINT('',(-10.,1.46625056333957,-0.955305859662976));
#7750=CARTESIAN_POINT('',(-13.9104277432436,1.52775666012881,-0.85478556580283));
#7751=CARTESIAN_POINT('',(-13.9104277432436,1.3945932404038,-0.731938995968932));
#7752=CARTESIAN_POINT('',(-10.,1.52728194258653,-0.85434762705186));
#7753=CARTESIAN_POINT('',(-13.9104277432436,1.57133942965742,-0.771745536350359));
#7754=CARTESIAN_POINT('',(-10.,1.5707093428307,-0.771603629037858));
#7755=CARTESIAN_POINT('',(-13.9104277432436,1.61965060840432,-0.664402500573509));
#7756=CARTESIAN_POINT('',(-13.9104277432436,1.47265058222952,-0.558502697091991));
#7757=CARTESIAN_POINT('',(-10.,1.61912656440421,-0.664024975765715));
#7758=CARTESIAN_POINT('',(-13.9104277432436,1.65290624099463,-0.576714604075366));
#7759=CARTESIAN_POINT('',(-10.,1.65226364317394,-0.576649680001313));
#7760=CARTESIAN_POINT('',(-13.9104277432436,1.68792640367375,-0.464330950781689));
#7761=CARTESIAN_POINT('',(-13.9104277432436,1.52923336244602,-0.376922171252902));
#7762=CARTESIAN_POINT('',(-10.,1.68736067495737,-0.46401934507888));
#7763=CARTESIAN_POINT('',(-13.9104277432436,1.71036995731744,-0.373273874224764));
#7764=CARTESIAN_POINT('',(-10.,1.709724219026,-0.373286880128354));
#7765=CARTESIAN_POINT('',(-13.9104277432436,1.73158843109836,-0.257488410145229));
#7766=CARTESIAN_POINT('',(-13.9104277432436,1.56351647670443,-0.189845271402132));
#7767=CARTESIAN_POINT('',(-10.,1.73098926726432,-0.257247267460228));
#7768=CARTESIAN_POINT('',(-13.9104277432436,1.74289262824482,-0.164389970748401));
#7769=CARTESIAN_POINT('',(-10.,1.74225316580102,-0.164480716974274));
#7770=CARTESIAN_POINT('',(-13.9104277432436,1.75,-0.0468911086754489));
#7771=CARTESIAN_POINT('',(-13.9104277432436,1.57499999999999,-2.82546542720526E-16));
#7772=CARTESIAN_POINT('',(-10.,1.74937613820619,-0.0467239454116092));
#7773=CARTESIAN_POINT('',(-13.9104277432436,1.75,0.0468911086754482));
#7774=CARTESIAN_POINT('',(-10.,1.74937613820619,0.0467239454116087));
#7775=CARTESIAN_POINT('',(-13.9104277432436,1.74289262824482,0.164389970748402));
#7776=CARTESIAN_POINT('',(-13.9104277432436,1.56351647670443,0.189845271402133));
#7777=CARTESIAN_POINT('',(-10.,1.74225316580102,0.164480716974275));
#7778=CARTESIAN_POINT('',(-13.9104277432436,1.73158843109836,0.25748841014523));
#7779=CARTESIAN_POINT('',(-10.,1.73098926726432,0.257247267460229));
#7780=CARTESIAN_POINT('',(-13.9104277432436,1.71036995731744,0.373273874224764));
#7781=CARTESIAN_POINT('',(-13.9104277432436,1.52923336244602,0.376922171252902));
#7782=CARTESIAN_POINT('',(-10.,1.709724219026,0.373286880128355));
#7783=CARTESIAN_POINT('',(-13.9104277432436,1.68792640367375,0.464330950781689));
#7784=CARTESIAN_POINT('',(-10.,1.68736067495737,0.464019345078881));
#7785=CARTESIAN_POINT('',(-13.9104277432436,1.65290624099463,0.576714604075366));
#7786=CARTESIAN_POINT('',(-13.9104277432436,1.47265058222952,0.558502697091991));
#7787=CARTESIAN_POINT('',(-10.,1.65226364317394,0.576649680001313));
#7788=CARTESIAN_POINT('',(-13.9104277432436,1.61965060840432,0.664402500573509));
#7789=CARTESIAN_POINT('',(-10.,1.61912656440421,0.664024975765715));
#7790=CARTESIAN_POINT('',(-13.9104277432436,1.57133942965742,0.77174553635036));
#7791=CARTESIAN_POINT('',(-13.9104277432436,1.3945932404038,0.731938995968932));
#7792=CARTESIAN_POINT('',(-10.,1.5707093428307,0.771603629037859));
#7793=CARTESIAN_POINT('',(-13.9104277432436,1.52775666012881,0.854785565802831));
#7794=CARTESIAN_POINT('',(-10.,1.52728194258653,0.854347627051861));
#7795=CARTESIAN_POINT('',(-10.,0.,4.04257239845944E-15));
#7796=CARTESIAN_POINT('',(-10.,0.,4.04257239845944E-15));
#7797=CARTESIAN_POINT('',(-10.,0.,4.04257239845944E-15));
#7798=CARTESIAN_POINT('',(-10.,0.,4.04257239845944E-15));
#7799=CARTESIAN_POINT('',(-10.,0.,4.04257239845944E-15));
#7800=CARTESIAN_POINT('',(-10.,0.,4.04257239845944E-15));
#7801=CARTESIAN_POINT('',(-10.,0.,4.04257239845944E-15));
#7802=CARTESIAN_POINT('',(-10.,0.,4.04257239845944E-15));
#7803=CARTESIAN_POINT('',(-10.,0.,4.04257239845944E-15));
#7804=CARTESIAN_POINT('',(-10.,0.,4.04257239845944E-15));
#7805=CARTESIAN_POINT('',(-13.9104277432436,1.46685895108756,0.955522680885763));
#7806=CARTESIAN_POINT('',(-13.9104277432436,1.2961995887825,0.894701976101567));
#7807=CARTESIAN_POINT('',(-10.,1.46625056333957,0.955305859662978));
#7808=CARTESIAN_POINT('',(-13.9104277432436,1.41358457954024,1.03270393267328));
#7809=CARTESIAN_POINT('',(-10.,1.41316611090652,1.03221196611228));
#7810=CARTESIAN_POINT('',(-13.9104277432436,1.34098836593215,1.12536615308416));
#7811=CARTESIAN_POINT('',(-13.9104277432436,1.17890442836948,1.04441818672925));
#7812=CARTESIAN_POINT('',(-10.,1.34041054892623,1.12507757969276));
#7813=CARTESIAN_POINT('',(-13.9104277432436,1.27879925266671,1.19556315075862));
#7814=CARTESIAN_POINT('',(-10.,1.27844313515654,1.19502433036786));
#7815=CARTESIAN_POINT('',(-10.,0.,4.04257239845944E-15));
#7816=CARTESIAN_POINT('',(-13.9104277432436,1.19556315075862,1.27879925266671));
#7817=CARTESIAN_POINT('',(-13.9104277432436,1.04441818672925,1.17890442836948));
#7818=CARTESIAN_POINT('',(-10.,1.19502433036785,1.27844313515654));
#7819=CARTESIAN_POINT('',(-13.9104277432436,1.12536615308416,1.34098836593215));
#7820=CARTESIAN_POINT('',(-10.,1.12507757969276,1.34041054892623));
#7821=CARTESIAN_POINT('',(-13.9104277432436,1.03270393267328,1.41358457954024));
#7822=CARTESIAN_POINT('',(-13.9104277432436,0.894701976101566,1.2961995887825));
#7823=CARTESIAN_POINT('',(-10.,1.03221196611228,1.41316611090652));
#7824=CARTESIAN_POINT('',(-13.9104277432436,0.955522680885763,1.46685895108756));
#7825=CARTESIAN_POINT('',(-10.,0.955305859662978,1.46625056333957));
#7826=CARTESIAN_POINT('',(-13.9104277432436,0.85478556580283,1.52775666012881));
#7827=CARTESIAN_POINT('',(-13.9104277432436,0.731938995968932,1.3945932404038));
#7828=CARTESIAN_POINT('',(-10.,0.85434762705186,1.52728194258653));
#7829=CARTESIAN_POINT('',(-13.9104277432436,0.771745536350359,1.57133942965742));
#7830=CARTESIAN_POINT('',(-10.,0.771603629037858,1.5707093428307));
#7831=CARTESIAN_POINT('',(-13.9104277432436,0.664402500573509,1.61965060840432));
#7832=CARTESIAN_POINT('',(-13.9104277432436,0.558502697091992,1.47265058222952));
#7833=CARTESIAN_POINT('',(-10.,0.664024975765715,1.61912656440421));
#7834=CARTESIAN_POINT('',(-13.9104277432436,0.576714604075367,1.65290624099463));
#7835=CARTESIAN_POINT('',(-10.,0.576649680001313,1.65226364317394));
#7836=CARTESIAN_POINT('',(-13.9104277432436,0.464330950781689,1.68792640367375));
#7837=CARTESIAN_POINT('',(-13.9104277432436,0.376922171252902,1.52923336244602));
#7838=CARTESIAN_POINT('',(-10.,0.46401934507888,1.68736067495737));
#7839=CARTESIAN_POINT('',(-13.9104277432436,0.373273874224764,1.71036995731744));
#7840=CARTESIAN_POINT('',(-10.,0.373286880128354,1.709724219026));
#7841=CARTESIAN_POINT('',(-13.9104277432436,0.25748841014523,1.73158843109836));
#7842=CARTESIAN_POINT('',(-13.9104277432436,0.189845271402134,1.56351647670443));
#7843=CARTESIAN_POINT('',(-10.,0.25724726746023,1.73098926726432));
#7844=CARTESIAN_POINT('',(-13.9104277432436,0.164389970748402,1.74289262824482));
#7845=CARTESIAN_POINT('',(-10.,0.164480716974275,1.74225316580102));
#7846=CARTESIAN_POINT('',(-13.9104277432436,0.0468911086754485,1.75));
#7847=CARTESIAN_POINT('',(-13.9104277432436,-6.7762635780344E-18,1.57499999999999));
#7848=CARTESIAN_POINT('',(-10.,0.0467239454116089,1.74937613820619));
#7849=CARTESIAN_POINT('',(-13.9104277432436,-0.0468911086754485,1.75));
#7850=CARTESIAN_POINT('',(-10.,-0.046723945411609,1.74937613820619));
#7851=CARTESIAN_POINT('',(-10.,0.,4.04257239845944E-15));
#7852=CARTESIAN_POINT('',(-10.,0.,4.04257239845944E-15));
#7853=CARTESIAN_POINT('',(-10.,0.,4.04257239845944E-15));
#7854=CARTESIAN_POINT('',(-10.,0.,4.04257239845944E-15));
#7855=CARTESIAN_POINT('',(-10.,0.,4.04257239845944E-15));
#7856=CARTESIAN_POINT('',(-10.,0.,4.04257239845944E-15));
#7857=CARTESIAN_POINT('',(-13.9104277432436,-0.164389970748404,1.74289262824482));
#7858=CARTESIAN_POINT('',(-13.9104277432436,-0.189845271402135,1.56351647670443));
#7859=CARTESIAN_POINT('',(-10.,-0.164480716974277,1.74225316580102));
#7860=CARTESIAN_POINT('',(-13.9104277432436,-0.257488410145232,1.73158843109836));
#7861=CARTESIAN_POINT('',(-10.,-0.257247267460231,1.73098926726432));
#7862=CARTESIAN_POINT('',(-13.9104277432436,-0.373273874224767,1.71036995731744));
#7863=CARTESIAN_POINT('',(-13.9104277432436,-0.376922171252904,1.52923336244602));
#7864=CARTESIAN_POINT('',(-10.,-0.373286880128357,1.709724219026));
#7865=CARTESIAN_POINT('',(-13.9104277432436,-0.464330950781692,1.68792640367374));
#7866=CARTESIAN_POINT('',(-10.,-0.464019345078883,1.68736067495737));
#7867=CARTESIAN_POINT('',(-13.9104277432436,-0.57671460407537,1.65290624099463));
#7868=CARTESIAN_POINT('',(-13.9104277432436,-0.558502697091994,1.47265058222952));
#7869=CARTESIAN_POINT('',(-10.,-0.576649680001316,1.65226364317394));
#7870=CARTESIAN_POINT('',(-13.9104277432436,-0.664402500573512,1.61965060840432));
#7871=CARTESIAN_POINT('',(-10.,-0.664024975765718,1.61912656440421));
#7872=CARTESIAN_POINT('',(-13.9104277432436,-0.771745536350363,1.57133942965742));
#7873=CARTESIAN_POINT('',(-13.9104277432436,-0.731938995968936,1.3945932404038));
#7874=CARTESIAN_POINT('',(-10.,-0.771603629037862,1.5707093428307));
#7875=CARTESIAN_POINT('',(-13.9104277432436,-0.854785565802834,1.52775666012881));
#7876=CARTESIAN_POINT('',(-10.,-0.854347627051864,1.52728194258653));
#7877=CARTESIAN_POINT('',(-10.,0.,4.04257239845944E-15));
#7878=CARTESIAN_POINT('',(-10.,0.,4.04257239845944E-15));
#7879=CARTESIAN_POINT('',(-10.,0.,4.04257239845944E-15));
#7880=CARTESIAN_POINT('',(-10.,0.,4.04257239845944E-15));
#7881=CARTESIAN_POINT('',(-10.,0.,4.04257239845944E-15));
#7882=CARTESIAN_POINT('',(-10.,0.,4.04257239845944E-15));
#7883=CARTESIAN_POINT('',(-10.,0.,4.04257239845944E-15));
#7884=CARTESIAN_POINT('',(-10.,0.,4.04257239845944E-15));
#7885=CARTESIAN_POINT('',(-10.,0.,4.04257239845944E-15));
#7886=CARTESIAN_POINT('',(-10.,0.,4.04257239845944E-15));
#7887=CARTESIAN_POINT('',(-10.,0.,4.04257239845944E-15));
#7888=CARTESIAN_POINT('',(-10.,0.,4.04257239845944E-15));
#7889=MECHANICAL_DESIGN_GEOMETRIC_PRESENTATION_REPRESENTATION('',(#3228,
#3229,#3230,#3231,#3232,#3233,#3234,#3235,#3236,#3237,#3238,#3239,#3240,
#3241,#3242,#3243,#3244,#3245,#3246,#3247,#3248,#3249,#3250,#3251,#3252,
#3253,#3254,#3255,#3256,#3257,#3258,#3259,#3260,#3261,#3262,#3263,#3264,
#3265,#3266,#3267,#3268,#3269,#3270,#3271,#3272,#3273,#3274,#3275,#3276,
#3277,#3278,#3279,#3280,#3281,#3282,#3283,#3284,#3285,#3286,#3287,#3288,
#3289,#3290,#3291,#3292,#3293,#3294,#3295,#3296,#3297,#3298,#3299,#3300,
#3301,#3302,#3303,#3304,#3305,#3306,#3307,#3308,#3309,#3310,#3311,#3312,
#3313,#3314,#3315,#3316,#3317,#3318,#3319,#3320,#3321,#3322,#3323,#3324,
#3325,#3326,#3327,#3328,#3329,#3330,#3331,#3332,#3333,#3334,#3335,#3336,
#3337,#3338,#3339,#3340,#3341,#3342,#3343,#3344,#3345,#3346,#3347,#3348,
#3349,#3350,#3351,#3352,#3353,#3354,#3355,#3356,#3357,#3358,#3359,#3360,
#3361,#3362,#3363,#3364,#3365,#3366,#3367,#3368,#3369,#3370,#3371,#3372,
#3373,#3374,#3375,#3376,#3377,#3378,#3379,#3380,#3381,#3382,#3383,#3384,
#3385,#3386,#3387,#3388,#3389,#3390,#3391,#3392,#3393,#3394,#3395,#3396,
#3397,#3398,#3399,#3400,#3401,#3402,#3403,#3404,#3405,#3406,#3407,#3408,
#3409,#3410,#3411,#3412,#3413,#3414,#3415,#3416,#3417,#3418,#3419,#3420,
#3421,#3422,#3423,#3424,#3425,#3426,#3427,#3428,#3429,#3430,#3431,#3432,
#3433,#3434,#3435,#3436,#3437,#3438,#3439,#3440),#7890);
#7890=(
GEOMETRIC_REPRESENTATION_CONTEXT(3)
GLOBAL_UNCERTAINTY_ASSIGNED_CONTEXT((#7891))
GLOBAL_UNIT_ASSIGNED_CONTEXT((#7894,#7893,#7892))
REPRESENTATION_CONTEXT('\X2\6EDA82B15C0F593487BA9489\X0\ GBT836-1988',
'TOP_LEVEL_ASSEMBLY_PART')
);
#7891=UNCERTAINTY_MEASURE_WITH_UNIT(LENGTH_MEASURE(0.005),#7894,
'DISTANCE_ACCURACY_VALUE','Maximum Tolerance applied to model');
#7892=(
NAMED_UNIT(*)
SI_UNIT($,.STERADIAN.)
SOLID_ANGLE_UNIT()
);
#7893=(
NAMED_UNIT(*)
PLANE_ANGLE_UNIT()
SI_UNIT($,.RADIAN.)
);
#7894=(
LENGTH_UNIT()
NAMED_UNIT(*)
SI_UNIT(.MILLI.,.METRE.)
);
#7895=PRODUCT_DEFINITION_SHAPE('','',#7896);
#7896=PRODUCT_DEFINITION('','',#7898,#7897);
#7897=PRODUCT_DEFINITION_CONTEXT('',#7904,'design');
#7898=PRODUCT_DEFINITION_FORMATION_WITH_SPECIFIED_SOURCE('','',#7900,
 .NOT_KNOWN.);
#7899=PRODUCT_RELATED_PRODUCT_CATEGORY('','',(#7900));
#7900=PRODUCT('\X2\6EDA82B15C0F593487BA9489\X0\ GBT836-1988',
'\X2\6EDA82B15C0F593487BA9489\X0\ GBT836-1988',
'\X2\6EDA82B15C0F593487BA9489\X0\ GBT836-1988',(#7902));
#7901=PRODUCT_CATEGORY('','');
#7902=PRODUCT_CONTEXT('',#7904,'mechanical');
#7903=APPLICATION_PROTOCOL_DEFINITION('international standard',
'automotive_design',2010,#7904);
#7904=APPLICATION_CONTEXT(
'core data for automotive mechanical design processes');
ENDSEC;
END-ISO-10303-21;
