ISO-10303-21;
HEADER;
/* Generated by software containing HOOPS Exchange Step
 * from HOOPS Exchange, Inc. (www.tiangong.cloud) 
 */

FILE_DESCRIPTION(
/* description */ ('Unknown'),
/* implementation_level */ '2;1');

FILE_NAME(
/* name */ 
'\X2\67D4602777F358A891D15C5E6CE29F7F590D540857AB7247\X0\_\X2\57FA672C578B\X0\ 
GBT19066.2-2020',
/* time_stamp */ '2025-09-17T11:31:36+08:00',
/* author */ ('Unknown'),
/* organization */ ('Unknown'),
/* preprocessor_version */ 'ST-DEVELOPER v19.4',
/* originating_system */ 'TianGong',
/* authorisation */ 'Unknown');

FILE_SCHEMA (('AUTOMOTIVE_DESIGN {1 0 10303 214 3 1 1}'));
ENDSEC;

DATA;
#10=PROPERTY_DEFINITION_REPRESENTATION(#14,#12);
#11=PROPERTY_DEFINITION_REPRESENTATION(#15,#13);
#12=REPRESENTATION('',(#16),#3554);
#13=REPRESENTATION('',(#17),#3554);
#14=PROPERTY_DEFINITION('pmi validation property','',#3559);
#15=PROPERTY_DEFINITION('pmi validation property','',#3559);
#16=VALUE_REPRESENTATION_ITEM('number of annotations',COUNT_MEASURE(0.));
#17=VALUE_REPRESENTATION_ITEM('number of views',COUNT_MEASURE(0.));
#18=SHAPE_REPRESENTATION_RELATIONSHIP('','',#1358,#19);
#19=ADVANCED_BREP_SHAPE_REPRESENTATION('',(#1356),#3554);
#20=B_SPLINE_SURFACE_WITH_KNOTS('',3,1,((#2313,#2314),(#2315,#2316),(#2317,
#2318),(#2319,#2320),(#2321,#2322),(#2323,#2324),(#2325,#2326),(#2327,#2328),
(#2329,#2330),(#2331,#2332),(#2333,#2334),(#2335,#2336),(#2337,#2338),(#2339,
#2340),(#2341,#2342),(#2343,#2344),(#2345,#2346),(#2347,#2348),(#2349,#2350),
(#2351,#2352)),.SURF_OF_LINEAR_EXTRUSION.,.F.,.F.,.F.,(4,1,1,1,1,1,1,1,
1,1,1,1,1,1,1,1,1,4),(2,2),(0.45304206430625,0.511395560393986,0.540572308437854,
0.569749056481723,0.598925804525591,0.613514178547525,0.628102552569459,
0.642690926591393,0.657279300613328,0.671867674635262,0.686456048657196,
0.715632796701064,0.744809544744932,0.7739862927888,0.803163040832669,0.832339788876537,
0.861516536920405,0.919870033008142),(0.,1.),.UNSPECIFIED.);
#21=B_SPLINE_SURFACE_WITH_KNOTS('',3,1,((#2355,#2356),(#2357,#2358),(#2359,
#2360),(#2361,#2362),(#2363,#2364)),.SURF_OF_LINEAR_EXTRUSION.,.F.,.F.,
 .F.,(4,1,4),(2,2),(0.919870033008142,0.959935016504071,1.),(0.,1.),
 .UNSPECIFIED.);
#22=B_SPLINE_SURFACE_WITH_KNOTS('',3,1,((#2366,#2367),(#2368,#2369),(#2370,
#2371),(#2372,#2373),(#2374,#2375),(#2376,#2377),(#2378,#2379),(#2380,#2381),
(#2382,#2383),(#2384,#2385),(#2386,#2387)),.SURF_OF_LINEAR_EXTRUSION.,.F.,
 .F.,.F.,(4,1,1,1,1,1,1,1,4),(2,2),(0.,0.0581505529506695,0.0872258294260042,
0.116301105901339,0.145376382376674,0.174451658852008,0.188989297089676,
0.203526935327343,0.232602211802678),(0.,1.),.UNSPECIFIED.);
#23=B_SPLINE_SURFACE_WITH_KNOTS('',3,1,((#2389,#2390),(#2391,#2392),(#2393,
#2394),(#2395,#2396),(#2397,#2398),(#2399,#2400),(#2401,#2402)),
 .SURF_OF_LINEAR_EXTRUSION.,.F.,.F.,.F.,(4,1,1,1,4),(2,2),(0.232602211802678,
0.285565248957502,0.338528286112326,0.391491323267149,0.444454360421973),
(0.,1.),.UNSPECIFIED.);
#24=B_SPLINE_SURFACE_WITH_KNOTS('',3,1,((#2480,#2481),(#2482,#2483),(#2484,
#2485),(#2486,#2487),(#2488,#2489),(#2490,#2491),(#2492,#2493),(#2494,#2495),
(#2496,#2497)),.SURF_OF_LINEAR_EXTRUSION.,.F.,.F.,.F.,(4,1,1,1,1,1,4),(2,
2),(0.694078614563465,0.713198701153249,0.732318787743032,0.770558960922599,
0.847039307281733,0.923519653640866,1.),(0.,1.),.UNSPECIFIED.);
#25=B_SPLINE_SURFACE_WITH_KNOTS('',3,1,((#2499,#2500),(#2501,#2502),(#2503,
#2504),(#2505,#2506)),.SURF_OF_LINEAR_EXTRUSION.,.F.,.F.,.F.,(4,4),(2,2),
(0.,0.0373065597522062),(0.,1.),.PIECEWISE_BEZIER_KNOTS.);
#26=B_SPLINE_SURFACE_WITH_KNOTS('',3,1,((#2510,#2511),(#2512,#2513),(#2514,
#2515),(#2516,#2517),(#2518,#2519),(#2520,#2521),(#2522,#2523),(#2524,#2525),
(#2526,#2527),(#2528,#2529),(#2530,#2531)),.SURF_OF_LINEAR_EXTRUSION.,.F.,
 .F.,.F.,(4,1,1,1,1,1,1,1,4),(2,2),(0.0484609042085893,0.127768824945901,
0.207076745683212,0.286384666420524,0.365692587157836,0.445000507895147,
0.524308428632459,0.60361634936977,0.682924270107082),(0.,1.),
 .UNSPECIFIED.);
#27=B_SPLINE_SURFACE_WITH_KNOTS('',3,1,((#2532,#2533),(#2534,#2535),(#2536,
#2537),(#2538,#2539),(#2540,#2541),(#2542,#2543),(#2544,#2545),(#2546,#2547),
(#2548,#2549),(#2550,#2551),(#2552,#2553),(#2554,#2555),(#2556,#2557),(#2558,
#2559),(#2560,#2561),(#2562,#2563)),.SURF_OF_LINEAR_EXTRUSION.,.T.,.F.,
 .F.,(1,1,1,1,1,1,1,1,1,1,1,1,1,1,1,1,1,1,1,1),(2,2),(-0.241275094418499,
-0.179268189885001,-0.0896340949425003,0.,0.0746649923334522,0.149329984666904,
0.223994977000357,0.298659969333809,0.344010563895335,0.389361158456862,
0.480062347579915,0.661464725826021,0.696718001048003,0.758724905581501,
0.820731810114999,0.9103659050575,1.,1.07466499233345,1.1493299846669,1.22399497700036),
(0.,1.),.UNSPECIFIED.);
#28=B_SPLINE_SURFACE_WITH_KNOTS('',3,1,((#2698,#2699),(#2700,#2701),(#2702,
#2703),(#2704,#2705),(#2706,#2707),(#2708,#2709),(#2710,#2711),(#2712,#2713),
(#2714,#2715),(#2716,#2717),(#2718,#2719)),.SURF_OF_LINEAR_EXTRUSION.,.F.,
 .F.,.F.,(4,1,1,1,1,1,1,1,4),(2,2),(0.704590754969343,0.741516910598175,
0.778443066227007,0.815369221855839,0.852295377484672,0.889221533113504,
0.926147688742336,0.963073844371168,1.),(0.,1.),.UNSPECIFIED.);
#29=B_SPLINE_SURFACE_WITH_KNOTS('',3,1,((#2721,#2722),(#2723,#2724),(#2725,
#2726),(#2727,#2728)),.SURF_OF_LINEAR_EXTRUSION.,.F.,.F.,.F.,(4,4),(2,2),
(0.,0.109740216324189),(0.,1.),.PIECEWISE_BEZIER_KNOTS.);
#30=B_SPLINE_SURFACE_WITH_KNOTS('',3,1,((#2730,#2731),(#2732,#2733),(#2734,
#2735),(#2736,#2737)),.SURF_OF_LINEAR_EXTRUSION.,.F.,.F.,.F.,(4,4),(2,2),
(0.109740216324189,0.134549357017421),(0.,1.),.PIECEWISE_BEZIER_KNOTS.);
#31=B_SPLINE_SURFACE_WITH_KNOTS('',3,1,((#2739,#2740),(#2741,#2742),(#2743,
#2744),(#2745,#2746)),.SURF_OF_LINEAR_EXTRUSION.,.F.,.F.,.F.,(4,4),(2,2),
(0.134549357017421,0.144327087782399),(0.,1.),.PIECEWISE_BEZIER_KNOTS.);
#32=B_SPLINE_SURFACE_WITH_KNOTS('',3,1,((#2752,#2753),(#2754,#2755),(#2756,
#2757),(#2758,#2759),(#2760,#2761),(#2762,#2763)),
 .SURF_OF_LINEAR_EXTRUSION.,.F.,.F.,.F.,(4,1,1,4),(2,2),(0.203419486438061,
0.288759811708426,0.331429974343609,0.374100136978792),(0.,1.),
 .UNSPECIFIED.);
#33=B_SPLINE_SURFACE_WITH_KNOTS('',3,1,((#2767,#2768),(#2769,#2770),(#2771,
#2772),(#2773,#2774),(#2775,#2776),(#2777,#2778),(#2779,#2780)),
 .SURF_OF_LINEAR_EXTRUSION.,.F.,.F.,.F.,(4,1,1,1,4),(2,2),(0.402595453673176,
0.452092214326171,0.501588974979166,0.551085735632161,0.600582496285157),
(0.,1.),.UNSPECIFIED.);
#34=B_SPLINE_SURFACE_WITH_KNOTS('',3,1,((#2782,#2783),(#2784,#2785),(#2786,
#2787),(#2788,#2789)),.SURF_OF_LINEAR_EXTRUSION.,.F.,.F.,.F.,(4,4),(2,2),
(0.600582496285157,0.640029118054939),(0.,1.),.PIECEWISE_BEZIER_KNOTS.);
#35=B_SPLINE_SURFACE_WITH_KNOTS('',3,1,((#2901,#2902),(#2903,#2904),(#2905,
#2906),(#2907,#2908),(#2909,#2910)),.SURF_OF_LINEAR_EXTRUSION.,.F.,.F.,
 .F.,(4,1,4),(2,2),(0.819891866401825,0.909945933200913,1.),(0.,1.),
 .UNSPECIFIED.);
#36=B_SPLINE_SURFACE_WITH_KNOTS('',3,1,((#2914,#2915),(#2916,#2917),(#2918,
#2919),(#2920,#2921),(#2922,#2923),(#2924,#2925),(#2926,#2927)),
 .SURF_OF_LINEAR_EXTRUSION.,.F.,.F.,.F.,(4,1,1,1,4),(2,2),(0.0658992321238323,
0.126990132472507,0.157535582646844,0.172808307734013,0.188081032821182),
(0.,1.),.UNSPECIFIED.);
#37=B_SPLINE_SURFACE_WITH_KNOTS('',3,1,((#2931,#2932),(#2933,#2934),(#2935,
#2936),(#2937,#2938)),.SURF_OF_LINEAR_EXTRUSION.,.F.,.F.,.F.,(4,4),(2,2),
(0.19699599180694,0.238373068058666),(0.,1.),.PIECEWISE_BEZIER_KNOTS.);
#38=B_SPLINE_SURFACE_WITH_KNOTS('',3,1,((#2942,#2943),(#2944,#2945),(#2946,
#2947),(#2948,#2949),(#2950,#2951),(#2952,#2953),(#2954,#2955)),
 .SURF_OF_LINEAR_EXTRUSION.,.F.,.F.,.F.,(4,1,1,1,4),(2,2),(0.241225854934109,
0.327224204153476,0.370223378763159,0.391722966068001,0.413222553372843),
(0.,1.),.UNSPECIFIED.);
#39=B_SPLINE_SURFACE_WITH_KNOTS('',3,1,((#2965,#2966),(#2967,#2968),(#2969,
#2970),(#2971,#2972),(#2973,#2974),(#2975,#2976),(#2977,#2978),(#2979,#2980),
(#2981,#2982),(#2983,#2984),(#2985,#2986)),.SURF_OF_LINEAR_EXTRUSION.,.F.,
 .F.,.F.,(4,1,1,1,1,1,1,1,4),(2,2),(0.496590166822764,0.564080961765422,
0.597826359236751,0.63157175670808,0.665317154179409,0.699062551650738,
0.732807949122067,0.749680647857732,0.766553346593396),(0.,1.),
 .UNSPECIFIED.);
#40=B_SPLINE_SURFACE_WITH_KNOTS('',3,1,((#2990,#2991),(#2992,#2993),(#2994,
#2995),(#2996,#2997)),.SURF_OF_LINEAR_EXTRUSION.,.F.,.F.,.F.,(4,4),(2,2),
(0.775468305579155,0.816860780346667),(0.,1.),.PIECEWISE_BEZIER_KNOTS.);
#41=B_SPLINE_SURFACE_WITH_KNOTS('',3,1,((#3091,#3092),(#3093,#3094),(#3095,
#3096),(#3097,#3098),(#3099,#3100),(#3101,#3102),(#3103,#3104),(#3105,#3106),
(#3107,#3108)),.SURF_OF_LINEAR_EXTRUSION.,.F.,.F.,.F.,(4,1,1,1,1,1,4),(2,
2),(0.,0.050292870159928,0.100585740319856,0.12573217539982,0.150878610479784,
0.176025045559748,0.201171480639712),(0.,1.),.UNSPECIFIED.);
#42=B_SPLINE_SURFACE_WITH_KNOTS('',3,1,((#3110,#3111),(#3112,#3113),(#3114,
#3115),(#3116,#3117)),.SURF_OF_LINEAR_EXTRUSION.,.F.,.F.,.F.,(4,4),(2,2),
(0.201171480639712,0.209985396632034),(0.,1.),.PIECEWISE_BEZIER_KNOTS.);
#43=B_SPLINE_SURFACE_WITH_KNOTS('',3,1,((#3119,#3120),(#3121,#3122),(#3123,
#3124),(#3125,#3126),(#3127,#3128),(#3129,#3130)),
 .SURF_OF_LINEAR_EXTRUSION.,.F.,.F.,.F.,(4,1,1,4),(2,2),(0.209985396632034,
0.236572980261192,0.26316056389035,0.316335731148667),(0.,1.),
 .UNSPECIFIED.);
#44=B_SPLINE_SURFACE_WITH_KNOTS('',3,1,((#3132,#3133),(#3134,#3135),(#3136,
#3137),(#3138,#3139),(#3140,#3141),(#3142,#3143),(#3144,#3145),(#3146,#3147)),
 .SURF_OF_LINEAR_EXTRUSION.,.F.,.F.,.F.,(4,1,1,1,1,4),(2,2),(0.316335731148667,
0.353687428378508,0.391039125608349,0.409714974223269,0.428390822838189,
0.46574252006803),(0.,1.),.UNSPECIFIED.);
#45=B_SPLINE_SURFACE_WITH_KNOTS('',3,1,((#3155,#3156),(#3157,#3158),(#3159,
#3160),(#3161,#3162),(#3163,#3164),(#3165,#3166),(#3167,#3168),(#3169,#3170),
(#3171,#3172),(#3173,#3174),(#3175,#3176),(#3177,#3178),(#3179,#3180)),
 .SURF_OF_LINEAR_EXTRUSION.,.F.,.F.,.F.,(4,1,1,1,1,1,1,1,1,1,4),(2,2),(0.608920911150764,
0.64022648713369,0.655879275125153,0.671532063116616,0.702837639099541,
0.734143215082467,0.765448791065392,0.796754367048318,0.812407155039781,
0.828059943031244,0.85936551901417),(0.,1.),.UNSPECIFIED.);
#46=B_SPLINE_SURFACE_WITH_KNOTS('',3,1,((#3253,#3254),(#3255,#3256),(#3257,
#3258),(#3259,#3260),(#3261,#3262),(#3263,#3264),(#3265,#3266),(#3267,#3268),
(#3269,#3270),(#3271,#3272),(#3273,#3274),(#3275,#3276)),
 .SURF_OF_LINEAR_EXTRUSION.,.F.,.F.,.F.,(4,1,1,1,1,1,1,1,1,4),(2,2),(0.42404829560394,
0.496042258653448,0.568036221702955,0.640030184752463,0.71202414780197,
0.784018110851478,0.856012073900985,0.928006036950493,0.964003018475246,
1.),(0.,1.),.UNSPECIFIED.);
#47=B_SPLINE_SURFACE_WITH_KNOTS('',3,1,((#3278,#3279),(#3280,#3281),(#3282,
#3283),(#3284,#3285)),.SURF_OF_LINEAR_EXTRUSION.,.F.,.F.,.F.,(4,4),(2,2),
(0.,0.00760484876266086),(0.,1.),.PIECEWISE_BEZIER_KNOTS.);
#48=B_SPLINE_SURFACE_WITH_KNOTS('',3,1,((#3287,#3288),(#3289,#3290),(#3291,
#3292),(#3293,#3294),(#3295,#3296),(#3297,#3298),(#3299,#3300),(#3301,#3302),
(#3303,#3304),(#3305,#3306),(#3307,#3308),(#3309,#3310)),
 .SURF_OF_LINEAR_EXTRUSION.,.F.,.F.,.F.,(4,1,1,1,1,1,1,1,1,4),(2,2),(0.00760484876266086,
0.0330306667458918,0.0584564847291226,0.109308120695584,0.134733938678815,
0.160159756662046,0.211011392628508,0.312714664561432,0.363566300527893,
0.414417936494355),(0.,1.),.UNSPECIFIED.);
#49=B_SPLINE_SURFACE_WITH_KNOTS('',3,1,((#3367,#3368),(#3369,#3370),(#3371,
#3372),(#3373,#3374),(#3375,#3376),(#3377,#3378),(#3379,#3380)),
 .SURF_OF_LINEAR_EXTRUSION.,.F.,.F.,.F.,(4,1,1,1,4),(2,2),(0.,0.0568037901492869,
0.113607580298574,0.170411370447861,0.227215160597147),(0.,1.),
 .UNSPECIFIED.);
#50=B_SPLINE_SURFACE_WITH_KNOTS('',3,1,((#3384,#3385),(#3386,#3387),(#3388,
#3389),(#3390,#3391),(#3392,#3393),(#3394,#3395),(#3396,#3397),(#3398,#3399),
(#3400,#3401),(#3402,#3403)),.SURF_OF_LINEAR_EXTRUSION.,.F.,.F.,.F.,(4,
1,1,1,1,1,1,4),(2,2),(0.237538275236671,0.313377870036736,0.389217464836802,
0.465057059636868,0.540896654436934,0.616736249237,0.692575844037066,0.844255033637198),
(0.,1.),.UNSPECIFIED.);
#51=B_SPLINE_SURFACE_WITH_KNOTS('',3,1,((#3404,#3405),(#3406,#3407),(#3408,
#3409),(#3410,#3411),(#3412,#3413),(#3414,#3415),(#3416,#3417)),
 .SURF_OF_LINEAR_EXTRUSION.,.F.,.F.,.F.,(4,1,1,1,4),(2,2),(0.,0.165136300218818,
0.330272600437636,0.495408900656454,0.660545200875272),(0.,1.),
 .UNSPECIFIED.);
#52=B_SPLINE_SURFACE_WITH_KNOTS('',3,1,((#3484,#3485),(#3486,#3487),(#3488,
#3489),(#3490,#3491),(#3492,#3493),(#3494,#3495),(#3496,#3497),(#3498,#3499),
(#3500,#3501),(#3502,#3503)),.SURF_OF_LINEAR_EXTRUSION.,.T.,.F.,.F.,(1,
1,1,1,1,1,1,1,1,1,1,1,1,1),(2,2),(-0.387685162343559,-0.262514108473135,
-0.137343054602712,0.,0.123506007324566,0.24203635094915,0.360566694573734,
0.612314837656441,0.737485891526865,0.862656945397288,1.,1.12350600732457,
1.24203635094915,1.36056669457373),(0.,1.),.UNSPECIFIED.);
#53=B_SPLINE_SURFACE_WITH_KNOTS('',3,1,((#3504,#3505),(#3506,#3507),(#3508,
#3509),(#3510,#3511),(#3512,#3513),(#3514,#3515),(#3516,#3517),(#3518,#3519),
(#3520,#3521),(#3522,#3523),(#3524,#3525),(#3526,#3527)),
 .SURF_OF_LINEAR_EXTRUSION.,.T.,.F.,.F.,(1,1,1,1,1,1,1,1,1,1,1,1,1,1,1,
1),(2,2),(-0.372222054487227,-0.265336194342845,-0.158450334198464,0.,0.0683072616865691,
0.136614523373138,0.241530640138942,0.346446756904747,0.48711235120876,
0.627777945512773,0.734663805657155,0.841549665801536,1.,1.06830726168657,
1.13661452337314,1.24153064013894),(0.,1.),.UNSPECIFIED.);
#54=CYLINDRICAL_SURFACE('',#1367,12.5);
#55=CYLINDRICAL_SURFACE('',#1369,18.);
#56=CYLINDRICAL_SURFACE('',#1382,0.683547276794678);
#57=CYLINDRICAL_SURFACE('',#1388,0.184376135664893);
#58=CYLINDRICAL_SURFACE('',#1392,0.271555981125098);
#59=CYLINDRICAL_SURFACE('',#1404,0.654246032818715);
#60=CIRCLE('',#1361,0.184376135664893);
#61=CIRCLE('',#1362,0.271555981125098);
#62=CIRCLE('',#1363,18.);
#63=CIRCLE('',#1364,12.5);
#64=CIRCLE('',#1365,0.683547276794678);
#65=CIRCLE('',#1366,0.654246032818715);
#66=CIRCLE('',#1368,12.5);
#67=CIRCLE('',#1370,18.);
#68=CIRCLE('',#1378,0.683547276794678);
#69=CIRCLE('',#1385,0.271555981125098);
#70=CIRCLE('',#1386,0.184376135664893);
#71=CIRCLE('',#1397,0.654246032818715);
#72=LINE('',#1659,#179);
#73=LINE('',#1723,#180);
#74=LINE('',#1753,#181);
#75=LINE('',#1766,#182);
#76=LINE('',#1782,#183);
#77=LINE('',#1786,#184);
#78=LINE('',#1788,#185);
#79=LINE('',#1816,#186);
#80=LINE('',#1828,#187);
#81=LINE('',#1854,#188);
#82=LINE('',#1976,#189);
#83=LINE('',#1977,#190);
#84=LINE('',#2030,#191);
#85=LINE('',#2032,#192);
#86=LINE('',#2081,#193);
#87=LINE('',#2082,#194);
#88=LINE('',#2085,#195);
#89=LINE('',#2138,#196);
#90=LINE('',#2140,#197);
#91=LINE('',#2142,#198);
#92=LINE('',#2166,#199);
#93=LINE('',#2169,#200);
#94=LINE('',#2184,#201);
#95=LINE('',#2260,#202);
#96=LINE('',#2353,#203);
#97=LINE('',#2354,#204);
#98=LINE('',#2365,#205);
#99=LINE('',#2388,#206);
#100=LINE('',#2403,#207);
#101=LINE('',#2406,#208);
#102=LINE('',#2428,#209);
#103=LINE('',#2478,#210);
#104=LINE('',#2479,#211);
#105=LINE('',#2498,#212);
#106=LINE('',#2507,#213);
#107=LINE('',#2509,#214);
#108=LINE('',#2590,#215);
#109=LINE('',#2593,#216);
#110=LINE('',#2642,#217);
#111=LINE('',#2644,#218);
#112=LINE('',#2696,#219);
#113=LINE('',#2697,#220);
#114=LINE('',#2720,#221);
#115=LINE('',#2729,#222);
#116=LINE('',#2738,#223);
#117=LINE('',#2747,#224);
#118=LINE('',#2749,#225);
#119=LINE('',#2751,#226);
#120=LINE('',#2764,#227);
#121=LINE('',#2766,#228);
#122=LINE('',#2781,#229);
#123=LINE('',#2790,#230);
#124=LINE('',#2793,#231);
#125=LINE('',#2807,#232);
#126=LINE('',#2835,#233);
#127=LINE('',#2837,#234);
#128=LINE('',#2841,#235);
#129=LINE('',#2857,#236);
#130=LINE('',#2870,#237);
#131=LINE('',#2899,#238);
#132=LINE('',#2900,#239);
#133=LINE('',#2911,#240);
#134=LINE('',#2913,#241);
#135=LINE('',#2928,#242);
#136=LINE('',#2930,#243);
#137=LINE('',#2939,#244);
#138=LINE('',#2941,#245);
#139=LINE('',#2956,#246);
#140=LINE('',#2958,#247);
#141=LINE('',#2960,#248);
#142=LINE('',#2962,#249);
#143=LINE('',#2964,#250);
#144=LINE('',#2987,#251);
#145=LINE('',#2989,#252);
#146=LINE('',#2999,#253);
#147=LINE('',#3004,#254);
#148=LINE('',#3028,#255);
#149=LINE('',#3030,#256);
#150=LINE('',#3032,#257);
#151=LINE('',#3085,#258);
#152=LINE('',#3087,#259);
#153=LINE('',#3088,#260);
#154=LINE('',#3090,#261);
#155=LINE('',#3109,#262);
#156=LINE('',#3118,#263);
#157=LINE('',#3131,#264);
#158=LINE('',#3148,#265);
#159=LINE('',#3150,#266);
#160=LINE('',#3152,#267);
#161=LINE('',#3154,#268);
#162=LINE('',#3181,#269);
#163=LINE('',#3183,#270);
#164=LINE('',#3186,#271);
#165=LINE('',#3251,#272);
#166=LINE('',#3252,#273);
#167=LINE('',#3277,#274);
#168=LINE('',#3286,#275);
#169=LINE('',#3312,#276);
#170=LINE('',#3349,#277);
#171=LINE('',#3363,#278);
#172=LINE('',#3365,#279);
#173=LINE('',#3366,#280);
#174=LINE('',#3381,#281);
#175=LINE('',#3383,#282);
#176=LINE('',#3432,#283);
#177=LINE('',#3433,#284);
#178=LINE('',#3435,#285);
#179=VECTOR('',#1419,1000.);
#180=VECTOR('',#1420,1000.);
#181=VECTOR('',#1423,1000.);
#182=VECTOR('',#1424,1000.);
#183=VECTOR('',#1425,1000.);
#184=VECTOR('',#1428,1000.);
#185=VECTOR('',#1429,1000.);
#186=VECTOR('',#1430,1000.);
#187=VECTOR('',#1431,1000.);
#188=VECTOR('',#1432,1000.);
#189=VECTOR('',#1437,1000.);
#190=VECTOR('',#1438,1000.);
#191=VECTOR('',#1439,1000.);
#192=VECTOR('',#1440,1000.);
#193=VECTOR('',#1443,1000.);
#194=VECTOR('',#1444,1000.);
#195=VECTOR('',#1445,1000.);
#196=VECTOR('',#1446,1000.);
#197=VECTOR('',#1447,1000.);
#198=VECTOR('',#1448,1000.);
#199=VECTOR('',#1449,1000.);
#200=VECTOR('',#1452,1000.);
#201=VECTOR('',#1453,1000.);
#202=VECTOR('',#1466,1000.);
#203=VECTOR('',#1467,1000.);
#204=VECTOR('',#1468,1000.);
#205=VECTOR('',#1469,1000.);
#206=VECTOR('',#1470,1000.);
#207=VECTOR('',#1471,1000.);
#208=VECTOR('',#1476,1000.);
#209=VECTOR('',#1477,1000.);
#210=VECTOR('',#1480,1000.);
#211=VECTOR('',#1481,1000.);
#212=VECTOR('',#1482,1000.);
#213=VECTOR('',#1483,1000.);
#214=VECTOR('',#1486,1000.);
#215=VECTOR('',#1489,1000.);
#216=VECTOR('',#1490,1000.);
#217=VECTOR('',#1493,1000.);
#218=VECTOR('',#1494,1000.);
#219=VECTOR('',#1497,1000.);
#220=VECTOR('',#1498,1000.);
#221=VECTOR('',#1499,1000.);
#222=VECTOR('',#1500,1000.);
#223=VECTOR('',#1501,1000.);
#224=VECTOR('',#1502,1000.);
#225=VECTOR('',#1505,1000.);
#226=VECTOR('',#1508,1000.);
#227=VECTOR('',#1509,1000.);
#228=VECTOR('',#1512,1000.);
#229=VECTOR('',#1513,1000.);
#230=VECTOR('',#1514,1000.);
#231=VECTOR('',#1519,1000.);
#232=VECTOR('',#1520,1000.);
#233=VECTOR('',#1521,1000.);
#234=VECTOR('',#1522,1000.);
#235=VECTOR('',#1525,1000.);
#236=VECTOR('',#1526,1000.);
#237=VECTOR('',#1527,1000.);
#238=VECTOR('',#1532,1000.);
#239=VECTOR('',#1533,1000.);
#240=VECTOR('',#1534,1000.);
#241=VECTOR('',#1537,1000.);
#242=VECTOR('',#1538,1000.);
#243=VECTOR('',#1541,1000.);
#244=VECTOR('',#1542,1000.);
#245=VECTOR('',#1545,1000.);
#246=VECTOR('',#1546,1000.);
#247=VECTOR('',#1549,1000.);
#248=VECTOR('',#1552,1000.);
#249=VECTOR('',#1555,1000.);
#250=VECTOR('',#1558,1000.);
#251=VECTOR('',#1559,1000.);
#252=VECTOR('',#1562,1000.);
#253=VECTOR('',#1565,1000.);
#254=VECTOR('',#1568,1000.);
#255=VECTOR('',#1569,1000.);
#256=VECTOR('',#1570,1000.);
#257=VECTOR('',#1571,1000.);
#258=VECTOR('',#1572,1000.);
#259=VECTOR('',#1575,1000.);
#260=VECTOR('',#1576,1000.);
#261=VECTOR('',#1579,1000.);
#262=VECTOR('',#1580,1000.);
#263=VECTOR('',#1581,1000.);
#264=VECTOR('',#1582,1000.);
#265=VECTOR('',#1583,1000.);
#266=VECTOR('',#1586,1000.);
#267=VECTOR('',#1589,1000.);
#268=VECTOR('',#1592,1000.);
#269=VECTOR('',#1593,1000.);
#270=VECTOR('',#1596,1000.);
#271=VECTOR('',#1601,1000.);
#272=VECTOR('',#1604,1000.);
#273=VECTOR('',#1605,1000.);
#274=VECTOR('',#1606,1000.);
#275=VECTOR('',#1607,1000.);
#276=VECTOR('',#1610,1000.);
#277=VECTOR('',#1611,1000.);
#278=VECTOR('',#1612,1000.);
#279=VECTOR('',#1615,1000.);
#280=VECTOR('',#1616,1000.);
#281=VECTOR('',#1617,1000.);
#282=VECTOR('',#1620,1000.);
#283=VECTOR('',#1621,1000.);
#284=VECTOR('',#1622,1000.);
#285=VECTOR('',#1625,1000.);
#286=ORIENTED_EDGE('',*,*,#660,.T.);
#287=ORIENTED_EDGE('',*,*,#661,.T.);
#288=ORIENTED_EDGE('',*,*,#662,.T.);
#289=ORIENTED_EDGE('',*,*,#663,.T.);
#290=ORIENTED_EDGE('',*,*,#664,.T.);
#291=ORIENTED_EDGE('',*,*,#665,.T.);
#292=ORIENTED_EDGE('',*,*,#666,.T.);
#293=ORIENTED_EDGE('',*,*,#667,.T.);
#294=ORIENTED_EDGE('',*,*,#668,.T.);
#295=ORIENTED_EDGE('',*,*,#669,.T.);
#296=ORIENTED_EDGE('',*,*,#670,.T.);
#297=ORIENTED_EDGE('',*,*,#671,.T.);
#298=ORIENTED_EDGE('',*,*,#672,.T.);
#299=ORIENTED_EDGE('',*,*,#673,.T.);
#300=ORIENTED_EDGE('',*,*,#674,.T.);
#301=ORIENTED_EDGE('',*,*,#675,.T.);
#302=ORIENTED_EDGE('',*,*,#676,.T.);
#303=ORIENTED_EDGE('',*,*,#677,.T.);
#304=ORIENTED_EDGE('',*,*,#678,.T.);
#305=ORIENTED_EDGE('',*,*,#679,.T.);
#306=ORIENTED_EDGE('',*,*,#680,.T.);
#307=ORIENTED_EDGE('',*,*,#681,.T.);
#308=ORIENTED_EDGE('',*,*,#682,.T.);
#309=ORIENTED_EDGE('',*,*,#683,.T.);
#310=ORIENTED_EDGE('',*,*,#684,.T.);
#311=ORIENTED_EDGE('',*,*,#685,.F.);
#312=ORIENTED_EDGE('',*,*,#686,.T.);
#313=ORIENTED_EDGE('',*,*,#687,.T.);
#314=ORIENTED_EDGE('',*,*,#688,.T.);
#315=ORIENTED_EDGE('',*,*,#689,.T.);
#316=ORIENTED_EDGE('',*,*,#690,.T.);
#317=ORIENTED_EDGE('',*,*,#691,.T.);
#318=ORIENTED_EDGE('',*,*,#692,.T.);
#319=ORIENTED_EDGE('',*,*,#693,.T.);
#320=ORIENTED_EDGE('',*,*,#694,.T.);
#321=ORIENTED_EDGE('',*,*,#695,.T.);
#322=ORIENTED_EDGE('',*,*,#696,.T.);
#323=ORIENTED_EDGE('',*,*,#697,.T.);
#324=ORIENTED_EDGE('',*,*,#698,.T.);
#325=ORIENTED_EDGE('',*,*,#699,.T.);
#326=ORIENTED_EDGE('',*,*,#700,.T.);
#327=ORIENTED_EDGE('',*,*,#701,.T.);
#328=ORIENTED_EDGE('',*,*,#702,.T.);
#329=ORIENTED_EDGE('',*,*,#703,.T.);
#330=ORIENTED_EDGE('',*,*,#704,.T.);
#331=ORIENTED_EDGE('',*,*,#705,.T.);
#332=ORIENTED_EDGE('',*,*,#706,.T.);
#333=ORIENTED_EDGE('',*,*,#707,.T.);
#334=ORIENTED_EDGE('',*,*,#708,.T.);
#335=ORIENTED_EDGE('',*,*,#709,.T.);
#336=ORIENTED_EDGE('',*,*,#710,.T.);
#337=ORIENTED_EDGE('',*,*,#711,.T.);
#338=ORIENTED_EDGE('',*,*,#712,.T.);
#339=ORIENTED_EDGE('',*,*,#713,.T.);
#340=ORIENTED_EDGE('',*,*,#714,.T.);
#341=ORIENTED_EDGE('',*,*,#715,.T.);
#342=ORIENTED_EDGE('',*,*,#716,.T.);
#343=ORIENTED_EDGE('',*,*,#717,.T.);
#344=ORIENTED_EDGE('',*,*,#718,.T.);
#345=ORIENTED_EDGE('',*,*,#719,.T.);
#346=ORIENTED_EDGE('',*,*,#720,.T.);
#347=ORIENTED_EDGE('',*,*,#686,.F.);
#348=ORIENTED_EDGE('',*,*,#721,.F.);
#349=ORIENTED_EDGE('',*,*,#685,.T.);
#350=ORIENTED_EDGE('',*,*,#720,.F.);
#351=ORIENTED_EDGE('',*,*,#721,.T.);
#352=ORIENTED_EDGE('',*,*,#722,.F.);
#353=ORIENTED_EDGE('',*,*,#723,.F.);
#354=ORIENTED_EDGE('',*,*,#724,.F.);
#355=ORIENTED_EDGE('',*,*,#725,.F.);
#356=ORIENTED_EDGE('',*,*,#726,.F.);
#357=ORIENTED_EDGE('',*,*,#687,.F.);
#358=ORIENTED_EDGE('',*,*,#727,.F.);
#359=ORIENTED_EDGE('',*,*,#722,.T.);
#360=ORIENTED_EDGE('',*,*,#728,.T.);
#361=ORIENTED_EDGE('',*,*,#688,.F.);
#362=ORIENTED_EDGE('',*,*,#728,.F.);
#363=ORIENTED_EDGE('',*,*,#726,.T.);
#364=ORIENTED_EDGE('',*,*,#729,.T.);
#365=ORIENTED_EDGE('',*,*,#689,.F.);
#366=ORIENTED_EDGE('',*,*,#729,.F.);
#367=ORIENTED_EDGE('',*,*,#725,.T.);
#368=ORIENTED_EDGE('',*,*,#730,.T.);
#369=ORIENTED_EDGE('',*,*,#690,.F.);
#370=ORIENTED_EDGE('',*,*,#730,.F.);
#371=ORIENTED_EDGE('',*,*,#724,.T.);
#372=ORIENTED_EDGE('',*,*,#731,.T.);
#373=ORIENTED_EDGE('',*,*,#691,.F.);
#374=ORIENTED_EDGE('',*,*,#731,.F.);
#375=ORIENTED_EDGE('',*,*,#723,.T.);
#376=ORIENTED_EDGE('',*,*,#727,.T.);
#377=ORIENTED_EDGE('',*,*,#732,.F.);
#378=ORIENTED_EDGE('',*,*,#733,.F.);
#379=ORIENTED_EDGE('',*,*,#734,.F.);
#380=ORIENTED_EDGE('',*,*,#735,.F.);
#381=ORIENTED_EDGE('',*,*,#736,.F.);
#382=ORIENTED_EDGE('',*,*,#737,.F.);
#383=ORIENTED_EDGE('',*,*,#680,.F.);
#384=ORIENTED_EDGE('',*,*,#738,.F.);
#385=ORIENTED_EDGE('',*,*,#732,.T.);
#386=ORIENTED_EDGE('',*,*,#739,.T.);
#387=ORIENTED_EDGE('',*,*,#681,.F.);
#388=ORIENTED_EDGE('',*,*,#739,.F.);
#389=ORIENTED_EDGE('',*,*,#736,.T.);
#390=ORIENTED_EDGE('',*,*,#740,.T.);
#391=ORIENTED_EDGE('',*,*,#682,.F.);
#392=ORIENTED_EDGE('',*,*,#740,.F.);
#393=ORIENTED_EDGE('',*,*,#735,.T.);
#394=ORIENTED_EDGE('',*,*,#741,.T.);
#395=ORIENTED_EDGE('',*,*,#683,.F.);
#396=ORIENTED_EDGE('',*,*,#741,.F.);
#397=ORIENTED_EDGE('',*,*,#734,.T.);
#398=ORIENTED_EDGE('',*,*,#742,.T.);
#399=ORIENTED_EDGE('',*,*,#684,.F.);
#400=ORIENTED_EDGE('',*,*,#742,.F.);
#401=ORIENTED_EDGE('',*,*,#733,.T.);
#402=ORIENTED_EDGE('',*,*,#738,.T.);
#403=ORIENTED_EDGE('',*,*,#737,.T.);
#404=ORIENTED_EDGE('',*,*,#743,.F.);
#405=ORIENTED_EDGE('',*,*,#744,.F.);
#406=ORIENTED_EDGE('',*,*,#745,.F.);
#407=ORIENTED_EDGE('',*,*,#746,.F.);
#408=ORIENTED_EDGE('',*,*,#747,.F.);
#409=ORIENTED_EDGE('',*,*,#748,.F.);
#410=ORIENTED_EDGE('',*,*,#749,.F.);
#411=ORIENTED_EDGE('',*,*,#750,.F.);
#412=ORIENTED_EDGE('',*,*,#751,.F.);
#413=ORIENTED_EDGE('',*,*,#752,.F.);
#414=ORIENTED_EDGE('',*,*,#753,.F.);
#415=ORIENTED_EDGE('',*,*,#754,.F.);
#416=ORIENTED_EDGE('',*,*,#755,.F.);
#417=ORIENTED_EDGE('',*,*,#692,.F.);
#418=ORIENTED_EDGE('',*,*,#756,.F.);
#419=ORIENTED_EDGE('',*,*,#744,.T.);
#420=ORIENTED_EDGE('',*,*,#757,.T.);
#421=ORIENTED_EDGE('',*,*,#693,.F.);
#422=ORIENTED_EDGE('',*,*,#757,.F.);
#423=ORIENTED_EDGE('',*,*,#755,.T.);
#424=ORIENTED_EDGE('',*,*,#758,.T.);
#425=ORIENTED_EDGE('',*,*,#694,.F.);
#426=ORIENTED_EDGE('',*,*,#758,.F.);
#427=ORIENTED_EDGE('',*,*,#754,.T.);
#428=ORIENTED_EDGE('',*,*,#759,.T.);
#429=ORIENTED_EDGE('',*,*,#695,.F.);
#430=ORIENTED_EDGE('',*,*,#759,.F.);
#431=ORIENTED_EDGE('',*,*,#753,.T.);
#432=ORIENTED_EDGE('',*,*,#760,.T.);
#433=ORIENTED_EDGE('',*,*,#696,.F.);
#434=ORIENTED_EDGE('',*,*,#760,.F.);
#435=ORIENTED_EDGE('',*,*,#752,.T.);
#436=ORIENTED_EDGE('',*,*,#761,.T.);
#437=ORIENTED_EDGE('',*,*,#697,.F.);
#438=ORIENTED_EDGE('',*,*,#761,.F.);
#439=ORIENTED_EDGE('',*,*,#751,.T.);
#440=ORIENTED_EDGE('',*,*,#762,.T.);
#441=ORIENTED_EDGE('',*,*,#698,.F.);
#442=ORIENTED_EDGE('',*,*,#762,.F.);
#443=ORIENTED_EDGE('',*,*,#750,.T.);
#444=ORIENTED_EDGE('',*,*,#763,.T.);
#445=ORIENTED_EDGE('',*,*,#699,.F.);
#446=ORIENTED_EDGE('',*,*,#763,.F.);
#447=ORIENTED_EDGE('',*,*,#749,.T.);
#448=ORIENTED_EDGE('',*,*,#764,.T.);
#449=ORIENTED_EDGE('',*,*,#700,.F.);
#450=ORIENTED_EDGE('',*,*,#764,.F.);
#451=ORIENTED_EDGE('',*,*,#748,.T.);
#452=ORIENTED_EDGE('',*,*,#765,.T.);
#453=ORIENTED_EDGE('',*,*,#701,.F.);
#454=ORIENTED_EDGE('',*,*,#765,.F.);
#455=ORIENTED_EDGE('',*,*,#747,.T.);
#456=ORIENTED_EDGE('',*,*,#766,.T.);
#457=ORIENTED_EDGE('',*,*,#702,.F.);
#458=ORIENTED_EDGE('',*,*,#766,.F.);
#459=ORIENTED_EDGE('',*,*,#746,.T.);
#460=ORIENTED_EDGE('',*,*,#767,.T.);
#461=ORIENTED_EDGE('',*,*,#703,.F.);
#462=ORIENTED_EDGE('',*,*,#767,.F.);
#463=ORIENTED_EDGE('',*,*,#745,.T.);
#464=ORIENTED_EDGE('',*,*,#756,.T.);
#465=ORIENTED_EDGE('',*,*,#768,.F.);
#466=ORIENTED_EDGE('',*,*,#769,.F.);
#467=ORIENTED_EDGE('',*,*,#770,.F.);
#468=ORIENTED_EDGE('',*,*,#771,.F.);
#469=ORIENTED_EDGE('',*,*,#772,.F.);
#470=ORIENTED_EDGE('',*,*,#773,.F.);
#471=ORIENTED_EDGE('',*,*,#774,.F.);
#472=ORIENTED_EDGE('',*,*,#775,.F.);
#473=ORIENTED_EDGE('',*,*,#776,.F.);
#474=ORIENTED_EDGE('',*,*,#777,.F.);
#475=ORIENTED_EDGE('',*,*,#778,.F.);
#476=ORIENTED_EDGE('',*,*,#779,.F.);
#477=ORIENTED_EDGE('',*,*,#780,.F.);
#478=ORIENTED_EDGE('',*,*,#781,.F.);
#479=ORIENTED_EDGE('',*,*,#782,.F.);
#480=ORIENTED_EDGE('',*,*,#665,.F.);
#481=ORIENTED_EDGE('',*,*,#783,.F.);
#482=ORIENTED_EDGE('',*,*,#768,.T.);
#483=ORIENTED_EDGE('',*,*,#784,.T.);
#484=ORIENTED_EDGE('',*,*,#666,.F.);
#485=ORIENTED_EDGE('',*,*,#784,.F.);
#486=ORIENTED_EDGE('',*,*,#782,.T.);
#487=ORIENTED_EDGE('',*,*,#785,.T.);
#488=ORIENTED_EDGE('',*,*,#667,.F.);
#489=ORIENTED_EDGE('',*,*,#785,.F.);
#490=ORIENTED_EDGE('',*,*,#781,.T.);
#491=ORIENTED_EDGE('',*,*,#786,.T.);
#492=ORIENTED_EDGE('',*,*,#668,.F.);
#493=ORIENTED_EDGE('',*,*,#786,.F.);
#494=ORIENTED_EDGE('',*,*,#780,.T.);
#495=ORIENTED_EDGE('',*,*,#787,.T.);
#496=ORIENTED_EDGE('',*,*,#669,.F.);
#497=ORIENTED_EDGE('',*,*,#787,.F.);
#498=ORIENTED_EDGE('',*,*,#779,.T.);
#499=ORIENTED_EDGE('',*,*,#788,.T.);
#500=ORIENTED_EDGE('',*,*,#670,.F.);
#501=ORIENTED_EDGE('',*,*,#788,.F.);
#502=ORIENTED_EDGE('',*,*,#778,.T.);
#503=ORIENTED_EDGE('',*,*,#789,.T.);
#504=ORIENTED_EDGE('',*,*,#671,.F.);
#505=ORIENTED_EDGE('',*,*,#789,.F.);
#506=ORIENTED_EDGE('',*,*,#777,.T.);
#507=ORIENTED_EDGE('',*,*,#790,.T.);
#508=ORIENTED_EDGE('',*,*,#672,.F.);
#509=ORIENTED_EDGE('',*,*,#790,.F.);
#510=ORIENTED_EDGE('',*,*,#776,.T.);
#511=ORIENTED_EDGE('',*,*,#791,.T.);
#512=ORIENTED_EDGE('',*,*,#673,.F.);
#513=ORIENTED_EDGE('',*,*,#791,.F.);
#514=ORIENTED_EDGE('',*,*,#775,.T.);
#515=ORIENTED_EDGE('',*,*,#792,.T.);
#516=ORIENTED_EDGE('',*,*,#674,.F.);
#517=ORIENTED_EDGE('',*,*,#792,.F.);
#518=ORIENTED_EDGE('',*,*,#774,.T.);
#519=ORIENTED_EDGE('',*,*,#793,.T.);
#520=ORIENTED_EDGE('',*,*,#675,.F.);
#521=ORIENTED_EDGE('',*,*,#793,.F.);
#522=ORIENTED_EDGE('',*,*,#773,.T.);
#523=ORIENTED_EDGE('',*,*,#794,.T.);
#524=ORIENTED_EDGE('',*,*,#676,.F.);
#525=ORIENTED_EDGE('',*,*,#794,.F.);
#526=ORIENTED_EDGE('',*,*,#772,.T.);
#527=ORIENTED_EDGE('',*,*,#795,.T.);
#528=ORIENTED_EDGE('',*,*,#677,.F.);
#529=ORIENTED_EDGE('',*,*,#795,.F.);
#530=ORIENTED_EDGE('',*,*,#771,.T.);
#531=ORIENTED_EDGE('',*,*,#796,.T.);
#532=ORIENTED_EDGE('',*,*,#678,.F.);
#533=ORIENTED_EDGE('',*,*,#796,.F.);
#534=ORIENTED_EDGE('',*,*,#770,.T.);
#535=ORIENTED_EDGE('',*,*,#797,.T.);
#536=ORIENTED_EDGE('',*,*,#679,.F.);
#537=ORIENTED_EDGE('',*,*,#797,.F.);
#538=ORIENTED_EDGE('',*,*,#769,.T.);
#539=ORIENTED_EDGE('',*,*,#783,.T.);
#540=ORIENTED_EDGE('',*,*,#798,.F.);
#541=ORIENTED_EDGE('',*,*,#799,.F.);
#542=ORIENTED_EDGE('',*,*,#800,.F.);
#543=ORIENTED_EDGE('',*,*,#801,.F.);
#544=ORIENTED_EDGE('',*,*,#802,.F.);
#545=ORIENTED_EDGE('',*,*,#803,.F.);
#546=ORIENTED_EDGE('',*,*,#804,.F.);
#547=ORIENTED_EDGE('',*,*,#805,.F.);
#548=ORIENTED_EDGE('',*,*,#806,.F.);
#549=ORIENTED_EDGE('',*,*,#807,.F.);
#550=ORIENTED_EDGE('',*,*,#808,.F.);
#551=ORIENTED_EDGE('',*,*,#809,.F.);
#552=ORIENTED_EDGE('',*,*,#704,.F.);
#553=ORIENTED_EDGE('',*,*,#810,.F.);
#554=ORIENTED_EDGE('',*,*,#798,.T.);
#555=ORIENTED_EDGE('',*,*,#811,.T.);
#556=ORIENTED_EDGE('',*,*,#705,.F.);
#557=ORIENTED_EDGE('',*,*,#811,.F.);
#558=ORIENTED_EDGE('',*,*,#809,.T.);
#559=ORIENTED_EDGE('',*,*,#812,.T.);
#560=ORIENTED_EDGE('',*,*,#706,.F.);
#561=ORIENTED_EDGE('',*,*,#812,.F.);
#562=ORIENTED_EDGE('',*,*,#808,.T.);
#563=ORIENTED_EDGE('',*,*,#813,.T.);
#564=ORIENTED_EDGE('',*,*,#707,.F.);
#565=ORIENTED_EDGE('',*,*,#813,.F.);
#566=ORIENTED_EDGE('',*,*,#807,.T.);
#567=ORIENTED_EDGE('',*,*,#814,.T.);
#568=ORIENTED_EDGE('',*,*,#708,.F.);
#569=ORIENTED_EDGE('',*,*,#814,.F.);
#570=ORIENTED_EDGE('',*,*,#806,.T.);
#571=ORIENTED_EDGE('',*,*,#815,.T.);
#572=ORIENTED_EDGE('',*,*,#709,.F.);
#573=ORIENTED_EDGE('',*,*,#815,.F.);
#574=ORIENTED_EDGE('',*,*,#805,.T.);
#575=ORIENTED_EDGE('',*,*,#816,.T.);
#576=ORIENTED_EDGE('',*,*,#710,.F.);
#577=ORIENTED_EDGE('',*,*,#816,.F.);
#578=ORIENTED_EDGE('',*,*,#804,.T.);
#579=ORIENTED_EDGE('',*,*,#817,.T.);
#580=ORIENTED_EDGE('',*,*,#711,.F.);
#581=ORIENTED_EDGE('',*,*,#817,.F.);
#582=ORIENTED_EDGE('',*,*,#803,.T.);
#583=ORIENTED_EDGE('',*,*,#818,.T.);
#584=ORIENTED_EDGE('',*,*,#712,.F.);
#585=ORIENTED_EDGE('',*,*,#818,.F.);
#586=ORIENTED_EDGE('',*,*,#802,.T.);
#587=ORIENTED_EDGE('',*,*,#819,.T.);
#588=ORIENTED_EDGE('',*,*,#713,.F.);
#589=ORIENTED_EDGE('',*,*,#819,.F.);
#590=ORIENTED_EDGE('',*,*,#801,.T.);
#591=ORIENTED_EDGE('',*,*,#820,.T.);
#592=ORIENTED_EDGE('',*,*,#714,.F.);
#593=ORIENTED_EDGE('',*,*,#820,.F.);
#594=ORIENTED_EDGE('',*,*,#800,.T.);
#595=ORIENTED_EDGE('',*,*,#821,.T.);
#596=ORIENTED_EDGE('',*,*,#715,.F.);
#597=ORIENTED_EDGE('',*,*,#821,.F.);
#598=ORIENTED_EDGE('',*,*,#799,.T.);
#599=ORIENTED_EDGE('',*,*,#810,.T.);
#600=ORIENTED_EDGE('',*,*,#822,.F.);
#601=ORIENTED_EDGE('',*,*,#823,.F.);
#602=ORIENTED_EDGE('',*,*,#824,.F.);
#603=ORIENTED_EDGE('',*,*,#825,.F.);
#604=ORIENTED_EDGE('',*,*,#661,.F.);
#605=ORIENTED_EDGE('',*,*,#826,.F.);
#606=ORIENTED_EDGE('',*,*,#822,.T.);
#607=ORIENTED_EDGE('',*,*,#827,.T.);
#608=ORIENTED_EDGE('',*,*,#662,.F.);
#609=ORIENTED_EDGE('',*,*,#827,.F.);
#610=ORIENTED_EDGE('',*,*,#825,.T.);
#611=ORIENTED_EDGE('',*,*,#828,.T.);
#612=ORIENTED_EDGE('',*,*,#663,.F.);
#613=ORIENTED_EDGE('',*,*,#828,.F.);
#614=ORIENTED_EDGE('',*,*,#824,.T.);
#615=ORIENTED_EDGE('',*,*,#829,.T.);
#616=ORIENTED_EDGE('',*,*,#664,.F.);
#617=ORIENTED_EDGE('',*,*,#829,.F.);
#618=ORIENTED_EDGE('',*,*,#823,.T.);
#619=ORIENTED_EDGE('',*,*,#826,.T.);
#620=ORIENTED_EDGE('',*,*,#830,.F.);
#621=ORIENTED_EDGE('',*,*,#831,.F.);
#622=ORIENTED_EDGE('',*,*,#832,.F.);
#623=ORIENTED_EDGE('',*,*,#833,.F.);
#624=ORIENTED_EDGE('',*,*,#834,.F.);
#625=ORIENTED_EDGE('',*,*,#835,.F.);
#626=ORIENTED_EDGE('',*,*,#716,.F.);
#627=ORIENTED_EDGE('',*,*,#836,.F.);
#628=ORIENTED_EDGE('',*,*,#835,.T.);
#629=ORIENTED_EDGE('',*,*,#837,.T.);
#630=ORIENTED_EDGE('',*,*,#717,.F.);
#631=ORIENTED_EDGE('',*,*,#837,.F.);
#632=ORIENTED_EDGE('',*,*,#834,.T.);
#633=ORIENTED_EDGE('',*,*,#838,.T.);
#634=ORIENTED_EDGE('',*,*,#718,.F.);
#635=ORIENTED_EDGE('',*,*,#838,.F.);
#636=ORIENTED_EDGE('',*,*,#833,.T.);
#637=ORIENTED_EDGE('',*,*,#839,.T.);
#638=ORIENTED_EDGE('',*,*,#719,.F.);
#639=ORIENTED_EDGE('',*,*,#839,.F.);
#640=ORIENTED_EDGE('',*,*,#832,.T.);
#641=ORIENTED_EDGE('',*,*,#836,.T.);
#642=ORIENTED_EDGE('',*,*,#840,.F.);
#643=ORIENTED_EDGE('',*,*,#841,.F.);
#644=ORIENTED_EDGE('',*,*,#831,.T.);
#645=ORIENTED_EDGE('',*,*,#842,.T.);
#646=ORIENTED_EDGE('',*,*,#843,.F.);
#647=ORIENTED_EDGE('',*,*,#842,.F.);
#648=ORIENTED_EDGE('',*,*,#830,.T.);
#649=ORIENTED_EDGE('',*,*,#841,.T.);
#650=ORIENTED_EDGE('',*,*,#743,.T.);
#651=ORIENTED_EDGE('',*,*,#844,.F.);
#652=ORIENTED_EDGE('',*,*,#845,.F.);
#653=ORIENTED_EDGE('',*,*,#845,.T.);
#654=ORIENTED_EDGE('',*,*,#660,.F.);
#655=ORIENTED_EDGE('',*,*,#844,.T.);
#656=ORIENTED_EDGE('',*,*,#846,.F.);
#657=ORIENTED_EDGE('',*,*,#846,.T.);
#658=ORIENTED_EDGE('',*,*,#840,.T.);
#659=ORIENTED_EDGE('',*,*,#843,.T.);
#660=EDGE_CURVE('',#847,#847,#975,.T.);
#661=EDGE_CURVE('',#848,#849,#72,.T.);
#662=EDGE_CURVE('',#849,#850,#976,.T.);
#663=EDGE_CURVE('',#850,#851,#977,.T.);
#664=EDGE_CURVE('',#851,#848,#978,.T.);
#665=EDGE_CURVE('',#852,#853,#73,.T.);
#666=EDGE_CURVE('',#853,#854,#979,.T.);
#667=EDGE_CURVE('',#854,#855,#60,.T.);
#668=EDGE_CURVE('',#855,#856,#980,.T.);
#669=EDGE_CURVE('',#856,#857,#74,.T.);
#670=EDGE_CURVE('',#857,#858,#981,.T.);
#671=EDGE_CURVE('',#858,#859,#75,.T.);
#672=EDGE_CURVE('',#859,#860,#982,.T.);
#673=EDGE_CURVE('',#860,#861,#76,.T.);
#674=EDGE_CURVE('',#861,#862,#61,.T.);
#675=EDGE_CURVE('',#862,#863,#77,.T.);
#676=EDGE_CURVE('',#863,#864,#78,.T.);
#677=EDGE_CURVE('',#864,#865,#983,.T.);
#678=EDGE_CURVE('',#865,#866,#79,.T.);
#679=EDGE_CURVE('',#866,#852,#984,.T.);
#680=EDGE_CURVE('',#867,#868,#80,.T.);
#681=EDGE_CURVE('',#868,#869,#985,.T.);
#682=EDGE_CURVE('',#869,#870,#986,.T.);
#683=EDGE_CURVE('',#870,#871,#81,.T.);
#684=EDGE_CURVE('',#871,#867,#987,.T.);
#685=EDGE_CURVE('',#872,#872,#62,.T.);
#686=EDGE_CURVE('',#873,#873,#63,.T.);
#687=EDGE_CURVE('',#874,#875,#988,.T.);
#688=EDGE_CURVE('',#875,#876,#989,.T.);
#689=EDGE_CURVE('',#876,#877,#990,.T.);
#690=EDGE_CURVE('',#877,#878,#991,.T.);
#691=EDGE_CURVE('',#878,#874,#82,.T.);
#692=EDGE_CURVE('',#879,#880,#83,.T.);
#693=EDGE_CURVE('',#880,#881,#992,.T.);
#694=EDGE_CURVE('',#881,#882,#993,.T.);
#695=EDGE_CURVE('',#882,#883,#994,.T.);
#696=EDGE_CURVE('',#883,#884,#995,.T.);
#697=EDGE_CURVE('',#884,#885,#84,.T.);
#698=EDGE_CURVE('',#885,#886,#85,.T.);
#699=EDGE_CURVE('',#886,#887,#996,.T.);
#700=EDGE_CURVE('',#887,#888,#64,.T.);
#701=EDGE_CURVE('',#888,#889,#997,.T.);
#702=EDGE_CURVE('',#889,#890,#998,.T.);
#703=EDGE_CURVE('',#890,#879,#86,.T.);
#704=EDGE_CURVE('',#891,#892,#87,.T.);
#705=EDGE_CURVE('',#892,#893,#88,.T.);
#706=EDGE_CURVE('',#893,#894,#999,.T.);
#707=EDGE_CURVE('',#894,#895,#1000,.T.);
#708=EDGE_CURVE('',#895,#896,#1001,.T.);
#709=EDGE_CURVE('',#896,#897,#1002,.T.);
#710=EDGE_CURVE('',#897,#898,#89,.T.);
#711=EDGE_CURVE('',#898,#899,#90,.T.);
#712=EDGE_CURVE('',#899,#900,#91,.T.);
#713=EDGE_CURVE('',#900,#901,#1003,.T.);
#714=EDGE_CURVE('',#901,#902,#92,.T.);
#715=EDGE_CURVE('',#902,#891,#65,.T.);
#716=EDGE_CURVE('',#903,#904,#93,.T.);
#717=EDGE_CURVE('',#904,#905,#1004,.T.);
#718=EDGE_CURVE('',#905,#906,#94,.T.);
#719=EDGE_CURVE('',#906,#903,#1005,.T.);
#720=EDGE_CURVE('',#907,#907,#66,.T.);
#721=EDGE_CURVE('',#908,#908,#67,.T.);
#722=EDGE_CURVE('',#909,#910,#1006,.T.);
#723=EDGE_CURVE('',#911,#909,#95,.T.);
#724=EDGE_CURVE('',#912,#911,#1007,.T.);
#725=EDGE_CURVE('',#913,#912,#1008,.T.);
#726=EDGE_CURVE('',#910,#913,#1009,.T.);
#727=EDGE_CURVE('',#909,#874,#96,.T.);
#728=EDGE_CURVE('',#910,#875,#97,.T.);
#729=EDGE_CURVE('',#913,#876,#98,.T.);
#730=EDGE_CURVE('',#912,#877,#99,.T.);
#731=EDGE_CURVE('',#911,#878,#100,.T.);
#732=EDGE_CURVE('',#914,#915,#101,.T.);
#733=EDGE_CURVE('',#916,#914,#1010,.T.);
#734=EDGE_CURVE('',#917,#916,#102,.T.);
#735=EDGE_CURVE('',#918,#917,#1011,.T.);
#736=EDGE_CURVE('',#915,#918,#1012,.T.);
#737=EDGE_CURVE('',#919,#919,#1013,.T.);
#738=EDGE_CURVE('',#914,#867,#103,.T.);
#739=EDGE_CURVE('',#915,#868,#104,.T.);
#740=EDGE_CURVE('',#918,#869,#105,.T.);
#741=EDGE_CURVE('',#917,#870,#106,.T.);
#742=EDGE_CURVE('',#916,#871,#107,.T.);
#743=EDGE_CURVE('',#920,#920,#1014,.T.);
#744=EDGE_CURVE('',#921,#922,#108,.T.);
#745=EDGE_CURVE('',#923,#921,#109,.T.);
#746=EDGE_CURVE('',#924,#923,#1015,.T.);
#747=EDGE_CURVE('',#925,#924,#1016,.T.);
#748=EDGE_CURVE('',#926,#925,#68,.T.);
#749=EDGE_CURVE('',#927,#926,#1017,.T.);
#750=EDGE_CURVE('',#928,#927,#110,.T.);
#751=EDGE_CURVE('',#929,#928,#111,.T.);
#752=EDGE_CURVE('',#930,#929,#1018,.T.);
#753=EDGE_CURVE('',#931,#930,#1019,.T.);
#754=EDGE_CURVE('',#932,#931,#1020,.T.);
#755=EDGE_CURVE('',#922,#932,#1021,.T.);
#756=EDGE_CURVE('',#921,#879,#112,.T.);
#757=EDGE_CURVE('',#922,#880,#113,.T.);
#758=EDGE_CURVE('',#932,#881,#114,.T.);
#759=EDGE_CURVE('',#931,#882,#115,.T.);
#760=EDGE_CURVE('',#930,#883,#116,.T.);
#761=EDGE_CURVE('',#929,#884,#117,.T.);
#762=EDGE_CURVE('',#928,#885,#118,.T.);
#763=EDGE_CURVE('',#927,#886,#119,.T.);
#764=EDGE_CURVE('',#926,#887,#120,.T.);
#765=EDGE_CURVE('',#925,#888,#121,.T.);
#766=EDGE_CURVE('',#924,#889,#122,.T.);
#767=EDGE_CURVE('',#923,#890,#123,.T.);
#768=EDGE_CURVE('',#933,#934,#124,.T.);
#769=EDGE_CURVE('',#935,#933,#1022,.T.);
#770=EDGE_CURVE('',#936,#935,#125,.T.);
#771=EDGE_CURVE('',#937,#936,#1023,.T.);
#772=EDGE_CURVE('',#938,#937,#126,.T.);
#773=EDGE_CURVE('',#939,#938,#127,.T.);
#774=EDGE_CURVE('',#940,#939,#69,.T.);
#775=EDGE_CURVE('',#941,#940,#128,.T.);
#776=EDGE_CURVE('',#942,#941,#1024,.T.);
#777=EDGE_CURVE('',#943,#942,#129,.T.);
#778=EDGE_CURVE('',#944,#943,#1025,.T.);
#779=EDGE_CURVE('',#945,#944,#130,.T.);
#780=EDGE_CURVE('',#946,#945,#1026,.T.);
#781=EDGE_CURVE('',#947,#946,#70,.T.);
#782=EDGE_CURVE('',#934,#947,#1027,.T.);
#783=EDGE_CURVE('',#933,#852,#131,.T.);
#784=EDGE_CURVE('',#934,#853,#132,.T.);
#785=EDGE_CURVE('',#947,#854,#133,.T.);
#786=EDGE_CURVE('',#946,#855,#134,.T.);
#787=EDGE_CURVE('',#945,#856,#135,.T.);
#788=EDGE_CURVE('',#944,#857,#136,.T.);
#789=EDGE_CURVE('',#943,#858,#137,.T.);
#790=EDGE_CURVE('',#942,#859,#138,.T.);
#791=EDGE_CURVE('',#941,#860,#139,.T.);
#792=EDGE_CURVE('',#940,#861,#140,.T.);
#793=EDGE_CURVE('',#939,#862,#141,.T.);
#794=EDGE_CURVE('',#938,#863,#142,.T.);
#795=EDGE_CURVE('',#937,#864,#143,.T.);
#796=EDGE_CURVE('',#936,#865,#144,.T.);
#797=EDGE_CURVE('',#935,#866,#145,.T.);
#798=EDGE_CURVE('',#948,#949,#146,.T.);
#799=EDGE_CURVE('',#950,#948,#71,.T.);
#800=EDGE_CURVE('',#951,#950,#147,.T.);
#801=EDGE_CURVE('',#952,#951,#1028,.T.);
#802=EDGE_CURVE('',#953,#952,#148,.T.);
#803=EDGE_CURVE('',#954,#953,#149,.T.);
#804=EDGE_CURVE('',#955,#954,#150,.T.);
#805=EDGE_CURVE('',#956,#955,#1029,.T.);
#806=EDGE_CURVE('',#957,#956,#1030,.T.);
#807=EDGE_CURVE('',#958,#957,#1031,.T.);
#808=EDGE_CURVE('',#959,#958,#1032,.T.);
#809=EDGE_CURVE('',#949,#959,#151,.T.);
#810=EDGE_CURVE('',#948,#891,#152,.T.);
#811=EDGE_CURVE('',#949,#892,#153,.T.);
#812=EDGE_CURVE('',#959,#893,#154,.T.);
#813=EDGE_CURVE('',#958,#894,#155,.T.);
#814=EDGE_CURVE('',#957,#895,#156,.T.);
#815=EDGE_CURVE('',#956,#896,#157,.T.);
#816=EDGE_CURVE('',#955,#897,#158,.T.);
#817=EDGE_CURVE('',#954,#898,#159,.T.);
#818=EDGE_CURVE('',#953,#899,#160,.T.);
#819=EDGE_CURVE('',#952,#900,#161,.T.);
#820=EDGE_CURVE('',#951,#901,#162,.T.);
#821=EDGE_CURVE('',#950,#902,#163,.T.);
#822=EDGE_CURVE('',#960,#961,#164,.T.);
#823=EDGE_CURVE('',#962,#960,#1033,.T.);
#824=EDGE_CURVE('',#963,#962,#1034,.T.);
#825=EDGE_CURVE('',#961,#963,#1035,.T.);
#826=EDGE_CURVE('',#960,#848,#165,.T.);
#827=EDGE_CURVE('',#961,#849,#166,.T.);
#828=EDGE_CURVE('',#963,#850,#167,.T.);
#829=EDGE_CURVE('',#962,#851,#168,.T.);
#830=EDGE_CURVE('',#964,#965,#169,.T.);
#831=EDGE_CURVE('',#965,#964,#1036,.T.);
#832=EDGE_CURVE('',#966,#967,#1037,.T.);
#833=EDGE_CURVE('',#968,#966,#170,.T.);
#834=EDGE_CURVE('',#969,#968,#1038,.T.);
#835=EDGE_CURVE('',#967,#969,#171,.T.);
#836=EDGE_CURVE('',#967,#903,#172,.T.);
#837=EDGE_CURVE('',#969,#904,#173,.T.);
#838=EDGE_CURVE('',#968,#905,#174,.T.);
#839=EDGE_CURVE('',#966,#906,#175,.T.);
#840=EDGE_CURVE('',#970,#971,#1039,.T.);
#841=EDGE_CURVE('',#965,#970,#176,.T.);
#842=EDGE_CURVE('',#964,#971,#177,.T.);
#843=EDGE_CURVE('',#971,#970,#178,.T.);
#844=EDGE_CURVE('',#972,#972,#1040,.T.);
#845=EDGE_CURVE('',#973,#973,#1041,.T.);
#846=EDGE_CURVE('',#974,#974,#1042,.T.);
#847=VERTEX_POINT('',#1658);
#848=VERTEX_POINT('',#1660);
#849=VERTEX_POINT('',#1661);
#850=VERTEX_POINT('',#1693);
#851=VERTEX_POINT('',#1698);
#852=VERTEX_POINT('',#1724);
#853=VERTEX_POINT('',#1725);
#854=VERTEX_POINT('',#1736);
#855=VERTEX_POINT('',#1738);
#856=VERTEX_POINT('',#1752);
#857=VERTEX_POINT('',#1754);
#858=VERTEX_POINT('',#1765);
#859=VERTEX_POINT('',#1767);
#860=VERTEX_POINT('',#1781);
#861=VERTEX_POINT('',#1783);
#862=VERTEX_POINT('',#1785);
#863=VERTEX_POINT('',#1787);
#864=VERTEX_POINT('',#1789);
#865=VERTEX_POINT('',#1815);
#866=VERTEX_POINT('',#1817);
#867=VERTEX_POINT('',#1829);
#868=VERTEX_POINT('',#1830);
#869=VERTEX_POINT('',#1843);
#870=VERTEX_POINT('',#1853);
#871=VERTEX_POINT('',#1855);
#872=VERTEX_POINT('',#1875);
#873=VERTEX_POINT('',#1877);
#874=VERTEX_POINT('',#1922);
#875=VERTEX_POINT('',#1923);
#876=VERTEX_POINT('',#1931);
#877=VERTEX_POINT('',#1956);
#878=VERTEX_POINT('',#1975);
#879=VERTEX_POINT('',#1978);
#880=VERTEX_POINT('',#1979);
#881=VERTEX_POINT('',#2007);
#882=VERTEX_POINT('',#2017);
#883=VERTEX_POINT('',#2024);
#884=VERTEX_POINT('',#2029);
#885=VERTEX_POINT('',#2031);
#886=VERTEX_POINT('',#2033);
#887=VERTEX_POINT('',#2049);
#888=VERTEX_POINT('',#2051);
#889=VERTEX_POINT('',#2070);
#890=VERTEX_POINT('',#2080);
#891=VERTEX_POINT('',#2083);
#892=VERTEX_POINT('',#2084);
#893=VERTEX_POINT('',#2086);
#894=VERTEX_POINT('',#2109);
#895=VERTEX_POINT('',#2114);
#896=VERTEX_POINT('',#2124);
#897=VERTEX_POINT('',#2137);
#898=VERTEX_POINT('',#2139);
#899=VERTEX_POINT('',#2141);
#900=VERTEX_POINT('',#2143);
#901=VERTEX_POINT('',#2165);
#902=VERTEX_POINT('',#2167);
#903=VERTEX_POINT('',#2170);
#904=VERTEX_POINT('',#2171);
#905=VERTEX_POINT('',#2183);
#906=VERTEX_POINT('',#2185);
#907=VERTEX_POINT('',#2208);
#908=VERTEX_POINT('',#2211);
#909=VERTEX_POINT('',#2258);
#910=VERTEX_POINT('',#2259);
#911=VERTEX_POINT('',#2261);
#912=VERTEX_POINT('',#2280);
#913=VERTEX_POINT('',#2305);
#914=VERTEX_POINT('',#2407);
#915=VERTEX_POINT('',#2408);
#916=VERTEX_POINT('',#2427);
#917=VERTEX_POINT('',#2429);
#918=VERTEX_POINT('',#2439);
#919=VERTEX_POINT('',#2476);
#920=VERTEX_POINT('',#2588);
#921=VERTEX_POINT('',#2591);
#922=VERTEX_POINT('',#2592);
#923=VERTEX_POINT('',#2594);
#924=VERTEX_POINT('',#2604);
#925=VERTEX_POINT('',#2623);
#926=VERTEX_POINT('',#2625);
#927=VERTEX_POINT('',#2641);
#928=VERTEX_POINT('',#2643);
#929=VERTEX_POINT('',#2645);
#930=VERTEX_POINT('',#2650);
#931=VERTEX_POINT('',#2657);
#932=VERTEX_POINT('',#2667);
#933=VERTEX_POINT('',#2794);
#934=VERTEX_POINT('',#2795);
#935=VERTEX_POINT('',#2806);
#936=VERTEX_POINT('',#2808);
#937=VERTEX_POINT('',#2834);
#938=VERTEX_POINT('',#2836);
#939=VERTEX_POINT('',#2838);
#940=VERTEX_POINT('',#2840);
#941=VERTEX_POINT('',#2842);
#942=VERTEX_POINT('',#2856);
#943=VERTEX_POINT('',#2858);
#944=VERTEX_POINT('',#2869);
#945=VERTEX_POINT('',#2871);
#946=VERTEX_POINT('',#2885);
#947=VERTEX_POINT('',#2887);
#948=VERTEX_POINT('',#3000);
#949=VERTEX_POINT('',#3001);
#950=VERTEX_POINT('',#3003);
#951=VERTEX_POINT('',#3005);
#952=VERTEX_POINT('',#3027);
#953=VERTEX_POINT('',#3029);
#954=VERTEX_POINT('',#3031);
#955=VERTEX_POINT('',#3033);
#956=VERTEX_POINT('',#3046);
#957=VERTEX_POINT('',#3056);
#958=VERTEX_POINT('',#3061);
#959=VERTEX_POINT('',#3084);
#960=VERTEX_POINT('',#3187);
#961=VERTEX_POINT('',#3188);
#962=VERTEX_POINT('',#3213);
#963=VERTEX_POINT('',#3218);
#964=VERTEX_POINT('',#3313);
#965=VERTEX_POINT('',#3314);
#966=VERTEX_POINT('',#3347);
#967=VERTEX_POINT('',#3348);
#968=VERTEX_POINT('',#3350);
#969=VERTEX_POINT('',#3362);
#970=VERTEX_POINT('',#3430);
#971=VERTEX_POINT('',#3431);
#972=VERTEX_POINT('',#3460);
#973=VERTEX_POINT('',#3483);
#974=VERTEX_POINT('',#3550);
#975=B_SPLINE_CURVE_WITH_KNOTS('',3,(#1636,#1637,#1638,#1639,#1640,#1641,
#1642,#1643,#1644,#1645,#1646,#1647,#1648,#1649,#1650,#1651,#1652,#1653,
#1654,#1655,#1656,#1657),.UNSPECIFIED.,.T.,.F.,(4,3,2,3,2,3,2,3,4),(0.,
0.130006323499543,0.249065056987017,0.373043572850006,0.504837488733221,
0.625564739923952,0.747788698609899,0.875832845804701,1.),.UNSPECIFIED.);
#976=B_SPLINE_CURVE_WITH_KNOTS('',3,(#1662,#1663,#1664,#1665,#1666,#1667,
#1668,#1669,#1670,#1671,#1672,#1673,#1674,#1675,#1676,#1677,#1678,#1679,
#1680,#1681,#1682,#1683,#1684,#1685,#1686,#1687,#1688,#1689,#1690,#1691,
#1692),.UNSPECIFIED.,.F.,.F.,(4,3,2,3,2,3,2,2,2,3,2,3,4),(0.42404829560394,
0.477974119418465,0.537240433350931,0.611893194169712,0.698547828698411,
0.776140540662018,0.839501267086802,0.884482546151725,0.929463825216649,
0.959757339688944,0.975472294468971,0.987258510553992,1.),.UNSPECIFIED.);
#977=B_SPLINE_CURVE_WITH_KNOTS('',3,(#1694,#1695,#1696,#1697),
 .UNSPECIFIED.,.F.,.F.,(4,4),(0.,0.00760484876266086),.UNSPECIFIED.);
#978=B_SPLINE_CURVE_WITH_KNOTS('',3,(#1699,#1700,#1701,#1702,#1703,#1704,
#1705,#1706,#1707,#1708,#1709,#1710,#1711,#1712,#1713,#1714,#1715,#1716,
#1717,#1718,#1719,#1720,#1721,#1722),.UNSPECIFIED.,.F.,.F.,(4,3,3,2,3,2,
2,2,3,4),(0.00760484876266086,0.0148379363949206,0.0342109097656384,0.073297731433905,
0.121860146233873,0.1932482830841,0.259186943838891,0.325125604593681,0.369275838316453,
0.414417936494355),.UNSPECIFIED.);
#979=B_SPLINE_CURVE_WITH_KNOTS('',3,(#1726,#1727,#1728,#1729,#1730,#1731,
#1732,#1733,#1734,#1735),.UNSPECIFIED.,.F.,.F.,(4,3,3,4),(0.819891866401825,
0.941313607787854,0.972627389558437,1.),.UNSPECIFIED.);
#980=B_SPLINE_CURVE_WITH_KNOTS('',3,(#1739,#1740,#1741,#1742,#1743,#1744,
#1745,#1746,#1747,#1748,#1749,#1750,#1751),.UNSPECIFIED.,.F.,.F.,(4,3,3,
3,4),(0.0658992321238323,0.157901608856859,0.167980857482867,0.17935548995331,
0.188081032821182),.UNSPECIFIED.);
#981=B_SPLINE_CURVE_WITH_KNOTS('',3,(#1755,#1756,#1757,#1758,#1759,#1760,
#1761,#1762,#1763,#1764),.UNSPECIFIED.,.F.,.F.,(4,3,3,4),(0.19699599180694,
0.205732651612983,0.221874696290154,0.238373068058666),.UNSPECIFIED.);
#982=B_SPLINE_CURVE_WITH_KNOTS('',3,(#1768,#1769,#1770,#1771,#1772,#1773,
#1774,#1775,#1776,#1777,#1778,#1779,#1780),.UNSPECIFIED.,.F.,.F.,(4,3,3,
3,4),(0.241225854934109,0.384400096245389,0.394425763321853,0.404494770671616,
0.413222553372843),.UNSPECIFIED.);
#983=B_SPLINE_CURVE_WITH_KNOTS('',3,(#1790,#1791,#1792,#1793,#1794,#1795,
#1796,#1797,#1798,#1799,#1800,#1801,#1802,#1803,#1804,#1805,#1806,#1807,
#1808,#1809,#1810,#1811,#1812,#1813,#1814),.UNSPECIFIED.,.F.,.F.,(4,3,3,
3,3,3,3,3,4),(0.496590166822764,0.52987515885451,0.564905338399006,0.603663659550762,
0.648575526859384,0.736313794601333,0.746448651838817,0.757649674937302,
0.766553346593396),.UNSPECIFIED.);
#984=B_SPLINE_CURVE_WITH_KNOTS('',3,(#1818,#1819,#1820,#1821,#1822,#1823,
#1824,#1825,#1826,#1827),.UNSPECIFIED.,.F.,.F.,(4,3,3,4),(0.775468305579155,
0.784383264564913,0.800525309242084,0.816860780346667),.UNSPECIFIED.);
#985=B_SPLINE_CURVE_WITH_KNOTS('',3,(#1831,#1832,#1833,#1834,#1835,#1836,
#1837,#1838,#1839,#1840,#1841,#1842),.UNSPECIFIED.,.F.,.F.,(4,3,2,3,4),
(0.694078614563465,0.707054076482115,0.720130184130026,0.733206291777938,
1.),.UNSPECIFIED.);
#986=B_SPLINE_CURVE_WITH_KNOTS('',3,(#1844,#1845,#1846,#1847,#1848,#1849,
#1850,#1851,#1852),.UNSPECIFIED.,.F.,.F.,(4,2,3,4),(0.,0.0130761076479115,
0.0261522152958231,0.0373065597522062),.UNSPECIFIED.);
#987=B_SPLINE_CURVE_WITH_KNOTS('',3,(#1856,#1857,#1858,#1859,#1860,#1861,
#1862,#1863,#1864,#1865,#1866,#1867,#1868,#1869,#1870,#1871,#1872,#1873),
 .UNSPECIFIED.,.F.,.F.,(4,3,3,2,3,3,4),(0.0484609042085893,0.132687586838421,
0.235458447196778,0.357637245774359,0.492087277396851,0.60259641692691,
0.682924270107082),.UNSPECIFIED.);
#988=B_SPLINE_CURVE_WITH_KNOTS('',3,(#1878,#1879,#1880,#1881,#1882,#1883,
#1884,#1885,#1886,#1887,#1888,#1889,#1890,#1891,#1892,#1893,#1894,#1895,
#1896,#1897,#1898,#1899,#1900,#1901,#1902,#1903,#1904,#1905,#1906,#1907,
#1908,#1909,#1910,#1911,#1912,#1913,#1914,#1915,#1916,#1917,#1918,#1919,
#1920,#1921),.UNSPECIFIED.,.F.,.F.,(4,2,2,2,2,3,2,2,2,3,2,3,2,3,2,3,2,3,
4),(0.45304206430625,0.492727036448161,0.532412008590072,0.565269458643052,
0.598126908696033,0.612315353037093,0.622873313351245,0.633431273665396,
0.643989233979549,0.660757759184379,0.671754697906328,0.680715166494584,
0.698287497958675,0.731035933869027,0.769008953934655,0.814411477926168,
0.848154442410187,0.884561325142943,0.919870033008142),.UNSPECIFIED.);
#989=B_SPLINE_CURVE_WITH_KNOTS('',3,(#1924,#1925,#1926,#1927,#1928,#1929,
#1930),.UNSPECIFIED.,.F.,.F.,(4,3,4),(0.919870033008142,0.966005092254067,
1.),.UNSPECIFIED.);
#990=B_SPLINE_CURVE_WITH_KNOTS('',3,(#1932,#1933,#1934,#1935,#1936,#1937,
#1938,#1939,#1940,#1941,#1942,#1943,#1944,#1945,#1946,#1947,#1948,#1949,
#1950,#1951,#1952,#1953,#1954,#1955),.UNSPECIFIED.,.F.,.F.,(4,3,2,3,2,3,
2,3,2,4),(0.,0.0462388298724665,0.10096449805828,0.140111326395578,0.172915777379756,
0.188162916569586,0.198030997293237,0.212384569254912,0.219736439272281,
0.232602211802678),.UNSPECIFIED.);
#991=B_SPLINE_CURVE_WITH_KNOTS('',3,(#1957,#1958,#1959,#1960,#1961,#1962,
#1963,#1964,#1965,#1966,#1967,#1968,#1969,#1970,#1971,#1972,#1973,#1974),
 .UNSPECIFIED.,.F.,.F.,(4,2,2,2,3,2,3,4),(0.232602211802678,0.241623266605242,
0.26022919213553,0.278835117665818,0.316046968726395,0.360494167072824,
0.397163105708627,0.444454360421973),.UNSPECIFIED.);
#992=B_SPLINE_CURVE_WITH_KNOTS('',3,(#1980,#1981,#1982,#1983,#1984,#1985,
#1986,#1987,#1988,#1989,#1990,#1991,#1992,#1993,#1994,#1995,#1996,#1997,
#1998,#1999,#2000,#2001,#2002,#2003,#2004,#2005,#2006),.UNSPECIFIED.,.F.,
 .F.,(4,3,2,2,2,3,3,3,3,2,4),(0.704590754969343,0.746293176577842,0.786041509541661,
0.816956879624631,0.847872249707601,0.869231959946745,0.884772714885559,
0.920487183188833,0.954301492341833,0.977150746170917,1.),.UNSPECIFIED.);
#993=B_SPLINE_CURVE_WITH_KNOTS('',3,(#2008,#2009,#2010,#2011,#2012,#2013,
#2014,#2015,#2016),.UNSPECIFIED.,.F.,.F.,(4,3,2,4),(0.,0.0400623196470373,
0.0848189248119227,0.109740216324189),.UNSPECIFIED.);
#994=B_SPLINE_CURVE_WITH_KNOTS('',3,(#2018,#2019,#2020,#2021,#2022,#2023),
 .UNSPECIFIED.,.F.,.F.,(4,2,4),(0.109740216324189,0.121768890599695,0.134549357017421),
 .UNSPECIFIED.);
#995=B_SPLINE_CURVE_WITH_KNOTS('',3,(#2025,#2026,#2027,#2028),
 .UNSPECIFIED.,.F.,.F.,(4,4),(0.134549357017421,0.144327087782399),
 .PIECEWISE_BEZIER_KNOTS.);
#996=B_SPLINE_CURVE_WITH_KNOTS('',3,(#2034,#2035,#2036,#2037,#2038,#2039,
#2040,#2041,#2042,#2043,#2044,#2045,#2046,#2047,#2048),.UNSPECIFIED.,.F.,
 .F.,(4,2,2,2,2,3,4),(0.203419486438061,0.232166138164745,0.26091278989143,
0.292755234880989,0.324597679870548,0.352541049963426,0.374100136978792),
 .UNSPECIFIED.);
#997=B_SPLINE_CURVE_WITH_KNOTS('',3,(#2052,#2053,#2054,#2055,#2056,#2057,
#2058,#2059,#2060,#2061,#2062,#2063,#2064,#2065,#2066,#2067,#2068,#2069),
 .UNSPECIFIED.,.F.,.F.,(4,3,3,2,3,3,4),(0.402595453673176,0.433525209027466,
0.459375189550668,0.481685179383425,0.523262887708109,0.571552442748611,
0.600582496285157),.UNSPECIFIED.);
#998=B_SPLINE_CURVE_WITH_KNOTS('',3,(#2071,#2072,#2073,#2074,#2075,#2076,
#2077,#2078,#2079),.UNSPECIFIED.,.F.,.F.,(4,2,3,4),(0.600582496285157,0.616183412732364,
0.62752953378488,0.640029118054939),.UNSPECIFIED.);
#999=B_SPLINE_CURVE_WITH_KNOTS('',3,(#2087,#2088,#2089,#2090,#2091,#2092,
#2093,#2094,#2095,#2096,#2097,#2098,#2099,#2100,#2101,#2102,#2103,#2104,
#2105,#2106,#2107,#2108),.UNSPECIFIED.,.F.,.F.,(4,3,2,3,2,3,2,3,4),(0.,
0.0545728839153889,0.0927650701528531,0.124591892017406,0.143123730778828,
0.159339089695072,0.173545934797801,0.187245392575432,0.201171480639712),
 .UNSPECIFIED.);
#1000=B_SPLINE_CURVE_WITH_KNOTS('',3,(#2110,#2111,#2112,#2113),
 .UNSPECIFIED.,.F.,.F.,(4,4),(0.201171480639712,0.209985396632034),
 .PIECEWISE_BEZIER_KNOTS.);
#1001=B_SPLINE_CURVE_WITH_KNOTS('',3,(#2115,#2116,#2117,#2118,#2119,#2120,
#2121,#2122,#2123),.UNSPECIFIED.,.F.,.F.,(4,2,3,4),(0.209985396632034,0.22835026451656,
0.258278197365419,0.316335731148667),.UNSPECIFIED.);
#1002=B_SPLINE_CURVE_WITH_KNOTS('',3,(#2125,#2126,#2127,#2128,#2129,#2130,
#2131,#2132,#2133,#2134,#2135,#2136),.UNSPECIFIED.,.F.,.F.,(4,3,2,3,4),
(0.316335731148667,0.406304564126896,0.417643904660601,0.428983245194307,
0.46574252006803),.UNSPECIFIED.);
#1003=B_SPLINE_CURVE_WITH_KNOTS('',3,(#2144,#2145,#2146,#2147,#2148,#2149,
#2150,#2151,#2152,#2153,#2154,#2155,#2156,#2157,#2158,#2159,#2160,#2161,
#2162,#2163,#2164),.UNSPECIFIED.,.F.,.F.,(4,3,3,3,3,2,3,4),(0.608920911150764,
0.642227657445188,0.654807800511952,0.665576934460882,0.803455177347492,
0.815673140782139,0.827891104216784,0.85936551901417),.UNSPECIFIED.);
#1004=B_SPLINE_CURVE_WITH_KNOTS('',3,(#2172,#2173,#2174,#2175,#2176,#2177,
#2178,#2179,#2180,#2181,#2182),.UNSPECIFIED.,.F.,.F.,(4,3,2,2,4),(0.,0.0784649892624413,
0.137332078343837,0.182273619470494,0.227215160597147),.UNSPECIFIED.);
#1005=B_SPLINE_CURVE_WITH_KNOTS('',3,(#2186,#2187,#2188,#2189,#2190,#2191,
#2192,#2193,#2194,#2195,#2196,#2197,#2198,#2199,#2200,#2201,#2202,#2203,
#2204,#2205),.UNSPECIFIED.,.F.,.F.,(4,2,2,3,2,3,2,2,4),(0.237538275236671,
0.294530700394524,0.35252299266041,0.427084511287978,0.519981724006262,
0.603164195525249,0.689001490828265,0.766628262232731,0.844255033637198),
 .UNSPECIFIED.);
#1006=B_SPLINE_CURVE_WITH_KNOTS('',3,(#2214,#2215,#2216,#2217,#2218,#2219,
#2220,#2221,#2222,#2223,#2224,#2225,#2226,#2227,#2228,#2229,#2230,#2231,
#2232,#2233,#2234,#2235,#2236,#2237,#2238,#2239,#2240,#2241,#2242,#2243,
#2244,#2245,#2246,#2247,#2248,#2249,#2250,#2251,#2252,#2253,#2254,#2255,
#2256,#2257),.UNSPECIFIED.,.F.,.F.,(4,2,2,2,2,3,2,2,2,3,2,3,2,3,2,3,2,3,
4),(0.45304206430625,0.492727036448161,0.532412008590072,0.565269458643052,
0.598126908696033,0.612315353037093,0.622873313351245,0.633431273665396,
0.643989233979549,0.660757759184379,0.671754697906328,0.680715166494584,
0.698287497958675,0.731035933869027,0.769008953934655,0.814411477926168,
0.848154442410187,0.884561325142943,0.919870033008142),.UNSPECIFIED.);
#1007=B_SPLINE_CURVE_WITH_KNOTS('',3,(#2262,#2263,#2264,#2265,#2266,#2267,
#2268,#2269,#2270,#2271,#2272,#2273,#2274,#2275,#2276,#2277,#2278,#2279),
 .UNSPECIFIED.,.F.,.F.,(4,2,2,2,3,2,3,4),(0.232602211802678,0.241623266605242,
0.26022919213553,0.278835117665818,0.316046968726395,0.360494167072824,
0.397163105708627,0.444454360421973),.UNSPECIFIED.);
#1008=B_SPLINE_CURVE_WITH_KNOTS('',3,(#2281,#2282,#2283,#2284,#2285,#2286,
#2287,#2288,#2289,#2290,#2291,#2292,#2293,#2294,#2295,#2296,#2297,#2298,
#2299,#2300,#2301,#2302,#2303,#2304),.UNSPECIFIED.,.F.,.F.,(4,3,2,3,2,3,
2,3,2,4),(0.,0.0462388298724665,0.10096449805828,0.140111326395578,0.172915777379756,
0.188162916569586,0.198030997293237,0.212384569254912,0.219736439272281,
0.232602211802678),.UNSPECIFIED.);
#1009=B_SPLINE_CURVE_WITH_KNOTS('',3,(#2306,#2307,#2308,#2309,#2310,#2311,
#2312),.UNSPECIFIED.,.F.,.F.,(4,3,4),(0.919870033008142,0.966005092254067,
1.),.UNSPECIFIED.);
#1010=B_SPLINE_CURVE_WITH_KNOTS('',3,(#2409,#2410,#2411,#2412,#2413,#2414,
#2415,#2416,#2417,#2418,#2419,#2420,#2421,#2422,#2423,#2424,#2425,#2426),
 .UNSPECIFIED.,.F.,.F.,(4,3,3,2,3,3,4),(0.0484609042085893,0.132687586838421,
0.235458447196778,0.357637245774359,0.492087277396851,0.60259641692691,
0.682924270107082),.UNSPECIFIED.);
#1011=B_SPLINE_CURVE_WITH_KNOTS('',3,(#2430,#2431,#2432,#2433,#2434,#2435,
#2436,#2437,#2438),.UNSPECIFIED.,.F.,.F.,(4,2,3,4),(0.,0.0130761076479115,
0.0261522152958231,0.0373065597522062),.UNSPECIFIED.);
#1012=B_SPLINE_CURVE_WITH_KNOTS('',3,(#2440,#2441,#2442,#2443,#2444,#2445,
#2446,#2447,#2448,#2449,#2450,#2451),.UNSPECIFIED.,.F.,.F.,(4,3,2,3,4),
(0.694078614563465,0.707054076482115,0.720130184130026,0.733206291777938,
1.),.UNSPECIFIED.);
#1013=B_SPLINE_CURVE_WITH_KNOTS('',3,(#2452,#2453,#2454,#2455,#2456,#2457,
#2458,#2459,#2460,#2461,#2462,#2463,#2464,#2465,#2466,#2467,#2468,#2469,
#2470,#2471,#2472,#2473,#2474,#2475),.UNSPECIFIED.,.T.,.F.,(4,2,2,2,3,3,
3,2,3,4),(0.,0.120767510064377,0.241535020128753,0.277956967608487,0.31437891508822,
0.680559713009822,0.698573436586002,0.722049830065797,0.827258852697473,
1.),.UNSPECIFIED.);
#1014=B_SPLINE_CURVE_WITH_KNOTS('',3,(#2564,#2565,#2566,#2567,#2568,#2569,
#2570,#2571,#2572,#2573,#2574,#2575,#2576,#2577,#2578,#2579,#2580,#2581,
#2582,#2583,#2584,#2585,#2586,#2587),.UNSPECIFIED.,.T.,.F.,(4,2,2,2,3,3,
3,2,3,4),(0.,0.120767510064377,0.241535020128753,0.277956967608487,0.31437891508822,
0.680559713009822,0.698573436586002,0.722049830065797,0.827258852697473,
1.),.UNSPECIFIED.);
#1015=B_SPLINE_CURVE_WITH_KNOTS('',3,(#2595,#2596,#2597,#2598,#2599,#2600,
#2601,#2602,#2603),.UNSPECIFIED.,.F.,.F.,(4,2,3,4),(0.600582496285157,0.616183412732364,
0.62752953378488,0.640029118054939),.UNSPECIFIED.);
#1016=B_SPLINE_CURVE_WITH_KNOTS('',3,(#2605,#2606,#2607,#2608,#2609,#2610,
#2611,#2612,#2613,#2614,#2615,#2616,#2617,#2618,#2619,#2620,#2621,#2622),
 .UNSPECIFIED.,.F.,.F.,(4,3,3,2,3,3,4),(0.402595453673176,0.433525209027466,
0.459375189550668,0.481685179383425,0.523262887708109,0.571552442748611,
0.600582496285157),.UNSPECIFIED.);
#1017=B_SPLINE_CURVE_WITH_KNOTS('',3,(#2626,#2627,#2628,#2629,#2630,#2631,
#2632,#2633,#2634,#2635,#2636,#2637,#2638,#2639,#2640),.UNSPECIFIED.,.F.,
 .F.,(4,2,2,2,2,3,4),(0.203419486438061,0.232166138164745,0.26091278989143,
0.292755234880989,0.324597679870548,0.352541049963426,0.374100136978792),
 .UNSPECIFIED.);
#1018=B_SPLINE_CURVE_WITH_KNOTS('',3,(#2646,#2647,#2648,#2649),
 .UNSPECIFIED.,.F.,.F.,(4,4),(0.134549357017421,0.144327087782399),
 .PIECEWISE_BEZIER_KNOTS.);
#1019=B_SPLINE_CURVE_WITH_KNOTS('',3,(#2651,#2652,#2653,#2654,#2655,#2656),
 .UNSPECIFIED.,.F.,.F.,(4,2,4),(0.109740216324189,0.121768890599695,0.134549357017421),
 .UNSPECIFIED.);
#1020=B_SPLINE_CURVE_WITH_KNOTS('',3,(#2658,#2659,#2660,#2661,#2662,#2663,
#2664,#2665,#2666),.UNSPECIFIED.,.F.,.F.,(4,3,2,4),(0.,0.0400623196470373,
0.0848189248119227,0.109740216324189),.UNSPECIFIED.);
#1021=B_SPLINE_CURVE_WITH_KNOTS('',3,(#2668,#2669,#2670,#2671,#2672,#2673,
#2674,#2675,#2676,#2677,#2678,#2679,#2680,#2681,#2682,#2683,#2684,#2685,
#2686,#2687,#2688,#2689,#2690,#2691,#2692,#2693,#2694),.UNSPECIFIED.,.F.,
 .F.,(4,3,2,2,2,3,3,3,3,2,4),(0.704590754969343,0.746293176577842,0.786041509541661,
0.816956879624631,0.847872249707601,0.869231959946745,0.884772714885559,
0.920487183188833,0.954301492341833,0.977150746170917,1.),.UNSPECIFIED.);
#1022=B_SPLINE_CURVE_WITH_KNOTS('',3,(#2796,#2797,#2798,#2799,#2800,#2801,
#2802,#2803,#2804,#2805),.UNSPECIFIED.,.F.,.F.,(4,3,3,4),(0.775468305579155,
0.784383264564913,0.800525309242084,0.816860780346667),.UNSPECIFIED.);
#1023=B_SPLINE_CURVE_WITH_KNOTS('',3,(#2809,#2810,#2811,#2812,#2813,#2814,
#2815,#2816,#2817,#2818,#2819,#2820,#2821,#2822,#2823,#2824,#2825,#2826,
#2827,#2828,#2829,#2830,#2831,#2832,#2833),.UNSPECIFIED.,.F.,.F.,(4,3,3,
3,3,3,3,3,4),(0.496590166822764,0.52987515885451,0.564905338399006,0.603663659550762,
0.648575526859384,0.736313794601333,0.746448651838817,0.757649674937302,
0.766553346593396),.UNSPECIFIED.);
#1024=B_SPLINE_CURVE_WITH_KNOTS('',3,(#2843,#2844,#2845,#2846,#2847,#2848,
#2849,#2850,#2851,#2852,#2853,#2854,#2855),.UNSPECIFIED.,.F.,.F.,(4,3,3,
3,4),(0.241225854934109,0.384400096245389,0.394425763321853,0.404494770671616,
0.413222553372843),.UNSPECIFIED.);
#1025=B_SPLINE_CURVE_WITH_KNOTS('',3,(#2859,#2860,#2861,#2862,#2863,#2864,
#2865,#2866,#2867,#2868),.UNSPECIFIED.,.F.,.F.,(4,3,3,4),(0.19699599180694,
0.205732651612983,0.221874696290154,0.238373068058666),.UNSPECIFIED.);
#1026=B_SPLINE_CURVE_WITH_KNOTS('',3,(#2872,#2873,#2874,#2875,#2876,#2877,
#2878,#2879,#2880,#2881,#2882,#2883,#2884),.UNSPECIFIED.,.F.,.F.,(4,3,3,
3,4),(0.0658992321238323,0.157901608856859,0.167980857482867,0.17935548995331,
0.188081032821182),.UNSPECIFIED.);
#1027=B_SPLINE_CURVE_WITH_KNOTS('',3,(#2888,#2889,#2890,#2891,#2892,#2893,
#2894,#2895,#2896,#2897),.UNSPECIFIED.,.F.,.F.,(4,3,3,4),(0.819891866401825,
0.941313607787854,0.972627389558437,1.),.UNSPECIFIED.);
#1028=B_SPLINE_CURVE_WITH_KNOTS('',3,(#3006,#3007,#3008,#3009,#3010,#3011,
#3012,#3013,#3014,#3015,#3016,#3017,#3018,#3019,#3020,#3021,#3022,#3023,
#3024,#3025,#3026),.UNSPECIFIED.,.F.,.F.,(4,3,3,3,3,2,3,4),(0.608920911150764,
0.642227657445188,0.654807800511952,0.665576934460882,0.803455177347492,
0.815673140782139,0.827891104216784,0.85936551901417),.UNSPECIFIED.);
#1029=B_SPLINE_CURVE_WITH_KNOTS('',3,(#3034,#3035,#3036,#3037,#3038,#3039,
#3040,#3041,#3042,#3043,#3044,#3045),.UNSPECIFIED.,.F.,.F.,(4,3,2,3,4),
(0.316335731148667,0.406304564126896,0.417643904660601,0.428983245194307,
0.46574252006803),.UNSPECIFIED.);
#1030=B_SPLINE_CURVE_WITH_KNOTS('',3,(#3047,#3048,#3049,#3050,#3051,#3052,
#3053,#3054,#3055),.UNSPECIFIED.,.F.,.F.,(4,2,3,4),(0.209985396632034,0.22835026451656,
0.258278197365419,0.316335731148667),.UNSPECIFIED.);
#1031=B_SPLINE_CURVE_WITH_KNOTS('',3,(#3057,#3058,#3059,#3060),
 .UNSPECIFIED.,.F.,.F.,(4,4),(0.201171480639712,0.209985396632034),
 .PIECEWISE_BEZIER_KNOTS.);
#1032=B_SPLINE_CURVE_WITH_KNOTS('',3,(#3062,#3063,#3064,#3065,#3066,#3067,
#3068,#3069,#3070,#3071,#3072,#3073,#3074,#3075,#3076,#3077,#3078,#3079,
#3080,#3081,#3082,#3083),.UNSPECIFIED.,.F.,.F.,(4,3,2,3,2,3,2,3,4),(0.,
0.0545728839153889,0.0927650701528531,0.124591892017406,0.143123730778828,
0.159339089695072,0.173545934797801,0.187245392575432,0.201171480639712),
 .UNSPECIFIED.);
#1033=B_SPLINE_CURVE_WITH_KNOTS('',3,(#3189,#3190,#3191,#3192,#3193,#3194,
#3195,#3196,#3197,#3198,#3199,#3200,#3201,#3202,#3203,#3204,#3205,#3206,
#3207,#3208,#3209,#3210,#3211,#3212),.UNSPECIFIED.,.F.,.F.,(4,3,3,2,3,2,
2,2,3,4),(0.00760484876266086,0.0148379363949206,0.0342109097656384,0.073297731433905,
0.121860146233873,0.1932482830841,0.259186943838891,0.325125604593681,0.369275838316453,
0.414417936494355),.UNSPECIFIED.);
#1034=B_SPLINE_CURVE_WITH_KNOTS('',3,(#3214,#3215,#3216,#3217),
 .UNSPECIFIED.,.F.,.F.,(4,4),(0.,0.00760484876266086),.UNSPECIFIED.);
#1035=B_SPLINE_CURVE_WITH_KNOTS('',3,(#3219,#3220,#3221,#3222,#3223,#3224,
#3225,#3226,#3227,#3228,#3229,#3230,#3231,#3232,#3233,#3234,#3235,#3236,
#3237,#3238,#3239,#3240,#3241,#3242,#3243,#3244,#3245,#3246,#3247,#3248,
#3249),.UNSPECIFIED.,.F.,.F.,(4,3,2,3,2,3,2,2,2,3,2,3,4),(0.42404829560394,
0.477974119418465,0.537240433350931,0.611893194169712,0.698547828698411,
0.776140540662018,0.839501267086802,0.884482546151725,0.929463825216649,
0.959757339688944,0.975472294468971,0.987258510553992,1.),.UNSPECIFIED.);
#1036=B_SPLINE_CURVE_WITH_KNOTS('',3,(#3315,#3316,#3317,#3318,#3319,#3320,
#3321,#3322,#3323,#3324,#3325,#3326),.UNSPECIFIED.,.F.,.F.,(4,3,2,3,4),
(0.,0.185242623078268,0.325544030573689,0.474955919075307,0.660545200875272),
 .UNSPECIFIED.);
#1037=B_SPLINE_CURVE_WITH_KNOTS('',3,(#3327,#3328,#3329,#3330,#3331,#3332,
#3333,#3334,#3335,#3336,#3337,#3338,#3339,#3340,#3341,#3342,#3343,#3344,
#3345,#3346),.UNSPECIFIED.,.F.,.F.,(4,2,2,3,2,3,2,2,4),(0.237538275236671,
0.294530700394524,0.35252299266041,0.427084511287978,0.519981724006262,
0.603164195525249,0.689001490828265,0.766628262232731,0.844255033637198),
 .UNSPECIFIED.);
#1038=B_SPLINE_CURVE_WITH_KNOTS('',3,(#3351,#3352,#3353,#3354,#3355,#3356,
#3357,#3358,#3359,#3360,#3361),.UNSPECIFIED.,.F.,.F.,(4,3,2,2,4),(0.,0.0784649892624413,
0.137332078343837,0.182273619470494,0.227215160597147),.UNSPECIFIED.);
#1039=B_SPLINE_CURVE_WITH_KNOTS('',3,(#3418,#3419,#3420,#3421,#3422,#3423,
#3424,#3425,#3426,#3427,#3428,#3429),.UNSPECIFIED.,.F.,.F.,(4,3,2,3,4),
(0.,0.185242623078268,0.325544030573689,0.474955919075307,0.660545200875272),
 .UNSPECIFIED.);
#1040=B_SPLINE_CURVE_WITH_KNOTS('',3,(#3438,#3439,#3440,#3441,#3442,#3443,
#3444,#3445,#3446,#3447,#3448,#3449,#3450,#3451,#3452,#3453,#3454,#3455,
#3456,#3457,#3458,#3459),.UNSPECIFIED.,.T.,.F.,(4,3,2,3,2,3,2,3,4),(0.,
0.143804761445409,0.243362916970301,0.357490558669568,0.494294046535462,
0.642584850176354,0.75232022489495,0.852800808974629,1.),.UNSPECIFIED.);
#1041=B_SPLINE_CURVE_WITH_KNOTS('',3,(#3461,#3462,#3463,#3464,#3465,#3466,
#3467,#3468,#3469,#3470,#3471,#3472,#3473,#3474,#3475,#3476,#3477,#3478,
#3479,#3480,#3481,#3482),.UNSPECIFIED.,.T.,.F.,(4,3,2,3,2,3,2,3,4),(0.,
0.130006323499543,0.249065056987017,0.373043572850006,0.504837488733221,
0.625564739923952,0.747788698609899,0.875832845804701,1.),.UNSPECIFIED.);
#1042=B_SPLINE_CURVE_WITH_KNOTS('',3,(#3528,#3529,#3530,#3531,#3532,#3533,
#3534,#3535,#3536,#3537,#3538,#3539,#3540,#3541,#3542,#3543,#3544,#3545,
#3546,#3547,#3548,#3549),.UNSPECIFIED.,.T.,.F.,(4,3,2,3,2,3,2,3,4),(0.,
0.143804761445409,0.243362916970301,0.357490558669568,0.494294046535462,
0.642584850176354,0.75232022489495,0.852800808974629,1.),.UNSPECIFIED.);
#1043=EDGE_LOOP('',(#286));
#1044=EDGE_LOOP('',(#287,#288,#289,#290));
#1045=EDGE_LOOP('',(#291,#292,#293,#294,#295,#296,#297,#298,#299,#300,#301,
#302,#303,#304,#305));
#1046=EDGE_LOOP('',(#306,#307,#308,#309,#310));
#1047=EDGE_LOOP('',(#311));
#1048=EDGE_LOOP('',(#312));
#1049=EDGE_LOOP('',(#313,#314,#315,#316,#317));
#1050=EDGE_LOOP('',(#318,#319,#320,#321,#322,#323,#324,#325,#326,#327,#328,
#329));
#1051=EDGE_LOOP('',(#330,#331,#332,#333,#334,#335,#336,#337,#338,#339,#340,
#341));
#1052=EDGE_LOOP('',(#342,#343,#344,#345));
#1053=EDGE_LOOP('',(#346));
#1054=EDGE_LOOP('',(#347));
#1055=EDGE_LOOP('',(#348));
#1056=EDGE_LOOP('',(#349));
#1057=EDGE_LOOP('',(#350));
#1058=EDGE_LOOP('',(#351));
#1059=EDGE_LOOP('',(#352,#353,#354,#355,#356));
#1060=EDGE_LOOP('',(#357,#358,#359,#360));
#1061=EDGE_LOOP('',(#361,#362,#363,#364));
#1062=EDGE_LOOP('',(#365,#366,#367,#368));
#1063=EDGE_LOOP('',(#369,#370,#371,#372));
#1064=EDGE_LOOP('',(#373,#374,#375,#376));
#1065=EDGE_LOOP('',(#377,#378,#379,#380,#381));
#1066=EDGE_LOOP('',(#382));
#1067=EDGE_LOOP('',(#383,#384,#385,#386));
#1068=EDGE_LOOP('',(#387,#388,#389,#390));
#1069=EDGE_LOOP('',(#391,#392,#393,#394));
#1070=EDGE_LOOP('',(#395,#396,#397,#398));
#1071=EDGE_LOOP('',(#399,#400,#401,#402));
#1072=EDGE_LOOP('',(#403));
#1073=EDGE_LOOP('',(#404));
#1074=EDGE_LOOP('',(#405,#406,#407,#408,#409,#410,#411,#412,#413,#414,#415,
#416));
#1075=EDGE_LOOP('',(#417,#418,#419,#420));
#1076=EDGE_LOOP('',(#421,#422,#423,#424));
#1077=EDGE_LOOP('',(#425,#426,#427,#428));
#1078=EDGE_LOOP('',(#429,#430,#431,#432));
#1079=EDGE_LOOP('',(#433,#434,#435,#436));
#1080=EDGE_LOOP('',(#437,#438,#439,#440));
#1081=EDGE_LOOP('',(#441,#442,#443,#444));
#1082=EDGE_LOOP('',(#445,#446,#447,#448));
#1083=EDGE_LOOP('',(#449,#450,#451,#452));
#1084=EDGE_LOOP('',(#453,#454,#455,#456));
#1085=EDGE_LOOP('',(#457,#458,#459,#460));
#1086=EDGE_LOOP('',(#461,#462,#463,#464));
#1087=EDGE_LOOP('',(#465,#466,#467,#468,#469,#470,#471,#472,#473,#474,#475,
#476,#477,#478,#479));
#1088=EDGE_LOOP('',(#480,#481,#482,#483));
#1089=EDGE_LOOP('',(#484,#485,#486,#487));
#1090=EDGE_LOOP('',(#488,#489,#490,#491));
#1091=EDGE_LOOP('',(#492,#493,#494,#495));
#1092=EDGE_LOOP('',(#496,#497,#498,#499));
#1093=EDGE_LOOP('',(#500,#501,#502,#503));
#1094=EDGE_LOOP('',(#504,#505,#506,#507));
#1095=EDGE_LOOP('',(#508,#509,#510,#511));
#1096=EDGE_LOOP('',(#512,#513,#514,#515));
#1097=EDGE_LOOP('',(#516,#517,#518,#519));
#1098=EDGE_LOOP('',(#520,#521,#522,#523));
#1099=EDGE_LOOP('',(#524,#525,#526,#527));
#1100=EDGE_LOOP('',(#528,#529,#530,#531));
#1101=EDGE_LOOP('',(#532,#533,#534,#535));
#1102=EDGE_LOOP('',(#536,#537,#538,#539));
#1103=EDGE_LOOP('',(#540,#541,#542,#543,#544,#545,#546,#547,#548,#549,#550,
#551));
#1104=EDGE_LOOP('',(#552,#553,#554,#555));
#1105=EDGE_LOOP('',(#556,#557,#558,#559));
#1106=EDGE_LOOP('',(#560,#561,#562,#563));
#1107=EDGE_LOOP('',(#564,#565,#566,#567));
#1108=EDGE_LOOP('',(#568,#569,#570,#571));
#1109=EDGE_LOOP('',(#572,#573,#574,#575));
#1110=EDGE_LOOP('',(#576,#577,#578,#579));
#1111=EDGE_LOOP('',(#580,#581,#582,#583));
#1112=EDGE_LOOP('',(#584,#585,#586,#587));
#1113=EDGE_LOOP('',(#588,#589,#590,#591));
#1114=EDGE_LOOP('',(#592,#593,#594,#595));
#1115=EDGE_LOOP('',(#596,#597,#598,#599));
#1116=EDGE_LOOP('',(#600,#601,#602,#603));
#1117=EDGE_LOOP('',(#604,#605,#606,#607));
#1118=EDGE_LOOP('',(#608,#609,#610,#611));
#1119=EDGE_LOOP('',(#612,#613,#614,#615));
#1120=EDGE_LOOP('',(#616,#617,#618,#619));
#1121=EDGE_LOOP('',(#620,#621));
#1122=EDGE_LOOP('',(#622,#623,#624,#625));
#1123=EDGE_LOOP('',(#626,#627,#628,#629));
#1124=EDGE_LOOP('',(#630,#631,#632,#633));
#1125=EDGE_LOOP('',(#634,#635,#636,#637));
#1126=EDGE_LOOP('',(#638,#639,#640,#641));
#1127=EDGE_LOOP('',(#642,#643,#644,#645));
#1128=EDGE_LOOP('',(#646,#647,#648,#649));
#1129=EDGE_LOOP('',(#650));
#1130=EDGE_LOOP('',(#651));
#1131=EDGE_LOOP('',(#652));
#1132=EDGE_LOOP('',(#653));
#1133=EDGE_LOOP('',(#654));
#1134=EDGE_LOOP('',(#655));
#1135=EDGE_LOOP('',(#656));
#1136=EDGE_LOOP('',(#657));
#1137=EDGE_LOOP('',(#658,#659));
#1138=FACE_BOUND('',#1043,.T.);
#1139=FACE_BOUND('',#1044,.T.);
#1140=FACE_BOUND('',#1045,.T.);
#1141=FACE_BOUND('',#1046,.T.);
#1142=FACE_BOUND('',#1047,.T.);
#1143=FACE_BOUND('',#1048,.T.);
#1144=FACE_BOUND('',#1049,.T.);
#1145=FACE_BOUND('',#1050,.T.);
#1146=FACE_BOUND('',#1051,.T.);
#1147=FACE_BOUND('',#1052,.T.);
#1148=FACE_BOUND('',#1053,.T.);
#1149=FACE_BOUND('',#1054,.T.);
#1150=FACE_BOUND('',#1055,.T.);
#1151=FACE_BOUND('',#1056,.T.);
#1152=FACE_BOUND('',#1057,.T.);
#1153=FACE_BOUND('',#1058,.T.);
#1154=FACE_BOUND('',#1059,.T.);
#1155=FACE_BOUND('',#1060,.T.);
#1156=FACE_BOUND('',#1061,.T.);
#1157=FACE_BOUND('',#1062,.T.);
#1158=FACE_BOUND('',#1063,.T.);
#1159=FACE_BOUND('',#1064,.T.);
#1160=FACE_BOUND('',#1065,.T.);
#1161=FACE_BOUND('',#1066,.T.);
#1162=FACE_BOUND('',#1067,.T.);
#1163=FACE_BOUND('',#1068,.T.);
#1164=FACE_BOUND('',#1069,.T.);
#1165=FACE_BOUND('',#1070,.T.);
#1166=FACE_BOUND('',#1071,.T.);
#1167=FACE_BOUND('',#1072,.T.);
#1168=FACE_BOUND('',#1073,.T.);
#1169=FACE_BOUND('',#1074,.T.);
#1170=FACE_BOUND('',#1075,.T.);
#1171=FACE_BOUND('',#1076,.T.);
#1172=FACE_BOUND('',#1077,.T.);
#1173=FACE_BOUND('',#1078,.T.);
#1174=FACE_BOUND('',#1079,.T.);
#1175=FACE_BOUND('',#1080,.T.);
#1176=FACE_BOUND('',#1081,.T.);
#1177=FACE_BOUND('',#1082,.T.);
#1178=FACE_BOUND('',#1083,.T.);
#1179=FACE_BOUND('',#1084,.T.);
#1180=FACE_BOUND('',#1085,.T.);
#1181=FACE_BOUND('',#1086,.T.);
#1182=FACE_BOUND('',#1087,.T.);
#1183=FACE_BOUND('',#1088,.T.);
#1184=FACE_BOUND('',#1089,.T.);
#1185=FACE_BOUND('',#1090,.T.);
#1186=FACE_BOUND('',#1091,.T.);
#1187=FACE_BOUND('',#1092,.T.);
#1188=FACE_BOUND('',#1093,.T.);
#1189=FACE_BOUND('',#1094,.T.);
#1190=FACE_BOUND('',#1095,.T.);
#1191=FACE_BOUND('',#1096,.T.);
#1192=FACE_BOUND('',#1097,.T.);
#1193=FACE_BOUND('',#1098,.T.);
#1194=FACE_BOUND('',#1099,.T.);
#1195=FACE_BOUND('',#1100,.T.);
#1196=FACE_BOUND('',#1101,.T.);
#1197=FACE_BOUND('',#1102,.T.);
#1198=FACE_BOUND('',#1103,.T.);
#1199=FACE_BOUND('',#1104,.T.);
#1200=FACE_BOUND('',#1105,.T.);
#1201=FACE_BOUND('',#1106,.T.);
#1202=FACE_BOUND('',#1107,.T.);
#1203=FACE_BOUND('',#1108,.T.);
#1204=FACE_BOUND('',#1109,.T.);
#1205=FACE_BOUND('',#1110,.T.);
#1206=FACE_BOUND('',#1111,.T.);
#1207=FACE_BOUND('',#1112,.T.);
#1208=FACE_BOUND('',#1113,.T.);
#1209=FACE_BOUND('',#1114,.T.);
#1210=FACE_BOUND('',#1115,.T.);
#1211=FACE_BOUND('',#1116,.T.);
#1212=FACE_BOUND('',#1117,.T.);
#1213=FACE_BOUND('',#1118,.T.);
#1214=FACE_BOUND('',#1119,.T.);
#1215=FACE_BOUND('',#1120,.T.);
#1216=FACE_BOUND('',#1121,.T.);
#1217=FACE_BOUND('',#1122,.T.);
#1218=FACE_BOUND('',#1123,.T.);
#1219=FACE_BOUND('',#1124,.T.);
#1220=FACE_BOUND('',#1125,.T.);
#1221=FACE_BOUND('',#1126,.T.);
#1222=FACE_BOUND('',#1127,.T.);
#1223=FACE_BOUND('',#1128,.T.);
#1224=FACE_BOUND('',#1129,.T.);
#1225=FACE_BOUND('',#1130,.T.);
#1226=FACE_BOUND('',#1131,.T.);
#1227=FACE_BOUND('',#1132,.T.);
#1228=FACE_BOUND('',#1133,.T.);
#1229=FACE_BOUND('',#1134,.T.);
#1230=FACE_BOUND('',#1135,.T.);
#1231=FACE_BOUND('',#1136,.T.);
#1232=FACE_BOUND('',#1137,.T.);
#1233=PLANE('',#1360);
#1234=PLANE('',#1371);
#1235=PLANE('',#1372);
#1236=PLANE('',#1373);
#1237=PLANE('',#1374);
#1238=PLANE('',#1375);
#1239=PLANE('',#1376);
#1240=PLANE('',#1377);
#1241=PLANE('',#1379);
#1242=PLANE('',#1380);
#1243=PLANE('',#1381);
#1244=PLANE('',#1383);
#1245=PLANE('',#1384);
#1246=PLANE('',#1387);
#1247=PLANE('',#1389);
#1248=PLANE('',#1390);
#1249=PLANE('',#1391);
#1250=PLANE('',#1393);
#1251=PLANE('',#1394);
#1252=PLANE('',#1395);
#1253=PLANE('',#1396);
#1254=PLANE('',#1398);
#1255=PLANE('',#1399);
#1256=PLANE('',#1400);
#1257=PLANE('',#1401);
#1258=PLANE('',#1402);
#1259=PLANE('',#1403);
#1260=PLANE('',#1405);
#1261=PLANE('',#1406);
#1262=PLANE('',#1407);
#1263=PLANE('',#1408);
#1264=PLANE('',#1409);
#1265=PLANE('',#1410);
#1266=PLANE('',#1411);
#1267=PLANE('',#1412);
#1268=PLANE('',#1413);
#1269=PLANE('',#1414);
#1270=ADVANCED_FACE('',(#1138,#1139,#1140,#1141,#1142,#1143,#1144,#1145,
#1146,#1147),#1233,.F.);
#1271=ADVANCED_FACE('',(#1148,#1149),#54,.F.);
#1272=ADVANCED_FACE('',(#1150,#1151),#55,.T.);
#1273=ADVANCED_FACE('',(#1152,#1153),#1234,.T.);
#1274=ADVANCED_FACE('',(#1154),#1235,.F.);
#1275=ADVANCED_FACE('',(#1155),#20,.T.);
#1276=ADVANCED_FACE('',(#1156),#21,.T.);
#1277=ADVANCED_FACE('',(#1157),#22,.T.);
#1278=ADVANCED_FACE('',(#1158),#23,.T.);
#1279=ADVANCED_FACE('',(#1159),#1236,.T.);
#1280=ADVANCED_FACE('',(#1160,#1161),#1237,.F.);
#1281=ADVANCED_FACE('',(#1162),#1238,.T.);
#1282=ADVANCED_FACE('',(#1163),#24,.T.);
#1283=ADVANCED_FACE('',(#1164),#25,.T.);
#1284=ADVANCED_FACE('',(#1165),#1239,.T.);
#1285=ADVANCED_FACE('',(#1166),#26,.T.);
#1286=ADVANCED_FACE('',(#1167,#1168),#27,.T.);
#1287=ADVANCED_FACE('',(#1169),#1240,.F.);
#1288=ADVANCED_FACE('',(#1170),#1241,.T.);
#1289=ADVANCED_FACE('',(#1171),#28,.T.);
#1290=ADVANCED_FACE('',(#1172),#29,.T.);
#1291=ADVANCED_FACE('',(#1173),#30,.T.);
#1292=ADVANCED_FACE('',(#1174),#31,.T.);
#1293=ADVANCED_FACE('',(#1175),#1242,.T.);
#1294=ADVANCED_FACE('',(#1176),#1243,.T.);
#1295=ADVANCED_FACE('',(#1177),#32,.T.);
#1296=ADVANCED_FACE('',(#1178),#56,.T.);
#1297=ADVANCED_FACE('',(#1179),#33,.T.);
#1298=ADVANCED_FACE('',(#1180),#34,.T.);
#1299=ADVANCED_FACE('',(#1181),#1244,.T.);
#1300=ADVANCED_FACE('',(#1182),#1245,.F.);
#1301=ADVANCED_FACE('',(#1183),#1246,.T.);
#1302=ADVANCED_FACE('',(#1184),#35,.T.);
#1303=ADVANCED_FACE('',(#1185),#57,.T.);
#1304=ADVANCED_FACE('',(#1186),#36,.T.);
#1305=ADVANCED_FACE('',(#1187),#1247,.T.);
#1306=ADVANCED_FACE('',(#1188),#37,.T.);
#1307=ADVANCED_FACE('',(#1189),#1248,.T.);
#1308=ADVANCED_FACE('',(#1190),#38,.T.);
#1309=ADVANCED_FACE('',(#1191),#1249,.T.);
#1310=ADVANCED_FACE('',(#1192),#58,.T.);
#1311=ADVANCED_FACE('',(#1193),#1250,.T.);
#1312=ADVANCED_FACE('',(#1194),#1251,.T.);
#1313=ADVANCED_FACE('',(#1195),#39,.T.);
#1314=ADVANCED_FACE('',(#1196),#1252,.T.);
#1315=ADVANCED_FACE('',(#1197),#40,.T.);
#1316=ADVANCED_FACE('',(#1198),#1253,.T.);
#1317=ADVANCED_FACE('',(#1199),#1254,.T.);
#1318=ADVANCED_FACE('',(#1200),#1255,.T.);
#1319=ADVANCED_FACE('',(#1201),#41,.T.);
#1320=ADVANCED_FACE('',(#1202),#42,.T.);
#1321=ADVANCED_FACE('',(#1203),#43,.T.);
#1322=ADVANCED_FACE('',(#1204),#44,.T.);
#1323=ADVANCED_FACE('',(#1205),#1256,.T.);
#1324=ADVANCED_FACE('',(#1206),#1257,.T.);
#1325=ADVANCED_FACE('',(#1207),#1258,.T.);
#1326=ADVANCED_FACE('',(#1208),#45,.T.);
#1327=ADVANCED_FACE('',(#1209),#1259,.T.);
#1328=ADVANCED_FACE('',(#1210),#59,.T.);
#1329=ADVANCED_FACE('',(#1211),#1260,.T.);
#1330=ADVANCED_FACE('',(#1212),#1261,.T.);
#1331=ADVANCED_FACE('',(#1213),#46,.T.);
#1332=ADVANCED_FACE('',(#1214),#47,.T.);
#1333=ADVANCED_FACE('',(#1215),#48,.T.);
#1334=ADVANCED_FACE('',(#1216,#1217),#1262,.T.);
#1335=ADVANCED_FACE('',(#1218),#1263,.T.);
#1336=ADVANCED_FACE('',(#1219),#49,.T.);
#1337=ADVANCED_FACE('',(#1220),#1264,.T.);
#1338=ADVANCED_FACE('',(#1221),#50,.T.);
#1339=ADVANCED_FACE('',(#1222),#51,.T.);
#1340=ADVANCED_FACE('',(#1223),#1265,.T.);
#1341=ADVANCED_FACE('',(#1224),#1266,.F.);
#1342=ADVANCED_FACE('',(#1225,#1226),#1267,.T.);
#1343=ADVANCED_FACE('',(#1227,#1228),#52,.T.);
#1344=ADVANCED_FACE('',(#1229,#1230),#53,.T.);
#1345=ADVANCED_FACE('',(#1231),#1268,.F.);
#1346=ADVANCED_FACE('',(#1232),#1269,.F.);
#1347=CLOSED_SHELL('',(#1270,#1271,#1272,#1273,#1274,#1275,#1276,#1277,
#1278,#1279,#1280,#1281,#1282,#1283,#1284,#1285,#1286,#1287,#1288,#1289,
#1290,#1291,#1292,#1293,#1294,#1295,#1296,#1297,#1298,#1299,#1300,#1301,
#1302,#1303,#1304,#1305,#1306,#1307,#1308,#1309,#1310,#1311,#1312,#1313,
#1314,#1315,#1316,#1317,#1318,#1319,#1320,#1321,#1322,#1323,#1324,#1325,
#1326,#1327,#1328,#1329,#1330,#1331,#1332,#1333,#1334,#1335,#1336,#1337,
#1338,#1339,#1340,#1341,#1342,#1343,#1344,#1345,#1346));
#1348=STYLED_ITEM('',(#1349),#1356);
#1349=PRESENTATION_STYLE_ASSIGNMENT((#1350));
#1350=SURFACE_STYLE_USAGE(.BOTH.,#1351);
#1351=SURFACE_SIDE_STYLE('',(#1352));
#1352=SURFACE_STYLE_FILL_AREA(#1353);
#1353=FILL_AREA_STYLE('',(#1354));
#1354=FILL_AREA_STYLE_COLOUR('',#1355);
#1355=COLOUR_RGB('',0.506983280181885,0.531564235687256,0.550000011920929);
#1356=MANIFOLD_SOLID_BREP('',#1347);
#1357=SHAPE_DEFINITION_REPRESENTATION(#3559,#1358);
#1358=SHAPE_REPRESENTATION(
'\X2\67D4602777F358A891D15C5E6CE29F7F590D540857AB7247\X0\_\X2\57FA672C578B\X0\ 
GBT19066.2-2020',(#1359),#3554);
#1359=AXIS2_PLACEMENT_3D('',#1634,#1415,#1416);
#1360=AXIS2_PLACEMENT_3D('',#1635,#1417,#1418);
#1361=AXIS2_PLACEMENT_3D('',#1737,#1421,#1422);
#1362=AXIS2_PLACEMENT_3D('',#1784,#1426,#1427);
#1363=AXIS2_PLACEMENT_3D('',#1874,#1433,#1434);
#1364=AXIS2_PLACEMENT_3D('',#1876,#1435,#1436);
#1365=AXIS2_PLACEMENT_3D('',#2050,#1441,#1442);
#1366=AXIS2_PLACEMENT_3D('',#2168,#1450,#1451);
#1367=AXIS2_PLACEMENT_3D('',#2206,#1454,#1455);
#1368=AXIS2_PLACEMENT_3D('',#2207,#1456,#1457);
#1369=AXIS2_PLACEMENT_3D('',#2209,#1458,#1459);
#1370=AXIS2_PLACEMENT_3D('',#2210,#1460,#1461);
#1371=AXIS2_PLACEMENT_3D('',#2212,#1462,#1463);
#1372=AXIS2_PLACEMENT_3D('',#2213,#1464,#1465);
#1373=AXIS2_PLACEMENT_3D('',#2404,#1472,#1473);
#1374=AXIS2_PLACEMENT_3D('',#2405,#1474,#1475);
#1375=AXIS2_PLACEMENT_3D('',#2477,#1478,#1479);
#1376=AXIS2_PLACEMENT_3D('',#2508,#1484,#1485);
#1377=AXIS2_PLACEMENT_3D('',#2589,#1487,#1488);
#1378=AXIS2_PLACEMENT_3D('',#2624,#1491,#1492);
#1379=AXIS2_PLACEMENT_3D('',#2695,#1495,#1496);
#1380=AXIS2_PLACEMENT_3D('',#2748,#1503,#1504);
#1381=AXIS2_PLACEMENT_3D('',#2750,#1506,#1507);
#1382=AXIS2_PLACEMENT_3D('',#2765,#1510,#1511);
#1383=AXIS2_PLACEMENT_3D('',#2791,#1515,#1516);
#1384=AXIS2_PLACEMENT_3D('',#2792,#1517,#1518);
#1385=AXIS2_PLACEMENT_3D('',#2839,#1523,#1524);
#1386=AXIS2_PLACEMENT_3D('',#2886,#1528,#1529);
#1387=AXIS2_PLACEMENT_3D('',#2898,#1530,#1531);
#1388=AXIS2_PLACEMENT_3D('',#2912,#1535,#1536);
#1389=AXIS2_PLACEMENT_3D('',#2929,#1539,#1540);
#1390=AXIS2_PLACEMENT_3D('',#2940,#1543,#1544);
#1391=AXIS2_PLACEMENT_3D('',#2957,#1547,#1548);
#1392=AXIS2_PLACEMENT_3D('',#2959,#1550,#1551);
#1393=AXIS2_PLACEMENT_3D('',#2961,#1553,#1554);
#1394=AXIS2_PLACEMENT_3D('',#2963,#1556,#1557);
#1395=AXIS2_PLACEMENT_3D('',#2988,#1560,#1561);
#1396=AXIS2_PLACEMENT_3D('',#2998,#1563,#1564);
#1397=AXIS2_PLACEMENT_3D('',#3002,#1566,#1567);
#1398=AXIS2_PLACEMENT_3D('',#3086,#1573,#1574);
#1399=AXIS2_PLACEMENT_3D('',#3089,#1577,#1578);
#1400=AXIS2_PLACEMENT_3D('',#3149,#1584,#1585);
#1401=AXIS2_PLACEMENT_3D('',#3151,#1587,#1588);
#1402=AXIS2_PLACEMENT_3D('',#3153,#1590,#1591);
#1403=AXIS2_PLACEMENT_3D('',#3182,#1594,#1595);
#1404=AXIS2_PLACEMENT_3D('',#3184,#1597,#1598);
#1405=AXIS2_PLACEMENT_3D('',#3185,#1599,#1600);
#1406=AXIS2_PLACEMENT_3D('',#3250,#1602,#1603);
#1407=AXIS2_PLACEMENT_3D('',#3311,#1608,#1609);
#1408=AXIS2_PLACEMENT_3D('',#3364,#1613,#1614);
#1409=AXIS2_PLACEMENT_3D('',#3382,#1618,#1619);
#1410=AXIS2_PLACEMENT_3D('',#3434,#1623,#1624);
#1411=AXIS2_PLACEMENT_3D('',#3436,#1626,#1627);
#1412=AXIS2_PLACEMENT_3D('',#3437,#1628,#1629);
#1413=AXIS2_PLACEMENT_3D('',#3551,#1630,#1631);
#1414=AXIS2_PLACEMENT_3D('',#3552,#1632,#1633);
#1415=DIRECTION('',(0.,0.,1.));
#1416=DIRECTION('',(1.,0.,0.));
#1417=DIRECTION('',(0.,1.,0.));
#1418=DIRECTION('',(0.,0.,1.));
#1419=DIRECTION('',(0.93157761948506,0.,-0.363542485652708));
#1420=DIRECTION('',(1.,0.,0.));
#1421=DIRECTION('',(0.,-1.,0.));
#1422=DIRECTION('',(1.,0.,0.));
#1423=DIRECTION('',(0.,0.,1.));
#1424=DIRECTION('',(1.,0.,0.));
#1425=DIRECTION('',(0.,0.,-1.));
#1426=DIRECTION('',(0.,-1.,0.));
#1427=DIRECTION('',(1.,0.,0.));
#1428=DIRECTION('',(-1.,0.,0.));
#1429=DIRECTION('',(0.,0.,1.));
#1430=DIRECTION('',(0.,0.,1.));
#1431=DIRECTION('',(0.,0.,1.));
#1432=DIRECTION('',(0.,0.,1.));
#1433=DIRECTION('',(0.,1.,0.));
#1434=DIRECTION('',(1.,0.,0.));
#1435=DIRECTION('',(0.,1.,0.));
#1436=DIRECTION('',(1.,0.,0.));
#1437=DIRECTION('',(0.,0.,1.));
#1438=DIRECTION('',(0.986932880775687,0.,0.161131898902124));
#1439=DIRECTION('',(0.120440362597217,0.,-0.992720564437672));
#1440=DIRECTION('',(-0.986932880775679,0.,-0.161131898902173));
#1441=DIRECTION('',(0.,-1.,0.));
#1442=DIRECTION('',(1.,0.,0.));
#1443=DIRECTION('',(-0.0789606127959507,0.,0.996877736548915));
#1444=DIRECTION('',(1.,0.,0.));
#1445=DIRECTION('',(0.,0.,-1.));
#1446=DIRECTION('',(0.,0.,-1.));
#1447=DIRECTION('',(-1.,0.,0.));
#1448=DIRECTION('',(0.,0.,1.));
#1449=DIRECTION('',(0.,0.,1.));
#1450=DIRECTION('',(0.,-1.,0.));
#1451=DIRECTION('',(1.,0.,0.));
#1452=DIRECTION('',(-1.,0.,0.));
#1453=DIRECTION('',(0.93157761948506,0.,-0.363542485652708));
#1454=DIRECTION('',(0.,-1.,0.));
#1455=DIRECTION('',(0.,0.,-1.));
#1456=DIRECTION('',(0.,1.,0.));
#1457=DIRECTION('',(1.,0.,0.));
#1458=DIRECTION('',(0.,-1.,0.));
#1459=DIRECTION('',(0.,0.,-1.));
#1460=DIRECTION('',(0.,1.,0.));
#1461=DIRECTION('',(1.,0.,0.));
#1462=DIRECTION('',(0.,1.,0.));
#1463=DIRECTION('',(0.,0.,1.));
#1464=DIRECTION('',(0.,1.,0.));
#1465=DIRECTION('',(0.,0.,1.));
#1466=DIRECTION('',(0.,0.,1.));
#1467=DIRECTION('',(0.,-1.,0.));
#1468=DIRECTION('',(0.,-1.,0.));
#1469=DIRECTION('',(0.,-1.,0.));
#1470=DIRECTION('',(0.,-1.,0.));
#1471=DIRECTION('',(0.,-1.,0.));
#1472=DIRECTION('',(1.,0.,0.));
#1473=DIRECTION('',(0.,0.,-1.));
#1474=DIRECTION('',(0.,1.,0.));
#1475=DIRECTION('',(0.,0.,1.));
#1476=DIRECTION('',(0.,0.,1.));
#1477=DIRECTION('',(0.,0.,1.));
#1478=DIRECTION('',(1.,0.,0.));
#1479=DIRECTION('',(0.,0.,-1.));
#1480=DIRECTION('',(0.,-1.,0.));
#1481=DIRECTION('',(0.,-1.,0.));
#1482=DIRECTION('',(0.,-1.,0.));
#1483=DIRECTION('',(0.,-1.,0.));
#1484=DIRECTION('',(1.,0.,0.));
#1485=DIRECTION('',(0.,0.,-1.));
#1486=DIRECTION('',(0.,-1.,0.));
#1487=DIRECTION('',(0.,1.,0.));
#1488=DIRECTION('',(0.,0.,1.));
#1489=DIRECTION('',(0.986932880775687,0.,0.161131898902124));
#1490=DIRECTION('',(-0.0789606127959507,0.,0.996877736548915));
#1491=DIRECTION('',(0.,-1.,0.));
#1492=DIRECTION('',(1.,0.,0.));
#1493=DIRECTION('',(-0.986932880775679,0.,-0.161131898902173));
#1494=DIRECTION('',(0.120440362597217,0.,-0.992720564437672));
#1495=DIRECTION('',(0.161131898902124,0.,-0.986932880775687));
#1496=DIRECTION('',(-0.986932880775687,0.,-0.161131898902124));
#1497=DIRECTION('',(0.,-1.,0.));
#1498=DIRECTION('',(0.,-1.,0.));
#1499=DIRECTION('',(0.,-1.,0.));
#1500=DIRECTION('',(0.,-1.,0.));
#1501=DIRECTION('',(0.,-1.,0.));
#1502=DIRECTION('',(0.,-1.,0.));
#1503=DIRECTION('',(-0.992720564437672,0.,-0.120440362597217));
#1504=DIRECTION('',(-0.120440362597217,0.,0.992720564437673));
#1505=DIRECTION('',(0.,-1.,0.));
#1506=DIRECTION('',(-0.161131898902173,0.,0.986932880775679));
#1507=DIRECTION('',(0.986932880775679,0.,0.161131898902173));
#1508=DIRECTION('',(0.,-1.,0.));
#1509=DIRECTION('',(0.,-1.,0.));
#1510=DIRECTION('',(0.,-1.,0.));
#1511=DIRECTION('',(0.,0.,-1.));
#1512=DIRECTION('',(0.,-1.,0.));
#1513=DIRECTION('',(0.,-1.,0.));
#1514=DIRECTION('',(0.,-1.,0.));
#1515=DIRECTION('',(0.996877736548915,0.,0.0789606127959507));
#1516=DIRECTION('',(0.0789606127959507,0.,-0.996877736548915));
#1517=DIRECTION('',(0.,1.,0.));
#1518=DIRECTION('',(0.,0.,1.));
#1519=DIRECTION('',(1.,0.,0.));
#1520=DIRECTION('',(0.,0.,1.));
#1521=DIRECTION('',(0.,0.,1.));
#1522=DIRECTION('',(-1.,0.,0.));
#1523=DIRECTION('',(0.,-1.,0.));
#1524=DIRECTION('',(1.,0.,0.));
#1525=DIRECTION('',(0.,0.,-1.));
#1526=DIRECTION('',(1.,0.,0.));
#1527=DIRECTION('',(0.,0.,1.));
#1528=DIRECTION('',(0.,-1.,0.));
#1529=DIRECTION('',(1.,0.,0.));
#1530=DIRECTION('',(0.,0.,-1.));
#1531=DIRECTION('',(-1.,0.,0.));
#1532=DIRECTION('',(0.,-1.,0.));
#1533=DIRECTION('',(0.,-1.,0.));
#1534=DIRECTION('',(0.,-1.,0.));
#1535=DIRECTION('',(0.,-1.,0.));
#1536=DIRECTION('',(0.,0.,-1.));
#1537=DIRECTION('',(0.,-1.,0.));
#1538=DIRECTION('',(0.,-1.,0.));
#1539=DIRECTION('',(1.,0.,0.));
#1540=DIRECTION('',(0.,0.,-1.));
#1541=DIRECTION('',(0.,-1.,0.));
#1542=DIRECTION('',(0.,-1.,0.));
#1543=DIRECTION('',(0.,0.,-1.));
#1544=DIRECTION('',(-1.,0.,0.));
#1545=DIRECTION('',(0.,-1.,0.));
#1546=DIRECTION('',(0.,-1.,0.));
#1547=DIRECTION('',(-1.,0.,0.));
#1548=DIRECTION('',(0.,0.,1.));
#1549=DIRECTION('',(0.,-1.,0.));
#1550=DIRECTION('',(0.,-1.,0.));
#1551=DIRECTION('',(0.,0.,-1.));
#1552=DIRECTION('',(0.,-1.,0.));
#1553=DIRECTION('',(0.,0.,1.));
#1554=DIRECTION('',(1.,0.,0.));
#1555=DIRECTION('',(0.,-1.,0.));
#1556=DIRECTION('',(1.,0.,0.));
#1557=DIRECTION('',(0.,0.,-1.));
#1558=DIRECTION('',(0.,-1.,0.));
#1559=DIRECTION('',(0.,-1.,0.));
#1560=DIRECTION('',(1.,0.,0.));
#1561=DIRECTION('',(0.,0.,-1.));
#1562=DIRECTION('',(0.,-1.,0.));
#1563=DIRECTION('',(0.,-1.,0.));
#1564=DIRECTION('',(0.,0.,-1.));
#1565=DIRECTION('',(1.,0.,0.));
#1566=DIRECTION('',(0.,-1.,0.));
#1567=DIRECTION('',(1.,0.,0.));
#1568=DIRECTION('',(0.,0.,1.));
#1569=DIRECTION('',(0.,0.,1.));
#1570=DIRECTION('',(-1.,0.,0.));
#1571=DIRECTION('',(0.,0.,-1.));
#1572=DIRECTION('',(0.,0.,-1.));
#1573=DIRECTION('',(0.,0.,-1.));
#1574=DIRECTION('',(-1.,0.,0.));
#1575=DIRECTION('',(0.,-1.,0.));
#1576=DIRECTION('',(0.,-1.,0.));
#1577=DIRECTION('',(-1.,0.,0.));
#1578=DIRECTION('',(0.,0.,1.));
#1579=DIRECTION('',(0.,-1.,0.));
#1580=DIRECTION('',(0.,-1.,0.));
#1581=DIRECTION('',(0.,-1.,0.));
#1582=DIRECTION('',(0.,-1.,0.));
#1583=DIRECTION('',(0.,-1.,0.));
#1584=DIRECTION('',(-1.,0.,0.));
#1585=DIRECTION('',(0.,0.,1.));
#1586=DIRECTION('',(0.,-1.,0.));
#1587=DIRECTION('',(0.,0.,1.));
#1588=DIRECTION('',(1.,0.,0.));
#1589=DIRECTION('',(0.,-1.,0.));
#1590=DIRECTION('',(1.,0.,0.));
#1591=DIRECTION('',(0.,0.,-1.));
#1592=DIRECTION('',(0.,-1.,0.));
#1593=DIRECTION('',(0.,-1.,0.));
#1594=DIRECTION('',(1.,0.,0.));
#1595=DIRECTION('',(0.,0.,-1.));
#1596=DIRECTION('',(0.,-1.,0.));
#1597=DIRECTION('',(0.,-1.,0.));
#1598=DIRECTION('',(0.,0.,-1.));
#1599=DIRECTION('',(0.,-1.,0.));
#1600=DIRECTION('',(0.,0.,-1.));
#1601=DIRECTION('',(0.93157761948506,0.,-0.363542485652708));
#1602=DIRECTION('',(-0.363542485652708,0.,-0.93157761948506));
#1603=DIRECTION('',(-0.93157761948506,0.,0.363542485652708));
#1604=DIRECTION('',(0.,-1.,0.));
#1605=DIRECTION('',(0.,-1.,0.));
#1606=DIRECTION('',(0.,-1.,0.));
#1607=DIRECTION('',(0.,-1.,0.));
#1608=DIRECTION('',(0.,-1.,0.));
#1609=DIRECTION('',(0.,0.,-1.));
#1610=DIRECTION('',(1.,0.,0.));
#1611=DIRECTION('',(0.93157761948506,0.,-0.363542485652708));
#1612=DIRECTION('',(-1.,0.,0.));
#1613=DIRECTION('',(0.,0.,1.));
#1614=DIRECTION('',(1.,0.,0.));
#1615=DIRECTION('',(0.,-1.,0.));
#1616=DIRECTION('',(0.,-1.,0.));
#1617=DIRECTION('',(0.,-1.,0.));
#1618=DIRECTION('',(-0.363542485652708,0.,-0.93157761948506));
#1619=DIRECTION('',(-0.93157761948506,0.,0.363542485652708));
#1620=DIRECTION('',(0.,-1.,0.));
#1621=DIRECTION('',(0.,-1.,0.));
#1622=DIRECTION('',(0.,-1.,0.));
#1623=DIRECTION('',(0.,0.,-1.));
#1624=DIRECTION('',(-1.,0.,0.));
#1625=DIRECTION('',(1.,0.,0.));
#1626=DIRECTION('',(0.,1.,0.));
#1627=DIRECTION('',(0.,0.,1.));
#1628=DIRECTION('',(0.,-1.,0.));
#1629=DIRECTION('',(0.,0.,-1.));
#1630=DIRECTION('',(0.,1.,0.));
#1631=DIRECTION('',(0.,0.,1.));
#1632=DIRECTION('',(0.,1.,0.));
#1633=DIRECTION('',(0.,0.,1.));
#1634=CARTESIAN_POINT('',(0.,0.,0.));
#1635=CARTESIAN_POINT('',(0.,0.,0.));
#1636=CARTESIAN_POINT('',(-0.0678496868475988,0.,14.7162456506611));
#1637=CARTESIAN_POINT('',(-0.0678496868475988,0.,14.6209081419624));
#1638=CARTESIAN_POINT('',(-0.096381350034795,0.,14.5422720946416));
#1639=CARTESIAN_POINT('',(-0.154140570633264,0.,14.4796416144746));
#1640=CARTESIAN_POINT('',(-0.211926765315674,0.,14.4169818853009));
#1641=CARTESIAN_POINT('',(-0.281489213639526,0.,14.385));
#1642=CARTESIAN_POINT('',(-0.453375086986778,0.,14.385));
#1643=CARTESIAN_POINT('',(-0.524356297842728,0.,14.4177070285317));
#1644=CARTESIAN_POINT('',(-0.580027835768963,0.,14.4824251913709));
#1645=CARTESIAN_POINT('',(-0.635403425590068,0.,14.5467993145379));
#1646=CARTESIAN_POINT('',(-0.662839248434238,0.,14.6250835073069));
#1647=CARTESIAN_POINT('',(-0.662839248434238,0.,14.7997529575504));
#1648=CARTESIAN_POINT('',(-0.63500347947112,0.,14.876301322199));
#1649=CARTESIAN_POINT('',(-0.580027835768963,0.,14.9444989561587));
#1650=CARTESIAN_POINT('',(-0.524438074746813,0.,15.0134584065406));
#1651=CARTESIAN_POINT('',(-0.453375086986778,0.,15.0474913013222));
#1652=CARTESIAN_POINT('',(-0.27383437717467,0.,15.0474913013222));
#1653=CARTESIAN_POINT('',(-0.201461377870564,0.,15.0133924843424));
#1654=CARTESIAN_POINT('',(-0.147877522616562,0.,14.9444989561587));
#1655=CARTESIAN_POINT('',(-0.0948932070017664,0.,14.8763762646539));
#1656=CARTESIAN_POINT('',(-0.0678496868475988,0.,14.7997529575504));
#1657=CARTESIAN_POINT('',(-0.0678496868475988,0.,14.7162456506611));
#1658=CARTESIAN_POINT('',(-0.0678496868475988,0.,14.7162456506611));
#1659=CARTESIAN_POINT('',(2.06993736951983,0.,14.6021189979123));
#1660=CARTESIAN_POINT('',(2.06993736951983,0.,14.6021189979123));
#1661=CARTESIAN_POINT('',(2.09846903270703,0.,14.5909846903271));
#1662=CARTESIAN_POINT('',(2.09846903270703,0.,14.5909846903271));
#1663=CARTESIAN_POINT('',(2.08315935977731,0.,14.5339213639527));
#1664=CARTESIAN_POINT('',(2.05462769659012,0.,14.4852087682672));
#1665=CARTESIAN_POINT('',(2.01287404314544,0.,14.4448469032707));
#1666=CARTESIAN_POINT('',(1.97146813695806,0.,14.4048211939562));
#1667=CARTESIAN_POINT('',(1.91405706332637,0.,14.385));
#1668=CARTESIAN_POINT('',(1.75052192066806,0.,14.385));
#1669=CARTESIAN_POINT('',(1.67814892136395,0.,14.4135316631872));
#1670=CARTESIAN_POINT('',(1.62526096033403,0.,14.4705949895616));
#1671=CARTESIAN_POINT('',(1.57205144050104,0.,14.5280052609603));
#1672=CARTESIAN_POINT('',(1.54523312456507,0.,14.6097738343772));
#1673=CARTESIAN_POINT('',(1.54523312456507,0.,14.8115831593598));
#1674=CARTESIAN_POINT('',(1.57376478775226,0.,14.8902192066806));
#1675=CARTESIAN_POINT('',(1.63082811412665,0.,14.9528496868476));
#1676=CARTESIAN_POINT('',(1.68823788541292,0.,15.0158604114301));
#1677=CARTESIAN_POINT('',(1.76165622825331,0.,15.0474913013222));
#1678=CARTESIAN_POINT('',(1.91753653444676,0.,15.0474913013222));
#1679=CARTESIAN_POINT('',(1.96833681280445,0.,15.0300939457202));
#1680=CARTESIAN_POINT('',(2.04070981210856,0.,14.9618963117606));
#1681=CARTESIAN_POINT('',(2.05810716771051,0.,14.9271016005567));
#1682=CARTESIAN_POINT('',(2.05810716771051,0.,14.8700382741823));
#1683=CARTESIAN_POINT('',(2.05393180236604,0.,14.8540327070285));
#1684=CARTESIAN_POINT('',(2.04418928322895,0.,14.8449860821155));
#1685=CARTESIAN_POINT('',(2.03409977025958,0.,14.835617248644));
#1686=CARTESIAN_POINT('',(2.0205288796103,0.,14.8303723034099));
#1687=CARTESIAN_POINT('',(1.98643006263048,0.,14.8303723034099));
#1688=CARTESIAN_POINT('',(1.97390396659708,0.,14.8352435629784));
#1689=CARTESIAN_POINT('',(1.96416144745999,0.,14.8449860821155));
#1690=CARTESIAN_POINT('',(1.95476687543493,0.,14.8543806541406));
#1691=CARTESIAN_POINT('',(1.95024356297843,0.,14.8665588030619));
#1692=CARTESIAN_POINT('',(1.95024356297843,0.,14.8818684759916));
#1693=CARTESIAN_POINT('',(1.95024356297843,0.,14.8818684759916));
#1694=CARTESIAN_POINT('',(1.95024356297843,0.,14.8818684759916));
#1695=CARTESIAN_POINT('',(1.95024356297843,0.,14.8930027835769));
#1696=CARTESIAN_POINT('',(1.95163535142658,0.,14.9006576200417));
#1697=CARTESIAN_POINT('',(1.95581071677105,0.,14.9048329853862));
#1698=CARTESIAN_POINT('',(1.95581071677105,0.,14.9048329853862));
#1699=CARTESIAN_POINT('',(1.95581071677105,0.,14.9048329853862));
#1700=CARTESIAN_POINT('',(1.95581071677105,0.,14.9083124565066));
#1701=CARTESIAN_POINT('',(1.95789839944328,0.,14.9159672929715));
#1702=CARTESIAN_POINT('',(1.96137787056367,0.,14.9271016005567));
#1703=CARTESIAN_POINT('',(1.96610797009388,0.,14.9422379190534));
#1704=CARTESIAN_POINT('',(1.95789839944328,0.,14.9605045233125));
#1705=CARTESIAN_POINT('',(1.9384133611691,0.,14.9813813500348));
#1706=CARTESIAN_POINT('',(1.91925230215364,0.,15.0019110561228));
#1707=CARTESIAN_POINT('',(1.88761308281141,0.,15.0126965901183));
#1708=CARTESIAN_POINT('',(1.78462073764788,0.,15.0126965901183));
#1709=CARTESIAN_POINT('',(1.7366040361865,0.,14.9848608211552));
#1710=CARTESIAN_POINT('',(1.69624217118998,0.,14.929885177453));
#1711=CARTESIAN_POINT('',(1.65612403218719,0.,14.875241505363));
#1712=CARTESIAN_POINT('',(1.63639526791928,0.,14.8018406402227));
#1713=CARTESIAN_POINT('',(1.63639526791928,0.,14.626475295755));
#1714=CARTESIAN_POINT('',(1.65379262352122,0.,14.5596694502436));
#1715=CARTESIAN_POINT('',(1.72199025748086,0.,14.45667710508));
#1716=CARTESIAN_POINT('',(1.77905358385525,0.,14.4309290187891));
#1717=CARTESIAN_POINT('',(1.91266527487822,0.,14.4309290187891));
#1718=CARTESIAN_POINT('',(1.95720250521921,0.,14.4483263743911));
#1719=CARTESIAN_POINT('',(1.99338900487126,0.,14.4824251913709));
#1720=CARTESIAN_POINT('',(2.02920690550629,0.,14.5161766746616));
#1721=CARTESIAN_POINT('',(2.05462769659012,0.,14.5561899791232));
#1722=CARTESIAN_POINT('',(2.06993736951983,0.,14.6021189979123));
#1723=CARTESIAN_POINT('',(0.186847599164927,0.,15.0704558107168));
#1724=CARTESIAN_POINT('',(0.186847599164927,0.,15.0704558107168));
#1725=CARTESIAN_POINT('',(0.198677800974252,0.,15.0704558107168));
#1726=CARTESIAN_POINT('',(0.198677800974252,0.,15.0704558107168));
#1727=CARTESIAN_POINT('',(0.198677800974252,0.,14.9124878218511));
#1728=CARTESIAN_POINT('',(0.198677800974252,0.,14.7545198329854));
#1729=CARTESIAN_POINT('',(0.198677800974252,0.,14.5965518441197));
#1730=CARTESIAN_POINT('',(0.198677800974252,0.,14.5429679888657));
#1731=CARTESIAN_POINT('',(0.209812108559499,0.,14.5046938065414));
#1732=CARTESIAN_POINT('',(0.232776617954071,0.,14.4824251913709));
#1733=CARTESIAN_POINT('',(0.256088909790965,0.,14.45981933262));
#1734=CARTESIAN_POINT('',(0.288448155880306,0.,14.447630480167));
#1735=CARTESIAN_POINT('',(0.33089770354906,0.,14.447630480167));
#1736=CARTESIAN_POINT('',(0.33089770354906,0.,14.447630480167));
#1737=CARTESIAN_POINT('',(0.340370807240579,0.,14.6317630946305));
#1738=CARTESIAN_POINT('',(0.52018093249826,0.,14.5909846903271));
#1739=CARTESIAN_POINT('',(0.52018093249826,0.,14.5909846903271));
#1740=CARTESIAN_POINT('',(0.52018093249826,0.,14.7106784968685));
#1741=CARTESIAN_POINT('',(0.52018093249826,0.,14.8303723034099));
#1742=CARTESIAN_POINT('',(0.52018093249826,0.,14.9500661099513));
#1743=CARTESIAN_POINT('',(0.52018093249826,0.,14.965375782881));
#1744=CARTESIAN_POINT('',(0.51670146137787,0.,14.9779018789144));
#1745=CARTESIAN_POINT('',(0.509046624913014,0.,14.9869485038274));
#1746=CARTESIAN_POINT('',(0.501048640606629,0.,14.9964006670986));
#1747=CARTESIAN_POINT('',(0.488169798190675,0.,15.0015622825331));
#1748=CARTESIAN_POINT('',(0.468684759916492,0.,15.0015622825331));
#1749=CARTESIAN_POINT('',(0.457318487589886,0.,15.0015622825331));
#1750=CARTESIAN_POINT('',(0.44595221526328,0.,15.0015622825331));
#1751=CARTESIAN_POINT('',(0.434585942936674,0.,15.0015622825331));
#1752=CARTESIAN_POINT('',(0.434585942936674,0.,15.0015622825331));
#1753=CARTESIAN_POINT('',(0.434585942936674,0.,15.0015622825331));
#1754=CARTESIAN_POINT('',(0.434585942936674,0.,15.0363569937369));
#1755=CARTESIAN_POINT('',(0.434585942936674,0.,15.0363569937369));
#1756=CARTESIAN_POINT('',(0.44595221526328,0.,15.0363569937369));
#1757=CARTESIAN_POINT('',(0.457318487589886,0.,15.0363569937369));
#1758=CARTESIAN_POINT('',(0.468684759916492,0.,15.0363569937369));
#1759=CARTESIAN_POINT('',(0.491649269311064,0.,15.0363569937369));
#1760=CARTESIAN_POINT('',(0.512526096033404,0.,15.0377487821851));
#1761=CARTESIAN_POINT('',(0.531315240083507,0.,15.0419241475296));
#1762=CARTESIAN_POINT('',(0.550620164558516,0.,15.0462141307462));
#1763=CARTESIAN_POINT('',(0.569589422407794,0.,15.0551461377871));
#1764=CARTESIAN_POINT('',(0.588378566457898,0.,15.0704558107168));
#1765=CARTESIAN_POINT('',(0.588378566457898,0.,15.0704558107168));
#1766=CARTESIAN_POINT('',(0.588378566457898,0.,15.0704558107168));
#1767=CARTESIAN_POINT('',(0.599512874043146,0.,15.0704558107168));
#1768=CARTESIAN_POINT('',(0.599512874043146,0.,15.0704558107168));
#1769=CARTESIAN_POINT('',(0.599512874043146,0.,14.8841881234052));
#1770=CARTESIAN_POINT('',(0.599512874043146,0.,14.6979204360937));
#1771=CARTESIAN_POINT('',(0.599512874043146,0.,14.5116527487822));
#1772=CARTESIAN_POINT('',(0.599512874043146,0.,14.4963430758525));
#1773=CARTESIAN_POINT('',(0.604384133611692,0.,14.4845128740431));
#1774=CARTESIAN_POINT('',(0.614126652748783,0.,14.4768580375783));
#1775=CARTESIAN_POINT('',(0.6234389029019,0.,14.4695412696008));
#1776=CARTESIAN_POINT('',(0.635699373695199,0.,14.465723729993));
#1777=CARTESIAN_POINT('',(0.651009046624912,0.,14.465723729993));
#1778=CARTESIAN_POINT('',(0.662375318951519,0.,14.465723729993));
#1779=CARTESIAN_POINT('',(0.673741591278125,0.,14.465723729993));
#1780=CARTESIAN_POINT('',(0.685107863604732,0.,14.465723729993));
#1781=CARTESIAN_POINT('',(0.685107863604732,0.,14.465723729993));
#1782=CARTESIAN_POINT('',(0.685107863604732,0.,14.465723729993));
#1783=CARTESIAN_POINT('',(0.685107863604732,0.,14.4309290187891));
#1784=CARTESIAN_POINT('',(0.664466420938155,0.,14.1601586700996));
#1785=CARTESIAN_POINT('',(0.531315240083508,0.,14.3968302018093));
#1786=CARTESIAN_POINT('',(0.531315240083507,0.,14.3968302018093));
#1787=CARTESIAN_POINT('',(0.52018093249826,0.,14.3968302018093));
#1788=CARTESIAN_POINT('',(0.52018093249826,0.,14.3968302018093));
#1789=CARTESIAN_POINT('',(0.52018093249826,0.,14.5165240083507));
#1790=CARTESIAN_POINT('',(0.52018093249826,0.,14.5165240083507));
#1791=CARTESIAN_POINT('',(0.501391788448156,0.,14.474770354906));
#1792=CARTESIAN_POINT('',(0.472164231036882,0.,14.4434551148225));
#1793=CARTESIAN_POINT('',(0.433890048712596,0.,14.4225782881002));
#1794=CARTESIAN_POINT('',(0.3958596509891,0.,14.4018344347965));
#1795=CARTESIAN_POINT('',(0.351774530271399,0.,14.3905671537926));
#1796=CARTESIAN_POINT('',(0.302366040361865,0.,14.3912630480167));
#1797=CARTESIAN_POINT('',(0.241149293740513,0.,14.3921252557156));
#1798=CARTESIAN_POINT('',(0.195198329853863,0.,14.4079645093946));
#1799=CARTESIAN_POINT('',(0.164578983994432,0.,14.4420633263744));
#1800=CARTESIAN_POINT('',(0.134270279411879,0.,14.4758162019322));
#1801=CARTESIAN_POINT('',(0.119345859429367,0.,14.5318336812804));
#1802=CARTESIAN_POINT('',(0.119345859429367,0.,14.6076861517049));
#1803=CARTESIAN_POINT('',(0.119345859429367,0.,14.7218128044537));
#1804=CARTESIAN_POINT('',(0.119345859429367,0.,14.8359394572025));
#1805=CARTESIAN_POINT('',(0.119345859429367,0.,14.9500661099513));
#1806=CARTESIAN_POINT('',(0.119345859429367,0.,14.965375782881));
#1807=CARTESIAN_POINT('',(0.115170494084899,0.,14.9779018789144));
#1808=CARTESIAN_POINT('',(0.107515657620042,0.,14.9869485038274));
#1809=CARTESIAN_POINT('',(0.099517673313656,0.,14.9964006670986));
#1810=CARTESIAN_POINT('',(0.0866388308977039,0.,15.0015622825331));
#1811=CARTESIAN_POINT('',(0.0678496868475988,0.,15.0015622825331));
#1812=CARTESIAN_POINT('',(0.0562514497796335,0.,15.0015622825331));
#1813=CARTESIAN_POINT('',(0.0446532127116677,0.,15.0015622825331));
#1814=CARTESIAN_POINT('',(0.0330549756437024,0.,15.0015622825331));
#1815=CARTESIAN_POINT('',(0.0330549756437024,0.,15.0015622825331));
#1816=CARTESIAN_POINT('',(0.0330549756437024,0.,15.0015622825331));
#1817=CARTESIAN_POINT('',(0.0330549756437024,0.,15.0363569937369));
#1818=CARTESIAN_POINT('',(0.0330549756437024,0.,15.0363569937369));
#1819=CARTESIAN_POINT('',(0.0446532127116677,0.,15.0363569937369));
#1820=CARTESIAN_POINT('',(0.0562514497796335,0.,15.0363569937369));
#1821=CARTESIAN_POINT('',(0.0678496868475988,0.,15.0363569937369));
#1822=CARTESIAN_POINT('',(0.0908141962421708,0.,15.0363569937369));
#1823=CARTESIAN_POINT('',(0.111691022964509,0.,15.0377487821851));
#1824=CARTESIAN_POINT('',(0.130480167014614,0.,15.0419241475296));
#1825=CARTESIAN_POINT('',(0.149121945229032,0.,15.0460667649106));
#1826=CARTESIAN_POINT('',(0.168058455114822,0.,15.0551461377871));
#1827=CARTESIAN_POINT('',(0.186847599164927,0.,15.0704558107168));
#1828=CARTESIAN_POINT('',(-2.1624913013222,0.,14.3968302018093));
#1829=CARTESIAN_POINT('',(-2.1624913013222,0.,14.3968302018093));
#1830=CARTESIAN_POINT('',(-2.1624913013222,0.,14.4309290187891));
#1831=CARTESIAN_POINT('',(-2.1624913013222,0.,14.4309290187891));
#1832=CARTESIAN_POINT('',(-2.14926931106472,0.,14.4309290187891));
#1833=CARTESIAN_POINT('',(-2.13604732080724,0.,14.4309290187891));
#1834=CARTESIAN_POINT('',(-2.12282533054976,0.,14.4309290187891));
#1835=CARTESIAN_POINT('',(-2.10334029227557,0.,14.4309290187891));
#1836=CARTESIAN_POINT('',(-2.09011830201809,0.,14.4351043841336));
#1837=CARTESIAN_POINT('',(-2.07480862908838,0.,14.4504140570633));
#1838=CARTESIAN_POINT('',(-2.07132915796799,0.,14.4615483646486));
#1839=CARTESIAN_POINT('',(-2.07132915796799,0.,14.4768580375783));
#1840=CARTESIAN_POINT('',(-2.07132915796799,0.,14.7487207144514));
#1841=CARTESIAN_POINT('',(-2.07132915796799,0.,15.0205833913245));
#1842=CARTESIAN_POINT('',(-2.07132915796799,0.,15.2924460681976));
#1843=CARTESIAN_POINT('',(-2.07132915796799,0.,15.2924460681976));
#1844=CARTESIAN_POINT('',(-2.07132915796799,0.,15.2924460681976));
#1845=CARTESIAN_POINT('',(-2.07132915796799,0.,15.3077557411273));
#1846=CARTESIAN_POINT('',(-2.07480862908838,0.,15.3188900487126));
#1847=CARTESIAN_POINT('',(-2.09011830201809,0.,15.3341997216423));
#1848=CARTESIAN_POINT('',(-2.10334029227557,0.,15.3383750869868));
#1849=CARTESIAN_POINT('',(-2.12282533054976,0.,15.3383750869868));
#1850=CARTESIAN_POINT('',(-2.13419160287636,0.,15.3383750869868));
#1851=CARTESIAN_POINT('',(-2.14555787520297,0.,15.3383750869868));
#1852=CARTESIAN_POINT('',(-2.15692414752958,0.,15.3383750869868));
#1853=CARTESIAN_POINT('',(-2.15692414752958,0.,15.3383750869868));
#1854=CARTESIAN_POINT('',(-2.15692414752958,0.,15.3383750869868));
#1855=CARTESIAN_POINT('',(-2.15692414752958,0.,15.3724739039666));
#1856=CARTESIAN_POINT('',(-2.15692414752958,0.,15.3724739039666));
#1857=CARTESIAN_POINT('',(-2.07109719322663,0.,15.3724739039666));
#1858=CARTESIAN_POINT('',(-1.98527023892368,0.,15.3724739039666));
#1859=CARTESIAN_POINT('',(-1.89944328462074,0.,15.3724739039666));
#1860=CARTESIAN_POINT('',(-1.78183716075157,0.,15.3724739039666));
#1861=CARTESIAN_POINT('',(-1.68719554627697,0.,15.3348956158664));
#1862=CARTESIAN_POINT('',(-1.61691022964509,0.,15.2583472512178));
#1863=CARTESIAN_POINT('',(-1.54665327801254,0.,15.1818297791427));
#1864=CARTESIAN_POINT('',(-1.51113430758525,0.,15.0641927627001));
#1865=CARTESIAN_POINT('',(-1.51113430758525,0.,14.7294676409186));
#1866=CARTESIAN_POINT('',(-1.54523312456507,0.,14.6007272094642));
#1867=CARTESIAN_POINT('',(-1.61412665274878,0.,14.519307585247));
#1868=CARTESIAN_POINT('',(-1.68307297290812,0.,14.4378255705133));
#1869=CARTESIAN_POINT('',(-1.78322894919972,0.,14.3968302018093));
#1870=CARTESIAN_POINT('',(-1.91684064022269,0.,14.3968302018093));
#1871=CARTESIAN_POINT('',(-1.99872419392252,0.,14.3968302018093));
#1872=CARTESIAN_POINT('',(-2.08060774762236,0.,14.3968302018093));
#1873=CARTESIAN_POINT('',(-2.1624913013222,0.,14.3968302018093));
#1874=CARTESIAN_POINT('',(0.,0.,0.));
#1875=CARTESIAN_POINT('',(18.,0.,0.));
#1876=CARTESIAN_POINT('',(0.,0.,0.));
#1877=CARTESIAN_POINT('',(12.5,0.,0.));
#1878=CARTESIAN_POINT('',(-2.64057063326374,0.,14.9396276965901));
#1879=CARTESIAN_POINT('',(-2.56471816283925,0.,14.9396276965901));
#1880=CARTESIAN_POINT('',(-2.50904662491301,0.,14.9577209464161));
#1881=CARTESIAN_POINT('',(-2.43667362560891,0.,15.0300939457202));
#1882=CARTESIAN_POINT('',(-2.41858037578288,0.,15.0801983298539));
#1883=CARTESIAN_POINT('',(-2.41858037578288,0.,15.1985003479471));
#1884=CARTESIAN_POINT('',(-2.43319415448852,0.,15.2451252609603));
#1885=CARTESIAN_POINT('',(-2.49025748086291,0.,15.3244572025052));
#1886=CARTESIAN_POINT('',(-2.5347947112039,0.,15.3446381350035));
#1887=CARTESIAN_POINT('',(-2.62247738343772,0.,15.3446381350035));
#1888=CARTESIAN_POINT('',(-2.65100904662491,0.,15.3376791927627));
#1889=CARTESIAN_POINT('',(-2.68093249826026,0.,15.3244572025052));
#1890=CARTESIAN_POINT('',(-2.71143817090029,0.,15.3109779518038));
#1891=CARTESIAN_POINT('',(-2.72686151704941,0.,15.2896624913013));
#1892=CARTESIAN_POINT('',(-2.72686151704941,0.,15.2284237995825));
#1893=CARTESIAN_POINT('',(-2.72338204592902,0.,15.2096346555324));
#1894=CARTESIAN_POINT('',(-2.7080723729993,0.,15.1943249826026));
#1895=CARTESIAN_POINT('',(-2.70389700765484,0.,15.1852783576896));
#1896=CARTESIAN_POINT('',(-2.70389700765484,0.,15.1546590118302));
#1897=CARTESIAN_POINT('',(-2.7080723729993,0.,15.1393493389005));
#1898=CARTESIAN_POINT('',(-2.71572720946416,0.,15.1282150313152));
#1899=CARTESIAN_POINT('',(-2.72370691962514,0.,15.116608180172));
#1900=CARTESIAN_POINT('',(-2.7366040361865,0.,15.1108176757133));
#1901=CARTESIAN_POINT('',(-2.77070285316632,0.,15.1108176757133));
#1902=CARTESIAN_POINT('',(-2.78462073764788,0.,15.1163848295059));
#1903=CARTESIAN_POINT('',(-2.79784272790536,0.,15.1282150313152));
#1904=CARTESIAN_POINT('',(-2.81110540120979,0.,15.1400816337455));
#1905=CARTESIAN_POINT('',(-2.81802366040362,0.,15.1602261656228));
#1906=CARTESIAN_POINT('',(-2.81802366040362,0.,15.2479088378566));
#1907=CARTESIAN_POINT('',(-2.79366736256089,0.,15.2945337508699));
#1908=CARTESIAN_POINT('',(-2.74425887265136,0.,15.3307202505219));
#1909=CARTESIAN_POINT('',(-2.69439744500347,0.,15.3672384792218));
#1910=CARTESIAN_POINT('',(-2.63709116214335,0.,15.385));
#1911=CARTESIAN_POINT('',(-2.49652052887961,0.,15.385));
#1912=CARTESIAN_POINT('',(-2.43597773138483,0.,15.3613395963813));
#1913=CARTESIAN_POINT('',(-2.39004871259569,0.,15.31332289492));
#1914=CARTESIAN_POINT('',(-2.34446729743673,0.,15.2656695972538));
#1915=CARTESIAN_POINT('',(-2.32185107863605,0.,15.215201809325));
#1916=CARTESIAN_POINT('',(-2.32185107863605,0.,15.1052505219207));
#1917=CARTESIAN_POINT('',(-2.33576896311761,0.,15.0565379262352));
#1918=CARTESIAN_POINT('',(-2.3643006263048,0.,15.0168719554628));
#1919=CARTESIAN_POINT('',(-2.39316216876211,0.,14.9767473720465));
#1920=CARTESIAN_POINT('',(-2.43736951983299,0.,14.947282533055));
#1921=CARTESIAN_POINT('',(-2.49791231732777,0.,14.9284933890049));
#1922=CARTESIAN_POINT('',(-2.64057063326374,0.,14.9396276965901));
#1923=CARTESIAN_POINT('',(-2.49791231732777,0.,14.9284933890049));
#1924=CARTESIAN_POINT('',(-2.49791231732777,0.,14.9284933890049));
#1925=CARTESIAN_POINT('',(-2.41440501043841,0.,14.8978740431454));
#1926=CARTESIAN_POINT('',(-2.35734168406402,0.,14.8575121781489));
#1927=CARTESIAN_POINT('',(-2.32672233820459,0.,14.8081036882394));
#1928=CARTESIAN_POINT('',(-2.29629609127276,0.,14.7590067897812));
#1929=CARTESIAN_POINT('',(-2.28148921363953,0.,14.7092867084203));
#1930=CARTESIAN_POINT('',(-2.28148921363953,0.,14.6598782185108));
#1931=CARTESIAN_POINT('',(-2.28148921363953,0.,14.6598782185108));
#1932=CARTESIAN_POINT('',(-2.28148921363953,0.,14.6598782185108));
#1933=CARTESIAN_POINT('',(-2.28148921363953,0.,14.5875052192067));
#1934=CARTESIAN_POINT('',(-2.30793319415449,0.,14.5234829505915));
#1935=CARTESIAN_POINT('',(-2.36151704940849,0.,14.4678114126653));
#1936=CARTESIAN_POINT('',(-2.41441855692343,0.,14.4128488074549));
#1937=CARTESIAN_POINT('',(-2.48886569241475,0.,14.385));
#1938=CARTESIAN_POINT('',(-2.65240083507307,0.,14.385));
#1939=CARTESIAN_POINT('',(-2.71155184411969,0.,14.4044850382742));
#1940=CARTESIAN_POINT('',(-2.76096033402923,0.,14.4420633263744));
#1941=CARTESIAN_POINT('',(-2.81070413353473,0.,14.4798966386743));
#1942=CARTESIAN_POINT('',(-2.83472512178149,0.,14.5241788448156));
#1943=CARTESIAN_POINT('',(-2.83472512178149,0.,14.5965518441197));
#1944=CARTESIAN_POINT('',(-2.82707028531663,0.,14.6167327766179));
#1945=CARTESIAN_POINT('',(-2.81245650661099,0.,14.6334342379958));
#1946=CARTESIAN_POINT('',(-2.797196100529,0.,14.6508747020895));
#1947=CARTESIAN_POINT('',(-2.78183716075157,0.,14.6591823242867));
#1948=CARTESIAN_POINT('',(-2.74425887265136,0.,14.6591823242867));
#1949=CARTESIAN_POINT('',(-2.72755741127349,0.,14.6508315935978));
#1950=CARTESIAN_POINT('',(-2.71851078636047,0.,14.6334342379958));
#1951=CARTESIAN_POINT('',(-2.70960088625723,0.,14.6162998147203));
#1952=CARTESIAN_POINT('',(-2.70389700765484,0.,14.6021189979123));
#1953=CARTESIAN_POINT('',(-2.70389700765484,0.,14.5714996520529));
#1954=CARTESIAN_POINT('',(-2.7080723729993,0.,14.5568858733472));
#1955=CARTESIAN_POINT('',(-2.71572720946416,0.,14.5450556715379));
#1956=CARTESIAN_POINT('',(-2.71572720946416,0.,14.5450556715379));
#1957=CARTESIAN_POINT('',(-2.71572720946416,0.,14.5450556715379));
#1958=CARTESIAN_POINT('',(-2.72338204592902,0.,14.5297459986082));
#1959=CARTESIAN_POINT('',(-2.72686151704941,0.,14.5165240083507));
#1960=CARTESIAN_POINT('',(-2.72686151704941,0.,14.4824251913709));
#1961=CARTESIAN_POINT('',(-2.71294363256785,0.,14.4636360473208));
#1962=CARTESIAN_POINT('',(-2.65588030619346,0.,14.4330167014614));
#1963=CARTESIAN_POINT('',(-2.62386917188587,0.,14.4253618649965));
#1964=CARTESIAN_POINT('',(-2.52157272094642,0.,14.4253618649965));
#1965=CARTESIAN_POINT('',(-2.47007654836465,0.,14.4455427974948));
#1966=CARTESIAN_POINT('',(-2.43597773138483,0.,14.4852087682672));
#1967=CARTESIAN_POINT('',(-2.40123918438734,0.,14.5256189147745));
#1968=CARTESIAN_POINT('',(-2.38448155880306,0.,14.5875052192067));
#1969=CARTESIAN_POINT('',(-2.38448155880306,0.,14.7399060542797));
#1970=CARTESIAN_POINT('',(-2.40257480862909,0.,14.7948816979819));
#1971=CARTESIAN_POINT('',(-2.43806541405706,0.,14.8366353514266));
#1972=CARTESIAN_POINT('',(-2.47384791125682,0.,14.8787324069557));
#1973=CARTESIAN_POINT('',(-2.54175365344468,0.,14.8992658315936));
#1974=CARTESIAN_POINT('',(-2.64057063326374,0.,14.8999617258177));
#1975=CARTESIAN_POINT('',(-2.64057063326374,0.,14.8999617258177));
#1976=CARTESIAN_POINT('',(-2.64057063326374,0.,14.8999617258177));
#1977=CARTESIAN_POINT('',(-1.34133611691023,0.,14.6021189979123));
#1978=CARTESIAN_POINT('',(-1.34133611691023,0.,14.6021189979123));
#1979=CARTESIAN_POINT('',(-1.30723729993041,0.,14.6076861517049));
#1980=CARTESIAN_POINT('',(-1.30723729993041,0.,14.6076861517049));
#1981=CARTESIAN_POINT('',(-1.29610299234516,0.,14.5471433542102));
#1982=CARTESIAN_POINT('',(-1.27105080027836,0.,14.501214335421));
#1983=CARTESIAN_POINT('',(-1.23277661795407,0.,14.4712908837857));
#1984=CARTESIAN_POINT('',(-1.19416476844884,0.,14.4411034378088));
#1985=CARTESIAN_POINT('',(-1.14161447459986,0.,14.4253618649965));
#1986=CARTESIAN_POINT('',(-1.01913709116214,0.,14.4253618649965));
#1987=CARTESIAN_POINT('',(-0.978079331941544,0.,14.4351043841336));
#1988=CARTESIAN_POINT('',(-0.921016005567154,0.,14.4726826722338));
#1989=CARTESIAN_POINT('',(-0.907098121085595,0.,14.501214335421));
#1990=CARTESIAN_POINT('',(-0.907098121085595,0.,14.5659324982603));
#1991=CARTESIAN_POINT('',(-0.914057063326374,0.,14.5882011134308));
#1992=CARTESIAN_POINT('',(-0.929366736256089,0.,14.6049025748086));
#1993=CARTESIAN_POINT('',(-0.945023043289873,0.,14.6219821824818));
#1994=CARTESIAN_POINT('',(-0.959986082115518,0.,14.6341301322199));
#1995=CARTESIAN_POINT('',(-0.975295755045233,0.,14.6417849686848));
#1996=CARTESIAN_POINT('',(-1.01203897007655,0.,14.6601565762004));
#1997=CARTESIAN_POINT('',(-1.05601948503827,0.,14.6744919972164));
#1998=CARTESIAN_POINT('',(-1.10125260960334,0.,14.6932811412665));
#1999=CARTESIAN_POINT('',(-1.14584659030091,0.,14.7118047947871));
#2000=CARTESIAN_POINT('',(-1.18754349338901,0.,14.723900487126));
#2001=CARTESIAN_POINT('',(-1.22164231036882,0.,14.7392101600557));
#2002=CARTESIAN_POINT('',(-1.25632027536667,0.,14.7547798586261));
#2003=CARTESIAN_POINT('',(-1.28079331941545,0.,14.7733089770355));
#2004=CARTESIAN_POINT('',(-1.31141266527488,0.,14.8192379958246));
#2005=CARTESIAN_POINT('',(-1.31906750173974,0.,14.8435942936674));
#2006=CARTESIAN_POINT('',(-1.31906750173974,0.,14.8707341684064));
#2007=CARTESIAN_POINT('',(-1.31906750173974,0.,14.8707341684064));
#2008=CARTESIAN_POINT('',(-1.31906750173974,0.,14.8707341684064));
#2009=CARTESIAN_POINT('',(-1.31906750173974,0.,14.9277974947808));
#2010=CARTESIAN_POINT('',(-1.29749478079332,0.,14.9709429366736));
#2011=CARTESIAN_POINT('',(-1.25365344467641,0.,15.0015622825331));
#2012=CARTESIAN_POINT('',(-1.20934436864834,0.,15.032508303886));
#2013=CARTESIAN_POINT('',(-1.15692414752958,0.,15.0474913013222));
#2014=CARTESIAN_POINT('',(-1.0615866388309,0.,15.0474913013222));
#2015=CARTESIAN_POINT('',(-1.02887961029923,0.,15.0433159359777));
#2016=CARTESIAN_POINT('',(-0.998260264439805,0.,15.0356610995129));
#2017=CARTESIAN_POINT('',(-0.998260264439805,0.,15.0356610995129));
#2018=CARTESIAN_POINT('',(-0.998260264439805,0.,15.0356610995129));
#2019=CARTESIAN_POINT('',(-0.967640918580376,0.,15.0238308977035));
#2020=CARTESIAN_POINT('',(-0.946764091858037,0.,15.0182637439109));
#2021=CARTESIAN_POINT('',(-0.923799582463465,0.,15.0182637439109));
#2022=CARTESIAN_POINT('',(-0.908768267223382,0.,15.0232741823243));
#2023=CARTESIAN_POINT('',(-0.907098121085595,0.,15.0238308977035));
#2024=CARTESIAN_POINT('',(-0.907098121085595,0.,15.0238308977035));
#2025=CARTESIAN_POINT('',(-0.907098121085595,0.,15.0238308977035));
#2026=CARTESIAN_POINT('',(-0.9053583855254,0.,15.0250139178845));
#2027=CARTESIAN_POINT('',(-0.889700765483646,0.,15.0356610995129));
#2028=CARTESIAN_POINT('',(-0.8785664578984,0.,15.0474913013222));
#2029=CARTESIAN_POINT('',(-0.8785664578984,0.,15.0474913013222));
#2030=CARTESIAN_POINT('',(-0.8785664578984,0.,15.0474913013222));
#2031=CARTESIAN_POINT('',(-0.855601948503828,0.,14.858208072373));
#2032=CARTESIAN_POINT('',(-0.855601948503828,0.,14.858208072373));
#2033=CARTESIAN_POINT('',(-0.889700765483646,0.,14.8526409185804));
#2034=CARTESIAN_POINT('',(-0.889700765483646,0.,14.8526409185804));
#2035=CARTESIAN_POINT('',(-0.905010438413361,0.,14.9020494084899));
#2036=CARTESIAN_POINT('',(-0.930758524704245,0.,14.9410194850383));
#2037=CARTESIAN_POINT('',(-1.00313152400835,0.,14.9980828114127));
#2038=CARTESIAN_POINT('',(-1.04488517745303,0.,15.0126965901183));
#2039=CARTESIAN_POINT('',(-1.1402226861517,0.,15.0126965901183));
#2040=CARTESIAN_POINT('',(-1.17919276270007,0.,15.0029540709812));
#2041=CARTESIAN_POINT('',(-1.23625608907446,0.,14.965375782881));
#2042=CARTESIAN_POINT('',(-1.2508698677801,0.,14.938235908142));
#2043=CARTESIAN_POINT('',(-1.2508698677801,0.,14.8742136395268));
#2044=CARTESIAN_POINT('',(-1.24391092553932,0.,14.8498573416841));
#2045=CARTESIAN_POINT('',(-1.23068893528184,0.,14.8331558803062));
#2046=CARTESIAN_POINT('',(-1.21712828145319,0.,14.8160266333647));
#2047=CARTESIAN_POINT('',(-1.19380654140571,0.,14.8039283228949));
#2048=CARTESIAN_POINT('',(-1.15901183020181,0.,14.7962734864301));
#2049=CARTESIAN_POINT('',(-1.15901183020181,0.,14.7962734864301));
#2050=CARTESIAN_POINT('',(-0.893352400749285,0.,15.426084527264));
#2051=CARTESIAN_POINT('',(-1.05601948503827,0.,14.7621746694502));
#2052=CARTESIAN_POINT('',(-1.05601948503827,0.,14.7621746694502));
#2053=CARTESIAN_POINT('',(-1.01774530271399,0.,14.7468649965205));
#2054=CARTESIAN_POINT('',(-0.981558803061934,0.,14.7315553235908));
#2055=CARTESIAN_POINT('',(-0.947459986082116,0.,14.7162456506611));
#2056=CARTESIAN_POINT('',(-0.916256909192437,0.,14.7022361059351));
#2057=CARTESIAN_POINT('',(-0.891092553931802,0.,14.6807550452331));
#2058=CARTESIAN_POINT('',(-0.870215727209464,0.,14.6563987473904));
#2059=CARTESIAN_POINT('',(-0.848995046870524,0.,14.631641286995));
#2060=CARTESIAN_POINT('',(-0.838204592901879,0.,14.6042066805845));
#2061=CARTESIAN_POINT('',(-0.838204592901879,0.,14.5165240083507));
#2062=CARTESIAN_POINT('',(-0.858385525400139,0.,14.4719867780097));
#2063=CARTESIAN_POINT('',(-0.89874739039666,0.,14.4392797494781));
#2064=CARTESIAN_POINT('',(-0.938348803962239,0.,14.4071889488301));
#2065=CARTESIAN_POINT('',(-0.996868475991649,0.,14.3905671537926));
#2066=CARTESIAN_POINT('',(-1.07272094641615,0.,14.3912630480167));
#2067=CARTESIAN_POINT('',(-1.12281472990554,0.,14.391722624012));
#2068=CARTESIAN_POINT('',(-1.15901183020181,0.,14.3968302018093));
#2069=CARTESIAN_POINT('',(-1.1812804453723,0.,14.4079645093946));
#2070=CARTESIAN_POINT('',(-1.1812804453723,0.,14.4079645093946));
#2071=CARTESIAN_POINT('',(-1.1812804453723,0.,14.4079645093946));
#2072=CARTESIAN_POINT('',(-1.20842032011134,0.,14.4163152400835));
#2073=CARTESIAN_POINT('',(-1.22929714683368,0.,14.4197947112039));
#2074=CARTESIAN_POINT('',(-1.25574112734864,0.,14.4197947112039));
#2075=CARTESIAN_POINT('',(-1.26826722338205,0.,14.4170111343076));
#2076=CARTESIAN_POINT('',(-1.28148921363953,0.,14.411443980515));
#2077=CARTESIAN_POINT('',(-1.2949600884195,0.,14.4057720332392));
#2078=CARTESIAN_POINT('',(-1.30932498260264,0.,14.3989178844816));
#2079=CARTESIAN_POINT('',(-1.32463465553236,0.,14.3912630480167));
#2080=CARTESIAN_POINT('',(-1.32463465553236,0.,14.3912630480167));
#2081=CARTESIAN_POINT('',(-1.32463465553236,0.,14.3912630480167));
#2082=CARTESIAN_POINT('',(1.00243562978427,0.,15.0641927627001));
#2083=CARTESIAN_POINT('',(1.00243562978427,0.,15.0641927627001));
#2084=CARTESIAN_POINT('',(1.01983298538622,0.,15.0641927627001));
#2085=CARTESIAN_POINT('',(1.01983298538622,0.,15.0641927627001));
#2086=CARTESIAN_POINT('',(1.01983298538622,0.,14.8589039665971));
#2087=CARTESIAN_POINT('',(1.01983298538622,0.,14.8589039665971));
#2088=CARTESIAN_POINT('',(1.05741127348643,0.,14.9194467640919));
#2089=CARTESIAN_POINT('',(1.09846903270703,0.,14.9660716771051));
#2090=CARTESIAN_POINT('',(1.14231036882394,0.,14.9987787056367));
#2091=CARTESIAN_POINT('',(1.1862652467631,0.,15.0315704399723));
#2092=CARTESIAN_POINT('',(1.23138482950591,0.,15.0474913013222));
#2093=CARTESIAN_POINT('',(1.31558803061935,0.,15.0474913013222));
#2094=CARTESIAN_POINT('',(1.34481558803062,0.,15.0384446764092));
#2095=CARTESIAN_POINT('',(1.36569241475296,0.,15.0217432150313));
#2096=CARTESIAN_POINT('',(1.38690870207241,0.,15.0047701851758));
#2097=CARTESIAN_POINT('',(1.39700765483646,0.,14.9841649269311));
#2098=CARTESIAN_POINT('',(1.39700765483646,0.,14.9424112734864));
#2099=CARTESIAN_POINT('',(1.392832289492,0.,14.9271016005567));
#2100=CARTESIAN_POINT('',(1.38308977035491,0.,14.9159672929715));
#2101=CARTESIAN_POINT('',(1.37300238328376,0.,14.9044388506044));
#2102=CARTESIAN_POINT('',(1.35942936673626,0.,14.8985699373695));
#2103=CARTESIAN_POINT('',(1.32115518441197,0.,14.8985699373695));
#2104=CARTESIAN_POINT('',(1.30723729993041,0.,14.9041370911621));
#2105=CARTESIAN_POINT('',(1.29749478079332,0.,14.9159672929715));
#2106=CARTESIAN_POINT('',(1.28809375201774,0.,14.9273828279132));
#2107=CARTESIAN_POINT('',(1.28496868475992,0.,14.9424112734864));
#2108=CARTESIAN_POINT('',(1.28914405010438,0.,14.9612004175365));
#2109=CARTESIAN_POINT('',(1.28914405010438,0.,14.9612004175365));
#2110=CARTESIAN_POINT('',(1.28914405010438,0.,14.9612004175365));
#2111=CARTESIAN_POINT('',(1.28914405010438,0.,14.9730306193459));
#2112=CARTESIAN_POINT('',(1.28350730688935,0.,14.9886882393876));
#2113=CARTESIAN_POINT('',(1.28288100208768,0.,14.9904279749478));
#2114=CARTESIAN_POINT('',(1.28288100208768,0.,14.9904279749478));
#2115=CARTESIAN_POINT('',(1.28288100208768,0.,14.9904279749478));
#2116=CARTESIAN_POINT('',(1.28135003479471,0.,14.9915414057063));
#2117=CARTESIAN_POINT('',(1.26757132915797,0.,15.0015622825331));
#2118=CARTESIAN_POINT('',(1.21816283924843,0.,15.0015622825331));
#2119=CARTESIAN_POINT('',(1.1812804453723,0.,14.9827731384829));
#2120=CARTESIAN_POINT('',(1.13674321503132,0.,14.9444989561587));
#2121=CARTESIAN_POINT('',(1.0926062631262,0.,14.9065687631152));
#2122=CARTESIAN_POINT('',(1.05393180236604,0.,14.8533368128044));
#2123=CARTESIAN_POINT('',(1.01983298538622,0.,14.7851391788448));
#2124=CARTESIAN_POINT('',(1.01983298538622,0.,14.7851391788448));
#2125=CARTESIAN_POINT('',(1.01983298538622,0.,14.7851391788448));
#2126=CARTESIAN_POINT('',(1.01983298538622,0.,14.6823787984226));
#2127=CARTESIAN_POINT('',(1.01983298538622,0.,14.5796184180005));
#2128=CARTESIAN_POINT('',(1.01983298538622,0.,14.4768580375783));
#2129=CARTESIAN_POINT('',(1.01983298538622,0.,14.4615483646486));
#2130=CARTESIAN_POINT('',(1.02400835073069,0.,14.4504140570633));
#2131=CARTESIAN_POINT('',(1.04349338900487,0.,14.4351043841336));
#2132=CARTESIAN_POINT('',(1.05601948503827,0.,14.4309290187891));
#2133=CARTESIAN_POINT('',(1.07063326374391,0.,14.4309290187891));
#2134=CARTESIAN_POINT('',(1.11261888192995,0.,14.4309290187891));
#2135=CARTESIAN_POINT('',(1.15460450011598,0.,14.4309290187891));
#2136=CARTESIAN_POINT('',(1.19659011830202,0.,14.4309290187891));
#2137=CARTESIAN_POINT('',(1.19659011830202,0.,14.4309290187891));
#2138=CARTESIAN_POINT('',(1.19659011830202,0.,14.4309290187891));
#2139=CARTESIAN_POINT('',(1.19659011830202,0.,14.3968302018093));
#2140=CARTESIAN_POINT('',(1.19659011830202,0.,14.3968302018093));
#2141=CARTESIAN_POINT('',(0.774182324286709,0.,14.3968302018093));
#2142=CARTESIAN_POINT('',(0.774182324286709,0.,14.3968302018093));
#2143=CARTESIAN_POINT('',(0.774182324286709,0.,14.4309290187891));
#2144=CARTESIAN_POINT('',(0.774182324286709,0.,14.4309290187891));
#2145=CARTESIAN_POINT('',(0.812224541869636,0.,14.4309290187891));
#2146=CARTESIAN_POINT('',(0.850266759452563,0.,14.4309290187891));
#2147=CARTESIAN_POINT('',(0.888308977035491,0.,14.4309290187891));
#2148=CARTESIAN_POINT('',(0.907794015309673,0.,14.4309290187891));
#2149=CARTESIAN_POINT('',(0.921016005567154,0.,14.4351043841336));
#2150=CARTESIAN_POINT('',(0.928670842032011,0.,14.4427592205985));
#2151=CARTESIAN_POINT('',(0.93597773138483,0.,14.4500661099513));
#2152=CARTESIAN_POINT('',(0.939805149617259,0.,14.4615483646486));
#2153=CARTESIAN_POINT('',(0.939805149617259,0.,14.4768580375783));
#2154=CARTESIAN_POINT('',(0.939805149617259,0.,14.6343620969613));
#2155=CARTESIAN_POINT('',(0.939805149617259,0.,14.7918661563442));
#2156=CARTESIAN_POINT('',(0.939805149617259,0.,14.9493702157272));
#2157=CARTESIAN_POINT('',(0.939805149617259,0.,14.9646798886569));
#2158=CARTESIAN_POINT('',(0.936325678496869,0.,14.9765100904662));
#2159=CARTESIAN_POINT('',(0.921016005567154,0.,14.9959951287404));
#2160=CARTESIAN_POINT('',(0.907794015309673,0.,15.000866388309));
#2161=CARTESIAN_POINT('',(0.888308977035491,0.,15.000866388309));
#2162=CARTESIAN_POINT('',(0.852354442124797,0.,15.000866388309));
#2163=CARTESIAN_POINT('',(0.816399907214103,0.,15.000866388309));
#2164=CARTESIAN_POINT('',(0.78044537230341,0.,15.000866388309));
#2165=CARTESIAN_POINT('',(0.78044537230341,0.,15.000866388309));
#2166=CARTESIAN_POINT('',(0.78044537230341,0.,15.000866388309));
#2167=CARTESIAN_POINT('',(0.78044537230341,0.,15.0349652052888));
#2168=CARTESIAN_POINT('',(0.807298181633015,0.,15.6886599338052));
#2169=CARTESIAN_POINT('',(2.83472512178149,0.,14.7162456506611));
#2170=CARTESIAN_POINT('',(2.83472512178149,0.,14.7162456506611));
#2171=CARTESIAN_POINT('',(2.37265135699374,0.,14.7162456506611));
#2172=CARTESIAN_POINT('',(2.37265135699374,0.,14.7162456506611));
#2173=CARTESIAN_POINT('',(2.37265135699374,0.,14.6139491997216));
#2174=CARTESIAN_POINT('',(2.392832289492,0.,14.5401844119694));
#2175=CARTESIAN_POINT('',(2.43249826026444,0.,14.4963430758525));
#2176=CARTESIAN_POINT('',(2.47181801932191,0.,14.4528843947889));
#2177=CARTESIAN_POINT('',(2.52505219206681,0.,14.4309290187891));
#2178=CARTESIAN_POINT('',(2.63917884481559,0.,14.4309290187891));
#2179=CARTESIAN_POINT('',(2.68093249826026,0.,14.4455427974948));
#2180=CARTESIAN_POINT('',(2.7491301322199,0.,14.5026061238692));
#2181=CARTESIAN_POINT('',(2.77418232428671,0.,14.5374008350731));
#2182=CARTESIAN_POINT('',(2.78949199721642,0.,14.5791544885177));
#2183=CARTESIAN_POINT('',(2.78949199721642,0.,14.5791544885177));
#2184=CARTESIAN_POINT('',(2.78949199721642,0.,14.5791544885177));
#2185=CARTESIAN_POINT('',(2.81802366040362,0.,14.5680201809325));
#2186=CARTESIAN_POINT('',(2.81802366040362,0.,14.5680201809325));
#2187=CARTESIAN_POINT('',(2.80619345859429,0.,14.5262665274878));
#2188=CARTESIAN_POINT('',(2.78044537230341,0.,14.4852087682672));
#2189=CARTESIAN_POINT('',(2.70041753653445,0.,14.4051809324983));
#2190=CARTESIAN_POINT('',(2.64613778705637,0.,14.385));
#2191=CARTESIAN_POINT('',(2.49025748086291,0.,14.385));
#2192=CARTESIAN_POINT('',(2.41927627000696,0.,14.4135316631872));
#2193=CARTESIAN_POINT('',(2.36360473208072,0.,14.4705949895616));
#2194=CARTESIAN_POINT('',(2.30827255128906,0.,14.527310474873));
#2195=CARTESIAN_POINT('',(2.28079331941545,0.,14.6097738343772));
#2196=CARTESIAN_POINT('',(2.28079331941545,0.,14.8115831593598));
#2197=CARTESIAN_POINT('',(2.30862908837857,0.,14.8902192066806));
#2198=CARTESIAN_POINT('',(2.36360473208072,0.,14.9528496868476));
#2199=CARTESIAN_POINT('',(2.41892538714424,0.,15.0158732179326));
#2200=CARTESIAN_POINT('',(2.48608211551844,0.,15.0474913013222));
#2201=CARTESIAN_POINT('',(2.63848295059151,0.,15.0474913013222));
#2202=CARTESIAN_POINT('',(2.70111343075853,0.,15.0224391092554));
#2203=CARTESIAN_POINT('',(2.80828114126653,0.,14.9236221294363));
#2204=CARTESIAN_POINT('',(2.83472512178149,0.,14.8380271398747));
#2205=CARTESIAN_POINT('',(2.83472512178149,0.,14.7162456506611));
#2206=CARTESIAN_POINT('',(0.,2.5,0.));
#2207=CARTESIAN_POINT('',(0.,2.5,0.));
#2208=CARTESIAN_POINT('',(12.5,2.5,0.));
#2209=CARTESIAN_POINT('',(0.,2.5,0.));
#2210=CARTESIAN_POINT('',(0.,2.5,0.));
#2211=CARTESIAN_POINT('',(18.,2.5,0.));
#2212=CARTESIAN_POINT('',(0.,2.5,0.));
#2213=CARTESIAN_POINT('',(-2.80878999356,0.5,15.1425726793228));
#2214=CARTESIAN_POINT('',(-2.64057063326374,0.5,14.9396276965901));
#2215=CARTESIAN_POINT('',(-2.56471816283925,0.5,14.9396276965901));
#2216=CARTESIAN_POINT('',(-2.50904662491301,0.5,14.9577209464161));
#2217=CARTESIAN_POINT('',(-2.43667362560891,0.5,15.0300939457202));
#2218=CARTESIAN_POINT('',(-2.41858037578288,0.5,15.0801983298539));
#2219=CARTESIAN_POINT('',(-2.41858037578288,0.5,15.1985003479471));
#2220=CARTESIAN_POINT('',(-2.43319415448852,0.5,15.2451252609603));
#2221=CARTESIAN_POINT('',(-2.49025748086291,0.5,15.3244572025052));
#2222=CARTESIAN_POINT('',(-2.5347947112039,0.5,15.3446381350035));
#2223=CARTESIAN_POINT('',(-2.62247738343772,0.5,15.3446381350035));
#2224=CARTESIAN_POINT('',(-2.65100904662491,0.5,15.3376791927627));
#2225=CARTESIAN_POINT('',(-2.68093249826026,0.5,15.3244572025052));
#2226=CARTESIAN_POINT('',(-2.71143817090029,0.5,15.3109779518038));
#2227=CARTESIAN_POINT('',(-2.72686151704941,0.5,15.2896624913013));
#2228=CARTESIAN_POINT('',(-2.72686151704941,0.5,15.2284237995825));
#2229=CARTESIAN_POINT('',(-2.72338204592902,0.5,15.2096346555324));
#2230=CARTESIAN_POINT('',(-2.7080723729993,0.5,15.1943249826026));
#2231=CARTESIAN_POINT('',(-2.70389700765484,0.5,15.1852783576896));
#2232=CARTESIAN_POINT('',(-2.70389700765484,0.5,15.1546590118302));
#2233=CARTESIAN_POINT('',(-2.7080723729993,0.5,15.1393493389005));
#2234=CARTESIAN_POINT('',(-2.71572720946416,0.5,15.1282150313152));
#2235=CARTESIAN_POINT('',(-2.72370691962514,0.5,15.116608180172));
#2236=CARTESIAN_POINT('',(-2.7366040361865,0.5,15.1108176757133));
#2237=CARTESIAN_POINT('',(-2.77070285316632,0.5,15.1108176757133));
#2238=CARTESIAN_POINT('',(-2.78462073764788,0.5,15.1163848295059));
#2239=CARTESIAN_POINT('',(-2.79784272790536,0.5,15.1282150313152));
#2240=CARTESIAN_POINT('',(-2.81110540120979,0.5,15.1400816337455));
#2241=CARTESIAN_POINT('',(-2.81802366040362,0.5,15.1602261656228));
#2242=CARTESIAN_POINT('',(-2.81802366040362,0.5,15.2479088378566));
#2243=CARTESIAN_POINT('',(-2.79366736256089,0.5,15.2945337508699));
#2244=CARTESIAN_POINT('',(-2.74425887265136,0.5,15.3307202505219));
#2245=CARTESIAN_POINT('',(-2.69439744500347,0.5,15.3672384792218));
#2246=CARTESIAN_POINT('',(-2.63709116214335,0.5,15.385));
#2247=CARTESIAN_POINT('',(-2.49652052887961,0.5,15.385));
#2248=CARTESIAN_POINT('',(-2.43597773138483,0.5,15.3613395963813));
#2249=CARTESIAN_POINT('',(-2.39004871259569,0.5,15.31332289492));
#2250=CARTESIAN_POINT('',(-2.34446729743673,0.5,15.2656695972538));
#2251=CARTESIAN_POINT('',(-2.32185107863605,0.5,15.215201809325));
#2252=CARTESIAN_POINT('',(-2.32185107863605,0.5,15.1052505219207));
#2253=CARTESIAN_POINT('',(-2.33576896311761,0.5,15.0565379262352));
#2254=CARTESIAN_POINT('',(-2.3643006263048,0.5,15.0168719554628));
#2255=CARTESIAN_POINT('',(-2.39316216876211,0.5,14.9767473720465));
#2256=CARTESIAN_POINT('',(-2.43736951983299,0.5,14.947282533055));
#2257=CARTESIAN_POINT('',(-2.49791231732777,0.5,14.9284933890049));
#2258=CARTESIAN_POINT('',(-2.64057063326374,0.5,14.9396276965901));
#2259=CARTESIAN_POINT('',(-2.49791231732777,0.5,14.9284933890049));
#2260=CARTESIAN_POINT('',(-2.64057063326374,0.5,14.8999617258177));
#2261=CARTESIAN_POINT('',(-2.64057063326374,0.5,14.8999617258177));
#2262=CARTESIAN_POINT('',(-2.71572720946416,0.5,14.5450556715379));
#2263=CARTESIAN_POINT('',(-2.72338204592902,0.5,14.5297459986082));
#2264=CARTESIAN_POINT('',(-2.72686151704941,0.5,14.5165240083507));
#2265=CARTESIAN_POINT('',(-2.72686151704941,0.5,14.4824251913709));
#2266=CARTESIAN_POINT('',(-2.71294363256785,0.5,14.4636360473208));
#2267=CARTESIAN_POINT('',(-2.65588030619346,0.5,14.4330167014614));
#2268=CARTESIAN_POINT('',(-2.62386917188587,0.5,14.4253618649965));
#2269=CARTESIAN_POINT('',(-2.52157272094642,0.5,14.4253618649965));
#2270=CARTESIAN_POINT('',(-2.47007654836465,0.5,14.4455427974948));
#2271=CARTESIAN_POINT('',(-2.43597773138483,0.5,14.4852087682672));
#2272=CARTESIAN_POINT('',(-2.40123918438734,0.5,14.5256189147745));
#2273=CARTESIAN_POINT('',(-2.38448155880306,0.5,14.5875052192067));
#2274=CARTESIAN_POINT('',(-2.38448155880306,0.5,14.7399060542797));
#2275=CARTESIAN_POINT('',(-2.40257480862909,0.5,14.7948816979819));
#2276=CARTESIAN_POINT('',(-2.43806541405706,0.5,14.8366353514266));
#2277=CARTESIAN_POINT('',(-2.47384791125682,0.5,14.8787324069557));
#2278=CARTESIAN_POINT('',(-2.54175365344468,0.5,14.8992658315936));
#2279=CARTESIAN_POINT('',(-2.64057063326374,0.5,14.8999617258177));
#2280=CARTESIAN_POINT('',(-2.71572720946416,0.5,14.5450556715379));
#2281=CARTESIAN_POINT('',(-2.28148921363953,0.5,14.6598782185108));
#2282=CARTESIAN_POINT('',(-2.28148921363953,0.5,14.5875052192067));
#2283=CARTESIAN_POINT('',(-2.30793319415449,0.5,14.5234829505915));
#2284=CARTESIAN_POINT('',(-2.36151704940849,0.5,14.4678114126653));
#2285=CARTESIAN_POINT('',(-2.41441855692343,0.5,14.4128488074549));
#2286=CARTESIAN_POINT('',(-2.48886569241475,0.5,14.385));
#2287=CARTESIAN_POINT('',(-2.65240083507307,0.5,14.385));
#2288=CARTESIAN_POINT('',(-2.71155184411969,0.5,14.4044850382742));
#2289=CARTESIAN_POINT('',(-2.76096033402923,0.5,14.4420633263744));
#2290=CARTESIAN_POINT('',(-2.81070413353473,0.5,14.4798966386743));
#2291=CARTESIAN_POINT('',(-2.83472512178149,0.5,14.5241788448156));
#2292=CARTESIAN_POINT('',(-2.83472512178149,0.5,14.5965518441197));
#2293=CARTESIAN_POINT('',(-2.82707028531663,0.5,14.6167327766179));
#2294=CARTESIAN_POINT('',(-2.81245650661099,0.5,14.6334342379958));
#2295=CARTESIAN_POINT('',(-2.797196100529,0.5,14.6508747020895));
#2296=CARTESIAN_POINT('',(-2.78183716075157,0.5,14.6591823242867));
#2297=CARTESIAN_POINT('',(-2.74425887265136,0.5,14.6591823242867));
#2298=CARTESIAN_POINT('',(-2.72755741127349,0.5,14.6508315935978));
#2299=CARTESIAN_POINT('',(-2.71851078636047,0.5,14.6334342379958));
#2300=CARTESIAN_POINT('',(-2.70960088625723,0.5,14.6162998147203));
#2301=CARTESIAN_POINT('',(-2.70389700765484,0.5,14.6021189979123));
#2302=CARTESIAN_POINT('',(-2.70389700765484,0.5,14.5714996520529));
#2303=CARTESIAN_POINT('',(-2.7080723729993,0.5,14.5568858733472));
#2304=CARTESIAN_POINT('',(-2.71572720946416,0.5,14.5450556715379));
#2305=CARTESIAN_POINT('',(-2.28148921363953,0.5,14.6598782185108));
#2306=CARTESIAN_POINT('',(-2.49791231732777,0.5,14.9284933890049));
#2307=CARTESIAN_POINT('',(-2.41440501043841,0.5,14.8978740431454));
#2308=CARTESIAN_POINT('',(-2.35734168406402,0.5,14.8575121781489));
#2309=CARTESIAN_POINT('',(-2.32672233820459,0.5,14.8081036882394));
#2310=CARTESIAN_POINT('',(-2.29629609127276,0.5,14.7590067897812));
#2311=CARTESIAN_POINT('',(-2.28148921363953,0.5,14.7092867084203));
#2312=CARTESIAN_POINT('',(-2.28148921363953,0.5,14.6598782185108));
#2313=CARTESIAN_POINT('',(-2.64057063326374,0.5,14.9396276965901));
#2314=CARTESIAN_POINT('',(-2.64057063326374,0.,14.9396276965901));
#2315=CARTESIAN_POINT('',(-2.52903579785217,0.5,14.9396276965901));
#2316=CARTESIAN_POINT('',(-2.52903579785217,0.,14.9396276965901));
#2317=CARTESIAN_POINT('',(-2.42925070138371,0.5,14.9985526344202));
#2318=CARTESIAN_POINT('',(-2.42925070138371,1.0842021724855E-16,14.9985526344202));
#2319=CARTESIAN_POINT('',(-2.40964745384091,0.5,15.1854004419648));
#2320=CARTESIAN_POINT('',(-2.40964745384091,-1.0842021724855E-16,15.1854004419648));
#2321=CARTESIAN_POINT('',(-2.46470339693147,0.5,15.3144468769153));
#2322=CARTESIAN_POINT('',(-2.46470339693147,1.0842021724855E-16,15.3144468769153));
#2323=CARTESIAN_POINT('',(-2.55851438319037,0.5,15.3493834828891));
#2324=CARTESIAN_POINT('',(-2.55851438319037,1.0842021724855E-16,15.3493834828891));
#2325=CARTESIAN_POINT('',(-2.70329345002616,0.5,15.3419365709428));
#2326=CARTESIAN_POINT('',(-2.70329345002616,0.,15.3419365709428));
#2327=CARTESIAN_POINT('',(-2.73655778319016,0.5,15.2020941820514));
#2328=CARTESIAN_POINT('',(-2.73655778319016,0.,15.2020941820514));
#2329=CARTESIAN_POINT('',(-2.69577326977428,0.5,15.1826981477333));
#2330=CARTESIAN_POINT('',(-2.69577326977428,2.16840434497101E-16,15.1826981477333));
#2331=CARTESIAN_POINT('',(-2.70485990012999,0.5,15.1332456144929));
#2332=CARTESIAN_POINT('',(-2.70485990012999,-2.16840434497101E-16,15.1332456144929));
#2333=CARTESIAN_POINT('',(-2.7533002134522,0.5,15.0983809548736));
#2334=CARTESIAN_POINT('',(-2.7533002134522,1.0842021724855E-16,15.0983809548736));
#2335=CARTESIAN_POINT('',(-2.83925844658577,0.5,15.1514097602417));
#2336=CARTESIAN_POINT('',(-2.83925844658577,-1.0842021724855E-16,15.1514097602417));
#2337=CARTESIAN_POINT('',(-2.8120228168671,0.5,15.2839975732996));
#2338=CARTESIAN_POINT('',(-2.8120228168671,0.,15.2839975732996));
#2339=CARTESIAN_POINT('',(-2.69173574060311,0.5,15.3755084590761));
#2340=CARTESIAN_POINT('',(-2.69173574060311,0.,15.3755084590761));
#2341=CARTESIAN_POINT('',(-2.54362112834344,0.5,15.3925821611859));
#2342=CARTESIAN_POINT('',(-2.54362112834344,0.,15.3925821611859));
#2343=CARTESIAN_POINT('',(-2.42459280540369,0.5,15.3590390557644));
#2344=CARTESIAN_POINT('',(-2.42459280540369,0.,15.3590390557644));
#2345=CARTESIAN_POINT('',(-2.31939247035898,0.5,15.2384825749133));
#2346=CARTESIAN_POINT('',(-2.31939247035898,0.,15.2384825749133));
#2347=CARTESIAN_POINT('',(-2.31831125568754,0.5,15.0502079491786));
#2348=CARTESIAN_POINT('',(-2.31831125568754,0.,15.0502079491786));
#2349=CARTESIAN_POINT('',(-2.39785530277373,0.5,14.9595455659354));
#2350=CARTESIAN_POINT('',(-2.39785530277373,0.,14.9595455659354));
#2351=CARTESIAN_POINT('',(-2.49791231732777,0.5,14.9284933890049));
#2352=CARTESIAN_POINT('',(-2.49791231732777,0.,14.9284933890049));
#2353=CARTESIAN_POINT('',(-2.64057063326374,0.5,14.9396276965901));
#2354=CARTESIAN_POINT('',(-2.49791231732777,0.5,14.9284933890049));
#2355=CARTESIAN_POINT('',(-2.49791231732777,0.5,14.9284933890049));
#2356=CARTESIAN_POINT('',(-2.49791231732777,0.,14.9284933890049));
#2357=CARTESIAN_POINT('',(-2.42539222248023,0.5,14.9019026875608));
#2358=CARTESIAN_POINT('',(-2.42539222248023,0.,14.9019026875608));
#2359=CARTESIAN_POINT('',(-2.32692247998564,0.5,14.8442633160064));
#2360=CARTESIAN_POINT('',(-2.32692247998564,0.,14.8442633160064));
#2361=CARTESIAN_POINT('',(-2.28148921363953,0.5,14.7181090084744));
#2362=CARTESIAN_POINT('',(-2.28148921363953,1.0842021724855E-16,14.7181090084744));
#2363=CARTESIAN_POINT('',(-2.28148921363953,0.5,14.6598782185108));
#2364=CARTESIAN_POINT('',(-2.28148921363953,1.0842021724855E-16,14.6598782185108));
#2365=CARTESIAN_POINT('',(-2.28148921363953,0.5,14.6598782185108));
#2366=CARTESIAN_POINT('',(-2.28148921363953,0.5,14.6598782185108));
#2367=CARTESIAN_POINT('',(-2.28148921363953,0.,14.6598782185108));
#2368=CARTESIAN_POINT('',(-2.28148921363953,0.5,14.5688609946788));
#2369=CARTESIAN_POINT('',(-2.28148921363953,0.,14.5688609946788));
#2370=CARTESIAN_POINT('',(-2.35623287383747,0.5,14.4407379075316));
#2371=CARTESIAN_POINT('',(-2.35623287383747,1.0842021724855E-16,14.4407379075316));
#2372=CARTESIAN_POINT('',(-2.5097986226164,0.5,14.383164927101));
#2373=CARTESIAN_POINT('',(-2.5097986226164,-1.0842021724855E-16,14.383164927101));
#2374=CARTESIAN_POINT('',(-2.66434731097926,0.5,14.3825185181153));
#2375=CARTESIAN_POINT('',(-2.66434731097926,2.16840434497101E-16,14.3825185181153));
#2376=CARTESIAN_POINT('',(-2.79370880544684,0.5,14.4500907037372));
#2377=CARTESIAN_POINT('',(-2.79370880544684,-1.0842021724855E-16,14.4500907037372));
#2378=CARTESIAN_POINT('',(-2.847620572377,0.5,14.5598111412517));
#2379=CARTESIAN_POINT('',(-2.847620572377,1.0842021724855E-16,14.5598111412517));
#2380=CARTESIAN_POINT('',(-2.81901964360846,0.5,14.6436469088477));
#2381=CARTESIAN_POINT('',(-2.81901964360846,-1.0842021724855E-16,14.6436469088477));
#2382=CARTESIAN_POINT('',(-2.70722695703877,0.5,14.6793003629893));
#2383=CARTESIAN_POINT('',(-2.70722695703877,1.0842021724855E-16,14.6793003629893));
#2384=CARTESIAN_POINT('',(-2.69842809384064,0.5,14.5717906684106));
#2385=CARTESIAN_POINT('',(-2.69842809384064,0.,14.5717906684106));
#2386=CARTESIAN_POINT('',(-2.71572720946416,0.5,14.5450556715379));
#2387=CARTESIAN_POINT('',(-2.71572720946416,0.,14.5450556715379));
#2388=CARTESIAN_POINT('',(-2.71572720946416,0.5,14.5450556715379));
#2389=CARTESIAN_POINT('',(-2.71572720946416,0.5,14.5450556715379));
#2390=CARTESIAN_POINT('',(-2.71572720946416,0.,14.5450556715379));
#2391=CARTESIAN_POINT('',(-2.76066911448253,0.5,14.4551718615012));
#2392=CARTESIAN_POINT('',(-2.76066911448253,0.,14.4551718615012));
#2393=CARTESIAN_POINT('',(-2.51948014136516,0.5,14.3852858010921));
#2394=CARTESIAN_POINT('',(-2.51948014136516,0.,14.3852858010921));
#2395=CARTESIAN_POINT('',(-2.36728034244167,0.5,14.5327706308743));
#2396=CARTESIAN_POINT('',(-2.36728034244167,0.,14.5327706308743));
#2397=CARTESIAN_POINT('',(-2.3928442363901,0.5,14.8618028046223));
#2398=CARTESIAN_POINT('',(-2.3928442363901,0.,14.8618028046223));
#2399=CARTESIAN_POINT('',(-2.52990223578924,0.5,14.8991823709059));
#2400=CARTESIAN_POINT('',(-2.52990223578924,0.,14.8991823709059));
#2401=CARTESIAN_POINT('',(-2.64057063326374,0.5,14.8999617258177));
#2402=CARTESIAN_POINT('',(-2.64057063326374,0.,14.8999617258177));
#2403=CARTESIAN_POINT('',(-2.64057063326374,0.5,14.8999617258177));
#2404=CARTESIAN_POINT('',(-2.64057063326374,0.5,14.8999617258177));
#2405=CARTESIAN_POINT('',(-2.07132915796799,0.5,14.8248454228615));
#2406=CARTESIAN_POINT('',(-2.1624913013222,0.5,14.3968302018093));
#2407=CARTESIAN_POINT('',(-2.1624913013222,0.5,14.3968302018093));
#2408=CARTESIAN_POINT('',(-2.1624913013222,0.5,14.4309290187891));
#2409=CARTESIAN_POINT('',(-2.15692414752958,0.5,15.3724739039666));
#2410=CARTESIAN_POINT('',(-2.07109719322663,0.5,15.3724739039666));
#2411=CARTESIAN_POINT('',(-1.98527023892368,0.5,15.3724739039666));
#2412=CARTESIAN_POINT('',(-1.89944328462074,0.5,15.3724739039666));
#2413=CARTESIAN_POINT('',(-1.78183716075157,0.5,15.3724739039666));
#2414=CARTESIAN_POINT('',(-1.68719554627697,0.5,15.3348956158664));
#2415=CARTESIAN_POINT('',(-1.61691022964509,0.5,15.2583472512178));
#2416=CARTESIAN_POINT('',(-1.54665327801254,0.5,15.1818297791427));
#2417=CARTESIAN_POINT('',(-1.51113430758525,0.5,15.0641927627001));
#2418=CARTESIAN_POINT('',(-1.51113430758525,0.5,14.7294676409186));
#2419=CARTESIAN_POINT('',(-1.54523312456507,0.5,14.6007272094642));
#2420=CARTESIAN_POINT('',(-1.61412665274878,0.5,14.519307585247));
#2421=CARTESIAN_POINT('',(-1.68307297290812,0.5,14.4378255705133));
#2422=CARTESIAN_POINT('',(-1.78322894919972,0.5,14.3968302018093));
#2423=CARTESIAN_POINT('',(-1.91684064022269,0.5,14.3968302018093));
#2424=CARTESIAN_POINT('',(-1.99872419392252,0.5,14.3968302018093));
#2425=CARTESIAN_POINT('',(-2.08060774762236,0.5,14.3968302018093));
#2426=CARTESIAN_POINT('',(-2.1624913013222,0.5,14.3968302018093));
#2427=CARTESIAN_POINT('',(-2.15692414752958,0.5,15.3724739039666));
#2428=CARTESIAN_POINT('',(-2.15692414752958,0.5,15.3383750869868));
#2429=CARTESIAN_POINT('',(-2.15692414752958,0.5,15.3383750869868));
#2430=CARTESIAN_POINT('',(-2.07132915796799,0.5,15.2924460681976));
#2431=CARTESIAN_POINT('',(-2.07132915796799,0.5,15.3077557411273));
#2432=CARTESIAN_POINT('',(-2.07480862908838,0.5,15.3188900487126));
#2433=CARTESIAN_POINT('',(-2.09011830201809,0.5,15.3341997216423));
#2434=CARTESIAN_POINT('',(-2.10334029227557,0.5,15.3383750869868));
#2435=CARTESIAN_POINT('',(-2.12282533054976,0.5,15.3383750869868));
#2436=CARTESIAN_POINT('',(-2.13419160287636,0.5,15.3383750869868));
#2437=CARTESIAN_POINT('',(-2.14555787520297,0.5,15.3383750869868));
#2438=CARTESIAN_POINT('',(-2.15692414752958,0.5,15.3383750869868));
#2439=CARTESIAN_POINT('',(-2.07132915796799,0.5,15.2924460681976));
#2440=CARTESIAN_POINT('',(-2.1624913013222,0.5,14.4309290187891));
#2441=CARTESIAN_POINT('',(-2.14926931106472,0.5,14.4309290187891));
#2442=CARTESIAN_POINT('',(-2.13604732080724,0.5,14.4309290187891));
#2443=CARTESIAN_POINT('',(-2.12282533054976,0.5,14.4309290187891));
#2444=CARTESIAN_POINT('',(-2.10334029227557,0.5,14.4309290187891));
#2445=CARTESIAN_POINT('',(-2.09011830201809,0.5,14.4351043841336));
#2446=CARTESIAN_POINT('',(-2.07480862908838,0.5,14.4504140570633));
#2447=CARTESIAN_POINT('',(-2.07132915796799,0.5,14.4615483646486));
#2448=CARTESIAN_POINT('',(-2.07132915796799,0.5,14.4768580375783));
#2449=CARTESIAN_POINT('',(-2.07132915796799,0.5,14.7487207144514));
#2450=CARTESIAN_POINT('',(-2.07132915796799,0.5,15.0205833913245));
#2451=CARTESIAN_POINT('',(-2.07132915796799,0.5,15.2924460681976));
#2452=CARTESIAN_POINT('',(-1.61899791231733,0.5,14.8930027835769));
#2453=CARTESIAN_POINT('',(-1.61899791231733,0.5,15.0565379262352));
#2454=CARTESIAN_POINT('',(-1.64405010438413,0.5,15.1713604732081));
#2455=CARTESIAN_POINT('',(-1.7428670842032,0.5,15.304972164231));
#2456=CARTESIAN_POINT('',(-1.81176061238692,0.5,15.3383750869868));
#2457=CARTESIAN_POINT('',(-1.9258872651357,0.5,15.3383750869868));
#2458=CARTESIAN_POINT('',(-1.94606819763396,0.5,15.3341997216423));
#2459=CARTESIAN_POINT('',(-1.97251217814892,0.5,15.3188900487126));
#2460=CARTESIAN_POINT('',(-1.9794711203897,0.5,15.3077557411273));
#2461=CARTESIAN_POINT('',(-1.9794711203897,0.5,15.2924460681976));
#2462=CARTESIAN_POINT('',(-1.9794711203897,0.5,15.0205833913245));
#2463=CARTESIAN_POINT('',(-1.9794711203897,0.5,14.7487207144514));
#2464=CARTESIAN_POINT('',(-1.9794711203897,0.5,14.4768580375783));
#2465=CARTESIAN_POINT('',(-1.9794711203897,0.5,14.4615483646486));
#2466=CARTESIAN_POINT('',(-1.97390396659708,0.5,14.4504140570633));
#2467=CARTESIAN_POINT('',(-1.96207376478775,0.5,14.4427592205985));
#2468=CARTESIAN_POINT('',(-1.95073408354125,0.5,14.4354217797919));
#2469=CARTESIAN_POINT('',(-1.93562978427279,0.5,14.4309290187891));
#2470=CARTESIAN_POINT('',(-1.83263743910925,0.5,14.4309290187891));
#2471=CARTESIAN_POINT('',(-1.76235212247738,0.5,14.4622442588726));
#2472=CARTESIAN_POINT('',(-1.70528879610299,0.5,14.5255706332637));
#2473=CARTESIAN_POINT('',(-1.64857153855233,0.5,14.5885129556675));
#2474=CARTESIAN_POINT('',(-1.61899791231733,0.5,14.7106784968685));
#2475=CARTESIAN_POINT('',(-1.61899791231733,0.5,14.8930027835769));
#2476=CARTESIAN_POINT('',(-1.61899791231733,0.5,14.8930027835769));
#2477=CARTESIAN_POINT('',(-2.1624913013222,0.5,14.3968302018093));
#2478=CARTESIAN_POINT('',(-2.1624913013222,0.5,14.3968302018093));
#2479=CARTESIAN_POINT('',(-2.1624913013222,0.5,14.4309290187891));
#2480=CARTESIAN_POINT('',(-2.1624913013222,0.5,14.4309290187891));
#2481=CARTESIAN_POINT('',(-2.1624913013222,0.,14.4309290187891));
#2482=CARTESIAN_POINT('',(-2.14300794109986,0.5,14.4309290187891));
#2483=CARTESIAN_POINT('',(-2.14300794109986,0.,14.4309290187891));
#2484=CARTESIAN_POINT('',(-2.08970231465844,0.5,14.4237342710913));
#2485=CARTESIAN_POINT('',(-2.08970231465844,-1.0842021724855E-16,14.4237342710913));
#2486=CARTESIAN_POINT('',(-2.06093905768836,0.5,14.4884529447274));
#2487=CARTESIAN_POINT('',(-2.06093905768836,0.,14.4884529447274));
#2488=CARTESIAN_POINT('',(-2.07880273887088,0.5,14.6337344439455));
#2489=CARTESIAN_POINT('',(-2.07880273887088,-2.16840434497101E-16,14.6337344439455));
#2490=CARTESIAN_POINT('',(-2.06877720351334,0.5,14.8235742831955));
#2491=CARTESIAN_POINT('',(-2.06877720351334,1.0842021724855E-16,14.8235742831955));
#2492=CARTESIAN_POINT('',(-2.07205828781217,0.5,15.0590089282913));
#2493=CARTESIAN_POINT('',(-2.07205828781217,-1.0842021724855E-16,15.0590089282913));
#2494=CARTESIAN_POINT('',(-2.07132915796799,0.5,15.2145126273083));
#2495=CARTESIAN_POINT('',(-2.07132915796799,0.,15.2145126273083));
#2496=CARTESIAN_POINT('',(-2.07132915796799,0.5,15.2924460681976));
#2497=CARTESIAN_POINT('',(-2.07132915796799,0.,15.2924460681976));
#2498=CARTESIAN_POINT('',(-2.07132915796799,0.5,15.2924460681976));
#2499=CARTESIAN_POINT('',(-2.07132915796799,0.5,15.2924460681976));
#2500=CARTESIAN_POINT('',(-2.07132915796799,0.,15.2924460681976));
#2501=CARTESIAN_POINT('',(-2.07132915796799,0.5,15.3361250622315));
#2502=CARTESIAN_POINT('',(-2.07132915796799,0.,15.3361250622315));
#2503=CARTESIAN_POINT('',(-2.11890877877613,0.5,15.3383750869868));
#2504=CARTESIAN_POINT('',(-2.11890877877613,0.,15.3383750869868));
#2505=CARTESIAN_POINT('',(-2.15692414752958,0.5,15.3383750869868));
#2506=CARTESIAN_POINT('',(-2.15692414752958,0.,15.3383750869868));
#2507=CARTESIAN_POINT('',(-2.15692414752958,0.5,15.3383750869868));
#2508=CARTESIAN_POINT('',(-2.15692414752958,0.5,15.3383750869868));
#2509=CARTESIAN_POINT('',(-2.15692414752958,0.5,15.3724739039666));
#2510=CARTESIAN_POINT('',(-2.15692414752958,0.5,15.3724739039666));
#2511=CARTESIAN_POINT('',(-2.15692414752958,0.,15.3724739039666));
#2512=CARTESIAN_POINT('',(-2.0761094095338,0.5,15.3724739039666));
#2513=CARTESIAN_POINT('',(-2.0761094095338,0.,15.3724739039666));
#2514=CARTESIAN_POINT('',(-1.91832995292478,0.5,15.3837351283193));
#2515=CARTESIAN_POINT('',(-1.91832995292478,-2.16840434497101E-16,15.3837351283193));
#2516=CARTESIAN_POINT('',(-1.65856065171614,0.5,15.3330596187322));
#2517=CARTESIAN_POINT('',(-1.65856065171614,2.16840434497101E-16,15.3330596187322));
#2518=CARTESIAN_POINT('',(-1.5315354592482,0.5,15.1613068569458));
#2519=CARTESIAN_POINT('',(-1.5315354592482,-1.0842021724855E-16,15.1613068569458));
#2520=CARTESIAN_POINT('',(-1.49861539936374,0.5,14.8688546408908));
#2521=CARTESIAN_POINT('',(-1.49861539936374,1.0842021724855E-16,14.8688546408908));
#2522=CARTESIAN_POINT('',(-1.54301290696047,0.5,14.6061651460568));
#2523=CARTESIAN_POINT('',(-1.54301290696047,-1.0842021724855E-16,14.6061651460568));
#2524=CARTESIAN_POINT('',(-1.65643222069075,0.5,14.4398856653019));
#2525=CARTESIAN_POINT('',(-1.65643222069075,0.,14.4398856653019));
#2526=CARTESIAN_POINT('',(-1.92595851647215,0.5,14.3845286408114));
#2527=CARTESIAN_POINT('',(-1.92595851647215,1.0842021724855E-16,14.3845286408114));
#2528=CARTESIAN_POINT('',(-2.0816474329824,0.5,14.3968302018093));
#2529=CARTESIAN_POINT('',(-2.0816474329824,0.,14.3968302018093));
#2530=CARTESIAN_POINT('',(-2.1624913013222,0.5,14.3968302018093));
#2531=CARTESIAN_POINT('',(-2.1624913013222,0.,14.3968302018093));
#2532=CARTESIAN_POINT('',(-1.63873376115093,0.5,14.640803033639));
#2533=CARTESIAN_POINT('',(-1.63873376115093,1.0842021724855E-16,14.640803033639));
#2534=CARTESIAN_POINT('',(-1.60919858374232,0.5,14.8586984225802));
#2535=CARTESIAN_POINT('',(-1.60919858374232,-1.0842021724855E-16,14.8586984225802));
#2536=CARTESIAN_POINT('',(-1.63779966403285,0.5,15.168617327319));
#2537=CARTESIAN_POINT('',(-1.63779966403285,0.,15.168617327319));
#2538=CARTESIAN_POINT('',(-1.72317807481682,0.5,15.2911779134998));
#2539=CARTESIAN_POINT('',(-1.72317807481682,-2.16840434497101E-16,15.2911779134998));
#2540=CARTESIAN_POINT('',(-1.86014183839475,0.5,15.3464392906389));
#2541=CARTESIAN_POINT('',(-1.86014183839475,1.0842021724855E-16,15.3464392906389));
#2542=CARTESIAN_POINT('',(-1.99111248333103,0.5,15.3413924919023));
#2543=CARTESIAN_POINT('',(-1.99111248333103,-1.0842021724855E-16,15.3413924919023));
#2544=CARTESIAN_POINT('',(-1.97706732384665,0.5,15.2280212025391));
#2545=CARTESIAN_POINT('',(-1.97706732384665,0.,15.2280212025391));
#2546=CARTESIAN_POINT('',(-1.98089052338905,0.5,15.0910703982629));
#2547=CARTESIAN_POINT('',(-1.98089052338905,-1.0842021724855E-16,15.0910703982629));
#2548=CARTESIAN_POINT('',(-1.97784545719955,0.5,14.8541646546241));
#2549=CARTESIAN_POINT('',(-1.97784545719955,1.0842021724855E-16,14.8541646546241));
#2550=CARTESIAN_POINT('',(-1.98257914434971,0.5,14.6407576392444));
#2551=CARTESIAN_POINT('',(-1.98257914434971,-2.16840434497101E-16,14.6407576392444));
#2552=CARTESIAN_POINT('',(-1.97703897092185,0.5,14.4107746054102));
#2553=CARTESIAN_POINT('',(-1.97703897092185,1.0842021724855E-16,14.4107746054102));
#2554=CARTESIAN_POINT('',(-1.82380302936885,0.5,14.4336539398495));
#2555=CARTESIAN_POINT('',(-1.82380302936885,1.0842021724855E-16,14.4336539398495));
#2556=CARTESIAN_POINT('',(-1.6873225690745,0.5,14.5244393607937));
#2557=CARTESIAN_POINT('',(-1.6873225690745,0.,14.5244393607937));
#2558=CARTESIAN_POINT('',(-1.63873376115093,0.5,14.640803033639));
#2559=CARTESIAN_POINT('',(-1.63873376115093,1.0842021724855E-16,14.640803033639));
#2560=CARTESIAN_POINT('',(-1.60919858374232,0.5,14.8586984225802));
#2561=CARTESIAN_POINT('',(-1.60919858374232,-1.0842021724855E-16,14.8586984225802));
#2562=CARTESIAN_POINT('',(-1.63779966403285,0.5,15.168617327319));
#2563=CARTESIAN_POINT('',(-1.63779966403285,0.,15.168617327319));
#2564=CARTESIAN_POINT('',(-1.61899791231733,0.,14.8930027835769));
#2565=CARTESIAN_POINT('',(-1.61899791231733,0.,15.0565379262352));
#2566=CARTESIAN_POINT('',(-1.64405010438413,0.,15.1713604732081));
#2567=CARTESIAN_POINT('',(-1.7428670842032,0.,15.304972164231));
#2568=CARTESIAN_POINT('',(-1.81176061238692,0.,15.3383750869868));
#2569=CARTESIAN_POINT('',(-1.9258872651357,0.,15.3383750869868));
#2570=CARTESIAN_POINT('',(-1.94606819763396,0.,15.3341997216423));
#2571=CARTESIAN_POINT('',(-1.97251217814892,0.,15.3188900487126));
#2572=CARTESIAN_POINT('',(-1.9794711203897,0.,15.3077557411273));
#2573=CARTESIAN_POINT('',(-1.9794711203897,0.,15.2924460681976));
#2574=CARTESIAN_POINT('',(-1.9794711203897,0.,15.0205833913245));
#2575=CARTESIAN_POINT('',(-1.9794711203897,0.,14.7487207144514));
#2576=CARTESIAN_POINT('',(-1.9794711203897,0.,14.4768580375783));
#2577=CARTESIAN_POINT('',(-1.9794711203897,0.,14.4615483646486));
#2578=CARTESIAN_POINT('',(-1.97390396659708,0.,14.4504140570633));
#2579=CARTESIAN_POINT('',(-1.96207376478775,0.,14.4427592205985));
#2580=CARTESIAN_POINT('',(-1.95073408354125,0.,14.4354217797919));
#2581=CARTESIAN_POINT('',(-1.93562978427279,0.,14.4309290187891));
#2582=CARTESIAN_POINT('',(-1.83263743910925,0.,14.4309290187891));
#2583=CARTESIAN_POINT('',(-1.76235212247738,0.,14.4622442588726));
#2584=CARTESIAN_POINT('',(-1.70528879610299,0.,14.5255706332637));
#2585=CARTESIAN_POINT('',(-1.64857153855233,0.,14.5885129556675));
#2586=CARTESIAN_POINT('',(-1.61899791231733,0.,14.7106784968685));
#2587=CARTESIAN_POINT('',(-1.61899791231733,0.,14.8930027835769));
#2588=CARTESIAN_POINT('',(-1.61899791231733,0.,14.8930027835769));
#2589=CARTESIAN_POINT('',(-0.908005705983894,0.5,14.5553669294));
#2590=CARTESIAN_POINT('',(-1.34133611691023,0.5,14.6021189979123));
#2591=CARTESIAN_POINT('',(-1.34133611691023,0.5,14.6021189979123));
#2592=CARTESIAN_POINT('',(-1.30723729993041,0.5,14.6076861517049));
#2593=CARTESIAN_POINT('',(-1.32463465553236,0.5,14.3912630480167));
#2594=CARTESIAN_POINT('',(-1.32463465553236,0.5,14.3912630480167));
#2595=CARTESIAN_POINT('',(-1.1812804453723,0.5,14.4079645093946));
#2596=CARTESIAN_POINT('',(-1.20842032011134,0.5,14.4163152400835));
#2597=CARTESIAN_POINT('',(-1.22929714683368,0.5,14.4197947112039));
#2598=CARTESIAN_POINT('',(-1.25574112734864,0.5,14.4197947112039));
#2599=CARTESIAN_POINT('',(-1.26826722338205,0.5,14.4170111343076));
#2600=CARTESIAN_POINT('',(-1.28148921363953,0.5,14.411443980515));
#2601=CARTESIAN_POINT('',(-1.2949600884195,0.5,14.4057720332392));
#2602=CARTESIAN_POINT('',(-1.30932498260264,0.5,14.3989178844816));
#2603=CARTESIAN_POINT('',(-1.32463465553236,0.5,14.3912630480167));
#2604=CARTESIAN_POINT('',(-1.1812804453723,0.5,14.4079645093946));
#2605=CARTESIAN_POINT('',(-1.05601948503827,0.5,14.7621746694502));
#2606=CARTESIAN_POINT('',(-1.01774530271399,0.5,14.7468649965205));
#2607=CARTESIAN_POINT('',(-0.981558803061934,0.5,14.7315553235908));
#2608=CARTESIAN_POINT('',(-0.947459986082116,0.5,14.7162456506611));
#2609=CARTESIAN_POINT('',(-0.916256909192437,0.5,14.7022361059351));
#2610=CARTESIAN_POINT('',(-0.891092553931802,0.5,14.6807550452331));
#2611=CARTESIAN_POINT('',(-0.870215727209464,0.5,14.6563987473904));
#2612=CARTESIAN_POINT('',(-0.848995046870524,0.5,14.631641286995));
#2613=CARTESIAN_POINT('',(-0.838204592901879,0.5,14.6042066805845));
#2614=CARTESIAN_POINT('',(-0.838204592901879,0.5,14.5165240083507));
#2615=CARTESIAN_POINT('',(-0.858385525400139,0.5,14.4719867780097));
#2616=CARTESIAN_POINT('',(-0.89874739039666,0.5,14.4392797494781));
#2617=CARTESIAN_POINT('',(-0.938348803962239,0.5,14.4071889488301));
#2618=CARTESIAN_POINT('',(-0.996868475991649,0.5,14.3905671537926));
#2619=CARTESIAN_POINT('',(-1.07272094641615,0.5,14.3912630480167));
#2620=CARTESIAN_POINT('',(-1.12281472990554,0.5,14.391722624012));
#2621=CARTESIAN_POINT('',(-1.15901183020181,0.5,14.3968302018093));
#2622=CARTESIAN_POINT('',(-1.1812804453723,0.5,14.4079645093946));
#2623=CARTESIAN_POINT('',(-1.05601948503827,0.5,14.7621746694502));
#2624=CARTESIAN_POINT('',(-0.893352400749285,0.5,15.426084527264));
#2625=CARTESIAN_POINT('',(-1.15901183020181,0.5,14.7962734864301));
#2626=CARTESIAN_POINT('',(-0.889700765483646,0.5,14.8526409185804));
#2627=CARTESIAN_POINT('',(-0.905010438413361,0.5,14.9020494084899));
#2628=CARTESIAN_POINT('',(-0.930758524704245,0.5,14.9410194850383));
#2629=CARTESIAN_POINT('',(-1.00313152400835,0.5,14.9980828114127));
#2630=CARTESIAN_POINT('',(-1.04488517745303,0.5,15.0126965901183));
#2631=CARTESIAN_POINT('',(-1.1402226861517,0.5,15.0126965901183));
#2632=CARTESIAN_POINT('',(-1.17919276270007,0.5,15.0029540709812));
#2633=CARTESIAN_POINT('',(-1.23625608907446,0.5,14.965375782881));
#2634=CARTESIAN_POINT('',(-1.2508698677801,0.5,14.938235908142));
#2635=CARTESIAN_POINT('',(-1.2508698677801,0.5,14.8742136395268));
#2636=CARTESIAN_POINT('',(-1.24391092553932,0.5,14.8498573416841));
#2637=CARTESIAN_POINT('',(-1.23068893528184,0.5,14.8331558803062));
#2638=CARTESIAN_POINT('',(-1.21712828145319,0.5,14.8160266333647));
#2639=CARTESIAN_POINT('',(-1.19380654140571,0.5,14.8039283228949));
#2640=CARTESIAN_POINT('',(-1.15901183020181,0.5,14.7962734864301));
#2641=CARTESIAN_POINT('',(-0.889700765483646,0.5,14.8526409185804));
#2642=CARTESIAN_POINT('',(-0.855601948503828,0.5,14.858208072373));
#2643=CARTESIAN_POINT('',(-0.855601948503828,0.5,14.858208072373));
#2644=CARTESIAN_POINT('',(-0.8785664578984,0.5,15.0474913013222));
#2645=CARTESIAN_POINT('',(-0.8785664578984,0.5,15.0474913013222));
#2646=CARTESIAN_POINT('',(-0.907098121085595,0.5,15.0238308977035));
#2647=CARTESIAN_POINT('',(-0.9053583855254,0.5,15.0250139178845));
#2648=CARTESIAN_POINT('',(-0.889700765483646,0.5,15.0356610995129));
#2649=CARTESIAN_POINT('',(-0.8785664578984,0.5,15.0474913013222));
#2650=CARTESIAN_POINT('',(-0.907098121085595,0.5,15.0238308977035));
#2651=CARTESIAN_POINT('',(-0.998260264439805,0.5,15.0356610995129));
#2652=CARTESIAN_POINT('',(-0.967640918580376,0.5,15.0238308977035));
#2653=CARTESIAN_POINT('',(-0.946764091858037,0.5,15.0182637439109));
#2654=CARTESIAN_POINT('',(-0.923799582463465,0.5,15.0182637439109));
#2655=CARTESIAN_POINT('',(-0.908768267223382,0.5,15.0232741823243));
#2656=CARTESIAN_POINT('',(-0.907098121085595,0.5,15.0238308977035));
#2657=CARTESIAN_POINT('',(-0.998260264439805,0.5,15.0356610995129));
#2658=CARTESIAN_POINT('',(-1.31906750173974,0.5,14.8707341684064));
#2659=CARTESIAN_POINT('',(-1.31906750173974,0.5,14.9277974947808));
#2660=CARTESIAN_POINT('',(-1.29749478079332,0.5,14.9709429366736));
#2661=CARTESIAN_POINT('',(-1.25365344467641,0.5,15.0015622825331));
#2662=CARTESIAN_POINT('',(-1.20934436864834,0.5,15.032508303886));
#2663=CARTESIAN_POINT('',(-1.15692414752958,0.5,15.0474913013222));
#2664=CARTESIAN_POINT('',(-1.0615866388309,0.5,15.0474913013222));
#2665=CARTESIAN_POINT('',(-1.02887961029923,0.5,15.0433159359777));
#2666=CARTESIAN_POINT('',(-0.998260264439805,0.5,15.0356610995129));
#2667=CARTESIAN_POINT('',(-1.31906750173974,0.5,14.8707341684064));
#2668=CARTESIAN_POINT('',(-1.30723729993041,0.5,14.6076861517049));
#2669=CARTESIAN_POINT('',(-1.29610299234516,0.5,14.5471433542102));
#2670=CARTESIAN_POINT('',(-1.27105080027836,0.5,14.501214335421));
#2671=CARTESIAN_POINT('',(-1.23277661795407,0.5,14.4712908837857));
#2672=CARTESIAN_POINT('',(-1.19416476844884,0.5,14.4411034378088));
#2673=CARTESIAN_POINT('',(-1.14161447459986,0.5,14.4253618649965));
#2674=CARTESIAN_POINT('',(-1.01913709116214,0.5,14.4253618649965));
#2675=CARTESIAN_POINT('',(-0.978079331941544,0.5,14.4351043841336));
#2676=CARTESIAN_POINT('',(-0.921016005567154,0.5,14.4726826722338));
#2677=CARTESIAN_POINT('',(-0.907098121085595,0.5,14.501214335421));
#2678=CARTESIAN_POINT('',(-0.907098121085595,0.5,14.5659324982603));
#2679=CARTESIAN_POINT('',(-0.914057063326374,0.5,14.5882011134308));
#2680=CARTESIAN_POINT('',(-0.929366736256089,0.5,14.6049025748086));
#2681=CARTESIAN_POINT('',(-0.945023043289873,0.5,14.6219821824818));
#2682=CARTESIAN_POINT('',(-0.959986082115518,0.5,14.6341301322199));
#2683=CARTESIAN_POINT('',(-0.975295755045233,0.5,14.6417849686848));
#2684=CARTESIAN_POINT('',(-1.01203897007655,0.5,14.6601565762004));
#2685=CARTESIAN_POINT('',(-1.05601948503827,0.5,14.6744919972164));
#2686=CARTESIAN_POINT('',(-1.10125260960334,0.5,14.6932811412665));
#2687=CARTESIAN_POINT('',(-1.14584659030091,0.5,14.7118047947871));
#2688=CARTESIAN_POINT('',(-1.18754349338901,0.5,14.723900487126));
#2689=CARTESIAN_POINT('',(-1.22164231036882,0.5,14.7392101600557));
#2690=CARTESIAN_POINT('',(-1.25632027536667,0.5,14.7547798586261));
#2691=CARTESIAN_POINT('',(-1.28079331941545,0.5,14.7733089770355));
#2692=CARTESIAN_POINT('',(-1.31141266527488,0.5,14.8192379958246));
#2693=CARTESIAN_POINT('',(-1.31906750173974,0.5,14.8435942936674));
#2694=CARTESIAN_POINT('',(-1.31906750173974,0.5,14.8707341684064));
#2695=CARTESIAN_POINT('',(-1.34133611691023,0.5,14.6021189979123));
#2696=CARTESIAN_POINT('',(-1.34133611691023,0.5,14.6021189979123));
#2697=CARTESIAN_POINT('',(-1.30723729993041,0.5,14.6076861517049));
#2698=CARTESIAN_POINT('',(-1.30723729993041,0.5,14.6076861517049));
#2699=CARTESIAN_POINT('',(-1.30723729993041,0.,14.6076861517049));
#2700=CARTESIAN_POINT('',(-1.29737822799037,0.5,14.554077448031));
#2701=CARTESIAN_POINT('',(-1.29737822799037,0.,14.554077448031));
#2702=CARTESIAN_POINT('',(-1.25948731135469,0.5,14.4706635603565));
#2703=CARTESIAN_POINT('',(-1.25948731135469,0.,14.4706635603565));
#2704=CARTESIAN_POINT('',(-1.11816377396766,0.5,14.4147628316771));
#2705=CARTESIAN_POINT('',(-1.11816377396766,-1.0842021724855E-16,14.4147628316771));
#2706=CARTESIAN_POINT('',(-0.930592839410475,0.5,14.4327565632457));
#2707=CARTESIAN_POINT('',(-0.930592839410475,-1.0842021724855E-16,14.4327565632457));
#2708=CARTESIAN_POINT('',(-0.883719886053466,0.5,14.5606336259434));
#2709=CARTESIAN_POINT('',(-0.883719886053466,-1.0842021724855E-16,14.5606336259434));
#2710=CARTESIAN_POINT('',(-0.982561852279023,0.5,14.6569105093806));
#2711=CARTESIAN_POINT('',(-0.982561852279023,1.0842021724855E-16,14.6569105093806));
#2712=CARTESIAN_POINT('',(-1.12214459583831,0.5,14.7025979826653));
#2713=CARTESIAN_POINT('',(-1.12214459583831,-1.0842021724855E-16,14.7025979826653));
#2714=CARTESIAN_POINT('',(-1.26915214891024,0.5,14.7452288503716));
#2715=CARTESIAN_POINT('',(-1.26915214891024,0.,14.7452288503716));
#2716=CARTESIAN_POINT('',(-1.31906750173974,0.5,14.8268740386246));
#2717=CARTESIAN_POINT('',(-1.31906750173974,0.,14.8268740386246));
#2718=CARTESIAN_POINT('',(-1.31906750173974,0.5,14.8707341684064));
#2719=CARTESIAN_POINT('',(-1.31906750173974,0.,14.8707341684064));
#2720=CARTESIAN_POINT('',(-1.31906750173974,0.5,14.8707341684064));
#2721=CARTESIAN_POINT('',(-1.31906750173974,0.5,14.8707341684064));
#2722=CARTESIAN_POINT('',(-1.31906750173974,0.,14.8707341684064));
#2723=CARTESIAN_POINT('',(-1.31906750173974,0.5,15.0270441832951));
#2724=CARTESIAN_POINT('',(-1.31906750173974,0.,15.0270441832951));
#2725=CARTESIAN_POINT('',(-1.13309170512437,0.5,15.069368959684));
#2726=CARTESIAN_POINT('',(-1.13309170512437,0.,15.069368959684));
#2727=CARTESIAN_POINT('',(-0.998260264439805,0.5,15.0356610995129));
#2728=CARTESIAN_POINT('',(-0.998260264439805,0.,15.0356610995129));
#2729=CARTESIAN_POINT('',(-0.998260264439805,0.5,15.0356610995129));
#2730=CARTESIAN_POINT('',(-0.998260264439805,0.5,15.0356610995129));
#2731=CARTESIAN_POINT('',(-0.998260264439805,0.,15.0356610995129));
#2732=CARTESIAN_POINT('',(-0.935107863604731,0.5,15.0112613082811));
#2733=CARTESIAN_POINT('',(-0.935107863604731,0.,15.0112613082811));
#2734=CARTESIAN_POINT('',(-0.910340169470711,0.5,15.0227502149085));
#2735=CARTESIAN_POINT('',(-0.910340169470711,0.,15.0227502149085));
#2736=CARTESIAN_POINT('',(-0.907098121085595,0.5,15.0238308977035));
#2737=CARTESIAN_POINT('',(-0.907098121085595,0.,15.0238308977035));
#2738=CARTESIAN_POINT('',(-0.907098121085595,0.5,15.0238308977035));
#2739=CARTESIAN_POINT('',(-0.907098121085595,0.5,15.0238308977035));
#2740=CARTESIAN_POINT('',(-0.907098121085595,0.,15.0238308977035));
#2741=CARTESIAN_POINT('',(-0.9053583855254,0.5,15.0250139178845));
#2742=CARTESIAN_POINT('',(-0.9053583855254,0.,15.0250139178845));
#2743=CARTESIAN_POINT('',(-0.889700765483646,0.5,15.0356610995129));
#2744=CARTESIAN_POINT('',(-0.889700765483646,0.,15.0356610995129));
#2745=CARTESIAN_POINT('',(-0.8785664578984,0.5,15.0474913013222));
#2746=CARTESIAN_POINT('',(-0.8785664578984,0.,15.0474913013222));
#2747=CARTESIAN_POINT('',(-0.8785664578984,0.5,15.0474913013222));
#2748=CARTESIAN_POINT('',(-0.8785664578984,0.5,15.0474913013222));
#2749=CARTESIAN_POINT('',(-0.855601948503828,0.5,14.858208072373));
#2750=CARTESIAN_POINT('',(-0.855601948503828,0.5,14.858208072373));
#2751=CARTESIAN_POINT('',(-0.889700765483646,0.5,14.8526409185804));
#2752=CARTESIAN_POINT('',(-0.889700765483646,0.5,14.8526409185804));
#2753=CARTESIAN_POINT('',(-0.889700765483646,0.,14.8526409185804));
#2754=CARTESIAN_POINT('',(-0.935150666224329,0.5,14.999320143698));
#2755=CARTESIAN_POINT('',(-0.935150666224329,0.,14.999320143698));
#2756=CARTESIAN_POINT('',(-1.20647269834708,0.5,15.057324747593));
#2757=CARTESIAN_POINT('',(-1.20647269834708,0.,15.057324747593));
#2758=CARTESIAN_POINT('',(-1.2669653281496,0.5,14.8771122359562));
#2759=CARTESIAN_POINT('',(-1.2669653281496,0.,14.8771122359562));
#2760=CARTESIAN_POINT('',(-1.22787819661409,0.5,14.8114240870408));
#2761=CARTESIAN_POINT('',(-1.22787819661409,1.0842021724855E-16,14.8114240870408));
#2762=CARTESIAN_POINT('',(-1.15901183020181,0.5,14.7962734864301));
#2763=CARTESIAN_POINT('',(-1.15901183020181,1.0842021724855E-16,14.7962734864301));
#2764=CARTESIAN_POINT('',(-1.15901183020181,0.5,14.7962734864301));
#2765=CARTESIAN_POINT('',(-0.893352400749285,0.5,15.426084527264));
#2766=CARTESIAN_POINT('',(-1.05601948503827,0.5,14.7621746694502));
#2767=CARTESIAN_POINT('',(-1.05601948503827,0.5,14.7621746694502));
#2768=CARTESIAN_POINT('',(-1.05601948503827,1.0842021724855E-16,14.7621746694502));
#2769=CARTESIAN_POINT('',(-0.994769468024105,0.5,14.7376746626446));
#2770=CARTESIAN_POINT('',(-0.994769468024105,1.0842021724855E-16,14.7376746626446));
#2771=CARTESIAN_POINT('',(-0.862944163130822,0.5,14.7064073212488));
#2772=CARTESIAN_POINT('',(-0.862944163130822,1.0842021724855E-16,14.7064073212488));
#2773=CARTESIAN_POINT('',(-0.821069660793055,0.5,14.4782486108786));
#2774=CARTESIAN_POINT('',(-0.821069660793055,1.0842021724855E-16,14.4782486108786));
#2775=CARTESIAN_POINT('',(-0.965250956142839,0.5,14.3816288819963));
#2776=CARTESIAN_POINT('',(-0.965250956142839,-1.0842021724855E-16,14.3816288819963));
#2777=CARTESIAN_POINT('',(-1.1433120581015,0.5,14.3889803157592));
#2778=CARTESIAN_POINT('',(-1.1433120581015,1.0842021724855E-16,14.3889803157592));
#2779=CARTESIAN_POINT('',(-1.1812804453723,0.5,14.4079645093946));
#2780=CARTESIAN_POINT('',(-1.1812804453723,1.0842021724855E-16,14.4079645093946));
#2781=CARTESIAN_POINT('',(-1.1812804453723,0.5,14.4079645093946));
#2782=CARTESIAN_POINT('',(-1.1812804453723,0.5,14.4079645093946));
#2783=CARTESIAN_POINT('',(-1.1812804453723,0.,14.4079645093946));
#2784=CARTESIAN_POINT('',(-1.24990310464575,0.5,14.4290791737864));
#2785=CARTESIAN_POINT('',(-1.24990310464575,0.,14.4290791737864));
#2786=CARTESIAN_POINT('',(-1.27631985846154,0.5,14.4154204465521));
#2787=CARTESIAN_POINT('',(-1.27631985846154,0.,14.4154204465521));
#2788=CARTESIAN_POINT('',(-1.32463465553236,0.5,14.3912630480167));
#2789=CARTESIAN_POINT('',(-1.32463465553236,0.,14.3912630480167));
#2790=CARTESIAN_POINT('',(-1.32463465553236,0.5,14.3912630480167));
#2791=CARTESIAN_POINT('',(-1.32463465553236,0.5,14.3912630480167));
#2792=CARTESIAN_POINT('',(0.198677800974252,0.5,14.718978563091));
#2793=CARTESIAN_POINT('',(0.186847599164927,0.5,15.0704558107168));
#2794=CARTESIAN_POINT('',(0.186847599164927,0.5,15.0704558107168));
#2795=CARTESIAN_POINT('',(0.198677800974252,0.5,15.0704558107168));
#2796=CARTESIAN_POINT('',(0.0330549756437024,0.5,15.0363569937369));
#2797=CARTESIAN_POINT('',(0.0446532127116677,0.5,15.0363569937369));
#2798=CARTESIAN_POINT('',(0.0562514497796335,0.5,15.0363569937369));
#2799=CARTESIAN_POINT('',(0.0678496868475988,0.5,15.0363569937369));
#2800=CARTESIAN_POINT('',(0.0908141962421708,0.5,15.0363569937369));
#2801=CARTESIAN_POINT('',(0.111691022964509,0.5,15.0377487821851));
#2802=CARTESIAN_POINT('',(0.130480167014614,0.5,15.0419241475296));
#2803=CARTESIAN_POINT('',(0.149121945229032,0.5,15.0460667649106));
#2804=CARTESIAN_POINT('',(0.168058455114822,0.5,15.0551461377871));
#2805=CARTESIAN_POINT('',(0.186847599164927,0.5,15.0704558107168));
#2806=CARTESIAN_POINT('',(0.0330549756437024,0.5,15.0363569937369));
#2807=CARTESIAN_POINT('',(0.0330549756437024,0.5,15.0015622825331));
#2808=CARTESIAN_POINT('',(0.0330549756437024,0.5,15.0015622825331));
#2809=CARTESIAN_POINT('',(0.52018093249826,0.5,14.5165240083507));
#2810=CARTESIAN_POINT('',(0.501391788448156,0.5,14.474770354906));
#2811=CARTESIAN_POINT('',(0.472164231036882,0.5,14.4434551148225));
#2812=CARTESIAN_POINT('',(0.433890048712596,0.5,14.4225782881002));
#2813=CARTESIAN_POINT('',(0.3958596509891,0.5,14.4018344347965));
#2814=CARTESIAN_POINT('',(0.351774530271399,0.5,14.3905671537926));
#2815=CARTESIAN_POINT('',(0.302366040361865,0.5,14.3912630480167));
#2816=CARTESIAN_POINT('',(0.241149293740513,0.5,14.3921252557156));
#2817=CARTESIAN_POINT('',(0.195198329853863,0.5,14.4079645093946));
#2818=CARTESIAN_POINT('',(0.164578983994432,0.5,14.4420633263744));
#2819=CARTESIAN_POINT('',(0.134270279411879,0.5,14.4758162019322));
#2820=CARTESIAN_POINT('',(0.119345859429367,0.5,14.5318336812804));
#2821=CARTESIAN_POINT('',(0.119345859429367,0.5,14.6076861517049));
#2822=CARTESIAN_POINT('',(0.119345859429367,0.5,14.7218128044537));
#2823=CARTESIAN_POINT('',(0.119345859429367,0.5,14.8359394572025));
#2824=CARTESIAN_POINT('',(0.119345859429367,0.5,14.9500661099513));
#2825=CARTESIAN_POINT('',(0.119345859429367,0.5,14.965375782881));
#2826=CARTESIAN_POINT('',(0.115170494084899,0.5,14.9779018789144));
#2827=CARTESIAN_POINT('',(0.107515657620042,0.5,14.9869485038274));
#2828=CARTESIAN_POINT('',(0.099517673313656,0.5,14.9964006670986));
#2829=CARTESIAN_POINT('',(0.0866388308977039,0.5,15.0015622825331));
#2830=CARTESIAN_POINT('',(0.0678496868475988,0.5,15.0015622825331));
#2831=CARTESIAN_POINT('',(0.0562514497796335,0.5,15.0015622825331));
#2832=CARTESIAN_POINT('',(0.0446532127116677,0.5,15.0015622825331));
#2833=CARTESIAN_POINT('',(0.0330549756437024,0.5,15.0015622825331));
#2834=CARTESIAN_POINT('',(0.52018093249826,0.5,14.5165240083507));
#2835=CARTESIAN_POINT('',(0.52018093249826,0.5,14.3968302018093));
#2836=CARTESIAN_POINT('',(0.52018093249826,0.5,14.3968302018093));
#2837=CARTESIAN_POINT('',(0.531315240083507,0.5,14.3968302018093));
#2838=CARTESIAN_POINT('',(0.531315240083508,0.5,14.3968302018093));
#2839=CARTESIAN_POINT('',(0.664466420938155,0.5,14.1601586700996));
#2840=CARTESIAN_POINT('',(0.685107863604732,0.5,14.4309290187891));
#2841=CARTESIAN_POINT('',(0.685107863604732,0.5,14.465723729993));
#2842=CARTESIAN_POINT('',(0.685107863604732,0.5,14.465723729993));
#2843=CARTESIAN_POINT('',(0.599512874043146,0.5,15.0704558107168));
#2844=CARTESIAN_POINT('',(0.599512874043146,0.5,14.8841881234052));
#2845=CARTESIAN_POINT('',(0.599512874043146,0.5,14.6979204360937));
#2846=CARTESIAN_POINT('',(0.599512874043146,0.5,14.5116527487822));
#2847=CARTESIAN_POINT('',(0.599512874043146,0.5,14.4963430758525));
#2848=CARTESIAN_POINT('',(0.604384133611692,0.5,14.4845128740431));
#2849=CARTESIAN_POINT('',(0.614126652748783,0.5,14.4768580375783));
#2850=CARTESIAN_POINT('',(0.6234389029019,0.5,14.4695412696008));
#2851=CARTESIAN_POINT('',(0.635699373695199,0.5,14.465723729993));
#2852=CARTESIAN_POINT('',(0.651009046624912,0.5,14.465723729993));
#2853=CARTESIAN_POINT('',(0.662375318951519,0.5,14.465723729993));
#2854=CARTESIAN_POINT('',(0.673741591278125,0.5,14.465723729993));
#2855=CARTESIAN_POINT('',(0.685107863604732,0.5,14.465723729993));
#2856=CARTESIAN_POINT('',(0.599512874043146,0.5,15.0704558107168));
#2857=CARTESIAN_POINT('',(0.588378566457898,0.5,15.0704558107168));
#2858=CARTESIAN_POINT('',(0.588378566457898,0.5,15.0704558107168));
#2859=CARTESIAN_POINT('',(0.434585942936674,0.5,15.0363569937369));
#2860=CARTESIAN_POINT('',(0.44595221526328,0.5,15.0363569937369));
#2861=CARTESIAN_POINT('',(0.457318487589886,0.5,15.0363569937369));
#2862=CARTESIAN_POINT('',(0.468684759916492,0.5,15.0363569937369));
#2863=CARTESIAN_POINT('',(0.491649269311064,0.5,15.0363569937369));
#2864=CARTESIAN_POINT('',(0.512526096033404,0.5,15.0377487821851));
#2865=CARTESIAN_POINT('',(0.531315240083507,0.5,15.0419241475296));
#2866=CARTESIAN_POINT('',(0.550620164558516,0.5,15.0462141307462));
#2867=CARTESIAN_POINT('',(0.569589422407794,0.5,15.0551461377871));
#2868=CARTESIAN_POINT('',(0.588378566457898,0.5,15.0704558107168));
#2869=CARTESIAN_POINT('',(0.434585942936674,0.5,15.0363569937369));
#2870=CARTESIAN_POINT('',(0.434585942936674,0.5,15.0015622825331));
#2871=CARTESIAN_POINT('',(0.434585942936674,0.5,15.0015622825331));
#2872=CARTESIAN_POINT('',(0.52018093249826,0.5,14.5909846903271));
#2873=CARTESIAN_POINT('',(0.52018093249826,0.5,14.7106784968685));
#2874=CARTESIAN_POINT('',(0.52018093249826,0.5,14.8303723034099));
#2875=CARTESIAN_POINT('',(0.52018093249826,0.5,14.9500661099513));
#2876=CARTESIAN_POINT('',(0.52018093249826,0.5,14.965375782881));
#2877=CARTESIAN_POINT('',(0.51670146137787,0.5,14.9779018789144));
#2878=CARTESIAN_POINT('',(0.509046624913014,0.5,14.9869485038274));
#2879=CARTESIAN_POINT('',(0.501048640606629,0.5,14.9964006670986));
#2880=CARTESIAN_POINT('',(0.488169798190675,0.5,15.0015622825331));
#2881=CARTESIAN_POINT('',(0.468684759916492,0.5,15.0015622825331));
#2882=CARTESIAN_POINT('',(0.457318487589886,0.5,15.0015622825331));
#2883=CARTESIAN_POINT('',(0.44595221526328,0.5,15.0015622825331));
#2884=CARTESIAN_POINT('',(0.434585942936674,0.5,15.0015622825331));
#2885=CARTESIAN_POINT('',(0.52018093249826,0.5,14.5909846903271));
#2886=CARTESIAN_POINT('',(0.340370807240579,0.5,14.6317630946305));
#2887=CARTESIAN_POINT('',(0.33089770354906,0.5,14.447630480167));
#2888=CARTESIAN_POINT('',(0.198677800974252,0.5,15.0704558107168));
#2889=CARTESIAN_POINT('',(0.198677800974252,0.5,14.9124878218511));
#2890=CARTESIAN_POINT('',(0.198677800974252,0.5,14.7545198329854));
#2891=CARTESIAN_POINT('',(0.198677800974252,0.5,14.5965518441197));
#2892=CARTESIAN_POINT('',(0.198677800974252,0.5,14.5429679888657));
#2893=CARTESIAN_POINT('',(0.209812108559499,0.5,14.5046938065414));
#2894=CARTESIAN_POINT('',(0.232776617954071,0.5,14.4824251913709));
#2895=CARTESIAN_POINT('',(0.256088909790965,0.5,14.45981933262));
#2896=CARTESIAN_POINT('',(0.288448155880306,0.5,14.447630480167));
#2897=CARTESIAN_POINT('',(0.33089770354906,0.5,14.447630480167));
#2898=CARTESIAN_POINT('',(0.186847599164927,0.5,15.0704558107168));
#2899=CARTESIAN_POINT('',(0.186847599164927,0.5,15.0704558107168));
#2900=CARTESIAN_POINT('',(0.198677800974252,0.5,15.0704558107168));
#2901=CARTESIAN_POINT('',(0.198677800974252,0.5,15.0704558107168));
#2902=CARTESIAN_POINT('',(0.198677800974252,1.0842021724855E-16,15.0704558107168));
#2903=CARTESIAN_POINT('',(0.198677800974252,0.5,14.9532967281749));
#2904=CARTESIAN_POINT('',(0.198677800974252,1.0842021724855E-16,14.9532967281749));
#2905=CARTESIAN_POINT('',(0.202395943165804,0.5,14.7374935220111));
#2906=CARTESIAN_POINT('',(0.202395943165804,0.,14.7374935220111));
#2907=CARTESIAN_POINT('',(0.191241516591146,0.5,14.447630480167));
#2908=CARTESIAN_POINT('',(0.191241516591146,0.,14.447630480167));
#2909=CARTESIAN_POINT('',(0.33089770354906,0.5,14.447630480167));
#2910=CARTESIAN_POINT('',(0.33089770354906,0.,14.447630480167));
#2911=CARTESIAN_POINT('',(0.33089770354906,0.5,14.447630480167));
#2912=CARTESIAN_POINT('',(0.340370807240579,0.5,14.6317630946305));
#2913=CARTESIAN_POINT('',(0.52018093249826,0.5,14.5909846903271));
#2914=CARTESIAN_POINT('',(0.52018093249826,0.5,14.5909846903271));
#2915=CARTESIAN_POINT('',(0.52018093249826,0.,14.5909846903271));
#2916=CARTESIAN_POINT('',(0.52018093249826,0.5,14.6704630980316));
#2917=CARTESIAN_POINT('',(0.52018093249826,0.,14.6704630980316));
#2918=CARTESIAN_POINT('',(0.514249257567066,0.5,14.7896478824261));
#2919=CARTESIAN_POINT('',(0.514249257567066,1.0842021724855E-16,14.7896478824261));
#2920=CARTESIAN_POINT('',(0.52808983240652,0.5,14.9288116926211));
#2921=CARTESIAN_POINT('',(0.52808983240652,-1.0842021724855E-16,14.9288116926211));
#2922=CARTESIAN_POINT('',(0.506340357658806,0.5,15.0081697340639));
#2923=CARTESIAN_POINT('',(0.506340357658806,0.,15.0081697340639));
#2924=CARTESIAN_POINT('',(0.454480860094131,0.5,15.001562282533));
#2925=CARTESIAN_POINT('',(0.454480860094131,0.,15.001562282533));
#2926=CARTESIAN_POINT('',(0.434585942936674,0.5,15.0015622825331));
#2927=CARTESIAN_POINT('',(0.434585942936674,0.,15.0015622825331));
#2928=CARTESIAN_POINT('',(0.434585942936674,0.5,15.0015622825331));
#2929=CARTESIAN_POINT('',(0.434585942936674,0.5,15.0015622825331));
#2930=CARTESIAN_POINT('',(0.434585942936674,0.5,15.0363569937369));
#2931=CARTESIAN_POINT('',(0.434585942936674,0.5,15.0363569937369));
#2932=CARTESIAN_POINT('',(0.434585942936674,0.,15.0363569937369));
#2933=CARTESIAN_POINT('',(0.48841694096072,0.5,15.036356993737));
#2934=CARTESIAN_POINT('',(0.48841694096072,0.,15.036356993737));
#2935=CARTESIAN_POINT('',(0.541256349976536,0.5,15.0320599306208));
#2936=CARTESIAN_POINT('',(0.541256349976536,0.,15.0320599306208));
#2937=CARTESIAN_POINT('',(0.588378566457898,0.5,15.0704558107168));
#2938=CARTESIAN_POINT('',(0.588378566457898,0.,15.0704558107168));
#2939=CARTESIAN_POINT('',(0.588378566457898,0.5,15.0704558107168));
#2940=CARTESIAN_POINT('',(0.588378566457898,0.5,15.0704558107168));
#2941=CARTESIAN_POINT('',(0.599512874043146,0.5,15.0704558107168));
#2942=CARTESIAN_POINT('',(0.599512874043146,0.5,15.0704558107168));
#2943=CARTESIAN_POINT('',(0.599512874043146,0.,15.0704558107168));
#2944=CARTESIAN_POINT('',(0.599512874043146,0.5,14.9585731600738));
#2945=CARTESIAN_POINT('',(0.599512874043146,0.,14.9585731600738));
#2946=CARTESIAN_POINT('',(0.594401269709349,0.5,14.7839560499858));
#2947=CARTESIAN_POINT('',(0.594401269709349,-1.0842021724855E-16,14.7839560499858));
#2948=CARTESIAN_POINT('',(0.606328346488209,0.5,14.6040120576489));
#2949=CARTESIAN_POINT('',(0.606328346488209,1.0842021724855E-16,14.6040120576489));
#2950=CARTESIAN_POINT('',(0.587585797264286,0.5,14.4672212485529));
#2951=CARTESIAN_POINT('',(0.587585797264286,-1.0842021724855E-16,14.4672212485529));
#2952=CARTESIAN_POINT('',(0.65710875173613,0.5,14.465723729993));
#2953=CARTESIAN_POINT('',(0.65710875173613,0.,14.465723729993));
#2954=CARTESIAN_POINT('',(0.685107863604732,0.5,14.465723729993));
#2955=CARTESIAN_POINT('',(0.685107863604732,0.,14.465723729993));
#2956=CARTESIAN_POINT('',(0.685107863604732,0.5,14.465723729993));
#2957=CARTESIAN_POINT('',(0.685107863604732,0.5,14.465723729993));
#2958=CARTESIAN_POINT('',(0.685107863604732,0.5,14.4309290187891));
#2959=CARTESIAN_POINT('',(0.664466420938155,0.5,14.1601586700996));
#2960=CARTESIAN_POINT('',(0.531315240083508,0.5,14.3968302018093));
#2961=CARTESIAN_POINT('',(0.531315240083507,0.5,14.3968302018093));
#2962=CARTESIAN_POINT('',(0.52018093249826,0.5,14.3968302018093));
#2963=CARTESIAN_POINT('',(0.52018093249826,0.5,14.3968302018093));
#2964=CARTESIAN_POINT('',(0.52018093249826,0.5,14.5165240083507));
#2965=CARTESIAN_POINT('',(0.52018093249826,0.5,14.5165240083507));
#2966=CARTESIAN_POINT('',(0.52018093249826,0.,14.5165240083507));
#2967=CARTESIAN_POINT('',(0.48208285312891,0.5,14.4318616097522));
#2968=CARTESIAN_POINT('',(0.48208285312891,0.,14.4318616097522));
#2969=CARTESIAN_POINT('',(0.356501130180536,0.5,14.3680188201176));
#2970=CARTESIAN_POINT('',(0.356501130180536,-1.0842021724855E-16,14.3680188201176));
#2971=CARTESIAN_POINT('',(0.162673439124145,0.5,14.416382715096));
#2972=CARTESIAN_POINT('',(0.162673439124145,1.0842021724855E-16,14.416382715096));
#2973=CARTESIAN_POINT('',(0.118001455246045,0.5,14.5216874046118));
#2974=CARTESIAN_POINT('',(0.118001455246045,0.,14.5216874046118));
#2975=CARTESIAN_POINT('',(0.120052502818555,0.5,14.6780288621377));
#2976=CARTESIAN_POINT('',(0.120052502818555,1.0842021724855E-16,14.6780288621377));
#2977=CARTESIAN_POINT('',(0.117863690055938,0.5,14.8042979298055));
#2978=CARTESIAN_POINT('',(0.117863690055938,0.,14.8042979298055));
#2979=CARTESIAN_POINT('',(0.123450526287569,0.5,14.9115377278642));
#2980=CARTESIAN_POINT('',(0.123450526287569,1.0842021724855E-16,14.9115377278642));
#2981=CARTESIAN_POINT('',(0.11225389295929,0.5,15.0075283812349));
#2982=CARTESIAN_POINT('',(0.11225389295929,0.,15.0075283812349));
#2983=CARTESIAN_POINT('',(0.0550339487540434,0.5,15.0015622825331));
#2984=CARTESIAN_POINT('',(0.0550339487540434,0.,15.0015622825331));
#2985=CARTESIAN_POINT('',(0.0330549756437024,0.5,15.0015622825331));
#2986=CARTESIAN_POINT('',(0.0330549756437024,0.,15.0015622825331));
#2987=CARTESIAN_POINT('',(0.0330549756437024,0.5,15.0015622825331));
#2988=CARTESIAN_POINT('',(0.0330549756437024,0.5,15.0015622825331));
#2989=CARTESIAN_POINT('',(0.0330549756437024,0.5,15.0363569937369));
#2990=CARTESIAN_POINT('',(0.0330549756437024,0.5,15.0363569937369));
#2991=CARTESIAN_POINT('',(0.0330549756437024,0.,15.0363569937369));
#2992=CARTESIAN_POINT('',(0.086906006921616,0.5,15.0363569937369));
#2993=CARTESIAN_POINT('',(0.086906006921616,0.,15.0363569937369));
#2994=CARTESIAN_POINT('',(0.139237758835381,0.5,15.0316626074853));
#2995=CARTESIAN_POINT('',(0.139237758835381,0.,15.0316626074853));
#2996=CARTESIAN_POINT('',(0.186847599164927,0.5,15.0704558107168));
#2997=CARTESIAN_POINT('',(0.186847599164927,0.,15.0704558107168));
#2998=CARTESIAN_POINT('',(1.30390029477732,0.5,15.0458732146747));
#2999=CARTESIAN_POINT('',(1.00243562978427,0.5,15.0641927627001));
#3000=CARTESIAN_POINT('',(1.00243562978427,0.5,15.0641927627001));
#3001=CARTESIAN_POINT('',(1.01983298538622,0.5,15.0641927627001));
#3002=CARTESIAN_POINT('',(0.807298181633015,0.5,15.6886599338052));
#3003=CARTESIAN_POINT('',(0.78044537230341,0.5,15.0349652052888));
#3004=CARTESIAN_POINT('',(0.78044537230341,0.5,15.000866388309));
#3005=CARTESIAN_POINT('',(0.78044537230341,0.5,15.000866388309));
#3006=CARTESIAN_POINT('',(0.774182324286709,0.5,14.4309290187891));
#3007=CARTESIAN_POINT('',(0.812224541869636,0.5,14.4309290187891));
#3008=CARTESIAN_POINT('',(0.850266759452563,0.5,14.4309290187891));
#3009=CARTESIAN_POINT('',(0.888308977035491,0.5,14.4309290187891));
#3010=CARTESIAN_POINT('',(0.907794015309673,0.5,14.4309290187891));
#3011=CARTESIAN_POINT('',(0.921016005567154,0.5,14.4351043841336));
#3012=CARTESIAN_POINT('',(0.928670842032011,0.5,14.4427592205985));
#3013=CARTESIAN_POINT('',(0.93597773138483,0.5,14.4500661099513));
#3014=CARTESIAN_POINT('',(0.939805149617259,0.5,14.4615483646486));
#3015=CARTESIAN_POINT('',(0.939805149617259,0.5,14.4768580375783));
#3016=CARTESIAN_POINT('',(0.939805149617259,0.5,14.6343620969613));
#3017=CARTESIAN_POINT('',(0.939805149617259,0.5,14.7918661563442));
#3018=CARTESIAN_POINT('',(0.939805149617259,0.5,14.9493702157272));
#3019=CARTESIAN_POINT('',(0.939805149617259,0.5,14.9646798886569));
#3020=CARTESIAN_POINT('',(0.936325678496869,0.5,14.9765100904662));
#3021=CARTESIAN_POINT('',(0.921016005567154,0.5,14.9959951287404));
#3022=CARTESIAN_POINT('',(0.907794015309673,0.5,15.000866388309));
#3023=CARTESIAN_POINT('',(0.888308977035491,0.5,15.000866388309));
#3024=CARTESIAN_POINT('',(0.852354442124797,0.5,15.000866388309));
#3025=CARTESIAN_POINT('',(0.816399907214103,0.5,15.000866388309));
#3026=CARTESIAN_POINT('',(0.78044537230341,0.5,15.000866388309));
#3027=CARTESIAN_POINT('',(0.774182324286709,0.5,14.4309290187891));
#3028=CARTESIAN_POINT('',(0.774182324286709,0.5,14.3968302018093));
#3029=CARTESIAN_POINT('',(0.774182324286709,0.5,14.3968302018093));
#3030=CARTESIAN_POINT('',(1.19659011830202,0.5,14.3968302018093));
#3031=CARTESIAN_POINT('',(1.19659011830202,0.5,14.3968302018093));
#3032=CARTESIAN_POINT('',(1.19659011830202,0.5,14.4309290187891));
#3033=CARTESIAN_POINT('',(1.19659011830202,0.5,14.4309290187891));
#3034=CARTESIAN_POINT('',(1.01983298538622,0.5,14.7851391788448));
#3035=CARTESIAN_POINT('',(1.01983298538622,0.5,14.6823787984226));
#3036=CARTESIAN_POINT('',(1.01983298538622,0.5,14.5796184180005));
#3037=CARTESIAN_POINT('',(1.01983298538622,0.5,14.4768580375783));
#3038=CARTESIAN_POINT('',(1.01983298538622,0.5,14.4615483646486));
#3039=CARTESIAN_POINT('',(1.02400835073069,0.5,14.4504140570633));
#3040=CARTESIAN_POINT('',(1.04349338900487,0.5,14.4351043841336));
#3041=CARTESIAN_POINT('',(1.05601948503827,0.5,14.4309290187891));
#3042=CARTESIAN_POINT('',(1.07063326374391,0.5,14.4309290187891));
#3043=CARTESIAN_POINT('',(1.11261888192995,0.5,14.4309290187891));
#3044=CARTESIAN_POINT('',(1.15460450011598,0.5,14.4309290187891));
#3045=CARTESIAN_POINT('',(1.19659011830202,0.5,14.4309290187891));
#3046=CARTESIAN_POINT('',(1.01983298538622,0.5,14.7851391788448));
#3047=CARTESIAN_POINT('',(1.28288100208768,0.5,14.9904279749478));
#3048=CARTESIAN_POINT('',(1.28135003479471,0.5,14.9915414057063));
#3049=CARTESIAN_POINT('',(1.26757132915797,0.5,15.0015622825331));
#3050=CARTESIAN_POINT('',(1.21816283924843,0.5,15.0015622825331));
#3051=CARTESIAN_POINT('',(1.1812804453723,0.5,14.9827731384829));
#3052=CARTESIAN_POINT('',(1.13674321503132,0.5,14.9444989561587));
#3053=CARTESIAN_POINT('',(1.0926062631262,0.5,14.9065687631152));
#3054=CARTESIAN_POINT('',(1.05393180236604,0.5,14.8533368128044));
#3055=CARTESIAN_POINT('',(1.01983298538622,0.5,14.7851391788448));
#3056=CARTESIAN_POINT('',(1.28288100208768,0.5,14.9904279749478));
#3057=CARTESIAN_POINT('',(1.28914405010438,0.5,14.9612004175365));
#3058=CARTESIAN_POINT('',(1.28914405010438,0.5,14.9730306193459));
#3059=CARTESIAN_POINT('',(1.28350730688935,0.5,14.9886882393876));
#3060=CARTESIAN_POINT('',(1.28288100208768,0.5,14.9904279749478));
#3061=CARTESIAN_POINT('',(1.28914405010438,0.5,14.9612004175365));
#3062=CARTESIAN_POINT('',(1.01983298538622,0.5,14.8589039665971));
#3063=CARTESIAN_POINT('',(1.05741127348643,0.5,14.9194467640919));
#3064=CARTESIAN_POINT('',(1.09846903270703,0.5,14.9660716771051));
#3065=CARTESIAN_POINT('',(1.14231036882394,0.5,14.9987787056367));
#3066=CARTESIAN_POINT('',(1.1862652467631,0.5,15.0315704399723));
#3067=CARTESIAN_POINT('',(1.23138482950591,0.5,15.0474913013222));
#3068=CARTESIAN_POINT('',(1.31558803061935,0.5,15.0474913013222));
#3069=CARTESIAN_POINT('',(1.34481558803062,0.5,15.0384446764092));
#3070=CARTESIAN_POINT('',(1.36569241475296,0.5,15.0217432150313));
#3071=CARTESIAN_POINT('',(1.38690870207241,0.5,15.0047701851758));
#3072=CARTESIAN_POINT('',(1.39700765483646,0.5,14.9841649269311));
#3073=CARTESIAN_POINT('',(1.39700765483646,0.5,14.9424112734864));
#3074=CARTESIAN_POINT('',(1.392832289492,0.5,14.9271016005567));
#3075=CARTESIAN_POINT('',(1.38308977035491,0.5,14.9159672929715));
#3076=CARTESIAN_POINT('',(1.37300238328376,0.5,14.9044388506044));
#3077=CARTESIAN_POINT('',(1.35942936673626,0.5,14.8985699373695));
#3078=CARTESIAN_POINT('',(1.32115518441197,0.5,14.8985699373695));
#3079=CARTESIAN_POINT('',(1.30723729993041,0.5,14.9041370911621));
#3080=CARTESIAN_POINT('',(1.29749478079332,0.5,14.9159672929715));
#3081=CARTESIAN_POINT('',(1.28809375201774,0.5,14.9273828279132));
#3082=CARTESIAN_POINT('',(1.28496868475992,0.5,14.9424112734864));
#3083=CARTESIAN_POINT('',(1.28914405010438,0.5,14.9612004175365));
#3084=CARTESIAN_POINT('',(1.01983298538622,0.5,14.8589039665971));
#3085=CARTESIAN_POINT('',(1.01983298538622,0.5,15.0641927627001));
#3086=CARTESIAN_POINT('',(1.00243562978427,0.5,15.0641927627001));
#3087=CARTESIAN_POINT('',(1.00243562978427,0.5,15.0641927627001));
#3088=CARTESIAN_POINT('',(1.01983298538622,0.5,15.0641927627001));
#3089=CARTESIAN_POINT('',(1.01983298538622,0.5,15.0641927627001));
#3090=CARTESIAN_POINT('',(1.01983298538622,0.5,14.8589039665971));
#3091=CARTESIAN_POINT('',(1.01983298538622,0.5,14.8589039665971));
#3092=CARTESIAN_POINT('',(1.01983298538622,0.,14.8589039665971));
#3093=CARTESIAN_POINT('',(1.05446410305239,0.5,14.9146985450592));
#3094=CARTESIAN_POINT('',(1.05446410305239,0.,14.9146985450592));
#3095=CARTESIAN_POINT('',(1.11100429987396,0.5,15.0010265593638));
#3096=CARTESIAN_POINT('',(1.11100429987396,0.,15.0010265593638));
#3097=CARTESIAN_POINT('',(1.28689290781999,0.5,15.0579362548875));
#3098=CARTESIAN_POINT('',(1.28689290781999,-1.0842021724855E-16,15.0579362548875));
#3099=CARTESIAN_POINT('',(1.37309279028119,0.5,15.0331290733539));
#3100=CARTESIAN_POINT('',(1.37309279028119,2.16840434497101E-16,15.0331290733539));
#3101=CARTESIAN_POINT('',(1.41608251989842,0.5,14.9271651272724));
#3102=CARTESIAN_POINT('',(1.41608251989842,0.,14.9271651272724));
#3103=CARTESIAN_POINT('',(1.32652011093661,0.5,14.8790433680354));
#3104=CARTESIAN_POINT('',(1.32652011093661,0.,14.8790433680354));
#3105=CARTESIAN_POINT('',(1.28160456356049,0.5,14.927272728089));
#3106=CARTESIAN_POINT('',(1.28160456356049,0.,14.927272728089));
#3107=CARTESIAN_POINT('',(1.28914405010438,0.5,14.9612004175365));
#3108=CARTESIAN_POINT('',(1.28914405010438,0.,14.9612004175365));
#3109=CARTESIAN_POINT('',(1.28914405010438,0.5,14.9612004175365));
#3110=CARTESIAN_POINT('',(1.28914405010438,0.5,14.9612004175365));
#3111=CARTESIAN_POINT('',(1.28914405010438,0.,14.9612004175365));
#3112=CARTESIAN_POINT('',(1.28914405010438,0.5,14.9730306193459));
#3113=CARTESIAN_POINT('',(1.28914405010438,0.,14.9730306193459));
#3114=CARTESIAN_POINT('',(1.28350730688935,0.5,14.9886882393876));
#3115=CARTESIAN_POINT('',(1.28350730688935,0.,14.9886882393876));
#3116=CARTESIAN_POINT('',(1.28288100208768,0.5,14.9904279749478));
#3117=CARTESIAN_POINT('',(1.28288100208768,0.,14.9904279749478));
#3118=CARTESIAN_POINT('',(1.28288100208768,0.5,14.9904279749478));
#3119=CARTESIAN_POINT('',(1.28288100208768,0.5,14.9904279749478));
#3120=CARTESIAN_POINT('',(1.28288100208768,0.,14.9904279749478));
#3121=CARTESIAN_POINT('',(1.28066455701488,0.5,14.9920399350008));
#3122=CARTESIAN_POINT('',(1.28066455701488,0.,14.9920399350008));
#3123=CARTESIAN_POINT('',(1.22712656810402,0.5,15.0185212154819));
#3124=CARTESIAN_POINT('',(1.22712656810402,-1.0842021724855E-16,15.0185212154819));
#3125=CARTESIAN_POINT('',(1.07981341467273,0.5,14.901656393702));
#3126=CARTESIAN_POINT('',(1.07981341467273,1.0842021724855E-16,14.901656393702));
#3127=CARTESIAN_POINT('',(1.05106425165017,0.5,14.8476017113727));
#3128=CARTESIAN_POINT('',(1.05106425165017,0.,14.8476017113727));
#3129=CARTESIAN_POINT('',(1.01983298538622,0.5,14.7851391788448));
#3130=CARTESIAN_POINT('',(1.01983298538622,0.,14.7851391788448));
#3131=CARTESIAN_POINT('',(1.01983298538622,0.5,14.7851391788448));
#3132=CARTESIAN_POINT('',(1.01983298538622,0.5,14.7851391788448));
#3133=CARTESIAN_POINT('',(1.01983298538622,1.0842021724855E-16,14.7851391788448));
#3134=CARTESIAN_POINT('',(1.01983298538622,0.5,14.7424769091488));
#3135=CARTESIAN_POINT('',(1.01983298538622,1.0842021724855E-16,14.7424769091488));
#3136=CARTESIAN_POINT('',(1.01759882808853,0.5,14.6554621789052));
#3137=CARTESIAN_POINT('',(1.01759882808853,0.,14.6554621789052));
#3138=CARTESIAN_POINT('',(1.02597691795488,0.5,14.5551447203586));
#3139=CARTESIAN_POINT('',(1.02597691795488,2.16840434497101E-16,14.5551447203586));
#3140=CARTESIAN_POINT('',(1.00922073822217,0.5,14.4571437495797));
#3141=CARTESIAN_POINT('',(1.00922073822217,1.0842021724855E-16,14.4571437495797));
#3142=CARTESIAN_POINT('',(1.08672993926911,0.5,14.4152615442433));
#3143=CARTESIAN_POINT('',(1.08672993926911,2.16840434497101E-16,14.4152615442433));
#3144=CARTESIAN_POINT('',(1.15392784860601,0.5,14.4309290187891));
#3145=CARTESIAN_POINT('',(1.15392784860601,0.,14.4309290187891));
#3146=CARTESIAN_POINT('',(1.19659011830202,0.5,14.4309290187891));
#3147=CARTESIAN_POINT('',(1.19659011830202,0.,14.4309290187891));
#3148=CARTESIAN_POINT('',(1.19659011830202,0.5,14.4309290187891));
#3149=CARTESIAN_POINT('',(1.19659011830202,0.5,14.4309290187891));
#3150=CARTESIAN_POINT('',(1.19659011830202,0.5,14.3968302018093));
#3151=CARTESIAN_POINT('',(1.19659011830202,0.5,14.3968302018093));
#3152=CARTESIAN_POINT('',(0.774182324286709,0.5,14.3968302018093));
#3153=CARTESIAN_POINT('',(0.774182324286709,0.5,14.3968302018093));
#3154=CARTESIAN_POINT('',(0.774182324286709,0.5,14.4309290187891));
#3155=CARTESIAN_POINT('',(0.774182324286709,0.5,14.4309290187891));
#3156=CARTESIAN_POINT('',(0.774182324286709,0.,14.4309290187891));
#3157=CARTESIAN_POINT('',(0.809938850084028,0.5,14.4309290187891));
#3158=CARTESIAN_POINT('',(0.809938850084028,0.,14.4309290187891));
#3159=CARTESIAN_POINT('',(0.859919699652554,0.5,14.4282493745034));
#3160=CARTESIAN_POINT('',(0.859919699652554,1.0842021724855E-16,14.4282493745034));
#3161=CARTESIAN_POINT('',(0.941176588920402,0.5,14.4353950925987));
#3162=CARTESIAN_POINT('',(0.941176588920402,0.,14.4353950925987));
#3163=CARTESIAN_POINT('',(0.939006070845939,0.5,14.5198910534844));
#3164=CARTESIAN_POINT('',(0.939006070845939,0.,14.5198910534844));
#3165=CARTESIAN_POINT('',(0.940139662043422,0.5,14.6030012363908));
#3166=CARTESIAN_POINT('',(0.940139662043422,0.,14.6030012363908));
#3167=CARTESIAN_POINT('',(0.939492896923424,0.5,14.7120344492477));
#3168=CARTESIAN_POINT('',(0.939492896923424,0.,14.7120344492477));
#3169=CARTESIAN_POINT('',(0.940719647966435,0.5,14.8198793177489));
#3170=CARTESIAN_POINT('',(0.940719647966435,0.,14.8198793177489));
#3171=CARTESIAN_POINT('',(0.937169448756398,0.5,14.9059603615446));
#3172=CARTESIAN_POINT('',(0.937169448756398,0.,14.9059603615446));
#3173=CARTESIAN_POINT('',(0.944366511496974,0.5,14.9845146006517));
#3174=CARTESIAN_POINT('',(0.944366511496974,0.,14.9845146006517));
#3175=CARTESIAN_POINT('',(0.868053337952036,0.5,15.0106774609033));
#3176=CARTESIAN_POINT('',(0.868053337952036,1.0842021724855E-16,15.0106774609033));
#3177=CARTESIAN_POINT('',(0.816207035604326,0.5,15.000866388309));
#3178=CARTESIAN_POINT('',(0.816207035604326,0.,15.000866388309));
#3179=CARTESIAN_POINT('',(0.78044537230341,0.5,15.000866388309));
#3180=CARTESIAN_POINT('',(0.78044537230341,0.,15.000866388309));
#3181=CARTESIAN_POINT('',(0.78044537230341,0.5,15.000866388309));
#3182=CARTESIAN_POINT('',(0.78044537230341,0.5,15.000866388309));
#3183=CARTESIAN_POINT('',(0.78044537230341,0.5,15.0349652052888));
#3184=CARTESIAN_POINT('',(0.807298181633015,0.5,15.6886599338052));
#3185=CARTESIAN_POINT('',(1.54781508184779,0.5,14.7644126246335));
#3186=CARTESIAN_POINT('',(2.06993736951983,0.5,14.6021189979123));
#3187=CARTESIAN_POINT('',(2.06993736951983,0.5,14.6021189979123));
#3188=CARTESIAN_POINT('',(2.09846903270703,0.5,14.5909846903271));
#3189=CARTESIAN_POINT('',(1.95581071677105,0.5,14.9048329853862));
#3190=CARTESIAN_POINT('',(1.95581071677105,0.5,14.9083124565066));
#3191=CARTESIAN_POINT('',(1.95789839944328,0.5,14.9159672929715));
#3192=CARTESIAN_POINT('',(1.96137787056367,0.5,14.9271016005567));
#3193=CARTESIAN_POINT('',(1.96610797009388,0.5,14.9422379190534));
#3194=CARTESIAN_POINT('',(1.95789839944328,0.5,14.9605045233125));
#3195=CARTESIAN_POINT('',(1.9384133611691,0.5,14.9813813500348));
#3196=CARTESIAN_POINT('',(1.91925230215364,0.5,15.0019110561228));
#3197=CARTESIAN_POINT('',(1.88761308281141,0.5,15.0126965901183));
#3198=CARTESIAN_POINT('',(1.78462073764788,0.5,15.0126965901183));
#3199=CARTESIAN_POINT('',(1.7366040361865,0.5,14.9848608211552));
#3200=CARTESIAN_POINT('',(1.69624217118998,0.5,14.929885177453));
#3201=CARTESIAN_POINT('',(1.65612403218719,0.5,14.875241505363));
#3202=CARTESIAN_POINT('',(1.63639526791928,0.5,14.8018406402227));
#3203=CARTESIAN_POINT('',(1.63639526791928,0.5,14.626475295755));
#3204=CARTESIAN_POINT('',(1.65379262352122,0.5,14.5596694502436));
#3205=CARTESIAN_POINT('',(1.72199025748086,0.5,14.45667710508));
#3206=CARTESIAN_POINT('',(1.77905358385525,0.5,14.4309290187891));
#3207=CARTESIAN_POINT('',(1.91266527487822,0.5,14.4309290187891));
#3208=CARTESIAN_POINT('',(1.95720250521921,0.5,14.4483263743911));
#3209=CARTESIAN_POINT('',(1.99338900487126,0.5,14.4824251913709));
#3210=CARTESIAN_POINT('',(2.02920690550629,0.5,14.5161766746616));
#3211=CARTESIAN_POINT('',(2.05462769659012,0.5,14.5561899791232));
#3212=CARTESIAN_POINT('',(2.06993736951983,0.5,14.6021189979123));
#3213=CARTESIAN_POINT('',(1.95581071677105,0.5,14.9048329853862));
#3214=CARTESIAN_POINT('',(1.95024356297843,0.5,14.8818684759916));
#3215=CARTESIAN_POINT('',(1.95024356297843,0.5,14.8930027835769));
#3216=CARTESIAN_POINT('',(1.95163535142658,0.5,14.9006576200417));
#3217=CARTESIAN_POINT('',(1.95581071677105,0.5,14.9048329853862));
#3218=CARTESIAN_POINT('',(1.95024356297843,0.5,14.8818684759916));
#3219=CARTESIAN_POINT('',(2.09846903270703,0.5,14.5909846903271));
#3220=CARTESIAN_POINT('',(2.08315935977731,0.5,14.5339213639527));
#3221=CARTESIAN_POINT('',(2.05462769659012,0.5,14.4852087682672));
#3222=CARTESIAN_POINT('',(2.01287404314544,0.5,14.4448469032707));
#3223=CARTESIAN_POINT('',(1.97146813695806,0.5,14.4048211939562));
#3224=CARTESIAN_POINT('',(1.91405706332637,0.5,14.385));
#3225=CARTESIAN_POINT('',(1.75052192066806,0.5,14.385));
#3226=CARTESIAN_POINT('',(1.67814892136395,0.5,14.4135316631872));
#3227=CARTESIAN_POINT('',(1.62526096033403,0.5,14.4705949895616));
#3228=CARTESIAN_POINT('',(1.57205144050104,0.5,14.5280052609603));
#3229=CARTESIAN_POINT('',(1.54523312456507,0.5,14.6097738343772));
#3230=CARTESIAN_POINT('',(1.54523312456507,0.5,14.8115831593598));
#3231=CARTESIAN_POINT('',(1.57376478775226,0.5,14.8902192066806));
#3232=CARTESIAN_POINT('',(1.63082811412665,0.5,14.9528496868476));
#3233=CARTESIAN_POINT('',(1.68823788541292,0.5,15.0158604114301));
#3234=CARTESIAN_POINT('',(1.76165622825331,0.5,15.0474913013222));
#3235=CARTESIAN_POINT('',(1.91753653444676,0.5,15.0474913013222));
#3236=CARTESIAN_POINT('',(1.96833681280445,0.5,15.0300939457202));
#3237=CARTESIAN_POINT('',(2.04070981210856,0.5,14.9618963117606));
#3238=CARTESIAN_POINT('',(2.05810716771051,0.5,14.9271016005567));
#3239=CARTESIAN_POINT('',(2.05810716771051,0.5,14.8700382741823));
#3240=CARTESIAN_POINT('',(2.05393180236604,0.5,14.8540327070285));
#3241=CARTESIAN_POINT('',(2.04418928322895,0.5,14.8449860821155));
#3242=CARTESIAN_POINT('',(2.03409977025958,0.5,14.835617248644));
#3243=CARTESIAN_POINT('',(2.0205288796103,0.5,14.8303723034099));
#3244=CARTESIAN_POINT('',(1.98643006263048,0.5,14.8303723034099));
#3245=CARTESIAN_POINT('',(1.97390396659708,0.5,14.8352435629784));
#3246=CARTESIAN_POINT('',(1.96416144745999,0.5,14.8449860821155));
#3247=CARTESIAN_POINT('',(1.95476687543493,0.5,14.8543806541406));
#3248=CARTESIAN_POINT('',(1.95024356297843,0.5,14.8665588030619));
#3249=CARTESIAN_POINT('',(1.95024356297843,0.5,14.8818684759916));
#3250=CARTESIAN_POINT('',(2.06993736951983,0.5,14.6021189979123));
#3251=CARTESIAN_POINT('',(2.06993736951983,0.5,14.6021189979123));
#3252=CARTESIAN_POINT('',(2.09846903270703,0.5,14.5909846903271));
#3253=CARTESIAN_POINT('',(2.09846903270703,0.5,14.5909846903271));
#3254=CARTESIAN_POINT('',(2.09846903270703,0.,14.5909846903271));
#3255=CARTESIAN_POINT('',(2.07802977097237,0.5,14.5148019874979));
#3256=CARTESIAN_POINT('',(2.07802977097237,0.,14.5148019874979));
#3257=CARTESIAN_POINT('',(1.99655783843546,0.5,14.3816909526021));
#3258=CARTESIAN_POINT('',(1.99655783843546,0.,14.3816909526021));
#3259=CARTESIAN_POINT('',(1.71843191424541,0.5,14.3750532833448));
#3260=CARTESIAN_POINT('',(1.71843191424541,0.,14.3750532833448));
#3261=CARTESIAN_POINT('',(1.56075289794437,0.5,14.5154917013395));
#3262=CARTESIAN_POINT('',(1.56075289794437,0.,14.5154917013395));
#3263=CARTESIAN_POINT('',(1.52930358395225,0.5,14.7683900466189));
#3264=CARTESIAN_POINT('',(1.52930358395225,-1.0842021724855E-16,14.7683900466189));
#3265=CARTESIAN_POINT('',(1.60892325733338,0.5,14.9974238599862));
#3266=CARTESIAN_POINT('',(1.60892325733338,1.0842021724855E-16,14.9974238599862));
#3267=CARTESIAN_POINT('',(1.95292477613763,0.5,15.0912916576707));
#3268=CARTESIAN_POINT('',(1.95292477613763,0.,15.0912916576707));
#3269=CARTESIAN_POINT('',(2.0670919672148,0.5,14.9155252290425));
#3270=CARTESIAN_POINT('',(2.0670919672148,0.,14.9155252290425));
#3271=CARTESIAN_POINT('',(2.06280640828621,0.5,14.8227569518125));
#3272=CARTESIAN_POINT('',(2.06280640828621,0.,14.8227569518125));
#3273=CARTESIAN_POINT('',(1.95024356297843,0.5,14.8386159178087));
#3274=CARTESIAN_POINT('',(1.95024356297843,0.,14.8386159178087));
#3275=CARTESIAN_POINT('',(1.95024356297843,0.5,14.8818684759916));
#3276=CARTESIAN_POINT('',(1.95024356297843,0.,14.8818684759916));
#3277=CARTESIAN_POINT('',(1.95024356297843,0.5,14.8818684759916));
#3278=CARTESIAN_POINT('',(1.95024356297843,0.5,14.8818684759916));
#3279=CARTESIAN_POINT('',(1.95024356297843,1.0842021724855E-16,14.8818684759916));
#3280=CARTESIAN_POINT('',(1.95024356297843,0.5,14.8930027835769));
#3281=CARTESIAN_POINT('',(1.95024356297843,1.0842021724855E-16,14.8930027835769));
#3282=CARTESIAN_POINT('',(1.95163535142658,0.5,14.9006576200418));
#3283=CARTESIAN_POINT('',(1.95163535142658,1.0842021724855E-16,14.9006576200418));
#3284=CARTESIAN_POINT('',(1.95581071677105,0.5,14.9048329853862));
#3285=CARTESIAN_POINT('',(1.95581071677105,1.0842021724855E-16,14.9048329853862));
#3286=CARTESIAN_POINT('',(1.95581071677105,0.5,14.9048329853862));
#3287=CARTESIAN_POINT('',(1.95581071677105,0.5,14.9048329853862));
#3288=CARTESIAN_POINT('',(1.95581071677105,1.0842021724855E-16,14.9048329853862));
#3289=CARTESIAN_POINT('',(1.95581071677105,0.5,14.9170640551427));
#3290=CARTESIAN_POINT('',(1.95581071677105,1.0842021724855E-16,14.9170640551427));
#3291=CARTESIAN_POINT('',(1.9499414787676,0.5,14.9938520708787));
#3292=CARTESIAN_POINT('',(1.9499414787676,-1.0842021724855E-16,14.9938520708787));
#3293=CARTESIAN_POINT('',(1.87346036214999,0.5,15.017371121312));
#3294=CARTESIAN_POINT('',(1.87346036214999,2.16840434497101E-16,15.017371121312));
#3295=CARTESIAN_POINT('',(1.74105585467721,0.5,15.0000581423747));
#3296=CARTESIAN_POINT('',(1.74105585467721,-1.0842021724855E-16,15.0000581423747));
#3297=CARTESIAN_POINT('',(1.67208011706704,0.5,14.8967435503911));
#3298=CARTESIAN_POINT('',(1.67208011706704,1.0842021724855E-16,14.8967435503911));
#3299=CARTESIAN_POINT('',(1.63865061504747,0.5,14.8074685031822));
#3300=CARTESIAN_POINT('',(1.63865061504747,-1.0842021724855E-16,14.8074685031822));
#3301=CARTESIAN_POINT('',(1.62568284023406,0.5,14.5694700879479));
#3302=CARTESIAN_POINT('',(1.62568284023406,1.0842021724855E-16,14.5694700879479));
#3303=CARTESIAN_POINT('',(1.74023846761739,0.5,14.4043383583281));
#3304=CARTESIAN_POINT('',(1.74023846761739,-1.0842021724855E-16,14.4043383583281));
#3305=CARTESIAN_POINT('',(1.99716304048692,0.5,14.4510369048145));
#3306=CARTESIAN_POINT('',(1.99716304048692,2.16840434497101E-16,14.4510369048145));
#3307=CARTESIAN_POINT('',(2.05269134095644,0.5,14.5503809122221));
#3308=CARTESIAN_POINT('',(2.05269134095644,0.,14.5503809122221));
#3309=CARTESIAN_POINT('',(2.06993736951983,0.5,14.6021189979123));
#3310=CARTESIAN_POINT('',(2.06993736951983,0.,14.6021189979123));
#3311=CARTESIAN_POINT('',(2.28606152556184,0.5,14.785002524414));
#3312=CARTESIAN_POINT('',(2.37265135699374,0.5,14.751040361865));
#3313=CARTESIAN_POINT('',(2.37265135699374,0.5,14.751040361865));
#3314=CARTESIAN_POINT('',(2.73729993041058,0.5,14.751040361865));
#3315=CARTESIAN_POINT('',(2.73729993041058,0.5,14.751040361865));
#3316=CARTESIAN_POINT('',(2.74077940153097,0.5,14.8345476687543));
#3317=CARTESIAN_POINT('',(2.72686151704941,0.5,14.8978740431454));
#3318=CARTESIAN_POINT('',(2.69485038274182,0.5,14.9417153792623));
#3319=CARTESIAN_POINT('',(2.6625972579366,0.5,14.9858881371478));
#3320=CARTESIAN_POINT('',(2.61969380654141,0.5,15.0071294363257));
#3321=CARTESIAN_POINT('',(2.50904662491301,0.5,15.0071294363257));
#3322=CARTESIAN_POINT('',(2.46311760612387,0.5,14.9841649269311));
#3323=CARTESIAN_POINT('',(2.42693110647182,0.5,14.938931802366));
#3324=CARTESIAN_POINT('',(2.39040514622265,0.5,14.8932743520546));
#3325=CARTESIAN_POINT('',(2.37265135699374,0.5,14.8303723034099));
#3326=CARTESIAN_POINT('',(2.37265135699374,0.5,14.751040361865));
#3327=CARTESIAN_POINT('',(2.81802366040362,0.5,14.5680201809325));
#3328=CARTESIAN_POINT('',(2.80619345859429,0.5,14.5262665274878));
#3329=CARTESIAN_POINT('',(2.78044537230341,0.5,14.4852087682672));
#3330=CARTESIAN_POINT('',(2.70041753653445,0.5,14.4051809324983));
#3331=CARTESIAN_POINT('',(2.64613778705637,0.5,14.385));
#3332=CARTESIAN_POINT('',(2.49025748086291,0.5,14.385));
#3333=CARTESIAN_POINT('',(2.41927627000696,0.5,14.4135316631872));
#3334=CARTESIAN_POINT('',(2.36360473208072,0.5,14.4705949895616));
#3335=CARTESIAN_POINT('',(2.30827255128906,0.5,14.527310474873));
#3336=CARTESIAN_POINT('',(2.28079331941545,0.5,14.6097738343772));
#3337=CARTESIAN_POINT('',(2.28079331941545,0.5,14.8115831593598));
#3338=CARTESIAN_POINT('',(2.30862908837857,0.5,14.8902192066806));
#3339=CARTESIAN_POINT('',(2.36360473208072,0.5,14.9528496868476));
#3340=CARTESIAN_POINT('',(2.41892538714424,0.5,15.0158732179326));
#3341=CARTESIAN_POINT('',(2.48608211551844,0.5,15.0474913013222));
#3342=CARTESIAN_POINT('',(2.63848295059151,0.5,15.0474913013222));
#3343=CARTESIAN_POINT('',(2.70111343075853,0.5,15.0224391092554));
#3344=CARTESIAN_POINT('',(2.80828114126653,0.5,14.9236221294363));
#3345=CARTESIAN_POINT('',(2.83472512178149,0.5,14.8380271398747));
#3346=CARTESIAN_POINT('',(2.83472512178149,0.5,14.7162456506611));
#3347=CARTESIAN_POINT('',(2.81802366040362,0.5,14.5680201809325));
#3348=CARTESIAN_POINT('',(2.83472512178149,0.5,14.7162456506611));
#3349=CARTESIAN_POINT('',(2.78949199721642,0.5,14.5791544885177));
#3350=CARTESIAN_POINT('',(2.78949199721642,0.5,14.5791544885177));
#3351=CARTESIAN_POINT('',(2.37265135699374,0.5,14.7162456506611));
#3352=CARTESIAN_POINT('',(2.37265135699374,0.5,14.6139491997216));
#3353=CARTESIAN_POINT('',(2.392832289492,0.5,14.5401844119694));
#3354=CARTESIAN_POINT('',(2.43249826026444,0.5,14.4963430758525));
#3355=CARTESIAN_POINT('',(2.47181801932191,0.5,14.4528843947889));
#3356=CARTESIAN_POINT('',(2.52505219206681,0.5,14.4309290187891));
#3357=CARTESIAN_POINT('',(2.63917884481559,0.5,14.4309290187891));
#3358=CARTESIAN_POINT('',(2.68093249826026,0.5,14.4455427974948));
#3359=CARTESIAN_POINT('',(2.7491301322199,0.5,14.5026061238692));
#3360=CARTESIAN_POINT('',(2.77418232428671,0.5,14.5374008350731));
#3361=CARTESIAN_POINT('',(2.78949199721642,0.5,14.5791544885177));
#3362=CARTESIAN_POINT('',(2.37265135699374,0.5,14.7162456506611));
#3363=CARTESIAN_POINT('',(2.83472512178149,0.5,14.7162456506611));
#3364=CARTESIAN_POINT('',(2.83472512178149,0.5,14.7162456506611));
#3365=CARTESIAN_POINT('',(2.83472512178149,0.5,14.7162456506611));
#3366=CARTESIAN_POINT('',(2.37265135699374,0.5,14.7162456506611));
#3367=CARTESIAN_POINT('',(2.37265135699374,0.5,14.7162456506611));
#3368=CARTESIAN_POINT('',(2.37265135699374,1.0842021724855E-16,14.7162456506611));
#3369=CARTESIAN_POINT('',(2.37265135699374,0.5,14.6421893589722));
#3370=CARTESIAN_POINT('',(2.37265135699374,1.0842021724855E-16,14.6421893589722));
#3371=CARTESIAN_POINT('',(2.38940395053694,0.5,14.5290190311751));
#3372=CARTESIAN_POINT('',(2.38940395053694,0.,14.5290190311751));
#3373=CARTESIAN_POINT('',(2.50281101759095,0.5,14.4219332805424));
#3374=CARTESIAN_POINT('',(2.50281101759095,1.0842021724855E-16,14.4219332805424));
#3375=CARTESIAN_POINT('',(2.70301698731339,0.5,14.4328336589245));
#3376=CARTESIAN_POINT('',(2.70301698731339,0.,14.4328336589245));
#3377=CARTESIAN_POINT('',(2.77014136022107,0.5,14.526380023985));
#3378=CARTESIAN_POINT('',(2.77014136022107,0.,14.526380023985));
#3379=CARTESIAN_POINT('',(2.78949199721642,0.5,14.5791544885177));
#3380=CARTESIAN_POINT('',(2.78949199721642,0.,14.5791544885177));
#3381=CARTESIAN_POINT('',(2.78949199721642,0.5,14.5791544885177));
#3382=CARTESIAN_POINT('',(2.78949199721642,0.5,14.5791544885177));
#3383=CARTESIAN_POINT('',(2.81802366040362,0.5,14.5680201809325));
#3384=CARTESIAN_POINT('',(2.81802366040362,0.5,14.5680201809325));
#3385=CARTESIAN_POINT('',(2.81802366040362,0.,14.5680201809325));
#3386=CARTESIAN_POINT('',(2.80228125763453,0.5,14.5124587593945));
#3387=CARTESIAN_POINT('',(2.80228125763453,0.,14.5124587593945));
#3388=CARTESIAN_POINT('',(2.72628501206561,0.5,14.3791810884018));
#3389=CARTESIAN_POINT('',(2.72628501206561,1.0842021724855E-16,14.3791810884018));
#3390=CARTESIAN_POINT('',(2.43668368177969,0.5,14.3796896753529));
#3391=CARTESIAN_POINT('',(2.43668368177969,-1.0842021724855E-16,14.3796896753529));
#3392=CARTESIAN_POINT('',(2.28970335292478,0.5,14.5364461792525));
#3393=CARTESIAN_POINT('',(2.28970335292478,1.0842021724855E-16,14.5364461792525));
#3394=CARTESIAN_POINT('',(2.26263085848853,0.5,14.7921127854912));
#3395=CARTESIAN_POINT('',(2.26263085848853,-1.0842021724855E-16,14.7921127854912));
#3396=CARTESIAN_POINT('',(2.37614236649215,0.5,15.0051178252666));
#3397=CARTESIAN_POINT('',(2.37614236649215,1.0842021724855E-16,15.0051178252666));
#3398=CARTESIAN_POINT('',(2.64425123198805,0.5,15.0912867170847));
#3399=CARTESIAN_POINT('',(2.64425123198805,-1.0842021724855E-16,15.0912867170847));
#3400=CARTESIAN_POINT('',(2.83472512178149,0.5,14.9542011556759));
#3401=CARTESIAN_POINT('',(2.83472512178149,0.,14.9542011556759));
#3402=CARTESIAN_POINT('',(2.83472512178149,0.5,14.7162456506611));
#3403=CARTESIAN_POINT('',(2.83472512178149,0.,14.7162456506611));
#3404=CARTESIAN_POINT('',(2.73729993041058,0.5,14.751040361865));
#3405=CARTESIAN_POINT('',(2.73729993041058,0.,14.751040361865));
#3406=CARTESIAN_POINT('',(2.74040173807229,0.5,14.825483745746));
#3407=CARTESIAN_POINT('',(2.74040173807229,0.,14.825483745746));
#3408=CARTESIAN_POINT('',(2.73054124690854,0.5,14.9368600353436));
#3409=CARTESIAN_POINT('',(2.73054124690854,1.0842021724855E-16,14.9368600353436));
#3410=CARTESIAN_POINT('',(2.5603149031491,0.5,15.0432651510525));
#3411=CARTESIAN_POINT('',(2.5603149031491,-1.0842021724855E-16,15.0432651510525));
#3412=CARTESIAN_POINT('',(2.39255251752946,0.5,14.9324420929772));
#3413=CARTESIAN_POINT('',(2.39255251752946,1.0842021724855E-16,14.9324420929772));
#3414=CARTESIAN_POINT('',(2.37265135699374,0.5,14.8216294777279));
#3415=CARTESIAN_POINT('',(2.37265135699374,0.,14.8216294777279));
#3416=CARTESIAN_POINT('',(2.37265135699374,0.5,14.751040361865));
#3417=CARTESIAN_POINT('',(2.37265135699374,0.,14.751040361865));
#3418=CARTESIAN_POINT('',(2.73729993041058,0.,14.751040361865));
#3419=CARTESIAN_POINT('',(2.74077940153097,0.,14.8345476687543));
#3420=CARTESIAN_POINT('',(2.72686151704941,0.,14.8978740431454));
#3421=CARTESIAN_POINT('',(2.69485038274182,0.,14.9417153792623));
#3422=CARTESIAN_POINT('',(2.6625972579366,0.,14.9858881371478));
#3423=CARTESIAN_POINT('',(2.61969380654141,0.,15.0071294363257));
#3424=CARTESIAN_POINT('',(2.50904662491301,0.,15.0071294363257));
#3425=CARTESIAN_POINT('',(2.46311760612387,0.,14.9841649269311));
#3426=CARTESIAN_POINT('',(2.42693110647182,0.,14.938931802366));
#3427=CARTESIAN_POINT('',(2.39040514622265,0.,14.8932743520546));
#3428=CARTESIAN_POINT('',(2.37265135699374,0.,14.8303723034099));
#3429=CARTESIAN_POINT('',(2.37265135699374,0.,14.751040361865));
#3430=CARTESIAN_POINT('',(2.73729993041058,0.,14.751040361865));
#3431=CARTESIAN_POINT('',(2.37265135699374,0.,14.751040361865));
#3432=CARTESIAN_POINT('',(2.73729993041058,0.5,14.751040361865));
#3433=CARTESIAN_POINT('',(2.37265135699374,0.5,14.751040361865));
#3434=CARTESIAN_POINT('',(2.37265135699374,0.5,14.751040361865));
#3435=CARTESIAN_POINT('',(2.37265135699374,0.,14.751040361865));
#3436=CARTESIAN_POINT('',(0.,0.,0.));
#3437=CARTESIAN_POINT('',(-0.662728334517173,0.5,14.7062594462839));
#3438=CARTESIAN_POINT('',(-0.57098121085595,0.5,14.7106784968685));
#3439=CARTESIAN_POINT('',(-0.57098121085595,0.5,14.6118615170494));
#3440=CARTESIAN_POINT('',(-0.550800278357689,0.5,14.5387926235212));
#3441=CARTESIAN_POINT('',(-0.511134307585247,0.5,14.4907759220598));
#3442=CARTESIAN_POINT('',(-0.471527761488119,0.5,14.4428311557317));
#3443=CARTESIAN_POINT('',(-0.422755741127348,0.5,14.4197947112039));
#3444=CARTESIAN_POINT('',(-0.300278357689632,0.5,14.4197947112039));
#3445=CARTESIAN_POINT('',(-0.250173973556019,0.5,14.4455427974948));
#3446=CARTESIAN_POINT('',(-0.213987473903966,0.5,14.4970389700765));
#3447=CARTESIAN_POINT('',(-0.178128333784218,0.5,14.5480692848623));
#3448=CARTESIAN_POINT('',(-0.159707724425887,0.5,14.6195163535143));
#3449=CARTESIAN_POINT('',(-0.159707724425887,0.5,14.8094954766875));
#3450=CARTESIAN_POINT('',(-0.179888656924147,0.5,14.884652052888));
#3451=CARTESIAN_POINT('',(-0.21955462769659,0.5,14.9354523312456));
#3452=CARTESIAN_POINT('',(-0.259821738151991,0.5,14.9870224902499));
#3453=CARTESIAN_POINT('',(-0.307933194154488,0.5,15.0126965901183));
#3454=CARTESIAN_POINT('',(-0.418580375782881,0.5,15.0126965901183));
#3455=CARTESIAN_POINT('',(-0.466597077244259,0.5,14.9869485038274));
#3456=CARTESIAN_POINT('',(-0.508350730688935,0.5,14.9354523312456));
#3457=CARTESIAN_POINT('',(-0.549763951084371,0.5,14.8843760260913));
#3458=CARTESIAN_POINT('',(-0.57098121085595,0.5,14.8094954766875));
#3459=CARTESIAN_POINT('',(-0.57098121085595,0.5,14.7106784968685));
#3460=CARTESIAN_POINT('',(-0.57098121085595,0.5,14.7106784968685));
#3461=CARTESIAN_POINT('',(-0.0678496868475988,0.5,14.7162456506611));
#3462=CARTESIAN_POINT('',(-0.0678496868475988,0.5,14.6209081419624));
#3463=CARTESIAN_POINT('',(-0.096381350034795,0.5,14.5422720946416));
#3464=CARTESIAN_POINT('',(-0.154140570633264,0.5,14.4796416144746));
#3465=CARTESIAN_POINT('',(-0.211926765315674,0.5,14.4169818853009));
#3466=CARTESIAN_POINT('',(-0.281489213639526,0.5,14.385));
#3467=CARTESIAN_POINT('',(-0.453375086986778,0.5,14.385));
#3468=CARTESIAN_POINT('',(-0.524356297842728,0.5,14.4177070285317));
#3469=CARTESIAN_POINT('',(-0.580027835768963,0.5,14.4824251913709));
#3470=CARTESIAN_POINT('',(-0.635403425590068,0.5,14.5467993145379));
#3471=CARTESIAN_POINT('',(-0.662839248434238,0.5,14.6250835073069));
#3472=CARTESIAN_POINT('',(-0.662839248434238,0.5,14.7997529575504));
#3473=CARTESIAN_POINT('',(-0.63500347947112,0.5,14.876301322199));
#3474=CARTESIAN_POINT('',(-0.580027835768963,0.5,14.9444989561587));
#3475=CARTESIAN_POINT('',(-0.524438074746813,0.5,15.0134584065406));
#3476=CARTESIAN_POINT('',(-0.453375086986778,0.5,15.0474913013222));
#3477=CARTESIAN_POINT('',(-0.27383437717467,0.5,15.0474913013222));
#3478=CARTESIAN_POINT('',(-0.201461377870564,0.5,15.0133924843424));
#3479=CARTESIAN_POINT('',(-0.147877522616562,0.5,14.9444989561587));
#3480=CARTESIAN_POINT('',(-0.0948932070017664,0.5,14.8763762646539));
#3481=CARTESIAN_POINT('',(-0.0678496868475988,0.5,14.7997529575504));
#3482=CARTESIAN_POINT('',(-0.0678496868475988,0.5,14.7162456506611));
#3483=CARTESIAN_POINT('',(-0.0678496868475988,0.5,14.7162456506611));
#3484=CARTESIAN_POINT('',(-0.131378679209414,0.5,14.9862521278248));
#3485=CARTESIAN_POINT('',(-0.131378679209414,2.16840434497101E-16,14.9862521278248));
#3486=CARTESIAN_POINT('',(-0.0390259868545626,0.5,14.7249345186779));
#3487=CARTESIAN_POINT('',(-0.0390259868545626,-2.16840434497101E-16,14.7249345186779));
#3488=CARTESIAN_POINT('',(-0.116845914576227,0.5,14.4716702017739));
#3489=CARTESIAN_POINT('',(-0.116845914576227,0.,14.4716702017739));
#3490=CARTESIAN_POINT('',(-0.35002474644136,0.5,14.3500108465289));
#3491=CARTESIAN_POINT('',(-0.35002474644136,0.,14.3500108465289));
#3492=CARTESIAN_POINT('',(-0.673620259482947,0.5,14.4764213500283));
#3493=CARTESIAN_POINT('',(-0.673620259482947,0.,14.4764213500283));
#3494=CARTESIAN_POINT('',(-0.705518883634722,0.5,14.8903747752317));
#3495=CARTESIAN_POINT('',(-0.705518883634722,-1.0842021724855E-16,14.8903747752317));
#3496=CARTESIAN_POINT('',(-0.389906373344658,0.5,15.0877546328095));
#3497=CARTESIAN_POINT('',(-0.389906373344658,0.,15.0877546328095));
#3498=CARTESIAN_POINT('',(-0.131378679209414,0.5,14.9862521278248));
#3499=CARTESIAN_POINT('',(-0.131378679209414,2.16840434497101E-16,14.9862521278248));
#3500=CARTESIAN_POINT('',(-0.0390259868545626,0.5,14.7249345186779));
#3501=CARTESIAN_POINT('',(-0.0390259868545626,-2.16840434497101E-16,14.7249345186779));
#3502=CARTESIAN_POINT('',(-0.116845914576227,0.5,14.4716702017739));
#3503=CARTESIAN_POINT('',(-0.116845914576227,0.,14.4716702017739));
#3504=CARTESIAN_POINT('',(-0.542916755859244,0.5,14.9519192486182));
#3505=CARTESIAN_POINT('',(-0.542916755859244,1.0842021724855E-16,14.9519192486182));
#3506=CARTESIAN_POINT('',(-0.581064586245308,0.5,14.7723664628896));
#3507=CARTESIAN_POINT('',(-0.581064586245308,0.,14.7723664628896));
#3508=CARTESIAN_POINT('',(-0.560462428582266,0.5,14.5784592670606));
#3509=CARTESIAN_POINT('',(-0.560462428582266,0.,14.5784592670606));
#3510=CARTESIAN_POINT('',(-0.521911468338715,0.5,14.4816735141558));
#3511=CARTESIAN_POINT('',(-0.521911468338715,-2.16840434497101E-16,14.4816735141558));
#3512=CARTESIAN_POINT('',(-0.36582357016069,0.5,14.3890429058247));
#3513=CARTESIAN_POINT('',(-0.36582357016069,3.25260651745651E-16,14.3890429058247));
#3514=CARTESIAN_POINT('',(-0.189247230855982,0.5,14.4779385926468));
#3515=CARTESIAN_POINT('',(-0.189247230855982,-1.0842021724855E-16,14.4779385926468));
#3516=CARTESIAN_POINT('',(-0.146562864169533,0.5,14.6960393454059));
#3517=CARTESIAN_POINT('',(-0.146562864169533,-1.0842021724855E-16,14.6960393454059));
#3518=CARTESIAN_POINT('',(-0.1770565518823,0.5,14.9177096534754));
#3519=CARTESIAN_POINT('',(-0.1770565518823,1.0842021724855E-16,14.9177096534754));
#3520=CARTESIAN_POINT('',(-0.331480709599391,0.5,15.0425329583605));
#3521=CARTESIAN_POINT('',(-0.331480709599391,0.,15.0425329583605));
#3522=CARTESIAN_POINT('',(-0.542916755859244,0.5,14.9519192486182));
#3523=CARTESIAN_POINT('',(-0.542916755859244,1.0842021724855E-16,14.9519192486182));
#3524=CARTESIAN_POINT('',(-0.581064586245308,0.5,14.7723664628896));
#3525=CARTESIAN_POINT('',(-0.581064586245308,0.,14.7723664628896));
#3526=CARTESIAN_POINT('',(-0.560462428582266,0.5,14.5784592670606));
#3527=CARTESIAN_POINT('',(-0.560462428582266,0.,14.5784592670606));
#3528=CARTESIAN_POINT('',(-0.57098121085595,0.,14.7106784968685));
#3529=CARTESIAN_POINT('',(-0.57098121085595,0.,14.6118615170494));
#3530=CARTESIAN_POINT('',(-0.550800278357689,0.,14.5387926235212));
#3531=CARTESIAN_POINT('',(-0.511134307585247,0.,14.4907759220598));
#3532=CARTESIAN_POINT('',(-0.471527761488119,0.,14.4428311557317));
#3533=CARTESIAN_POINT('',(-0.422755741127348,0.,14.4197947112039));
#3534=CARTESIAN_POINT('',(-0.300278357689632,0.,14.4197947112039));
#3535=CARTESIAN_POINT('',(-0.250173973556019,0.,14.4455427974948));
#3536=CARTESIAN_POINT('',(-0.213987473903966,0.,14.4970389700765));
#3537=CARTESIAN_POINT('',(-0.178128333784218,0.,14.5480692848623));
#3538=CARTESIAN_POINT('',(-0.159707724425887,0.,14.6195163535143));
#3539=CARTESIAN_POINT('',(-0.159707724425887,0.,14.8094954766875));
#3540=CARTESIAN_POINT('',(-0.179888656924147,0.,14.884652052888));
#3541=CARTESIAN_POINT('',(-0.21955462769659,0.,14.9354523312456));
#3542=CARTESIAN_POINT('',(-0.259821738151991,0.,14.9870224902499));
#3543=CARTESIAN_POINT('',(-0.307933194154488,0.,15.0126965901183));
#3544=CARTESIAN_POINT('',(-0.418580375782881,0.,15.0126965901183));
#3545=CARTESIAN_POINT('',(-0.466597077244259,0.,14.9869485038274));
#3546=CARTESIAN_POINT('',(-0.508350730688935,0.,14.9354523312456));
#3547=CARTESIAN_POINT('',(-0.549763951084371,0.,14.8843760260913));
#3548=CARTESIAN_POINT('',(-0.57098121085595,0.,14.8094954766875));
#3549=CARTESIAN_POINT('',(-0.57098121085595,0.,14.7106784968685));
#3550=CARTESIAN_POINT('',(-0.57098121085595,0.,14.7106784968685));
#3551=CARTESIAN_POINT('',(0.,0.,0.));
#3552=CARTESIAN_POINT('',(0.,0.,0.));
#3553=MECHANICAL_DESIGN_GEOMETRIC_PRESENTATION_REPRESENTATION('',(#1348),
#3554);
#3554=(
GEOMETRIC_REPRESENTATION_CONTEXT(3)
GLOBAL_UNCERTAINTY_ASSIGNED_CONTEXT((#3555))
GLOBAL_UNIT_ASSIGNED_CONTEXT((#3558,#3557,#3556))
REPRESENTATION_CONTEXT(
'\X2\67D4602777F358A891D15C5E6CE29F7F590D540857AB7247\X0\_\X2\57FA672C578B\X0\ 
GBT19066.2-2020','TOP_LEVEL_ASSEMBLY_PART')
);
#3555=UNCERTAINTY_MEASURE_WITH_UNIT(LENGTH_MEASURE(0.005),#3558,
'DISTANCE_ACCURACY_VALUE','Maximum Tolerance applied to model');
#3556=(
NAMED_UNIT(*)
SI_UNIT($,.STERADIAN.)
SOLID_ANGLE_UNIT()
);
#3557=(
NAMED_UNIT(*)
PLANE_ANGLE_UNIT()
SI_UNIT($,.RADIAN.)
);
#3558=(
LENGTH_UNIT()
NAMED_UNIT(*)
SI_UNIT(.MILLI.,.METRE.)
);
#3559=PRODUCT_DEFINITION_SHAPE('','',#3560);
#3560=PRODUCT_DEFINITION('','',#3562,#3561);
#3561=PRODUCT_DEFINITION_CONTEXT('',#3568,'design');
#3562=PRODUCT_DEFINITION_FORMATION_WITH_SPECIFIED_SOURCE('','',#3564,
 .NOT_KNOWN.);
#3563=PRODUCT_RELATED_PRODUCT_CATEGORY('','',(#3564));
#3564=PRODUCT(
'\X2\67D4602777F358A891D15C5E6CE29F7F590D540857AB7247\X0\_\X2\57FA672C578B\X0\ 
GBT19066.2-2020',
'\X2\67D4602777F358A891D15C5E6CE29F7F590D540857AB7247\X0\_\X2\57FA672C578B\X0\ 
GBT19066.2-2020',
'\X2\67D4602777F358A891D15C5E6CE29F7F590D540857AB7247\X0\_\X2\57FA672C578B\X0\ 
GBT19066.2-2020',(#3566));
#3565=PRODUCT_CATEGORY('','');
#3566=PRODUCT_CONTEXT('',#3568,'mechanical');
#3567=APPLICATION_PROTOCOL_DEFINITION('international standard',
'automotive_design',2010,#3568);
#3568=APPLICATION_CONTEXT(
'core data for automotive mechanical design processes');
ENDSEC;
END-ISO-10303-21;
