ISO-10303-21;
HEADER;
/* Generated by software containing HOOPS Exchange Step
 * from HOOPS Exchange, Inc. (www.tiangong.cloud) 
 */

FILE_DESCRIPTION(
/* description */ ('Unknown'),
/* implementation_level */ '2;1');

FILE_NAME(
/* name */ '\X2\77F368C96A6180F657AB7247\X0\_\X2\51F951F89762578B\X0\ 
GBT9126.3-2023',
/* time_stamp */ '2026-01-12T10:14:59+08:00',
/* author */ ('Unknown'),
/* organization */ ('Unknown'),
/* preprocessor_version */ 'ST-DEVELOPER v19.4',
/* originating_system */ 'TianGong',
/* authorisation */ 'Unknown');

FILE_SCHEMA (('AUTOMOTIVE_DESIGN {1 0 10303 214 3 1 1}'));
ENDSEC;

DATA;
#10=PROPERTY_DEFINITION_REPRESENTATION(#14,#12);
#11=PROPERTY_DEFINITION_REPRESENTATION(#15,#13);
#12=REPRESENTATION('',(#16),#3682);
#13=REPRESENTATION('',(#17),#3682);
#14=PROPERTY_DEFINITION('pmi validation property','',#3687);
#15=PROPERTY_DEFINITION('pmi validation property','',#3687);
#16=VALUE_REPRESENTATION_ITEM('number of annotations',COUNT_MEASURE(0.));
#17=VALUE_REPRESENTATION_ITEM('number of views',COUNT_MEASURE(0.));
#18=SHAPE_REPRESENTATION_RELATIONSHIP('','',#1320,#19);
#19=ADVANCED_BREP_SHAPE_REPRESENTATION('',(#1318),#3682);
#20=B_SPLINE_SURFACE_WITH_KNOTS('',3,1,((#2266,#2267),(#2268,#2269),(#2270,
#2271),(#2272,#2273),(#2274,#2275),(#2276,#2277),(#2278,#2279),(#2280,#2281),
(#2282,#2283),(#2284,#2285),(#2286,#2287),(#2288,#2289),(#2290,#2291),(#2292,
#2293),(#2294,#2295),(#2296,#2297),(#2298,#2299),(#2300,#2301),(#2302,#2303),
(#2304,#2305),(#2306,#2307),(#2308,#2309),(#2310,#2311),(#2312,#2313),(#2314,
#2315),(#2316,#2317),(#2318,#2319)),.SURF_OF_LINEAR_EXTRUSION.,.F.,.F.,
 .F.,(4,1,1,1,1,1,1,1,1,1,1,1,1,1,1,1,1,1,1,1,1,1,1,1,4),(2,2),(0.45304206430625,
0.511395560393986,0.540572308437854,0.569749056481723,0.584337430503657,
0.598925804525591,0.606219991536558,0.613514178547525,0.620808365558492,
0.628102552569459,0.635396739580426,0.642690926591393,0.657279300613328,
0.671867674635262,0.679161861646229,0.686456048657196,0.70104442267913,
0.715632796701064,0.744809544744932,0.7739862927888,0.803163040832669,0.817751414854603,
0.832339788876537,0.861516536920405,0.919870033008142),(0.,1.),
 .UNSPECIFIED.);
#21=B_SPLINE_SURFACE_WITH_KNOTS('',3,1,((#2322,#2323),(#2324,#2325),(#2326,
#2327),(#2328,#2329),(#2330,#2331)),.SURF_OF_LINEAR_EXTRUSION.,.F.,.F.,
 .F.,(4,1,4),(2,2),(0.919870033008142,0.959935016504071,1.),(0.,1.),
 .UNSPECIFIED.);
#22=B_SPLINE_SURFACE_WITH_KNOTS('',3,1,((#2333,#2334),(#2335,#2336),(#2337,
#2338),(#2339,#2340),(#2341,#2342),(#2343,#2344),(#2345,#2346),(#2347,#2348),
(#2349,#2350),(#2351,#2352),(#2353,#2354),(#2355,#2356),(#2357,#2358),(#2359,
#2360)),.SURF_OF_LINEAR_EXTRUSION.,.F.,.F.,.F.,(4,1,1,1,1,1,1,1,1,1,1,4),
(2,2),(0.,0.0581505529506695,0.0872258294260042,0.116301105901339,0.145376382376674,
0.174451658852008,0.188989297089676,0.19625811620851,0.203526935327343,
0.210795754446177,0.218064573565011,0.232602211802678),(0.,1.),
 .UNSPECIFIED.);
#23=B_SPLINE_SURFACE_WITH_KNOTS('',3,1,((#2362,#2363),(#2364,#2365),(#2366,
#2367),(#2368,#2369),(#2370,#2371),(#2372,#2373),(#2374,#2375),(#2376,#2377),
(#2378,#2379)),.SURF_OF_LINEAR_EXTRUSION.,.F.,.F.,.F.,(4,1,1,1,1,1,4),(2,
2),(0.232602211802678,0.25908373038009,0.285565248957502,0.312046767534914,
0.338528286112326,0.391491323267149,0.444454360421973),(0.,1.),
 .UNSPECIFIED.);
#24=B_SPLINE_SURFACE_WITH_KNOTS('',3,1,((#2457,#2458),(#2459,#2460),(#2461,
#2462),(#2463,#2464),(#2465,#2466),(#2467,#2468),(#2469,#2470),(#2471,#2472),
(#2473,#2474),(#2475,#2476),(#2477,#2478)),.SURF_OF_LINEAR_EXTRUSION.,.F.,
 .F.,.F.,(4,1,1,1,1,1,1,1,4),(2,2),(0.694078614563465,0.713198701153249,
0.732318787743032,0.751438874332816,0.770558960922599,0.808799134102166,
0.847039307281733,0.923519653640866,1.),(0.,1.),.UNSPECIFIED.);
#25=B_SPLINE_SURFACE_WITH_KNOTS('',3,1,((#2480,#2481),(#2482,#2483),(#2484,
#2485),(#2486,#2487),(#2488,#2489)),.SURF_OF_LINEAR_EXTRUSION.,.F.,.F.,
 .F.,(4,1,4),(2,2),(0.,0.0186532798761031,0.0373065597522062),(0.,1.),
 .UNSPECIFIED.);
#26=B_SPLINE_SURFACE_WITH_KNOTS('',3,1,((#2493,#2494),(#2495,#2496),(#2497,
#2498),(#2499,#2500),(#2501,#2502),(#2503,#2504),(#2505,#2506),(#2507,#2508),
(#2509,#2510),(#2511,#2512),(#2513,#2514),(#2515,#2516),(#2517,#2518),(#2519,
#2520),(#2521,#2522),(#2523,#2524)),.SURF_OF_LINEAR_EXTRUSION.,.F.,.F.,
 .F.,(4,1,1,1,1,1,1,1,1,1,1,1,1,4),(2,2),(0.0484609042085893,0.127768824945901,
0.167422785314557,0.207076745683212,0.246730706051868,0.286384666420524,
0.32603862678918,0.365692587157836,0.445000507895147,0.484654468263803,
0.524308428632459,0.563962389001115,0.60361634936977,0.682924270107082),
(0.,1.),.UNSPECIFIED.);
#27=B_SPLINE_SURFACE_WITH_KNOTS('',3,1,((#2525,#2526),(#2527,#2528),(#2529,
#2530),(#2531,#2532),(#2533,#2534),(#2535,#2536),(#2537,#2538),(#2539,#2540),
(#2541,#2542),(#2543,#2544),(#2545,#2546),(#2547,#2548),(#2549,#2550),(#2551,
#2552),(#2553,#2554),(#2555,#2556),(#2557,#2558),(#2559,#2560),(#2561,#2562),
(#2563,#2564),(#2565,#2566),(#2567,#2568),(#2569,#2570),(#2571,#2572),(#2573,
#2574)),.SURF_OF_LINEAR_EXTRUSION.,.T.,.F.,.F.,(1,1,1,1,1,1,1,1,1,1,1,1,
1,1,1,1,1,1,1,1,1,1,1,1,1,1,1,1,1),(2,2),(-0.13445114241375,-0.0896340949425003,
-0.0448170474712501,0.,0.0373324961667261,0.0746649923334522,0.149329984666904,
0.223994977000357,0.261327473167083,0.298659969333809,0.321335266614572,
0.344010563895335,0.389361158456862,0.480062347579915,0.570763536702968,
0.661464725826021,0.679091363437012,0.696718001048003,0.727721453314752,
0.758724905581501,0.78972835784825,0.820731810114999,0.86554885758625,0.9103659050575,
0.95518295252875,1.,1.03733249616673,1.07466499233345,1.1493299846669),
(0.,1.),.UNSPECIFIED.);
#28=B_SPLINE_SURFACE_WITH_KNOTS('',3,1,((#2707,#2708),(#2709,#2710),(#2711,
#2712),(#2713,#2714),(#2715,#2716),(#2717,#2718),(#2719,#2720),(#2721,#2722),
(#2723,#2724),(#2725,#2726),(#2727,#2728),(#2729,#2730),(#2731,#2732),(#2733,
#2734),(#2735,#2736)),.SURF_OF_LINEAR_EXTRUSION.,.F.,.F.,.F.,(4,1,1,1,1,
1,1,1,1,1,1,1,4),(2,2),(0.704590754969343,0.741516910598175,0.778443066227007,
0.796906144041423,0.815369221855839,0.833832299670256,0.852295377484672,
0.889221533113504,0.926147688742336,0.944610766556752,0.95384230546396,
0.963073844371168,1.),(0.,1.),.UNSPECIFIED.);
#29=B_SPLINE_SURFACE_WITH_KNOTS('',3,1,((#2738,#2739),(#2740,#2741),(#2742,
#2743),(#2744,#2745)),.SURF_OF_LINEAR_EXTRUSION.,.F.,.F.,.F.,(4,4),(2,2),
(0.,0.109740216324189),(0.,1.),.PIECEWISE_BEZIER_KNOTS.);
#30=B_SPLINE_SURFACE_WITH_KNOTS('',3,1,((#2747,#2748),(#2749,#2750),(#2751,
#2752),(#2753,#2754),(#2755,#2756)),.SURF_OF_LINEAR_EXTRUSION.,.F.,.F.,
 .F.,(4,1,4),(2,2),(0.109740216324189,0.127033652053294,0.144327087782399),
(0.,1.),.UNSPECIFIED.);
#31=B_SPLINE_SURFACE_WITH_KNOTS('',3,1,((#2762,#2763),(#2764,#2765),(#2766,
#2767),(#2768,#2769),(#2770,#2771),(#2772,#2773),(#2774,#2775)),
 .SURF_OF_LINEAR_EXTRUSION.,.F.,.F.,.F.,(4,1,1,1,4),(2,2),(0.203419486438061,
0.246089649073243,0.288759811708426,0.331429974343609,0.374100136978792),
(0.,1.),.UNSPECIFIED.);
#32=B_SPLINE_SURFACE_WITH_KNOTS('',3,1,((#2779,#2780),(#2781,#2782),(#2783,
#2784),(#2785,#2786),(#2787,#2788),(#2789,#2790),(#2791,#2792),(#2793,#2794),
(#2795,#2796)),.SURF_OF_LINEAR_EXTRUSION.,.F.,.F.,.F.,(4,1,1,1,1,1,4),(2,
2),(0.402595453673176,0.452092214326171,0.476840594652669,0.501588974979166,
0.526337355305664,0.551085735632161,0.600582496285157),(0.,1.),
 .UNSPECIFIED.);
#33=B_SPLINE_SURFACE_WITH_KNOTS('',3,1,((#2798,#2799),(#2800,#2801),(#2802,
#2803),(#2804,#2805)),.SURF_OF_LINEAR_EXTRUSION.,.F.,.F.,.F.,(4,4),(2,2),
(0.600582496285157,0.640029118054939),(0.,1.),.PIECEWISE_BEZIER_KNOTS.);
#34=B_SPLINE_SURFACE_WITH_KNOTS('',3,1,((#2932,#2933),(#2934,#2935),(#2936,
#2937),(#2938,#2939),(#2940,#2941),(#2942,#2943),(#2944,#2945),(#2946,#2947)),
 .SURF_OF_LINEAR_EXTRUSION.,.F.,.F.,.F.,(4,1,1,1,1,4),(2,2),(0.819891866401825,
0.864918899801369,0.909945933200913,0.932459449900684,0.954972966600456,
1.),(0.,1.),.UNSPECIFIED.);
#35=B_SPLINE_SURFACE_WITH_KNOTS('',3,1,((#2949,#2950),(#2951,#2952),(#2953,
#2954),(#2955,#2956)),.SURF_OF_LINEAR_EXTRUSION.,.F.,.F.,.F.,(4,4),(2,2),
(0.,0.0658992321238323),(0.,1.),.PIECEWISE_BEZIER_KNOTS.);
#36=B_SPLINE_SURFACE_WITH_KNOTS('',3,1,((#2958,#2959),(#2960,#2961),(#2962,
#2963),(#2964,#2965),(#2966,#2967),(#2968,#2969),(#2970,#2971),(#2972,#2973)),
 .SURF_OF_LINEAR_EXTRUSION.,.F.,.F.,.F.,(4,1,1,1,1,4),(2,2),(0.0658992321238323,
0.126990132472507,0.142262857559676,0.157535582646844,0.172808307734013,
0.188081032821182),(0.,1.),.UNSPECIFIED.);
#37=B_SPLINE_SURFACE_WITH_KNOTS('',3,1,((#2977,#2978),(#2979,#2980),(#2981,
#2982),(#2983,#2984)),.SURF_OF_LINEAR_EXTRUSION.,.F.,.F.,.F.,(4,4),(2,2),
(0.19699599180694,0.238373068058666),(0.,1.),.PIECEWISE_BEZIER_KNOTS.);
#38=B_SPLINE_SURFACE_WITH_KNOTS('',3,1,((#2988,#2989),(#2990,#2991),(#2992,
#2993),(#2994,#2995),(#2996,#2997),(#2998,#2999),(#3000,#3001),(#3002,#3003),
(#3004,#3005)),.SURF_OF_LINEAR_EXTRUSION.,.F.,.F.,.F.,(4,1,1,1,1,1,4),(2,
2),(0.241225854934109,0.284225029543793,0.327224204153476,0.370223378763159,
0.38097317241558,0.391722966068001,0.413222553372843),(0.,1.),
 .UNSPECIFIED.);
#39=B_SPLINE_SURFACE_WITH_KNOTS('',3,1,((#3009,#3010),(#3011,#3012),(#3013,
#3014),(#3015,#3016)),.SURF_OF_LINEAR_EXTRUSION.,.F.,.F.,.F.,(4,4),(2,2),
(0.422137512358601,0.463069921036313),(0.,1.),.PIECEWISE_BEZIER_KNOTS.);
#40=B_SPLINE_SURFACE_WITH_KNOTS('',3,1,((#3022,#3023),(#3024,#3025),(#3026,
#3027),(#3028,#3029),(#3030,#3031),(#3032,#3033),(#3034,#3035),(#3036,#3037),
(#3038,#3039),(#3040,#3041),(#3042,#3043),(#3044,#3045),(#3046,#3047),(#3048,
#3049)),.SURF_OF_LINEAR_EXTRUSION.,.F.,.F.,.F.,(4,1,1,1,1,1,1,1,1,1,1,4),
(2,2),(0.496590166822764,0.530335564294093,0.564080961765422,0.597826359236751,
0.63157175670808,0.648444455443745,0.665317154179409,0.699062551650738,
0.715935250386403,0.732807949122067,0.749680647857732,0.766553346593396),
(0.,1.),.UNSPECIFIED.);
#41=B_SPLINE_SURFACE_WITH_KNOTS('',3,1,((#3053,#3054),(#3055,#3056),(#3057,
#3058),(#3059,#3060)),.SURF_OF_LINEAR_EXTRUSION.,.F.,.F.,.F.,(4,4),(2,2),
(0.775468305579155,0.816860780346667),(0.,1.),.PIECEWISE_BEZIER_KNOTS.);
#42=B_SPLINE_SURFACE_WITH_KNOTS('',3,1,((#3161,#3162),(#3163,#3164),(#3165,
#3166),(#3167,#3168),(#3169,#3170),(#3171,#3172),(#3173,#3174),(#3175,#3176),
(#3177,#3178),(#3179,#3180)),.SURF_OF_LINEAR_EXTRUSION.,.F.,.F.,.F.,(4,
1,1,1,1,1,1,4),(2,2),(0.,0.050292870159928,0.075439305239892,0.100585740319856,
0.12573217539982,0.150878610479784,0.176025045559748,0.201171480639712),
(0.,1.),.UNSPECIFIED.);
#43=B_SPLINE_SURFACE_WITH_KNOTS('',3,1,((#3182,#3183),(#3184,#3185),(#3186,
#3187),(#3188,#3189),(#3190,#3191),(#3192,#3193),(#3194,#3195),(#3196,#3197),
(#3198,#3199)),.SURF_OF_LINEAR_EXTRUSION.,.F.,.F.,.F.,(4,1,1,1,1,1,4),(2,
2),(0.201171480639712,0.229962543266951,0.24435807458057,0.258753605894189,
0.273149137207809,0.287544668521428,0.316335731148667),(0.,1.),
 .UNSPECIFIED.);
#44=B_SPLINE_SURFACE_WITH_KNOTS('',3,1,((#3201,#3202),(#3203,#3204),(#3205,
#3206),(#3207,#3208),(#3209,#3210),(#3211,#3212),(#3213,#3214),(#3215,#3216),
(#3217,#3218)),.SURF_OF_LINEAR_EXTRUSION.,.F.,.F.,.F.,(4,1,1,1,1,1,4),(2,
2),(0.316335731148667,0.353687428378508,0.391039125608349,0.409714974223269,
0.428390822838189,0.44706667145311,0.46574252006803),(0.,1.),
 .UNSPECIFIED.);
#45=B_SPLINE_SURFACE_WITH_KNOTS('',3,1,((#3226,#3227),(#3228,#3229),(#3230,
#3231),(#3232,#3233),(#3234,#3235),(#3236,#3237),(#3238,#3239),(#3240,#3241),
(#3242,#3243),(#3244,#3245),(#3246,#3247),(#3248,#3249),(#3250,#3251),(#3252,
#3253)),.SURF_OF_LINEAR_EXTRUSION.,.F.,.F.,.F.,(4,1,1,1,1,1,1,1,1,1,1,4),
(2,2),(0.608920911150764,0.64022648713369,0.655879275125153,0.671532063116616,
0.702837639099541,0.734143215082467,0.765448791065392,0.796754367048318,
0.812407155039781,0.828059943031244,0.843712731022707,0.85936551901417),
(0.,1.),.UNSPECIFIED.);
#46=B_SPLINE_SURFACE_WITH_KNOTS('',3,1,((#3257,#3258),(#3259,#3260),(#3261,
#3262),(#3263,#3264),(#3265,#3266)),.SURF_OF_LINEAR_EXTRUSION.,.F.,.F.,
 .F.,(4,1,4),(2,2),(0.869316924919211,0.9021640758309,0.935011226742589),
(0.,1.),.UNSPECIFIED.);
#47=B_SPLINE_SURFACE_WITH_KNOTS('',3,1,((#3335,#3336),(#3337,#3338),(#3339,
#3340),(#3341,#3342),(#3343,#3344),(#3345,#3346),(#3347,#3348),(#3349,#3350),
(#3351,#3352),(#3353,#3354),(#3355,#3356),(#3357,#3358),(#3359,#3360),(#3361,
#3362),(#3363,#3364),(#3365,#3366),(#3367,#3368),(#3369,#3370)),
 .SURF_OF_LINEAR_EXTRUSION.,.F.,.F.,.F.,(4,1,1,1,1,1,1,1,1,1,1,1,1,1,1,
4),(2,2),(0.42404829560394,0.496042258653448,0.568036221702955,0.604033203227709,
0.640030184752463,0.676027166277216,0.71202414780197,0.784018110851478,
0.820015092376231,0.856012073900985,0.892009055425739,0.928006036950493,
0.946004527712869,0.964003018475246,0.982001509237623,1.),(0.,1.),
 .UNSPECIFIED.);
#48=B_SPLINE_SURFACE_WITH_KNOTS('',3,1,((#3372,#3373),(#3374,#3375),(#3376,
#3377),(#3378,#3379)),.SURF_OF_LINEAR_EXTRUSION.,.F.,.F.,.F.,(4,4),(2,2),
(0.,0.00760484876266086),(0.,1.),.PIECEWISE_BEZIER_KNOTS.);
#49=B_SPLINE_SURFACE_WITH_KNOTS('',3,1,((#3381,#3382),(#3383,#3384),(#3385,
#3386),(#3387,#3388),(#3389,#3390),(#3391,#3392),(#3393,#3394),(#3395,#3396),
(#3397,#3398),(#3399,#3400),(#3401,#3402),(#3403,#3404),(#3405,#3406),(#3407,
#3408),(#3409,#3410),(#3411,#3412),(#3413,#3414)),
 .SURF_OF_LINEAR_EXTRUSION.,.F.,.F.,.F.,(4,1,1,1,1,1,1,1,1,1,1,1,1,1,4),
(2,2),(0.00760484876266086,0.0139613032584686,0.0203177577542763,0.0330306667458918,
0.0584564847291226,0.0838823027123535,0.109308120695584,0.1220210296872,
0.134733938678815,0.160159756662046,0.211011392628508,0.26186302859497,
0.312714664561432,0.363566300527893,0.414417936494355),(0.,1.),
 .UNSPECIFIED.);
#50=B_SPLINE_SURFACE_WITH_KNOTS('',3,1,((#3471,#3472),(#3473,#3474),(#3475,
#3476),(#3477,#3478),(#3479,#3480),(#3481,#3482),(#3483,#3484),(#3485,#3486)),
 .SURF_OF_LINEAR_EXTRUSION.,.F.,.F.,.F.,(4,1,1,1,1,4),(2,2),(0.,0.0568037901492869,
0.0852056852239303,0.113607580298574,0.170411370447861,0.227215160597147),
(0.,1.),.UNSPECIFIED.);
#51=B_SPLINE_SURFACE_WITH_KNOTS('',3,1,((#3490,#3491),(#3492,#3493),(#3494,
#3495),(#3496,#3497),(#3498,#3499),(#3500,#3501),(#3502,#3503),(#3504,#3505),
(#3506,#3507),(#3508,#3509),(#3510,#3511),(#3512,#3513),(#3514,#3515)),
 .SURF_OF_LINEAR_EXTRUSION.,.F.,.F.,.F.,(4,1,1,1,1,1,1,1,1,1,4),(2,2),(0.237538275236671,
0.313377870036736,0.389217464836802,0.427137262236835,0.465057059636868,
0.502976857036901,0.540896654436934,0.616736249237,0.692575844037066,0.768415438837132,
0.844255033637198),(0.,1.),.UNSPECIFIED.);
#52=B_SPLINE_SURFACE_WITH_KNOTS('',3,1,((#3516,#3517),(#3518,#3519),(#3520,
#3521),(#3522,#3523),(#3524,#3525),(#3526,#3527),(#3528,#3529)),
 .SURF_OF_LINEAR_EXTRUSION.,.F.,.F.,.F.,(4,1,1,1,4),(2,2),(0.,0.165136300218818,
0.330272600437636,0.495408900656454,0.660545200875272),(0.,1.),
 .UNSPECIFIED.);
#53=B_SPLINE_SURFACE_WITH_KNOTS('',3,1,((#3596,#3597),(#3598,#3599),(#3600,
#3601),(#3602,#3603),(#3604,#3605),(#3606,#3607),(#3608,#3609),(#3610,#3611),
(#3612,#3613),(#3614,#3615),(#3616,#3617),(#3618,#3619),(#3620,#3621)),
 .SURF_OF_LINEAR_EXTRUSION.,.T.,.F.,.F.,(1,1,1,1,1,1,1,1,1,1,1,1,1,1,1,
1,1),(2,2),(-0.199928581537924,-0.137343054602712,-0.0686715273013561,0.,
0.123506007324566,0.24203635094915,0.360566694573734,0.486440766115088,
0.612314837656441,0.737485891526865,0.800071418462076,0.862656945397288,
0.931328472698644,1.,1.12350600732457,1.24203635094915,1.36056669457373),
(0.,1.),.UNSPECIFIED.);
#54=B_SPLINE_SURFACE_WITH_KNOTS('',3,1,((#3622,#3623),(#3624,#3625),(#3626,
#3627),(#3628,#3629),(#3630,#3631),(#3632,#3633),(#3634,#3635),(#3636,#3637),
(#3638,#3639),(#3640,#3641),(#3642,#3643),(#3644,#3645),(#3646,#3647),(#3648,
#3649),(#3650,#3651),(#3652,#3653),(#3654,#3655)),
 .SURF_OF_LINEAR_EXTRUSION.,.T.,.F.,.F.,(1,1,1,1,1,1,1,1,1,1,1,1,1,1,1,
1,1,1,1,1,1),(2,2),(-0.211893264270654,-0.158450334198464,-0.0792251670992319,
0.,0.0683072616865691,0.136614523373138,0.18907258175604,0.241530640138942,
0.346446756904747,0.416779554056753,0.48711235120876,0.557445148360767,
0.627777945512773,0.734663805657155,0.788106735729346,0.841549665801536,
0.920774832900768,1.,1.06830726168657,1.13661452337314,1.18907258175604),
(0.,1.),.UNSPECIFIED.);
#55=CYLINDRICAL_SURFACE('',#1326,16.5);
#56=CYLINDRICAL_SURFACE('',#1328,25.5);
#57=CYLINDRICAL_SURFACE('',#1341,1.36709455358936);
#58=CIRCLE('',#1323,25.5);
#59=CIRCLE('',#1324,16.5);
#60=CIRCLE('',#1325,1.36709455358936);
#61=CIRCLE('',#1327,16.5);
#62=CIRCLE('',#1329,25.5);
#63=CIRCLE('',#1337,1.36709455358936);
#64=LINE('',#1592,#169);
#65=LINE('',#1656,#170);
#66=LINE('',#1692,#171);
#67=LINE('',#1705,#172);
#68=LINE('',#1721,#173);
#69=LINE('',#1734,#174);
#70=LINE('',#1736,#175);
#71=LINE('',#1764,#176);
#72=LINE('',#1776,#177);
#73=LINE('',#1802,#178);
#74=LINE('',#1924,#179);
#75=LINE('',#1925,#180);
#76=LINE('',#1976,#181);
#77=LINE('',#1978,#182);
#78=LINE('',#2027,#183);
#79=LINE('',#2028,#184);
#80=LINE('',#2031,#185);
#81=LINE('',#2082,#186);
#82=LINE('',#2084,#187);
#83=LINE('',#2086,#188);
#84=LINE('',#2110,#189);
#85=LINE('',#2122,#190);
#86=LINE('',#2137,#191);
#87=LINE('',#2213,#192);
#88=LINE('',#2320,#193);
#89=LINE('',#2321,#194);
#90=LINE('',#2332,#195);
#91=LINE('',#2361,#196);
#92=LINE('',#2380,#197);
#93=LINE('',#2383,#198);
#94=LINE('',#2405,#199);
#95=LINE('',#2455,#200);
#96=LINE('',#2456,#201);
#97=LINE('',#2479,#202);
#98=LINE('',#2490,#203);
#99=LINE('',#2492,#204);
#100=LINE('',#2601,#205);
#101=LINE('',#2604,#206);
#102=LINE('',#2653,#207);
#103=LINE('',#2655,#208);
#104=LINE('',#2705,#209);
#105=LINE('',#2706,#210);
#106=LINE('',#2737,#211);
#107=LINE('',#2746,#212);
#108=LINE('',#2757,#213);
#109=LINE('',#2759,#214);
#110=LINE('',#2761,#215);
#111=LINE('',#2776,#216);
#112=LINE('',#2778,#217);
#113=LINE('',#2797,#218);
#114=LINE('',#2806,#219);
#115=LINE('',#2809,#220);
#116=LINE('',#2823,#221);
#117=LINE('',#2851,#222);
#118=LINE('',#2853,#223);
#119=LINE('',#2866,#224);
#120=LINE('',#2882,#225);
#121=LINE('',#2895,#226);
#122=LINE('',#2930,#227);
#123=LINE('',#2931,#228);
#124=LINE('',#2948,#229);
#125=LINE('',#2957,#230);
#126=LINE('',#2974,#231);
#127=LINE('',#2976,#232);
#128=LINE('',#2985,#233);
#129=LINE('',#2987,#234);
#130=LINE('',#3006,#235);
#131=LINE('',#3008,#236);
#132=LINE('',#3017,#237);
#133=LINE('',#3019,#238);
#134=LINE('',#3021,#239);
#135=LINE('',#3050,#240);
#136=LINE('',#3052,#241);
#137=LINE('',#3062,#242);
#138=LINE('',#3076,#243);
#139=LINE('',#3100,#244);
#140=LINE('',#3102,#245);
#141=LINE('',#3104,#246);
#142=LINE('',#3155,#247);
#143=LINE('',#3157,#248);
#144=LINE('',#3158,#249);
#145=LINE('',#3160,#250);
#146=LINE('',#3181,#251);
#147=LINE('',#3200,#252);
#148=LINE('',#3219,#253);
#149=LINE('',#3221,#254);
#150=LINE('',#3223,#255);
#151=LINE('',#3225,#256);
#152=LINE('',#3254,#257);
#153=LINE('',#3256,#258);
#154=LINE('',#3268,#259);
#155=LINE('',#3333,#260);
#156=LINE('',#3334,#261);
#157=LINE('',#3371,#262);
#158=LINE('',#3380,#263);
#159=LINE('',#3416,#264);
#160=LINE('',#3453,#265);
#161=LINE('',#3467,#266);
#162=LINE('',#3469,#267);
#163=LINE('',#3470,#268);
#164=LINE('',#3487,#269);
#165=LINE('',#3489,#270);
#166=LINE('',#3544,#271);
#167=LINE('',#3545,#272);
#168=LINE('',#3547,#273);
#169=VECTOR('',#1372,1000.);
#170=VECTOR('',#1373,1000.);
#171=VECTOR('',#1374,1000.);
#172=VECTOR('',#1375,1000.);
#173=VECTOR('',#1376,1000.);
#174=VECTOR('',#1377,1000.);
#175=VECTOR('',#1378,1000.);
#176=VECTOR('',#1379,1000.);
#177=VECTOR('',#1380,1000.);
#178=VECTOR('',#1381,1000.);
#179=VECTOR('',#1386,1000.);
#180=VECTOR('',#1387,1000.);
#181=VECTOR('',#1388,1000.);
#182=VECTOR('',#1389,1000.);
#183=VECTOR('',#1392,1000.);
#184=VECTOR('',#1393,1000.);
#185=VECTOR('',#1394,1000.);
#186=VECTOR('',#1395,1000.);
#187=VECTOR('',#1396,1000.);
#188=VECTOR('',#1397,1000.);
#189=VECTOR('',#1398,1000.);
#190=VECTOR('',#1399,1000.);
#191=VECTOR('',#1400,1000.);
#192=VECTOR('',#1413,1000.);
#193=VECTOR('',#1414,1000.);
#194=VECTOR('',#1415,1000.);
#195=VECTOR('',#1416,1000.);
#196=VECTOR('',#1417,1000.);
#197=VECTOR('',#1418,1000.);
#198=VECTOR('',#1423,1000.);
#199=VECTOR('',#1424,1000.);
#200=VECTOR('',#1427,1000.);
#201=VECTOR('',#1428,1000.);
#202=VECTOR('',#1429,1000.);
#203=VECTOR('',#1430,1000.);
#204=VECTOR('',#1433,1000.);
#205=VECTOR('',#1436,1000.);
#206=VECTOR('',#1437,1000.);
#207=VECTOR('',#1440,1000.);
#208=VECTOR('',#1441,1000.);
#209=VECTOR('',#1444,1000.);
#210=VECTOR('',#1445,1000.);
#211=VECTOR('',#1446,1000.);
#212=VECTOR('',#1447,1000.);
#213=VECTOR('',#1448,1000.);
#214=VECTOR('',#1451,1000.);
#215=VECTOR('',#1454,1000.);
#216=VECTOR('',#1455,1000.);
#217=VECTOR('',#1458,1000.);
#218=VECTOR('',#1459,1000.);
#219=VECTOR('',#1460,1000.);
#220=VECTOR('',#1465,1000.);
#221=VECTOR('',#1466,1000.);
#222=VECTOR('',#1467,1000.);
#223=VECTOR('',#1468,1000.);
#224=VECTOR('',#1469,1000.);
#225=VECTOR('',#1470,1000.);
#226=VECTOR('',#1471,1000.);
#227=VECTOR('',#1474,1000.);
#228=VECTOR('',#1475,1000.);
#229=VECTOR('',#1476,1000.);
#230=VECTOR('',#1477,1000.);
#231=VECTOR('',#1478,1000.);
#232=VECTOR('',#1481,1000.);
#233=VECTOR('',#1482,1000.);
#234=VECTOR('',#1485,1000.);
#235=VECTOR('',#1486,1000.);
#236=VECTOR('',#1489,1000.);
#237=VECTOR('',#1490,1000.);
#238=VECTOR('',#1493,1000.);
#239=VECTOR('',#1496,1000.);
#240=VECTOR('',#1497,1000.);
#241=VECTOR('',#1500,1000.);
#242=VECTOR('',#1503,1000.);
#243=VECTOR('',#1504,1000.);
#244=VECTOR('',#1505,1000.);
#245=VECTOR('',#1506,1000.);
#246=VECTOR('',#1507,1000.);
#247=VECTOR('',#1508,1000.);
#248=VECTOR('',#1511,1000.);
#249=VECTOR('',#1512,1000.);
#250=VECTOR('',#1515,1000.);
#251=VECTOR('',#1516,1000.);
#252=VECTOR('',#1517,1000.);
#253=VECTOR('',#1518,1000.);
#254=VECTOR('',#1521,1000.);
#255=VECTOR('',#1524,1000.);
#256=VECTOR('',#1527,1000.);
#257=VECTOR('',#1528,1000.);
#258=VECTOR('',#1531,1000.);
#259=VECTOR('',#1534,1000.);
#260=VECTOR('',#1537,1000.);
#261=VECTOR('',#1538,1000.);
#262=VECTOR('',#1539,1000.);
#263=VECTOR('',#1540,1000.);
#264=VECTOR('',#1543,1000.);
#265=VECTOR('',#1544,1000.);
#266=VECTOR('',#1545,1000.);
#267=VECTOR('',#1548,1000.);
#268=VECTOR('',#1549,1000.);
#269=VECTOR('',#1550,1000.);
#270=VECTOR('',#1553,1000.);
#271=VECTOR('',#1554,1000.);
#272=VECTOR('',#1555,1000.);
#273=VECTOR('',#1558,1000.);
#274=ORIENTED_EDGE('',*,*,#636,.T.);
#275=ORIENTED_EDGE('',*,*,#637,.T.);
#276=ORIENTED_EDGE('',*,*,#638,.T.);
#277=ORIENTED_EDGE('',*,*,#639,.T.);
#278=ORIENTED_EDGE('',*,*,#640,.T.);
#279=ORIENTED_EDGE('',*,*,#641,.T.);
#280=ORIENTED_EDGE('',*,*,#642,.T.);
#281=ORIENTED_EDGE('',*,*,#643,.T.);
#282=ORIENTED_EDGE('',*,*,#644,.T.);
#283=ORIENTED_EDGE('',*,*,#645,.T.);
#284=ORIENTED_EDGE('',*,*,#646,.T.);
#285=ORIENTED_EDGE('',*,*,#647,.T.);
#286=ORIENTED_EDGE('',*,*,#648,.T.);
#287=ORIENTED_EDGE('',*,*,#649,.T.);
#288=ORIENTED_EDGE('',*,*,#650,.T.);
#289=ORIENTED_EDGE('',*,*,#651,.T.);
#290=ORIENTED_EDGE('',*,*,#652,.T.);
#291=ORIENTED_EDGE('',*,*,#653,.T.);
#292=ORIENTED_EDGE('',*,*,#654,.T.);
#293=ORIENTED_EDGE('',*,*,#655,.T.);
#294=ORIENTED_EDGE('',*,*,#656,.T.);
#295=ORIENTED_EDGE('',*,*,#657,.T.);
#296=ORIENTED_EDGE('',*,*,#658,.T.);
#297=ORIENTED_EDGE('',*,*,#659,.T.);
#298=ORIENTED_EDGE('',*,*,#660,.T.);
#299=ORIENTED_EDGE('',*,*,#661,.F.);
#300=ORIENTED_EDGE('',*,*,#662,.T.);
#301=ORIENTED_EDGE('',*,*,#663,.T.);
#302=ORIENTED_EDGE('',*,*,#664,.T.);
#303=ORIENTED_EDGE('',*,*,#665,.T.);
#304=ORIENTED_EDGE('',*,*,#666,.T.);
#305=ORIENTED_EDGE('',*,*,#667,.T.);
#306=ORIENTED_EDGE('',*,*,#668,.T.);
#307=ORIENTED_EDGE('',*,*,#669,.T.);
#308=ORIENTED_EDGE('',*,*,#670,.T.);
#309=ORIENTED_EDGE('',*,*,#671,.T.);
#310=ORIENTED_EDGE('',*,*,#672,.T.);
#311=ORIENTED_EDGE('',*,*,#673,.T.);
#312=ORIENTED_EDGE('',*,*,#674,.T.);
#313=ORIENTED_EDGE('',*,*,#675,.T.);
#314=ORIENTED_EDGE('',*,*,#676,.T.);
#315=ORIENTED_EDGE('',*,*,#677,.T.);
#316=ORIENTED_EDGE('',*,*,#678,.T.);
#317=ORIENTED_EDGE('',*,*,#679,.T.);
#318=ORIENTED_EDGE('',*,*,#680,.T.);
#319=ORIENTED_EDGE('',*,*,#681,.T.);
#320=ORIENTED_EDGE('',*,*,#682,.T.);
#321=ORIENTED_EDGE('',*,*,#683,.T.);
#322=ORIENTED_EDGE('',*,*,#684,.T.);
#323=ORIENTED_EDGE('',*,*,#685,.T.);
#324=ORIENTED_EDGE('',*,*,#686,.T.);
#325=ORIENTED_EDGE('',*,*,#687,.T.);
#326=ORIENTED_EDGE('',*,*,#688,.T.);
#327=ORIENTED_EDGE('',*,*,#689,.T.);
#328=ORIENTED_EDGE('',*,*,#690,.T.);
#329=ORIENTED_EDGE('',*,*,#691,.T.);
#330=ORIENTED_EDGE('',*,*,#692,.T.);
#331=ORIENTED_EDGE('',*,*,#693,.T.);
#332=ORIENTED_EDGE('',*,*,#694,.T.);
#333=ORIENTED_EDGE('',*,*,#662,.F.);
#334=ORIENTED_EDGE('',*,*,#695,.F.);
#335=ORIENTED_EDGE('',*,*,#661,.T.);
#336=ORIENTED_EDGE('',*,*,#694,.F.);
#337=ORIENTED_EDGE('',*,*,#695,.T.);
#338=ORIENTED_EDGE('',*,*,#696,.F.);
#339=ORIENTED_EDGE('',*,*,#697,.F.);
#340=ORIENTED_EDGE('',*,*,#698,.F.);
#341=ORIENTED_EDGE('',*,*,#699,.F.);
#342=ORIENTED_EDGE('',*,*,#700,.F.);
#343=ORIENTED_EDGE('',*,*,#663,.F.);
#344=ORIENTED_EDGE('',*,*,#701,.F.);
#345=ORIENTED_EDGE('',*,*,#696,.T.);
#346=ORIENTED_EDGE('',*,*,#702,.T.);
#347=ORIENTED_EDGE('',*,*,#664,.F.);
#348=ORIENTED_EDGE('',*,*,#702,.F.);
#349=ORIENTED_EDGE('',*,*,#700,.T.);
#350=ORIENTED_EDGE('',*,*,#703,.T.);
#351=ORIENTED_EDGE('',*,*,#665,.F.);
#352=ORIENTED_EDGE('',*,*,#703,.F.);
#353=ORIENTED_EDGE('',*,*,#699,.T.);
#354=ORIENTED_EDGE('',*,*,#704,.T.);
#355=ORIENTED_EDGE('',*,*,#666,.F.);
#356=ORIENTED_EDGE('',*,*,#704,.F.);
#357=ORIENTED_EDGE('',*,*,#698,.T.);
#358=ORIENTED_EDGE('',*,*,#705,.T.);
#359=ORIENTED_EDGE('',*,*,#667,.F.);
#360=ORIENTED_EDGE('',*,*,#705,.F.);
#361=ORIENTED_EDGE('',*,*,#697,.T.);
#362=ORIENTED_EDGE('',*,*,#701,.T.);
#363=ORIENTED_EDGE('',*,*,#706,.F.);
#364=ORIENTED_EDGE('',*,*,#707,.F.);
#365=ORIENTED_EDGE('',*,*,#708,.F.);
#366=ORIENTED_EDGE('',*,*,#709,.F.);
#367=ORIENTED_EDGE('',*,*,#710,.F.);
#368=ORIENTED_EDGE('',*,*,#711,.F.);
#369=ORIENTED_EDGE('',*,*,#656,.F.);
#370=ORIENTED_EDGE('',*,*,#712,.F.);
#371=ORIENTED_EDGE('',*,*,#706,.T.);
#372=ORIENTED_EDGE('',*,*,#713,.T.);
#373=ORIENTED_EDGE('',*,*,#657,.F.);
#374=ORIENTED_EDGE('',*,*,#713,.F.);
#375=ORIENTED_EDGE('',*,*,#710,.T.);
#376=ORIENTED_EDGE('',*,*,#714,.T.);
#377=ORIENTED_EDGE('',*,*,#658,.F.);
#378=ORIENTED_EDGE('',*,*,#714,.F.);
#379=ORIENTED_EDGE('',*,*,#709,.T.);
#380=ORIENTED_EDGE('',*,*,#715,.T.);
#381=ORIENTED_EDGE('',*,*,#659,.F.);
#382=ORIENTED_EDGE('',*,*,#715,.F.);
#383=ORIENTED_EDGE('',*,*,#708,.T.);
#384=ORIENTED_EDGE('',*,*,#716,.T.);
#385=ORIENTED_EDGE('',*,*,#660,.F.);
#386=ORIENTED_EDGE('',*,*,#716,.F.);
#387=ORIENTED_EDGE('',*,*,#707,.T.);
#388=ORIENTED_EDGE('',*,*,#712,.T.);
#389=ORIENTED_EDGE('',*,*,#711,.T.);
#390=ORIENTED_EDGE('',*,*,#717,.F.);
#391=ORIENTED_EDGE('',*,*,#718,.F.);
#392=ORIENTED_EDGE('',*,*,#719,.F.);
#393=ORIENTED_EDGE('',*,*,#720,.F.);
#394=ORIENTED_EDGE('',*,*,#721,.F.);
#395=ORIENTED_EDGE('',*,*,#722,.F.);
#396=ORIENTED_EDGE('',*,*,#723,.F.);
#397=ORIENTED_EDGE('',*,*,#724,.F.);
#398=ORIENTED_EDGE('',*,*,#725,.F.);
#399=ORIENTED_EDGE('',*,*,#726,.F.);
#400=ORIENTED_EDGE('',*,*,#727,.F.);
#401=ORIENTED_EDGE('',*,*,#728,.F.);
#402=ORIENTED_EDGE('',*,*,#668,.F.);
#403=ORIENTED_EDGE('',*,*,#729,.F.);
#404=ORIENTED_EDGE('',*,*,#718,.T.);
#405=ORIENTED_EDGE('',*,*,#730,.T.);
#406=ORIENTED_EDGE('',*,*,#669,.F.);
#407=ORIENTED_EDGE('',*,*,#730,.F.);
#408=ORIENTED_EDGE('',*,*,#728,.T.);
#409=ORIENTED_EDGE('',*,*,#731,.T.);
#410=ORIENTED_EDGE('',*,*,#670,.F.);
#411=ORIENTED_EDGE('',*,*,#731,.F.);
#412=ORIENTED_EDGE('',*,*,#727,.T.);
#413=ORIENTED_EDGE('',*,*,#732,.T.);
#414=ORIENTED_EDGE('',*,*,#671,.F.);
#415=ORIENTED_EDGE('',*,*,#732,.F.);
#416=ORIENTED_EDGE('',*,*,#726,.T.);
#417=ORIENTED_EDGE('',*,*,#733,.T.);
#418=ORIENTED_EDGE('',*,*,#672,.F.);
#419=ORIENTED_EDGE('',*,*,#733,.F.);
#420=ORIENTED_EDGE('',*,*,#725,.T.);
#421=ORIENTED_EDGE('',*,*,#734,.T.);
#422=ORIENTED_EDGE('',*,*,#673,.F.);
#423=ORIENTED_EDGE('',*,*,#734,.F.);
#424=ORIENTED_EDGE('',*,*,#724,.T.);
#425=ORIENTED_EDGE('',*,*,#735,.T.);
#426=ORIENTED_EDGE('',*,*,#674,.F.);
#427=ORIENTED_EDGE('',*,*,#735,.F.);
#428=ORIENTED_EDGE('',*,*,#723,.T.);
#429=ORIENTED_EDGE('',*,*,#736,.T.);
#430=ORIENTED_EDGE('',*,*,#675,.F.);
#431=ORIENTED_EDGE('',*,*,#736,.F.);
#432=ORIENTED_EDGE('',*,*,#722,.T.);
#433=ORIENTED_EDGE('',*,*,#737,.T.);
#434=ORIENTED_EDGE('',*,*,#676,.F.);
#435=ORIENTED_EDGE('',*,*,#737,.F.);
#436=ORIENTED_EDGE('',*,*,#721,.T.);
#437=ORIENTED_EDGE('',*,*,#738,.T.);
#438=ORIENTED_EDGE('',*,*,#677,.F.);
#439=ORIENTED_EDGE('',*,*,#738,.F.);
#440=ORIENTED_EDGE('',*,*,#720,.T.);
#441=ORIENTED_EDGE('',*,*,#739,.T.);
#442=ORIENTED_EDGE('',*,*,#678,.F.);
#443=ORIENTED_EDGE('',*,*,#739,.F.);
#444=ORIENTED_EDGE('',*,*,#719,.T.);
#445=ORIENTED_EDGE('',*,*,#729,.T.);
#446=ORIENTED_EDGE('',*,*,#740,.F.);
#447=ORIENTED_EDGE('',*,*,#741,.F.);
#448=ORIENTED_EDGE('',*,*,#742,.F.);
#449=ORIENTED_EDGE('',*,*,#743,.F.);
#450=ORIENTED_EDGE('',*,*,#744,.F.);
#451=ORIENTED_EDGE('',*,*,#745,.F.);
#452=ORIENTED_EDGE('',*,*,#746,.F.);
#453=ORIENTED_EDGE('',*,*,#747,.F.);
#454=ORIENTED_EDGE('',*,*,#748,.F.);
#455=ORIENTED_EDGE('',*,*,#749,.F.);
#456=ORIENTED_EDGE('',*,*,#750,.F.);
#457=ORIENTED_EDGE('',*,*,#751,.F.);
#458=ORIENTED_EDGE('',*,*,#752,.F.);
#459=ORIENTED_EDGE('',*,*,#753,.F.);
#460=ORIENTED_EDGE('',*,*,#754,.F.);
#461=ORIENTED_EDGE('',*,*,#641,.F.);
#462=ORIENTED_EDGE('',*,*,#755,.F.);
#463=ORIENTED_EDGE('',*,*,#740,.T.);
#464=ORIENTED_EDGE('',*,*,#756,.T.);
#465=ORIENTED_EDGE('',*,*,#642,.F.);
#466=ORIENTED_EDGE('',*,*,#756,.F.);
#467=ORIENTED_EDGE('',*,*,#754,.T.);
#468=ORIENTED_EDGE('',*,*,#757,.T.);
#469=ORIENTED_EDGE('',*,*,#643,.F.);
#470=ORIENTED_EDGE('',*,*,#757,.F.);
#471=ORIENTED_EDGE('',*,*,#753,.T.);
#472=ORIENTED_EDGE('',*,*,#758,.T.);
#473=ORIENTED_EDGE('',*,*,#644,.F.);
#474=ORIENTED_EDGE('',*,*,#758,.F.);
#475=ORIENTED_EDGE('',*,*,#752,.T.);
#476=ORIENTED_EDGE('',*,*,#759,.T.);
#477=ORIENTED_EDGE('',*,*,#645,.F.);
#478=ORIENTED_EDGE('',*,*,#759,.F.);
#479=ORIENTED_EDGE('',*,*,#751,.T.);
#480=ORIENTED_EDGE('',*,*,#760,.T.);
#481=ORIENTED_EDGE('',*,*,#646,.F.);
#482=ORIENTED_EDGE('',*,*,#760,.F.);
#483=ORIENTED_EDGE('',*,*,#750,.T.);
#484=ORIENTED_EDGE('',*,*,#761,.T.);
#485=ORIENTED_EDGE('',*,*,#647,.F.);
#486=ORIENTED_EDGE('',*,*,#761,.F.);
#487=ORIENTED_EDGE('',*,*,#749,.T.);
#488=ORIENTED_EDGE('',*,*,#762,.T.);
#489=ORIENTED_EDGE('',*,*,#648,.F.);
#490=ORIENTED_EDGE('',*,*,#762,.F.);
#491=ORIENTED_EDGE('',*,*,#748,.T.);
#492=ORIENTED_EDGE('',*,*,#763,.T.);
#493=ORIENTED_EDGE('',*,*,#649,.F.);
#494=ORIENTED_EDGE('',*,*,#763,.F.);
#495=ORIENTED_EDGE('',*,*,#747,.T.);
#496=ORIENTED_EDGE('',*,*,#764,.T.);
#497=ORIENTED_EDGE('',*,*,#650,.F.);
#498=ORIENTED_EDGE('',*,*,#764,.F.);
#499=ORIENTED_EDGE('',*,*,#746,.T.);
#500=ORIENTED_EDGE('',*,*,#765,.T.);
#501=ORIENTED_EDGE('',*,*,#651,.F.);
#502=ORIENTED_EDGE('',*,*,#765,.F.);
#503=ORIENTED_EDGE('',*,*,#745,.T.);
#504=ORIENTED_EDGE('',*,*,#766,.T.);
#505=ORIENTED_EDGE('',*,*,#652,.F.);
#506=ORIENTED_EDGE('',*,*,#766,.F.);
#507=ORIENTED_EDGE('',*,*,#744,.T.);
#508=ORIENTED_EDGE('',*,*,#767,.T.);
#509=ORIENTED_EDGE('',*,*,#653,.F.);
#510=ORIENTED_EDGE('',*,*,#767,.F.);
#511=ORIENTED_EDGE('',*,*,#743,.T.);
#512=ORIENTED_EDGE('',*,*,#768,.T.);
#513=ORIENTED_EDGE('',*,*,#654,.F.);
#514=ORIENTED_EDGE('',*,*,#768,.F.);
#515=ORIENTED_EDGE('',*,*,#742,.T.);
#516=ORIENTED_EDGE('',*,*,#769,.T.);
#517=ORIENTED_EDGE('',*,*,#655,.F.);
#518=ORIENTED_EDGE('',*,*,#769,.F.);
#519=ORIENTED_EDGE('',*,*,#741,.T.);
#520=ORIENTED_EDGE('',*,*,#755,.T.);
#521=ORIENTED_EDGE('',*,*,#770,.F.);
#522=ORIENTED_EDGE('',*,*,#771,.F.);
#523=ORIENTED_EDGE('',*,*,#772,.F.);
#524=ORIENTED_EDGE('',*,*,#773,.F.);
#525=ORIENTED_EDGE('',*,*,#774,.F.);
#526=ORIENTED_EDGE('',*,*,#775,.F.);
#527=ORIENTED_EDGE('',*,*,#776,.F.);
#528=ORIENTED_EDGE('',*,*,#777,.F.);
#529=ORIENTED_EDGE('',*,*,#778,.F.);
#530=ORIENTED_EDGE('',*,*,#779,.F.);
#531=ORIENTED_EDGE('',*,*,#780,.F.);
#532=ORIENTED_EDGE('',*,*,#679,.F.);
#533=ORIENTED_EDGE('',*,*,#781,.F.);
#534=ORIENTED_EDGE('',*,*,#770,.T.);
#535=ORIENTED_EDGE('',*,*,#782,.T.);
#536=ORIENTED_EDGE('',*,*,#680,.F.);
#537=ORIENTED_EDGE('',*,*,#782,.F.);
#538=ORIENTED_EDGE('',*,*,#780,.T.);
#539=ORIENTED_EDGE('',*,*,#783,.T.);
#540=ORIENTED_EDGE('',*,*,#681,.F.);
#541=ORIENTED_EDGE('',*,*,#783,.F.);
#542=ORIENTED_EDGE('',*,*,#779,.T.);
#543=ORIENTED_EDGE('',*,*,#784,.T.);
#544=ORIENTED_EDGE('',*,*,#682,.F.);
#545=ORIENTED_EDGE('',*,*,#784,.F.);
#546=ORIENTED_EDGE('',*,*,#778,.T.);
#547=ORIENTED_EDGE('',*,*,#785,.T.);
#548=ORIENTED_EDGE('',*,*,#683,.F.);
#549=ORIENTED_EDGE('',*,*,#785,.F.);
#550=ORIENTED_EDGE('',*,*,#777,.T.);
#551=ORIENTED_EDGE('',*,*,#786,.T.);
#552=ORIENTED_EDGE('',*,*,#684,.F.);
#553=ORIENTED_EDGE('',*,*,#786,.F.);
#554=ORIENTED_EDGE('',*,*,#776,.T.);
#555=ORIENTED_EDGE('',*,*,#787,.T.);
#556=ORIENTED_EDGE('',*,*,#685,.F.);
#557=ORIENTED_EDGE('',*,*,#787,.F.);
#558=ORIENTED_EDGE('',*,*,#775,.T.);
#559=ORIENTED_EDGE('',*,*,#788,.T.);
#560=ORIENTED_EDGE('',*,*,#686,.F.);
#561=ORIENTED_EDGE('',*,*,#788,.F.);
#562=ORIENTED_EDGE('',*,*,#774,.T.);
#563=ORIENTED_EDGE('',*,*,#789,.T.);
#564=ORIENTED_EDGE('',*,*,#687,.F.);
#565=ORIENTED_EDGE('',*,*,#789,.F.);
#566=ORIENTED_EDGE('',*,*,#773,.T.);
#567=ORIENTED_EDGE('',*,*,#790,.T.);
#568=ORIENTED_EDGE('',*,*,#688,.F.);
#569=ORIENTED_EDGE('',*,*,#790,.F.);
#570=ORIENTED_EDGE('',*,*,#772,.T.);
#571=ORIENTED_EDGE('',*,*,#791,.T.);
#572=ORIENTED_EDGE('',*,*,#689,.F.);
#573=ORIENTED_EDGE('',*,*,#791,.F.);
#574=ORIENTED_EDGE('',*,*,#771,.T.);
#575=ORIENTED_EDGE('',*,*,#781,.T.);
#576=ORIENTED_EDGE('',*,*,#792,.F.);
#577=ORIENTED_EDGE('',*,*,#793,.F.);
#578=ORIENTED_EDGE('',*,*,#794,.F.);
#579=ORIENTED_EDGE('',*,*,#795,.F.);
#580=ORIENTED_EDGE('',*,*,#637,.F.);
#581=ORIENTED_EDGE('',*,*,#796,.F.);
#582=ORIENTED_EDGE('',*,*,#792,.T.);
#583=ORIENTED_EDGE('',*,*,#797,.T.);
#584=ORIENTED_EDGE('',*,*,#638,.F.);
#585=ORIENTED_EDGE('',*,*,#797,.F.);
#586=ORIENTED_EDGE('',*,*,#795,.T.);
#587=ORIENTED_EDGE('',*,*,#798,.T.);
#588=ORIENTED_EDGE('',*,*,#639,.F.);
#589=ORIENTED_EDGE('',*,*,#798,.F.);
#590=ORIENTED_EDGE('',*,*,#794,.T.);
#591=ORIENTED_EDGE('',*,*,#799,.T.);
#592=ORIENTED_EDGE('',*,*,#640,.F.);
#593=ORIENTED_EDGE('',*,*,#799,.F.);
#594=ORIENTED_EDGE('',*,*,#793,.T.);
#595=ORIENTED_EDGE('',*,*,#796,.T.);
#596=ORIENTED_EDGE('',*,*,#800,.F.);
#597=ORIENTED_EDGE('',*,*,#801,.F.);
#598=ORIENTED_EDGE('',*,*,#802,.F.);
#599=ORIENTED_EDGE('',*,*,#803,.F.);
#600=ORIENTED_EDGE('',*,*,#804,.F.);
#601=ORIENTED_EDGE('',*,*,#805,.F.);
#602=ORIENTED_EDGE('',*,*,#690,.F.);
#603=ORIENTED_EDGE('',*,*,#806,.F.);
#604=ORIENTED_EDGE('',*,*,#805,.T.);
#605=ORIENTED_EDGE('',*,*,#807,.T.);
#606=ORIENTED_EDGE('',*,*,#691,.F.);
#607=ORIENTED_EDGE('',*,*,#807,.F.);
#608=ORIENTED_EDGE('',*,*,#804,.T.);
#609=ORIENTED_EDGE('',*,*,#808,.T.);
#610=ORIENTED_EDGE('',*,*,#692,.F.);
#611=ORIENTED_EDGE('',*,*,#808,.F.);
#612=ORIENTED_EDGE('',*,*,#803,.T.);
#613=ORIENTED_EDGE('',*,*,#809,.T.);
#614=ORIENTED_EDGE('',*,*,#693,.F.);
#615=ORIENTED_EDGE('',*,*,#809,.F.);
#616=ORIENTED_EDGE('',*,*,#802,.T.);
#617=ORIENTED_EDGE('',*,*,#806,.T.);
#618=ORIENTED_EDGE('',*,*,#810,.F.);
#619=ORIENTED_EDGE('',*,*,#811,.F.);
#620=ORIENTED_EDGE('',*,*,#801,.T.);
#621=ORIENTED_EDGE('',*,*,#812,.T.);
#622=ORIENTED_EDGE('',*,*,#813,.F.);
#623=ORIENTED_EDGE('',*,*,#812,.F.);
#624=ORIENTED_EDGE('',*,*,#800,.T.);
#625=ORIENTED_EDGE('',*,*,#811,.T.);
#626=ORIENTED_EDGE('',*,*,#717,.T.);
#627=ORIENTED_EDGE('',*,*,#814,.F.);
#628=ORIENTED_EDGE('',*,*,#815,.F.);
#629=ORIENTED_EDGE('',*,*,#815,.T.);
#630=ORIENTED_EDGE('',*,*,#636,.F.);
#631=ORIENTED_EDGE('',*,*,#814,.T.);
#632=ORIENTED_EDGE('',*,*,#816,.F.);
#633=ORIENTED_EDGE('',*,*,#816,.T.);
#634=ORIENTED_EDGE('',*,*,#810,.T.);
#635=ORIENTED_EDGE('',*,*,#813,.T.);
#636=EDGE_CURVE('',#817,#817,#941,.T.);
#637=EDGE_CURVE('',#818,#819,#64,.T.);
#638=EDGE_CURVE('',#819,#820,#942,.T.);
#639=EDGE_CURVE('',#820,#821,#943,.T.);
#640=EDGE_CURVE('',#821,#818,#944,.T.);
#641=EDGE_CURVE('',#822,#823,#65,.T.);
#642=EDGE_CURVE('',#823,#824,#945,.T.);
#643=EDGE_CURVE('',#824,#825,#946,.T.);
#644=EDGE_CURVE('',#825,#826,#947,.T.);
#645=EDGE_CURVE('',#826,#827,#66,.T.);
#646=EDGE_CURVE('',#827,#828,#948,.T.);
#647=EDGE_CURVE('',#828,#829,#67,.T.);
#648=EDGE_CURVE('',#829,#830,#949,.T.);
#649=EDGE_CURVE('',#830,#831,#68,.T.);
#650=EDGE_CURVE('',#831,#832,#950,.T.);
#651=EDGE_CURVE('',#832,#833,#69,.T.);
#652=EDGE_CURVE('',#833,#834,#70,.T.);
#653=EDGE_CURVE('',#834,#835,#951,.T.);
#654=EDGE_CURVE('',#835,#836,#71,.T.);
#655=EDGE_CURVE('',#836,#822,#952,.T.);
#656=EDGE_CURVE('',#837,#838,#72,.T.);
#657=EDGE_CURVE('',#838,#839,#953,.T.);
#658=EDGE_CURVE('',#839,#840,#954,.T.);
#659=EDGE_CURVE('',#840,#841,#73,.T.);
#660=EDGE_CURVE('',#841,#837,#955,.T.);
#661=EDGE_CURVE('',#842,#842,#58,.T.);
#662=EDGE_CURVE('',#843,#843,#59,.T.);
#663=EDGE_CURVE('',#844,#845,#956,.T.);
#664=EDGE_CURVE('',#845,#846,#957,.T.);
#665=EDGE_CURVE('',#846,#847,#958,.T.);
#666=EDGE_CURVE('',#847,#848,#959,.T.);
#667=EDGE_CURVE('',#848,#844,#74,.T.);
#668=EDGE_CURVE('',#849,#850,#75,.T.);
#669=EDGE_CURVE('',#850,#851,#960,.T.);
#670=EDGE_CURVE('',#851,#852,#961,.T.);
#671=EDGE_CURVE('',#852,#853,#962,.T.);
#672=EDGE_CURVE('',#853,#854,#76,.T.);
#673=EDGE_CURVE('',#854,#855,#77,.T.);
#674=EDGE_CURVE('',#855,#856,#963,.T.);
#675=EDGE_CURVE('',#856,#857,#60,.T.);
#676=EDGE_CURVE('',#857,#858,#964,.T.);
#677=EDGE_CURVE('',#858,#859,#965,.T.);
#678=EDGE_CURVE('',#859,#849,#78,.T.);
#679=EDGE_CURVE('',#860,#861,#79,.T.);
#680=EDGE_CURVE('',#861,#862,#80,.T.);
#681=EDGE_CURVE('',#862,#863,#966,.T.);
#682=EDGE_CURVE('',#863,#864,#967,.T.);
#683=EDGE_CURVE('',#864,#865,#968,.T.);
#684=EDGE_CURVE('',#865,#866,#81,.T.);
#685=EDGE_CURVE('',#866,#867,#82,.T.);
#686=EDGE_CURVE('',#867,#868,#83,.T.);
#687=EDGE_CURVE('',#868,#869,#969,.T.);
#688=EDGE_CURVE('',#869,#870,#84,.T.);
#689=EDGE_CURVE('',#870,#860,#970,.T.);
#690=EDGE_CURVE('',#871,#872,#85,.T.);
#691=EDGE_CURVE('',#872,#873,#971,.T.);
#692=EDGE_CURVE('',#873,#874,#86,.T.);
#693=EDGE_CURVE('',#874,#871,#972,.T.);
#694=EDGE_CURVE('',#875,#875,#61,.T.);
#695=EDGE_CURVE('',#876,#876,#62,.T.);
#696=EDGE_CURVE('',#877,#878,#973,.T.);
#697=EDGE_CURVE('',#879,#877,#87,.T.);
#698=EDGE_CURVE('',#880,#879,#974,.T.);
#699=EDGE_CURVE('',#881,#880,#975,.T.);
#700=EDGE_CURVE('',#878,#881,#976,.T.);
#701=EDGE_CURVE('',#877,#844,#88,.T.);
#702=EDGE_CURVE('',#878,#845,#89,.T.);
#703=EDGE_CURVE('',#881,#846,#90,.T.);
#704=EDGE_CURVE('',#880,#847,#91,.T.);
#705=EDGE_CURVE('',#879,#848,#92,.T.);
#706=EDGE_CURVE('',#882,#883,#93,.T.);
#707=EDGE_CURVE('',#884,#882,#977,.T.);
#708=EDGE_CURVE('',#885,#884,#94,.T.);
#709=EDGE_CURVE('',#886,#885,#978,.T.);
#710=EDGE_CURVE('',#883,#886,#979,.T.);
#711=EDGE_CURVE('',#887,#887,#980,.T.);
#712=EDGE_CURVE('',#882,#837,#95,.T.);
#713=EDGE_CURVE('',#883,#838,#96,.T.);
#714=EDGE_CURVE('',#886,#839,#97,.T.);
#715=EDGE_CURVE('',#885,#840,#98,.T.);
#716=EDGE_CURVE('',#884,#841,#99,.T.);
#717=EDGE_CURVE('',#888,#888,#981,.T.);
#718=EDGE_CURVE('',#889,#890,#100,.T.);
#719=EDGE_CURVE('',#891,#889,#101,.T.);
#720=EDGE_CURVE('',#892,#891,#982,.T.);
#721=EDGE_CURVE('',#893,#892,#983,.T.);
#722=EDGE_CURVE('',#894,#893,#63,.T.);
#723=EDGE_CURVE('',#895,#894,#984,.T.);
#724=EDGE_CURVE('',#896,#895,#102,.T.);
#725=EDGE_CURVE('',#897,#896,#103,.T.);
#726=EDGE_CURVE('',#898,#897,#985,.T.);
#727=EDGE_CURVE('',#899,#898,#986,.T.);
#728=EDGE_CURVE('',#890,#899,#987,.T.);
#729=EDGE_CURVE('',#889,#849,#104,.T.);
#730=EDGE_CURVE('',#890,#850,#105,.T.);
#731=EDGE_CURVE('',#899,#851,#106,.T.);
#732=EDGE_CURVE('',#898,#852,#107,.T.);
#733=EDGE_CURVE('',#897,#853,#108,.T.);
#734=EDGE_CURVE('',#896,#854,#109,.T.);
#735=EDGE_CURVE('',#895,#855,#110,.T.);
#736=EDGE_CURVE('',#894,#856,#111,.T.);
#737=EDGE_CURVE('',#893,#857,#112,.T.);
#738=EDGE_CURVE('',#892,#858,#113,.T.);
#739=EDGE_CURVE('',#891,#859,#114,.T.);
#740=EDGE_CURVE('',#900,#901,#115,.T.);
#741=EDGE_CURVE('',#902,#900,#988,.T.);
#742=EDGE_CURVE('',#903,#902,#116,.T.);
#743=EDGE_CURVE('',#904,#903,#989,.T.);
#744=EDGE_CURVE('',#905,#904,#117,.T.);
#745=EDGE_CURVE('',#906,#905,#118,.T.);
#746=EDGE_CURVE('',#907,#906,#990,.T.);
#747=EDGE_CURVE('',#908,#907,#119,.T.);
#748=EDGE_CURVE('',#909,#908,#991,.T.);
#749=EDGE_CURVE('',#910,#909,#120,.T.);
#750=EDGE_CURVE('',#911,#910,#992,.T.);
#751=EDGE_CURVE('',#912,#911,#121,.T.);
#752=EDGE_CURVE('',#913,#912,#993,.T.);
#753=EDGE_CURVE('',#914,#913,#994,.T.);
#754=EDGE_CURVE('',#901,#914,#995,.T.);
#755=EDGE_CURVE('',#900,#822,#122,.T.);
#756=EDGE_CURVE('',#901,#823,#123,.T.);
#757=EDGE_CURVE('',#914,#824,#124,.T.);
#758=EDGE_CURVE('',#913,#825,#125,.T.);
#759=EDGE_CURVE('',#912,#826,#126,.T.);
#760=EDGE_CURVE('',#911,#827,#127,.T.);
#761=EDGE_CURVE('',#910,#828,#128,.T.);
#762=EDGE_CURVE('',#909,#829,#129,.T.);
#763=EDGE_CURVE('',#908,#830,#130,.T.);
#764=EDGE_CURVE('',#907,#831,#131,.T.);
#765=EDGE_CURVE('',#906,#832,#132,.T.);
#766=EDGE_CURVE('',#905,#833,#133,.T.);
#767=EDGE_CURVE('',#904,#834,#134,.T.);
#768=EDGE_CURVE('',#903,#835,#135,.T.);
#769=EDGE_CURVE('',#902,#836,#136,.T.);
#770=EDGE_CURVE('',#915,#916,#137,.T.);
#771=EDGE_CURVE('',#917,#915,#996,.T.);
#772=EDGE_CURVE('',#918,#917,#138,.T.);
#773=EDGE_CURVE('',#919,#918,#997,.T.);
#774=EDGE_CURVE('',#920,#919,#139,.T.);
#775=EDGE_CURVE('',#921,#920,#140,.T.);
#776=EDGE_CURVE('',#922,#921,#141,.T.);
#777=EDGE_CURVE('',#923,#922,#998,.T.);
#778=EDGE_CURVE('',#924,#923,#999,.T.);
#779=EDGE_CURVE('',#925,#924,#1000,.T.);
#780=EDGE_CURVE('',#916,#925,#142,.T.);
#781=EDGE_CURVE('',#915,#860,#143,.T.);
#782=EDGE_CURVE('',#916,#861,#144,.T.);
#783=EDGE_CURVE('',#925,#862,#145,.T.);
#784=EDGE_CURVE('',#924,#863,#146,.T.);
#785=EDGE_CURVE('',#923,#864,#147,.T.);
#786=EDGE_CURVE('',#922,#865,#148,.T.);
#787=EDGE_CURVE('',#921,#866,#149,.T.);
#788=EDGE_CURVE('',#920,#867,#150,.T.);
#789=EDGE_CURVE('',#919,#868,#151,.T.);
#790=EDGE_CURVE('',#918,#869,#152,.T.);
#791=EDGE_CURVE('',#917,#870,#153,.T.);
#792=EDGE_CURVE('',#926,#927,#154,.T.);
#793=EDGE_CURVE('',#928,#926,#1001,.T.);
#794=EDGE_CURVE('',#929,#928,#1002,.T.);
#795=EDGE_CURVE('',#927,#929,#1003,.T.);
#796=EDGE_CURVE('',#926,#818,#155,.T.);
#797=EDGE_CURVE('',#927,#819,#156,.T.);
#798=EDGE_CURVE('',#929,#820,#157,.T.);
#799=EDGE_CURVE('',#928,#821,#158,.T.);
#800=EDGE_CURVE('',#930,#931,#159,.T.);
#801=EDGE_CURVE('',#931,#930,#1004,.T.);
#802=EDGE_CURVE('',#932,#933,#1005,.T.);
#803=EDGE_CURVE('',#934,#932,#160,.T.);
#804=EDGE_CURVE('',#935,#934,#1006,.T.);
#805=EDGE_CURVE('',#933,#935,#161,.T.);
#806=EDGE_CURVE('',#933,#871,#162,.T.);
#807=EDGE_CURVE('',#935,#872,#163,.T.);
#808=EDGE_CURVE('',#934,#873,#164,.T.);
#809=EDGE_CURVE('',#932,#874,#165,.T.);
#810=EDGE_CURVE('',#936,#937,#1007,.T.);
#811=EDGE_CURVE('',#931,#936,#166,.T.);
#812=EDGE_CURVE('',#930,#937,#167,.T.);
#813=EDGE_CURVE('',#937,#936,#168,.T.);
#814=EDGE_CURVE('',#938,#938,#1008,.T.);
#815=EDGE_CURVE('',#939,#939,#1009,.T.);
#816=EDGE_CURVE('',#940,#940,#1010,.T.);
#817=VERTEX_POINT('',#1591);
#818=VERTEX_POINT('',#1593);
#819=VERTEX_POINT('',#1594);
#820=VERTEX_POINT('',#1626);
#821=VERTEX_POINT('',#1631);
#822=VERTEX_POINT('',#1657);
#823=VERTEX_POINT('',#1658);
#824=VERTEX_POINT('',#1669);
#825=VERTEX_POINT('',#1677);
#826=VERTEX_POINT('',#1691);
#827=VERTEX_POINT('',#1693);
#828=VERTEX_POINT('',#1704);
#829=VERTEX_POINT('',#1706);
#830=VERTEX_POINT('',#1720);
#831=VERTEX_POINT('',#1722);
#832=VERTEX_POINT('',#1733);
#833=VERTEX_POINT('',#1735);
#834=VERTEX_POINT('',#1737);
#835=VERTEX_POINT('',#1763);
#836=VERTEX_POINT('',#1765);
#837=VERTEX_POINT('',#1777);
#838=VERTEX_POINT('',#1778);
#839=VERTEX_POINT('',#1791);
#840=VERTEX_POINT('',#1801);
#841=VERTEX_POINT('',#1803);
#842=VERTEX_POINT('',#1823);
#843=VERTEX_POINT('',#1825);
#844=VERTEX_POINT('',#1870);
#845=VERTEX_POINT('',#1871);
#846=VERTEX_POINT('',#1879);
#847=VERTEX_POINT('',#1904);
#848=VERTEX_POINT('',#1923);
#849=VERTEX_POINT('',#1926);
#850=VERTEX_POINT('',#1927);
#851=VERTEX_POINT('',#1955);
#852=VERTEX_POINT('',#1965);
#853=VERTEX_POINT('',#1975);
#854=VERTEX_POINT('',#1977);
#855=VERTEX_POINT('',#1979);
#856=VERTEX_POINT('',#1995);
#857=VERTEX_POINT('',#1997);
#858=VERTEX_POINT('',#2016);
#859=VERTEX_POINT('',#2026);
#860=VERTEX_POINT('',#2029);
#861=VERTEX_POINT('',#2030);
#862=VERTEX_POINT('',#2032);
#863=VERTEX_POINT('',#2055);
#864=VERTEX_POINT('',#2068);
#865=VERTEX_POINT('',#2081);
#866=VERTEX_POINT('',#2083);
#867=VERTEX_POINT('',#2085);
#868=VERTEX_POINT('',#2087);
#869=VERTEX_POINT('',#2109);
#870=VERTEX_POINT('',#2111);
#871=VERTEX_POINT('',#2123);
#872=VERTEX_POINT('',#2124);
#873=VERTEX_POINT('',#2136);
#874=VERTEX_POINT('',#2138);
#875=VERTEX_POINT('',#2161);
#876=VERTEX_POINT('',#2164);
#877=VERTEX_POINT('',#2211);
#878=VERTEX_POINT('',#2212);
#879=VERTEX_POINT('',#2214);
#880=VERTEX_POINT('',#2233);
#881=VERTEX_POINT('',#2258);
#882=VERTEX_POINT('',#2384);
#883=VERTEX_POINT('',#2385);
#884=VERTEX_POINT('',#2404);
#885=VERTEX_POINT('',#2406);
#886=VERTEX_POINT('',#2416);
#887=VERTEX_POINT('',#2453);
#888=VERTEX_POINT('',#2599);
#889=VERTEX_POINT('',#2602);
#890=VERTEX_POINT('',#2603);
#891=VERTEX_POINT('',#2605);
#892=VERTEX_POINT('',#2615);
#893=VERTEX_POINT('',#2634);
#894=VERTEX_POINT('',#2636);
#895=VERTEX_POINT('',#2652);
#896=VERTEX_POINT('',#2654);
#897=VERTEX_POINT('',#2656);
#898=VERTEX_POINT('',#2666);
#899=VERTEX_POINT('',#2676);
#900=VERTEX_POINT('',#2810);
#901=VERTEX_POINT('',#2811);
#902=VERTEX_POINT('',#2822);
#903=VERTEX_POINT('',#2824);
#904=VERTEX_POINT('',#2850);
#905=VERTEX_POINT('',#2852);
#906=VERTEX_POINT('',#2854);
#907=VERTEX_POINT('',#2865);
#908=VERTEX_POINT('',#2867);
#909=VERTEX_POINT('',#2881);
#910=VERTEX_POINT('',#2883);
#911=VERTEX_POINT('',#2894);
#912=VERTEX_POINT('',#2896);
#913=VERTEX_POINT('',#2910);
#914=VERTEX_POINT('',#2918);
#915=VERTEX_POINT('',#3063);
#916=VERTEX_POINT('',#3064);
#917=VERTEX_POINT('',#3075);
#918=VERTEX_POINT('',#3077);
#919=VERTEX_POINT('',#3099);
#920=VERTEX_POINT('',#3101);
#921=VERTEX_POINT('',#3103);
#922=VERTEX_POINT('',#3105);
#923=VERTEX_POINT('',#3118);
#924=VERTEX_POINT('',#3131);
#925=VERTEX_POINT('',#3154);
#926=VERTEX_POINT('',#3269);
#927=VERTEX_POINT('',#3270);
#928=VERTEX_POINT('',#3295);
#929=VERTEX_POINT('',#3300);
#930=VERTEX_POINT('',#3417);
#931=VERTEX_POINT('',#3418);
#932=VERTEX_POINT('',#3451);
#933=VERTEX_POINT('',#3452);
#934=VERTEX_POINT('',#3454);
#935=VERTEX_POINT('',#3466);
#936=VERTEX_POINT('',#3542);
#937=VERTEX_POINT('',#3543);
#938=VERTEX_POINT('',#3572);
#939=VERTEX_POINT('',#3595);
#940=VERTEX_POINT('',#3678);
#941=B_SPLINE_CURVE_WITH_KNOTS('',3,(#1569,#1570,#1571,#1572,#1573,#1574,
#1575,#1576,#1577,#1578,#1579,#1580,#1581,#1582,#1583,#1584,#1585,#1586,
#1587,#1588,#1589,#1590),.UNSPECIFIED.,.T.,.F.,(4,3,2,3,2,3,2,3,4),(0.,
0.130006323499543,0.249065056987017,0.373043572850006,0.504837488733221,
0.625564739923952,0.747788698609899,0.875832845804701,1.),.UNSPECIFIED.);
#942=B_SPLINE_CURVE_WITH_KNOTS('',3,(#1595,#1596,#1597,#1598,#1599,#1600,
#1601,#1602,#1603,#1604,#1605,#1606,#1607,#1608,#1609,#1610,#1611,#1612,
#1613,#1614,#1615,#1616,#1617,#1618,#1619,#1620,#1621,#1622,#1623,#1624,
#1625),.UNSPECIFIED.,.F.,.F.,(4,3,2,3,2,3,2,2,2,3,2,3,4),(0.42404829560394,
0.477974119418465,0.537240433350931,0.611893194169712,0.698547828698411,
0.776140540662018,0.839501267086802,0.884482546151725,0.929463825216649,
0.959757339688944,0.975472294468971,0.987258510553992,1.),.UNSPECIFIED.);
#943=B_SPLINE_CURVE_WITH_KNOTS('',3,(#1627,#1628,#1629,#1630),
 .UNSPECIFIED.,.F.,.F.,(4,4),(0.,0.00760484876266086),.UNSPECIFIED.);
#944=B_SPLINE_CURVE_WITH_KNOTS('',3,(#1632,#1633,#1634,#1635,#1636,#1637,
#1638,#1639,#1640,#1641,#1642,#1643,#1644,#1645,#1646,#1647,#1648,#1649,
#1650,#1651,#1652,#1653,#1654,#1655),.UNSPECIFIED.,.F.,.F.,(4,3,3,2,3,2,
2,2,3,4),(0.00760484876266086,0.0148379363949206,0.0342109097656384,0.073297731433905,
0.121860146233873,0.1932482830841,0.259186943838891,0.325125604593681,0.369275838316453,
0.414417936494355),.UNSPECIFIED.);
#945=B_SPLINE_CURVE_WITH_KNOTS('',3,(#1659,#1660,#1661,#1662,#1663,#1664,
#1665,#1666,#1667,#1668),.UNSPECIFIED.,.F.,.F.,(4,3,3,4),(0.819891866401825,
0.941313607787854,0.972627389558437,1.),.UNSPECIFIED.);
#946=B_SPLINE_CURVE_WITH_KNOTS('',3,(#1670,#1671,#1672,#1673,#1674,#1675,
#1676),.UNSPECIFIED.,.F.,.F.,(4,3,4),(0.,0.031937480346031,0.0658992321238323),
 .UNSPECIFIED.);
#947=B_SPLINE_CURVE_WITH_KNOTS('',3,(#1678,#1679,#1680,#1681,#1682,#1683,
#1684,#1685,#1686,#1687,#1688,#1689,#1690),.UNSPECIFIED.,.F.,.F.,(4,3,3,
3,4),(0.0658992321238323,0.157901608856859,0.167980857482867,0.17935548995331,
0.188081032821182),.UNSPECIFIED.);
#948=B_SPLINE_CURVE_WITH_KNOTS('',3,(#1694,#1695,#1696,#1697,#1698,#1699,
#1700,#1701,#1702,#1703),.UNSPECIFIED.,.F.,.F.,(4,3,3,4),(0.19699599180694,
0.205732651612983,0.221874696290154,0.238373068058666),.UNSPECIFIED.);
#949=B_SPLINE_CURVE_WITH_KNOTS('',3,(#1707,#1708,#1709,#1710,#1711,#1712,
#1713,#1714,#1715,#1716,#1717,#1718,#1719),.UNSPECIFIED.,.F.,.F.,(4,3,3,
3,4),(0.241225854934109,0.384400096245389,0.394425763321853,0.404494770671616,
0.413222553372843),.UNSPECIFIED.);
#950=B_SPLINE_CURVE_WITH_KNOTS('',3,(#1723,#1724,#1725,#1726,#1727,#1728,
#1729,#1730,#1731,#1732),.UNSPECIFIED.,.F.,.F.,(4,3,3,4),(0.422137512358601,
0.430874172164645,0.445701076966828,0.463069921036313),.UNSPECIFIED.);
#951=B_SPLINE_CURVE_WITH_KNOTS('',3,(#1738,#1739,#1740,#1741,#1742,#1743,
#1744,#1745,#1746,#1747,#1748,#1749,#1750,#1751,#1752,#1753,#1754,#1755,
#1756,#1757,#1758,#1759,#1760,#1761,#1762),.UNSPECIFIED.,.F.,.F.,(4,3,3,
3,3,3,3,3,4),(0.496590166822764,0.52987515885451,0.564905338399006,0.603663659550762,
0.648575526859384,0.736313794601333,0.746448651838817,0.757649674937302,
0.766553346593396),.UNSPECIFIED.);
#952=B_SPLINE_CURVE_WITH_KNOTS('',3,(#1766,#1767,#1768,#1769,#1770,#1771,
#1772,#1773,#1774,#1775),.UNSPECIFIED.,.F.,.F.,(4,3,3,4),(0.775468305579155,
0.784383264564913,0.800525309242084,0.816860780346667),.UNSPECIFIED.);
#953=B_SPLINE_CURVE_WITH_KNOTS('',3,(#1779,#1780,#1781,#1782,#1783,#1784,
#1785,#1786,#1787,#1788,#1789,#1790),.UNSPECIFIED.,.F.,.F.,(4,3,2,3,4),
(0.694078614563465,0.707054076482115,0.720130184130026,0.733206291777938,
1.),.UNSPECIFIED.);
#954=B_SPLINE_CURVE_WITH_KNOTS('',3,(#1792,#1793,#1794,#1795,#1796,#1797,
#1798,#1799,#1800),.UNSPECIFIED.,.F.,.F.,(4,2,3,4),(0.,0.0130761076479115,
0.0261522152958231,0.0373065597522062),.UNSPECIFIED.);
#955=B_SPLINE_CURVE_WITH_KNOTS('',3,(#1804,#1805,#1806,#1807,#1808,#1809,
#1810,#1811,#1812,#1813,#1814,#1815,#1816,#1817,#1818,#1819,#1820,#1821),
 .UNSPECIFIED.,.F.,.F.,(4,3,3,2,3,3,4),(0.0484609042085893,0.132687586838421,
0.235458447196778,0.357637245774359,0.492087277396851,0.60259641692691,
0.682924270107082),.UNSPECIFIED.);
#956=B_SPLINE_CURVE_WITH_KNOTS('',3,(#1826,#1827,#1828,#1829,#1830,#1831,
#1832,#1833,#1834,#1835,#1836,#1837,#1838,#1839,#1840,#1841,#1842,#1843,
#1844,#1845,#1846,#1847,#1848,#1849,#1850,#1851,#1852,#1853,#1854,#1855,
#1856,#1857,#1858,#1859,#1860,#1861,#1862,#1863,#1864,#1865,#1866,#1867,
#1868,#1869),.UNSPECIFIED.,.F.,.F.,(4,2,2,2,2,3,2,2,2,3,2,3,2,3,2,3,2,3,
4),(0.45304206430625,0.492727036448161,0.532412008590072,0.565269458643052,
0.598126908696033,0.612315353037093,0.622873313351245,0.633431273665396,
0.643989233979549,0.660757759184379,0.671754697906328,0.680715166494584,
0.698287497958675,0.731035933869027,0.769008953934655,0.814411477926168,
0.848154442410187,0.884561325142943,0.919870033008142),.UNSPECIFIED.);
#957=B_SPLINE_CURVE_WITH_KNOTS('',3,(#1872,#1873,#1874,#1875,#1876,#1877,
#1878),.UNSPECIFIED.,.F.,.F.,(4,3,4),(0.919870033008142,0.966005092254067,
1.),.UNSPECIFIED.);
#958=B_SPLINE_CURVE_WITH_KNOTS('',3,(#1880,#1881,#1882,#1883,#1884,#1885,
#1886,#1887,#1888,#1889,#1890,#1891,#1892,#1893,#1894,#1895,#1896,#1897,
#1898,#1899,#1900,#1901,#1902,#1903),.UNSPECIFIED.,.F.,.F.,(4,3,2,3,2,3,
2,3,2,4),(0.,0.0462388298724665,0.10096449805828,0.140111326395578,0.172915777379756,
0.188162916569586,0.198030997293237,0.212384569254912,0.219736439272281,
0.232602211802678),.UNSPECIFIED.);
#959=B_SPLINE_CURVE_WITH_KNOTS('',3,(#1905,#1906,#1907,#1908,#1909,#1910,
#1911,#1912,#1913,#1914,#1915,#1916,#1917,#1918,#1919,#1920,#1921,#1922),
 .UNSPECIFIED.,.F.,.F.,(4,2,2,2,3,2,3,4),(0.232602211802678,0.241623266605242,
0.26022919213553,0.278835117665818,0.316046968726395,0.360494167072824,
0.397163105708627,0.444454360421973),.UNSPECIFIED.);
#960=B_SPLINE_CURVE_WITH_KNOTS('',3,(#1928,#1929,#1930,#1931,#1932,#1933,
#1934,#1935,#1936,#1937,#1938,#1939,#1940,#1941,#1942,#1943,#1944,#1945,
#1946,#1947,#1948,#1949,#1950,#1951,#1952,#1953,#1954),.UNSPECIFIED.,.F.,
 .F.,(4,3,2,2,2,3,3,3,3,2,4),(0.704590754969343,0.746293176577842,0.786041509541661,
0.816956879624631,0.847872249707601,0.869231959946745,0.884772714885559,
0.920487183188833,0.954301492341833,0.977150746170917,1.),.UNSPECIFIED.);
#961=B_SPLINE_CURVE_WITH_KNOTS('',3,(#1956,#1957,#1958,#1959,#1960,#1961,
#1962,#1963,#1964),.UNSPECIFIED.,.F.,.F.,(4,3,2,4),(0.,0.0400623196470373,
0.0848189248119227,0.109740216324189),.UNSPECIFIED.);
#962=B_SPLINE_CURVE_WITH_KNOTS('',3,(#1966,#1967,#1968,#1969,#1970,#1971,
#1972,#1973,#1974),.UNSPECIFIED.,.F.,.F.,(4,2,3,4),(0.109740216324189,0.121768890599695,
0.134549357017421,0.144327087782399),.UNSPECIFIED.);
#963=B_SPLINE_CURVE_WITH_KNOTS('',3,(#1980,#1981,#1982,#1983,#1984,#1985,
#1986,#1987,#1988,#1989,#1990,#1991,#1992,#1993,#1994),.UNSPECIFIED.,.F.,
 .F.,(4,2,2,2,2,3,4),(0.203419486438061,0.232166138164745,0.26091278989143,
0.292755234880989,0.324597679870548,0.352541049963426,0.374100136978792),
 .UNSPECIFIED.);
#964=B_SPLINE_CURVE_WITH_KNOTS('',3,(#1998,#1999,#2000,#2001,#2002,#2003,
#2004,#2005,#2006,#2007,#2008,#2009,#2010,#2011,#2012,#2013,#2014,#2015),
 .UNSPECIFIED.,.F.,.F.,(4,3,3,2,3,3,4),(0.402595453673176,0.433525209027466,
0.459375189550668,0.481685179383425,0.523262887708109,0.571552442748611,
0.600582496285157),.UNSPECIFIED.);
#965=B_SPLINE_CURVE_WITH_KNOTS('',3,(#2017,#2018,#2019,#2020,#2021,#2022,
#2023,#2024,#2025),.UNSPECIFIED.,.F.,.F.,(4,2,3,4),(0.600582496285157,0.616183412732364,
0.62752953378488,0.640029118054939),.UNSPECIFIED.);
#966=B_SPLINE_CURVE_WITH_KNOTS('',3,(#2033,#2034,#2035,#2036,#2037,#2038,
#2039,#2040,#2041,#2042,#2043,#2044,#2045,#2046,#2047,#2048,#2049,#2050,
#2051,#2052,#2053,#2054),.UNSPECIFIED.,.F.,.F.,(4,3,2,3,2,3,2,3,4),(0.,
0.0545728839153889,0.0927650701528531,0.124591892017406,0.143123730778828,
0.159339089695072,0.173545934797801,0.187245392575432,0.201171480639712),
 .UNSPECIFIED.);
#967=B_SPLINE_CURVE_WITH_KNOTS('',3,(#2056,#2057,#2058,#2059,#2060,#2061,
#2062,#2063,#2064,#2065,#2066,#2067),.UNSPECIFIED.,.F.,.F.,(4,3,2,3,4),
(0.201171480639712,0.209985396632034,0.22835026451656,0.258278197365419,
0.316335731148667),.UNSPECIFIED.);
#968=B_SPLINE_CURVE_WITH_KNOTS('',3,(#2069,#2070,#2071,#2072,#2073,#2074,
#2075,#2076,#2077,#2078,#2079,#2080),.UNSPECIFIED.,.F.,.F.,(4,3,2,3,4),
(0.316335731148667,0.406304564126896,0.417643904660601,0.428983245194307,
0.46574252006803),.UNSPECIFIED.);
#969=B_SPLINE_CURVE_WITH_KNOTS('',3,(#2088,#2089,#2090,#2091,#2092,#2093,
#2094,#2095,#2096,#2097,#2098,#2099,#2100,#2101,#2102,#2103,#2104,#2105,
#2106,#2107,#2108),.UNSPECIFIED.,.F.,.F.,(4,3,3,3,3,2,3,4),(0.608920911150764,
0.642227657445188,0.654807800511952,0.665576934460882,0.803455177347492,
0.815673140782139,0.827891104216784,0.85936551901417),.UNSPECIFIED.);
#970=B_SPLINE_CURVE_WITH_KNOTS('',3,(#2112,#2113,#2114,#2115,#2116,#2117,
#2118,#2119,#2120,#2121),.UNSPECIFIED.,.F.,.F.,(4,3,3,4),(0.869316924919211,
0.882517769487122,0.910096213998652,0.935011226742589),.UNSPECIFIED.);
#971=B_SPLINE_CURVE_WITH_KNOTS('',3,(#2125,#2126,#2127,#2128,#2129,#2130,
#2131,#2132,#2133,#2134,#2135),.UNSPECIFIED.,.F.,.F.,(4,3,2,2,4),(0.,0.0784649892624413,
0.137332078343837,0.182273619470494,0.227215160597147),.UNSPECIFIED.);
#972=B_SPLINE_CURVE_WITH_KNOTS('',3,(#2139,#2140,#2141,#2142,#2143,#2144,
#2145,#2146,#2147,#2148,#2149,#2150,#2151,#2152,#2153,#2154,#2155,#2156,
#2157,#2158),.UNSPECIFIED.,.F.,.F.,(4,2,2,3,2,3,2,2,4),(0.237538275236671,
0.294530700394524,0.35252299266041,0.427084511287978,0.519981724006262,
0.603164195525249,0.689001490828265,0.766628262232731,0.844255033637198),
 .UNSPECIFIED.);
#973=B_SPLINE_CURVE_WITH_KNOTS('',3,(#2167,#2168,#2169,#2170,#2171,#2172,
#2173,#2174,#2175,#2176,#2177,#2178,#2179,#2180,#2181,#2182,#2183,#2184,
#2185,#2186,#2187,#2188,#2189,#2190,#2191,#2192,#2193,#2194,#2195,#2196,
#2197,#2198,#2199,#2200,#2201,#2202,#2203,#2204,#2205,#2206,#2207,#2208,
#2209,#2210),.UNSPECIFIED.,.F.,.F.,(4,2,2,2,2,3,2,2,2,3,2,3,2,3,2,3,2,3,
4),(0.45304206430625,0.492727036448161,0.532412008590072,0.565269458643052,
0.598126908696033,0.612315353037093,0.622873313351245,0.633431273665396,
0.643989233979549,0.660757759184379,0.671754697906328,0.680715166494584,
0.698287497958675,0.731035933869027,0.769008953934655,0.814411477926168,
0.848154442410187,0.884561325142943,0.919870033008142),.UNSPECIFIED.);
#974=B_SPLINE_CURVE_WITH_KNOTS('',3,(#2215,#2216,#2217,#2218,#2219,#2220,
#2221,#2222,#2223,#2224,#2225,#2226,#2227,#2228,#2229,#2230,#2231,#2232),
 .UNSPECIFIED.,.F.,.F.,(4,2,2,2,3,2,3,4),(0.232602211802678,0.241623266605242,
0.26022919213553,0.278835117665818,0.316046968726395,0.360494167072824,
0.397163105708627,0.444454360421973),.UNSPECIFIED.);
#975=B_SPLINE_CURVE_WITH_KNOTS('',3,(#2234,#2235,#2236,#2237,#2238,#2239,
#2240,#2241,#2242,#2243,#2244,#2245,#2246,#2247,#2248,#2249,#2250,#2251,
#2252,#2253,#2254,#2255,#2256,#2257),.UNSPECIFIED.,.F.,.F.,(4,3,2,3,2,3,
2,3,2,4),(0.,0.0462388298724665,0.10096449805828,0.140111326395578,0.172915777379756,
0.188162916569586,0.198030997293237,0.212384569254912,0.219736439272281,
0.232602211802678),.UNSPECIFIED.);
#976=B_SPLINE_CURVE_WITH_KNOTS('',3,(#2259,#2260,#2261,#2262,#2263,#2264,
#2265),.UNSPECIFIED.,.F.,.F.,(4,3,4),(0.919870033008142,0.966005092254067,
1.),.UNSPECIFIED.);
#977=B_SPLINE_CURVE_WITH_KNOTS('',3,(#2386,#2387,#2388,#2389,#2390,#2391,
#2392,#2393,#2394,#2395,#2396,#2397,#2398,#2399,#2400,#2401,#2402,#2403),
 .UNSPECIFIED.,.F.,.F.,(4,3,3,2,3,3,4),(0.0484609042085893,0.132687586838421,
0.235458447196778,0.357637245774359,0.492087277396851,0.60259641692691,
0.682924270107082),.UNSPECIFIED.);
#978=B_SPLINE_CURVE_WITH_KNOTS('',3,(#2407,#2408,#2409,#2410,#2411,#2412,
#2413,#2414,#2415),.UNSPECIFIED.,.F.,.F.,(4,2,3,4),(0.,0.0130761076479115,
0.0261522152958231,0.0373065597522062),.UNSPECIFIED.);
#979=B_SPLINE_CURVE_WITH_KNOTS('',3,(#2417,#2418,#2419,#2420,#2421,#2422,
#2423,#2424,#2425,#2426,#2427,#2428),.UNSPECIFIED.,.F.,.F.,(4,3,2,3,4),
(0.694078614563465,0.707054076482115,0.720130184130026,0.733206291777938,
1.),.UNSPECIFIED.);
#980=B_SPLINE_CURVE_WITH_KNOTS('',3,(#2429,#2430,#2431,#2432,#2433,#2434,
#2435,#2436,#2437,#2438,#2439,#2440,#2441,#2442,#2443,#2444,#2445,#2446,
#2447,#2448,#2449,#2450,#2451,#2452),.UNSPECIFIED.,.T.,.F.,(4,2,2,2,3,3,
3,2,3,4),(0.,0.120767510064377,0.241535020128753,0.277956967608487,0.31437891508822,
0.680559713009822,0.698573436586002,0.722049830065797,0.827258852697473,
1.),.UNSPECIFIED.);
#981=B_SPLINE_CURVE_WITH_KNOTS('',3,(#2575,#2576,#2577,#2578,#2579,#2580,
#2581,#2582,#2583,#2584,#2585,#2586,#2587,#2588,#2589,#2590,#2591,#2592,
#2593,#2594,#2595,#2596,#2597,#2598),.UNSPECIFIED.,.T.,.F.,(4,2,2,2,3,3,
3,2,3,4),(0.,0.120767510064377,0.241535020128753,0.277956967608487,0.31437891508822,
0.680559713009822,0.698573436586002,0.722049830065797,0.827258852697473,
1.),.UNSPECIFIED.);
#982=B_SPLINE_CURVE_WITH_KNOTS('',3,(#2606,#2607,#2608,#2609,#2610,#2611,
#2612,#2613,#2614),.UNSPECIFIED.,.F.,.F.,(4,2,3,4),(0.600582496285157,0.616183412732364,
0.62752953378488,0.640029118054939),.UNSPECIFIED.);
#983=B_SPLINE_CURVE_WITH_KNOTS('',3,(#2616,#2617,#2618,#2619,#2620,#2621,
#2622,#2623,#2624,#2625,#2626,#2627,#2628,#2629,#2630,#2631,#2632,#2633),
 .UNSPECIFIED.,.F.,.F.,(4,3,3,2,3,3,4),(0.402595453673176,0.433525209027466,
0.459375189550668,0.481685179383425,0.523262887708109,0.571552442748611,
0.600582496285157),.UNSPECIFIED.);
#984=B_SPLINE_CURVE_WITH_KNOTS('',3,(#2637,#2638,#2639,#2640,#2641,#2642,
#2643,#2644,#2645,#2646,#2647,#2648,#2649,#2650,#2651),.UNSPECIFIED.,.F.,
 .F.,(4,2,2,2,2,3,4),(0.203419486438061,0.232166138164745,0.26091278989143,
0.292755234880989,0.324597679870548,0.352541049963426,0.374100136978792),
 .UNSPECIFIED.);
#985=B_SPLINE_CURVE_WITH_KNOTS('',3,(#2657,#2658,#2659,#2660,#2661,#2662,
#2663,#2664,#2665),.UNSPECIFIED.,.F.,.F.,(4,2,3,4),(0.109740216324189,0.121768890599695,
0.134549357017421,0.144327087782399),.UNSPECIFIED.);
#986=B_SPLINE_CURVE_WITH_KNOTS('',3,(#2667,#2668,#2669,#2670,#2671,#2672,
#2673,#2674,#2675),.UNSPECIFIED.,.F.,.F.,(4,3,2,4),(0.,0.0400623196470373,
0.0848189248119227,0.109740216324189),.UNSPECIFIED.);
#987=B_SPLINE_CURVE_WITH_KNOTS('',3,(#2677,#2678,#2679,#2680,#2681,#2682,
#2683,#2684,#2685,#2686,#2687,#2688,#2689,#2690,#2691,#2692,#2693,#2694,
#2695,#2696,#2697,#2698,#2699,#2700,#2701,#2702,#2703),.UNSPECIFIED.,.F.,
 .F.,(4,3,2,2,2,3,3,3,3,2,4),(0.704590754969343,0.746293176577842,0.786041509541661,
0.816956879624631,0.847872249707601,0.869231959946745,0.884772714885559,
0.920487183188833,0.954301492341833,0.977150746170917,1.),.UNSPECIFIED.);
#988=B_SPLINE_CURVE_WITH_KNOTS('',3,(#2812,#2813,#2814,#2815,#2816,#2817,
#2818,#2819,#2820,#2821),.UNSPECIFIED.,.F.,.F.,(4,3,3,4),(0.775468305579155,
0.784383264564913,0.800525309242084,0.816860780346667),.UNSPECIFIED.);
#989=B_SPLINE_CURVE_WITH_KNOTS('',3,(#2825,#2826,#2827,#2828,#2829,#2830,
#2831,#2832,#2833,#2834,#2835,#2836,#2837,#2838,#2839,#2840,#2841,#2842,
#2843,#2844,#2845,#2846,#2847,#2848,#2849),.UNSPECIFIED.,.F.,.F.,(4,3,3,
3,3,3,3,3,4),(0.496590166822764,0.52987515885451,0.564905338399006,0.603663659550762,
0.648575526859384,0.736313794601333,0.746448651838817,0.757649674937302,
0.766553346593396),.UNSPECIFIED.);
#990=B_SPLINE_CURVE_WITH_KNOTS('',3,(#2855,#2856,#2857,#2858,#2859,#2860,
#2861,#2862,#2863,#2864),.UNSPECIFIED.,.F.,.F.,(4,3,3,4),(0.422137512358601,
0.430874172164645,0.445701076966828,0.463069921036313),.UNSPECIFIED.);
#991=B_SPLINE_CURVE_WITH_KNOTS('',3,(#2868,#2869,#2870,#2871,#2872,#2873,
#2874,#2875,#2876,#2877,#2878,#2879,#2880),.UNSPECIFIED.,.F.,.F.,(4,3,3,
3,4),(0.241225854934109,0.384400096245389,0.394425763321853,0.404494770671616,
0.413222553372843),.UNSPECIFIED.);
#992=B_SPLINE_CURVE_WITH_KNOTS('',3,(#2884,#2885,#2886,#2887,#2888,#2889,
#2890,#2891,#2892,#2893),.UNSPECIFIED.,.F.,.F.,(4,3,3,4),(0.19699599180694,
0.205732651612983,0.221874696290154,0.238373068058666),.UNSPECIFIED.);
#993=B_SPLINE_CURVE_WITH_KNOTS('',3,(#2897,#2898,#2899,#2900,#2901,#2902,
#2903,#2904,#2905,#2906,#2907,#2908,#2909),.UNSPECIFIED.,.F.,.F.,(4,3,3,
3,4),(0.0658992321238323,0.157901608856859,0.167980857482867,0.17935548995331,
0.188081032821182),.UNSPECIFIED.);
#994=B_SPLINE_CURVE_WITH_KNOTS('',3,(#2911,#2912,#2913,#2914,#2915,#2916,
#2917),.UNSPECIFIED.,.F.,.F.,(4,3,4),(0.,0.031937480346031,0.0658992321238323),
 .UNSPECIFIED.);
#995=B_SPLINE_CURVE_WITH_KNOTS('',3,(#2919,#2920,#2921,#2922,#2923,#2924,
#2925,#2926,#2927,#2928),.UNSPECIFIED.,.F.,.F.,(4,3,3,4),(0.819891866401825,
0.941313607787854,0.972627389558437,1.),.UNSPECIFIED.);
#996=B_SPLINE_CURVE_WITH_KNOTS('',3,(#3065,#3066,#3067,#3068,#3069,#3070,
#3071,#3072,#3073,#3074),.UNSPECIFIED.,.F.,.F.,(4,3,3,4),(0.869316924919211,
0.882517769487122,0.910096213998652,0.935011226742589),.UNSPECIFIED.);
#997=B_SPLINE_CURVE_WITH_KNOTS('',3,(#3078,#3079,#3080,#3081,#3082,#3083,
#3084,#3085,#3086,#3087,#3088,#3089,#3090,#3091,#3092,#3093,#3094,#3095,
#3096,#3097,#3098),.UNSPECIFIED.,.F.,.F.,(4,3,3,3,3,2,3,4),(0.608920911150764,
0.642227657445188,0.654807800511952,0.665576934460882,0.803455177347492,
0.815673140782139,0.827891104216784,0.85936551901417),.UNSPECIFIED.);
#998=B_SPLINE_CURVE_WITH_KNOTS('',3,(#3106,#3107,#3108,#3109,#3110,#3111,
#3112,#3113,#3114,#3115,#3116,#3117),.UNSPECIFIED.,.F.,.F.,(4,3,2,3,4),
(0.316335731148667,0.406304564126896,0.417643904660601,0.428983245194307,
0.46574252006803),.UNSPECIFIED.);
#999=B_SPLINE_CURVE_WITH_KNOTS('',3,(#3119,#3120,#3121,#3122,#3123,#3124,
#3125,#3126,#3127,#3128,#3129,#3130),.UNSPECIFIED.,.F.,.F.,(4,3,2,3,4),
(0.201171480639712,0.209985396632034,0.22835026451656,0.258278197365419,
0.316335731148667),.UNSPECIFIED.);
#1000=B_SPLINE_CURVE_WITH_KNOTS('',3,(#3132,#3133,#3134,#3135,#3136,#3137,
#3138,#3139,#3140,#3141,#3142,#3143,#3144,#3145,#3146,#3147,#3148,#3149,
#3150,#3151,#3152,#3153),.UNSPECIFIED.,.F.,.F.,(4,3,2,3,2,3,2,3,4),(0.,
0.0545728839153889,0.0927650701528531,0.124591892017406,0.143123730778828,
0.159339089695072,0.173545934797801,0.187245392575432,0.201171480639712),
 .UNSPECIFIED.);
#1001=B_SPLINE_CURVE_WITH_KNOTS('',3,(#3271,#3272,#3273,#3274,#3275,#3276,
#3277,#3278,#3279,#3280,#3281,#3282,#3283,#3284,#3285,#3286,#3287,#3288,
#3289,#3290,#3291,#3292,#3293,#3294),.UNSPECIFIED.,.F.,.F.,(4,3,3,2,3,2,
2,2,3,4),(0.00760484876266086,0.0148379363949206,0.0342109097656384,0.073297731433905,
0.121860146233873,0.1932482830841,0.259186943838891,0.325125604593681,0.369275838316453,
0.414417936494355),.UNSPECIFIED.);
#1002=B_SPLINE_CURVE_WITH_KNOTS('',3,(#3296,#3297,#3298,#3299),
 .UNSPECIFIED.,.F.,.F.,(4,4),(0.,0.00760484876266086),.UNSPECIFIED.);
#1003=B_SPLINE_CURVE_WITH_KNOTS('',3,(#3301,#3302,#3303,#3304,#3305,#3306,
#3307,#3308,#3309,#3310,#3311,#3312,#3313,#3314,#3315,#3316,#3317,#3318,
#3319,#3320,#3321,#3322,#3323,#3324,#3325,#3326,#3327,#3328,#3329,#3330,
#3331),.UNSPECIFIED.,.F.,.F.,(4,3,2,3,2,3,2,2,2,3,2,3,4),(0.42404829560394,
0.477974119418465,0.537240433350931,0.611893194169712,0.698547828698411,
0.776140540662018,0.839501267086802,0.884482546151725,0.929463825216649,
0.959757339688944,0.975472294468971,0.987258510553992,1.),.UNSPECIFIED.);
#1004=B_SPLINE_CURVE_WITH_KNOTS('',3,(#3419,#3420,#3421,#3422,#3423,#3424,
#3425,#3426,#3427,#3428,#3429,#3430),.UNSPECIFIED.,.F.,.F.,(4,3,2,3,4),
(0.,0.185242623078268,0.325544030573689,0.474955919075307,0.660545200875272),
 .UNSPECIFIED.);
#1005=B_SPLINE_CURVE_WITH_KNOTS('',3,(#3431,#3432,#3433,#3434,#3435,#3436,
#3437,#3438,#3439,#3440,#3441,#3442,#3443,#3444,#3445,#3446,#3447,#3448,
#3449,#3450),.UNSPECIFIED.,.F.,.F.,(4,2,2,3,2,3,2,2,4),(0.237538275236671,
0.294530700394524,0.35252299266041,0.427084511287978,0.519981724006262,
0.603164195525249,0.689001490828265,0.766628262232731,0.844255033637198),
 .UNSPECIFIED.);
#1006=B_SPLINE_CURVE_WITH_KNOTS('',3,(#3455,#3456,#3457,#3458,#3459,#3460,
#3461,#3462,#3463,#3464,#3465),.UNSPECIFIED.,.F.,.F.,(4,3,2,2,4),(0.,0.0784649892624413,
0.137332078343837,0.182273619470494,0.227215160597147),.UNSPECIFIED.);
#1007=B_SPLINE_CURVE_WITH_KNOTS('',3,(#3530,#3531,#3532,#3533,#3534,#3535,
#3536,#3537,#3538,#3539,#3540,#3541),.UNSPECIFIED.,.F.,.F.,(4,3,2,3,4),
(0.,0.185242623078268,0.325544030573689,0.474955919075307,0.660545200875272),
 .UNSPECIFIED.);
#1008=B_SPLINE_CURVE_WITH_KNOTS('',3,(#3550,#3551,#3552,#3553,#3554,#3555,
#3556,#3557,#3558,#3559,#3560,#3561,#3562,#3563,#3564,#3565,#3566,#3567,
#3568,#3569,#3570,#3571),.UNSPECIFIED.,.T.,.F.,(4,3,2,3,2,3,2,3,4),(0.,
0.143804761445409,0.243362916970301,0.357490558669568,0.494294046535462,
0.642584850176354,0.75232022489495,0.852800808974629,1.),.UNSPECIFIED.);
#1009=B_SPLINE_CURVE_WITH_KNOTS('',3,(#3573,#3574,#3575,#3576,#3577,#3578,
#3579,#3580,#3581,#3582,#3583,#3584,#3585,#3586,#3587,#3588,#3589,#3590,
#3591,#3592,#3593,#3594),.UNSPECIFIED.,.T.,.F.,(4,3,2,3,2,3,2,3,4),(0.,
0.130006323499543,0.249065056987017,0.373043572850006,0.504837488733221,
0.625564739923952,0.747788698609899,0.875832845804701,1.),.UNSPECIFIED.);
#1010=B_SPLINE_CURVE_WITH_KNOTS('',3,(#3656,#3657,#3658,#3659,#3660,#3661,
#3662,#3663,#3664,#3665,#3666,#3667,#3668,#3669,#3670,#3671,#3672,#3673,
#3674,#3675,#3676,#3677),.UNSPECIFIED.,.T.,.F.,(4,3,2,3,2,3,2,3,4),(0.,
0.143804761445409,0.243362916970301,0.357490558669568,0.494294046535462,
0.642584850176354,0.75232022489495,0.852800808974629,1.),.UNSPECIFIED.);
#1011=EDGE_LOOP('',(#274));
#1012=EDGE_LOOP('',(#275,#276,#277,#278));
#1013=EDGE_LOOP('',(#279,#280,#281,#282,#283,#284,#285,#286,#287,#288,#289,
#290,#291,#292,#293));
#1014=EDGE_LOOP('',(#294,#295,#296,#297,#298));
#1015=EDGE_LOOP('',(#299));
#1016=EDGE_LOOP('',(#300));
#1017=EDGE_LOOP('',(#301,#302,#303,#304,#305));
#1018=EDGE_LOOP('',(#306,#307,#308,#309,#310,#311,#312,#313,#314,#315,#316));
#1019=EDGE_LOOP('',(#317,#318,#319,#320,#321,#322,#323,#324,#325,#326,#327));
#1020=EDGE_LOOP('',(#328,#329,#330,#331));
#1021=EDGE_LOOP('',(#332));
#1022=EDGE_LOOP('',(#333));
#1023=EDGE_LOOP('',(#334));
#1024=EDGE_LOOP('',(#335));
#1025=EDGE_LOOP('',(#336));
#1026=EDGE_LOOP('',(#337));
#1027=EDGE_LOOP('',(#338,#339,#340,#341,#342));
#1028=EDGE_LOOP('',(#343,#344,#345,#346));
#1029=EDGE_LOOP('',(#347,#348,#349,#350));
#1030=EDGE_LOOP('',(#351,#352,#353,#354));
#1031=EDGE_LOOP('',(#355,#356,#357,#358));
#1032=EDGE_LOOP('',(#359,#360,#361,#362));
#1033=EDGE_LOOP('',(#363,#364,#365,#366,#367));
#1034=EDGE_LOOP('',(#368));
#1035=EDGE_LOOP('',(#369,#370,#371,#372));
#1036=EDGE_LOOP('',(#373,#374,#375,#376));
#1037=EDGE_LOOP('',(#377,#378,#379,#380));
#1038=EDGE_LOOP('',(#381,#382,#383,#384));
#1039=EDGE_LOOP('',(#385,#386,#387,#388));
#1040=EDGE_LOOP('',(#389));
#1041=EDGE_LOOP('',(#390));
#1042=EDGE_LOOP('',(#391,#392,#393,#394,#395,#396,#397,#398,#399,#400,#401));
#1043=EDGE_LOOP('',(#402,#403,#404,#405));
#1044=EDGE_LOOP('',(#406,#407,#408,#409));
#1045=EDGE_LOOP('',(#410,#411,#412,#413));
#1046=EDGE_LOOP('',(#414,#415,#416,#417));
#1047=EDGE_LOOP('',(#418,#419,#420,#421));
#1048=EDGE_LOOP('',(#422,#423,#424,#425));
#1049=EDGE_LOOP('',(#426,#427,#428,#429));
#1050=EDGE_LOOP('',(#430,#431,#432,#433));
#1051=EDGE_LOOP('',(#434,#435,#436,#437));
#1052=EDGE_LOOP('',(#438,#439,#440,#441));
#1053=EDGE_LOOP('',(#442,#443,#444,#445));
#1054=EDGE_LOOP('',(#446,#447,#448,#449,#450,#451,#452,#453,#454,#455,#456,
#457,#458,#459,#460));
#1055=EDGE_LOOP('',(#461,#462,#463,#464));
#1056=EDGE_LOOP('',(#465,#466,#467,#468));
#1057=EDGE_LOOP('',(#469,#470,#471,#472));
#1058=EDGE_LOOP('',(#473,#474,#475,#476));
#1059=EDGE_LOOP('',(#477,#478,#479,#480));
#1060=EDGE_LOOP('',(#481,#482,#483,#484));
#1061=EDGE_LOOP('',(#485,#486,#487,#488));
#1062=EDGE_LOOP('',(#489,#490,#491,#492));
#1063=EDGE_LOOP('',(#493,#494,#495,#496));
#1064=EDGE_LOOP('',(#497,#498,#499,#500));
#1065=EDGE_LOOP('',(#501,#502,#503,#504));
#1066=EDGE_LOOP('',(#505,#506,#507,#508));
#1067=EDGE_LOOP('',(#509,#510,#511,#512));
#1068=EDGE_LOOP('',(#513,#514,#515,#516));
#1069=EDGE_LOOP('',(#517,#518,#519,#520));
#1070=EDGE_LOOP('',(#521,#522,#523,#524,#525,#526,#527,#528,#529,#530,#531));
#1071=EDGE_LOOP('',(#532,#533,#534,#535));
#1072=EDGE_LOOP('',(#536,#537,#538,#539));
#1073=EDGE_LOOP('',(#540,#541,#542,#543));
#1074=EDGE_LOOP('',(#544,#545,#546,#547));
#1075=EDGE_LOOP('',(#548,#549,#550,#551));
#1076=EDGE_LOOP('',(#552,#553,#554,#555));
#1077=EDGE_LOOP('',(#556,#557,#558,#559));
#1078=EDGE_LOOP('',(#560,#561,#562,#563));
#1079=EDGE_LOOP('',(#564,#565,#566,#567));
#1080=EDGE_LOOP('',(#568,#569,#570,#571));
#1081=EDGE_LOOP('',(#572,#573,#574,#575));
#1082=EDGE_LOOP('',(#576,#577,#578,#579));
#1083=EDGE_LOOP('',(#580,#581,#582,#583));
#1084=EDGE_LOOP('',(#584,#585,#586,#587));
#1085=EDGE_LOOP('',(#588,#589,#590,#591));
#1086=EDGE_LOOP('',(#592,#593,#594,#595));
#1087=EDGE_LOOP('',(#596,#597));
#1088=EDGE_LOOP('',(#598,#599,#600,#601));
#1089=EDGE_LOOP('',(#602,#603,#604,#605));
#1090=EDGE_LOOP('',(#606,#607,#608,#609));
#1091=EDGE_LOOP('',(#610,#611,#612,#613));
#1092=EDGE_LOOP('',(#614,#615,#616,#617));
#1093=EDGE_LOOP('',(#618,#619,#620,#621));
#1094=EDGE_LOOP('',(#622,#623,#624,#625));
#1095=EDGE_LOOP('',(#626));
#1096=EDGE_LOOP('',(#627));
#1097=EDGE_LOOP('',(#628));
#1098=EDGE_LOOP('',(#629));
#1099=EDGE_LOOP('',(#630));
#1100=EDGE_LOOP('',(#631));
#1101=EDGE_LOOP('',(#632));
#1102=EDGE_LOOP('',(#633));
#1103=EDGE_LOOP('',(#634,#635));
#1104=FACE_BOUND('',#1011,.T.);
#1105=FACE_BOUND('',#1012,.T.);
#1106=FACE_BOUND('',#1013,.T.);
#1107=FACE_BOUND('',#1014,.T.);
#1108=FACE_BOUND('',#1015,.T.);
#1109=FACE_BOUND('',#1016,.T.);
#1110=FACE_BOUND('',#1017,.T.);
#1111=FACE_BOUND('',#1018,.T.);
#1112=FACE_BOUND('',#1019,.T.);
#1113=FACE_BOUND('',#1020,.T.);
#1114=FACE_BOUND('',#1021,.T.);
#1115=FACE_BOUND('',#1022,.T.);
#1116=FACE_BOUND('',#1023,.T.);
#1117=FACE_BOUND('',#1024,.T.);
#1118=FACE_BOUND('',#1025,.T.);
#1119=FACE_BOUND('',#1026,.T.);
#1120=FACE_BOUND('',#1027,.T.);
#1121=FACE_BOUND('',#1028,.T.);
#1122=FACE_BOUND('',#1029,.T.);
#1123=FACE_BOUND('',#1030,.T.);
#1124=FACE_BOUND('',#1031,.T.);
#1125=FACE_BOUND('',#1032,.T.);
#1126=FACE_BOUND('',#1033,.T.);
#1127=FACE_BOUND('',#1034,.T.);
#1128=FACE_BOUND('',#1035,.T.);
#1129=FACE_BOUND('',#1036,.T.);
#1130=FACE_BOUND('',#1037,.T.);
#1131=FACE_BOUND('',#1038,.T.);
#1132=FACE_BOUND('',#1039,.T.);
#1133=FACE_BOUND('',#1040,.T.);
#1134=FACE_BOUND('',#1041,.T.);
#1135=FACE_BOUND('',#1042,.T.);
#1136=FACE_BOUND('',#1043,.T.);
#1137=FACE_BOUND('',#1044,.T.);
#1138=FACE_BOUND('',#1045,.T.);
#1139=FACE_BOUND('',#1046,.T.);
#1140=FACE_BOUND('',#1047,.T.);
#1141=FACE_BOUND('',#1048,.T.);
#1142=FACE_BOUND('',#1049,.T.);
#1143=FACE_BOUND('',#1050,.T.);
#1144=FACE_BOUND('',#1051,.T.);
#1145=FACE_BOUND('',#1052,.T.);
#1146=FACE_BOUND('',#1053,.T.);
#1147=FACE_BOUND('',#1054,.T.);
#1148=FACE_BOUND('',#1055,.T.);
#1149=FACE_BOUND('',#1056,.T.);
#1150=FACE_BOUND('',#1057,.T.);
#1151=FACE_BOUND('',#1058,.T.);
#1152=FACE_BOUND('',#1059,.T.);
#1153=FACE_BOUND('',#1060,.T.);
#1154=FACE_BOUND('',#1061,.T.);
#1155=FACE_BOUND('',#1062,.T.);
#1156=FACE_BOUND('',#1063,.T.);
#1157=FACE_BOUND('',#1064,.T.);
#1158=FACE_BOUND('',#1065,.T.);
#1159=FACE_BOUND('',#1066,.T.);
#1160=FACE_BOUND('',#1067,.T.);
#1161=FACE_BOUND('',#1068,.T.);
#1162=FACE_BOUND('',#1069,.T.);
#1163=FACE_BOUND('',#1070,.T.);
#1164=FACE_BOUND('',#1071,.T.);
#1165=FACE_BOUND('',#1072,.T.);
#1166=FACE_BOUND('',#1073,.T.);
#1167=FACE_BOUND('',#1074,.T.);
#1168=FACE_BOUND('',#1075,.T.);
#1169=FACE_BOUND('',#1076,.T.);
#1170=FACE_BOUND('',#1077,.T.);
#1171=FACE_BOUND('',#1078,.T.);
#1172=FACE_BOUND('',#1079,.T.);
#1173=FACE_BOUND('',#1080,.T.);
#1174=FACE_BOUND('',#1081,.T.);
#1175=FACE_BOUND('',#1082,.T.);
#1176=FACE_BOUND('',#1083,.T.);
#1177=FACE_BOUND('',#1084,.T.);
#1178=FACE_BOUND('',#1085,.T.);
#1179=FACE_BOUND('',#1086,.T.);
#1180=FACE_BOUND('',#1087,.T.);
#1181=FACE_BOUND('',#1088,.T.);
#1182=FACE_BOUND('',#1089,.T.);
#1183=FACE_BOUND('',#1090,.T.);
#1184=FACE_BOUND('',#1091,.T.);
#1185=FACE_BOUND('',#1092,.T.);
#1186=FACE_BOUND('',#1093,.T.);
#1187=FACE_BOUND('',#1094,.T.);
#1188=FACE_BOUND('',#1095,.T.);
#1189=FACE_BOUND('',#1096,.T.);
#1190=FACE_BOUND('',#1097,.T.);
#1191=FACE_BOUND('',#1098,.T.);
#1192=FACE_BOUND('',#1099,.T.);
#1193=FACE_BOUND('',#1100,.T.);
#1194=FACE_BOUND('',#1101,.T.);
#1195=FACE_BOUND('',#1102,.T.);
#1196=FACE_BOUND('',#1103,.T.);
#1197=PLANE('',#1322);
#1198=PLANE('',#1330);
#1199=PLANE('',#1331);
#1200=PLANE('',#1332);
#1201=PLANE('',#1333);
#1202=PLANE('',#1334);
#1203=PLANE('',#1335);
#1204=PLANE('',#1336);
#1205=PLANE('',#1338);
#1206=PLANE('',#1339);
#1207=PLANE('',#1340);
#1208=PLANE('',#1342);
#1209=PLANE('',#1343);
#1210=PLANE('',#1344);
#1211=PLANE('',#1345);
#1212=PLANE('',#1346);
#1213=PLANE('',#1347);
#1214=PLANE('',#1348);
#1215=PLANE('',#1349);
#1216=PLANE('',#1350);
#1217=PLANE('',#1351);
#1218=PLANE('',#1352);
#1219=PLANE('',#1353);
#1220=PLANE('',#1354);
#1221=PLANE('',#1355);
#1222=PLANE('',#1356);
#1223=PLANE('',#1357);
#1224=PLANE('',#1358);
#1225=PLANE('',#1359);
#1226=PLANE('',#1360);
#1227=PLANE('',#1361);
#1228=PLANE('',#1362);
#1229=PLANE('',#1363);
#1230=PLANE('',#1364);
#1231=PLANE('',#1365);
#1232=PLANE('',#1366);
#1233=PLANE('',#1367);
#1234=ADVANCED_FACE('',(#1104,#1105,#1106,#1107,#1108,#1109,#1110,#1111,
#1112,#1113),#1197,.F.);
#1235=ADVANCED_FACE('',(#1114,#1115),#55,.F.);
#1236=ADVANCED_FACE('',(#1116,#1117),#56,.T.);
#1237=ADVANCED_FACE('',(#1118,#1119),#1198,.T.);
#1238=ADVANCED_FACE('',(#1120),#1199,.F.);
#1239=ADVANCED_FACE('',(#1121),#20,.T.);
#1240=ADVANCED_FACE('',(#1122),#21,.T.);
#1241=ADVANCED_FACE('',(#1123),#22,.T.);
#1242=ADVANCED_FACE('',(#1124),#23,.T.);
#1243=ADVANCED_FACE('',(#1125),#1200,.T.);
#1244=ADVANCED_FACE('',(#1126,#1127),#1201,.F.);
#1245=ADVANCED_FACE('',(#1128),#1202,.T.);
#1246=ADVANCED_FACE('',(#1129),#24,.T.);
#1247=ADVANCED_FACE('',(#1130),#25,.T.);
#1248=ADVANCED_FACE('',(#1131),#1203,.T.);
#1249=ADVANCED_FACE('',(#1132),#26,.T.);
#1250=ADVANCED_FACE('',(#1133,#1134),#27,.T.);
#1251=ADVANCED_FACE('',(#1135),#1204,.F.);
#1252=ADVANCED_FACE('',(#1136),#1205,.T.);
#1253=ADVANCED_FACE('',(#1137),#28,.T.);
#1254=ADVANCED_FACE('',(#1138),#29,.T.);
#1255=ADVANCED_FACE('',(#1139),#30,.T.);
#1256=ADVANCED_FACE('',(#1140),#1206,.T.);
#1257=ADVANCED_FACE('',(#1141),#1207,.T.);
#1258=ADVANCED_FACE('',(#1142),#31,.T.);
#1259=ADVANCED_FACE('',(#1143),#57,.T.);
#1260=ADVANCED_FACE('',(#1144),#32,.T.);
#1261=ADVANCED_FACE('',(#1145),#33,.T.);
#1262=ADVANCED_FACE('',(#1146),#1208,.T.);
#1263=ADVANCED_FACE('',(#1147),#1209,.F.);
#1264=ADVANCED_FACE('',(#1148),#1210,.T.);
#1265=ADVANCED_FACE('',(#1149),#34,.T.);
#1266=ADVANCED_FACE('',(#1150),#35,.T.);
#1267=ADVANCED_FACE('',(#1151),#36,.T.);
#1268=ADVANCED_FACE('',(#1152),#1211,.T.);
#1269=ADVANCED_FACE('',(#1153),#37,.T.);
#1270=ADVANCED_FACE('',(#1154),#1212,.T.);
#1271=ADVANCED_FACE('',(#1155),#38,.T.);
#1272=ADVANCED_FACE('',(#1156),#1213,.T.);
#1273=ADVANCED_FACE('',(#1157),#39,.T.);
#1274=ADVANCED_FACE('',(#1158),#1214,.T.);
#1275=ADVANCED_FACE('',(#1159),#1215,.T.);
#1276=ADVANCED_FACE('',(#1160),#40,.T.);
#1277=ADVANCED_FACE('',(#1161),#1216,.T.);
#1278=ADVANCED_FACE('',(#1162),#41,.T.);
#1279=ADVANCED_FACE('',(#1163),#1217,.T.);
#1280=ADVANCED_FACE('',(#1164),#1218,.T.);
#1281=ADVANCED_FACE('',(#1165),#1219,.T.);
#1282=ADVANCED_FACE('',(#1166),#42,.T.);
#1283=ADVANCED_FACE('',(#1167),#43,.T.);
#1284=ADVANCED_FACE('',(#1168),#44,.T.);
#1285=ADVANCED_FACE('',(#1169),#1220,.T.);
#1286=ADVANCED_FACE('',(#1170),#1221,.T.);
#1287=ADVANCED_FACE('',(#1171),#1222,.T.);
#1288=ADVANCED_FACE('',(#1172),#45,.T.);
#1289=ADVANCED_FACE('',(#1173),#1223,.T.);
#1290=ADVANCED_FACE('',(#1174),#46,.T.);
#1291=ADVANCED_FACE('',(#1175),#1224,.T.);
#1292=ADVANCED_FACE('',(#1176),#1225,.T.);
#1293=ADVANCED_FACE('',(#1177),#47,.T.);
#1294=ADVANCED_FACE('',(#1178),#48,.T.);
#1295=ADVANCED_FACE('',(#1179),#49,.T.);
#1296=ADVANCED_FACE('',(#1180,#1181),#1226,.T.);
#1297=ADVANCED_FACE('',(#1182),#1227,.T.);
#1298=ADVANCED_FACE('',(#1183),#50,.T.);
#1299=ADVANCED_FACE('',(#1184),#1228,.T.);
#1300=ADVANCED_FACE('',(#1185),#51,.T.);
#1301=ADVANCED_FACE('',(#1186),#52,.T.);
#1302=ADVANCED_FACE('',(#1187),#1229,.T.);
#1303=ADVANCED_FACE('',(#1188),#1230,.F.);
#1304=ADVANCED_FACE('',(#1189,#1190),#1231,.T.);
#1305=ADVANCED_FACE('',(#1191,#1192),#53,.T.);
#1306=ADVANCED_FACE('',(#1193,#1194),#54,.T.);
#1307=ADVANCED_FACE('',(#1195),#1232,.F.);
#1308=ADVANCED_FACE('',(#1196),#1233,.F.);
#1309=CLOSED_SHELL('',(#1234,#1235,#1236,#1237,#1238,#1239,#1240,#1241,
#1242,#1243,#1244,#1245,#1246,#1247,#1248,#1249,#1250,#1251,#1252,#1253,
#1254,#1255,#1256,#1257,#1258,#1259,#1260,#1261,#1262,#1263,#1264,#1265,
#1266,#1267,#1268,#1269,#1270,#1271,#1272,#1273,#1274,#1275,#1276,#1277,
#1278,#1279,#1280,#1281,#1282,#1283,#1284,#1285,#1286,#1287,#1288,#1289,
#1290,#1291,#1292,#1293,#1294,#1295,#1296,#1297,#1298,#1299,#1300,#1301,
#1302,#1303,#1304,#1305,#1306,#1307,#1308));
#1310=STYLED_ITEM('',(#1311),#1318);
#1311=PRESENTATION_STYLE_ASSIGNMENT((#1312));
#1312=SURFACE_STYLE_USAGE(.BOTH.,#1313);
#1313=SURFACE_SIDE_STYLE('',(#1314));
#1314=SURFACE_STYLE_FILL_AREA(#1315);
#1315=FILL_AREA_STYLE('',(#1316));
#1316=FILL_AREA_STYLE_COLOUR('',#1317);
#1317=COLOUR_RGB('',0.506983280181885,0.531564235687256,0.550000011920929);
#1318=MANIFOLD_SOLID_BREP('',#1309);
#1319=SHAPE_DEFINITION_REPRESENTATION(#3687,#1320);
#1320=SHAPE_REPRESENTATION(
'\X2\77F368C96A6180F657AB7247\X0\_\X2\51F951F89762578B\X0\ GBT9126.3-2
023',(#1321),#3682);
#1321=AXIS2_PLACEMENT_3D('',#1567,#1368,#1369);
#1322=AXIS2_PLACEMENT_3D('',#1568,#1370,#1371);
#1323=AXIS2_PLACEMENT_3D('',#1822,#1382,#1383);
#1324=AXIS2_PLACEMENT_3D('',#1824,#1384,#1385);
#1325=AXIS2_PLACEMENT_3D('',#1996,#1390,#1391);
#1326=AXIS2_PLACEMENT_3D('',#2159,#1401,#1402);
#1327=AXIS2_PLACEMENT_3D('',#2160,#1403,#1404);
#1328=AXIS2_PLACEMENT_3D('',#2162,#1405,#1406);
#1329=AXIS2_PLACEMENT_3D('',#2163,#1407,#1408);
#1330=AXIS2_PLACEMENT_3D('',#2165,#1409,#1410);
#1331=AXIS2_PLACEMENT_3D('',#2166,#1411,#1412);
#1332=AXIS2_PLACEMENT_3D('',#2381,#1419,#1420);
#1333=AXIS2_PLACEMENT_3D('',#2382,#1421,#1422);
#1334=AXIS2_PLACEMENT_3D('',#2454,#1425,#1426);
#1335=AXIS2_PLACEMENT_3D('',#2491,#1431,#1432);
#1336=AXIS2_PLACEMENT_3D('',#2600,#1434,#1435);
#1337=AXIS2_PLACEMENT_3D('',#2635,#1438,#1439);
#1338=AXIS2_PLACEMENT_3D('',#2704,#1442,#1443);
#1339=AXIS2_PLACEMENT_3D('',#2758,#1449,#1450);
#1340=AXIS2_PLACEMENT_3D('',#2760,#1452,#1453);
#1341=AXIS2_PLACEMENT_3D('',#2777,#1456,#1457);
#1342=AXIS2_PLACEMENT_3D('',#2807,#1461,#1462);
#1343=AXIS2_PLACEMENT_3D('',#2808,#1463,#1464);
#1344=AXIS2_PLACEMENT_3D('',#2929,#1472,#1473);
#1345=AXIS2_PLACEMENT_3D('',#2975,#1479,#1480);
#1346=AXIS2_PLACEMENT_3D('',#2986,#1483,#1484);
#1347=AXIS2_PLACEMENT_3D('',#3007,#1487,#1488);
#1348=AXIS2_PLACEMENT_3D('',#3018,#1491,#1492);
#1349=AXIS2_PLACEMENT_3D('',#3020,#1494,#1495);
#1350=AXIS2_PLACEMENT_3D('',#3051,#1498,#1499);
#1351=AXIS2_PLACEMENT_3D('',#3061,#1501,#1502);
#1352=AXIS2_PLACEMENT_3D('',#3156,#1509,#1510);
#1353=AXIS2_PLACEMENT_3D('',#3159,#1513,#1514);
#1354=AXIS2_PLACEMENT_3D('',#3220,#1519,#1520);
#1355=AXIS2_PLACEMENT_3D('',#3222,#1522,#1523);
#1356=AXIS2_PLACEMENT_3D('',#3224,#1525,#1526);
#1357=AXIS2_PLACEMENT_3D('',#3255,#1529,#1530);
#1358=AXIS2_PLACEMENT_3D('',#3267,#1532,#1533);
#1359=AXIS2_PLACEMENT_3D('',#3332,#1535,#1536);
#1360=AXIS2_PLACEMENT_3D('',#3415,#1541,#1542);
#1361=AXIS2_PLACEMENT_3D('',#3468,#1546,#1547);
#1362=AXIS2_PLACEMENT_3D('',#3488,#1551,#1552);
#1363=AXIS2_PLACEMENT_3D('',#3546,#1556,#1557);
#1364=AXIS2_PLACEMENT_3D('',#3548,#1559,#1560);
#1365=AXIS2_PLACEMENT_3D('',#3549,#1561,#1562);
#1366=AXIS2_PLACEMENT_3D('',#3679,#1563,#1564);
#1367=AXIS2_PLACEMENT_3D('',#3680,#1565,#1566);
#1368=DIRECTION('',(0.,0.,1.));
#1369=DIRECTION('',(1.,0.,0.));
#1370=DIRECTION('',(0.,1.,0.));
#1371=DIRECTION('',(0.,0.,1.));
#1372=DIRECTION('',(0.931577619485041,0.,-0.363542485652757));
#1373=DIRECTION('',(1.,0.,0.));
#1374=DIRECTION('',(0.,0.,1.));
#1375=DIRECTION('',(1.,0.,0.));
#1376=DIRECTION('',(0.,0.,-1.));
#1377=DIRECTION('',(-1.,0.,0.));
#1378=DIRECTION('',(0.,0.,1.));
#1379=DIRECTION('',(0.,0.,1.));
#1380=DIRECTION('',(0.,0.,1.));
#1381=DIRECTION('',(0.,0.,1.));
#1382=DIRECTION('',(0.,1.,0.));
#1383=DIRECTION('',(1.,0.,0.));
#1384=DIRECTION('',(0.,1.,0.));
#1385=DIRECTION('',(1.,0.,0.));
#1386=DIRECTION('',(0.,0.,1.));
#1387=DIRECTION('',(0.986932880775687,0.,0.161131898902124));
#1388=DIRECTION('',(0.120440362597217,0.,-0.992720564437672));
#1389=DIRECTION('',(-0.986932880775687,0.,-0.161131898902124));
#1390=DIRECTION('',(0.,-1.,0.));
#1391=DIRECTION('',(1.,0.,0.));
#1392=DIRECTION('',(-0.0789606127959507,0.,0.996877736548915));
#1393=DIRECTION('',(1.,0.,0.));
#1394=DIRECTION('',(0.,0.,-1.));
#1395=DIRECTION('',(0.,0.,-1.));
#1396=DIRECTION('',(-1.,0.,0.));
#1397=DIRECTION('',(0.,0.,1.));
#1398=DIRECTION('',(0.,0.,1.));
#1399=DIRECTION('',(-1.,0.,0.));
#1400=DIRECTION('',(0.931577619485041,0.,-0.363542485652757));
#1401=DIRECTION('',(0.,-1.,0.));
#1402=DIRECTION('',(0.,0.,-1.));
#1403=DIRECTION('',(0.,1.,0.));
#1404=DIRECTION('',(1.,0.,0.));
#1405=DIRECTION('',(0.,-1.,0.));
#1406=DIRECTION('',(0.,0.,-1.));
#1407=DIRECTION('',(0.,1.,0.));
#1408=DIRECTION('',(1.,0.,0.));
#1409=DIRECTION('',(0.,1.,0.));
#1410=DIRECTION('',(0.,0.,1.));
#1411=DIRECTION('',(0.,1.,0.));
#1412=DIRECTION('',(0.,0.,1.));
#1413=DIRECTION('',(0.,0.,1.));
#1414=DIRECTION('',(0.,-1.,0.));
#1415=DIRECTION('',(0.,-1.,0.));
#1416=DIRECTION('',(0.,-1.,0.));
#1417=DIRECTION('',(0.,-1.,0.));
#1418=DIRECTION('',(0.,-1.,0.));
#1419=DIRECTION('',(1.,0.,0.));
#1420=DIRECTION('',(0.,0.,-1.));
#1421=DIRECTION('',(0.,1.,0.));
#1422=DIRECTION('',(0.,0.,1.));
#1423=DIRECTION('',(0.,0.,1.));
#1424=DIRECTION('',(0.,0.,1.));
#1425=DIRECTION('',(1.,0.,0.));
#1426=DIRECTION('',(0.,0.,-1.));
#1427=DIRECTION('',(0.,-1.,0.));
#1428=DIRECTION('',(0.,-1.,0.));
#1429=DIRECTION('',(0.,-1.,0.));
#1430=DIRECTION('',(0.,-1.,0.));
#1431=DIRECTION('',(1.,0.,0.));
#1432=DIRECTION('',(0.,0.,-1.));
#1433=DIRECTION('',(0.,-1.,0.));
#1434=DIRECTION('',(0.,1.,0.));
#1435=DIRECTION('',(0.,0.,1.));
#1436=DIRECTION('',(0.986932880775687,0.,0.161131898902124));
#1437=DIRECTION('',(-0.0789606127959507,0.,0.996877736548915));
#1438=DIRECTION('',(0.,-1.,0.));
#1439=DIRECTION('',(1.,0.,0.));
#1440=DIRECTION('',(-0.986932880775687,0.,-0.161131898902124));
#1441=DIRECTION('',(0.120440362597217,0.,-0.992720564437672));
#1442=DIRECTION('',(0.161131898902124,0.,-0.986932880775687));
#1443=DIRECTION('',(-0.986932880775687,0.,-0.161131898902124));
#1444=DIRECTION('',(0.,-1.,0.));
#1445=DIRECTION('',(0.,-1.,0.));
#1446=DIRECTION('',(0.,-1.,0.));
#1447=DIRECTION('',(0.,-1.,0.));
#1448=DIRECTION('',(0.,-1.,0.));
#1449=DIRECTION('',(-0.992720564437672,0.,-0.120440362597217));
#1450=DIRECTION('',(-0.120440362597217,0.,0.992720564437673));
#1451=DIRECTION('',(0.,-1.,0.));
#1452=DIRECTION('',(-0.161131898902124,0.,0.986932880775687));
#1453=DIRECTION('',(0.986932880775687,0.,0.161131898902124));
#1454=DIRECTION('',(0.,-1.,0.));
#1455=DIRECTION('',(0.,-1.,0.));
#1456=DIRECTION('',(0.,-1.,0.));
#1457=DIRECTION('',(0.,0.,-1.));
#1458=DIRECTION('',(0.,-1.,0.));
#1459=DIRECTION('',(0.,-1.,0.));
#1460=DIRECTION('',(0.,-1.,0.));
#1461=DIRECTION('',(0.996877736548915,0.,0.0789606127959507));
#1462=DIRECTION('',(0.0789606127959507,0.,-0.996877736548915));
#1463=DIRECTION('',(0.,1.,0.));
#1464=DIRECTION('',(0.,0.,1.));
#1465=DIRECTION('',(1.,0.,0.));
#1466=DIRECTION('',(0.,0.,1.));
#1467=DIRECTION('',(0.,0.,1.));
#1468=DIRECTION('',(-1.,0.,0.));
#1469=DIRECTION('',(0.,0.,-1.));
#1470=DIRECTION('',(1.,0.,0.));
#1471=DIRECTION('',(0.,0.,1.));
#1472=DIRECTION('',(0.,0.,-1.));
#1473=DIRECTION('',(-1.,0.,0.));
#1474=DIRECTION('',(0.,-1.,0.));
#1475=DIRECTION('',(0.,-1.,0.));
#1476=DIRECTION('',(0.,-1.,0.));
#1477=DIRECTION('',(0.,-1.,0.));
#1478=DIRECTION('',(0.,-1.,0.));
#1479=DIRECTION('',(1.,0.,0.));
#1480=DIRECTION('',(0.,0.,-1.));
#1481=DIRECTION('',(0.,-1.,0.));
#1482=DIRECTION('',(0.,-1.,0.));
#1483=DIRECTION('',(0.,0.,-1.));
#1484=DIRECTION('',(-1.,0.,0.));
#1485=DIRECTION('',(0.,-1.,0.));
#1486=DIRECTION('',(0.,-1.,0.));
#1487=DIRECTION('',(-1.,0.,0.));
#1488=DIRECTION('',(0.,0.,1.));
#1489=DIRECTION('',(0.,-1.,0.));
#1490=DIRECTION('',(0.,-1.,0.));
#1491=DIRECTION('',(0.,0.,1.));
#1492=DIRECTION('',(1.,0.,0.));
#1493=DIRECTION('',(0.,-1.,0.));
#1494=DIRECTION('',(1.,0.,0.));
#1495=DIRECTION('',(0.,0.,-1.));
#1496=DIRECTION('',(0.,-1.,0.));
#1497=DIRECTION('',(0.,-1.,0.));
#1498=DIRECTION('',(1.,0.,0.));
#1499=DIRECTION('',(0.,0.,-1.));
#1500=DIRECTION('',(0.,-1.,0.));
#1501=DIRECTION('',(0.,-1.,0.));
#1502=DIRECTION('',(0.,0.,-1.));
#1503=DIRECTION('',(1.,0.,0.));
#1504=DIRECTION('',(0.,0.,1.));
#1505=DIRECTION('',(0.,0.,1.));
#1506=DIRECTION('',(-1.,0.,0.));
#1507=DIRECTION('',(0.,0.,-1.));
#1508=DIRECTION('',(0.,0.,-1.));
#1509=DIRECTION('',(0.,0.,-1.));
#1510=DIRECTION('',(-1.,0.,0.));
#1511=DIRECTION('',(0.,-1.,0.));
#1512=DIRECTION('',(0.,-1.,0.));
#1513=DIRECTION('',(-1.,0.,0.));
#1514=DIRECTION('',(0.,0.,1.));
#1515=DIRECTION('',(0.,-1.,0.));
#1516=DIRECTION('',(0.,-1.,0.));
#1517=DIRECTION('',(0.,-1.,0.));
#1518=DIRECTION('',(0.,-1.,0.));
#1519=DIRECTION('',(-1.,0.,0.));
#1520=DIRECTION('',(0.,0.,1.));
#1521=DIRECTION('',(0.,-1.,0.));
#1522=DIRECTION('',(0.,0.,1.));
#1523=DIRECTION('',(1.,0.,0.));
#1524=DIRECTION('',(0.,-1.,0.));
#1525=DIRECTION('',(1.,0.,0.));
#1526=DIRECTION('',(0.,0.,-1.));
#1527=DIRECTION('',(0.,-1.,0.));
#1528=DIRECTION('',(0.,-1.,0.));
#1529=DIRECTION('',(1.,0.,0.));
#1530=DIRECTION('',(0.,0.,-1.));
#1531=DIRECTION('',(0.,-1.,0.));
#1532=DIRECTION('',(0.,-1.,0.));
#1533=DIRECTION('',(0.,0.,-1.));
#1534=DIRECTION('',(0.931577619485041,0.,-0.363542485652757));
#1535=DIRECTION('',(-0.363542485652757,0.,-0.931577619485041));
#1536=DIRECTION('',(-0.931577619485041,0.,0.363542485652757));
#1537=DIRECTION('',(0.,-1.,0.));
#1538=DIRECTION('',(0.,-1.,0.));
#1539=DIRECTION('',(0.,-1.,0.));
#1540=DIRECTION('',(0.,-1.,0.));
#1541=DIRECTION('',(0.,-1.,0.));
#1542=DIRECTION('',(0.,0.,-1.));
#1543=DIRECTION('',(1.,0.,0.));
#1544=DIRECTION('',(0.931577619485041,0.,-0.363542485652757));
#1545=DIRECTION('',(-1.,0.,0.));
#1546=DIRECTION('',(0.,0.,1.));
#1547=DIRECTION('',(1.,0.,0.));
#1548=DIRECTION('',(0.,-1.,0.));
#1549=DIRECTION('',(0.,-1.,0.));
#1550=DIRECTION('',(0.,-1.,0.));
#1551=DIRECTION('',(-0.363542485652757,0.,-0.931577619485041));
#1552=DIRECTION('',(-0.931577619485041,0.,0.363542485652757));
#1553=DIRECTION('',(0.,-1.,0.));
#1554=DIRECTION('',(0.,-1.,0.));
#1555=DIRECTION('',(0.,-1.,0.));
#1556=DIRECTION('',(0.,0.,-1.));
#1557=DIRECTION('',(-1.,0.,0.));
#1558=DIRECTION('',(1.,0.,0.));
#1559=DIRECTION('',(0.,1.,0.));
#1560=DIRECTION('',(0.,0.,1.));
#1561=DIRECTION('',(0.,-1.,0.));
#1562=DIRECTION('',(0.,0.,-1.));
#1563=DIRECTION('',(0.,1.,0.));
#1564=DIRECTION('',(0.,0.,1.));
#1565=DIRECTION('',(0.,1.,0.));
#1566=DIRECTION('',(0.,0.,1.));
#1567=CARTESIAN_POINT('',(0.,0.,0.));
#1568=CARTESIAN_POINT('',(0.,0.,0.));
#1569=CARTESIAN_POINT('',(-0.135699373695198,0.,19.4474913013222));
#1570=CARTESIAN_POINT('',(-0.135699373695198,0.,19.2568162839248));
#1571=CARTESIAN_POINT('',(-0.19276270006959,0.,19.0995441892832));
#1572=CARTESIAN_POINT('',(-0.308281141266529,0.,18.9742832289492));
#1573=CARTESIAN_POINT('',(-0.423853530631348,0.,18.8489637706018));
#1574=CARTESIAN_POINT('',(-0.562978427279053,0.,18.785));
#1575=CARTESIAN_POINT('',(-0.906750173973556,0.,18.785));
#1576=CARTESIAN_POINT('',(-1.04871259568546,0.,18.8504140570633));
#1577=CARTESIAN_POINT('',(-1.16005567153793,0.,18.9798503827418));
#1578=CARTESIAN_POINT('',(-1.27080685118014,0.,19.1085986290759));
#1579=CARTESIAN_POINT('',(-1.32567849686848,0.,19.2651670146138));
#1580=CARTESIAN_POINT('',(-1.32567849686848,0.,19.6145059151009));
#1581=CARTESIAN_POINT('',(-1.27000695894224,0.,19.767602644398));
#1582=CARTESIAN_POINT('',(-1.16005567153793,0.,19.9039979123173));
#1583=CARTESIAN_POINT('',(-1.04887614949363,0.,20.0419168130811));
#1584=CARTESIAN_POINT('',(-0.906750173973556,0.,20.1099826026444));
#1585=CARTESIAN_POINT('',(-0.547668754349339,0.,20.1099826026444));
#1586=CARTESIAN_POINT('',(-0.402922755741128,0.,20.0417849686848));
#1587=CARTESIAN_POINT('',(-0.295755045233125,0.,19.9039979123173));
#1588=CARTESIAN_POINT('',(-0.189786414003533,0.,19.7677525293078));
#1589=CARTESIAN_POINT('',(-0.135699373695198,0.,19.6145059151009));
#1590=CARTESIAN_POINT('',(-0.135699373695198,0.,19.4474913013222));
#1591=CARTESIAN_POINT('',(-0.135699373695198,0.,19.4474913013222));
#1592=CARTESIAN_POINT('',(4.13987473903967,0.,19.2192379958246));
#1593=CARTESIAN_POINT('',(4.13987473903967,0.,19.2192379958246));
#1594=CARTESIAN_POINT('',(4.19693806541405,0.,19.1969693806541));
#1595=CARTESIAN_POINT('',(4.19693806541405,0.,19.1969693806541));
#1596=CARTESIAN_POINT('',(4.16631871955463,0.,19.0828427279054));
#1597=CARTESIAN_POINT('',(4.10925539318024,0.,18.9854175365344));
#1598=CARTESIAN_POINT('',(4.02574808629088,0.,18.9046938065414));
#1599=CARTESIAN_POINT('',(3.94293627391612,0.,18.8246423879125));
#1600=CARTESIAN_POINT('',(3.82811412665275,0.,18.785));
#1601=CARTESIAN_POINT('',(3.50104384133612,0.,18.785));
#1602=CARTESIAN_POINT('',(3.35629784272791,0.,18.8420633263744));
#1603=CARTESIAN_POINT('',(3.25052192066806,0.,18.9561899791232));
#1604=CARTESIAN_POINT('',(3.14410288100209,0.,19.0710105219207));
#1605=CARTESIAN_POINT('',(3.09046624913013,0.,19.2345476687543));
#1606=CARTESIAN_POINT('',(3.09046624913013,0.,19.6381663187195));
#1607=CARTESIAN_POINT('',(3.14752957550452,0.,19.7954384133612));
#1608=CARTESIAN_POINT('',(3.26165622825331,0.,19.9206993736952));
#1609=CARTESIAN_POINT('',(3.37647577082584,0.,20.0467208228602));
#1610=CARTESIAN_POINT('',(3.52331245650661,0.,20.1099826026444));
#1611=CARTESIAN_POINT('',(3.83507306889353,0.,20.1099826026444));
#1612=CARTESIAN_POINT('',(3.93667362560891,0.,20.0751878914405));
#1613=CARTESIAN_POINT('',(4.08141962421712,0.,19.9387926235212));
#1614=CARTESIAN_POINT('',(4.11621433542102,0.,19.8692032011134));
#1615=CARTESIAN_POINT('',(4.11621433542102,0.,19.7550765483646));
#1616=CARTESIAN_POINT('',(4.10786360473208,0.,19.7230654140571));
#1617=CARTESIAN_POINT('',(4.0883785664579,0.,19.704972164231));
#1618=CARTESIAN_POINT('',(4.06819954051916,0.,19.6862344972879));
#1619=CARTESIAN_POINT('',(4.0410577592206,0.,19.6757446068198));
#1620=CARTESIAN_POINT('',(3.97286012526096,0.,19.6757446068198));
#1621=CARTESIAN_POINT('',(3.94780793319415,0.,19.6854871259569));
#1622=CARTESIAN_POINT('',(3.92832289491997,0.,19.704972164231));
#1623=CARTESIAN_POINT('',(3.90953375086987,0.,19.7237613082811));
#1624=CARTESIAN_POINT('',(3.90048712595686,0.,19.7481176061239));
#1625=CARTESIAN_POINT('',(3.90048712595686,0.,19.7787369519833));
#1626=CARTESIAN_POINT('',(3.90048712595686,0.,19.7787369519833));
#1627=CARTESIAN_POINT('',(3.90048712595686,0.,19.7787369519833));
#1628=CARTESIAN_POINT('',(3.90048712595686,0.,19.8010055671538));
#1629=CARTESIAN_POINT('',(3.90327070285317,0.,19.8163152400835));
#1630=CARTESIAN_POINT('',(3.9116214335421,0.,19.8246659707724));
#1631=CARTESIAN_POINT('',(3.9116214335421,0.,19.8246659707724));
#1632=CARTESIAN_POINT('',(3.9116214335421,0.,19.8246659707724));
#1633=CARTESIAN_POINT('',(3.91203897007655,0.,19.8268928322895));
#1634=CARTESIAN_POINT('',(3.91579679888657,0.,19.8469345859429));
#1635=CARTESIAN_POINT('',(3.92275574112735,0.,19.8692032011134));
#1636=CARTESIAN_POINT('',(3.93221594018777,0.,19.8994758381068));
#1637=CARTESIAN_POINT('',(3.91579679888657,0.,19.9360090466249));
#1638=CARTESIAN_POINT('',(3.8768267223382,0.,19.9777627000696));
#1639=CARTESIAN_POINT('',(3.83850460430727,0.,20.0188221122456));
#1640=CARTESIAN_POINT('',(3.77522616562283,0.,20.0403931802366));
#1641=CARTESIAN_POINT('',(3.56924147529576,0.,20.0403931802366));
#1642=CARTESIAN_POINT('',(3.473208072373,0.,19.9847216423104));
#1643=CARTESIAN_POINT('',(3.39248434237996,0.,19.874770354906));
#1644=CARTESIAN_POINT('',(3.31224806437438,0.,19.765483010726));
#1645=CARTESIAN_POINT('',(3.27279053583855,0.,19.6186812804454));
#1646=CARTESIAN_POINT('',(3.27279053583855,0.,19.2679505915101));
#1647=CARTESIAN_POINT('',(3.30758524704245,0.,19.1343389004871));
#1648=CARTESIAN_POINT('',(3.44398051496173,0.,18.9283542101601));
#1649=CARTESIAN_POINT('',(3.55810716771051,0.,18.8768580375783));
#1650=CARTESIAN_POINT('',(3.82533054975644,0.,18.8768580375783));
#1651=CARTESIAN_POINT('',(3.91440501043841,0.,18.9116527487822));
#1652=CARTESIAN_POINT('',(3.98677800974252,0.,18.9798503827418));
#1653=CARTESIAN_POINT('',(4.05841381101258,0.,19.0473533493232));
#1654=CARTESIAN_POINT('',(4.10925539318024,0.,19.1273799582463));
#1655=CARTESIAN_POINT('',(4.13987473903967,0.,19.2192379958246));
#1656=CARTESIAN_POINT('',(0.373695198329855,0.,20.1559116214335));
#1657=CARTESIAN_POINT('',(0.373695198329855,0.,20.1559116214335));
#1658=CARTESIAN_POINT('',(0.397355601948504,0.,20.1559116214335));
#1659=CARTESIAN_POINT('',(0.397355601948504,0.,20.1559116214335));
#1660=CARTESIAN_POINT('',(0.397355601948504,0.,19.8399756437022));
#1661=CARTESIAN_POINT('',(0.397355601948504,0.,19.5240396659708));
#1662=CARTESIAN_POINT('',(0.397355601948504,0.,19.2081036882394));
#1663=CARTESIAN_POINT('',(0.397355601948504,0.,19.1009359777314));
#1664=CARTESIAN_POINT('',(0.419624217118998,0.,19.0243876130828));
#1665=CARTESIAN_POINT('',(0.465553235908142,0.,18.9798503827418));
#1666=CARTESIAN_POINT('',(0.51217781958193,0.,18.93463866524));
#1667=CARTESIAN_POINT('',(0.576896311760613,0.,18.910260960334));
#1668=CARTESIAN_POINT('',(0.661795407098121,0.,18.910260960334));
#1669=CARTESIAN_POINT('',(0.661795407098121,0.,18.910260960334));
#1670=CARTESIAN_POINT('',(0.661795407098121,0.,18.910260960334));
#1671=CARTESIAN_POINT('',(0.753653444676408,0.,18.910260960334));
#1672=CARTESIAN_POINT('',(0.831593597773139,0.,18.9339213639527));
#1673=CARTESIAN_POINT('',(0.897007654836465,0.,18.9798503827418));
#1674=CARTESIAN_POINT('',(0.96176717463991,0.,19.0253198328166));
#1675=CARTESIAN_POINT('',(1.00974251913709,0.,19.0967606123869));
#1676=CARTESIAN_POINT('',(1.04036186499652,0.,19.1969693806541));
#1677=CARTESIAN_POINT('',(1.04036186499652,0.,19.1969693806541));
#1678=CARTESIAN_POINT('',(1.04036186499652,0.,19.1969693806541));
#1679=CARTESIAN_POINT('',(1.04036186499652,0.,19.436356993737));
#1680=CARTESIAN_POINT('',(1.04036186499652,0.,19.6757446068198));
#1681=CARTESIAN_POINT('',(1.04036186499652,0.,19.9151322199026));
#1682=CARTESIAN_POINT('',(1.04036186499652,0.,19.945751565762));
#1683=CARTESIAN_POINT('',(1.03340292275574,0.,19.9708037578288));
#1684=CARTESIAN_POINT('',(1.01809324982603,0.,19.9888970076548));
#1685=CARTESIAN_POINT('',(1.00209728121326,0.,20.0078013341972));
#1686=CARTESIAN_POINT('',(0.97633959638135,0.,20.0181245650661));
#1687=CARTESIAN_POINT('',(0.937369519832984,0.,20.0181245650661));
#1688=CARTESIAN_POINT('',(0.914636975179772,0.,20.0181245650661));
#1689=CARTESIAN_POINT('',(0.89190443052656,0.,20.0181245650661));
#1690=CARTESIAN_POINT('',(0.869171885873347,0.,20.0181245650661));
#1691=CARTESIAN_POINT('',(0.869171885873347,0.,20.0181245650661));
#1692=CARTESIAN_POINT('',(0.869171885873347,0.,20.0181245650661));
#1693=CARTESIAN_POINT('',(0.869171885873347,0.,20.0877139874739));
#1694=CARTESIAN_POINT('',(0.869171885873347,0.,20.0877139874739));
#1695=CARTESIAN_POINT('',(0.89190443052656,0.,20.0877139874739));
#1696=CARTESIAN_POINT('',(0.914636975179772,0.,20.0877139874739));
#1697=CARTESIAN_POINT('',(0.937369519832984,0.,20.0877139874739));
#1698=CARTESIAN_POINT('',(0.983298538622128,0.,20.0877139874739));
#1699=CARTESIAN_POINT('',(1.02505219206681,0.,20.0904975643702));
#1700=CARTESIAN_POINT('',(1.06263048016701,0.,20.0988482950591));
#1701=CARTESIAN_POINT('',(1.10124032911703,0.,20.1074282614925));
#1702=CARTESIAN_POINT('',(1.13917884481559,0.,20.1252922755741));
#1703=CARTESIAN_POINT('',(1.1767571329158,0.,20.1559116214335));
#1704=CARTESIAN_POINT('',(1.1767571329158,0.,20.1559116214335));
#1705=CARTESIAN_POINT('',(1.1767571329158,0.,20.1559116214335));
#1706=CARTESIAN_POINT('',(1.19902574808629,0.,20.1559116214335));
#1707=CARTESIAN_POINT('',(1.19902574808629,0.,20.1559116214335));
#1708=CARTESIAN_POINT('',(1.19902574808629,0.,19.7833762468105));
#1709=CARTESIAN_POINT('',(1.19902574808629,0.,19.4108408721874));
#1710=CARTESIAN_POINT('',(1.19902574808629,0.,19.0383054975644));
#1711=CARTESIAN_POINT('',(1.19902574808629,0.,19.0076861517049));
#1712=CARTESIAN_POINT('',(1.20876826722338,0.,18.9840257480863));
#1713=CARTESIAN_POINT('',(1.22825330549757,0.,18.9687160751566));
#1714=CARTESIAN_POINT('',(1.2468778058038,0.,18.9540825392017));
#1715=CARTESIAN_POINT('',(1.2713987473904,0.,18.9464474599861));
#1716=CARTESIAN_POINT('',(1.30201809324982,0.,18.9464474599861));
#1717=CARTESIAN_POINT('',(1.32475063790304,0.,18.9464474599861));
#1718=CARTESIAN_POINT('',(1.34748318255625,0.,18.9464474599861));
#1719=CARTESIAN_POINT('',(1.37021572720946,0.,18.9464474599861));
#1720=CARTESIAN_POINT('',(1.37021572720946,0.,18.9464474599861));
#1721=CARTESIAN_POINT('',(1.37021572720946,0.,18.9464474599861));
#1722=CARTESIAN_POINT('',(1.37021572720946,0.,18.8768580375783));
#1723=CARTESIAN_POINT('',(1.37021572720946,0.,18.8768580375783));
#1724=CARTESIAN_POINT('',(1.34748318255625,0.,18.8768580375783));
#1725=CARTESIAN_POINT('',(1.32475063790304,0.,18.8768580375783));
#1726=CARTESIAN_POINT('',(1.30201809324982,0.,18.8768580375783));
#1727=CARTESIAN_POINT('',(1.26443980514962,0.,18.8768580375783));
#1728=CARTESIAN_POINT('',(1.22546972860125,0.,18.8712908837857));
#1729=CARTESIAN_POINT('',(1.18789144050104,0.,18.8601565762004));
#1730=CARTESIAN_POINT('',(1.14993405239478,0.,18.8489099426874));
#1731=CARTESIAN_POINT('',(1.10855949895616,0.,18.8309290187891));
#1732=CARTESIAN_POINT('',(1.06263048016701,0.,18.8086604036186));
#1733=CARTESIAN_POINT('',(1.06263048016701,0.,18.8086604036186));
#1734=CARTESIAN_POINT('',(1.06263048016701,0.,18.8086604036186));
#1735=CARTESIAN_POINT('',(1.04036186499652,0.,18.8086604036186));
#1736=CARTESIAN_POINT('',(1.04036186499652,0.,18.8086604036186));
#1737=CARTESIAN_POINT('',(1.04036186499652,0.,19.0480480167015));
#1738=CARTESIAN_POINT('',(1.04036186499652,0.,19.0480480167015));
#1739=CARTESIAN_POINT('',(1.00278357689631,0.,18.9645407098121));
#1740=CARTESIAN_POINT('',(0.944328462073764,0.,18.9019102296451));
#1741=CARTESIAN_POINT('',(0.867780097425191,0.,18.8601565762004));
#1742=CARTESIAN_POINT('',(0.7917193019782,0.,18.818668869593));
#1743=CARTESIAN_POINT('',(0.703549060542798,0.,18.7961343075852));
#1744=CARTESIAN_POINT('',(0.60473208072373,0.,18.7975260960334));
#1745=CARTESIAN_POINT('',(0.482298587481026,0.,18.7992505114312));
#1746=CARTESIAN_POINT('',(0.390396659707725,0.,18.8309290187891));
#1747=CARTESIAN_POINT('',(0.329157967988864,0.,18.8991266527488));
#1748=CARTESIAN_POINT('',(0.268540558823758,0.,18.9666324038645));
#1749=CARTESIAN_POINT('',(0.238691718858734,0.,19.0786673625609));
#1750=CARTESIAN_POINT('',(0.238691718858734,0.,19.2303723034099));
#1751=CARTESIAN_POINT('',(0.238691718858734,0.,19.4586256089074));
#1752=CARTESIAN_POINT('',(0.238691718858734,0.,19.686878914405));
#1753=CARTESIAN_POINT('',(0.238691718858734,0.,19.9151322199026));
#1754=CARTESIAN_POINT('',(0.238691718858734,0.,19.945751565762));
#1755=CARTESIAN_POINT('',(0.230340988169798,0.,19.9708037578288));
#1756=CARTESIAN_POINT('',(0.215031315240083,0.,19.9888970076548));
#1757=CARTESIAN_POINT('',(0.199035346627312,0.,20.0078013341972));
#1758=CARTESIAN_POINT('',(0.173277661795408,0.,20.0181245650661));
#1759=CARTESIAN_POINT('',(0.135699373695198,0.,20.0181245650661));
#1760=CARTESIAN_POINT('',(0.112502899559267,0.,20.0181245650661));
#1761=CARTESIAN_POINT('',(0.0893064254233354,0.,20.0181245650661));
#1762=CARTESIAN_POINT('',(0.0661099512874047,0.,20.0181245650661));
#1763=CARTESIAN_POINT('',(0.0661099512874047,0.,20.0181245650661));
#1764=CARTESIAN_POINT('',(0.0661099512874047,0.,20.0181245650661));
#1765=CARTESIAN_POINT('',(0.0661099512874047,0.,20.0877139874739));
#1766=CARTESIAN_POINT('',(0.0661099512874047,0.,20.0877139874739));
#1767=CARTESIAN_POINT('',(0.0893064254233354,0.,20.0877139874739));
#1768=CARTESIAN_POINT('',(0.112502899559267,0.,20.0877139874739));
#1769=CARTESIAN_POINT('',(0.135699373695198,0.,20.0877139874739));
#1770=CARTESIAN_POINT('',(0.181628392484342,0.,20.0877139874739));
#1771=CARTESIAN_POINT('',(0.223382045929019,0.,20.0904975643702));
#1772=CARTESIAN_POINT('',(0.260960334029227,0.,20.0988482950591));
#1773=CARTESIAN_POINT('',(0.298243890458063,0.,20.1071335298211));
#1774=CARTESIAN_POINT('',(0.336116910229644,0.,20.1252922755741));
#1775=CARTESIAN_POINT('',(0.373695198329855,0.,20.1559116214335));
#1776=CARTESIAN_POINT('',(-4.3249826026444,0.,18.8086604036186));
#1777=CARTESIAN_POINT('',(-4.3249826026444,0.,18.8086604036186));
#1778=CARTESIAN_POINT('',(-4.3249826026444,0.,18.8768580375783));
#1779=CARTESIAN_POINT('',(-4.3249826026444,0.,18.8768580375783));
#1780=CARTESIAN_POINT('',(-4.29853862212944,0.,18.8768580375783));
#1781=CARTESIAN_POINT('',(-4.27209464161447,0.,18.8768580375783));
#1782=CARTESIAN_POINT('',(-4.24565066109951,0.,18.8768580375783));
#1783=CARTESIAN_POINT('',(-4.20668058455115,0.,18.8768580375783));
#1784=CARTESIAN_POINT('',(-4.18023660403619,0.,18.8852087682672));
#1785=CARTESIAN_POINT('',(-4.14961725817676,0.,18.9158281141266));
#1786=CARTESIAN_POINT('',(-4.14265831593598,0.,18.9380967292971));
#1787=CARTESIAN_POINT('',(-4.14265831593598,0.,18.9687160751566));
#1788=CARTESIAN_POINT('',(-4.14265831593598,0.,19.5124414289028));
#1789=CARTESIAN_POINT('',(-4.14265831593598,0.,20.056166782649));
#1790=CARTESIAN_POINT('',(-4.14265831593598,0.,20.5998921363953));
#1791=CARTESIAN_POINT('',(-4.14265831593598,0.,20.5998921363953));
#1792=CARTESIAN_POINT('',(-4.14265831593598,0.,20.5998921363953));
#1793=CARTESIAN_POINT('',(-4.14265831593598,0.,20.6305114822547));
#1794=CARTESIAN_POINT('',(-4.14961725817676,0.,20.6527800974252));
#1795=CARTESIAN_POINT('',(-4.18023660403619,0.,20.6833994432846));
#1796=CARTESIAN_POINT('',(-4.20668058455115,0.,20.6917501739736));
#1797=CARTESIAN_POINT('',(-4.24565066109951,0.,20.6917501739736));
#1798=CARTESIAN_POINT('',(-4.26838320575273,0.,20.6917501739736));
#1799=CARTESIAN_POINT('',(-4.29111575040594,0.,20.6917501739736));
#1800=CARTESIAN_POINT('',(-4.31384829505915,0.,20.6917501739736));
#1801=CARTESIAN_POINT('',(-4.31384829505915,0.,20.6917501739736));
#1802=CARTESIAN_POINT('',(-4.31384829505915,0.,20.6917501739736));
#1803=CARTESIAN_POINT('',(-4.31384829505915,0.,20.7599478079332));
#1804=CARTESIAN_POINT('',(-4.31384829505915,0.,20.7599478079332));
#1805=CARTESIAN_POINT('',(-4.14219438645326,0.,20.7599478079332));
#1806=CARTESIAN_POINT('',(-3.97054047784737,0.,20.7599478079332));
#1807=CARTESIAN_POINT('',(-3.79888656924147,0.,20.7599478079332));
#1808=CARTESIAN_POINT('',(-3.56367432150313,0.,20.7599478079332));
#1809=CARTESIAN_POINT('',(-3.37439109255393,0.,20.6847912317328));
#1810=CARTESIAN_POINT('',(-3.23382045929019,0.,20.5316945024356));
#1811=CARTESIAN_POINT('',(-3.09330655602507,0.,20.3786595582855));
#1812=CARTESIAN_POINT('',(-3.02226861517049,0.,20.1433855254001));
#1813=CARTESIAN_POINT('',(-3.02226861517049,0.,19.4739352818372));
#1814=CARTESIAN_POINT('',(-3.09046624913013,0.,19.2164544189283));
#1815=CARTESIAN_POINT('',(-3.22825330549756,0.,19.0536151704941));
#1816=CARTESIAN_POINT('',(-3.36614594581624,0.,18.8906511410266));
#1817=CARTESIAN_POINT('',(-3.56645789839944,0.,18.8086604036186));
#1818=CARTESIAN_POINT('',(-3.83368128044537,0.,18.8086604036186));
#1819=CARTESIAN_POINT('',(-3.99744838784505,0.,18.8086604036186));
#1820=CARTESIAN_POINT('',(-4.16121549524472,0.,18.8086604036186));
#1821=CARTESIAN_POINT('',(-4.3249826026444,0.,18.8086604036186));
#1822=CARTESIAN_POINT('',(0.,0.,0.));
#1823=CARTESIAN_POINT('',(25.5,0.,0.));
#1824=CARTESIAN_POINT('',(0.,0.,0.));
#1825=CARTESIAN_POINT('',(16.5,0.,0.));
#1826=CARTESIAN_POINT('',(-5.28114126652749,0.,19.8942553931802));
#1827=CARTESIAN_POINT('',(-5.1294363256785,0.,19.8942553931802));
#1828=CARTESIAN_POINT('',(-5.01809324982603,0.,19.9304418928323));
#1829=CARTESIAN_POINT('',(-4.87334725121782,0.,20.0751878914405));
#1830=CARTESIAN_POINT('',(-4.83716075156576,0.,20.1753966597077));
#1831=CARTESIAN_POINT('',(-4.83716075156576,0.,20.4120006958942));
#1832=CARTESIAN_POINT('',(-4.86638830897703,0.,20.5052505219207));
#1833=CARTESIAN_POINT('',(-4.98051496172582,0.,20.6639144050104));
#1834=CARTESIAN_POINT('',(-5.06958942240779,0.,20.704276270007));
#1835=CARTESIAN_POINT('',(-5.24495476687544,0.,20.704276270007));
#1836=CARTESIAN_POINT('',(-5.30201809324983,0.,20.6903583855254));
#1837=CARTESIAN_POINT('',(-5.36186499652053,0.,20.6639144050104));
#1838=CARTESIAN_POINT('',(-5.42287634180057,0.,20.6369559036076));
#1839=CARTESIAN_POINT('',(-5.45372303409882,0.,20.5943249826026));
#1840=CARTESIAN_POINT('',(-5.45372303409882,0.,20.4718475991649));
#1841=CARTESIAN_POINT('',(-5.44676409185804,0.,20.4342693110647));
#1842=CARTESIAN_POINT('',(-5.41614474599861,0.,20.4036499652053));
#1843=CARTESIAN_POINT('',(-5.40779401530967,0.,20.3855567153793));
#1844=CARTESIAN_POINT('',(-5.40779401530967,0.,20.3243180236604));
#1845=CARTESIAN_POINT('',(-5.41614474599861,0.,20.293698677801));
#1846=CARTESIAN_POINT('',(-5.43145441892832,0.,20.2714300626305));
#1847=CARTESIAN_POINT('',(-5.44741383925028,0.,20.248216360344));
#1848=CARTESIAN_POINT('',(-5.473208072373,0.,20.2366353514266));
#1849=CARTESIAN_POINT('',(-5.54140570633264,0.,20.2366353514266));
#1850=CARTESIAN_POINT('',(-5.56924147529575,0.,20.2477696590118));
#1851=CARTESIAN_POINT('',(-5.59568545581072,0.,20.2714300626305));
#1852=CARTESIAN_POINT('',(-5.62221080241957,0.,20.295163267491));
#1853=CARTESIAN_POINT('',(-5.63604732080724,0.,20.3354523312456));
#1854=CARTESIAN_POINT('',(-5.63604732080724,0.,20.5108176757133));
#1855=CARTESIAN_POINT('',(-5.58733472512178,0.,20.6040675017397));
#1856=CARTESIAN_POINT('',(-5.48851774530271,0.,20.6764405010438));
#1857=CARTESIAN_POINT('',(-5.38879489000693,0.,20.7494769584436));
#1858=CARTESIAN_POINT('',(-5.27418232428671,0.,20.785));
#1859=CARTESIAN_POINT('',(-4.99304105775922,0.,20.785));
#1860=CARTESIAN_POINT('',(-4.87195546276966,0.,20.7376791927627));
#1861=CARTESIAN_POINT('',(-4.78009742519137,0.,20.6416457898399));
#1862=CARTESIAN_POINT('',(-4.68893459487346,0.,20.5463391945076));
#1863=CARTESIAN_POINT('',(-4.64370215727209,0.,20.44540361865));
#1864=CARTESIAN_POINT('',(-4.64370215727209,0.,20.2255010438413));
#1865=CARTESIAN_POINT('',(-4.67153792623521,0.,20.1280758524704));
#1866=CARTESIAN_POINT('',(-4.7286012526096,0.,20.0487439109255));
#1867=CARTESIAN_POINT('',(-4.78632433752423,0.,19.968494744093));
#1868=CARTESIAN_POINT('',(-4.87473903966597,0.,19.9095650661099));
#1869=CARTESIAN_POINT('',(-4.99582463465553,0.,19.8719867780097));
#1870=CARTESIAN_POINT('',(-5.28114126652749,0.,19.8942553931802));
#1871=CARTESIAN_POINT('',(-4.99582463465553,0.,19.8719867780097));
#1872=CARTESIAN_POINT('',(-4.99582463465553,0.,19.8719867780097));
#1873=CARTESIAN_POINT('',(-4.82881002087683,0.,19.8107480862909));
#1874=CARTESIAN_POINT('',(-4.71468336812804,0.,19.7300243562978));
#1875=CARTESIAN_POINT('',(-4.65344467640919,0.,19.6312073764788));
#1876=CARTESIAN_POINT('',(-4.59259218254551,0.,19.5330135795624));
#1877=CARTESIAN_POINT('',(-4.56297842727905,0.,19.4335734168406));
#1878=CARTESIAN_POINT('',(-4.56297842727905,0.,19.3347564370216));
#1879=CARTESIAN_POINT('',(-4.56297842727905,0.,19.3347564370216));
#1880=CARTESIAN_POINT('',(-4.56297842727905,0.,19.3347564370216));
#1881=CARTESIAN_POINT('',(-4.56297842727905,0.,19.1900104384134));
#1882=CARTESIAN_POINT('',(-4.61586638830898,0.,19.061965901183));
#1883=CARTESIAN_POINT('',(-4.72303409881698,0.,18.9506228253305));
#1884=CARTESIAN_POINT('',(-4.82883711384686,0.,18.8406976149099));
#1885=CARTESIAN_POINT('',(-4.97773138482951,0.,18.785));
#1886=CARTESIAN_POINT('',(-5.30480167014614,0.,18.785));
#1887=CARTESIAN_POINT('',(-5.42310368823939,0.,18.8239700765484));
#1888=CARTESIAN_POINT('',(-5.52192066805846,0.,18.8991266527488));
#1889=CARTESIAN_POINT('',(-5.62140826706946,0.,18.9747932773487));
#1890=CARTESIAN_POINT('',(-5.66945024356298,0.,19.0633576896312));
#1891=CARTESIAN_POINT('',(-5.66945024356298,0.,19.2081036882394));
#1892=CARTESIAN_POINT('',(-5.65414057063326,0.,19.2484655532359));
#1893=CARTESIAN_POINT('',(-5.62491301322199,0.,19.2818684759916));
#1894=CARTESIAN_POINT('',(-5.59439220105801,0.,19.3167494041791));
#1895=CARTESIAN_POINT('',(-5.56367432150313,0.,19.3333646485734));
#1896=CARTESIAN_POINT('',(-5.48851774530271,0.,19.3333646485734));
#1897=CARTESIAN_POINT('',(-5.45511482254697,0.,19.3166631871955));
#1898=CARTESIAN_POINT('',(-5.43702157272095,0.,19.2818684759916));
#1899=CARTESIAN_POINT('',(-5.41920177251446,0.,19.2475996294407));
#1900=CARTESIAN_POINT('',(-5.40779401530967,0.,19.2192379958246));
#1901=CARTESIAN_POINT('',(-5.40779401530967,0.,19.1579993041058));
#1902=CARTESIAN_POINT('',(-5.41614474599861,0.,19.1287717466945));
#1903=CARTESIAN_POINT('',(-5.43145441892832,0.,19.1051113430758));
#1904=CARTESIAN_POINT('',(-5.43145441892832,0.,19.1051113430758));
#1905=CARTESIAN_POINT('',(-5.43145441892832,0.,19.1051113430758));
#1906=CARTESIAN_POINT('',(-5.44676409185804,0.,19.0744919972164));
#1907=CARTESIAN_POINT('',(-5.45372303409882,0.,19.0480480167015));
#1908=CARTESIAN_POINT('',(-5.45372303409882,0.,18.9798503827418));
#1909=CARTESIAN_POINT('',(-5.4258872651357,0.,18.9422720946416));
#1910=CARTESIAN_POINT('',(-5.31176061238692,0.,18.8810334029228));
#1911=CARTESIAN_POINT('',(-5.24773834377175,0.,18.865723729993));
#1912=CARTESIAN_POINT('',(-5.04314544189283,0.,18.865723729993));
#1913=CARTESIAN_POINT('',(-4.9401530967293,0.,18.9060855949896));
#1914=CARTESIAN_POINT('',(-4.87195546276966,0.,18.9854175365344));
#1915=CARTESIAN_POINT('',(-4.80247836877467,0.,19.066237829549));
#1916=CARTESIAN_POINT('',(-4.76896311760612,0.,19.1900104384134));
#1917=CARTESIAN_POINT('',(-4.76896311760612,0.,19.4948121085595));
#1918=CARTESIAN_POINT('',(-4.80514961725818,0.,19.6047633959638));
#1919=CARTESIAN_POINT('',(-4.87613082811413,0.,19.6882707028532));
#1920=CARTESIAN_POINT('',(-4.94769582251364,0.,19.7724648139114));
#1921=CARTESIAN_POINT('',(-5.08350730688935,0.,19.8135316631872));
#1922=CARTESIAN_POINT('',(-5.28114126652749,0.,19.8149234516353));
#1923=CARTESIAN_POINT('',(-5.28114126652749,0.,19.8149234516353));
#1924=CARTESIAN_POINT('',(-5.28114126652749,0.,19.8149234516353));
#1925=CARTESIAN_POINT('',(-2.68267223382046,0.,19.2192379958246));
#1926=CARTESIAN_POINT('',(-2.68267223382046,0.,19.2192379958246));
#1927=CARTESIAN_POINT('',(-2.61447459986082,0.,19.2303723034099));
#1928=CARTESIAN_POINT('',(-2.61447459986082,0.,19.2303723034099));
#1929=CARTESIAN_POINT('',(-2.59220598469033,0.,19.1092867084203));
#1930=CARTESIAN_POINT('',(-2.54210160055672,0.,19.017428670842));
#1931=CARTESIAN_POINT('',(-2.46555323590814,0.,18.9575817675713));
#1932=CARTESIAN_POINT('',(-2.38832953689767,0.,18.8972068756177));
#1933=CARTESIAN_POINT('',(-2.28322894919972,0.,18.865723729993));
#1934=CARTESIAN_POINT('',(-2.03827418232429,0.,18.865723729993));
#1935=CARTESIAN_POINT('',(-1.95615866388309,0.,18.8852087682672));
#1936=CARTESIAN_POINT('',(-1.84203201113431,0.,18.9603653444676));
#1937=CARTESIAN_POINT('',(-1.81419624217119,0.,19.017428670842));
#1938=CARTESIAN_POINT('',(-1.81419624217119,0.,19.1468649965205));
#1939=CARTESIAN_POINT('',(-1.82811412665275,0.,19.1914022268615));
#1940=CARTESIAN_POINT('',(-1.85873347251218,0.,19.2248051496173));
#1941=CARTESIAN_POINT('',(-1.89004608657975,0.,19.2589643649637));
#1942=CARTESIAN_POINT('',(-1.91997216423104,0.,19.2832602644398));
#1943=CARTESIAN_POINT('',(-1.95059151009047,0.,19.2985699373695));
#1944=CARTESIAN_POINT('',(-2.0240779401531,0.,19.3353131524008));
#1945=CARTESIAN_POINT('',(-2.11203897007655,0.,19.3639839944328));
#1946=CARTESIAN_POINT('',(-2.20250521920668,0.,19.401562282533));
#1947=CARTESIAN_POINT('',(-2.29169318060183,0.,19.4386095895741));
#1948=CARTESIAN_POINT('',(-2.37508698677801,0.,19.4628009742519));
#1949=CARTESIAN_POINT('',(-2.44328462073765,0.,19.4934203201113));
#1950=CARTESIAN_POINT('',(-2.51264055073334,0.,19.5245597172523));
#1951=CARTESIAN_POINT('',(-2.5615866388309,0.,19.561617954071));
#1952=CARTESIAN_POINT('',(-2.62282533054976,0.,19.6534759916493));
#1953=CARTESIAN_POINT('',(-2.63813500347947,0.,19.7021885873347));
#1954=CARTESIAN_POINT('',(-2.63813500347947,0.,19.7564683368128));
#1955=CARTESIAN_POINT('',(-2.63813500347947,0.,19.7564683368128));
#1956=CARTESIAN_POINT('',(-2.63813500347947,0.,19.7564683368128));
#1957=CARTESIAN_POINT('',(-2.63813500347947,0.,19.8705949895616));
#1958=CARTESIAN_POINT('',(-2.59498956158664,0.,19.9568858733473));
#1959=CARTESIAN_POINT('',(-2.50730688935282,0.,20.0181245650661));
#1960=CARTESIAN_POINT('',(-2.41868873729669,0.,20.080016607772));
#1961=CARTESIAN_POINT('',(-2.31384829505915,0.,20.1099826026444));
#1962=CARTESIAN_POINT('',(-2.1231732776618,0.,20.1099826026444));
#1963=CARTESIAN_POINT('',(-2.05775922059847,0.,20.1016318719555));
#1964=CARTESIAN_POINT('',(-1.99652052887961,0.,20.0863221990257));
#1965=CARTESIAN_POINT('',(-1.99652052887961,0.,20.0863221990257));
#1966=CARTESIAN_POINT('',(-1.99652052887961,0.,20.0863221990257));
#1967=CARTESIAN_POINT('',(-1.93528183716075,0.,20.0626617954071));
#1968=CARTESIAN_POINT('',(-1.89352818371607,0.,20.0515274878218));
#1969=CARTESIAN_POINT('',(-1.84759916492693,0.,20.0515274878218));
#1970=CARTESIAN_POINT('',(-1.82950591510091,0.,20.0557028531663));
#1971=CARTESIAN_POINT('',(-1.81419624217119,0.,20.0626617954071));
#1972=CARTESIAN_POINT('',(-1.79836226537402,0.,20.0698590575876));
#1973=CARTESIAN_POINT('',(-1.77940153096729,0.,20.0863221990257));
#1974=CARTESIAN_POINT('',(-1.7571329157968,0.,20.1099826026444));
#1975=CARTESIAN_POINT('',(-1.7571329157968,0.,20.1099826026444));
#1976=CARTESIAN_POINT('',(-1.7571329157968,0.,20.1099826026444));
#1977=CARTESIAN_POINT('',(-1.71120389700766,0.,19.731416144746));
#1978=CARTESIAN_POINT('',(-1.71120389700766,0.,19.731416144746));
#1979=CARTESIAN_POINT('',(-1.77940153096729,0.,19.7202818371608));
#1980=CARTESIAN_POINT('',(-1.77940153096729,0.,19.7202818371608));
#1981=CARTESIAN_POINT('',(-1.81002087682672,0.,19.8190988169798));
#1982=CARTESIAN_POINT('',(-1.86151704940849,0.,19.8970389700765));
#1983=CARTESIAN_POINT('',(-2.0062630480167,0.,20.0111656228253));
#1984=CARTESIAN_POINT('',(-2.08977035490605,0.,20.0403931802366));
#1985=CARTESIAN_POINT('',(-2.28044537230341,0.,20.0403931802366));
#1986=CARTESIAN_POINT('',(-2.35838552540014,0.,20.0209081419624));
#1987=CARTESIAN_POINT('',(-2.47251217814892,0.,19.945751565762));
#1988=CARTESIAN_POINT('',(-2.50173973556019,0.,19.8914718162839));
#1989=CARTESIAN_POINT('',(-2.50173973556019,0.,19.7634272790536));
#1990=CARTESIAN_POINT('',(-2.48782185107864,0.,19.7147146833681));
#1991=CARTESIAN_POINT('',(-2.46137787056367,0.,19.6813117606124));
#1992=CARTESIAN_POINT('',(-2.43425656290639,0.,19.6470532667295));
#1993=CARTESIAN_POINT('',(-2.38761308281141,0.,19.6228566457898));
#1994=CARTESIAN_POINT('',(-2.31802366040362,0.,19.6075469728601));
#1995=CARTESIAN_POINT('',(-2.31802366040362,0.,19.6075469728601));
#1996=CARTESIAN_POINT('',(-1.78670480149857,0.,20.8671690545281));
#1997=CARTESIAN_POINT('',(-2.11203897007655,0.,19.5393493389005));
#1998=CARTESIAN_POINT('',(-2.11203897007655,0.,19.5393493389005));
#1999=CARTESIAN_POINT('',(-2.03549060542797,0.,19.5087299930411));
#2000=CARTESIAN_POINT('',(-1.96311760612387,0.,19.4781106471816));
#2001=CARTESIAN_POINT('',(-1.89491997216423,0.,19.4474913013222));
#2002=CARTESIAN_POINT('',(-1.83251381838487,0.,19.4194722118702));
#2003=CARTESIAN_POINT('',(-1.7821851078636,0.,19.3765100904662));
#2004=CARTESIAN_POINT('',(-1.74043145441893,0.,19.3277974947808));
#2005=CARTESIAN_POINT('',(-1.69799009374105,0.,19.2782825739899));
#2006=CARTESIAN_POINT('',(-1.67640918580376,0.,19.2234133611691));
#2007=CARTESIAN_POINT('',(-1.67640918580376,0.,19.0480480167015));
#2008=CARTESIAN_POINT('',(-1.71677105080028,0.,18.9589735560195));
#2009=CARTESIAN_POINT('',(-1.79749478079332,0.,18.8935594989562));
#2010=CARTESIAN_POINT('',(-1.87669760792448,0.,18.8293778976602));
#2011=CARTESIAN_POINT('',(-1.9937369519833,0.,18.7961343075852));
#2012=CARTESIAN_POINT('',(-2.14544189283229,0.,18.7975260960334));
#2013=CARTESIAN_POINT('',(-2.24562945981108,0.,18.798445248024));
#2014=CARTESIAN_POINT('',(-2.31802366040362,0.,18.8086604036186));
#2015=CARTESIAN_POINT('',(-2.36256089074461,0.,18.8309290187891));
#2016=CARTESIAN_POINT('',(-2.36256089074461,0.,18.8309290187891));
#2017=CARTESIAN_POINT('',(-2.36256089074461,0.,18.8309290187891));
#2018=CARTESIAN_POINT('',(-2.41684064022269,0.,18.847630480167));
#2019=CARTESIAN_POINT('',(-2.45859429366736,0.,18.8545894224078));
#2020=CARTESIAN_POINT('',(-2.51148225469729,0.,18.8545894224078));
#2021=CARTESIAN_POINT('',(-2.53653444676409,0.,18.8490222686152));
#2022=CARTESIAN_POINT('',(-2.56297842727905,0.,18.8378879610299));
#2023=CARTESIAN_POINT('',(-2.589920176839,0.,18.8265440664784));
#2024=CARTESIAN_POINT('',(-2.61864996520529,0.,18.8128357689631));
#2025=CARTESIAN_POINT('',(-2.64926931106472,0.,18.7975260960334));
#2026=CARTESIAN_POINT('',(-2.64926931106472,0.,18.7975260960334));
#2027=CARTESIAN_POINT('',(-2.64926931106472,0.,18.7975260960334));
#2028=CARTESIAN_POINT('',(2.00487125956855,0.,20.1433855254001));
#2029=CARTESIAN_POINT('',(2.00487125956855,0.,20.1433855254001));
#2030=CARTESIAN_POINT('',(2.03966597077244,0.,20.1433855254001));
#2031=CARTESIAN_POINT('',(2.03966597077244,0.,20.1433855254001));
#2032=CARTESIAN_POINT('',(2.03966597077244,0.,19.7328079331942));
#2033=CARTESIAN_POINT('',(2.03966597077244,0.,19.7328079331942));
#2034=CARTESIAN_POINT('',(2.11482254697286,0.,19.8538935281837));
#2035=CARTESIAN_POINT('',(2.19693806541406,0.,19.9471433542102));
#2036=CARTESIAN_POINT('',(2.28462073764788,0.,20.0125574112735));
#2037=CARTESIAN_POINT('',(2.3725304935262,0.,20.0781408799446));
#2038=CARTESIAN_POINT('',(2.46276965901183,0.,20.1099826026444));
#2039=CARTESIAN_POINT('',(2.63117606123869,0.,20.1099826026444));
#2040=CARTESIAN_POINT('',(2.68963117606124,0.,20.0918893528184));
#2041=CARTESIAN_POINT('',(2.73138482950592,0.,20.0584864300626));
#2042=CARTESIAN_POINT('',(2.77381740414481,0.,20.0245403703515));
#2043=CARTESIAN_POINT('',(2.79401530967293,0.,19.9833298538622));
#2044=CARTESIAN_POINT('',(2.79401530967293,0.,19.8998225469729));
#2045=CARTESIAN_POINT('',(2.78566457898399,0.,19.8692032011134));
#2046=CARTESIAN_POINT('',(2.76617954070981,0.,19.8469345859429));
#2047=CARTESIAN_POINT('',(2.74600476656752,0.,19.8238777012089));
#2048=CARTESIAN_POINT('',(2.71885873347251,0.,19.812139874739));
#2049=CARTESIAN_POINT('',(2.64231036882394,0.,19.812139874739));
#2050=CARTESIAN_POINT('',(2.61447459986082,0.,19.8232741823243));
#2051=CARTESIAN_POINT('',(2.59498956158664,0.,19.8469345859429));
#2052=CARTESIAN_POINT('',(2.57618750403547,0.,19.8697656558265));
#2053=CARTESIAN_POINT('',(2.56993736951983,0.,19.8998225469729));
#2054=CARTESIAN_POINT('',(2.57828810020877,0.,19.9374008350731));
#2055=CARTESIAN_POINT('',(2.57828810020877,0.,19.9374008350731));
#2056=CARTESIAN_POINT('',(2.57828810020877,0.,19.9374008350731));
#2057=CARTESIAN_POINT('',(2.57828810020877,0.,19.9610612386917));
#2058=CARTESIAN_POINT('',(2.5741127348643,0.,19.9805462769659));
#2059=CARTESIAN_POINT('',(2.56576200417537,0.,19.9958559498956));
#2060=CARTESIAN_POINT('',(2.558315492733,0.,20.0095078875399));
#2061=CARTESIAN_POINT('',(2.53514265831594,0.,20.0181245650661));
#2062=CARTESIAN_POINT('',(2.43632567849687,0.,20.0181245650661));
#2063=CARTESIAN_POINT('',(2.36256089074461,0.,19.9805462769659));
#2064=CARTESIAN_POINT('',(2.27348643006263,0.,19.9039979123173));
#2065=CARTESIAN_POINT('',(2.18521252625239,0.,19.8281375262304));
#2066=CARTESIAN_POINT('',(2.10786360473208,0.,19.7216736256089));
#2067=CARTESIAN_POINT('',(2.03966597077244,0.,19.5852783576896));
#2068=CARTESIAN_POINT('',(2.03966597077244,0.,19.5852783576896));
#2069=CARTESIAN_POINT('',(2.03966597077244,0.,19.5852783576896));
#2070=CARTESIAN_POINT('',(2.03966597077244,0.,19.3797575968453));
#2071=CARTESIAN_POINT('',(2.03966597077244,0.,19.1742368360009));
#2072=CARTESIAN_POINT('',(2.03966597077244,0.,18.9687160751566));
#2073=CARTESIAN_POINT('',(2.03966597077244,0.,18.9380967292971));
#2074=CARTESIAN_POINT('',(2.04801670146138,0.,18.9158281141266));
#2075=CARTESIAN_POINT('',(2.08698677800974,0.,18.8852087682672));
#2076=CARTESIAN_POINT('',(2.11203897007655,0.,18.8768580375783));
#2077=CARTESIAN_POINT('',(2.14126652748782,0.,18.8768580375783));
#2078=CARTESIAN_POINT('',(2.22523776385989,0.,18.8768580375783));
#2079=CARTESIAN_POINT('',(2.30920900023197,0.,18.8768580375783));
#2080=CARTESIAN_POINT('',(2.39318023660404,0.,18.8768580375783));
#2081=CARTESIAN_POINT('',(2.39318023660404,0.,18.8768580375783));
#2082=CARTESIAN_POINT('',(2.39318023660404,0.,18.8768580375783));
#2083=CARTESIAN_POINT('',(2.39318023660404,0.,18.8086604036186));
#2084=CARTESIAN_POINT('',(2.39318023660404,0.,18.8086604036186));
#2085=CARTESIAN_POINT('',(1.54836464857342,0.,18.8086604036186));
#2086=CARTESIAN_POINT('',(1.54836464857342,0.,18.8086604036186));
#2087=CARTESIAN_POINT('',(1.54836464857342,0.,18.8768580375783));
#2088=CARTESIAN_POINT('',(1.54836464857342,0.,18.8768580375783));
#2089=CARTESIAN_POINT('',(1.62444908373927,0.,18.8768580375783));
#2090=CARTESIAN_POINT('',(1.70053351890513,0.,18.8768580375783));
#2091=CARTESIAN_POINT('',(1.77661795407098,0.,18.8768580375783));
#2092=CARTESIAN_POINT('',(1.81558803061935,0.,18.8768580375783));
#2093=CARTESIAN_POINT('',(1.84203201113431,0.,18.8852087682672));
#2094=CARTESIAN_POINT('',(1.85734168406402,0.,18.9005184411969));
#2095=CARTESIAN_POINT('',(1.87195546276966,0.,18.9151322199026));
#2096=CARTESIAN_POINT('',(1.87961029923452,0.,18.9380967292971));
#2097=CARTESIAN_POINT('',(1.87961029923452,0.,18.9687160751566));
#2098=CARTESIAN_POINT('',(1.87961029923452,0.,19.2837241939225));
#2099=CARTESIAN_POINT('',(1.87961029923452,0.,19.5987323126885));
#2100=CARTESIAN_POINT('',(1.87961029923452,0.,19.9137404314544));
#2101=CARTESIAN_POINT('',(1.87961029923452,0.,19.9443597773138));
#2102=CARTESIAN_POINT('',(1.87265135699374,0.,19.9680201809325));
#2103=CARTESIAN_POINT('',(1.84203201113431,0.,20.0069902574809));
#2104=CARTESIAN_POINT('',(1.81558803061935,0.,20.0167327766179));
#2105=CARTESIAN_POINT('',(1.77661795407098,0.,20.0167327766179));
#2106=CARTESIAN_POINT('',(1.70470888424959,0.,20.0167327766179));
#2107=CARTESIAN_POINT('',(1.63279981442821,0.,20.0167327766179));
#2108=CARTESIAN_POINT('',(1.56089074460682,0.,20.0167327766179));
#2109=CARTESIAN_POINT('',(1.56089074460682,0.,20.0167327766179));
#2110=CARTESIAN_POINT('',(1.56089074460682,0.,20.0167327766179));
#2111=CARTESIAN_POINT('',(1.56089074460682,0.,20.0849304105776));
#2112=CARTESIAN_POINT('',(1.56089074460682,0.,20.0849304105776));
#2113=CARTESIAN_POINT('',(1.59104616098353,0.,20.0849304105776));
#2114=CARTESIAN_POINT('',(1.62120157736024,0.,20.0849304105776));
#2115=CARTESIAN_POINT('',(1.65135699373695,0.,20.0849304105776));
#2116=CARTESIAN_POINT('',(1.70563674321503,0.,20.0849304105776));
#2117=CARTESIAN_POINT('',(1.76826722338205,0.,20.0904975643702));
#2118=CARTESIAN_POINT('',(1.839248434238,0.,20.1030236604036));
#2119=CARTESIAN_POINT('',(1.91134120768006,0.,20.1157459145404));
#2120=CARTESIAN_POINT('',(1.96729297146834,0.,20.1280758524704));
#2121=CARTESIAN_POINT('',(2.00487125956855,0.,20.1433855254001));
#2122=CARTESIAN_POINT('',(5.66945024356298,0.,19.4474913013222));
#2123=CARTESIAN_POINT('',(5.66945024356298,0.,19.4474913013222));
#2124=CARTESIAN_POINT('',(4.74530271398748,0.,19.4474913013222));
#2125=CARTESIAN_POINT('',(4.74530271398748,0.,19.4474913013222));
#2126=CARTESIAN_POINT('',(4.74530271398748,0.,19.2428983994433));
#2127=CARTESIAN_POINT('',(4.785664578984,0.,19.0953688239388));
#2128=CARTESIAN_POINT('',(4.86499652052888,0.,19.0076861517049));
#2129=CARTESIAN_POINT('',(4.94363603864382,0.,18.9207687895779));
#2130=CARTESIAN_POINT('',(5.05010438413361,0.,18.8768580375783));
#2131=CARTESIAN_POINT('',(5.27835768963118,0.,18.8768580375783));
#2132=CARTESIAN_POINT('',(5.36186499652053,0.,18.9060855949896));
#2133=CARTESIAN_POINT('',(5.4982602644398,0.,19.0202122477383));
#2134=CARTESIAN_POINT('',(5.54836464857342,0.,19.0898016701461));
#2135=CARTESIAN_POINT('',(5.57898399443285,0.,19.1733089770355));
#2136=CARTESIAN_POINT('',(5.57898399443285,0.,19.1733089770355));
#2137=CARTESIAN_POINT('',(5.57898399443285,0.,19.1733089770355));
#2138=CARTESIAN_POINT('',(5.63604732080723,0.,19.151040361865));
#2139=CARTESIAN_POINT('',(5.63604732080723,0.,19.151040361865));
#2140=CARTESIAN_POINT('',(5.61238691718859,0.,19.0675330549756));
#2141=CARTESIAN_POINT('',(5.56089074460682,0.,18.9854175365344));
#2142=CARTESIAN_POINT('',(5.40083507306889,0.,18.8253618649965));
#2143=CARTESIAN_POINT('',(5.29227557411274,0.,18.785));
#2144=CARTESIAN_POINT('',(4.98051496172582,0.,18.785));
#2145=CARTESIAN_POINT('',(4.83855254001392,0.,18.8420633263744));
#2146=CARTESIAN_POINT('',(4.72720946416145,0.,18.9561899791232));
#2147=CARTESIAN_POINT('',(4.61654510257811,0.,19.0696209497461));
#2148=CARTESIAN_POINT('',(4.5615866388309,0.,19.2345476687543));
#2149=CARTESIAN_POINT('',(4.5615866388309,0.,19.6381663187195));
#2150=CARTESIAN_POINT('',(4.61725817675713,0.,19.7954384133612));
#2151=CARTESIAN_POINT('',(4.72720946416145,0.,19.9206993736952));
#2152=CARTESIAN_POINT('',(4.83785077428847,0.,20.0467464358652));
#2153=CARTESIAN_POINT('',(4.97216423103688,0.,20.1099826026444));
#2154=CARTESIAN_POINT('',(5.27696590118302,0.,20.1099826026444));
#2155=CARTESIAN_POINT('',(5.40222686151705,0.,20.0598782185108));
#2156=CARTESIAN_POINT('',(5.61656228253305,0.,19.8622442588726));
#2157=CARTESIAN_POINT('',(5.66945024356298,0.,19.6910542797495));
#2158=CARTESIAN_POINT('',(5.66945024356298,0.,19.4474913013222));
#2159=CARTESIAN_POINT('',(0.,1.5,0.));
#2160=CARTESIAN_POINT('',(0.,1.5,0.));
#2161=CARTESIAN_POINT('',(16.5,1.5,0.));
#2162=CARTESIAN_POINT('',(0.,1.5,0.));
#2163=CARTESIAN_POINT('',(0.,1.5,0.));
#2164=CARTESIAN_POINT('',(25.5,1.5,0.));
#2165=CARTESIAN_POINT('',(0.,1.5,0.));
#2166=CARTESIAN_POINT('',(-5.61757998712,0.5,20.3001453586457));
#2167=CARTESIAN_POINT('',(-5.28114126652749,0.5,19.8942553931802));
#2168=CARTESIAN_POINT('',(-5.1294363256785,0.5,19.8942553931802));
#2169=CARTESIAN_POINT('',(-5.01809324982603,0.5,19.9304418928323));
#2170=CARTESIAN_POINT('',(-4.87334725121782,0.5,20.0751878914405));
#2171=CARTESIAN_POINT('',(-4.83716075156576,0.5,20.1753966597077));
#2172=CARTESIAN_POINT('',(-4.83716075156576,0.5,20.4120006958942));
#2173=CARTESIAN_POINT('',(-4.86638830897703,0.5,20.5052505219207));
#2174=CARTESIAN_POINT('',(-4.98051496172582,0.5,20.6639144050104));
#2175=CARTESIAN_POINT('',(-5.06958942240779,0.5,20.704276270007));
#2176=CARTESIAN_POINT('',(-5.24495476687544,0.5,20.704276270007));
#2177=CARTESIAN_POINT('',(-5.30201809324983,0.5,20.6903583855254));
#2178=CARTESIAN_POINT('',(-5.36186499652053,0.5,20.6639144050104));
#2179=CARTESIAN_POINT('',(-5.42287634180057,0.5,20.6369559036076));
#2180=CARTESIAN_POINT('',(-5.45372303409882,0.5,20.5943249826026));
#2181=CARTESIAN_POINT('',(-5.45372303409882,0.5,20.4718475991649));
#2182=CARTESIAN_POINT('',(-5.44676409185804,0.5,20.4342693110647));
#2183=CARTESIAN_POINT('',(-5.41614474599861,0.5,20.4036499652053));
#2184=CARTESIAN_POINT('',(-5.40779401530967,0.5,20.3855567153793));
#2185=CARTESIAN_POINT('',(-5.40779401530967,0.5,20.3243180236604));
#2186=CARTESIAN_POINT('',(-5.41614474599861,0.5,20.293698677801));
#2187=CARTESIAN_POINT('',(-5.43145441892832,0.5,20.2714300626305));
#2188=CARTESIAN_POINT('',(-5.44741383925028,0.5,20.248216360344));
#2189=CARTESIAN_POINT('',(-5.473208072373,0.5,20.2366353514266));
#2190=CARTESIAN_POINT('',(-5.54140570633264,0.5,20.2366353514266));
#2191=CARTESIAN_POINT('',(-5.56924147529575,0.5,20.2477696590118));
#2192=CARTESIAN_POINT('',(-5.59568545581072,0.5,20.2714300626305));
#2193=CARTESIAN_POINT('',(-5.62221080241957,0.5,20.295163267491));
#2194=CARTESIAN_POINT('',(-5.63604732080724,0.5,20.3354523312456));
#2195=CARTESIAN_POINT('',(-5.63604732080724,0.5,20.5108176757133));
#2196=CARTESIAN_POINT('',(-5.58733472512178,0.5,20.6040675017397));
#2197=CARTESIAN_POINT('',(-5.48851774530271,0.5,20.6764405010438));
#2198=CARTESIAN_POINT('',(-5.38879489000693,0.5,20.7494769584436));
#2199=CARTESIAN_POINT('',(-5.27418232428671,0.5,20.785));
#2200=CARTESIAN_POINT('',(-4.99304105775922,0.5,20.785));
#2201=CARTESIAN_POINT('',(-4.87195546276966,0.5,20.7376791927627));
#2202=CARTESIAN_POINT('',(-4.78009742519137,0.5,20.6416457898399));
#2203=CARTESIAN_POINT('',(-4.68893459487346,0.5,20.5463391945076));
#2204=CARTESIAN_POINT('',(-4.64370215727209,0.5,20.44540361865));
#2205=CARTESIAN_POINT('',(-4.64370215727209,0.5,20.2255010438413));
#2206=CARTESIAN_POINT('',(-4.67153792623521,0.5,20.1280758524704));
#2207=CARTESIAN_POINT('',(-4.7286012526096,0.5,20.0487439109255));
#2208=CARTESIAN_POINT('',(-4.78632433752423,0.5,19.968494744093));
#2209=CARTESIAN_POINT('',(-4.87473903966597,0.5,19.9095650661099));
#2210=CARTESIAN_POINT('',(-4.99582463465553,0.5,19.8719867780097));
#2211=CARTESIAN_POINT('',(-5.28114126652749,0.5,19.8942553931802));
#2212=CARTESIAN_POINT('',(-4.99582463465553,0.5,19.8719867780097));
#2213=CARTESIAN_POINT('',(-5.28114126652749,0.5,19.8149234516353));
#2214=CARTESIAN_POINT('',(-5.28114126652749,0.5,19.8149234516353));
#2215=CARTESIAN_POINT('',(-5.43145441892832,0.5,19.1051113430758));
#2216=CARTESIAN_POINT('',(-5.44676409185804,0.5,19.0744919972164));
#2217=CARTESIAN_POINT('',(-5.45372303409882,0.5,19.0480480167015));
#2218=CARTESIAN_POINT('',(-5.45372303409882,0.5,18.9798503827418));
#2219=CARTESIAN_POINT('',(-5.4258872651357,0.5,18.9422720946416));
#2220=CARTESIAN_POINT('',(-5.31176061238692,0.5,18.8810334029228));
#2221=CARTESIAN_POINT('',(-5.24773834377175,0.5,18.865723729993));
#2222=CARTESIAN_POINT('',(-5.04314544189283,0.5,18.865723729993));
#2223=CARTESIAN_POINT('',(-4.9401530967293,0.5,18.9060855949896));
#2224=CARTESIAN_POINT('',(-4.87195546276966,0.5,18.9854175365344));
#2225=CARTESIAN_POINT('',(-4.80247836877467,0.5,19.066237829549));
#2226=CARTESIAN_POINT('',(-4.76896311760612,0.5,19.1900104384134));
#2227=CARTESIAN_POINT('',(-4.76896311760612,0.5,19.4948121085595));
#2228=CARTESIAN_POINT('',(-4.80514961725818,0.5,19.6047633959638));
#2229=CARTESIAN_POINT('',(-4.87613082811413,0.5,19.6882707028532));
#2230=CARTESIAN_POINT('',(-4.94769582251364,0.5,19.7724648139114));
#2231=CARTESIAN_POINT('',(-5.08350730688935,0.5,19.8135316631872));
#2232=CARTESIAN_POINT('',(-5.28114126652749,0.5,19.8149234516353));
#2233=CARTESIAN_POINT('',(-5.43145441892832,0.5,19.1051113430758));
#2234=CARTESIAN_POINT('',(-4.56297842727905,0.5,19.3347564370216));
#2235=CARTESIAN_POINT('',(-4.56297842727905,0.5,19.1900104384134));
#2236=CARTESIAN_POINT('',(-4.61586638830898,0.5,19.061965901183));
#2237=CARTESIAN_POINT('',(-4.72303409881698,0.5,18.9506228253305));
#2238=CARTESIAN_POINT('',(-4.82883711384686,0.5,18.8406976149099));
#2239=CARTESIAN_POINT('',(-4.97773138482951,0.5,18.785));
#2240=CARTESIAN_POINT('',(-5.30480167014614,0.5,18.785));
#2241=CARTESIAN_POINT('',(-5.42310368823939,0.5,18.8239700765484));
#2242=CARTESIAN_POINT('',(-5.52192066805846,0.5,18.8991266527488));
#2243=CARTESIAN_POINT('',(-5.62140826706946,0.5,18.9747932773487));
#2244=CARTESIAN_POINT('',(-5.66945024356298,0.5,19.0633576896312));
#2245=CARTESIAN_POINT('',(-5.66945024356298,0.5,19.2081036882394));
#2246=CARTESIAN_POINT('',(-5.65414057063326,0.5,19.2484655532359));
#2247=CARTESIAN_POINT('',(-5.62491301322199,0.5,19.2818684759916));
#2248=CARTESIAN_POINT('',(-5.59439220105801,0.5,19.3167494041791));
#2249=CARTESIAN_POINT('',(-5.56367432150313,0.5,19.3333646485734));
#2250=CARTESIAN_POINT('',(-5.48851774530271,0.5,19.3333646485734));
#2251=CARTESIAN_POINT('',(-5.45511482254697,0.5,19.3166631871955));
#2252=CARTESIAN_POINT('',(-5.43702157272095,0.5,19.2818684759916));
#2253=CARTESIAN_POINT('',(-5.41920177251446,0.5,19.2475996294407));
#2254=CARTESIAN_POINT('',(-5.40779401530967,0.5,19.2192379958246));
#2255=CARTESIAN_POINT('',(-5.40779401530967,0.5,19.1579993041058));
#2256=CARTESIAN_POINT('',(-5.41614474599861,0.5,19.1287717466945));
#2257=CARTESIAN_POINT('',(-5.43145441892832,0.5,19.1051113430758));
#2258=CARTESIAN_POINT('',(-4.56297842727905,0.5,19.3347564370216));
#2259=CARTESIAN_POINT('',(-4.99582463465553,0.5,19.8719867780097));
#2260=CARTESIAN_POINT('',(-4.82881002087683,0.5,19.8107480862909));
#2261=CARTESIAN_POINT('',(-4.71468336812804,0.5,19.7300243562978));
#2262=CARTESIAN_POINT('',(-4.65344467640919,0.5,19.6312073764788));
#2263=CARTESIAN_POINT('',(-4.59259218254551,0.5,19.5330135795624));
#2264=CARTESIAN_POINT('',(-4.56297842727905,0.5,19.4335734168406));
#2265=CARTESIAN_POINT('',(-4.56297842727905,0.5,19.3347564370216));
#2266=CARTESIAN_POINT('',(-5.28114126652749,0.5,19.8942553931802));
#2267=CARTESIAN_POINT('',(-5.28114126652749,0.,19.8942553931802));
#2268=CARTESIAN_POINT('',(-5.05807159570434,0.5,19.8942553931802));
#2269=CARTESIAN_POINT('',(-5.05807159570434,0.,19.8942553931802));
#2270=CARTESIAN_POINT('',(-4.8577864495635,0.5,20.0115878315392));
#2271=CARTESIAN_POINT('',(-4.8577864495635,1.0842021724855E-16,20.0115878315392));
#2272=CARTESIAN_POINT('',(-4.82048649635504,0.5,20.3866632794317));
#2273=CARTESIAN_POINT('',(-4.82048649635504,-1.0842021724855E-16,20.3866632794317));
#2274=CARTESIAN_POINT('',(-4.9074800468131,0.5,20.5982910890075));
#2275=CARTESIAN_POINT('',(-4.9074800468131,1.0842021724855E-16,20.5982910890075));
#2276=CARTESIAN_POINT('',(-5.04817623847434,0.5,20.69030213761));
#2277=CARTESIAN_POINT('',(-5.04817623847434,-1.0842021724855E-16,20.69030213761));
#2278=CARTESIAN_POINT('',(-5.17228557663718,0.5,20.7115613787759));
#2279=CARTESIAN_POINT('',(-5.17228557663718,0.,20.7115613787759));
#2280=CARTESIAN_POINT('',(-5.28337075266845,0.5,20.6935615217336));
#2281=CARTESIAN_POINT('',(-5.28337075266845,1.0842021724855E-16,20.6935615217336));
#2282=CARTESIAN_POINT('',(-5.38477470562098,0.5,20.6643911371479));
#2283=CARTESIAN_POINT('',(-5.38477470562098,0.,20.6643911371479));
#2284=CARTESIAN_POINT('',(-5.46641189123589,0.5,20.5735983711248));
#2285=CARTESIAN_POINT('',(-5.46641189123589,0.,20.5735983711248));
#2286=CARTESIAN_POINT('',(-5.45070729845883,0.5,20.4426420793327));
#2287=CARTESIAN_POINT('',(-5.45070729845883,0.,20.4426420793327));
#2288=CARTESIAN_POINT('',(-5.42135462005097,0.5,20.411856205308));
#2289=CARTESIAN_POINT('',(-5.42135462005097,0.,20.411856205308));
#2290=CARTESIAN_POINT('',(-5.40047486725724,0.5,20.3567759569672));
#2291=CARTESIAN_POINT('',(-5.40047486725724,-1.0842021724855E-16,20.3567759569672));
#2292=CARTESIAN_POINT('',(-5.4115069065163,0.5,20.2853972981429));
#2293=CARTESIAN_POINT('',(-5.4115069065163,0.,20.2853972981429));
#2294=CARTESIAN_POINT('',(-5.47919288610457,0.5,20.2188014162352));
#2295=CARTESIAN_POINT('',(-5.47919288610457,1.0842021724855E-16,20.2188014162352));
#2296=CARTESIAN_POINT('',(-5.59098106594967,0.5,20.2589999840351));
#2297=CARTESIAN_POINT('',(-5.59098106594967,-2.16840434497101E-16,20.2589999840351));
#2298=CARTESIAN_POINT('',(-5.62932451167331,0.5,20.3091779287837));
#2299=CARTESIAN_POINT('',(-5.62932451167331,1.0842021724855E-16,20.3091779287837));
#2300=CARTESIAN_POINT('',(-5.64487387199191,0.5,20.4245791004566));
#2301=CARTESIAN_POINT('',(-5.64487387199191,-1.0842021724855E-16,20.4245791004566));
#2302=CARTESIAN_POINT('',(-5.59084824864332,0.5,20.6131512635036));
#2303=CARTESIAN_POINT('',(-5.59084824864332,1.0842021724855E-16,20.6131512635036));
#2304=CARTESIAN_POINT('',(-5.38065930525564,0.5,20.7656978757081));
#2305=CARTESIAN_POINT('',(-5.38065930525564,0.,20.7656978757081));
#2306=CARTESIAN_POINT('',(-5.08965055690254,0.5,20.8017936976852));
#2307=CARTESIAN_POINT('',(-5.08965055690254,1.0842021724855E-16,20.8017936976852));
#2308=CARTESIAN_POINT('',(-4.88357891439654,0.5,20.7393653268805));
#2309=CARTESIAN_POINT('',(-4.88357891439654,0.,20.7393653268805));
#2310=CARTESIAN_POINT('',(-4.75301266302291,0.5,20.6210046312349));
#2311=CARTESIAN_POINT('',(-4.75301266302291,0.,20.6210046312349));
#2312=CARTESIAN_POINT('',(-4.63335613004424,0.5,20.4400490645031));
#2313=CARTESIAN_POINT('',(-4.63335613004424,1.0842021724855E-16,20.4400490645031));
#2314=CARTESIAN_POINT('',(-4.64049139162947,0.5,20.1190514700245));
#2315=CARTESIAN_POINT('',(-4.64049139162947,1.0842021724855E-16,20.1190514700245));
#2316=CARTESIAN_POINT('',(-4.79571060554747,0.5,19.9340911318709));
#2317=CARTESIAN_POINT('',(-4.79571060554747,0.,19.9340911318709));
#2318=CARTESIAN_POINT('',(-4.99582463465553,0.5,19.8719867780097));
#2319=CARTESIAN_POINT('',(-4.99582463465553,0.,19.8719867780097));
#2320=CARTESIAN_POINT('',(-5.28114126652749,0.5,19.8942553931802));
#2321=CARTESIAN_POINT('',(-4.99582463465553,0.5,19.8719867780097));
#2322=CARTESIAN_POINT('',(-4.99582463465553,0.5,19.8719867780097));
#2323=CARTESIAN_POINT('',(-4.99582463465553,0.,19.8719867780097));
#2324=CARTESIAN_POINT('',(-4.85078444496045,0.5,19.8188053751215));
#2325=CARTESIAN_POINT('',(-4.85078444496045,0.,19.8188053751215));
#2326=CARTESIAN_POINT('',(-4.65384495997129,0.5,19.7035266320128));
#2327=CARTESIAN_POINT('',(-4.65384495997129,0.,19.7035266320128));
#2328=CARTESIAN_POINT('',(-4.56297842727906,0.5,19.4512180169487));
#2329=CARTESIAN_POINT('',(-4.56297842727906,1.0842021724855E-16,19.4512180169487));
#2330=CARTESIAN_POINT('',(-4.56297842727906,0.5,19.3347564370216));
#2331=CARTESIAN_POINT('',(-4.56297842727906,1.0842021724855E-16,19.3347564370216));
#2332=CARTESIAN_POINT('',(-4.56297842727905,0.5,19.3347564370216));
#2333=CARTESIAN_POINT('',(-4.56297842727905,0.5,19.3347564370216));
#2334=CARTESIAN_POINT('',(-4.56297842727905,0.,19.3347564370216));
#2335=CARTESIAN_POINT('',(-4.56297842727905,0.5,19.1527219893576));
#2336=CARTESIAN_POINT('',(-4.56297842727905,0.,19.1527219893576));
#2337=CARTESIAN_POINT('',(-4.71242828868513,0.5,18.8965596072114));
#2338=CARTESIAN_POINT('',(-4.71242828868513,1.0842021724855E-16,18.8965596072114));
#2339=CARTESIAN_POINT('',(-5.01965967688251,0.5,18.7811902006214));
#2340=CARTESIAN_POINT('',(-5.01965967688251,-1.0842021724855E-16,18.7811902006214));
#2341=CARTESIAN_POINT('',(-5.32845738168966,0.5,18.7805677198364));
#2342=CARTESIAN_POINT('',(-5.32845738168966,2.16840434497101E-16,18.7805677198364));
#2343=CARTESIAN_POINT('',(-5.58830414031946,0.5,18.9131983266313));
#2344=CARTESIAN_POINT('',(-5.58830414031946,0.,18.9131983266313));
#2345=CARTESIAN_POINT('',(-5.69263150179643,0.5,19.1404598021686));
#2346=CARTESIAN_POINT('',(-5.69263150179643,0.,19.1404598021686));
#2347=CARTESIAN_POINT('',(-5.64881835904802,0.5,19.2732175114294));
#2348=CARTESIAN_POINT('',(-5.64881835904802,1.0842021724855E-16,19.2732175114294));
#2349=CARTESIAN_POINT('',(-5.54782830481122,0.5,19.3432750821738));
#2350=CARTESIAN_POINT('',(-5.54782830481122,-1.0842021724855E-16,19.3432750821738));
#2351=CARTESIAN_POINT('',(-5.48251101927271,0.5,19.3266449957447));
#2352=CARTESIAN_POINT('',(-5.48251101927271,-1.0842021724855E-16,19.3266449957447));
#2353=CARTESIAN_POINT('',(-5.44429003124447,0.5,19.3057892147141));
#2354=CARTESIAN_POINT('',(-5.44429003124447,0.,19.3057892147141));
#2355=CARTESIAN_POINT('',(-5.3877040708558,0.5,19.1737454549529));
#2356=CARTESIAN_POINT('',(-5.3877040708558,-1.0842021724855E-16,19.1737454549529));
#2357=CARTESIAN_POINT('',(-5.41415530330481,0.5,19.1318463399486));
#2358=CARTESIAN_POINT('',(-5.41415530330481,0.,19.1318463399486));
#2359=CARTESIAN_POINT('',(-5.43145441892832,0.5,19.1051113430758));
#2360=CARTESIAN_POINT('',(-5.43145441892832,0.,19.1051113430758));
#2361=CARTESIAN_POINT('',(-5.43145441892832,0.5,19.1051113430758));
#2362=CARTESIAN_POINT('',(-5.43145441892832,0.5,19.1051113430758));
#2363=CARTESIAN_POINT('',(-5.43145441892832,0.,19.1051113430758));
#2364=CARTESIAN_POINT('',(-5.47639632394669,0.5,19.0152275330391));
#2365=CARTESIAN_POINT('',(-5.47639632394669,0.,19.0152275330391));
#2366=CARTESIAN_POINT('',(-5.42003989285061,0.5,18.8967917993139));
#2367=CARTESIAN_POINT('',(-5.42003989285061,-1.0842021724855E-16,18.8967917993139));
#2368=CARTESIAN_POINT('',(-5.08945267827152,0.5,18.8427116879176));
#2369=CARTESIAN_POINT('',(-5.08945267827152,3.25260651745651E-16,18.8427116879176));
#2370=CARTESIAN_POINT('',(-4.87507841195041,0.5,18.9504189029127));
#2371=CARTESIAN_POINT('',(-4.87507841195041,-2.16840434497101E-16,18.9504189029127));
#2372=CARTESIAN_POINT('',(-4.74984528762515,0.5,19.1801666961343));
#2373=CARTESIAN_POINT('',(-4.74984528762515,3.25260651745651E-16,19.1801666961343));
#2374=CARTESIAN_POINT('',(-4.78322908923148,0.5,19.7422608662859));
#2375=CARTESIAN_POINT('',(-4.78322908923148,-2.16840434497101E-16,19.7422608662859));
#2376=CARTESIAN_POINT('',(-5.05980447157847,0.5,19.8133647418118));
#2377=CARTESIAN_POINT('',(-5.05980447157847,0.,19.8133647418118));
#2378=CARTESIAN_POINT('',(-5.28114126652749,0.5,19.8149234516353));
#2379=CARTESIAN_POINT('',(-5.28114126652749,0.,19.8149234516353));
#2380=CARTESIAN_POINT('',(-5.28114126652749,0.5,19.8149234516353));
#2381=CARTESIAN_POINT('',(-5.28114126652749,0.5,19.8149234516353));
#2382=CARTESIAN_POINT('',(-4.14265831593598,0.5,19.6646908457229));
#2383=CARTESIAN_POINT('',(-4.3249826026444,0.5,18.8086604036186));
#2384=CARTESIAN_POINT('',(-4.3249826026444,0.5,18.8086604036186));
#2385=CARTESIAN_POINT('',(-4.3249826026444,0.5,18.8768580375783));
#2386=CARTESIAN_POINT('',(-4.31384829505915,0.5,20.7599478079332));
#2387=CARTESIAN_POINT('',(-4.14219438645326,0.5,20.7599478079332));
#2388=CARTESIAN_POINT('',(-3.97054047784737,0.5,20.7599478079332));
#2389=CARTESIAN_POINT('',(-3.79888656924147,0.5,20.7599478079332));
#2390=CARTESIAN_POINT('',(-3.56367432150313,0.5,20.7599478079332));
#2391=CARTESIAN_POINT('',(-3.37439109255393,0.5,20.6847912317328));
#2392=CARTESIAN_POINT('',(-3.23382045929019,0.5,20.5316945024356));
#2393=CARTESIAN_POINT('',(-3.09330655602507,0.5,20.3786595582855));
#2394=CARTESIAN_POINT('',(-3.02226861517049,0.5,20.1433855254001));
#2395=CARTESIAN_POINT('',(-3.02226861517049,0.5,19.4739352818372));
#2396=CARTESIAN_POINT('',(-3.09046624913013,0.5,19.2164544189283));
#2397=CARTESIAN_POINT('',(-3.22825330549756,0.5,19.0536151704941));
#2398=CARTESIAN_POINT('',(-3.36614594581624,0.5,18.8906511410266));
#2399=CARTESIAN_POINT('',(-3.56645789839944,0.5,18.8086604036186));
#2400=CARTESIAN_POINT('',(-3.83368128044537,0.5,18.8086604036186));
#2401=CARTESIAN_POINT('',(-3.99744838784505,0.5,18.8086604036186));
#2402=CARTESIAN_POINT('',(-4.16121549524472,0.5,18.8086604036186));
#2403=CARTESIAN_POINT('',(-4.3249826026444,0.5,18.8086604036186));
#2404=CARTESIAN_POINT('',(-4.31384829505915,0.5,20.7599478079332));
#2405=CARTESIAN_POINT('',(-4.31384829505915,0.5,20.6917501739736));
#2406=CARTESIAN_POINT('',(-4.31384829505915,0.5,20.6917501739736));
#2407=CARTESIAN_POINT('',(-4.14265831593598,0.5,20.5998921363953));
#2408=CARTESIAN_POINT('',(-4.14265831593598,0.5,20.6305114822547));
#2409=CARTESIAN_POINT('',(-4.14961725817676,0.5,20.6527800974252));
#2410=CARTESIAN_POINT('',(-4.18023660403619,0.5,20.6833994432846));
#2411=CARTESIAN_POINT('',(-4.20668058455115,0.5,20.6917501739736));
#2412=CARTESIAN_POINT('',(-4.24565066109951,0.5,20.6917501739736));
#2413=CARTESIAN_POINT('',(-4.26838320575273,0.5,20.6917501739736));
#2414=CARTESIAN_POINT('',(-4.29111575040594,0.5,20.6917501739736));
#2415=CARTESIAN_POINT('',(-4.31384829505915,0.5,20.6917501739736));
#2416=CARTESIAN_POINT('',(-4.14265831593598,0.5,20.5998921363953));
#2417=CARTESIAN_POINT('',(-4.3249826026444,0.5,18.8768580375783));
#2418=CARTESIAN_POINT('',(-4.29853862212944,0.5,18.8768580375783));
#2419=CARTESIAN_POINT('',(-4.27209464161447,0.5,18.8768580375783));
#2420=CARTESIAN_POINT('',(-4.24565066109951,0.5,18.8768580375783));
#2421=CARTESIAN_POINT('',(-4.20668058455115,0.5,18.8768580375783));
#2422=CARTESIAN_POINT('',(-4.18023660403619,0.5,18.8852087682672));
#2423=CARTESIAN_POINT('',(-4.14961725817676,0.5,18.9158281141266));
#2424=CARTESIAN_POINT('',(-4.14265831593598,0.5,18.9380967292971));
#2425=CARTESIAN_POINT('',(-4.14265831593598,0.5,18.9687160751566));
#2426=CARTESIAN_POINT('',(-4.14265831593598,0.5,19.5124414289028));
#2427=CARTESIAN_POINT('',(-4.14265831593598,0.5,20.056166782649));
#2428=CARTESIAN_POINT('',(-4.14265831593598,0.5,20.5998921363953));
#2429=CARTESIAN_POINT('',(-3.23799582463465,0.5,19.8010055671538));
#2430=CARTESIAN_POINT('',(-3.23799582463465,0.5,20.1280758524704));
#2431=CARTESIAN_POINT('',(-3.28810020876827,0.5,20.3577209464161));
#2432=CARTESIAN_POINT('',(-3.4857341684064,0.5,20.6249443284621));
#2433=CARTESIAN_POINT('',(-3.62352122477383,0.5,20.6917501739736));
#2434=CARTESIAN_POINT('',(-3.8517745302714,0.5,20.6917501739736));
#2435=CARTESIAN_POINT('',(-3.89213639526792,0.5,20.6833994432846));
#2436=CARTESIAN_POINT('',(-3.94502435629784,0.5,20.6527800974252));
#2437=CARTESIAN_POINT('',(-3.9589422407794,0.5,20.6305114822547));
#2438=CARTESIAN_POINT('',(-3.9589422407794,0.5,20.5998921363953));
#2439=CARTESIAN_POINT('',(-3.9589422407794,0.5,20.056166782649));
#2440=CARTESIAN_POINT('',(-3.9589422407794,0.5,19.5124414289028));
#2441=CARTESIAN_POINT('',(-3.9589422407794,0.5,18.9687160751566));
#2442=CARTESIAN_POINT('',(-3.9589422407794,0.5,18.9380967292971));
#2443=CARTESIAN_POINT('',(-3.94780793319415,0.5,18.9158281141266));
#2444=CARTESIAN_POINT('',(-3.9241475295755,0.5,18.9005184411969));
#2445=CARTESIAN_POINT('',(-3.90146816708251,0.5,18.8858435595838));
#2446=CARTESIAN_POINT('',(-3.87125956854558,0.5,18.8768580375783));
#2447=CARTESIAN_POINT('',(-3.66527487821851,0.5,18.8768580375783));
#2448=CARTESIAN_POINT('',(-3.52470424495477,0.5,18.9394885177453));
#2449=CARTESIAN_POINT('',(-3.41057759220599,0.5,19.0661412665275));
#2450=CARTESIAN_POINT('',(-3.29714307710466,0.5,19.1920259113351));
#2451=CARTESIAN_POINT('',(-3.23799582463465,0.5,19.436356993737));
#2452=CARTESIAN_POINT('',(-3.23799582463465,0.5,19.8010055671538));
#2453=CARTESIAN_POINT('',(-3.23799582463465,0.5,19.8010055671538));
#2454=CARTESIAN_POINT('',(-4.3249826026444,0.5,18.8086604036186));
#2455=CARTESIAN_POINT('',(-4.3249826026444,0.5,18.8086604036186));
#2456=CARTESIAN_POINT('',(-4.3249826026444,0.5,18.8768580375783));
#2457=CARTESIAN_POINT('',(-4.3249826026444,0.5,18.8768580375783));
#2458=CARTESIAN_POINT('',(-4.3249826026444,0.,18.8768580375783));
#2459=CARTESIAN_POINT('',(-4.28601588219972,0.5,18.8768580375783));
#2460=CARTESIAN_POINT('',(-4.28601588219972,0.,18.8768580375783));
#2461=CARTESIAN_POINT('',(-4.18041831865485,0.5,18.8629855228756));
#2462=CARTESIAN_POINT('',(-4.18041831865485,-1.0842021724855E-16,18.8629855228756));
#2463=CARTESIAN_POINT('',(-4.13271183117886,0.5,18.9577371202113));
#2464=CARTESIAN_POINT('',(-4.13271183117886,0.,18.9577371202113));
#2465=CARTESIAN_POINT('',(-4.14526389458895,0.5,19.0816446380171));
#2466=CARTESIAN_POINT('',(-4.14526389458895,0.,19.0816446380171));
#2467=CARTESIAN_POINT('',(-4.14115534991197,0.5,19.2352178700435));
#2468=CARTESIAN_POINT('',(-4.14115534991197,0.,19.2352178700435));
#2469=CARTESIAN_POINT('',(-4.14315711688718,0.5,19.4311689853251));
#2470=CARTESIAN_POINT('',(-4.14315711688718,1.0842021724855E-16,19.4311689853251));
#2471=CARTESIAN_POINT('',(-4.14236953643791,0.5,19.7424630716137));
#2472=CARTESIAN_POINT('',(-4.14236953643791,-2.16840434497101E-16,19.7424630716137));
#2473=CARTESIAN_POINT('',(-4.14276332666255,0.5,20.1323501146949));
#2474=CARTESIAN_POINT('',(-4.14276332666255,0.,20.1323501146949));
#2475=CARTESIAN_POINT('',(-4.14265831593598,0.5,20.4440252546165));
#2476=CARTESIAN_POINT('',(-4.14265831593598,0.,20.4440252546165));
#2477=CARTESIAN_POINT('',(-4.14265831593598,0.5,20.5998921363953));
#2478=CARTESIAN_POINT('',(-4.14265831593598,0.,20.5998921363953));
#2479=CARTESIAN_POINT('',(-4.14265831593598,0.5,20.5998921363953));
#2480=CARTESIAN_POINT('',(-4.14265831593598,0.5,20.5998921363953));
#2481=CARTESIAN_POINT('',(-4.14265831593598,0.,20.5998921363953));
#2482=CARTESIAN_POINT('',(-4.14265831593598,0.5,20.6435711304291));
#2483=CARTESIAN_POINT('',(-4.14265831593598,0.,20.6435711304291));
#2484=CARTESIAN_POINT('',(-4.17215622272086,0.5,20.6998861930135));
#2485=CARTESIAN_POINT('',(-4.17215622272086,0.,20.6998861930135));
#2486=CARTESIAN_POINT('',(-4.2758329263057,0.5,20.6917501739736));
#2487=CARTESIAN_POINT('',(-4.2758329263057,0.,20.6917501739736));
#2488=CARTESIAN_POINT('',(-4.31384829505915,0.5,20.6917501739736));
#2489=CARTESIAN_POINT('',(-4.31384829505915,0.,20.6917501739736));
#2490=CARTESIAN_POINT('',(-4.31384829505915,0.5,20.6917501739736));
#2491=CARTESIAN_POINT('',(-4.31384829505915,0.5,20.6917501739736));
#2492=CARTESIAN_POINT('',(-4.31384829505915,0.5,20.7599478079332));
#2493=CARTESIAN_POINT('',(-4.31384829505915,0.5,20.7599478079332));
#2494=CARTESIAN_POINT('',(-4.31384829505915,0.,20.7599478079332));
#2495=CARTESIAN_POINT('',(-4.15221881906761,0.5,20.7599478079332));
#2496=CARTESIAN_POINT('',(-4.15221881906761,0.,20.7599478079332));
#2497=CARTESIAN_POINT('',(-3.92108281628524,0.5,20.7673071592));
#2498=CARTESIAN_POINT('',(-3.92108281628524,0.,20.7673071592));
#2499=CARTESIAN_POINT('',(-3.5676686344223,0.5,20.7476822224885));
#2500=CARTESIAN_POINT('',(-3.5676686344223,-1.0842021724855E-16,20.7476822224885));
#2501=CARTESIAN_POINT('',(-3.35402555887652,0.5,20.6513728411959));
#2502=CARTESIAN_POINT('',(-3.35402555887652,0.,20.6513728411959));
#2503=CARTESIAN_POINT('',(-3.18444516814666,0.5,20.4913873331157));
#2504=CARTESIAN_POINT('',(-3.18444516814666,-1.0842021724855E-16,20.4913873331157));
#2505=CARTESIAN_POINT('',(-3.08841916177554,0.5,20.3064958147807));
#2506=CARTESIAN_POINT('',(-3.08841916177554,-1.0842021724855E-16,20.3064958147807));
#2507=CARTESIAN_POINT('',(-3.02851396089659,0.5,20.0669127825737));
#2508=CARTESIAN_POINT('',(-3.02851396089659,1.0842021724855E-16,20.0669127825737));
#2509=CARTESIAN_POINT('',(-3.01249851636187,0.5,19.6540064895091));
#2510=CARTESIAN_POINT('',(-3.01249851636187,1.0842021724855E-16,19.6540064895091));
#2511=CARTESIAN_POINT('',(-3.07449439653518,0.5,19.3058657094043));
#2512=CARTESIAN_POINT('',(-3.07449439653518,1.0842021724855E-16,19.3058657094043));
#2513=CARTESIAN_POINT('',(-3.19360942486935,0.5,19.079634276585));
#2514=CARTESIAN_POINT('',(-3.19360942486935,0.,19.079634276585));
#2515=CARTESIAN_POINT('',(-3.35752459407269,0.5,18.9210916038399));
#2516=CARTESIAN_POINT('',(-3.35752459407269,-1.0842021724855E-16,18.9210916038399));
#2517=CARTESIAN_POINT('',(-3.56569281123116,0.5,18.8264722042071));
#2518=CARTESIAN_POINT('',(-3.56569281123116,0.,18.8264722042071));
#2519=CARTESIAN_POINT('',(-3.93978024675848,0.5,18.7979733232655));
#2520=CARTESIAN_POINT('',(-3.93978024675848,0.,18.7979733232655));
#2521=CARTESIAN_POINT('',(-4.16329486596481,0.5,18.8086604036186));
#2522=CARTESIAN_POINT('',(-4.16329486596481,0.,18.8086604036186));
#2523=CARTESIAN_POINT('',(-4.3249826026444,0.5,18.8086604036186));
#2524=CARTESIAN_POINT('',(-4.3249826026444,0.,18.8086604036186));
#2525=CARTESIAN_POINT('',(-3.24648391438707,0.5,19.5373917496615));
#2526=CARTESIAN_POINT('',(-3.24648391438707,0.,19.5373917496615));
#2527=CARTESIAN_POINT('',(-3.23338562973468,0.5,19.7641673121379));
#2528=CARTESIAN_POINT('',(-3.23338562973468,0.,19.7641673121379));
#2529=CARTESIAN_POINT('',(-3.24736162584142,0.5,20.0922673443027));
#2530=CARTESIAN_POINT('',(-3.24736162584142,1.0842021724855E-16,20.0922673443027));
#2531=CARTESIAN_POINT('',(-3.30448445245924,0.5,20.375677488494));
#2532=CARTESIAN_POINT('',(-3.30448445245924,-2.16840434497101E-16,20.375677488494));
#2533=CARTESIAN_POINT('',(-3.44966646544383,0.5,20.6013632560565));
#2534=CARTESIAN_POINT('',(-3.44966646544383,0.,20.6013632560565));
#2535=CARTESIAN_POINT('',(-3.66427248736742,0.5,20.6948465299321));
#2536=CARTESIAN_POINT('',(-3.66427248736742,-1.0842021724855E-16,20.6948465299321));
#2537=CARTESIAN_POINT('',(-3.88895529485452,0.5,20.6915712315689));
#2538=CARTESIAN_POINT('',(-3.88895529485452,0.,20.6915712315689));
#2539=CARTESIAN_POINT('',(-3.95631695107531,0.5,20.6529548020723));
#2540=CARTESIAN_POINT('',(-3.95631695107531,0.,20.6529548020723));
#2541=CARTESIAN_POINT('',(-3.95948401285598,0.5,20.5768696114176));
#2542=CARTESIAN_POINT('',(-3.95948401285598,1.0842021724855E-16,20.5768696114176));
#2543=CARTESIAN_POINT('',(-3.95862402022709,0.5,20.4296862016613));
#2544=CARTESIAN_POINT('',(-3.95862402022709,-2.16840434497101E-16,20.4296862016613));
#2545=CARTESIAN_POINT('',(-3.95928670342346,0.5,20.2018089219259));
#2546=CARTESIAN_POINT('',(-3.95928670342346,1.0842021724855E-16,20.2018089219259));
#2547=CARTESIAN_POINT('',(-3.95790652488471,0.5,19.8607024228568));
#2548=CARTESIAN_POINT('',(-3.95790652488471,0.,19.8607024228568));
#2549=CARTESIAN_POINT('',(-3.96246460600634,0.5,19.4582274731185));
#2550=CARTESIAN_POINT('',(-3.96246460600634,0.,19.4582274731185));
#2551=CARTESIAN_POINT('',(-3.95034007952657,0.5,19.1620077889454));
#2552=CARTESIAN_POINT('',(-3.95034007952657,1.0842021724855E-16,19.1620077889454));
#2553=CARTESIAN_POINT('',(-3.96431737900727,0.5,18.9754203774102));
#2554=CARTESIAN_POINT('',(-3.96431737900727,-1.0842021724855E-16,18.9754203774102));
#2555=CARTESIAN_POINT('',(-3.93126076840327,0.5,18.8760397281732));
#2556=CARTESIAN_POINT('',(-3.93126076840327,1.0842021724855E-16,18.8760397281732));
#2557=CARTESIAN_POINT('',(-3.80586218075916,0.5,18.8733605344837));
#2558=CARTESIAN_POINT('',(-3.80586218075916,0.,18.8733605344837));
#2559=CARTESIAN_POINT('',(-3.6643559679374,0.5,18.894493792055));
#2560=CARTESIAN_POINT('',(-3.6643559679374,1.0842021724855E-16,18.894493792055));
#2561=CARTESIAN_POINT('',(-3.54263936461044,0.5,18.9471579747878));
#2562=CARTESIAN_POINT('',(-3.54263936461044,0.,18.9471579747878));
#2563=CARTESIAN_POINT('',(-3.40444018406459,0.5,19.0615388295018));
#2564=CARTESIAN_POINT('',(-3.40444018406459,0.,19.0615388295018));
#2565=CARTESIAN_POINT('',(-3.3417508789782,0.5,19.1579755418035));
#2566=CARTESIAN_POINT('',(-3.3417508789782,-1.0842021724855E-16,19.1579755418035));
#2567=CARTESIAN_POINT('',(-3.28058069533504,0.5,19.3215933840514));
#2568=CARTESIAN_POINT('',(-3.28058069533504,1.0842021724855E-16,19.3215933840514));
#2569=CARTESIAN_POINT('',(-3.24648391438707,0.5,19.5373917496615));
#2570=CARTESIAN_POINT('',(-3.24648391438707,0.,19.5373917496615));
#2571=CARTESIAN_POINT('',(-3.23338562973468,0.5,19.7641673121379));
#2572=CARTESIAN_POINT('',(-3.23338562973468,0.,19.7641673121379));
#2573=CARTESIAN_POINT('',(-3.24736162584142,0.5,20.0922673443027));
#2574=CARTESIAN_POINT('',(-3.24736162584142,1.0842021724855E-16,20.0922673443027));
#2575=CARTESIAN_POINT('',(-3.23799582463465,0.,19.8010055671538));
#2576=CARTESIAN_POINT('',(-3.23799582463465,0.,20.1280758524704));
#2577=CARTESIAN_POINT('',(-3.28810020876827,0.,20.3577209464161));
#2578=CARTESIAN_POINT('',(-3.4857341684064,0.,20.6249443284621));
#2579=CARTESIAN_POINT('',(-3.62352122477383,0.,20.6917501739736));
#2580=CARTESIAN_POINT('',(-3.8517745302714,0.,20.6917501739736));
#2581=CARTESIAN_POINT('',(-3.89213639526792,0.,20.6833994432846));
#2582=CARTESIAN_POINT('',(-3.94502435629784,0.,20.6527800974252));
#2583=CARTESIAN_POINT('',(-3.9589422407794,0.,20.6305114822547));
#2584=CARTESIAN_POINT('',(-3.9589422407794,0.,20.5998921363953));
#2585=CARTESIAN_POINT('',(-3.9589422407794,0.,20.056166782649));
#2586=CARTESIAN_POINT('',(-3.9589422407794,0.,19.5124414289028));
#2587=CARTESIAN_POINT('',(-3.9589422407794,0.,18.9687160751566));
#2588=CARTESIAN_POINT('',(-3.9589422407794,0.,18.9380967292971));
#2589=CARTESIAN_POINT('',(-3.94780793319415,0.,18.9158281141266));
#2590=CARTESIAN_POINT('',(-3.9241475295755,0.,18.9005184411969));
#2591=CARTESIAN_POINT('',(-3.90146816708251,0.,18.8858435595838));
#2592=CARTESIAN_POINT('',(-3.87125956854558,0.,18.8768580375783));
#2593=CARTESIAN_POINT('',(-3.66527487821851,0.,18.8768580375783));
#2594=CARTESIAN_POINT('',(-3.52470424495477,0.,18.9394885177453));
#2595=CARTESIAN_POINT('',(-3.41057759220599,0.,19.0661412665275));
#2596=CARTESIAN_POINT('',(-3.29714307710466,0.,19.1920259113351));
#2597=CARTESIAN_POINT('',(-3.23799582463465,0.,19.436356993737));
#2598=CARTESIAN_POINT('',(-3.23799582463465,0.,19.8010055671538));
#2599=CARTESIAN_POINT('',(-3.23799582463465,0.,19.8010055671538));
#2600=CARTESIAN_POINT('',(-1.81601141196779,0.5,19.1257338588));
#2601=CARTESIAN_POINT('',(-2.68267223382046,0.5,19.2192379958246));
#2602=CARTESIAN_POINT('',(-2.68267223382046,0.5,19.2192379958246));
#2603=CARTESIAN_POINT('',(-2.61447459986082,0.5,19.2303723034099));
#2604=CARTESIAN_POINT('',(-2.64926931106472,0.5,18.7975260960334));
#2605=CARTESIAN_POINT('',(-2.64926931106472,0.5,18.7975260960334));
#2606=CARTESIAN_POINT('',(-2.36256089074461,0.5,18.8309290187891));
#2607=CARTESIAN_POINT('',(-2.41684064022269,0.5,18.847630480167));
#2608=CARTESIAN_POINT('',(-2.45859429366736,0.5,18.8545894224078));
#2609=CARTESIAN_POINT('',(-2.51148225469729,0.5,18.8545894224078));
#2610=CARTESIAN_POINT('',(-2.53653444676409,0.5,18.8490222686152));
#2611=CARTESIAN_POINT('',(-2.56297842727905,0.5,18.8378879610299));
#2612=CARTESIAN_POINT('',(-2.589920176839,0.5,18.8265440664784));
#2613=CARTESIAN_POINT('',(-2.61864996520529,0.5,18.8128357689631));
#2614=CARTESIAN_POINT('',(-2.64926931106472,0.5,18.7975260960334));
#2615=CARTESIAN_POINT('',(-2.36256089074461,0.5,18.8309290187891));
#2616=CARTESIAN_POINT('',(-2.11203897007655,0.5,19.5393493389005));
#2617=CARTESIAN_POINT('',(-2.03549060542797,0.5,19.5087299930411));
#2618=CARTESIAN_POINT('',(-1.96311760612387,0.5,19.4781106471816));
#2619=CARTESIAN_POINT('',(-1.89491997216423,0.5,19.4474913013222));
#2620=CARTESIAN_POINT('',(-1.83251381838487,0.5,19.4194722118702));
#2621=CARTESIAN_POINT('',(-1.7821851078636,0.5,19.3765100904662));
#2622=CARTESIAN_POINT('',(-1.74043145441893,0.5,19.3277974947808));
#2623=CARTESIAN_POINT('',(-1.69799009374105,0.5,19.2782825739899));
#2624=CARTESIAN_POINT('',(-1.67640918580376,0.5,19.2234133611691));
#2625=CARTESIAN_POINT('',(-1.67640918580376,0.5,19.0480480167015));
#2626=CARTESIAN_POINT('',(-1.71677105080028,0.5,18.9589735560195));
#2627=CARTESIAN_POINT('',(-1.79749478079332,0.5,18.8935594989562));
#2628=CARTESIAN_POINT('',(-1.87669760792448,0.5,18.8293778976602));
#2629=CARTESIAN_POINT('',(-1.9937369519833,0.5,18.7961343075852));
#2630=CARTESIAN_POINT('',(-2.14544189283229,0.5,18.7975260960334));
#2631=CARTESIAN_POINT('',(-2.24562945981108,0.5,18.798445248024));
#2632=CARTESIAN_POINT('',(-2.31802366040362,0.5,18.8086604036186));
#2633=CARTESIAN_POINT('',(-2.36256089074461,0.5,18.8309290187891));
#2634=CARTESIAN_POINT('',(-2.11203897007655,0.5,19.5393493389005));
#2635=CARTESIAN_POINT('',(-1.78670480149857,0.5,20.8671690545281));
#2636=CARTESIAN_POINT('',(-2.31802366040362,0.5,19.6075469728601));
#2637=CARTESIAN_POINT('',(-1.77940153096729,0.5,19.7202818371608));
#2638=CARTESIAN_POINT('',(-1.81002087682672,0.5,19.8190988169798));
#2639=CARTESIAN_POINT('',(-1.86151704940849,0.5,19.8970389700765));
#2640=CARTESIAN_POINT('',(-2.0062630480167,0.5,20.0111656228253));
#2641=CARTESIAN_POINT('',(-2.08977035490605,0.5,20.0403931802366));
#2642=CARTESIAN_POINT('',(-2.28044537230341,0.5,20.0403931802366));
#2643=CARTESIAN_POINT('',(-2.35838552540014,0.5,20.0209081419624));
#2644=CARTESIAN_POINT('',(-2.47251217814892,0.5,19.945751565762));
#2645=CARTESIAN_POINT('',(-2.50173973556019,0.5,19.8914718162839));
#2646=CARTESIAN_POINT('',(-2.50173973556019,0.5,19.7634272790536));
#2647=CARTESIAN_POINT('',(-2.48782185107864,0.5,19.7147146833681));
#2648=CARTESIAN_POINT('',(-2.46137787056367,0.5,19.6813117606124));
#2649=CARTESIAN_POINT('',(-2.43425656290639,0.5,19.6470532667295));
#2650=CARTESIAN_POINT('',(-2.38761308281141,0.5,19.6228566457898));
#2651=CARTESIAN_POINT('',(-2.31802366040362,0.5,19.6075469728601));
#2652=CARTESIAN_POINT('',(-1.77940153096729,0.5,19.7202818371608));
#2653=CARTESIAN_POINT('',(-1.71120389700766,0.5,19.731416144746));
#2654=CARTESIAN_POINT('',(-1.71120389700766,0.5,19.731416144746));
#2655=CARTESIAN_POINT('',(-1.7571329157968,0.5,20.1099826026444));
#2656=CARTESIAN_POINT('',(-1.7571329157968,0.5,20.1099826026444));
#2657=CARTESIAN_POINT('',(-1.99652052887961,0.5,20.0863221990257));
#2658=CARTESIAN_POINT('',(-1.93528183716075,0.5,20.0626617954071));
#2659=CARTESIAN_POINT('',(-1.89352818371607,0.5,20.0515274878218));
#2660=CARTESIAN_POINT('',(-1.84759916492693,0.5,20.0515274878218));
#2661=CARTESIAN_POINT('',(-1.82950591510091,0.5,20.0557028531663));
#2662=CARTESIAN_POINT('',(-1.81419624217119,0.5,20.0626617954071));
#2663=CARTESIAN_POINT('',(-1.79836226537402,0.5,20.0698590575876));
#2664=CARTESIAN_POINT('',(-1.77940153096729,0.5,20.0863221990257));
#2665=CARTESIAN_POINT('',(-1.7571329157968,0.5,20.1099826026444));
#2666=CARTESIAN_POINT('',(-1.99652052887961,0.5,20.0863221990257));
#2667=CARTESIAN_POINT('',(-2.63813500347947,0.5,19.7564683368128));
#2668=CARTESIAN_POINT('',(-2.63813500347947,0.5,19.8705949895616));
#2669=CARTESIAN_POINT('',(-2.59498956158664,0.5,19.9568858733473));
#2670=CARTESIAN_POINT('',(-2.50730688935282,0.5,20.0181245650661));
#2671=CARTESIAN_POINT('',(-2.41868873729669,0.5,20.080016607772));
#2672=CARTESIAN_POINT('',(-2.31384829505915,0.5,20.1099826026444));
#2673=CARTESIAN_POINT('',(-2.1231732776618,0.5,20.1099826026444));
#2674=CARTESIAN_POINT('',(-2.05775922059847,0.5,20.1016318719555));
#2675=CARTESIAN_POINT('',(-1.99652052887961,0.5,20.0863221990257));
#2676=CARTESIAN_POINT('',(-2.63813500347947,0.5,19.7564683368128));
#2677=CARTESIAN_POINT('',(-2.61447459986082,0.5,19.2303723034099));
#2678=CARTESIAN_POINT('',(-2.59220598469033,0.5,19.1092867084203));
#2679=CARTESIAN_POINT('',(-2.54210160055672,0.5,19.017428670842));
#2680=CARTESIAN_POINT('',(-2.46555323590814,0.5,18.9575817675713));
#2681=CARTESIAN_POINT('',(-2.38832953689767,0.5,18.8972068756177));
#2682=CARTESIAN_POINT('',(-2.28322894919972,0.5,18.865723729993));
#2683=CARTESIAN_POINT('',(-2.03827418232429,0.5,18.865723729993));
#2684=CARTESIAN_POINT('',(-1.95615866388309,0.5,18.8852087682672));
#2685=CARTESIAN_POINT('',(-1.84203201113431,0.5,18.9603653444676));
#2686=CARTESIAN_POINT('',(-1.81419624217119,0.5,19.017428670842));
#2687=CARTESIAN_POINT('',(-1.81419624217119,0.5,19.1468649965205));
#2688=CARTESIAN_POINT('',(-1.82811412665275,0.5,19.1914022268615));
#2689=CARTESIAN_POINT('',(-1.85873347251218,0.5,19.2248051496173));
#2690=CARTESIAN_POINT('',(-1.89004608657975,0.5,19.2589643649637));
#2691=CARTESIAN_POINT('',(-1.91997216423104,0.5,19.2832602644398));
#2692=CARTESIAN_POINT('',(-1.95059151009047,0.5,19.2985699373695));
#2693=CARTESIAN_POINT('',(-2.0240779401531,0.5,19.3353131524008));
#2694=CARTESIAN_POINT('',(-2.11203897007655,0.5,19.3639839944328));
#2695=CARTESIAN_POINT('',(-2.20250521920668,0.5,19.401562282533));
#2696=CARTESIAN_POINT('',(-2.29169318060183,0.5,19.4386095895741));
#2697=CARTESIAN_POINT('',(-2.37508698677801,0.5,19.4628009742519));
#2698=CARTESIAN_POINT('',(-2.44328462073765,0.5,19.4934203201113));
#2699=CARTESIAN_POINT('',(-2.51264055073334,0.5,19.5245597172523));
#2700=CARTESIAN_POINT('',(-2.5615866388309,0.5,19.561617954071));
#2701=CARTESIAN_POINT('',(-2.62282533054976,0.5,19.6534759916493));
#2702=CARTESIAN_POINT('',(-2.63813500347947,0.5,19.7021885873347));
#2703=CARTESIAN_POINT('',(-2.63813500347947,0.5,19.7564683368128));
#2704=CARTESIAN_POINT('',(-2.68267223382046,0.5,19.2192379958246));
#2705=CARTESIAN_POINT('',(-2.68267223382046,0.5,19.2192379958246));
#2706=CARTESIAN_POINT('',(-2.61447459986082,0.5,19.2303723034099));
#2707=CARTESIAN_POINT('',(-2.61447459986082,0.5,19.2303723034099));
#2708=CARTESIAN_POINT('',(-2.61447459986082,0.,19.2303723034099));
#2709=CARTESIAN_POINT('',(-2.59475645598074,0.5,19.1231548960619));
#2710=CARTESIAN_POINT('',(-2.59475645598074,0.,19.1231548960619));
#2711=CARTESIAN_POINT('',(-2.51520718306182,0.5,18.9570437456187));
#2712=CARTESIAN_POINT('',(-2.51520718306182,0.,18.9570437456187));
#2713=CARTESIAN_POINT('',(-2.29379585276182,0.5,18.8611885210902));
#2714=CARTESIAN_POINT('',(-2.29379585276182,0.,18.8611885210902));
#2715=CARTESIAN_POINT('',(-2.03086127505218,0.5,18.8659233632247));
#2716=CARTESIAN_POINT('',(-2.03086127505218,-1.0842021724855E-16,18.8659233632247));
#2717=CARTESIAN_POINT('',(-1.89891897320137,0.5,18.9112309215355));
#2718=CARTESIAN_POINT('',(-1.89891897320137,1.0842021724855E-16,18.9112309215355));
#2719=CARTESIAN_POINT('',(-1.82197286746839,0.5,18.9919983718404));
#2720=CARTESIAN_POINT('',(-1.82197286746839,-1.0842021724855E-16,18.9919983718404));
#2721=CARTESIAN_POINT('',(-1.79599127698878,0.5,19.1776351581555));
#2722=CARTESIAN_POINT('',(-1.79599127698878,-1.0842021724855E-16,19.1776351581555));
#2723=CARTESIAN_POINT('',(-1.9663853492758,0.5,19.3272995993984));
#2724=CARTESIAN_POINT('',(-1.9663853492758,1.0842021724855E-16,19.3272995993984));
#2725=CARTESIAN_POINT('',(-2.19837249353026,0.5,19.4002554538679));
#2726=CARTESIAN_POINT('',(-2.19837249353026,-1.0842021724855E-16,19.4002554538679));
#2727=CARTESIAN_POINT('',(-2.36599828473256,0.5,19.4626920411086));
#2728=CARTESIAN_POINT('',(-2.36599828473256,1.0842021724855E-16,19.4626920411086));
#2729=CARTESIAN_POINT('',(-2.43533422408753,0.5,19.4882103172009));
#2730=CARTESIAN_POINT('',(-2.43533422408753,-1.0842021724855E-16,19.4882103172009));
#2731=CARTESIAN_POINT('',(-2.60130266459076,0.5,19.5740810469622));
#2732=CARTESIAN_POINT('',(-2.60130266459076,4.33680868994202E-16,19.5740810469622));
#2733=CARTESIAN_POINT('',(-2.63813500347947,0.5,19.6687480772492));
#2734=CARTESIAN_POINT('',(-2.63813500347947,0.,19.6687480772492));
#2735=CARTESIAN_POINT('',(-2.63813500347947,0.5,19.7564683368128));
#2736=CARTESIAN_POINT('',(-2.63813500347947,0.,19.7564683368128));
#2737=CARTESIAN_POINT('',(-2.63813500347947,0.5,19.7564683368128));
#2738=CARTESIAN_POINT('',(-2.63813500347947,0.5,19.7564683368128));
#2739=CARTESIAN_POINT('',(-2.63813500347947,0.,19.7564683368128));
#2740=CARTESIAN_POINT('',(-2.63813500347947,0.5,20.0690883665902));
#2741=CARTESIAN_POINT('',(-2.63813500347947,0.,20.0690883665902));
#2742=CARTESIAN_POINT('',(-2.26618341024875,0.5,20.153737919368));
#2743=CARTESIAN_POINT('',(-2.26618341024875,0.,20.153737919368));
#2744=CARTESIAN_POINT('',(-1.99652052887961,0.5,20.0863221990257));
#2745=CARTESIAN_POINT('',(-1.99652052887961,0.,20.0863221990257));
#2746=CARTESIAN_POINT('',(-1.99652052887961,0.5,20.0863221990257));
#2747=CARTESIAN_POINT('',(-1.99652052887961,0.5,20.0863221990257));
#2748=CARTESIAN_POINT('',(-1.99652052887961,0.,20.0863221990257));
#2749=CARTESIAN_POINT('',(-1.90847862541473,0.5,20.0523060090507));
#2750=CARTESIAN_POINT('',(-1.90847862541473,0.,20.0523060090507));
#2751=CARTESIAN_POINT('',(-1.83681996127173,0.5,20.0468908211768));
#2752=CARTESIAN_POINT('',(-1.83681996127173,0.,20.0468908211768));
#2753=CARTESIAN_POINT('',(-1.79651842092918,0.5,20.0681355034412));
#2754=CARTESIAN_POINT('',(-1.79651842092918,0.,20.0681355034412));
#2755=CARTESIAN_POINT('',(-1.7571329157968,0.5,20.1099826026444));
#2756=CARTESIAN_POINT('',(-1.7571329157968,0.,20.1099826026444));
#2757=CARTESIAN_POINT('',(-1.7571329157968,0.5,20.1099826026444));
#2758=CARTESIAN_POINT('',(-1.7571329157968,0.5,20.1099826026444));
#2759=CARTESIAN_POINT('',(-1.71120389700766,0.5,19.731416144746));
#2760=CARTESIAN_POINT('',(-1.71120389700766,0.5,19.731416144746));
#2761=CARTESIAN_POINT('',(-1.77940153096729,0.5,19.7202818371608));
#2762=CARTESIAN_POINT('',(-1.77940153096729,0.5,19.7202818371608));
#2763=CARTESIAN_POINT('',(-1.77940153096729,0.,19.7202818371608));
#2764=CARTESIAN_POINT('',(-1.82485143170798,0.5,19.8669610622784));
#2765=CARTESIAN_POINT('',(-1.82485143170798,0.,19.8669610622784));
#2766=CARTESIAN_POINT('',(-2.02607272663423,0.5,20.0772419088398));
#2767=CARTESIAN_POINT('',(-2.02607272663423,2.16840434497101E-16,20.0772419088398));
#2768=CARTESIAN_POINT('',(-2.44995208559312,0.5,20.0328308086523));
#2769=CARTESIAN_POINT('',(-2.44995208559312,1.0842021724855E-16,20.0328308086523));
#2770=CARTESIAN_POINT('',(-2.53199912087128,0.5,19.7711423092596));
#2771=CARTESIAN_POINT('',(-2.53199912087128,1.0842021724855E-16,19.7711423092596));
#2772=CARTESIAN_POINT('',(-2.45575639322819,0.5,19.6378481740815));
#2773=CARTESIAN_POINT('',(-2.45575639322819,1.0842021724855E-16,19.6378481740815));
#2774=CARTESIAN_POINT('',(-2.31802366040362,0.5,19.6075469728601));
#2775=CARTESIAN_POINT('',(-2.31802366040362,1.0842021724855E-16,19.6075469728601));
#2776=CARTESIAN_POINT('',(-2.31802366040362,0.5,19.6075469728601));
#2777=CARTESIAN_POINT('',(-1.78670480149857,0.5,20.8671690545281));
#2778=CARTESIAN_POINT('',(-2.11203897007655,0.5,19.5393493389005));
#2779=CARTESIAN_POINT('',(-2.11203897007655,0.5,19.5393493389005));
#2780=CARTESIAN_POINT('',(-2.11203897007655,1.0842021724855E-16,19.5393493389005));
#2781=CARTESIAN_POINT('',(-1.98953893604821,0.5,19.4903493252892));
#2782=CARTESIAN_POINT('',(-1.98953893604821,1.0842021724855E-16,19.4903493252892));
#2783=CARTESIAN_POINT('',(-1.80996996997111,0.5,19.4400133265478));
#2784=CARTESIAN_POINT('',(-1.80996996997111,1.0842021724855E-16,19.4400133265478));
#2785=CARTESIAN_POINT('',(-1.65373217181917,0.5,19.2053809098734));
#2786=CARTESIAN_POINT('',(-1.65373217181917,0.,19.2053809098734));
#2787=CARTESIAN_POINT('',(-1.69088873967746,0.5,19.0041875541638));
#2788=CARTESIAN_POINT('',(-1.69088873967746,1.0842021724855E-16,19.0041875541638));
#2789=CARTESIAN_POINT('',(-1.80766039436277,0.5,18.8699301669904));
#2790=CARTESIAN_POINT('',(-1.80766039436277,0.,18.8699301669904));
#2791=CARTESIAN_POINT('',(-2.00672859680889,0.5,18.7849018764047));
#2792=CARTESIAN_POINT('',(-2.00672859680889,-1.0842021724855E-16,18.7849018764047));
#2793=CARTESIAN_POINT('',(-2.28662411620301,0.5,18.7929606315183));
#2794=CARTESIAN_POINT('',(-2.28662411620301,1.0842021724855E-16,18.7929606315183));
#2795=CARTESIAN_POINT('',(-2.36256089074461,0.5,18.8309290187891));
#2796=CARTESIAN_POINT('',(-2.36256089074461,1.0842021724855E-16,18.8309290187891));
#2797=CARTESIAN_POINT('',(-2.36256089074461,0.5,18.8309290187891));
#2798=CARTESIAN_POINT('',(-2.36256089074461,0.5,18.8309290187891));
#2799=CARTESIAN_POINT('',(-2.36256089074461,0.,18.8309290187891));
#2800=CARTESIAN_POINT('',(-2.49980620929149,0.5,18.8731583475728));
#2801=CARTESIAN_POINT('',(-2.49980620929149,0.,18.8731583475728));
#2802=CARTESIAN_POINT('',(-2.55263971692308,0.5,18.8458408931042));
#2803=CARTESIAN_POINT('',(-2.55263971692308,0.,18.8458408931042));
#2804=CARTESIAN_POINT('',(-2.64926931106472,0.5,18.7975260960334));
#2805=CARTESIAN_POINT('',(-2.64926931106472,0.,18.7975260960334));
#2806=CARTESIAN_POINT('',(-2.64926931106472,0.5,18.7975260960334));
#2807=CARTESIAN_POINT('',(-2.64926931106472,0.5,18.7975260960334));
#2808=CARTESIAN_POINT('',(0.397355601948504,0.5,19.4529571261821));
#2809=CARTESIAN_POINT('',(0.373695198329855,0.5,20.1559116214335));
#2810=CARTESIAN_POINT('',(0.373695198329855,0.5,20.1559116214335));
#2811=CARTESIAN_POINT('',(0.397355601948504,0.5,20.1559116214335));
#2812=CARTESIAN_POINT('',(0.0661099512874047,0.5,20.0877139874739));
#2813=CARTESIAN_POINT('',(0.0893064254233354,0.5,20.0877139874739));
#2814=CARTESIAN_POINT('',(0.112502899559267,0.5,20.0877139874739));
#2815=CARTESIAN_POINT('',(0.135699373695198,0.5,20.0877139874739));
#2816=CARTESIAN_POINT('',(0.181628392484342,0.5,20.0877139874739));
#2817=CARTESIAN_POINT('',(0.223382045929019,0.5,20.0904975643702));
#2818=CARTESIAN_POINT('',(0.260960334029227,0.5,20.0988482950591));
#2819=CARTESIAN_POINT('',(0.298243890458063,0.5,20.1071335298211));
#2820=CARTESIAN_POINT('',(0.336116910229644,0.5,20.1252922755741));
#2821=CARTESIAN_POINT('',(0.373695198329855,0.5,20.1559116214335));
#2822=CARTESIAN_POINT('',(0.0661099512874047,0.5,20.0877139874739));
#2823=CARTESIAN_POINT('',(0.0661099512874047,0.5,20.0181245650661));
#2824=CARTESIAN_POINT('',(0.0661099512874047,0.5,20.0181245650661));
#2825=CARTESIAN_POINT('',(1.04036186499652,0.5,19.0480480167015));
#2826=CARTESIAN_POINT('',(1.00278357689631,0.5,18.9645407098121));
#2827=CARTESIAN_POINT('',(0.944328462073764,0.5,18.9019102296451));
#2828=CARTESIAN_POINT('',(0.867780097425191,0.5,18.8601565762004));
#2829=CARTESIAN_POINT('',(0.7917193019782,0.5,18.818668869593));
#2830=CARTESIAN_POINT('',(0.703549060542798,0.5,18.7961343075852));
#2831=CARTESIAN_POINT('',(0.60473208072373,0.5,18.7975260960334));
#2832=CARTESIAN_POINT('',(0.482298587481026,0.5,18.7992505114312));
#2833=CARTESIAN_POINT('',(0.390396659707725,0.5,18.8309290187891));
#2834=CARTESIAN_POINT('',(0.329157967988864,0.5,18.8991266527488));
#2835=CARTESIAN_POINT('',(0.268540558823758,0.5,18.9666324038645));
#2836=CARTESIAN_POINT('',(0.238691718858734,0.5,19.0786673625609));
#2837=CARTESIAN_POINT('',(0.238691718858734,0.5,19.2303723034099));
#2838=CARTESIAN_POINT('',(0.238691718858734,0.5,19.4586256089074));
#2839=CARTESIAN_POINT('',(0.238691718858734,0.5,19.686878914405));
#2840=CARTESIAN_POINT('',(0.238691718858734,0.5,19.9151322199026));
#2841=CARTESIAN_POINT('',(0.238691718858734,0.5,19.945751565762));
#2842=CARTESIAN_POINT('',(0.230340988169798,0.5,19.9708037578288));
#2843=CARTESIAN_POINT('',(0.215031315240083,0.5,19.9888970076548));
#2844=CARTESIAN_POINT('',(0.199035346627312,0.5,20.0078013341972));
#2845=CARTESIAN_POINT('',(0.173277661795408,0.5,20.0181245650661));
#2846=CARTESIAN_POINT('',(0.135699373695198,0.5,20.0181245650661));
#2847=CARTESIAN_POINT('',(0.112502899559267,0.5,20.0181245650661));
#2848=CARTESIAN_POINT('',(0.0893064254233354,0.5,20.0181245650661));
#2849=CARTESIAN_POINT('',(0.0661099512874047,0.5,20.0181245650661));
#2850=CARTESIAN_POINT('',(1.04036186499652,0.5,19.0480480167015));
#2851=CARTESIAN_POINT('',(1.04036186499652,0.5,18.8086604036186));
#2852=CARTESIAN_POINT('',(1.04036186499652,0.5,18.8086604036186));
#2853=CARTESIAN_POINT('',(1.06263048016701,0.5,18.8086604036186));
#2854=CARTESIAN_POINT('',(1.06263048016701,0.5,18.8086604036186));
#2855=CARTESIAN_POINT('',(1.37021572720946,0.5,18.8768580375783));
#2856=CARTESIAN_POINT('',(1.34748318255625,0.5,18.8768580375783));
#2857=CARTESIAN_POINT('',(1.32475063790304,0.5,18.8768580375783));
#2858=CARTESIAN_POINT('',(1.30201809324982,0.5,18.8768580375783));
#2859=CARTESIAN_POINT('',(1.26443980514962,0.5,18.8768580375783));
#2860=CARTESIAN_POINT('',(1.22546972860125,0.5,18.8712908837857));
#2861=CARTESIAN_POINT('',(1.18789144050104,0.5,18.8601565762004));
#2862=CARTESIAN_POINT('',(1.14993405239478,0.5,18.8489099426874));
#2863=CARTESIAN_POINT('',(1.10855949895616,0.5,18.8309290187891));
#2864=CARTESIAN_POINT('',(1.06263048016701,0.5,18.8086604036186));
#2865=CARTESIAN_POINT('',(1.37021572720946,0.5,18.8768580375783));
#2866=CARTESIAN_POINT('',(1.37021572720946,0.5,18.9464474599861));
#2867=CARTESIAN_POINT('',(1.37021572720946,0.5,18.9464474599861));
#2868=CARTESIAN_POINT('',(1.19902574808629,0.5,20.1559116214335));
#2869=CARTESIAN_POINT('',(1.19902574808629,0.5,19.7833762468105));
#2870=CARTESIAN_POINT('',(1.19902574808629,0.5,19.4108408721874));
#2871=CARTESIAN_POINT('',(1.19902574808629,0.5,19.0383054975644));
#2872=CARTESIAN_POINT('',(1.19902574808629,0.5,19.0076861517049));
#2873=CARTESIAN_POINT('',(1.20876826722338,0.5,18.9840257480863));
#2874=CARTESIAN_POINT('',(1.22825330549757,0.5,18.9687160751566));
#2875=CARTESIAN_POINT('',(1.2468778058038,0.5,18.9540825392017));
#2876=CARTESIAN_POINT('',(1.2713987473904,0.5,18.9464474599861));
#2877=CARTESIAN_POINT('',(1.30201809324982,0.5,18.9464474599861));
#2878=CARTESIAN_POINT('',(1.32475063790304,0.5,18.9464474599861));
#2879=CARTESIAN_POINT('',(1.34748318255625,0.5,18.9464474599861));
#2880=CARTESIAN_POINT('',(1.37021572720946,0.5,18.9464474599861));
#2881=CARTESIAN_POINT('',(1.19902574808629,0.5,20.1559116214335));
#2882=CARTESIAN_POINT('',(1.1767571329158,0.5,20.1559116214335));
#2883=CARTESIAN_POINT('',(1.1767571329158,0.5,20.1559116214335));
#2884=CARTESIAN_POINT('',(0.869171885873347,0.5,20.0877139874739));
#2885=CARTESIAN_POINT('',(0.89190443052656,0.5,20.0877139874739));
#2886=CARTESIAN_POINT('',(0.914636975179772,0.5,20.0877139874739));
#2887=CARTESIAN_POINT('',(0.937369519832984,0.5,20.0877139874739));
#2888=CARTESIAN_POINT('',(0.983298538622128,0.5,20.0877139874739));
#2889=CARTESIAN_POINT('',(1.02505219206681,0.5,20.0904975643702));
#2890=CARTESIAN_POINT('',(1.06263048016701,0.5,20.0988482950591));
#2891=CARTESIAN_POINT('',(1.10124032911703,0.5,20.1074282614925));
#2892=CARTESIAN_POINT('',(1.13917884481559,0.5,20.1252922755741));
#2893=CARTESIAN_POINT('',(1.1767571329158,0.5,20.1559116214335));
#2894=CARTESIAN_POINT('',(0.869171885873347,0.5,20.0877139874739));
#2895=CARTESIAN_POINT('',(0.869171885873347,0.5,20.0181245650661));
#2896=CARTESIAN_POINT('',(0.869171885873347,0.5,20.0181245650661));
#2897=CARTESIAN_POINT('',(1.04036186499652,0.5,19.1969693806541));
#2898=CARTESIAN_POINT('',(1.04036186499652,0.5,19.436356993737));
#2899=CARTESIAN_POINT('',(1.04036186499652,0.5,19.6757446068198));
#2900=CARTESIAN_POINT('',(1.04036186499652,0.5,19.9151322199026));
#2901=CARTESIAN_POINT('',(1.04036186499652,0.5,19.945751565762));
#2902=CARTESIAN_POINT('',(1.03340292275574,0.5,19.9708037578288));
#2903=CARTESIAN_POINT('',(1.01809324982603,0.5,19.9888970076548));
#2904=CARTESIAN_POINT('',(1.00209728121326,0.5,20.0078013341972));
#2905=CARTESIAN_POINT('',(0.97633959638135,0.5,20.0181245650661));
#2906=CARTESIAN_POINT('',(0.937369519832984,0.5,20.0181245650661));
#2907=CARTESIAN_POINT('',(0.914636975179772,0.5,20.0181245650661));
#2908=CARTESIAN_POINT('',(0.89190443052656,0.5,20.0181245650661));
#2909=CARTESIAN_POINT('',(0.869171885873347,0.5,20.0181245650661));
#2910=CARTESIAN_POINT('',(1.04036186499652,0.5,19.1969693806541));
#2911=CARTESIAN_POINT('',(0.661795407098121,0.5,18.910260960334));
#2912=CARTESIAN_POINT('',(0.753653444676408,0.5,18.910260960334));
#2913=CARTESIAN_POINT('',(0.831593597773139,0.5,18.9339213639527));
#2914=CARTESIAN_POINT('',(0.897007654836465,0.5,18.9798503827418));
#2915=CARTESIAN_POINT('',(0.96176717463991,0.5,19.0253198328166));
#2916=CARTESIAN_POINT('',(1.00974251913709,0.5,19.0967606123869));
#2917=CARTESIAN_POINT('',(1.04036186499652,0.5,19.1969693806541));
#2918=CARTESIAN_POINT('',(0.661795407098121,0.5,18.910260960334));
#2919=CARTESIAN_POINT('',(0.397355601948504,0.5,20.1559116214335));
#2920=CARTESIAN_POINT('',(0.397355601948504,0.5,19.8399756437022));
#2921=CARTESIAN_POINT('',(0.397355601948504,0.5,19.5240396659708));
#2922=CARTESIAN_POINT('',(0.397355601948504,0.5,19.2081036882394));
#2923=CARTESIAN_POINT('',(0.397355601948504,0.5,19.1009359777314));
#2924=CARTESIAN_POINT('',(0.419624217118998,0.5,19.0243876130828));
#2925=CARTESIAN_POINT('',(0.465553235908142,0.5,18.9798503827418));
#2926=CARTESIAN_POINT('',(0.51217781958193,0.5,18.93463866524));
#2927=CARTESIAN_POINT('',(0.576896311760613,0.5,18.910260960334));
#2928=CARTESIAN_POINT('',(0.661795407098121,0.5,18.910260960334));
#2929=CARTESIAN_POINT('',(0.373695198329855,0.5,20.1559116214335));
#2930=CARTESIAN_POINT('',(0.373695198329855,0.5,20.1559116214335));
#2931=CARTESIAN_POINT('',(0.397355601948504,0.5,20.1559116214335));
#2932=CARTESIAN_POINT('',(0.397355601948504,0.5,20.1559116214335));
#2933=CARTESIAN_POINT('',(0.397355601948504,0.,20.1559116214335));
#2934=CARTESIAN_POINT('',(0.397355601948504,0.5,20.0387525388916));
#2935=CARTESIAN_POINT('',(0.397355601948504,0.,20.0387525388916));
#2936=CARTESIAN_POINT('',(0.397437161141712,0.5,19.8060703683337));
#2937=CARTESIAN_POINT('',(0.397437161141712,1.0842021724855E-16,19.8060703683337));
#2938=CARTESIAN_POINT('',(0.397131314167181,0.5,19.5070376825069));
#2939=CARTESIAN_POINT('',(0.397131314167181,0.,19.5070376825069));
#2940=CARTESIAN_POINT('',(0.397743008116242,0.5,19.284989476367));
#2941=CARTESIAN_POINT('',(0.397743008116242,-1.0842021724855E-16,19.284989476367));
#2942=CARTESIAN_POINT('',(0.395255452723394,0.5,19.0007734782444));
#2943=CARTESIAN_POINT('',(0.395255452723394,1.0842021724855E-16,19.0007734782444));
#2944=CARTESIAN_POINT('',(0.522139220140207,0.5,18.910260960334));
#2945=CARTESIAN_POINT('',(0.522139220140207,0.,18.910260960334));
#2946=CARTESIAN_POINT('',(0.661795407098121,0.5,18.910260960334));
#2947=CARTESIAN_POINT('',(0.661795407098121,0.,18.910260960334));
#2948=CARTESIAN_POINT('',(0.661795407098121,0.5,18.910260960334));
#2949=CARTESIAN_POINT('',(0.661795407098121,0.5,18.910260960334));
#2950=CARTESIAN_POINT('',(0.661795407098121,0.,18.910260960334));
#2951=CARTESIAN_POINT('',(0.85133365730525,0.5,18.910260960334));
#2952=CARTESIAN_POINT('',(0.85133365730525,0.,18.910260960334));
#2953=CARTESIAN_POINT('',(0.980948222453222,0.5,19.0025247323306));
#2954=CARTESIAN_POINT('',(0.980948222453222,0.,19.0025247323306));
#2955=CARTESIAN_POINT('',(1.04036186499652,0.5,19.1969693806541));
#2956=CARTESIAN_POINT('',(1.04036186499652,0.,19.1969693806541));
#2957=CARTESIAN_POINT('',(1.04036186499652,0.5,19.1969693806541));
#2958=CARTESIAN_POINT('',(1.04036186499652,0.5,19.1969693806541));
#2959=CARTESIAN_POINT('',(1.04036186499652,0.,19.1969693806541));
#2960=CARTESIAN_POINT('',(1.04036186499652,0.5,19.3559261960632));
#2961=CARTESIAN_POINT('',(1.04036186499652,0.,19.3559261960632));
#2962=CARTESIAN_POINT('',(1.04281362396808,0.5,19.554635783885));
#2963=CARTESIAN_POINT('',(1.04281362396808,0.,19.554635783885));
#2964=CARTESIAN_POINT('',(1.03840045781927,0.5,19.7930465835899));
#2965=CARTESIAN_POINT('',(1.03840045781927,0.,19.7930465835899));
#2966=CARTESIAN_POINT('',(1.04796231780836,0.5,19.9123171125323));
#2967=CARTESIAN_POINT('',(1.04796231780836,1.0842021724855E-16,19.9123171125323));
#2968=CARTESIAN_POINT('',(1.01192146092642,0.5,20.0313352662509));
#2969=CARTESIAN_POINT('',(1.01192146092642,-1.0842021724855E-16,20.0313352662509));
#2970=CARTESIAN_POINT('',(0.908961720188263,0.5,20.0181245650661));
#2971=CARTESIAN_POINT('',(0.908961720188263,0.,20.0181245650661));
#2972=CARTESIAN_POINT('',(0.869171885873347,0.5,20.0181245650661));
#2973=CARTESIAN_POINT('',(0.869171885873347,0.,20.0181245650661));
#2974=CARTESIAN_POINT('',(0.869171885873347,0.5,20.0181245650661));
#2975=CARTESIAN_POINT('',(0.869171885873347,0.5,20.0181245650661));
#2976=CARTESIAN_POINT('',(0.869171885873347,0.5,20.0877139874739));
#2977=CARTESIAN_POINT('',(0.869171885873347,0.5,20.0877139874739));
#2978=CARTESIAN_POINT('',(0.869171885873347,0.,20.0877139874739));
#2979=CARTESIAN_POINT('',(0.976833881921439,0.5,20.0877139874739));
#2980=CARTESIAN_POINT('',(0.976833881921439,0.,20.0877139874739));
#2981=CARTESIAN_POINT('',(1.08251269995307,0.5,20.0791198612417));
#2982=CARTESIAN_POINT('',(1.08251269995307,0.,20.0791198612417));
#2983=CARTESIAN_POINT('',(1.1767571329158,0.5,20.1559116214335));
#2984=CARTESIAN_POINT('',(1.1767571329158,0.,20.1559116214335));
#2985=CARTESIAN_POINT('',(1.1767571329158,0.5,20.1559116214335));
#2986=CARTESIAN_POINT('',(1.1767571329158,0.5,20.1559116214335));
#2987=CARTESIAN_POINT('',(1.19902574808629,0.5,20.1559116214335));
#2988=CARTESIAN_POINT('',(1.19902574808629,0.5,20.1559116214335));
#2989=CARTESIAN_POINT('',(1.19902574808629,0.,20.1559116214335));
#2990=CARTESIAN_POINT('',(1.19902574808629,0.5,20.0440289707906));
#2991=CARTESIAN_POINT('',(1.19902574808629,0.,20.0440289707906));
#2992=CARTESIAN_POINT('',(1.19916681340731,0.5,19.81991888708));
#2993=CARTESIAN_POINT('',(1.19916681340731,0.,19.81991888708));
#2994=CARTESIAN_POINT('',(1.19853201946272,0.5,19.485822456062));
#2995=CARTESIAN_POINT('',(1.19853201946272,1.0842021724855E-16,19.485822456062));
#2996=CARTESIAN_POINT('',(1.20027770281034,0.5,19.2298198096106));
#2997=CARTESIAN_POINT('',(1.20027770281034,-2.16840434497101E-16,19.2298198096106));
#2998=CARTESIAN_POINT('',(1.1980030245089,0.5,19.0675554502432));
#2999=CARTESIAN_POINT('',(1.1980030245089,1.0842021724855E-16,19.0675554502432));
#3000=CARTESIAN_POINT('',(1.20466836092706,0.5,18.9393818300367));
#3001=CARTESIAN_POINT('',(1.20466836092706,0.,18.9393818300367));
#3002=CARTESIAN_POINT('',(1.31421750347226,0.5,18.9464474599861));
#3003=CARTESIAN_POINT('',(1.31421750347226,0.,18.9464474599861));
#3004=CARTESIAN_POINT('',(1.37021572720946,0.5,18.9464474599861));
#3005=CARTESIAN_POINT('',(1.37021572720946,0.,18.9464474599861));
#3006=CARTESIAN_POINT('',(1.37021572720946,0.5,18.9464474599861));
#3007=CARTESIAN_POINT('',(1.37021572720946,0.5,18.9464474599861));
#3008=CARTESIAN_POINT('',(1.37021572720946,0.5,18.8768580375783));
#3009=CARTESIAN_POINT('',(1.37021572720946,0.5,18.8768580375783));
#3010=CARTESIAN_POINT('',(1.37021572720946,0.,18.8768580375783));
#3011=CARTESIAN_POINT('',(1.2637107437619,0.5,18.8768580375783));
#3012=CARTESIAN_POINT('',(1.2637107437619,0.,18.8768580375783));
#3013=CARTESIAN_POINT('',(1.17086942570205,0.5,18.8611398923629));
#3014=CARTESIAN_POINT('',(1.17086942570205,0.,18.8611398923629));
#3015=CARTESIAN_POINT('',(1.06263048016701,0.5,18.8086604036186));
#3016=CARTESIAN_POINT('',(1.06263048016701,0.,18.8086604036186));
#3017=CARTESIAN_POINT('',(1.06263048016701,0.5,18.8086604036186));
#3018=CARTESIAN_POINT('',(1.06263048016701,0.5,18.8086604036186));
#3019=CARTESIAN_POINT('',(1.04036186499652,0.5,18.8086604036186));
#3020=CARTESIAN_POINT('',(1.04036186499652,0.5,18.8086604036186));
#3021=CARTESIAN_POINT('',(1.04036186499652,0.5,19.0480480167015));
#3022=CARTESIAN_POINT('',(1.04036186499652,0.5,19.0480480167015));
#3023=CARTESIAN_POINT('',(1.04036186499652,0.,19.0480480167015));
#3024=CARTESIAN_POINT('',(1.00226378562717,0.5,18.9633856181029));
#3025=CARTESIAN_POINT('',(1.00226378562717,0.,18.9633856181029));
#3026=CARTESIAN_POINT('',(0.876583176962076,0.5,18.8378329571166));
#3027=CARTESIAN_POINT('',(0.876583176962076,1.0842021724855E-16,18.8378329571166));
#3028=CARTESIAN_POINT('',(0.617211999502886,0.5,18.7736896862232));
#3029=CARTESIAN_POINT('',(0.617211999502886,-1.0842021724855E-16,18.7736896862232));
#3030=CARTESIAN_POINT('',(0.324713920231752,0.5,18.8522134388282));
#3031=CARTESIAN_POINT('',(0.324713920231752,1.0842021724855E-16,18.8522134388282));
#3032=CARTESIAN_POINT('',(0.251961618278821,0.5,19.0104628032879));
#3033=CARTESIAN_POINT('',(0.251961618278821,1.0842021724855E-16,19.0104628032879));
#3034=CARTESIAN_POINT('',(0.236258065978651,0.5,19.2368854619968));
#3035=CARTESIAN_POINT('',(0.236258065978651,-1.0842021724855E-16,19.2368854619968));
#3036=CARTESIAN_POINT('',(0.24002983834358,0.5,19.400585254755));
#3037=CARTESIAN_POINT('',(0.24002983834358,1.0842021724855E-16,19.400585254755));
#3038=CARTESIAN_POINT('',(0.239059493985145,0.5,19.5807645005996));
#3039=CARTESIAN_POINT('',(0.239059493985145,1.0842021724855E-16,19.5807645005996));
#3040=CARTESIAN_POINT('',(0.237713582516303,0.5,19.7567220790974));
#3041=CARTESIAN_POINT('',(0.237713582516303,-1.0842021724855E-16,19.7567220790974));
#3042=CARTESIAN_POINT('',(0.242572966969256,0.5,19.8848758119249));
#3043=CARTESIAN_POINT('',(0.242572966969256,2.16840434497101E-16,19.8848758119249));
#3044=CARTESIAN_POINT('',(0.224144862759078,0.5,20.0303981826096));
#3045=CARTESIAN_POINT('',(0.224144862759078,-2.16840434497101E-16,20.0303981826096));
#3046=CARTESIAN_POINT('',(0.110067897508087,0.5,20.0181245650661));
#3047=CARTESIAN_POINT('',(0.110067897508087,0.,20.0181245650661));
#3048=CARTESIAN_POINT('',(0.0661099512874047,0.5,20.0181245650661));
#3049=CARTESIAN_POINT('',(0.0661099512874047,0.,20.0181245650661));
#3050=CARTESIAN_POINT('',(0.0661099512874047,0.5,20.0181245650661));
#3051=CARTESIAN_POINT('',(0.0661099512874047,0.5,20.0181245650661));
#3052=CARTESIAN_POINT('',(0.0661099512874047,0.5,20.0877139874739));
#3053=CARTESIAN_POINT('',(0.0661099512874047,0.5,20.0877139874739));
#3054=CARTESIAN_POINT('',(0.0661099512874047,0.,20.0877139874739));
#3055=CARTESIAN_POINT('',(0.173812013843232,0.5,20.0877139874739));
#3056=CARTESIAN_POINT('',(0.173812013843232,0.,20.0877139874739));
#3057=CARTESIAN_POINT('',(0.278475517670762,0.5,20.0783252149706));
#3058=CARTESIAN_POINT('',(0.278475517670762,0.,20.0783252149706));
#3059=CARTESIAN_POINT('',(0.373695198329855,0.5,20.1559116214335));
#3060=CARTESIAN_POINT('',(0.373695198329855,0.,20.1559116214335));
#3061=CARTESIAN_POINT('',(2.60780058955464,0.5,20.1067464293495));
#3062=CARTESIAN_POINT('',(2.00487125956855,0.5,20.1433855254001));
#3063=CARTESIAN_POINT('',(2.00487125956855,0.5,20.1433855254001));
#3064=CARTESIAN_POINT('',(2.03966597077244,0.5,20.1433855254001));
#3065=CARTESIAN_POINT('',(1.56089074460682,0.5,20.0849304105776));
#3066=CARTESIAN_POINT('',(1.59104616098353,0.5,20.0849304105776));
#3067=CARTESIAN_POINT('',(1.62120157736024,0.5,20.0849304105776));
#3068=CARTESIAN_POINT('',(1.65135699373695,0.5,20.0849304105776));
#3069=CARTESIAN_POINT('',(1.70563674321503,0.5,20.0849304105776));
#3070=CARTESIAN_POINT('',(1.76826722338205,0.5,20.0904975643702));
#3071=CARTESIAN_POINT('',(1.839248434238,0.5,20.1030236604036));
#3072=CARTESIAN_POINT('',(1.91134120768006,0.5,20.1157459145404));
#3073=CARTESIAN_POINT('',(1.96729297146834,0.5,20.1280758524704));
#3074=CARTESIAN_POINT('',(2.00487125956855,0.5,20.1433855254001));
#3075=CARTESIAN_POINT('',(1.56089074460682,0.5,20.0849304105776));
#3076=CARTESIAN_POINT('',(1.56089074460682,0.5,20.0167327766179));
#3077=CARTESIAN_POINT('',(1.56089074460682,0.5,20.0167327766179));
#3078=CARTESIAN_POINT('',(1.54836464857342,0.5,18.8768580375783));
#3079=CARTESIAN_POINT('',(1.62444908373927,0.5,18.8768580375783));
#3080=CARTESIAN_POINT('',(1.70053351890513,0.5,18.8768580375783));
#3081=CARTESIAN_POINT('',(1.77661795407098,0.5,18.8768580375783));
#3082=CARTESIAN_POINT('',(1.81558803061935,0.5,18.8768580375783));
#3083=CARTESIAN_POINT('',(1.84203201113431,0.5,18.8852087682672));
#3084=CARTESIAN_POINT('',(1.85734168406402,0.5,18.9005184411969));
#3085=CARTESIAN_POINT('',(1.87195546276966,0.5,18.9151322199026));
#3086=CARTESIAN_POINT('',(1.87961029923452,0.5,18.9380967292971));
#3087=CARTESIAN_POINT('',(1.87961029923452,0.5,18.9687160751566));
#3088=CARTESIAN_POINT('',(1.87961029923452,0.5,19.2837241939225));
#3089=CARTESIAN_POINT('',(1.87961029923452,0.5,19.5987323126885));
#3090=CARTESIAN_POINT('',(1.87961029923452,0.5,19.9137404314544));
#3091=CARTESIAN_POINT('',(1.87961029923452,0.5,19.9443597773138));
#3092=CARTESIAN_POINT('',(1.87265135699374,0.5,19.9680201809325));
#3093=CARTESIAN_POINT('',(1.84203201113431,0.5,20.0069902574809));
#3094=CARTESIAN_POINT('',(1.81558803061935,0.5,20.0167327766179));
#3095=CARTESIAN_POINT('',(1.77661795407098,0.5,20.0167327766179));
#3096=CARTESIAN_POINT('',(1.70470888424959,0.5,20.0167327766179));
#3097=CARTESIAN_POINT('',(1.63279981442821,0.5,20.0167327766179));
#3098=CARTESIAN_POINT('',(1.56089074460682,0.5,20.0167327766179));
#3099=CARTESIAN_POINT('',(1.54836464857342,0.5,18.8768580375783));
#3100=CARTESIAN_POINT('',(1.54836464857342,0.5,18.8086604036186));
#3101=CARTESIAN_POINT('',(1.54836464857342,0.5,18.8086604036186));
#3102=CARTESIAN_POINT('',(2.39318023660404,0.5,18.8086604036186));
#3103=CARTESIAN_POINT('',(2.39318023660404,0.5,18.8086604036186));
#3104=CARTESIAN_POINT('',(2.39318023660404,0.5,18.8768580375783));
#3105=CARTESIAN_POINT('',(2.39318023660404,0.5,18.8768580375783));
#3106=CARTESIAN_POINT('',(2.03966597077244,0.5,19.5852783576896));
#3107=CARTESIAN_POINT('',(2.03966597077244,0.5,19.3797575968453));
#3108=CARTESIAN_POINT('',(2.03966597077244,0.5,19.1742368360009));
#3109=CARTESIAN_POINT('',(2.03966597077244,0.5,18.9687160751566));
#3110=CARTESIAN_POINT('',(2.03966597077244,0.5,18.9380967292971));
#3111=CARTESIAN_POINT('',(2.04801670146138,0.5,18.9158281141266));
#3112=CARTESIAN_POINT('',(2.08698677800974,0.5,18.8852087682672));
#3113=CARTESIAN_POINT('',(2.11203897007655,0.5,18.8768580375783));
#3114=CARTESIAN_POINT('',(2.14126652748782,0.5,18.8768580375783));
#3115=CARTESIAN_POINT('',(2.22523776385989,0.5,18.8768580375783));
#3116=CARTESIAN_POINT('',(2.30920900023197,0.5,18.8768580375783));
#3117=CARTESIAN_POINT('',(2.39318023660404,0.5,18.8768580375783));
#3118=CARTESIAN_POINT('',(2.03966597077244,0.5,19.5852783576896));
#3119=CARTESIAN_POINT('',(2.57828810020877,0.5,19.9374008350731));
#3120=CARTESIAN_POINT('',(2.57828810020877,0.5,19.9610612386917));
#3121=CARTESIAN_POINT('',(2.5741127348643,0.5,19.9805462769659));
#3122=CARTESIAN_POINT('',(2.56576200417537,0.5,19.9958559498956));
#3123=CARTESIAN_POINT('',(2.558315492733,0.5,20.0095078875399));
#3124=CARTESIAN_POINT('',(2.53514265831594,0.5,20.0181245650661));
#3125=CARTESIAN_POINT('',(2.43632567849687,0.5,20.0181245650661));
#3126=CARTESIAN_POINT('',(2.36256089074461,0.5,19.9805462769659));
#3127=CARTESIAN_POINT('',(2.27348643006263,0.5,19.9039979123173));
#3128=CARTESIAN_POINT('',(2.18521252625239,0.5,19.8281375262304));
#3129=CARTESIAN_POINT('',(2.10786360473208,0.5,19.7216736256089));
#3130=CARTESIAN_POINT('',(2.03966597077244,0.5,19.5852783576896));
#3131=CARTESIAN_POINT('',(2.57828810020877,0.5,19.9374008350731));
#3132=CARTESIAN_POINT('',(2.03966597077244,0.5,19.7328079331942));
#3133=CARTESIAN_POINT('',(2.11482254697286,0.5,19.8538935281837));
#3134=CARTESIAN_POINT('',(2.19693806541406,0.5,19.9471433542102));
#3135=CARTESIAN_POINT('',(2.28462073764788,0.5,20.0125574112735));
#3136=CARTESIAN_POINT('',(2.3725304935262,0.5,20.0781408799446));
#3137=CARTESIAN_POINT('',(2.46276965901183,0.5,20.1099826026444));
#3138=CARTESIAN_POINT('',(2.63117606123869,0.5,20.1099826026444));
#3139=CARTESIAN_POINT('',(2.68963117606124,0.5,20.0918893528184));
#3140=CARTESIAN_POINT('',(2.73138482950592,0.5,20.0584864300626));
#3141=CARTESIAN_POINT('',(2.77381740414481,0.5,20.0245403703515));
#3142=CARTESIAN_POINT('',(2.79401530967293,0.5,19.9833298538622));
#3143=CARTESIAN_POINT('',(2.79401530967293,0.5,19.8998225469729));
#3144=CARTESIAN_POINT('',(2.78566457898399,0.5,19.8692032011134));
#3145=CARTESIAN_POINT('',(2.76617954070981,0.5,19.8469345859429));
#3146=CARTESIAN_POINT('',(2.74600476656752,0.5,19.8238777012089));
#3147=CARTESIAN_POINT('',(2.71885873347251,0.5,19.812139874739));
#3148=CARTESIAN_POINT('',(2.64231036882394,0.5,19.812139874739));
#3149=CARTESIAN_POINT('',(2.61447459986082,0.5,19.8232741823243));
#3150=CARTESIAN_POINT('',(2.59498956158664,0.5,19.8469345859429));
#3151=CARTESIAN_POINT('',(2.57618750403547,0.5,19.8697656558265));
#3152=CARTESIAN_POINT('',(2.56993736951983,0.5,19.8998225469729));
#3153=CARTESIAN_POINT('',(2.57828810020877,0.5,19.9374008350731));
#3154=CARTESIAN_POINT('',(2.03966597077244,0.5,19.7328079331942));
#3155=CARTESIAN_POINT('',(2.03966597077244,0.5,20.1433855254001));
#3156=CARTESIAN_POINT('',(2.00487125956855,0.5,20.1433855254001));
#3157=CARTESIAN_POINT('',(2.00487125956855,0.5,20.1433855254001));
#3158=CARTESIAN_POINT('',(2.03966597077244,0.5,20.1433855254001));
#3159=CARTESIAN_POINT('',(2.03966597077244,0.5,20.1433855254001));
#3160=CARTESIAN_POINT('',(2.03966597077244,0.5,19.7328079331942));
#3161=CARTESIAN_POINT('',(2.03966597077244,0.5,19.7328079331942));
#3162=CARTESIAN_POINT('',(2.03966597077244,0.,19.7328079331942));
#3163=CARTESIAN_POINT('',(2.10892820610479,0.5,19.8443970901185));
#3164=CARTESIAN_POINT('',(2.10892820610479,0.,19.8443970901185));
#3165=CARTESIAN_POINT('',(2.19691123228305,0.5,19.9604218138328));
#3166=CARTESIAN_POINT('',(2.19691123228305,0.,19.9604218138328));
#3167=CARTESIAN_POINT('',(2.42778704437331,0.5,20.1077902495935));
#3168=CARTESIAN_POINT('',(2.42778704437331,1.0842021724855E-16,20.1077902495935));
#3169=CARTESIAN_POINT('',(2.61830267630775,0.5,20.1124545180827));
#3170=CARTESIAN_POINT('',(2.61830267630775,-1.0842021724855E-16,20.1124545180827));
#3171=CARTESIAN_POINT('',(2.74580578772355,0.5,20.0828702541724));
#3172=CARTESIAN_POINT('',(2.74580578772355,1.0842021724855E-16,20.0828702541724));
#3173=CARTESIAN_POINT('',(2.83226729171498,0.5,19.8688962256121));
#3174=CARTESIAN_POINT('',(2.83226729171498,-1.0842021724855E-16,19.8688962256121));
#3175=CARTESIAN_POINT('',(2.65301100703947,0.5,19.7732107443373));
#3176=CARTESIAN_POINT('',(2.65301100703947,1.0842021724855E-16,19.7732107443373));
#3177=CARTESIAN_POINT('',(2.56320912712097,0.5,19.869545456178));
#3178=CARTESIAN_POINT('',(2.56320912712097,0.,19.869545456178));
#3179=CARTESIAN_POINT('',(2.57828810020877,0.5,19.9374008350731));
#3180=CARTESIAN_POINT('',(2.57828810020877,0.,19.9374008350731));
#3181=CARTESIAN_POINT('',(2.57828810020877,0.5,19.9374008350731));
#3182=CARTESIAN_POINT('',(2.57828810020877,0.5,19.9374008350731));
#3183=CARTESIAN_POINT('',(2.57828810020877,0.,19.9374008350731));
#3184=CARTESIAN_POINT('',(2.57828810020877,0.5,20.0146886334777));
#3185=CARTESIAN_POINT('',(2.57828810020877,0.,20.0146886334777));
#3186=CARTESIAN_POINT('',(2.52480647029961,0.5,20.0290772699595));
#3187=CARTESIAN_POINT('',(2.52480647029961,1.0842021724855E-16,20.0290772699595));
#3188=CARTESIAN_POINT('',(2.39523299731563,0.5,20.0000331784367));
#3189=CARTESIAN_POINT('',(2.39523299731563,1.0842021724855E-16,20.0000331784367));
#3190=CARTESIAN_POINT('',(2.25538483320318,0.5,19.8920032029175));
#3191=CARTESIAN_POINT('',(2.25538483320318,0.,19.8920032029175));
#3192=CARTESIAN_POINT('',(2.21114835402068,0.5,19.8447231554125));
#3193=CARTESIAN_POINT('',(2.21114835402068,-1.0842021724855E-16,19.8447231554125));
#3194=CARTESIAN_POINT('',(2.1251805381988,0.5,19.741439433449));
#3195=CARTESIAN_POINT('',(2.1251805381988,2.16840434497101E-16,19.741439433449));
#3196=CARTESIAN_POINT('',(2.07348556699732,0.5,19.6529175501394));
#3197=CARTESIAN_POINT('',(2.07348556699732,1.0842021724855E-16,19.6529175501394));
#3198=CARTESIAN_POINT('',(2.03966597077244,0.5,19.5852783576896));
#3199=CARTESIAN_POINT('',(2.03966597077244,1.0842021724855E-16,19.5852783576896));
#3200=CARTESIAN_POINT('',(2.03966597077244,0.5,19.5852783576896));
#3201=CARTESIAN_POINT('',(2.03966597077244,0.5,19.5852783576896));
#3202=CARTESIAN_POINT('',(2.03966597077244,1.0842021724855E-16,19.5852783576896));
#3203=CARTESIAN_POINT('',(2.03966597077244,0.5,19.4999538182976));
#3204=CARTESIAN_POINT('',(2.03966597077244,1.0842021724855E-16,19.4999538182976));
#3205=CARTESIAN_POINT('',(2.03524322018739,0.5,19.3261387472489));
#3206=CARTESIAN_POINT('',(2.03524322018739,1.0842021724855E-16,19.3261387472489));
#3207=CARTESIAN_POINT('',(2.05182853488134,0.5,19.1246998697614));
#3208=CARTESIAN_POINT('',(2.05182853488134,0.,19.1246998697614));
#3209=CARTESIAN_POINT('',(2.01865790549344,0.5,18.9303058489923));
#3210=CARTESIAN_POINT('',(2.01865790549344,2.16840434497101E-16,18.9303058489923));
#3211=CARTESIAN_POINT('',(2.13387943032743,0.5,18.862578382582));
#3212=CARTESIAN_POINT('',(2.13387943032743,0.,18.862578382582));
#3213=CARTESIAN_POINT('',(2.2661440526876,0.5,18.8809379390058));
#3214=CARTESIAN_POINT('',(2.2661440526876,-1.0842021724855E-16,18.8809379390058));
#3215=CARTESIAN_POINT('',(2.35051796690803,0.5,18.8768580375783));
#3216=CARTESIAN_POINT('',(2.35051796690803,1.0842021724855E-16,18.8768580375783));
#3217=CARTESIAN_POINT('',(2.39318023660404,0.5,18.8768580375783));
#3218=CARTESIAN_POINT('',(2.39318023660404,1.0842021724855E-16,18.8768580375783));
#3219=CARTESIAN_POINT('',(2.39318023660404,0.5,18.8768580375783));
#3220=CARTESIAN_POINT('',(2.39318023660404,0.5,18.8768580375783));
#3221=CARTESIAN_POINT('',(2.39318023660404,0.5,18.8086604036186));
#3222=CARTESIAN_POINT('',(2.39318023660404,0.5,18.8086604036186));
#3223=CARTESIAN_POINT('',(1.54836464857342,0.5,18.8086604036186));
#3224=CARTESIAN_POINT('',(1.54836464857342,0.5,18.8086604036186));
#3225=CARTESIAN_POINT('',(1.54836464857342,0.5,18.8768580375783));
#3226=CARTESIAN_POINT('',(1.54836464857342,0.5,18.8768580375783));
#3227=CARTESIAN_POINT('',(1.54836464857342,0.,18.8768580375783));
#3228=CARTESIAN_POINT('',(1.61987770016806,0.5,18.8768580375783));
#3229=CARTESIAN_POINT('',(1.61987770016806,0.,18.8768580375783));
#3230=CARTESIAN_POINT('',(1.7198393761218,0.5,18.8714988756375));
#3231=CARTESIAN_POINT('',(1.7198393761218,1.0842021724855E-16,18.8714988756375));
#3232=CARTESIAN_POINT('',(1.88235321647965,0.5,18.8857899741462));
#3233=CARTESIAN_POINT('',(1.88235321647965,0.,18.8857899741462));
#3234=CARTESIAN_POINT('',(1.87801193304209,0.5,19.0547832466452));
#3235=CARTESIAN_POINT('',(1.87801193304209,0.,19.0547832466452));
#3236=CARTESIAN_POINT('',(1.88028100874068,0.5,19.2209932709505));
#3237=CARTESIAN_POINT('',(1.88028100874068,0.,19.2209932709505));
#3238=CARTESIAN_POINT('',(1.87897964254201,0.5,19.4391024978423));
#3239=CARTESIAN_POINT('',(1.87897964254201,0.,19.4391024978423));
#3240=CARTESIAN_POINT('',(1.88146221649838,0.5,19.6546334399416));
#3241=CARTESIAN_POINT('',(1.88146221649838,0.,19.6546334399416));
#3242=CARTESIAN_POINT('',(1.87427144180939,0.5,19.8272891762282));
#3243=CARTESIAN_POINT('',(1.87427144180939,0.,19.8272891762282));
#3244=CARTESIAN_POINT('',(1.88884985914698,0.5,19.9833910247645));
#3245=CARTESIAN_POINT('',(1.88884985914698,0.,19.9833910247645));
#3246=CARTESIAN_POINT('',(1.77381730080372,0.5,20.0257094021169));
#3247=CARTESIAN_POINT('',(1.77381730080372,0.,20.0257094021169));
#3248=CARTESIAN_POINT('',(1.66864528411203,0.5,20.0141680264754));
#3249=CARTESIAN_POINT('',(1.66864528411203,1.0842021724855E-16,20.0141680264754));
#3250=CARTESIAN_POINT('',(1.59665240790774,0.5,20.0167327766179));
#3251=CARTESIAN_POINT('',(1.59665240790774,0.,20.0167327766179));
#3252=CARTESIAN_POINT('',(1.56089074460682,0.5,20.0167327766179));
#3253=CARTESIAN_POINT('',(1.56089074460682,0.,20.0167327766179));
#3254=CARTESIAN_POINT('',(1.56089074460682,0.5,20.0167327766179));
#3255=CARTESIAN_POINT('',(1.56089074460682,0.5,20.0167327766179));
#3256=CARTESIAN_POINT('',(1.56089074460682,0.5,20.0849304105776));
#3257=CARTESIAN_POINT('',(1.56089074460682,0.5,20.0849304105776));
#3258=CARTESIAN_POINT('',(1.56089074460682,0.,20.0849304105776));
#3259=CARTESIAN_POINT('',(1.63592530072442,0.5,20.0849304105776));
#3260=CARTESIAN_POINT('',(1.63592530072442,0.,20.0849304105776));
#3261=CARTESIAN_POINT('',(1.76452042061797,0.5,20.083752510763));
#3262=CARTESIAN_POINT('',(1.76452042061797,0.,20.083752510763));
#3263=CARTESIAN_POINT('',(1.95532925399478,0.5,20.1232017453516));
#3264=CARTESIAN_POINT('',(1.95532925399478,0.,20.1232017453516));
#3265=CARTESIAN_POINT('',(2.00487125956855,0.5,20.1433855254001));
#3266=CARTESIAN_POINT('',(2.00487125956855,0.,20.1433855254001));
#3267=CARTESIAN_POINT('',(3.09563016369559,0.5,19.5438252492671));
#3268=CARTESIAN_POINT('',(4.13987473903967,0.5,19.2192379958246));
#3269=CARTESIAN_POINT('',(4.13987473903967,0.5,19.2192379958246));
#3270=CARTESIAN_POINT('',(4.19693806541405,0.5,19.1969693806541));
#3271=CARTESIAN_POINT('',(3.9116214335421,0.5,19.8246659707724));
#3272=CARTESIAN_POINT('',(3.91203897007655,0.5,19.8268928322895));
#3273=CARTESIAN_POINT('',(3.91579679888657,0.5,19.8469345859429));
#3274=CARTESIAN_POINT('',(3.92275574112735,0.5,19.8692032011134));
#3275=CARTESIAN_POINT('',(3.93221594018777,0.5,19.8994758381068));
#3276=CARTESIAN_POINT('',(3.91579679888657,0.5,19.9360090466249));
#3277=CARTESIAN_POINT('',(3.8768267223382,0.5,19.9777627000696));
#3278=CARTESIAN_POINT('',(3.83850460430727,0.5,20.0188221122456));
#3279=CARTESIAN_POINT('',(3.77522616562283,0.5,20.0403931802366));
#3280=CARTESIAN_POINT('',(3.56924147529576,0.5,20.0403931802366));
#3281=CARTESIAN_POINT('',(3.473208072373,0.5,19.9847216423104));
#3282=CARTESIAN_POINT('',(3.39248434237996,0.5,19.874770354906));
#3283=CARTESIAN_POINT('',(3.31224806437438,0.5,19.765483010726));
#3284=CARTESIAN_POINT('',(3.27279053583855,0.5,19.6186812804454));
#3285=CARTESIAN_POINT('',(3.27279053583855,0.5,19.2679505915101));
#3286=CARTESIAN_POINT('',(3.30758524704245,0.5,19.1343389004871));
#3287=CARTESIAN_POINT('',(3.44398051496173,0.5,18.9283542101601));
#3288=CARTESIAN_POINT('',(3.55810716771051,0.5,18.8768580375783));
#3289=CARTESIAN_POINT('',(3.82533054975644,0.5,18.8768580375783));
#3290=CARTESIAN_POINT('',(3.91440501043841,0.5,18.9116527487822));
#3291=CARTESIAN_POINT('',(3.98677800974252,0.5,18.9798503827418));
#3292=CARTESIAN_POINT('',(4.05841381101258,0.5,19.0473533493232));
#3293=CARTESIAN_POINT('',(4.10925539318024,0.5,19.1273799582463));
#3294=CARTESIAN_POINT('',(4.13987473903967,0.5,19.2192379958246));
#3295=CARTESIAN_POINT('',(3.9116214335421,0.5,19.8246659707724));
#3296=CARTESIAN_POINT('',(3.90048712595686,0.5,19.7787369519833));
#3297=CARTESIAN_POINT('',(3.90048712595686,0.5,19.8010055671538));
#3298=CARTESIAN_POINT('',(3.90327070285317,0.5,19.8163152400835));
#3299=CARTESIAN_POINT('',(3.9116214335421,0.5,19.8246659707724));
#3300=CARTESIAN_POINT('',(3.90048712595686,0.5,19.7787369519833));
#3301=CARTESIAN_POINT('',(4.19693806541405,0.5,19.1969693806541));
#3302=CARTESIAN_POINT('',(4.16631871955463,0.5,19.0828427279054));
#3303=CARTESIAN_POINT('',(4.10925539318024,0.5,18.9854175365344));
#3304=CARTESIAN_POINT('',(4.02574808629088,0.5,18.9046938065414));
#3305=CARTESIAN_POINT('',(3.94293627391612,0.5,18.8246423879125));
#3306=CARTESIAN_POINT('',(3.82811412665275,0.5,18.785));
#3307=CARTESIAN_POINT('',(3.50104384133612,0.5,18.785));
#3308=CARTESIAN_POINT('',(3.35629784272791,0.5,18.8420633263744));
#3309=CARTESIAN_POINT('',(3.25052192066806,0.5,18.9561899791232));
#3310=CARTESIAN_POINT('',(3.14410288100209,0.5,19.0710105219207));
#3311=CARTESIAN_POINT('',(3.09046624913013,0.5,19.2345476687543));
#3312=CARTESIAN_POINT('',(3.09046624913013,0.5,19.6381663187195));
#3313=CARTESIAN_POINT('',(3.14752957550452,0.5,19.7954384133612));
#3314=CARTESIAN_POINT('',(3.26165622825331,0.5,19.9206993736952));
#3315=CARTESIAN_POINT('',(3.37647577082584,0.5,20.0467208228602));
#3316=CARTESIAN_POINT('',(3.52331245650661,0.5,20.1099826026444));
#3317=CARTESIAN_POINT('',(3.83507306889353,0.5,20.1099826026444));
#3318=CARTESIAN_POINT('',(3.93667362560891,0.5,20.0751878914405));
#3319=CARTESIAN_POINT('',(4.08141962421712,0.5,19.9387926235212));
#3320=CARTESIAN_POINT('',(4.11621433542102,0.5,19.8692032011134));
#3321=CARTESIAN_POINT('',(4.11621433542102,0.5,19.7550765483646));
#3322=CARTESIAN_POINT('',(4.10786360473208,0.5,19.7230654140571));
#3323=CARTESIAN_POINT('',(4.0883785664579,0.5,19.704972164231));
#3324=CARTESIAN_POINT('',(4.06819954051916,0.5,19.6862344972879));
#3325=CARTESIAN_POINT('',(4.0410577592206,0.5,19.6757446068198));
#3326=CARTESIAN_POINT('',(3.97286012526096,0.5,19.6757446068198));
#3327=CARTESIAN_POINT('',(3.94780793319415,0.5,19.6854871259569));
#3328=CARTESIAN_POINT('',(3.92832289491997,0.5,19.704972164231));
#3329=CARTESIAN_POINT('',(3.90953375086987,0.5,19.7237613082811));
#3330=CARTESIAN_POINT('',(3.90048712595686,0.5,19.7481176061239));
#3331=CARTESIAN_POINT('',(3.90048712595686,0.5,19.7787369519833));
#3332=CARTESIAN_POINT('',(4.13987473903967,0.5,19.2192379958246));
#3333=CARTESIAN_POINT('',(4.13987473903967,0.5,19.2192379958246));
#3334=CARTESIAN_POINT('',(4.19693806541405,0.5,19.1969693806541));
#3335=CARTESIAN_POINT('',(4.19693806541405,0.5,19.1969693806541));
#3336=CARTESIAN_POINT('',(4.19693806541405,0.,19.1969693806541));
#3337=CARTESIAN_POINT('',(4.15605954194475,0.5,19.0446039749958));
#3338=CARTESIAN_POINT('',(4.15605954194475,0.,19.0446039749958));
#3339=CARTESIAN_POINT('',(3.99164899906257,0.5,18.780123733444));
#3340=CARTESIAN_POINT('',(3.99164899906257,0.,18.780123733444));
#3341=CARTESIAN_POINT('',(3.5336058338605,0.5,18.7625290954495));
#3342=CARTESIAN_POINT('',(3.5336058338605,0.,18.7625290954495));
#3343=CARTESIAN_POINT('',(3.27221809260007,0.5,18.9138186688231));
#3344=CARTESIAN_POINT('',(3.27221809260007,0.,18.9138186688231));
#3345=CARTESIAN_POINT('',(3.15423009280653,0.5,19.0766103330301));
#3346=CARTESIAN_POINT('',(3.15423009280653,0.,19.0766103330301));
#3347=CARTESIAN_POINT('',(3.0923557161241,0.5,19.2805602697003));
#3348=CARTESIAN_POINT('',(3.0923557161241,0.,19.2805602697003));
#3349=CARTESIAN_POINT('',(3.08156722639817,0.5,19.6397286144216));
#3350=CARTESIAN_POINT('',(3.08156722639817,0.,19.6397286144216));
#3351=CARTESIAN_POINT('',(3.20716851506348,0.5,19.9255616114525));
#3352=CARTESIAN_POINT('',(3.20716851506348,0.,19.9255616114525));
#3353=CARTESIAN_POINT('',(3.53498468146278,0.5,20.114712170587));
#3354=CARTESIAN_POINT('',(3.53498468146278,1.0842021724855E-16,20.114712170587));
#3355=CARTESIAN_POINT('',(3.8552634422864,0.5,20.1205825638842));
#3356=CARTESIAN_POINT('',(3.8552634422864,0.,20.1205825638842));
#3357=CARTESIAN_POINT('',(4.0650570840199,0.5,19.9788824418481));
#3358=CARTESIAN_POINT('',(4.0650570840199,1.0842021724855E-16,19.9788824418481));
#3359=CARTESIAN_POINT('',(4.12576398110716,0.5,19.829650864266));
#3360=CARTESIAN_POINT('',(4.12576398110716,0.,19.829650864266));
#3361=CARTESIAN_POINT('',(4.10892722620391,0.5,19.733773347198));
#3362=CARTESIAN_POINT('',(4.10892722620391,0.,19.733773347198));
#3363=CARTESIAN_POINT('',(4.09249041807828,0.5,19.6885446254999));
#3364=CARTESIAN_POINT('',(4.09249041807828,0.,19.6885446254999));
#3365=CARTESIAN_POINT('',(3.94352780338707,0.5,19.661860886386));
#3366=CARTESIAN_POINT('',(3.94352780338707,1.0842021724855E-16,19.661860886386));
#3367=CARTESIAN_POINT('',(3.90048712595685,0.5,19.7354843938003));
#3368=CARTESIAN_POINT('',(3.90048712595685,0.,19.7354843938003));
#3369=CARTESIAN_POINT('',(3.90048712595686,0.5,19.7787369519833));
#3370=CARTESIAN_POINT('',(3.90048712595686,0.,19.7787369519833));
#3371=CARTESIAN_POINT('',(3.90048712595686,0.5,19.7787369519833));
#3372=CARTESIAN_POINT('',(3.90048712595686,0.5,19.7787369519833));
#3373=CARTESIAN_POINT('',(3.90048712595686,1.0842021724855E-16,19.7787369519833));
#3374=CARTESIAN_POINT('',(3.90048712595686,0.5,19.8010055671538));
#3375=CARTESIAN_POINT('',(3.90048712595686,1.0842021724855E-16,19.8010055671538));
#3376=CARTESIAN_POINT('',(3.90327070285317,0.5,19.8163152400835));
#3377=CARTESIAN_POINT('',(3.90327070285317,1.0842021724855E-16,19.8163152400835));
#3378=CARTESIAN_POINT('',(3.9116214335421,0.5,19.8246659707724));
#3379=CARTESIAN_POINT('',(3.9116214335421,1.0842021724855E-16,19.8246659707724));
#3380=CARTESIAN_POINT('',(3.9116214335421,0.5,19.8246659707724));
#3381=CARTESIAN_POINT('',(3.9116214335421,0.5,19.8246659707724));
#3382=CARTESIAN_POINT('',(3.9116214335421,1.0842021724855E-16,19.8246659707724));
#3383=CARTESIAN_POINT('',(3.9119883656348,0.5,19.8266229419335));
#3384=CARTESIAN_POINT('',(3.9119883656348,1.0842021724855E-16,19.8266229419335));
#3385=CARTESIAN_POINT('',(3.92156335677989,0.5,19.8665592350685));
#3386=CARTESIAN_POINT('',(3.92156335677989,1.0842021724855E-16,19.8665592350685));
#3387=CARTESIAN_POINT('',(3.93114111688221,0.5,19.9038169115084));
#3388=CARTESIAN_POINT('',(3.93114111688221,1.0842021724855E-16,19.9038169115084));
#3389=CARTESIAN_POINT('',(3.86180933006291,0.5,20.0082574105275));
#3390=CARTESIAN_POINT('',(3.86180933006291,-2.16840434497101E-16,20.0082574105275));
#3391=CARTESIAN_POINT('',(3.79394720088977,0.5,20.03404755162));
#3392=CARTESIAN_POINT('',(3.79394720088977,2.16840434497101E-16,20.03404755162));
#3393=CARTESIAN_POINT('',(3.60387374534095,0.5,20.0477746862846));
#3394=CARTESIAN_POINT('',(3.60387374534095,0.,20.0477746862846));
#3395=CARTESIAN_POINT('',(3.48257758639774,0.5,19.9827077339428));
#3396=CARTESIAN_POINT('',(3.48257758639774,1.0842021724855E-16,19.9827077339428));
#3397=CARTESIAN_POINT('',(3.38517150199521,0.5,19.8689473013959));
#3398=CARTESIAN_POINT('',(3.38517150199521,0.,19.8689473013959));
#3399=CARTESIAN_POINT('',(3.34193333488355,0.5,19.7958556496601));
#3400=CARTESIAN_POINT('',(3.34193333488355,-1.0842021724855E-16,19.7958556496601));
#3401=CARTESIAN_POINT('',(3.27264878621385,0.5,19.6231821711415));
#3402=CARTESIAN_POINT('',(3.27264878621385,2.16840434497101E-16,19.6231821711415));
#3403=CARTESIAN_POINT('',(3.2622933653513,0.5,19.290551843991));
#3404=CARTESIAN_POINT('',(3.2622933653513,-1.0842021724855E-16,19.290551843991));
#3405=CARTESIAN_POINT('',(3.35813763469034,0.5,18.9945864685766));
#3406=CARTESIAN_POINT('',(3.35813763469034,1.0842021724855E-16,18.9945864685766));
#3407=CARTESIAN_POINT('',(3.61103482598216,0.5,18.8454703685108));
#3408=CARTESIAN_POINT('',(3.61103482598216,0.,18.8454703685108));
#3409=CARTESIAN_POINT('',(3.99372733688453,0.5,18.9175182728829));
#3410=CARTESIAN_POINT('',(3.99372733688453,0.,18.9175182728829));
#3411=CARTESIAN_POINT('',(4.10538268191288,0.5,19.1157618244443));
#3412=CARTESIAN_POINT('',(4.10538268191288,0.,19.1157618244443));
#3413=CARTESIAN_POINT('',(4.13987473903967,0.5,19.2192379958246));
#3414=CARTESIAN_POINT('',(4.13987473903967,0.,19.2192379958246));
#3415=CARTESIAN_POINT('',(4.57212305112368,0.5,19.585005048828));
#3416=CARTESIAN_POINT('',(4.74530271398748,0.5,19.51708072373));
#3417=CARTESIAN_POINT('',(4.74530271398748,0.5,19.51708072373));
#3418=CARTESIAN_POINT('',(5.47459986082116,0.5,19.51708072373));
#3419=CARTESIAN_POINT('',(5.47459986082116,0.5,19.51708072373));
#3420=CARTESIAN_POINT('',(5.48155880306194,0.5,19.6840953375087));
#3421=CARTESIAN_POINT('',(5.45372303409882,0.5,19.8107480862909));
#3422=CARTESIAN_POINT('',(5.38970076548365,0.5,19.8984307585247));
#3423=CARTESIAN_POINT('',(5.32519451587319,0.5,19.9867762742955));
#3424=CARTESIAN_POINT('',(5.23938761308281,0.5,20.0292588726514));
#3425=CARTESIAN_POINT('',(5.01809324982602,0.5,20.0292588726514));
#3426=CARTESIAN_POINT('',(4.92623521224774,0.5,19.9833298538622));
#3427=CARTESIAN_POINT('',(4.85386221294363,0.5,19.8928636047321));
#3428=CARTESIAN_POINT('',(4.7808102924453,0.5,19.8015487041092));
#3429=CARTESIAN_POINT('',(4.74530271398748,0.5,19.6757446068198));
#3430=CARTESIAN_POINT('',(4.74530271398748,0.5,19.51708072373));
#3431=CARTESIAN_POINT('',(5.63604732080723,0.5,19.151040361865));
#3432=CARTESIAN_POINT('',(5.61238691718859,0.5,19.0675330549756));
#3433=CARTESIAN_POINT('',(5.56089074460682,0.5,18.9854175365344));
#3434=CARTESIAN_POINT('',(5.40083507306889,0.5,18.8253618649965));
#3435=CARTESIAN_POINT('',(5.29227557411274,0.5,18.785));
#3436=CARTESIAN_POINT('',(4.98051496172582,0.5,18.785));
#3437=CARTESIAN_POINT('',(4.83855254001392,0.5,18.8420633263744));
#3438=CARTESIAN_POINT('',(4.72720946416145,0.5,18.9561899791232));
#3439=CARTESIAN_POINT('',(4.61654510257811,0.5,19.0696209497461));
#3440=CARTESIAN_POINT('',(4.5615866388309,0.5,19.2345476687543));
#3441=CARTESIAN_POINT('',(4.5615866388309,0.5,19.6381663187195));
#3442=CARTESIAN_POINT('',(4.61725817675713,0.5,19.7954384133612));
#3443=CARTESIAN_POINT('',(4.72720946416145,0.5,19.9206993736952));
#3444=CARTESIAN_POINT('',(4.83785077428847,0.5,20.0467464358652));
#3445=CARTESIAN_POINT('',(4.97216423103688,0.5,20.1099826026444));
#3446=CARTESIAN_POINT('',(5.27696590118302,0.5,20.1099826026444));
#3447=CARTESIAN_POINT('',(5.40222686151705,0.5,20.0598782185108));
#3448=CARTESIAN_POINT('',(5.61656228253305,0.5,19.8622442588726));
#3449=CARTESIAN_POINT('',(5.66945024356298,0.5,19.6910542797495));
#3450=CARTESIAN_POINT('',(5.66945024356298,0.5,19.4474913013222));
#3451=CARTESIAN_POINT('',(5.63604732080723,0.5,19.151040361865));
#3452=CARTESIAN_POINT('',(5.66945024356298,0.5,19.4474913013222));
#3453=CARTESIAN_POINT('',(5.57898399443285,0.5,19.1733089770355));
#3454=CARTESIAN_POINT('',(5.57898399443285,0.5,19.1733089770355));
#3455=CARTESIAN_POINT('',(4.74530271398748,0.5,19.4474913013222));
#3456=CARTESIAN_POINT('',(4.74530271398748,0.5,19.2428983994433));
#3457=CARTESIAN_POINT('',(4.785664578984,0.5,19.0953688239388));
#3458=CARTESIAN_POINT('',(4.86499652052888,0.5,19.0076861517049));
#3459=CARTESIAN_POINT('',(4.94363603864382,0.5,18.9207687895779));
#3460=CARTESIAN_POINT('',(5.05010438413361,0.5,18.8768580375783));
#3461=CARTESIAN_POINT('',(5.27835768963118,0.5,18.8768580375783));
#3462=CARTESIAN_POINT('',(5.36186499652053,0.5,18.9060855949896));
#3463=CARTESIAN_POINT('',(5.4982602644398,0.5,19.0202122477383));
#3464=CARTESIAN_POINT('',(5.54836464857342,0.5,19.0898016701461));
#3465=CARTESIAN_POINT('',(5.57898399443285,0.5,19.1733089770355));
#3466=CARTESIAN_POINT('',(4.74530271398748,0.5,19.4474913013222));
#3467=CARTESIAN_POINT('',(5.66945024356298,0.5,19.4474913013222));
#3468=CARTESIAN_POINT('',(5.66945024356298,0.5,19.4474913013222));
#3469=CARTESIAN_POINT('',(5.66945024356298,0.5,19.4474913013222));
#3470=CARTESIAN_POINT('',(4.74530271398748,0.5,19.4474913013222));
#3471=CARTESIAN_POINT('',(4.74530271398748,0.5,19.4474913013222));
#3472=CARTESIAN_POINT('',(4.74530271398748,1.0842021724855E-16,19.4474913013222));
#3473=CARTESIAN_POINT('',(4.74530271398748,0.5,19.2993787179445));
#3474=CARTESIAN_POINT('',(4.74530271398748,1.0842021724855E-16,19.2993787179445));
#3475=CARTESIAN_POINT('',(4.77681523203623,0.5,19.1236079979906));
#3476=CARTESIAN_POINT('',(4.77681523203623,1.0842021724855E-16,19.1236079979906));
#3477=CARTESIAN_POINT('',(4.8815755885713,0.5,18.9759776921478));
#3478=CARTESIAN_POINT('',(4.8815755885713,1.0842021724855E-16,18.9759776921478));
#3479=CARTESIAN_POINT('',(5.07851699921863,0.5,18.856695852928));
#3480=CARTESIAN_POINT('',(5.07851699921863,-1.0842021724855E-16,18.856695852928));
#3481=CARTESIAN_POINT('',(5.40379410524645,0.5,18.8827779242553));
#3482=CARTESIAN_POINT('',(5.40379410524645,1.0842021724855E-16,18.8827779242553));
#3483=CARTESIAN_POINT('',(5.54028272044214,0.5,19.0677600479699));
#3484=CARTESIAN_POINT('',(5.54028272044214,0.,19.0677600479699));
#3485=CARTESIAN_POINT('',(5.57898399443285,0.5,19.1733089770355));
#3486=CARTESIAN_POINT('',(5.57898399443285,0.,19.1733089770355));
#3487=CARTESIAN_POINT('',(5.57898399443285,0.5,19.1733089770355));
#3488=CARTESIAN_POINT('',(5.57898399443285,0.5,19.1733089770355));
#3489=CARTESIAN_POINT('',(5.63604732080723,0.5,19.151040361865));
#3490=CARTESIAN_POINT('',(5.63604732080723,0.5,19.151040361865));
#3491=CARTESIAN_POINT('',(5.63604732080723,0.,19.151040361865));
#3492=CARTESIAN_POINT('',(5.60456251526906,0.5,19.0399175187891));
#3493=CARTESIAN_POINT('',(5.60456251526906,0.,19.0399175187891));
#3494=CARTESIAN_POINT('',(5.4489999478437,0.5,18.7783032115271));
#3495=CARTESIAN_POINT('',(5.4489999478437,2.16840434497101E-16,18.7783032115271));
#3496=CARTESIAN_POINT('',(4.97971885011207,0.5,18.7606219762325));
#3497=CARTESIAN_POINT('',(4.97971885011207,-3.25260651745651E-16,18.7606219762325));
#3498=CARTESIAN_POINT('',(4.7094291723387,0.5,18.954605769542));
#3499=CARTESIAN_POINT('',(4.7094291723387,2.16840434497101E-16,18.954605769542));
#3500=CARTESIAN_POINT('',(4.61226287034823,0.5,19.1107585667501));
#3501=CARTESIAN_POINT('',(4.61226287034823,0.,19.1107585667501));
#3502=CARTESIAN_POINT('',(4.55777525020309,0.5,19.3275343191656));
#3503=CARTESIAN_POINT('',(4.55777525020309,0.,19.3275343191656));
#3504=CARTESIAN_POINT('',(4.55984927856038,0.5,19.6795036368156));
#3505=CARTESIAN_POINT('',(4.55984927856038,0.,19.6795036368156));
#3506=CARTESIAN_POINT('',(4.75432600879643,0.5,20.0218714052519));
#3507=CARTESIAN_POINT('',(4.75432600879643,0.,20.0218714052519));
#3508=CARTESIAN_POINT('',(5.15059071244352,0.5,20.15614145724));
#3509=CARTESIAN_POINT('',(5.15059071244352,0.,20.15614145724));
#3510=CARTESIAN_POINT('',(5.55585564969373,0.5,20.0115470549871));
#3511=CARTESIAN_POINT('',(5.55585564969373,0.,20.0115470549871));
#3512=CARTESIAN_POINT('',(5.66945024356298,0.5,19.685446806337));
#3513=CARTESIAN_POINT('',(5.66945024356298,1.0842021724855E-16,19.685446806337));
#3514=CARTESIAN_POINT('',(5.66945024356298,0.5,19.4474913013222));
#3515=CARTESIAN_POINT('',(5.66945024356298,1.0842021724855E-16,19.4474913013222));
#3516=CARTESIAN_POINT('',(5.47459986082116,0.5,19.51708072373));
#3517=CARTESIAN_POINT('',(5.47459986082116,0.,19.51708072373));
#3518=CARTESIAN_POINT('',(5.48080347614458,0.5,19.6659674914921));
#3519=CARTESIAN_POINT('',(5.48080347614458,0.,19.6659674914921));
#3520=CARTESIAN_POINT('',(5.46108249381708,0.5,19.8887200706871));
#3521=CARTESIAN_POINT('',(5.46108249381708,1.0842021724855E-16,19.8887200706871));
#3522=CARTESIAN_POINT('',(5.12062980629821,0.5,20.101530302105));
#3523=CARTESIAN_POINT('',(5.12062980629821,-1.0842021724855E-16,20.101530302105));
#3524=CARTESIAN_POINT('',(4.78510503505892,0.5,19.8798841859544));
#3525=CARTESIAN_POINT('',(4.78510503505892,1.0842021724855E-16,19.8798841859544));
#3526=CARTESIAN_POINT('',(4.74530271398748,0.5,19.6582589554559));
#3527=CARTESIAN_POINT('',(4.74530271398748,0.,19.6582589554559));
#3528=CARTESIAN_POINT('',(4.74530271398748,0.5,19.51708072373));
#3529=CARTESIAN_POINT('',(4.74530271398748,0.,19.51708072373));
#3530=CARTESIAN_POINT('',(5.47459986082116,0.,19.51708072373));
#3531=CARTESIAN_POINT('',(5.48155880306194,0.,19.6840953375087));
#3532=CARTESIAN_POINT('',(5.45372303409882,0.,19.8107480862909));
#3533=CARTESIAN_POINT('',(5.38970076548365,0.,19.8984307585247));
#3534=CARTESIAN_POINT('',(5.32519451587319,0.,19.9867762742955));
#3535=CARTESIAN_POINT('',(5.23938761308281,0.,20.0292588726514));
#3536=CARTESIAN_POINT('',(5.01809324982602,0.,20.0292588726514));
#3537=CARTESIAN_POINT('',(4.92623521224774,0.,19.9833298538622));
#3538=CARTESIAN_POINT('',(4.85386221294363,0.,19.8928636047321));
#3539=CARTESIAN_POINT('',(4.7808102924453,0.,19.8015487041092));
#3540=CARTESIAN_POINT('',(4.74530271398748,0.,19.6757446068198));
#3541=CARTESIAN_POINT('',(4.74530271398748,0.,19.51708072373));
#3542=CARTESIAN_POINT('',(5.47459986082116,0.,19.51708072373));
#3543=CARTESIAN_POINT('',(4.74530271398748,0.,19.51708072373));
#3544=CARTESIAN_POINT('',(5.47459986082116,0.5,19.51708072373));
#3545=CARTESIAN_POINT('',(4.74530271398748,0.5,19.51708072373));
#3546=CARTESIAN_POINT('',(4.74530271398748,0.5,19.51708072373));
#3547=CARTESIAN_POINT('',(4.74530271398748,0.,19.51708072373));
#3548=CARTESIAN_POINT('',(0.,0.,0.));
#3549=CARTESIAN_POINT('',(-1.32545666903435,0.5,19.4275188925679));
#3550=CARTESIAN_POINT('',(-1.1419624217119,0.5,19.436356993737));
#3551=CARTESIAN_POINT('',(-1.1419624217119,0.5,19.2387230340988));
#3552=CARTESIAN_POINT('',(-1.10160055671538,0.5,19.0925852470424));
#3553=CARTESIAN_POINT('',(-1.02226861517049,0.5,18.9965518441197));
#3554=CARTESIAN_POINT('',(-0.943055522976239,0.5,18.9006623114635));
#3555=CARTESIAN_POINT('',(-0.845511482254696,0.5,18.8545894224078));
#3556=CARTESIAN_POINT('',(-0.600556715379263,0.5,18.8545894224078));
#3557=CARTESIAN_POINT('',(-0.500347947112038,0.5,18.9060855949896));
#3558=CARTESIAN_POINT('',(-0.427974947807932,0.5,19.0090779401531));
#3559=CARTESIAN_POINT('',(-0.356256667568436,0.5,19.1111385697247));
#3560=CARTESIAN_POINT('',(-0.319415448851773,0.5,19.2540327070285));
#3561=CARTESIAN_POINT('',(-0.319415448851773,0.5,19.6339909533751));
#3562=CARTESIAN_POINT('',(-0.359777313848295,0.5,19.7843041057759));
#3563=CARTESIAN_POINT('',(-0.439109255393181,0.5,19.8859046624913));
#3564=CARTESIAN_POINT('',(-0.519643476303983,0.5,19.9890449804999));
#3565=CARTESIAN_POINT('',(-0.615866388308977,0.5,20.0403931802366));
#3566=CARTESIAN_POINT('',(-0.837160751565763,0.5,20.0403931802366));
#3567=CARTESIAN_POINT('',(-0.933194154488518,0.5,19.9888970076548));
#3568=CARTESIAN_POINT('',(-1.01670146137787,0.5,19.8859046624913));
#3569=CARTESIAN_POINT('',(-1.09952790216874,0.5,19.7837520521826));
#3570=CARTESIAN_POINT('',(-1.1419624217119,0.5,19.6339909533751));
#3571=CARTESIAN_POINT('',(-1.1419624217119,0.5,19.436356993737));
#3572=CARTESIAN_POINT('',(-1.1419624217119,0.5,19.436356993737));
#3573=CARTESIAN_POINT('',(-0.135699373695198,0.5,19.4474913013222));
#3574=CARTESIAN_POINT('',(-0.135699373695198,0.5,19.2568162839248));
#3575=CARTESIAN_POINT('',(-0.19276270006959,0.5,19.0995441892832));
#3576=CARTESIAN_POINT('',(-0.308281141266529,0.5,18.9742832289492));
#3577=CARTESIAN_POINT('',(-0.423853530631348,0.5,18.8489637706018));
#3578=CARTESIAN_POINT('',(-0.562978427279053,0.5,18.785));
#3579=CARTESIAN_POINT('',(-0.906750173973556,0.5,18.785));
#3580=CARTESIAN_POINT('',(-1.04871259568546,0.5,18.8504140570633));
#3581=CARTESIAN_POINT('',(-1.16005567153793,0.5,18.9798503827418));
#3582=CARTESIAN_POINT('',(-1.27080685118014,0.5,19.1085986290759));
#3583=CARTESIAN_POINT('',(-1.32567849686848,0.5,19.2651670146138));
#3584=CARTESIAN_POINT('',(-1.32567849686848,0.5,19.6145059151009));
#3585=CARTESIAN_POINT('',(-1.27000695894224,0.5,19.767602644398));
#3586=CARTESIAN_POINT('',(-1.16005567153793,0.5,19.9039979123173));
#3587=CARTESIAN_POINT('',(-1.04887614949363,0.5,20.0419168130811));
#3588=CARTESIAN_POINT('',(-0.906750173973556,0.5,20.1099826026444));
#3589=CARTESIAN_POINT('',(-0.547668754349339,0.5,20.1099826026444));
#3590=CARTESIAN_POINT('',(-0.402922755741128,0.5,20.0417849686848));
#3591=CARTESIAN_POINT('',(-0.295755045233125,0.5,19.9039979123173));
#3592=CARTESIAN_POINT('',(-0.189786414003533,0.5,19.7677525293078));
#3593=CARTESIAN_POINT('',(-0.135699373695198,0.5,19.6145059151009));
#3594=CARTESIAN_POINT('',(-0.135699373695198,0.5,19.4474913013222));
#3595=CARTESIAN_POINT('',(-0.135699373695198,0.5,19.4474913013222));
#3596=CARTESIAN_POINT('',(-0.16741900475558,0.5,19.7142637690818));
#3597=CARTESIAN_POINT('',(-0.16741900475558,-1.0842021724855E-16,19.7142637690818));
#3598=CARTESIAN_POINT('',(-0.107550262476199,0.5,19.378692719343));
#3599=CARTESIAN_POINT('',(-0.107550262476199,0.,19.378692719343));
#3600=CARTESIAN_POINT('',(-0.233306405064,0.5,18.9569029372928));
#3601=CARTESIAN_POINT('',(-0.233306405064,-1.0842021724855E-16,18.9569029372928));
#3602=CARTESIAN_POINT('',(-0.70004003218906,0.5,18.7143819762392));
#3603=CARTESIAN_POINT('',(-0.70004003218906,0.,18.7143819762392));
#3604=CARTESIAN_POINT('',(-1.1810080618076,0.5,18.9068191341621));
#3605=CARTESIAN_POINT('',(-1.1810080618076,-1.0842021724855E-16,18.9068191341621));
#3606=CARTESIAN_POINT('',(-1.37689069898757,0.5,19.3594736945994));
#3607=CARTESIAN_POINT('',(-1.37689069898757,0.,19.3594736945994));
#3608=CARTESIAN_POINT('',(-1.25035993498046,0.5,19.8991696683043));
#3609=CARTESIAN_POINT('',(-1.25035993498046,-1.0842021724855E-16,19.8991696683043));
#3610=CARTESIAN_POINT('',(-0.867638137632668,0.5,20.1410905439054));
#3611=CARTESIAN_POINT('',(-0.867638137632668,-1.0842021724855E-16,20.1410905439054));
#3612=CARTESIAN_POINT('',(-0.513424893053595,0.5,20.0916864169683));
#3613=CARTESIAN_POINT('',(-0.513424893053595,1.0842021724855E-16,20.0916864169683));
#3614=CARTESIAN_POINT('',(-0.315427577840216,0.5,19.9548841239581));
#3615=CARTESIAN_POINT('',(-0.315427577840216,1.0842021724855E-16,19.9548841239581));
#3616=CARTESIAN_POINT('',(-0.16741900475558,0.5,19.7142637690818));
#3617=CARTESIAN_POINT('',(-0.16741900475558,-1.0842021724855E-16,19.7142637690818));
#3618=CARTESIAN_POINT('',(-0.107550262476199,0.5,19.378692719343));
#3619=CARTESIAN_POINT('',(-0.107550262476199,0.,19.378692719343));
#3620=CARTESIAN_POINT('',(-0.233306405064,0.5,18.9569029372928));
#3621=CARTESIAN_POINT('',(-0.233306405064,-1.0842021724855E-16,18.9569029372928));
#3622=CARTESIAN_POINT('',(-1.11543837322561,0.5,19.7304255396211));
#3623=CARTESIAN_POINT('',(-1.11543837322561,-2.16840434497101E-16,19.7304255396211));
#3624=CARTESIAN_POINT('',(-1.15399404058764,0.5,19.4534394926949));
#3625=CARTESIAN_POINT('',(-1.15399404058764,0.,19.4534394926949));
#3626=CARTESIAN_POINT('',(-1.12023506062859,0.5,19.1707840737635));
#3627=CARTESIAN_POINT('',(-1.12023506062859,0.,19.1707840737635));
#3628=CARTESIAN_POINT('',(-1.06052821781233,0.5,19.0264373699922));
#3629=CARTESIAN_POINT('',(-1.06052821781233,-1.0842021724855E-16,19.0264373699922));
#3630=CARTESIAN_POINT('',(-0.908771299506803,0.5,18.8807198540127));
#3631=CARTESIAN_POINT('',(-0.908771299506803,-2.16840434497101E-16,18.8807198540127));
#3632=CARTESIAN_POINT('',(-0.678869237804222,0.500000000000001,18.8288320109192));
#3633=CARTESIAN_POINT('',(-0.678869237804222,7.58941520739853E-16,18.8288320109192));
#3634=CARTESIAN_POINT('',(-0.446629483664784,0.5,18.9396290948944));
#3635=CARTESIAN_POINT('',(-0.446629483664784,0.,18.9396290948944));
#3636=CARTESIAN_POINT('',(-0.346345360018802,0.5,19.1536229730831));
#3637=CARTESIAN_POINT('',(-0.346345360018802,-1.0842021724855E-16,19.1536229730831));
#3638=CARTESIAN_POINT('',(-0.309361314161133,0.5,19.4037517040754));
#3639=CARTESIAN_POINT('',(-0.309361314161133,1.0842021724855E-16,19.4037517040754));
#3640=CARTESIAN_POINT('',(-0.334527908176395,0.5,19.6791846045609));
#3641=CARTESIAN_POINT('',(-0.334527908176395,0.,19.6791846045609));
#3642=CARTESIAN_POINT('',(-0.411498155021935,0.5,19.8883801103155));
#3643=CARTESIAN_POINT('',(-0.411498155021935,0.,19.8883801103155));
#3644=CARTESIAN_POINT('',(-0.618569675697012,0.5,20.0545769839054));
#3645=CARTESIAN_POINT('',(-0.618569675697012,1.0842021724855E-16,20.0545769839054));
#3646=CARTESIAN_POINT('',(-0.842160927672832,0.5,20.0385627707421));
#3647=CARTESIAN_POINT('',(-0.842160927672832,0.,20.0385627707421));
#3648=CARTESIAN_POINT('',(-1.02573399504599,0.5,19.9008849985662));
#3649=CARTESIAN_POINT('',(-1.02573399504599,0.,19.9008849985662));
#3650=CARTESIAN_POINT('',(-1.11543837322561,0.5,19.7304255396211));
#3651=CARTESIAN_POINT('',(-1.11543837322561,-2.16840434497101E-16,19.7304255396211));
#3652=CARTESIAN_POINT('',(-1.15399404058764,0.5,19.4534394926949));
#3653=CARTESIAN_POINT('',(-1.15399404058764,0.,19.4534394926949));
#3654=CARTESIAN_POINT('',(-1.12023506062859,0.5,19.1707840737635));
#3655=CARTESIAN_POINT('',(-1.12023506062859,0.,19.1707840737635));
#3656=CARTESIAN_POINT('',(-1.1419624217119,0.,19.436356993737));
#3657=CARTESIAN_POINT('',(-1.1419624217119,0.,19.2387230340988));
#3658=CARTESIAN_POINT('',(-1.10160055671538,0.,19.0925852470424));
#3659=CARTESIAN_POINT('',(-1.02226861517049,0.,18.9965518441197));
#3660=CARTESIAN_POINT('',(-0.943055522976239,0.,18.9006623114635));
#3661=CARTESIAN_POINT('',(-0.845511482254696,0.,18.8545894224078));
#3662=CARTESIAN_POINT('',(-0.600556715379263,0.,18.8545894224078));
#3663=CARTESIAN_POINT('',(-0.500347947112038,0.,18.9060855949896));
#3664=CARTESIAN_POINT('',(-0.427974947807932,0.,19.0090779401531));
#3665=CARTESIAN_POINT('',(-0.356256667568436,0.,19.1111385697247));
#3666=CARTESIAN_POINT('',(-0.319415448851773,0.,19.2540327070285));
#3667=CARTESIAN_POINT('',(-0.319415448851773,0.,19.6339909533751));
#3668=CARTESIAN_POINT('',(-0.359777313848295,0.,19.7843041057759));
#3669=CARTESIAN_POINT('',(-0.439109255393181,0.,19.8859046624913));
#3670=CARTESIAN_POINT('',(-0.519643476303983,0.,19.9890449804999));
#3671=CARTESIAN_POINT('',(-0.615866388308977,0.,20.0403931802366));
#3672=CARTESIAN_POINT('',(-0.837160751565763,0.,20.0403931802366));
#3673=CARTESIAN_POINT('',(-0.933194154488518,0.,19.9888970076548));
#3674=CARTESIAN_POINT('',(-1.01670146137787,0.,19.8859046624913));
#3675=CARTESIAN_POINT('',(-1.09952790216874,0.,19.7837520521826));
#3676=CARTESIAN_POINT('',(-1.1419624217119,0.,19.6339909533751));
#3677=CARTESIAN_POINT('',(-1.1419624217119,0.,19.436356993737));
#3678=CARTESIAN_POINT('',(-1.1419624217119,0.,19.436356993737));
#3679=CARTESIAN_POINT('',(0.,0.,0.));
#3680=CARTESIAN_POINT('',(0.,0.,0.));
#3681=MECHANICAL_DESIGN_GEOMETRIC_PRESENTATION_REPRESENTATION('',(#1310),
#3682);
#3682=(
GEOMETRIC_REPRESENTATION_CONTEXT(3)
GLOBAL_UNCERTAINTY_ASSIGNED_CONTEXT((#3683))
GLOBAL_UNIT_ASSIGNED_CONTEXT((#3686,#3685,#3684))
REPRESENTATION_CONTEXT('\X2\77F368C96A6180F657AB7247\X0\_\X2\51F951F89762578B\X0\ 
GBT9126.3-2023','TOP_LEVEL_ASSEMBLY_PART')
);
#3683=UNCERTAINTY_MEASURE_WITH_UNIT(LENGTH_MEASURE(0.005),#3686,
'DISTANCE_ACCURACY_VALUE','Maximum Tolerance applied to model');
#3684=(
NAMED_UNIT(*)
SI_UNIT($,.STERADIAN.)
SOLID_ANGLE_UNIT()
);
#3685=(
NAMED_UNIT(*)
PLANE_ANGLE_UNIT()
SI_UNIT($,.RADIAN.)
);
#3686=(
LENGTH_UNIT()
NAMED_UNIT(*)
SI_UNIT(.MILLI.,.METRE.)
);
#3687=PRODUCT_DEFINITION_SHAPE('','',#3688);
#3688=PRODUCT_DEFINITION('','',#3690,#3689);
#3689=PRODUCT_DEFINITION_CONTEXT('',#3696,'design');
#3690=PRODUCT_DEFINITION_FORMATION_WITH_SPECIFIED_SOURCE('','',#3692,
 .NOT_KNOWN.);
#3691=PRODUCT_RELATED_PRODUCT_CATEGORY('','',(#3692));
#3692=PRODUCT('\X2\77F368C96A6180F657AB7247\X0\_\X2\51F951F89762578B\X0\ 
GBT9126.3-2023','\X2\77F368C96A6180F657AB7247\X0\_\X2\51F951F89762578B\X0\ 
GBT9126.3-2023','\X2\77F368C96A6180F657AB7247\X0\_\X2\51F951F89762578B\X0\ 
GBT9126.3-2023',(#3694));
#3693=PRODUCT_CATEGORY('','');
#3694=PRODUCT_CONTEXT('',#3696,'mechanical');
#3695=APPLICATION_PROTOCOL_DEFINITION('international standard',
'automotive_design',2010,#3696);
#3696=APPLICATION_CONTEXT(
'core data for automotive mechanical design processes');
ENDSEC;
END-ISO-10303-21;
